ISO-10303-21;
HEADER;
FILE_DESCRIPTION(('Open CASCADE Model'),'2;1');
FILE_NAME('Open CASCADE Shape Model','2026-08-25T06:01:49',('Author'),(
    'Open CASCADE'),'Open CASCADE STEP processor 7.7','Open CASCADE 7.7'
  ,'Unknown');
FILE_SCHEMA(('AUTOMOTIVE_DESIGN { 1 0 10303 214 1 1 1 1 }'));
ENDSEC;
DATA;
#1 = APPLICATION_PROTOCOL_DEFINITION('international standard',
  'automotive_design',2000,#2);
#2 = APPLICATION_CONTEXT(
  'core data for automotive mechanical design processes');
#3 = SHAPE_DEFINITION_REPRESENTATION(#4,#10);
#4 = PRODUCT_DEFINITION_SHAPE('','',#5);
#5 = PRODUCT_DEFINITION('design','',#6,#9);
#6 = PRODUCT_DEFINITION_FORMATION('','',#7);
#7 = PRODUCT('Open CASCADE STEP translator 7.7 1',
  'Open CASCADE STEP translator 7.7 1','',(#8));
#8 = PRODUCT_CONTEXT('',#2,'mechanical');
#9 = PRODUCT_DEFINITION_CONTEXT('part definition',#2,'design');
#10 = ADVANCED_BREP_SHAPE_REPRESENTATION('',(#11,#15),#2313);
#11 = AXIS2_PLACEMENT_3D('',#12,#13,#14);
#12 = CARTESIAN_POINT('',(0.,0.,0.));
#13 = DIRECTION('',(0.,0.,1.));
#14 = DIRECTION('',(1.,0.,-0.));
#15 = MANIFOLD_SOLID_BREP('',#16);
#16 = CLOSED_SHELL('',(#17,#886,#913,#1179,#1491,#1497,#1554,#1684,#1766
    ,#1771,#1777,#1782,#1961,#2020,#2075,#2130,#2185,#2235,#2290,#2297,
    #2301,#2305,#2309));
#17 = ADVANCED_FACE('',(#18,#462),#35,.T.);
#18 = FACE_BOUND('',#19,.T.);
#19 = EDGE_LOOP('',(#20,#64,#88,#110,#134,#135,#136,#137,#169,#318));
#20 = ORIENTED_EDGE('',*,*,#21,.F.);
#21 = EDGE_CURVE('',#22,#24,#26,.T.);
#22 = VERTEX_POINT('',#23);
#23 = CARTESIAN_POINT('',(8.66070197051,-2.121260189311E-15,
    -0.169649014745));
#24 = VERTEX_POINT('',#25);
#25 = CARTESIAN_POINT('',(8.616461086439,-0.903394917647,-0.191769456781
    ));
#26 = SURFACE_CURVE('',#27,(#34,#49),.PCURVE_S1.);
#27 = B_SPLINE_CURVE_WITH_KNOTS('',5,(#28,#29,#30,#31,#32,#33),
  .UNSPECIFIED.,.F.,.F.,(6,6),(0.,1.),.PIECEWISE_BEZIER_KNOTS.);
#28 = CARTESIAN_POINT('',(8.66070197051,0.,-0.169649014745));
#29 = CARTESIAN_POINT('',(8.66070197051,-0.240929051546,-0.169649014745)
  );
#30 = CARTESIAN_POINT('',(8.652823119607,-0.481864674483,-0.173588440196
    ));
#31 = CARTESIAN_POINT('',(8.637064280281,-0.722311652993,-0.181467859859
    ));
#32 = CARTESIAN_POINT('',(8.613598810883,-0.961823593901,-0.193200594558
    ));
#33 = CARTESIAN_POINT('',(8.582735376419,-1.2,-0.208632311791));
#34 = PCURVE('',#35,#40);
#35 = TOROIDAL_SURFACE('',#36,10.,1.35);
#36 = AXIS2_PLACEMENT_3D('',#37,#38,#39);
#37 = CARTESIAN_POINT('',(0.,0.,0.));
#38 = DIRECTION('',(0.,0.,1.));
#39 = DIRECTION('',(1.,0.,-0.));
#40 = DEFINITIONAL_REPRESENTATION('',(#41),#48);
#41 = B_SPLINE_CURVE_WITH_KNOTS('',5,(#42,#43,#44,#45,#46,#47),
  .UNSPECIFIED.,.F.,.F.,(6,6),(0.,1.),.PIECEWISE_BEZIER_KNOTS.);
#42 = CARTESIAN_POINT('',(6.28318530718,3.267591714443));
#43 = CARTESIAN_POINT('',(6.255366655485,3.267591714443));
#44 = CARTESIAN_POINT('',(6.22754725665,3.270533060304));
#45 = CARTESIAN_POINT('',(6.199747381844,3.276416597275));
#46 = CARTESIAN_POINT('',(6.171981956436,3.28518707886));
#47 = CARTESIAN_POINT('',(6.144270259373,3.296756979579));
#48 = ( GEOMETRIC_REPRESENTATION_CONTEXT(2) 
PARAMETRIC_REPRESENTATION_CONTEXT() REPRESENTATION_CONTEXT('2D SPACE',''
  ) );
#49 = PCURVE('',#50,#55);
#50 = PLANE('',#51);
#51 = AXIS2_PLACEMENT_3D('',#52,#53,#54);
#52 = CARTESIAN_POINT('',(9.,0.,0.));
#53 = DIRECTION('',(-0.4472135955,0.,0.894427191));
#54 = DIRECTION('',(0.894427191,0.,0.4472135955));
#55 = DEFINITIONAL_REPRESENTATION('',(#56),#63);
#56 = B_SPLINE_CURVE_WITH_KNOTS('',5,(#57,#58,#59,#60,#61,#62),
  .UNSPECIFIED.,.F.,.F.,(6,6),(0.,1.),.PIECEWISE_BEZIER_KNOTS.);
#57 = CARTESIAN_POINT('',(-0.379346729286,0.));
#58 = CARTESIAN_POINT('',(-0.379346729286,-0.240929051546));
#59 = CARTESIAN_POINT('',(-0.388155552387,-0.481864674483));
#60 = CARTESIAN_POINT('',(-0.405774470377,-0.722311652993));
#61 = CARTESIAN_POINT('',(-0.432009662726,-0.961823593901));
#62 = CARTESIAN_POINT('',(-0.466516031467,-1.2));
#63 = ( GEOMETRIC_REPRESENTATION_CONTEXT(2) 
PARAMETRIC_REPRESENTATION_CONTEXT() REPRESENTATION_CONTEXT('2D SPACE',''
  ) );
#64 = ORIENTED_EDGE('',*,*,#65,.T.);
#65 = EDGE_CURVE('',#22,#66,#68,.T.);
#66 = VERTEX_POINT('',#67);
#67 = CARTESIAN_POINT('',(11.35,-2.779948234064E-15,-3.306546357698E-16)
  );
#68 = SEAM_CURVE('',#69,(#74,#81),.PCURVE_S1.);
#69 = CIRCLE('',#70,1.35);
#70 = AXIS2_PLACEMENT_3D('',#71,#72,#73);
#71 = CARTESIAN_POINT('',(10.,-2.449293598295E-15,0.));
#72 = DIRECTION('',(-2.449293598295E-16,-1.,0.));
#73 = DIRECTION('',(1.,-2.449293598295E-16,0.));
#74 = PCURVE('',#35,#75);
#75 = DEFINITIONAL_REPRESENTATION('',(#76),#80);
#76 = LINE('',#77,#78);
#77 = CARTESIAN_POINT('',(6.28318530718,0.));
#78 = VECTOR('',#79,1.);
#79 = DIRECTION('',(0.,1.));
#80 = ( GEOMETRIC_REPRESENTATION_CONTEXT(2) 
PARAMETRIC_REPRESENTATION_CONTEXT() REPRESENTATION_CONTEXT('2D SPACE',''
  ) );
#81 = PCURVE('',#35,#82);
#82 = DEFINITIONAL_REPRESENTATION('',(#83),#87);
#83 = LINE('',#84,#85);
#84 = CARTESIAN_POINT('',(6.28318530718,0.));
#85 = VECTOR('',#86,1.);
#86 = DIRECTION('',(0.,1.));
#87 = ( GEOMETRIC_REPRESENTATION_CONTEXT(2) 
PARAMETRIC_REPRESENTATION_CONTEXT() REPRESENTATION_CONTEXT('2D SPACE',''
  ) );
#88 = ORIENTED_EDGE('',*,*,#89,.F.);
#89 = EDGE_CURVE('',#66,#66,#90,.T.);
#90 = SEAM_CURVE('',#91,(#96,#103),.PCURVE_S1.);
#91 = CIRCLE('',#92,11.35);
#92 = AXIS2_PLACEMENT_3D('',#93,#94,#95);
#93 = CARTESIAN_POINT('',(0.,0.,-3.306546357698E-16));
#94 = DIRECTION('',(0.,0.,1.));
#95 = DIRECTION('',(1.,0.,-0.));
#96 = PCURVE('',#35,#97);
#97 = DEFINITIONAL_REPRESENTATION('',(#98),#102);
#98 = LINE('',#99,#100);
#99 = CARTESIAN_POINT('',(0.,6.28318530718));
#100 = VECTOR('',#101,1.);
#101 = DIRECTION('',(1.,0.));
#102 = ( GEOMETRIC_REPRESENTATION_CONTEXT(2) 
PARAMETRIC_REPRESENTATION_CONTEXT() REPRESENTATION_CONTEXT('2D SPACE',''
  ) );
#103 = PCURVE('',#35,#104);
#104 = DEFINITIONAL_REPRESENTATION('',(#105),#109);
#105 = LINE('',#106,#107);
#106 = CARTESIAN_POINT('',(0.,6.28318530718));
#107 = VECTOR('',#108,1.);
#108 = DIRECTION('',(1.,0.));
#109 = ( GEOMETRIC_REPRESENTATION_CONTEXT(2) 
PARAMETRIC_REPRESENTATION_CONTEXT() REPRESENTATION_CONTEXT('2D SPACE',''
  ) );
#110 = ORIENTED_EDGE('',*,*,#111,.T.);
#111 = EDGE_CURVE('',#66,#112,#114,.T.);
#112 = VERTEX_POINT('',#113);
#113 = CARTESIAN_POINT('',(9.49253776893,-1.284965279365E-15,
    1.25099243964));
#114 = SEAM_CURVE('',#115,(#120,#127),.PCURVE_S1.);
#115 = CIRCLE('',#116,1.35);
#116 = AXIS2_PLACEMENT_3D('',#117,#118,#119);
#117 = CARTESIAN_POINT('',(10.,-2.449293598295E-15,0.));
#118 = DIRECTION('',(-2.449293598295E-16,-1.,0.));
#119 = DIRECTION('',(1.,-2.449293598295E-16,0.));
#120 = PCURVE('',#35,#121);
#121 = DEFINITIONAL_REPRESENTATION('',(#122),#126);
#122 = LINE('',#123,#124);
#123 = CARTESIAN_POINT('',(0.,6.28318530718));
#124 = VECTOR('',#125,1.);
#125 = DIRECTION('',(0.,1.));
#126 = ( GEOMETRIC_REPRESENTATION_CONTEXT(2) 
PARAMETRIC_REPRESENTATION_CONTEXT() REPRESENTATION_CONTEXT('2D SPACE',''
  ) );
#127 = PCURVE('',#35,#128);
#128 = DEFINITIONAL_REPRESENTATION('',(#129),#133);
#129 = LINE('',#130,#131);
#130 = CARTESIAN_POINT('',(0.,6.28318530718));
#131 = VECTOR('',#132,1.);
#132 = DIRECTION('',(0.,1.));
#133 = ( GEOMETRIC_REPRESENTATION_CONTEXT(2) 
PARAMETRIC_REPRESENTATION_CONTEXT() REPRESENTATION_CONTEXT('2D SPACE',''
  ) );
#134 = ORIENTED_EDGE('',*,*,#111,.F.);
#135 = ORIENTED_EDGE('',*,*,#89,.T.);
#136 = ORIENTED_EDGE('',*,*,#65,.F.);
#137 = ORIENTED_EDGE('',*,*,#138,.T.);
#138 = EDGE_CURVE('',#22,#139,#141,.T.);
#139 = VERTEX_POINT('',#140);
#140 = CARTESIAN_POINT('',(8.616461086439,0.903394917647,-0.191769456781
    ));
#141 = SURFACE_CURVE('',#142,(#149,#159),.PCURVE_S1.);
#142 = B_SPLINE_CURVE_WITH_KNOTS('',5,(#143,#144,#145,#146,#147,#148),
  .UNSPECIFIED.,.F.,.F.,(6,6),(0.,1.),.PIECEWISE_BEZIER_KNOTS.);
#143 = CARTESIAN_POINT('',(8.66070197051,0.,-0.169649014745));
#144 = CARTESIAN_POINT('',(8.66070197051,0.240929034815,-0.169649014745)
  );
#145 = CARTESIAN_POINT('',(8.652823120462,0.481864713748,-0.173588439769
    ));
#146 = CARTESIAN_POINT('',(8.637064274989,0.722311677601,-0.181467862506
    ));
#147 = CARTESIAN_POINT('',(8.613598814463,0.961823566275,-0.193200592768
    ));
#148 = CARTESIAN_POINT('',(8.582735376419,1.2,-0.208632311791));
#149 = PCURVE('',#35,#150);
#150 = DEFINITIONAL_REPRESENTATION('',(#151),#158);
#151 = B_SPLINE_CURVE_WITH_KNOTS('',5,(#152,#153,#154,#155,#156,#157),
  .UNSPECIFIED.,.F.,.F.,(6,6),(0.,1.),.PIECEWISE_BEZIER_KNOTS.);
#152 = CARTESIAN_POINT('',(6.28318530718,3.267591714443));
#153 = CARTESIAN_POINT('',(6.311003956942,3.267591714443));
#154 = CARTESIAN_POINT('',(6.338823362216,3.270533059897));
#155 = CARTESIAN_POINT('',(6.366623235404,3.276416599323));
#156 = CARTESIAN_POINT('',(6.394388654709,3.285187077518));
#157 = CARTESIAN_POINT('',(6.422100354987,3.296756979579));
#158 = ( GEOMETRIC_REPRESENTATION_CONTEXT(2) 
PARAMETRIC_REPRESENTATION_CONTEXT() REPRESENTATION_CONTEXT('2D SPACE',''
  ) );
#159 = PCURVE('',#50,#160);
#160 = DEFINITIONAL_REPRESENTATION('',(#161),#168);
#161 = B_SPLINE_CURVE_WITH_KNOTS('',5,(#162,#163,#164,#165,#166,#167),
  .UNSPECIFIED.,.F.,.F.,(6,6),(0.,1.),.PIECEWISE_BEZIER_KNOTS.);
#162 = CARTESIAN_POINT('',(-0.379346729286,0.));
#163 = CARTESIAN_POINT('',(-0.379346729286,0.240929034815));
#164 = CARTESIAN_POINT('',(-0.388155551431,0.481864713748));
#165 = CARTESIAN_POINT('',(-0.405774476294,0.722311677601));
#166 = CARTESIAN_POINT('',(-0.432009658723,0.961823566275));
#167 = CARTESIAN_POINT('',(-0.466516031467,1.2));
#168 = ( GEOMETRIC_REPRESENTATION_CONTEXT(2) 
PARAMETRIC_REPRESENTATION_CONTEXT() REPRESENTATION_CONTEXT('2D SPACE',''
  ) );
#169 = ORIENTED_EDGE('',*,*,#170,.F.);
#170 = EDGE_CURVE('',#112,#139,#171,.T.);
#171 = SURFACE_CURVE('',#172,(#217,#265),.PCURVE_S1.);
#172 = B_SPLINE_CURVE_WITH_KNOTS('',7,(#173,#174,#175,#176,#177,#178,
    #179,#180,#181,#182,#183,#184,#185,#186,#187,#188,#189,#190,#191,
    #192,#193,#194,#195,#196,#197,#198,#199,#200,#201,#202,#203,#204,
    #205,#206,#207,#208,#209,#210,#211,#212,#213,#214,#215,#216),
  .UNSPECIFIED.,.F.,.F.,(8,6,6,6,6,6,6,8),(0.,0.23738091364,
    0.355096155094,0.466423777219,0.607115972335,0.680474810273,
    0.917981522083,1.),.UNSPECIFIED.);
#173 = CARTESIAN_POINT('',(9.49253776893,0.,1.25099243964));
#174 = CARTESIAN_POINT('',(9.49253776893,8.85923001145E-02,1.25099243964
    ));
#175 = CARTESIAN_POINT('',(9.483863942117,0.177202776595,1.247865068741)
  );
#176 = CARTESIAN_POINT('',(9.466509558097,0.264347173352,1.241608920004)
  );
#177 = CARTESIAN_POINT('',(9.440993259986,0.348700136133,1.232047542924)
  );
#178 = CARTESIAN_POINT('',(9.408198849186,0.429128303029,1.218786155128)
  );
#179 = CARTESIAN_POINT('',(9.369236918151,0.504677180093,1.201368433046)
  );
#180 = CARTESIAN_POINT('',(9.303603980823,0.609257576659,1.168460247216)
  );
#181 = CARTESIAN_POINT('',(9.280635431451,0.642544473263,1.156423109023)
  );
#182 = CARTESIAN_POINT('',(9.256606402909,0.674359159969,1.143204987273)
  );
#183 = CARTESIAN_POINT('',(9.231677737348,0.704619344957,1.128755181486)
  );
#184 = CARTESIAN_POINT('',(9.206018484152,0.733252963054,1.113029392436)
  );
#185 = CARTESIAN_POINT('',(9.179803856421,0.760200244217,1.095993834653)
  );
#186 = CARTESIAN_POINT('',(9.128065416376,0.809263041134,1.060261381103)
  );
#187 = CARTESIAN_POINT('',(9.10258043224,0.831562251824,1.041704252554)
  );
#188 = CARTESIAN_POINT('',(9.076912215368,0.852272438915,1.021943309469)
  );
#189 = CARTESIAN_POINT('',(9.051216291885,0.871367092319,1.000975428289)
  );
#190 = CARTESIAN_POINT('',(9.025646709906,0.888834966552,0.978811073765)
  );
#191 = CARTESIAN_POINT('',(9.00035301571,0.904680880269,0.955476357002)
  );
#192 = CARTESIAN_POINT('',(8.944040028221,0.936929682403,0.900101751508)
  );
#193 = CARTESIAN_POINT('',(8.913264218279,0.952380426719,0.867383256572)
  );
#194 = CARTESIAN_POINT('',(8.883441040383,0.965318216089,0.832950526149)
  );
#195 = CARTESIAN_POINT('',(8.854822363737,0.975837993579,0.796921780446)
  );
#196 = CARTESIAN_POINT('',(8.827615786468,0.984075195475,0.759436879374)
  );
#197 = CARTESIAN_POINT('',(8.801984419402,0.990193481209,0.720651431223)
  );
#198 = CARTESIAN_POINT('',(8.765572325222,0.996555568456,0.659915442881)
  );
#199 = CARTESIAN_POINT('',(8.753553794989,0.998209657109,0.638789525679)
  );
#200 = CARTESIAN_POINT('',(8.742012451918,0.999363298526,0.617374749769)
  );
#201 = CARTESIAN_POINT('',(8.730961658718,1.000043523277,0.595692619279)
  );
#202 = CARTESIAN_POINT('',(8.72041184406,1.000278121515,0.573764092058)
  );
#203 = CARTESIAN_POINT('',(8.710370894834,1.000095228881,0.551609357568)
  );
#204 = CARTESIAN_POINT('',(8.670002031305,0.997669979541,0.456849194227)
  );
#205 = CARTESIAN_POINT('',(8.644572253976,0.991735895133,0.382324046951)
  );
#206 = CARTESIAN_POINT('',(8.62470855948,0.982683729827,0.306262435575)
  );
#207 = CARTESIAN_POINT('',(8.610384511125,0.971443474218,0.229186048419)
  );
#208 = CARTESIAN_POINT('',(8.601491519572,0.958883801287,0.151531280025)
  );
#209 = CARTESIAN_POINT('',(8.597909355421,0.945801894073,
    7.364530673056E-02));
#210 = CARTESIAN_POINT('',(8.600115956702,0.928486734163,
    -3.108919732859E-02));
#211 = CARTESIAN_POINT('',(8.601305083264,0.924067744769,
    -5.796579050295E-02));
#212 = CARTESIAN_POINT('',(8.603113081904,0.919705060324,
    -8.48218130183E-02));
#213 = CARTESIAN_POINT('',(8.605536230118,0.915428332402,-0.111643971832
    ));
#214 = CARTESIAN_POINT('',(8.608570927958,0.911266174199,-0.138418690063
    ));
#215 = CARTESIAN_POINT('',(8.612213698032,0.907246160528,-0.165132106994
    ));
#216 = CARTESIAN_POINT('',(8.616461185504,0.903394827821,-0.191770078068
    ));
#217 = PCURVE('',#35,#218);
#218 = DEFINITIONAL_REPRESENTATION('',(#219),#264);
#219 = B_SPLINE_CURVE_WITH_KNOTS('',7,(#220,#221,#222,#223,#224,#225,
    #226,#227,#228,#229,#230,#231,#232,#233,#234,#235,#236,#237,#238,
    #239,#240,#241,#242,#243,#244,#245,#246,#247,#248,#249,#250,#251,
    #252,#253,#254,#255,#256,#257,#258,#259,#260,#261,#262,#263),
  .UNSPECIFIED.,.F.,.F.,(8,6,6,6,6,6,6,8),(0.,0.23738091364,
    0.355096155094,0.466423777219,0.607115972335,0.680474810273,
    0.917981522083,1.),.UNSPECIFIED.);
#220 = CARTESIAN_POINT('',(6.28318530718,1.956161926572));
#221 = CARTESIAN_POINT('',(6.292518143379,1.956161926572));
#222 = CARTESIAN_POINT('',(6.301852895712,1.962324445836));
#223 = CARTESIAN_POINT('',(6.311066355494,1.974653943152));
#224 = CARTESIAN_POINT('',(6.320052166641,1.992902810837));
#225 = CARTESIAN_POINT('',(6.328715089938,2.016678823109));
#226 = CARTESIAN_POINT('',(6.336965840477,2.045540401269));
#227 = CARTESIAN_POINT('',(6.348570064668,2.095632513093));
#228 = CARTESIAN_POINT('',(6.35229606266,2.113377671555));
#229 = CARTESIAN_POINT('',(6.355891583152,2.132207717408));
#230 = CARTESIAN_POINT('',(6.359347026268,2.152066429001));
#231 = CARTESIAN_POINT('',(6.362653110237,2.172895512896));
#232 = CARTESIAN_POINT('',(6.365801142515,2.194634139904));
#233 = CARTESIAN_POINT('',(6.371603618011,2.238577321095));
#234 = CARTESIAN_POINT('',(6.374275677624,2.260693292832));
#235 = CARTESIAN_POINT('',(6.376792575644,2.283510079467));
#236 = CARTESIAN_POINT('',(6.379148441563,2.306969941325));
#237 = CARTESIAN_POINT('',(6.381338677607,2.331013263239));
#238 = CARTESIAN_POINT('',(6.383360207881,2.355578101861));
#239 = CARTESIAN_POINT('',(6.387551617272,2.412221249191));
#240 = CARTESIAN_POINT('',(6.389620428062,2.444578319583));
#241 = CARTESIAN_POINT('',(6.391415036909,2.477536406903));
#242 = CARTESIAN_POINT('',(6.392938459975,2.510972196815));
#243 = CARTESIAN_POINT('',(6.394198916942,2.544774225848));
#244 = CARTESIAN_POINT('',(6.395208889663,2.578842237259));
#245 = CARTESIAN_POINT('',(6.39638841953,2.630940048514));
#246 = CARTESIAN_POINT('',(6.396728897491,2.648844155303));
#247 = CARTESIAN_POINT('',(6.397007857969,2.666786013895));
#248 = CARTESIAN_POINT('',(6.397227779552,2.684755533907));
#249 = CARTESIAN_POINT('',(6.397391320061,2.702744027712));
#250 = CARTESIAN_POINT('',(6.397501266197,2.720744132277));
#251 = CARTESIAN_POINT('',(6.397752204236,2.797044691332));
#252 = CARTESIAN_POINT('',(6.397412040147,2.855362393018));
#253 = CARTESIAN_POINT('',(6.396638829915,2.913549595146));
#254 = CARTESIAN_POINT('',(6.395536468045,2.971547171465));
#255 = CARTESIAN_POINT('',(6.394207412199,3.029358900468));
#256 = CARTESIAN_POINT('',(6.392748454856,3.087040299815));
#257 = CARTESIAN_POINT('',(6.390730867172,3.164621790292));
#258 = CARTESIAN_POINT('',(6.39020816238,3.18453192715));
#259 = CARTESIAN_POINT('',(6.389684387263,3.204441148614));
#260 = CARTESIAN_POINT('',(6.389163154213,3.22435249201));
#261 = CARTESIAN_POINT('',(6.388647945328,3.24426879902));
#262 = CARTESIAN_POINT('',(6.388142112415,3.26419271568));
#263 = CARTESIAN_POINT('',(6.38764887699,3.284126692384));
#264 = ( GEOMETRIC_REPRESENTATION_CONTEXT(2) 
PARAMETRIC_REPRESENTATION_CONTEXT() REPRESENTATION_CONTEXT('2D SPACE',''
  ) );
#265 = PCURVE('',#266,#271);
#266 = CYLINDRICAL_SURFACE('',#267,1.);
#267 = AXIS2_PLACEMENT_3D('',#268,#269,#270);
#268 = CARTESIAN_POINT('',(9.,0.,0.));
#269 = DIRECTION('',(-0.4472135955,0.,0.894427191));
#270 = DIRECTION('',(0.894427191,0.,0.4472135955));
#271 = DEFINITIONAL_REPRESENTATION('',(#272),#317);
#272 = B_SPLINE_CURVE_WITH_KNOTS('',7,(#273,#274,#275,#276,#277,#278,
    #279,#280,#281,#282,#283,#284,#285,#286,#287,#288,#289,#290,#291,
    #292,#293,#294,#295,#296,#297,#298,#299,#300,#301,#302,#303,#304,
    #305,#306,#307,#308,#309,#310,#311,#312,#313,#314,#315,#316),
  .UNSPECIFIED.,.F.,.F.,(8,6,6,6,6,6,6,8),(0.,0.23738091364,
    0.355096155094,0.466423777219,0.607115972335,0.680474810273,
    0.917981522083,1.),.UNSPECIFIED.);
#273 = CARTESIAN_POINT('',(0.,0.898652067187));
#274 = CARTESIAN_POINT('',(8.85923001145E-02,0.898652067187));
#275 = CARTESIAN_POINT('',(0.177202704224,0.899733914894));
#276 = CARTESIAN_POINT('',(0.265483175325,0.901899361828));
#277 = CARTESIAN_POINT('',(0.353244265142,0.904758641606));
#278 = CARTESIAN_POINT('',(0.440349501665,0.907563402137));
#279 = CARTESIAN_POINT('',(0.526681286696,0.909408823167));
#280 = CARTESIAN_POINT('',(0.654461112072,0.90932678884));
#281 = CARTESIAN_POINT('',(0.696601861232,0.908832292687));
#282 = CARTESIAN_POINT('',(0.738510149722,0.907755753431));
#283 = CARTESIAN_POINT('',(0.780167637734,0.905979892386));
#284 = CARTESIAN_POINT('',(0.821550697437,0.90338948594));
#285 = CARTESIAN_POINT('',(0.862629578688,0.899875957767));
#286 = CARTESIAN_POINT('',(0.941894992052,0.891054013509));
#287 = CARTESIAN_POINT('',(0.980118790536,0.885853244535));
#288 = CARTESIAN_POINT('',(1.018004019691,0.879657695277));
#289 = CARTESIAN_POINT('',(1.055512870543,0.872395018542));
#290 = CARTESIAN_POINT('',(1.092604199185,0.864005681877));
#291 = CARTESIAN_POINT('',(1.129233050308,0.854446160636));
#292 = CARTESIAN_POINT('',(1.210993824807,0.830101541399));
#293 = CARTESIAN_POINT('',(1.255828927158,0.814600590498));
#294 = CARTESIAN_POINT('',(1.299749777666,0.797140350763));
#295 = CARTESIAN_POINT('',(1.342668427607,0.77771392223));
#296 = CARTESIAN_POINT('',(1.384508370166,0.756353558701));
#297 = CARTESIAN_POINT('',(1.425200619277,0.733125495082));
#298 = CARTESIAN_POINT('',(1.485268416925,0.695085559196));
#299 = CARTESIAN_POINT('',(1.505527494954,0.681564814534));
#300 = CARTESIAN_POINT('',(1.525451879607,0.667572302203));
#301 = CARTESIAN_POINT('',(1.545035170347,0.653121280094));
#302 = CARTESIAN_POINT('',(1.564271902427,0.638225829633));
#303 = CARTESIAN_POINT('',(1.583157341967,0.622900481702));
#304 = CARTESIAN_POINT('',(1.661679846647,0.556197919591));
#305 = CARTESIAN_POINT('',(1.71791010462,0.500913143606));
#306 = CARTESIAN_POINT('',(1.770300176163,0.441764884435));
#307 = CARTESIAN_POINT('',(1.818764753615,0.379231577146));
#308 = CARTESIAN_POINT('',(1.86318154409,0.313752107511));
#309 = CARTESIAN_POINT('',(1.903376302064,0.245690767709));
#310 = CARTESIAN_POINT('',(1.951466711393,0.151026557349));
#311 = CARTESIAN_POINT('',(1.963279072704,0.126455608047));
#312 = CARTESIAN_POINT('',(1.974549103594,0.101626289695));
#313 = CARTESIAN_POINT('',(1.985265625429,7.655215670546E-02));
#314 = CARTESIAN_POINT('',(1.995416712184,5.124696255573E-02));
#315 = CARTESIAN_POINT('',(2.004989690443,2.572465978599E-02));
#316 = CARTESIAN_POINT('',(2.013971139398,-6.E-07));
#317 = ( GEOMETRIC_REPRESENTATION_CONTEXT(2) 
PARAMETRIC_REPRESENTATION_CONTEXT() REPRESENTATION_CONTEXT('2D SPACE',''
  ) );
#318 = ORIENTED_EDGE('',*,*,#319,.T.);
#319 = EDGE_CURVE('',#112,#24,#320,.T.);
#320 = SURFACE_CURVE('',#321,(#366,#414),.PCURVE_S1.);
#321 = B_SPLINE_CURVE_WITH_KNOTS('',7,(#322,#323,#324,#325,#326,#327,
    #328,#329,#330,#331,#332,#333,#334,#335,#336,#337,#338,#339,#340,
    #341,#342,#343,#344,#345,#346,#347,#348,#349,#350,#351,#352,#353,
    #354,#355,#356,#357,#358,#359,#360,#361,#362,#363,#364,#365),
  .UNSPECIFIED.,.F.,.F.,(8,6,6,6,6,6,6,8),(0.,0.240364132645,
    0.35736555258,0.46836430342,0.608910586452,0.678598234262,
    0.917376499959,1.),.UNSPECIFIED.);
#322 = CARTESIAN_POINT('',(9.49253776893,0.,1.25099243964));
#323 = CARTESIAN_POINT('',(9.49253776893,-8.969980321672E-02,
    1.25099243964));
#324 = CARTESIAN_POINT('',(9.483645720779,-0.179422644842,1.24778638896)
  );
#325 = CARTESIAN_POINT('',(9.465853065434,-0.267624866008,1.241372275254
    ));
#326 = CARTESIAN_POINT('',(9.4397052039,-0.352931119619,1.231564679355)
  );
#327 = CARTESIAN_POINT('',(9.406129554163,-0.434169248768,1.217948201658
    ));
#328 = CARTESIAN_POINT('',(9.366288031273,-0.510355840929,1.200046856081
    ));
#329 = CARTESIAN_POINT('',(9.299681817916,-0.614964069341,1.166406735143
    ));
#330 = CARTESIAN_POINT('',(9.276697498234,-0.64783641385,1.154272022852)
  );
#331 = CARTESIAN_POINT('',(9.25268451788,-0.679244506329,1.140964573071)
  );
#332 = CARTESIAN_POINT('',(9.227801592705,-0.709108479343,1.126435119841
    ));
#333 = CARTESIAN_POINT('',(9.202215351867,-0.737358531651,1.110640935914
    ));
#334 = CARTESIAN_POINT('',(9.176098331592,-0.763936981152,1.093549842464
    ));
#335 = CARTESIAN_POINT('',(9.124513699472,-0.812388059849,1.057682881688
    ));
#336 = CARTESIAN_POINT('',(9.099080592553,-0.834433044826,1.039037859007
    ));
#337 = CARTESIAN_POINT('',(9.073480555601,-0.854895595155,1.019195635674
    ));
#338 = CARTESIAN_POINT('',(9.04786776531,-0.873750545106,0.998154229583)
  );
#339 = CARTESIAN_POINT('',(9.022394679265,-0.890987962244,0.97592516026)
  );
#340 = CARTESIAN_POINT('',(8.997209047568,-0.906613868858,0.952535417528
    ));
#341 = CARTESIAN_POINT('',(8.941102263757,-0.938424690095,0.897000023008
    ));
#342 = CARTESIAN_POINT('',(8.910433027458,-0.95365446652,0.864175082539)
  );
#343 = CARTESIAN_POINT('',(8.880731957995,-0.966382227404,0.829647134191
    ));
#344 = CARTESIAN_POINT('',(8.852247973463,-0.976704974331,0.793535548581
    ));
#345 = CARTESIAN_POINT('',(8.825185569845,-0.98475963654,0.755980739845)
  );
#346 = CARTESIAN_POINT('',(8.799704854008,-0.99071074705,0.717138205676)
  );
#347 = CARTESIAN_POINT('',(8.764135942319,-0.996739238515,0.657356002008
    ));
#348 = CARTESIAN_POINT('',(8.752763046857,-0.998265455683,0.637261624197
    ));
#349 = CARTESIAN_POINT('',(8.741821554522,-0.999341849101,0.616907966001
    ));
#350 = CARTESIAN_POINT('',(8.731322811038,-0.999991613236,0.596313438087
    ));
#351 = CARTESIAN_POINT('',(8.721275778532,-1.000238552667,0.575495999473
    ));
#352 = CARTESIAN_POINT('',(8.711687339645,-1.000106761226,0.55447298556)
  );
#353 = CARTESIAN_POINT('',(8.671297532654,-0.997953490715,0.460579815104
    ));
#354 = CARTESIAN_POINT('',(8.645494440009,-0.992123409583,0.385720614149
    ));
#355 = CARTESIAN_POINT('',(8.625318204754,-0.983108446305,0.309288731652
    ));
#356 = CARTESIAN_POINT('',(8.610744895588,-0.971856260099,0.231819264948
    ));
#357 = CARTESIAN_POINT('',(8.601663979534,-0.95925158711,0.153758509082)
  );
#358 = CARTESIAN_POINT('',(8.597952454007,-0.94610488124,
    7.545908857691E-02));
#359 = CARTESIAN_POINT('',(8.600063623529,-0.928683142677,
    -2.98948634223E-02));
#360 = CARTESIAN_POINT('',(8.601238468513,-0.924229343437,
    -5.697127070851E-02));
#361 = CARTESIAN_POINT('',(8.603041498787,-0.919831795571,
    -8.402720252285E-02));
#362 = CARTESIAN_POINT('',(8.605468904817,-0.915520835246,
    -0.111049071628));
#363 = CARTESIAN_POINT('',(8.608517003962,-0.911325731072,
    -0.138023000638));
#364 = CARTESIAN_POINT('',(8.612182240475,-0.9072746841,-0.164934822014)
  );
#365 = CARTESIAN_POINT('',(8.616461185504,-0.903394827821,
    -0.191770078068));
#366 = PCURVE('',#35,#367);
#367 = DEFINITIONAL_REPRESENTATION('',(#368),#413);
#368 = B_SPLINE_CURVE_WITH_KNOTS('',7,(#369,#370,#371,#372,#373,#374,
    #375,#376,#377,#378,#379,#380,#381,#382,#383,#384,#385,#386,#387,
    #388,#389,#390,#391,#392,#393,#394,#395,#396,#397,#398,#399,#400,
    #401,#402,#403,#404,#405,#406,#407,#408,#409,#410,#411,#412),
  .UNSPECIFIED.,.F.,.F.,(8,6,6,6,6,6,6,8),(0.,0.240364132645,
    0.35736555258,0.46836430342,0.608910586452,0.678598234262,
    0.917376499959,1.),.UNSPECIFIED.);
#369 = CARTESIAN_POINT('',(6.28318530718,1.956161926572));
#370 = CARTESIAN_POINT('',(6.273735800061,1.956161926572));
#371 = CARTESIAN_POINT('',(6.264283864602,1.96247948506));
#372 = CARTESIAN_POINT('',(6.254957708414,1.975120350785));
#373 = CARTESIAN_POINT('',(6.245867673931,1.993824069309));
#374 = CARTESIAN_POINT('',(6.237112407632,2.018179460611));
#375 = CARTESIAN_POINT('',(6.228784320217,2.047726041894));
#376 = CARTESIAN_POINT('',(6.217162010228,2.098661967097));
#377 = CARTESIAN_POINT('',(6.213477452755,2.116457238574));
#378 = CARTESIAN_POINT('',(6.209922930366,2.135317582953));
#379 = CARTESIAN_POINT('',(6.20650784291,2.155187633069));
#380 = CARTESIAN_POINT('',(6.203241268967,2.176009957828));
#381 = CARTESIAN_POINT('',(6.200131695012,2.197724579953));
#382 = CARTESIAN_POINT('',(6.194392882597,2.241655809105));
#383 = CARTESIAN_POINT('',(6.191747079718,2.263790255852));
#384 = CARTESIAN_POINT('',(6.189256110582,2.286615745523));
#385 = CARTESIAN_POINT('',(6.186925706946,2.310074822229));
#386 = CARTESIAN_POINT('',(6.18476031743,2.334108227643));
#387 = CARTESIAN_POINT('',(6.182762867267,2.358654466018));
#388 = CARTESIAN_POINT('',(6.178619467794,2.415297840085));
#389 = CARTESIAN_POINT('',(6.176575091963,2.44767159592));
#390 = CARTESIAN_POINT('',(6.174804221117,2.480636641589));
#391 = CARTESIAN_POINT('',(6.173303560807,2.514070454617));
#392 = CARTESIAN_POINT('',(6.172064654033,2.54786255865));
#393 = CARTESIAN_POINT('',(6.171074839618,2.58191385959));
#394 = CARTESIAN_POINT('',(6.169943041975,2.633102627955));
#395 = CARTESIAN_POINT('',(6.169625171719,2.650113760235));
#396 = CARTESIAN_POINT('',(6.169362648778,2.667158340863));
#397 = CARTESIAN_POINT('',(6.169153342163,2.684227772847));
#398 = CARTESIAN_POINT('',(6.16899497589,2.701314601941));
#399 = CARTESIAN_POINT('',(6.168885168002,2.718412456046));
#400 = CARTESIAN_POINT('',(6.168603212862,2.794119639777));
#401 = CARTESIAN_POINT('',(6.16892644362,2.852756542879));
#402 = CARTESIAN_POINT('',(6.169691071353,2.911264626382));
#403 = CARTESIAN_POINT('',(6.170791394831,2.969580232859));
#404 = CARTESIAN_POINT('',(6.17212312924,3.027705495607));
#405 = CARTESIAN_POINT('',(6.173587872662,3.085696908215));
#406 = CARTESIAN_POINT('',(6.175616521329,3.16373704187));
#407 = CARTESIAN_POINT('',(6.176143055117,3.183794673232));
#408 = CARTESIAN_POINT('',(6.176670783605,3.20385128512));
#409 = CARTESIAN_POINT('',(6.17719601102,3.223909985367));
#410 = CARTESIAN_POINT('',(6.177715175475,3.243973681657));
#411 = CARTESIAN_POINT('',(6.178224848966,3.264045081531));
#412 = CARTESIAN_POINT('',(6.178721737369,3.284126692384));
#413 = ( GEOMETRIC_REPRESENTATION_CONTEXT(2) 
PARAMETRIC_REPRESENTATION_CONTEXT() REPRESENTATION_CONTEXT('2D SPACE',''
  ) );
#414 = PCURVE('',#266,#415);
#415 = DEFINITIONAL_REPRESENTATION('',(#416),#461);
#416 = B_SPLINE_CURVE_WITH_KNOTS('',7,(#417,#418,#419,#420,#421,#422,
    #423,#424,#425,#426,#427,#428,#429,#430,#431,#432,#433,#434,#435,
    #436,#437,#438,#439,#440,#441,#442,#443,#444,#445,#446,#447,#448,
    #449,#450,#451,#452,#453,#454,#455,#456,#457,#458,#459,#460),
  .UNSPECIFIED.,.F.,.F.,(8,6,6,6,6,6,6,8),(0.,0.240364132645,
    0.35736555258,0.46836430342,0.608910586452,0.678598234262,
    0.917376499959,1.),.UNSPECIFIED.);
#417 = CARTESIAN_POINT('',(6.28318530718,0.898652067187));
#418 = CARTESIAN_POINT('',(6.193485503963,0.898652067187));
#419 = CARTESIAN_POINT('',(6.103762737231,0.899761133108));
#420 = CARTESIAN_POINT('',(6.014381285717,0.901981292773));
#421 = CARTESIAN_POINT('',(5.925537005618,0.904902791494));
#422 = CARTESIAN_POINT('',(5.83737071995,0.907739330636));
#423 = CARTESIAN_POINT('',(5.750003615653,0.909545551099));
#424 = CARTESIAN_POINT('',(5.621509117782,0.909244116381));
#425 = CARTESIAN_POINT('',(5.579657803659,0.908669399998));
#426 = CARTESIAN_POINT('',(5.538038241509,0.907505786354));
#427 = CARTESIAN_POINT('',(5.496668890626,0.905638230749));
#428 = CARTESIAN_POINT('',(5.455573481505,0.902953997946));
#429 = CARTESIAN_POINT('',(5.414781817526,0.899347145781));
#430 = CARTESIAN_POINT('',(5.335954655962,0.890336109607));
#431 = CARTESIAN_POINT('',(5.297883787285,0.885033525534));
#432 = CARTESIAN_POINT('',(5.260153125372,0.878734786026));
#433 = CARTESIAN_POINT('',(5.222800541085,0.871369168318));
#434 = CARTESIAN_POINT('',(5.185867092786,0.862878794683));
#435 = CARTESIAN_POINT('',(5.149397497758,0.853221729699));
#436 = CARTESIAN_POINT('',(5.067912092882,0.828641079298));
#437 = CARTESIAN_POINT('',(5.023196937615,0.812997259436));
#438 = CARTESIAN_POINT('',(4.979400339107,0.795397245649));
#439 = CARTESIAN_POINT('',(4.936609548578,0.775836486706));
#440 = CARTESIAN_POINT('',(4.894900222828,0.754349119444));
#441 = CARTESIAN_POINT('',(4.854340375469,0.731002623261));
#442 = CARTESIAN_POINT('',(4.795481617363,0.693438695648));
#443 = CARTESIAN_POINT('',(4.776267352444,0.680551851218));
#444 = CARTESIAN_POINT('',(4.757355503839,0.667240170018));
#445 = CARTESIAN_POINT('',(4.738751527191,0.653515045088));
#446 = CARTESIAN_POINT('',(4.720460117936,0.639388531476));
#447 = CARTESIAN_POINT('',(4.702485370295,0.624873056426));
#448 = CARTESIAN_POINT('',(4.62433965449,0.558955322526));
#449 = CARTESIAN_POINT('',(4.567643471022,0.503538711532));
#450 = CARTESIAN_POINT('',(4.514825649157,0.444199044279));
#451 = CARTESIAN_POINT('',(4.46597358606,0.381425628778));
#452 = CARTESIAN_POINT('',(4.421210299747,0.315667075301));
#453 = CARTESIAN_POINT('',(4.380710812833,0.247293789237));
#454 = CARTESIAN_POINT('',(4.332243941649,0.152118206176));
#455 = CARTESIAN_POINT('',(4.320323873355,0.127374924616));
#456 = CARTESIAN_POINT('',(4.30895386407,0.102369023872));
#457 = CARTESIAN_POINT('',(4.298145322062,7.71143604137E-02));
#458 = CARTESIAN_POINT('',(4.287910427961,5.162499348126E-02));
#459 = CARTESIAN_POINT('',(4.278262134752,2.591518508373E-02));
#460 = CARTESIAN_POINT('',(4.269214167781,-6.E-07));
#461 = ( GEOMETRIC_REPRESENTATION_CONTEXT(2) 
PARAMETRIC_REPRESENTATION_CONTEXT() REPRESENTATION_CONTEXT('2D SPACE',''
  ) );
#462 = FACE_BOUND('',#463,.T.);
#463 = EDGE_LOOP('',(#464,#848));
#464 = ORIENTED_EDGE('',*,*,#465,.T.);
#465 = EDGE_CURVE('',#466,#468,#470,.T.);
#466 = VERTEX_POINT('',#467);
#467 = CARTESIAN_POINT('',(-8.616461086439,-0.903394917647,
    -0.191769456781));
#468 = VERTEX_POINT('',#469);
#469 = CARTESIAN_POINT('',(-8.616461086439,0.903394917647,
    -0.191769456781));
#470 = SURFACE_CURVE('',#471,(#565,#704),.PCURVE_S1.);
#471 = B_SPLINE_CURVE_WITH_KNOTS('',8,(#472,#473,#474,#475,#476,#477,
    #478,#479,#480,#481,#482,#483,#484,#485,#486,#487,#488,#489,#490,
    #491,#492,#493,#494,#495,#496,#497,#498,#499,#500,#501,#502,#503,
    #504,#505,#506,#507,#508,#509,#510,#511,#512,#513,#514,#515,#516,
    #517,#518,#519,#520,#521,#522,#523,#524,#525,#526,#527,#528,#529,
    #530,#531,#532,#533,#534,#535,#536,#537,#538,#539,#540,#541,#542,
    #543,#544,#545,#546,#547,#548,#549,#550,#551,#552,#553,#554,#555,
    #556,#557,#558,#559,#560,#561,#562,#563,#564),.UNSPECIFIED.,.F.,.F.,
  (9,7,7,7,7,7,7,7,7,7,7,7,7,9),(2.232669037936E-07,6.657103585456E-02,
    0.261494179857,0.321430512832,0.436403452425,0.527415954625,
    0.623766869741,1.,1.106590986601,1.197431961942,1.275949252373,
    1.369256976937,1.564011418849,1.632708458257),.UNSPECIFIED.);
#472 = CARTESIAN_POINT('',(-8.616461086439,-0.903394917647,
    -0.191769456781));
#473 = CARTESIAN_POINT('',(-8.61276882957,-0.906742817471,
    -0.168613528057));
#474 = CARTESIAN_POINT('',(-8.609524202872,-0.910215578561,
    -0.14540175109));
#475 = CARTESIAN_POINT('',(-8.606729262821,-0.91379694028,
    -0.122142795681));
#476 = CARTESIAN_POINT('',(-8.604386125317,-0.917470135424,
    -9.884519254442E-02));
#477 = CARTESIAN_POINT('',(-8.60249696568,-0.921217890215,
    -7.551733330229E-02));
#478 = CARTESIAN_POINT('',(-8.601064018653,-0.925022424306,
    -5.21674704886E-02));
#479 = CARTESIAN_POINT('',(-8.600089578397,-0.928865450779,
    -2.880371754727E-02));
#480 = CARTESIAN_POINT('',(-8.598072207196,-0.944038456787,
    6.299367681934E-02));
#481 = CARTESIAN_POINT('',(-8.6005200554,-0.955515013378,0.131451074366)
  );
#482 = CARTESIAN_POINT('',(-8.606975493059,-0.966693412203,0.19976922651
    ));
#483 = CARTESIAN_POINT('',(-8.617510700947,-0.977076846929,
    0.267738468653));
#484 = CARTESIAN_POINT('',(-8.632197536302,-0.986133127783,
    0.335104948917));
#485 = CARTESIAN_POINT('',(-8.651084012959,-0.993296276233,0.40157047529
    ));
#486 = CARTESIAN_POINT('',(-8.674163815983,-0.997972725153,
    0.466795649905));
#487 = CARTESIAN_POINT('',(-8.709694820753,-1.000037769258,
    0.549965735536));
#488 = CARTESIAN_POINT('',(-8.718436622529,-1.000230536591,
    0.569369377949));
#489 = CARTESIAN_POINT('',(-8.727560629424,-1.000112882073,0.588605197)
  );
#490 = CARTESIAN_POINT('',(-8.73706213527,-0.999667230323,0.607660679081
    ));
#491 = CARTESIAN_POINT('',(-8.746935207511,-0.998876130964,
    0.626522901315));
#492 = CARTESIAN_POINT('',(-8.757172540279,-0.997722414579,
    0.645178615214));
#493 = CARTESIAN_POINT('',(-8.767765307461,-0.996189348683,
    0.663614330341));
#494 = CARTESIAN_POINT('',(-8.799684287344,-0.990561340819,
    0.716732535096));
#495 = CARTESIAN_POINT('',(-8.821938225971,-0.985406047808,
    0.750794533297));
#496 = CARTESIAN_POINT('',(-8.845387394863,-0.978681046158,
    0.783898996127));
#497 = CARTESIAN_POINT('',(-8.869934308422,-0.970281885106,
    0.815947442003));
#498 = CARTESIAN_POINT('',(-8.895459780282,-0.9601171199,0.846848598146)
  );
#499 = CARTESIAN_POINT('',(-8.921822445685,-0.948112570055,
    0.876520632147));
#500 = CARTESIAN_POINT('',(-8.948859458224,-0.934216247561,
    0.904893321156));
#501 = CARTESIAN_POINT('',(-8.998180221931,-0.905886954884,
    0.953296669227));
#502 = CARTESIAN_POINT('',(-9.020283169442,-0.892167746472,
    0.973836355997));
#503 = CARTESIAN_POINT('',(-9.042608135734,-0.87723298128,0.993501972857
    ));
#504 = CARTESIAN_POINT('',(-9.065062319667,-0.861077762269,
    1.012275156447));
#505 = CARTESIAN_POINT('',(-9.087550323186,-0.843705335755,
    1.030145645344));
#506 = CARTESIAN_POINT('',(-9.109975287801,-0.825126783266,
    1.047110499218));
#507 = CARTESIAN_POINT('',(-9.132240031072,-0.805360713392,
    1.063173317989));
#508 = CARTESIAN_POINT('',(-9.17754724132,-0.762277658975,1.094403421157
    ));
#509 = CARTESIAN_POINT('',(-9.200559447359,-0.738819689245,
    1.109463361204));
#510 = CARTESIAN_POINT('',(-9.223172157982,-0.714087778932,
    1.123535540897));
#511 = CARTESIAN_POINT('',(-9.245274822666,-0.688117875217,
    1.136639545152));
#512 = CARTESIAN_POINT('',(-9.266759754535,-0.660952360445,
    1.148800729867));
#513 = CARTESIAN_POINT('',(-9.287522901303,-0.632639274592,1.16004866775
    ));
#514 = CARTESIAN_POINT('',(-9.307464616206,-0.603231537739,
    1.170415594145));
#515 = CARTESIAN_POINT('',(-9.400782832648,-0.453902454231,
    1.217105859508));
#516 = CARTESIAN_POINT('',(-9.46177036116,-0.318140847335,1.241681652427
    ));
#517 = CARTESIAN_POINT('',(-9.502491221993,-0.169836938052,
    1.254809868486));
#518 = CARTESIAN_POINT('',(-9.518181992239,-1.484019705251E-02,
    1.259117659164));
#519 = CARTESIAN_POINT('',(-9.506905641991,0.140650446326,1.256132590956
    ));
#520 = CARTESIAN_POINT('',(-9.470140327306,0.290376683943,1.244583044485
    ));
#521 = CARTESIAN_POINT('',(-9.412367389685,0.428293822101,1.221874267139
    ));
#522 = CARTESIAN_POINT('',(-9.320106730767,0.584215026478,1.176914763806
    ));
#523 = CARTESIAN_POINT('',(-9.298553393838,0.617407212749,1.165974608953
    ));
#524 = CARTESIAN_POINT('',(-9.275939519536,0.649289366015,1.153974157822
    ));
#525 = CARTESIAN_POINT('',(-9.252398005832,0.679787280271,1.140868582877
    ));
#526 = CARTESIAN_POINT('',(-9.228068565829,0.708833931765,1.126616423482
    ));
#527 = CARTESIAN_POINT('',(-9.20309645889,0.736370696149,1.111182124328)
  );
#528 = CARTESIAN_POINT('',(-9.177631221759,0.762348565622,1.094538573854
    ));
#529 = CARTESIAN_POINT('',(-9.129832676648,0.807507630399,1.061441046064
    ));
#530 = CARTESIAN_POINT('',(-9.10759210628,0.827126396071,1.045322168897)
  );
#531 = CARTESIAN_POINT('',(-9.085199666131,0.845560368296,1.028304128564
    ));
#532 = CARTESIAN_POINT('',(-9.062752053057,0.862791493978,1.010383808369
    ));
#533 = CARTESIAN_POINT('',(-9.040345554402,0.878809250194,0.991564616265
    ));
#534 = CARTESIAN_POINT('',(-9.018074919162,0.893610932658,0.971857243597
    ));
#535 = CARTESIAN_POINT('',(-8.996032229163,0.907201944191,0.95128042384)
  );
#536 = CARTESIAN_POINT('',(-8.955526770111,0.930308806237,0.911348670823
    ));
#537 = CARTESIAN_POINT('',(-8.936982774903,0.94012803632,0.89220547301)
  );
#538 = CARTESIAN_POINT('',(-8.918730906693,0.949062475039,0.872449654084
    ));
#539 = CARTESIAN_POINT('',(-8.900824265116,0.957126381372,0.852101950909
    ));
#540 = CARTESIAN_POINT('',(-8.883311762177,0.964338965964,0.831186021377
    ));
#541 = CARTESIAN_POINT('',(-8.866237957061,0.970723785425,0.809728184749
    ));
#542 = CARTESIAN_POINT('',(-8.849642890954,0.97630813662,0.787757162002)
  );
#543 = CARTESIAN_POINT('',(-8.814451753561,0.98684364581,0.738620895791)
  );
#544 = CARTESIAN_POINT('',(-8.796066617302,0.991477577575,0.711255388363
    ));
#545 = CARTESIAN_POINT('',(-8.778465463246,0.995075737077,0.683257988384
    ));
#546 = CARTESIAN_POINT('',(-8.761696023067,0.997695756954,0.654680271198
    ));
#547 = CARTESIAN_POINT('',(-8.745795978567,0.999399797755,0.625573819442
    ));
#548 = CARTESIAN_POINT('',(-8.730794130292,1.000252934042,0.595989349486
    ));
#549 = CARTESIAN_POINT('',(-8.716711566154,1.000321540477,0.565975837879
    ));
#550 = CARTESIAN_POINT('',(-8.676118427404,0.99831526699,0.472135886148)
  );
#551 = CARTESIAN_POINT('',(-8.652755353003,0.993829589331,0.40705470465)
  );
#552 = CARTESIAN_POINT('',(-8.633577661323,0.986823765209,0.340712686478
    ));
#553 = CARTESIAN_POINT('',(-8.618595276916,0.977891584431,0.273451708482
    ));
#554 = CARTESIAN_POINT('',(-8.607762076429,0.967599685179,0.205572170666
    ));
#555 = CARTESIAN_POINT('',(-8.601006908574,0.956480813105,0.137329591825
    ));
#556 = CARTESIAN_POINT('',(-8.598257552034,0.945032160675,
    6.8934571331E-02));
#557 = CARTESIAN_POINT('',(-8.599880916266,0.929728144606,
    -2.356347333319E-02));
#558 = CARTESIAN_POINT('',(-8.600795576079,0.925754647517,
    -4.767841931414E-02));
#559 = CARTESIAN_POINT('',(-8.602198988343,0.921819030058,
    -7.177996225901E-02));
#560 = CARTESIAN_POINT('',(-8.60408861971,0.917941456358,
    -9.585919179219E-02));
#561 = CARTESIAN_POINT('',(-8.606462005895,0.914141520144,
    -0.119907045781));
#562 = CARTESIAN_POINT('',(-8.609316751674,0.91043824474,-0.143914310333
    ));
#563 = CARTESIAN_POINT('',(-8.612650530888,0.906850083069,
    -0.167871619802));
#564 = CARTESIAN_POINT('',(-8.616461086439,0.903394917647,
    -0.191769456781));
#565 = PCURVE('',#35,#566);
#566 = DEFINITIONAL_REPRESENTATION('',(#567),#703);
#567 = B_SPLINE_CURVE_WITH_KNOTS('',3,(#568,#569,#570,#571,#572,#573,
    #574,#575,#576,#577,#578,#579,#580,#581,#582,#583,#584,#585,#586,
    #587,#588,#589,#590,#591,#592,#593,#594,#595,#596,#597,#598,#599,
    #600,#601,#602,#603,#604,#605,#606,#607,#608,#609,#610,#611,#612,
    #613,#614,#615,#616,#617,#618,#619,#620,#621,#622,#623,#624,#625,
    #626,#627,#628,#629,#630,#631,#632,#633,#634,#635,#636,#637,#638,
    #639,#640,#641,#642,#643,#644,#645,#646,#647,#648,#649,#650,#651,
    #652,#653,#654,#655,#656,#657,#658,#659,#660,#661,#662,#663,#664,
    #665,#666,#667,#668,#669,#670,#671,#672,#673,#674,#675,#676,#677,
    #678,#679,#680,#681,#682,#683,#684,#685,#686,#687,#688,#689,#690,
    #691,#692,#693,#694,#695,#696,#697,#698,#699,#700,#701,#702),
  .UNSPECIFIED.,.F.,.F.,(4,1,1,1,1,1,1,1,1,1,1,1,1,1,1,1,1,1,1,1,1,1,1,1
    ,1,1,1,1,1,1,1,1,1,1,1,1,1,1,1,1,1,1,1,1,1,1,1,1,1,1,1,1,1,1,1,1,1,1
    ,1,1,1,1,1,1,1,1,1,1,1,1,1,1,1,1,1,1,1,1,1,1,1,1,1,1,1,1,1,1,1,1,1,1
    ,1,1,1,1,1,1,1,1,1,1,1,1,1,1,1,1,1,1,1,1,1,1,1,1,1,1,1,1,1,1,1,1,1,1
    ,1,1,1,1,1,1,4),(2.232669037936E-07,1.236922504713E-02,
    2.473822682736E-02,3.710722860759E-02,4.947623038782E-02,
    6.184523216805E-02,7.421423394828E-02,8.658323572851E-02,
    9.895223750874E-02,0.111321239289,0.123690241069,0.136059242849,
    0.14842824463,0.16079724641,0.17316624819,0.18553524997,
    0.197904251751,0.210273253531,0.222642255311,0.235011257091,
    0.247380258871,0.259749260652,0.272118262432,0.284487264212,
    0.296856265992,0.309225267773,0.321594269553,0.333963271333,
    0.346332273113,0.358701274894,0.371070276674,0.383439278454,
    0.395808280234,0.408177282014,0.420546283795,0.432915285575,
    0.445284287355,0.457653289135,0.470022290916,0.482391292696,
    0.494760294476,0.507129296256,0.519498298037,0.531867299817,
    0.544236301597,0.556605303377,0.568974305157,0.581343306938,
    0.593712308718,0.606081310498,0.618450312278,0.630819314059,
    0.643188315839,0.655557317619,0.667926319399,0.680295321179,
    0.69266432296,0.70503332474,0.71740232652,0.7297713283,
    0.742140330081,0.754509331861,0.766878333641,0.779247335421,
    0.791616337202,0.803985338982,0.816354340762,0.828723342542,
    0.841092344322,0.853461346103,0.865830347883,0.878199349663,
    0.890568351443,0.902937353224,0.915306355004,0.927675356784,
    0.940044358564,0.952413360345,0.964782362125,0.977151363905,
    0.989520365685,1.001889367465,1.014258369246,1.026627371026,
    1.038996372806,1.051365374586,1.063734376367,1.076103378147,
    1.088472379927,1.100841381707,1.113210383488,1.125579385268,
    1.137948387048,1.150317388828,1.162686390608,1.175055392389,
    1.187424394169,1.199793395949,1.212162397729,1.22453139951,
    1.23690040129,1.24926940307,1.26163840485,1.27400740663,
    1.286376408411,1.298745410191,1.311114411971,1.323483413751,
    1.335852415532,1.348221417312,1.360590419092,1.372959420872,
    1.385328422653,1.397697424433,1.410066426213,1.422435427993,
    1.434804429773,1.447173431554,1.459542433334,1.471911435114,
    1.484280436894,1.496649438675,1.509018440455,1.521387442235,
    1.533756444015,1.546125445796,1.558494447576,1.570863449356,
    1.583232451136,1.595601452916,1.607970454697,1.620339456477,
    1.632708458257),.QUASI_UNIFORM_KNOTS.);
#568 = CARTESIAN_POINT('',(3.246056234904,3.284126227456));
#569 = CARTESIAN_POINT('',(3.24626866313,3.275540537185));
#570 = CARTESIAN_POINT('',(3.246699569241,3.258374014483));
#571 = CARTESIAN_POINT('',(3.247359619648,3.232635264337));
#572 = CARTESIAN_POINT('',(3.248028955343,3.206904074034));
#573 = CARTESIAN_POINT('',(3.24870298913,3.181176740073));
#574 = CARTESIAN_POINT('',(3.249377024014,3.155449316534));
#575 = CARTESIAN_POINT('',(3.250046227573,3.12971787583));
#576 = CARTESIAN_POINT('',(3.250705630748,3.103981003879));
#577 = CARTESIAN_POINT('',(3.251350290025,3.078232471599));
#578 = CARTESIAN_POINT('',(3.251975141936,3.052467910822));
#579 = CARTESIAN_POINT('',(3.252575040297,3.026683465403));
#580 = CARTESIAN_POINT('',(3.253144754973,3.000876153542));
#581 = CARTESIAN_POINT('',(3.253678982199,2.975043777149));
#582 = CARTESIAN_POINT('',(3.254172353016,2.949184958906));
#583 = CARTESIAN_POINT('',(3.254619443378,2.923299152288));
#584 = CARTESIAN_POINT('',(3.255014784907,2.897386666249));
#585 = CARTESIAN_POINT('',(3.255352876511,2.871448695701));
#586 = CARTESIAN_POINT('',(3.255628196708,2.845487354441));
#587 = CARTESIAN_POINT('',(3.255835216626,2.819505735481));
#588 = CARTESIAN_POINT('',(3.25596841355,2.793507904627));
#589 = CARTESIAN_POINT('',(3.256022285002,2.767499181086));
#590 = CARTESIAN_POINT('',(3.255991363008,2.74148538602));
#591 = CARTESIAN_POINT('',(3.255870229338,2.71547598317));
#592 = CARTESIAN_POINT('',(3.255653657058,2.689488107373));
#593 = CARTESIAN_POINT('',(3.255336565774,2.663534539744));
#594 = CARTESIAN_POINT('',(3.254914084562,2.6376315288));
#595 = CARTESIAN_POINT('',(3.254381615282,2.611797668849));
#596 = CARTESIAN_POINT('',(3.253734804227,2.5860513517));
#597 = CARTESIAN_POINT('',(3.252969683628,2.560415186862));
#598 = CARTESIAN_POINT('',(3.252082750085,2.534915194127));
#599 = CARTESIAN_POINT('',(3.251070929564,2.509577935388));
#600 = CARTESIAN_POINT('',(3.249931630265,2.484431339355));
#601 = CARTESIAN_POINT('',(3.248662771629,2.459504525973));
#602 = CARTESIAN_POINT('',(3.247262819782,2.434827894867));
#603 = CARTESIAN_POINT('',(3.245730820194,2.410433102361));
#604 = CARTESIAN_POINT('',(3.244066434725,2.386353155761));
#605 = CARTESIAN_POINT('',(3.242269964306,2.362622079165));
#606 = CARTESIAN_POINT('',(3.240342028854,2.33927103553));
#607 = CARTESIAN_POINT('',(3.238283975883,2.316333859914));
#608 = CARTESIAN_POINT('',(3.236097560986,2.293842896965));
#609 = CARTESIAN_POINT('',(3.233784979851,2.271830040486));
#610 = CARTESIAN_POINT('',(3.231348824256,2.250326561227));
#611 = CARTESIAN_POINT('',(3.228792045958,2.229363135569));
#612 = CARTESIAN_POINT('',(3.226117972562,2.208970151045));
#613 = CARTESIAN_POINT('',(3.223330078437,2.189176315367));
#614 = CARTESIAN_POINT('',(3.220432014096,2.170009437512));
#615 = CARTESIAN_POINT('',(3.217427617242,2.151496802954));
#616 = CARTESIAN_POINT('',(3.214320861607,2.13366507049));
#617 = CARTESIAN_POINT('',(3.211115831597,2.116540374043));
#618 = CARTESIAN_POINT('',(3.207816722592,2.100148380128));
#619 = CARTESIAN_POINT('',(3.204427722004,2.084514198873));
#620 = CARTESIAN_POINT('',(3.200953350715,2.069662808094));
#621 = CARTESIAN_POINT('',(3.197390431855,2.055590092837));
#622 = CARTESIAN_POINT('',(3.193746053454,2.042336859152));
#623 = CARTESIAN_POINT('',(3.190025707267,2.029933590139));
#624 = CARTESIAN_POINT('',(3.186235357971,2.01841054959));
#625 = CARTESIAN_POINT('',(3.182380867267,2.007795146818));
#626 = CARTESIAN_POINT('',(3.178468131213,1.998112682078));
#627 = CARTESIAN_POINT('',(3.174503030532,1.989386158259));
#628 = CARTESIAN_POINT('',(3.170491434757,1.98163632002));
#629 = CARTESIAN_POINT('',(3.166439195277,1.974881614468));
#630 = CARTESIAN_POINT('',(3.162352144326,1.969138160475));
#631 = CARTESIAN_POINT('',(3.158236094956,1.964419708195));
#632 = CARTESIAN_POINT('',(3.154096842973,1.960737598228));
#633 = CARTESIAN_POINT('',(3.14994017019,1.958100721906));
#634 = CARTESIAN_POINT('',(3.145771848812,1.956515485735));
#635 = CARTESIAN_POINT('',(3.141597646642,1.95598578195));
#636 = CARTESIAN_POINT('',(3.137423332816,1.956512966709));
#637 = CARTESIAN_POINT('',(3.133254683801,1.958095846825));
#638 = CARTESIAN_POINT('',(3.129097489347,1.960730675317));
#639 = CARTESIAN_POINT('',(3.124957558121,1.964411155459));
#640 = CARTESIAN_POINT('',(3.120840722726,1.96912845232));
#641 = CARTESIAN_POINT('',(3.116752843791,1.97487121036));
#642 = CARTESIAN_POINT('',(3.112699812936,1.98162557443));
#643 = CARTESIAN_POINT('',(3.108687553894,1.989375213284));
#644 = CARTESIAN_POINT('',(3.104722023091,1.998101335544));
#645 = CARTESIAN_POINT('',(3.100809203281,2.007782719952));
#646 = CARTESIAN_POINT('',(3.096955112724,2.018395660676));
#647 = CARTESIAN_POINT('',(3.093165744403,2.029914178617));
#648 = CARTESIAN_POINT('',(3.089447252883,2.042309168491));
#649 = CARTESIAN_POINT('',(3.085805201921,2.055551424977));
#650 = CARTESIAN_POINT('',(3.082247300761,2.069600078364));
#651 = CARTESIAN_POINT('',(3.078772584277,2.084447477193));
#652 = CARTESIAN_POINT('',(3.075382857827,2.100080023583));
#653 = CARTESIAN_POINT('',(3.07208311183,2.116470077273));
#654 = CARTESIAN_POINT('',(3.068877420322,2.133593187169));
#655 = CARTESIAN_POINT('',(3.065770015051,2.151423477917));
#656 = CARTESIAN_POINT('',(3.062764971331,2.169934863659));
#657 = CARTESIAN_POINT('',(3.059866262539,2.189100687159));
#658 = CARTESIAN_POINT('',(3.057077719308,2.208893715763));
#659 = CARTESIAN_POINT('',(3.054402992205,2.229286168457));
#660 = CARTESIAN_POINT('',(3.051845560422,2.250249316757));
#661 = CARTESIAN_POINT('',(3.049408757001,2.271752751844));
#662 = CARTESIAN_POINT('',(3.047095539802,2.293765759788));
#663 = CARTESIAN_POINT('',(3.04490850376,2.316257047112));
#664 = CARTESIAN_POINT('',(3.042849844923,2.339194730395));
#665 = CARTESIAN_POINT('',(3.040921322597,2.362546421614));
#666 = CARTESIAN_POINT('',(3.039124269769,2.386278536343));
#667 = CARTESIAN_POINT('',(3.037459392731,2.410358671892));
#668 = CARTESIAN_POINT('',(3.035926917689,2.434753692266));
#669 = CARTESIAN_POINT('',(3.03452648942,2.459430959076));
#670 = CARTESIAN_POINT('',(3.033257155127,2.484358917635));
#671 = CARTESIAN_POINT('',(3.032117398164,2.50950695114));
#672 = CARTESIAN_POINT('',(3.031105164367,2.534845285993));
#673 = CARTESIAN_POINT('',(3.030217877605,2.560345433719));
#674 = CARTESIAN_POINT('',(3.029452417477,2.585981683829));
#675 = CARTESIAN_POINT('',(3.028805247642,2.611729339197));
#676 = CARTESIAN_POINT('',(3.028272419137,2.637566193466));
#677 = CARTESIAN_POINT('',(3.027849627289,2.663472008817));
#678 = CARTESIAN_POINT('',(3.027532258237,2.689428664028));
#679 = CARTESIAN_POINT('',(3.027315439428,2.715419647879));
#680 = CARTESIAN_POINT('',(3.027194097333,2.741431612941));
#681 = CARTESIAN_POINT('',(3.027162996192,2.767447076209));
#682 = CARTESIAN_POINT('',(3.027216710513,2.793458172665));
#683 = CARTESIAN_POINT('',(3.027349777127,2.819458518554));
#684 = CARTESIAN_POINT('',(3.027556692645,2.845442830501));
#685 = CARTESIAN_POINT('',(3.027831933213,2.871406936942));
#686 = CARTESIAN_POINT('',(3.028169967751,2.897347695475));
#687 = CARTESIAN_POINT('',(3.028565272269,2.923262946106));
#688 = CARTESIAN_POINT('',(3.029012343107,2.949151465182));
#689 = CARTESIAN_POINT('',(3.029505709555,2.975012928873));
#690 = CARTESIAN_POINT('',(3.030039945641,3.000847883727));
#691 = CARTESIAN_POINT('',(3.030609681016,3.02665772286));
#692 = CARTESIAN_POINT('',(3.031209611032,3.052444673258));
#693 = CARTESIAN_POINT('',(3.031834505341,3.078211770692));
#694 = CARTESIAN_POINT('',(3.032479217281,3.103962907451));
#695 = CARTESIAN_POINT('',(3.033138685451,3.129702632045));
#696 = CARTESIAN_POINT('',(3.033807959366,3.155436895236));
#697 = CARTESIAN_POINT('',(3.03448205635,3.181166727749));
#698 = CARTESIAN_POINT('',(3.03515615595,3.206896589554));
#699 = CARTESIAN_POINT('',(3.035825557789,3.232630271728));
#700 = CARTESIAN_POINT('',(3.036485674479,3.258371516186));
#701 = CARTESIAN_POINT('',(3.036916623328,3.275539703031));
#702 = CARTESIAN_POINT('',(3.037129072276,3.284126227456));
#703 = ( GEOMETRIC_REPRESENTATION_CONTEXT(2) 
PARAMETRIC_REPRESENTATION_CONTEXT() REPRESENTATION_CONTEXT('2D SPACE',''
  ) );
#704 = PCURVE('',#705,#710);
#705 = CYLINDRICAL_SURFACE('',#706,1.);
#706 = AXIS2_PLACEMENT_3D('',#707,#708,#709);
#707 = CARTESIAN_POINT('',(-9.,0.,0.));
#708 = DIRECTION('',(0.4472135955,0.,0.894427191));
#709 = DIRECTION('',(0.894427191,0.,-0.4472135955));
#710 = DEFINITIONAL_REPRESENTATION('',(#711),#847);
#711 = B_SPLINE_CURVE_WITH_KNOTS('',3,(#712,#713,#714,#715,#716,#717,
    #718,#719,#720,#721,#722,#723,#724,#725,#726,#727,#728,#729,#730,
    #731,#732,#733,#734,#735,#736,#737,#738,#739,#740,#741,#742,#743,
    #744,#745,#746,#747,#748,#749,#750,#751,#752,#753,#754,#755,#756,
    #757,#758,#759,#760,#761,#762,#763,#764,#765,#766,#767,#768,#769,
    #770,#771,#772,#773,#774,#775,#776,#777,#778,#779,#780,#781,#782,
    #783,#784,#785,#786,#787,#788,#789,#790,#791,#792,#793,#794,#795,
    #796,#797,#798,#799,#800,#801,#802,#803,#804,#805,#806,#807,#808,
    #809,#810,#811,#812,#813,#814,#815,#816,#817,#818,#819,#820,#821,
    #822,#823,#824,#825,#826,#827,#828,#829,#830,#831,#832,#833,#834,
    #835,#836,#837,#838,#839,#840,#841,#842,#843,#844,#845,#846),
  .UNSPECIFIED.,.F.,.F.,(4,1,1,1,1,1,1,1,1,1,1,1,1,1,1,1,1,1,1,1,1,1,1,1
    ,1,1,1,1,1,1,1,1,1,1,1,1,1,1,1,1,1,1,1,1,1,1,1,1,1,1,1,1,1,1,1,1,1,1
    ,1,1,1,1,1,1,1,1,1,1,1,1,1,1,1,1,1,1,1,1,1,1,1,1,1,1,1,1,1,1,1,1,1,1
    ,1,1,1,1,1,1,1,1,1,1,1,1,1,1,1,1,1,1,1,1,1,1,1,1,1,1,1,1,1,1,1,1,1,1
    ,1,1,1,1,1,1,4),(2.232669037936E-07,1.236922504713E-02,
    2.473822682736E-02,3.710722860759E-02,4.947623038782E-02,
    6.184523216805E-02,7.421423394828E-02,8.658323572851E-02,
    9.895223750874E-02,0.111321239289,0.123690241069,0.136059242849,
    0.14842824463,0.16079724641,0.17316624819,0.18553524997,
    0.197904251751,0.210273253531,0.222642255311,0.235011257091,
    0.247380258871,0.259749260652,0.272118262432,0.284487264212,
    0.296856265992,0.309225267773,0.321594269553,0.333963271333,
    0.346332273113,0.358701274894,0.371070276674,0.383439278454,
    0.395808280234,0.408177282014,0.420546283795,0.432915285575,
    0.445284287355,0.457653289135,0.470022290916,0.482391292696,
    0.494760294476,0.507129296256,0.519498298037,0.531867299817,
    0.544236301597,0.556605303377,0.568974305157,0.581343306938,
    0.593712308718,0.606081310498,0.618450312278,0.630819314059,
    0.643188315839,0.655557317619,0.667926319399,0.680295321179,
    0.69266432296,0.70503332474,0.71740232652,0.7297713283,
    0.742140330081,0.754509331861,0.766878333641,0.779247335421,
    0.791616337202,0.803985338982,0.816354340762,0.828723342542,
    0.841092344322,0.853461346103,0.865830347883,0.878199349663,
    0.890568351443,0.902937353224,0.915306355004,0.927675356784,
    0.940044358564,0.952413360345,0.964782362125,0.977151363905,
    0.989520365685,1.001889367465,1.014258369246,1.026627371026,
    1.038996372806,1.051365374586,1.063734376367,1.076103378147,
    1.088472379927,1.100841381707,1.113210383488,1.125579385268,
    1.137948387048,1.150317388828,1.162686390608,1.175055392389,
    1.187424394169,1.199793395949,1.212162397729,1.22453139951,
    1.23690040129,1.24926940307,1.26163840485,1.27400740663,
    1.286376408411,1.298745410191,1.311114411971,1.323483413751,
    1.335852415532,1.348221417312,1.360590419092,1.372959420872,
    1.385328422653,1.397697424433,1.410066426213,1.422435427993,
    1.434804429773,1.447173431554,1.459542433334,1.471911435114,
    1.484280436894,1.496649438675,1.509018440455,1.521387442235,
    1.533756444015,1.546125445796,1.558494447576,1.570863449356,
    1.583232451136,1.595601452916,1.607970454697,1.620339456477,
    1.632708458257),.QUASI_UNIFORM_KNOTS.);
#712 = CARTESIAN_POINT('',(5.15556358351,-1.7763568394E-15));
#713 = CARTESIAN_POINT('',(5.151695169422,1.108002915503E-02));
#714 = CARTESIAN_POINT('',(5.143676395555,3.31432119249E-02));
#715 = CARTESIAN_POINT('',(5.130818955064,6.592897619538E-02));
#716 = CARTESIAN_POINT('',(5.117149038211,9.838727647939E-02));
#717 = CARTESIAN_POINT('',(5.102682587508,0.130499906609));
#718 = CARTESIAN_POINT('',(5.087434810881,0.162248914802));
#719 = CARTESIAN_POINT('',(5.071420176712,0.193616259085));
#720 = CARTESIAN_POINT('',(5.05465382087,0.224580809703));
#721 = CARTESIAN_POINT('',(5.037146801252,0.255127165206));
#722 = CARTESIAN_POINT('',(5.018910078968,0.285237487022));
#723 = CARTESIAN_POINT('',(4.999953737035,0.314893201538));
#724 = CARTESIAN_POINT('',(4.98028721346,0.344074611332));
#725 = CARTESIAN_POINT('',(4.95991926608,0.372761076742));
#726 = CARTESIAN_POINT('',(4.938858013613,0.400931054744));
#727 = CARTESIAN_POINT('',(4.917110961527,0.428562186085));
#728 = CARTESIAN_POINT('',(4.894685037471,0.45563137991));
#729 = CARTESIAN_POINT('',(4.871586631921,0.482114907964));
#730 = CARTESIAN_POINT('',(4.847821639275,0.507988510816));
#731 = CARTESIAN_POINT('',(4.823395524605,0.533227494262));
#732 = CARTESIAN_POINT('',(4.798313320663,0.557806900779));
#733 = CARTESIAN_POINT('',(4.772579911037,0.58170143843));
#734 = CARTESIAN_POINT('',(4.746199269151,0.604886352737));
#735 = CARTESIAN_POINT('',(4.719177614627,0.627334817038));
#736 = CARTESIAN_POINT('',(4.691528231942,0.64901542009));
#737 = CARTESIAN_POINT('',(4.663258941827,0.669902785044));
#738 = CARTESIAN_POINT('',(4.634380162081,0.689971021511));
#739 = CARTESIAN_POINT('',(4.604904002645,0.709195275711));
#740 = CARTESIAN_POINT('',(4.574841338975,0.727553891057));
#741 = CARTESIAN_POINT('',(4.54420697639,0.745025533025));
#742 = CARTESIAN_POINT('',(4.513019114311,0.761590490009));
#743 = CARTESIAN_POINT('',(4.481296054966,0.77723300651));
#744 = CARTESIAN_POINT('',(4.449057220403,0.791940947355));
#745 = CARTESIAN_POINT('',(4.416323025675,0.805706155265));
#746 = CARTESIAN_POINT('',(4.383115086058,0.818524595039));
#747 = CARTESIAN_POINT('',(4.34945632595,0.83039654899));
#748 = CARTESIAN_POINT('',(4.315371269175,0.841326711786));
#749 = CARTESIAN_POINT('',(4.280885852854,0.851324527466));
#750 = CARTESIAN_POINT('',(4.246021690363,0.860405568688));
#751 = CARTESIAN_POINT('',(4.210804146256,0.868589051414));
#752 = CARTESIAN_POINT('',(4.175256381383,0.875899402973));
#753 = CARTESIAN_POINT('',(4.139400743289,0.882365446915));
#754 = CARTESIAN_POINT('',(4.103258500569,0.888020141557));
#755 = CARTESIAN_POINT('',(4.066849840938,0.892900185276));
#756 = CARTESIAN_POINT('',(4.030194481964,0.897045601153));
#757 = CARTESIAN_POINT('',(3.993309098983,0.900499573524));
#758 = CARTESIAN_POINT('',(3.956208471769,0.903307804157));
#759 = CARTESIAN_POINT('',(3.918906118059,0.905517969135));
#760 = CARTESIAN_POINT('',(3.881414076788,0.907179358195));
#761 = CARTESIAN_POINT('',(3.843743029739,0.908342451167));
#762 = CARTESIAN_POINT('',(3.805902584442,0.909058534067));
#763 = CARTESIAN_POINT('',(3.767900467153,0.909379219449));
#764 = CARTESIAN_POINT('',(3.729745809581,0.909356310083));
#765 = CARTESIAN_POINT('',(3.691364629126,0.909040055685));
#766 = CARTESIAN_POINT('',(3.652795096382,0.908480082267));
#767 = CARTESIAN_POINT('',(3.614054584374,0.907725870409));
#768 = CARTESIAN_POINT('',(3.575163575059,0.906825875127));
#769 = CARTESIAN_POINT('',(3.536139526508,0.905827009973));
#770 = CARTESIAN_POINT('',(3.496998768683,0.904774075368));
#771 = CARTESIAN_POINT('',(3.457756229673,0.903709247735));
#772 = CARTESIAN_POINT('',(3.418425727014,0.90267160193));
#773 = CARTESIAN_POINT('',(3.379020093344,0.901696677757));
#774 = CARTESIAN_POINT('',(3.339551334091,0.900816090771));
#775 = CARTESIAN_POINT('',(3.300030766051,0.900057190081));
#776 = CARTESIAN_POINT('',(3.26046915231,0.899442764903));
#777 = CARTESIAN_POINT('',(3.22087683106,0.898990801521));
#778 = CARTESIAN_POINT('',(3.181263840571,0.898714292052));
#779 = CARTESIAN_POINT('',(3.14164004129,0.898621096131));
#780 = CARTESIAN_POINT('',(3.102015236339,0.898713856426));
#781 = CARTESIAN_POINT('',(3.062399291566,0.898989968604));
#782 = CARTESIAN_POINT('',(3.02280225634,0.899441606132));
#783 = CARTESIAN_POINT('',(2.983234486246,0.90005580006));
#784 = CARTESIAN_POINT('',(2.943706768973,0.900814573663));
#785 = CARTESIAN_POINT('',(2.904230454285,0.90169513158));
#786 = CARTESIAN_POINT('',(2.864817590618,0.902670102832));
#787 = CARTESIAN_POINT('',(2.825481064859,0.90370783686));
#788 = CARTESIAN_POINT('',(2.786234764557,0.904772751427));
#789 = CARTESIAN_POINT('',(2.747093697298,0.905825731234));
#790 = CARTESIAN_POINT('',(2.708074317792,0.906824574726));
#791 = CARTESIAN_POINT('',(2.669194134925,0.907724490706));
#792 = CARTESIAN_POINT('',(2.630474068804,0.908478629574));
#793 = CARTESIAN_POINT('',(2.591930615524,0.909038695603));
#794 = CARTESIAN_POINT('',(2.553606129191,0.909355455616));
#795 = CARTESIAN_POINT('',(2.515451303026,0.909379845985));
#796 = CARTESIAN_POINT('',(2.477444556698,0.909060712059));
#797 = CARTESIAN_POINT('',(2.439600581125,0.908346366545));
#798 = CARTESIAN_POINT('',(2.40192573035,0.907185142509));
#799 = CARTESIAN_POINT('',(2.364430029742,0.905525753783));
#800 = CARTESIAN_POINT('',(2.327124039569,0.903317707943));
#801 = CARTESIAN_POINT('',(2.290019778129,0.900511701619));
#802 = CARTESIAN_POINT('',(2.253130651136,0.897060033885));
#803 = CARTESIAN_POINT('',(2.216471397153,0.89291696501));
#804 = CARTESIAN_POINT('',(2.180058726166,0.888039289961));
#805 = CARTESIAN_POINT('',(2.143912394127,0.882386963873));
#806 = CARTESIAN_POINT('',(2.108052646536,0.875923272982));
#807 = CARTESIAN_POINT('',(2.072500777258,0.868615244336));
#808 = CARTESIAN_POINT('',(2.037279109957,0.860434026109));
#809 = CARTESIAN_POINT('',(2.002410856097,0.851355189924));
#810 = CARTESIAN_POINT('',(1.967921027763,0.841359374506));
#811 = CARTESIAN_POINT('',(1.933832979386,0.830431560803));
#812 = CARTESIAN_POINT('',(1.900171311701,0.81856193043));
#813 = CARTESIAN_POINT('',(1.86696005749,0.805745584572));
#814 = CARTESIAN_POINT('',(1.834222031501,0.791982142853));
#815 = CARTESIAN_POINT('',(1.801979162079,0.777275701981));
#816 = CARTESIAN_POINT('',(1.770252689989,0.761634782796));
#817 = CARTESIAN_POINT('',(1.739062658355,0.745071963934));
#818 = CARTESIAN_POINT('',(1.708426258056,0.727602482918));
#819 = CARTESIAN_POINT('',(1.678360150803,0.709245088368));
#820 = CARTESIAN_POINT('',(1.648878804914,0.690020674844));
#821 = CARTESIAN_POINT('',(1.619995250569,0.66995220331));
#822 = CARTESIAN_POINT('',(1.591721043087,0.649064173265));
#823 = CARTESIAN_POINT('',(1.564066898588,0.62738266162));
#824 = CARTESIAN_POINT('',(1.537041221262,0.604933542932));
#825 = CARTESIAN_POINT('',(1.510657579395,0.581748612579));
#826 = CARTESIAN_POINT('',(1.484920559464,0.557853282514));
#827 = CARTESIAN_POINT('',(1.459834733586,0.533272777016));
#828 = CARTESIAN_POINT('',(1.43540495346,0.508032352753));
#829 = CARTESIAN_POINT('',(1.411636360361,0.482157063335));
#830 = CARTESIAN_POINT('',(1.388534465058,0.455671656263));
#831 = CARTESIAN_POINT('',(1.366105202068,0.428600444763));
#832 = CARTESIAN_POINT('',(1.344354983472,0.400967196665));
#833 = CARTESIAN_POINT('',(1.323290745544,0.37279502918));
#834 = CARTESIAN_POINT('',(1.302919989979,0.344106312032));
#835 = CARTESIAN_POINT('',(1.283250820591,0.31492258021));
#836 = CARTESIAN_POINT('',(1.264291972548,0.285264448886));
#837 = CARTESIAN_POINT('',(1.246052848021,0.255151559013));
#838 = CARTESIAN_POINT('',(1.228543509398,0.22460244699));
#839 = CARTESIAN_POINT('',(1.211774815507,0.193634736377));
#840 = CARTESIAN_POINT('',(1.195758012123,0.162264166297));
#841 = CARTESIAN_POINT('',(1.180508474034,0.130512346423));
#842 = CARTESIAN_POINT('',(1.166040338228,9.839668006107E-02));
#843 = CARTESIAN_POINT('',(1.152368904462,6.593531534375E-02));
#844 = CARTESIAN_POINT('',(1.139510094555,3.314641832962E-02));
#845 = CARTESIAN_POINT('',(1.131490514056,1.108110564302E-02));
#846 = CARTESIAN_POINT('',(1.12762172367,-8.881784197001E-16));
#847 = ( GEOMETRIC_REPRESENTATION_CONTEXT(2) 
PARAMETRIC_REPRESENTATION_CONTEXT() REPRESENTATION_CONTEXT('2D SPACE',''
  ) );
#848 = ORIENTED_EDGE('',*,*,#849,.F.);
#849 = EDGE_CURVE('',#466,#468,#850,.T.);
#850 = SURFACE_CURVE('',#851,(#859,#870),.PCURVE_S1.);
#851 = B_SPLINE_CURVE_WITH_KNOTS('',6,(#852,#853,#854,#855,#856,#857,
    #858),.UNSPECIFIED.,.F.,.F.,(7,7),(0.,1.),.PIECEWISE_BEZIER_KNOTS.);
#852 = CARTESIAN_POINT('',(-8.582735376419,-1.2,-0.208632311791));
#853 = CARTESIAN_POINT('',(-8.634169145576,-0.803080133412,
    -0.182915427212));
#854 = CARTESIAN_POINT('',(-8.665896611118,-0.402463072123,
    -0.167051694441));
#855 = CARTESIAN_POINT('',(-8.676626527339,1.326414349245E-06,
    -0.16168673633));
#856 = CARTESIAN_POINT('',(-8.665896315453,0.402464193636,
    -0.167051842274));
#857 = CARTESIAN_POINT('',(-8.634169328157,0.803078724416,
    -0.182915335921));
#858 = CARTESIAN_POINT('',(-8.582735376419,1.2,-0.208632311791));
#859 = PCURVE('',#35,#860);
#860 = DEFINITIONAL_REPRESENTATION('',(#861),#869);
#861 = B_SPLINE_CURVE_WITH_KNOTS('',6,(#862,#863,#864,#865,#866,#867,
    #868),.UNSPECIFIED.,.F.,.F.,(7,7),(0.,1.),.PIECEWISE_BEZIER_KNOTS.);
#862 = CARTESIAN_POINT('',(3.280507701397,3.296756979579));
#863 = CARTESIAN_POINT('',(3.234326287874,3.277475794153));
#864 = CARTESIAN_POINT('',(3.187985696054,3.265651830709));
#865 = CARTESIAN_POINT('',(3.141592505765,3.261654507591));
#866 = CARTESIAN_POINT('',(3.095199475774,3.265651941183));
#867 = CARTESIAN_POINT('',(3.048859183241,3.277475725709));
#868 = CARTESIAN_POINT('',(3.002677605783,3.296756979579));
#869 = ( GEOMETRIC_REPRESENTATION_CONTEXT(2) 
PARAMETRIC_REPRESENTATION_CONTEXT() REPRESENTATION_CONTEXT('2D SPACE',''
  ) );
#870 = PCURVE('',#871,#876);
#871 = PLANE('',#872);
#872 = AXIS2_PLACEMENT_3D('',#873,#874,#875);
#873 = CARTESIAN_POINT('',(-9.,0.,0.));
#874 = DIRECTION('',(0.4472135955,0.,0.894427191));
#875 = DIRECTION('',(0.894427191,0.,-0.4472135955));
#876 = DEFINITIONAL_REPRESENTATION('',(#877),#885);
#877 = B_SPLINE_CURVE_WITH_KNOTS('',6,(#878,#879,#880,#881,#882,#883,
    #884),.UNSPECIFIED.,.F.,.F.,(7,7),(0.,1.),.PIECEWISE_BEZIER_KNOTS.);
#878 = CARTESIAN_POINT('',(0.466516031467,-1.2));
#879 = CARTESIAN_POINT('',(0.409011329379,-0.803080133412));
#880 = CARTESIAN_POINT('',(0.373538944526,-0.402463072123));
#881 = CARTESIAN_POINT('',(0.361542533495,1.326414349245E-06));
#882 = CARTESIAN_POINT('',(0.37353927509,0.402464193636));
#883 = CARTESIAN_POINT('',(0.409011125247,0.803078724416));
#884 = CARTESIAN_POINT('',(0.466516031467,1.2));
#885 = ( GEOMETRIC_REPRESENTATION_CONTEXT(2) 
PARAMETRIC_REPRESENTATION_CONTEXT() REPRESENTATION_CONTEXT('2D SPACE',''
  ) );
#886 = ADVANCED_FACE('',(#887),#50,.F.);
#887 = FACE_BOUND('',#888,.F.);
#888 = EDGE_LOOP('',(#889,#890,#912));
#889 = ORIENTED_EDGE('',*,*,#138,.T.);
#890 = ORIENTED_EDGE('',*,*,#891,.T.);
#891 = EDGE_CURVE('',#139,#24,#892,.T.);
#892 = SURFACE_CURVE('',#893,(#898,#905),.PCURVE_S1.);
#893 = CIRCLE('',#894,1.);
#894 = AXIS2_PLACEMENT_3D('',#895,#896,#897);
#895 = CARTESIAN_POINT('',(9.,0.,0.));
#896 = DIRECTION('',(-0.4472135955,0.,0.894427191));
#897 = DIRECTION('',(0.894427191,0.,0.4472135955));
#898 = PCURVE('',#50,#899);
#899 = DEFINITIONAL_REPRESENTATION('',(#900),#904);
#900 = CIRCLE('',#901,1.);
#901 = AXIS2_PLACEMENT_2D('',#902,#903);
#902 = CARTESIAN_POINT('',(0.,0.));
#903 = DIRECTION('',(1.,0.));
#904 = ( GEOMETRIC_REPRESENTATION_CONTEXT(2) 
PARAMETRIC_REPRESENTATION_CONTEXT() REPRESENTATION_CONTEXT('2D SPACE',''
  ) );
#905 = PCURVE('',#266,#906);
#906 = DEFINITIONAL_REPRESENTATION('',(#907),#911);
#907 = LINE('',#908,#909);
#908 = CARTESIAN_POINT('',(0.,0.));
#909 = VECTOR('',#910,1.);
#910 = DIRECTION('',(1.,0.));
#911 = ( GEOMETRIC_REPRESENTATION_CONTEXT(2) 
PARAMETRIC_REPRESENTATION_CONTEXT() REPRESENTATION_CONTEXT('2D SPACE',''
  ) );
#912 = ORIENTED_EDGE('',*,*,#21,.F.);
#913 = ADVANCED_FACE('',(#914),#266,.T.);
#914 = FACE_BOUND('',#915,.T.);
#915 = EDGE_LOOP('',(#916,#917,#940,#969,#1024,#1058,#1087,#1116,#1154,
    #1176,#1177,#1178));
#916 = ORIENTED_EDGE('',*,*,#319,.F.);
#917 = ORIENTED_EDGE('',*,*,#918,.T.);
#918 = EDGE_CURVE('',#112,#919,#921,.T.);
#919 = VERTEX_POINT('',#920);
#920 = CARTESIAN_POINT('',(4.494427191,-2.449293598295E-16,11.2472135955
    ));
#921 = SEAM_CURVE('',#922,(#926,#933),.PCURVE_S1.);
#922 = LINE('',#923,#924);
#923 = CARTESIAN_POINT('',(9.894427191,-2.449293598295E-16,0.4472135955)
  );
#924 = VECTOR('',#925,1.);
#925 = DIRECTION('',(-0.4472135955,0.,0.894427191));
#926 = PCURVE('',#266,#927);
#927 = DEFINITIONAL_REPRESENTATION('',(#928),#932);
#928 = LINE('',#929,#930);
#929 = CARTESIAN_POINT('',(0.,-0.));
#930 = VECTOR('',#931,1.);
#931 = DIRECTION('',(0.,1.));
#932 = ( GEOMETRIC_REPRESENTATION_CONTEXT(2) 
PARAMETRIC_REPRESENTATION_CONTEXT() REPRESENTATION_CONTEXT('2D SPACE',''
  ) );
#933 = PCURVE('',#266,#934);
#934 = DEFINITIONAL_REPRESENTATION('',(#935),#939);
#935 = LINE('',#936,#937);
#936 = CARTESIAN_POINT('',(6.28318530718,-0.));
#937 = VECTOR('',#938,1.);
#938 = DIRECTION('',(0.,1.));
#939 = ( GEOMETRIC_REPRESENTATION_CONTEXT(2) 
PARAMETRIC_REPRESENTATION_CONTEXT() REPRESENTATION_CONTEXT('2D SPACE',''
  ) );
#940 = ORIENTED_EDGE('',*,*,#941,.F.);
#941 = EDGE_CURVE('',#942,#919,#944,.T.);
#942 = VERTEX_POINT('',#943);
#943 = CARTESIAN_POINT('',(4.435708643648,-0.356354919518,
    11.217854321824));
#944 = SURFACE_CURVE('',#945,(#950,#957),.PCURVE_S1.);
#945 = CIRCLE('',#946,1.);
#946 = AXIS2_PLACEMENT_3D('',#947,#948,#949);
#947 = CARTESIAN_POINT('',(3.6,0.,10.8));
#948 = DIRECTION('',(-0.4472135955,0.,0.894427191));
#949 = DIRECTION('',(0.894427191,0.,0.4472135955));
#950 = PCURVE('',#266,#951);
#951 = DEFINITIONAL_REPRESENTATION('',(#952),#956);
#952 = LINE('',#953,#954);
#953 = CARTESIAN_POINT('',(0.,12.074767078499));
#954 = VECTOR('',#955,1.);
#955 = DIRECTION('',(1.,0.));
#956 = ( GEOMETRIC_REPRESENTATION_CONTEXT(2) 
PARAMETRIC_REPRESENTATION_CONTEXT() REPRESENTATION_CONTEXT('2D SPACE',''
  ) );
#957 = PCURVE('',#958,#963);
#958 = PLANE('',#959);
#959 = AXIS2_PLACEMENT_3D('',#960,#961,#962);
#960 = CARTESIAN_POINT('',(3.6,0.,10.8));
#961 = DIRECTION('',(-0.4472135955,0.,0.894427191));
#962 = DIRECTION('',(0.894427191,0.,0.4472135955));
#963 = DEFINITIONAL_REPRESENTATION('',(#964),#968);
#964 = CIRCLE('',#965,1.);
#965 = AXIS2_PLACEMENT_2D('',#966,#967);
#966 = CARTESIAN_POINT('',(0.,0.));
#967 = DIRECTION('',(1.,0.));
#968 = ( GEOMETRIC_REPRESENTATION_CONTEXT(2) 
PARAMETRIC_REPRESENTATION_CONTEXT() REPRESENTATION_CONTEXT('2D SPACE',''
  ) );
#969 = ORIENTED_EDGE('',*,*,#970,.F.);
#970 = EDGE_CURVE('',#971,#942,#973,.T.);
#971 = VERTEX_POINT('',#972);
#972 = CARTESIAN_POINT('',(4.38584999414,-0.7528743779,10.7));
#973 = SURFACE_CURVE('',#974,(#987,#1003),.PCURVE_S1.);
#974 = B_SPLINE_CURVE_WITH_KNOTS('',6,(#975,#976,#977,#978,#979,#980,
    #981,#982,#983,#984,#985,#986),.UNSPECIFIED.,.F.,.F.,(7,5,7),(0.,
    0.901041413972,1.),.UNSPECIFIED.);
#975 = CARTESIAN_POINT('',(4.385849947631,-0.752874648839,10.6999994));
#976 = CARTESIAN_POINT('',(4.392650035246,-0.713260930998,
    10.787724828462));
#977 = CARTESIAN_POINT('',(4.399859415232,-0.66869185052,10.872540745727
    ));
#978 = CARTESIAN_POINT('',(4.407503566175,-0.617804120561,
    10.955507984561));
#979 = CARTESIAN_POINT('',(4.415533577812,-0.558949014803,
    11.035938659454));
#980 = CARTESIAN_POINT('',(4.423619890431,-0.490369669808,
    11.111257534394));
#981 = CARTESIAN_POINT('',(4.431801641889,-0.402133194432,11.18381047772
    ));
#982 = CARTESIAN_POINT('',(4.432603307098,-0.393263013746,
    11.190875725395));
#983 = CARTESIAN_POINT('',(4.433395982955,-0.38425199272,11.197820071289
    ));
#984 = CARTESIAN_POINT('',(4.434178579585,-0.375097992725,
    11.204636533525));
#985 = CARTESIAN_POINT('',(4.434949917242,-0.365799152991,
    11.211317561117));
#986 = CARTESIAN_POINT('',(4.435708726308,-0.356353890613,
    11.217855033974));
#987 = PCURVE('',#266,#988);
#988 = DEFINITIONAL_REPRESENTATION('',(#989),#1002);
#989 = B_SPLINE_CURVE_WITH_KNOTS('',6,(#990,#991,#992,#993,#994,#995,
    #996,#997,#998,#999,#1000,#1001),.UNSPECIFIED.,.F.,.F.,(7,5,7),(0.,
    0.901041413972,1.),.UNSPECIFIED.);
#990 = CARTESIAN_POINT('',(5.430766392103,11.633881042139));
#991 = CARTESIAN_POINT('',(5.490954615485,11.709303959065));
#992 = CARTESIAN_POINT('',(5.553700916569,11.781941488952));
#993 = CARTESIAN_POINT('',(5.620665003059,11.8527310751));
#994 = CARTESIAN_POINT('',(5.693242003664,11.921079327338));
#995 = CARTESIAN_POINT('',(5.772577445926,11.98483026814));
#996 = CARTESIAN_POINT('',(5.869360205079,12.04606460295));
#997 = CARTESIAN_POINT('',(5.879039922248,12.052025437001));
#998 = CARTESIAN_POINT('',(5.888824097021,12.057882153373));
#999 = CARTESIAN_POINT('',(5.898714754914,12.06362899469));
#1000 = CARTESIAN_POINT('',(5.908713721524,12.069259734746));
#1001 = CARTESIAN_POINT('',(5.91882262253,12.074767678499));
#1002 = ( GEOMETRIC_REPRESENTATION_CONTEXT(2) 
PARAMETRIC_REPRESENTATION_CONTEXT() REPRESENTATION_CONTEXT('2D SPACE',''
  ) );
#1003 = PCURVE('',#1004,#1009);
#1004 = CYLINDRICAL_SURFACE('',#1005,4.45);
#1005 = AXIS2_PLACEMENT_3D('',#1006,#1007,#1008);
#1006 = CARTESIAN_POINT('',(0.,0.,10.7));
#1007 = DIRECTION('',(-0.,-0.,-1.));
#1008 = DIRECTION('',(1.,0.,0.));
#1009 = DEFINITIONAL_REPRESENTATION('',(#1010),#1023);
#1010 = B_SPLINE_CURVE_WITH_KNOTS('',6,(#1011,#1012,#1013,#1014,#1015,
    #1016,#1017,#1018,#1019,#1020,#1021,#1022),.UNSPECIFIED.,.F.,.F.,(7,
    5,7),(0.,0.901041413972,1.),.UNSPECIFIED.);
#1011 = CARTESIAN_POINT('',(-6.113182298529,6.000000000173E-07));
#1012 = CARTESIAN_POINT('',(-6.122214462948,-8.772482846167E-02));
#1013 = CARTESIAN_POINT('',(-6.132359712439,-0.172540745727));
#1014 = CARTESIAN_POINT('',(-6.14392219473,-0.255507984561));
#1015 = CARTESIAN_POINT('',(-6.15726849403,-0.335938659454));
#1016 = CARTESIAN_POINT('',(-6.172781548146,-0.411257534394));
#1017 = CARTESIAN_POINT('',(-6.192695029287,-0.48381047772));
#1018 = CARTESIAN_POINT('',(-6.194696447139,-0.490875725395));
#1019 = CARTESIAN_POINT('',(-6.196729206443,-0.497820071289));
#1020 = CARTESIAN_POINT('',(-6.198793779188,-0.504636533525));
#1021 = CARTESIAN_POINT('',(-6.20089057581,-0.511317561117));
#1022 = CARTESIAN_POINT('',(-6.203019945199,-0.517855033974));
#1023 = ( GEOMETRIC_REPRESENTATION_CONTEXT(2) 
PARAMETRIC_REPRESENTATION_CONTEXT() REPRESENTATION_CONTEXT('2D SPACE',''
  ) );
#1024 = ORIENTED_EDGE('',*,*,#1025,.F.);
#1025 = EDGE_CURVE('',#1026,#971,#1028,.T.);
#1026 = VERTEX_POINT('',#1027);
#1027 = CARTESIAN_POINT('',(3.4,-0.974679434481,10.7));
#1028 = SURFACE_CURVE('',#1029,(#1034,#1046),.PCURVE_S1.);
#1029 = ELLIPSE('',#1030,1.11803398875,1.);
#1030 = AXIS2_PLACEMENT_3D('',#1031,#1032,#1033);
#1031 = CARTESIAN_POINT('',(3.65,0.,10.7));
#1032 = DIRECTION('',(0.,0.,1.));
#1033 = DIRECTION('',(-1.,0.,0.));
#1034 = PCURVE('',#266,#1035);
#1035 = DEFINITIONAL_REPRESENTATION('',(#1036),#1045);
#1036 = B_SPLINE_CURVE_WITH_KNOTS('',7,(#1037,#1038,#1039,#1040,#1041,
    #1042,#1043,#1044),.UNSPECIFIED.,.F.,.F.,(8,8),(1.345281689723,
    3.14159265359),.PIECEWISE_BEZIER_KNOTS.);
#1037 = CARTESIAN_POINT('',(4.486874343312,12.074767678499));
#1038 = CARTESIAN_POINT('',(4.743490195293,11.949708617078));
#1039 = CARTESIAN_POINT('',(5.000106047274,11.816061125432));
#1040 = CARTESIAN_POINT('',(5.256721899256,11.687267364188));
#1041 = CARTESIAN_POINT('',(5.513337751236,11.578196936962));
#1042 = CARTESIAN_POINT('',(5.769953603218,11.501378515353));
#1043 = CARTESIAN_POINT('',(6.026569455199,11.462963679624));
#1044 = CARTESIAN_POINT('',(6.28318530718,11.462963679624));
#1045 = ( GEOMETRIC_REPRESENTATION_CONTEXT(2) 
PARAMETRIC_REPRESENTATION_CONTEXT() REPRESENTATION_CONTEXT('2D SPACE',''
  ) );
#1046 = PCURVE('',#1047,#1052);
#1047 = PLANE('',#1048);
#1048 = AXIS2_PLACEMENT_3D('',#1049,#1050,#1051);
#1049 = CARTESIAN_POINT('',(-3.072899174246E-16,-2.801098316123E-17,10.7
    ));
#1050 = DIRECTION('',(0.,0.,1.));
#1051 = DIRECTION('',(1.,0.,-0.));
#1052 = DEFINITIONAL_REPRESENTATION('',(#1053),#1057);
#1053 = ELLIPSE('',#1054,1.11803398875,1.);
#1054 = AXIS2_PLACEMENT_2D('',#1055,#1056);
#1055 = CARTESIAN_POINT('',(3.65,2.801098316123E-17));
#1056 = DIRECTION('',(-1.,0.));
#1057 = ( GEOMETRIC_REPRESENTATION_CONTEXT(2) 
PARAMETRIC_REPRESENTATION_CONTEXT() REPRESENTATION_CONTEXT('2D SPACE',''
  ) );
#1058 = ORIENTED_EDGE('',*,*,#1059,.F.);
#1059 = EDGE_CURVE('',#1060,#1026,#1062,.T.);
#1060 = VERTEX_POINT('',#1061);
#1061 = CARTESIAN_POINT('',(3.4,0.974679434481,10.7));
#1062 = SURFACE_CURVE('',#1063,(#1068,#1075),.PCURVE_S1.);
#1063 = CIRCLE('',#1064,1.);
#1064 = AXIS2_PLACEMENT_3D('',#1065,#1066,#1067);
#1065 = CARTESIAN_POINT('',(3.6,0.,10.8));
#1066 = DIRECTION('',(-0.4472135955,0.,0.894427191));
#1067 = DIRECTION('',(0.894427191,0.,0.4472135955));
#1068 = PCURVE('',#266,#1069);
#1069 = DEFINITIONAL_REPRESENTATION('',(#1070),#1074);
#1070 = LINE('',#1071,#1072);
#1071 = CARTESIAN_POINT('',(0.,12.074767078499));
#1072 = VECTOR('',#1073,1.);
#1073 = DIRECTION('',(1.,0.));
#1074 = ( GEOMETRIC_REPRESENTATION_CONTEXT(2) 
PARAMETRIC_REPRESENTATION_CONTEXT() REPRESENTATION_CONTEXT('2D SPACE',''
  ) );
#1075 = PCURVE('',#1076,#1081);
#1076 = PLANE('',#1077);
#1077 = AXIS2_PLACEMENT_3D('',#1078,#1079,#1080);
#1078 = CARTESIAN_POINT('',(3.6,0.,10.8));
#1079 = DIRECTION('',(-0.4472135955,0.,0.894427191));
#1080 = DIRECTION('',(0.894427191,0.,0.4472135955));
#1081 = DEFINITIONAL_REPRESENTATION('',(#1082),#1086);
#1082 = CIRCLE('',#1083,1.);
#1083 = AXIS2_PLACEMENT_2D('',#1084,#1085);
#1084 = CARTESIAN_POINT('',(0.,0.));
#1085 = DIRECTION('',(1.,0.));
#1086 = ( GEOMETRIC_REPRESENTATION_CONTEXT(2) 
PARAMETRIC_REPRESENTATION_CONTEXT() REPRESENTATION_CONTEXT('2D SPACE',''
  ) );
#1087 = ORIENTED_EDGE('',*,*,#1088,.F.);
#1088 = EDGE_CURVE('',#1089,#1060,#1091,.T.);
#1089 = VERTEX_POINT('',#1090);
#1090 = CARTESIAN_POINT('',(4.38584999414,0.7528743779,10.7));
#1091 = SURFACE_CURVE('',#1092,(#1097,#1109),.PCURVE_S1.);
#1092 = ELLIPSE('',#1093,1.11803398875,1.);
#1093 = AXIS2_PLACEMENT_3D('',#1094,#1095,#1096);
#1094 = CARTESIAN_POINT('',(3.65,0.,10.7));
#1095 = DIRECTION('',(0.,0.,1.));
#1096 = DIRECTION('',(-1.,0.,0.));
#1097 = PCURVE('',#266,#1098);
#1098 = DEFINITIONAL_REPRESENTATION('',(#1099),#1108);
#1099 = B_SPLINE_CURVE_WITH_KNOTS('',7,(#1100,#1101,#1102,#1103,#1104,
    #1105,#1106,#1107),.UNSPECIFIED.,.F.,.F.,(8,8),(3.14159265359,
    4.937903617457),.PIECEWISE_BEZIER_KNOTS.);
#1100 = CARTESIAN_POINT('',(-8.881784197001E-16,11.462963679624));
#1101 = CARTESIAN_POINT('',(0.256615851981,11.462963679624));
#1102 = CARTESIAN_POINT('',(0.513231703962,11.501378515353));
#1103 = CARTESIAN_POINT('',(0.769847555943,11.578196936967));
#1104 = CARTESIAN_POINT('',(1.026463407925,11.687267364181));
#1105 = CARTESIAN_POINT('',(1.283079259905,11.816061125432));
#1106 = CARTESIAN_POINT('',(1.539695111886,11.949708617078));
#1107 = CARTESIAN_POINT('',(1.796310963867,12.074767678499));
#1108 = ( GEOMETRIC_REPRESENTATION_CONTEXT(2) 
PARAMETRIC_REPRESENTATION_CONTEXT() REPRESENTATION_CONTEXT('2D SPACE',''
  ) );
#1109 = PCURVE('',#1047,#1110);
#1110 = DEFINITIONAL_REPRESENTATION('',(#1111),#1115);
#1111 = ELLIPSE('',#1112,1.11803398875,1.);
#1112 = AXIS2_PLACEMENT_2D('',#1113,#1114);
#1113 = CARTESIAN_POINT('',(3.65,2.801098316123E-17));
#1114 = DIRECTION('',(-1.,0.));
#1115 = ( GEOMETRIC_REPRESENTATION_CONTEXT(2) 
PARAMETRIC_REPRESENTATION_CONTEXT() REPRESENTATION_CONTEXT('2D SPACE',''
  ) );
#1116 = ORIENTED_EDGE('',*,*,#1117,.F.);
#1117 = EDGE_CURVE('',#1118,#1089,#1120,.T.);
#1118 = VERTEX_POINT('',#1119);
#1119 = CARTESIAN_POINT('',(4.435708643648,0.356354919518,
    11.217854321824));
#1120 = SURFACE_CURVE('',#1121,(#1130,#1142),.PCURVE_S1.);
#1121 = B_SPLINE_CURVE_WITH_KNOTS('',7,(#1122,#1123,#1124,#1125,#1126,
    #1127,#1128,#1129),.UNSPECIFIED.,.F.,.F.,(8,8),(0.,1.),
  .PIECEWISE_BEZIER_KNOTS.);
#1122 = CARTESIAN_POINT('',(4.435708726308,0.356353890613,
    11.217855033974));
#1123 = CARTESIAN_POINT('',(4.429143254414,0.438077485443,
    11.161290614521));
#1124 = CARTESIAN_POINT('',(4.421629036392,0.509601664323,11.09396236998
    ));
#1125 = CARTESIAN_POINT('',(4.413886872069,0.571721925988,
    11.020352887653));
#1126 = CARTESIAN_POINT('',(4.406344650868,0.625759035833,
    10.943332992497));
#1127 = CARTESIAN_POINT('',(4.399150409268,0.673118459117,
    10.864361173627));
#1128 = CARTESIAN_POINT('',(4.392330571161,0.715121959975,
    10.783603539845));
#1129 = CARTESIAN_POINT('',(4.385849947631,0.752874648839,10.6999994));
#1130 = PCURVE('',#266,#1131);
#1131 = DEFINITIONAL_REPRESENTATION('',(#1132),#1141);
#1132 = B_SPLINE_CURVE_WITH_KNOTS('',7,(#1133,#1134,#1135,#1136,#1137,
    #1138,#1139,#1140),.UNSPECIFIED.,.F.,.F.,(8,8),(0.,1.),
  .PIECEWISE_BEZIER_KNOTS.);
#1133 = CARTESIAN_POINT('',(0.364362684649,12.074767678499));
#1134 = CARTESIAN_POINT('',(0.451828304657,12.027111091989));
#1135 = CARTESIAN_POINT('',(0.531781852008,11.970251339808));
#1136 = CARTESIAN_POINT('',(0.605115533327,11.907875418443));
#1137 = CARTESIAN_POINT('',(0.672717563729,11.842359713829));
#1138 = CARTESIAN_POINT('',(0.73562990583,11.774942534361));
#1139 = CARTESIAN_POINT('',(0.795058298744,11.705760635147));
#1140 = CARTESIAN_POINT('',(0.852418915077,11.633881042139));
#1141 = ( GEOMETRIC_REPRESENTATION_CONTEXT(2) 
PARAMETRIC_REPRESENTATION_CONTEXT() REPRESENTATION_CONTEXT('2D SPACE',''
  ) );
#1142 = PCURVE('',#1004,#1143);
#1143 = DEFINITIONAL_REPRESENTATION('',(#1144),#1153);
#1144 = B_SPLINE_CURVE_WITH_KNOTS('',7,(#1145,#1146,#1147,#1148,#1149,
    #1150,#1151,#1152),.UNSPECIFIED.,.F.,.F.,(8,8),(0.,1.),
  .PIECEWISE_BEZIER_KNOTS.);
#1145 = CARTESIAN_POINT('',(-8.016536198093E-02,-0.517855033974));
#1146 = CARTESIAN_POINT('',(-9.858938390663E-02,-0.461290614521));
#1147 = CARTESIAN_POINT('',(-0.114745830595,-0.39396236998));
#1148 = CARTESIAN_POINT('',(-0.128810181,-0.320352887653));
#1149 = CARTESIAN_POINT('',(-0.141069283478,-0.243332992497));
#1150 = CARTESIAN_POINT('',(-0.151832959988,-0.164361173627));
#1151 = CARTESIAN_POINT('',(-0.161395169961,-8.36035398451E-02));
#1152 = CARTESIAN_POINT('',(-0.17000300865,6.000000000173E-07));
#1153 = ( GEOMETRIC_REPRESENTATION_CONTEXT(2) 
PARAMETRIC_REPRESENTATION_CONTEXT() REPRESENTATION_CONTEXT('2D SPACE',''
  ) );
#1154 = ORIENTED_EDGE('',*,*,#1155,.F.);
#1155 = EDGE_CURVE('',#919,#1118,#1156,.T.);
#1156 = SURFACE_CURVE('',#1157,(#1162,#1169),.PCURVE_S1.);
#1157 = CIRCLE('',#1158,1.);
#1158 = AXIS2_PLACEMENT_3D('',#1159,#1160,#1161);
#1159 = CARTESIAN_POINT('',(3.6,0.,10.8));
#1160 = DIRECTION('',(-0.4472135955,0.,0.894427191));
#1161 = DIRECTION('',(0.894427191,0.,0.4472135955));
#1162 = PCURVE('',#266,#1163);
#1163 = DEFINITIONAL_REPRESENTATION('',(#1164),#1168);
#1164 = LINE('',#1165,#1166);
#1165 = CARTESIAN_POINT('',(0.,12.074767078499));
#1166 = VECTOR('',#1167,1.);
#1167 = DIRECTION('',(1.,0.));
#1168 = ( GEOMETRIC_REPRESENTATION_CONTEXT(2) 
PARAMETRIC_REPRESENTATION_CONTEXT() REPRESENTATION_CONTEXT('2D SPACE',''
  ) );
#1169 = PCURVE('',#958,#1170);
#1170 = DEFINITIONAL_REPRESENTATION('',(#1171),#1175);
#1171 = CIRCLE('',#1172,1.);
#1172 = AXIS2_PLACEMENT_2D('',#1173,#1174);
#1173 = CARTESIAN_POINT('',(0.,0.));
#1174 = DIRECTION('',(1.,0.));
#1175 = ( GEOMETRIC_REPRESENTATION_CONTEXT(2) 
PARAMETRIC_REPRESENTATION_CONTEXT() REPRESENTATION_CONTEXT('2D SPACE',''
  ) );
#1176 = ORIENTED_EDGE('',*,*,#918,.F.);
#1177 = ORIENTED_EDGE('',*,*,#170,.T.);
#1178 = ORIENTED_EDGE('',*,*,#891,.T.);
#1179 = ADVANCED_FACE('',(#1180),#705,.T.);
#1180 = FACE_BOUND('',#1181,.T.);
#1181 = EDGE_LOOP('',(#1182,#1213,#1236,#1258,#1259,#1281,#1282,#1306,
    #1341,#1379,#1408,#1458));
#1182 = ORIENTED_EDGE('',*,*,#1183,.F.);
#1183 = EDGE_CURVE('',#1184,#1186,#1188,.T.);
#1184 = VERTEX_POINT('',#1185);
#1185 = CARTESIAN_POINT('',(-2.705572809,-2.449293598295E-16,
    10.3527864045));
#1186 = VERTEX_POINT('',#1187);
#1187 = CARTESIAN_POINT('',(-3.4,0.974679434481,10.7));
#1188 = SURFACE_CURVE('',#1189,(#1194,#1201),.PCURVE_S1.);
#1189 = CIRCLE('',#1190,1.);
#1190 = AXIS2_PLACEMENT_3D('',#1191,#1192,#1193);
#1191 = CARTESIAN_POINT('',(-3.6,0.,10.8));
#1192 = DIRECTION('',(0.4472135955,0.,0.894427191));
#1193 = DIRECTION('',(0.894427191,0.,-0.4472135955));
#1194 = PCURVE('',#705,#1195);
#1195 = DEFINITIONAL_REPRESENTATION('',(#1196),#1200);
#1196 = LINE('',#1197,#1198);
#1197 = CARTESIAN_POINT('',(0.,12.074767078499));
#1198 = VECTOR('',#1199,1.);
#1199 = DIRECTION('',(1.,0.));
#1200 = ( GEOMETRIC_REPRESENTATION_CONTEXT(2) 
PARAMETRIC_REPRESENTATION_CONTEXT() REPRESENTATION_CONTEXT('2D SPACE',''
  ) );
#1201 = PCURVE('',#1202,#1207);
#1202 = PLANE('',#1203);
#1203 = AXIS2_PLACEMENT_3D('',#1204,#1205,#1206);
#1204 = CARTESIAN_POINT('',(-3.6,0.,10.8));
#1205 = DIRECTION('',(0.4472135955,0.,0.894427191));
#1206 = DIRECTION('',(0.894427191,0.,-0.4472135955));
#1207 = DEFINITIONAL_REPRESENTATION('',(#1208),#1212);
#1208 = CIRCLE('',#1209,1.);
#1209 = AXIS2_PLACEMENT_2D('',#1210,#1211);
#1210 = CARTESIAN_POINT('',(0.,0.));
#1211 = DIRECTION('',(1.,0.));
#1212 = ( GEOMETRIC_REPRESENTATION_CONTEXT(2) 
PARAMETRIC_REPRESENTATION_CONTEXT() REPRESENTATION_CONTEXT('2D SPACE',''
  ) );
#1213 = ORIENTED_EDGE('',*,*,#1214,.F.);
#1214 = EDGE_CURVE('',#1215,#1184,#1217,.T.);
#1215 = VERTEX_POINT('',#1216);
#1216 = CARTESIAN_POINT('',(-8.105572809,-2.449293598295E-16,
    -0.4472135955));
#1217 = SEAM_CURVE('',#1218,(#1222,#1229),.PCURVE_S1.);
#1218 = LINE('',#1219,#1220);
#1219 = CARTESIAN_POINT('',(-8.105572809,-2.449293598295E-16,
    -0.4472135955));
#1220 = VECTOR('',#1221,1.);
#1221 = DIRECTION('',(0.4472135955,0.,0.894427191));
#1222 = PCURVE('',#705,#1223);
#1223 = DEFINITIONAL_REPRESENTATION('',(#1224),#1228);
#1224 = LINE('',#1225,#1226);
#1225 = CARTESIAN_POINT('',(6.28318530718,-0.));
#1226 = VECTOR('',#1227,1.);
#1227 = DIRECTION('',(0.,1.));
#1228 = ( GEOMETRIC_REPRESENTATION_CONTEXT(2) 
PARAMETRIC_REPRESENTATION_CONTEXT() REPRESENTATION_CONTEXT('2D SPACE',''
  ) );
#1229 = PCURVE('',#705,#1230);
#1230 = DEFINITIONAL_REPRESENTATION('',(#1231),#1235);
#1231 = LINE('',#1232,#1233);
#1232 = CARTESIAN_POINT('',(0.,-0.));
#1233 = VECTOR('',#1234,1.);
#1234 = DIRECTION('',(0.,1.));
#1235 = ( GEOMETRIC_REPRESENTATION_CONTEXT(2) 
PARAMETRIC_REPRESENTATION_CONTEXT() REPRESENTATION_CONTEXT('2D SPACE',''
  ) );
#1236 = ORIENTED_EDGE('',*,*,#1237,.T.);
#1237 = EDGE_CURVE('',#1215,#468,#1238,.T.);
#1238 = SURFACE_CURVE('',#1239,(#1244,#1251),.PCURVE_S1.);
#1239 = CIRCLE('',#1240,1.);
#1240 = AXIS2_PLACEMENT_3D('',#1241,#1242,#1243);
#1241 = CARTESIAN_POINT('',(-9.,0.,0.));
#1242 = DIRECTION('',(0.4472135955,0.,0.894427191));
#1243 = DIRECTION('',(0.894427191,0.,-0.4472135955));
#1244 = PCURVE('',#705,#1245);
#1245 = DEFINITIONAL_REPRESENTATION('',(#1246),#1250);
#1246 = LINE('',#1247,#1248);
#1247 = CARTESIAN_POINT('',(0.,0.));
#1248 = VECTOR('',#1249,1.);
#1249 = DIRECTION('',(1.,0.));
#1250 = ( GEOMETRIC_REPRESENTATION_CONTEXT(2) 
PARAMETRIC_REPRESENTATION_CONTEXT() REPRESENTATION_CONTEXT('2D SPACE',''
  ) );
#1251 = PCURVE('',#871,#1252);
#1252 = DEFINITIONAL_REPRESENTATION('',(#1253),#1257);
#1253 = CIRCLE('',#1254,1.);
#1254 = AXIS2_PLACEMENT_2D('',#1255,#1256);
#1255 = CARTESIAN_POINT('',(0.,0.));
#1256 = DIRECTION('',(1.,0.));
#1257 = ( GEOMETRIC_REPRESENTATION_CONTEXT(2) 
PARAMETRIC_REPRESENTATION_CONTEXT() REPRESENTATION_CONTEXT('2D SPACE',''
  ) );
#1258 = ORIENTED_EDGE('',*,*,#465,.F.);
#1259 = ORIENTED_EDGE('',*,*,#1260,.T.);
#1260 = EDGE_CURVE('',#466,#1215,#1261,.T.);
#1261 = SURFACE_CURVE('',#1262,(#1267,#1274),.PCURVE_S1.);
#1262 = CIRCLE('',#1263,1.);
#1263 = AXIS2_PLACEMENT_3D('',#1264,#1265,#1266);
#1264 = CARTESIAN_POINT('',(-9.,0.,0.));
#1265 = DIRECTION('',(0.4472135955,0.,0.894427191));
#1266 = DIRECTION('',(0.894427191,0.,-0.4472135955));
#1267 = PCURVE('',#705,#1268);
#1268 = DEFINITIONAL_REPRESENTATION('',(#1269),#1273);
#1269 = LINE('',#1270,#1271);
#1270 = CARTESIAN_POINT('',(0.,0.));
#1271 = VECTOR('',#1272,1.);
#1272 = DIRECTION('',(1.,0.));
#1273 = ( GEOMETRIC_REPRESENTATION_CONTEXT(2) 
PARAMETRIC_REPRESENTATION_CONTEXT() REPRESENTATION_CONTEXT('2D SPACE',''
  ) );
#1274 = PCURVE('',#871,#1275);
#1275 = DEFINITIONAL_REPRESENTATION('',(#1276),#1280);
#1276 = CIRCLE('',#1277,1.);
#1277 = AXIS2_PLACEMENT_2D('',#1278,#1279);
#1278 = CARTESIAN_POINT('',(0.,0.));
#1279 = DIRECTION('',(1.,0.));
#1280 = ( GEOMETRIC_REPRESENTATION_CONTEXT(2) 
PARAMETRIC_REPRESENTATION_CONTEXT() REPRESENTATION_CONTEXT('2D SPACE',''
  ) );
#1281 = ORIENTED_EDGE('',*,*,#1214,.T.);
#1282 = ORIENTED_EDGE('',*,*,#1283,.F.);
#1283 = EDGE_CURVE('',#1284,#1184,#1286,.T.);
#1284 = VERTEX_POINT('',#1285);
#1285 = CARTESIAN_POINT('',(-3.4,-0.974679434481,10.7));
#1286 = SURFACE_CURVE('',#1287,(#1292,#1299),.PCURVE_S1.);
#1287 = CIRCLE('',#1288,1.);
#1288 = AXIS2_PLACEMENT_3D('',#1289,#1290,#1291);
#1289 = CARTESIAN_POINT('',(-3.6,0.,10.8));
#1290 = DIRECTION('',(0.4472135955,0.,0.894427191));
#1291 = DIRECTION('',(0.894427191,0.,-0.4472135955));
#1292 = PCURVE('',#705,#1293);
#1293 = DEFINITIONAL_REPRESENTATION('',(#1294),#1298);
#1294 = LINE('',#1295,#1296);
#1295 = CARTESIAN_POINT('',(0.,12.074767078499));
#1296 = VECTOR('',#1297,1.);
#1297 = DIRECTION('',(1.,0.));
#1298 = ( GEOMETRIC_REPRESENTATION_CONTEXT(2) 
PARAMETRIC_REPRESENTATION_CONTEXT() REPRESENTATION_CONTEXT('2D SPACE',''
  ) );
#1299 = PCURVE('',#1202,#1300);
#1300 = DEFINITIONAL_REPRESENTATION('',(#1301),#1305);
#1301 = CIRCLE('',#1302,1.);
#1302 = AXIS2_PLACEMENT_2D('',#1303,#1304);
#1303 = CARTESIAN_POINT('',(0.,0.));
#1304 = DIRECTION('',(1.,0.));
#1305 = ( GEOMETRIC_REPRESENTATION_CONTEXT(2) 
PARAMETRIC_REPRESENTATION_CONTEXT() REPRESENTATION_CONTEXT('2D SPACE',''
  ) );
#1306 = ORIENTED_EDGE('',*,*,#1307,.F.);
#1307 = EDGE_CURVE('',#1308,#1284,#1310,.T.);
#1308 = VERTEX_POINT('',#1309);
#1309 = CARTESIAN_POINT('',(-4.38584999414,-0.7528743779,10.7));
#1310 = SURFACE_CURVE('',#1311,(#1316,#1334),.PCURVE_S1.);
#1311 = ELLIPSE('',#1312,1.11803398875,1.);
#1312 = AXIS2_PLACEMENT_3D('',#1313,#1314,#1315);
#1313 = CARTESIAN_POINT('',(-3.65,0.,10.7));
#1314 = DIRECTION('',(0.,0.,1.));
#1315 = DIRECTION('',(1.,0.,-0.));
#1316 = PCURVE('',#705,#1317);
#1317 = DEFINITIONAL_REPRESENTATION('',(#1318),#1333);
#1318 = B_SPLINE_CURVE_WITH_KNOTS('',7,(#1319,#1320,#1321,#1322,#1323,
    #1324,#1325,#1326,#1327,#1328,#1329,#1330,#1331,#1332),
  .UNSPECIFIED.,.F.,.F.,(8,6,8),(1.345281689723,3.14159265359,
    4.937903617457),.UNSPECIFIED.);
#1319 = CARTESIAN_POINT('',(1.345281689723,12.074767678499));
#1320 = CARTESIAN_POINT('',(1.601897541704,11.949708617078));
#1321 = CARTESIAN_POINT('',(1.858513393684,11.816061125432));
#1322 = CARTESIAN_POINT('',(2.115129245667,11.687267364188));
#1323 = CARTESIAN_POINT('',(2.371745097646,11.578196936962));
#1324 = CARTESIAN_POINT('',(2.628360949628,11.501378515353));
#1325 = CARTESIAN_POINT('',(2.884976801609,11.462963679624));
#1326 = CARTESIAN_POINT('',(3.398208505571,11.462963679624));
#1327 = CARTESIAN_POINT('',(3.654824357552,11.501378515355));
#1328 = CARTESIAN_POINT('',(3.911440209532,11.578196936965));
#1329 = CARTESIAN_POINT('',(4.168056061514,11.687267364188));
#1330 = CARTESIAN_POINT('',(4.424671913495,11.816061125431));
#1331 = CARTESIAN_POINT('',(4.681287765476,11.949708617078));
#1332 = CARTESIAN_POINT('',(4.937903617457,12.074767678499));
#1333 = ( GEOMETRIC_REPRESENTATION_CONTEXT(2) 
PARAMETRIC_REPRESENTATION_CONTEXT() REPRESENTATION_CONTEXT('2D SPACE',''
  ) );
#1334 = PCURVE('',#1047,#1335);
#1335 = DEFINITIONAL_REPRESENTATION('',(#1336),#1340);
#1336 = ELLIPSE('',#1337,1.11803398875,1.);
#1337 = AXIS2_PLACEMENT_2D('',#1338,#1339);
#1338 = CARTESIAN_POINT('',(-3.65,2.801098316123E-17));
#1339 = DIRECTION('',(1.,0.));
#1340 = ( GEOMETRIC_REPRESENTATION_CONTEXT(2) 
PARAMETRIC_REPRESENTATION_CONTEXT() REPRESENTATION_CONTEXT('2D SPACE',''
  ) );
#1341 = ORIENTED_EDGE('',*,*,#1342,.F.);
#1342 = EDGE_CURVE('',#1343,#1308,#1345,.T.);
#1343 = VERTEX_POINT('',#1344);
#1344 = CARTESIAN_POINT('',(-4.435708643648,-0.356354919518,
    11.217854321824));
#1345 = SURFACE_CURVE('',#1346,(#1355,#1367),.PCURVE_S1.);
#1346 = B_SPLINE_CURVE_WITH_KNOTS('',7,(#1347,#1348,#1349,#1350,#1351,
    #1352,#1353,#1354),.UNSPECIFIED.,.F.,.F.,(8,8),(0.,1.),
  .PIECEWISE_BEZIER_KNOTS.);
#1347 = CARTESIAN_POINT('',(-4.435708726308,-0.356353890613,
    11.217855033974));
#1348 = CARTESIAN_POINT('',(-4.429143254414,-0.438077485443,
    11.161290614521));
#1349 = CARTESIAN_POINT('',(-4.421629036392,-0.509601664323,
    11.093962369981));
#1350 = CARTESIAN_POINT('',(-4.413886872069,-0.571721925988,
    11.020352887653));
#1351 = CARTESIAN_POINT('',(-4.406344650868,-0.625759035833,
    10.943332992497));
#1352 = CARTESIAN_POINT('',(-4.399150409268,-0.673118459117,
    10.864361173627));
#1353 = CARTESIAN_POINT('',(-4.392330571161,-0.715121959975,
    10.783603539845));
#1354 = CARTESIAN_POINT('',(-4.385849947631,-0.752874648839,10.6999994)
  );
#1355 = PCURVE('',#705,#1356);
#1356 = DEFINITIONAL_REPRESENTATION('',(#1357),#1366);
#1357 = B_SPLINE_CURVE_WITH_KNOTS('',7,(#1358,#1359,#1360,#1361,#1362,
    #1363,#1364,#1365),.UNSPECIFIED.,.F.,.F.,(8,8),(0.,1.),
  .PIECEWISE_BEZIER_KNOTS.);
#1358 = CARTESIAN_POINT('',(3.505955338239,12.074767678499));
#1359 = CARTESIAN_POINT('',(3.593420958247,12.027111091989));
#1360 = CARTESIAN_POINT('',(3.673374505598,11.970251339808));
#1361 = CARTESIAN_POINT('',(3.746708186917,11.907875418443));
#1362 = CARTESIAN_POINT('',(3.814310217319,11.842359713829));
#1363 = CARTESIAN_POINT('',(3.87722255942,11.774942534361));
#1364 = CARTESIAN_POINT('',(3.936650952334,11.705760635147));
#1365 = CARTESIAN_POINT('',(3.994011568667,11.633881042139));
#1366 = ( GEOMETRIC_REPRESENTATION_CONTEXT(2) 
PARAMETRIC_REPRESENTATION_CONTEXT() REPRESENTATION_CONTEXT('2D SPACE',''
  ) );
#1367 = PCURVE('',#1004,#1368);
#1368 = DEFINITIONAL_REPRESENTATION('',(#1369),#1378);
#1369 = B_SPLINE_CURVE_WITH_KNOTS('',7,(#1370,#1371,#1372,#1373,#1374,
    #1375,#1376,#1377),.UNSPECIFIED.,.F.,.F.,(8,8),(0.,1.),
  .PIECEWISE_BEZIER_KNOTS.);
#1370 = CARTESIAN_POINT('',(-3.221758015571,-0.517855033974));
#1371 = CARTESIAN_POINT('',(-3.240182037496,-0.461290614521));
#1372 = CARTESIAN_POINT('',(-3.256338484184,-0.393962369981));
#1373 = CARTESIAN_POINT('',(-3.270402834589,-0.320352887653));
#1374 = CARTESIAN_POINT('',(-3.282661937068,-0.243332992497));
#1375 = CARTESIAN_POINT('',(-3.293425613578,-0.164361173627));
#1376 = CARTESIAN_POINT('',(-3.302987823551,-8.360353984518E-02));
#1377 = CARTESIAN_POINT('',(-3.31159566224,6.000000000173E-07));
#1378 = ( GEOMETRIC_REPRESENTATION_CONTEXT(2) 
PARAMETRIC_REPRESENTATION_CONTEXT() REPRESENTATION_CONTEXT('2D SPACE',''
  ) );
#1379 = ORIENTED_EDGE('',*,*,#1380,.F.);
#1380 = EDGE_CURVE('',#1381,#1343,#1383,.T.);
#1381 = VERTEX_POINT('',#1382);
#1382 = CARTESIAN_POINT('',(-4.435708643648,0.356354919518,
    11.217854321824));
#1383 = SURFACE_CURVE('',#1384,(#1389,#1396),.PCURVE_S1.);
#1384 = CIRCLE('',#1385,1.);
#1385 = AXIS2_PLACEMENT_3D('',#1386,#1387,#1388);
#1386 = CARTESIAN_POINT('',(-3.6,0.,10.8));
#1387 = DIRECTION('',(0.4472135955,0.,0.894427191));
#1388 = DIRECTION('',(0.894427191,0.,-0.4472135955));
#1389 = PCURVE('',#705,#1390);
#1390 = DEFINITIONAL_REPRESENTATION('',(#1391),#1395);
#1391 = LINE('',#1392,#1393);
#1392 = CARTESIAN_POINT('',(0.,12.074767078499));
#1393 = VECTOR('',#1394,1.);
#1394 = DIRECTION('',(1.,0.));
#1395 = ( GEOMETRIC_REPRESENTATION_CONTEXT(2) 
PARAMETRIC_REPRESENTATION_CONTEXT() REPRESENTATION_CONTEXT('2D SPACE',''
  ) );
#1396 = PCURVE('',#1397,#1402);
#1397 = PLANE('',#1398);
#1398 = AXIS2_PLACEMENT_3D('',#1399,#1400,#1401);
#1399 = CARTESIAN_POINT('',(-3.6,0.,10.8));
#1400 = DIRECTION('',(0.4472135955,0.,0.894427191));
#1401 = DIRECTION('',(0.894427191,0.,-0.4472135955));
#1402 = DEFINITIONAL_REPRESENTATION('',(#1403),#1407);
#1403 = CIRCLE('',#1404,1.);
#1404 = AXIS2_PLACEMENT_2D('',#1405,#1406);
#1405 = CARTESIAN_POINT('',(0.,0.));
#1406 = DIRECTION('',(1.,0.));
#1407 = ( GEOMETRIC_REPRESENTATION_CONTEXT(2) 
PARAMETRIC_REPRESENTATION_CONTEXT() REPRESENTATION_CONTEXT('2D SPACE',''
  ) );
#1408 = ORIENTED_EDGE('',*,*,#1409,.F.);
#1409 = EDGE_CURVE('',#1410,#1381,#1412,.T.);
#1410 = VERTEX_POINT('',#1411);
#1411 = CARTESIAN_POINT('',(-4.38584999414,0.7528743779,10.7));
#1412 = SURFACE_CURVE('',#1413,(#1426,#1442),.PCURVE_S1.);
#1413 = B_SPLINE_CURVE_WITH_KNOTS('',6,(#1414,#1415,#1416,#1417,#1418,
    #1419,#1420,#1421,#1422,#1423,#1424,#1425),.UNSPECIFIED.,.F.,.F.,(7,
    5,7),(0.,0.901041413972,1.),.UNSPECIFIED.);
#1414 = CARTESIAN_POINT('',(-4.385849947631,0.752874648839,10.6999994));
#1415 = CARTESIAN_POINT('',(-4.392650035246,0.713260930998,
    10.787724828462));
#1416 = CARTESIAN_POINT('',(-4.399859415232,0.66869185052,
    10.872540745727));
#1417 = CARTESIAN_POINT('',(-4.407503566175,0.617804120561,
    10.955507984561));
#1418 = CARTESIAN_POINT('',(-4.415533577812,0.558949014802,
    11.035938659454));
#1419 = CARTESIAN_POINT('',(-4.423619890431,0.490369669808,
    11.111257534394));
#1420 = CARTESIAN_POINT('',(-4.431801641889,0.402133194432,
    11.18381047772));
#1421 = CARTESIAN_POINT('',(-4.432603307098,0.393263013746,
    11.190875725395));
#1422 = CARTESIAN_POINT('',(-4.433395982955,0.38425199272,
    11.197820071289));
#1423 = CARTESIAN_POINT('',(-4.434178579585,0.375097992725,
    11.204636533525));
#1424 = CARTESIAN_POINT('',(-4.434949917242,0.365799152991,
    11.211317561117));
#1425 = CARTESIAN_POINT('',(-4.435708726308,0.356353890613,
    11.217855033974));
#1426 = PCURVE('',#705,#1427);
#1427 = DEFINITIONAL_REPRESENTATION('',(#1428),#1441);
#1428 = B_SPLINE_CURVE_WITH_KNOTS('',6,(#1429,#1430,#1431,#1432,#1433,
    #1434,#1435,#1436,#1437,#1438,#1439,#1440),.UNSPECIFIED.,.F.,.F.,(7,
    5,7),(0.,0.901041413972,1.),.UNSPECIFIED.);
#1429 = CARTESIAN_POINT('',(2.289173738513,11.633881042139));
#1430 = CARTESIAN_POINT('',(2.349361961895,11.709303959065));
#1431 = CARTESIAN_POINT('',(2.412108262979,11.781941488952));
#1432 = CARTESIAN_POINT('',(2.479072349469,11.8527310751));
#1433 = CARTESIAN_POINT('',(2.551649350075,11.921079327338));
#1434 = CARTESIAN_POINT('',(2.630984792336,11.98483026814));
#1435 = CARTESIAN_POINT('',(2.727767551489,12.04606460295));
#1436 = CARTESIAN_POINT('',(2.737447268658,12.052025437001));
#1437 = CARTESIAN_POINT('',(2.747231443431,12.057882153373));
#1438 = CARTESIAN_POINT('',(2.757122101324,12.06362899469));
#1439 = CARTESIAN_POINT('',(2.767121067934,12.069259734746));
#1440 = CARTESIAN_POINT('',(2.777229968941,12.074767678499));
#1441 = ( GEOMETRIC_REPRESENTATION_CONTEXT(2) 
PARAMETRIC_REPRESENTATION_CONTEXT() REPRESENTATION_CONTEXT('2D SPACE',''
  ) );
#1442 = PCURVE('',#1004,#1443);
#1443 = DEFINITIONAL_REPRESENTATION('',(#1444),#1457);
#1444 = B_SPLINE_CURVE_WITH_KNOTS('',6,(#1445,#1446,#1447,#1448,#1449,
    #1450,#1451,#1452,#1453,#1454,#1455,#1456),.UNSPECIFIED.,.F.,.F.,(7,
    5,7),(0.,0.901041413972,1.),.UNSPECIFIED.);
#1445 = CARTESIAN_POINT('',(-2.97158964494,6.000000000173E-07));
#1446 = CARTESIAN_POINT('',(-2.980621809358,-8.772482846175E-02));
#1447 = CARTESIAN_POINT('',(-2.990767058849,-0.172540745727));
#1448 = CARTESIAN_POINT('',(-3.00232954114,-0.255507984561));
#1449 = CARTESIAN_POINT('',(-3.01567584044,-0.335938659454));
#1450 = CARTESIAN_POINT('',(-3.031188894556,-0.411257534394));
#1451 = CARTESIAN_POINT('',(-3.051102375697,-0.48381047772));
#1452 = CARTESIAN_POINT('',(-3.053103793549,-0.490875725395));
#1453 = CARTESIAN_POINT('',(-3.055136552853,-0.497820071289));
#1454 = CARTESIAN_POINT('',(-3.057201125598,-0.504636533525));
#1455 = CARTESIAN_POINT('',(-3.05929792222,-0.511317561117));
#1456 = CARTESIAN_POINT('',(-3.061427291609,-0.517855033974));
#1457 = ( GEOMETRIC_REPRESENTATION_CONTEXT(2) 
PARAMETRIC_REPRESENTATION_CONTEXT() REPRESENTATION_CONTEXT('2D SPACE',''
  ) );
#1458 = ORIENTED_EDGE('',*,*,#1459,.F.);
#1459 = EDGE_CURVE('',#1186,#1410,#1460,.T.);
#1460 = SURFACE_CURVE('',#1461,(#1466,#1484),.PCURVE_S1.);
#1461 = ELLIPSE('',#1462,1.11803398875,1.);
#1462 = AXIS2_PLACEMENT_3D('',#1463,#1464,#1465);
#1463 = CARTESIAN_POINT('',(-3.65,0.,10.7));
#1464 = DIRECTION('',(0.,0.,1.));
#1465 = DIRECTION('',(1.,0.,-0.));
#1466 = PCURVE('',#705,#1467);
#1467 = DEFINITIONAL_REPRESENTATION('',(#1468),#1483);
#1468 = B_SPLINE_CURVE_WITH_KNOTS('',7,(#1469,#1470,#1471,#1472,#1473,
    #1474,#1475,#1476,#1477,#1478,#1479,#1480,#1481,#1482),
  .UNSPECIFIED.,.F.,.F.,(8,6,8),(1.345281689723,3.14159265359,
    4.937903617457),.UNSPECIFIED.);
#1469 = CARTESIAN_POINT('',(1.345281689723,12.074767678499));
#1470 = CARTESIAN_POINT('',(1.601897541704,11.949708617078));
#1471 = CARTESIAN_POINT('',(1.858513393684,11.816061125432));
#1472 = CARTESIAN_POINT('',(2.115129245667,11.687267364188));
#1473 = CARTESIAN_POINT('',(2.371745097646,11.578196936962));
#1474 = CARTESIAN_POINT('',(2.628360949628,11.501378515353));
#1475 = CARTESIAN_POINT('',(2.884976801609,11.462963679624));
#1476 = CARTESIAN_POINT('',(3.398208505571,11.462963679624));
#1477 = CARTESIAN_POINT('',(3.654824357552,11.501378515355));
#1478 = CARTESIAN_POINT('',(3.911440209532,11.578196936965));
#1479 = CARTESIAN_POINT('',(4.168056061514,11.687267364188));
#1480 = CARTESIAN_POINT('',(4.424671913495,11.816061125431));
#1481 = CARTESIAN_POINT('',(4.681287765476,11.949708617078));
#1482 = CARTESIAN_POINT('',(4.937903617457,12.074767678499));
#1483 = ( GEOMETRIC_REPRESENTATION_CONTEXT(2) 
PARAMETRIC_REPRESENTATION_CONTEXT() REPRESENTATION_CONTEXT('2D SPACE',''
  ) );
#1484 = PCURVE('',#1047,#1485);
#1485 = DEFINITIONAL_REPRESENTATION('',(#1486),#1490);
#1486 = ELLIPSE('',#1487,1.11803398875,1.);
#1487 = AXIS2_PLACEMENT_2D('',#1488,#1489);
#1488 = CARTESIAN_POINT('',(-3.65,2.801098316123E-17));
#1489 = DIRECTION('',(1.,0.));
#1490 = ( GEOMETRIC_REPRESENTATION_CONTEXT(2) 
PARAMETRIC_REPRESENTATION_CONTEXT() REPRESENTATION_CONTEXT('2D SPACE',''
  ) );
#1491 = ADVANCED_FACE('',(#1492),#871,.F.);
#1492 = FACE_BOUND('',#1493,.F.);
#1493 = EDGE_LOOP('',(#1494,#1495,#1496));
#1494 = ORIENTED_EDGE('',*,*,#1260,.T.);
#1495 = ORIENTED_EDGE('',*,*,#1237,.T.);
#1496 = ORIENTED_EDGE('',*,*,#849,.F.);
#1497 = ADVANCED_FACE('',(#1498),#958,.T.);
#1498 = FACE_BOUND('',#1499,.T.);
#1499 = EDGE_LOOP('',(#1500,#1501,#1502,#1529));
#1500 = ORIENTED_EDGE('',*,*,#941,.T.);
#1501 = ORIENTED_EDGE('',*,*,#1155,.T.);
#1502 = ORIENTED_EDGE('',*,*,#1503,.F.);
#1503 = EDGE_CURVE('',#1504,#1118,#1506,.T.);
#1504 = VERTEX_POINT('',#1505);
#1505 = CARTESIAN_POINT('',(4.45,0.,11.225));
#1506 = SURFACE_CURVE('',#1507,(#1512,#1519),.PCURVE_S1.);
#1507 = ELLIPSE('',#1508,4.975251249937,4.45);
#1508 = AXIS2_PLACEMENT_3D('',#1509,#1510,#1511);
#1509 = CARTESIAN_POINT('',(0.,0.,9.));
#1510 = DIRECTION('',(-0.4472135955,0.,0.894427191));
#1511 = DIRECTION('',(-0.894427191,0.,-0.4472135955));
#1512 = PCURVE('',#958,#1513);
#1513 = DEFINITIONAL_REPRESENTATION('',(#1514),#1518);
#1514 = ELLIPSE('',#1515,4.975251249937,4.45);
#1515 = AXIS2_PLACEMENT_2D('',#1516,#1517);
#1516 = CARTESIAN_POINT('',(-4.0249223595,0.));
#1517 = DIRECTION('',(-1.,0.));
#1518 = ( GEOMETRIC_REPRESENTATION_CONTEXT(2) 
PARAMETRIC_REPRESENTATION_CONTEXT() REPRESENTATION_CONTEXT('2D SPACE',''
  ) );
#1519 = PCURVE('',#1004,#1520);
#1520 = DEFINITIONAL_REPRESENTATION('',(#1521),#1528);
#1521 = B_SPLINE_CURVE_WITH_KNOTS('',5,(#1522,#1523,#1524,#1525,#1526,
    #1527),.UNSPECIFIED.,.F.,.F.,(6,6),(3.14159265359,3.414635621702),
  .PIECEWISE_BEZIER_KNOTS.);
#1522 = CARTESIAN_POINT('',(8.881784197001E-16,-0.525));
#1523 = CARTESIAN_POINT('',(-5.460859362243E-02,-0.525));
#1524 = CARTESIAN_POINT('',(-0.109217187245,-0.516706066355));
#1525 = CARTESIAN_POINT('',(-0.163825780867,-0.500118016315));
#1526 = CARTESIAN_POINT('',(-0.21843437449,-0.47533954228));
#1527 = CARTESIAN_POINT('',(-0.273042968112,-0.442574386107));
#1528 = ( GEOMETRIC_REPRESENTATION_CONTEXT(2) 
PARAMETRIC_REPRESENTATION_CONTEXT() REPRESENTATION_CONTEXT('2D SPACE',''
  ) );
#1529 = ORIENTED_EDGE('',*,*,#1530,.F.);
#1530 = EDGE_CURVE('',#942,#1504,#1531,.T.);
#1531 = SURFACE_CURVE('',#1532,(#1537,#1544),.PCURVE_S1.);
#1532 = ELLIPSE('',#1533,4.975251249937,4.45);
#1533 = AXIS2_PLACEMENT_3D('',#1534,#1535,#1536);
#1534 = CARTESIAN_POINT('',(0.,0.,9.));
#1535 = DIRECTION('',(-0.4472135955,0.,0.894427191));
#1536 = DIRECTION('',(-0.894427191,0.,-0.4472135955));
#1537 = PCURVE('',#958,#1538);
#1538 = DEFINITIONAL_REPRESENTATION('',(#1539),#1543);
#1539 = ELLIPSE('',#1540,4.975251249937,4.45);
#1540 = AXIS2_PLACEMENT_2D('',#1541,#1542);
#1541 = CARTESIAN_POINT('',(-4.0249223595,0.));
#1542 = DIRECTION('',(-1.,0.));
#1543 = ( GEOMETRIC_REPRESENTATION_CONTEXT(2) 
PARAMETRIC_REPRESENTATION_CONTEXT() REPRESENTATION_CONTEXT('2D SPACE',''
  ) );
#1544 = PCURVE('',#1004,#1545);
#1545 = DEFINITIONAL_REPRESENTATION('',(#1546),#1553);
#1546 = B_SPLINE_CURVE_WITH_KNOTS('',5,(#1547,#1548,#1549,#1550,#1551,
    #1552),.UNSPECIFIED.,.F.,.F.,(6,6),(2.868549685478,3.14159265359),
  .PIECEWISE_BEZIER_KNOTS.);
#1547 = CARTESIAN_POINT('',(-6.010142339067,-0.442574386107));
#1548 = CARTESIAN_POINT('',(-6.06475093269,-0.47533954228));
#1549 = CARTESIAN_POINT('',(-6.119359526312,-0.500118016315));
#1550 = CARTESIAN_POINT('',(-6.173968119935,-0.516706066355));
#1551 = CARTESIAN_POINT('',(-6.228576713557,-0.525));
#1552 = CARTESIAN_POINT('',(-6.28318530718,-0.525));
#1553 = ( GEOMETRIC_REPRESENTATION_CONTEXT(2) 
PARAMETRIC_REPRESENTATION_CONTEXT() REPRESENTATION_CONTEXT('2D SPACE',''
  ) );
#1554 = ADVANCED_FACE('',(#1555),#1004,.T.);
#1555 = FACE_BOUND('',#1556,.F.);
#1556 = EDGE_LOOP('',(#1557,#1558,#1581,#1608,#1609,#1610,#1611,#1633,
    #1634,#1660,#1661,#1683));
#1557 = ORIENTED_EDGE('',*,*,#1503,.F.);
#1558 = ORIENTED_EDGE('',*,*,#1559,.T.);
#1559 = EDGE_CURVE('',#1504,#1560,#1562,.T.);
#1560 = VERTEX_POINT('',#1561);
#1561 = CARTESIAN_POINT('',(4.45,0.,11.9));
#1562 = SEAM_CURVE('',#1563,(#1567,#1574),.PCURVE_S1.);
#1563 = LINE('',#1564,#1565);
#1564 = CARTESIAN_POINT('',(4.45,0.,10.7));
#1565 = VECTOR('',#1566,1.);
#1566 = DIRECTION('',(0.,0.,1.));
#1567 = PCURVE('',#1004,#1568);
#1568 = DEFINITIONAL_REPRESENTATION('',(#1569),#1573);
#1569 = LINE('',#1570,#1571);
#1570 = CARTESIAN_POINT('',(-6.28318530718,0.));
#1571 = VECTOR('',#1572,1.);
#1572 = DIRECTION('',(-0.,-1.));
#1573 = ( GEOMETRIC_REPRESENTATION_CONTEXT(2) 
PARAMETRIC_REPRESENTATION_CONTEXT() REPRESENTATION_CONTEXT('2D SPACE',''
  ) );
#1574 = PCURVE('',#1004,#1575);
#1575 = DEFINITIONAL_REPRESENTATION('',(#1576),#1580);
#1576 = LINE('',#1577,#1578);
#1577 = CARTESIAN_POINT('',(-0.,0.));
#1578 = VECTOR('',#1579,1.);
#1579 = DIRECTION('',(-0.,-1.));
#1580 = ( GEOMETRIC_REPRESENTATION_CONTEXT(2) 
PARAMETRIC_REPRESENTATION_CONTEXT() REPRESENTATION_CONTEXT('2D SPACE',''
  ) );
#1581 = ORIENTED_EDGE('',*,*,#1582,.T.);
#1582 = EDGE_CURVE('',#1560,#1560,#1583,.T.);
#1583 = SURFACE_CURVE('',#1584,(#1589,#1596),.PCURVE_S1.);
#1584 = CIRCLE('',#1585,4.45);
#1585 = AXIS2_PLACEMENT_3D('',#1586,#1587,#1588);
#1586 = CARTESIAN_POINT('',(0.,0.,11.9));
#1587 = DIRECTION('',(0.,0.,1.));
#1588 = DIRECTION('',(1.,0.,0.));
#1589 = PCURVE('',#1004,#1590);
#1590 = DEFINITIONAL_REPRESENTATION('',(#1591),#1595);
#1591 = LINE('',#1592,#1593);
#1592 = CARTESIAN_POINT('',(-0.,-1.2));
#1593 = VECTOR('',#1594,1.);
#1594 = DIRECTION('',(-1.,0.));
#1595 = ( GEOMETRIC_REPRESENTATION_CONTEXT(2) 
PARAMETRIC_REPRESENTATION_CONTEXT() REPRESENTATION_CONTEXT('2D SPACE',''
  ) );
#1596 = PCURVE('',#1597,#1602);
#1597 = PLANE('',#1598);
#1598 = AXIS2_PLACEMENT_3D('',#1599,#1600,#1601);
#1599 = CARTESIAN_POINT('',(-3.072899174246E-16,-2.801098316123E-17,11.9
    ));
#1600 = DIRECTION('',(0.,0.,1.));
#1601 = DIRECTION('',(1.,0.,-0.));
#1602 = DEFINITIONAL_REPRESENTATION('',(#1603),#1607);
#1603 = CIRCLE('',#1604,4.45);
#1604 = AXIS2_PLACEMENT_2D('',#1605,#1606);
#1605 = CARTESIAN_POINT('',(3.072899174246E-16,2.801098316123E-17));
#1606 = DIRECTION('',(1.,0.));
#1607 = ( GEOMETRIC_REPRESENTATION_CONTEXT(2) 
PARAMETRIC_REPRESENTATION_CONTEXT() REPRESENTATION_CONTEXT('2D SPACE',''
  ) );
#1608 = ORIENTED_EDGE('',*,*,#1559,.F.);
#1609 = ORIENTED_EDGE('',*,*,#1530,.F.);
#1610 = ORIENTED_EDGE('',*,*,#970,.F.);
#1611 = ORIENTED_EDGE('',*,*,#1612,.F.);
#1612 = EDGE_CURVE('',#1308,#971,#1613,.T.);
#1613 = SURFACE_CURVE('',#1614,(#1619,#1626),.PCURVE_S1.);
#1614 = CIRCLE('',#1615,4.45);
#1615 = AXIS2_PLACEMENT_3D('',#1616,#1617,#1618);
#1616 = CARTESIAN_POINT('',(0.,0.,10.7));
#1617 = DIRECTION('',(0.,0.,1.));
#1618 = DIRECTION('',(1.,0.,0.));
#1619 = PCURVE('',#1004,#1620);
#1620 = DEFINITIONAL_REPRESENTATION('',(#1621),#1625);
#1621 = LINE('',#1622,#1623);
#1622 = CARTESIAN_POINT('',(-0.,0.));
#1623 = VECTOR('',#1624,1.);
#1624 = DIRECTION('',(-1.,0.));
#1625 = ( GEOMETRIC_REPRESENTATION_CONTEXT(2) 
PARAMETRIC_REPRESENTATION_CONTEXT() REPRESENTATION_CONTEXT('2D SPACE',''
  ) );
#1626 = PCURVE('',#1047,#1627);
#1627 = DEFINITIONAL_REPRESENTATION('',(#1628),#1632);
#1628 = CIRCLE('',#1629,4.45);
#1629 = AXIS2_PLACEMENT_2D('',#1630,#1631);
#1630 = CARTESIAN_POINT('',(3.072899174246E-16,2.801098316123E-17));
#1631 = DIRECTION('',(1.,0.));
#1632 = ( GEOMETRIC_REPRESENTATION_CONTEXT(2) 
PARAMETRIC_REPRESENTATION_CONTEXT() REPRESENTATION_CONTEXT('2D SPACE',''
  ) );
#1633 = ORIENTED_EDGE('',*,*,#1342,.F.);
#1634 = ORIENTED_EDGE('',*,*,#1635,.F.);
#1635 = EDGE_CURVE('',#1381,#1343,#1636,.T.);
#1636 = SURFACE_CURVE('',#1637,(#1642,#1653),.PCURVE_S1.);
#1637 = ELLIPSE('',#1638,4.975251249937,4.45);
#1638 = AXIS2_PLACEMENT_3D('',#1639,#1640,#1641);
#1639 = CARTESIAN_POINT('',(0.,0.,9.));
#1640 = DIRECTION('',(0.4472135955,0.,0.894427191));
#1641 = DIRECTION('',(0.894427191,0.,-0.4472135955));
#1642 = PCURVE('',#1004,#1643);
#1643 = DEFINITIONAL_REPRESENTATION('',(#1644),#1652);
#1644 = B_SPLINE_CURVE_WITH_KNOTS('',6,(#1645,#1646,#1647,#1648,#1649,
    #1650,#1651),.UNSPECIFIED.,.F.,.F.,(7,7),(2.868549685478,
    3.414635621702),.PIECEWISE_BEZIER_KNOTS.);
#1645 = CARTESIAN_POINT('',(-2.868549685478,-0.442574386107));
#1646 = CARTESIAN_POINT('',(-2.959564008182,-0.497182979729));
#1647 = CARTESIAN_POINT('',(-3.050578330886,-0.530493679576));
#1648 = CARTESIAN_POINT('',(-3.14159265359,-0.541692254039));
#1649 = CARTESIAN_POINT('',(-3.232606976294,-0.530493679576));
#1650 = CARTESIAN_POINT('',(-3.323621298998,-0.497182979729));
#1651 = CARTESIAN_POINT('',(-3.414635621702,-0.442574386107));
#1652 = ( GEOMETRIC_REPRESENTATION_CONTEXT(2) 
PARAMETRIC_REPRESENTATION_CONTEXT() REPRESENTATION_CONTEXT('2D SPACE',''
  ) );
#1653 = PCURVE('',#1397,#1654);
#1654 = DEFINITIONAL_REPRESENTATION('',(#1655),#1659);
#1655 = ELLIPSE('',#1656,4.975251249937,4.45);
#1656 = AXIS2_PLACEMENT_2D('',#1657,#1658);
#1657 = CARTESIAN_POINT('',(4.0249223595,0.));
#1658 = DIRECTION('',(1.,0.));
#1659 = ( GEOMETRIC_REPRESENTATION_CONTEXT(2) 
PARAMETRIC_REPRESENTATION_CONTEXT() REPRESENTATION_CONTEXT('2D SPACE',''
  ) );
#1660 = ORIENTED_EDGE('',*,*,#1409,.F.);
#1661 = ORIENTED_EDGE('',*,*,#1662,.F.);
#1662 = EDGE_CURVE('',#1089,#1410,#1663,.T.);
#1663 = SURFACE_CURVE('',#1664,(#1669,#1676),.PCURVE_S1.);
#1664 = CIRCLE('',#1665,4.45);
#1665 = AXIS2_PLACEMENT_3D('',#1666,#1667,#1668);
#1666 = CARTESIAN_POINT('',(0.,0.,10.7));
#1667 = DIRECTION('',(0.,0.,1.));
#1668 = DIRECTION('',(1.,0.,0.));
#1669 = PCURVE('',#1004,#1670);
#1670 = DEFINITIONAL_REPRESENTATION('',(#1671),#1675);
#1671 = LINE('',#1672,#1673);
#1672 = CARTESIAN_POINT('',(-0.,0.));
#1673 = VECTOR('',#1674,1.);
#1674 = DIRECTION('',(-1.,0.));
#1675 = ( GEOMETRIC_REPRESENTATION_CONTEXT(2) 
PARAMETRIC_REPRESENTATION_CONTEXT() REPRESENTATION_CONTEXT('2D SPACE',''
  ) );
#1676 = PCURVE('',#1047,#1677);
#1677 = DEFINITIONAL_REPRESENTATION('',(#1678),#1682);
#1678 = CIRCLE('',#1679,4.45);
#1679 = AXIS2_PLACEMENT_2D('',#1680,#1681);
#1680 = CARTESIAN_POINT('',(3.072899174246E-16,2.801098316123E-17));
#1681 = DIRECTION('',(1.,0.));
#1682 = ( GEOMETRIC_REPRESENTATION_CONTEXT(2) 
PARAMETRIC_REPRESENTATION_CONTEXT() REPRESENTATION_CONTEXT('2D SPACE',''
  ) );
#1683 = ORIENTED_EDGE('',*,*,#1117,.F.);
#1684 = ADVANCED_FACE('',(#1685,#1731),#1047,.F.);
#1685 = FACE_BOUND('',#1686,.F.);
#1686 = EDGE_LOOP('',(#1687,#1688,#1689,#1690,#1709,#1710,#1711,#1712));
#1687 = ORIENTED_EDGE('',*,*,#1088,.F.);
#1688 = ORIENTED_EDGE('',*,*,#1662,.T.);
#1689 = ORIENTED_EDGE('',*,*,#1459,.F.);
#1690 = ORIENTED_EDGE('',*,*,#1691,.T.);
#1691 = EDGE_CURVE('',#1186,#1284,#1692,.T.);
#1692 = SURFACE_CURVE('',#1693,(#1697,#1703),.PCURVE_S1.);
#1693 = LINE('',#1694,#1695);
#1694 = CARTESIAN_POINT('',(-3.4,-1.400549158061E-17,10.7));
#1695 = VECTOR('',#1696,1.);
#1696 = DIRECTION('',(0.,-1.,0.));
#1697 = PCURVE('',#1047,#1698);
#1698 = DEFINITIONAL_REPRESENTATION('',(#1699),#1702);
#1699 = B_SPLINE_CURVE_WITH_KNOTS('',1,(#1700,#1701),.UNSPECIFIED.,.F.,
  .F.,(2,2),(-1.,1.),.PIECEWISE_BEZIER_KNOTS.);
#1700 = CARTESIAN_POINT('',(-3.4,1.));
#1701 = CARTESIAN_POINT('',(-3.4,-1.));
#1702 = ( GEOMETRIC_REPRESENTATION_CONTEXT(2) 
PARAMETRIC_REPRESENTATION_CONTEXT() REPRESENTATION_CONTEXT('2D SPACE',''
  ) );
#1703 = PCURVE('',#1202,#1704);
#1704 = DEFINITIONAL_REPRESENTATION('',(#1705),#1708);
#1705 = B_SPLINE_CURVE_WITH_KNOTS('',1,(#1706,#1707),.UNSPECIFIED.,.F.,
  .F.,(2,2),(-1.,1.),.PIECEWISE_BEZIER_KNOTS.);
#1706 = CARTESIAN_POINT('',(0.22360679775,1.));
#1707 = CARTESIAN_POINT('',(0.22360679775,-1.));
#1708 = ( GEOMETRIC_REPRESENTATION_CONTEXT(2) 
PARAMETRIC_REPRESENTATION_CONTEXT() REPRESENTATION_CONTEXT('2D SPACE',''
  ) );
#1709 = ORIENTED_EDGE('',*,*,#1307,.F.);
#1710 = ORIENTED_EDGE('',*,*,#1612,.T.);
#1711 = ORIENTED_EDGE('',*,*,#1025,.F.);
#1712 = ORIENTED_EDGE('',*,*,#1713,.T.);
#1713 = EDGE_CURVE('',#1026,#1060,#1714,.T.);
#1714 = SURFACE_CURVE('',#1715,(#1719,#1725),.PCURVE_S1.);
#1715 = LINE('',#1716,#1717);
#1716 = CARTESIAN_POINT('',(3.4,-1.400549158061E-17,10.7));
#1717 = VECTOR('',#1718,1.);
#1718 = DIRECTION('',(0.,1.,-0.));
#1719 = PCURVE('',#1047,#1720);
#1720 = DEFINITIONAL_REPRESENTATION('',(#1721),#1724);
#1721 = B_SPLINE_CURVE_WITH_KNOTS('',1,(#1722,#1723),.UNSPECIFIED.,.F.,
  .F.,(2,2),(-1.,1.),.PIECEWISE_BEZIER_KNOTS.);
#1722 = CARTESIAN_POINT('',(3.4,-1.));
#1723 = CARTESIAN_POINT('',(3.4,1.));
#1724 = ( GEOMETRIC_REPRESENTATION_CONTEXT(2) 
PARAMETRIC_REPRESENTATION_CONTEXT() REPRESENTATION_CONTEXT('2D SPACE',''
  ) );
#1725 = PCURVE('',#1076,#1726);
#1726 = DEFINITIONAL_REPRESENTATION('',(#1727),#1730);
#1727 = B_SPLINE_CURVE_WITH_KNOTS('',1,(#1728,#1729),.UNSPECIFIED.,.F.,
  .F.,(2,2),(-1.,1.),.PIECEWISE_BEZIER_KNOTS.);
#1728 = CARTESIAN_POINT('',(-0.22360679775,-1.));
#1729 = CARTESIAN_POINT('',(-0.22360679775,1.));
#1730 = ( GEOMETRIC_REPRESENTATION_CONTEXT(2) 
PARAMETRIC_REPRESENTATION_CONTEXT() REPRESENTATION_CONTEXT('2D SPACE',''
  ) );
#1731 = FACE_BOUND('',#1732,.F.);
#1732 = EDGE_LOOP('',(#1733));
#1733 = ORIENTED_EDGE('',*,*,#1734,.T.);
#1734 = EDGE_CURVE('',#1735,#1735,#1737,.T.);
#1735 = VERTEX_POINT('',#1736);
#1736 = CARTESIAN_POINT('',(2.9,0.,10.7));
#1737 = SURFACE_CURVE('',#1738,(#1743,#1754),.PCURVE_S1.);
#1738 = CIRCLE('',#1739,2.9);
#1739 = AXIS2_PLACEMENT_3D('',#1740,#1741,#1742);
#1740 = CARTESIAN_POINT('',(0.,0.,10.7));
#1741 = DIRECTION('',(0.,0.,-1.));
#1742 = DIRECTION('',(1.,0.,0.));
#1743 = PCURVE('',#1047,#1744);
#1744 = DEFINITIONAL_REPRESENTATION('',(#1745),#1753);
#1745 = ( BOUNDED_CURVE() B_SPLINE_CURVE(2,(#1746,#1747,#1748,#1749,
#1750,#1751,#1752),.UNSPECIFIED.,.T.,.F.) B_SPLINE_CURVE_WITH_KNOTS((1,2
    ,2,2,2,1),(-2.094395102393,0.,2.094395102393,4.188790204786,
6.28318530718,8.377580409573),.UNSPECIFIED.) CURVE() 
GEOMETRIC_REPRESENTATION_ITEM() RATIONAL_B_SPLINE_CURVE((1.,0.5,1.,0.5,
1.,0.5,1.)) REPRESENTATION_ITEM('') );
#1746 = CARTESIAN_POINT('',(2.9,2.801098316123E-17));
#1747 = CARTESIAN_POINT('',(2.9,-5.02294734195));
#1748 = CARTESIAN_POINT('',(-1.45,-2.511473670975));
#1749 = CARTESIAN_POINT('',(-5.8,-6.822841603442E-16));
#1750 = CARTESIAN_POINT('',(-1.45,2.511473670975));
#1751 = CARTESIAN_POINT('',(2.9,5.02294734195));
#1752 = CARTESIAN_POINT('',(2.9,2.801098316123E-17));
#1753 = ( GEOMETRIC_REPRESENTATION_CONTEXT(2) 
PARAMETRIC_REPRESENTATION_CONTEXT() REPRESENTATION_CONTEXT('2D SPACE',''
  ) );
#1754 = PCURVE('',#1755,#1760);
#1755 = CYLINDRICAL_SURFACE('',#1756,2.9);
#1756 = AXIS2_PLACEMENT_3D('',#1757,#1758,#1759);
#1757 = CARTESIAN_POINT('',(0.,0.,10.4));
#1758 = DIRECTION('',(-0.,-0.,-1.));
#1759 = DIRECTION('',(1.,0.,0.));
#1760 = DEFINITIONAL_REPRESENTATION('',(#1761),#1765);
#1761 = LINE('',#1762,#1763);
#1762 = CARTESIAN_POINT('',(-6.28318530718,-0.3));
#1763 = VECTOR('',#1764,1.);
#1764 = DIRECTION('',(1.,-0.));
#1765 = ( GEOMETRIC_REPRESENTATION_CONTEXT(2) 
PARAMETRIC_REPRESENTATION_CONTEXT() REPRESENTATION_CONTEXT('2D SPACE',''
  ) );
#1766 = ADVANCED_FACE('',(#1767),#1076,.T.);
#1767 = FACE_BOUND('',#1768,.T.);
#1768 = EDGE_LOOP('',(#1769,#1770));
#1769 = ORIENTED_EDGE('',*,*,#1713,.T.);
#1770 = ORIENTED_EDGE('',*,*,#1059,.T.);
#1771 = ADVANCED_FACE('',(#1772),#1202,.T.);
#1772 = FACE_BOUND('',#1773,.T.);
#1773 = EDGE_LOOP('',(#1774,#1775,#1776));
#1774 = ORIENTED_EDGE('',*,*,#1283,.T.);
#1775 = ORIENTED_EDGE('',*,*,#1183,.T.);
#1776 = ORIENTED_EDGE('',*,*,#1691,.T.);
#1777 = ADVANCED_FACE('',(#1778),#1397,.T.);
#1778 = FACE_BOUND('',#1779,.T.);
#1779 = EDGE_LOOP('',(#1780,#1781));
#1780 = ORIENTED_EDGE('',*,*,#1635,.F.);
#1781 = ORIENTED_EDGE('',*,*,#1380,.T.);
#1782 = ADVANCED_FACE('',(#1783,#1786,#1821,#1856,#1891,#1926),#1597,.T.
  );
#1783 = FACE_BOUND('',#1784,.T.);
#1784 = EDGE_LOOP('',(#1785));
#1785 = ORIENTED_EDGE('',*,*,#1582,.T.);
#1786 = FACE_BOUND('',#1787,.T.);
#1787 = EDGE_LOOP('',(#1788));
#1788 = ORIENTED_EDGE('',*,*,#1789,.T.);
#1789 = EDGE_CURVE('',#1790,#1790,#1792,.T.);
#1790 = VERTEX_POINT('',#1791);
#1791 = CARTESIAN_POINT('',(-2.090229073212,-2.510229073212,11.9));
#1792 = SURFACE_CURVE('',#1793,(#1798,#1809),.PCURVE_S1.);
#1793 = CIRCLE('',#1794,0.42);
#1794 = AXIS2_PLACEMENT_3D('',#1795,#1796,#1797);
#1795 = CARTESIAN_POINT('',(-2.510229073212,-2.510229073212,11.9));
#1796 = DIRECTION('',(0.,0.,-1.));
#1797 = DIRECTION('',(1.,0.,0.));
#1798 = PCURVE('',#1597,#1799);
#1799 = DEFINITIONAL_REPRESENTATION('',(#1800),#1808);
#1800 = ( BOUNDED_CURVE() B_SPLINE_CURVE(2,(#1801,#1802,#1803,#1804,
#1805,#1806,#1807),.UNSPECIFIED.,.T.,.F.) B_SPLINE_CURVE_WITH_KNOTS((1,2
    ,2,2,2,1),(-2.094395102393,0.,2.094395102393,4.188790204786,
6.28318530718,8.377580409573),.UNSPECIFIED.) CURVE() 
GEOMETRIC_REPRESENTATION_ITEM() RATIONAL_B_SPLINE_CURVE((1.,0.5,1.,0.5,
1.,0.5,1.)) REPRESENTATION_ITEM('') );
#1801 = CARTESIAN_POINT('',(-2.090229073212,-2.510229073212));
#1802 = CARTESIAN_POINT('',(-2.090229073212,-3.237690412391));
#1803 = CARTESIAN_POINT('',(-2.720229073212,-2.873959742802));
#1804 = CARTESIAN_POINT('',(-3.350229073212,-2.510229073212));
#1805 = CARTESIAN_POINT('',(-2.720229073212,-2.146498403623));
#1806 = CARTESIAN_POINT('',(-2.090229073212,-1.782767734033));
#1807 = CARTESIAN_POINT('',(-2.090229073212,-2.510229073212));
#1808 = ( GEOMETRIC_REPRESENTATION_CONTEXT(2) 
PARAMETRIC_REPRESENTATION_CONTEXT() REPRESENTATION_CONTEXT('2D SPACE',''
  ) );
#1809 = PCURVE('',#1810,#1815);
#1810 = CYLINDRICAL_SURFACE('',#1811,0.42);
#1811 = AXIS2_PLACEMENT_3D('',#1812,#1813,#1814);
#1812 = CARTESIAN_POINT('',(-2.510229073212,-2.510229073212,11.));
#1813 = DIRECTION('',(-0.,-0.,-1.));
#1814 = DIRECTION('',(1.,0.,0.));
#1815 = DEFINITIONAL_REPRESENTATION('',(#1816),#1820);
#1816 = LINE('',#1817,#1818);
#1817 = CARTESIAN_POINT('',(-6.28318530718,-0.9));
#1818 = VECTOR('',#1819,1.);
#1819 = DIRECTION('',(1.,-0.));
#1820 = ( GEOMETRIC_REPRESENTATION_CONTEXT(2) 
PARAMETRIC_REPRESENTATION_CONTEXT() REPRESENTATION_CONTEXT('2D SPACE',''
  ) );
#1821 = FACE_BOUND('',#1822,.T.);
#1822 = EDGE_LOOP('',(#1823));
#1823 = ORIENTED_EDGE('',*,*,#1824,.T.);
#1824 = EDGE_CURVE('',#1825,#1825,#1827,.T.);
#1825 = VERTEX_POINT('',#1826);
#1826 = CARTESIAN_POINT('',(2.930229073212,-2.510229073212,11.9));
#1827 = SURFACE_CURVE('',#1828,(#1833,#1844),.PCURVE_S1.);
#1828 = CIRCLE('',#1829,0.42);
#1829 = AXIS2_PLACEMENT_3D('',#1830,#1831,#1832);
#1830 = CARTESIAN_POINT('',(2.510229073212,-2.510229073212,11.9));
#1831 = DIRECTION('',(0.,0.,-1.));
#1832 = DIRECTION('',(1.,0.,0.));
#1833 = PCURVE('',#1597,#1834);
#1834 = DEFINITIONAL_REPRESENTATION('',(#1835),#1843);
#1835 = ( BOUNDED_CURVE() B_SPLINE_CURVE(2,(#1836,#1837,#1838,#1839,
#1840,#1841,#1842),.UNSPECIFIED.,.T.,.F.) B_SPLINE_CURVE_WITH_KNOTS((1,2
    ,2,2,2,1),(-2.094395102393,0.,2.094395102393,4.188790204786,
6.28318530718,8.377580409573),.UNSPECIFIED.) CURVE() 
GEOMETRIC_REPRESENTATION_ITEM() RATIONAL_B_SPLINE_CURVE((1.,0.5,1.,0.5,
1.,0.5,1.)) REPRESENTATION_ITEM('') );
#1836 = CARTESIAN_POINT('',(2.930229073212,-2.510229073212));
#1837 = CARTESIAN_POINT('',(2.930229073212,-3.237690412391));
#1838 = CARTESIAN_POINT('',(2.300229073212,-2.873959742802));
#1839 = CARTESIAN_POINT('',(1.670229073212,-2.510229073212));
#1840 = CARTESIAN_POINT('',(2.300229073212,-2.146498403623));
#1841 = CARTESIAN_POINT('',(2.930229073212,-1.782767734033));
#1842 = CARTESIAN_POINT('',(2.930229073212,-2.510229073212));
#1843 = ( GEOMETRIC_REPRESENTATION_CONTEXT(2) 
PARAMETRIC_REPRESENTATION_CONTEXT() REPRESENTATION_CONTEXT('2D SPACE',''
  ) );
#1844 = PCURVE('',#1845,#1850);
#1845 = CYLINDRICAL_SURFACE('',#1846,0.42);
#1846 = AXIS2_PLACEMENT_3D('',#1847,#1848,#1849);
#1847 = CARTESIAN_POINT('',(2.510229073212,-2.510229073212,11.));
#1848 = DIRECTION('',(-0.,-0.,-1.));
#1849 = DIRECTION('',(1.,0.,0.));
#1850 = DEFINITIONAL_REPRESENTATION('',(#1851),#1855);
#1851 = LINE('',#1852,#1853);
#1852 = CARTESIAN_POINT('',(-6.28318530718,-0.9));
#1853 = VECTOR('',#1854,1.);
#1854 = DIRECTION('',(1.,-0.));
#1855 = ( GEOMETRIC_REPRESENTATION_CONTEXT(2) 
PARAMETRIC_REPRESENTATION_CONTEXT() REPRESENTATION_CONTEXT('2D SPACE',''
  ) );
#1856 = FACE_BOUND('',#1857,.T.);
#1857 = EDGE_LOOP('',(#1858));
#1858 = ORIENTED_EDGE('',*,*,#1859,.T.);
#1859 = EDGE_CURVE('',#1860,#1860,#1862,.T.);
#1860 = VERTEX_POINT('',#1861);
#1861 = CARTESIAN_POINT('',(-2.090229073212,2.510229073212,11.9));
#1862 = SURFACE_CURVE('',#1863,(#1868,#1879),.PCURVE_S1.);
#1863 = CIRCLE('',#1864,0.42);
#1864 = AXIS2_PLACEMENT_3D('',#1865,#1866,#1867);
#1865 = CARTESIAN_POINT('',(-2.510229073212,2.510229073212,11.9));
#1866 = DIRECTION('',(0.,0.,-1.));
#1867 = DIRECTION('',(1.,0.,0.));
#1868 = PCURVE('',#1597,#1869);
#1869 = DEFINITIONAL_REPRESENTATION('',(#1870),#1878);
#1870 = ( BOUNDED_CURVE() B_SPLINE_CURVE(2,(#1871,#1872,#1873,#1874,
#1875,#1876,#1877),.UNSPECIFIED.,.T.,.F.) B_SPLINE_CURVE_WITH_KNOTS((1,2
    ,2,2,2,1),(-2.094395102393,0.,2.094395102393,4.188790204786,
6.28318530718,8.377580409573),.UNSPECIFIED.) CURVE() 
GEOMETRIC_REPRESENTATION_ITEM() RATIONAL_B_SPLINE_CURVE((1.,0.5,1.,0.5,
1.,0.5,1.)) REPRESENTATION_ITEM('') );
#1871 = CARTESIAN_POINT('',(-2.090229073212,2.510229073212));
#1872 = CARTESIAN_POINT('',(-2.090229073212,1.782767734033));
#1873 = CARTESIAN_POINT('',(-2.720229073212,2.146498403623));
#1874 = CARTESIAN_POINT('',(-3.350229073212,2.510229073212));
#1875 = CARTESIAN_POINT('',(-2.720229073212,2.873959742802));
#1876 = CARTESIAN_POINT('',(-2.090229073212,3.237690412391));
#1877 = CARTESIAN_POINT('',(-2.090229073212,2.510229073212));
#1878 = ( GEOMETRIC_REPRESENTATION_CONTEXT(2) 
PARAMETRIC_REPRESENTATION_CONTEXT() REPRESENTATION_CONTEXT('2D SPACE',''
  ) );
#1879 = PCURVE('',#1880,#1885);
#1880 = CYLINDRICAL_SURFACE('',#1881,0.42);
#1881 = AXIS2_PLACEMENT_3D('',#1882,#1883,#1884);
#1882 = CARTESIAN_POINT('',(-2.510229073212,2.510229073212,11.));
#1883 = DIRECTION('',(-0.,-0.,-1.));
#1884 = DIRECTION('',(1.,0.,0.));
#1885 = DEFINITIONAL_REPRESENTATION('',(#1886),#1890);
#1886 = LINE('',#1887,#1888);
#1887 = CARTESIAN_POINT('',(-6.28318530718,-0.9));
#1888 = VECTOR('',#1889,1.);
#1889 = DIRECTION('',(1.,-0.));
#1890 = ( GEOMETRIC_REPRESENTATION_CONTEXT(2) 
PARAMETRIC_REPRESENTATION_CONTEXT() REPRESENTATION_CONTEXT('2D SPACE',''
  ) );
#1891 = FACE_BOUND('',#1892,.T.);
#1892 = EDGE_LOOP('',(#1893));
#1893 = ORIENTED_EDGE('',*,*,#1894,.T.);
#1894 = EDGE_CURVE('',#1895,#1895,#1897,.T.);
#1895 = VERTEX_POINT('',#1896);
#1896 = CARTESIAN_POINT('',(3.07,0.,11.9));
#1897 = SURFACE_CURVE('',#1898,(#1903,#1914),.PCURVE_S1.);
#1898 = CIRCLE('',#1899,3.07);
#1899 = AXIS2_PLACEMENT_3D('',#1900,#1901,#1902);
#1900 = CARTESIAN_POINT('',(0.,0.,11.9));
#1901 = DIRECTION('',(0.,0.,-1.));
#1902 = DIRECTION('',(1.,0.,0.));
#1903 = PCURVE('',#1597,#1904);
#1904 = DEFINITIONAL_REPRESENTATION('',(#1905),#1913);
#1905 = ( BOUNDED_CURVE() B_SPLINE_CURVE(2,(#1906,#1907,#1908,#1909,
#1910,#1911,#1912),.UNSPECIFIED.,.T.,.F.) B_SPLINE_CURVE_WITH_KNOTS((1,2
    ,2,2,2,1),(-2.094395102393,0.,2.094395102393,4.188790204786,
6.28318530718,8.377580409573),.UNSPECIFIED.) CURVE() 
GEOMETRIC_REPRESENTATION_ITEM() RATIONAL_B_SPLINE_CURVE((1.,0.5,1.,0.5,
1.,0.5,1.)) REPRESENTATION_ITEM('') );
#1906 = CARTESIAN_POINT('',(3.07,2.801098316123E-17));
#1907 = CARTESIAN_POINT('',(3.07,-5.317395979236));
#1908 = CARTESIAN_POINT('',(-1.535,-2.658697989618));
#1909 = CARTESIAN_POINT('',(-6.14,-7.239221515152E-16));
#1910 = CARTESIAN_POINT('',(-1.535,2.658697989618));
#1911 = CARTESIAN_POINT('',(3.07,5.317395979236));
#1912 = CARTESIAN_POINT('',(3.07,2.801098316123E-17));
#1913 = ( GEOMETRIC_REPRESENTATION_CONTEXT(2) 
PARAMETRIC_REPRESENTATION_CONTEXT() REPRESENTATION_CONTEXT('2D SPACE',''
  ) );
#1914 = PCURVE('',#1915,#1920);
#1915 = CYLINDRICAL_SURFACE('',#1916,3.07);
#1916 = AXIS2_PLACEMENT_3D('',#1917,#1918,#1919);
#1917 = CARTESIAN_POINT('',(0.,0.,11.1));
#1918 = DIRECTION('',(-0.,-0.,-1.));
#1919 = DIRECTION('',(1.,0.,0.));
#1920 = DEFINITIONAL_REPRESENTATION('',(#1921),#1925);
#1921 = LINE('',#1922,#1923);
#1922 = CARTESIAN_POINT('',(-6.28318530718,-0.8));
#1923 = VECTOR('',#1924,1.);
#1924 = DIRECTION('',(1.,-0.));
#1925 = ( GEOMETRIC_REPRESENTATION_CONTEXT(2) 
PARAMETRIC_REPRESENTATION_CONTEXT() REPRESENTATION_CONTEXT('2D SPACE',''
  ) );
#1926 = FACE_BOUND('',#1927,.T.);
#1927 = EDGE_LOOP('',(#1928));
#1928 = ORIENTED_EDGE('',*,*,#1929,.T.);
#1929 = EDGE_CURVE('',#1930,#1930,#1932,.T.);
#1930 = VERTEX_POINT('',#1931);
#1931 = CARTESIAN_POINT('',(2.930229073212,2.510229073212,11.9));
#1932 = SURFACE_CURVE('',#1933,(#1938,#1949),.PCURVE_S1.);
#1933 = CIRCLE('',#1934,0.42);
#1934 = AXIS2_PLACEMENT_3D('',#1935,#1936,#1937);
#1935 = CARTESIAN_POINT('',(2.510229073212,2.510229073212,11.9));
#1936 = DIRECTION('',(0.,0.,-1.));
#1937 = DIRECTION('',(1.,0.,0.));
#1938 = PCURVE('',#1597,#1939);
#1939 = DEFINITIONAL_REPRESENTATION('',(#1940),#1948);
#1940 = ( BOUNDED_CURVE() B_SPLINE_CURVE(2,(#1941,#1942,#1943,#1944,
#1945,#1946,#1947),.UNSPECIFIED.,.T.,.F.) B_SPLINE_CURVE_WITH_KNOTS((1,2
    ,2,2,2,1),(-2.094395102393,0.,2.094395102393,4.188790204786,
6.28318530718,8.377580409573),.UNSPECIFIED.) CURVE() 
GEOMETRIC_REPRESENTATION_ITEM() RATIONAL_B_SPLINE_CURVE((1.,0.5,1.,0.5,
1.,0.5,1.)) REPRESENTATION_ITEM('') );
#1941 = CARTESIAN_POINT('',(2.930229073212,2.510229073212));
#1942 = CARTESIAN_POINT('',(2.930229073212,1.782767734033));
#1943 = CARTESIAN_POINT('',(2.300229073212,2.146498403623));
#1944 = CARTESIAN_POINT('',(1.670229073212,2.510229073212));
#1945 = CARTESIAN_POINT('',(2.300229073212,2.873959742802));
#1946 = CARTESIAN_POINT('',(2.930229073212,3.237690412391));
#1947 = CARTESIAN_POINT('',(2.930229073212,2.510229073212));
#1948 = ( GEOMETRIC_REPRESENTATION_CONTEXT(2) 
PARAMETRIC_REPRESENTATION_CONTEXT() REPRESENTATION_CONTEXT('2D SPACE',''
  ) );
#1949 = PCURVE('',#1950,#1955);
#1950 = CYLINDRICAL_SURFACE('',#1951,0.42);
#1951 = AXIS2_PLACEMENT_3D('',#1952,#1953,#1954);
#1952 = CARTESIAN_POINT('',(2.510229073212,2.510229073212,11.));
#1953 = DIRECTION('',(-0.,-0.,-1.));
#1954 = DIRECTION('',(1.,0.,0.));
#1955 = DEFINITIONAL_REPRESENTATION('',(#1956),#1960);
#1956 = LINE('',#1957,#1958);
#1957 = CARTESIAN_POINT('',(-6.28318530718,-0.9));
#1958 = VECTOR('',#1959,1.);
#1959 = DIRECTION('',(1.,-0.));
#1960 = ( GEOMETRIC_REPRESENTATION_CONTEXT(2) 
PARAMETRIC_REPRESENTATION_CONTEXT() REPRESENTATION_CONTEXT('2D SPACE',''
  ) );
#1961 = ADVANCED_FACE('',(#1962),#1755,.F.);
#1962 = FACE_BOUND('',#1963,.T.);
#1963 = EDGE_LOOP('',(#1964,#1987,#1988,#1989));
#1964 = ORIENTED_EDGE('',*,*,#1965,.F.);
#1965 = EDGE_CURVE('',#1735,#1966,#1968,.T.);
#1966 = VERTEX_POINT('',#1967);
#1967 = CARTESIAN_POINT('',(2.9,0.,11.1));
#1968 = SEAM_CURVE('',#1969,(#1973,#1980),.PCURVE_S1.);
#1969 = LINE('',#1970,#1971);
#1970 = CARTESIAN_POINT('',(2.9,0.,10.4));
#1971 = VECTOR('',#1972,1.);
#1972 = DIRECTION('',(0.,0.,1.));
#1973 = PCURVE('',#1755,#1974);
#1974 = DEFINITIONAL_REPRESENTATION('',(#1975),#1979);
#1975 = LINE('',#1976,#1977);
#1976 = CARTESIAN_POINT('',(-6.28318530718,0.));
#1977 = VECTOR('',#1978,1.);
#1978 = DIRECTION('',(-0.,-1.));
#1979 = ( GEOMETRIC_REPRESENTATION_CONTEXT(2) 
PARAMETRIC_REPRESENTATION_CONTEXT() REPRESENTATION_CONTEXT('2D SPACE',''
  ) );
#1980 = PCURVE('',#1755,#1981);
#1981 = DEFINITIONAL_REPRESENTATION('',(#1982),#1986);
#1982 = LINE('',#1983,#1984);
#1983 = CARTESIAN_POINT('',(-0.,0.));
#1984 = VECTOR('',#1985,1.);
#1985 = DIRECTION('',(-0.,-1.));
#1986 = ( GEOMETRIC_REPRESENTATION_CONTEXT(2) 
PARAMETRIC_REPRESENTATION_CONTEXT() REPRESENTATION_CONTEXT('2D SPACE',''
  ) );
#1987 = ORIENTED_EDGE('',*,*,#1734,.T.);
#1988 = ORIENTED_EDGE('',*,*,#1965,.T.);
#1989 = ORIENTED_EDGE('',*,*,#1990,.F.);
#1990 = EDGE_CURVE('',#1966,#1966,#1991,.T.);
#1991 = SURFACE_CURVE('',#1992,(#1997,#2004),.PCURVE_S1.);
#1992 = CIRCLE('',#1993,2.9);
#1993 = AXIS2_PLACEMENT_3D('',#1994,#1995,#1996);
#1994 = CARTESIAN_POINT('',(0.,0.,11.1));
#1995 = DIRECTION('',(0.,0.,-1.));
#1996 = DIRECTION('',(1.,0.,0.));
#1997 = PCURVE('',#1755,#1998);
#1998 = DEFINITIONAL_REPRESENTATION('',(#1999),#2003);
#1999 = LINE('',#2000,#2001);
#2000 = CARTESIAN_POINT('',(-6.28318530718,-0.7));
#2001 = VECTOR('',#2002,1.);
#2002 = DIRECTION('',(1.,-0.));
#2003 = ( GEOMETRIC_REPRESENTATION_CONTEXT(2) 
PARAMETRIC_REPRESENTATION_CONTEXT() REPRESENTATION_CONTEXT('2D SPACE',''
  ) );
#2004 = PCURVE('',#2005,#2010);
#2005 = PLANE('',#2006);
#2006 = AXIS2_PLACEMENT_3D('',#2007,#2008,#2009);
#2007 = CARTESIAN_POINT('',(-2.227101193061E-16,-1.39671294597E-17,11.1)
  );
#2008 = DIRECTION('',(0.,0.,1.));
#2009 = DIRECTION('',(1.,0.,-0.));
#2010 = DEFINITIONAL_REPRESENTATION('',(#2011),#2019);
#2011 = ( BOUNDED_CURVE() B_SPLINE_CURVE(2,(#2012,#2013,#2014,#2015,
#2016,#2017,#2018),.UNSPECIFIED.,.T.,.F.) B_SPLINE_CURVE_WITH_KNOTS((1,2
    ,2,2,2,1),(-2.094395102393,0.,2.094395102393,4.188790204786,
6.28318530718,8.377580409573),.UNSPECIFIED.) CURVE() 
GEOMETRIC_REPRESENTATION_ITEM() RATIONAL_B_SPLINE_CURVE((1.,0.5,1.,0.5,
1.,0.5,1.)) REPRESENTATION_ITEM('') );
#2012 = CARTESIAN_POINT('',(2.9,1.39671294597E-17));
#2013 = CARTESIAN_POINT('',(2.9,-5.02294734195));
#2014 = CARTESIAN_POINT('',(-1.45,-2.511473670975));
#2015 = CARTESIAN_POINT('',(-5.8,-6.963280140458E-16));
#2016 = CARTESIAN_POINT('',(-1.45,2.511473670975));
#2017 = CARTESIAN_POINT('',(2.9,5.02294734195));
#2018 = CARTESIAN_POINT('',(2.9,1.39671294597E-17));
#2019 = ( GEOMETRIC_REPRESENTATION_CONTEXT(2) 
PARAMETRIC_REPRESENTATION_CONTEXT() REPRESENTATION_CONTEXT('2D SPACE',''
  ) );
#2020 = ADVANCED_FACE('',(#2021),#1810,.T.);
#2021 = FACE_BOUND('',#2022,.F.);
#2022 = EDGE_LOOP('',(#2023,#2024,#2047,#2074));
#2023 = ORIENTED_EDGE('',*,*,#1789,.T.);
#2024 = ORIENTED_EDGE('',*,*,#2025,.T.);
#2025 = EDGE_CURVE('',#1790,#2026,#2028,.T.);
#2026 = VERTEX_POINT('',#2027);
#2027 = CARTESIAN_POINT('',(-2.090229073212,-2.510229073212,15.6));
#2028 = SEAM_CURVE('',#2029,(#2033,#2040),.PCURVE_S1.);
#2029 = LINE('',#2030,#2031);
#2030 = CARTESIAN_POINT('',(-2.090229073212,-2.510229073212,11.));
#2031 = VECTOR('',#2032,1.);
#2032 = DIRECTION('',(0.,0.,1.));
#2033 = PCURVE('',#1810,#2034);
#2034 = DEFINITIONAL_REPRESENTATION('',(#2035),#2039);
#2035 = LINE('',#2036,#2037);
#2036 = CARTESIAN_POINT('',(-6.28318530718,0.));
#2037 = VECTOR('',#2038,1.);
#2038 = DIRECTION('',(-0.,-1.));
#2039 = ( GEOMETRIC_REPRESENTATION_CONTEXT(2) 
PARAMETRIC_REPRESENTATION_CONTEXT() REPRESENTATION_CONTEXT('2D SPACE',''
  ) );
#2040 = PCURVE('',#1810,#2041);
#2041 = DEFINITIONAL_REPRESENTATION('',(#2042),#2046);
#2042 = LINE('',#2043,#2044);
#2043 = CARTESIAN_POINT('',(-0.,0.));
#2044 = VECTOR('',#2045,1.);
#2045 = DIRECTION('',(-0.,-1.));
#2046 = ( GEOMETRIC_REPRESENTATION_CONTEXT(2) 
PARAMETRIC_REPRESENTATION_CONTEXT() REPRESENTATION_CONTEXT('2D SPACE',''
  ) );
#2047 = ORIENTED_EDGE('',*,*,#2048,.T.);
#2048 = EDGE_CURVE('',#2026,#2026,#2049,.T.);
#2049 = SURFACE_CURVE('',#2050,(#2055,#2062),.PCURVE_S1.);
#2050 = CIRCLE('',#2051,0.42);
#2051 = AXIS2_PLACEMENT_3D('',#2052,#2053,#2054);
#2052 = CARTESIAN_POINT('',(-2.510229073212,-2.510229073212,15.6));
#2053 = DIRECTION('',(0.,0.,1.));
#2054 = DIRECTION('',(1.,0.,0.));
#2055 = PCURVE('',#1810,#2056);
#2056 = DEFINITIONAL_REPRESENTATION('',(#2057),#2061);
#2057 = LINE('',#2058,#2059);
#2058 = CARTESIAN_POINT('',(-0.,-4.6));
#2059 = VECTOR('',#2060,1.);
#2060 = DIRECTION('',(-1.,0.));
#2061 = ( GEOMETRIC_REPRESENTATION_CONTEXT(2) 
PARAMETRIC_REPRESENTATION_CONTEXT() REPRESENTATION_CONTEXT('2D SPACE',''
  ) );
#2062 = PCURVE('',#2063,#2068);
#2063 = PLANE('',#2064);
#2064 = AXIS2_PLACEMENT_3D('',#2065,#2066,#2067);
#2065 = CARTESIAN_POINT('',(-2.510229073212,-2.510229073212,15.6));
#2066 = DIRECTION('',(0.,0.,1.));
#2067 = DIRECTION('',(1.,0.,-0.));
#2068 = DEFINITIONAL_REPRESENTATION('',(#2069),#2073);
#2069 = CIRCLE('',#2070,0.42);
#2070 = AXIS2_PLACEMENT_2D('',#2071,#2072);
#2071 = CARTESIAN_POINT('',(0.,0.));
#2072 = DIRECTION('',(1.,0.));
#2073 = ( GEOMETRIC_REPRESENTATION_CONTEXT(2) 
PARAMETRIC_REPRESENTATION_CONTEXT() REPRESENTATION_CONTEXT('2D SPACE',''
  ) );
#2074 = ORIENTED_EDGE('',*,*,#2025,.F.);
#2075 = ADVANCED_FACE('',(#2076),#1845,.T.);
#2076 = FACE_BOUND('',#2077,.F.);
#2077 = EDGE_LOOP('',(#2078,#2079,#2102,#2129));
#2078 = ORIENTED_EDGE('',*,*,#1824,.T.);
#2079 = ORIENTED_EDGE('',*,*,#2080,.T.);
#2080 = EDGE_CURVE('',#1825,#2081,#2083,.T.);
#2081 = VERTEX_POINT('',#2082);
#2082 = CARTESIAN_POINT('',(2.930229073212,-2.510229073212,15.6));
#2083 = SEAM_CURVE('',#2084,(#2088,#2095),.PCURVE_S1.);
#2084 = LINE('',#2085,#2086);
#2085 = CARTESIAN_POINT('',(2.930229073212,-2.510229073212,11.));
#2086 = VECTOR('',#2087,1.);
#2087 = DIRECTION('',(0.,0.,1.));
#2088 = PCURVE('',#1845,#2089);
#2089 = DEFINITIONAL_REPRESENTATION('',(#2090),#2094);
#2090 = LINE('',#2091,#2092);
#2091 = CARTESIAN_POINT('',(-6.28318530718,0.));
#2092 = VECTOR('',#2093,1.);
#2093 = DIRECTION('',(-0.,-1.));
#2094 = ( GEOMETRIC_REPRESENTATION_CONTEXT(2) 
PARAMETRIC_REPRESENTATION_CONTEXT() REPRESENTATION_CONTEXT('2D SPACE',''
  ) );
#2095 = PCURVE('',#1845,#2096);
#2096 = DEFINITIONAL_REPRESENTATION('',(#2097),#2101);
#2097 = LINE('',#2098,#2099);
#2098 = CARTESIAN_POINT('',(-0.,0.));
#2099 = VECTOR('',#2100,1.);
#2100 = DIRECTION('',(-0.,-1.));
#2101 = ( GEOMETRIC_REPRESENTATION_CONTEXT(2) 
PARAMETRIC_REPRESENTATION_CONTEXT() REPRESENTATION_CONTEXT('2D SPACE',''
  ) );
#2102 = ORIENTED_EDGE('',*,*,#2103,.T.);
#2103 = EDGE_CURVE('',#2081,#2081,#2104,.T.);
#2104 = SURFACE_CURVE('',#2105,(#2110,#2117),.PCURVE_S1.);
#2105 = CIRCLE('',#2106,0.42);
#2106 = AXIS2_PLACEMENT_3D('',#2107,#2108,#2109);
#2107 = CARTESIAN_POINT('',(2.510229073212,-2.510229073212,15.6));
#2108 = DIRECTION('',(0.,0.,1.));
#2109 = DIRECTION('',(1.,0.,0.));
#2110 = PCURVE('',#1845,#2111);
#2111 = DEFINITIONAL_REPRESENTATION('',(#2112),#2116);
#2112 = LINE('',#2113,#2114);
#2113 = CARTESIAN_POINT('',(-0.,-4.6));
#2114 = VECTOR('',#2115,1.);
#2115 = DIRECTION('',(-1.,0.));
#2116 = ( GEOMETRIC_REPRESENTATION_CONTEXT(2) 
PARAMETRIC_REPRESENTATION_CONTEXT() REPRESENTATION_CONTEXT('2D SPACE',''
  ) );
#2117 = PCURVE('',#2118,#2123);
#2118 = PLANE('',#2119);
#2119 = AXIS2_PLACEMENT_3D('',#2120,#2121,#2122);
#2120 = CARTESIAN_POINT('',(2.510229073212,-2.510229073212,15.6));
#2121 = DIRECTION('',(0.,0.,1.));
#2122 = DIRECTION('',(1.,0.,-0.));
#2123 = DEFINITIONAL_REPRESENTATION('',(#2124),#2128);
#2124 = CIRCLE('',#2125,0.42);
#2125 = AXIS2_PLACEMENT_2D('',#2126,#2127);
#2126 = CARTESIAN_POINT('',(0.,0.));
#2127 = DIRECTION('',(1.,0.));
#2128 = ( GEOMETRIC_REPRESENTATION_CONTEXT(2) 
PARAMETRIC_REPRESENTATION_CONTEXT() REPRESENTATION_CONTEXT('2D SPACE',''
  ) );
#2129 = ORIENTED_EDGE('',*,*,#2080,.F.);
#2130 = ADVANCED_FACE('',(#2131),#1880,.T.);
#2131 = FACE_BOUND('',#2132,.F.);
#2132 = EDGE_LOOP('',(#2133,#2134,#2157,#2184));
#2133 = ORIENTED_EDGE('',*,*,#1859,.T.);
#2134 = ORIENTED_EDGE('',*,*,#2135,.T.);
#2135 = EDGE_CURVE('',#1860,#2136,#2138,.T.);
#2136 = VERTEX_POINT('',#2137);
#2137 = CARTESIAN_POINT('',(-2.090229073212,2.510229073212,15.6));
#2138 = SEAM_CURVE('',#2139,(#2143,#2150),.PCURVE_S1.);
#2139 = LINE('',#2140,#2141);
#2140 = CARTESIAN_POINT('',(-2.090229073212,2.510229073212,11.));
#2141 = VECTOR('',#2142,1.);
#2142 = DIRECTION('',(0.,0.,1.));
#2143 = PCURVE('',#1880,#2144);
#2144 = DEFINITIONAL_REPRESENTATION('',(#2145),#2149);
#2145 = LINE('',#2146,#2147);
#2146 = CARTESIAN_POINT('',(-6.28318530718,0.));
#2147 = VECTOR('',#2148,1.);
#2148 = DIRECTION('',(-0.,-1.));
#2149 = ( GEOMETRIC_REPRESENTATION_CONTEXT(2) 
PARAMETRIC_REPRESENTATION_CONTEXT() REPRESENTATION_CONTEXT('2D SPACE',''
  ) );
#2150 = PCURVE('',#1880,#2151);
#2151 = DEFINITIONAL_REPRESENTATION('',(#2152),#2156);
#2152 = LINE('',#2153,#2154);
#2153 = CARTESIAN_POINT('',(-0.,0.));
#2154 = VECTOR('',#2155,1.);
#2155 = DIRECTION('',(-0.,-1.));
#2156 = ( GEOMETRIC_REPRESENTATION_CONTEXT(2) 
PARAMETRIC_REPRESENTATION_CONTEXT() REPRESENTATION_CONTEXT('2D SPACE',''
  ) );
#2157 = ORIENTED_EDGE('',*,*,#2158,.T.);
#2158 = EDGE_CURVE('',#2136,#2136,#2159,.T.);
#2159 = SURFACE_CURVE('',#2160,(#2165,#2172),.PCURVE_S1.);
#2160 = CIRCLE('',#2161,0.42);
#2161 = AXIS2_PLACEMENT_3D('',#2162,#2163,#2164);
#2162 = CARTESIAN_POINT('',(-2.510229073212,2.510229073212,15.6));
#2163 = DIRECTION('',(0.,0.,1.));
#2164 = DIRECTION('',(1.,0.,0.));
#2165 = PCURVE('',#1880,#2166);
#2166 = DEFINITIONAL_REPRESENTATION('',(#2167),#2171);
#2167 = LINE('',#2168,#2169);
#2168 = CARTESIAN_POINT('',(-0.,-4.6));
#2169 = VECTOR('',#2170,1.);
#2170 = DIRECTION('',(-1.,0.));
#2171 = ( GEOMETRIC_REPRESENTATION_CONTEXT(2) 
PARAMETRIC_REPRESENTATION_CONTEXT() REPRESENTATION_CONTEXT('2D SPACE',''
  ) );
#2172 = PCURVE('',#2173,#2178);
#2173 = PLANE('',#2174);
#2174 = AXIS2_PLACEMENT_3D('',#2175,#2176,#2177);
#2175 = CARTESIAN_POINT('',(-2.510229073212,2.510229073212,15.6));
#2176 = DIRECTION('',(0.,0.,1.));
#2177 = DIRECTION('',(1.,0.,-0.));
#2178 = DEFINITIONAL_REPRESENTATION('',(#2179),#2183);
#2179 = CIRCLE('',#2180,0.42);
#2180 = AXIS2_PLACEMENT_2D('',#2181,#2182);
#2181 = CARTESIAN_POINT('',(0.,0.));
#2182 = DIRECTION('',(1.,0.));
#2183 = ( GEOMETRIC_REPRESENTATION_CONTEXT(2) 
PARAMETRIC_REPRESENTATION_CONTEXT() REPRESENTATION_CONTEXT('2D SPACE',''
  ) );
#2184 = ORIENTED_EDGE('',*,*,#2135,.F.);
#2185 = ADVANCED_FACE('',(#2186),#1915,.F.);
#2186 = FACE_BOUND('',#2187,.T.);
#2187 = EDGE_LOOP('',(#2188,#2212,#2233,#2234));
#2188 = ORIENTED_EDGE('',*,*,#2189,.F.);
#2189 = EDGE_CURVE('',#2190,#2190,#2192,.T.);
#2190 = VERTEX_POINT('',#2191);
#2191 = CARTESIAN_POINT('',(3.07,0.,11.1));
#2192 = SURFACE_CURVE('',#2193,(#2198,#2205),.PCURVE_S1.);
#2193 = CIRCLE('',#2194,3.07);
#2194 = AXIS2_PLACEMENT_3D('',#2195,#2196,#2197);
#2195 = CARTESIAN_POINT('',(0.,0.,11.1));
#2196 = DIRECTION('',(0.,0.,1.));
#2197 = DIRECTION('',(1.,0.,0.));
#2198 = PCURVE('',#1915,#2199);
#2199 = DEFINITIONAL_REPRESENTATION('',(#2200),#2204);
#2200 = LINE('',#2201,#2202);
#2201 = CARTESIAN_POINT('',(-0.,0.));
#2202 = VECTOR('',#2203,1.);
#2203 = DIRECTION('',(-1.,0.));
#2204 = ( GEOMETRIC_REPRESENTATION_CONTEXT(2) 
PARAMETRIC_REPRESENTATION_CONTEXT() REPRESENTATION_CONTEXT('2D SPACE',''
  ) );
#2205 = PCURVE('',#2005,#2206);
#2206 = DEFINITIONAL_REPRESENTATION('',(#2207),#2211);
#2207 = CIRCLE('',#2208,3.07);
#2208 = AXIS2_PLACEMENT_2D('',#2209,#2210);
#2209 = CARTESIAN_POINT('',(2.227101193061E-16,1.39671294597E-17));
#2210 = DIRECTION('',(1.,0.));
#2211 = ( GEOMETRIC_REPRESENTATION_CONTEXT(2) 
PARAMETRIC_REPRESENTATION_CONTEXT() REPRESENTATION_CONTEXT('2D SPACE',''
  ) );
#2212 = ORIENTED_EDGE('',*,*,#2213,.T.);
#2213 = EDGE_CURVE('',#2190,#1895,#2214,.T.);
#2214 = SEAM_CURVE('',#2215,(#2219,#2226),.PCURVE_S1.);
#2215 = LINE('',#2216,#2217);
#2216 = CARTESIAN_POINT('',(3.07,0.,11.1));
#2217 = VECTOR('',#2218,1.);
#2218 = DIRECTION('',(0.,0.,1.));
#2219 = PCURVE('',#1915,#2220);
#2220 = DEFINITIONAL_REPRESENTATION('',(#2221),#2225);
#2221 = LINE('',#2222,#2223);
#2222 = CARTESIAN_POINT('',(-6.28318530718,0.));
#2223 = VECTOR('',#2224,1.);
#2224 = DIRECTION('',(-0.,-1.));
#2225 = ( GEOMETRIC_REPRESENTATION_CONTEXT(2) 
PARAMETRIC_REPRESENTATION_CONTEXT() REPRESENTATION_CONTEXT('2D SPACE',''
  ) );
#2226 = PCURVE('',#1915,#2227);
#2227 = DEFINITIONAL_REPRESENTATION('',(#2228),#2232);
#2228 = LINE('',#2229,#2230);
#2229 = CARTESIAN_POINT('',(-0.,0.));
#2230 = VECTOR('',#2231,1.);
#2231 = DIRECTION('',(-0.,-1.));
#2232 = ( GEOMETRIC_REPRESENTATION_CONTEXT(2) 
PARAMETRIC_REPRESENTATION_CONTEXT() REPRESENTATION_CONTEXT('2D SPACE',''
  ) );
#2233 = ORIENTED_EDGE('',*,*,#1894,.F.);
#2234 = ORIENTED_EDGE('',*,*,#2213,.F.);
#2235 = ADVANCED_FACE('',(#2236),#1950,.T.);
#2236 = FACE_BOUND('',#2237,.F.);
#2237 = EDGE_LOOP('',(#2238,#2239,#2262,#2289));
#2238 = ORIENTED_EDGE('',*,*,#1929,.T.);
#2239 = ORIENTED_EDGE('',*,*,#2240,.T.);
#2240 = EDGE_CURVE('',#1930,#2241,#2243,.T.);
#2241 = VERTEX_POINT('',#2242);
#2242 = CARTESIAN_POINT('',(2.930229073212,2.510229073212,15.6));
#2243 = SEAM_CURVE('',#2244,(#2248,#2255),.PCURVE_S1.);
#2244 = LINE('',#2245,#2246);
#2245 = CARTESIAN_POINT('',(2.930229073212,2.510229073212,11.));
#2246 = VECTOR('',#2247,1.);
#2247 = DIRECTION('',(0.,0.,1.));
#2248 = PCURVE('',#1950,#2249);
#2249 = DEFINITIONAL_REPRESENTATION('',(#2250),#2254);
#2250 = LINE('',#2251,#2252);
#2251 = CARTESIAN_POINT('',(-6.28318530718,0.));
#2252 = VECTOR('',#2253,1.);
#2253 = DIRECTION('',(-0.,-1.));
#2254 = ( GEOMETRIC_REPRESENTATION_CONTEXT(2) 
PARAMETRIC_REPRESENTATION_CONTEXT() REPRESENTATION_CONTEXT('2D SPACE',''
  ) );
#2255 = PCURVE('',#1950,#2256);
#2256 = DEFINITIONAL_REPRESENTATION('',(#2257),#2261);
#2257 = LINE('',#2258,#2259);
#2258 = CARTESIAN_POINT('',(-0.,0.));
#2259 = VECTOR('',#2260,1.);
#2260 = DIRECTION('',(-0.,-1.));
#2261 = ( GEOMETRIC_REPRESENTATION_CONTEXT(2) 
PARAMETRIC_REPRESENTATION_CONTEXT() REPRESENTATION_CONTEXT('2D SPACE',''
  ) );
#2262 = ORIENTED_EDGE('',*,*,#2263,.T.);
#2263 = EDGE_CURVE('',#2241,#2241,#2264,.T.);
#2264 = SURFACE_CURVE('',#2265,(#2270,#2277),.PCURVE_S1.);
#2265 = CIRCLE('',#2266,0.42);
#2266 = AXIS2_PLACEMENT_3D('',#2267,#2268,#2269);
#2267 = CARTESIAN_POINT('',(2.510229073212,2.510229073212,15.6));
#2268 = DIRECTION('',(0.,0.,1.));
#2269 = DIRECTION('',(1.,0.,0.));
#2270 = PCURVE('',#1950,#2271);
#2271 = DEFINITIONAL_REPRESENTATION('',(#2272),#2276);
#2272 = LINE('',#2273,#2274);
#2273 = CARTESIAN_POINT('',(-0.,-4.6));
#2274 = VECTOR('',#2275,1.);
#2275 = DIRECTION('',(-1.,0.));
#2276 = ( GEOMETRIC_REPRESENTATION_CONTEXT(2) 
PARAMETRIC_REPRESENTATION_CONTEXT() REPRESENTATION_CONTEXT('2D SPACE',''
  ) );
#2277 = PCURVE('',#2278,#2283);
#2278 = PLANE('',#2279);
#2279 = AXIS2_PLACEMENT_3D('',#2280,#2281,#2282);
#2280 = CARTESIAN_POINT('',(2.510229073212,2.510229073212,15.6));
#2281 = DIRECTION('',(0.,0.,1.));
#2282 = DIRECTION('',(1.,0.,-0.));
#2283 = DEFINITIONAL_REPRESENTATION('',(#2284),#2288);
#2284 = CIRCLE('',#2285,0.42);
#2285 = AXIS2_PLACEMENT_2D('',#2286,#2287);
#2286 = CARTESIAN_POINT('',(0.,0.));
#2287 = DIRECTION('',(1.,0.));
#2288 = ( GEOMETRIC_REPRESENTATION_CONTEXT(2) 
PARAMETRIC_REPRESENTATION_CONTEXT() REPRESENTATION_CONTEXT('2D SPACE',''
  ) );
#2289 = ORIENTED_EDGE('',*,*,#2240,.F.);
#2290 = ADVANCED_FACE('',(#2291,#2294),#2005,.T.);
#2291 = FACE_BOUND('',#2292,.T.);
#2292 = EDGE_LOOP('',(#2293));
#2293 = ORIENTED_EDGE('',*,*,#2189,.T.);
#2294 = FACE_BOUND('',#2295,.T.);
#2295 = EDGE_LOOP('',(#2296));
#2296 = ORIENTED_EDGE('',*,*,#1990,.T.);
#2297 = ADVANCED_FACE('',(#2298),#2063,.T.);
#2298 = FACE_BOUND('',#2299,.T.);
#2299 = EDGE_LOOP('',(#2300));
#2300 = ORIENTED_EDGE('',*,*,#2048,.T.);
#2301 = ADVANCED_FACE('',(#2302),#2118,.T.);
#2302 = FACE_BOUND('',#2303,.T.);
#2303 = EDGE_LOOP('',(#2304));
#2304 = ORIENTED_EDGE('',*,*,#2103,.T.);
#2305 = ADVANCED_FACE('',(#2306),#2173,.T.);
#2306 = FACE_BOUND('',#2307,.T.);
#2307 = EDGE_LOOP('',(#2308));
#2308 = ORIENTED_EDGE('',*,*,#2158,.T.);
#2309 = ADVANCED_FACE('',(#2310),#2278,.T.);
#2310 = FACE_BOUND('',#2311,.T.);
#2311 = EDGE_LOOP('',(#2312));
#2312 = ORIENTED_EDGE('',*,*,#2263,.T.);
#2313 = ( GEOMETRIC_REPRESENTATION_CONTEXT(3) 
GLOBAL_UNCERTAINTY_ASSIGNED_CONTEXT((#2317)) 
GLOBAL_UNIT_ASSIGNED_CONTEXT((#2314,#2315,#2316)) REPRESENTATION_CONTEXT
('Context #1','3D Context with UNIT and UNCERTAINTY') );
#2314 = ( LENGTH_UNIT() NAMED_UNIT(*) SI_UNIT(.MILLI.,.METRE.) );
#2315 = ( NAMED_UNIT(*) PLANE_ANGLE_UNIT() SI_UNIT($,.RADIAN.) );
#2316 = ( NAMED_UNIT(*) SI_UNIT($,.STERADIAN.) SOLID_ANGLE_UNIT() );
#2317 = UNCERTAINTY_MEASURE_WITH_UNIT(LENGTH_MEASURE(2.E-07),#2314,
  'distance_accuracy_value','confusion accuracy');
#2318 = PRODUCT_RELATED_PRODUCT_CATEGORY('part',$,(#7));
ENDSEC;
END-ISO-10303-21;
