ISO-10303-21;
HEADER;
FILE_DESCRIPTION(('Open CASCADE Model'),'2;1');
FILE_NAME('Open CASCADE Shape Model','2026-08-25T06:01:49',('Author'),(
    'Open CASCADE'),'Open CASCADE STEP processor 7.7','Open CASCADE 7.7'
  ,'Unknown');
FILE_SCHEMA(('AUTOMOTIVE_DESIGN { 1 0 10303 214 1 1 1 1 }'));
ENDSEC;
DATA;
#1 = APPLICATION_PROTOCOL_DEFINITION('international standard',
  'automotive_design',2000,#2);
#2 = APPLICATION_CONTEXT(
  'core data for automotive mechanical design processes');
#3 = SHAPE_DEFINITION_REPRESENTATION(#4,#10);
#4 = PRODUCT_DEFINITION_SHAPE('','',#5);
#5 = PRODUCT_DEFINITION('design','',#6,#9);
#6 = PRODUCT_DEFINITION_FORMATION('','',#7);
#7 = PRODUCT('Open CASCADE STEP translator 7.7 3',
  'Open CASCADE STEP translator 7.7 3','',(#8));
#8 = PRODUCT_CONTEXT('',#2,'mechanical');
#9 = PRODUCT_DEFINITION_CONTEXT('part definition',#2,'design');
#10 = SHAPE_REPRESENTATION('',(#11,#15,#19),#23);
#11 = AXIS2_PLACEMENT_3D('',#12,#13,#14);
#12 = CARTESIAN_POINT('',(0.,0.,0.));
#13 = DIRECTION('',(0.,0.,1.));
#14 = DIRECTION('',(1.,0.,-0.));
#15 = AXIS2_PLACEMENT_3D('',#16,#17,#18);
#16 = CARTESIAN_POINT('',(0.,0.,0.));
#17 = DIRECTION('',(0.,0.,1.));
#18 = DIRECTION('',(1.,0.,-0.));
#19 = AXIS2_PLACEMENT_3D('',#20,#21,#22);
#20 = CARTESIAN_POINT('',(0.,0.,0.));
#21 = DIRECTION('',(0.,0.,1.));
#22 = DIRECTION('',(1.,0.,-0.));
#23 = ( GEOMETRIC_REPRESENTATION_CONTEXT(3) 
GLOBAL_UNCERTAINTY_ASSIGNED_CONTEXT((#27)) GLOBAL_UNIT_ASSIGNED_CONTEXT(
(#24,#25,#26)) REPRESENTATION_CONTEXT('Context #1',
  '3D Context with UNIT and UNCERTAINTY') );
#24 = ( LENGTH_UNIT() NAMED_UNIT(*) SI_UNIT(.MILLI.,.METRE.) );
#25 = ( NAMED_UNIT(*) PLANE_ANGLE_UNIT() SI_UNIT($,.RADIAN.) );
#26 = ( NAMED_UNIT(*) SI_UNIT($,.STERADIAN.) SOLID_ANGLE_UNIT() );
#27 = UNCERTAINTY_MEASURE_WITH_UNIT(LENGTH_MEASURE(2.E-07),#24,
  'distance_accuracy_value','confusion accuracy');
#28 = PRODUCT_RELATED_PRODUCT_CATEGORY('part',$,(#7));
#29 = SHAPE_DEFINITION_REPRESENTATION(#30,#36);
#30 = PRODUCT_DEFINITION_SHAPE('','',#31);
#31 = PRODUCT_DEFINITION('design','',#32,#35);
#32 = PRODUCT_DEFINITION_FORMATION('','',#33);
#33 = PRODUCT('Open CASCADE STEP translator 7.7 3.1',
  'Open CASCADE STEP translator 7.7 3.1','',(#34));
#34 = PRODUCT_CONTEXT('',#2,'mechanical');
#35 = PRODUCT_DEFINITION_CONTEXT('part definition',#2,'design');
#36 = ADVANCED_BREP_SHAPE_REPRESENTATION('',(#11,#37),#2335);
#37 = MANIFOLD_SOLID_BREP('',#38);
#38 = CLOSED_SHELL('',(#39,#908,#935,#1201,#1513,#1519,#1576,#1706,#1788
    ,#1793,#1799,#1804,#1983,#2042,#2097,#2152,#2207,#2257,#2312,#2319,
    #2323,#2327,#2331));
#39 = ADVANCED_FACE('',(#40,#484),#57,.T.);
#40 = FACE_BOUND('',#41,.T.);
#41 = EDGE_LOOP('',(#42,#86,#110,#132,#156,#157,#158,#159,#191,#340));
#42 = ORIENTED_EDGE('',*,*,#43,.F.);
#43 = EDGE_CURVE('',#44,#46,#48,.T.);
#44 = VERTEX_POINT('',#45);
#45 = CARTESIAN_POINT('',(8.66070197051,-2.121260189311E-15,
    -0.169649014745));
#46 = VERTEX_POINT('',#47);
#47 = CARTESIAN_POINT('',(8.616461086439,-0.903394917647,-0.191769456781
    ));
#48 = SURFACE_CURVE('',#49,(#56,#71),.PCURVE_S1.);
#49 = B_SPLINE_CURVE_WITH_KNOTS('',5,(#50,#51,#52,#53,#54,#55),
  .UNSPECIFIED.,.F.,.F.,(6,6),(0.,1.),.PIECEWISE_BEZIER_KNOTS.);
#50 = CARTESIAN_POINT('',(8.66070197051,0.,-0.169649014745));
#51 = CARTESIAN_POINT('',(8.66070197051,-0.240929051546,-0.169649014745)
  );
#52 = CARTESIAN_POINT('',(8.652823119607,-0.481864674483,-0.173588440196
    ));
#53 = CARTESIAN_POINT('',(8.637064280281,-0.722311652993,-0.181467859859
    ));
#54 = CARTESIAN_POINT('',(8.613598810883,-0.961823593901,-0.193200594558
    ));
#55 = CARTESIAN_POINT('',(8.582735376419,-1.2,-0.208632311791));
#56 = PCURVE('',#57,#62);
#57 = TOROIDAL_SURFACE('',#58,10.,1.35);
#58 = AXIS2_PLACEMENT_3D('',#59,#60,#61);
#59 = CARTESIAN_POINT('',(0.,0.,0.));
#60 = DIRECTION('',(0.,0.,1.));
#61 = DIRECTION('',(1.,0.,-0.));
#62 = DEFINITIONAL_REPRESENTATION('',(#63),#70);
#63 = B_SPLINE_CURVE_WITH_KNOTS('',5,(#64,#65,#66,#67,#68,#69),
  .UNSPECIFIED.,.F.,.F.,(6,6),(0.,1.),.PIECEWISE_BEZIER_KNOTS.);
#64 = CARTESIAN_POINT('',(6.28318530718,3.267591714443));
#65 = CARTESIAN_POINT('',(6.255366655485,3.267591714443));
#66 = CARTESIAN_POINT('',(6.22754725665,3.270533060304));
#67 = CARTESIAN_POINT('',(6.199747381844,3.276416597275));
#68 = CARTESIAN_POINT('',(6.171981956436,3.28518707886));
#69 = CARTESIAN_POINT('',(6.144270259373,3.296756979579));
#70 = ( GEOMETRIC_REPRESENTATION_CONTEXT(2) 
PARAMETRIC_REPRESENTATION_CONTEXT() REPRESENTATION_CONTEXT('2D SPACE',''
  ) );
#71 = PCURVE('',#72,#77);
#72 = PLANE('',#73);
#73 = AXIS2_PLACEMENT_3D('',#74,#75,#76);
#74 = CARTESIAN_POINT('',(9.,0.,0.));
#75 = DIRECTION('',(-0.4472135955,0.,0.894427191));
#76 = DIRECTION('',(0.894427191,0.,0.4472135955));
#77 = DEFINITIONAL_REPRESENTATION('',(#78),#85);
#78 = B_SPLINE_CURVE_WITH_KNOTS('',5,(#79,#80,#81,#82,#83,#84),
  .UNSPECIFIED.,.F.,.F.,(6,6),(0.,1.),.PIECEWISE_BEZIER_KNOTS.);
#79 = CARTESIAN_POINT('',(-0.379346729286,0.));
#80 = CARTESIAN_POINT('',(-0.379346729286,-0.240929051546));
#81 = CARTESIAN_POINT('',(-0.388155552387,-0.481864674483));
#82 = CARTESIAN_POINT('',(-0.405774470377,-0.722311652993));
#83 = CARTESIAN_POINT('',(-0.432009662726,-0.961823593901));
#84 = CARTESIAN_POINT('',(-0.466516031467,-1.2));
#85 = ( GEOMETRIC_REPRESENTATION_CONTEXT(2) 
PARAMETRIC_REPRESENTATION_CONTEXT() REPRESENTATION_CONTEXT('2D SPACE',''
  ) );
#86 = ORIENTED_EDGE('',*,*,#87,.T.);
#87 = EDGE_CURVE('',#44,#88,#90,.T.);
#88 = VERTEX_POINT('',#89);
#89 = CARTESIAN_POINT('',(11.35,-2.779948234064E-15,-3.306546357698E-16)
  );
#90 = SEAM_CURVE('',#91,(#96,#103),.PCURVE_S1.);
#91 = CIRCLE('',#92,1.35);
#92 = AXIS2_PLACEMENT_3D('',#93,#94,#95);
#93 = CARTESIAN_POINT('',(10.,-2.449293598295E-15,0.));
#94 = DIRECTION('',(-2.449293598295E-16,-1.,0.));
#95 = DIRECTION('',(1.,-2.449293598295E-16,0.));
#96 = PCURVE('',#57,#97);
#97 = DEFINITIONAL_REPRESENTATION('',(#98),#102);
#98 = LINE('',#99,#100);
#99 = CARTESIAN_POINT('',(6.28318530718,0.));
#100 = VECTOR('',#101,1.);
#101 = DIRECTION('',(0.,1.));
#102 = ( GEOMETRIC_REPRESENTATION_CONTEXT(2) 
PARAMETRIC_REPRESENTATION_CONTEXT() REPRESENTATION_CONTEXT('2D SPACE',''
  ) );
#103 = PCURVE('',#57,#104);
#104 = DEFINITIONAL_REPRESENTATION('',(#105),#109);
#105 = LINE('',#106,#107);
#106 = CARTESIAN_POINT('',(6.28318530718,0.));
#107 = VECTOR('',#108,1.);
#108 = DIRECTION('',(0.,1.));
#109 = ( GEOMETRIC_REPRESENTATION_CONTEXT(2) 
PARAMETRIC_REPRESENTATION_CONTEXT() REPRESENTATION_CONTEXT('2D SPACE',''
  ) );
#110 = ORIENTED_EDGE('',*,*,#111,.F.);
#111 = EDGE_CURVE('',#88,#88,#112,.T.);
#112 = SEAM_CURVE('',#113,(#118,#125),.PCURVE_S1.);
#113 = CIRCLE('',#114,11.35);
#114 = AXIS2_PLACEMENT_3D('',#115,#116,#117);
#115 = CARTESIAN_POINT('',(0.,0.,-3.306546357698E-16));
#116 = DIRECTION('',(0.,0.,1.));
#117 = DIRECTION('',(1.,0.,-0.));
#118 = PCURVE('',#57,#119);
#119 = DEFINITIONAL_REPRESENTATION('',(#120),#124);
#120 = LINE('',#121,#122);
#121 = CARTESIAN_POINT('',(0.,6.28318530718));
#122 = VECTOR('',#123,1.);
#123 = DIRECTION('',(1.,0.));
#124 = ( GEOMETRIC_REPRESENTATION_CONTEXT(2) 
PARAMETRIC_REPRESENTATION_CONTEXT() REPRESENTATION_CONTEXT('2D SPACE',''
  ) );
#125 = PCURVE('',#57,#126);
#126 = DEFINITIONAL_REPRESENTATION('',(#127),#131);
#127 = LINE('',#128,#129);
#128 = CARTESIAN_POINT('',(0.,6.28318530718));
#129 = VECTOR('',#130,1.);
#130 = DIRECTION('',(1.,0.));
#131 = ( GEOMETRIC_REPRESENTATION_CONTEXT(2) 
PARAMETRIC_REPRESENTATION_CONTEXT() REPRESENTATION_CONTEXT('2D SPACE',''
  ) );
#132 = ORIENTED_EDGE('',*,*,#133,.T.);
#133 = EDGE_CURVE('',#88,#134,#136,.T.);
#134 = VERTEX_POINT('',#135);
#135 = CARTESIAN_POINT('',(9.49253776893,-1.284965279365E-15,
    1.25099243964));
#136 = SEAM_CURVE('',#137,(#142,#149),.PCURVE_S1.);
#137 = CIRCLE('',#138,1.35);
#138 = AXIS2_PLACEMENT_3D('',#139,#140,#141);
#139 = CARTESIAN_POINT('',(10.,-2.449293598295E-15,0.));
#140 = DIRECTION('',(-2.449293598295E-16,-1.,0.));
#141 = DIRECTION('',(1.,-2.449293598295E-16,0.));
#142 = PCURVE('',#57,#143);
#143 = DEFINITIONAL_REPRESENTATION('',(#144),#148);
#144 = LINE('',#145,#146);
#145 = CARTESIAN_POINT('',(0.,6.28318530718));
#146 = VECTOR('',#147,1.);
#147 = DIRECTION('',(0.,1.));
#148 = ( GEOMETRIC_REPRESENTATION_CONTEXT(2) 
PARAMETRIC_REPRESENTATION_CONTEXT() REPRESENTATION_CONTEXT('2D SPACE',''
  ) );
#149 = PCURVE('',#57,#150);
#150 = DEFINITIONAL_REPRESENTATION('',(#151),#155);
#151 = LINE('',#152,#153);
#152 = CARTESIAN_POINT('',(0.,6.28318530718));
#153 = VECTOR('',#154,1.);
#154 = DIRECTION('',(0.,1.));
#155 = ( GEOMETRIC_REPRESENTATION_CONTEXT(2) 
PARAMETRIC_REPRESENTATION_CONTEXT() REPRESENTATION_CONTEXT('2D SPACE',''
  ) );
#156 = ORIENTED_EDGE('',*,*,#133,.F.);
#157 = ORIENTED_EDGE('',*,*,#111,.T.);
#158 = ORIENTED_EDGE('',*,*,#87,.F.);
#159 = ORIENTED_EDGE('',*,*,#160,.T.);
#160 = EDGE_CURVE('',#44,#161,#163,.T.);
#161 = VERTEX_POINT('',#162);
#162 = CARTESIAN_POINT('',(8.616461086439,0.903394917647,-0.191769456781
    ));
#163 = SURFACE_CURVE('',#164,(#171,#181),.PCURVE_S1.);
#164 = B_SPLINE_CURVE_WITH_KNOTS('',5,(#165,#166,#167,#168,#169,#170),
  .UNSPECIFIED.,.F.,.F.,(6,6),(0.,1.),.PIECEWISE_BEZIER_KNOTS.);
#165 = CARTESIAN_POINT('',(8.66070197051,0.,-0.169649014745));
#166 = CARTESIAN_POINT('',(8.66070197051,0.240929034815,-0.169649014745)
  );
#167 = CARTESIAN_POINT('',(8.652823120462,0.481864713748,-0.173588439769
    ));
#168 = CARTESIAN_POINT('',(8.637064274989,0.722311677601,-0.181467862506
    ));
#169 = CARTESIAN_POINT('',(8.613598814463,0.961823566275,-0.193200592768
    ));
#170 = CARTESIAN_POINT('',(8.582735376419,1.2,-0.208632311791));
#171 = PCURVE('',#57,#172);
#172 = DEFINITIONAL_REPRESENTATION('',(#173),#180);
#173 = B_SPLINE_CURVE_WITH_KNOTS('',5,(#174,#175,#176,#177,#178,#179),
  .UNSPECIFIED.,.F.,.F.,(6,6),(0.,1.),.PIECEWISE_BEZIER_KNOTS.);
#174 = CARTESIAN_POINT('',(6.28318530718,3.267591714443));
#175 = CARTESIAN_POINT('',(6.311003956942,3.267591714443));
#176 = CARTESIAN_POINT('',(6.338823362216,3.270533059897));
#177 = CARTESIAN_POINT('',(6.366623235404,3.276416599323));
#178 = CARTESIAN_POINT('',(6.394388654709,3.285187077518));
#179 = CARTESIAN_POINT('',(6.422100354987,3.296756979579));
#180 = ( GEOMETRIC_REPRESENTATION_CONTEXT(2) 
PARAMETRIC_REPRESENTATION_CONTEXT() REPRESENTATION_CONTEXT('2D SPACE',''
  ) );
#181 = PCURVE('',#72,#182);
#182 = DEFINITIONAL_REPRESENTATION('',(#183),#190);
#183 = B_SPLINE_CURVE_WITH_KNOTS('',5,(#184,#185,#186,#187,#188,#189),
  .UNSPECIFIED.,.F.,.F.,(6,6),(0.,1.),.PIECEWISE_BEZIER_KNOTS.);
#184 = CARTESIAN_POINT('',(-0.379346729286,0.));
#185 = CARTESIAN_POINT('',(-0.379346729286,0.240929034815));
#186 = CARTESIAN_POINT('',(-0.388155551431,0.481864713748));
#187 = CARTESIAN_POINT('',(-0.405774476294,0.722311677601));
#188 = CARTESIAN_POINT('',(-0.432009658723,0.961823566275));
#189 = CARTESIAN_POINT('',(-0.466516031467,1.2));
#190 = ( GEOMETRIC_REPRESENTATION_CONTEXT(2) 
PARAMETRIC_REPRESENTATION_CONTEXT() REPRESENTATION_CONTEXT('2D SPACE',''
  ) );
#191 = ORIENTED_EDGE('',*,*,#192,.F.);
#192 = EDGE_CURVE('',#134,#161,#193,.T.);
#193 = SURFACE_CURVE('',#194,(#239,#287),.PCURVE_S1.);
#194 = B_SPLINE_CURVE_WITH_KNOTS('',7,(#195,#196,#197,#198,#199,#200,
    #201,#202,#203,#204,#205,#206,#207,#208,#209,#210,#211,#212,#213,
    #214,#215,#216,#217,#218,#219,#220,#221,#222,#223,#224,#225,#226,
    #227,#228,#229,#230,#231,#232,#233,#234,#235,#236,#237,#238),
  .UNSPECIFIED.,.F.,.F.,(8,6,6,6,6,6,6,8),(0.,0.23738091364,
    0.355096155094,0.466423777219,0.607115972335,0.680474810273,
    0.917981522083,1.),.UNSPECIFIED.);
#195 = CARTESIAN_POINT('',(9.49253776893,0.,1.25099243964));
#196 = CARTESIAN_POINT('',(9.49253776893,8.85923001145E-02,1.25099243964
    ));
#197 = CARTESIAN_POINT('',(9.483863942117,0.177202776595,1.247865068741)
  );
#198 = CARTESIAN_POINT('',(9.466509558097,0.264347173352,1.241608920004)
  );
#199 = CARTESIAN_POINT('',(9.440993259986,0.348700136133,1.232047542924)
  );
#200 = CARTESIAN_POINT('',(9.408198849186,0.429128303029,1.218786155128)
  );
#201 = CARTESIAN_POINT('',(9.369236918151,0.504677180093,1.201368433046)
  );
#202 = CARTESIAN_POINT('',(9.303603980823,0.609257576659,1.168460247216)
  );
#203 = CARTESIAN_POINT('',(9.280635431451,0.642544473263,1.156423109023)
  );
#204 = CARTESIAN_POINT('',(9.256606402909,0.674359159969,1.143204987273)
  );
#205 = CARTESIAN_POINT('',(9.231677737348,0.704619344957,1.128755181486)
  );
#206 = CARTESIAN_POINT('',(9.206018484152,0.733252963054,1.113029392436)
  );
#207 = CARTESIAN_POINT('',(9.179803856421,0.760200244217,1.095993834653)
  );
#208 = CARTESIAN_POINT('',(9.128065416376,0.809263041134,1.060261381103)
  );
#209 = CARTESIAN_POINT('',(9.10258043224,0.831562251824,1.041704252554)
  );
#210 = CARTESIAN_POINT('',(9.076912215368,0.852272438915,1.021943309469)
  );
#211 = CARTESIAN_POINT('',(9.051216291885,0.871367092319,1.000975428289)
  );
#212 = CARTESIAN_POINT('',(9.025646709906,0.888834966552,0.978811073765)
  );
#213 = CARTESIAN_POINT('',(9.00035301571,0.904680880269,0.955476357002)
  );
#214 = CARTESIAN_POINT('',(8.944040028221,0.936929682403,0.900101751508)
  );
#215 = CARTESIAN_POINT('',(8.913264218279,0.952380426719,0.867383256572)
  );
#216 = CARTESIAN_POINT('',(8.883441040383,0.965318216089,0.832950526149)
  );
#217 = CARTESIAN_POINT('',(8.854822363737,0.975837993579,0.796921780446)
  );
#218 = CARTESIAN_POINT('',(8.827615786468,0.984075195475,0.759436879374)
  );
#219 = CARTESIAN_POINT('',(8.801984419402,0.990193481209,0.720651431223)
  );
#220 = CARTESIAN_POINT('',(8.765572325222,0.996555568456,0.659915442881)
  );
#221 = CARTESIAN_POINT('',(8.753553794989,0.998209657109,0.638789525679)
  );
#222 = CARTESIAN_POINT('',(8.742012451918,0.999363298526,0.617374749769)
  );
#223 = CARTESIAN_POINT('',(8.730961658718,1.000043523277,0.595692619279)
  );
#224 = CARTESIAN_POINT('',(8.72041184406,1.000278121515,0.573764092058)
  );
#225 = CARTESIAN_POINT('',(8.710370894834,1.000095228881,0.551609357568)
  );
#226 = CARTESIAN_POINT('',(8.670002031305,0.997669979541,0.456849194227)
  );
#227 = CARTESIAN_POINT('',(8.644572253976,0.991735895133,0.382324046951)
  );
#228 = CARTESIAN_POINT('',(8.62470855948,0.982683729827,0.306262435575)
  );
#229 = CARTESIAN_POINT('',(8.610384511125,0.971443474218,0.229186048419)
  );
#230 = CARTESIAN_POINT('',(8.601491519572,0.958883801287,0.151531280025)
  );
#231 = CARTESIAN_POINT('',(8.597909355421,0.945801894073,
    7.364530673056E-02));
#232 = CARTESIAN_POINT('',(8.600115956702,0.928486734163,
    -3.108919732859E-02));
#233 = CARTESIAN_POINT('',(8.601305083264,0.924067744769,
    -5.796579050295E-02));
#234 = CARTESIAN_POINT('',(8.603113081904,0.919705060324,
    -8.48218130183E-02));
#235 = CARTESIAN_POINT('',(8.605536230118,0.915428332402,-0.111643971832
    ));
#236 = CARTESIAN_POINT('',(8.608570927958,0.911266174199,-0.138418690063
    ));
#237 = CARTESIAN_POINT('',(8.612213698032,0.907246160528,-0.165132106994
    ));
#238 = CARTESIAN_POINT('',(8.616461185504,0.903394827821,-0.191770078068
    ));
#239 = PCURVE('',#57,#240);
#240 = DEFINITIONAL_REPRESENTATION('',(#241),#286);
#241 = B_SPLINE_CURVE_WITH_KNOTS('',7,(#242,#243,#244,#245,#246,#247,
    #248,#249,#250,#251,#252,#253,#254,#255,#256,#257,#258,#259,#260,
    #261,#262,#263,#264,#265,#266,#267,#268,#269,#270,#271,#272,#273,
    #274,#275,#276,#277,#278,#279,#280,#281,#282,#283,#284,#285),
  .UNSPECIFIED.,.F.,.F.,(8,6,6,6,6,6,6,8),(0.,0.23738091364,
    0.355096155094,0.466423777219,0.607115972335,0.680474810273,
    0.917981522083,1.),.UNSPECIFIED.);
#242 = CARTESIAN_POINT('',(6.28318530718,1.956161926572));
#243 = CARTESIAN_POINT('',(6.292518143379,1.956161926572));
#244 = CARTESIAN_POINT('',(6.301852895712,1.962324445836));
#245 = CARTESIAN_POINT('',(6.311066355494,1.974653943152));
#246 = CARTESIAN_POINT('',(6.320052166641,1.992902810837));
#247 = CARTESIAN_POINT('',(6.328715089938,2.016678823109));
#248 = CARTESIAN_POINT('',(6.336965840477,2.045540401269));
#249 = CARTESIAN_POINT('',(6.348570064668,2.095632513093));
#250 = CARTESIAN_POINT('',(6.35229606266,2.113377671555));
#251 = CARTESIAN_POINT('',(6.355891583152,2.132207717408));
#252 = CARTESIAN_POINT('',(6.359347026268,2.152066429001));
#253 = CARTESIAN_POINT('',(6.362653110237,2.172895512896));
#254 = CARTESIAN_POINT('',(6.365801142515,2.194634139904));
#255 = CARTESIAN_POINT('',(6.371603618011,2.238577321095));
#256 = CARTESIAN_POINT('',(6.374275677624,2.260693292832));
#257 = CARTESIAN_POINT('',(6.376792575644,2.283510079467));
#258 = CARTESIAN_POINT('',(6.379148441563,2.306969941325));
#259 = CARTESIAN_POINT('',(6.381338677607,2.331013263239));
#260 = CARTESIAN_POINT('',(6.383360207881,2.355578101861));
#261 = CARTESIAN_POINT('',(6.387551617272,2.412221249191));
#262 = CARTESIAN_POINT('',(6.389620428062,2.444578319583));
#263 = CARTESIAN_POINT('',(6.391415036909,2.477536406903));
#264 = CARTESIAN_POINT('',(6.392938459975,2.510972196815));
#265 = CARTESIAN_POINT('',(6.394198916942,2.544774225848));
#266 = CARTESIAN_POINT('',(6.395208889663,2.578842237259));
#267 = CARTESIAN_POINT('',(6.39638841953,2.630940048514));
#268 = CARTESIAN_POINT('',(6.396728897491,2.648844155303));
#269 = CARTESIAN_POINT('',(6.397007857969,2.666786013895));
#270 = CARTESIAN_POINT('',(6.397227779552,2.684755533907));
#271 = CARTESIAN_POINT('',(6.397391320061,2.702744027712));
#272 = CARTESIAN_POINT('',(6.397501266197,2.720744132277));
#273 = CARTESIAN_POINT('',(6.397752204236,2.797044691332));
#274 = CARTESIAN_POINT('',(6.397412040147,2.855362393018));
#275 = CARTESIAN_POINT('',(6.396638829915,2.913549595146));
#276 = CARTESIAN_POINT('',(6.395536468045,2.971547171465));
#277 = CARTESIAN_POINT('',(6.394207412199,3.029358900468));
#278 = CARTESIAN_POINT('',(6.392748454856,3.087040299815));
#279 = CARTESIAN_POINT('',(6.390730867172,3.164621790292));
#280 = CARTESIAN_POINT('',(6.39020816238,3.18453192715));
#281 = CARTESIAN_POINT('',(6.389684387263,3.204441148614));
#282 = CARTESIAN_POINT('',(6.389163154213,3.22435249201));
#283 = CARTESIAN_POINT('',(6.388647945328,3.24426879902));
#284 = CARTESIAN_POINT('',(6.388142112415,3.26419271568));
#285 = CARTESIAN_POINT('',(6.38764887699,3.284126692384));
#286 = ( GEOMETRIC_REPRESENTATION_CONTEXT(2) 
PARAMETRIC_REPRESENTATION_CONTEXT() REPRESENTATION_CONTEXT('2D SPACE',''
  ) );
#287 = PCURVE('',#288,#293);
#288 = CYLINDRICAL_SURFACE('',#289,1.);
#289 = AXIS2_PLACEMENT_3D('',#290,#291,#292);
#290 = CARTESIAN_POINT('',(9.,0.,0.));
#291 = DIRECTION('',(-0.4472135955,0.,0.894427191));
#292 = DIRECTION('',(0.894427191,0.,0.4472135955));
#293 = DEFINITIONAL_REPRESENTATION('',(#294),#339);
#294 = B_SPLINE_CURVE_WITH_KNOTS('',7,(#295,#296,#297,#298,#299,#300,
    #301,#302,#303,#304,#305,#306,#307,#308,#309,#310,#311,#312,#313,
    #314,#315,#316,#317,#318,#319,#320,#321,#322,#323,#324,#325,#326,
    #327,#328,#329,#330,#331,#332,#333,#334,#335,#336,#337,#338),
  .UNSPECIFIED.,.F.,.F.,(8,6,6,6,6,6,6,8),(0.,0.23738091364,
    0.355096155094,0.466423777219,0.607115972335,0.680474810273,
    0.917981522083,1.),.UNSPECIFIED.);
#295 = CARTESIAN_POINT('',(0.,0.898652067187));
#296 = CARTESIAN_POINT('',(8.85923001145E-02,0.898652067187));
#297 = CARTESIAN_POINT('',(0.177202704224,0.899733914894));
#298 = CARTESIAN_POINT('',(0.265483175325,0.901899361828));
#299 = CARTESIAN_POINT('',(0.353244265142,0.904758641606));
#300 = CARTESIAN_POINT('',(0.440349501665,0.907563402137));
#301 = CARTESIAN_POINT('',(0.526681286696,0.909408823167));
#302 = CARTESIAN_POINT('',(0.654461112072,0.90932678884));
#303 = CARTESIAN_POINT('',(0.696601861232,0.908832292687));
#304 = CARTESIAN_POINT('',(0.738510149722,0.907755753431));
#305 = CARTESIAN_POINT('',(0.780167637734,0.905979892386));
#306 = CARTESIAN_POINT('',(0.821550697437,0.90338948594));
#307 = CARTESIAN_POINT('',(0.862629578688,0.899875957767));
#308 = CARTESIAN_POINT('',(0.941894992052,0.891054013509));
#309 = CARTESIAN_POINT('',(0.980118790536,0.885853244535));
#310 = CARTESIAN_POINT('',(1.018004019691,0.879657695277));
#311 = CARTESIAN_POINT('',(1.055512870543,0.872395018542));
#312 = CARTESIAN_POINT('',(1.092604199185,0.864005681877));
#313 = CARTESIAN_POINT('',(1.129233050308,0.854446160636));
#314 = CARTESIAN_POINT('',(1.210993824807,0.830101541399));
#315 = CARTESIAN_POINT('',(1.255828927158,0.814600590498));
#316 = CARTESIAN_POINT('',(1.299749777666,0.797140350763));
#317 = CARTESIAN_POINT('',(1.342668427607,0.77771392223));
#318 = CARTESIAN_POINT('',(1.384508370166,0.756353558701));
#319 = CARTESIAN_POINT('',(1.425200619277,0.733125495082));
#320 = CARTESIAN_POINT('',(1.485268416925,0.695085559196));
#321 = CARTESIAN_POINT('',(1.505527494954,0.681564814534));
#322 = CARTESIAN_POINT('',(1.525451879607,0.667572302203));
#323 = CARTESIAN_POINT('',(1.545035170347,0.653121280094));
#324 = CARTESIAN_POINT('',(1.564271902427,0.638225829633));
#325 = CARTESIAN_POINT('',(1.583157341967,0.622900481702));
#326 = CARTESIAN_POINT('',(1.661679846647,0.556197919591));
#327 = CARTESIAN_POINT('',(1.71791010462,0.500913143606));
#328 = CARTESIAN_POINT('',(1.770300176163,0.441764884435));
#329 = CARTESIAN_POINT('',(1.818764753615,0.379231577146));
#330 = CARTESIAN_POINT('',(1.86318154409,0.313752107511));
#331 = CARTESIAN_POINT('',(1.903376302064,0.245690767709));
#332 = CARTESIAN_POINT('',(1.951466711393,0.151026557349));
#333 = CARTESIAN_POINT('',(1.963279072704,0.126455608047));
#334 = CARTESIAN_POINT('',(1.974549103594,0.101626289695));
#335 = CARTESIAN_POINT('',(1.985265625429,7.655215670546E-02));
#336 = CARTESIAN_POINT('',(1.995416712184,5.124696255573E-02));
#337 = CARTESIAN_POINT('',(2.004989690443,2.572465978599E-02));
#338 = CARTESIAN_POINT('',(2.013971139398,-6.E-07));
#339 = ( GEOMETRIC_REPRESENTATION_CONTEXT(2) 
PARAMETRIC_REPRESENTATION_CONTEXT() REPRESENTATION_CONTEXT('2D SPACE',''
  ) );
#340 = ORIENTED_EDGE('',*,*,#341,.T.);
#341 = EDGE_CURVE('',#134,#46,#342,.T.);
#342 = SURFACE_CURVE('',#343,(#388,#436),.PCURVE_S1.);
#343 = B_SPLINE_CURVE_WITH_KNOTS('',7,(#344,#345,#346,#347,#348,#349,
    #350,#351,#352,#353,#354,#355,#356,#357,#358,#359,#360,#361,#362,
    #363,#364,#365,#366,#367,#368,#369,#370,#371,#372,#373,#374,#375,
    #376,#377,#378,#379,#380,#381,#382,#383,#384,#385,#386,#387),
  .UNSPECIFIED.,.F.,.F.,(8,6,6,6,6,6,6,8),(0.,0.240364132645,
    0.35736555258,0.46836430342,0.608910586452,0.678598234262,
    0.917376499959,1.),.UNSPECIFIED.);
#344 = CARTESIAN_POINT('',(9.49253776893,0.,1.25099243964));
#345 = CARTESIAN_POINT('',(9.49253776893,-8.969980321672E-02,
    1.25099243964));
#346 = CARTESIAN_POINT('',(9.483645720779,-0.179422644842,1.24778638896)
  );
#347 = CARTESIAN_POINT('',(9.465853065434,-0.267624866008,1.241372275254
    ));
#348 = CARTESIAN_POINT('',(9.4397052039,-0.352931119619,1.231564679355)
  );
#349 = CARTESIAN_POINT('',(9.406129554163,-0.434169248768,1.217948201658
    ));
#350 = CARTESIAN_POINT('',(9.366288031273,-0.510355840929,1.200046856081
    ));
#351 = CARTESIAN_POINT('',(9.299681817916,-0.614964069341,1.166406735143
    ));
#352 = CARTESIAN_POINT('',(9.276697498234,-0.64783641385,1.154272022852)
  );
#353 = CARTESIAN_POINT('',(9.25268451788,-0.679244506329,1.140964573071)
  );
#354 = CARTESIAN_POINT('',(9.227801592705,-0.709108479343,1.126435119841
    ));
#355 = CARTESIAN_POINT('',(9.202215351867,-0.737358531651,1.110640935914
    ));
#356 = CARTESIAN_POINT('',(9.176098331592,-0.763936981152,1.093549842464
    ));
#357 = CARTESIAN_POINT('',(9.124513699472,-0.812388059849,1.057682881688
    ));
#358 = CARTESIAN_POINT('',(9.099080592553,-0.834433044826,1.039037859007
    ));
#359 = CARTESIAN_POINT('',(9.073480555601,-0.854895595155,1.019195635674
    ));
#360 = CARTESIAN_POINT('',(9.04786776531,-0.873750545106,0.998154229583)
  );
#361 = CARTESIAN_POINT('',(9.022394679265,-0.890987962244,0.97592516026)
  );
#362 = CARTESIAN_POINT('',(8.997209047568,-0.906613868858,0.952535417528
    ));
#363 = CARTESIAN_POINT('',(8.941102263757,-0.938424690095,0.897000023008
    ));
#364 = CARTESIAN_POINT('',(8.910433027458,-0.95365446652,0.864175082539)
  );
#365 = CARTESIAN_POINT('',(8.880731957995,-0.966382227404,0.829647134191
    ));
#366 = CARTESIAN_POINT('',(8.852247973463,-0.976704974331,0.793535548581
    ));
#367 = CARTESIAN_POINT('',(8.825185569845,-0.98475963654,0.755980739845)
  );
#368 = CARTESIAN_POINT('',(8.799704854008,-0.99071074705,0.717138205676)
  );
#369 = CARTESIAN_POINT('',(8.764135942319,-0.996739238515,0.657356002008
    ));
#370 = CARTESIAN_POINT('',(8.752763046857,-0.998265455683,0.637261624197
    ));
#371 = CARTESIAN_POINT('',(8.741821554522,-0.999341849101,0.616907966001
    ));
#372 = CARTESIAN_POINT('',(8.731322811038,-0.999991613236,0.596313438087
    ));
#373 = CARTESIAN_POINT('',(8.721275778532,-1.000238552667,0.575495999473
    ));
#374 = CARTESIAN_POINT('',(8.711687339645,-1.000106761226,0.55447298556)
  );
#375 = CARTESIAN_POINT('',(8.671297532654,-0.997953490715,0.460579815104
    ));
#376 = CARTESIAN_POINT('',(8.645494440009,-0.992123409583,0.385720614149
    ));
#377 = CARTESIAN_POINT('',(8.625318204754,-0.983108446305,0.309288731652
    ));
#378 = CARTESIAN_POINT('',(8.610744895588,-0.971856260099,0.231819264948
    ));
#379 = CARTESIAN_POINT('',(8.601663979534,-0.95925158711,0.153758509082)
  );
#380 = CARTESIAN_POINT('',(8.597952454007,-0.94610488124,
    7.545908857691E-02));
#381 = CARTESIAN_POINT('',(8.600063623529,-0.928683142677,
    -2.98948634223E-02));
#382 = CARTESIAN_POINT('',(8.601238468513,-0.924229343437,
    -5.697127070851E-02));
#383 = CARTESIAN_POINT('',(8.603041498787,-0.919831795571,
    -8.402720252285E-02));
#384 = CARTESIAN_POINT('',(8.605468904817,-0.915520835246,
    -0.111049071628));
#385 = CARTESIAN_POINT('',(8.608517003962,-0.911325731072,
    -0.138023000638));
#386 = CARTESIAN_POINT('',(8.612182240475,-0.9072746841,-0.164934822014)
  );
#387 = CARTESIAN_POINT('',(8.616461185504,-0.903394827821,
    -0.191770078068));
#388 = PCURVE('',#57,#389);
#389 = DEFINITIONAL_REPRESENTATION('',(#390),#435);
#390 = B_SPLINE_CURVE_WITH_KNOTS('',7,(#391,#392,#393,#394,#395,#396,
    #397,#398,#399,#400,#401,#402,#403,#404,#405,#406,#407,#408,#409,
    #410,#411,#412,#413,#414,#415,#416,#417,#418,#419,#420,#421,#422,
    #423,#424,#425,#426,#427,#428,#429,#430,#431,#432,#433,#434),
  .UNSPECIFIED.,.F.,.F.,(8,6,6,6,6,6,6,8),(0.,0.240364132645,
    0.35736555258,0.46836430342,0.608910586452,0.678598234262,
    0.917376499959,1.),.UNSPECIFIED.);
#391 = CARTESIAN_POINT('',(6.28318530718,1.956161926572));
#392 = CARTESIAN_POINT('',(6.273735800061,1.956161926572));
#393 = CARTESIAN_POINT('',(6.264283864602,1.96247948506));
#394 = CARTESIAN_POINT('',(6.254957708414,1.975120350785));
#395 = CARTESIAN_POINT('',(6.245867673931,1.993824069309));
#396 = CARTESIAN_POINT('',(6.237112407632,2.018179460611));
#397 = CARTESIAN_POINT('',(6.228784320217,2.047726041894));
#398 = CARTESIAN_POINT('',(6.217162010228,2.098661967097));
#399 = CARTESIAN_POINT('',(6.213477452755,2.116457238574));
#400 = CARTESIAN_POINT('',(6.209922930366,2.135317582953));
#401 = CARTESIAN_POINT('',(6.20650784291,2.155187633069));
#402 = CARTESIAN_POINT('',(6.203241268967,2.176009957828));
#403 = CARTESIAN_POINT('',(6.200131695012,2.197724579953));
#404 = CARTESIAN_POINT('',(6.194392882597,2.241655809105));
#405 = CARTESIAN_POINT('',(6.191747079718,2.263790255852));
#406 = CARTESIAN_POINT('',(6.189256110582,2.286615745523));
#407 = CARTESIAN_POINT('',(6.186925706946,2.310074822229));
#408 = CARTESIAN_POINT('',(6.18476031743,2.334108227643));
#409 = CARTESIAN_POINT('',(6.182762867267,2.358654466018));
#410 = CARTESIAN_POINT('',(6.178619467794,2.415297840085));
#411 = CARTESIAN_POINT('',(6.176575091963,2.44767159592));
#412 = CARTESIAN_POINT('',(6.174804221117,2.480636641589));
#413 = CARTESIAN_POINT('',(6.173303560807,2.514070454617));
#414 = CARTESIAN_POINT('',(6.172064654033,2.54786255865));
#415 = CARTESIAN_POINT('',(6.171074839618,2.58191385959));
#416 = CARTESIAN_POINT('',(6.169943041975,2.633102627955));
#417 = CARTESIAN_POINT('',(6.169625171719,2.650113760235));
#418 = CARTESIAN_POINT('',(6.169362648778,2.667158340863));
#419 = CARTESIAN_POINT('',(6.169153342163,2.684227772847));
#420 = CARTESIAN_POINT('',(6.16899497589,2.701314601941));
#421 = CARTESIAN_POINT('',(6.168885168002,2.718412456046));
#422 = CARTESIAN_POINT('',(6.168603212862,2.794119639777));
#423 = CARTESIAN_POINT('',(6.16892644362,2.852756542879));
#424 = CARTESIAN_POINT('',(6.169691071353,2.911264626382));
#425 = CARTESIAN_POINT('',(6.170791394831,2.969580232859));
#426 = CARTESIAN_POINT('',(6.17212312924,3.027705495607));
#427 = CARTESIAN_POINT('',(6.173587872662,3.085696908215));
#428 = CARTESIAN_POINT('',(6.175616521329,3.16373704187));
#429 = CARTESIAN_POINT('',(6.176143055117,3.183794673232));
#430 = CARTESIAN_POINT('',(6.176670783605,3.20385128512));
#431 = CARTESIAN_POINT('',(6.17719601102,3.223909985367));
#432 = CARTESIAN_POINT('',(6.177715175475,3.243973681657));
#433 = CARTESIAN_POINT('',(6.178224848966,3.264045081531));
#434 = CARTESIAN_POINT('',(6.178721737369,3.284126692384));
#435 = ( GEOMETRIC_REPRESENTATION_CONTEXT(2) 
PARAMETRIC_REPRESENTATION_CONTEXT() REPRESENTATION_CONTEXT('2D SPACE',''
  ) );
#436 = PCURVE('',#288,#437);
#437 = DEFINITIONAL_REPRESENTATION('',(#438),#483);
#438 = B_SPLINE_CURVE_WITH_KNOTS('',7,(#439,#440,#441,#442,#443,#444,
    #445,#446,#447,#448,#449,#450,#451,#452,#453,#454,#455,#456,#457,
    #458,#459,#460,#461,#462,#463,#464,#465,#466,#467,#468,#469,#470,
    #471,#472,#473,#474,#475,#476,#477,#478,#479,#480,#481,#482),
  .UNSPECIFIED.,.F.,.F.,(8,6,6,6,6,6,6,8),(0.,0.240364132645,
    0.35736555258,0.46836430342,0.608910586452,0.678598234262,
    0.917376499959,1.),.UNSPECIFIED.);
#439 = CARTESIAN_POINT('',(6.28318530718,0.898652067187));
#440 = CARTESIAN_POINT('',(6.193485503963,0.898652067187));
#441 = CARTESIAN_POINT('',(6.103762737231,0.899761133108));
#442 = CARTESIAN_POINT('',(6.014381285717,0.901981292773));
#443 = CARTESIAN_POINT('',(5.925537005618,0.904902791494));
#444 = CARTESIAN_POINT('',(5.83737071995,0.907739330636));
#445 = CARTESIAN_POINT('',(5.750003615653,0.909545551099));
#446 = CARTESIAN_POINT('',(5.621509117782,0.909244116381));
#447 = CARTESIAN_POINT('',(5.579657803659,0.908669399998));
#448 = CARTESIAN_POINT('',(5.538038241509,0.907505786354));
#449 = CARTESIAN_POINT('',(5.496668890626,0.905638230749));
#450 = CARTESIAN_POINT('',(5.455573481505,0.902953997946));
#451 = CARTESIAN_POINT('',(5.414781817526,0.899347145781));
#452 = CARTESIAN_POINT('',(5.335954655962,0.890336109607));
#453 = CARTESIAN_POINT('',(5.297883787285,0.885033525534));
#454 = CARTESIAN_POINT('',(5.260153125372,0.878734786026));
#455 = CARTESIAN_POINT('',(5.222800541085,0.871369168318));
#456 = CARTESIAN_POINT('',(5.185867092786,0.862878794683));
#457 = CARTESIAN_POINT('',(5.149397497758,0.853221729699));
#458 = CARTESIAN_POINT('',(5.067912092882,0.828641079298));
#459 = CARTESIAN_POINT('',(5.023196937615,0.812997259436));
#460 = CARTESIAN_POINT('',(4.979400339107,0.795397245649));
#461 = CARTESIAN_POINT('',(4.936609548578,0.775836486706));
#462 = CARTESIAN_POINT('',(4.894900222828,0.754349119444));
#463 = CARTESIAN_POINT('',(4.854340375469,0.731002623261));
#464 = CARTESIAN_POINT('',(4.795481617363,0.693438695648));
#465 = CARTESIAN_POINT('',(4.776267352444,0.680551851218));
#466 = CARTESIAN_POINT('',(4.757355503839,0.667240170018));
#467 = CARTESIAN_POINT('',(4.738751527191,0.653515045088));
#468 = CARTESIAN_POINT('',(4.720460117936,0.639388531476));
#469 = CARTESIAN_POINT('',(4.702485370295,0.624873056426));
#470 = CARTESIAN_POINT('',(4.62433965449,0.558955322526));
#471 = CARTESIAN_POINT('',(4.567643471022,0.503538711532));
#472 = CARTESIAN_POINT('',(4.514825649157,0.444199044279));
#473 = CARTESIAN_POINT('',(4.46597358606,0.381425628778));
#474 = CARTESIAN_POINT('',(4.421210299747,0.315667075301));
#475 = CARTESIAN_POINT('',(4.380710812833,0.247293789237));
#476 = CARTESIAN_POINT('',(4.332243941649,0.152118206176));
#477 = CARTESIAN_POINT('',(4.320323873355,0.127374924616));
#478 = CARTESIAN_POINT('',(4.30895386407,0.102369023872));
#479 = CARTESIAN_POINT('',(4.298145322062,7.71143604137E-02));
#480 = CARTESIAN_POINT('',(4.287910427961,5.162499348126E-02));
#481 = CARTESIAN_POINT('',(4.278262134752,2.591518508373E-02));
#482 = CARTESIAN_POINT('',(4.269214167781,-6.E-07));
#483 = ( GEOMETRIC_REPRESENTATION_CONTEXT(2) 
PARAMETRIC_REPRESENTATION_CONTEXT() REPRESENTATION_CONTEXT('2D SPACE',''
  ) );
#484 = FACE_BOUND('',#485,.T.);
#485 = EDGE_LOOP('',(#486,#870));
#486 = ORIENTED_EDGE('',*,*,#487,.T.);
#487 = EDGE_CURVE('',#488,#490,#492,.T.);
#488 = VERTEX_POINT('',#489);
#489 = CARTESIAN_POINT('',(-8.616461086439,-0.903394917647,
    -0.191769456781));
#490 = VERTEX_POINT('',#491);
#491 = CARTESIAN_POINT('',(-8.616461086439,0.903394917647,
    -0.191769456781));
#492 = SURFACE_CURVE('',#493,(#587,#726),.PCURVE_S1.);
#493 = B_SPLINE_CURVE_WITH_KNOTS('',8,(#494,#495,#496,#497,#498,#499,
    #500,#501,#502,#503,#504,#505,#506,#507,#508,#509,#510,#511,#512,
    #513,#514,#515,#516,#517,#518,#519,#520,#521,#522,#523,#524,#525,
    #526,#527,#528,#529,#530,#531,#532,#533,#534,#535,#536,#537,#538,
    #539,#540,#541,#542,#543,#544,#545,#546,#547,#548,#549,#550,#551,
    #552,#553,#554,#555,#556,#557,#558,#559,#560,#561,#562,#563,#564,
    #565,#566,#567,#568,#569,#570,#571,#572,#573,#574,#575,#576,#577,
    #578,#579,#580,#581,#582,#583,#584,#585,#586),.UNSPECIFIED.,.F.,.F.,
  (9,7,7,7,7,7,7,7,7,7,7,7,7,9),(2.232669037936E-07,6.657103585456E-02,
    0.261494179857,0.321430512832,0.436403452425,0.527415954625,
    0.623766869741,1.,1.106590986601,1.197431961942,1.275949252373,
    1.369256976937,1.564011418849,1.632708458257),.UNSPECIFIED.);
#494 = CARTESIAN_POINT('',(-8.616461086439,-0.903394917647,
    -0.191769456781));
#495 = CARTESIAN_POINT('',(-8.61276882957,-0.906742817471,
    -0.168613528057));
#496 = CARTESIAN_POINT('',(-8.609524202872,-0.910215578561,
    -0.14540175109));
#497 = CARTESIAN_POINT('',(-8.606729262821,-0.91379694028,
    -0.122142795681));
#498 = CARTESIAN_POINT('',(-8.604386125317,-0.917470135424,
    -9.884519254442E-02));
#499 = CARTESIAN_POINT('',(-8.60249696568,-0.921217890215,
    -7.551733330229E-02));
#500 = CARTESIAN_POINT('',(-8.601064018653,-0.925022424306,
    -5.21674704886E-02));
#501 = CARTESIAN_POINT('',(-8.600089578397,-0.928865450779,
    -2.880371754727E-02));
#502 = CARTESIAN_POINT('',(-8.598072207196,-0.944038456787,
    6.299367681934E-02));
#503 = CARTESIAN_POINT('',(-8.6005200554,-0.955515013378,0.131451074366)
  );
#504 = CARTESIAN_POINT('',(-8.606975493059,-0.966693412203,0.19976922651
    ));
#505 = CARTESIAN_POINT('',(-8.617510700947,-0.977076846929,
    0.267738468653));
#506 = CARTESIAN_POINT('',(-8.632197536302,-0.986133127783,
    0.335104948917));
#507 = CARTESIAN_POINT('',(-8.651084012959,-0.993296276233,0.40157047529
    ));
#508 = CARTESIAN_POINT('',(-8.674163815983,-0.997972725153,
    0.466795649905));
#509 = CARTESIAN_POINT('',(-8.709694820753,-1.000037769258,
    0.549965735536));
#510 = CARTESIAN_POINT('',(-8.718436622529,-1.000230536591,
    0.569369377949));
#511 = CARTESIAN_POINT('',(-8.727560629424,-1.000112882073,0.588605197)
  );
#512 = CARTESIAN_POINT('',(-8.73706213527,-0.999667230323,0.607660679081
    ));
#513 = CARTESIAN_POINT('',(-8.746935207511,-0.998876130964,
    0.626522901315));
#514 = CARTESIAN_POINT('',(-8.757172540279,-0.997722414579,
    0.645178615214));
#515 = CARTESIAN_POINT('',(-8.767765307461,-0.996189348683,
    0.663614330341));
#516 = CARTESIAN_POINT('',(-8.799684287344,-0.990561340819,
    0.716732535096));
#517 = CARTESIAN_POINT('',(-8.821938225971,-0.985406047808,
    0.750794533297));
#518 = CARTESIAN_POINT('',(-8.845387394863,-0.978681046158,
    0.783898996127));
#519 = CARTESIAN_POINT('',(-8.869934308422,-0.970281885106,
    0.815947442003));
#520 = CARTESIAN_POINT('',(-8.895459780282,-0.9601171199,0.846848598146)
  );
#521 = CARTESIAN_POINT('',(-8.921822445685,-0.948112570055,
    0.876520632147));
#522 = CARTESIAN_POINT('',(-8.948859458224,-0.934216247561,
    0.904893321156));
#523 = CARTESIAN_POINT('',(-8.998180221931,-0.905886954884,
    0.953296669227));
#524 = CARTESIAN_POINT('',(-9.020283169442,-0.892167746472,
    0.973836355997));
#525 = CARTESIAN_POINT('',(-9.042608135734,-0.87723298128,0.993501972857
    ));
#526 = CARTESIAN_POINT('',(-9.065062319667,-0.861077762269,
    1.012275156447));
#527 = CARTESIAN_POINT('',(-9.087550323186,-0.843705335755,
    1.030145645344));
#528 = CARTESIAN_POINT('',(-9.109975287801,-0.825126783266,
    1.047110499218));
#529 = CARTESIAN_POINT('',(-9.132240031072,-0.805360713392,
    1.063173317989));
#530 = CARTESIAN_POINT('',(-9.17754724132,-0.762277658975,1.094403421157
    ));
#531 = CARTESIAN_POINT('',(-9.200559447359,-0.738819689245,
    1.109463361204));
#532 = CARTESIAN_POINT('',(-9.223172157982,-0.714087778932,
    1.123535540897));
#533 = CARTESIAN_POINT('',(-9.245274822666,-0.688117875217,
    1.136639545152));
#534 = CARTESIAN_POINT('',(-9.266759754535,-0.660952360445,
    1.148800729867));
#535 = CARTESIAN_POINT('',(-9.287522901303,-0.632639274592,1.16004866775
    ));
#536 = CARTESIAN_POINT('',(-9.307464616206,-0.603231537739,
    1.170415594145));
#537 = CARTESIAN_POINT('',(-9.400782832648,-0.453902454231,
    1.217105859508));
#538 = CARTESIAN_POINT('',(-9.46177036116,-0.318140847335,1.241681652427
    ));
#539 = CARTESIAN_POINT('',(-9.502491221993,-0.169836938052,
    1.254809868486));
#540 = CARTESIAN_POINT('',(-9.518181992239,-1.484019705251E-02,
    1.259117659164));
#541 = CARTESIAN_POINT('',(-9.506905641991,0.140650446326,1.256132590956
    ));
#542 = CARTESIAN_POINT('',(-9.470140327306,0.290376683943,1.244583044485
    ));
#543 = CARTESIAN_POINT('',(-9.412367389685,0.428293822101,1.221874267139
    ));
#544 = CARTESIAN_POINT('',(-9.320106730767,0.584215026478,1.176914763806
    ));
#545 = CARTESIAN_POINT('',(-9.298553393838,0.617407212749,1.165974608953
    ));
#546 = CARTESIAN_POINT('',(-9.275939519536,0.649289366015,1.153974157822
    ));
#547 = CARTESIAN_POINT('',(-9.252398005832,0.679787280271,1.140868582877
    ));
#548 = CARTESIAN_POINT('',(-9.228068565829,0.708833931765,1.126616423482
    ));
#549 = CARTESIAN_POINT('',(-9.20309645889,0.736370696149,1.111182124328)
  );
#550 = CARTESIAN_POINT('',(-9.177631221759,0.762348565622,1.094538573854
    ));
#551 = CARTESIAN_POINT('',(-9.129832676648,0.807507630399,1.061441046064
    ));
#552 = CARTESIAN_POINT('',(-9.10759210628,0.827126396071,1.045322168897)
  );
#553 = CARTESIAN_POINT('',(-9.085199666131,0.845560368296,1.028304128564
    ));
#554 = CARTESIAN_POINT('',(-9.062752053057,0.862791493978,1.010383808369
    ));
#555 = CARTESIAN_POINT('',(-9.040345554402,0.878809250194,0.991564616265
    ));
#556 = CARTESIAN_POINT('',(-9.018074919162,0.893610932658,0.971857243597
    ));
#557 = CARTESIAN_POINT('',(-8.996032229163,0.907201944191,0.95128042384)
  );
#558 = CARTESIAN_POINT('',(-8.955526770111,0.930308806237,0.911348670823
    ));
#559 = CARTESIAN_POINT('',(-8.936982774903,0.94012803632,0.89220547301)
  );
#560 = CARTESIAN_POINT('',(-8.918730906693,0.949062475039,0.872449654084
    ));
#561 = CARTESIAN_POINT('',(-8.900824265116,0.957126381372,0.852101950909
    ));
#562 = CARTESIAN_POINT('',(-8.883311762177,0.964338965964,0.831186021377
    ));
#563 = CARTESIAN_POINT('',(-8.866237957061,0.970723785425,0.809728184749
    ));
#564 = CARTESIAN_POINT('',(-8.849642890954,0.97630813662,0.787757162002)
  );
#565 = CARTESIAN_POINT('',(-8.814451753561,0.98684364581,0.738620895791)
  );
#566 = CARTESIAN_POINT('',(-8.796066617302,0.991477577575,0.711255388363
    ));
#567 = CARTESIAN_POINT('',(-8.778465463246,0.995075737077,0.683257988384
    ));
#568 = CARTESIAN_POINT('',(-8.761696023067,0.997695756954,0.654680271198
    ));
#569 = CARTESIAN_POINT('',(-8.745795978567,0.999399797755,0.625573819442
    ));
#570 = CARTESIAN_POINT('',(-8.730794130292,1.000252934042,0.595989349486
    ));
#571 = CARTESIAN_POINT('',(-8.716711566154,1.000321540477,0.565975837879
    ));
#572 = CARTESIAN_POINT('',(-8.676118427404,0.99831526699,0.472135886148)
  );
#573 = CARTESIAN_POINT('',(-8.652755353003,0.993829589331,0.40705470465)
  );
#574 = CARTESIAN_POINT('',(-8.633577661323,0.986823765209,0.340712686478
    ));
#575 = CARTESIAN_POINT('',(-8.618595276916,0.977891584431,0.273451708482
    ));
#576 = CARTESIAN_POINT('',(-8.607762076429,0.967599685179,0.205572170666
    ));
#577 = CARTESIAN_POINT('',(-8.601006908574,0.956480813105,0.137329591825
    ));
#578 = CARTESIAN_POINT('',(-8.598257552034,0.945032160675,
    6.8934571331E-02));
#579 = CARTESIAN_POINT('',(-8.599880916266,0.929728144606,
    -2.356347333319E-02));
#580 = CARTESIAN_POINT('',(-8.600795576079,0.925754647517,
    -4.767841931414E-02));
#581 = CARTESIAN_POINT('',(-8.602198988343,0.921819030058,
    -7.177996225901E-02));
#582 = CARTESIAN_POINT('',(-8.60408861971,0.917941456358,
    -9.585919179219E-02));
#583 = CARTESIAN_POINT('',(-8.606462005895,0.914141520144,
    -0.119907045781));
#584 = CARTESIAN_POINT('',(-8.609316751674,0.91043824474,-0.143914310333
    ));
#585 = CARTESIAN_POINT('',(-8.612650530888,0.906850083069,
    -0.167871619802));
#586 = CARTESIAN_POINT('',(-8.616461086439,0.903394917647,
    -0.191769456781));
#587 = PCURVE('',#57,#588);
#588 = DEFINITIONAL_REPRESENTATION('',(#589),#725);
#589 = B_SPLINE_CURVE_WITH_KNOTS('',3,(#590,#591,#592,#593,#594,#595,
    #596,#597,#598,#599,#600,#601,#602,#603,#604,#605,#606,#607,#608,
    #609,#610,#611,#612,#613,#614,#615,#616,#617,#618,#619,#620,#621,
    #622,#623,#624,#625,#626,#627,#628,#629,#630,#631,#632,#633,#634,
    #635,#636,#637,#638,#639,#640,#641,#642,#643,#644,#645,#646,#647,
    #648,#649,#650,#651,#652,#653,#654,#655,#656,#657,#658,#659,#660,
    #661,#662,#663,#664,#665,#666,#667,#668,#669,#670,#671,#672,#673,
    #674,#675,#676,#677,#678,#679,#680,#681,#682,#683,#684,#685,#686,
    #687,#688,#689,#690,#691,#692,#693,#694,#695,#696,#697,#698,#699,
    #700,#701,#702,#703,#704,#705,#706,#707,#708,#709,#710,#711,#712,
    #713,#714,#715,#716,#717,#718,#719,#720,#721,#722,#723,#724),
  .UNSPECIFIED.,.F.,.F.,(4,1,1,1,1,1,1,1,1,1,1,1,1,1,1,1,1,1,1,1,1,1,1,1
    ,1,1,1,1,1,1,1,1,1,1,1,1,1,1,1,1,1,1,1,1,1,1,1,1,1,1,1,1,1,1,1,1,1,1
    ,1,1,1,1,1,1,1,1,1,1,1,1,1,1,1,1,1,1,1,1,1,1,1,1,1,1,1,1,1,1,1,1,1,1
    ,1,1,1,1,1,1,1,1,1,1,1,1,1,1,1,1,1,1,1,1,1,1,1,1,1,1,1,1,1,1,1,1,1,1
    ,1,1,1,1,1,1,4),(2.232669037936E-07,1.236922504713E-02,
    2.473822682736E-02,3.710722860759E-02,4.947623038782E-02,
    6.184523216805E-02,7.421423394828E-02,8.658323572851E-02,
    9.895223750874E-02,0.111321239289,0.123690241069,0.136059242849,
    0.14842824463,0.16079724641,0.17316624819,0.18553524997,
    0.197904251751,0.210273253531,0.222642255311,0.235011257091,
    0.247380258871,0.259749260652,0.272118262432,0.284487264212,
    0.296856265992,0.309225267773,0.321594269553,0.333963271333,
    0.346332273113,0.358701274894,0.371070276674,0.383439278454,
    0.395808280234,0.408177282014,0.420546283795,0.432915285575,
    0.445284287355,0.457653289135,0.470022290916,0.482391292696,
    0.494760294476,0.507129296256,0.519498298037,0.531867299817,
    0.544236301597,0.556605303377,0.568974305157,0.581343306938,
    0.593712308718,0.606081310498,0.618450312278,0.630819314059,
    0.643188315839,0.655557317619,0.667926319399,0.680295321179,
    0.69266432296,0.70503332474,0.71740232652,0.7297713283,
    0.742140330081,0.754509331861,0.766878333641,0.779247335421,
    0.791616337202,0.803985338982,0.816354340762,0.828723342542,
    0.841092344322,0.853461346103,0.865830347883,0.878199349663,
    0.890568351443,0.902937353224,0.915306355004,0.927675356784,
    0.940044358564,0.952413360345,0.964782362125,0.977151363905,
    0.989520365685,1.001889367465,1.014258369246,1.026627371026,
    1.038996372806,1.051365374586,1.063734376367,1.076103378147,
    1.088472379927,1.100841381707,1.113210383488,1.125579385268,
    1.137948387048,1.150317388828,1.162686390608,1.175055392389,
    1.187424394169,1.199793395949,1.212162397729,1.22453139951,
    1.23690040129,1.24926940307,1.26163840485,1.27400740663,
    1.286376408411,1.298745410191,1.311114411971,1.323483413751,
    1.335852415532,1.348221417312,1.360590419092,1.372959420872,
    1.385328422653,1.397697424433,1.410066426213,1.422435427993,
    1.434804429773,1.447173431554,1.459542433334,1.471911435114,
    1.484280436894,1.496649438675,1.509018440455,1.521387442235,
    1.533756444015,1.546125445796,1.558494447576,1.570863449356,
    1.583232451136,1.595601452916,1.607970454697,1.620339456477,
    1.632708458257),.QUASI_UNIFORM_KNOTS.);
#590 = CARTESIAN_POINT('',(3.246056234904,3.284126227456));
#591 = CARTESIAN_POINT('',(3.24626866313,3.275540537185));
#592 = CARTESIAN_POINT('',(3.246699569241,3.258374014483));
#593 = CARTESIAN_POINT('',(3.247359619648,3.232635264337));
#594 = CARTESIAN_POINT('',(3.248028955343,3.206904074034));
#595 = CARTESIAN_POINT('',(3.24870298913,3.181176740073));
#596 = CARTESIAN_POINT('',(3.249377024014,3.155449316534));
#597 = CARTESIAN_POINT('',(3.250046227573,3.12971787583));
#598 = CARTESIAN_POINT('',(3.250705630748,3.103981003879));
#599 = CARTESIAN_POINT('',(3.251350290025,3.078232471599));
#600 = CARTESIAN_POINT('',(3.251975141936,3.052467910822));
#601 = CARTESIAN_POINT('',(3.252575040297,3.026683465403));
#602 = CARTESIAN_POINT('',(3.253144754973,3.000876153542));
#603 = CARTESIAN_POINT('',(3.253678982199,2.975043777149));
#604 = CARTESIAN_POINT('',(3.254172353016,2.949184958906));
#605 = CARTESIAN_POINT('',(3.254619443378,2.923299152288));
#606 = CARTESIAN_POINT('',(3.255014784907,2.897386666249));
#607 = CARTESIAN_POINT('',(3.255352876511,2.871448695701));
#608 = CARTESIAN_POINT('',(3.255628196708,2.845487354441));
#609 = CARTESIAN_POINT('',(3.255835216626,2.819505735481));
#610 = CARTESIAN_POINT('',(3.25596841355,2.793507904627));
#611 = CARTESIAN_POINT('',(3.256022285002,2.767499181086));
#612 = CARTESIAN_POINT('',(3.255991363008,2.74148538602));
#613 = CARTESIAN_POINT('',(3.255870229338,2.71547598317));
#614 = CARTESIAN_POINT('',(3.255653657058,2.689488107373));
#615 = CARTESIAN_POINT('',(3.255336565774,2.663534539744));
#616 = CARTESIAN_POINT('',(3.254914084562,2.6376315288));
#617 = CARTESIAN_POINT('',(3.254381615282,2.611797668849));
#618 = CARTESIAN_POINT('',(3.253734804227,2.5860513517));
#619 = CARTESIAN_POINT('',(3.252969683628,2.560415186862));
#620 = CARTESIAN_POINT('',(3.252082750085,2.534915194127));
#621 = CARTESIAN_POINT('',(3.251070929564,2.509577935388));
#622 = CARTESIAN_POINT('',(3.249931630265,2.484431339355));
#623 = CARTESIAN_POINT('',(3.248662771629,2.459504525973));
#624 = CARTESIAN_POINT('',(3.247262819782,2.434827894867));
#625 = CARTESIAN_POINT('',(3.245730820194,2.410433102361));
#626 = CARTESIAN_POINT('',(3.244066434725,2.386353155761));
#627 = CARTESIAN_POINT('',(3.242269964306,2.362622079165));
#628 = CARTESIAN_POINT('',(3.240342028854,2.33927103553));
#629 = CARTESIAN_POINT('',(3.238283975883,2.316333859914));
#630 = CARTESIAN_POINT('',(3.236097560986,2.293842896965));
#631 = CARTESIAN_POINT('',(3.233784979851,2.271830040486));
#632 = CARTESIAN_POINT('',(3.231348824256,2.250326561227));
#633 = CARTESIAN_POINT('',(3.228792045958,2.229363135569));
#634 = CARTESIAN_POINT('',(3.226117972562,2.208970151045));
#635 = CARTESIAN_POINT('',(3.223330078437,2.189176315367));
#636 = CARTESIAN_POINT('',(3.220432014096,2.170009437512));
#637 = CARTESIAN_POINT('',(3.217427617242,2.151496802954));
#638 = CARTESIAN_POINT('',(3.214320861607,2.13366507049));
#639 = CARTESIAN_POINT('',(3.211115831597,2.116540374043));
#640 = CARTESIAN_POINT('',(3.207816722592,2.100148380128));
#641 = CARTESIAN_POINT('',(3.204427722004,2.084514198873));
#642 = CARTESIAN_POINT('',(3.200953350715,2.069662808094));
#643 = CARTESIAN_POINT('',(3.197390431855,2.055590092837));
#644 = CARTESIAN_POINT('',(3.193746053454,2.042336859152));
#645 = CARTESIAN_POINT('',(3.190025707267,2.029933590139));
#646 = CARTESIAN_POINT('',(3.186235357971,2.01841054959));
#647 = CARTESIAN_POINT('',(3.182380867267,2.007795146818));
#648 = CARTESIAN_POINT('',(3.178468131213,1.998112682078));
#649 = CARTESIAN_POINT('',(3.174503030532,1.989386158259));
#650 = CARTESIAN_POINT('',(3.170491434757,1.98163632002));
#651 = CARTESIAN_POINT('',(3.166439195277,1.974881614468));
#652 = CARTESIAN_POINT('',(3.162352144326,1.969138160475));
#653 = CARTESIAN_POINT('',(3.158236094956,1.964419708195));
#654 = CARTESIAN_POINT('',(3.154096842973,1.960737598228));
#655 = CARTESIAN_POINT('',(3.14994017019,1.958100721906));
#656 = CARTESIAN_POINT('',(3.145771848812,1.956515485735));
#657 = CARTESIAN_POINT('',(3.141597646642,1.95598578195));
#658 = CARTESIAN_POINT('',(3.137423332816,1.956512966709));
#659 = CARTESIAN_POINT('',(3.133254683801,1.958095846825));
#660 = CARTESIAN_POINT('',(3.129097489347,1.960730675317));
#661 = CARTESIAN_POINT('',(3.124957558121,1.964411155459));
#662 = CARTESIAN_POINT('',(3.120840722726,1.96912845232));
#663 = CARTESIAN_POINT('',(3.116752843791,1.97487121036));
#664 = CARTESIAN_POINT('',(3.112699812936,1.98162557443));
#665 = CARTESIAN_POINT('',(3.108687553894,1.989375213284));
#666 = CARTESIAN_POINT('',(3.104722023091,1.998101335544));
#667 = CARTESIAN_POINT('',(3.100809203281,2.007782719952));
#668 = CARTESIAN_POINT('',(3.096955112724,2.018395660676));
#669 = CARTESIAN_POINT('',(3.093165744403,2.029914178617));
#670 = CARTESIAN_POINT('',(3.089447252883,2.042309168491));
#671 = CARTESIAN_POINT('',(3.085805201921,2.055551424977));
#672 = CARTESIAN_POINT('',(3.082247300761,2.069600078364));
#673 = CARTESIAN_POINT('',(3.078772584277,2.084447477193));
#674 = CARTESIAN_POINT('',(3.075382857827,2.100080023583));
#675 = CARTESIAN_POINT('',(3.07208311183,2.116470077273));
#676 = CARTESIAN_POINT('',(3.068877420322,2.133593187169));
#677 = CARTESIAN_POINT('',(3.065770015051,2.151423477917));
#678 = CARTESIAN_POINT('',(3.062764971331,2.169934863659));
#679 = CARTESIAN_POINT('',(3.059866262539,2.189100687159));
#680 = CARTESIAN_POINT('',(3.057077719308,2.208893715763));
#681 = CARTESIAN_POINT('',(3.054402992205,2.229286168457));
#682 = CARTESIAN_POINT('',(3.051845560422,2.250249316757));
#683 = CARTESIAN_POINT('',(3.049408757001,2.271752751844));
#684 = CARTESIAN_POINT('',(3.047095539802,2.293765759788));
#685 = CARTESIAN_POINT('',(3.04490850376,2.316257047112));
#686 = CARTESIAN_POINT('',(3.042849844923,2.339194730395));
#687 = CARTESIAN_POINT('',(3.040921322597,2.362546421614));
#688 = CARTESIAN_POINT('',(3.039124269769,2.386278536343));
#689 = CARTESIAN_POINT('',(3.037459392731,2.410358671892));
#690 = CARTESIAN_POINT('',(3.035926917689,2.434753692266));
#691 = CARTESIAN_POINT('',(3.03452648942,2.459430959076));
#692 = CARTESIAN_POINT('',(3.033257155127,2.484358917635));
#693 = CARTESIAN_POINT('',(3.032117398164,2.50950695114));
#694 = CARTESIAN_POINT('',(3.031105164367,2.534845285993));
#695 = CARTESIAN_POINT('',(3.030217877605,2.560345433719));
#696 = CARTESIAN_POINT('',(3.029452417477,2.585981683829));
#697 = CARTESIAN_POINT('',(3.028805247642,2.611729339197));
#698 = CARTESIAN_POINT('',(3.028272419137,2.637566193466));
#699 = CARTESIAN_POINT('',(3.027849627289,2.663472008817));
#700 = CARTESIAN_POINT('',(3.027532258237,2.689428664028));
#701 = CARTESIAN_POINT('',(3.027315439428,2.715419647879));
#702 = CARTESIAN_POINT('',(3.027194097333,2.741431612941));
#703 = CARTESIAN_POINT('',(3.027162996192,2.767447076209));
#704 = CARTESIAN_POINT('',(3.027216710513,2.793458172665));
#705 = CARTESIAN_POINT('',(3.027349777127,2.819458518554));
#706 = CARTESIAN_POINT('',(3.027556692645,2.845442830501));
#707 = CARTESIAN_POINT('',(3.027831933213,2.871406936942));
#708 = CARTESIAN_POINT('',(3.028169967751,2.897347695475));
#709 = CARTESIAN_POINT('',(3.028565272269,2.923262946106));
#710 = CARTESIAN_POINT('',(3.029012343107,2.949151465182));
#711 = CARTESIAN_POINT('',(3.029505709555,2.975012928873));
#712 = CARTESIAN_POINT('',(3.030039945641,3.000847883727));
#713 = CARTESIAN_POINT('',(3.030609681016,3.02665772286));
#714 = CARTESIAN_POINT('',(3.031209611032,3.052444673258));
#715 = CARTESIAN_POINT('',(3.031834505341,3.078211770692));
#716 = CARTESIAN_POINT('',(3.032479217281,3.103962907451));
#717 = CARTESIAN_POINT('',(3.033138685451,3.129702632045));
#718 = CARTESIAN_POINT('',(3.033807959366,3.155436895236));
#719 = CARTESIAN_POINT('',(3.03448205635,3.181166727749));
#720 = CARTESIAN_POINT('',(3.03515615595,3.206896589554));
#721 = CARTESIAN_POINT('',(3.035825557789,3.232630271728));
#722 = CARTESIAN_POINT('',(3.036485674479,3.258371516186));
#723 = CARTESIAN_POINT('',(3.036916623328,3.275539703031));
#724 = CARTESIAN_POINT('',(3.037129072276,3.284126227456));
#725 = ( GEOMETRIC_REPRESENTATION_CONTEXT(2) 
PARAMETRIC_REPRESENTATION_CONTEXT() REPRESENTATION_CONTEXT('2D SPACE',''
  ) );
#726 = PCURVE('',#727,#732);
#727 = CYLINDRICAL_SURFACE('',#728,1.);
#728 = AXIS2_PLACEMENT_3D('',#729,#730,#731);
#729 = CARTESIAN_POINT('',(-9.,0.,0.));
#730 = DIRECTION('',(0.4472135955,0.,0.894427191));
#731 = DIRECTION('',(0.894427191,0.,-0.4472135955));
#732 = DEFINITIONAL_REPRESENTATION('',(#733),#869);
#733 = B_SPLINE_CURVE_WITH_KNOTS('',3,(#734,#735,#736,#737,#738,#739,
    #740,#741,#742,#743,#744,#745,#746,#747,#748,#749,#750,#751,#752,
    #753,#754,#755,#756,#757,#758,#759,#760,#761,#762,#763,#764,#765,
    #766,#767,#768,#769,#770,#771,#772,#773,#774,#775,#776,#777,#778,
    #779,#780,#781,#782,#783,#784,#785,#786,#787,#788,#789,#790,#791,
    #792,#793,#794,#795,#796,#797,#798,#799,#800,#801,#802,#803,#804,
    #805,#806,#807,#808,#809,#810,#811,#812,#813,#814,#815,#816,#817,
    #818,#819,#820,#821,#822,#823,#824,#825,#826,#827,#828,#829,#830,
    #831,#832,#833,#834,#835,#836,#837,#838,#839,#840,#841,#842,#843,
    #844,#845,#846,#847,#848,#849,#850,#851,#852,#853,#854,#855,#856,
    #857,#858,#859,#860,#861,#862,#863,#864,#865,#866,#867,#868),
  .UNSPECIFIED.,.F.,.F.,(4,1,1,1,1,1,1,1,1,1,1,1,1,1,1,1,1,1,1,1,1,1,1,1
    ,1,1,1,1,1,1,1,1,1,1,1,1,1,1,1,1,1,1,1,1,1,1,1,1,1,1,1,1,1,1,1,1,1,1
    ,1,1,1,1,1,1,1,1,1,1,1,1,1,1,1,1,1,1,1,1,1,1,1,1,1,1,1,1,1,1,1,1,1,1
    ,1,1,1,1,1,1,1,1,1,1,1,1,1,1,1,1,1,1,1,1,1,1,1,1,1,1,1,1,1,1,1,1,1,1
    ,1,1,1,1,1,1,4),(2.232669037936E-07,1.236922504713E-02,
    2.473822682736E-02,3.710722860759E-02,4.947623038782E-02,
    6.184523216805E-02,7.421423394828E-02,8.658323572851E-02,
    9.895223750874E-02,0.111321239289,0.123690241069,0.136059242849,
    0.14842824463,0.16079724641,0.17316624819,0.18553524997,
    0.197904251751,0.210273253531,0.222642255311,0.235011257091,
    0.247380258871,0.259749260652,0.272118262432,0.284487264212,
    0.296856265992,0.309225267773,0.321594269553,0.333963271333,
    0.346332273113,0.358701274894,0.371070276674,0.383439278454,
    0.395808280234,0.408177282014,0.420546283795,0.432915285575,
    0.445284287355,0.457653289135,0.470022290916,0.482391292696,
    0.494760294476,0.507129296256,0.519498298037,0.531867299817,
    0.544236301597,0.556605303377,0.568974305157,0.581343306938,
    0.593712308718,0.606081310498,0.618450312278,0.630819314059,
    0.643188315839,0.655557317619,0.667926319399,0.680295321179,
    0.69266432296,0.70503332474,0.71740232652,0.7297713283,
    0.742140330081,0.754509331861,0.766878333641,0.779247335421,
    0.791616337202,0.803985338982,0.816354340762,0.828723342542,
    0.841092344322,0.853461346103,0.865830347883,0.878199349663,
    0.890568351443,0.902937353224,0.915306355004,0.927675356784,
    0.940044358564,0.952413360345,0.964782362125,0.977151363905,
    0.989520365685,1.001889367465,1.014258369246,1.026627371026,
    1.038996372806,1.051365374586,1.063734376367,1.076103378147,
    1.088472379927,1.100841381707,1.113210383488,1.125579385268,
    1.137948387048,1.150317388828,1.162686390608,1.175055392389,
    1.187424394169,1.199793395949,1.212162397729,1.22453139951,
    1.23690040129,1.24926940307,1.26163840485,1.27400740663,
    1.286376408411,1.298745410191,1.311114411971,1.323483413751,
    1.335852415532,1.348221417312,1.360590419092,1.372959420872,
    1.385328422653,1.397697424433,1.410066426213,1.422435427993,
    1.434804429773,1.447173431554,1.459542433334,1.471911435114,
    1.484280436894,1.496649438675,1.509018440455,1.521387442235,
    1.533756444015,1.546125445796,1.558494447576,1.570863449356,
    1.583232451136,1.595601452916,1.607970454697,1.620339456477,
    1.632708458257),.QUASI_UNIFORM_KNOTS.);
#734 = CARTESIAN_POINT('',(5.15556358351,-1.7763568394E-15));
#735 = CARTESIAN_POINT('',(5.151695169422,1.108002915503E-02));
#736 = CARTESIAN_POINT('',(5.143676395555,3.31432119249E-02));
#737 = CARTESIAN_POINT('',(5.130818955064,6.592897619538E-02));
#738 = CARTESIAN_POINT('',(5.117149038211,9.838727647939E-02));
#739 = CARTESIAN_POINT('',(5.102682587508,0.130499906609));
#740 = CARTESIAN_POINT('',(5.087434810881,0.162248914802));
#741 = CARTESIAN_POINT('',(5.071420176712,0.193616259085));
#742 = CARTESIAN_POINT('',(5.05465382087,0.224580809703));
#743 = CARTESIAN_POINT('',(5.037146801252,0.255127165206));
#744 = CARTESIAN_POINT('',(5.018910078968,0.285237487022));
#745 = CARTESIAN_POINT('',(4.999953737035,0.314893201538));
#746 = CARTESIAN_POINT('',(4.98028721346,0.344074611332));
#747 = CARTESIAN_POINT('',(4.95991926608,0.372761076742));
#748 = CARTESIAN_POINT('',(4.938858013613,0.400931054744));
#749 = CARTESIAN_POINT('',(4.917110961527,0.428562186085));
#750 = CARTESIAN_POINT('',(4.894685037471,0.45563137991));
#751 = CARTESIAN_POINT('',(4.871586631921,0.482114907964));
#752 = CARTESIAN_POINT('',(4.847821639275,0.507988510816));
#753 = CARTESIAN_POINT('',(4.823395524605,0.533227494262));
#754 = CARTESIAN_POINT('',(4.798313320663,0.557806900779));
#755 = CARTESIAN_POINT('',(4.772579911037,0.58170143843));
#756 = CARTESIAN_POINT('',(4.746199269151,0.604886352737));
#757 = CARTESIAN_POINT('',(4.719177614627,0.627334817038));
#758 = CARTESIAN_POINT('',(4.691528231942,0.64901542009));
#759 = CARTESIAN_POINT('',(4.663258941827,0.669902785044));
#760 = CARTESIAN_POINT('',(4.634380162081,0.689971021511));
#761 = CARTESIAN_POINT('',(4.604904002645,0.709195275711));
#762 = CARTESIAN_POINT('',(4.574841338975,0.727553891057));
#763 = CARTESIAN_POINT('',(4.54420697639,0.745025533025));
#764 = CARTESIAN_POINT('',(4.513019114311,0.761590490009));
#765 = CARTESIAN_POINT('',(4.481296054966,0.77723300651));
#766 = CARTESIAN_POINT('',(4.449057220403,0.791940947355));
#767 = CARTESIAN_POINT('',(4.416323025675,0.805706155265));
#768 = CARTESIAN_POINT('',(4.383115086058,0.818524595039));
#769 = CARTESIAN_POINT('',(4.34945632595,0.83039654899));
#770 = CARTESIAN_POINT('',(4.315371269175,0.841326711786));
#771 = CARTESIAN_POINT('',(4.280885852854,0.851324527466));
#772 = CARTESIAN_POINT('',(4.246021690363,0.860405568688));
#773 = CARTESIAN_POINT('',(4.210804146256,0.868589051414));
#774 = CARTESIAN_POINT('',(4.175256381383,0.875899402973));
#775 = CARTESIAN_POINT('',(4.139400743289,0.882365446915));
#776 = CARTESIAN_POINT('',(4.103258500569,0.888020141557));
#777 = CARTESIAN_POINT('',(4.066849840938,0.892900185276));
#778 = CARTESIAN_POINT('',(4.030194481964,0.897045601153));
#779 = CARTESIAN_POINT('',(3.993309098983,0.900499573524));
#780 = CARTESIAN_POINT('',(3.956208471769,0.903307804157));
#781 = CARTESIAN_POINT('',(3.918906118059,0.905517969135));
#782 = CARTESIAN_POINT('',(3.881414076788,0.907179358195));
#783 = CARTESIAN_POINT('',(3.843743029739,0.908342451167));
#784 = CARTESIAN_POINT('',(3.805902584442,0.909058534067));
#785 = CARTESIAN_POINT('',(3.767900467153,0.909379219449));
#786 = CARTESIAN_POINT('',(3.729745809581,0.909356310083));
#787 = CARTESIAN_POINT('',(3.691364629126,0.909040055685));
#788 = CARTESIAN_POINT('',(3.652795096382,0.908480082267));
#789 = CARTESIAN_POINT('',(3.614054584374,0.907725870409));
#790 = CARTESIAN_POINT('',(3.575163575059,0.906825875127));
#791 = CARTESIAN_POINT('',(3.536139526508,0.905827009973));
#792 = CARTESIAN_POINT('',(3.496998768683,0.904774075368));
#793 = CARTESIAN_POINT('',(3.457756229673,0.903709247735));
#794 = CARTESIAN_POINT('',(3.418425727014,0.90267160193));
#795 = CARTESIAN_POINT('',(3.379020093344,0.901696677757));
#796 = CARTESIAN_POINT('',(3.339551334091,0.900816090771));
#797 = CARTESIAN_POINT('',(3.300030766051,0.900057190081));
#798 = CARTESIAN_POINT('',(3.26046915231,0.899442764903));
#799 = CARTESIAN_POINT('',(3.22087683106,0.898990801521));
#800 = CARTESIAN_POINT('',(3.181263840571,0.898714292052));
#801 = CARTESIAN_POINT('',(3.14164004129,0.898621096131));
#802 = CARTESIAN_POINT('',(3.102015236339,0.898713856426));
#803 = CARTESIAN_POINT('',(3.062399291566,0.898989968604));
#804 = CARTESIAN_POINT('',(3.02280225634,0.899441606132));
#805 = CARTESIAN_POINT('',(2.983234486246,0.90005580006));
#806 = CARTESIAN_POINT('',(2.943706768973,0.900814573663));
#807 = CARTESIAN_POINT('',(2.904230454285,0.90169513158));
#808 = CARTESIAN_POINT('',(2.864817590618,0.902670102832));
#809 = CARTESIAN_POINT('',(2.825481064859,0.90370783686));
#810 = CARTESIAN_POINT('',(2.786234764557,0.904772751427));
#811 = CARTESIAN_POINT('',(2.747093697298,0.905825731234));
#812 = CARTESIAN_POINT('',(2.708074317792,0.906824574726));
#813 = CARTESIAN_POINT('',(2.669194134925,0.907724490706));
#814 = CARTESIAN_POINT('',(2.630474068804,0.908478629574));
#815 = CARTESIAN_POINT('',(2.591930615524,0.909038695603));
#816 = CARTESIAN_POINT('',(2.553606129191,0.909355455616));
#817 = CARTESIAN_POINT('',(2.515451303026,0.909379845985));
#818 = CARTESIAN_POINT('',(2.477444556698,0.909060712059));
#819 = CARTESIAN_POINT('',(2.439600581125,0.908346366545));
#820 = CARTESIAN_POINT('',(2.40192573035,0.907185142509));
#821 = CARTESIAN_POINT('',(2.364430029742,0.905525753783));
#822 = CARTESIAN_POINT('',(2.327124039569,0.903317707943));
#823 = CARTESIAN_POINT('',(2.290019778129,0.900511701619));
#824 = CARTESIAN_POINT('',(2.253130651136,0.897060033885));
#825 = CARTESIAN_POINT('',(2.216471397153,0.89291696501));
#826 = CARTESIAN_POINT('',(2.180058726166,0.888039289961));
#827 = CARTESIAN_POINT('',(2.143912394127,0.882386963873));
#828 = CARTESIAN_POINT('',(2.108052646536,0.875923272982));
#829 = CARTESIAN_POINT('',(2.072500777258,0.868615244336));
#830 = CARTESIAN_POINT('',(2.037279109957,0.860434026109));
#831 = CARTESIAN_POINT('',(2.002410856097,0.851355189924));
#832 = CARTESIAN_POINT('',(1.967921027763,0.841359374506));
#833 = CARTESIAN_POINT('',(1.933832979386,0.830431560803));
#834 = CARTESIAN_POINT('',(1.900171311701,0.81856193043));
#835 = CARTESIAN_POINT('',(1.86696005749,0.805745584572));
#836 = CARTESIAN_POINT('',(1.834222031501,0.791982142853));
#837 = CARTESIAN_POINT('',(1.801979162079,0.777275701981));
#838 = CARTESIAN_POINT('',(1.770252689989,0.761634782796));
#839 = CARTESIAN_POINT('',(1.739062658355,0.745071963934));
#840 = CARTESIAN_POINT('',(1.708426258056,0.727602482918));
#841 = CARTESIAN_POINT('',(1.678360150803,0.709245088368));
#842 = CARTESIAN_POINT('',(1.648878804914,0.690020674844));
#843 = CARTESIAN_POINT('',(1.619995250569,0.66995220331));
#844 = CARTESIAN_POINT('',(1.591721043087,0.649064173265));
#845 = CARTESIAN_POINT('',(1.564066898588,0.62738266162));
#846 = CARTESIAN_POINT('',(1.537041221262,0.604933542932));
#847 = CARTESIAN_POINT('',(1.510657579395,0.581748612579));
#848 = CARTESIAN_POINT('',(1.484920559464,0.557853282514));
#849 = CARTESIAN_POINT('',(1.459834733586,0.533272777016));
#850 = CARTESIAN_POINT('',(1.43540495346,0.508032352753));
#851 = CARTESIAN_POINT('',(1.411636360361,0.482157063335));
#852 = CARTESIAN_POINT('',(1.388534465058,0.455671656263));
#853 = CARTESIAN_POINT('',(1.366105202068,0.428600444763));
#854 = CARTESIAN_POINT('',(1.344354983472,0.400967196665));
#855 = CARTESIAN_POINT('',(1.323290745544,0.37279502918));
#856 = CARTESIAN_POINT('',(1.302919989979,0.344106312032));
#857 = CARTESIAN_POINT('',(1.283250820591,0.31492258021));
#858 = CARTESIAN_POINT('',(1.264291972548,0.285264448886));
#859 = CARTESIAN_POINT('',(1.246052848021,0.255151559013));
#860 = CARTESIAN_POINT('',(1.228543509398,0.22460244699));
#861 = CARTESIAN_POINT('',(1.211774815507,0.193634736377));
#862 = CARTESIAN_POINT('',(1.195758012123,0.162264166297));
#863 = CARTESIAN_POINT('',(1.180508474034,0.130512346423));
#864 = CARTESIAN_POINT('',(1.166040338228,9.839668006107E-02));
#865 = CARTESIAN_POINT('',(1.152368904462,6.593531534375E-02));
#866 = CARTESIAN_POINT('',(1.139510094555,3.314641832962E-02));
#867 = CARTESIAN_POINT('',(1.131490514056,1.108110564302E-02));
#868 = CARTESIAN_POINT('',(1.12762172367,-8.881784197001E-16));
#869 = ( GEOMETRIC_REPRESENTATION_CONTEXT(2) 
PARAMETRIC_REPRESENTATION_CONTEXT() REPRESENTATION_CONTEXT('2D SPACE',''
  ) );
#870 = ORIENTED_EDGE('',*,*,#871,.F.);
#871 = EDGE_CURVE('',#488,#490,#872,.T.);
#872 = SURFACE_CURVE('',#873,(#881,#892),.PCURVE_S1.);
#873 = B_SPLINE_CURVE_WITH_KNOTS('',6,(#874,#875,#876,#877,#878,#879,
    #880),.UNSPECIFIED.,.F.,.F.,(7,7),(0.,1.),.PIECEWISE_BEZIER_KNOTS.);
#874 = CARTESIAN_POINT('',(-8.582735376419,-1.2,-0.208632311791));
#875 = CARTESIAN_POINT('',(-8.634169145576,-0.803080133412,
    -0.182915427212));
#876 = CARTESIAN_POINT('',(-8.665896611118,-0.402463072123,
    -0.167051694441));
#877 = CARTESIAN_POINT('',(-8.676626527339,1.326414349245E-06,
    -0.16168673633));
#878 = CARTESIAN_POINT('',(-8.665896315453,0.402464193636,
    -0.167051842274));
#879 = CARTESIAN_POINT('',(-8.634169328157,0.803078724416,
    -0.182915335921));
#880 = CARTESIAN_POINT('',(-8.582735376419,1.2,-0.208632311791));
#881 = PCURVE('',#57,#882);
#882 = DEFINITIONAL_REPRESENTATION('',(#883),#891);
#883 = B_SPLINE_CURVE_WITH_KNOTS('',6,(#884,#885,#886,#887,#888,#889,
    #890),.UNSPECIFIED.,.F.,.F.,(7,7),(0.,1.),.PIECEWISE_BEZIER_KNOTS.);
#884 = CARTESIAN_POINT('',(3.280507701397,3.296756979579));
#885 = CARTESIAN_POINT('',(3.234326287874,3.277475794153));
#886 = CARTESIAN_POINT('',(3.187985696054,3.265651830709));
#887 = CARTESIAN_POINT('',(3.141592505765,3.261654507591));
#888 = CARTESIAN_POINT('',(3.095199475774,3.265651941183));
#889 = CARTESIAN_POINT('',(3.048859183241,3.277475725709));
#890 = CARTESIAN_POINT('',(3.002677605783,3.296756979579));
#891 = ( GEOMETRIC_REPRESENTATION_CONTEXT(2) 
PARAMETRIC_REPRESENTATION_CONTEXT() REPRESENTATION_CONTEXT('2D SPACE',''
  ) );
#892 = PCURVE('',#893,#898);
#893 = PLANE('',#894);
#894 = AXIS2_PLACEMENT_3D('',#895,#896,#897);
#895 = CARTESIAN_POINT('',(-9.,0.,0.));
#896 = DIRECTION('',(0.4472135955,0.,0.894427191));
#897 = DIRECTION('',(0.894427191,0.,-0.4472135955));
#898 = DEFINITIONAL_REPRESENTATION('',(#899),#907);
#899 = B_SPLINE_CURVE_WITH_KNOTS('',6,(#900,#901,#902,#903,#904,#905,
    #906),.UNSPECIFIED.,.F.,.F.,(7,7),(0.,1.),.PIECEWISE_BEZIER_KNOTS.);
#900 = CARTESIAN_POINT('',(0.466516031467,-1.2));
#901 = CARTESIAN_POINT('',(0.409011329379,-0.803080133412));
#902 = CARTESIAN_POINT('',(0.373538944526,-0.402463072123));
#903 = CARTESIAN_POINT('',(0.361542533495,1.326414349245E-06));
#904 = CARTESIAN_POINT('',(0.37353927509,0.402464193636));
#905 = CARTESIAN_POINT('',(0.409011125247,0.803078724416));
#906 = CARTESIAN_POINT('',(0.466516031467,1.2));
#907 = ( GEOMETRIC_REPRESENTATION_CONTEXT(2) 
PARAMETRIC_REPRESENTATION_CONTEXT() REPRESENTATION_CONTEXT('2D SPACE',''
  ) );
#908 = ADVANCED_FACE('',(#909),#72,.F.);
#909 = FACE_BOUND('',#910,.F.);
#910 = EDGE_LOOP('',(#911,#912,#934));
#911 = ORIENTED_EDGE('',*,*,#160,.T.);
#912 = ORIENTED_EDGE('',*,*,#913,.T.);
#913 = EDGE_CURVE('',#161,#46,#914,.T.);
#914 = SURFACE_CURVE('',#915,(#920,#927),.PCURVE_S1.);
#915 = CIRCLE('',#916,1.);
#916 = AXIS2_PLACEMENT_3D('',#917,#918,#919);
#917 = CARTESIAN_POINT('',(9.,0.,0.));
#918 = DIRECTION('',(-0.4472135955,0.,0.894427191));
#919 = DIRECTION('',(0.894427191,0.,0.4472135955));
#920 = PCURVE('',#72,#921);
#921 = DEFINITIONAL_REPRESENTATION('',(#922),#926);
#922 = CIRCLE('',#923,1.);
#923 = AXIS2_PLACEMENT_2D('',#924,#925);
#924 = CARTESIAN_POINT('',(0.,0.));
#925 = DIRECTION('',(1.,0.));
#926 = ( GEOMETRIC_REPRESENTATION_CONTEXT(2) 
PARAMETRIC_REPRESENTATION_CONTEXT() REPRESENTATION_CONTEXT('2D SPACE',''
  ) );
#927 = PCURVE('',#288,#928);
#928 = DEFINITIONAL_REPRESENTATION('',(#929),#933);
#929 = LINE('',#930,#931);
#930 = CARTESIAN_POINT('',(0.,0.));
#931 = VECTOR('',#932,1.);
#932 = DIRECTION('',(1.,0.));
#933 = ( GEOMETRIC_REPRESENTATION_CONTEXT(2) 
PARAMETRIC_REPRESENTATION_CONTEXT() REPRESENTATION_CONTEXT('2D SPACE',''
  ) );
#934 = ORIENTED_EDGE('',*,*,#43,.F.);
#935 = ADVANCED_FACE('',(#936),#288,.T.);
#936 = FACE_BOUND('',#937,.T.);
#937 = EDGE_LOOP('',(#938,#939,#962,#991,#1046,#1080,#1109,#1138,#1176,
    #1198,#1199,#1200));
#938 = ORIENTED_EDGE('',*,*,#341,.F.);
#939 = ORIENTED_EDGE('',*,*,#940,.T.);
#940 = EDGE_CURVE('',#134,#941,#943,.T.);
#941 = VERTEX_POINT('',#942);
#942 = CARTESIAN_POINT('',(4.494427191,-2.449293598295E-16,11.2472135955
    ));
#943 = SEAM_CURVE('',#944,(#948,#955),.PCURVE_S1.);
#944 = LINE('',#945,#946);
#945 = CARTESIAN_POINT('',(9.894427191,-2.449293598295E-16,0.4472135955)
  );
#946 = VECTOR('',#947,1.);
#947 = DIRECTION('',(-0.4472135955,0.,0.894427191));
#948 = PCURVE('',#288,#949);
#949 = DEFINITIONAL_REPRESENTATION('',(#950),#954);
#950 = LINE('',#951,#952);
#951 = CARTESIAN_POINT('',(0.,-0.));
#952 = VECTOR('',#953,1.);
#953 = DIRECTION('',(0.,1.));
#954 = ( GEOMETRIC_REPRESENTATION_CONTEXT(2) 
PARAMETRIC_REPRESENTATION_CONTEXT() REPRESENTATION_CONTEXT('2D SPACE',''
  ) );
#955 = PCURVE('',#288,#956);
#956 = DEFINITIONAL_REPRESENTATION('',(#957),#961);
#957 = LINE('',#958,#959);
#958 = CARTESIAN_POINT('',(6.28318530718,-0.));
#959 = VECTOR('',#960,1.);
#960 = DIRECTION('',(0.,1.));
#961 = ( GEOMETRIC_REPRESENTATION_CONTEXT(2) 
PARAMETRIC_REPRESENTATION_CONTEXT() REPRESENTATION_CONTEXT('2D SPACE',''
  ) );
#962 = ORIENTED_EDGE('',*,*,#963,.F.);
#963 = EDGE_CURVE('',#964,#941,#966,.T.);
#964 = VERTEX_POINT('',#965);
#965 = CARTESIAN_POINT('',(4.435708643648,-0.356354919518,
    11.217854321824));
#966 = SURFACE_CURVE('',#967,(#972,#979),.PCURVE_S1.);
#967 = CIRCLE('',#968,1.);
#968 = AXIS2_PLACEMENT_3D('',#969,#970,#971);
#969 = CARTESIAN_POINT('',(3.6,0.,10.8));
#970 = DIRECTION('',(-0.4472135955,0.,0.894427191));
#971 = DIRECTION('',(0.894427191,0.,0.4472135955));
#972 = PCURVE('',#288,#973);
#973 = DEFINITIONAL_REPRESENTATION('',(#974),#978);
#974 = LINE('',#975,#976);
#975 = CARTESIAN_POINT('',(0.,12.074767078499));
#976 = VECTOR('',#977,1.);
#977 = DIRECTION('',(1.,0.));
#978 = ( GEOMETRIC_REPRESENTATION_CONTEXT(2) 
PARAMETRIC_REPRESENTATION_CONTEXT() REPRESENTATION_CONTEXT('2D SPACE',''
  ) );
#979 = PCURVE('',#980,#985);
#980 = PLANE('',#981);
#981 = AXIS2_PLACEMENT_3D('',#982,#983,#984);
#982 = CARTESIAN_POINT('',(3.6,0.,10.8));
#983 = DIRECTION('',(-0.4472135955,0.,0.894427191));
#984 = DIRECTION('',(0.894427191,0.,0.4472135955));
#985 = DEFINITIONAL_REPRESENTATION('',(#986),#990);
#986 = CIRCLE('',#987,1.);
#987 = AXIS2_PLACEMENT_2D('',#988,#989);
#988 = CARTESIAN_POINT('',(0.,0.));
#989 = DIRECTION('',(1.,0.));
#990 = ( GEOMETRIC_REPRESENTATION_CONTEXT(2) 
PARAMETRIC_REPRESENTATION_CONTEXT() REPRESENTATION_CONTEXT('2D SPACE',''
  ) );
#991 = ORIENTED_EDGE('',*,*,#992,.F.);
#992 = EDGE_CURVE('',#993,#964,#995,.T.);
#993 = VERTEX_POINT('',#994);
#994 = CARTESIAN_POINT('',(4.38584999414,-0.7528743779,10.7));
#995 = SURFACE_CURVE('',#996,(#1009,#1025),.PCURVE_S1.);
#996 = B_SPLINE_CURVE_WITH_KNOTS('',6,(#997,#998,#999,#1000,#1001,#1002,
    #1003,#1004,#1005,#1006,#1007,#1008),.UNSPECIFIED.,.F.,.F.,(7,5,7),(
    0.,0.901041413972,1.),.UNSPECIFIED.);
#997 = CARTESIAN_POINT('',(4.385849947631,-0.752874648839,10.6999994));
#998 = CARTESIAN_POINT('',(4.392650035246,-0.713260930998,
    10.787724828462));
#999 = CARTESIAN_POINT('',(4.399859415232,-0.66869185052,10.872540745727
    ));
#1000 = CARTESIAN_POINT('',(4.407503566175,-0.617804120561,
    10.955507984561));
#1001 = CARTESIAN_POINT('',(4.415533577812,-0.558949014803,
    11.035938659454));
#1002 = CARTESIAN_POINT('',(4.423619890431,-0.490369669808,
    11.111257534394));
#1003 = CARTESIAN_POINT('',(4.431801641889,-0.402133194432,
    11.18381047772));
#1004 = CARTESIAN_POINT('',(4.432603307098,-0.393263013746,
    11.190875725395));
#1005 = CARTESIAN_POINT('',(4.433395982955,-0.38425199272,
    11.197820071289));
#1006 = CARTESIAN_POINT('',(4.434178579585,-0.375097992725,
    11.204636533525));
#1007 = CARTESIAN_POINT('',(4.434949917242,-0.365799152991,
    11.211317561117));
#1008 = CARTESIAN_POINT('',(4.435708726308,-0.356353890613,
    11.217855033974));
#1009 = PCURVE('',#288,#1010);
#1010 = DEFINITIONAL_REPRESENTATION('',(#1011),#1024);
#1011 = B_SPLINE_CURVE_WITH_KNOTS('',6,(#1012,#1013,#1014,#1015,#1016,
    #1017,#1018,#1019,#1020,#1021,#1022,#1023),.UNSPECIFIED.,.F.,.F.,(7,
    5,7),(0.,0.901041413972,1.),.UNSPECIFIED.);
#1012 = CARTESIAN_POINT('',(5.430766392103,11.633881042139));
#1013 = CARTESIAN_POINT('',(5.490954615485,11.709303959065));
#1014 = CARTESIAN_POINT('',(5.553700916569,11.781941488952));
#1015 = CARTESIAN_POINT('',(5.620665003059,11.8527310751));
#1016 = CARTESIAN_POINT('',(5.693242003664,11.921079327338));
#1017 = CARTESIAN_POINT('',(5.772577445926,11.98483026814));
#1018 = CARTESIAN_POINT('',(5.869360205079,12.04606460295));
#1019 = CARTESIAN_POINT('',(5.879039922248,12.052025437001));
#1020 = CARTESIAN_POINT('',(5.888824097021,12.057882153373));
#1021 = CARTESIAN_POINT('',(5.898714754914,12.06362899469));
#1022 = CARTESIAN_POINT('',(5.908713721524,12.069259734746));
#1023 = CARTESIAN_POINT('',(5.91882262253,12.074767678499));
#1024 = ( GEOMETRIC_REPRESENTATION_CONTEXT(2) 
PARAMETRIC_REPRESENTATION_CONTEXT() REPRESENTATION_CONTEXT('2D SPACE',''
  ) );
#1025 = PCURVE('',#1026,#1031);
#1026 = CYLINDRICAL_SURFACE('',#1027,4.45);
#1027 = AXIS2_PLACEMENT_3D('',#1028,#1029,#1030);
#1028 = CARTESIAN_POINT('',(0.,0.,10.7));
#1029 = DIRECTION('',(-0.,-0.,-1.));
#1030 = DIRECTION('',(1.,0.,0.));
#1031 = DEFINITIONAL_REPRESENTATION('',(#1032),#1045);
#1032 = B_SPLINE_CURVE_WITH_KNOTS('',6,(#1033,#1034,#1035,#1036,#1037,
    #1038,#1039,#1040,#1041,#1042,#1043,#1044),.UNSPECIFIED.,.F.,.F.,(7,
    5,7),(0.,0.901041413972,1.),.UNSPECIFIED.);
#1033 = CARTESIAN_POINT('',(-6.113182298529,6.000000000173E-07));
#1034 = CARTESIAN_POINT('',(-6.122214462948,-8.772482846167E-02));
#1035 = CARTESIAN_POINT('',(-6.132359712439,-0.172540745727));
#1036 = CARTESIAN_POINT('',(-6.14392219473,-0.255507984561));
#1037 = CARTESIAN_POINT('',(-6.15726849403,-0.335938659454));
#1038 = CARTESIAN_POINT('',(-6.172781548146,-0.411257534394));
#1039 = CARTESIAN_POINT('',(-6.192695029287,-0.48381047772));
#1040 = CARTESIAN_POINT('',(-6.194696447139,-0.490875725395));
#1041 = CARTESIAN_POINT('',(-6.196729206443,-0.497820071289));
#1042 = CARTESIAN_POINT('',(-6.198793779188,-0.504636533525));
#1043 = CARTESIAN_POINT('',(-6.20089057581,-0.511317561117));
#1044 = CARTESIAN_POINT('',(-6.203019945199,-0.517855033974));
#1045 = ( GEOMETRIC_REPRESENTATION_CONTEXT(2) 
PARAMETRIC_REPRESENTATION_CONTEXT() REPRESENTATION_CONTEXT('2D SPACE',''
  ) );
#1046 = ORIENTED_EDGE('',*,*,#1047,.F.);
#1047 = EDGE_CURVE('',#1048,#993,#1050,.T.);
#1048 = VERTEX_POINT('',#1049);
#1049 = CARTESIAN_POINT('',(3.4,-0.974679434481,10.7));
#1050 = SURFACE_CURVE('',#1051,(#1056,#1068),.PCURVE_S1.);
#1051 = ELLIPSE('',#1052,1.11803398875,1.);
#1052 = AXIS2_PLACEMENT_3D('',#1053,#1054,#1055);
#1053 = CARTESIAN_POINT('',(3.65,0.,10.7));
#1054 = DIRECTION('',(0.,0.,1.));
#1055 = DIRECTION('',(-1.,0.,0.));
#1056 = PCURVE('',#288,#1057);
#1057 = DEFINITIONAL_REPRESENTATION('',(#1058),#1067);
#1058 = B_SPLINE_CURVE_WITH_KNOTS('',7,(#1059,#1060,#1061,#1062,#1063,
    #1064,#1065,#1066),.UNSPECIFIED.,.F.,.F.,(8,8),(1.345281689723,
    3.14159265359),.PIECEWISE_BEZIER_KNOTS.);
#1059 = CARTESIAN_POINT('',(4.486874343312,12.074767678499));
#1060 = CARTESIAN_POINT('',(4.743490195293,11.949708617078));
#1061 = CARTESIAN_POINT('',(5.000106047274,11.816061125432));
#1062 = CARTESIAN_POINT('',(5.256721899256,11.687267364188));
#1063 = CARTESIAN_POINT('',(5.513337751236,11.578196936962));
#1064 = CARTESIAN_POINT('',(5.769953603218,11.501378515353));
#1065 = CARTESIAN_POINT('',(6.026569455199,11.462963679624));
#1066 = CARTESIAN_POINT('',(6.28318530718,11.462963679624));
#1067 = ( GEOMETRIC_REPRESENTATION_CONTEXT(2) 
PARAMETRIC_REPRESENTATION_CONTEXT() REPRESENTATION_CONTEXT('2D SPACE',''
  ) );
#1068 = PCURVE('',#1069,#1074);
#1069 = PLANE('',#1070);
#1070 = AXIS2_PLACEMENT_3D('',#1071,#1072,#1073);
#1071 = CARTESIAN_POINT('',(-3.072899174246E-16,-2.801098316123E-17,10.7
    ));
#1072 = DIRECTION('',(0.,0.,1.));
#1073 = DIRECTION('',(1.,0.,-0.));
#1074 = DEFINITIONAL_REPRESENTATION('',(#1075),#1079);
#1075 = ELLIPSE('',#1076,1.11803398875,1.);
#1076 = AXIS2_PLACEMENT_2D('',#1077,#1078);
#1077 = CARTESIAN_POINT('',(3.65,2.801098316123E-17));
#1078 = DIRECTION('',(-1.,0.));
#1079 = ( GEOMETRIC_REPRESENTATION_CONTEXT(2) 
PARAMETRIC_REPRESENTATION_CONTEXT() REPRESENTATION_CONTEXT('2D SPACE',''
  ) );
#1080 = ORIENTED_EDGE('',*,*,#1081,.F.);
#1081 = EDGE_CURVE('',#1082,#1048,#1084,.T.);
#1082 = VERTEX_POINT('',#1083);
#1083 = CARTESIAN_POINT('',(3.4,0.974679434481,10.7));
#1084 = SURFACE_CURVE('',#1085,(#1090,#1097),.PCURVE_S1.);
#1085 = CIRCLE('',#1086,1.);
#1086 = AXIS2_PLACEMENT_3D('',#1087,#1088,#1089);
#1087 = CARTESIAN_POINT('',(3.6,0.,10.8));
#1088 = DIRECTION('',(-0.4472135955,0.,0.894427191));
#1089 = DIRECTION('',(0.894427191,0.,0.4472135955));
#1090 = PCURVE('',#288,#1091);
#1091 = DEFINITIONAL_REPRESENTATION('',(#1092),#1096);
#1092 = LINE('',#1093,#1094);
#1093 = CARTESIAN_POINT('',(0.,12.074767078499));
#1094 = VECTOR('',#1095,1.);
#1095 = DIRECTION('',(1.,0.));
#1096 = ( GEOMETRIC_REPRESENTATION_CONTEXT(2) 
PARAMETRIC_REPRESENTATION_CONTEXT() REPRESENTATION_CONTEXT('2D SPACE',''
  ) );
#1097 = PCURVE('',#1098,#1103);
#1098 = PLANE('',#1099);
#1099 = AXIS2_PLACEMENT_3D('',#1100,#1101,#1102);
#1100 = CARTESIAN_POINT('',(3.6,0.,10.8));
#1101 = DIRECTION('',(-0.4472135955,0.,0.894427191));
#1102 = DIRECTION('',(0.894427191,0.,0.4472135955));
#1103 = DEFINITIONAL_REPRESENTATION('',(#1104),#1108);
#1104 = CIRCLE('',#1105,1.);
#1105 = AXIS2_PLACEMENT_2D('',#1106,#1107);
#1106 = CARTESIAN_POINT('',(0.,0.));
#1107 = DIRECTION('',(1.,0.));
#1108 = ( GEOMETRIC_REPRESENTATION_CONTEXT(2) 
PARAMETRIC_REPRESENTATION_CONTEXT() REPRESENTATION_CONTEXT('2D SPACE',''
  ) );
#1109 = ORIENTED_EDGE('',*,*,#1110,.F.);
#1110 = EDGE_CURVE('',#1111,#1082,#1113,.T.);
#1111 = VERTEX_POINT('',#1112);
#1112 = CARTESIAN_POINT('',(4.38584999414,0.7528743779,10.7));
#1113 = SURFACE_CURVE('',#1114,(#1119,#1131),.PCURVE_S1.);
#1114 = ELLIPSE('',#1115,1.11803398875,1.);
#1115 = AXIS2_PLACEMENT_3D('',#1116,#1117,#1118);
#1116 = CARTESIAN_POINT('',(3.65,0.,10.7));
#1117 = DIRECTION('',(0.,0.,1.));
#1118 = DIRECTION('',(-1.,0.,0.));
#1119 = PCURVE('',#288,#1120);
#1120 = DEFINITIONAL_REPRESENTATION('',(#1121),#1130);
#1121 = B_SPLINE_CURVE_WITH_KNOTS('',7,(#1122,#1123,#1124,#1125,#1126,
    #1127,#1128,#1129),.UNSPECIFIED.,.F.,.F.,(8,8),(3.14159265359,
    4.937903617457),.PIECEWISE_BEZIER_KNOTS.);
#1122 = CARTESIAN_POINT('',(-8.881784197001E-16,11.462963679624));
#1123 = CARTESIAN_POINT('',(0.256615851981,11.462963679624));
#1124 = CARTESIAN_POINT('',(0.513231703962,11.501378515353));
#1125 = CARTESIAN_POINT('',(0.769847555943,11.578196936967));
#1126 = CARTESIAN_POINT('',(1.026463407925,11.687267364181));
#1127 = CARTESIAN_POINT('',(1.283079259905,11.816061125432));
#1128 = CARTESIAN_POINT('',(1.539695111886,11.949708617078));
#1129 = CARTESIAN_POINT('',(1.796310963867,12.074767678499));
#1130 = ( GEOMETRIC_REPRESENTATION_CONTEXT(2) 
PARAMETRIC_REPRESENTATION_CONTEXT() REPRESENTATION_CONTEXT('2D SPACE',''
  ) );
#1131 = PCURVE('',#1069,#1132);
#1132 = DEFINITIONAL_REPRESENTATION('',(#1133),#1137);
#1133 = ELLIPSE('',#1134,1.11803398875,1.);
#1134 = AXIS2_PLACEMENT_2D('',#1135,#1136);
#1135 = CARTESIAN_POINT('',(3.65,2.801098316123E-17));
#1136 = DIRECTION('',(-1.,0.));
#1137 = ( GEOMETRIC_REPRESENTATION_CONTEXT(2) 
PARAMETRIC_REPRESENTATION_CONTEXT() REPRESENTATION_CONTEXT('2D SPACE',''
  ) );
#1138 = ORIENTED_EDGE('',*,*,#1139,.F.);
#1139 = EDGE_CURVE('',#1140,#1111,#1142,.T.);
#1140 = VERTEX_POINT('',#1141);
#1141 = CARTESIAN_POINT('',(4.435708643648,0.356354919518,
    11.217854321824));
#1142 = SURFACE_CURVE('',#1143,(#1152,#1164),.PCURVE_S1.);
#1143 = B_SPLINE_CURVE_WITH_KNOTS('',7,(#1144,#1145,#1146,#1147,#1148,
    #1149,#1150,#1151),.UNSPECIFIED.,.F.,.F.,(8,8),(0.,1.),
  .PIECEWISE_BEZIER_KNOTS.);
#1144 = CARTESIAN_POINT('',(4.435708726308,0.356353890613,
    11.217855033974));
#1145 = CARTESIAN_POINT('',(4.429143254414,0.438077485443,
    11.161290614521));
#1146 = CARTESIAN_POINT('',(4.421629036392,0.509601664323,11.09396236998
    ));
#1147 = CARTESIAN_POINT('',(4.413886872069,0.571721925988,
    11.020352887653));
#1148 = CARTESIAN_POINT('',(4.406344650868,0.625759035833,
    10.943332992497));
#1149 = CARTESIAN_POINT('',(4.399150409268,0.673118459117,
    10.864361173627));
#1150 = CARTESIAN_POINT('',(4.392330571161,0.715121959975,
    10.783603539845));
#1151 = CARTESIAN_POINT('',(4.385849947631,0.752874648839,10.6999994));
#1152 = PCURVE('',#288,#1153);
#1153 = DEFINITIONAL_REPRESENTATION('',(#1154),#1163);
#1154 = B_SPLINE_CURVE_WITH_KNOTS('',7,(#1155,#1156,#1157,#1158,#1159,
    #1160,#1161,#1162),.UNSPECIFIED.,.F.,.F.,(8,8),(0.,1.),
  .PIECEWISE_BEZIER_KNOTS.);
#1155 = CARTESIAN_POINT('',(0.364362684649,12.074767678499));
#1156 = CARTESIAN_POINT('',(0.451828304657,12.027111091989));
#1157 = CARTESIAN_POINT('',(0.531781852008,11.970251339808));
#1158 = CARTESIAN_POINT('',(0.605115533327,11.907875418443));
#1159 = CARTESIAN_POINT('',(0.672717563729,11.842359713829));
#1160 = CARTESIAN_POINT('',(0.73562990583,11.774942534361));
#1161 = CARTESIAN_POINT('',(0.795058298744,11.705760635147));
#1162 = CARTESIAN_POINT('',(0.852418915077,11.633881042139));
#1163 = ( GEOMETRIC_REPRESENTATION_CONTEXT(2) 
PARAMETRIC_REPRESENTATION_CONTEXT() REPRESENTATION_CONTEXT('2D SPACE',''
  ) );
#1164 = PCURVE('',#1026,#1165);
#1165 = DEFINITIONAL_REPRESENTATION('',(#1166),#1175);
#1166 = B_SPLINE_CURVE_WITH_KNOTS('',7,(#1167,#1168,#1169,#1170,#1171,
    #1172,#1173,#1174),.UNSPECIFIED.,.F.,.F.,(8,8),(0.,1.),
  .PIECEWISE_BEZIER_KNOTS.);
#1167 = CARTESIAN_POINT('',(-8.016536198093E-02,-0.517855033974));
#1168 = CARTESIAN_POINT('',(-9.858938390663E-02,-0.461290614521));
#1169 = CARTESIAN_POINT('',(-0.114745830595,-0.39396236998));
#1170 = CARTESIAN_POINT('',(-0.128810181,-0.320352887653));
#1171 = CARTESIAN_POINT('',(-0.141069283478,-0.243332992497));
#1172 = CARTESIAN_POINT('',(-0.151832959988,-0.164361173627));
#1173 = CARTESIAN_POINT('',(-0.161395169961,-8.36035398451E-02));
#1174 = CARTESIAN_POINT('',(-0.17000300865,6.000000000173E-07));
#1175 = ( GEOMETRIC_REPRESENTATION_CONTEXT(2) 
PARAMETRIC_REPRESENTATION_CONTEXT() REPRESENTATION_CONTEXT('2D SPACE',''
  ) );
#1176 = ORIENTED_EDGE('',*,*,#1177,.F.);
#1177 = EDGE_CURVE('',#941,#1140,#1178,.T.);
#1178 = SURFACE_CURVE('',#1179,(#1184,#1191),.PCURVE_S1.);
#1179 = CIRCLE('',#1180,1.);
#1180 = AXIS2_PLACEMENT_3D('',#1181,#1182,#1183);
#1181 = CARTESIAN_POINT('',(3.6,0.,10.8));
#1182 = DIRECTION('',(-0.4472135955,0.,0.894427191));
#1183 = DIRECTION('',(0.894427191,0.,0.4472135955));
#1184 = PCURVE('',#288,#1185);
#1185 = DEFINITIONAL_REPRESENTATION('',(#1186),#1190);
#1186 = LINE('',#1187,#1188);
#1187 = CARTESIAN_POINT('',(0.,12.074767078499));
#1188 = VECTOR('',#1189,1.);
#1189 = DIRECTION('',(1.,0.));
#1190 = ( GEOMETRIC_REPRESENTATION_CONTEXT(2) 
PARAMETRIC_REPRESENTATION_CONTEXT() REPRESENTATION_CONTEXT('2D SPACE',''
  ) );
#1191 = PCURVE('',#980,#1192);
#1192 = DEFINITIONAL_REPRESENTATION('',(#1193),#1197);
#1193 = CIRCLE('',#1194,1.);
#1194 = AXIS2_PLACEMENT_2D('',#1195,#1196);
#1195 = CARTESIAN_POINT('',(0.,0.));
#1196 = DIRECTION('',(1.,0.));
#1197 = ( GEOMETRIC_REPRESENTATION_CONTEXT(2) 
PARAMETRIC_REPRESENTATION_CONTEXT() REPRESENTATION_CONTEXT('2D SPACE',''
  ) );
#1198 = ORIENTED_EDGE('',*,*,#940,.F.);
#1199 = ORIENTED_EDGE('',*,*,#192,.T.);
#1200 = ORIENTED_EDGE('',*,*,#913,.T.);
#1201 = ADVANCED_FACE('',(#1202),#727,.T.);
#1202 = FACE_BOUND('',#1203,.T.);
#1203 = EDGE_LOOP('',(#1204,#1235,#1258,#1280,#1281,#1303,#1304,#1328,
    #1363,#1401,#1430,#1480));
#1204 = ORIENTED_EDGE('',*,*,#1205,.F.);
#1205 = EDGE_CURVE('',#1206,#1208,#1210,.T.);
#1206 = VERTEX_POINT('',#1207);
#1207 = CARTESIAN_POINT('',(-2.705572809,-2.449293598295E-16,
    10.3527864045));
#1208 = VERTEX_POINT('',#1209);
#1209 = CARTESIAN_POINT('',(-3.4,0.974679434481,10.7));
#1210 = SURFACE_CURVE('',#1211,(#1216,#1223),.PCURVE_S1.);
#1211 = CIRCLE('',#1212,1.);
#1212 = AXIS2_PLACEMENT_3D('',#1213,#1214,#1215);
#1213 = CARTESIAN_POINT('',(-3.6,0.,10.8));
#1214 = DIRECTION('',(0.4472135955,0.,0.894427191));
#1215 = DIRECTION('',(0.894427191,0.,-0.4472135955));
#1216 = PCURVE('',#727,#1217);
#1217 = DEFINITIONAL_REPRESENTATION('',(#1218),#1222);
#1218 = LINE('',#1219,#1220);
#1219 = CARTESIAN_POINT('',(0.,12.074767078499));
#1220 = VECTOR('',#1221,1.);
#1221 = DIRECTION('',(1.,0.));
#1222 = ( GEOMETRIC_REPRESENTATION_CONTEXT(2) 
PARAMETRIC_REPRESENTATION_CONTEXT() REPRESENTATION_CONTEXT('2D SPACE',''
  ) );
#1223 = PCURVE('',#1224,#1229);
#1224 = PLANE('',#1225);
#1225 = AXIS2_PLACEMENT_3D('',#1226,#1227,#1228);
#1226 = CARTESIAN_POINT('',(-3.6,0.,10.8));
#1227 = DIRECTION('',(0.4472135955,0.,0.894427191));
#1228 = DIRECTION('',(0.894427191,0.,-0.4472135955));
#1229 = DEFINITIONAL_REPRESENTATION('',(#1230),#1234);
#1230 = CIRCLE('',#1231,1.);
#1231 = AXIS2_PLACEMENT_2D('',#1232,#1233);
#1232 = CARTESIAN_POINT('',(0.,0.));
#1233 = DIRECTION('',(1.,0.));
#1234 = ( GEOMETRIC_REPRESENTATION_CONTEXT(2) 
PARAMETRIC_REPRESENTATION_CONTEXT() REPRESENTATION_CONTEXT('2D SPACE',''
  ) );
#1235 = ORIENTED_EDGE('',*,*,#1236,.F.);
#1236 = EDGE_CURVE('',#1237,#1206,#1239,.T.);
#1237 = VERTEX_POINT('',#1238);
#1238 = CARTESIAN_POINT('',(-8.105572809,-2.449293598295E-16,
    -0.4472135955));
#1239 = SEAM_CURVE('',#1240,(#1244,#1251),.PCURVE_S1.);
#1240 = LINE('',#1241,#1242);
#1241 = CARTESIAN_POINT('',(-8.105572809,-2.449293598295E-16,
    -0.4472135955));
#1242 = VECTOR('',#1243,1.);
#1243 = DIRECTION('',(0.4472135955,0.,0.894427191));
#1244 = PCURVE('',#727,#1245);
#1245 = DEFINITIONAL_REPRESENTATION('',(#1246),#1250);
#1246 = LINE('',#1247,#1248);
#1247 = CARTESIAN_POINT('',(6.28318530718,-0.));
#1248 = VECTOR('',#1249,1.);
#1249 = DIRECTION('',(0.,1.));
#1250 = ( GEOMETRIC_REPRESENTATION_CONTEXT(2) 
PARAMETRIC_REPRESENTATION_CONTEXT() REPRESENTATION_CONTEXT('2D SPACE',''
  ) );
#1251 = PCURVE('',#727,#1252);
#1252 = DEFINITIONAL_REPRESENTATION('',(#1253),#1257);
#1253 = LINE('',#1254,#1255);
#1254 = CARTESIAN_POINT('',(0.,-0.));
#1255 = VECTOR('',#1256,1.);
#1256 = DIRECTION('',(0.,1.));
#1257 = ( GEOMETRIC_REPRESENTATION_CONTEXT(2) 
PARAMETRIC_REPRESENTATION_CONTEXT() REPRESENTATION_CONTEXT('2D SPACE',''
  ) );
#1258 = ORIENTED_EDGE('',*,*,#1259,.T.);
#1259 = EDGE_CURVE('',#1237,#490,#1260,.T.);
#1260 = SURFACE_CURVE('',#1261,(#1266,#1273),.PCURVE_S1.);
#1261 = CIRCLE('',#1262,1.);
#1262 = AXIS2_PLACEMENT_3D('',#1263,#1264,#1265);
#1263 = CARTESIAN_POINT('',(-9.,0.,0.));
#1264 = DIRECTION('',(0.4472135955,0.,0.894427191));
#1265 = DIRECTION('',(0.894427191,0.,-0.4472135955));
#1266 = PCURVE('',#727,#1267);
#1267 = DEFINITIONAL_REPRESENTATION('',(#1268),#1272);
#1268 = LINE('',#1269,#1270);
#1269 = CARTESIAN_POINT('',(0.,0.));
#1270 = VECTOR('',#1271,1.);
#1271 = DIRECTION('',(1.,0.));
#1272 = ( GEOMETRIC_REPRESENTATION_CONTEXT(2) 
PARAMETRIC_REPRESENTATION_CONTEXT() REPRESENTATION_CONTEXT('2D SPACE',''
  ) );
#1273 = PCURVE('',#893,#1274);
#1274 = DEFINITIONAL_REPRESENTATION('',(#1275),#1279);
#1275 = CIRCLE('',#1276,1.);
#1276 = AXIS2_PLACEMENT_2D('',#1277,#1278);
#1277 = CARTESIAN_POINT('',(0.,0.));
#1278 = DIRECTION('',(1.,0.));
#1279 = ( GEOMETRIC_REPRESENTATION_CONTEXT(2) 
PARAMETRIC_REPRESENTATION_CONTEXT() REPRESENTATION_CONTEXT('2D SPACE',''
  ) );
#1280 = ORIENTED_EDGE('',*,*,#487,.F.);
#1281 = ORIENTED_EDGE('',*,*,#1282,.T.);
#1282 = EDGE_CURVE('',#488,#1237,#1283,.T.);
#1283 = SURFACE_CURVE('',#1284,(#1289,#1296),.PCURVE_S1.);
#1284 = CIRCLE('',#1285,1.);
#1285 = AXIS2_PLACEMENT_3D('',#1286,#1287,#1288);
#1286 = CARTESIAN_POINT('',(-9.,0.,0.));
#1287 = DIRECTION('',(0.4472135955,0.,0.894427191));
#1288 = DIRECTION('',(0.894427191,0.,-0.4472135955));
#1289 = PCURVE('',#727,#1290);
#1290 = DEFINITIONAL_REPRESENTATION('',(#1291),#1295);
#1291 = LINE('',#1292,#1293);
#1292 = CARTESIAN_POINT('',(0.,0.));
#1293 = VECTOR('',#1294,1.);
#1294 = DIRECTION('',(1.,0.));
#1295 = ( GEOMETRIC_REPRESENTATION_CONTEXT(2) 
PARAMETRIC_REPRESENTATION_CONTEXT() REPRESENTATION_CONTEXT('2D SPACE',''
  ) );
#1296 = PCURVE('',#893,#1297);
#1297 = DEFINITIONAL_REPRESENTATION('',(#1298),#1302);
#1298 = CIRCLE('',#1299,1.);
#1299 = AXIS2_PLACEMENT_2D('',#1300,#1301);
#1300 = CARTESIAN_POINT('',(0.,0.));
#1301 = DIRECTION('',(1.,0.));
#1302 = ( GEOMETRIC_REPRESENTATION_CONTEXT(2) 
PARAMETRIC_REPRESENTATION_CONTEXT() REPRESENTATION_CONTEXT('2D SPACE',''
  ) );
#1303 = ORIENTED_EDGE('',*,*,#1236,.T.);
#1304 = ORIENTED_EDGE('',*,*,#1305,.F.);
#1305 = EDGE_CURVE('',#1306,#1206,#1308,.T.);
#1306 = VERTEX_POINT('',#1307);
#1307 = CARTESIAN_POINT('',(-3.4,-0.974679434481,10.7));
#1308 = SURFACE_CURVE('',#1309,(#1314,#1321),.PCURVE_S1.);
#1309 = CIRCLE('',#1310,1.);
#1310 = AXIS2_PLACEMENT_3D('',#1311,#1312,#1313);
#1311 = CARTESIAN_POINT('',(-3.6,0.,10.8));
#1312 = DIRECTION('',(0.4472135955,0.,0.894427191));
#1313 = DIRECTION('',(0.894427191,0.,-0.4472135955));
#1314 = PCURVE('',#727,#1315);
#1315 = DEFINITIONAL_REPRESENTATION('',(#1316),#1320);
#1316 = LINE('',#1317,#1318);
#1317 = CARTESIAN_POINT('',(0.,12.074767078499));
#1318 = VECTOR('',#1319,1.);
#1319 = DIRECTION('',(1.,0.));
#1320 = ( GEOMETRIC_REPRESENTATION_CONTEXT(2) 
PARAMETRIC_REPRESENTATION_CONTEXT() REPRESENTATION_CONTEXT('2D SPACE',''
  ) );
#1321 = PCURVE('',#1224,#1322);
#1322 = DEFINITIONAL_REPRESENTATION('',(#1323),#1327);
#1323 = CIRCLE('',#1324,1.);
#1324 = AXIS2_PLACEMENT_2D('',#1325,#1326);
#1325 = CARTESIAN_POINT('',(0.,0.));
#1326 = DIRECTION('',(1.,0.));
#1327 = ( GEOMETRIC_REPRESENTATION_CONTEXT(2) 
PARAMETRIC_REPRESENTATION_CONTEXT() REPRESENTATION_CONTEXT('2D SPACE',''
  ) );
#1328 = ORIENTED_EDGE('',*,*,#1329,.F.);
#1329 = EDGE_CURVE('',#1330,#1306,#1332,.T.);
#1330 = VERTEX_POINT('',#1331);
#1331 = CARTESIAN_POINT('',(-4.38584999414,-0.7528743779,10.7));
#1332 = SURFACE_CURVE('',#1333,(#1338,#1356),.PCURVE_S1.);
#1333 = ELLIPSE('',#1334,1.11803398875,1.);
#1334 = AXIS2_PLACEMENT_3D('',#1335,#1336,#1337);
#1335 = CARTESIAN_POINT('',(-3.65,0.,10.7));
#1336 = DIRECTION('',(0.,0.,1.));
#1337 = DIRECTION('',(1.,0.,-0.));
#1338 = PCURVE('',#727,#1339);
#1339 = DEFINITIONAL_REPRESENTATION('',(#1340),#1355);
#1340 = B_SPLINE_CURVE_WITH_KNOTS('',7,(#1341,#1342,#1343,#1344,#1345,
    #1346,#1347,#1348,#1349,#1350,#1351,#1352,#1353,#1354),
  .UNSPECIFIED.,.F.,.F.,(8,6,8),(1.345281689723,3.14159265359,
    4.937903617457),.UNSPECIFIED.);
#1341 = CARTESIAN_POINT('',(1.345281689723,12.074767678499));
#1342 = CARTESIAN_POINT('',(1.601897541704,11.949708617078));
#1343 = CARTESIAN_POINT('',(1.858513393684,11.816061125432));
#1344 = CARTESIAN_POINT('',(2.115129245667,11.687267364188));
#1345 = CARTESIAN_POINT('',(2.371745097646,11.578196936962));
#1346 = CARTESIAN_POINT('',(2.628360949628,11.501378515353));
#1347 = CARTESIAN_POINT('',(2.884976801609,11.462963679624));
#1348 = CARTESIAN_POINT('',(3.398208505571,11.462963679624));
#1349 = CARTESIAN_POINT('',(3.654824357552,11.501378515355));
#1350 = CARTESIAN_POINT('',(3.911440209532,11.578196936965));
#1351 = CARTESIAN_POINT('',(4.168056061514,11.687267364188));
#1352 = CARTESIAN_POINT('',(4.424671913495,11.816061125431));
#1353 = CARTESIAN_POINT('',(4.681287765476,11.949708617078));
#1354 = CARTESIAN_POINT('',(4.937903617457,12.074767678499));
#1355 = ( GEOMETRIC_REPRESENTATION_CONTEXT(2) 
PARAMETRIC_REPRESENTATION_CONTEXT() REPRESENTATION_CONTEXT('2D SPACE',''
  ) );
#1356 = PCURVE('',#1069,#1357);
#1357 = DEFINITIONAL_REPRESENTATION('',(#1358),#1362);
#1358 = ELLIPSE('',#1359,1.11803398875,1.);
#1359 = AXIS2_PLACEMENT_2D('',#1360,#1361);
#1360 = CARTESIAN_POINT('',(-3.65,2.801098316123E-17));
#1361 = DIRECTION('',(1.,0.));
#1362 = ( GEOMETRIC_REPRESENTATION_CONTEXT(2) 
PARAMETRIC_REPRESENTATION_CONTEXT() REPRESENTATION_CONTEXT('2D SPACE',''
  ) );
#1363 = ORIENTED_EDGE('',*,*,#1364,.F.);
#1364 = EDGE_CURVE('',#1365,#1330,#1367,.T.);
#1365 = VERTEX_POINT('',#1366);
#1366 = CARTESIAN_POINT('',(-4.435708643648,-0.356354919518,
    11.217854321824));
#1367 = SURFACE_CURVE('',#1368,(#1377,#1389),.PCURVE_S1.);
#1368 = B_SPLINE_CURVE_WITH_KNOTS('',7,(#1369,#1370,#1371,#1372,#1373,
    #1374,#1375,#1376),.UNSPECIFIED.,.F.,.F.,(8,8),(0.,1.),
  .PIECEWISE_BEZIER_KNOTS.);
#1369 = CARTESIAN_POINT('',(-4.435708726308,-0.356353890613,
    11.217855033974));
#1370 = CARTESIAN_POINT('',(-4.429143254414,-0.438077485443,
    11.161290614521));
#1371 = CARTESIAN_POINT('',(-4.421629036392,-0.509601664323,
    11.093962369981));
#1372 = CARTESIAN_POINT('',(-4.413886872069,-0.571721925988,
    11.020352887653));
#1373 = CARTESIAN_POINT('',(-4.406344650868,-0.625759035833,
    10.943332992497));
#1374 = CARTESIAN_POINT('',(-4.399150409268,-0.673118459117,
    10.864361173627));
#1375 = CARTESIAN_POINT('',(-4.392330571161,-0.715121959975,
    10.783603539845));
#1376 = CARTESIAN_POINT('',(-4.385849947631,-0.752874648839,10.6999994)
  );
#1377 = PCURVE('',#727,#1378);
#1378 = DEFINITIONAL_REPRESENTATION('',(#1379),#1388);
#1379 = B_SPLINE_CURVE_WITH_KNOTS('',7,(#1380,#1381,#1382,#1383,#1384,
    #1385,#1386,#1387),.UNSPECIFIED.,.F.,.F.,(8,8),(0.,1.),
  .PIECEWISE_BEZIER_KNOTS.);
#1380 = CARTESIAN_POINT('',(3.505955338239,12.074767678499));
#1381 = CARTESIAN_POINT('',(3.593420958247,12.027111091989));
#1382 = CARTESIAN_POINT('',(3.673374505598,11.970251339808));
#1383 = CARTESIAN_POINT('',(3.746708186917,11.907875418443));
#1384 = CARTESIAN_POINT('',(3.814310217319,11.842359713829));
#1385 = CARTESIAN_POINT('',(3.87722255942,11.774942534361));
#1386 = CARTESIAN_POINT('',(3.936650952334,11.705760635147));
#1387 = CARTESIAN_POINT('',(3.994011568667,11.633881042139));
#1388 = ( GEOMETRIC_REPRESENTATION_CONTEXT(2) 
PARAMETRIC_REPRESENTATION_CONTEXT() REPRESENTATION_CONTEXT('2D SPACE',''
  ) );
#1389 = PCURVE('',#1026,#1390);
#1390 = DEFINITIONAL_REPRESENTATION('',(#1391),#1400);
#1391 = B_SPLINE_CURVE_WITH_KNOTS('',7,(#1392,#1393,#1394,#1395,#1396,
    #1397,#1398,#1399),.UNSPECIFIED.,.F.,.F.,(8,8),(0.,1.),
  .PIECEWISE_BEZIER_KNOTS.);
#1392 = CARTESIAN_POINT('',(-3.221758015571,-0.517855033974));
#1393 = CARTESIAN_POINT('',(-3.240182037496,-0.461290614521));
#1394 = CARTESIAN_POINT('',(-3.256338484184,-0.393962369981));
#1395 = CARTESIAN_POINT('',(-3.270402834589,-0.320352887653));
#1396 = CARTESIAN_POINT('',(-3.282661937068,-0.243332992497));
#1397 = CARTESIAN_POINT('',(-3.293425613578,-0.164361173627));
#1398 = CARTESIAN_POINT('',(-3.302987823551,-8.360353984518E-02));
#1399 = CARTESIAN_POINT('',(-3.31159566224,6.000000000173E-07));
#1400 = ( GEOMETRIC_REPRESENTATION_CONTEXT(2) 
PARAMETRIC_REPRESENTATION_CONTEXT() REPRESENTATION_CONTEXT('2D SPACE',''
  ) );
#1401 = ORIENTED_EDGE('',*,*,#1402,.F.);
#1402 = EDGE_CURVE('',#1403,#1365,#1405,.T.);
#1403 = VERTEX_POINT('',#1404);
#1404 = CARTESIAN_POINT('',(-4.435708643648,0.356354919518,
    11.217854321824));
#1405 = SURFACE_CURVE('',#1406,(#1411,#1418),.PCURVE_S1.);
#1406 = CIRCLE('',#1407,1.);
#1407 = AXIS2_PLACEMENT_3D('',#1408,#1409,#1410);
#1408 = CARTESIAN_POINT('',(-3.6,0.,10.8));
#1409 = DIRECTION('',(0.4472135955,0.,0.894427191));
#1410 = DIRECTION('',(0.894427191,0.,-0.4472135955));
#1411 = PCURVE('',#727,#1412);
#1412 = DEFINITIONAL_REPRESENTATION('',(#1413),#1417);
#1413 = LINE('',#1414,#1415);
#1414 = CARTESIAN_POINT('',(0.,12.074767078499));
#1415 = VECTOR('',#1416,1.);
#1416 = DIRECTION('',(1.,0.));
#1417 = ( GEOMETRIC_REPRESENTATION_CONTEXT(2) 
PARAMETRIC_REPRESENTATION_CONTEXT() REPRESENTATION_CONTEXT('2D SPACE',''
  ) );
#1418 = PCURVE('',#1419,#1424);
#1419 = PLANE('',#1420);
#1420 = AXIS2_PLACEMENT_3D('',#1421,#1422,#1423);
#1421 = CARTESIAN_POINT('',(-3.6,0.,10.8));
#1422 = DIRECTION('',(0.4472135955,0.,0.894427191));
#1423 = DIRECTION('',(0.894427191,0.,-0.4472135955));
#1424 = DEFINITIONAL_REPRESENTATION('',(#1425),#1429);
#1425 = CIRCLE('',#1426,1.);
#1426 = AXIS2_PLACEMENT_2D('',#1427,#1428);
#1427 = CARTESIAN_POINT('',(0.,0.));
#1428 = DIRECTION('',(1.,0.));
#1429 = ( GEOMETRIC_REPRESENTATION_CONTEXT(2) 
PARAMETRIC_REPRESENTATION_CONTEXT() REPRESENTATION_CONTEXT('2D SPACE',''
  ) );
#1430 = ORIENTED_EDGE('',*,*,#1431,.F.);
#1431 = EDGE_CURVE('',#1432,#1403,#1434,.T.);
#1432 = VERTEX_POINT('',#1433);
#1433 = CARTESIAN_POINT('',(-4.38584999414,0.7528743779,10.7));
#1434 = SURFACE_CURVE('',#1435,(#1448,#1464),.PCURVE_S1.);
#1435 = B_SPLINE_CURVE_WITH_KNOTS('',6,(#1436,#1437,#1438,#1439,#1440,
    #1441,#1442,#1443,#1444,#1445,#1446,#1447),.UNSPECIFIED.,.F.,.F.,(7,
    5,7),(0.,0.901041413972,1.),.UNSPECIFIED.);
#1436 = CARTESIAN_POINT('',(-4.385849947631,0.752874648839,10.6999994));
#1437 = CARTESIAN_POINT('',(-4.392650035246,0.713260930998,
    10.787724828462));
#1438 = CARTESIAN_POINT('',(-4.399859415232,0.66869185052,
    10.872540745727));
#1439 = CARTESIAN_POINT('',(-4.407503566175,0.617804120561,
    10.955507984561));
#1440 = CARTESIAN_POINT('',(-4.415533577812,0.558949014802,
    11.035938659454));
#1441 = CARTESIAN_POINT('',(-4.423619890431,0.490369669808,
    11.111257534394));
#1442 = CARTESIAN_POINT('',(-4.431801641889,0.402133194432,
    11.18381047772));
#1443 = CARTESIAN_POINT('',(-4.432603307098,0.393263013746,
    11.190875725395));
#1444 = CARTESIAN_POINT('',(-4.433395982955,0.38425199272,
    11.197820071289));
#1445 = CARTESIAN_POINT('',(-4.434178579585,0.375097992725,
    11.204636533525));
#1446 = CARTESIAN_POINT('',(-4.434949917242,0.365799152991,
    11.211317561117));
#1447 = CARTESIAN_POINT('',(-4.435708726308,0.356353890613,
    11.217855033974));
#1448 = PCURVE('',#727,#1449);
#1449 = DEFINITIONAL_REPRESENTATION('',(#1450),#1463);
#1450 = B_SPLINE_CURVE_WITH_KNOTS('',6,(#1451,#1452,#1453,#1454,#1455,
    #1456,#1457,#1458,#1459,#1460,#1461,#1462),.UNSPECIFIED.,.F.,.F.,(7,
    5,7),(0.,0.901041413972,1.),.UNSPECIFIED.);
#1451 = CARTESIAN_POINT('',(2.289173738513,11.633881042139));
#1452 = CARTESIAN_POINT('',(2.349361961895,11.709303959065));
#1453 = CARTESIAN_POINT('',(2.412108262979,11.781941488952));
#1454 = CARTESIAN_POINT('',(2.479072349469,11.8527310751));
#1455 = CARTESIAN_POINT('',(2.551649350075,11.921079327338));
#1456 = CARTESIAN_POINT('',(2.630984792336,11.98483026814));
#1457 = CARTESIAN_POINT('',(2.727767551489,12.04606460295));
#1458 = CARTESIAN_POINT('',(2.737447268658,12.052025437001));
#1459 = CARTESIAN_POINT('',(2.747231443431,12.057882153373));
#1460 = CARTESIAN_POINT('',(2.757122101324,12.06362899469));
#1461 = CARTESIAN_POINT('',(2.767121067934,12.069259734746));
#1462 = CARTESIAN_POINT('',(2.777229968941,12.074767678499));
#1463 = ( GEOMETRIC_REPRESENTATION_CONTEXT(2) 
PARAMETRIC_REPRESENTATION_CONTEXT() REPRESENTATION_CONTEXT('2D SPACE',''
  ) );
#1464 = PCURVE('',#1026,#1465);
#1465 = DEFINITIONAL_REPRESENTATION('',(#1466),#1479);
#1466 = B_SPLINE_CURVE_WITH_KNOTS('',6,(#1467,#1468,#1469,#1470,#1471,
    #1472,#1473,#1474,#1475,#1476,#1477,#1478),.UNSPECIFIED.,.F.,.F.,(7,
    5,7),(0.,0.901041413972,1.),.UNSPECIFIED.);
#1467 = CARTESIAN_POINT('',(-2.97158964494,6.000000000173E-07));
#1468 = CARTESIAN_POINT('',(-2.980621809358,-8.772482846175E-02));
#1469 = CARTESIAN_POINT('',(-2.990767058849,-0.172540745727));
#1470 = CARTESIAN_POINT('',(-3.00232954114,-0.255507984561));
#1471 = CARTESIAN_POINT('',(-3.01567584044,-0.335938659454));
#1472 = CARTESIAN_POINT('',(-3.031188894556,-0.411257534394));
#1473 = CARTESIAN_POINT('',(-3.051102375697,-0.48381047772));
#1474 = CARTESIAN_POINT('',(-3.053103793549,-0.490875725395));
#1475 = CARTESIAN_POINT('',(-3.055136552853,-0.497820071289));
#1476 = CARTESIAN_POINT('',(-3.057201125598,-0.504636533525));
#1477 = CARTESIAN_POINT('',(-3.05929792222,-0.511317561117));
#1478 = CARTESIAN_POINT('',(-3.061427291609,-0.517855033974));
#1479 = ( GEOMETRIC_REPRESENTATION_CONTEXT(2) 
PARAMETRIC_REPRESENTATION_CONTEXT() REPRESENTATION_CONTEXT('2D SPACE',''
  ) );
#1480 = ORIENTED_EDGE('',*,*,#1481,.F.);
#1481 = EDGE_CURVE('',#1208,#1432,#1482,.T.);
#1482 = SURFACE_CURVE('',#1483,(#1488,#1506),.PCURVE_S1.);
#1483 = ELLIPSE('',#1484,1.11803398875,1.);
#1484 = AXIS2_PLACEMENT_3D('',#1485,#1486,#1487);
#1485 = CARTESIAN_POINT('',(-3.65,0.,10.7));
#1486 = DIRECTION('',(0.,0.,1.));
#1487 = DIRECTION('',(1.,0.,-0.));
#1488 = PCURVE('',#727,#1489);
#1489 = DEFINITIONAL_REPRESENTATION('',(#1490),#1505);
#1490 = B_SPLINE_CURVE_WITH_KNOTS('',7,(#1491,#1492,#1493,#1494,#1495,
    #1496,#1497,#1498,#1499,#1500,#1501,#1502,#1503,#1504),
  .UNSPECIFIED.,.F.,.F.,(8,6,8),(1.345281689723,3.14159265359,
    4.937903617457),.UNSPECIFIED.);
#1491 = CARTESIAN_POINT('',(1.345281689723,12.074767678499));
#1492 = CARTESIAN_POINT('',(1.601897541704,11.949708617078));
#1493 = CARTESIAN_POINT('',(1.858513393684,11.816061125432));
#1494 = CARTESIAN_POINT('',(2.115129245667,11.687267364188));
#1495 = CARTESIAN_POINT('',(2.371745097646,11.578196936962));
#1496 = CARTESIAN_POINT('',(2.628360949628,11.501378515353));
#1497 = CARTESIAN_POINT('',(2.884976801609,11.462963679624));
#1498 = CARTESIAN_POINT('',(3.398208505571,11.462963679624));
#1499 = CARTESIAN_POINT('',(3.654824357552,11.501378515355));
#1500 = CARTESIAN_POINT('',(3.911440209532,11.578196936965));
#1501 = CARTESIAN_POINT('',(4.168056061514,11.687267364188));
#1502 = CARTESIAN_POINT('',(4.424671913495,11.816061125431));
#1503 = CARTESIAN_POINT('',(4.681287765476,11.949708617078));
#1504 = CARTESIAN_POINT('',(4.937903617457,12.074767678499));
#1505 = ( GEOMETRIC_REPRESENTATION_CONTEXT(2) 
PARAMETRIC_REPRESENTATION_CONTEXT() REPRESENTATION_CONTEXT('2D SPACE',''
  ) );
#1506 = PCURVE('',#1069,#1507);
#1507 = DEFINITIONAL_REPRESENTATION('',(#1508),#1512);
#1508 = ELLIPSE('',#1509,1.11803398875,1.);
#1509 = AXIS2_PLACEMENT_2D('',#1510,#1511);
#1510 = CARTESIAN_POINT('',(-3.65,2.801098316123E-17));
#1511 = DIRECTION('',(1.,0.));
#1512 = ( GEOMETRIC_REPRESENTATION_CONTEXT(2) 
PARAMETRIC_REPRESENTATION_CONTEXT() REPRESENTATION_CONTEXT('2D SPACE',''
  ) );
#1513 = ADVANCED_FACE('',(#1514),#893,.F.);
#1514 = FACE_BOUND('',#1515,.F.);
#1515 = EDGE_LOOP('',(#1516,#1517,#1518));
#1516 = ORIENTED_EDGE('',*,*,#1282,.T.);
#1517 = ORIENTED_EDGE('',*,*,#1259,.T.);
#1518 = ORIENTED_EDGE('',*,*,#871,.F.);
#1519 = ADVANCED_FACE('',(#1520),#980,.T.);
#1520 = FACE_BOUND('',#1521,.T.);
#1521 = EDGE_LOOP('',(#1522,#1523,#1524,#1551));
#1522 = ORIENTED_EDGE('',*,*,#963,.T.);
#1523 = ORIENTED_EDGE('',*,*,#1177,.T.);
#1524 = ORIENTED_EDGE('',*,*,#1525,.F.);
#1525 = EDGE_CURVE('',#1526,#1140,#1528,.T.);
#1526 = VERTEX_POINT('',#1527);
#1527 = CARTESIAN_POINT('',(4.45,0.,11.225));
#1528 = SURFACE_CURVE('',#1529,(#1534,#1541),.PCURVE_S1.);
#1529 = ELLIPSE('',#1530,4.975251249937,4.45);
#1530 = AXIS2_PLACEMENT_3D('',#1531,#1532,#1533);
#1531 = CARTESIAN_POINT('',(0.,0.,9.));
#1532 = DIRECTION('',(-0.4472135955,0.,0.894427191));
#1533 = DIRECTION('',(-0.894427191,0.,-0.4472135955));
#1534 = PCURVE('',#980,#1535);
#1535 = DEFINITIONAL_REPRESENTATION('',(#1536),#1540);
#1536 = ELLIPSE('',#1537,4.975251249937,4.45);
#1537 = AXIS2_PLACEMENT_2D('',#1538,#1539);
#1538 = CARTESIAN_POINT('',(-4.0249223595,0.));
#1539 = DIRECTION('',(-1.,0.));
#1540 = ( GEOMETRIC_REPRESENTATION_CONTEXT(2) 
PARAMETRIC_REPRESENTATION_CONTEXT() REPRESENTATION_CONTEXT('2D SPACE',''
  ) );
#1541 = PCURVE('',#1026,#1542);
#1542 = DEFINITIONAL_REPRESENTATION('',(#1543),#1550);
#1543 = B_SPLINE_CURVE_WITH_KNOTS('',5,(#1544,#1545,#1546,#1547,#1548,
    #1549),.UNSPECIFIED.,.F.,.F.,(6,6),(3.14159265359,3.414635621702),
  .PIECEWISE_BEZIER_KNOTS.);
#1544 = CARTESIAN_POINT('',(8.881784197001E-16,-0.525));
#1545 = CARTESIAN_POINT('',(-5.460859362243E-02,-0.525));
#1546 = CARTESIAN_POINT('',(-0.109217187245,-0.516706066355));
#1547 = CARTESIAN_POINT('',(-0.163825780867,-0.500118016315));
#1548 = CARTESIAN_POINT('',(-0.21843437449,-0.47533954228));
#1549 = CARTESIAN_POINT('',(-0.273042968112,-0.442574386107));
#1550 = ( GEOMETRIC_REPRESENTATION_CONTEXT(2) 
PARAMETRIC_REPRESENTATION_CONTEXT() REPRESENTATION_CONTEXT('2D SPACE',''
  ) );
#1551 = ORIENTED_EDGE('',*,*,#1552,.F.);
#1552 = EDGE_CURVE('',#964,#1526,#1553,.T.);
#1553 = SURFACE_CURVE('',#1554,(#1559,#1566),.PCURVE_S1.);
#1554 = ELLIPSE('',#1555,4.975251249937,4.45);
#1555 = AXIS2_PLACEMENT_3D('',#1556,#1557,#1558);
#1556 = CARTESIAN_POINT('',(0.,0.,9.));
#1557 = DIRECTION('',(-0.4472135955,0.,0.894427191));
#1558 = DIRECTION('',(-0.894427191,0.,-0.4472135955));
#1559 = PCURVE('',#980,#1560);
#1560 = DEFINITIONAL_REPRESENTATION('',(#1561),#1565);
#1561 = ELLIPSE('',#1562,4.975251249937,4.45);
#1562 = AXIS2_PLACEMENT_2D('',#1563,#1564);
#1563 = CARTESIAN_POINT('',(-4.0249223595,0.));
#1564 = DIRECTION('',(-1.,0.));
#1565 = ( GEOMETRIC_REPRESENTATION_CONTEXT(2) 
PARAMETRIC_REPRESENTATION_CONTEXT() REPRESENTATION_CONTEXT('2D SPACE',''
  ) );
#1566 = PCURVE('',#1026,#1567);
#1567 = DEFINITIONAL_REPRESENTATION('',(#1568),#1575);
#1568 = B_SPLINE_CURVE_WITH_KNOTS('',5,(#1569,#1570,#1571,#1572,#1573,
    #1574),.UNSPECIFIED.,.F.,.F.,(6,6),(2.868549685478,3.14159265359),
  .PIECEWISE_BEZIER_KNOTS.);
#1569 = CARTESIAN_POINT('',(-6.010142339067,-0.442574386107));
#1570 = CARTESIAN_POINT('',(-6.06475093269,-0.47533954228));
#1571 = CARTESIAN_POINT('',(-6.119359526312,-0.500118016315));
#1572 = CARTESIAN_POINT('',(-6.173968119935,-0.516706066355));
#1573 = CARTESIAN_POINT('',(-6.228576713557,-0.525));
#1574 = CARTESIAN_POINT('',(-6.28318530718,-0.525));
#1575 = ( GEOMETRIC_REPRESENTATION_CONTEXT(2) 
PARAMETRIC_REPRESENTATION_CONTEXT() REPRESENTATION_CONTEXT('2D SPACE',''
  ) );
#1576 = ADVANCED_FACE('',(#1577),#1026,.T.);
#1577 = FACE_BOUND('',#1578,.F.);
#1578 = EDGE_LOOP('',(#1579,#1580,#1603,#1630,#1631,#1632,#1633,#1655,
    #1656,#1682,#1683,#1705));
#1579 = ORIENTED_EDGE('',*,*,#1525,.F.);
#1580 = ORIENTED_EDGE('',*,*,#1581,.T.);
#1581 = EDGE_CURVE('',#1526,#1582,#1584,.T.);
#1582 = VERTEX_POINT('',#1583);
#1583 = CARTESIAN_POINT('',(4.45,0.,11.9));
#1584 = SEAM_CURVE('',#1585,(#1589,#1596),.PCURVE_S1.);
#1585 = LINE('',#1586,#1587);
#1586 = CARTESIAN_POINT('',(4.45,0.,10.7));
#1587 = VECTOR('',#1588,1.);
#1588 = DIRECTION('',(0.,0.,1.));
#1589 = PCURVE('',#1026,#1590);
#1590 = DEFINITIONAL_REPRESENTATION('',(#1591),#1595);
#1591 = LINE('',#1592,#1593);
#1592 = CARTESIAN_POINT('',(-6.28318530718,0.));
#1593 = VECTOR('',#1594,1.);
#1594 = DIRECTION('',(-0.,-1.));
#1595 = ( GEOMETRIC_REPRESENTATION_CONTEXT(2) 
PARAMETRIC_REPRESENTATION_CONTEXT() REPRESENTATION_CONTEXT('2D SPACE',''
  ) );
#1596 = PCURVE('',#1026,#1597);
#1597 = DEFINITIONAL_REPRESENTATION('',(#1598),#1602);
#1598 = LINE('',#1599,#1600);
#1599 = CARTESIAN_POINT('',(-0.,0.));
#1600 = VECTOR('',#1601,1.);
#1601 = DIRECTION('',(-0.,-1.));
#1602 = ( GEOMETRIC_REPRESENTATION_CONTEXT(2) 
PARAMETRIC_REPRESENTATION_CONTEXT() REPRESENTATION_CONTEXT('2D SPACE',''
  ) );
#1603 = ORIENTED_EDGE('',*,*,#1604,.T.);
#1604 = EDGE_CURVE('',#1582,#1582,#1605,.T.);
#1605 = SURFACE_CURVE('',#1606,(#1611,#1618),.PCURVE_S1.);
#1606 = CIRCLE('',#1607,4.45);
#1607 = AXIS2_PLACEMENT_3D('',#1608,#1609,#1610);
#1608 = CARTESIAN_POINT('',(0.,0.,11.9));
#1609 = DIRECTION('',(0.,0.,1.));
#1610 = DIRECTION('',(1.,0.,0.));
#1611 = PCURVE('',#1026,#1612);
#1612 = DEFINITIONAL_REPRESENTATION('',(#1613),#1617);
#1613 = LINE('',#1614,#1615);
#1614 = CARTESIAN_POINT('',(-0.,-1.2));
#1615 = VECTOR('',#1616,1.);
#1616 = DIRECTION('',(-1.,0.));
#1617 = ( GEOMETRIC_REPRESENTATION_CONTEXT(2) 
PARAMETRIC_REPRESENTATION_CONTEXT() REPRESENTATION_CONTEXT('2D SPACE',''
  ) );
#1618 = PCURVE('',#1619,#1624);
#1619 = PLANE('',#1620);
#1620 = AXIS2_PLACEMENT_3D('',#1621,#1622,#1623);
#1621 = CARTESIAN_POINT('',(-3.072899174246E-16,-2.801098316123E-17,11.9
    ));
#1622 = DIRECTION('',(0.,0.,1.));
#1623 = DIRECTION('',(1.,0.,-0.));
#1624 = DEFINITIONAL_REPRESENTATION('',(#1625),#1629);
#1625 = CIRCLE('',#1626,4.45);
#1626 = AXIS2_PLACEMENT_2D('',#1627,#1628);
#1627 = CARTESIAN_POINT('',(3.072899174246E-16,2.801098316123E-17));
#1628 = DIRECTION('',(1.,0.));
#1629 = ( GEOMETRIC_REPRESENTATION_CONTEXT(2) 
PARAMETRIC_REPRESENTATION_CONTEXT() REPRESENTATION_CONTEXT('2D SPACE',''
  ) );
#1630 = ORIENTED_EDGE('',*,*,#1581,.F.);
#1631 = ORIENTED_EDGE('',*,*,#1552,.F.);
#1632 = ORIENTED_EDGE('',*,*,#992,.F.);
#1633 = ORIENTED_EDGE('',*,*,#1634,.F.);
#1634 = EDGE_CURVE('',#1330,#993,#1635,.T.);
#1635 = SURFACE_CURVE('',#1636,(#1641,#1648),.PCURVE_S1.);
#1636 = CIRCLE('',#1637,4.45);
#1637 = AXIS2_PLACEMENT_3D('',#1638,#1639,#1640);
#1638 = CARTESIAN_POINT('',(0.,0.,10.7));
#1639 = DIRECTION('',(0.,0.,1.));
#1640 = DIRECTION('',(1.,0.,0.));
#1641 = PCURVE('',#1026,#1642);
#1642 = DEFINITIONAL_REPRESENTATION('',(#1643),#1647);
#1643 = LINE('',#1644,#1645);
#1644 = CARTESIAN_POINT('',(-0.,0.));
#1645 = VECTOR('',#1646,1.);
#1646 = DIRECTION('',(-1.,0.));
#1647 = ( GEOMETRIC_REPRESENTATION_CONTEXT(2) 
PARAMETRIC_REPRESENTATION_CONTEXT() REPRESENTATION_CONTEXT('2D SPACE',''
  ) );
#1648 = PCURVE('',#1069,#1649);
#1649 = DEFINITIONAL_REPRESENTATION('',(#1650),#1654);
#1650 = CIRCLE('',#1651,4.45);
#1651 = AXIS2_PLACEMENT_2D('',#1652,#1653);
#1652 = CARTESIAN_POINT('',(3.072899174246E-16,2.801098316123E-17));
#1653 = DIRECTION('',(1.,0.));
#1654 = ( GEOMETRIC_REPRESENTATION_CONTEXT(2) 
PARAMETRIC_REPRESENTATION_CONTEXT() REPRESENTATION_CONTEXT('2D SPACE',''
  ) );
#1655 = ORIENTED_EDGE('',*,*,#1364,.F.);
#1656 = ORIENTED_EDGE('',*,*,#1657,.F.);
#1657 = EDGE_CURVE('',#1403,#1365,#1658,.T.);
#1658 = SURFACE_CURVE('',#1659,(#1664,#1675),.PCURVE_S1.);
#1659 = ELLIPSE('',#1660,4.975251249937,4.45);
#1660 = AXIS2_PLACEMENT_3D('',#1661,#1662,#1663);
#1661 = CARTESIAN_POINT('',(0.,0.,9.));
#1662 = DIRECTION('',(0.4472135955,0.,0.894427191));
#1663 = DIRECTION('',(0.894427191,0.,-0.4472135955));
#1664 = PCURVE('',#1026,#1665);
#1665 = DEFINITIONAL_REPRESENTATION('',(#1666),#1674);
#1666 = B_SPLINE_CURVE_WITH_KNOTS('',6,(#1667,#1668,#1669,#1670,#1671,
    #1672,#1673),.UNSPECIFIED.,.F.,.F.,(7,7),(2.868549685478,
    3.414635621702),.PIECEWISE_BEZIER_KNOTS.);
#1667 = CARTESIAN_POINT('',(-2.868549685478,-0.442574386107));
#1668 = CARTESIAN_POINT('',(-2.959564008182,-0.497182979729));
#1669 = CARTESIAN_POINT('',(-3.050578330886,-0.530493679576));
#1670 = CARTESIAN_POINT('',(-3.14159265359,-0.541692254039));
#1671 = CARTESIAN_POINT('',(-3.232606976294,-0.530493679576));
#1672 = CARTESIAN_POINT('',(-3.323621298998,-0.497182979729));
#1673 = CARTESIAN_POINT('',(-3.414635621702,-0.442574386107));
#1674 = ( GEOMETRIC_REPRESENTATION_CONTEXT(2) 
PARAMETRIC_REPRESENTATION_CONTEXT() REPRESENTATION_CONTEXT('2D SPACE',''
  ) );
#1675 = PCURVE('',#1419,#1676);
#1676 = DEFINITIONAL_REPRESENTATION('',(#1677),#1681);
#1677 = ELLIPSE('',#1678,4.975251249937,4.45);
#1678 = AXIS2_PLACEMENT_2D('',#1679,#1680);
#1679 = CARTESIAN_POINT('',(4.0249223595,0.));
#1680 = DIRECTION('',(1.,0.));
#1681 = ( GEOMETRIC_REPRESENTATION_CONTEXT(2) 
PARAMETRIC_REPRESENTATION_CONTEXT() REPRESENTATION_CONTEXT('2D SPACE',''
  ) );
#1682 = ORIENTED_EDGE('',*,*,#1431,.F.);
#1683 = ORIENTED_EDGE('',*,*,#1684,.F.);
#1684 = EDGE_CURVE('',#1111,#1432,#1685,.T.);
#1685 = SURFACE_CURVE('',#1686,(#1691,#1698),.PCURVE_S1.);
#1686 = CIRCLE('',#1687,4.45);
#1687 = AXIS2_PLACEMENT_3D('',#1688,#1689,#1690);
#1688 = CARTESIAN_POINT('',(0.,0.,10.7));
#1689 = DIRECTION('',(0.,0.,1.));
#1690 = DIRECTION('',(1.,0.,0.));
#1691 = PCURVE('',#1026,#1692);
#1692 = DEFINITIONAL_REPRESENTATION('',(#1693),#1697);
#1693 = LINE('',#1694,#1695);
#1694 = CARTESIAN_POINT('',(-0.,0.));
#1695 = VECTOR('',#1696,1.);
#1696 = DIRECTION('',(-1.,0.));
#1697 = ( GEOMETRIC_REPRESENTATION_CONTEXT(2) 
PARAMETRIC_REPRESENTATION_CONTEXT() REPRESENTATION_CONTEXT('2D SPACE',''
  ) );
#1698 = PCURVE('',#1069,#1699);
#1699 = DEFINITIONAL_REPRESENTATION('',(#1700),#1704);
#1700 = CIRCLE('',#1701,4.45);
#1701 = AXIS2_PLACEMENT_2D('',#1702,#1703);
#1702 = CARTESIAN_POINT('',(3.072899174246E-16,2.801098316123E-17));
#1703 = DIRECTION('',(1.,0.));
#1704 = ( GEOMETRIC_REPRESENTATION_CONTEXT(2) 
PARAMETRIC_REPRESENTATION_CONTEXT() REPRESENTATION_CONTEXT('2D SPACE',''
  ) );
#1705 = ORIENTED_EDGE('',*,*,#1139,.F.);
#1706 = ADVANCED_FACE('',(#1707,#1753),#1069,.F.);
#1707 = FACE_BOUND('',#1708,.F.);
#1708 = EDGE_LOOP('',(#1709,#1710,#1711,#1712,#1731,#1732,#1733,#1734));
#1709 = ORIENTED_EDGE('',*,*,#1110,.F.);
#1710 = ORIENTED_EDGE('',*,*,#1684,.T.);
#1711 = ORIENTED_EDGE('',*,*,#1481,.F.);
#1712 = ORIENTED_EDGE('',*,*,#1713,.T.);
#1713 = EDGE_CURVE('',#1208,#1306,#1714,.T.);
#1714 = SURFACE_CURVE('',#1715,(#1719,#1725),.PCURVE_S1.);
#1715 = LINE('',#1716,#1717);
#1716 = CARTESIAN_POINT('',(-3.4,-1.400549158061E-17,10.7));
#1717 = VECTOR('',#1718,1.);
#1718 = DIRECTION('',(0.,-1.,0.));
#1719 = PCURVE('',#1069,#1720);
#1720 = DEFINITIONAL_REPRESENTATION('',(#1721),#1724);
#1721 = B_SPLINE_CURVE_WITH_KNOTS('',1,(#1722,#1723),.UNSPECIFIED.,.F.,
  .F.,(2,2),(-1.,1.),.PIECEWISE_BEZIER_KNOTS.);
#1722 = CARTESIAN_POINT('',(-3.4,1.));
#1723 = CARTESIAN_POINT('',(-3.4,-1.));
#1724 = ( GEOMETRIC_REPRESENTATION_CONTEXT(2) 
PARAMETRIC_REPRESENTATION_CONTEXT() REPRESENTATION_CONTEXT('2D SPACE',''
  ) );
#1725 = PCURVE('',#1224,#1726);
#1726 = DEFINITIONAL_REPRESENTATION('',(#1727),#1730);
#1727 = B_SPLINE_CURVE_WITH_KNOTS('',1,(#1728,#1729),.UNSPECIFIED.,.F.,
  .F.,(2,2),(-1.,1.),.PIECEWISE_BEZIER_KNOTS.);
#1728 = CARTESIAN_POINT('',(0.22360679775,1.));
#1729 = CARTESIAN_POINT('',(0.22360679775,-1.));
#1730 = ( GEOMETRIC_REPRESENTATION_CONTEXT(2) 
PARAMETRIC_REPRESENTATION_CONTEXT() REPRESENTATION_CONTEXT('2D SPACE',''
  ) );
#1731 = ORIENTED_EDGE('',*,*,#1329,.F.);
#1732 = ORIENTED_EDGE('',*,*,#1634,.T.);
#1733 = ORIENTED_EDGE('',*,*,#1047,.F.);
#1734 = ORIENTED_EDGE('',*,*,#1735,.T.);
#1735 = EDGE_CURVE('',#1048,#1082,#1736,.T.);
#1736 = SURFACE_CURVE('',#1737,(#1741,#1747),.PCURVE_S1.);
#1737 = LINE('',#1738,#1739);
#1738 = CARTESIAN_POINT('',(3.4,-1.400549158061E-17,10.7));
#1739 = VECTOR('',#1740,1.);
#1740 = DIRECTION('',(0.,1.,-0.));
#1741 = PCURVE('',#1069,#1742);
#1742 = DEFINITIONAL_REPRESENTATION('',(#1743),#1746);
#1743 = B_SPLINE_CURVE_WITH_KNOTS('',1,(#1744,#1745),.UNSPECIFIED.,.F.,
  .F.,(2,2),(-1.,1.),.PIECEWISE_BEZIER_KNOTS.);
#1744 = CARTESIAN_POINT('',(3.4,-1.));
#1745 = CARTESIAN_POINT('',(3.4,1.));
#1746 = ( GEOMETRIC_REPRESENTATION_CONTEXT(2) 
PARAMETRIC_REPRESENTATION_CONTEXT() REPRESENTATION_CONTEXT('2D SPACE',''
  ) );
#1747 = PCURVE('',#1098,#1748);
#1748 = DEFINITIONAL_REPRESENTATION('',(#1749),#1752);
#1749 = B_SPLINE_CURVE_WITH_KNOTS('',1,(#1750,#1751),.UNSPECIFIED.,.F.,
  .F.,(2,2),(-1.,1.),.PIECEWISE_BEZIER_KNOTS.);
#1750 = CARTESIAN_POINT('',(-0.22360679775,-1.));
#1751 = CARTESIAN_POINT('',(-0.22360679775,1.));
#1752 = ( GEOMETRIC_REPRESENTATION_CONTEXT(2) 
PARAMETRIC_REPRESENTATION_CONTEXT() REPRESENTATION_CONTEXT('2D SPACE',''
  ) );
#1753 = FACE_BOUND('',#1754,.F.);
#1754 = EDGE_LOOP('',(#1755));
#1755 = ORIENTED_EDGE('',*,*,#1756,.T.);
#1756 = EDGE_CURVE('',#1757,#1757,#1759,.T.);
#1757 = VERTEX_POINT('',#1758);
#1758 = CARTESIAN_POINT('',(2.9,0.,10.7));
#1759 = SURFACE_CURVE('',#1760,(#1765,#1776),.PCURVE_S1.);
#1760 = CIRCLE('',#1761,2.9);
#1761 = AXIS2_PLACEMENT_3D('',#1762,#1763,#1764);
#1762 = CARTESIAN_POINT('',(0.,0.,10.7));
#1763 = DIRECTION('',(0.,0.,-1.));
#1764 = DIRECTION('',(1.,0.,0.));
#1765 = PCURVE('',#1069,#1766);
#1766 = DEFINITIONAL_REPRESENTATION('',(#1767),#1775);
#1767 = ( BOUNDED_CURVE() B_SPLINE_CURVE(2,(#1768,#1769,#1770,#1771,
#1772,#1773,#1774),.UNSPECIFIED.,.T.,.F.) B_SPLINE_CURVE_WITH_KNOTS((1,2
    ,2,2,2,1),(-2.094395102393,0.,2.094395102393,4.188790204786,
6.28318530718,8.377580409573),.UNSPECIFIED.) CURVE() 
GEOMETRIC_REPRESENTATION_ITEM() RATIONAL_B_SPLINE_CURVE((1.,0.5,1.,0.5,
1.,0.5,1.)) REPRESENTATION_ITEM('') );
#1768 = CARTESIAN_POINT('',(2.9,2.801098316123E-17));
#1769 = CARTESIAN_POINT('',(2.9,-5.02294734195));
#1770 = CARTESIAN_POINT('',(-1.45,-2.511473670975));
#1771 = CARTESIAN_POINT('',(-5.8,-6.822841603442E-16));
#1772 = CARTESIAN_POINT('',(-1.45,2.511473670975));
#1773 = CARTESIAN_POINT('',(2.9,5.02294734195));
#1774 = CARTESIAN_POINT('',(2.9,2.801098316123E-17));
#1775 = ( GEOMETRIC_REPRESENTATION_CONTEXT(2) 
PARAMETRIC_REPRESENTATION_CONTEXT() REPRESENTATION_CONTEXT('2D SPACE',''
  ) );
#1776 = PCURVE('',#1777,#1782);
#1777 = CYLINDRICAL_SURFACE('',#1778,2.9);
#1778 = AXIS2_PLACEMENT_3D('',#1779,#1780,#1781);
#1779 = CARTESIAN_POINT('',(0.,0.,10.4));
#1780 = DIRECTION('',(-0.,-0.,-1.));
#1781 = DIRECTION('',(1.,0.,0.));
#1782 = DEFINITIONAL_REPRESENTATION('',(#1783),#1787);
#1783 = LINE('',#1784,#1785);
#1784 = CARTESIAN_POINT('',(-6.28318530718,-0.3));
#1785 = VECTOR('',#1786,1.);
#1786 = DIRECTION('',(1.,-0.));
#1787 = ( GEOMETRIC_REPRESENTATION_CONTEXT(2) 
PARAMETRIC_REPRESENTATION_CONTEXT() REPRESENTATION_CONTEXT('2D SPACE',''
  ) );
#1788 = ADVANCED_FACE('',(#1789),#1098,.T.);
#1789 = FACE_BOUND('',#1790,.T.);
#1790 = EDGE_LOOP('',(#1791,#1792));
#1791 = ORIENTED_EDGE('',*,*,#1735,.T.);
#1792 = ORIENTED_EDGE('',*,*,#1081,.T.);
#1793 = ADVANCED_FACE('',(#1794),#1224,.T.);
#1794 = FACE_BOUND('',#1795,.T.);
#1795 = EDGE_LOOP('',(#1796,#1797,#1798));
#1796 = ORIENTED_EDGE('',*,*,#1305,.T.);
#1797 = ORIENTED_EDGE('',*,*,#1205,.T.);
#1798 = ORIENTED_EDGE('',*,*,#1713,.T.);
#1799 = ADVANCED_FACE('',(#1800),#1419,.T.);
#1800 = FACE_BOUND('',#1801,.T.);
#1801 = EDGE_LOOP('',(#1802,#1803));
#1802 = ORIENTED_EDGE('',*,*,#1657,.F.);
#1803 = ORIENTED_EDGE('',*,*,#1402,.T.);
#1804 = ADVANCED_FACE('',(#1805,#1808,#1843,#1878,#1913,#1948),#1619,.T.
  );
#1805 = FACE_BOUND('',#1806,.T.);
#1806 = EDGE_LOOP('',(#1807));
#1807 = ORIENTED_EDGE('',*,*,#1604,.T.);
#1808 = FACE_BOUND('',#1809,.T.);
#1809 = EDGE_LOOP('',(#1810));
#1810 = ORIENTED_EDGE('',*,*,#1811,.T.);
#1811 = EDGE_CURVE('',#1812,#1812,#1814,.T.);
#1812 = VERTEX_POINT('',#1813);
#1813 = CARTESIAN_POINT('',(-2.090229073212,-2.510229073212,11.9));
#1814 = SURFACE_CURVE('',#1815,(#1820,#1831),.PCURVE_S1.);
#1815 = CIRCLE('',#1816,0.42);
#1816 = AXIS2_PLACEMENT_3D('',#1817,#1818,#1819);
#1817 = CARTESIAN_POINT('',(-2.510229073212,-2.510229073212,11.9));
#1818 = DIRECTION('',(0.,0.,-1.));
#1819 = DIRECTION('',(1.,0.,0.));
#1820 = PCURVE('',#1619,#1821);
#1821 = DEFINITIONAL_REPRESENTATION('',(#1822),#1830);
#1822 = ( BOUNDED_CURVE() B_SPLINE_CURVE(2,(#1823,#1824,#1825,#1826,
#1827,#1828,#1829),.UNSPECIFIED.,.T.,.F.) B_SPLINE_CURVE_WITH_KNOTS((1,2
    ,2,2,2,1),(-2.094395102393,0.,2.094395102393,4.188790204786,
6.28318530718,8.377580409573),.UNSPECIFIED.) CURVE() 
GEOMETRIC_REPRESENTATION_ITEM() RATIONAL_B_SPLINE_CURVE((1.,0.5,1.,0.5,
1.,0.5,1.)) REPRESENTATION_ITEM('') );
#1823 = CARTESIAN_POINT('',(-2.090229073212,-2.510229073212));
#1824 = CARTESIAN_POINT('',(-2.090229073212,-3.237690412391));
#1825 = CARTESIAN_POINT('',(-2.720229073212,-2.873959742802));
#1826 = CARTESIAN_POINT('',(-3.350229073212,-2.510229073212));
#1827 = CARTESIAN_POINT('',(-2.720229073212,-2.146498403623));
#1828 = CARTESIAN_POINT('',(-2.090229073212,-1.782767734033));
#1829 = CARTESIAN_POINT('',(-2.090229073212,-2.510229073212));
#1830 = ( GEOMETRIC_REPRESENTATION_CONTEXT(2) 
PARAMETRIC_REPRESENTATION_CONTEXT() REPRESENTATION_CONTEXT('2D SPACE',''
  ) );
#1831 = PCURVE('',#1832,#1837);
#1832 = CYLINDRICAL_SURFACE('',#1833,0.42);
#1833 = AXIS2_PLACEMENT_3D('',#1834,#1835,#1836);
#1834 = CARTESIAN_POINT('',(-2.510229073212,-2.510229073212,11.));
#1835 = DIRECTION('',(-0.,-0.,-1.));
#1836 = DIRECTION('',(1.,0.,0.));
#1837 = DEFINITIONAL_REPRESENTATION('',(#1838),#1842);
#1838 = LINE('',#1839,#1840);
#1839 = CARTESIAN_POINT('',(-6.28318530718,-0.9));
#1840 = VECTOR('',#1841,1.);
#1841 = DIRECTION('',(1.,-0.));
#1842 = ( GEOMETRIC_REPRESENTATION_CONTEXT(2) 
PARAMETRIC_REPRESENTATION_CONTEXT() REPRESENTATION_CONTEXT('2D SPACE',''
  ) );
#1843 = FACE_BOUND('',#1844,.T.);
#1844 = EDGE_LOOP('',(#1845));
#1845 = ORIENTED_EDGE('',*,*,#1846,.T.);
#1846 = EDGE_CURVE('',#1847,#1847,#1849,.T.);
#1847 = VERTEX_POINT('',#1848);
#1848 = CARTESIAN_POINT('',(2.930229073212,-2.510229073212,11.9));
#1849 = SURFACE_CURVE('',#1850,(#1855,#1866),.PCURVE_S1.);
#1850 = CIRCLE('',#1851,0.42);
#1851 = AXIS2_PLACEMENT_3D('',#1852,#1853,#1854);
#1852 = CARTESIAN_POINT('',(2.510229073212,-2.510229073212,11.9));
#1853 = DIRECTION('',(0.,0.,-1.));
#1854 = DIRECTION('',(1.,0.,0.));
#1855 = PCURVE('',#1619,#1856);
#1856 = DEFINITIONAL_REPRESENTATION('',(#1857),#1865);
#1857 = ( BOUNDED_CURVE() B_SPLINE_CURVE(2,(#1858,#1859,#1860,#1861,
#1862,#1863,#1864),.UNSPECIFIED.,.T.,.F.) B_SPLINE_CURVE_WITH_KNOTS((1,2
    ,2,2,2,1),(-2.094395102393,0.,2.094395102393,4.188790204786,
6.28318530718,8.377580409573),.UNSPECIFIED.) CURVE() 
GEOMETRIC_REPRESENTATION_ITEM() RATIONAL_B_SPLINE_CURVE((1.,0.5,1.,0.5,
1.,0.5,1.)) REPRESENTATION_ITEM('') );
#1858 = CARTESIAN_POINT('',(2.930229073212,-2.510229073212));
#1859 = CARTESIAN_POINT('',(2.930229073212,-3.237690412391));
#1860 = CARTESIAN_POINT('',(2.300229073212,-2.873959742802));
#1861 = CARTESIAN_POINT('',(1.670229073212,-2.510229073212));
#1862 = CARTESIAN_POINT('',(2.300229073212,-2.146498403623));
#1863 = CARTESIAN_POINT('',(2.930229073212,-1.782767734033));
#1864 = CARTESIAN_POINT('',(2.930229073212,-2.510229073212));
#1865 = ( GEOMETRIC_REPRESENTATION_CONTEXT(2) 
PARAMETRIC_REPRESENTATION_CONTEXT() REPRESENTATION_CONTEXT('2D SPACE',''
  ) );
#1866 = PCURVE('',#1867,#1872);
#1867 = CYLINDRICAL_SURFACE('',#1868,0.42);
#1868 = AXIS2_PLACEMENT_3D('',#1869,#1870,#1871);
#1869 = CARTESIAN_POINT('',(2.510229073212,-2.510229073212,11.));
#1870 = DIRECTION('',(-0.,-0.,-1.));
#1871 = DIRECTION('',(1.,0.,0.));
#1872 = DEFINITIONAL_REPRESENTATION('',(#1873),#1877);
#1873 = LINE('',#1874,#1875);
#1874 = CARTESIAN_POINT('',(-6.28318530718,-0.9));
#1875 = VECTOR('',#1876,1.);
#1876 = DIRECTION('',(1.,-0.));
#1877 = ( GEOMETRIC_REPRESENTATION_CONTEXT(2) 
PARAMETRIC_REPRESENTATION_CONTEXT() REPRESENTATION_CONTEXT('2D SPACE',''
  ) );
#1878 = FACE_BOUND('',#1879,.T.);
#1879 = EDGE_LOOP('',(#1880));
#1880 = ORIENTED_EDGE('',*,*,#1881,.T.);
#1881 = EDGE_CURVE('',#1882,#1882,#1884,.T.);
#1882 = VERTEX_POINT('',#1883);
#1883 = CARTESIAN_POINT('',(-2.090229073212,2.510229073212,11.9));
#1884 = SURFACE_CURVE('',#1885,(#1890,#1901),.PCURVE_S1.);
#1885 = CIRCLE('',#1886,0.42);
#1886 = AXIS2_PLACEMENT_3D('',#1887,#1888,#1889);
#1887 = CARTESIAN_POINT('',(-2.510229073212,2.510229073212,11.9));
#1888 = DIRECTION('',(0.,0.,-1.));
#1889 = DIRECTION('',(1.,0.,0.));
#1890 = PCURVE('',#1619,#1891);
#1891 = DEFINITIONAL_REPRESENTATION('',(#1892),#1900);
#1892 = ( BOUNDED_CURVE() B_SPLINE_CURVE(2,(#1893,#1894,#1895,#1896,
#1897,#1898,#1899),.UNSPECIFIED.,.T.,.F.) B_SPLINE_CURVE_WITH_KNOTS((1,2
    ,2,2,2,1),(-2.094395102393,0.,2.094395102393,4.188790204786,
6.28318530718,8.377580409573),.UNSPECIFIED.) CURVE() 
GEOMETRIC_REPRESENTATION_ITEM() RATIONAL_B_SPLINE_CURVE((1.,0.5,1.,0.5,
1.,0.5,1.)) REPRESENTATION_ITEM('') );
#1893 = CARTESIAN_POINT('',(-2.090229073212,2.510229073212));
#1894 = CARTESIAN_POINT('',(-2.090229073212,1.782767734033));
#1895 = CARTESIAN_POINT('',(-2.720229073212,2.146498403623));
#1896 = CARTESIAN_POINT('',(-3.350229073212,2.510229073212));
#1897 = CARTESIAN_POINT('',(-2.720229073212,2.873959742802));
#1898 = CARTESIAN_POINT('',(-2.090229073212,3.237690412391));
#1899 = CARTESIAN_POINT('',(-2.090229073212,2.510229073212));
#1900 = ( GEOMETRIC_REPRESENTATION_CONTEXT(2) 
PARAMETRIC_REPRESENTATION_CONTEXT() REPRESENTATION_CONTEXT('2D SPACE',''
  ) );
#1901 = PCURVE('',#1902,#1907);
#1902 = CYLINDRICAL_SURFACE('',#1903,0.42);
#1903 = AXIS2_PLACEMENT_3D('',#1904,#1905,#1906);
#1904 = CARTESIAN_POINT('',(-2.510229073212,2.510229073212,11.));
#1905 = DIRECTION('',(-0.,-0.,-1.));
#1906 = DIRECTION('',(1.,0.,0.));
#1907 = DEFINITIONAL_REPRESENTATION('',(#1908),#1912);
#1908 = LINE('',#1909,#1910);
#1909 = CARTESIAN_POINT('',(-6.28318530718,-0.9));
#1910 = VECTOR('',#1911,1.);
#1911 = DIRECTION('',(1.,-0.));
#1912 = ( GEOMETRIC_REPRESENTATION_CONTEXT(2) 
PARAMETRIC_REPRESENTATION_CONTEXT() REPRESENTATION_CONTEXT('2D SPACE',''
  ) );
#1913 = FACE_BOUND('',#1914,.T.);
#1914 = EDGE_LOOP('',(#1915));
#1915 = ORIENTED_EDGE('',*,*,#1916,.T.);
#1916 = EDGE_CURVE('',#1917,#1917,#1919,.T.);
#1917 = VERTEX_POINT('',#1918);
#1918 = CARTESIAN_POINT('',(3.07,0.,11.9));
#1919 = SURFACE_CURVE('',#1920,(#1925,#1936),.PCURVE_S1.);
#1920 = CIRCLE('',#1921,3.07);
#1921 = AXIS2_PLACEMENT_3D('',#1922,#1923,#1924);
#1922 = CARTESIAN_POINT('',(0.,0.,11.9));
#1923 = DIRECTION('',(0.,0.,-1.));
#1924 = DIRECTION('',(1.,0.,0.));
#1925 = PCURVE('',#1619,#1926);
#1926 = DEFINITIONAL_REPRESENTATION('',(#1927),#1935);
#1927 = ( BOUNDED_CURVE() B_SPLINE_CURVE(2,(#1928,#1929,#1930,#1931,
#1932,#1933,#1934),.UNSPECIFIED.,.T.,.F.) B_SPLINE_CURVE_WITH_KNOTS((1,2
    ,2,2,2,1),(-2.094395102393,0.,2.094395102393,4.188790204786,
6.28318530718,8.377580409573),.UNSPECIFIED.) CURVE() 
GEOMETRIC_REPRESENTATION_ITEM() RATIONAL_B_SPLINE_CURVE((1.,0.5,1.,0.5,
1.,0.5,1.)) REPRESENTATION_ITEM('') );
#1928 = CARTESIAN_POINT('',(3.07,2.801098316123E-17));
#1929 = CARTESIAN_POINT('',(3.07,-5.317395979236));
#1930 = CARTESIAN_POINT('',(-1.535,-2.658697989618));
#1931 = CARTESIAN_POINT('',(-6.14,-7.239221515152E-16));
#1932 = CARTESIAN_POINT('',(-1.535,2.658697989618));
#1933 = CARTESIAN_POINT('',(3.07,5.317395979236));
#1934 = CARTESIAN_POINT('',(3.07,2.801098316123E-17));
#1935 = ( GEOMETRIC_REPRESENTATION_CONTEXT(2) 
PARAMETRIC_REPRESENTATION_CONTEXT() REPRESENTATION_CONTEXT('2D SPACE',''
  ) );
#1936 = PCURVE('',#1937,#1942);
#1937 = CYLINDRICAL_SURFACE('',#1938,3.07);
#1938 = AXIS2_PLACEMENT_3D('',#1939,#1940,#1941);
#1939 = CARTESIAN_POINT('',(0.,0.,11.1));
#1940 = DIRECTION('',(-0.,-0.,-1.));
#1941 = DIRECTION('',(1.,0.,0.));
#1942 = DEFINITIONAL_REPRESENTATION('',(#1943),#1947);
#1943 = LINE('',#1944,#1945);
#1944 = CARTESIAN_POINT('',(-6.28318530718,-0.8));
#1945 = VECTOR('',#1946,1.);
#1946 = DIRECTION('',(1.,-0.));
#1947 = ( GEOMETRIC_REPRESENTATION_CONTEXT(2) 
PARAMETRIC_REPRESENTATION_CONTEXT() REPRESENTATION_CONTEXT('2D SPACE',''
  ) );
#1948 = FACE_BOUND('',#1949,.T.);
#1949 = EDGE_LOOP('',(#1950));
#1950 = ORIENTED_EDGE('',*,*,#1951,.T.);
#1951 = EDGE_CURVE('',#1952,#1952,#1954,.T.);
#1952 = VERTEX_POINT('',#1953);
#1953 = CARTESIAN_POINT('',(2.930229073212,2.510229073212,11.9));
#1954 = SURFACE_CURVE('',#1955,(#1960,#1971),.PCURVE_S1.);
#1955 = CIRCLE('',#1956,0.42);
#1956 = AXIS2_PLACEMENT_3D('',#1957,#1958,#1959);
#1957 = CARTESIAN_POINT('',(2.510229073212,2.510229073212,11.9));
#1958 = DIRECTION('',(0.,0.,-1.));
#1959 = DIRECTION('',(1.,0.,0.));
#1960 = PCURVE('',#1619,#1961);
#1961 = DEFINITIONAL_REPRESENTATION('',(#1962),#1970);
#1962 = ( BOUNDED_CURVE() B_SPLINE_CURVE(2,(#1963,#1964,#1965,#1966,
#1967,#1968,#1969),.UNSPECIFIED.,.T.,.F.) B_SPLINE_CURVE_WITH_KNOTS((1,2
    ,2,2,2,1),(-2.094395102393,0.,2.094395102393,4.188790204786,
6.28318530718,8.377580409573),.UNSPECIFIED.) CURVE() 
GEOMETRIC_REPRESENTATION_ITEM() RATIONAL_B_SPLINE_CURVE((1.,0.5,1.,0.5,
1.,0.5,1.)) REPRESENTATION_ITEM('') );
#1963 = CARTESIAN_POINT('',(2.930229073212,2.510229073212));
#1964 = CARTESIAN_POINT('',(2.930229073212,1.782767734033));
#1965 = CARTESIAN_POINT('',(2.300229073212,2.146498403623));
#1966 = CARTESIAN_POINT('',(1.670229073212,2.510229073212));
#1967 = CARTESIAN_POINT('',(2.300229073212,2.873959742802));
#1968 = CARTESIAN_POINT('',(2.930229073212,3.237690412391));
#1969 = CARTESIAN_POINT('',(2.930229073212,2.510229073212));
#1970 = ( GEOMETRIC_REPRESENTATION_CONTEXT(2) 
PARAMETRIC_REPRESENTATION_CONTEXT() REPRESENTATION_CONTEXT('2D SPACE',''
  ) );
#1971 = PCURVE('',#1972,#1977);
#1972 = CYLINDRICAL_SURFACE('',#1973,0.42);
#1973 = AXIS2_PLACEMENT_3D('',#1974,#1975,#1976);
#1974 = CARTESIAN_POINT('',(2.510229073212,2.510229073212,11.));
#1975 = DIRECTION('',(-0.,-0.,-1.));
#1976 = DIRECTION('',(1.,0.,0.));
#1977 = DEFINITIONAL_REPRESENTATION('',(#1978),#1982);
#1978 = LINE('',#1979,#1980);
#1979 = CARTESIAN_POINT('',(-6.28318530718,-0.9));
#1980 = VECTOR('',#1981,1.);
#1981 = DIRECTION('',(1.,-0.));
#1982 = ( GEOMETRIC_REPRESENTATION_CONTEXT(2) 
PARAMETRIC_REPRESENTATION_CONTEXT() REPRESENTATION_CONTEXT('2D SPACE',''
  ) );
#1983 = ADVANCED_FACE('',(#1984),#1777,.F.);
#1984 = FACE_BOUND('',#1985,.T.);
#1985 = EDGE_LOOP('',(#1986,#2009,#2010,#2011));
#1986 = ORIENTED_EDGE('',*,*,#1987,.F.);
#1987 = EDGE_CURVE('',#1757,#1988,#1990,.T.);
#1988 = VERTEX_POINT('',#1989);
#1989 = CARTESIAN_POINT('',(2.9,0.,11.1));
#1990 = SEAM_CURVE('',#1991,(#1995,#2002),.PCURVE_S1.);
#1991 = LINE('',#1992,#1993);
#1992 = CARTESIAN_POINT('',(2.9,0.,10.4));
#1993 = VECTOR('',#1994,1.);
#1994 = DIRECTION('',(0.,0.,1.));
#1995 = PCURVE('',#1777,#1996);
#1996 = DEFINITIONAL_REPRESENTATION('',(#1997),#2001);
#1997 = LINE('',#1998,#1999);
#1998 = CARTESIAN_POINT('',(-6.28318530718,0.));
#1999 = VECTOR('',#2000,1.);
#2000 = DIRECTION('',(-0.,-1.));
#2001 = ( GEOMETRIC_REPRESENTATION_CONTEXT(2) 
PARAMETRIC_REPRESENTATION_CONTEXT() REPRESENTATION_CONTEXT('2D SPACE',''
  ) );
#2002 = PCURVE('',#1777,#2003);
#2003 = DEFINITIONAL_REPRESENTATION('',(#2004),#2008);
#2004 = LINE('',#2005,#2006);
#2005 = CARTESIAN_POINT('',(-0.,0.));
#2006 = VECTOR('',#2007,1.);
#2007 = DIRECTION('',(-0.,-1.));
#2008 = ( GEOMETRIC_REPRESENTATION_CONTEXT(2) 
PARAMETRIC_REPRESENTATION_CONTEXT() REPRESENTATION_CONTEXT('2D SPACE',''
  ) );
#2009 = ORIENTED_EDGE('',*,*,#1756,.T.);
#2010 = ORIENTED_EDGE('',*,*,#1987,.T.);
#2011 = ORIENTED_EDGE('',*,*,#2012,.F.);
#2012 = EDGE_CURVE('',#1988,#1988,#2013,.T.);
#2013 = SURFACE_CURVE('',#2014,(#2019,#2026),.PCURVE_S1.);
#2014 = CIRCLE('',#2015,2.9);
#2015 = AXIS2_PLACEMENT_3D('',#2016,#2017,#2018);
#2016 = CARTESIAN_POINT('',(0.,0.,11.1));
#2017 = DIRECTION('',(0.,0.,-1.));
#2018 = DIRECTION('',(1.,0.,0.));
#2019 = PCURVE('',#1777,#2020);
#2020 = DEFINITIONAL_REPRESENTATION('',(#2021),#2025);
#2021 = LINE('',#2022,#2023);
#2022 = CARTESIAN_POINT('',(-6.28318530718,-0.7));
#2023 = VECTOR('',#2024,1.);
#2024 = DIRECTION('',(1.,-0.));
#2025 = ( GEOMETRIC_REPRESENTATION_CONTEXT(2) 
PARAMETRIC_REPRESENTATION_CONTEXT() REPRESENTATION_CONTEXT('2D SPACE',''
  ) );
#2026 = PCURVE('',#2027,#2032);
#2027 = PLANE('',#2028);
#2028 = AXIS2_PLACEMENT_3D('',#2029,#2030,#2031);
#2029 = CARTESIAN_POINT('',(-2.227101193061E-16,-1.39671294597E-17,11.1)
  );
#2030 = DIRECTION('',(0.,0.,1.));
#2031 = DIRECTION('',(1.,0.,-0.));
#2032 = DEFINITIONAL_REPRESENTATION('',(#2033),#2041);
#2033 = ( BOUNDED_CURVE() B_SPLINE_CURVE(2,(#2034,#2035,#2036,#2037,
#2038,#2039,#2040),.UNSPECIFIED.,.T.,.F.) B_SPLINE_CURVE_WITH_KNOTS((1,2
    ,2,2,2,1),(-2.094395102393,0.,2.094395102393,4.188790204786,
6.28318530718,8.377580409573),.UNSPECIFIED.) CURVE() 
GEOMETRIC_REPRESENTATION_ITEM() RATIONAL_B_SPLINE_CURVE((1.,0.5,1.,0.5,
1.,0.5,1.)) REPRESENTATION_ITEM('') );
#2034 = CARTESIAN_POINT('',(2.9,1.39671294597E-17));
#2035 = CARTESIAN_POINT('',(2.9,-5.02294734195));
#2036 = CARTESIAN_POINT('',(-1.45,-2.511473670975));
#2037 = CARTESIAN_POINT('',(-5.8,-6.963280140458E-16));
#2038 = CARTESIAN_POINT('',(-1.45,2.511473670975));
#2039 = CARTESIAN_POINT('',(2.9,5.02294734195));
#2040 = CARTESIAN_POINT('',(2.9,1.39671294597E-17));
#2041 = ( GEOMETRIC_REPRESENTATION_CONTEXT(2) 
PARAMETRIC_REPRESENTATION_CONTEXT() REPRESENTATION_CONTEXT('2D SPACE',''
  ) );
#2042 = ADVANCED_FACE('',(#2043),#1832,.T.);
#2043 = FACE_BOUND('',#2044,.F.);
#2044 = EDGE_LOOP('',(#2045,#2046,#2069,#2096));
#2045 = ORIENTED_EDGE('',*,*,#1811,.T.);
#2046 = ORIENTED_EDGE('',*,*,#2047,.T.);
#2047 = EDGE_CURVE('',#1812,#2048,#2050,.T.);
#2048 = VERTEX_POINT('',#2049);
#2049 = CARTESIAN_POINT('',(-2.090229073212,-2.510229073212,15.6));
#2050 = SEAM_CURVE('',#2051,(#2055,#2062),.PCURVE_S1.);
#2051 = LINE('',#2052,#2053);
#2052 = CARTESIAN_POINT('',(-2.090229073212,-2.510229073212,11.));
#2053 = VECTOR('',#2054,1.);
#2054 = DIRECTION('',(0.,0.,1.));
#2055 = PCURVE('',#1832,#2056);
#2056 = DEFINITIONAL_REPRESENTATION('',(#2057),#2061);
#2057 = LINE('',#2058,#2059);
#2058 = CARTESIAN_POINT('',(-6.28318530718,0.));
#2059 = VECTOR('',#2060,1.);
#2060 = DIRECTION('',(-0.,-1.));
#2061 = ( GEOMETRIC_REPRESENTATION_CONTEXT(2) 
PARAMETRIC_REPRESENTATION_CONTEXT() REPRESENTATION_CONTEXT('2D SPACE',''
  ) );
#2062 = PCURVE('',#1832,#2063);
#2063 = DEFINITIONAL_REPRESENTATION('',(#2064),#2068);
#2064 = LINE('',#2065,#2066);
#2065 = CARTESIAN_POINT('',(-0.,0.));
#2066 = VECTOR('',#2067,1.);
#2067 = DIRECTION('',(-0.,-1.));
#2068 = ( GEOMETRIC_REPRESENTATION_CONTEXT(2) 
PARAMETRIC_REPRESENTATION_CONTEXT() REPRESENTATION_CONTEXT('2D SPACE',''
  ) );
#2069 = ORIENTED_EDGE('',*,*,#2070,.T.);
#2070 = EDGE_CURVE('',#2048,#2048,#2071,.T.);
#2071 = SURFACE_CURVE('',#2072,(#2077,#2084),.PCURVE_S1.);
#2072 = CIRCLE('',#2073,0.42);
#2073 = AXIS2_PLACEMENT_3D('',#2074,#2075,#2076);
#2074 = CARTESIAN_POINT('',(-2.510229073212,-2.510229073212,15.6));
#2075 = DIRECTION('',(0.,0.,1.));
#2076 = DIRECTION('',(1.,0.,0.));
#2077 = PCURVE('',#1832,#2078);
#2078 = DEFINITIONAL_REPRESENTATION('',(#2079),#2083);
#2079 = LINE('',#2080,#2081);
#2080 = CARTESIAN_POINT('',(-0.,-4.6));
#2081 = VECTOR('',#2082,1.);
#2082 = DIRECTION('',(-1.,0.));
#2083 = ( GEOMETRIC_REPRESENTATION_CONTEXT(2) 
PARAMETRIC_REPRESENTATION_CONTEXT() REPRESENTATION_CONTEXT('2D SPACE',''
  ) );
#2084 = PCURVE('',#2085,#2090);
#2085 = PLANE('',#2086);
#2086 = AXIS2_PLACEMENT_3D('',#2087,#2088,#2089);
#2087 = CARTESIAN_POINT('',(-2.510229073212,-2.510229073212,15.6));
#2088 = DIRECTION('',(0.,0.,1.));
#2089 = DIRECTION('',(1.,0.,-0.));
#2090 = DEFINITIONAL_REPRESENTATION('',(#2091),#2095);
#2091 = CIRCLE('',#2092,0.42);
#2092 = AXIS2_PLACEMENT_2D('',#2093,#2094);
#2093 = CARTESIAN_POINT('',(0.,0.));
#2094 = DIRECTION('',(1.,0.));
#2095 = ( GEOMETRIC_REPRESENTATION_CONTEXT(2) 
PARAMETRIC_REPRESENTATION_CONTEXT() REPRESENTATION_CONTEXT('2D SPACE',''
  ) );
#2096 = ORIENTED_EDGE('',*,*,#2047,.F.);
#2097 = ADVANCED_FACE('',(#2098),#1867,.T.);
#2098 = FACE_BOUND('',#2099,.F.);
#2099 = EDGE_LOOP('',(#2100,#2101,#2124,#2151));
#2100 = ORIENTED_EDGE('',*,*,#1846,.T.);
#2101 = ORIENTED_EDGE('',*,*,#2102,.T.);
#2102 = EDGE_CURVE('',#1847,#2103,#2105,.T.);
#2103 = VERTEX_POINT('',#2104);
#2104 = CARTESIAN_POINT('',(2.930229073212,-2.510229073212,15.6));
#2105 = SEAM_CURVE('',#2106,(#2110,#2117),.PCURVE_S1.);
#2106 = LINE('',#2107,#2108);
#2107 = CARTESIAN_POINT('',(2.930229073212,-2.510229073212,11.));
#2108 = VECTOR('',#2109,1.);
#2109 = DIRECTION('',(0.,0.,1.));
#2110 = PCURVE('',#1867,#2111);
#2111 = DEFINITIONAL_REPRESENTATION('',(#2112),#2116);
#2112 = LINE('',#2113,#2114);
#2113 = CARTESIAN_POINT('',(-6.28318530718,0.));
#2114 = VECTOR('',#2115,1.);
#2115 = DIRECTION('',(-0.,-1.));
#2116 = ( GEOMETRIC_REPRESENTATION_CONTEXT(2) 
PARAMETRIC_REPRESENTATION_CONTEXT() REPRESENTATION_CONTEXT('2D SPACE',''
  ) );
#2117 = PCURVE('',#1867,#2118);
#2118 = DEFINITIONAL_REPRESENTATION('',(#2119),#2123);
#2119 = LINE('',#2120,#2121);
#2120 = CARTESIAN_POINT('',(-0.,0.));
#2121 = VECTOR('',#2122,1.);
#2122 = DIRECTION('',(-0.,-1.));
#2123 = ( GEOMETRIC_REPRESENTATION_CONTEXT(2) 
PARAMETRIC_REPRESENTATION_CONTEXT() REPRESENTATION_CONTEXT('2D SPACE',''
  ) );
#2124 = ORIENTED_EDGE('',*,*,#2125,.T.);
#2125 = EDGE_CURVE('',#2103,#2103,#2126,.T.);
#2126 = SURFACE_CURVE('',#2127,(#2132,#2139),.PCURVE_S1.);
#2127 = CIRCLE('',#2128,0.42);
#2128 = AXIS2_PLACEMENT_3D('',#2129,#2130,#2131);
#2129 = CARTESIAN_POINT('',(2.510229073212,-2.510229073212,15.6));
#2130 = DIRECTION('',(0.,0.,1.));
#2131 = DIRECTION('',(1.,0.,0.));
#2132 = PCURVE('',#1867,#2133);
#2133 = DEFINITIONAL_REPRESENTATION('',(#2134),#2138);
#2134 = LINE('',#2135,#2136);
#2135 = CARTESIAN_POINT('',(-0.,-4.6));
#2136 = VECTOR('',#2137,1.);
#2137 = DIRECTION('',(-1.,0.));
#2138 = ( GEOMETRIC_REPRESENTATION_CONTEXT(2) 
PARAMETRIC_REPRESENTATION_CONTEXT() REPRESENTATION_CONTEXT('2D SPACE',''
  ) );
#2139 = PCURVE('',#2140,#2145);
#2140 = PLANE('',#2141);
#2141 = AXIS2_PLACEMENT_3D('',#2142,#2143,#2144);
#2142 = CARTESIAN_POINT('',(2.510229073212,-2.510229073212,15.6));
#2143 = DIRECTION('',(0.,0.,1.));
#2144 = DIRECTION('',(1.,0.,-0.));
#2145 = DEFINITIONAL_REPRESENTATION('',(#2146),#2150);
#2146 = CIRCLE('',#2147,0.42);
#2147 = AXIS2_PLACEMENT_2D('',#2148,#2149);
#2148 = CARTESIAN_POINT('',(0.,0.));
#2149 = DIRECTION('',(1.,0.));
#2150 = ( GEOMETRIC_REPRESENTATION_CONTEXT(2) 
PARAMETRIC_REPRESENTATION_CONTEXT() REPRESENTATION_CONTEXT('2D SPACE',''
  ) );
#2151 = ORIENTED_EDGE('',*,*,#2102,.F.);
#2152 = ADVANCED_FACE('',(#2153),#1902,.T.);
#2153 = FACE_BOUND('',#2154,.F.);
#2154 = EDGE_LOOP('',(#2155,#2156,#2179,#2206));
#2155 = ORIENTED_EDGE('',*,*,#1881,.T.);
#2156 = ORIENTED_EDGE('',*,*,#2157,.T.);
#2157 = EDGE_CURVE('',#1882,#2158,#2160,.T.);
#2158 = VERTEX_POINT('',#2159);
#2159 = CARTESIAN_POINT('',(-2.090229073212,2.510229073212,15.6));
#2160 = SEAM_CURVE('',#2161,(#2165,#2172),.PCURVE_S1.);
#2161 = LINE('',#2162,#2163);
#2162 = CARTESIAN_POINT('',(-2.090229073212,2.510229073212,11.));
#2163 = VECTOR('',#2164,1.);
#2164 = DIRECTION('',(0.,0.,1.));
#2165 = PCURVE('',#1902,#2166);
#2166 = DEFINITIONAL_REPRESENTATION('',(#2167),#2171);
#2167 = LINE('',#2168,#2169);
#2168 = CARTESIAN_POINT('',(-6.28318530718,0.));
#2169 = VECTOR('',#2170,1.);
#2170 = DIRECTION('',(-0.,-1.));
#2171 = ( GEOMETRIC_REPRESENTATION_CONTEXT(2) 
PARAMETRIC_REPRESENTATION_CONTEXT() REPRESENTATION_CONTEXT('2D SPACE',''
  ) );
#2172 = PCURVE('',#1902,#2173);
#2173 = DEFINITIONAL_REPRESENTATION('',(#2174),#2178);
#2174 = LINE('',#2175,#2176);
#2175 = CARTESIAN_POINT('',(-0.,0.));
#2176 = VECTOR('',#2177,1.);
#2177 = DIRECTION('',(-0.,-1.));
#2178 = ( GEOMETRIC_REPRESENTATION_CONTEXT(2) 
PARAMETRIC_REPRESENTATION_CONTEXT() REPRESENTATION_CONTEXT('2D SPACE',''
  ) );
#2179 = ORIENTED_EDGE('',*,*,#2180,.T.);
#2180 = EDGE_CURVE('',#2158,#2158,#2181,.T.);
#2181 = SURFACE_CURVE('',#2182,(#2187,#2194),.PCURVE_S1.);
#2182 = CIRCLE('',#2183,0.42);
#2183 = AXIS2_PLACEMENT_3D('',#2184,#2185,#2186);
#2184 = CARTESIAN_POINT('',(-2.510229073212,2.510229073212,15.6));
#2185 = DIRECTION('',(0.,0.,1.));
#2186 = DIRECTION('',(1.,0.,0.));
#2187 = PCURVE('',#1902,#2188);
#2188 = DEFINITIONAL_REPRESENTATION('',(#2189),#2193);
#2189 = LINE('',#2190,#2191);
#2190 = CARTESIAN_POINT('',(-0.,-4.6));
#2191 = VECTOR('',#2192,1.);
#2192 = DIRECTION('',(-1.,0.));
#2193 = ( GEOMETRIC_REPRESENTATION_CONTEXT(2) 
PARAMETRIC_REPRESENTATION_CONTEXT() REPRESENTATION_CONTEXT('2D SPACE',''
  ) );
#2194 = PCURVE('',#2195,#2200);
#2195 = PLANE('',#2196);
#2196 = AXIS2_PLACEMENT_3D('',#2197,#2198,#2199);
#2197 = CARTESIAN_POINT('',(-2.510229073212,2.510229073212,15.6));
#2198 = DIRECTION('',(0.,0.,1.));
#2199 = DIRECTION('',(1.,0.,-0.));
#2200 = DEFINITIONAL_REPRESENTATION('',(#2201),#2205);
#2201 = CIRCLE('',#2202,0.42);
#2202 = AXIS2_PLACEMENT_2D('',#2203,#2204);
#2203 = CARTESIAN_POINT('',(0.,0.));
#2204 = DIRECTION('',(1.,0.));
#2205 = ( GEOMETRIC_REPRESENTATION_CONTEXT(2) 
PARAMETRIC_REPRESENTATION_CONTEXT() REPRESENTATION_CONTEXT('2D SPACE',''
  ) );
#2206 = ORIENTED_EDGE('',*,*,#2157,.F.);
#2207 = ADVANCED_FACE('',(#2208),#1937,.F.);
#2208 = FACE_BOUND('',#2209,.T.);
#2209 = EDGE_LOOP('',(#2210,#2234,#2255,#2256));
#2210 = ORIENTED_EDGE('',*,*,#2211,.F.);
#2211 = EDGE_CURVE('',#2212,#2212,#2214,.T.);
#2212 = VERTEX_POINT('',#2213);
#2213 = CARTESIAN_POINT('',(3.07,0.,11.1));
#2214 = SURFACE_CURVE('',#2215,(#2220,#2227),.PCURVE_S1.);
#2215 = CIRCLE('',#2216,3.07);
#2216 = AXIS2_PLACEMENT_3D('',#2217,#2218,#2219);
#2217 = CARTESIAN_POINT('',(0.,0.,11.1));
#2218 = DIRECTION('',(0.,0.,1.));
#2219 = DIRECTION('',(1.,0.,0.));
#2220 = PCURVE('',#1937,#2221);
#2221 = DEFINITIONAL_REPRESENTATION('',(#2222),#2226);
#2222 = LINE('',#2223,#2224);
#2223 = CARTESIAN_POINT('',(-0.,0.));
#2224 = VECTOR('',#2225,1.);
#2225 = DIRECTION('',(-1.,0.));
#2226 = ( GEOMETRIC_REPRESENTATION_CONTEXT(2) 
PARAMETRIC_REPRESENTATION_CONTEXT() REPRESENTATION_CONTEXT('2D SPACE',''
  ) );
#2227 = PCURVE('',#2027,#2228);
#2228 = DEFINITIONAL_REPRESENTATION('',(#2229),#2233);
#2229 = CIRCLE('',#2230,3.07);
#2230 = AXIS2_PLACEMENT_2D('',#2231,#2232);
#2231 = CARTESIAN_POINT('',(2.227101193061E-16,1.39671294597E-17));
#2232 = DIRECTION('',(1.,0.));
#2233 = ( GEOMETRIC_REPRESENTATION_CONTEXT(2) 
PARAMETRIC_REPRESENTATION_CONTEXT() REPRESENTATION_CONTEXT('2D SPACE',''
  ) );
#2234 = ORIENTED_EDGE('',*,*,#2235,.T.);
#2235 = EDGE_CURVE('',#2212,#1917,#2236,.T.);
#2236 = SEAM_CURVE('',#2237,(#2241,#2248),.PCURVE_S1.);
#2237 = LINE('',#2238,#2239);
#2238 = CARTESIAN_POINT('',(3.07,0.,11.1));
#2239 = VECTOR('',#2240,1.);
#2240 = DIRECTION('',(0.,0.,1.));
#2241 = PCURVE('',#1937,#2242);
#2242 = DEFINITIONAL_REPRESENTATION('',(#2243),#2247);
#2243 = LINE('',#2244,#2245);
#2244 = CARTESIAN_POINT('',(-6.28318530718,0.));
#2245 = VECTOR('',#2246,1.);
#2246 = DIRECTION('',(-0.,-1.));
#2247 = ( GEOMETRIC_REPRESENTATION_CONTEXT(2) 
PARAMETRIC_REPRESENTATION_CONTEXT() REPRESENTATION_CONTEXT('2D SPACE',''
  ) );
#2248 = PCURVE('',#1937,#2249);
#2249 = DEFINITIONAL_REPRESENTATION('',(#2250),#2254);
#2250 = LINE('',#2251,#2252);
#2251 = CARTESIAN_POINT('',(-0.,0.));
#2252 = VECTOR('',#2253,1.);
#2253 = DIRECTION('',(-0.,-1.));
#2254 = ( GEOMETRIC_REPRESENTATION_CONTEXT(2) 
PARAMETRIC_REPRESENTATION_CONTEXT() REPRESENTATION_CONTEXT('2D SPACE',''
  ) );
#2255 = ORIENTED_EDGE('',*,*,#1916,.F.);
#2256 = ORIENTED_EDGE('',*,*,#2235,.F.);
#2257 = ADVANCED_FACE('',(#2258),#1972,.T.);
#2258 = FACE_BOUND('',#2259,.F.);
#2259 = EDGE_LOOP('',(#2260,#2261,#2284,#2311));
#2260 = ORIENTED_EDGE('',*,*,#1951,.T.);
#2261 = ORIENTED_EDGE('',*,*,#2262,.T.);
#2262 = EDGE_CURVE('',#1952,#2263,#2265,.T.);
#2263 = VERTEX_POINT('',#2264);
#2264 = CARTESIAN_POINT('',(2.930229073212,2.510229073212,15.6));
#2265 = SEAM_CURVE('',#2266,(#2270,#2277),.PCURVE_S1.);
#2266 = LINE('',#2267,#2268);
#2267 = CARTESIAN_POINT('',(2.930229073212,2.510229073212,11.));
#2268 = VECTOR('',#2269,1.);
#2269 = DIRECTION('',(0.,0.,1.));
#2270 = PCURVE('',#1972,#2271);
#2271 = DEFINITIONAL_REPRESENTATION('',(#2272),#2276);
#2272 = LINE('',#2273,#2274);
#2273 = CARTESIAN_POINT('',(-6.28318530718,0.));
#2274 = VECTOR('',#2275,1.);
#2275 = DIRECTION('',(-0.,-1.));
#2276 = ( GEOMETRIC_REPRESENTATION_CONTEXT(2) 
PARAMETRIC_REPRESENTATION_CONTEXT() REPRESENTATION_CONTEXT('2D SPACE',''
  ) );
#2277 = PCURVE('',#1972,#2278);
#2278 = DEFINITIONAL_REPRESENTATION('',(#2279),#2283);
#2279 = LINE('',#2280,#2281);
#2280 = CARTESIAN_POINT('',(-0.,0.));
#2281 = VECTOR('',#2282,1.);
#2282 = DIRECTION('',(-0.,-1.));
#2283 = ( GEOMETRIC_REPRESENTATION_CONTEXT(2) 
PARAMETRIC_REPRESENTATION_CONTEXT() REPRESENTATION_CONTEXT('2D SPACE',''
  ) );
#2284 = ORIENTED_EDGE('',*,*,#2285,.T.);
#2285 = EDGE_CURVE('',#2263,#2263,#2286,.T.);
#2286 = SURFACE_CURVE('',#2287,(#2292,#2299),.PCURVE_S1.);
#2287 = CIRCLE('',#2288,0.42);
#2288 = AXIS2_PLACEMENT_3D('',#2289,#2290,#2291);
#2289 = CARTESIAN_POINT('',(2.510229073212,2.510229073212,15.6));
#2290 = DIRECTION('',(0.,0.,1.));
#2291 = DIRECTION('',(1.,0.,0.));
#2292 = PCURVE('',#1972,#2293);
#2293 = DEFINITIONAL_REPRESENTATION('',(#2294),#2298);
#2294 = LINE('',#2295,#2296);
#2295 = CARTESIAN_POINT('',(-0.,-4.6));
#2296 = VECTOR('',#2297,1.);
#2297 = DIRECTION('',(-1.,0.));
#2298 = ( GEOMETRIC_REPRESENTATION_CONTEXT(2) 
PARAMETRIC_REPRESENTATION_CONTEXT() REPRESENTATION_CONTEXT('2D SPACE',''
  ) );
#2299 = PCURVE('',#2300,#2305);
#2300 = PLANE('',#2301);
#2301 = AXIS2_PLACEMENT_3D('',#2302,#2303,#2304);
#2302 = CARTESIAN_POINT('',(2.510229073212,2.510229073212,15.6));
#2303 = DIRECTION('',(0.,0.,1.));
#2304 = DIRECTION('',(1.,0.,-0.));
#2305 = DEFINITIONAL_REPRESENTATION('',(#2306),#2310);
#2306 = CIRCLE('',#2307,0.42);
#2307 = AXIS2_PLACEMENT_2D('',#2308,#2309);
#2308 = CARTESIAN_POINT('',(0.,0.));
#2309 = DIRECTION('',(1.,0.));
#2310 = ( GEOMETRIC_REPRESENTATION_CONTEXT(2) 
PARAMETRIC_REPRESENTATION_CONTEXT() REPRESENTATION_CONTEXT('2D SPACE',''
  ) );
#2311 = ORIENTED_EDGE('',*,*,#2262,.F.);
#2312 = ADVANCED_FACE('',(#2313,#2316),#2027,.T.);
#2313 = FACE_BOUND('',#2314,.T.);
#2314 = EDGE_LOOP('',(#2315));
#2315 = ORIENTED_EDGE('',*,*,#2211,.T.);
#2316 = FACE_BOUND('',#2317,.T.);
#2317 = EDGE_LOOP('',(#2318));
#2318 = ORIENTED_EDGE('',*,*,#2012,.T.);
#2319 = ADVANCED_FACE('',(#2320),#2085,.T.);
#2320 = FACE_BOUND('',#2321,.T.);
#2321 = EDGE_LOOP('',(#2322));
#2322 = ORIENTED_EDGE('',*,*,#2070,.T.);
#2323 = ADVANCED_FACE('',(#2324),#2140,.T.);
#2324 = FACE_BOUND('',#2325,.T.);
#2325 = EDGE_LOOP('',(#2326));
#2326 = ORIENTED_EDGE('',*,*,#2125,.T.);
#2327 = ADVANCED_FACE('',(#2328),#2195,.T.);
#2328 = FACE_BOUND('',#2329,.T.);
#2329 = EDGE_LOOP('',(#2330));
#2330 = ORIENTED_EDGE('',*,*,#2180,.T.);
#2331 = ADVANCED_FACE('',(#2332),#2300,.T.);
#2332 = FACE_BOUND('',#2333,.T.);
#2333 = EDGE_LOOP('',(#2334));
#2334 = ORIENTED_EDGE('',*,*,#2285,.T.);
#2335 = ( GEOMETRIC_REPRESENTATION_CONTEXT(3) 
GLOBAL_UNCERTAINTY_ASSIGNED_CONTEXT((#2339)) 
GLOBAL_UNIT_ASSIGNED_CONTEXT((#2336,#2337,#2338)) REPRESENTATION_CONTEXT
('Context #1','3D Context with UNIT and UNCERTAINTY') );
#2336 = ( LENGTH_UNIT() NAMED_UNIT(*) SI_UNIT(.MILLI.,.METRE.) );
#2337 = ( NAMED_UNIT(*) PLANE_ANGLE_UNIT() SI_UNIT($,.RADIAN.) );
#2338 = ( NAMED_UNIT(*) SI_UNIT($,.STERADIAN.) SOLID_ANGLE_UNIT() );
#2339 = UNCERTAINTY_MEASURE_WITH_UNIT(LENGTH_MEASURE(2.E-07),#2336,
  'distance_accuracy_value','confusion accuracy');
#2340 = CONTEXT_DEPENDENT_SHAPE_REPRESENTATION(#2341,#2343);
#2341 = ( REPRESENTATION_RELATIONSHIP('','',#36,#10) 
REPRESENTATION_RELATIONSHIP_WITH_TRANSFORMATION(#2342) 
SHAPE_REPRESENTATION_RELATIONSHIP() );
#2342 = ITEM_DEFINED_TRANSFORMATION('','',#11,#15);
#2343 = PRODUCT_DEFINITION_SHAPE('Placement','Placement of an item',
  #2344);
#2344 = NEXT_ASSEMBLY_USAGE_OCCURRENCE('1','','',#5,#31,$);
#2345 = PRODUCT_RELATED_PRODUCT_CATEGORY('part',$,(#33));
#2346 = SHAPE_DEFINITION_REPRESENTATION(#2347,#2353);
#2347 = PRODUCT_DEFINITION_SHAPE('','',#2348);
#2348 = PRODUCT_DEFINITION('design','',#2349,#2352);
#2349 = PRODUCT_DEFINITION_FORMATION('','',#2350);
#2350 = PRODUCT('Open CASCADE STEP translator 7.7 3.2',
  'Open CASCADE STEP translator 7.7 3.2','',(#2351));
#2351 = PRODUCT_CONTEXT('',#2,'mechanical');
#2352 = PRODUCT_DEFINITION_CONTEXT('part definition',#2,'design');
#2353 = ADVANCED_BREP_SHAPE_REPRESENTATION('',(#11,#2354),#2500);
#2354 = MANIFOLD_SOLID_BREP('',#2355);
#2355 = CLOSED_SHELL('',(#2356,#2440,#2444,#2496));
#2356 = ADVANCED_FACE('',(#2357),#2370,.T.);
#2357 = FACE_BOUND('',#2358,.T.);
#2358 = EDGE_LOOP('',(#2359,#2393,#2413,#2439));
#2359 = ORIENTED_EDGE('',*,*,#2360,.T.);
#2360 = EDGE_CURVE('',#2361,#2361,#2363,.T.);
#2361 = VERTEX_POINT('',#2362);
#2362 = CARTESIAN_POINT('',(1.885,0.,11.3));
#2363 = SURFACE_CURVE('',#2364,(#2369,#2381),.PCURVE_S1.);
#2364 = CIRCLE('',#2365,1.885);
#2365 = AXIS2_PLACEMENT_3D('',#2366,#2367,#2368);
#2366 = CARTESIAN_POINT('',(0.,0.,11.3));
#2367 = DIRECTION('',(0.,0.,1.));
#2368 = DIRECTION('',(1.,0.,0.));
#2369 = PCURVE('',#2370,#2375);
#2370 = CONICAL_SURFACE('',#2371,1.885,0.598884190072);
#2371 = AXIS2_PLACEMENT_3D('',#2372,#2373,#2374);
#2372 = CARTESIAN_POINT('',(0.,0.,11.3));
#2373 = DIRECTION('',(0.,0.,1.));
#2374 = DIRECTION('',(1.,0.,0.));
#2375 = DEFINITIONAL_REPRESENTATION('',(#2376),#2380);
#2376 = LINE('',#2377,#2378);
#2377 = CARTESIAN_POINT('',(0.,0.));
#2378 = VECTOR('',#2379,1.);
#2379 = DIRECTION('',(1.,0.));
#2380 = ( GEOMETRIC_REPRESENTATION_CONTEXT(2) 
PARAMETRIC_REPRESENTATION_CONTEXT() REPRESENTATION_CONTEXT('2D SPACE',''
  ) );
#2381 = PCURVE('',#2382,#2387);
#2382 = PLANE('',#2383);
#2383 = AXIS2_PLACEMENT_3D('',#2384,#2385,#2386);
#2384 = CARTESIAN_POINT('',(0.,0.,11.3));
#2385 = DIRECTION('',(0.,0.,1.));
#2386 = DIRECTION('',(1.,0.,0.));
#2387 = DEFINITIONAL_REPRESENTATION('',(#2388),#2392);
#2388 = CIRCLE('',#2389,1.885);
#2389 = AXIS2_PLACEMENT_2D('',#2390,#2391);
#2390 = CARTESIAN_POINT('',(0.,0.));
#2391 = DIRECTION('',(1.,0.));
#2392 = ( GEOMETRIC_REPRESENTATION_CONTEXT(2) 
PARAMETRIC_REPRESENTATION_CONTEXT() REPRESENTATION_CONTEXT('2D SPACE',''
  ) );
#2393 = ORIENTED_EDGE('',*,*,#2394,.T.);
#2394 = EDGE_CURVE('',#2361,#2395,#2397,.T.);
#2395 = VERTEX_POINT('',#2396);
#2396 = CARTESIAN_POINT('',(3.25,0.,13.3));
#2397 = SEAM_CURVE('',#2398,(#2401,#2407),.PCURVE_S1.);
#2398 = B_SPLINE_CURVE_WITH_KNOTS('',1,(#2399,#2400),.UNSPECIFIED.,.F.,
  .F.,(2,2),(0.,1.),.PIECEWISE_BEZIER_KNOTS.);
#2399 = CARTESIAN_POINT('',(1.885,0.,11.3));
#2400 = CARTESIAN_POINT('',(3.25,0.,13.3));
#2401 = PCURVE('',#2370,#2402);
#2402 = DEFINITIONAL_REPRESENTATION('',(#2403),#2406);
#2403 = B_SPLINE_CURVE_WITH_KNOTS('',1,(#2404,#2405),.UNSPECIFIED.,.F.,
  .F.,(2,2),(0.,1.),.PIECEWISE_BEZIER_KNOTS.);
#2404 = CARTESIAN_POINT('',(6.28318530718,0.));
#2405 = CARTESIAN_POINT('',(6.28318530718,2.));
#2406 = ( GEOMETRIC_REPRESENTATION_CONTEXT(2) 
PARAMETRIC_REPRESENTATION_CONTEXT() REPRESENTATION_CONTEXT('2D SPACE',''
  ) );
#2407 = PCURVE('',#2370,#2408);
#2408 = DEFINITIONAL_REPRESENTATION('',(#2409),#2412);
#2409 = B_SPLINE_CURVE_WITH_KNOTS('',1,(#2410,#2411),.UNSPECIFIED.,.F.,
  .F.,(2,2),(0.,1.),.PIECEWISE_BEZIER_KNOTS.);
#2410 = CARTESIAN_POINT('',(0.,0.));
#2411 = CARTESIAN_POINT('',(0.,2.));
#2412 = ( GEOMETRIC_REPRESENTATION_CONTEXT(2) 
PARAMETRIC_REPRESENTATION_CONTEXT() REPRESENTATION_CONTEXT('2D SPACE',''
  ) );
#2413 = ORIENTED_EDGE('',*,*,#2414,.F.);
#2414 = EDGE_CURVE('',#2395,#2395,#2415,.T.);
#2415 = SURFACE_CURVE('',#2416,(#2421,#2428),.PCURVE_S1.);
#2416 = CIRCLE('',#2417,3.25);
#2417 = AXIS2_PLACEMENT_3D('',#2418,#2419,#2420);
#2418 = CARTESIAN_POINT('',(0.,0.,13.3));
#2419 = DIRECTION('',(0.,0.,1.));
#2420 = DIRECTION('',(1.,0.,0.));
#2421 = PCURVE('',#2370,#2422);
#2422 = DEFINITIONAL_REPRESENTATION('',(#2423),#2427);
#2423 = LINE('',#2424,#2425);
#2424 = CARTESIAN_POINT('',(0.,2.));
#2425 = VECTOR('',#2426,1.);
#2426 = DIRECTION('',(1.,0.));
#2427 = ( GEOMETRIC_REPRESENTATION_CONTEXT(2) 
PARAMETRIC_REPRESENTATION_CONTEXT() REPRESENTATION_CONTEXT('2D SPACE',''
  ) );
#2428 = PCURVE('',#2429,#2434);
#2429 = CONICAL_SURFACE('',#2430,3.25,0.825376850521);
#2430 = AXIS2_PLACEMENT_3D('',#2431,#2432,#2433);
#2431 = CARTESIAN_POINT('',(0.,0.,13.3));
#2432 = DIRECTION('',(-0.,-0.,-1.));
#2433 = DIRECTION('',(1.,0.,0.));
#2434 = DEFINITIONAL_REPRESENTATION('',(#2435),#2438);
#2435 = B_SPLINE_CURVE_WITH_KNOTS('',1,(#2436,#2437),.UNSPECIFIED.,.F.,
  .F.,(2,2),(0.,6.28318530718),.PIECEWISE_BEZIER_KNOTS.);
#2436 = CARTESIAN_POINT('',(0.,0.));
#2437 = CARTESIAN_POINT('',(-6.28318530718,0.));
#2438 = ( GEOMETRIC_REPRESENTATION_CONTEXT(2) 
PARAMETRIC_REPRESENTATION_CONTEXT() REPRESENTATION_CONTEXT('2D SPACE',''
  ) );
#2439 = ORIENTED_EDGE('',*,*,#2394,.F.);
#2440 = ADVANCED_FACE('',(#2441),#2382,.F.);
#2441 = FACE_BOUND('',#2442,.F.);
#2442 = EDGE_LOOP('',(#2443));
#2443 = ORIENTED_EDGE('',*,*,#2360,.T.);
#2444 = ADVANCED_FACE('',(#2445),#2429,.T.);
#2445 = FACE_BOUND('',#2446,.T.);
#2446 = EDGE_LOOP('',(#2447,#2448,#2468,#2495));
#2447 = ORIENTED_EDGE('',*,*,#2414,.T.);
#2448 = ORIENTED_EDGE('',*,*,#2449,.T.);
#2449 = EDGE_CURVE('',#2395,#2450,#2452,.T.);
#2450 = VERTEX_POINT('',#2451);
#2451 = CARTESIAN_POINT('',(1.7875,0.,14.65));
#2452 = SEAM_CURVE('',#2453,(#2456,#2462),.PCURVE_S1.);
#2453 = B_SPLINE_CURVE_WITH_KNOTS('',1,(#2454,#2455),.UNSPECIFIED.,.F.,
  .F.,(2,2),(0.,1.),.PIECEWISE_BEZIER_KNOTS.);
#2454 = CARTESIAN_POINT('',(3.25,0.,13.3));
#2455 = CARTESIAN_POINT('',(1.7875,0.,14.65));
#2456 = PCURVE('',#2429,#2457);
#2457 = DEFINITIONAL_REPRESENTATION('',(#2458),#2461);
#2458 = B_SPLINE_CURVE_WITH_KNOTS('',1,(#2459,#2460),.UNSPECIFIED.,.F.,
  .F.,(2,2),(0.,1.),.PIECEWISE_BEZIER_KNOTS.);
#2459 = CARTESIAN_POINT('',(-6.28318530718,0.));
#2460 = CARTESIAN_POINT('',(-6.28318530718,-1.35));
#2461 = ( GEOMETRIC_REPRESENTATION_CONTEXT(2) 
PARAMETRIC_REPRESENTATION_CONTEXT() REPRESENTATION_CONTEXT('2D SPACE',''
  ) );
#2462 = PCURVE('',#2429,#2463);
#2463 = DEFINITIONAL_REPRESENTATION('',(#2464),#2467);
#2464 = B_SPLINE_CURVE_WITH_KNOTS('',1,(#2465,#2466),.UNSPECIFIED.,.F.,
  .F.,(2,2),(0.,1.),.PIECEWISE_BEZIER_KNOTS.);
#2465 = CARTESIAN_POINT('',(0.,0.));
#2466 = CARTESIAN_POINT('',(0.,-1.35));
#2467 = ( GEOMETRIC_REPRESENTATION_CONTEXT(2) 
PARAMETRIC_REPRESENTATION_CONTEXT() REPRESENTATION_CONTEXT('2D SPACE',''
  ) );
#2468 = ORIENTED_EDGE('',*,*,#2469,.F.);
#2469 = EDGE_CURVE('',#2450,#2450,#2470,.T.);
#2470 = SURFACE_CURVE('',#2471,(#2476,#2483),.PCURVE_S1.);
#2471 = CIRCLE('',#2472,1.7875);
#2472 = AXIS2_PLACEMENT_3D('',#2473,#2474,#2475);
#2473 = CARTESIAN_POINT('',(0.,0.,14.65));
#2474 = DIRECTION('',(0.,0.,1.));
#2475 = DIRECTION('',(1.,0.,0.));
#2476 = PCURVE('',#2429,#2477);
#2477 = DEFINITIONAL_REPRESENTATION('',(#2478),#2482);
#2478 = LINE('',#2479,#2480);
#2479 = CARTESIAN_POINT('',(-0.,-1.35));
#2480 = VECTOR('',#2481,1.);
#2481 = DIRECTION('',(-1.,-0.));
#2482 = ( GEOMETRIC_REPRESENTATION_CONTEXT(2) 
PARAMETRIC_REPRESENTATION_CONTEXT() REPRESENTATION_CONTEXT('2D SPACE',''
  ) );
#2483 = PCURVE('',#2484,#2489);
#2484 = PLANE('',#2485);
#2485 = AXIS2_PLACEMENT_3D('',#2486,#2487,#2488);
#2486 = CARTESIAN_POINT('',(0.,0.,14.65));
#2487 = DIRECTION('',(0.,0.,1.));
#2488 = DIRECTION('',(1.,0.,0.));
#2489 = DEFINITIONAL_REPRESENTATION('',(#2490),#2494);
#2490 = CIRCLE('',#2491,1.7875);
#2491 = AXIS2_PLACEMENT_2D('',#2492,#2493);
#2492 = CARTESIAN_POINT('',(0.,0.));
#2493 = DIRECTION('',(1.,0.));
#2494 = ( GEOMETRIC_REPRESENTATION_CONTEXT(2) 
PARAMETRIC_REPRESENTATION_CONTEXT() REPRESENTATION_CONTEXT('2D SPACE',''
  ) );
#2495 = ORIENTED_EDGE('',*,*,#2449,.F.);
#2496 = ADVANCED_FACE('',(#2497),#2484,.T.);
#2497 = FACE_BOUND('',#2498,.T.);
#2498 = EDGE_LOOP('',(#2499));
#2499 = ORIENTED_EDGE('',*,*,#2469,.T.);
#2500 = ( GEOMETRIC_REPRESENTATION_CONTEXT(3) 
GLOBAL_UNCERTAINTY_ASSIGNED_CONTEXT((#2504)) 
GLOBAL_UNIT_ASSIGNED_CONTEXT((#2501,#2502,#2503)) REPRESENTATION_CONTEXT
('Context #1','3D Context with UNIT and UNCERTAINTY') );
#2501 = ( LENGTH_UNIT() NAMED_UNIT(*) SI_UNIT(.MILLI.,.METRE.) );
#2502 = ( NAMED_UNIT(*) PLANE_ANGLE_UNIT() SI_UNIT($,.RADIAN.) );
#2503 = ( NAMED_UNIT(*) SI_UNIT($,.STERADIAN.) SOLID_ANGLE_UNIT() );
#2504 = UNCERTAINTY_MEASURE_WITH_UNIT(LENGTH_MEASURE(1.E-07),#2501,
  'distance_accuracy_value','confusion accuracy');
#2505 = CONTEXT_DEPENDENT_SHAPE_REPRESENTATION(#2506,#2508);
#2506 = ( REPRESENTATION_RELATIONSHIP('','',#2353,#10) 
REPRESENTATION_RELATIONSHIP_WITH_TRANSFORMATION(#2507) 
SHAPE_REPRESENTATION_RELATIONSHIP() );
#2507 = ITEM_DEFINED_TRANSFORMATION('','',#11,#19);
#2508 = PRODUCT_DEFINITION_SHAPE('Placement','Placement of an item',
  #2509);
#2509 = NEXT_ASSEMBLY_USAGE_OCCURRENCE('2','','',#5,#2348,$);
#2510 = PRODUCT_RELATED_PRODUCT_CATEGORY('part',$,(#2350));
ENDSEC;
END-ISO-10303-21;
