ISO-10303-21;
HEADER;
FILE_DESCRIPTION(('Open CASCADE Model'),'2;1');
FILE_NAME('Open CASCADE Shape Model','2026-08-26T18:50:16',('Author'),(
    'Open CASCADE'),'Open CASCADE STEP processor 7.7','Open CASCADE 7.7'
  ,'Unknown');
FILE_SCHEMA(('AUTOMOTIVE_DESIGN { 1 0 10303 214 1 1 1 1 }'));
ENDSEC;
DATA;
#1 = APPLICATION_PROTOCOL_DEFINITION('international standard',
  'automotive_design',2000,#2);
#2 = APPLICATION_CONTEXT(
  'core data for automotive mechanical design processes');
#3 = SHAPE_DEFINITION_REPRESENTATION(#4,#10);
#4 = PRODUCT_DEFINITION_SHAPE('','',#5);
#5 = PRODUCT_DEFINITION('design','',#6,#9);
#6 = PRODUCT_DEFINITION_FORMATION('','',#7);
#7 = PRODUCT('Open CASCADE STEP translator 7.7 2',
  'Open CASCADE STEP translator 7.7 2','',(#8));
#8 = PRODUCT_CONTEXT('',#2,'mechanical');
#9 = PRODUCT_DEFINITION_CONTEXT('part definition',#2,'design');
#10 = ADVANCED_BREP_SHAPE_REPRESENTATION('',(#11,#15),#4097);
#11 = AXIS2_PLACEMENT_3D('',#12,#13,#14);
#12 = CARTESIAN_POINT('',(0.,0.,0.));
#13 = DIRECTION('',(0.,0.,1.));
#14 = DIRECTION('',(1.,0.,-0.));
#15 = MANIFOLD_SOLID_BREP('',#16);
#16 = CLOSED_SHELL('',(#17,#133,#962,#1014,#1092,#1139,#1191,#1243,#1295
    ,#1347,#1399,#1451,#1503,#1555,#1607,#1659,#1711,#1763,#1815,#1867,
    #1919,#1971,#2023,#2075,#2127,#2179,#2231,#2283,#2335,#2387,#2439,
    #2491,#2543,#2595,#2626,#2673,#3336,#3362,#3388,#3414,#3440,#3466,
    #3492,#3518,#3544,#3570,#3596,#3622,#3648,#3674,#3700,#3726,#3752,
    #3778,#3804,#3830,#3856,#3882,#3908,#3934,#3960,#3986,#4012,#4038,
    #4064,#4090));
#17 = ADVANCED_FACE('',(#18),#32,.T.);
#18 = FACE_BOUND('',#19,.T.);
#19 = EDGE_LOOP('',(#20,#54,#81,#108));
#20 = ORIENTED_EDGE('',*,*,#21,.T.);
#21 = EDGE_CURVE('',#22,#24,#26,.T.);
#22 = VERTEX_POINT('',#23);
#23 = CARTESIAN_POINT('',(0.487785,0.,11.02551));
#24 = VERTEX_POINT('',#25);
#25 = CARTESIAN_POINT('',(0.478412348001,9.516213272464E-02,11.02551));
#26 = SURFACE_CURVE('',#27,(#31,#42),.PCURVE_S1.);
#27 = LINE('',#28,#29);
#28 = CARTESIAN_POINT('',(0.487785,0.,11.02551));
#29 = VECTOR('',#30,1.);
#30 = DIRECTION('',(-9.801714032956E-02,0.995184726672,0.));
#31 = PCURVE('',#32,#37);
#32 = B_SPLINE_SURFACE_WITH_KNOTS('',1,1,(
    (#33,#34)
    ,(#35,#36
    )),.UNSPECIFIED.,.F.,.F.,.F.,(2,2),(2,2),(0.,0.637483877275),(0.,1.)
  ,.PIECEWISE_BEZIER_KNOTS.);
#33 = CARTESIAN_POINT('',(0.487785,0.,11.02551));
#34 = CARTESIAN_POINT('',(3.2519,0.,13.1012));
#35 = CARTESIAN_POINT('',(0.478412348001,9.516213272464E-02,11.02551));
#36 = CARTESIAN_POINT('',(3.189415653343,0.634414218164,13.1012));
#37 = DEFINITIONAL_REPRESENTATION('',(#38),#41);
#38 = B_SPLINE_CURVE_WITH_KNOTS('',1,(#39,#40),.UNSPECIFIED.,.F.,.F.,(2,
    2),(0.,9.562258159131E-02),.PIECEWISE_BEZIER_KNOTS.);
#39 = CARTESIAN_POINT('',(0.,0.));
#40 = CARTESIAN_POINT('',(0.637483877275,0.));
#41 = ( GEOMETRIC_REPRESENTATION_CONTEXT(2) 
PARAMETRIC_REPRESENTATION_CONTEXT() REPRESENTATION_CONTEXT('2D SPACE',''
  ) );
#42 = PCURVE('',#43,#48);
#43 = PLANE('',#44);
#44 = AXIS2_PLACEMENT_3D('',#45,#46,#47);
#45 = CARTESIAN_POINT('',(0.487785,0.,11.02551));
#46 = DIRECTION('',(0.,0.,-1.));
#47 = DIRECTION('',(-1.,4.267593655344E-17,0.));
#48 = DEFINITIONAL_REPRESENTATION('',(#49),#53);
#49 = LINE('',#50,#51);
#50 = CARTESIAN_POINT('',(0.,0.));
#51 = VECTOR('',#52,1.);
#52 = DIRECTION('',(9.801714032956E-02,0.995184726672));
#53 = ( GEOMETRIC_REPRESENTATION_CONTEXT(2) 
PARAMETRIC_REPRESENTATION_CONTEXT() REPRESENTATION_CONTEXT('2D SPACE',''
  ) );
#54 = ORIENTED_EDGE('',*,*,#55,.T.);
#55 = EDGE_CURVE('',#24,#56,#58,.T.);
#56 = VERTEX_POINT('',#57);
#57 = CARTESIAN_POINT('',(3.189415653343,0.634414218164,13.1012));
#58 = SURFACE_CURVE('',#59,(#62,#69),.PCURVE_S1.);
#59 = B_SPLINE_CURVE_WITH_KNOTS('',1,(#60,#61),.UNSPECIFIED.,.F.,.F.,(2,
    2),(0.,1.),.PIECEWISE_BEZIER_KNOTS.);
#60 = CARTESIAN_POINT('',(0.478412348001,9.516213272464E-02,11.02551));
#61 = CARTESIAN_POINT('',(3.189415653343,0.634414218164,13.1012));
#62 = PCURVE('',#32,#63);
#63 = DEFINITIONAL_REPRESENTATION('',(#64),#68);
#64 = LINE('',#65,#66);
#65 = CARTESIAN_POINT('',(0.637483877275,0.));
#66 = VECTOR('',#67,1.);
#67 = DIRECTION('',(0.,1.));
#68 = ( GEOMETRIC_REPRESENTATION_CONTEXT(2) 
PARAMETRIC_REPRESENTATION_CONTEXT() REPRESENTATION_CONTEXT('2D SPACE',''
  ) );
#69 = PCURVE('',#70,#75);
#70 = B_SPLINE_SURFACE_WITH_KNOTS('',1,1,(
    (#71,#72)
    ,(#73,#74
    )),.UNSPECIFIED.,.F.,.F.,.F.,(2,2),(2,2),(0.,0.637483877275),(0.,1.)
  ,.PIECEWISE_BEZIER_KNOTS.);
#71 = CARTESIAN_POINT('',(0.478412348001,9.516213272464E-02,11.02551));
#72 = CARTESIAN_POINT('',(3.189415653343,0.634414218164,13.1012));
#73 = CARTESIAN_POINT('',(0.450654577766,0.186667238056,11.02551));
#74 = CARTESIAN_POINT('',(3.004363851773,1.244448253708,13.1012));
#75 = DEFINITIONAL_REPRESENTATION('',(#76),#80);
#76 = LINE('',#77,#78);
#77 = CARTESIAN_POINT('',(0.,0.));
#78 = VECTOR('',#79,1.);
#79 = DIRECTION('',(0.,1.));
#80 = ( GEOMETRIC_REPRESENTATION_CONTEXT(2) 
PARAMETRIC_REPRESENTATION_CONTEXT() REPRESENTATION_CONTEXT('2D SPACE',''
  ) );
#81 = ORIENTED_EDGE('',*,*,#82,.F.);
#82 = EDGE_CURVE('',#83,#56,#85,.T.);
#83 = VERTEX_POINT('',#84);
#84 = CARTESIAN_POINT('',(3.2519,0.,13.1012));
#85 = SURFACE_CURVE('',#86,(#90,#97),.PCURVE_S1.);
#86 = LINE('',#87,#88);
#87 = CARTESIAN_POINT('',(3.2519,0.,13.1012));
#88 = VECTOR('',#89,1.);
#89 = DIRECTION('',(-9.801714032956E-02,0.995184726672,0.));
#90 = PCURVE('',#32,#91);
#91 = DEFINITIONAL_REPRESENTATION('',(#92),#96);
#92 = LINE('',#93,#94);
#93 = CARTESIAN_POINT('',(0.,1.));
#94 = VECTOR('',#95,1.);
#95 = DIRECTION('',(1.,0.));
#96 = ( GEOMETRIC_REPRESENTATION_CONTEXT(2) 
PARAMETRIC_REPRESENTATION_CONTEXT() REPRESENTATION_CONTEXT('2D SPACE',''
  ) );
#97 = PCURVE('',#98,#103);
#98 = B_SPLINE_SURFACE_WITH_KNOTS('',1,1,(
    (#99,#100)
    ,(#101,#102
    )),.UNSPECIFIED.,.F.,.F.,.F.,(2,2),(2,2),(0.,0.637483877275),(0.,1.)
  ,.PIECEWISE_BEZIER_KNOTS.);
#99 = CARTESIAN_POINT('',(3.2519,0.,13.1012));
#100 = CARTESIAN_POINT('',(1.756026,0.,14.4412));
#101 = CARTESIAN_POINT('',(3.189415653343,0.634414218164,13.1012));
#102 = CARTESIAN_POINT('',(1.722284452805,0.342583677809,14.4412));
#103 = DEFINITIONAL_REPRESENTATION('',(#104),#107);
#104 = B_SPLINE_CURVE_WITH_KNOTS('',1,(#105,#106),.UNSPECIFIED.,.F.,.F.,
  (2,2),(0.,0.637483877275),.PIECEWISE_BEZIER_KNOTS.);
#105 = CARTESIAN_POINT('',(0.,0.));
#106 = CARTESIAN_POINT('',(0.637483877275,0.));
#107 = ( GEOMETRIC_REPRESENTATION_CONTEXT(2) 
PARAMETRIC_REPRESENTATION_CONTEXT() REPRESENTATION_CONTEXT('2D SPACE',''
  ) );
#108 = ORIENTED_EDGE('',*,*,#109,.F.);
#109 = EDGE_CURVE('',#22,#83,#110,.T.);
#110 = SURFACE_CURVE('',#111,(#114,#121),.PCURVE_S1.);
#111 = B_SPLINE_CURVE_WITH_KNOTS('',1,(#112,#113),.UNSPECIFIED.,.F.,.F.,
  (2,2),(0.,1.),.PIECEWISE_BEZIER_KNOTS.);
#112 = CARTESIAN_POINT('',(0.487785,0.,11.02551));
#113 = CARTESIAN_POINT('',(3.2519,0.,13.1012));
#114 = PCURVE('',#32,#115);
#115 = DEFINITIONAL_REPRESENTATION('',(#116),#120);
#116 = LINE('',#117,#118);
#117 = CARTESIAN_POINT('',(0.,0.));
#118 = VECTOR('',#119,1.);
#119 = DIRECTION('',(0.,1.));
#120 = ( GEOMETRIC_REPRESENTATION_CONTEXT(2) 
PARAMETRIC_REPRESENTATION_CONTEXT() REPRESENTATION_CONTEXT('2D SPACE',''
  ) );
#121 = PCURVE('',#122,#127);
#122 = B_SPLINE_SURFACE_WITH_KNOTS('',1,1,(
    (#123,#124)
    ,(#125,#126
    )),.UNSPECIFIED.,.F.,.F.,.F.,(2,2),(2,2),(0.,0.637483877275),(0.,1.)
  ,.PIECEWISE_BEZIER_KNOTS.);
#123 = CARTESIAN_POINT('',(0.478412348001,-9.516213272464E-02,11.02551)
  );
#124 = CARTESIAN_POINT('',(3.189415653343,-0.634414218164,13.1012));
#125 = CARTESIAN_POINT('',(0.487785,0.,11.02551));
#126 = CARTESIAN_POINT('',(3.2519,0.,13.1012));
#127 = DEFINITIONAL_REPRESENTATION('',(#128),#132);
#128 = LINE('',#129,#130);
#129 = CARTESIAN_POINT('',(0.637483877275,0.));
#130 = VECTOR('',#131,1.);
#131 = DIRECTION('',(0.,1.));
#132 = ( GEOMETRIC_REPRESENTATION_CONTEXT(2) 
PARAMETRIC_REPRESENTATION_CONTEXT() REPRESENTATION_CONTEXT('2D SPACE',''
  ) );
#133 = ADVANCED_FACE('',(#134),#43,.T.);
#134 = FACE_BOUND('',#135,.F.);
#135 = EDGE_LOOP('',(#136,#137,#159,#186,#213,#240,#267,#294,#321,#348,
    #375,#402,#429,#456,#483,#510,#537,#564,#591,#618,#645,#672,#699,
    #726,#753,#780,#807,#834,#861,#888,#915,#942));
#136 = ORIENTED_EDGE('',*,*,#21,.T.);
#137 = ORIENTED_EDGE('',*,*,#138,.T.);
#138 = EDGE_CURVE('',#24,#139,#141,.T.);
#139 = VERTEX_POINT('',#140);
#140 = CARTESIAN_POINT('',(0.450654577766,0.186667238056,11.02551));
#141 = SURFACE_CURVE('',#142,(#146,#153),.PCURVE_S1.);
#142 = LINE('',#143,#144);
#143 = CARTESIAN_POINT('',(0.478412348001,9.516213272464E-02,11.02551));
#144 = VECTOR('',#145,1.);
#145 = DIRECTION('',(-0.290284677254,0.956940335732,0.));
#146 = PCURVE('',#43,#147);
#147 = DEFINITIONAL_REPRESENTATION('',(#148),#152);
#148 = LINE('',#149,#150);
#149 = CARTESIAN_POINT('',(9.37265199851E-03,9.516213272464E-02));
#150 = VECTOR('',#151,1.);
#151 = DIRECTION('',(0.290284677254,0.956940335732));
#152 = ( GEOMETRIC_REPRESENTATION_CONTEXT(2) 
PARAMETRIC_REPRESENTATION_CONTEXT() REPRESENTATION_CONTEXT('2D SPACE',''
  ) );
#153 = PCURVE('',#70,#154);
#154 = DEFINITIONAL_REPRESENTATION('',(#155),#158);
#155 = B_SPLINE_CURVE_WITH_KNOTS('',1,(#156,#157),.UNSPECIFIED.,.F.,.F.,
  (2,2),(0.,9.562258159131E-02),.PIECEWISE_BEZIER_KNOTS.);
#156 = CARTESIAN_POINT('',(0.,0.));
#157 = CARTESIAN_POINT('',(0.637483877275,0.));
#158 = ( GEOMETRIC_REPRESENTATION_CONTEXT(2) 
PARAMETRIC_REPRESENTATION_CONTEXT() REPRESENTATION_CONTEXT('2D SPACE',''
  ) );
#159 = ORIENTED_EDGE('',*,*,#160,.T.);
#160 = EDGE_CURVE('',#139,#161,#163,.T.);
#161 = VERTEX_POINT('',#162);
#162 = CARTESIAN_POINT('',(0.405578404837,0.270998826113,11.02551));
#163 = SURFACE_CURVE('',#164,(#168,#175),.PCURVE_S1.);
#164 = LINE('',#165,#166);
#165 = CARTESIAN_POINT('',(0.450654577766,0.186667238056,11.02551));
#166 = VECTOR('',#167,1.);
#167 = DIRECTION('',(-0.471396736826,0.881921264348,0.));
#168 = PCURVE('',#43,#169);
#169 = DEFINITIONAL_REPRESENTATION('',(#170),#174);
#170 = LINE('',#171,#172);
#171 = CARTESIAN_POINT('',(3.713042223398E-02,0.186667238056));
#172 = VECTOR('',#173,1.);
#173 = DIRECTION('',(0.471396736826,0.881921264348));
#174 = ( GEOMETRIC_REPRESENTATION_CONTEXT(2) 
PARAMETRIC_REPRESENTATION_CONTEXT() REPRESENTATION_CONTEXT('2D SPACE',''
  ) );
#175 = PCURVE('',#176,#181);
#176 = B_SPLINE_SURFACE_WITH_KNOTS('',1,1,(
    (#177,#178)
    ,(#179,#180
    )),.UNSPECIFIED.,.F.,.F.,.F.,(2,2),(2,2),(0.,0.637483877275),(0.,1.)
  ,.PIECEWISE_BEZIER_KNOTS.);
#177 = CARTESIAN_POINT('',(0.450654577766,0.186667238056,11.02551));
#178 = CARTESIAN_POINT('',(3.004363851773,1.244448253708,13.1012));
#179 = CARTESIAN_POINT('',(0.405578404837,0.270998826113,11.02551));
#180 = CARTESIAN_POINT('',(2.703856032247,1.806658840756,13.1012));
#181 = DEFINITIONAL_REPRESENTATION('',(#182),#185);
#182 = B_SPLINE_CURVE_WITH_KNOTS('',1,(#183,#184),.UNSPECIFIED.,.F.,.F.,
  (2,2),(0.,9.562258159131E-02),.PIECEWISE_BEZIER_KNOTS.);
#183 = CARTESIAN_POINT('',(0.,0.));
#184 = CARTESIAN_POINT('',(0.637483877275,0.));
#185 = ( GEOMETRIC_REPRESENTATION_CONTEXT(2) 
PARAMETRIC_REPRESENTATION_CONTEXT() REPRESENTATION_CONTEXT('2D SPACE',''
  ) );
#186 = ORIENTED_EDGE('',*,*,#187,.T.);
#187 = EDGE_CURVE('',#161,#188,#190,.T.);
#188 = VERTEX_POINT('',#189);
#189 = CARTESIAN_POINT('',(0.344916081261,0.344916081261,11.02551));
#190 = SURFACE_CURVE('',#191,(#195,#202),.PCURVE_S1.);
#191 = LINE('',#192,#193);
#192 = CARTESIAN_POINT('',(0.405578404837,0.270998826113,11.02551));
#193 = VECTOR('',#194,1.);
#194 = DIRECTION('',(-0.634393284164,0.773010453363,0.));
#195 = PCURVE('',#43,#196);
#196 = DEFINITIONAL_REPRESENTATION('',(#197),#201);
#197 = LINE('',#198,#199);
#198 = CARTESIAN_POINT('',(8.2206595163E-02,0.270998826113));
#199 = VECTOR('',#200,1.);
#200 = DIRECTION('',(0.634393284164,0.773010453363));
#201 = ( GEOMETRIC_REPRESENTATION_CONTEXT(2) 
PARAMETRIC_REPRESENTATION_CONTEXT() REPRESENTATION_CONTEXT('2D SPACE',''
  ) );
#202 = PCURVE('',#203,#208);
#203 = B_SPLINE_SURFACE_WITH_KNOTS('',1,1,(
    (#204,#205)
    ,(#206,#207
    )),.UNSPECIFIED.,.F.,.F.,.F.,(2,2),(2,2),(0.,0.637483877275),(0.,1.)
  ,.PIECEWISE_BEZIER_KNOTS.);
#204 = CARTESIAN_POINT('',(0.405578404837,0.270998826113,11.02551));
#205 = CARTESIAN_POINT('',(2.703856032247,1.806658840756,13.1012));
#206 = CARTESIAN_POINT('',(0.344916081261,0.344916081261,11.02551));
#207 = CARTESIAN_POINT('',(2.299440541741,2.299440541741,13.1012));
#208 = DEFINITIONAL_REPRESENTATION('',(#209),#212);
#209 = B_SPLINE_CURVE_WITH_KNOTS('',1,(#210,#211),.UNSPECIFIED.,.F.,.F.,
  (2,2),(0.,9.562258159131E-02),.PIECEWISE_BEZIER_KNOTS.);
#210 = CARTESIAN_POINT('',(0.,0.));
#211 = CARTESIAN_POINT('',(0.637483877275,0.));
#212 = ( GEOMETRIC_REPRESENTATION_CONTEXT(2) 
PARAMETRIC_REPRESENTATION_CONTEXT() REPRESENTATION_CONTEXT('2D SPACE',''
  ) );
#213 = ORIENTED_EDGE('',*,*,#214,.T.);
#214 = EDGE_CURVE('',#188,#215,#217,.T.);
#215 = VERTEX_POINT('',#216);
#216 = CARTESIAN_POINT('',(0.270998826113,0.405578404837,11.02551));
#217 = SURFACE_CURVE('',#218,(#222,#229),.PCURVE_S1.);
#218 = LINE('',#219,#220);
#219 = CARTESIAN_POINT('',(0.344916081261,0.344916081261,11.02551));
#220 = VECTOR('',#221,1.);
#221 = DIRECTION('',(-0.773010453363,0.634393284164,0.));
#222 = PCURVE('',#43,#223);
#223 = DEFINITIONAL_REPRESENTATION('',(#224),#228);
#224 = LINE('',#225,#226);
#225 = CARTESIAN_POINT('',(0.142868918739,0.344916081261));
#226 = VECTOR('',#227,1.);
#227 = DIRECTION('',(0.773010453363,0.634393284164));
#228 = ( GEOMETRIC_REPRESENTATION_CONTEXT(2) 
PARAMETRIC_REPRESENTATION_CONTEXT() REPRESENTATION_CONTEXT('2D SPACE',''
  ) );
#229 = PCURVE('',#230,#235);
#230 = B_SPLINE_SURFACE_WITH_KNOTS('',1,1,(
    (#231,#232)
    ,(#233,#234
    )),.UNSPECIFIED.,.F.,.F.,.F.,(2,2),(2,2),(0.,0.637483877275),(0.,1.)
  ,.PIECEWISE_BEZIER_KNOTS.);
#231 = CARTESIAN_POINT('',(0.344916081261,0.344916081261,11.02551));
#232 = CARTESIAN_POINT('',(2.299440541741,2.299440541741,13.1012));
#233 = CARTESIAN_POINT('',(0.270998826113,0.405578404837,11.02551));
#234 = CARTESIAN_POINT('',(1.806658840756,2.703856032247,13.1012));
#235 = DEFINITIONAL_REPRESENTATION('',(#236),#239);
#236 = B_SPLINE_CURVE_WITH_KNOTS('',1,(#237,#238),.UNSPECIFIED.,.F.,.F.,
  (2,2),(0.,9.562258159131E-02),.PIECEWISE_BEZIER_KNOTS.);
#237 = CARTESIAN_POINT('',(0.,0.));
#238 = CARTESIAN_POINT('',(0.637483877275,0.));
#239 = ( GEOMETRIC_REPRESENTATION_CONTEXT(2) 
PARAMETRIC_REPRESENTATION_CONTEXT() REPRESENTATION_CONTEXT('2D SPACE',''
  ) );
#240 = ORIENTED_EDGE('',*,*,#241,.T.);
#241 = EDGE_CURVE('',#215,#242,#244,.T.);
#242 = VERTEX_POINT('',#243);
#243 = CARTESIAN_POINT('',(0.186667238056,0.450654577766,11.02551));
#244 = SURFACE_CURVE('',#245,(#249,#256),.PCURVE_S1.);
#245 = LINE('',#246,#247);
#246 = CARTESIAN_POINT('',(0.270998826113,0.405578404837,11.02551));
#247 = VECTOR('',#248,1.);
#248 = DIRECTION('',(-0.881921264348,0.471396736826,0.));
#249 = PCURVE('',#43,#250);
#250 = DEFINITIONAL_REPRESENTATION('',(#251),#255);
#251 = LINE('',#252,#253);
#252 = CARTESIAN_POINT('',(0.216786173887,0.405578404837));
#253 = VECTOR('',#254,1.);
#254 = DIRECTION('',(0.881921264348,0.471396736826));
#255 = ( GEOMETRIC_REPRESENTATION_CONTEXT(2) 
PARAMETRIC_REPRESENTATION_CONTEXT() REPRESENTATION_CONTEXT('2D SPACE',''
  ) );
#256 = PCURVE('',#257,#262);
#257 = B_SPLINE_SURFACE_WITH_KNOTS('',1,1,(
    (#258,#259)
    ,(#260,#261
    )),.UNSPECIFIED.,.F.,.F.,.F.,(2,2),(2,2),(0.,0.637483877275),(0.,1.)
  ,.PIECEWISE_BEZIER_KNOTS.);
#258 = CARTESIAN_POINT('',(0.270998826113,0.405578404837,11.02551));
#259 = CARTESIAN_POINT('',(1.806658840756,2.703856032247,13.1012));
#260 = CARTESIAN_POINT('',(0.186667238056,0.450654577766,11.02551));
#261 = CARTESIAN_POINT('',(1.244448253708,3.004363851773,13.1012));
#262 = DEFINITIONAL_REPRESENTATION('',(#263),#266);
#263 = B_SPLINE_CURVE_WITH_KNOTS('',1,(#264,#265),.UNSPECIFIED.,.F.,.F.,
  (2,2),(0.,9.562258159131E-02),.PIECEWISE_BEZIER_KNOTS.);
#264 = CARTESIAN_POINT('',(0.,0.));
#265 = CARTESIAN_POINT('',(0.637483877275,0.));
#266 = ( GEOMETRIC_REPRESENTATION_CONTEXT(2) 
PARAMETRIC_REPRESENTATION_CONTEXT() REPRESENTATION_CONTEXT('2D SPACE',''
  ) );
#267 = ORIENTED_EDGE('',*,*,#268,.T.);
#268 = EDGE_CURVE('',#242,#269,#271,.T.);
#269 = VERTEX_POINT('',#270);
#270 = CARTESIAN_POINT('',(9.516213272464E-02,0.478412348001,11.02551));
#271 = SURFACE_CURVE('',#272,(#276,#283),.PCURVE_S1.);
#272 = LINE('',#273,#274);
#273 = CARTESIAN_POINT('',(0.186667238056,0.450654577766,11.02551));
#274 = VECTOR('',#275,1.);
#275 = DIRECTION('',(-0.956940335732,0.290284677254,0.));
#276 = PCURVE('',#43,#277);
#277 = DEFINITIONAL_REPRESENTATION('',(#278),#282);
#278 = LINE('',#279,#280);
#279 = CARTESIAN_POINT('',(0.301117761944,0.450654577766));
#280 = VECTOR('',#281,1.);
#281 = DIRECTION('',(0.956940335732,0.290284677254));
#282 = ( GEOMETRIC_REPRESENTATION_CONTEXT(2) 
PARAMETRIC_REPRESENTATION_CONTEXT() REPRESENTATION_CONTEXT('2D SPACE',''
  ) );
#283 = PCURVE('',#284,#289);
#284 = B_SPLINE_SURFACE_WITH_KNOTS('',1,1,(
    (#285,#286)
    ,(#287,#288
    )),.UNSPECIFIED.,.F.,.F.,.F.,(2,2),(2,2),(0.,0.637483877275),(0.,1.)
  ,.PIECEWISE_BEZIER_KNOTS.);
#285 = CARTESIAN_POINT('',(0.186667238056,0.450654577766,11.02551));
#286 = CARTESIAN_POINT('',(1.244448253708,3.004363851773,13.1012));
#287 = CARTESIAN_POINT('',(9.516213272464E-02,0.478412348001,11.02551));
#288 = CARTESIAN_POINT('',(0.634414218164,3.189415653343,13.1012));
#289 = DEFINITIONAL_REPRESENTATION('',(#290),#293);
#290 = B_SPLINE_CURVE_WITH_KNOTS('',1,(#291,#292),.UNSPECIFIED.,.F.,.F.,
  (2,2),(0.,9.562258159131E-02),.PIECEWISE_BEZIER_KNOTS.);
#291 = CARTESIAN_POINT('',(0.,0.));
#292 = CARTESIAN_POINT('',(0.637483877275,0.));
#293 = ( GEOMETRIC_REPRESENTATION_CONTEXT(2) 
PARAMETRIC_REPRESENTATION_CONTEXT() REPRESENTATION_CONTEXT('2D SPACE',''
  ) );
#294 = ORIENTED_EDGE('',*,*,#295,.T.);
#295 = EDGE_CURVE('',#269,#296,#298,.T.);
#296 = VERTEX_POINT('',#297);
#297 = CARTESIAN_POINT('',(2.98682169461E-17,0.487785,11.02551));
#298 = SURFACE_CURVE('',#299,(#303,#310),.PCURVE_S1.);
#299 = LINE('',#300,#301);
#300 = CARTESIAN_POINT('',(9.516213272464E-02,0.478412348001,11.02551));
#301 = VECTOR('',#302,1.);
#302 = DIRECTION('',(-0.995184726672,9.801714032956E-02,0.));
#303 = PCURVE('',#43,#304);
#304 = DEFINITIONAL_REPRESENTATION('',(#305),#309);
#305 = LINE('',#306,#307);
#306 = CARTESIAN_POINT('',(0.392622867275,0.478412348001));
#307 = VECTOR('',#308,1.);
#308 = DIRECTION('',(0.995184726672,9.801714032956E-02));
#309 = ( GEOMETRIC_REPRESENTATION_CONTEXT(2) 
PARAMETRIC_REPRESENTATION_CONTEXT() REPRESENTATION_CONTEXT('2D SPACE',''
  ) );
#310 = PCURVE('',#311,#316);
#311 = B_SPLINE_SURFACE_WITH_KNOTS('',1,1,(
    (#312,#313)
    ,(#314,#315
    )),.UNSPECIFIED.,.F.,.F.,.F.,(2,2),(2,2),(0.,0.637483877275),(0.,1.)
  ,.PIECEWISE_BEZIER_KNOTS.);
#312 = CARTESIAN_POINT('',(9.516213272464E-02,0.478412348001,11.02551));
#313 = CARTESIAN_POINT('',(0.634414218164,3.189415653343,13.1012));
#314 = CARTESIAN_POINT('',(2.775557561563E-17,0.487785,11.02551));
#315 = CARTESIAN_POINT('',(1.110223024625E-16,3.2519,13.1012));
#316 = DEFINITIONAL_REPRESENTATION('',(#317),#320);
#317 = B_SPLINE_CURVE_WITH_KNOTS('',1,(#318,#319),.UNSPECIFIED.,.F.,.F.,
  (2,2),(0.,9.562258159131E-02),.PIECEWISE_BEZIER_KNOTS.);
#318 = CARTESIAN_POINT('',(0.,0.));
#319 = CARTESIAN_POINT('',(0.637483877275,0.));
#320 = ( GEOMETRIC_REPRESENTATION_CONTEXT(2) 
PARAMETRIC_REPRESENTATION_CONTEXT() REPRESENTATION_CONTEXT('2D SPACE',''
  ) );
#321 = ORIENTED_EDGE('',*,*,#322,.T.);
#322 = EDGE_CURVE('',#296,#323,#325,.T.);
#323 = VERTEX_POINT('',#324);
#324 = CARTESIAN_POINT('',(-9.516213272464E-02,0.478412348001,11.02551)
  );
#325 = SURFACE_CURVE('',#326,(#330,#337),.PCURVE_S1.);
#326 = LINE('',#327,#328);
#327 = CARTESIAN_POINT('',(2.98682169461E-17,0.487785,11.02551));
#328 = VECTOR('',#329,1.);
#329 = DIRECTION('',(-0.995184726672,-9.801714032956E-02,0.));
#330 = PCURVE('',#43,#331);
#331 = DEFINITIONAL_REPRESENTATION('',(#332),#336);
#332 = LINE('',#333,#334);
#333 = CARTESIAN_POINT('',(0.487785,0.487785));
#334 = VECTOR('',#335,1.);
#335 = DIRECTION('',(0.995184726672,-9.801714032956E-02));
#336 = ( GEOMETRIC_REPRESENTATION_CONTEXT(2) 
PARAMETRIC_REPRESENTATION_CONTEXT() REPRESENTATION_CONTEXT('2D SPACE',''
  ) );
#337 = PCURVE('',#338,#343);
#338 = B_SPLINE_SURFACE_WITH_KNOTS('',1,1,(
    (#339,#340)
    ,(#341,#342
    )),.UNSPECIFIED.,.F.,.F.,.F.,(2,2),(2,2),(0.,0.637483877275),(0.,1.)
  ,.PIECEWISE_BEZIER_KNOTS.);
#339 = CARTESIAN_POINT('',(2.98682169461E-17,0.487785,11.02551));
#340 = CARTESIAN_POINT('',(1.991214463074E-16,3.2519,13.1012));
#341 = CARTESIAN_POINT('',(-9.516213272464E-02,0.478412348001,11.02551)
  );
#342 = CARTESIAN_POINT('',(-0.634414218164,3.189415653343,13.1012));
#343 = DEFINITIONAL_REPRESENTATION('',(#344),#347);
#344 = B_SPLINE_CURVE_WITH_KNOTS('',1,(#345,#346),.UNSPECIFIED.,.F.,.F.,
  (2,2),(0.,9.562258159131E-02),.PIECEWISE_BEZIER_KNOTS.);
#345 = CARTESIAN_POINT('',(0.,0.));
#346 = CARTESIAN_POINT('',(0.637483877275,0.));
#347 = ( GEOMETRIC_REPRESENTATION_CONTEXT(2) 
PARAMETRIC_REPRESENTATION_CONTEXT() REPRESENTATION_CONTEXT('2D SPACE',''
  ) );
#348 = ORIENTED_EDGE('',*,*,#349,.T.);
#349 = EDGE_CURVE('',#323,#350,#352,.T.);
#350 = VERTEX_POINT('',#351);
#351 = CARTESIAN_POINT('',(-0.186667238056,0.450654577766,11.02551));
#352 = SURFACE_CURVE('',#353,(#357,#364),.PCURVE_S1.);
#353 = LINE('',#354,#355);
#354 = CARTESIAN_POINT('',(-9.516213272464E-02,0.478412348001,11.02551)
  );
#355 = VECTOR('',#356,1.);
#356 = DIRECTION('',(-0.956940335732,-0.290284677254,0.));
#357 = PCURVE('',#43,#358);
#358 = DEFINITIONAL_REPRESENTATION('',(#359),#363);
#359 = LINE('',#360,#361);
#360 = CARTESIAN_POINT('',(0.582947132725,0.478412348001));
#361 = VECTOR('',#362,1.);
#362 = DIRECTION('',(0.956940335732,-0.290284677254));
#363 = ( GEOMETRIC_REPRESENTATION_CONTEXT(2) 
PARAMETRIC_REPRESENTATION_CONTEXT() REPRESENTATION_CONTEXT('2D SPACE',''
  ) );
#364 = PCURVE('',#365,#370);
#365 = B_SPLINE_SURFACE_WITH_KNOTS('',1,1,(
    (#366,#367)
    ,(#368,#369
    )),.UNSPECIFIED.,.F.,.F.,.F.,(2,2),(2,2),(0.,0.637483877275),(0.,1.)
  ,.PIECEWISE_BEZIER_KNOTS.);
#366 = CARTESIAN_POINT('',(-9.516213272464E-02,0.478412348001,11.02551)
  );
#367 = CARTESIAN_POINT('',(-0.634414218164,3.189415653343,13.1012));
#368 = CARTESIAN_POINT('',(-0.186667238056,0.450654577766,11.02551));
#369 = CARTESIAN_POINT('',(-1.244448253708,3.004363851773,13.1012));
#370 = DEFINITIONAL_REPRESENTATION('',(#371),#374);
#371 = B_SPLINE_CURVE_WITH_KNOTS('',1,(#372,#373),.UNSPECIFIED.,.F.,.F.,
  (2,2),(0.,9.562258159131E-02),.PIECEWISE_BEZIER_KNOTS.);
#372 = CARTESIAN_POINT('',(0.,0.));
#373 = CARTESIAN_POINT('',(0.637483877275,0.));
#374 = ( GEOMETRIC_REPRESENTATION_CONTEXT(2) 
PARAMETRIC_REPRESENTATION_CONTEXT() REPRESENTATION_CONTEXT('2D SPACE',''
  ) );
#375 = ORIENTED_EDGE('',*,*,#376,.T.);
#376 = EDGE_CURVE('',#350,#377,#379,.T.);
#377 = VERTEX_POINT('',#378);
#378 = CARTESIAN_POINT('',(-0.270998826113,0.405578404837,11.02551));
#379 = SURFACE_CURVE('',#380,(#384,#391),.PCURVE_S1.);
#380 = LINE('',#381,#382);
#381 = CARTESIAN_POINT('',(-0.186667238056,0.450654577766,11.02551));
#382 = VECTOR('',#383,1.);
#383 = DIRECTION('',(-0.881921264348,-0.471396736826,0.));
#384 = PCURVE('',#43,#385);
#385 = DEFINITIONAL_REPRESENTATION('',(#386),#390);
#386 = LINE('',#387,#388);
#387 = CARTESIAN_POINT('',(0.674452238056,0.450654577766));
#388 = VECTOR('',#389,1.);
#389 = DIRECTION('',(0.881921264348,-0.471396736826));
#390 = ( GEOMETRIC_REPRESENTATION_CONTEXT(2) 
PARAMETRIC_REPRESENTATION_CONTEXT() REPRESENTATION_CONTEXT('2D SPACE',''
  ) );
#391 = PCURVE('',#392,#397);
#392 = B_SPLINE_SURFACE_WITH_KNOTS('',1,1,(
    (#393,#394)
    ,(#395,#396
    )),.UNSPECIFIED.,.F.,.F.,.F.,(2,2),(2,2),(0.,0.637483877275),(0.,1.)
  ,.PIECEWISE_BEZIER_KNOTS.);
#393 = CARTESIAN_POINT('',(-0.186667238056,0.450654577766,11.02551));
#394 = CARTESIAN_POINT('',(-1.244448253708,3.004363851773,13.1012));
#395 = CARTESIAN_POINT('',(-0.270998826113,0.405578404837,11.02551));
#396 = CARTESIAN_POINT('',(-1.806658840756,2.703856032247,13.1012));
#397 = DEFINITIONAL_REPRESENTATION('',(#398),#401);
#398 = B_SPLINE_CURVE_WITH_KNOTS('',1,(#399,#400),.UNSPECIFIED.,.F.,.F.,
  (2,2),(0.,9.562258159131E-02),.PIECEWISE_BEZIER_KNOTS.);
#399 = CARTESIAN_POINT('',(0.,0.));
#400 = CARTESIAN_POINT('',(0.637483877275,0.));
#401 = ( GEOMETRIC_REPRESENTATION_CONTEXT(2) 
PARAMETRIC_REPRESENTATION_CONTEXT() REPRESENTATION_CONTEXT('2D SPACE',''
  ) );
#402 = ORIENTED_EDGE('',*,*,#403,.T.);
#403 = EDGE_CURVE('',#377,#404,#406,.T.);
#404 = VERTEX_POINT('',#405);
#405 = CARTESIAN_POINT('',(-0.344916081261,0.344916081261,11.02551));
#406 = SURFACE_CURVE('',#407,(#411,#418),.PCURVE_S1.);
#407 = LINE('',#408,#409);
#408 = CARTESIAN_POINT('',(-0.270998826113,0.405578404837,11.02551));
#409 = VECTOR('',#410,1.);
#410 = DIRECTION('',(-0.773010453363,-0.634393284164,0.));
#411 = PCURVE('',#43,#412);
#412 = DEFINITIONAL_REPRESENTATION('',(#413),#417);
#413 = LINE('',#414,#415);
#414 = CARTESIAN_POINT('',(0.758783826113,0.405578404837));
#415 = VECTOR('',#416,1.);
#416 = DIRECTION('',(0.773010453363,-0.634393284164));
#417 = ( GEOMETRIC_REPRESENTATION_CONTEXT(2) 
PARAMETRIC_REPRESENTATION_CONTEXT() REPRESENTATION_CONTEXT('2D SPACE',''
  ) );
#418 = PCURVE('',#419,#424);
#419 = B_SPLINE_SURFACE_WITH_KNOTS('',1,1,(
    (#420,#421)
    ,(#422,#423
    )),.UNSPECIFIED.,.F.,.F.,.F.,(2,2),(2,2),(0.,0.637483877275),(0.,1.)
  ,.PIECEWISE_BEZIER_KNOTS.);
#420 = CARTESIAN_POINT('',(-0.270998826113,0.405578404837,11.02551));
#421 = CARTESIAN_POINT('',(-1.806658840756,2.703856032247,13.1012));
#422 = CARTESIAN_POINT('',(-0.344916081261,0.344916081261,11.02551));
#423 = CARTESIAN_POINT('',(-2.299440541741,2.299440541741,13.1012));
#424 = DEFINITIONAL_REPRESENTATION('',(#425),#428);
#425 = B_SPLINE_CURVE_WITH_KNOTS('',1,(#426,#427),.UNSPECIFIED.,.F.,.F.,
  (2,2),(0.,9.562258159131E-02),.PIECEWISE_BEZIER_KNOTS.);
#426 = CARTESIAN_POINT('',(0.,0.));
#427 = CARTESIAN_POINT('',(0.637483877275,0.));
#428 = ( GEOMETRIC_REPRESENTATION_CONTEXT(2) 
PARAMETRIC_REPRESENTATION_CONTEXT() REPRESENTATION_CONTEXT('2D SPACE',''
  ) );
#429 = ORIENTED_EDGE('',*,*,#430,.T.);
#430 = EDGE_CURVE('',#404,#431,#433,.T.);
#431 = VERTEX_POINT('',#432);
#432 = CARTESIAN_POINT('',(-0.405578404837,0.270998826113,11.02551));
#433 = SURFACE_CURVE('',#434,(#438,#445),.PCURVE_S1.);
#434 = LINE('',#435,#436);
#435 = CARTESIAN_POINT('',(-0.344916081261,0.344916081261,11.02551));
#436 = VECTOR('',#437,1.);
#437 = DIRECTION('',(-0.634393284164,-0.773010453363,0.));
#438 = PCURVE('',#43,#439);
#439 = DEFINITIONAL_REPRESENTATION('',(#440),#444);
#440 = LINE('',#441,#442);
#441 = CARTESIAN_POINT('',(0.832701081261,0.344916081261));
#442 = VECTOR('',#443,1.);
#443 = DIRECTION('',(0.634393284164,-0.773010453363));
#444 = ( GEOMETRIC_REPRESENTATION_CONTEXT(2) 
PARAMETRIC_REPRESENTATION_CONTEXT() REPRESENTATION_CONTEXT('2D SPACE',''
  ) );
#445 = PCURVE('',#446,#451);
#446 = B_SPLINE_SURFACE_WITH_KNOTS('',1,1,(
    (#447,#448)
    ,(#449,#450
    )),.UNSPECIFIED.,.F.,.F.,.F.,(2,2),(2,2),(0.,0.637483877275),(0.,1.)
  ,.PIECEWISE_BEZIER_KNOTS.);
#447 = CARTESIAN_POINT('',(-0.344916081261,0.344916081261,11.02551));
#448 = CARTESIAN_POINT('',(-2.299440541741,2.299440541741,13.1012));
#449 = CARTESIAN_POINT('',(-0.405578404837,0.270998826113,11.02551));
#450 = CARTESIAN_POINT('',(-2.703856032247,1.806658840756,13.1012));
#451 = DEFINITIONAL_REPRESENTATION('',(#452),#455);
#452 = B_SPLINE_CURVE_WITH_KNOTS('',1,(#453,#454),.UNSPECIFIED.,.F.,.F.,
  (2,2),(0.,9.562258159131E-02),.PIECEWISE_BEZIER_KNOTS.);
#453 = CARTESIAN_POINT('',(0.,0.));
#454 = CARTESIAN_POINT('',(0.637483877275,0.));
#455 = ( GEOMETRIC_REPRESENTATION_CONTEXT(2) 
PARAMETRIC_REPRESENTATION_CONTEXT() REPRESENTATION_CONTEXT('2D SPACE',''
  ) );
#456 = ORIENTED_EDGE('',*,*,#457,.T.);
#457 = EDGE_CURVE('',#431,#458,#460,.T.);
#458 = VERTEX_POINT('',#459);
#459 = CARTESIAN_POINT('',(-0.450654577766,0.186667238056,11.02551));
#460 = SURFACE_CURVE('',#461,(#465,#472),.PCURVE_S1.);
#461 = LINE('',#462,#463);
#462 = CARTESIAN_POINT('',(-0.405578404837,0.270998826113,11.02551));
#463 = VECTOR('',#464,1.);
#464 = DIRECTION('',(-0.471396736826,-0.881921264348,0.));
#465 = PCURVE('',#43,#466);
#466 = DEFINITIONAL_REPRESENTATION('',(#467),#471);
#467 = LINE('',#468,#469);
#468 = CARTESIAN_POINT('',(0.893363404837,0.270998826113));
#469 = VECTOR('',#470,1.);
#470 = DIRECTION('',(0.471396736826,-0.881921264348));
#471 = ( GEOMETRIC_REPRESENTATION_CONTEXT(2) 
PARAMETRIC_REPRESENTATION_CONTEXT() REPRESENTATION_CONTEXT('2D SPACE',''
  ) );
#472 = PCURVE('',#473,#478);
#473 = B_SPLINE_SURFACE_WITH_KNOTS('',1,1,(
    (#474,#475)
    ,(#476,#477
    )),.UNSPECIFIED.,.F.,.F.,.F.,(2,2),(2,2),(0.,0.637483877275),(0.,1.)
  ,.PIECEWISE_BEZIER_KNOTS.);
#474 = CARTESIAN_POINT('',(-0.405578404837,0.270998826113,11.02551));
#475 = CARTESIAN_POINT('',(-2.703856032247,1.806658840756,13.1012));
#476 = CARTESIAN_POINT('',(-0.450654577766,0.186667238056,11.02551));
#477 = CARTESIAN_POINT('',(-3.004363851773,1.244448253708,13.1012));
#478 = DEFINITIONAL_REPRESENTATION('',(#479),#482);
#479 = B_SPLINE_CURVE_WITH_KNOTS('',1,(#480,#481),.UNSPECIFIED.,.F.,.F.,
  (2,2),(0.,9.562258159131E-02),.PIECEWISE_BEZIER_KNOTS.);
#480 = CARTESIAN_POINT('',(0.,0.));
#481 = CARTESIAN_POINT('',(0.637483877275,0.));
#482 = ( GEOMETRIC_REPRESENTATION_CONTEXT(2) 
PARAMETRIC_REPRESENTATION_CONTEXT() REPRESENTATION_CONTEXT('2D SPACE',''
  ) );
#483 = ORIENTED_EDGE('',*,*,#484,.T.);
#484 = EDGE_CURVE('',#458,#485,#487,.T.);
#485 = VERTEX_POINT('',#486);
#486 = CARTESIAN_POINT('',(-0.478412348001,9.516213272464E-02,11.02551)
  );
#487 = SURFACE_CURVE('',#488,(#492,#499),.PCURVE_S1.);
#488 = LINE('',#489,#490);
#489 = CARTESIAN_POINT('',(-0.450654577766,0.186667238056,11.02551));
#490 = VECTOR('',#491,1.);
#491 = DIRECTION('',(-0.290284677254,-0.956940335732,0.));
#492 = PCURVE('',#43,#493);
#493 = DEFINITIONAL_REPRESENTATION('',(#494),#498);
#494 = LINE('',#495,#496);
#495 = CARTESIAN_POINT('',(0.938439577766,0.186667238056));
#496 = VECTOR('',#497,1.);
#497 = DIRECTION('',(0.290284677254,-0.956940335732));
#498 = ( GEOMETRIC_REPRESENTATION_CONTEXT(2) 
PARAMETRIC_REPRESENTATION_CONTEXT() REPRESENTATION_CONTEXT('2D SPACE',''
  ) );
#499 = PCURVE('',#500,#505);
#500 = B_SPLINE_SURFACE_WITH_KNOTS('',1,1,(
    (#501,#502)
    ,(#503,#504
    )),.UNSPECIFIED.,.F.,.F.,.F.,(2,2),(2,2),(0.,0.637483877275),(0.,1.)
  ,.PIECEWISE_BEZIER_KNOTS.);
#501 = CARTESIAN_POINT('',(-0.450654577766,0.186667238056,11.02551));
#502 = CARTESIAN_POINT('',(-3.004363851773,1.244448253708,13.1012));
#503 = CARTESIAN_POINT('',(-0.478412348001,9.516213272464E-02,11.02551)
  );
#504 = CARTESIAN_POINT('',(-3.189415653343,0.634414218164,13.1012));
#505 = DEFINITIONAL_REPRESENTATION('',(#506),#509);
#506 = B_SPLINE_CURVE_WITH_KNOTS('',1,(#507,#508),.UNSPECIFIED.,.F.,.F.,
  (2,2),(0.,9.562258159131E-02),.PIECEWISE_BEZIER_KNOTS.);
#507 = CARTESIAN_POINT('',(0.,0.));
#508 = CARTESIAN_POINT('',(0.637483877275,0.));
#509 = ( GEOMETRIC_REPRESENTATION_CONTEXT(2) 
PARAMETRIC_REPRESENTATION_CONTEXT() REPRESENTATION_CONTEXT('2D SPACE',''
  ) );
#510 = ORIENTED_EDGE('',*,*,#511,.T.);
#511 = EDGE_CURVE('',#485,#512,#514,.T.);
#512 = VERTEX_POINT('',#513);
#513 = CARTESIAN_POINT('',(-0.487785,5.973643389221E-17,11.02551));
#514 = SURFACE_CURVE('',#515,(#519,#526),.PCURVE_S1.);
#515 = LINE('',#516,#517);
#516 = CARTESIAN_POINT('',(-0.478412348001,9.516213272464E-02,11.02551)
  );
#517 = VECTOR('',#518,1.);
#518 = DIRECTION('',(-9.801714032956E-02,-0.995184726672,0.));
#519 = PCURVE('',#43,#520);
#520 = DEFINITIONAL_REPRESENTATION('',(#521),#525);
#521 = LINE('',#522,#523);
#522 = CARTESIAN_POINT('',(0.966197348001,9.516213272464E-02));
#523 = VECTOR('',#524,1.);
#524 = DIRECTION('',(9.801714032956E-02,-0.995184726672));
#525 = ( GEOMETRIC_REPRESENTATION_CONTEXT(2) 
PARAMETRIC_REPRESENTATION_CONTEXT() REPRESENTATION_CONTEXT('2D SPACE',''
  ) );
#526 = PCURVE('',#527,#532);
#527 = B_SPLINE_SURFACE_WITH_KNOTS('',1,1,(
    (#528,#529)
    ,(#530,#531
    )),.UNSPECIFIED.,.F.,.F.,.F.,(2,2),(2,2),(0.,0.637483877275),(0.,1.)
  ,.PIECEWISE_BEZIER_KNOTS.);
#528 = CARTESIAN_POINT('',(-0.478412348001,9.516213272464E-02,11.02551)
  );
#529 = CARTESIAN_POINT('',(-3.189415653343,0.634414218164,13.1012));
#530 = CARTESIAN_POINT('',(-0.487785,4.163336342344E-17,11.02551));
#531 = CARTESIAN_POINT('',(-3.2519,4.440892098501E-16,13.1012));
#532 = DEFINITIONAL_REPRESENTATION('',(#533),#536);
#533 = B_SPLINE_CURVE_WITH_KNOTS('',1,(#534,#535),.UNSPECIFIED.,.F.,.F.,
  (2,2),(0.,9.562258159131E-02),.PIECEWISE_BEZIER_KNOTS.);
#534 = CARTESIAN_POINT('',(0.,0.));
#535 = CARTESIAN_POINT('',(0.637483877275,0.));
#536 = ( GEOMETRIC_REPRESENTATION_CONTEXT(2) 
PARAMETRIC_REPRESENTATION_CONTEXT() REPRESENTATION_CONTEXT('2D SPACE',''
  ) );
#537 = ORIENTED_EDGE('',*,*,#538,.T.);
#538 = EDGE_CURVE('',#512,#539,#541,.T.);
#539 = VERTEX_POINT('',#540);
#540 = CARTESIAN_POINT('',(-0.478412348001,-9.516213272464E-02,11.02551)
  );
#541 = SURFACE_CURVE('',#542,(#546,#553),.PCURVE_S1.);
#542 = LINE('',#543,#544);
#543 = CARTESIAN_POINT('',(-0.487785,5.973643389221E-17,11.02551));
#544 = VECTOR('',#545,1.);
#545 = DIRECTION('',(9.801714032956E-02,-0.995184726672,0.));
#546 = PCURVE('',#43,#547);
#547 = DEFINITIONAL_REPRESENTATION('',(#548),#552);
#548 = LINE('',#549,#550);
#549 = CARTESIAN_POINT('',(0.97557,1.810307046877E-17));
#550 = VECTOR('',#551,1.);
#551 = DIRECTION('',(-9.801714032956E-02,-0.995184726672));
#552 = ( GEOMETRIC_REPRESENTATION_CONTEXT(2) 
PARAMETRIC_REPRESENTATION_CONTEXT() REPRESENTATION_CONTEXT('2D SPACE',''
  ) );
#553 = PCURVE('',#554,#559);
#554 = B_SPLINE_SURFACE_WITH_KNOTS('',1,1,(
    (#555,#556)
    ,(#557,#558
    )),.UNSPECIFIED.,.F.,.F.,.F.,(2,2),(2,2),(0.,0.637483877275),(0.,1.)
  ,.PIECEWISE_BEZIER_KNOTS.);
#555 = CARTESIAN_POINT('',(-0.487785,5.973643389221E-17,11.02551));
#556 = CARTESIAN_POINT('',(-3.2519,3.982428926147E-16,13.1012));
#557 = CARTESIAN_POINT('',(-0.478412348001,-9.516213272464E-02,11.02551)
  );
#558 = CARTESIAN_POINT('',(-3.189415653343,-0.634414218164,13.1012));
#559 = DEFINITIONAL_REPRESENTATION('',(#560),#563);
#560 = B_SPLINE_CURVE_WITH_KNOTS('',1,(#561,#562),.UNSPECIFIED.,.F.,.F.,
  (2,2),(0.,9.562258159131E-02),.PIECEWISE_BEZIER_KNOTS.);
#561 = CARTESIAN_POINT('',(0.,0.));
#562 = CARTESIAN_POINT('',(0.637483877275,0.));
#563 = ( GEOMETRIC_REPRESENTATION_CONTEXT(2) 
PARAMETRIC_REPRESENTATION_CONTEXT() REPRESENTATION_CONTEXT('2D SPACE',''
  ) );
#564 = ORIENTED_EDGE('',*,*,#565,.T.);
#565 = EDGE_CURVE('',#539,#566,#568,.T.);
#566 = VERTEX_POINT('',#567);
#567 = CARTESIAN_POINT('',(-0.450654577766,-0.186667238056,11.02551));
#568 = SURFACE_CURVE('',#569,(#573,#580),.PCURVE_S1.);
#569 = LINE('',#570,#571);
#570 = CARTESIAN_POINT('',(-0.478412348001,-9.516213272464E-02,11.02551)
  );
#571 = VECTOR('',#572,1.);
#572 = DIRECTION('',(0.290284677254,-0.956940335732,0.));
#573 = PCURVE('',#43,#574);
#574 = DEFINITIONAL_REPRESENTATION('',(#575),#579);
#575 = LINE('',#576,#577);
#576 = CARTESIAN_POINT('',(0.966197348001,-9.516213272464E-02));
#577 = VECTOR('',#578,1.);
#578 = DIRECTION('',(-0.290284677254,-0.956940335732));
#579 = ( GEOMETRIC_REPRESENTATION_CONTEXT(2) 
PARAMETRIC_REPRESENTATION_CONTEXT() REPRESENTATION_CONTEXT('2D SPACE',''
  ) );
#580 = PCURVE('',#581,#586);
#581 = B_SPLINE_SURFACE_WITH_KNOTS('',1,1,(
    (#582,#583)
    ,(#584,#585
    )),.UNSPECIFIED.,.F.,.F.,.F.,(2,2),(2,2),(0.,0.637483877275),(0.,1.)
  ,.PIECEWISE_BEZIER_KNOTS.);
#582 = CARTESIAN_POINT('',(-0.478412348001,-9.516213272464E-02,11.02551)
  );
#583 = CARTESIAN_POINT('',(-3.189415653343,-0.634414218164,13.1012));
#584 = CARTESIAN_POINT('',(-0.450654577766,-0.186667238056,11.02551));
#585 = CARTESIAN_POINT('',(-3.004363851773,-1.244448253708,13.1012));
#586 = DEFINITIONAL_REPRESENTATION('',(#587),#590);
#587 = B_SPLINE_CURVE_WITH_KNOTS('',1,(#588,#589),.UNSPECIFIED.,.F.,.F.,
  (2,2),(0.,9.562258159131E-02),.PIECEWISE_BEZIER_KNOTS.);
#588 = CARTESIAN_POINT('',(0.,0.));
#589 = CARTESIAN_POINT('',(0.637483877275,0.));
#590 = ( GEOMETRIC_REPRESENTATION_CONTEXT(2) 
PARAMETRIC_REPRESENTATION_CONTEXT() REPRESENTATION_CONTEXT('2D SPACE',''
  ) );
#591 = ORIENTED_EDGE('',*,*,#592,.T.);
#592 = EDGE_CURVE('',#566,#593,#595,.T.);
#593 = VERTEX_POINT('',#594);
#594 = CARTESIAN_POINT('',(-0.405578404837,-0.270998826113,11.02551));
#595 = SURFACE_CURVE('',#596,(#600,#607),.PCURVE_S1.);
#596 = LINE('',#597,#598);
#597 = CARTESIAN_POINT('',(-0.450654577766,-0.186667238056,11.02551));
#598 = VECTOR('',#599,1.);
#599 = DIRECTION('',(0.471396736826,-0.881921264348,0.));
#600 = PCURVE('',#43,#601);
#601 = DEFINITIONAL_REPRESENTATION('',(#602),#606);
#602 = LINE('',#603,#604);
#603 = CARTESIAN_POINT('',(0.938439577766,-0.186667238056));
#604 = VECTOR('',#605,1.);
#605 = DIRECTION('',(-0.471396736826,-0.881921264348));
#606 = ( GEOMETRIC_REPRESENTATION_CONTEXT(2) 
PARAMETRIC_REPRESENTATION_CONTEXT() REPRESENTATION_CONTEXT('2D SPACE',''
  ) );
#607 = PCURVE('',#608,#613);
#608 = B_SPLINE_SURFACE_WITH_KNOTS('',1,1,(
    (#609,#610)
    ,(#611,#612
    )),.UNSPECIFIED.,.F.,.F.,.F.,(2,2),(2,2),(0.,0.637483877275),(0.,1.)
  ,.PIECEWISE_BEZIER_KNOTS.);
#609 = CARTESIAN_POINT('',(-0.450654577766,-0.186667238056,11.02551));
#610 = CARTESIAN_POINT('',(-3.004363851773,-1.244448253708,13.1012));
#611 = CARTESIAN_POINT('',(-0.405578404837,-0.270998826113,11.02551));
#612 = CARTESIAN_POINT('',(-2.703856032247,-1.806658840756,13.1012));
#613 = DEFINITIONAL_REPRESENTATION('',(#614),#617);
#614 = B_SPLINE_CURVE_WITH_KNOTS('',1,(#615,#616),.UNSPECIFIED.,.F.,.F.,
  (2,2),(0.,9.562258159131E-02),.PIECEWISE_BEZIER_KNOTS.);
#615 = CARTESIAN_POINT('',(0.,0.));
#616 = CARTESIAN_POINT('',(0.637483877275,0.));
#617 = ( GEOMETRIC_REPRESENTATION_CONTEXT(2) 
PARAMETRIC_REPRESENTATION_CONTEXT() REPRESENTATION_CONTEXT('2D SPACE',''
  ) );
#618 = ORIENTED_EDGE('',*,*,#619,.T.);
#619 = EDGE_CURVE('',#593,#620,#622,.T.);
#620 = VERTEX_POINT('',#621);
#621 = CARTESIAN_POINT('',(-0.344916081261,-0.344916081261,11.02551));
#622 = SURFACE_CURVE('',#623,(#627,#634),.PCURVE_S1.);
#623 = LINE('',#624,#625);
#624 = CARTESIAN_POINT('',(-0.405578404837,-0.270998826113,11.02551));
#625 = VECTOR('',#626,1.);
#626 = DIRECTION('',(0.634393284164,-0.773010453363,0.));
#627 = PCURVE('',#43,#628);
#628 = DEFINITIONAL_REPRESENTATION('',(#629),#633);
#629 = LINE('',#630,#631);
#630 = CARTESIAN_POINT('',(0.893363404837,-0.270998826113));
#631 = VECTOR('',#632,1.);
#632 = DIRECTION('',(-0.634393284164,-0.773010453363));
#633 = ( GEOMETRIC_REPRESENTATION_CONTEXT(2) 
PARAMETRIC_REPRESENTATION_CONTEXT() REPRESENTATION_CONTEXT('2D SPACE',''
  ) );
#634 = PCURVE('',#635,#640);
#635 = B_SPLINE_SURFACE_WITH_KNOTS('',1,1,(
    (#636,#637)
    ,(#638,#639
    )),.UNSPECIFIED.,.F.,.F.,.F.,(2,2),(2,2),(0.,0.637483877275),(0.,1.)
  ,.PIECEWISE_BEZIER_KNOTS.);
#636 = CARTESIAN_POINT('',(-0.405578404837,-0.270998826113,11.02551));
#637 = CARTESIAN_POINT('',(-2.703856032247,-1.806658840756,13.1012));
#638 = CARTESIAN_POINT('',(-0.344916081261,-0.344916081261,11.02551));
#639 = CARTESIAN_POINT('',(-2.299440541741,-2.299440541741,13.1012));
#640 = DEFINITIONAL_REPRESENTATION('',(#641),#644);
#641 = B_SPLINE_CURVE_WITH_KNOTS('',1,(#642,#643),.UNSPECIFIED.,.F.,.F.,
  (2,2),(0.,9.562258159131E-02),.PIECEWISE_BEZIER_KNOTS.);
#642 = CARTESIAN_POINT('',(0.,0.));
#643 = CARTESIAN_POINT('',(0.637483877275,0.));
#644 = ( GEOMETRIC_REPRESENTATION_CONTEXT(2) 
PARAMETRIC_REPRESENTATION_CONTEXT() REPRESENTATION_CONTEXT('2D SPACE',''
  ) );
#645 = ORIENTED_EDGE('',*,*,#646,.T.);
#646 = EDGE_CURVE('',#620,#647,#649,.T.);
#647 = VERTEX_POINT('',#648);
#648 = CARTESIAN_POINT('',(-0.270998826113,-0.405578404837,11.02551));
#649 = SURFACE_CURVE('',#650,(#654,#661),.PCURVE_S1.);
#650 = LINE('',#651,#652);
#651 = CARTESIAN_POINT('',(-0.344916081261,-0.344916081261,11.02551));
#652 = VECTOR('',#653,1.);
#653 = DIRECTION('',(0.773010453363,-0.634393284164,0.));
#654 = PCURVE('',#43,#655);
#655 = DEFINITIONAL_REPRESENTATION('',(#656),#660);
#656 = LINE('',#657,#658);
#657 = CARTESIAN_POINT('',(0.832701081261,-0.344916081261));
#658 = VECTOR('',#659,1.);
#659 = DIRECTION('',(-0.773010453363,-0.634393284164));
#660 = ( GEOMETRIC_REPRESENTATION_CONTEXT(2) 
PARAMETRIC_REPRESENTATION_CONTEXT() REPRESENTATION_CONTEXT('2D SPACE',''
  ) );
#661 = PCURVE('',#662,#667);
#662 = B_SPLINE_SURFACE_WITH_KNOTS('',1,1,(
    (#663,#664)
    ,(#665,#666
    )),.UNSPECIFIED.,.F.,.F.,.F.,(2,2),(2,2),(0.,0.637483877275),(0.,1.)
  ,.PIECEWISE_BEZIER_KNOTS.);
#663 = CARTESIAN_POINT('',(-0.344916081261,-0.344916081261,11.02551));
#664 = CARTESIAN_POINT('',(-2.299440541741,-2.299440541741,13.1012));
#665 = CARTESIAN_POINT('',(-0.270998826113,-0.405578404837,11.02551));
#666 = CARTESIAN_POINT('',(-1.806658840756,-2.703856032247,13.1012));
#667 = DEFINITIONAL_REPRESENTATION('',(#668),#671);
#668 = B_SPLINE_CURVE_WITH_KNOTS('',1,(#669,#670),.UNSPECIFIED.,.F.,.F.,
  (2,2),(0.,9.562258159131E-02),.PIECEWISE_BEZIER_KNOTS.);
#669 = CARTESIAN_POINT('',(0.,0.));
#670 = CARTESIAN_POINT('',(0.637483877275,0.));
#671 = ( GEOMETRIC_REPRESENTATION_CONTEXT(2) 
PARAMETRIC_REPRESENTATION_CONTEXT() REPRESENTATION_CONTEXT('2D SPACE',''
  ) );
#672 = ORIENTED_EDGE('',*,*,#673,.T.);
#673 = EDGE_CURVE('',#647,#674,#676,.T.);
#674 = VERTEX_POINT('',#675);
#675 = CARTESIAN_POINT('',(-0.186667238056,-0.450654577766,11.02551));
#676 = SURFACE_CURVE('',#677,(#681,#688),.PCURVE_S1.);
#677 = LINE('',#678,#679);
#678 = CARTESIAN_POINT('',(-0.270998826113,-0.405578404837,11.02551));
#679 = VECTOR('',#680,1.);
#680 = DIRECTION('',(0.881921264348,-0.471396736826,0.));
#681 = PCURVE('',#43,#682);
#682 = DEFINITIONAL_REPRESENTATION('',(#683),#687);
#683 = LINE('',#684,#685);
#684 = CARTESIAN_POINT('',(0.758783826113,-0.405578404837));
#685 = VECTOR('',#686,1.);
#686 = DIRECTION('',(-0.881921264348,-0.471396736826));
#687 = ( GEOMETRIC_REPRESENTATION_CONTEXT(2) 
PARAMETRIC_REPRESENTATION_CONTEXT() REPRESENTATION_CONTEXT('2D SPACE',''
  ) );
#688 = PCURVE('',#689,#694);
#689 = B_SPLINE_SURFACE_WITH_KNOTS('',1,1,(
    (#690,#691)
    ,(#692,#693
    )),.UNSPECIFIED.,.F.,.F.,.F.,(2,2),(2,2),(0.,0.637483877275),(0.,1.)
  ,.PIECEWISE_BEZIER_KNOTS.);
#690 = CARTESIAN_POINT('',(-0.270998826113,-0.405578404837,11.02551));
#691 = CARTESIAN_POINT('',(-1.806658840756,-2.703856032247,13.1012));
#692 = CARTESIAN_POINT('',(-0.186667238056,-0.450654577766,11.02551));
#693 = CARTESIAN_POINT('',(-1.244448253708,-3.004363851773,13.1012));
#694 = DEFINITIONAL_REPRESENTATION('',(#695),#698);
#695 = B_SPLINE_CURVE_WITH_KNOTS('',1,(#696,#697),.UNSPECIFIED.,.F.,.F.,
  (2,2),(0.,9.562258159131E-02),.PIECEWISE_BEZIER_KNOTS.);
#696 = CARTESIAN_POINT('',(0.,0.));
#697 = CARTESIAN_POINT('',(0.637483877275,0.));
#698 = ( GEOMETRIC_REPRESENTATION_CONTEXT(2) 
PARAMETRIC_REPRESENTATION_CONTEXT() REPRESENTATION_CONTEXT('2D SPACE',''
  ) );
#699 = ORIENTED_EDGE('',*,*,#700,.T.);
#700 = EDGE_CURVE('',#674,#701,#703,.T.);
#701 = VERTEX_POINT('',#702);
#702 = CARTESIAN_POINT('',(-9.516213272464E-02,-0.478412348001,11.02551)
  );
#703 = SURFACE_CURVE('',#704,(#708,#715),.PCURVE_S1.);
#704 = LINE('',#705,#706);
#705 = CARTESIAN_POINT('',(-0.186667238056,-0.450654577766,11.02551));
#706 = VECTOR('',#707,1.);
#707 = DIRECTION('',(0.956940335732,-0.290284677254,0.));
#708 = PCURVE('',#43,#709);
#709 = DEFINITIONAL_REPRESENTATION('',(#710),#714);
#710 = LINE('',#711,#712);
#711 = CARTESIAN_POINT('',(0.674452238056,-0.450654577766));
#712 = VECTOR('',#713,1.);
#713 = DIRECTION('',(-0.956940335732,-0.290284677254));
#714 = ( GEOMETRIC_REPRESENTATION_CONTEXT(2) 
PARAMETRIC_REPRESENTATION_CONTEXT() REPRESENTATION_CONTEXT('2D SPACE',''
  ) );
#715 = PCURVE('',#716,#721);
#716 = B_SPLINE_SURFACE_WITH_KNOTS('',1,1,(
    (#717,#718)
    ,(#719,#720
    )),.UNSPECIFIED.,.F.,.F.,.F.,(2,2),(2,2),(0.,0.637483877275),(0.,1.)
  ,.PIECEWISE_BEZIER_KNOTS.);
#717 = CARTESIAN_POINT('',(-0.186667238056,-0.450654577766,11.02551));
#718 = CARTESIAN_POINT('',(-1.244448253708,-3.004363851773,13.1012));
#719 = CARTESIAN_POINT('',(-9.516213272464E-02,-0.478412348001,11.02551)
  );
#720 = CARTESIAN_POINT('',(-0.634414218164,-3.189415653343,13.1012));
#721 = DEFINITIONAL_REPRESENTATION('',(#722),#725);
#722 = B_SPLINE_CURVE_WITH_KNOTS('',1,(#723,#724),.UNSPECIFIED.,.F.,.F.,
  (2,2),(0.,9.562258159131E-02),.PIECEWISE_BEZIER_KNOTS.);
#723 = CARTESIAN_POINT('',(0.,0.));
#724 = CARTESIAN_POINT('',(0.637483877275,0.));
#725 = ( GEOMETRIC_REPRESENTATION_CONTEXT(2) 
PARAMETRIC_REPRESENTATION_CONTEXT() REPRESENTATION_CONTEXT('2D SPACE',''
  ) );
#726 = ORIENTED_EDGE('',*,*,#727,.T.);
#727 = EDGE_CURVE('',#701,#728,#730,.T.);
#728 = VERTEX_POINT('',#729);
#729 = CARTESIAN_POINT('',(-8.960465083831E-17,-0.487785,11.02551));
#730 = SURFACE_CURVE('',#731,(#735,#742),.PCURVE_S1.);
#731 = LINE('',#732,#733);
#732 = CARTESIAN_POINT('',(-9.516213272464E-02,-0.478412348001,11.02551)
  );
#733 = VECTOR('',#734,1.);
#734 = DIRECTION('',(0.995184726672,-9.801714032956E-02,0.));
#735 = PCURVE('',#43,#736);
#736 = DEFINITIONAL_REPRESENTATION('',(#737),#741);
#737 = LINE('',#738,#739);
#738 = CARTESIAN_POINT('',(0.582947132725,-0.478412348001));
#739 = VECTOR('',#740,1.);
#740 = DIRECTION('',(-0.995184726672,-9.801714032956E-02));
#741 = ( GEOMETRIC_REPRESENTATION_CONTEXT(2) 
PARAMETRIC_REPRESENTATION_CONTEXT() REPRESENTATION_CONTEXT('2D SPACE',''
  ) );
#742 = PCURVE('',#743,#748);
#743 = B_SPLINE_SURFACE_WITH_KNOTS('',1,1,(
    (#744,#745)
    ,(#746,#747
    )),.UNSPECIFIED.,.F.,.F.,.F.,(2,2),(2,2),(0.,0.637483877275),(0.,1.)
  ,.PIECEWISE_BEZIER_KNOTS.);
#744 = CARTESIAN_POINT('',(-9.516213272464E-02,-0.478412348001,11.02551)
  );
#745 = CARTESIAN_POINT('',(-0.634414218164,-3.189415653343,13.1012));
#746 = CARTESIAN_POINT('',(-8.326672684689E-17,-0.487785,11.02551));
#747 = CARTESIAN_POINT('',(-5.551115123126E-16,-3.2519,13.1012));
#748 = DEFINITIONAL_REPRESENTATION('',(#749),#752);
#749 = B_SPLINE_CURVE_WITH_KNOTS('',1,(#750,#751),.UNSPECIFIED.,.F.,.F.,
  (2,2),(0.,9.562258159131E-02),.PIECEWISE_BEZIER_KNOTS.);
#750 = CARTESIAN_POINT('',(0.,0.));
#751 = CARTESIAN_POINT('',(0.637483877275,0.));
#752 = ( GEOMETRIC_REPRESENTATION_CONTEXT(2) 
PARAMETRIC_REPRESENTATION_CONTEXT() REPRESENTATION_CONTEXT('2D SPACE',''
  ) );
#753 = ORIENTED_EDGE('',*,*,#754,.T.);
#754 = EDGE_CURVE('',#728,#755,#757,.T.);
#755 = VERTEX_POINT('',#756);
#756 = CARTESIAN_POINT('',(9.516213272464E-02,-0.478412348001,11.02551)
  );
#757 = SURFACE_CURVE('',#758,(#762,#769),.PCURVE_S1.);
#758 = LINE('',#759,#760);
#759 = CARTESIAN_POINT('',(-8.960465083831E-17,-0.487785,11.02551));
#760 = VECTOR('',#761,1.);
#761 = DIRECTION('',(0.995184726672,9.801714032956E-02,0.));
#762 = PCURVE('',#43,#763);
#763 = DEFINITIONAL_REPRESENTATION('',(#764),#768);
#764 = LINE('',#765,#766);
#765 = CARTESIAN_POINT('',(0.487785,-0.487785));
#766 = VECTOR('',#767,1.);
#767 = DIRECTION('',(-0.995184726672,9.801714032956E-02));
#768 = ( GEOMETRIC_REPRESENTATION_CONTEXT(2) 
PARAMETRIC_REPRESENTATION_CONTEXT() REPRESENTATION_CONTEXT('2D SPACE',''
  ) );
#769 = PCURVE('',#770,#775);
#770 = B_SPLINE_SURFACE_WITH_KNOTS('',1,1,(
    (#771,#772)
    ,(#773,#774
    )),.UNSPECIFIED.,.F.,.F.,.F.,(2,2),(2,2),(0.,0.637483877275),(0.,1.)
  ,.PIECEWISE_BEZIER_KNOTS.);
#771 = CARTESIAN_POINT('',(-8.960465083831E-17,-0.487785,11.02551));
#772 = CARTESIAN_POINT('',(-5.973643389221E-16,-3.2519,13.1012));
#773 = CARTESIAN_POINT('',(9.516213272464E-02,-0.478412348001,11.02551)
  );
#774 = CARTESIAN_POINT('',(0.634414218164,-3.189415653343,13.1012));
#775 = DEFINITIONAL_REPRESENTATION('',(#776),#779);
#776 = B_SPLINE_CURVE_WITH_KNOTS('',1,(#777,#778),.UNSPECIFIED.,.F.,.F.,
  (2,2),(0.,9.562258159131E-02),.PIECEWISE_BEZIER_KNOTS.);
#777 = CARTESIAN_POINT('',(0.,0.));
#778 = CARTESIAN_POINT('',(0.637483877275,0.));
#779 = ( GEOMETRIC_REPRESENTATION_CONTEXT(2) 
PARAMETRIC_REPRESENTATION_CONTEXT() REPRESENTATION_CONTEXT('2D SPACE',''
  ) );
#780 = ORIENTED_EDGE('',*,*,#781,.T.);
#781 = EDGE_CURVE('',#755,#782,#784,.T.);
#782 = VERTEX_POINT('',#783);
#783 = CARTESIAN_POINT('',(0.186667238056,-0.450654577766,11.02551));
#784 = SURFACE_CURVE('',#785,(#789,#796),.PCURVE_S1.);
#785 = LINE('',#786,#787);
#786 = CARTESIAN_POINT('',(9.516213272464E-02,-0.478412348001,11.02551)
  );
#787 = VECTOR('',#788,1.);
#788 = DIRECTION('',(0.956940335732,0.290284677254,0.));
#789 = PCURVE('',#43,#790);
#790 = DEFINITIONAL_REPRESENTATION('',(#791),#795);
#791 = LINE('',#792,#793);
#792 = CARTESIAN_POINT('',(0.392622867275,-0.478412348001));
#793 = VECTOR('',#794,1.);
#794 = DIRECTION('',(-0.956940335732,0.290284677254));
#795 = ( GEOMETRIC_REPRESENTATION_CONTEXT(2) 
PARAMETRIC_REPRESENTATION_CONTEXT() REPRESENTATION_CONTEXT('2D SPACE',''
  ) );
#796 = PCURVE('',#797,#802);
#797 = B_SPLINE_SURFACE_WITH_KNOTS('',1,1,(
    (#798,#799)
    ,(#800,#801
    )),.UNSPECIFIED.,.F.,.F.,.F.,(2,2),(2,2),(0.,0.637483877275),(0.,1.)
  ,.PIECEWISE_BEZIER_KNOTS.);
#798 = CARTESIAN_POINT('',(9.516213272464E-02,-0.478412348001,11.02551)
  );
#799 = CARTESIAN_POINT('',(0.634414218164,-3.189415653343,13.1012));
#800 = CARTESIAN_POINT('',(0.186667238056,-0.450654577766,11.02551));
#801 = CARTESIAN_POINT('',(1.244448253708,-3.004363851773,13.1012));
#802 = DEFINITIONAL_REPRESENTATION('',(#803),#806);
#803 = B_SPLINE_CURVE_WITH_KNOTS('',1,(#804,#805),.UNSPECIFIED.,.F.,.F.,
  (2,2),(0.,9.562258159131E-02),.PIECEWISE_BEZIER_KNOTS.);
#804 = CARTESIAN_POINT('',(0.,0.));
#805 = CARTESIAN_POINT('',(0.637483877275,0.));
#806 = ( GEOMETRIC_REPRESENTATION_CONTEXT(2) 
PARAMETRIC_REPRESENTATION_CONTEXT() REPRESENTATION_CONTEXT('2D SPACE',''
  ) );
#807 = ORIENTED_EDGE('',*,*,#808,.T.);
#808 = EDGE_CURVE('',#782,#809,#811,.T.);
#809 = VERTEX_POINT('',#810);
#810 = CARTESIAN_POINT('',(0.270998826113,-0.405578404837,11.02551));
#811 = SURFACE_CURVE('',#812,(#816,#823),.PCURVE_S1.);
#812 = LINE('',#813,#814);
#813 = CARTESIAN_POINT('',(0.186667238056,-0.450654577766,11.02551));
#814 = VECTOR('',#815,1.);
#815 = DIRECTION('',(0.881921264348,0.471396736826,0.));
#816 = PCURVE('',#43,#817);
#817 = DEFINITIONAL_REPRESENTATION('',(#818),#822);
#818 = LINE('',#819,#820);
#819 = CARTESIAN_POINT('',(0.301117761944,-0.450654577766));
#820 = VECTOR('',#821,1.);
#821 = DIRECTION('',(-0.881921264348,0.471396736826));
#822 = ( GEOMETRIC_REPRESENTATION_CONTEXT(2) 
PARAMETRIC_REPRESENTATION_CONTEXT() REPRESENTATION_CONTEXT('2D SPACE',''
  ) );
#823 = PCURVE('',#824,#829);
#824 = B_SPLINE_SURFACE_WITH_KNOTS('',1,1,(
    (#825,#826)
    ,(#827,#828
    )),.UNSPECIFIED.,.F.,.F.,.F.,(2,2),(2,2),(0.,0.637483877275),(0.,1.)
  ,.PIECEWISE_BEZIER_KNOTS.);
#825 = CARTESIAN_POINT('',(0.186667238056,-0.450654577766,11.02551));
#826 = CARTESIAN_POINT('',(1.244448253708,-3.004363851773,13.1012));
#827 = CARTESIAN_POINT('',(0.270998826113,-0.405578404837,11.02551));
#828 = CARTESIAN_POINT('',(1.806658840756,-2.703856032247,13.1012));
#829 = DEFINITIONAL_REPRESENTATION('',(#830),#833);
#830 = B_SPLINE_CURVE_WITH_KNOTS('',1,(#831,#832),.UNSPECIFIED.,.F.,.F.,
  (2,2),(0.,9.562258159131E-02),.PIECEWISE_BEZIER_KNOTS.);
#831 = CARTESIAN_POINT('',(0.,0.));
#832 = CARTESIAN_POINT('',(0.637483877275,0.));
#833 = ( GEOMETRIC_REPRESENTATION_CONTEXT(2) 
PARAMETRIC_REPRESENTATION_CONTEXT() REPRESENTATION_CONTEXT('2D SPACE',''
  ) );
#834 = ORIENTED_EDGE('',*,*,#835,.T.);
#835 = EDGE_CURVE('',#809,#836,#838,.T.);
#836 = VERTEX_POINT('',#837);
#837 = CARTESIAN_POINT('',(0.344916081261,-0.344916081261,11.02551));
#838 = SURFACE_CURVE('',#839,(#843,#850),.PCURVE_S1.);
#839 = LINE('',#840,#841);
#840 = CARTESIAN_POINT('',(0.270998826113,-0.405578404837,11.02551));
#841 = VECTOR('',#842,1.);
#842 = DIRECTION('',(0.773010453363,0.634393284164,0.));
#843 = PCURVE('',#43,#844);
#844 = DEFINITIONAL_REPRESENTATION('',(#845),#849);
#845 = LINE('',#846,#847);
#846 = CARTESIAN_POINT('',(0.216786173887,-0.405578404837));
#847 = VECTOR('',#848,1.);
#848 = DIRECTION('',(-0.773010453363,0.634393284164));
#849 = ( GEOMETRIC_REPRESENTATION_CONTEXT(2) 
PARAMETRIC_REPRESENTATION_CONTEXT() REPRESENTATION_CONTEXT('2D SPACE',''
  ) );
#850 = PCURVE('',#851,#856);
#851 = B_SPLINE_SURFACE_WITH_KNOTS('',1,1,(
    (#852,#853)
    ,(#854,#855
    )),.UNSPECIFIED.,.F.,.F.,.F.,(2,2),(2,2),(0.,0.637483877275),(0.,1.)
  ,.PIECEWISE_BEZIER_KNOTS.);
#852 = CARTESIAN_POINT('',(0.270998826113,-0.405578404837,11.02551));
#853 = CARTESIAN_POINT('',(1.806658840756,-2.703856032247,13.1012));
#854 = CARTESIAN_POINT('',(0.344916081261,-0.344916081261,11.02551));
#855 = CARTESIAN_POINT('',(2.299440541741,-2.299440541741,13.1012));
#856 = DEFINITIONAL_REPRESENTATION('',(#857),#860);
#857 = B_SPLINE_CURVE_WITH_KNOTS('',1,(#858,#859),.UNSPECIFIED.,.F.,.F.,
  (2,2),(0.,9.562258159131E-02),.PIECEWISE_BEZIER_KNOTS.);
#858 = CARTESIAN_POINT('',(0.,0.));
#859 = CARTESIAN_POINT('',(0.637483877275,0.));
#860 = ( GEOMETRIC_REPRESENTATION_CONTEXT(2) 
PARAMETRIC_REPRESENTATION_CONTEXT() REPRESENTATION_CONTEXT('2D SPACE',''
  ) );
#861 = ORIENTED_EDGE('',*,*,#862,.T.);
#862 = EDGE_CURVE('',#836,#863,#865,.T.);
#863 = VERTEX_POINT('',#864);
#864 = CARTESIAN_POINT('',(0.405578404837,-0.270998826113,11.02551));
#865 = SURFACE_CURVE('',#866,(#870,#877),.PCURVE_S1.);
#866 = LINE('',#867,#868);
#867 = CARTESIAN_POINT('',(0.344916081261,-0.344916081261,11.02551));
#868 = VECTOR('',#869,1.);
#869 = DIRECTION('',(0.634393284164,0.773010453363,0.));
#870 = PCURVE('',#43,#871);
#871 = DEFINITIONAL_REPRESENTATION('',(#872),#876);
#872 = LINE('',#873,#874);
#873 = CARTESIAN_POINT('',(0.142868918739,-0.344916081261));
#874 = VECTOR('',#875,1.);
#875 = DIRECTION('',(-0.634393284164,0.773010453363));
#876 = ( GEOMETRIC_REPRESENTATION_CONTEXT(2) 
PARAMETRIC_REPRESENTATION_CONTEXT() REPRESENTATION_CONTEXT('2D SPACE',''
  ) );
#877 = PCURVE('',#878,#883);
#878 = B_SPLINE_SURFACE_WITH_KNOTS('',1,1,(
    (#879,#880)
    ,(#881,#882
    )),.UNSPECIFIED.,.F.,.F.,.F.,(2,2),(2,2),(0.,0.637483877275),(0.,1.)
  ,.PIECEWISE_BEZIER_KNOTS.);
#879 = CARTESIAN_POINT('',(0.344916081261,-0.344916081261,11.02551));
#880 = CARTESIAN_POINT('',(2.299440541741,-2.299440541741,13.1012));
#881 = CARTESIAN_POINT('',(0.405578404837,-0.270998826113,11.02551));
#882 = CARTESIAN_POINT('',(2.703856032247,-1.806658840756,13.1012));
#883 = DEFINITIONAL_REPRESENTATION('',(#884),#887);
#884 = B_SPLINE_CURVE_WITH_KNOTS('',1,(#885,#886),.UNSPECIFIED.,.F.,.F.,
  (2,2),(0.,9.562258159131E-02),.PIECEWISE_BEZIER_KNOTS.);
#885 = CARTESIAN_POINT('',(0.,0.));
#886 = CARTESIAN_POINT('',(0.637483877275,0.));
#887 = ( GEOMETRIC_REPRESENTATION_CONTEXT(2) 
PARAMETRIC_REPRESENTATION_CONTEXT() REPRESENTATION_CONTEXT('2D SPACE',''
  ) );
#888 = ORIENTED_EDGE('',*,*,#889,.T.);
#889 = EDGE_CURVE('',#863,#890,#892,.T.);
#890 = VERTEX_POINT('',#891);
#891 = CARTESIAN_POINT('',(0.450654577766,-0.186667238056,11.02551));
#892 = SURFACE_CURVE('',#893,(#897,#904),.PCURVE_S1.);
#893 = LINE('',#894,#895);
#894 = CARTESIAN_POINT('',(0.405578404837,-0.270998826113,11.02551));
#895 = VECTOR('',#896,1.);
#896 = DIRECTION('',(0.471396736826,0.881921264348,0.));
#897 = PCURVE('',#43,#898);
#898 = DEFINITIONAL_REPRESENTATION('',(#899),#903);
#899 = LINE('',#900,#901);
#900 = CARTESIAN_POINT('',(8.2206595163E-02,-0.270998826113));
#901 = VECTOR('',#902,1.);
#902 = DIRECTION('',(-0.471396736826,0.881921264348));
#903 = ( GEOMETRIC_REPRESENTATION_CONTEXT(2) 
PARAMETRIC_REPRESENTATION_CONTEXT() REPRESENTATION_CONTEXT('2D SPACE',''
  ) );
#904 = PCURVE('',#905,#910);
#905 = B_SPLINE_SURFACE_WITH_KNOTS('',1,1,(
    (#906,#907)
    ,(#908,#909
    )),.UNSPECIFIED.,.F.,.F.,.F.,(2,2),(2,2),(0.,0.637483877275),(0.,1.)
  ,.PIECEWISE_BEZIER_KNOTS.);
#906 = CARTESIAN_POINT('',(0.405578404837,-0.270998826113,11.02551));
#907 = CARTESIAN_POINT('',(2.703856032247,-1.806658840756,13.1012));
#908 = CARTESIAN_POINT('',(0.450654577766,-0.186667238056,11.02551));
#909 = CARTESIAN_POINT('',(3.004363851773,-1.244448253708,13.1012));
#910 = DEFINITIONAL_REPRESENTATION('',(#911),#914);
#911 = B_SPLINE_CURVE_WITH_KNOTS('',1,(#912,#913),.UNSPECIFIED.,.F.,.F.,
  (2,2),(0.,9.562258159131E-02),.PIECEWISE_BEZIER_KNOTS.);
#912 = CARTESIAN_POINT('',(0.,0.));
#913 = CARTESIAN_POINT('',(0.637483877275,0.));
#914 = ( GEOMETRIC_REPRESENTATION_CONTEXT(2) 
PARAMETRIC_REPRESENTATION_CONTEXT() REPRESENTATION_CONTEXT('2D SPACE',''
  ) );
#915 = ORIENTED_EDGE('',*,*,#916,.T.);
#916 = EDGE_CURVE('',#890,#917,#919,.T.);
#917 = VERTEX_POINT('',#918);
#918 = CARTESIAN_POINT('',(0.478412348001,-9.516213272464E-02,11.02551)
  );
#919 = SURFACE_CURVE('',#920,(#924,#931),.PCURVE_S1.);
#920 = LINE('',#921,#922);
#921 = CARTESIAN_POINT('',(0.450654577766,-0.186667238056,11.02551));
#922 = VECTOR('',#923,1.);
#923 = DIRECTION('',(0.290284677254,0.956940335732,0.));
#924 = PCURVE('',#43,#925);
#925 = DEFINITIONAL_REPRESENTATION('',(#926),#930);
#926 = LINE('',#927,#928);
#927 = CARTESIAN_POINT('',(3.713042223398E-02,-0.186667238056));
#928 = VECTOR('',#929,1.);
#929 = DIRECTION('',(-0.290284677254,0.956940335732));
#930 = ( GEOMETRIC_REPRESENTATION_CONTEXT(2) 
PARAMETRIC_REPRESENTATION_CONTEXT() REPRESENTATION_CONTEXT('2D SPACE',''
  ) );
#931 = PCURVE('',#932,#937);
#932 = B_SPLINE_SURFACE_WITH_KNOTS('',1,1,(
    (#933,#934)
    ,(#935,#936
    )),.UNSPECIFIED.,.F.,.F.,.F.,(2,2),(2,2),(0.,0.637483877275),(0.,1.)
  ,.PIECEWISE_BEZIER_KNOTS.);
#933 = CARTESIAN_POINT('',(0.450654577766,-0.186667238056,11.02551));
#934 = CARTESIAN_POINT('',(3.004363851773,-1.244448253708,13.1012));
#935 = CARTESIAN_POINT('',(0.478412348001,-9.516213272464E-02,11.02551)
  );
#936 = CARTESIAN_POINT('',(3.189415653343,-0.634414218164,13.1012));
#937 = DEFINITIONAL_REPRESENTATION('',(#938),#941);
#938 = B_SPLINE_CURVE_WITH_KNOTS('',1,(#939,#940),.UNSPECIFIED.,.F.,.F.,
  (2,2),(0.,9.562258159131E-02),.PIECEWISE_BEZIER_KNOTS.);
#939 = CARTESIAN_POINT('',(0.,0.));
#940 = CARTESIAN_POINT('',(0.637483877275,0.));
#941 = ( GEOMETRIC_REPRESENTATION_CONTEXT(2) 
PARAMETRIC_REPRESENTATION_CONTEXT() REPRESENTATION_CONTEXT('2D SPACE',''
  ) );
#942 = ORIENTED_EDGE('',*,*,#943,.T.);
#943 = EDGE_CURVE('',#917,#22,#944,.T.);
#944 = SURFACE_CURVE('',#945,(#949,#956),.PCURVE_S1.);
#945 = LINE('',#946,#947);
#946 = CARTESIAN_POINT('',(0.478412348001,-9.516213272464E-02,11.02551)
  );
#947 = VECTOR('',#948,1.);
#948 = DIRECTION('',(9.801714032956E-02,0.995184726672,0.));
#949 = PCURVE('',#43,#950);
#950 = DEFINITIONAL_REPRESENTATION('',(#951),#955);
#951 = LINE('',#952,#953);
#952 = CARTESIAN_POINT('',(9.37265199851E-03,-9.516213272464E-02));
#953 = VECTOR('',#954,1.);
#954 = DIRECTION('',(-9.801714032956E-02,0.995184726672));
#955 = ( GEOMETRIC_REPRESENTATION_CONTEXT(2) 
PARAMETRIC_REPRESENTATION_CONTEXT() REPRESENTATION_CONTEXT('2D SPACE',''
  ) );
#956 = PCURVE('',#122,#957);
#957 = DEFINITIONAL_REPRESENTATION('',(#958),#961);
#958 = B_SPLINE_CURVE_WITH_KNOTS('',1,(#959,#960),.UNSPECIFIED.,.F.,.F.,
  (2,2),(0.,9.562258159131E-02),.PIECEWISE_BEZIER_KNOTS.);
#959 = CARTESIAN_POINT('',(0.,0.));
#960 = CARTESIAN_POINT('',(0.637483877275,0.));
#961 = ( GEOMETRIC_REPRESENTATION_CONTEXT(2) 
PARAMETRIC_REPRESENTATION_CONTEXT() REPRESENTATION_CONTEXT('2D SPACE',''
  ) );
#962 = ADVANCED_FACE('',(#963),#70,.T.);
#963 = FACE_BOUND('',#964,.T.);
#964 = EDGE_LOOP('',(#965,#966,#988,#1013));
#965 = ORIENTED_EDGE('',*,*,#138,.T.);
#966 = ORIENTED_EDGE('',*,*,#967,.T.);
#967 = EDGE_CURVE('',#139,#968,#970,.T.);
#968 = VERTEX_POINT('',#969);
#969 = CARTESIAN_POINT('',(3.004363851773,1.244448253708,13.1012));
#970 = SURFACE_CURVE('',#971,(#974,#981),.PCURVE_S1.);
#971 = B_SPLINE_CURVE_WITH_KNOTS('',1,(#972,#973),.UNSPECIFIED.,.F.,.F.,
  (2,2),(0.,1.),.PIECEWISE_BEZIER_KNOTS.);
#972 = CARTESIAN_POINT('',(0.450654577766,0.186667238056,11.02551));
#973 = CARTESIAN_POINT('',(3.004363851773,1.244448253708,13.1012));
#974 = PCURVE('',#70,#975);
#975 = DEFINITIONAL_REPRESENTATION('',(#976),#980);
#976 = LINE('',#977,#978);
#977 = CARTESIAN_POINT('',(0.637483877275,0.));
#978 = VECTOR('',#979,1.);
#979 = DIRECTION('',(0.,1.));
#980 = ( GEOMETRIC_REPRESENTATION_CONTEXT(2) 
PARAMETRIC_REPRESENTATION_CONTEXT() REPRESENTATION_CONTEXT('2D SPACE',''
  ) );
#981 = PCURVE('',#176,#982);
#982 = DEFINITIONAL_REPRESENTATION('',(#983),#987);
#983 = LINE('',#984,#985);
#984 = CARTESIAN_POINT('',(0.,0.));
#985 = VECTOR('',#986,1.);
#986 = DIRECTION('',(0.,1.));
#987 = ( GEOMETRIC_REPRESENTATION_CONTEXT(2) 
PARAMETRIC_REPRESENTATION_CONTEXT() REPRESENTATION_CONTEXT('2D SPACE',''
  ) );
#988 = ORIENTED_EDGE('',*,*,#989,.F.);
#989 = EDGE_CURVE('',#56,#968,#990,.T.);
#990 = SURFACE_CURVE('',#991,(#995,#1002),.PCURVE_S1.);
#991 = LINE('',#992,#993);
#992 = CARTESIAN_POINT('',(3.189415653343,0.634414218164,13.1012));
#993 = VECTOR('',#994,1.);
#994 = DIRECTION('',(-0.290284677254,0.956940335732,0.));
#995 = PCURVE('',#70,#996);
#996 = DEFINITIONAL_REPRESENTATION('',(#997),#1001);
#997 = LINE('',#998,#999);
#998 = CARTESIAN_POINT('',(0.,1.));
#999 = VECTOR('',#1000,1.);
#1000 = DIRECTION('',(1.,0.));
#1001 = ( GEOMETRIC_REPRESENTATION_CONTEXT(2) 
PARAMETRIC_REPRESENTATION_CONTEXT() REPRESENTATION_CONTEXT('2D SPACE',''
  ) );
#1002 = PCURVE('',#1003,#1008);
#1003 = B_SPLINE_SURFACE_WITH_KNOTS('',1,1,(
    (#1004,#1005)
    ,(#1006,#1007
    )),.UNSPECIFIED.,.F.,.F.,.F.,(2,2),(2,2),(0.,0.637483877275),(0.,1.)
  ,.PIECEWISE_BEZIER_KNOTS.);
#1004 = CARTESIAN_POINT('',(3.189415653343,0.634414218164,13.1012));
#1005 = CARTESIAN_POINT('',(1.722284452805,0.342583677809,14.4412));
#1006 = CARTESIAN_POINT('',(3.004363851773,1.244448253708,13.1012));
#1007 = CARTESIAN_POINT('',(1.622356479958,0.672002057002,14.4412));
#1008 = DEFINITIONAL_REPRESENTATION('',(#1009),#1012);
#1009 = B_SPLINE_CURVE_WITH_KNOTS('',1,(#1010,#1011),.UNSPECIFIED.,.F.,
  .F.,(2,2),(0.,0.637483877275),.PIECEWISE_BEZIER_KNOTS.);
#1010 = CARTESIAN_POINT('',(0.,0.));
#1011 = CARTESIAN_POINT('',(0.637483877275,0.));
#1012 = ( GEOMETRIC_REPRESENTATION_CONTEXT(2) 
PARAMETRIC_REPRESENTATION_CONTEXT() REPRESENTATION_CONTEXT('2D SPACE',''
  ) );
#1013 = ORIENTED_EDGE('',*,*,#55,.F.);
#1014 = ADVANCED_FACE('',(#1015),#98,.T.);
#1015 = FACE_BOUND('',#1016,.T.);
#1016 = EDGE_LOOP('',(#1017,#1018,#1040,#1067));
#1017 = ORIENTED_EDGE('',*,*,#82,.T.);
#1018 = ORIENTED_EDGE('',*,*,#1019,.T.);
#1019 = EDGE_CURVE('',#56,#1020,#1022,.T.);
#1020 = VERTEX_POINT('',#1021);
#1021 = CARTESIAN_POINT('',(1.722284452805,0.342583677809,14.4412));
#1022 = SURFACE_CURVE('',#1023,(#1026,#1033),.PCURVE_S1.);
#1023 = B_SPLINE_CURVE_WITH_KNOTS('',1,(#1024,#1025),.UNSPECIFIED.,.F.,
  .F.,(2,2),(0.,1.),.PIECEWISE_BEZIER_KNOTS.);
#1024 = CARTESIAN_POINT('',(3.189415653343,0.634414218164,13.1012));
#1025 = CARTESIAN_POINT('',(1.722284452805,0.342583677809,14.4412));
#1026 = PCURVE('',#98,#1027);
#1027 = DEFINITIONAL_REPRESENTATION('',(#1028),#1032);
#1028 = LINE('',#1029,#1030);
#1029 = CARTESIAN_POINT('',(0.637483877275,0.));
#1030 = VECTOR('',#1031,1.);
#1031 = DIRECTION('',(0.,1.));
#1032 = ( GEOMETRIC_REPRESENTATION_CONTEXT(2) 
PARAMETRIC_REPRESENTATION_CONTEXT() REPRESENTATION_CONTEXT('2D SPACE',''
  ) );
#1033 = PCURVE('',#1003,#1034);
#1034 = DEFINITIONAL_REPRESENTATION('',(#1035),#1039);
#1035 = LINE('',#1036,#1037);
#1036 = CARTESIAN_POINT('',(0.,0.));
#1037 = VECTOR('',#1038,1.);
#1038 = DIRECTION('',(0.,1.));
#1039 = ( GEOMETRIC_REPRESENTATION_CONTEXT(2) 
PARAMETRIC_REPRESENTATION_CONTEXT() REPRESENTATION_CONTEXT('2D SPACE',''
  ) );
#1040 = ORIENTED_EDGE('',*,*,#1041,.F.);
#1041 = EDGE_CURVE('',#1042,#1020,#1044,.T.);
#1042 = VERTEX_POINT('',#1043);
#1043 = CARTESIAN_POINT('',(1.756026,0.,14.4412));
#1044 = SURFACE_CURVE('',#1045,(#1049,#1055),.PCURVE_S1.);
#1045 = LINE('',#1046,#1047);
#1046 = CARTESIAN_POINT('',(1.756026,0.,14.4412));
#1047 = VECTOR('',#1048,1.);
#1048 = DIRECTION('',(-9.801714032956E-02,0.995184726672,0.));
#1049 = PCURVE('',#98,#1050);
#1050 = DEFINITIONAL_REPRESENTATION('',(#1051),#1054);
#1051 = B_SPLINE_CURVE_WITH_KNOTS('',1,(#1052,#1053),.UNSPECIFIED.,.F.,
  .F.,(2,2),(0.,0.344241293729),.PIECEWISE_BEZIER_KNOTS.);
#1052 = CARTESIAN_POINT('',(0.,1.));
#1053 = CARTESIAN_POINT('',(0.637483877275,1.));
#1054 = ( GEOMETRIC_REPRESENTATION_CONTEXT(2) 
PARAMETRIC_REPRESENTATION_CONTEXT() REPRESENTATION_CONTEXT('2D SPACE',''
  ) );
#1055 = PCURVE('',#1056,#1061);
#1056 = PLANE('',#1057);
#1057 = AXIS2_PLACEMENT_3D('',#1058,#1059,#1060);
#1058 = CARTESIAN_POINT('',(1.756026,0.,14.4412));
#1059 = DIRECTION('',(0.,0.,-1.));
#1060 = DIRECTION('',(-1.,4.74177072816E-17,0.));
#1061 = DEFINITIONAL_REPRESENTATION('',(#1062),#1066);
#1062 = LINE('',#1063,#1064);
#1063 = CARTESIAN_POINT('',(0.,0.));
#1064 = VECTOR('',#1065,1.);
#1065 = DIRECTION('',(9.801714032956E-02,0.995184726672));
#1066 = ( GEOMETRIC_REPRESENTATION_CONTEXT(2) 
PARAMETRIC_REPRESENTATION_CONTEXT() REPRESENTATION_CONTEXT('2D SPACE',''
  ) );
#1067 = ORIENTED_EDGE('',*,*,#1068,.F.);
#1068 = EDGE_CURVE('',#83,#1042,#1069,.T.);
#1069 = SURFACE_CURVE('',#1070,(#1073,#1080),.PCURVE_S1.);
#1070 = B_SPLINE_CURVE_WITH_KNOTS('',1,(#1071,#1072),.UNSPECIFIED.,.F.,
  .F.,(2,2),(0.,1.),.PIECEWISE_BEZIER_KNOTS.);
#1071 = CARTESIAN_POINT('',(3.2519,0.,13.1012));
#1072 = CARTESIAN_POINT('',(1.756026,0.,14.4412));
#1073 = PCURVE('',#98,#1074);
#1074 = DEFINITIONAL_REPRESENTATION('',(#1075),#1079);
#1075 = LINE('',#1076,#1077);
#1076 = CARTESIAN_POINT('',(0.,0.));
#1077 = VECTOR('',#1078,1.);
#1078 = DIRECTION('',(0.,1.));
#1079 = ( GEOMETRIC_REPRESENTATION_CONTEXT(2) 
PARAMETRIC_REPRESENTATION_CONTEXT() REPRESENTATION_CONTEXT('2D SPACE',''
  ) );
#1080 = PCURVE('',#1081,#1086);
#1081 = B_SPLINE_SURFACE_WITH_KNOTS('',1,1,(
    (#1082,#1083)
    ,(#1084,#1085
    )),.UNSPECIFIED.,.F.,.F.,.F.,(2,2),(2,2),(0.,0.637483877275),(0.,1.)
  ,.PIECEWISE_BEZIER_KNOTS.);
#1082 = CARTESIAN_POINT('',(3.189415653343,-0.634414218164,13.1012));
#1083 = CARTESIAN_POINT('',(1.722284452805,-0.342583677809,14.4412));
#1084 = CARTESIAN_POINT('',(3.2519,0.,13.1012));
#1085 = CARTESIAN_POINT('',(1.756026,0.,14.4412));
#1086 = DEFINITIONAL_REPRESENTATION('',(#1087),#1091);
#1087 = LINE('',#1088,#1089);
#1088 = CARTESIAN_POINT('',(0.637483877275,0.));
#1089 = VECTOR('',#1090,1.);
#1090 = DIRECTION('',(0.,1.));
#1091 = ( GEOMETRIC_REPRESENTATION_CONTEXT(2) 
PARAMETRIC_REPRESENTATION_CONTEXT() REPRESENTATION_CONTEXT('2D SPACE',''
  ) );
#1092 = ADVANCED_FACE('',(#1093),#122,.T.);
#1093 = FACE_BOUND('',#1094,.T.);
#1094 = EDGE_LOOP('',(#1095,#1096,#1097,#1119));
#1095 = ORIENTED_EDGE('',*,*,#943,.T.);
#1096 = ORIENTED_EDGE('',*,*,#109,.T.);
#1097 = ORIENTED_EDGE('',*,*,#1098,.F.);
#1098 = EDGE_CURVE('',#1099,#83,#1101,.T.);
#1099 = VERTEX_POINT('',#1100);
#1100 = CARTESIAN_POINT('',(3.189415653343,-0.634414218164,13.1012));
#1101 = SURFACE_CURVE('',#1102,(#1106,#1113),.PCURVE_S1.);
#1102 = LINE('',#1103,#1104);
#1103 = CARTESIAN_POINT('',(3.189415653343,-0.634414218164,13.1012));
#1104 = VECTOR('',#1105,1.);
#1105 = DIRECTION('',(9.801714032956E-02,0.995184726672,0.));
#1106 = PCURVE('',#122,#1107);
#1107 = DEFINITIONAL_REPRESENTATION('',(#1108),#1112);
#1108 = LINE('',#1109,#1110);
#1109 = CARTESIAN_POINT('',(0.,1.));
#1110 = VECTOR('',#1111,1.);
#1111 = DIRECTION('',(1.,0.));
#1112 = ( GEOMETRIC_REPRESENTATION_CONTEXT(2) 
PARAMETRIC_REPRESENTATION_CONTEXT() REPRESENTATION_CONTEXT('2D SPACE',''
  ) );
#1113 = PCURVE('',#1081,#1114);
#1114 = DEFINITIONAL_REPRESENTATION('',(#1115),#1118);
#1115 = B_SPLINE_CURVE_WITH_KNOTS('',1,(#1116,#1117),.UNSPECIFIED.,.F.,
  .F.,(2,2),(0.,0.637483877275),.PIECEWISE_BEZIER_KNOTS.);
#1116 = CARTESIAN_POINT('',(0.,0.));
#1117 = CARTESIAN_POINT('',(0.637483877275,0.));
#1118 = ( GEOMETRIC_REPRESENTATION_CONTEXT(2) 
PARAMETRIC_REPRESENTATION_CONTEXT() REPRESENTATION_CONTEXT('2D SPACE',''
  ) );
#1119 = ORIENTED_EDGE('',*,*,#1120,.F.);
#1120 = EDGE_CURVE('',#917,#1099,#1121,.T.);
#1121 = SURFACE_CURVE('',#1122,(#1125,#1132),.PCURVE_S1.);
#1122 = B_SPLINE_CURVE_WITH_KNOTS('',1,(#1123,#1124),.UNSPECIFIED.,.F.,
  .F.,(2,2),(0.,1.),.PIECEWISE_BEZIER_KNOTS.);
#1123 = CARTESIAN_POINT('',(0.478412348001,-9.516213272464E-02,11.02551)
  );
#1124 = CARTESIAN_POINT('',(3.189415653343,-0.634414218164,13.1012));
#1125 = PCURVE('',#122,#1126);
#1126 = DEFINITIONAL_REPRESENTATION('',(#1127),#1131);
#1127 = LINE('',#1128,#1129);
#1128 = CARTESIAN_POINT('',(0.,0.));
#1129 = VECTOR('',#1130,1.);
#1130 = DIRECTION('',(0.,1.));
#1131 = ( GEOMETRIC_REPRESENTATION_CONTEXT(2) 
PARAMETRIC_REPRESENTATION_CONTEXT() REPRESENTATION_CONTEXT('2D SPACE',''
  ) );
#1132 = PCURVE('',#932,#1133);
#1133 = DEFINITIONAL_REPRESENTATION('',(#1134),#1138);
#1134 = LINE('',#1135,#1136);
#1135 = CARTESIAN_POINT('',(0.637483877275,0.));
#1136 = VECTOR('',#1137,1.);
#1137 = DIRECTION('',(0.,1.));
#1138 = ( GEOMETRIC_REPRESENTATION_CONTEXT(2) 
PARAMETRIC_REPRESENTATION_CONTEXT() REPRESENTATION_CONTEXT('2D SPACE',''
  ) );
#1139 = ADVANCED_FACE('',(#1140),#176,.T.);
#1140 = FACE_BOUND('',#1141,.T.);
#1141 = EDGE_LOOP('',(#1142,#1143,#1165,#1190));
#1142 = ORIENTED_EDGE('',*,*,#160,.T.);
#1143 = ORIENTED_EDGE('',*,*,#1144,.T.);
#1144 = EDGE_CURVE('',#161,#1145,#1147,.T.);
#1145 = VERTEX_POINT('',#1146);
#1146 = CARTESIAN_POINT('',(2.703856032247,1.806658840756,13.1012));
#1147 = SURFACE_CURVE('',#1148,(#1151,#1158),.PCURVE_S1.);
#1148 = B_SPLINE_CURVE_WITH_KNOTS('',1,(#1149,#1150),.UNSPECIFIED.,.F.,
  .F.,(2,2),(0.,1.),.PIECEWISE_BEZIER_KNOTS.);
#1149 = CARTESIAN_POINT('',(0.405578404837,0.270998826113,11.02551));
#1150 = CARTESIAN_POINT('',(2.703856032247,1.806658840756,13.1012));
#1151 = PCURVE('',#176,#1152);
#1152 = DEFINITIONAL_REPRESENTATION('',(#1153),#1157);
#1153 = LINE('',#1154,#1155);
#1154 = CARTESIAN_POINT('',(0.637483877275,0.));
#1155 = VECTOR('',#1156,1.);
#1156 = DIRECTION('',(0.,1.));
#1157 = ( GEOMETRIC_REPRESENTATION_CONTEXT(2) 
PARAMETRIC_REPRESENTATION_CONTEXT() REPRESENTATION_CONTEXT('2D SPACE',''
  ) );
#1158 = PCURVE('',#203,#1159);
#1159 = DEFINITIONAL_REPRESENTATION('',(#1160),#1164);
#1160 = LINE('',#1161,#1162);
#1161 = CARTESIAN_POINT('',(0.,0.));
#1162 = VECTOR('',#1163,1.);
#1163 = DIRECTION('',(0.,1.));
#1164 = ( GEOMETRIC_REPRESENTATION_CONTEXT(2) 
PARAMETRIC_REPRESENTATION_CONTEXT() REPRESENTATION_CONTEXT('2D SPACE',''
  ) );
#1165 = ORIENTED_EDGE('',*,*,#1166,.F.);
#1166 = EDGE_CURVE('',#968,#1145,#1167,.T.);
#1167 = SURFACE_CURVE('',#1168,(#1172,#1179),.PCURVE_S1.);
#1168 = LINE('',#1169,#1170);
#1169 = CARTESIAN_POINT('',(3.004363851773,1.244448253708,13.1012));
#1170 = VECTOR('',#1171,1.);
#1171 = DIRECTION('',(-0.471396736826,0.881921264348,0.));
#1172 = PCURVE('',#176,#1173);
#1173 = DEFINITIONAL_REPRESENTATION('',(#1174),#1178);
#1174 = LINE('',#1175,#1176);
#1175 = CARTESIAN_POINT('',(0.,1.));
#1176 = VECTOR('',#1177,1.);
#1177 = DIRECTION('',(1.,0.));
#1178 = ( GEOMETRIC_REPRESENTATION_CONTEXT(2) 
PARAMETRIC_REPRESENTATION_CONTEXT() REPRESENTATION_CONTEXT('2D SPACE',''
  ) );
#1179 = PCURVE('',#1180,#1185);
#1180 = B_SPLINE_SURFACE_WITH_KNOTS('',1,1,(
    (#1181,#1182)
    ,(#1183,#1184
    )),.UNSPECIFIED.,.F.,.F.,.F.,(2,2),(2,2),(0.,0.637483877275),(0.,1.)
  ,.PIECEWISE_BEZIER_KNOTS.);
#1181 = CARTESIAN_POINT('',(3.004363851773,1.244448253708,13.1012));
#1182 = CARTESIAN_POINT('',(1.622356479958,0.672002057002,14.4412));
#1183 = CARTESIAN_POINT('',(2.703856032247,1.806658840756,13.1012));
#1184 = CARTESIAN_POINT('',(1.460082257413,0.975595774008,14.4412));
#1185 = DEFINITIONAL_REPRESENTATION('',(#1186),#1189);
#1186 = B_SPLINE_CURVE_WITH_KNOTS('',1,(#1187,#1188),.UNSPECIFIED.,.F.,
  .F.,(2,2),(0.,0.637483877275),.PIECEWISE_BEZIER_KNOTS.);
#1187 = CARTESIAN_POINT('',(0.,0.));
#1188 = CARTESIAN_POINT('',(0.637483877275,0.));
#1189 = ( GEOMETRIC_REPRESENTATION_CONTEXT(2) 
PARAMETRIC_REPRESENTATION_CONTEXT() REPRESENTATION_CONTEXT('2D SPACE',''
  ) );
#1190 = ORIENTED_EDGE('',*,*,#967,.F.);
#1191 = ADVANCED_FACE('',(#1192),#203,.T.);
#1192 = FACE_BOUND('',#1193,.T.);
#1193 = EDGE_LOOP('',(#1194,#1195,#1217,#1242));
#1194 = ORIENTED_EDGE('',*,*,#187,.T.);
#1195 = ORIENTED_EDGE('',*,*,#1196,.T.);
#1196 = EDGE_CURVE('',#188,#1197,#1199,.T.);
#1197 = VERTEX_POINT('',#1198);
#1198 = CARTESIAN_POINT('',(2.299440541741,2.299440541741,13.1012));
#1199 = SURFACE_CURVE('',#1200,(#1203,#1210),.PCURVE_S1.);
#1200 = B_SPLINE_CURVE_WITH_KNOTS('',1,(#1201,#1202),.UNSPECIFIED.,.F.,
  .F.,(2,2),(0.,1.),.PIECEWISE_BEZIER_KNOTS.);
#1201 = CARTESIAN_POINT('',(0.344916081261,0.344916081261,11.02551));
#1202 = CARTESIAN_POINT('',(2.299440541741,2.299440541741,13.1012));
#1203 = PCURVE('',#203,#1204);
#1204 = DEFINITIONAL_REPRESENTATION('',(#1205),#1209);
#1205 = LINE('',#1206,#1207);
#1206 = CARTESIAN_POINT('',(0.637483877275,0.));
#1207 = VECTOR('',#1208,1.);
#1208 = DIRECTION('',(0.,1.));
#1209 = ( GEOMETRIC_REPRESENTATION_CONTEXT(2) 
PARAMETRIC_REPRESENTATION_CONTEXT() REPRESENTATION_CONTEXT('2D SPACE',''
  ) );
#1210 = PCURVE('',#230,#1211);
#1211 = DEFINITIONAL_REPRESENTATION('',(#1212),#1216);
#1212 = LINE('',#1213,#1214);
#1213 = CARTESIAN_POINT('',(0.,0.));
#1214 = VECTOR('',#1215,1.);
#1215 = DIRECTION('',(0.,1.));
#1216 = ( GEOMETRIC_REPRESENTATION_CONTEXT(2) 
PARAMETRIC_REPRESENTATION_CONTEXT() REPRESENTATION_CONTEXT('2D SPACE',''
  ) );
#1217 = ORIENTED_EDGE('',*,*,#1218,.F.);
#1218 = EDGE_CURVE('',#1145,#1197,#1219,.T.);
#1219 = SURFACE_CURVE('',#1220,(#1224,#1231),.PCURVE_S1.);
#1220 = LINE('',#1221,#1222);
#1221 = CARTESIAN_POINT('',(2.703856032247,1.806658840756,13.1012));
#1222 = VECTOR('',#1223,1.);
#1223 = DIRECTION('',(-0.634393284164,0.773010453363,0.));
#1224 = PCURVE('',#203,#1225);
#1225 = DEFINITIONAL_REPRESENTATION('',(#1226),#1230);
#1226 = LINE('',#1227,#1228);
#1227 = CARTESIAN_POINT('',(0.,1.));
#1228 = VECTOR('',#1229,1.);
#1229 = DIRECTION('',(1.,0.));
#1230 = ( GEOMETRIC_REPRESENTATION_CONTEXT(2) 
PARAMETRIC_REPRESENTATION_CONTEXT() REPRESENTATION_CONTEXT('2D SPACE',''
  ) );
#1231 = PCURVE('',#1232,#1237);
#1232 = B_SPLINE_SURFACE_WITH_KNOTS('',1,1,(
    (#1233,#1234)
    ,(#1235,#1236
    )),.UNSPECIFIED.,.F.,.F.,.F.,(2,2),(2,2),(0.,0.637483877275),(0.,1.)
  ,.PIECEWISE_BEZIER_KNOTS.);
#1233 = CARTESIAN_POINT('',(2.703856032247,1.806658840756,13.1012));
#1234 = CARTESIAN_POINT('',(1.460082257413,0.975595774008,14.4412));
#1235 = CARTESIAN_POINT('',(2.299440541741,2.299440541741,13.1012));
#1236 = CARTESIAN_POINT('',(1.24169789254,1.24169789254,14.4412));
#1237 = DEFINITIONAL_REPRESENTATION('',(#1238),#1241);
#1238 = B_SPLINE_CURVE_WITH_KNOTS('',1,(#1239,#1240),.UNSPECIFIED.,.F.,
  .F.,(2,2),(0.,0.637483877275),.PIECEWISE_BEZIER_KNOTS.);
#1239 = CARTESIAN_POINT('',(0.,0.));
#1240 = CARTESIAN_POINT('',(0.637483877275,0.));
#1241 = ( GEOMETRIC_REPRESENTATION_CONTEXT(2) 
PARAMETRIC_REPRESENTATION_CONTEXT() REPRESENTATION_CONTEXT('2D SPACE',''
  ) );
#1242 = ORIENTED_EDGE('',*,*,#1144,.F.);
#1243 = ADVANCED_FACE('',(#1244),#230,.T.);
#1244 = FACE_BOUND('',#1245,.T.);
#1245 = EDGE_LOOP('',(#1246,#1247,#1269,#1294));
#1246 = ORIENTED_EDGE('',*,*,#214,.T.);
#1247 = ORIENTED_EDGE('',*,*,#1248,.T.);
#1248 = EDGE_CURVE('',#215,#1249,#1251,.T.);
#1249 = VERTEX_POINT('',#1250);
#1250 = CARTESIAN_POINT('',(1.806658840756,2.703856032247,13.1012));
#1251 = SURFACE_CURVE('',#1252,(#1255,#1262),.PCURVE_S1.);
#1252 = B_SPLINE_CURVE_WITH_KNOTS('',1,(#1253,#1254),.UNSPECIFIED.,.F.,
  .F.,(2,2),(0.,1.),.PIECEWISE_BEZIER_KNOTS.);
#1253 = CARTESIAN_POINT('',(0.270998826113,0.405578404837,11.02551));
#1254 = CARTESIAN_POINT('',(1.806658840756,2.703856032247,13.1012));
#1255 = PCURVE('',#230,#1256);
#1256 = DEFINITIONAL_REPRESENTATION('',(#1257),#1261);
#1257 = LINE('',#1258,#1259);
#1258 = CARTESIAN_POINT('',(0.637483877275,0.));
#1259 = VECTOR('',#1260,1.);
#1260 = DIRECTION('',(0.,1.));
#1261 = ( GEOMETRIC_REPRESENTATION_CONTEXT(2) 
PARAMETRIC_REPRESENTATION_CONTEXT() REPRESENTATION_CONTEXT('2D SPACE',''
  ) );
#1262 = PCURVE('',#257,#1263);
#1263 = DEFINITIONAL_REPRESENTATION('',(#1264),#1268);
#1264 = LINE('',#1265,#1266);
#1265 = CARTESIAN_POINT('',(0.,0.));
#1266 = VECTOR('',#1267,1.);
#1267 = DIRECTION('',(0.,1.));
#1268 = ( GEOMETRIC_REPRESENTATION_CONTEXT(2) 
PARAMETRIC_REPRESENTATION_CONTEXT() REPRESENTATION_CONTEXT('2D SPACE',''
  ) );
#1269 = ORIENTED_EDGE('',*,*,#1270,.F.);
#1270 = EDGE_CURVE('',#1197,#1249,#1271,.T.);
#1271 = SURFACE_CURVE('',#1272,(#1276,#1283),.PCURVE_S1.);
#1272 = LINE('',#1273,#1274);
#1273 = CARTESIAN_POINT('',(2.299440541741,2.299440541741,13.1012));
#1274 = VECTOR('',#1275,1.);
#1275 = DIRECTION('',(-0.773010453363,0.634393284164,0.));
#1276 = PCURVE('',#230,#1277);
#1277 = DEFINITIONAL_REPRESENTATION('',(#1278),#1282);
#1278 = LINE('',#1279,#1280);
#1279 = CARTESIAN_POINT('',(0.,1.));
#1280 = VECTOR('',#1281,1.);
#1281 = DIRECTION('',(1.,0.));
#1282 = ( GEOMETRIC_REPRESENTATION_CONTEXT(2) 
PARAMETRIC_REPRESENTATION_CONTEXT() REPRESENTATION_CONTEXT('2D SPACE',''
  ) );
#1283 = PCURVE('',#1284,#1289);
#1284 = B_SPLINE_SURFACE_WITH_KNOTS('',1,1,(
    (#1285,#1286)
    ,(#1287,#1288
    )),.UNSPECIFIED.,.F.,.F.,.F.,(2,2),(2,2),(0.,0.637483877275),(0.,1.)
  ,.PIECEWISE_BEZIER_KNOTS.);
#1285 = CARTESIAN_POINT('',(2.299440541741,2.299440541741,13.1012));
#1286 = CARTESIAN_POINT('',(1.24169789254,1.24169789254,14.4412));
#1287 = CARTESIAN_POINT('',(1.806658840756,2.703856032247,13.1012));
#1288 = CARTESIAN_POINT('',(0.975595774008,1.460082257413,14.4412));
#1289 = DEFINITIONAL_REPRESENTATION('',(#1290),#1293);
#1290 = B_SPLINE_CURVE_WITH_KNOTS('',1,(#1291,#1292),.UNSPECIFIED.,.F.,
  .F.,(2,2),(0.,0.637483877275),.PIECEWISE_BEZIER_KNOTS.);
#1291 = CARTESIAN_POINT('',(0.,0.));
#1292 = CARTESIAN_POINT('',(0.637483877275,0.));
#1293 = ( GEOMETRIC_REPRESENTATION_CONTEXT(2) 
PARAMETRIC_REPRESENTATION_CONTEXT() REPRESENTATION_CONTEXT('2D SPACE',''
  ) );
#1294 = ORIENTED_EDGE('',*,*,#1196,.F.);
#1295 = ADVANCED_FACE('',(#1296),#257,.T.);
#1296 = FACE_BOUND('',#1297,.T.);
#1297 = EDGE_LOOP('',(#1298,#1299,#1321,#1346));
#1298 = ORIENTED_EDGE('',*,*,#241,.T.);
#1299 = ORIENTED_EDGE('',*,*,#1300,.T.);
#1300 = EDGE_CURVE('',#242,#1301,#1303,.T.);
#1301 = VERTEX_POINT('',#1302);
#1302 = CARTESIAN_POINT('',(1.244448253708,3.004363851773,13.1012));
#1303 = SURFACE_CURVE('',#1304,(#1307,#1314),.PCURVE_S1.);
#1304 = B_SPLINE_CURVE_WITH_KNOTS('',1,(#1305,#1306),.UNSPECIFIED.,.F.,
  .F.,(2,2),(0.,1.),.PIECEWISE_BEZIER_KNOTS.);
#1305 = CARTESIAN_POINT('',(0.186667238056,0.450654577766,11.02551));
#1306 = CARTESIAN_POINT('',(1.244448253708,3.004363851773,13.1012));
#1307 = PCURVE('',#257,#1308);
#1308 = DEFINITIONAL_REPRESENTATION('',(#1309),#1313);
#1309 = LINE('',#1310,#1311);
#1310 = CARTESIAN_POINT('',(0.637483877275,0.));
#1311 = VECTOR('',#1312,1.);
#1312 = DIRECTION('',(0.,1.));
#1313 = ( GEOMETRIC_REPRESENTATION_CONTEXT(2) 
PARAMETRIC_REPRESENTATION_CONTEXT() REPRESENTATION_CONTEXT('2D SPACE',''
  ) );
#1314 = PCURVE('',#284,#1315);
#1315 = DEFINITIONAL_REPRESENTATION('',(#1316),#1320);
#1316 = LINE('',#1317,#1318);
#1317 = CARTESIAN_POINT('',(0.,0.));
#1318 = VECTOR('',#1319,1.);
#1319 = DIRECTION('',(0.,1.));
#1320 = ( GEOMETRIC_REPRESENTATION_CONTEXT(2) 
PARAMETRIC_REPRESENTATION_CONTEXT() REPRESENTATION_CONTEXT('2D SPACE',''
  ) );
#1321 = ORIENTED_EDGE('',*,*,#1322,.F.);
#1322 = EDGE_CURVE('',#1249,#1301,#1323,.T.);
#1323 = SURFACE_CURVE('',#1324,(#1328,#1335),.PCURVE_S1.);
#1324 = LINE('',#1325,#1326);
#1325 = CARTESIAN_POINT('',(1.806658840756,2.703856032247,13.1012));
#1326 = VECTOR('',#1327,1.);
#1327 = DIRECTION('',(-0.881921264348,0.471396736826,0.));
#1328 = PCURVE('',#257,#1329);
#1329 = DEFINITIONAL_REPRESENTATION('',(#1330),#1334);
#1330 = LINE('',#1331,#1332);
#1331 = CARTESIAN_POINT('',(0.,1.));
#1332 = VECTOR('',#1333,1.);
#1333 = DIRECTION('',(1.,0.));
#1334 = ( GEOMETRIC_REPRESENTATION_CONTEXT(2) 
PARAMETRIC_REPRESENTATION_CONTEXT() REPRESENTATION_CONTEXT('2D SPACE',''
  ) );
#1335 = PCURVE('',#1336,#1341);
#1336 = B_SPLINE_SURFACE_WITH_KNOTS('',1,1,(
    (#1337,#1338)
    ,(#1339,#1340
    )),.UNSPECIFIED.,.F.,.F.,.F.,(2,2),(2,2),(0.,0.637483877275),(0.,1.)
  ,.PIECEWISE_BEZIER_KNOTS.);
#1337 = CARTESIAN_POINT('',(1.806658840756,2.703856032247,13.1012));
#1338 = CARTESIAN_POINT('',(0.975595774008,1.460082257413,14.4412));
#1339 = CARTESIAN_POINT('',(1.244448253708,3.004363851773,13.1012));
#1340 = CARTESIAN_POINT('',(0.672002057002,1.622356479958,14.4412));
#1341 = DEFINITIONAL_REPRESENTATION('',(#1342),#1345);
#1342 = B_SPLINE_CURVE_WITH_KNOTS('',1,(#1343,#1344),.UNSPECIFIED.,.F.,
  .F.,(2,2),(0.,0.637483877275),.PIECEWISE_BEZIER_KNOTS.);
#1343 = CARTESIAN_POINT('',(0.,0.));
#1344 = CARTESIAN_POINT('',(0.637483877275,0.));
#1345 = ( GEOMETRIC_REPRESENTATION_CONTEXT(2) 
PARAMETRIC_REPRESENTATION_CONTEXT() REPRESENTATION_CONTEXT('2D SPACE',''
  ) );
#1346 = ORIENTED_EDGE('',*,*,#1248,.F.);
#1347 = ADVANCED_FACE('',(#1348),#284,.T.);
#1348 = FACE_BOUND('',#1349,.T.);
#1349 = EDGE_LOOP('',(#1350,#1351,#1373,#1398));
#1350 = ORIENTED_EDGE('',*,*,#268,.T.);
#1351 = ORIENTED_EDGE('',*,*,#1352,.T.);
#1352 = EDGE_CURVE('',#269,#1353,#1355,.T.);
#1353 = VERTEX_POINT('',#1354);
#1354 = CARTESIAN_POINT('',(0.634414218164,3.189415653343,13.1012));
#1355 = SURFACE_CURVE('',#1356,(#1359,#1366),.PCURVE_S1.);
#1356 = B_SPLINE_CURVE_WITH_KNOTS('',1,(#1357,#1358),.UNSPECIFIED.,.F.,
  .F.,(2,2),(0.,1.),.PIECEWISE_BEZIER_KNOTS.);
#1357 = CARTESIAN_POINT('',(9.516213272464E-02,0.478412348001,11.02551)
  );
#1358 = CARTESIAN_POINT('',(0.634414218164,3.189415653343,13.1012));
#1359 = PCURVE('',#284,#1360);
#1360 = DEFINITIONAL_REPRESENTATION('',(#1361),#1365);
#1361 = LINE('',#1362,#1363);
#1362 = CARTESIAN_POINT('',(0.637483877275,0.));
#1363 = VECTOR('',#1364,1.);
#1364 = DIRECTION('',(0.,1.));
#1365 = ( GEOMETRIC_REPRESENTATION_CONTEXT(2) 
PARAMETRIC_REPRESENTATION_CONTEXT() REPRESENTATION_CONTEXT('2D SPACE',''
  ) );
#1366 = PCURVE('',#311,#1367);
#1367 = DEFINITIONAL_REPRESENTATION('',(#1368),#1372);
#1368 = LINE('',#1369,#1370);
#1369 = CARTESIAN_POINT('',(0.,0.));
#1370 = VECTOR('',#1371,1.);
#1371 = DIRECTION('',(0.,1.));
#1372 = ( GEOMETRIC_REPRESENTATION_CONTEXT(2) 
PARAMETRIC_REPRESENTATION_CONTEXT() REPRESENTATION_CONTEXT('2D SPACE',''
  ) );
#1373 = ORIENTED_EDGE('',*,*,#1374,.F.);
#1374 = EDGE_CURVE('',#1301,#1353,#1375,.T.);
#1375 = SURFACE_CURVE('',#1376,(#1380,#1387),.PCURVE_S1.);
#1376 = LINE('',#1377,#1378);
#1377 = CARTESIAN_POINT('',(1.244448253708,3.004363851773,13.1012));
#1378 = VECTOR('',#1379,1.);
#1379 = DIRECTION('',(-0.956940335732,0.290284677254,0.));
#1380 = PCURVE('',#284,#1381);
#1381 = DEFINITIONAL_REPRESENTATION('',(#1382),#1386);
#1382 = LINE('',#1383,#1384);
#1383 = CARTESIAN_POINT('',(0.,1.));
#1384 = VECTOR('',#1385,1.);
#1385 = DIRECTION('',(1.,0.));
#1386 = ( GEOMETRIC_REPRESENTATION_CONTEXT(2) 
PARAMETRIC_REPRESENTATION_CONTEXT() REPRESENTATION_CONTEXT('2D SPACE',''
  ) );
#1387 = PCURVE('',#1388,#1393);
#1388 = B_SPLINE_SURFACE_WITH_KNOTS('',1,1,(
    (#1389,#1390)
    ,(#1391,#1392
    )),.UNSPECIFIED.,.F.,.F.,.F.,(2,2),(2,2),(0.,0.637483877275),(0.,1.)
  ,.PIECEWISE_BEZIER_KNOTS.);
#1389 = CARTESIAN_POINT('',(1.244448253708,3.004363851773,13.1012));
#1390 = CARTESIAN_POINT('',(0.672002057002,1.622356479958,14.4412));
#1391 = CARTESIAN_POINT('',(0.634414218164,3.189415653343,13.1012));
#1392 = CARTESIAN_POINT('',(0.342583677809,1.722284452805,14.4412));
#1393 = DEFINITIONAL_REPRESENTATION('',(#1394),#1397);
#1394 = B_SPLINE_CURVE_WITH_KNOTS('',1,(#1395,#1396),.UNSPECIFIED.,.F.,
  .F.,(2,2),(0.,0.637483877275),.PIECEWISE_BEZIER_KNOTS.);
#1395 = CARTESIAN_POINT('',(0.,0.));
#1396 = CARTESIAN_POINT('',(0.637483877275,0.));
#1397 = ( GEOMETRIC_REPRESENTATION_CONTEXT(2) 
PARAMETRIC_REPRESENTATION_CONTEXT() REPRESENTATION_CONTEXT('2D SPACE',''
  ) );
#1398 = ORIENTED_EDGE('',*,*,#1300,.F.);
#1399 = ADVANCED_FACE('',(#1400),#311,.T.);
#1400 = FACE_BOUND('',#1401,.T.);
#1401 = EDGE_LOOP('',(#1402,#1403,#1425,#1450));
#1402 = ORIENTED_EDGE('',*,*,#295,.T.);
#1403 = ORIENTED_EDGE('',*,*,#1404,.T.);
#1404 = EDGE_CURVE('',#296,#1405,#1407,.T.);
#1405 = VERTEX_POINT('',#1406);
#1406 = CARTESIAN_POINT('',(1.991214463074E-16,3.2519,13.1012));
#1407 = SURFACE_CURVE('',#1408,(#1411,#1418),.PCURVE_S1.);
#1408 = B_SPLINE_CURVE_WITH_KNOTS('',1,(#1409,#1410),.UNSPECIFIED.,.F.,
  .F.,(2,2),(0.,1.),.PIECEWISE_BEZIER_KNOTS.);
#1409 = CARTESIAN_POINT('',(2.775557561563E-17,0.487785,11.02551));
#1410 = CARTESIAN_POINT('',(1.110223024625E-16,3.2519,13.1012));
#1411 = PCURVE('',#311,#1412);
#1412 = DEFINITIONAL_REPRESENTATION('',(#1413),#1417);
#1413 = LINE('',#1414,#1415);
#1414 = CARTESIAN_POINT('',(0.637483877275,0.));
#1415 = VECTOR('',#1416,1.);
#1416 = DIRECTION('',(0.,1.));
#1417 = ( GEOMETRIC_REPRESENTATION_CONTEXT(2) 
PARAMETRIC_REPRESENTATION_CONTEXT() REPRESENTATION_CONTEXT('2D SPACE',''
  ) );
#1418 = PCURVE('',#338,#1419);
#1419 = DEFINITIONAL_REPRESENTATION('',(#1420),#1424);
#1420 = LINE('',#1421,#1422);
#1421 = CARTESIAN_POINT('',(0.,0.));
#1422 = VECTOR('',#1423,1.);
#1423 = DIRECTION('',(0.,1.));
#1424 = ( GEOMETRIC_REPRESENTATION_CONTEXT(2) 
PARAMETRIC_REPRESENTATION_CONTEXT() REPRESENTATION_CONTEXT('2D SPACE',''
  ) );
#1425 = ORIENTED_EDGE('',*,*,#1426,.F.);
#1426 = EDGE_CURVE('',#1353,#1405,#1427,.T.);
#1427 = SURFACE_CURVE('',#1428,(#1432,#1439),.PCURVE_S1.);
#1428 = LINE('',#1429,#1430);
#1429 = CARTESIAN_POINT('',(0.634414218164,3.189415653343,13.1012));
#1430 = VECTOR('',#1431,1.);
#1431 = DIRECTION('',(-0.995184726672,9.801714032956E-02,0.));
#1432 = PCURVE('',#311,#1433);
#1433 = DEFINITIONAL_REPRESENTATION('',(#1434),#1438);
#1434 = LINE('',#1435,#1436);
#1435 = CARTESIAN_POINT('',(0.,1.));
#1436 = VECTOR('',#1437,1.);
#1437 = DIRECTION('',(1.,0.));
#1438 = ( GEOMETRIC_REPRESENTATION_CONTEXT(2) 
PARAMETRIC_REPRESENTATION_CONTEXT() REPRESENTATION_CONTEXT('2D SPACE',''
  ) );
#1439 = PCURVE('',#1440,#1445);
#1440 = B_SPLINE_SURFACE_WITH_KNOTS('',1,1,(
    (#1441,#1442)
    ,(#1443,#1444
    )),.UNSPECIFIED.,.F.,.F.,.F.,(2,2),(2,2),(0.,0.637483877275),(0.,1.)
  ,.PIECEWISE_BEZIER_KNOTS.);
#1441 = CARTESIAN_POINT('',(0.634414218164,3.189415653343,13.1012));
#1442 = CARTESIAN_POINT('',(0.342583677809,1.722284452805,14.4412));
#1443 = CARTESIAN_POINT('',(1.110223024625E-16,3.2519,13.1012));
#1444 = CARTESIAN_POINT('',(5.551115123126E-17,1.756026,14.4412));
#1445 = DEFINITIONAL_REPRESENTATION('',(#1446),#1449);
#1446 = B_SPLINE_CURVE_WITH_KNOTS('',1,(#1447,#1448),.UNSPECIFIED.,.F.,
  .F.,(2,2),(0.,0.637483877275),.PIECEWISE_BEZIER_KNOTS.);
#1447 = CARTESIAN_POINT('',(0.,0.));
#1448 = CARTESIAN_POINT('',(0.637483877275,0.));
#1449 = ( GEOMETRIC_REPRESENTATION_CONTEXT(2) 
PARAMETRIC_REPRESENTATION_CONTEXT() REPRESENTATION_CONTEXT('2D SPACE',''
  ) );
#1450 = ORIENTED_EDGE('',*,*,#1352,.F.);
#1451 = ADVANCED_FACE('',(#1452),#338,.T.);
#1452 = FACE_BOUND('',#1453,.T.);
#1453 = EDGE_LOOP('',(#1454,#1455,#1477,#1502));
#1454 = ORIENTED_EDGE('',*,*,#322,.T.);
#1455 = ORIENTED_EDGE('',*,*,#1456,.T.);
#1456 = EDGE_CURVE('',#323,#1457,#1459,.T.);
#1457 = VERTEX_POINT('',#1458);
#1458 = CARTESIAN_POINT('',(-0.634414218164,3.189415653343,13.1012));
#1459 = SURFACE_CURVE('',#1460,(#1463,#1470),.PCURVE_S1.);
#1460 = B_SPLINE_CURVE_WITH_KNOTS('',1,(#1461,#1462),.UNSPECIFIED.,.F.,
  .F.,(2,2),(0.,1.),.PIECEWISE_BEZIER_KNOTS.);
#1461 = CARTESIAN_POINT('',(-9.516213272464E-02,0.478412348001,11.02551)
  );
#1462 = CARTESIAN_POINT('',(-0.634414218164,3.189415653343,13.1012));
#1463 = PCURVE('',#338,#1464);
#1464 = DEFINITIONAL_REPRESENTATION('',(#1465),#1469);
#1465 = LINE('',#1466,#1467);
#1466 = CARTESIAN_POINT('',(0.637483877275,0.));
#1467 = VECTOR('',#1468,1.);
#1468 = DIRECTION('',(0.,1.));
#1469 = ( GEOMETRIC_REPRESENTATION_CONTEXT(2) 
PARAMETRIC_REPRESENTATION_CONTEXT() REPRESENTATION_CONTEXT('2D SPACE',''
  ) );
#1470 = PCURVE('',#365,#1471);
#1471 = DEFINITIONAL_REPRESENTATION('',(#1472),#1476);
#1472 = LINE('',#1473,#1474);
#1473 = CARTESIAN_POINT('',(0.,0.));
#1474 = VECTOR('',#1475,1.);
#1475 = DIRECTION('',(0.,1.));
#1476 = ( GEOMETRIC_REPRESENTATION_CONTEXT(2) 
PARAMETRIC_REPRESENTATION_CONTEXT() REPRESENTATION_CONTEXT('2D SPACE',''
  ) );
#1477 = ORIENTED_EDGE('',*,*,#1478,.F.);
#1478 = EDGE_CURVE('',#1405,#1457,#1479,.T.);
#1479 = SURFACE_CURVE('',#1480,(#1484,#1491),.PCURVE_S1.);
#1480 = LINE('',#1481,#1482);
#1481 = CARTESIAN_POINT('',(1.991214463074E-16,3.2519,13.1012));
#1482 = VECTOR('',#1483,1.);
#1483 = DIRECTION('',(-0.995184726672,-9.801714032956E-02,0.));
#1484 = PCURVE('',#338,#1485);
#1485 = DEFINITIONAL_REPRESENTATION('',(#1486),#1490);
#1486 = LINE('',#1487,#1488);
#1487 = CARTESIAN_POINT('',(0.,1.));
#1488 = VECTOR('',#1489,1.);
#1489 = DIRECTION('',(1.,0.));
#1490 = ( GEOMETRIC_REPRESENTATION_CONTEXT(2) 
PARAMETRIC_REPRESENTATION_CONTEXT() REPRESENTATION_CONTEXT('2D SPACE',''
  ) );
#1491 = PCURVE('',#1492,#1497);
#1492 = B_SPLINE_SURFACE_WITH_KNOTS('',1,1,(
    (#1493,#1494)
    ,(#1495,#1496
    )),.UNSPECIFIED.,.F.,.F.,.F.,(2,2),(2,2),(0.,0.637483877275),(0.,1.)
  ,.PIECEWISE_BEZIER_KNOTS.);
#1493 = CARTESIAN_POINT('',(1.991214463074E-16,3.2519,13.1012));
#1494 = CARTESIAN_POINT('',(1.07525581006E-16,1.756026,14.4412));
#1495 = CARTESIAN_POINT('',(-0.634414218164,3.189415653343,13.1012));
#1496 = CARTESIAN_POINT('',(-0.342583677809,1.722284452805,14.4412));
#1497 = DEFINITIONAL_REPRESENTATION('',(#1498),#1501);
#1498 = B_SPLINE_CURVE_WITH_KNOTS('',1,(#1499,#1500),.UNSPECIFIED.,.F.,
  .F.,(2,2),(0.,0.637483877275),.PIECEWISE_BEZIER_KNOTS.);
#1499 = CARTESIAN_POINT('',(0.,0.));
#1500 = CARTESIAN_POINT('',(0.637483877275,0.));
#1501 = ( GEOMETRIC_REPRESENTATION_CONTEXT(2) 
PARAMETRIC_REPRESENTATION_CONTEXT() REPRESENTATION_CONTEXT('2D SPACE',''
  ) );
#1502 = ORIENTED_EDGE('',*,*,#1404,.F.);
#1503 = ADVANCED_FACE('',(#1504),#365,.T.);
#1504 = FACE_BOUND('',#1505,.T.);
#1505 = EDGE_LOOP('',(#1506,#1507,#1529,#1554));
#1506 = ORIENTED_EDGE('',*,*,#349,.T.);
#1507 = ORIENTED_EDGE('',*,*,#1508,.T.);
#1508 = EDGE_CURVE('',#350,#1509,#1511,.T.);
#1509 = VERTEX_POINT('',#1510);
#1510 = CARTESIAN_POINT('',(-1.244448253708,3.004363851773,13.1012));
#1511 = SURFACE_CURVE('',#1512,(#1515,#1522),.PCURVE_S1.);
#1512 = B_SPLINE_CURVE_WITH_KNOTS('',1,(#1513,#1514),.UNSPECIFIED.,.F.,
  .F.,(2,2),(0.,1.),.PIECEWISE_BEZIER_KNOTS.);
#1513 = CARTESIAN_POINT('',(-0.186667238056,0.450654577766,11.02551));
#1514 = CARTESIAN_POINT('',(-1.244448253708,3.004363851773,13.1012));
#1515 = PCURVE('',#365,#1516);
#1516 = DEFINITIONAL_REPRESENTATION('',(#1517),#1521);
#1517 = LINE('',#1518,#1519);
#1518 = CARTESIAN_POINT('',(0.637483877275,0.));
#1519 = VECTOR('',#1520,1.);
#1520 = DIRECTION('',(0.,1.));
#1521 = ( GEOMETRIC_REPRESENTATION_CONTEXT(2) 
PARAMETRIC_REPRESENTATION_CONTEXT() REPRESENTATION_CONTEXT('2D SPACE',''
  ) );
#1522 = PCURVE('',#392,#1523);
#1523 = DEFINITIONAL_REPRESENTATION('',(#1524),#1528);
#1524 = LINE('',#1525,#1526);
#1525 = CARTESIAN_POINT('',(0.,0.));
#1526 = VECTOR('',#1527,1.);
#1527 = DIRECTION('',(0.,1.));
#1528 = ( GEOMETRIC_REPRESENTATION_CONTEXT(2) 
PARAMETRIC_REPRESENTATION_CONTEXT() REPRESENTATION_CONTEXT('2D SPACE',''
  ) );
#1529 = ORIENTED_EDGE('',*,*,#1530,.F.);
#1530 = EDGE_CURVE('',#1457,#1509,#1531,.T.);
#1531 = SURFACE_CURVE('',#1532,(#1536,#1543),.PCURVE_S1.);
#1532 = LINE('',#1533,#1534);
#1533 = CARTESIAN_POINT('',(-0.634414218164,3.189415653343,13.1012));
#1534 = VECTOR('',#1535,1.);
#1535 = DIRECTION('',(-0.956940335732,-0.290284677254,0.));
#1536 = PCURVE('',#365,#1537);
#1537 = DEFINITIONAL_REPRESENTATION('',(#1538),#1542);
#1538 = LINE('',#1539,#1540);
#1539 = CARTESIAN_POINT('',(0.,1.));
#1540 = VECTOR('',#1541,1.);
#1541 = DIRECTION('',(1.,0.));
#1542 = ( GEOMETRIC_REPRESENTATION_CONTEXT(2) 
PARAMETRIC_REPRESENTATION_CONTEXT() REPRESENTATION_CONTEXT('2D SPACE',''
  ) );
#1543 = PCURVE('',#1544,#1549);
#1544 = B_SPLINE_SURFACE_WITH_KNOTS('',1,1,(
    (#1545,#1546)
    ,(#1547,#1548
    )),.UNSPECIFIED.,.F.,.F.,.F.,(2,2),(2,2),(0.,0.637483877275),(0.,1.)
  ,.PIECEWISE_BEZIER_KNOTS.);
#1545 = CARTESIAN_POINT('',(-0.634414218164,3.189415653343,13.1012));
#1546 = CARTESIAN_POINT('',(-0.342583677809,1.722284452805,14.4412));
#1547 = CARTESIAN_POINT('',(-1.244448253708,3.004363851773,13.1012));
#1548 = CARTESIAN_POINT('',(-0.672002057002,1.622356479958,14.4412));
#1549 = DEFINITIONAL_REPRESENTATION('',(#1550),#1553);
#1550 = B_SPLINE_CURVE_WITH_KNOTS('',1,(#1551,#1552),.UNSPECIFIED.,.F.,
  .F.,(2,2),(0.,0.637483877275),.PIECEWISE_BEZIER_KNOTS.);
#1551 = CARTESIAN_POINT('',(0.,0.));
#1552 = CARTESIAN_POINT('',(0.637483877275,0.));
#1553 = ( GEOMETRIC_REPRESENTATION_CONTEXT(2) 
PARAMETRIC_REPRESENTATION_CONTEXT() REPRESENTATION_CONTEXT('2D SPACE',''
  ) );
#1554 = ORIENTED_EDGE('',*,*,#1456,.F.);
#1555 = ADVANCED_FACE('',(#1556),#392,.T.);
#1556 = FACE_BOUND('',#1557,.T.);
#1557 = EDGE_LOOP('',(#1558,#1559,#1581,#1606));
#1558 = ORIENTED_EDGE('',*,*,#376,.T.);
#1559 = ORIENTED_EDGE('',*,*,#1560,.T.);
#1560 = EDGE_CURVE('',#377,#1561,#1563,.T.);
#1561 = VERTEX_POINT('',#1562);
#1562 = CARTESIAN_POINT('',(-1.806658840756,2.703856032247,13.1012));
#1563 = SURFACE_CURVE('',#1564,(#1567,#1574),.PCURVE_S1.);
#1564 = B_SPLINE_CURVE_WITH_KNOTS('',1,(#1565,#1566),.UNSPECIFIED.,.F.,
  .F.,(2,2),(0.,1.),.PIECEWISE_BEZIER_KNOTS.);
#1565 = CARTESIAN_POINT('',(-0.270998826113,0.405578404837,11.02551));
#1566 = CARTESIAN_POINT('',(-1.806658840756,2.703856032247,13.1012));
#1567 = PCURVE('',#392,#1568);
#1568 = DEFINITIONAL_REPRESENTATION('',(#1569),#1573);
#1569 = LINE('',#1570,#1571);
#1570 = CARTESIAN_POINT('',(0.637483877275,0.));
#1571 = VECTOR('',#1572,1.);
#1572 = DIRECTION('',(0.,1.));
#1573 = ( GEOMETRIC_REPRESENTATION_CONTEXT(2) 
PARAMETRIC_REPRESENTATION_CONTEXT() REPRESENTATION_CONTEXT('2D SPACE',''
  ) );
#1574 = PCURVE('',#419,#1575);
#1575 = DEFINITIONAL_REPRESENTATION('',(#1576),#1580);
#1576 = LINE('',#1577,#1578);
#1577 = CARTESIAN_POINT('',(0.,0.));
#1578 = VECTOR('',#1579,1.);
#1579 = DIRECTION('',(0.,1.));
#1580 = ( GEOMETRIC_REPRESENTATION_CONTEXT(2) 
PARAMETRIC_REPRESENTATION_CONTEXT() REPRESENTATION_CONTEXT('2D SPACE',''
  ) );
#1581 = ORIENTED_EDGE('',*,*,#1582,.F.);
#1582 = EDGE_CURVE('',#1509,#1561,#1583,.T.);
#1583 = SURFACE_CURVE('',#1584,(#1588,#1595),.PCURVE_S1.);
#1584 = LINE('',#1585,#1586);
#1585 = CARTESIAN_POINT('',(-1.244448253708,3.004363851773,13.1012));
#1586 = VECTOR('',#1587,1.);
#1587 = DIRECTION('',(-0.881921264348,-0.471396736826,0.));
#1588 = PCURVE('',#392,#1589);
#1589 = DEFINITIONAL_REPRESENTATION('',(#1590),#1594);
#1590 = LINE('',#1591,#1592);
#1591 = CARTESIAN_POINT('',(0.,1.));
#1592 = VECTOR('',#1593,1.);
#1593 = DIRECTION('',(1.,0.));
#1594 = ( GEOMETRIC_REPRESENTATION_CONTEXT(2) 
PARAMETRIC_REPRESENTATION_CONTEXT() REPRESENTATION_CONTEXT('2D SPACE',''
  ) );
#1595 = PCURVE('',#1596,#1601);
#1596 = B_SPLINE_SURFACE_WITH_KNOTS('',1,1,(
    (#1597,#1598)
    ,(#1599,#1600
    )),.UNSPECIFIED.,.F.,.F.,.F.,(2,2),(2,2),(0.,0.637483877275),(0.,1.)
  ,.PIECEWISE_BEZIER_KNOTS.);
#1597 = CARTESIAN_POINT('',(-1.244448253708,3.004363851773,13.1012));
#1598 = CARTESIAN_POINT('',(-0.672002057002,1.622356479958,14.4412));
#1599 = CARTESIAN_POINT('',(-1.806658840756,2.703856032247,13.1012));
#1600 = CARTESIAN_POINT('',(-0.975595774008,1.460082257413,14.4412));
#1601 = DEFINITIONAL_REPRESENTATION('',(#1602),#1605);
#1602 = B_SPLINE_CURVE_WITH_KNOTS('',1,(#1603,#1604),.UNSPECIFIED.,.F.,
  .F.,(2,2),(0.,0.637483877275),.PIECEWISE_BEZIER_KNOTS.);
#1603 = CARTESIAN_POINT('',(0.,0.));
#1604 = CARTESIAN_POINT('',(0.637483877275,0.));
#1605 = ( GEOMETRIC_REPRESENTATION_CONTEXT(2) 
PARAMETRIC_REPRESENTATION_CONTEXT() REPRESENTATION_CONTEXT('2D SPACE',''
  ) );
#1606 = ORIENTED_EDGE('',*,*,#1508,.F.);
#1607 = ADVANCED_FACE('',(#1608),#419,.T.);
#1608 = FACE_BOUND('',#1609,.T.);
#1609 = EDGE_LOOP('',(#1610,#1611,#1633,#1658));
#1610 = ORIENTED_EDGE('',*,*,#403,.T.);
#1611 = ORIENTED_EDGE('',*,*,#1612,.T.);
#1612 = EDGE_CURVE('',#404,#1613,#1615,.T.);
#1613 = VERTEX_POINT('',#1614);
#1614 = CARTESIAN_POINT('',(-2.299440541741,2.299440541741,13.1012));
#1615 = SURFACE_CURVE('',#1616,(#1619,#1626),.PCURVE_S1.);
#1616 = B_SPLINE_CURVE_WITH_KNOTS('',1,(#1617,#1618),.UNSPECIFIED.,.F.,
  .F.,(2,2),(0.,1.),.PIECEWISE_BEZIER_KNOTS.);
#1617 = CARTESIAN_POINT('',(-0.344916081261,0.344916081261,11.02551));
#1618 = CARTESIAN_POINT('',(-2.299440541741,2.299440541741,13.1012));
#1619 = PCURVE('',#419,#1620);
#1620 = DEFINITIONAL_REPRESENTATION('',(#1621),#1625);
#1621 = LINE('',#1622,#1623);
#1622 = CARTESIAN_POINT('',(0.637483877275,0.));
#1623 = VECTOR('',#1624,1.);
#1624 = DIRECTION('',(0.,1.));
#1625 = ( GEOMETRIC_REPRESENTATION_CONTEXT(2) 
PARAMETRIC_REPRESENTATION_CONTEXT() REPRESENTATION_CONTEXT('2D SPACE',''
  ) );
#1626 = PCURVE('',#446,#1627);
#1627 = DEFINITIONAL_REPRESENTATION('',(#1628),#1632);
#1628 = LINE('',#1629,#1630);
#1629 = CARTESIAN_POINT('',(0.,0.));
#1630 = VECTOR('',#1631,1.);
#1631 = DIRECTION('',(0.,1.));
#1632 = ( GEOMETRIC_REPRESENTATION_CONTEXT(2) 
PARAMETRIC_REPRESENTATION_CONTEXT() REPRESENTATION_CONTEXT('2D SPACE',''
  ) );
#1633 = ORIENTED_EDGE('',*,*,#1634,.F.);
#1634 = EDGE_CURVE('',#1561,#1613,#1635,.T.);
#1635 = SURFACE_CURVE('',#1636,(#1640,#1647),.PCURVE_S1.);
#1636 = LINE('',#1637,#1638);
#1637 = CARTESIAN_POINT('',(-1.806658840756,2.703856032247,13.1012));
#1638 = VECTOR('',#1639,1.);
#1639 = DIRECTION('',(-0.773010453363,-0.634393284164,0.));
#1640 = PCURVE('',#419,#1641);
#1641 = DEFINITIONAL_REPRESENTATION('',(#1642),#1646);
#1642 = LINE('',#1643,#1644);
#1643 = CARTESIAN_POINT('',(0.,1.));
#1644 = VECTOR('',#1645,1.);
#1645 = DIRECTION('',(1.,0.));
#1646 = ( GEOMETRIC_REPRESENTATION_CONTEXT(2) 
PARAMETRIC_REPRESENTATION_CONTEXT() REPRESENTATION_CONTEXT('2D SPACE',''
  ) );
#1647 = PCURVE('',#1648,#1653);
#1648 = B_SPLINE_SURFACE_WITH_KNOTS('',1,1,(
    (#1649,#1650)
    ,(#1651,#1652
    )),.UNSPECIFIED.,.F.,.F.,.F.,(2,2),(2,2),(0.,0.637483877275),(0.,1.)
  ,.PIECEWISE_BEZIER_KNOTS.);
#1649 = CARTESIAN_POINT('',(-1.806658840756,2.703856032247,13.1012));
#1650 = CARTESIAN_POINT('',(-0.975595774008,1.460082257413,14.4412));
#1651 = CARTESIAN_POINT('',(-2.299440541741,2.299440541741,13.1012));
#1652 = CARTESIAN_POINT('',(-1.24169789254,1.24169789254,14.4412));
#1653 = DEFINITIONAL_REPRESENTATION('',(#1654),#1657);
#1654 = B_SPLINE_CURVE_WITH_KNOTS('',1,(#1655,#1656),.UNSPECIFIED.,.F.,
  .F.,(2,2),(0.,0.637483877275),.PIECEWISE_BEZIER_KNOTS.);
#1655 = CARTESIAN_POINT('',(0.,0.));
#1656 = CARTESIAN_POINT('',(0.637483877275,0.));
#1657 = ( GEOMETRIC_REPRESENTATION_CONTEXT(2) 
PARAMETRIC_REPRESENTATION_CONTEXT() REPRESENTATION_CONTEXT('2D SPACE',''
  ) );
#1658 = ORIENTED_EDGE('',*,*,#1560,.F.);
#1659 = ADVANCED_FACE('',(#1660),#446,.T.);
#1660 = FACE_BOUND('',#1661,.T.);
#1661 = EDGE_LOOP('',(#1662,#1663,#1685,#1710));
#1662 = ORIENTED_EDGE('',*,*,#430,.T.);
#1663 = ORIENTED_EDGE('',*,*,#1664,.T.);
#1664 = EDGE_CURVE('',#431,#1665,#1667,.T.);
#1665 = VERTEX_POINT('',#1666);
#1666 = CARTESIAN_POINT('',(-2.703856032247,1.806658840756,13.1012));
#1667 = SURFACE_CURVE('',#1668,(#1671,#1678),.PCURVE_S1.);
#1668 = B_SPLINE_CURVE_WITH_KNOTS('',1,(#1669,#1670),.UNSPECIFIED.,.F.,
  .F.,(2,2),(0.,1.),.PIECEWISE_BEZIER_KNOTS.);
#1669 = CARTESIAN_POINT('',(-0.405578404837,0.270998826113,11.02551));
#1670 = CARTESIAN_POINT('',(-2.703856032247,1.806658840756,13.1012));
#1671 = PCURVE('',#446,#1672);
#1672 = DEFINITIONAL_REPRESENTATION('',(#1673),#1677);
#1673 = LINE('',#1674,#1675);
#1674 = CARTESIAN_POINT('',(0.637483877275,0.));
#1675 = VECTOR('',#1676,1.);
#1676 = DIRECTION('',(0.,1.));
#1677 = ( GEOMETRIC_REPRESENTATION_CONTEXT(2) 
PARAMETRIC_REPRESENTATION_CONTEXT() REPRESENTATION_CONTEXT('2D SPACE',''
  ) );
#1678 = PCURVE('',#473,#1679);
#1679 = DEFINITIONAL_REPRESENTATION('',(#1680),#1684);
#1680 = LINE('',#1681,#1682);
#1681 = CARTESIAN_POINT('',(0.,0.));
#1682 = VECTOR('',#1683,1.);
#1683 = DIRECTION('',(0.,1.));
#1684 = ( GEOMETRIC_REPRESENTATION_CONTEXT(2) 
PARAMETRIC_REPRESENTATION_CONTEXT() REPRESENTATION_CONTEXT('2D SPACE',''
  ) );
#1685 = ORIENTED_EDGE('',*,*,#1686,.F.);
#1686 = EDGE_CURVE('',#1613,#1665,#1687,.T.);
#1687 = SURFACE_CURVE('',#1688,(#1692,#1699),.PCURVE_S1.);
#1688 = LINE('',#1689,#1690);
#1689 = CARTESIAN_POINT('',(-2.299440541741,2.299440541741,13.1012));
#1690 = VECTOR('',#1691,1.);
#1691 = DIRECTION('',(-0.634393284164,-0.773010453363,0.));
#1692 = PCURVE('',#446,#1693);
#1693 = DEFINITIONAL_REPRESENTATION('',(#1694),#1698);
#1694 = LINE('',#1695,#1696);
#1695 = CARTESIAN_POINT('',(0.,1.));
#1696 = VECTOR('',#1697,1.);
#1697 = DIRECTION('',(1.,0.));
#1698 = ( GEOMETRIC_REPRESENTATION_CONTEXT(2) 
PARAMETRIC_REPRESENTATION_CONTEXT() REPRESENTATION_CONTEXT('2D SPACE',''
  ) );
#1699 = PCURVE('',#1700,#1705);
#1700 = B_SPLINE_SURFACE_WITH_KNOTS('',1,1,(
    (#1701,#1702)
    ,(#1703,#1704
    )),.UNSPECIFIED.,.F.,.F.,.F.,(2,2),(2,2),(0.,0.637483877275),(0.,1.)
  ,.PIECEWISE_BEZIER_KNOTS.);
#1701 = CARTESIAN_POINT('',(-2.299440541741,2.299440541741,13.1012));
#1702 = CARTESIAN_POINT('',(-1.24169789254,1.24169789254,14.4412));
#1703 = CARTESIAN_POINT('',(-2.703856032247,1.806658840756,13.1012));
#1704 = CARTESIAN_POINT('',(-1.460082257413,0.975595774008,14.4412));
#1705 = DEFINITIONAL_REPRESENTATION('',(#1706),#1709);
#1706 = B_SPLINE_CURVE_WITH_KNOTS('',1,(#1707,#1708),.UNSPECIFIED.,.F.,
  .F.,(2,2),(0.,0.637483877275),.PIECEWISE_BEZIER_KNOTS.);
#1707 = CARTESIAN_POINT('',(0.,0.));
#1708 = CARTESIAN_POINT('',(0.637483877275,0.));
#1709 = ( GEOMETRIC_REPRESENTATION_CONTEXT(2) 
PARAMETRIC_REPRESENTATION_CONTEXT() REPRESENTATION_CONTEXT('2D SPACE',''
  ) );
#1710 = ORIENTED_EDGE('',*,*,#1612,.F.);
#1711 = ADVANCED_FACE('',(#1712),#473,.T.);
#1712 = FACE_BOUND('',#1713,.T.);
#1713 = EDGE_LOOP('',(#1714,#1715,#1737,#1762));
#1714 = ORIENTED_EDGE('',*,*,#457,.T.);
#1715 = ORIENTED_EDGE('',*,*,#1716,.T.);
#1716 = EDGE_CURVE('',#458,#1717,#1719,.T.);
#1717 = VERTEX_POINT('',#1718);
#1718 = CARTESIAN_POINT('',(-3.004363851773,1.244448253708,13.1012));
#1719 = SURFACE_CURVE('',#1720,(#1723,#1730),.PCURVE_S1.);
#1720 = B_SPLINE_CURVE_WITH_KNOTS('',1,(#1721,#1722),.UNSPECIFIED.,.F.,
  .F.,(2,2),(0.,1.),.PIECEWISE_BEZIER_KNOTS.);
#1721 = CARTESIAN_POINT('',(-0.450654577766,0.186667238056,11.02551));
#1722 = CARTESIAN_POINT('',(-3.004363851773,1.244448253708,13.1012));
#1723 = PCURVE('',#473,#1724);
#1724 = DEFINITIONAL_REPRESENTATION('',(#1725),#1729);
#1725 = LINE('',#1726,#1727);
#1726 = CARTESIAN_POINT('',(0.637483877275,0.));
#1727 = VECTOR('',#1728,1.);
#1728 = DIRECTION('',(0.,1.));
#1729 = ( GEOMETRIC_REPRESENTATION_CONTEXT(2) 
PARAMETRIC_REPRESENTATION_CONTEXT() REPRESENTATION_CONTEXT('2D SPACE',''
  ) );
#1730 = PCURVE('',#500,#1731);
#1731 = DEFINITIONAL_REPRESENTATION('',(#1732),#1736);
#1732 = LINE('',#1733,#1734);
#1733 = CARTESIAN_POINT('',(0.,0.));
#1734 = VECTOR('',#1735,1.);
#1735 = DIRECTION('',(0.,1.));
#1736 = ( GEOMETRIC_REPRESENTATION_CONTEXT(2) 
PARAMETRIC_REPRESENTATION_CONTEXT() REPRESENTATION_CONTEXT('2D SPACE',''
  ) );
#1737 = ORIENTED_EDGE('',*,*,#1738,.F.);
#1738 = EDGE_CURVE('',#1665,#1717,#1739,.T.);
#1739 = SURFACE_CURVE('',#1740,(#1744,#1751),.PCURVE_S1.);
#1740 = LINE('',#1741,#1742);
#1741 = CARTESIAN_POINT('',(-2.703856032247,1.806658840756,13.1012));
#1742 = VECTOR('',#1743,1.);
#1743 = DIRECTION('',(-0.471396736826,-0.881921264348,0.));
#1744 = PCURVE('',#473,#1745);
#1745 = DEFINITIONAL_REPRESENTATION('',(#1746),#1750);
#1746 = LINE('',#1747,#1748);
#1747 = CARTESIAN_POINT('',(0.,1.));
#1748 = VECTOR('',#1749,1.);
#1749 = DIRECTION('',(1.,0.));
#1750 = ( GEOMETRIC_REPRESENTATION_CONTEXT(2) 
PARAMETRIC_REPRESENTATION_CONTEXT() REPRESENTATION_CONTEXT('2D SPACE',''
  ) );
#1751 = PCURVE('',#1752,#1757);
#1752 = B_SPLINE_SURFACE_WITH_KNOTS('',1,1,(
    (#1753,#1754)
    ,(#1755,#1756
    )),.UNSPECIFIED.,.F.,.F.,.F.,(2,2),(2,2),(0.,0.637483877275),(0.,1.)
  ,.PIECEWISE_BEZIER_KNOTS.);
#1753 = CARTESIAN_POINT('',(-2.703856032247,1.806658840756,13.1012));
#1754 = CARTESIAN_POINT('',(-1.460082257413,0.975595774008,14.4412));
#1755 = CARTESIAN_POINT('',(-3.004363851773,1.244448253708,13.1012));
#1756 = CARTESIAN_POINT('',(-1.622356479958,0.672002057002,14.4412));
#1757 = DEFINITIONAL_REPRESENTATION('',(#1758),#1761);
#1758 = B_SPLINE_CURVE_WITH_KNOTS('',1,(#1759,#1760),.UNSPECIFIED.,.F.,
  .F.,(2,2),(0.,0.637483877275),.PIECEWISE_BEZIER_KNOTS.);
#1759 = CARTESIAN_POINT('',(0.,0.));
#1760 = CARTESIAN_POINT('',(0.637483877275,0.));
#1761 = ( GEOMETRIC_REPRESENTATION_CONTEXT(2) 
PARAMETRIC_REPRESENTATION_CONTEXT() REPRESENTATION_CONTEXT('2D SPACE',''
  ) );
#1762 = ORIENTED_EDGE('',*,*,#1664,.F.);
#1763 = ADVANCED_FACE('',(#1764),#500,.T.);
#1764 = FACE_BOUND('',#1765,.T.);
#1765 = EDGE_LOOP('',(#1766,#1767,#1789,#1814));
#1766 = ORIENTED_EDGE('',*,*,#484,.T.);
#1767 = ORIENTED_EDGE('',*,*,#1768,.T.);
#1768 = EDGE_CURVE('',#485,#1769,#1771,.T.);
#1769 = VERTEX_POINT('',#1770);
#1770 = CARTESIAN_POINT('',(-3.189415653343,0.634414218164,13.1012));
#1771 = SURFACE_CURVE('',#1772,(#1775,#1782),.PCURVE_S1.);
#1772 = B_SPLINE_CURVE_WITH_KNOTS('',1,(#1773,#1774),.UNSPECIFIED.,.F.,
  .F.,(2,2),(0.,1.),.PIECEWISE_BEZIER_KNOTS.);
#1773 = CARTESIAN_POINT('',(-0.478412348001,9.516213272464E-02,11.02551)
  );
#1774 = CARTESIAN_POINT('',(-3.189415653343,0.634414218164,13.1012));
#1775 = PCURVE('',#500,#1776);
#1776 = DEFINITIONAL_REPRESENTATION('',(#1777),#1781);
#1777 = LINE('',#1778,#1779);
#1778 = CARTESIAN_POINT('',(0.637483877275,0.));
#1779 = VECTOR('',#1780,1.);
#1780 = DIRECTION('',(0.,1.));
#1781 = ( GEOMETRIC_REPRESENTATION_CONTEXT(2) 
PARAMETRIC_REPRESENTATION_CONTEXT() REPRESENTATION_CONTEXT('2D SPACE',''
  ) );
#1782 = PCURVE('',#527,#1783);
#1783 = DEFINITIONAL_REPRESENTATION('',(#1784),#1788);
#1784 = LINE('',#1785,#1786);
#1785 = CARTESIAN_POINT('',(0.,0.));
#1786 = VECTOR('',#1787,1.);
#1787 = DIRECTION('',(0.,1.));
#1788 = ( GEOMETRIC_REPRESENTATION_CONTEXT(2) 
PARAMETRIC_REPRESENTATION_CONTEXT() REPRESENTATION_CONTEXT('2D SPACE',''
  ) );
#1789 = ORIENTED_EDGE('',*,*,#1790,.F.);
#1790 = EDGE_CURVE('',#1717,#1769,#1791,.T.);
#1791 = SURFACE_CURVE('',#1792,(#1796,#1803),.PCURVE_S1.);
#1792 = LINE('',#1793,#1794);
#1793 = CARTESIAN_POINT('',(-3.004363851773,1.244448253708,13.1012));
#1794 = VECTOR('',#1795,1.);
#1795 = DIRECTION('',(-0.290284677254,-0.956940335732,0.));
#1796 = PCURVE('',#500,#1797);
#1797 = DEFINITIONAL_REPRESENTATION('',(#1798),#1802);
#1798 = LINE('',#1799,#1800);
#1799 = CARTESIAN_POINT('',(0.,1.));
#1800 = VECTOR('',#1801,1.);
#1801 = DIRECTION('',(1.,0.));
#1802 = ( GEOMETRIC_REPRESENTATION_CONTEXT(2) 
PARAMETRIC_REPRESENTATION_CONTEXT() REPRESENTATION_CONTEXT('2D SPACE',''
  ) );
#1803 = PCURVE('',#1804,#1809);
#1804 = B_SPLINE_SURFACE_WITH_KNOTS('',1,1,(
    (#1805,#1806)
    ,(#1807,#1808
    )),.UNSPECIFIED.,.F.,.F.,.F.,(2,2),(2,2),(0.,0.637483877275),(0.,1.)
  ,.PIECEWISE_BEZIER_KNOTS.);
#1805 = CARTESIAN_POINT('',(-3.004363851773,1.244448253708,13.1012));
#1806 = CARTESIAN_POINT('',(-1.622356479958,0.672002057002,14.4412));
#1807 = CARTESIAN_POINT('',(-3.189415653343,0.634414218164,13.1012));
#1808 = CARTESIAN_POINT('',(-1.722284452805,0.342583677809,14.4412));
#1809 = DEFINITIONAL_REPRESENTATION('',(#1810),#1813);
#1810 = B_SPLINE_CURVE_WITH_KNOTS('',1,(#1811,#1812),.UNSPECIFIED.,.F.,
  .F.,(2,2),(0.,0.637483877275),.PIECEWISE_BEZIER_KNOTS.);
#1811 = CARTESIAN_POINT('',(0.,0.));
#1812 = CARTESIAN_POINT('',(0.637483877275,0.));
#1813 = ( GEOMETRIC_REPRESENTATION_CONTEXT(2) 
PARAMETRIC_REPRESENTATION_CONTEXT() REPRESENTATION_CONTEXT('2D SPACE',''
  ) );
#1814 = ORIENTED_EDGE('',*,*,#1716,.F.);
#1815 = ADVANCED_FACE('',(#1816),#527,.T.);
#1816 = FACE_BOUND('',#1817,.T.);
#1817 = EDGE_LOOP('',(#1818,#1819,#1841,#1866));
#1818 = ORIENTED_EDGE('',*,*,#511,.T.);
#1819 = ORIENTED_EDGE('',*,*,#1820,.T.);
#1820 = EDGE_CURVE('',#512,#1821,#1823,.T.);
#1821 = VERTEX_POINT('',#1822);
#1822 = CARTESIAN_POINT('',(-3.2519,3.982428926147E-16,13.1012));
#1823 = SURFACE_CURVE('',#1824,(#1827,#1834),.PCURVE_S1.);
#1824 = B_SPLINE_CURVE_WITH_KNOTS('',1,(#1825,#1826),.UNSPECIFIED.,.F.,
  .F.,(2,2),(0.,1.),.PIECEWISE_BEZIER_KNOTS.);
#1825 = CARTESIAN_POINT('',(-0.487785,4.163336342344E-17,11.02551));
#1826 = CARTESIAN_POINT('',(-3.2519,4.440892098501E-16,13.1012));
#1827 = PCURVE('',#527,#1828);
#1828 = DEFINITIONAL_REPRESENTATION('',(#1829),#1833);
#1829 = LINE('',#1830,#1831);
#1830 = CARTESIAN_POINT('',(0.637483877275,0.));
#1831 = VECTOR('',#1832,1.);
#1832 = DIRECTION('',(0.,1.));
#1833 = ( GEOMETRIC_REPRESENTATION_CONTEXT(2) 
PARAMETRIC_REPRESENTATION_CONTEXT() REPRESENTATION_CONTEXT('2D SPACE',''
  ) );
#1834 = PCURVE('',#554,#1835);
#1835 = DEFINITIONAL_REPRESENTATION('',(#1836),#1840);
#1836 = LINE('',#1837,#1838);
#1837 = CARTESIAN_POINT('',(0.,0.));
#1838 = VECTOR('',#1839,1.);
#1839 = DIRECTION('',(0.,1.));
#1840 = ( GEOMETRIC_REPRESENTATION_CONTEXT(2) 
PARAMETRIC_REPRESENTATION_CONTEXT() REPRESENTATION_CONTEXT('2D SPACE',''
  ) );
#1841 = ORIENTED_EDGE('',*,*,#1842,.F.);
#1842 = EDGE_CURVE('',#1769,#1821,#1843,.T.);
#1843 = SURFACE_CURVE('',#1844,(#1848,#1855),.PCURVE_S1.);
#1844 = LINE('',#1845,#1846);
#1845 = CARTESIAN_POINT('',(-3.189415653343,0.634414218164,13.1012));
#1846 = VECTOR('',#1847,1.);
#1847 = DIRECTION('',(-9.801714032956E-02,-0.995184726672,0.));
#1848 = PCURVE('',#527,#1849);
#1849 = DEFINITIONAL_REPRESENTATION('',(#1850),#1854);
#1850 = LINE('',#1851,#1852);
#1851 = CARTESIAN_POINT('',(0.,1.));
#1852 = VECTOR('',#1853,1.);
#1853 = DIRECTION('',(1.,0.));
#1854 = ( GEOMETRIC_REPRESENTATION_CONTEXT(2) 
PARAMETRIC_REPRESENTATION_CONTEXT() REPRESENTATION_CONTEXT('2D SPACE',''
  ) );
#1855 = PCURVE('',#1856,#1861);
#1856 = B_SPLINE_SURFACE_WITH_KNOTS('',1,1,(
    (#1857,#1858)
    ,(#1859,#1860
    )),.UNSPECIFIED.,.F.,.F.,.F.,(2,2),(2,2),(0.,0.637483877275),(0.,1.)
  ,.PIECEWISE_BEZIER_KNOTS.);
#1857 = CARTESIAN_POINT('',(-3.189415653343,0.634414218164,13.1012));
#1858 = CARTESIAN_POINT('',(-1.722284452805,0.342583677809,14.4412));
#1859 = CARTESIAN_POINT('',(-3.2519,4.440892098501E-16,13.1012));
#1860 = CARTESIAN_POINT('',(-1.756026,1.665334536938E-16,14.4412));
#1861 = DEFINITIONAL_REPRESENTATION('',(#1862),#1865);
#1862 = B_SPLINE_CURVE_WITH_KNOTS('',1,(#1863,#1864),.UNSPECIFIED.,.F.,
  .F.,(2,2),(0.,0.637483877275),.PIECEWISE_BEZIER_KNOTS.);
#1863 = CARTESIAN_POINT('',(0.,0.));
#1864 = CARTESIAN_POINT('',(0.637483877275,0.));
#1865 = ( GEOMETRIC_REPRESENTATION_CONTEXT(2) 
PARAMETRIC_REPRESENTATION_CONTEXT() REPRESENTATION_CONTEXT('2D SPACE',''
  ) );
#1866 = ORIENTED_EDGE('',*,*,#1768,.F.);
#1867 = ADVANCED_FACE('',(#1868),#554,.T.);
#1868 = FACE_BOUND('',#1869,.T.);
#1869 = EDGE_LOOP('',(#1870,#1871,#1893,#1918));
#1870 = ORIENTED_EDGE('',*,*,#538,.T.);
#1871 = ORIENTED_EDGE('',*,*,#1872,.T.);
#1872 = EDGE_CURVE('',#539,#1873,#1875,.T.);
#1873 = VERTEX_POINT('',#1874);
#1874 = CARTESIAN_POINT('',(-3.189415653343,-0.634414218164,13.1012));
#1875 = SURFACE_CURVE('',#1876,(#1879,#1886),.PCURVE_S1.);
#1876 = B_SPLINE_CURVE_WITH_KNOTS('',1,(#1877,#1878),.UNSPECIFIED.,.F.,
  .F.,(2,2),(0.,1.),.PIECEWISE_BEZIER_KNOTS.);
#1877 = CARTESIAN_POINT('',(-0.478412348001,-9.516213272464E-02,11.02551
    ));
#1878 = CARTESIAN_POINT('',(-3.189415653343,-0.634414218164,13.1012));
#1879 = PCURVE('',#554,#1880);
#1880 = DEFINITIONAL_REPRESENTATION('',(#1881),#1885);
#1881 = LINE('',#1882,#1883);
#1882 = CARTESIAN_POINT('',(0.637483877275,0.));
#1883 = VECTOR('',#1884,1.);
#1884 = DIRECTION('',(0.,1.));
#1885 = ( GEOMETRIC_REPRESENTATION_CONTEXT(2) 
PARAMETRIC_REPRESENTATION_CONTEXT() REPRESENTATION_CONTEXT('2D SPACE',''
  ) );
#1886 = PCURVE('',#581,#1887);
#1887 = DEFINITIONAL_REPRESENTATION('',(#1888),#1892);
#1888 = LINE('',#1889,#1890);
#1889 = CARTESIAN_POINT('',(0.,0.));
#1890 = VECTOR('',#1891,1.);
#1891 = DIRECTION('',(0.,1.));
#1892 = ( GEOMETRIC_REPRESENTATION_CONTEXT(2) 
PARAMETRIC_REPRESENTATION_CONTEXT() REPRESENTATION_CONTEXT('2D SPACE',''
  ) );
#1893 = ORIENTED_EDGE('',*,*,#1894,.F.);
#1894 = EDGE_CURVE('',#1821,#1873,#1895,.T.);
#1895 = SURFACE_CURVE('',#1896,(#1900,#1907),.PCURVE_S1.);
#1896 = LINE('',#1897,#1898);
#1897 = CARTESIAN_POINT('',(-3.2519,3.982428926147E-16,13.1012));
#1898 = VECTOR('',#1899,1.);
#1899 = DIRECTION('',(9.801714032956E-02,-0.995184726672,0.));
#1900 = PCURVE('',#554,#1901);
#1901 = DEFINITIONAL_REPRESENTATION('',(#1902),#1906);
#1902 = LINE('',#1903,#1904);
#1903 = CARTESIAN_POINT('',(0.,1.));
#1904 = VECTOR('',#1905,1.);
#1905 = DIRECTION('',(1.,0.));
#1906 = ( GEOMETRIC_REPRESENTATION_CONTEXT(2) 
PARAMETRIC_REPRESENTATION_CONTEXT() REPRESENTATION_CONTEXT('2D SPACE',''
  ) );
#1907 = PCURVE('',#1908,#1913);
#1908 = B_SPLINE_SURFACE_WITH_KNOTS('',1,1,(
    (#1909,#1910)
    ,(#1911,#1912
    )),.UNSPECIFIED.,.F.,.F.,.F.,(2,2),(2,2),(0.,0.637483877275),(0.,1.)
  ,.PIECEWISE_BEZIER_KNOTS.);
#1909 = CARTESIAN_POINT('',(-3.2519,3.982428926147E-16,13.1012));
#1910 = CARTESIAN_POINT('',(-1.756026,2.15051162012E-16,14.4412));
#1911 = CARTESIAN_POINT('',(-3.189415653343,-0.634414218164,13.1012));
#1912 = CARTESIAN_POINT('',(-1.722284452805,-0.342583677809,14.4412));
#1913 = DEFINITIONAL_REPRESENTATION('',(#1914),#1917);
#1914 = B_SPLINE_CURVE_WITH_KNOTS('',1,(#1915,#1916),.UNSPECIFIED.,.F.,
  .F.,(2,2),(0.,0.637483877275),.PIECEWISE_BEZIER_KNOTS.);
#1915 = CARTESIAN_POINT('',(0.,0.));
#1916 = CARTESIAN_POINT('',(0.637483877275,0.));
#1917 = ( GEOMETRIC_REPRESENTATION_CONTEXT(2) 
PARAMETRIC_REPRESENTATION_CONTEXT() REPRESENTATION_CONTEXT('2D SPACE',''
  ) );
#1918 = ORIENTED_EDGE('',*,*,#1820,.F.);
#1919 = ADVANCED_FACE('',(#1920),#581,.T.);
#1920 = FACE_BOUND('',#1921,.T.);
#1921 = EDGE_LOOP('',(#1922,#1923,#1945,#1970));
#1922 = ORIENTED_EDGE('',*,*,#565,.T.);
#1923 = ORIENTED_EDGE('',*,*,#1924,.T.);
#1924 = EDGE_CURVE('',#566,#1925,#1927,.T.);
#1925 = VERTEX_POINT('',#1926);
#1926 = CARTESIAN_POINT('',(-3.004363851773,-1.244448253708,13.1012));
#1927 = SURFACE_CURVE('',#1928,(#1931,#1938),.PCURVE_S1.);
#1928 = B_SPLINE_CURVE_WITH_KNOTS('',1,(#1929,#1930),.UNSPECIFIED.,.F.,
  .F.,(2,2),(0.,1.),.PIECEWISE_BEZIER_KNOTS.);
#1929 = CARTESIAN_POINT('',(-0.450654577766,-0.186667238056,11.02551));
#1930 = CARTESIAN_POINT('',(-3.004363851773,-1.244448253708,13.1012));
#1931 = PCURVE('',#581,#1932);
#1932 = DEFINITIONAL_REPRESENTATION('',(#1933),#1937);
#1933 = LINE('',#1934,#1935);
#1934 = CARTESIAN_POINT('',(0.637483877275,0.));
#1935 = VECTOR('',#1936,1.);
#1936 = DIRECTION('',(0.,1.));
#1937 = ( GEOMETRIC_REPRESENTATION_CONTEXT(2) 
PARAMETRIC_REPRESENTATION_CONTEXT() REPRESENTATION_CONTEXT('2D SPACE',''
  ) );
#1938 = PCURVE('',#608,#1939);
#1939 = DEFINITIONAL_REPRESENTATION('',(#1940),#1944);
#1940 = LINE('',#1941,#1942);
#1941 = CARTESIAN_POINT('',(0.,0.));
#1942 = VECTOR('',#1943,1.);
#1943 = DIRECTION('',(0.,1.));
#1944 = ( GEOMETRIC_REPRESENTATION_CONTEXT(2) 
PARAMETRIC_REPRESENTATION_CONTEXT() REPRESENTATION_CONTEXT('2D SPACE',''
  ) );
#1945 = ORIENTED_EDGE('',*,*,#1946,.F.);
#1946 = EDGE_CURVE('',#1873,#1925,#1947,.T.);
#1947 = SURFACE_CURVE('',#1948,(#1952,#1959),.PCURVE_S1.);
#1948 = LINE('',#1949,#1950);
#1949 = CARTESIAN_POINT('',(-3.189415653343,-0.634414218164,13.1012));
#1950 = VECTOR('',#1951,1.);
#1951 = DIRECTION('',(0.290284677254,-0.956940335732,0.));
#1952 = PCURVE('',#581,#1953);
#1953 = DEFINITIONAL_REPRESENTATION('',(#1954),#1958);
#1954 = LINE('',#1955,#1956);
#1955 = CARTESIAN_POINT('',(0.,1.));
#1956 = VECTOR('',#1957,1.);
#1957 = DIRECTION('',(1.,0.));
#1958 = ( GEOMETRIC_REPRESENTATION_CONTEXT(2) 
PARAMETRIC_REPRESENTATION_CONTEXT() REPRESENTATION_CONTEXT('2D SPACE',''
  ) );
#1959 = PCURVE('',#1960,#1965);
#1960 = B_SPLINE_SURFACE_WITH_KNOTS('',1,1,(
    (#1961,#1962)
    ,(#1963,#1964
    )),.UNSPECIFIED.,.F.,.F.,.F.,(2,2),(2,2),(0.,0.637483877275),(0.,1.)
  ,.PIECEWISE_BEZIER_KNOTS.);
#1961 = CARTESIAN_POINT('',(-3.189415653343,-0.634414218164,13.1012));
#1962 = CARTESIAN_POINT('',(-1.722284452805,-0.342583677809,14.4412));
#1963 = CARTESIAN_POINT('',(-3.004363851773,-1.244448253708,13.1012));
#1964 = CARTESIAN_POINT('',(-1.622356479958,-0.672002057002,14.4412));
#1965 = DEFINITIONAL_REPRESENTATION('',(#1966),#1969);
#1966 = B_SPLINE_CURVE_WITH_KNOTS('',1,(#1967,#1968),.UNSPECIFIED.,.F.,
  .F.,(2,2),(0.,0.637483877275),.PIECEWISE_BEZIER_KNOTS.);
#1967 = CARTESIAN_POINT('',(0.,0.));
#1968 = CARTESIAN_POINT('',(0.637483877275,0.));
#1969 = ( GEOMETRIC_REPRESENTATION_CONTEXT(2) 
PARAMETRIC_REPRESENTATION_CONTEXT() REPRESENTATION_CONTEXT('2D SPACE',''
  ) );
#1970 = ORIENTED_EDGE('',*,*,#1872,.F.);
#1971 = ADVANCED_FACE('',(#1972),#608,.T.);
#1972 = FACE_BOUND('',#1973,.T.);
#1973 = EDGE_LOOP('',(#1974,#1975,#1997,#2022));
#1974 = ORIENTED_EDGE('',*,*,#592,.T.);
#1975 = ORIENTED_EDGE('',*,*,#1976,.T.);
#1976 = EDGE_CURVE('',#593,#1977,#1979,.T.);
#1977 = VERTEX_POINT('',#1978);
#1978 = CARTESIAN_POINT('',(-2.703856032247,-1.806658840756,13.1012));
#1979 = SURFACE_CURVE('',#1980,(#1983,#1990),.PCURVE_S1.);
#1980 = B_SPLINE_CURVE_WITH_KNOTS('',1,(#1981,#1982),.UNSPECIFIED.,.F.,
  .F.,(2,2),(0.,1.),.PIECEWISE_BEZIER_KNOTS.);
#1981 = CARTESIAN_POINT('',(-0.405578404837,-0.270998826113,11.02551));
#1982 = CARTESIAN_POINT('',(-2.703856032247,-1.806658840756,13.1012));
#1983 = PCURVE('',#608,#1984);
#1984 = DEFINITIONAL_REPRESENTATION('',(#1985),#1989);
#1985 = LINE('',#1986,#1987);
#1986 = CARTESIAN_POINT('',(0.637483877275,0.));
#1987 = VECTOR('',#1988,1.);
#1988 = DIRECTION('',(0.,1.));
#1989 = ( GEOMETRIC_REPRESENTATION_CONTEXT(2) 
PARAMETRIC_REPRESENTATION_CONTEXT() REPRESENTATION_CONTEXT('2D SPACE',''
  ) );
#1990 = PCURVE('',#635,#1991);
#1991 = DEFINITIONAL_REPRESENTATION('',(#1992),#1996);
#1992 = LINE('',#1993,#1994);
#1993 = CARTESIAN_POINT('',(0.,0.));
#1994 = VECTOR('',#1995,1.);
#1995 = DIRECTION('',(0.,1.));
#1996 = ( GEOMETRIC_REPRESENTATION_CONTEXT(2) 
PARAMETRIC_REPRESENTATION_CONTEXT() REPRESENTATION_CONTEXT('2D SPACE',''
  ) );
#1997 = ORIENTED_EDGE('',*,*,#1998,.F.);
#1998 = EDGE_CURVE('',#1925,#1977,#1999,.T.);
#1999 = SURFACE_CURVE('',#2000,(#2004,#2011),.PCURVE_S1.);
#2000 = LINE('',#2001,#2002);
#2001 = CARTESIAN_POINT('',(-3.004363851773,-1.244448253708,13.1012));
#2002 = VECTOR('',#2003,1.);
#2003 = DIRECTION('',(0.471396736826,-0.881921264348,0.));
#2004 = PCURVE('',#608,#2005);
#2005 = DEFINITIONAL_REPRESENTATION('',(#2006),#2010);
#2006 = LINE('',#2007,#2008);
#2007 = CARTESIAN_POINT('',(0.,1.));
#2008 = VECTOR('',#2009,1.);
#2009 = DIRECTION('',(1.,0.));
#2010 = ( GEOMETRIC_REPRESENTATION_CONTEXT(2) 
PARAMETRIC_REPRESENTATION_CONTEXT() REPRESENTATION_CONTEXT('2D SPACE',''
  ) );
#2011 = PCURVE('',#2012,#2017);
#2012 = B_SPLINE_SURFACE_WITH_KNOTS('',1,1,(
    (#2013,#2014)
    ,(#2015,#2016
    )),.UNSPECIFIED.,.F.,.F.,.F.,(2,2),(2,2),(0.,0.637483877275),(0.,1.)
  ,.PIECEWISE_BEZIER_KNOTS.);
#2013 = CARTESIAN_POINT('',(-3.004363851773,-1.244448253708,13.1012));
#2014 = CARTESIAN_POINT('',(-1.622356479958,-0.672002057002,14.4412));
#2015 = CARTESIAN_POINT('',(-2.703856032247,-1.806658840756,13.1012));
#2016 = CARTESIAN_POINT('',(-1.460082257413,-0.975595774008,14.4412));
#2017 = DEFINITIONAL_REPRESENTATION('',(#2018),#2021);
#2018 = B_SPLINE_CURVE_WITH_KNOTS('',1,(#2019,#2020),.UNSPECIFIED.,.F.,
  .F.,(2,2),(0.,0.637483877275),.PIECEWISE_BEZIER_KNOTS.);
#2019 = CARTESIAN_POINT('',(0.,0.));
#2020 = CARTESIAN_POINT('',(0.637483877275,0.));
#2021 = ( GEOMETRIC_REPRESENTATION_CONTEXT(2) 
PARAMETRIC_REPRESENTATION_CONTEXT() REPRESENTATION_CONTEXT('2D SPACE',''
  ) );
#2022 = ORIENTED_EDGE('',*,*,#1924,.F.);
#2023 = ADVANCED_FACE('',(#2024),#635,.T.);
#2024 = FACE_BOUND('',#2025,.T.);
#2025 = EDGE_LOOP('',(#2026,#2027,#2049,#2074));
#2026 = ORIENTED_EDGE('',*,*,#619,.T.);
#2027 = ORIENTED_EDGE('',*,*,#2028,.T.);
#2028 = EDGE_CURVE('',#620,#2029,#2031,.T.);
#2029 = VERTEX_POINT('',#2030);
#2030 = CARTESIAN_POINT('',(-2.299440541741,-2.299440541741,13.1012));
#2031 = SURFACE_CURVE('',#2032,(#2035,#2042),.PCURVE_S1.);
#2032 = B_SPLINE_CURVE_WITH_KNOTS('',1,(#2033,#2034),.UNSPECIFIED.,.F.,
  .F.,(2,2),(0.,1.),.PIECEWISE_BEZIER_KNOTS.);
#2033 = CARTESIAN_POINT('',(-0.344916081261,-0.344916081261,11.02551));
#2034 = CARTESIAN_POINT('',(-2.299440541741,-2.299440541741,13.1012));
#2035 = PCURVE('',#635,#2036);
#2036 = DEFINITIONAL_REPRESENTATION('',(#2037),#2041);
#2037 = LINE('',#2038,#2039);
#2038 = CARTESIAN_POINT('',(0.637483877275,0.));
#2039 = VECTOR('',#2040,1.);
#2040 = DIRECTION('',(0.,1.));
#2041 = ( GEOMETRIC_REPRESENTATION_CONTEXT(2) 
PARAMETRIC_REPRESENTATION_CONTEXT() REPRESENTATION_CONTEXT('2D SPACE',''
  ) );
#2042 = PCURVE('',#662,#2043);
#2043 = DEFINITIONAL_REPRESENTATION('',(#2044),#2048);
#2044 = LINE('',#2045,#2046);
#2045 = CARTESIAN_POINT('',(0.,0.));
#2046 = VECTOR('',#2047,1.);
#2047 = DIRECTION('',(0.,1.));
#2048 = ( GEOMETRIC_REPRESENTATION_CONTEXT(2) 
PARAMETRIC_REPRESENTATION_CONTEXT() REPRESENTATION_CONTEXT('2D SPACE',''
  ) );
#2049 = ORIENTED_EDGE('',*,*,#2050,.F.);
#2050 = EDGE_CURVE('',#1977,#2029,#2051,.T.);
#2051 = SURFACE_CURVE('',#2052,(#2056,#2063),.PCURVE_S1.);
#2052 = LINE('',#2053,#2054);
#2053 = CARTESIAN_POINT('',(-2.703856032247,-1.806658840756,13.1012));
#2054 = VECTOR('',#2055,1.);
#2055 = DIRECTION('',(0.634393284164,-0.773010453363,0.));
#2056 = PCURVE('',#635,#2057);
#2057 = DEFINITIONAL_REPRESENTATION('',(#2058),#2062);
#2058 = LINE('',#2059,#2060);
#2059 = CARTESIAN_POINT('',(0.,1.));
#2060 = VECTOR('',#2061,1.);
#2061 = DIRECTION('',(1.,0.));
#2062 = ( GEOMETRIC_REPRESENTATION_CONTEXT(2) 
PARAMETRIC_REPRESENTATION_CONTEXT() REPRESENTATION_CONTEXT('2D SPACE',''
  ) );
#2063 = PCURVE('',#2064,#2069);
#2064 = B_SPLINE_SURFACE_WITH_KNOTS('',1,1,(
    (#2065,#2066)
    ,(#2067,#2068
    )),.UNSPECIFIED.,.F.,.F.,.F.,(2,2),(2,2),(0.,0.637483877275),(0.,1.)
  ,.PIECEWISE_BEZIER_KNOTS.);
#2065 = CARTESIAN_POINT('',(-2.703856032247,-1.806658840756,13.1012));
#2066 = CARTESIAN_POINT('',(-1.460082257413,-0.975595774008,14.4412));
#2067 = CARTESIAN_POINT('',(-2.299440541741,-2.299440541741,13.1012));
#2068 = CARTESIAN_POINT('',(-1.24169789254,-1.24169789254,14.4412));
#2069 = DEFINITIONAL_REPRESENTATION('',(#2070),#2073);
#2070 = B_SPLINE_CURVE_WITH_KNOTS('',1,(#2071,#2072),.UNSPECIFIED.,.F.,
  .F.,(2,2),(0.,0.637483877275),.PIECEWISE_BEZIER_KNOTS.);
#2071 = CARTESIAN_POINT('',(0.,0.));
#2072 = CARTESIAN_POINT('',(0.637483877275,0.));
#2073 = ( GEOMETRIC_REPRESENTATION_CONTEXT(2) 
PARAMETRIC_REPRESENTATION_CONTEXT() REPRESENTATION_CONTEXT('2D SPACE',''
  ) );
#2074 = ORIENTED_EDGE('',*,*,#1976,.F.);
#2075 = ADVANCED_FACE('',(#2076),#662,.T.);
#2076 = FACE_BOUND('',#2077,.T.);
#2077 = EDGE_LOOP('',(#2078,#2079,#2101,#2126));
#2078 = ORIENTED_EDGE('',*,*,#646,.T.);
#2079 = ORIENTED_EDGE('',*,*,#2080,.T.);
#2080 = EDGE_CURVE('',#647,#2081,#2083,.T.);
#2081 = VERTEX_POINT('',#2082);
#2082 = CARTESIAN_POINT('',(-1.806658840756,-2.703856032247,13.1012));
#2083 = SURFACE_CURVE('',#2084,(#2087,#2094),.PCURVE_S1.);
#2084 = B_SPLINE_CURVE_WITH_KNOTS('',1,(#2085,#2086),.UNSPECIFIED.,.F.,
  .F.,(2,2),(0.,1.),.PIECEWISE_BEZIER_KNOTS.);
#2085 = CARTESIAN_POINT('',(-0.270998826113,-0.405578404837,11.02551));
#2086 = CARTESIAN_POINT('',(-1.806658840756,-2.703856032247,13.1012));
#2087 = PCURVE('',#662,#2088);
#2088 = DEFINITIONAL_REPRESENTATION('',(#2089),#2093);
#2089 = LINE('',#2090,#2091);
#2090 = CARTESIAN_POINT('',(0.637483877275,0.));
#2091 = VECTOR('',#2092,1.);
#2092 = DIRECTION('',(0.,1.));
#2093 = ( GEOMETRIC_REPRESENTATION_CONTEXT(2) 
PARAMETRIC_REPRESENTATION_CONTEXT() REPRESENTATION_CONTEXT('2D SPACE',''
  ) );
#2094 = PCURVE('',#689,#2095);
#2095 = DEFINITIONAL_REPRESENTATION('',(#2096),#2100);
#2096 = LINE('',#2097,#2098);
#2097 = CARTESIAN_POINT('',(0.,0.));
#2098 = VECTOR('',#2099,1.);
#2099 = DIRECTION('',(0.,1.));
#2100 = ( GEOMETRIC_REPRESENTATION_CONTEXT(2) 
PARAMETRIC_REPRESENTATION_CONTEXT() REPRESENTATION_CONTEXT('2D SPACE',''
  ) );
#2101 = ORIENTED_EDGE('',*,*,#2102,.F.);
#2102 = EDGE_CURVE('',#2029,#2081,#2103,.T.);
#2103 = SURFACE_CURVE('',#2104,(#2108,#2115),.PCURVE_S1.);
#2104 = LINE('',#2105,#2106);
#2105 = CARTESIAN_POINT('',(-2.299440541741,-2.299440541741,13.1012));
#2106 = VECTOR('',#2107,1.);
#2107 = DIRECTION('',(0.773010453363,-0.634393284164,0.));
#2108 = PCURVE('',#662,#2109);
#2109 = DEFINITIONAL_REPRESENTATION('',(#2110),#2114);
#2110 = LINE('',#2111,#2112);
#2111 = CARTESIAN_POINT('',(0.,1.));
#2112 = VECTOR('',#2113,1.);
#2113 = DIRECTION('',(1.,0.));
#2114 = ( GEOMETRIC_REPRESENTATION_CONTEXT(2) 
PARAMETRIC_REPRESENTATION_CONTEXT() REPRESENTATION_CONTEXT('2D SPACE',''
  ) );
#2115 = PCURVE('',#2116,#2121);
#2116 = B_SPLINE_SURFACE_WITH_KNOTS('',1,1,(
    (#2117,#2118)
    ,(#2119,#2120
    )),.UNSPECIFIED.,.F.,.F.,.F.,(2,2),(2,2),(0.,0.637483877275),(0.,1.)
  ,.PIECEWISE_BEZIER_KNOTS.);
#2117 = CARTESIAN_POINT('',(-2.299440541741,-2.299440541741,13.1012));
#2118 = CARTESIAN_POINT('',(-1.24169789254,-1.24169789254,14.4412));
#2119 = CARTESIAN_POINT('',(-1.806658840756,-2.703856032247,13.1012));
#2120 = CARTESIAN_POINT('',(-0.975595774008,-1.460082257413,14.4412));
#2121 = DEFINITIONAL_REPRESENTATION('',(#2122),#2125);
#2122 = B_SPLINE_CURVE_WITH_KNOTS('',1,(#2123,#2124),.UNSPECIFIED.,.F.,
  .F.,(2,2),(0.,0.637483877275),.PIECEWISE_BEZIER_KNOTS.);
#2123 = CARTESIAN_POINT('',(0.,0.));
#2124 = CARTESIAN_POINT('',(0.637483877275,0.));
#2125 = ( GEOMETRIC_REPRESENTATION_CONTEXT(2) 
PARAMETRIC_REPRESENTATION_CONTEXT() REPRESENTATION_CONTEXT('2D SPACE',''
  ) );
#2126 = ORIENTED_EDGE('',*,*,#2028,.F.);
#2127 = ADVANCED_FACE('',(#2128),#689,.T.);
#2128 = FACE_BOUND('',#2129,.T.);
#2129 = EDGE_LOOP('',(#2130,#2131,#2153,#2178));
#2130 = ORIENTED_EDGE('',*,*,#673,.T.);
#2131 = ORIENTED_EDGE('',*,*,#2132,.T.);
#2132 = EDGE_CURVE('',#674,#2133,#2135,.T.);
#2133 = VERTEX_POINT('',#2134);
#2134 = CARTESIAN_POINT('',(-1.244448253708,-3.004363851773,13.1012));
#2135 = SURFACE_CURVE('',#2136,(#2139,#2146),.PCURVE_S1.);
#2136 = B_SPLINE_CURVE_WITH_KNOTS('',1,(#2137,#2138),.UNSPECIFIED.,.F.,
  .F.,(2,2),(0.,1.),.PIECEWISE_BEZIER_KNOTS.);
#2137 = CARTESIAN_POINT('',(-0.186667238056,-0.450654577766,11.02551));
#2138 = CARTESIAN_POINT('',(-1.244448253708,-3.004363851773,13.1012));
#2139 = PCURVE('',#689,#2140);
#2140 = DEFINITIONAL_REPRESENTATION('',(#2141),#2145);
#2141 = LINE('',#2142,#2143);
#2142 = CARTESIAN_POINT('',(0.637483877275,0.));
#2143 = VECTOR('',#2144,1.);
#2144 = DIRECTION('',(0.,1.));
#2145 = ( GEOMETRIC_REPRESENTATION_CONTEXT(2) 
PARAMETRIC_REPRESENTATION_CONTEXT() REPRESENTATION_CONTEXT('2D SPACE',''
  ) );
#2146 = PCURVE('',#716,#2147);
#2147 = DEFINITIONAL_REPRESENTATION('',(#2148),#2152);
#2148 = LINE('',#2149,#2150);
#2149 = CARTESIAN_POINT('',(0.,0.));
#2150 = VECTOR('',#2151,1.);
#2151 = DIRECTION('',(0.,1.));
#2152 = ( GEOMETRIC_REPRESENTATION_CONTEXT(2) 
PARAMETRIC_REPRESENTATION_CONTEXT() REPRESENTATION_CONTEXT('2D SPACE',''
  ) );
#2153 = ORIENTED_EDGE('',*,*,#2154,.F.);
#2154 = EDGE_CURVE('',#2081,#2133,#2155,.T.);
#2155 = SURFACE_CURVE('',#2156,(#2160,#2167),.PCURVE_S1.);
#2156 = LINE('',#2157,#2158);
#2157 = CARTESIAN_POINT('',(-1.806658840756,-2.703856032247,13.1012));
#2158 = VECTOR('',#2159,1.);
#2159 = DIRECTION('',(0.881921264348,-0.471396736826,0.));
#2160 = PCURVE('',#689,#2161);
#2161 = DEFINITIONAL_REPRESENTATION('',(#2162),#2166);
#2162 = LINE('',#2163,#2164);
#2163 = CARTESIAN_POINT('',(0.,1.));
#2164 = VECTOR('',#2165,1.);
#2165 = DIRECTION('',(1.,0.));
#2166 = ( GEOMETRIC_REPRESENTATION_CONTEXT(2) 
PARAMETRIC_REPRESENTATION_CONTEXT() REPRESENTATION_CONTEXT('2D SPACE',''
  ) );
#2167 = PCURVE('',#2168,#2173);
#2168 = B_SPLINE_SURFACE_WITH_KNOTS('',1,1,(
    (#2169,#2170)
    ,(#2171,#2172
    )),.UNSPECIFIED.,.F.,.F.,.F.,(2,2),(2,2),(0.,0.637483877275),(0.,1.)
  ,.PIECEWISE_BEZIER_KNOTS.);
#2169 = CARTESIAN_POINT('',(-1.806658840756,-2.703856032247,13.1012));
#2170 = CARTESIAN_POINT('',(-0.975595774008,-1.460082257413,14.4412));
#2171 = CARTESIAN_POINT('',(-1.244448253708,-3.004363851773,13.1012));
#2172 = CARTESIAN_POINT('',(-0.672002057002,-1.622356479958,14.4412));
#2173 = DEFINITIONAL_REPRESENTATION('',(#2174),#2177);
#2174 = B_SPLINE_CURVE_WITH_KNOTS('',1,(#2175,#2176),.UNSPECIFIED.,.F.,
  .F.,(2,2),(0.,0.637483877275),.PIECEWISE_BEZIER_KNOTS.);
#2175 = CARTESIAN_POINT('',(0.,0.));
#2176 = CARTESIAN_POINT('',(0.637483877275,0.));
#2177 = ( GEOMETRIC_REPRESENTATION_CONTEXT(2) 
PARAMETRIC_REPRESENTATION_CONTEXT() REPRESENTATION_CONTEXT('2D SPACE',''
  ) );
#2178 = ORIENTED_EDGE('',*,*,#2080,.F.);
#2179 = ADVANCED_FACE('',(#2180),#716,.T.);
#2180 = FACE_BOUND('',#2181,.T.);
#2181 = EDGE_LOOP('',(#2182,#2183,#2205,#2230));
#2182 = ORIENTED_EDGE('',*,*,#700,.T.);
#2183 = ORIENTED_EDGE('',*,*,#2184,.T.);
#2184 = EDGE_CURVE('',#701,#2185,#2187,.T.);
#2185 = VERTEX_POINT('',#2186);
#2186 = CARTESIAN_POINT('',(-0.634414218164,-3.189415653343,13.1012));
#2187 = SURFACE_CURVE('',#2188,(#2191,#2198),.PCURVE_S1.);
#2188 = B_SPLINE_CURVE_WITH_KNOTS('',1,(#2189,#2190),.UNSPECIFIED.,.F.,
  .F.,(2,2),(0.,1.),.PIECEWISE_BEZIER_KNOTS.);
#2189 = CARTESIAN_POINT('',(-9.516213272464E-02,-0.478412348001,11.02551
    ));
#2190 = CARTESIAN_POINT('',(-0.634414218164,-3.189415653343,13.1012));
#2191 = PCURVE('',#716,#2192);
#2192 = DEFINITIONAL_REPRESENTATION('',(#2193),#2197);
#2193 = LINE('',#2194,#2195);
#2194 = CARTESIAN_POINT('',(0.637483877275,0.));
#2195 = VECTOR('',#2196,1.);
#2196 = DIRECTION('',(0.,1.));
#2197 = ( GEOMETRIC_REPRESENTATION_CONTEXT(2) 
PARAMETRIC_REPRESENTATION_CONTEXT() REPRESENTATION_CONTEXT('2D SPACE',''
  ) );
#2198 = PCURVE('',#743,#2199);
#2199 = DEFINITIONAL_REPRESENTATION('',(#2200),#2204);
#2200 = LINE('',#2201,#2202);
#2201 = CARTESIAN_POINT('',(0.,0.));
#2202 = VECTOR('',#2203,1.);
#2203 = DIRECTION('',(0.,1.));
#2204 = ( GEOMETRIC_REPRESENTATION_CONTEXT(2) 
PARAMETRIC_REPRESENTATION_CONTEXT() REPRESENTATION_CONTEXT('2D SPACE',''
  ) );
#2205 = ORIENTED_EDGE('',*,*,#2206,.F.);
#2206 = EDGE_CURVE('',#2133,#2185,#2207,.T.);
#2207 = SURFACE_CURVE('',#2208,(#2212,#2219),.PCURVE_S1.);
#2208 = LINE('',#2209,#2210);
#2209 = CARTESIAN_POINT('',(-1.244448253708,-3.004363851773,13.1012));
#2210 = VECTOR('',#2211,1.);
#2211 = DIRECTION('',(0.956940335732,-0.290284677254,0.));
#2212 = PCURVE('',#716,#2213);
#2213 = DEFINITIONAL_REPRESENTATION('',(#2214),#2218);
#2214 = LINE('',#2215,#2216);
#2215 = CARTESIAN_POINT('',(0.,1.));
#2216 = VECTOR('',#2217,1.);
#2217 = DIRECTION('',(1.,0.));
#2218 = ( GEOMETRIC_REPRESENTATION_CONTEXT(2) 
PARAMETRIC_REPRESENTATION_CONTEXT() REPRESENTATION_CONTEXT('2D SPACE',''
  ) );
#2219 = PCURVE('',#2220,#2225);
#2220 = B_SPLINE_SURFACE_WITH_KNOTS('',1,1,(
    (#2221,#2222)
    ,(#2223,#2224
    )),.UNSPECIFIED.,.F.,.F.,.F.,(2,2),(2,2),(0.,0.637483877275),(0.,1.)
  ,.PIECEWISE_BEZIER_KNOTS.);
#2221 = CARTESIAN_POINT('',(-1.244448253708,-3.004363851773,13.1012));
#2222 = CARTESIAN_POINT('',(-0.672002057002,-1.622356479958,14.4412));
#2223 = CARTESIAN_POINT('',(-0.634414218164,-3.189415653343,13.1012));
#2224 = CARTESIAN_POINT('',(-0.342583677809,-1.722284452805,14.4412));
#2225 = DEFINITIONAL_REPRESENTATION('',(#2226),#2229);
#2226 = B_SPLINE_CURVE_WITH_KNOTS('',1,(#2227,#2228),.UNSPECIFIED.,.F.,
  .F.,(2,2),(0.,0.637483877275),.PIECEWISE_BEZIER_KNOTS.);
#2227 = CARTESIAN_POINT('',(0.,0.));
#2228 = CARTESIAN_POINT('',(0.637483877275,0.));
#2229 = ( GEOMETRIC_REPRESENTATION_CONTEXT(2) 
PARAMETRIC_REPRESENTATION_CONTEXT() REPRESENTATION_CONTEXT('2D SPACE',''
  ) );
#2230 = ORIENTED_EDGE('',*,*,#2132,.F.);
#2231 = ADVANCED_FACE('',(#2232),#743,.T.);
#2232 = FACE_BOUND('',#2233,.T.);
#2233 = EDGE_LOOP('',(#2234,#2235,#2257,#2282));
#2234 = ORIENTED_EDGE('',*,*,#727,.T.);
#2235 = ORIENTED_EDGE('',*,*,#2236,.T.);
#2236 = EDGE_CURVE('',#728,#2237,#2239,.T.);
#2237 = VERTEX_POINT('',#2238);
#2238 = CARTESIAN_POINT('',(-5.973643389221E-16,-3.2519,13.1012));
#2239 = SURFACE_CURVE('',#2240,(#2243,#2250),.PCURVE_S1.);
#2240 = B_SPLINE_CURVE_WITH_KNOTS('',1,(#2241,#2242),.UNSPECIFIED.,.F.,
  .F.,(2,2),(0.,1.),.PIECEWISE_BEZIER_KNOTS.);
#2241 = CARTESIAN_POINT('',(-8.326672684689E-17,-0.487785,11.02551));
#2242 = CARTESIAN_POINT('',(-5.551115123126E-16,-3.2519,13.1012));
#2243 = PCURVE('',#743,#2244);
#2244 = DEFINITIONAL_REPRESENTATION('',(#2245),#2249);
#2245 = LINE('',#2246,#2247);
#2246 = CARTESIAN_POINT('',(0.637483877275,0.));
#2247 = VECTOR('',#2248,1.);
#2248 = DIRECTION('',(0.,1.));
#2249 = ( GEOMETRIC_REPRESENTATION_CONTEXT(2) 
PARAMETRIC_REPRESENTATION_CONTEXT() REPRESENTATION_CONTEXT('2D SPACE',''
  ) );
#2250 = PCURVE('',#770,#2251);
#2251 = DEFINITIONAL_REPRESENTATION('',(#2252),#2256);
#2252 = LINE('',#2253,#2254);
#2253 = CARTESIAN_POINT('',(0.,0.));
#2254 = VECTOR('',#2255,1.);
#2255 = DIRECTION('',(0.,1.));
#2256 = ( GEOMETRIC_REPRESENTATION_CONTEXT(2) 
PARAMETRIC_REPRESENTATION_CONTEXT() REPRESENTATION_CONTEXT('2D SPACE',''
  ) );
#2257 = ORIENTED_EDGE('',*,*,#2258,.F.);
#2258 = EDGE_CURVE('',#2185,#2237,#2259,.T.);
#2259 = SURFACE_CURVE('',#2260,(#2264,#2271),.PCURVE_S1.);
#2260 = LINE('',#2261,#2262);
#2261 = CARTESIAN_POINT('',(-0.634414218164,-3.189415653343,13.1012));
#2262 = VECTOR('',#2263,1.);
#2263 = DIRECTION('',(0.995184726672,-9.801714032956E-02,0.));
#2264 = PCURVE('',#743,#2265);
#2265 = DEFINITIONAL_REPRESENTATION('',(#2266),#2270);
#2266 = LINE('',#2267,#2268);
#2267 = CARTESIAN_POINT('',(0.,1.));
#2268 = VECTOR('',#2269,1.);
#2269 = DIRECTION('',(1.,0.));
#2270 = ( GEOMETRIC_REPRESENTATION_CONTEXT(2) 
PARAMETRIC_REPRESENTATION_CONTEXT() REPRESENTATION_CONTEXT('2D SPACE',''
  ) );
#2271 = PCURVE('',#2272,#2277);
#2272 = B_SPLINE_SURFACE_WITH_KNOTS('',1,1,(
    (#2273,#2274)
    ,(#2275,#2276
    )),.UNSPECIFIED.,.F.,.F.,.F.,(2,2),(2,2),(0.,0.637483877275),(0.,1.)
  ,.PIECEWISE_BEZIER_KNOTS.);
#2273 = CARTESIAN_POINT('',(-0.634414218164,-3.189415653343,13.1012));
#2274 = CARTESIAN_POINT('',(-0.342583677809,-1.722284452805,14.4412));
#2275 = CARTESIAN_POINT('',(-5.551115123126E-16,-3.2519,13.1012));
#2276 = CARTESIAN_POINT('',(-3.330669073875E-16,-1.756026,14.4412));
#2277 = DEFINITIONAL_REPRESENTATION('',(#2278),#2281);
#2278 = B_SPLINE_CURVE_WITH_KNOTS('',1,(#2279,#2280),.UNSPECIFIED.,.F.,
  .F.,(2,2),(0.,0.637483877275),.PIECEWISE_BEZIER_KNOTS.);
#2279 = CARTESIAN_POINT('',(0.,0.));
#2280 = CARTESIAN_POINT('',(0.637483877275,0.));
#2281 = ( GEOMETRIC_REPRESENTATION_CONTEXT(2) 
PARAMETRIC_REPRESENTATION_CONTEXT() REPRESENTATION_CONTEXT('2D SPACE',''
  ) );
#2282 = ORIENTED_EDGE('',*,*,#2184,.F.);
#2283 = ADVANCED_FACE('',(#2284),#770,.T.);
#2284 = FACE_BOUND('',#2285,.T.);
#2285 = EDGE_LOOP('',(#2286,#2287,#2309,#2334));
#2286 = ORIENTED_EDGE('',*,*,#754,.T.);
#2287 = ORIENTED_EDGE('',*,*,#2288,.T.);
#2288 = EDGE_CURVE('',#755,#2289,#2291,.T.);
#2289 = VERTEX_POINT('',#2290);
#2290 = CARTESIAN_POINT('',(0.634414218164,-3.189415653343,13.1012));
#2291 = SURFACE_CURVE('',#2292,(#2295,#2302),.PCURVE_S1.);
#2292 = B_SPLINE_CURVE_WITH_KNOTS('',1,(#2293,#2294),.UNSPECIFIED.,.F.,
  .F.,(2,2),(0.,1.),.PIECEWISE_BEZIER_KNOTS.);
#2293 = CARTESIAN_POINT('',(9.516213272464E-02,-0.478412348001,11.02551)
  );
#2294 = CARTESIAN_POINT('',(0.634414218164,-3.189415653343,13.1012));
#2295 = PCURVE('',#770,#2296);
#2296 = DEFINITIONAL_REPRESENTATION('',(#2297),#2301);
#2297 = LINE('',#2298,#2299);
#2298 = CARTESIAN_POINT('',(0.637483877275,0.));
#2299 = VECTOR('',#2300,1.);
#2300 = DIRECTION('',(0.,1.));
#2301 = ( GEOMETRIC_REPRESENTATION_CONTEXT(2) 
PARAMETRIC_REPRESENTATION_CONTEXT() REPRESENTATION_CONTEXT('2D SPACE',''
  ) );
#2302 = PCURVE('',#797,#2303);
#2303 = DEFINITIONAL_REPRESENTATION('',(#2304),#2308);
#2304 = LINE('',#2305,#2306);
#2305 = CARTESIAN_POINT('',(0.,0.));
#2306 = VECTOR('',#2307,1.);
#2307 = DIRECTION('',(0.,1.));
#2308 = ( GEOMETRIC_REPRESENTATION_CONTEXT(2) 
PARAMETRIC_REPRESENTATION_CONTEXT() REPRESENTATION_CONTEXT('2D SPACE',''
  ) );
#2309 = ORIENTED_EDGE('',*,*,#2310,.F.);
#2310 = EDGE_CURVE('',#2237,#2289,#2311,.T.);
#2311 = SURFACE_CURVE('',#2312,(#2316,#2323),.PCURVE_S1.);
#2312 = LINE('',#2313,#2314);
#2313 = CARTESIAN_POINT('',(-5.973643389221E-16,-3.2519,13.1012));
#2314 = VECTOR('',#2315,1.);
#2315 = DIRECTION('',(0.995184726672,9.801714032956E-02,0.));
#2316 = PCURVE('',#770,#2317);
#2317 = DEFINITIONAL_REPRESENTATION('',(#2318),#2322);
#2318 = LINE('',#2319,#2320);
#2319 = CARTESIAN_POINT('',(0.,1.));
#2320 = VECTOR('',#2321,1.);
#2321 = DIRECTION('',(1.,0.));
#2322 = ( GEOMETRIC_REPRESENTATION_CONTEXT(2) 
PARAMETRIC_REPRESENTATION_CONTEXT() REPRESENTATION_CONTEXT('2D SPACE',''
  ) );
#2323 = PCURVE('',#2324,#2329);
#2324 = B_SPLINE_SURFACE_WITH_KNOTS('',1,1,(
    (#2325,#2326)
    ,(#2327,#2328
    )),.UNSPECIFIED.,.F.,.F.,.F.,(2,2),(2,2),(0.,0.637483877275),(0.,1.)
  ,.PIECEWISE_BEZIER_KNOTS.);
#2325 = CARTESIAN_POINT('',(-5.973643389221E-16,-3.2519,13.1012));
#2326 = CARTESIAN_POINT('',(-3.225767430179E-16,-1.756026,14.4412));
#2327 = CARTESIAN_POINT('',(0.634414218164,-3.189415653343,13.1012));
#2328 = CARTESIAN_POINT('',(0.342583677809,-1.722284452805,14.4412));
#2329 = DEFINITIONAL_REPRESENTATION('',(#2330),#2333);
#2330 = B_SPLINE_CURVE_WITH_KNOTS('',1,(#2331,#2332),.UNSPECIFIED.,.F.,
  .F.,(2,2),(0.,0.637483877275),.PIECEWISE_BEZIER_KNOTS.);
#2331 = CARTESIAN_POINT('',(0.,0.));
#2332 = CARTESIAN_POINT('',(0.637483877275,0.));
#2333 = ( GEOMETRIC_REPRESENTATION_CONTEXT(2) 
PARAMETRIC_REPRESENTATION_CONTEXT() REPRESENTATION_CONTEXT('2D SPACE',''
  ) );
#2334 = ORIENTED_EDGE('',*,*,#2236,.F.);
#2335 = ADVANCED_FACE('',(#2336),#797,.T.);
#2336 = FACE_BOUND('',#2337,.T.);
#2337 = EDGE_LOOP('',(#2338,#2339,#2361,#2386));
#2338 = ORIENTED_EDGE('',*,*,#781,.T.);
#2339 = ORIENTED_EDGE('',*,*,#2340,.T.);
#2340 = EDGE_CURVE('',#782,#2341,#2343,.T.);
#2341 = VERTEX_POINT('',#2342);
#2342 = CARTESIAN_POINT('',(1.244448253708,-3.004363851773,13.1012));
#2343 = SURFACE_CURVE('',#2344,(#2347,#2354),.PCURVE_S1.);
#2344 = B_SPLINE_CURVE_WITH_KNOTS('',1,(#2345,#2346),.UNSPECIFIED.,.F.,
  .F.,(2,2),(0.,1.),.PIECEWISE_BEZIER_KNOTS.);
#2345 = CARTESIAN_POINT('',(0.186667238056,-0.450654577766,11.02551));
#2346 = CARTESIAN_POINT('',(1.244448253708,-3.004363851773,13.1012));
#2347 = PCURVE('',#797,#2348);
#2348 = DEFINITIONAL_REPRESENTATION('',(#2349),#2353);
#2349 = LINE('',#2350,#2351);
#2350 = CARTESIAN_POINT('',(0.637483877275,0.));
#2351 = VECTOR('',#2352,1.);
#2352 = DIRECTION('',(0.,1.));
#2353 = ( GEOMETRIC_REPRESENTATION_CONTEXT(2) 
PARAMETRIC_REPRESENTATION_CONTEXT() REPRESENTATION_CONTEXT('2D SPACE',''
  ) );
#2354 = PCURVE('',#824,#2355);
#2355 = DEFINITIONAL_REPRESENTATION('',(#2356),#2360);
#2356 = LINE('',#2357,#2358);
#2357 = CARTESIAN_POINT('',(0.,0.));
#2358 = VECTOR('',#2359,1.);
#2359 = DIRECTION('',(0.,1.));
#2360 = ( GEOMETRIC_REPRESENTATION_CONTEXT(2) 
PARAMETRIC_REPRESENTATION_CONTEXT() REPRESENTATION_CONTEXT('2D SPACE',''
  ) );
#2361 = ORIENTED_EDGE('',*,*,#2362,.F.);
#2362 = EDGE_CURVE('',#2289,#2341,#2363,.T.);
#2363 = SURFACE_CURVE('',#2364,(#2368,#2375),.PCURVE_S1.);
#2364 = LINE('',#2365,#2366);
#2365 = CARTESIAN_POINT('',(0.634414218164,-3.189415653343,13.1012));
#2366 = VECTOR('',#2367,1.);
#2367 = DIRECTION('',(0.956940335732,0.290284677254,0.));
#2368 = PCURVE('',#797,#2369);
#2369 = DEFINITIONAL_REPRESENTATION('',(#2370),#2374);
#2370 = LINE('',#2371,#2372);
#2371 = CARTESIAN_POINT('',(0.,1.));
#2372 = VECTOR('',#2373,1.);
#2373 = DIRECTION('',(1.,0.));
#2374 = ( GEOMETRIC_REPRESENTATION_CONTEXT(2) 
PARAMETRIC_REPRESENTATION_CONTEXT() REPRESENTATION_CONTEXT('2D SPACE',''
  ) );
#2375 = PCURVE('',#2376,#2381);
#2376 = B_SPLINE_SURFACE_WITH_KNOTS('',1,1,(
    (#2377,#2378)
    ,(#2379,#2380
    )),.UNSPECIFIED.,.F.,.F.,.F.,(2,2),(2,2),(0.,0.637483877275),(0.,1.)
  ,.PIECEWISE_BEZIER_KNOTS.);
#2377 = CARTESIAN_POINT('',(0.634414218164,-3.189415653343,13.1012));
#2378 = CARTESIAN_POINT('',(0.342583677809,-1.722284452805,14.4412));
#2379 = CARTESIAN_POINT('',(1.244448253708,-3.004363851773,13.1012));
#2380 = CARTESIAN_POINT('',(0.672002057002,-1.622356479958,14.4412));
#2381 = DEFINITIONAL_REPRESENTATION('',(#2382),#2385);
#2382 = B_SPLINE_CURVE_WITH_KNOTS('',1,(#2383,#2384),.UNSPECIFIED.,.F.,
  .F.,(2,2),(0.,0.637483877275),.PIECEWISE_BEZIER_KNOTS.);
#2383 = CARTESIAN_POINT('',(0.,0.));
#2384 = CARTESIAN_POINT('',(0.637483877275,0.));
#2385 = ( GEOMETRIC_REPRESENTATION_CONTEXT(2) 
PARAMETRIC_REPRESENTATION_CONTEXT() REPRESENTATION_CONTEXT('2D SPACE',''
  ) );
#2386 = ORIENTED_EDGE('',*,*,#2288,.F.);
#2387 = ADVANCED_FACE('',(#2388),#824,.T.);
#2388 = FACE_BOUND('',#2389,.T.);
#2389 = EDGE_LOOP('',(#2390,#2391,#2413,#2438));
#2390 = ORIENTED_EDGE('',*,*,#808,.T.);
#2391 = ORIENTED_EDGE('',*,*,#2392,.T.);
#2392 = EDGE_CURVE('',#809,#2393,#2395,.T.);
#2393 = VERTEX_POINT('',#2394);
#2394 = CARTESIAN_POINT('',(1.806658840756,-2.703856032247,13.1012));
#2395 = SURFACE_CURVE('',#2396,(#2399,#2406),.PCURVE_S1.);
#2396 = B_SPLINE_CURVE_WITH_KNOTS('',1,(#2397,#2398),.UNSPECIFIED.,.F.,
  .F.,(2,2),(0.,1.),.PIECEWISE_BEZIER_KNOTS.);
#2397 = CARTESIAN_POINT('',(0.270998826113,-0.405578404837,11.02551));
#2398 = CARTESIAN_POINT('',(1.806658840756,-2.703856032247,13.1012));
#2399 = PCURVE('',#824,#2400);
#2400 = DEFINITIONAL_REPRESENTATION('',(#2401),#2405);
#2401 = LINE('',#2402,#2403);
#2402 = CARTESIAN_POINT('',(0.637483877275,0.));
#2403 = VECTOR('',#2404,1.);
#2404 = DIRECTION('',(0.,1.));
#2405 = ( GEOMETRIC_REPRESENTATION_CONTEXT(2) 
PARAMETRIC_REPRESENTATION_CONTEXT() REPRESENTATION_CONTEXT('2D SPACE',''
  ) );
#2406 = PCURVE('',#851,#2407);
#2407 = DEFINITIONAL_REPRESENTATION('',(#2408),#2412);
#2408 = LINE('',#2409,#2410);
#2409 = CARTESIAN_POINT('',(0.,0.));
#2410 = VECTOR('',#2411,1.);
#2411 = DIRECTION('',(0.,1.));
#2412 = ( GEOMETRIC_REPRESENTATION_CONTEXT(2) 
PARAMETRIC_REPRESENTATION_CONTEXT() REPRESENTATION_CONTEXT('2D SPACE',''
  ) );
#2413 = ORIENTED_EDGE('',*,*,#2414,.F.);
#2414 = EDGE_CURVE('',#2341,#2393,#2415,.T.);
#2415 = SURFACE_CURVE('',#2416,(#2420,#2427),.PCURVE_S1.);
#2416 = LINE('',#2417,#2418);
#2417 = CARTESIAN_POINT('',(1.244448253708,-3.004363851773,13.1012));
#2418 = VECTOR('',#2419,1.);
#2419 = DIRECTION('',(0.881921264348,0.471396736826,0.));
#2420 = PCURVE('',#824,#2421);
#2421 = DEFINITIONAL_REPRESENTATION('',(#2422),#2426);
#2422 = LINE('',#2423,#2424);
#2423 = CARTESIAN_POINT('',(0.,1.));
#2424 = VECTOR('',#2425,1.);
#2425 = DIRECTION('',(1.,0.));
#2426 = ( GEOMETRIC_REPRESENTATION_CONTEXT(2) 
PARAMETRIC_REPRESENTATION_CONTEXT() REPRESENTATION_CONTEXT('2D SPACE',''
  ) );
#2427 = PCURVE('',#2428,#2433);
#2428 = B_SPLINE_SURFACE_WITH_KNOTS('',1,1,(
    (#2429,#2430)
    ,(#2431,#2432
    )),.UNSPECIFIED.,.F.,.F.,.F.,(2,2),(2,2),(0.,0.637483877275),(0.,1.)
  ,.PIECEWISE_BEZIER_KNOTS.);
#2429 = CARTESIAN_POINT('',(1.244448253708,-3.004363851773,13.1012));
#2430 = CARTESIAN_POINT('',(0.672002057002,-1.622356479958,14.4412));
#2431 = CARTESIAN_POINT('',(1.806658840756,-2.703856032247,13.1012));
#2432 = CARTESIAN_POINT('',(0.975595774008,-1.460082257413,14.4412));
#2433 = DEFINITIONAL_REPRESENTATION('',(#2434),#2437);
#2434 = B_SPLINE_CURVE_WITH_KNOTS('',1,(#2435,#2436),.UNSPECIFIED.,.F.,
  .F.,(2,2),(0.,0.637483877275),.PIECEWISE_BEZIER_KNOTS.);
#2435 = CARTESIAN_POINT('',(0.,0.));
#2436 = CARTESIAN_POINT('',(0.637483877275,0.));
#2437 = ( GEOMETRIC_REPRESENTATION_CONTEXT(2) 
PARAMETRIC_REPRESENTATION_CONTEXT() REPRESENTATION_CONTEXT('2D SPACE',''
  ) );
#2438 = ORIENTED_EDGE('',*,*,#2340,.F.);
#2439 = ADVANCED_FACE('',(#2440),#851,.T.);
#2440 = FACE_BOUND('',#2441,.T.);
#2441 = EDGE_LOOP('',(#2442,#2443,#2465,#2490));
#2442 = ORIENTED_EDGE('',*,*,#835,.T.);
#2443 = ORIENTED_EDGE('',*,*,#2444,.T.);
#2444 = EDGE_CURVE('',#836,#2445,#2447,.T.);
#2445 = VERTEX_POINT('',#2446);
#2446 = CARTESIAN_POINT('',(2.299440541741,-2.299440541741,13.1012));
#2447 = SURFACE_CURVE('',#2448,(#2451,#2458),.PCURVE_S1.);
#2448 = B_SPLINE_CURVE_WITH_KNOTS('',1,(#2449,#2450),.UNSPECIFIED.,.F.,
  .F.,(2,2),(0.,1.),.PIECEWISE_BEZIER_KNOTS.);
#2449 = CARTESIAN_POINT('',(0.344916081261,-0.344916081261,11.02551));
#2450 = CARTESIAN_POINT('',(2.299440541741,-2.299440541741,13.1012));
#2451 = PCURVE('',#851,#2452);
#2452 = DEFINITIONAL_REPRESENTATION('',(#2453),#2457);
#2453 = LINE('',#2454,#2455);
#2454 = CARTESIAN_POINT('',(0.637483877275,0.));
#2455 = VECTOR('',#2456,1.);
#2456 = DIRECTION('',(0.,1.));
#2457 = ( GEOMETRIC_REPRESENTATION_CONTEXT(2) 
PARAMETRIC_REPRESENTATION_CONTEXT() REPRESENTATION_CONTEXT('2D SPACE',''
  ) );
#2458 = PCURVE('',#878,#2459);
#2459 = DEFINITIONAL_REPRESENTATION('',(#2460),#2464);
#2460 = LINE('',#2461,#2462);
#2461 = CARTESIAN_POINT('',(0.,0.));
#2462 = VECTOR('',#2463,1.);
#2463 = DIRECTION('',(0.,1.));
#2464 = ( GEOMETRIC_REPRESENTATION_CONTEXT(2) 
PARAMETRIC_REPRESENTATION_CONTEXT() REPRESENTATION_CONTEXT('2D SPACE',''
  ) );
#2465 = ORIENTED_EDGE('',*,*,#2466,.F.);
#2466 = EDGE_CURVE('',#2393,#2445,#2467,.T.);
#2467 = SURFACE_CURVE('',#2468,(#2472,#2479),.PCURVE_S1.);
#2468 = LINE('',#2469,#2470);
#2469 = CARTESIAN_POINT('',(1.806658840756,-2.703856032247,13.1012));
#2470 = VECTOR('',#2471,1.);
#2471 = DIRECTION('',(0.773010453363,0.634393284164,0.));
#2472 = PCURVE('',#851,#2473);
#2473 = DEFINITIONAL_REPRESENTATION('',(#2474),#2478);
#2474 = LINE('',#2475,#2476);
#2475 = CARTESIAN_POINT('',(0.,1.));
#2476 = VECTOR('',#2477,1.);
#2477 = DIRECTION('',(1.,0.));
#2478 = ( GEOMETRIC_REPRESENTATION_CONTEXT(2) 
PARAMETRIC_REPRESENTATION_CONTEXT() REPRESENTATION_CONTEXT('2D SPACE',''
  ) );
#2479 = PCURVE('',#2480,#2485);
#2480 = B_SPLINE_SURFACE_WITH_KNOTS('',1,1,(
    (#2481,#2482)
    ,(#2483,#2484
    )),.UNSPECIFIED.,.F.,.F.,.F.,(2,2),(2,2),(0.,0.637483877275),(0.,1.)
  ,.PIECEWISE_BEZIER_KNOTS.);
#2481 = CARTESIAN_POINT('',(1.806658840756,-2.703856032247,13.1012));
#2482 = CARTESIAN_POINT('',(0.975595774008,-1.460082257413,14.4412));
#2483 = CARTESIAN_POINT('',(2.299440541741,-2.299440541741,13.1012));
#2484 = CARTESIAN_POINT('',(1.24169789254,-1.24169789254,14.4412));
#2485 = DEFINITIONAL_REPRESENTATION('',(#2486),#2489);
#2486 = B_SPLINE_CURVE_WITH_KNOTS('',1,(#2487,#2488),.UNSPECIFIED.,.F.,
  .F.,(2,2),(0.,0.637483877275),.PIECEWISE_BEZIER_KNOTS.);
#2487 = CARTESIAN_POINT('',(0.,0.));
#2488 = CARTESIAN_POINT('',(0.637483877275,0.));
#2489 = ( GEOMETRIC_REPRESENTATION_CONTEXT(2) 
PARAMETRIC_REPRESENTATION_CONTEXT() REPRESENTATION_CONTEXT('2D SPACE',''
  ) );
#2490 = ORIENTED_EDGE('',*,*,#2392,.F.);
#2491 = ADVANCED_FACE('',(#2492),#878,.T.);
#2492 = FACE_BOUND('',#2493,.T.);
#2493 = EDGE_LOOP('',(#2494,#2495,#2517,#2542));
#2494 = ORIENTED_EDGE('',*,*,#862,.T.);
#2495 = ORIENTED_EDGE('',*,*,#2496,.T.);
#2496 = EDGE_CURVE('',#863,#2497,#2499,.T.);
#2497 = VERTEX_POINT('',#2498);
#2498 = CARTESIAN_POINT('',(2.703856032247,-1.806658840756,13.1012));
#2499 = SURFACE_CURVE('',#2500,(#2503,#2510),.PCURVE_S1.);
#2500 = B_SPLINE_CURVE_WITH_KNOTS('',1,(#2501,#2502),.UNSPECIFIED.,.F.,
  .F.,(2,2),(0.,1.),.PIECEWISE_BEZIER_KNOTS.);
#2501 = CARTESIAN_POINT('',(0.405578404837,-0.270998826113,11.02551));
#2502 = CARTESIAN_POINT('',(2.703856032247,-1.806658840756,13.1012));
#2503 = PCURVE('',#878,#2504);
#2504 = DEFINITIONAL_REPRESENTATION('',(#2505),#2509);
#2505 = LINE('',#2506,#2507);
#2506 = CARTESIAN_POINT('',(0.637483877275,0.));
#2507 = VECTOR('',#2508,1.);
#2508 = DIRECTION('',(0.,1.));
#2509 = ( GEOMETRIC_REPRESENTATION_CONTEXT(2) 
PARAMETRIC_REPRESENTATION_CONTEXT() REPRESENTATION_CONTEXT('2D SPACE',''
  ) );
#2510 = PCURVE('',#905,#2511);
#2511 = DEFINITIONAL_REPRESENTATION('',(#2512),#2516);
#2512 = LINE('',#2513,#2514);
#2513 = CARTESIAN_POINT('',(0.,0.));
#2514 = VECTOR('',#2515,1.);
#2515 = DIRECTION('',(0.,1.));
#2516 = ( GEOMETRIC_REPRESENTATION_CONTEXT(2) 
PARAMETRIC_REPRESENTATION_CONTEXT() REPRESENTATION_CONTEXT('2D SPACE',''
  ) );
#2517 = ORIENTED_EDGE('',*,*,#2518,.F.);
#2518 = EDGE_CURVE('',#2445,#2497,#2519,.T.);
#2519 = SURFACE_CURVE('',#2520,(#2524,#2531),.PCURVE_S1.);
#2520 = LINE('',#2521,#2522);
#2521 = CARTESIAN_POINT('',(2.299440541741,-2.299440541741,13.1012));
#2522 = VECTOR('',#2523,1.);
#2523 = DIRECTION('',(0.634393284164,0.773010453363,0.));
#2524 = PCURVE('',#878,#2525);
#2525 = DEFINITIONAL_REPRESENTATION('',(#2526),#2530);
#2526 = LINE('',#2527,#2528);
#2527 = CARTESIAN_POINT('',(0.,1.));
#2528 = VECTOR('',#2529,1.);
#2529 = DIRECTION('',(1.,0.));
#2530 = ( GEOMETRIC_REPRESENTATION_CONTEXT(2) 
PARAMETRIC_REPRESENTATION_CONTEXT() REPRESENTATION_CONTEXT('2D SPACE',''
  ) );
#2531 = PCURVE('',#2532,#2537);
#2532 = B_SPLINE_SURFACE_WITH_KNOTS('',1,1,(
    (#2533,#2534)
    ,(#2535,#2536
    )),.UNSPECIFIED.,.F.,.F.,.F.,(2,2),(2,2),(0.,0.637483877275),(0.,1.)
  ,.PIECEWISE_BEZIER_KNOTS.);
#2533 = CARTESIAN_POINT('',(2.299440541741,-2.299440541741,13.1012));
#2534 = CARTESIAN_POINT('',(1.24169789254,-1.24169789254,14.4412));
#2535 = CARTESIAN_POINT('',(2.703856032247,-1.806658840756,13.1012));
#2536 = CARTESIAN_POINT('',(1.460082257413,-0.975595774008,14.4412));
#2537 = DEFINITIONAL_REPRESENTATION('',(#2538),#2541);
#2538 = B_SPLINE_CURVE_WITH_KNOTS('',1,(#2539,#2540),.UNSPECIFIED.,.F.,
  .F.,(2,2),(0.,0.637483877275),.PIECEWISE_BEZIER_KNOTS.);
#2539 = CARTESIAN_POINT('',(0.,0.));
#2540 = CARTESIAN_POINT('',(0.637483877275,0.));
#2541 = ( GEOMETRIC_REPRESENTATION_CONTEXT(2) 
PARAMETRIC_REPRESENTATION_CONTEXT() REPRESENTATION_CONTEXT('2D SPACE',''
  ) );
#2542 = ORIENTED_EDGE('',*,*,#2444,.F.);
#2543 = ADVANCED_FACE('',(#2544),#905,.T.);
#2544 = FACE_BOUND('',#2545,.T.);
#2545 = EDGE_LOOP('',(#2546,#2547,#2569,#2594));
#2546 = ORIENTED_EDGE('',*,*,#889,.T.);
#2547 = ORIENTED_EDGE('',*,*,#2548,.T.);
#2548 = EDGE_CURVE('',#890,#2549,#2551,.T.);
#2549 = VERTEX_POINT('',#2550);
#2550 = CARTESIAN_POINT('',(3.004363851773,-1.244448253708,13.1012));
#2551 = SURFACE_CURVE('',#2552,(#2555,#2562),.PCURVE_S1.);
#2552 = B_SPLINE_CURVE_WITH_KNOTS('',1,(#2553,#2554),.UNSPECIFIED.,.F.,
  .F.,(2,2),(0.,1.),.PIECEWISE_BEZIER_KNOTS.);
#2553 = CARTESIAN_POINT('',(0.450654577766,-0.186667238056,11.02551));
#2554 = CARTESIAN_POINT('',(3.004363851773,-1.244448253708,13.1012));
#2555 = PCURVE('',#905,#2556);
#2556 = DEFINITIONAL_REPRESENTATION('',(#2557),#2561);
#2557 = LINE('',#2558,#2559);
#2558 = CARTESIAN_POINT('',(0.637483877275,0.));
#2559 = VECTOR('',#2560,1.);
#2560 = DIRECTION('',(0.,1.));
#2561 = ( GEOMETRIC_REPRESENTATION_CONTEXT(2) 
PARAMETRIC_REPRESENTATION_CONTEXT() REPRESENTATION_CONTEXT('2D SPACE',''
  ) );
#2562 = PCURVE('',#932,#2563);
#2563 = DEFINITIONAL_REPRESENTATION('',(#2564),#2568);
#2564 = LINE('',#2565,#2566);
#2565 = CARTESIAN_POINT('',(0.,0.));
#2566 = VECTOR('',#2567,1.);
#2567 = DIRECTION('',(0.,1.));
#2568 = ( GEOMETRIC_REPRESENTATION_CONTEXT(2) 
PARAMETRIC_REPRESENTATION_CONTEXT() REPRESENTATION_CONTEXT('2D SPACE',''
  ) );
#2569 = ORIENTED_EDGE('',*,*,#2570,.F.);
#2570 = EDGE_CURVE('',#2497,#2549,#2571,.T.);
#2571 = SURFACE_CURVE('',#2572,(#2576,#2583),.PCURVE_S1.);
#2572 = LINE('',#2573,#2574);
#2573 = CARTESIAN_POINT('',(2.703856032247,-1.806658840756,13.1012));
#2574 = VECTOR('',#2575,1.);
#2575 = DIRECTION('',(0.471396736826,0.881921264348,0.));
#2576 = PCURVE('',#905,#2577);
#2577 = DEFINITIONAL_REPRESENTATION('',(#2578),#2582);
#2578 = LINE('',#2579,#2580);
#2579 = CARTESIAN_POINT('',(0.,1.));
#2580 = VECTOR('',#2581,1.);
#2581 = DIRECTION('',(1.,0.));
#2582 = ( GEOMETRIC_REPRESENTATION_CONTEXT(2) 
PARAMETRIC_REPRESENTATION_CONTEXT() REPRESENTATION_CONTEXT('2D SPACE',''
  ) );
#2583 = PCURVE('',#2584,#2589);
#2584 = B_SPLINE_SURFACE_WITH_KNOTS('',1,1,(
    (#2585,#2586)
    ,(#2587,#2588
    )),.UNSPECIFIED.,.F.,.F.,.F.,(2,2),(2,2),(0.,0.637483877275),(0.,1.)
  ,.PIECEWISE_BEZIER_KNOTS.);
#2585 = CARTESIAN_POINT('',(2.703856032247,-1.806658840756,13.1012));
#2586 = CARTESIAN_POINT('',(1.460082257413,-0.975595774008,14.4412));
#2587 = CARTESIAN_POINT('',(3.004363851773,-1.244448253708,13.1012));
#2588 = CARTESIAN_POINT('',(1.622356479958,-0.672002057002,14.4412));
#2589 = DEFINITIONAL_REPRESENTATION('',(#2590),#2593);
#2590 = B_SPLINE_CURVE_WITH_KNOTS('',1,(#2591,#2592),.UNSPECIFIED.,.F.,
  .F.,(2,2),(0.,0.637483877275),.PIECEWISE_BEZIER_KNOTS.);
#2591 = CARTESIAN_POINT('',(0.,0.));
#2592 = CARTESIAN_POINT('',(0.637483877275,0.));
#2593 = ( GEOMETRIC_REPRESENTATION_CONTEXT(2) 
PARAMETRIC_REPRESENTATION_CONTEXT() REPRESENTATION_CONTEXT('2D SPACE',''
  ) );
#2594 = ORIENTED_EDGE('',*,*,#2496,.F.);
#2595 = ADVANCED_FACE('',(#2596),#932,.T.);
#2596 = FACE_BOUND('',#2597,.T.);
#2597 = EDGE_LOOP('',(#2598,#2599,#2600,#2625));
#2598 = ORIENTED_EDGE('',*,*,#916,.T.);
#2599 = ORIENTED_EDGE('',*,*,#1120,.T.);
#2600 = ORIENTED_EDGE('',*,*,#2601,.F.);
#2601 = EDGE_CURVE('',#2549,#1099,#2602,.T.);
#2602 = SURFACE_CURVE('',#2603,(#2607,#2614),.PCURVE_S1.);
#2603 = LINE('',#2604,#2605);
#2604 = CARTESIAN_POINT('',(3.004363851773,-1.244448253708,13.1012));
#2605 = VECTOR('',#2606,1.);
#2606 = DIRECTION('',(0.290284677254,0.956940335732,0.));
#2607 = PCURVE('',#932,#2608);
#2608 = DEFINITIONAL_REPRESENTATION('',(#2609),#2613);
#2609 = LINE('',#2610,#2611);
#2610 = CARTESIAN_POINT('',(0.,1.));
#2611 = VECTOR('',#2612,1.);
#2612 = DIRECTION('',(1.,0.));
#2613 = ( GEOMETRIC_REPRESENTATION_CONTEXT(2) 
PARAMETRIC_REPRESENTATION_CONTEXT() REPRESENTATION_CONTEXT('2D SPACE',''
  ) );
#2614 = PCURVE('',#2615,#2620);
#2615 = B_SPLINE_SURFACE_WITH_KNOTS('',1,1,(
    (#2616,#2617)
    ,(#2618,#2619
    )),.UNSPECIFIED.,.F.,.F.,.F.,(2,2),(2,2),(0.,0.637483877275),(0.,1.)
  ,.PIECEWISE_BEZIER_KNOTS.);
#2616 = CARTESIAN_POINT('',(3.004363851773,-1.244448253708,13.1012));
#2617 = CARTESIAN_POINT('',(1.622356479958,-0.672002057002,14.4412));
#2618 = CARTESIAN_POINT('',(3.189415653343,-0.634414218164,13.1012));
#2619 = CARTESIAN_POINT('',(1.722284452805,-0.342583677809,14.4412));
#2620 = DEFINITIONAL_REPRESENTATION('',(#2621),#2624);
#2621 = B_SPLINE_CURVE_WITH_KNOTS('',1,(#2622,#2623),.UNSPECIFIED.,.F.,
  .F.,(2,2),(0.,0.637483877275),.PIECEWISE_BEZIER_KNOTS.);
#2622 = CARTESIAN_POINT('',(0.,0.));
#2623 = CARTESIAN_POINT('',(0.637483877275,0.));
#2624 = ( GEOMETRIC_REPRESENTATION_CONTEXT(2) 
PARAMETRIC_REPRESENTATION_CONTEXT() REPRESENTATION_CONTEXT('2D SPACE',''
  ) );
#2625 = ORIENTED_EDGE('',*,*,#2548,.F.);
#2626 = ADVANCED_FACE('',(#2627),#1003,.T.);
#2627 = FACE_BOUND('',#2628,.T.);
#2628 = EDGE_LOOP('',(#2629,#2630,#2652,#2672));
#2629 = ORIENTED_EDGE('',*,*,#989,.T.);
#2630 = ORIENTED_EDGE('',*,*,#2631,.T.);
#2631 = EDGE_CURVE('',#968,#2632,#2634,.T.);
#2632 = VERTEX_POINT('',#2633);
#2633 = CARTESIAN_POINT('',(1.622356479958,0.672002057002,14.4412));
#2634 = SURFACE_CURVE('',#2635,(#2638,#2645),.PCURVE_S1.);
#2635 = B_SPLINE_CURVE_WITH_KNOTS('',1,(#2636,#2637),.UNSPECIFIED.,.F.,
  .F.,(2,2),(0.,1.),.PIECEWISE_BEZIER_KNOTS.);
#2636 = CARTESIAN_POINT('',(3.004363851773,1.244448253708,13.1012));
#2637 = CARTESIAN_POINT('',(1.622356479958,0.672002057002,14.4412));
#2638 = PCURVE('',#1003,#2639);
#2639 = DEFINITIONAL_REPRESENTATION('',(#2640),#2644);
#2640 = LINE('',#2641,#2642);
#2641 = CARTESIAN_POINT('',(0.637483877275,0.));
#2642 = VECTOR('',#2643,1.);
#2643 = DIRECTION('',(0.,1.));
#2644 = ( GEOMETRIC_REPRESENTATION_CONTEXT(2) 
PARAMETRIC_REPRESENTATION_CONTEXT() REPRESENTATION_CONTEXT('2D SPACE',''
  ) );
#2645 = PCURVE('',#1180,#2646);
#2646 = DEFINITIONAL_REPRESENTATION('',(#2647),#2651);
#2647 = LINE('',#2648,#2649);
#2648 = CARTESIAN_POINT('',(0.,0.));
#2649 = VECTOR('',#2650,1.);
#2650 = DIRECTION('',(0.,1.));
#2651 = ( GEOMETRIC_REPRESENTATION_CONTEXT(2) 
PARAMETRIC_REPRESENTATION_CONTEXT() REPRESENTATION_CONTEXT('2D SPACE',''
  ) );
#2652 = ORIENTED_EDGE('',*,*,#2653,.F.);
#2653 = EDGE_CURVE('',#1020,#2632,#2654,.T.);
#2654 = SURFACE_CURVE('',#2655,(#2659,#2665),.PCURVE_S1.);
#2655 = LINE('',#2656,#2657);
#2656 = CARTESIAN_POINT('',(1.722284452805,0.342583677809,14.4412));
#2657 = VECTOR('',#2658,1.);
#2658 = DIRECTION('',(-0.290284677254,0.956940335732,0.));
#2659 = PCURVE('',#1003,#2660);
#2660 = DEFINITIONAL_REPRESENTATION('',(#2661),#2664);
#2661 = B_SPLINE_CURVE_WITH_KNOTS('',1,(#2662,#2663),.UNSPECIFIED.,.F.,
  .F.,(2,2),(0.,0.344241293729),.PIECEWISE_BEZIER_KNOTS.);
#2662 = CARTESIAN_POINT('',(0.,1.));
#2663 = CARTESIAN_POINT('',(0.637483877275,1.));
#2664 = ( GEOMETRIC_REPRESENTATION_CONTEXT(2) 
PARAMETRIC_REPRESENTATION_CONTEXT() REPRESENTATION_CONTEXT('2D SPACE',''
  ) );
#2665 = PCURVE('',#1056,#2666);
#2666 = DEFINITIONAL_REPRESENTATION('',(#2667),#2671);
#2667 = LINE('',#2668,#2669);
#2668 = CARTESIAN_POINT('',(3.374154719464E-02,0.342583677809));
#2669 = VECTOR('',#2670,1.);
#2670 = DIRECTION('',(0.290284677254,0.956940335732));
#2671 = ( GEOMETRIC_REPRESENTATION_CONTEXT(2) 
PARAMETRIC_REPRESENTATION_CONTEXT() REPRESENTATION_CONTEXT('2D SPACE',''
  ) );
#2672 = ORIENTED_EDGE('',*,*,#1019,.F.);
#2673 = ADVANCED_FACE('',(#2674),#1056,.F.);
#2674 = FACE_BOUND('',#2675,.T.);
#2675 = EDGE_LOOP('',(#2676,#2677,#2678,#2700,#2722,#2744,#2766,#2788,
    #2810,#2832,#2854,#2876,#2898,#2920,#2942,#2964,#2986,#3008,#3030,
    #3052,#3074,#3096,#3118,#3140,#3162,#3184,#3206,#3228,#3250,#3272,
    #3294,#3316));
#2676 = ORIENTED_EDGE('',*,*,#1041,.T.);
#2677 = ORIENTED_EDGE('',*,*,#2653,.T.);
#2678 = ORIENTED_EDGE('',*,*,#2679,.T.);
#2679 = EDGE_CURVE('',#2632,#2680,#2682,.T.);
#2680 = VERTEX_POINT('',#2681);
#2681 = CARTESIAN_POINT('',(1.460082257413,0.975595774008,14.4412));
#2682 = SURFACE_CURVE('',#2683,(#2687,#2694),.PCURVE_S1.);
#2683 = LINE('',#2684,#2685);
#2684 = CARTESIAN_POINT('',(1.622356479958,0.672002057002,14.4412));
#2685 = VECTOR('',#2686,1.);
#2686 = DIRECTION('',(-0.471396736826,0.881921264348,0.));
#2687 = PCURVE('',#1056,#2688);
#2688 = DEFINITIONAL_REPRESENTATION('',(#2689),#2693);
#2689 = LINE('',#2690,#2691);
#2690 = CARTESIAN_POINT('',(0.133669520042,0.672002057002));
#2691 = VECTOR('',#2692,1.);
#2692 = DIRECTION('',(0.471396736826,0.881921264348));
#2693 = ( GEOMETRIC_REPRESENTATION_CONTEXT(2) 
PARAMETRIC_REPRESENTATION_CONTEXT() REPRESENTATION_CONTEXT('2D SPACE',''
  ) );
#2694 = PCURVE('',#1180,#2695);
#2695 = DEFINITIONAL_REPRESENTATION('',(#2696),#2699);
#2696 = B_SPLINE_CURVE_WITH_KNOTS('',1,(#2697,#2698),.UNSPECIFIED.,.F.,
  .F.,(2,2),(0.,0.344241293729),.PIECEWISE_BEZIER_KNOTS.);
#2697 = CARTESIAN_POINT('',(0.,1.));
#2698 = CARTESIAN_POINT('',(0.637483877275,1.));
#2699 = ( GEOMETRIC_REPRESENTATION_CONTEXT(2) 
PARAMETRIC_REPRESENTATION_CONTEXT() REPRESENTATION_CONTEXT('2D SPACE',''
  ) );
#2700 = ORIENTED_EDGE('',*,*,#2701,.T.);
#2701 = EDGE_CURVE('',#2680,#2702,#2704,.T.);
#2702 = VERTEX_POINT('',#2703);
#2703 = CARTESIAN_POINT('',(1.24169789254,1.24169789254,14.4412));
#2704 = SURFACE_CURVE('',#2705,(#2709,#2716),.PCURVE_S1.);
#2705 = LINE('',#2706,#2707);
#2706 = CARTESIAN_POINT('',(1.460082257413,0.975595774008,14.4412));
#2707 = VECTOR('',#2708,1.);
#2708 = DIRECTION('',(-0.634393284164,0.773010453363,0.));
#2709 = PCURVE('',#1056,#2710);
#2710 = DEFINITIONAL_REPRESENTATION('',(#2711),#2715);
#2711 = LINE('',#2712,#2713);
#2712 = CARTESIAN_POINT('',(0.295943742587,0.975595774008));
#2713 = VECTOR('',#2714,1.);
#2714 = DIRECTION('',(0.634393284164,0.773010453363));
#2715 = ( GEOMETRIC_REPRESENTATION_CONTEXT(2) 
PARAMETRIC_REPRESENTATION_CONTEXT() REPRESENTATION_CONTEXT('2D SPACE',''
  ) );
#2716 = PCURVE('',#1232,#2717);
#2717 = DEFINITIONAL_REPRESENTATION('',(#2718),#2721);
#2718 = B_SPLINE_CURVE_WITH_KNOTS('',1,(#2719,#2720),.UNSPECIFIED.,.F.,
  .F.,(2,2),(0.,0.344241293729),.PIECEWISE_BEZIER_KNOTS.);
#2719 = CARTESIAN_POINT('',(0.,1.));
#2720 = CARTESIAN_POINT('',(0.637483877275,1.));
#2721 = ( GEOMETRIC_REPRESENTATION_CONTEXT(2) 
PARAMETRIC_REPRESENTATION_CONTEXT() REPRESENTATION_CONTEXT('2D SPACE',''
  ) );
#2722 = ORIENTED_EDGE('',*,*,#2723,.T.);
#2723 = EDGE_CURVE('',#2702,#2724,#2726,.T.);
#2724 = VERTEX_POINT('',#2725);
#2725 = CARTESIAN_POINT('',(0.975595774008,1.460082257413,14.4412));
#2726 = SURFACE_CURVE('',#2727,(#2731,#2738),.PCURVE_S1.);
#2727 = LINE('',#2728,#2729);
#2728 = CARTESIAN_POINT('',(1.24169789254,1.24169789254,14.4412));
#2729 = VECTOR('',#2730,1.);
#2730 = DIRECTION('',(-0.773010453363,0.634393284164,0.));
#2731 = PCURVE('',#1056,#2732);
#2732 = DEFINITIONAL_REPRESENTATION('',(#2733),#2737);
#2733 = LINE('',#2734,#2735);
#2734 = CARTESIAN_POINT('',(0.51432810746,1.24169789254));
#2735 = VECTOR('',#2736,1.);
#2736 = DIRECTION('',(0.773010453363,0.634393284164));
#2737 = ( GEOMETRIC_REPRESENTATION_CONTEXT(2) 
PARAMETRIC_REPRESENTATION_CONTEXT() REPRESENTATION_CONTEXT('2D SPACE',''
  ) );
#2738 = PCURVE('',#1284,#2739);
#2739 = DEFINITIONAL_REPRESENTATION('',(#2740),#2743);
#2740 = B_SPLINE_CURVE_WITH_KNOTS('',1,(#2741,#2742),.UNSPECIFIED.,.F.,
  .F.,(2,2),(0.,0.344241293729),.PIECEWISE_BEZIER_KNOTS.);
#2741 = CARTESIAN_POINT('',(0.,1.));
#2742 = CARTESIAN_POINT('',(0.637483877275,1.));
#2743 = ( GEOMETRIC_REPRESENTATION_CONTEXT(2) 
PARAMETRIC_REPRESENTATION_CONTEXT() REPRESENTATION_CONTEXT('2D SPACE',''
  ) );
#2744 = ORIENTED_EDGE('',*,*,#2745,.T.);
#2745 = EDGE_CURVE('',#2724,#2746,#2748,.T.);
#2746 = VERTEX_POINT('',#2747);
#2747 = CARTESIAN_POINT('',(0.672002057002,1.622356479958,14.4412));
#2748 = SURFACE_CURVE('',#2749,(#2753,#2760),.PCURVE_S1.);
#2749 = LINE('',#2750,#2751);
#2750 = CARTESIAN_POINT('',(0.975595774008,1.460082257413,14.4412));
#2751 = VECTOR('',#2752,1.);
#2752 = DIRECTION('',(-0.881921264348,0.471396736826,0.));
#2753 = PCURVE('',#1056,#2754);
#2754 = DEFINITIONAL_REPRESENTATION('',(#2755),#2759);
#2755 = LINE('',#2756,#2757);
#2756 = CARTESIAN_POINT('',(0.780430225992,1.460082257413));
#2757 = VECTOR('',#2758,1.);
#2758 = DIRECTION('',(0.881921264348,0.471396736826));
#2759 = ( GEOMETRIC_REPRESENTATION_CONTEXT(2) 
PARAMETRIC_REPRESENTATION_CONTEXT() REPRESENTATION_CONTEXT('2D SPACE',''
  ) );
#2760 = PCURVE('',#1336,#2761);
#2761 = DEFINITIONAL_REPRESENTATION('',(#2762),#2765);
#2762 = B_SPLINE_CURVE_WITH_KNOTS('',1,(#2763,#2764),.UNSPECIFIED.,.F.,
  .F.,(2,2),(0.,0.344241293729),.PIECEWISE_BEZIER_KNOTS.);
#2763 = CARTESIAN_POINT('',(0.,1.));
#2764 = CARTESIAN_POINT('',(0.637483877275,1.));
#2765 = ( GEOMETRIC_REPRESENTATION_CONTEXT(2) 
PARAMETRIC_REPRESENTATION_CONTEXT() REPRESENTATION_CONTEXT('2D SPACE',''
  ) );
#2766 = ORIENTED_EDGE('',*,*,#2767,.T.);
#2767 = EDGE_CURVE('',#2746,#2768,#2770,.T.);
#2768 = VERTEX_POINT('',#2769);
#2769 = CARTESIAN_POINT('',(0.342583677809,1.722284452805,14.4412));
#2770 = SURFACE_CURVE('',#2771,(#2775,#2782),.PCURVE_S1.);
#2771 = LINE('',#2772,#2773);
#2772 = CARTESIAN_POINT('',(0.672002057002,1.622356479958,14.4412));
#2773 = VECTOR('',#2774,1.);
#2774 = DIRECTION('',(-0.956940335732,0.290284677254,0.));
#2775 = PCURVE('',#1056,#2776);
#2776 = DEFINITIONAL_REPRESENTATION('',(#2777),#2781);
#2777 = LINE('',#2778,#2779);
#2778 = CARTESIAN_POINT('',(1.084023942998,1.622356479958));
#2779 = VECTOR('',#2780,1.);
#2780 = DIRECTION('',(0.956940335732,0.290284677254));
#2781 = ( GEOMETRIC_REPRESENTATION_CONTEXT(2) 
PARAMETRIC_REPRESENTATION_CONTEXT() REPRESENTATION_CONTEXT('2D SPACE',''
  ) );
#2782 = PCURVE('',#1388,#2783);
#2783 = DEFINITIONAL_REPRESENTATION('',(#2784),#2787);
#2784 = B_SPLINE_CURVE_WITH_KNOTS('',1,(#2785,#2786),.UNSPECIFIED.,.F.,
  .F.,(2,2),(0.,0.344241293729),.PIECEWISE_BEZIER_KNOTS.);
#2785 = CARTESIAN_POINT('',(0.,1.));
#2786 = CARTESIAN_POINT('',(0.637483877275,1.));
#2787 = ( GEOMETRIC_REPRESENTATION_CONTEXT(2) 
PARAMETRIC_REPRESENTATION_CONTEXT() REPRESENTATION_CONTEXT('2D SPACE',''
  ) );
#2788 = ORIENTED_EDGE('',*,*,#2789,.T.);
#2789 = EDGE_CURVE('',#2768,#2790,#2792,.T.);
#2790 = VERTEX_POINT('',#2791);
#2791 = CARTESIAN_POINT('',(1.07525581006E-16,1.756026,14.4412));
#2792 = SURFACE_CURVE('',#2793,(#2797,#2804),.PCURVE_S1.);
#2793 = LINE('',#2794,#2795);
#2794 = CARTESIAN_POINT('',(0.342583677809,1.722284452805,14.4412));
#2795 = VECTOR('',#2796,1.);
#2796 = DIRECTION('',(-0.995184726672,9.801714032956E-02,0.));
#2797 = PCURVE('',#1056,#2798);
#2798 = DEFINITIONAL_REPRESENTATION('',(#2799),#2803);
#2799 = LINE('',#2800,#2801);
#2800 = CARTESIAN_POINT('',(1.413442322191,1.722284452805));
#2801 = VECTOR('',#2802,1.);
#2802 = DIRECTION('',(0.995184726672,9.801714032956E-02));
#2803 = ( GEOMETRIC_REPRESENTATION_CONTEXT(2) 
PARAMETRIC_REPRESENTATION_CONTEXT() REPRESENTATION_CONTEXT('2D SPACE',''
  ) );
#2804 = PCURVE('',#1440,#2805);
#2805 = DEFINITIONAL_REPRESENTATION('',(#2806),#2809);
#2806 = B_SPLINE_CURVE_WITH_KNOTS('',1,(#2807,#2808),.UNSPECIFIED.,.F.,
  .F.,(2,2),(0.,0.344241293729),.PIECEWISE_BEZIER_KNOTS.);
#2807 = CARTESIAN_POINT('',(0.,1.));
#2808 = CARTESIAN_POINT('',(0.637483877275,1.));
#2809 = ( GEOMETRIC_REPRESENTATION_CONTEXT(2) 
PARAMETRIC_REPRESENTATION_CONTEXT() REPRESENTATION_CONTEXT('2D SPACE',''
  ) );
#2810 = ORIENTED_EDGE('',*,*,#2811,.T.);
#2811 = EDGE_CURVE('',#2790,#2812,#2814,.T.);
#2812 = VERTEX_POINT('',#2813);
#2813 = CARTESIAN_POINT('',(-0.342583677809,1.722284452805,14.4412));
#2814 = SURFACE_CURVE('',#2815,(#2819,#2826),.PCURVE_S1.);
#2815 = LINE('',#2816,#2817);
#2816 = CARTESIAN_POINT('',(1.07525581006E-16,1.756026,14.4412));
#2817 = VECTOR('',#2818,1.);
#2818 = DIRECTION('',(-0.995184726672,-9.801714032956E-02,0.));
#2819 = PCURVE('',#1056,#2820);
#2820 = DEFINITIONAL_REPRESENTATION('',(#2821),#2825);
#2821 = LINE('',#2822,#2823);
#2822 = CARTESIAN_POINT('',(1.756026,1.756026));
#2823 = VECTOR('',#2824,1.);
#2824 = DIRECTION('',(0.995184726672,-9.801714032956E-02));
#2825 = ( GEOMETRIC_REPRESENTATION_CONTEXT(2) 
PARAMETRIC_REPRESENTATION_CONTEXT() REPRESENTATION_CONTEXT('2D SPACE',''
  ) );
#2826 = PCURVE('',#1492,#2827);
#2827 = DEFINITIONAL_REPRESENTATION('',(#2828),#2831);
#2828 = B_SPLINE_CURVE_WITH_KNOTS('',1,(#2829,#2830),.UNSPECIFIED.,.F.,
  .F.,(2,2),(0.,0.344241293729),.PIECEWISE_BEZIER_KNOTS.);
#2829 = CARTESIAN_POINT('',(0.,1.));
#2830 = CARTESIAN_POINT('',(0.637483877275,1.));
#2831 = ( GEOMETRIC_REPRESENTATION_CONTEXT(2) 
PARAMETRIC_REPRESENTATION_CONTEXT() REPRESENTATION_CONTEXT('2D SPACE',''
  ) );
#2832 = ORIENTED_EDGE('',*,*,#2833,.T.);
#2833 = EDGE_CURVE('',#2812,#2834,#2836,.T.);
#2834 = VERTEX_POINT('',#2835);
#2835 = CARTESIAN_POINT('',(-0.672002057002,1.622356479958,14.4412));
#2836 = SURFACE_CURVE('',#2837,(#2841,#2848),.PCURVE_S1.);
#2837 = LINE('',#2838,#2839);
#2838 = CARTESIAN_POINT('',(-0.342583677809,1.722284452805,14.4412));
#2839 = VECTOR('',#2840,1.);
#2840 = DIRECTION('',(-0.956940335732,-0.290284677254,0.));
#2841 = PCURVE('',#1056,#2842);
#2842 = DEFINITIONAL_REPRESENTATION('',(#2843),#2847);
#2843 = LINE('',#2844,#2845);
#2844 = CARTESIAN_POINT('',(2.098609677809,1.722284452805));
#2845 = VECTOR('',#2846,1.);
#2846 = DIRECTION('',(0.956940335732,-0.290284677254));
#2847 = ( GEOMETRIC_REPRESENTATION_CONTEXT(2) 
PARAMETRIC_REPRESENTATION_CONTEXT() REPRESENTATION_CONTEXT('2D SPACE',''
  ) );
#2848 = PCURVE('',#1544,#2849);
#2849 = DEFINITIONAL_REPRESENTATION('',(#2850),#2853);
#2850 = B_SPLINE_CURVE_WITH_KNOTS('',1,(#2851,#2852),.UNSPECIFIED.,.F.,
  .F.,(2,2),(0.,0.344241293729),.PIECEWISE_BEZIER_KNOTS.);
#2851 = CARTESIAN_POINT('',(0.,1.));
#2852 = CARTESIAN_POINT('',(0.637483877275,1.));
#2853 = ( GEOMETRIC_REPRESENTATION_CONTEXT(2) 
PARAMETRIC_REPRESENTATION_CONTEXT() REPRESENTATION_CONTEXT('2D SPACE',''
  ) );
#2854 = ORIENTED_EDGE('',*,*,#2855,.T.);
#2855 = EDGE_CURVE('',#2834,#2856,#2858,.T.);
#2856 = VERTEX_POINT('',#2857);
#2857 = CARTESIAN_POINT('',(-0.975595774008,1.460082257413,14.4412));
#2858 = SURFACE_CURVE('',#2859,(#2863,#2870),.PCURVE_S1.);
#2859 = LINE('',#2860,#2861);
#2860 = CARTESIAN_POINT('',(-0.672002057002,1.622356479958,14.4412));
#2861 = VECTOR('',#2862,1.);
#2862 = DIRECTION('',(-0.881921264348,-0.471396736826,0.));
#2863 = PCURVE('',#1056,#2864);
#2864 = DEFINITIONAL_REPRESENTATION('',(#2865),#2869);
#2865 = LINE('',#2866,#2867);
#2866 = CARTESIAN_POINT('',(2.428028057002,1.622356479958));
#2867 = VECTOR('',#2868,1.);
#2868 = DIRECTION('',(0.881921264348,-0.471396736826));
#2869 = ( GEOMETRIC_REPRESENTATION_CONTEXT(2) 
PARAMETRIC_REPRESENTATION_CONTEXT() REPRESENTATION_CONTEXT('2D SPACE',''
  ) );
#2870 = PCURVE('',#1596,#2871);
#2871 = DEFINITIONAL_REPRESENTATION('',(#2872),#2875);
#2872 = B_SPLINE_CURVE_WITH_KNOTS('',1,(#2873,#2874),.UNSPECIFIED.,.F.,
  .F.,(2,2),(0.,0.344241293729),.PIECEWISE_BEZIER_KNOTS.);
#2873 = CARTESIAN_POINT('',(0.,1.));
#2874 = CARTESIAN_POINT('',(0.637483877275,1.));
#2875 = ( GEOMETRIC_REPRESENTATION_CONTEXT(2) 
PARAMETRIC_REPRESENTATION_CONTEXT() REPRESENTATION_CONTEXT('2D SPACE',''
  ) );
#2876 = ORIENTED_EDGE('',*,*,#2877,.T.);
#2877 = EDGE_CURVE('',#2856,#2878,#2880,.T.);
#2878 = VERTEX_POINT('',#2879);
#2879 = CARTESIAN_POINT('',(-1.24169789254,1.24169789254,14.4412));
#2880 = SURFACE_CURVE('',#2881,(#2885,#2892),.PCURVE_S1.);
#2881 = LINE('',#2882,#2883);
#2882 = CARTESIAN_POINT('',(-0.975595774008,1.460082257413,14.4412));
#2883 = VECTOR('',#2884,1.);
#2884 = DIRECTION('',(-0.773010453363,-0.634393284164,0.));
#2885 = PCURVE('',#1056,#2886);
#2886 = DEFINITIONAL_REPRESENTATION('',(#2887),#2891);
#2887 = LINE('',#2888,#2889);
#2888 = CARTESIAN_POINT('',(2.731621774008,1.460082257413));
#2889 = VECTOR('',#2890,1.);
#2890 = DIRECTION('',(0.773010453363,-0.634393284164));
#2891 = ( GEOMETRIC_REPRESENTATION_CONTEXT(2) 
PARAMETRIC_REPRESENTATION_CONTEXT() REPRESENTATION_CONTEXT('2D SPACE',''
  ) );
#2892 = PCURVE('',#1648,#2893);
#2893 = DEFINITIONAL_REPRESENTATION('',(#2894),#2897);
#2894 = B_SPLINE_CURVE_WITH_KNOTS('',1,(#2895,#2896),.UNSPECIFIED.,.F.,
  .F.,(2,2),(0.,0.344241293729),.PIECEWISE_BEZIER_KNOTS.);
#2895 = CARTESIAN_POINT('',(0.,1.));
#2896 = CARTESIAN_POINT('',(0.637483877275,1.));
#2897 = ( GEOMETRIC_REPRESENTATION_CONTEXT(2) 
PARAMETRIC_REPRESENTATION_CONTEXT() REPRESENTATION_CONTEXT('2D SPACE',''
  ) );
#2898 = ORIENTED_EDGE('',*,*,#2899,.T.);
#2899 = EDGE_CURVE('',#2878,#2900,#2902,.T.);
#2900 = VERTEX_POINT('',#2901);
#2901 = CARTESIAN_POINT('',(-1.460082257413,0.975595774008,14.4412));
#2902 = SURFACE_CURVE('',#2903,(#2907,#2914),.PCURVE_S1.);
#2903 = LINE('',#2904,#2905);
#2904 = CARTESIAN_POINT('',(-1.24169789254,1.24169789254,14.4412));
#2905 = VECTOR('',#2906,1.);
#2906 = DIRECTION('',(-0.634393284164,-0.773010453363,0.));
#2907 = PCURVE('',#1056,#2908);
#2908 = DEFINITIONAL_REPRESENTATION('',(#2909),#2913);
#2909 = LINE('',#2910,#2911);
#2910 = CARTESIAN_POINT('',(2.99772389254,1.24169789254));
#2911 = VECTOR('',#2912,1.);
#2912 = DIRECTION('',(0.634393284164,-0.773010453363));
#2913 = ( GEOMETRIC_REPRESENTATION_CONTEXT(2) 
PARAMETRIC_REPRESENTATION_CONTEXT() REPRESENTATION_CONTEXT('2D SPACE',''
  ) );
#2914 = PCURVE('',#1700,#2915);
#2915 = DEFINITIONAL_REPRESENTATION('',(#2916),#2919);
#2916 = B_SPLINE_CURVE_WITH_KNOTS('',1,(#2917,#2918),.UNSPECIFIED.,.F.,
  .F.,(2,2),(0.,0.344241293729),.PIECEWISE_BEZIER_KNOTS.);
#2917 = CARTESIAN_POINT('',(0.,1.));
#2918 = CARTESIAN_POINT('',(0.637483877275,1.));
#2919 = ( GEOMETRIC_REPRESENTATION_CONTEXT(2) 
PARAMETRIC_REPRESENTATION_CONTEXT() REPRESENTATION_CONTEXT('2D SPACE',''
  ) );
#2920 = ORIENTED_EDGE('',*,*,#2921,.T.);
#2921 = EDGE_CURVE('',#2900,#2922,#2924,.T.);
#2922 = VERTEX_POINT('',#2923);
#2923 = CARTESIAN_POINT('',(-1.622356479958,0.672002057002,14.4412));
#2924 = SURFACE_CURVE('',#2925,(#2929,#2936),.PCURVE_S1.);
#2925 = LINE('',#2926,#2927);
#2926 = CARTESIAN_POINT('',(-1.460082257413,0.975595774008,14.4412));
#2927 = VECTOR('',#2928,1.);
#2928 = DIRECTION('',(-0.471396736826,-0.881921264348,0.));
#2929 = PCURVE('',#1056,#2930);
#2930 = DEFINITIONAL_REPRESENTATION('',(#2931),#2935);
#2931 = LINE('',#2932,#2933);
#2932 = CARTESIAN_POINT('',(3.216108257413,0.975595774008));
#2933 = VECTOR('',#2934,1.);
#2934 = DIRECTION('',(0.471396736826,-0.881921264348));
#2935 = ( GEOMETRIC_REPRESENTATION_CONTEXT(2) 
PARAMETRIC_REPRESENTATION_CONTEXT() REPRESENTATION_CONTEXT('2D SPACE',''
  ) );
#2936 = PCURVE('',#1752,#2937);
#2937 = DEFINITIONAL_REPRESENTATION('',(#2938),#2941);
#2938 = B_SPLINE_CURVE_WITH_KNOTS('',1,(#2939,#2940),.UNSPECIFIED.,.F.,
  .F.,(2,2),(0.,0.344241293729),.PIECEWISE_BEZIER_KNOTS.);
#2939 = CARTESIAN_POINT('',(0.,1.));
#2940 = CARTESIAN_POINT('',(0.637483877275,1.));
#2941 = ( GEOMETRIC_REPRESENTATION_CONTEXT(2) 
PARAMETRIC_REPRESENTATION_CONTEXT() REPRESENTATION_CONTEXT('2D SPACE',''
  ) );
#2942 = ORIENTED_EDGE('',*,*,#2943,.T.);
#2943 = EDGE_CURVE('',#2922,#2944,#2946,.T.);
#2944 = VERTEX_POINT('',#2945);
#2945 = CARTESIAN_POINT('',(-1.722284452805,0.342583677809,14.4412));
#2946 = SURFACE_CURVE('',#2947,(#2951,#2958),.PCURVE_S1.);
#2947 = LINE('',#2948,#2949);
#2948 = CARTESIAN_POINT('',(-1.622356479958,0.672002057002,14.4412));
#2949 = VECTOR('',#2950,1.);
#2950 = DIRECTION('',(-0.290284677254,-0.956940335732,0.));
#2951 = PCURVE('',#1056,#2952);
#2952 = DEFINITIONAL_REPRESENTATION('',(#2953),#2957);
#2953 = LINE('',#2954,#2955);
#2954 = CARTESIAN_POINT('',(3.378382479958,0.672002057002));
#2955 = VECTOR('',#2956,1.);
#2956 = DIRECTION('',(0.290284677254,-0.956940335732));
#2957 = ( GEOMETRIC_REPRESENTATION_CONTEXT(2) 
PARAMETRIC_REPRESENTATION_CONTEXT() REPRESENTATION_CONTEXT('2D SPACE',''
  ) );
#2958 = PCURVE('',#1804,#2959);
#2959 = DEFINITIONAL_REPRESENTATION('',(#2960),#2963);
#2960 = B_SPLINE_CURVE_WITH_KNOTS('',1,(#2961,#2962),.UNSPECIFIED.,.F.,
  .F.,(2,2),(0.,0.344241293729),.PIECEWISE_BEZIER_KNOTS.);
#2961 = CARTESIAN_POINT('',(0.,1.));
#2962 = CARTESIAN_POINT('',(0.637483877275,1.));
#2963 = ( GEOMETRIC_REPRESENTATION_CONTEXT(2) 
PARAMETRIC_REPRESENTATION_CONTEXT() REPRESENTATION_CONTEXT('2D SPACE',''
  ) );
#2964 = ORIENTED_EDGE('',*,*,#2965,.T.);
#2965 = EDGE_CURVE('',#2944,#2966,#2968,.T.);
#2966 = VERTEX_POINT('',#2967);
#2967 = CARTESIAN_POINT('',(-1.756026,2.15051162012E-16,14.4412));
#2968 = SURFACE_CURVE('',#2969,(#2973,#2980),.PCURVE_S1.);
#2969 = LINE('',#2970,#2971);
#2970 = CARTESIAN_POINT('',(-1.722284452805,0.342583677809,14.4412));
#2971 = VECTOR('',#2972,1.);
#2972 = DIRECTION('',(-9.801714032956E-02,-0.995184726672,0.));
#2973 = PCURVE('',#1056,#2974);
#2974 = DEFINITIONAL_REPRESENTATION('',(#2975),#2979);
#2975 = LINE('',#2976,#2977);
#2976 = CARTESIAN_POINT('',(3.478310452805,0.342583677809));
#2977 = VECTOR('',#2978,1.);
#2978 = DIRECTION('',(9.801714032956E-02,-0.995184726672));
#2979 = ( GEOMETRIC_REPRESENTATION_CONTEXT(2) 
PARAMETRIC_REPRESENTATION_CONTEXT() REPRESENTATION_CONTEXT('2D SPACE',''
  ) );
#2980 = PCURVE('',#1856,#2981);
#2981 = DEFINITIONAL_REPRESENTATION('',(#2982),#2985);
#2982 = B_SPLINE_CURVE_WITH_KNOTS('',1,(#2983,#2984),.UNSPECIFIED.,.F.,
  .F.,(2,2),(0.,0.344241293729),.PIECEWISE_BEZIER_KNOTS.);
#2983 = CARTESIAN_POINT('',(0.,1.));
#2984 = CARTESIAN_POINT('',(0.637483877275,1.));
#2985 = ( GEOMETRIC_REPRESENTATION_CONTEXT(2) 
PARAMETRIC_REPRESENTATION_CONTEXT() REPRESENTATION_CONTEXT('2D SPACE',''
  ) );
#2986 = ORIENTED_EDGE('',*,*,#2987,.T.);
#2987 = EDGE_CURVE('',#2966,#2988,#2990,.T.);
#2988 = VERTEX_POINT('',#2989);
#2989 = CARTESIAN_POINT('',(-1.722284452805,-0.342583677809,14.4412));
#2990 = SURFACE_CURVE('',#2991,(#2995,#3002),.PCURVE_S1.);
#2991 = LINE('',#2992,#2993);
#2992 = CARTESIAN_POINT('',(-1.756026,2.15051162012E-16,14.4412));
#2993 = VECTOR('',#2994,1.);
#2994 = DIRECTION('',(9.801714032956E-02,-0.995184726672,0.));
#2995 = PCURVE('',#1056,#2996);
#2996 = DEFINITIONAL_REPRESENTATION('',(#2997),#3001);
#2997 = LINE('',#2998,#2999);
#2998 = CARTESIAN_POINT('',(3.512052,4.851770831818E-17));
#2999 = VECTOR('',#3000,1.);
#3000 = DIRECTION('',(-9.801714032956E-02,-0.995184726672));
#3001 = ( GEOMETRIC_REPRESENTATION_CONTEXT(2) 
PARAMETRIC_REPRESENTATION_CONTEXT() REPRESENTATION_CONTEXT('2D SPACE',''
  ) );
#3002 = PCURVE('',#1908,#3003);
#3003 = DEFINITIONAL_REPRESENTATION('',(#3004),#3007);
#3004 = B_SPLINE_CURVE_WITH_KNOTS('',1,(#3005,#3006),.UNSPECIFIED.,.F.,
  .F.,(2,2),(0.,0.344241293729),.PIECEWISE_BEZIER_KNOTS.);
#3005 = CARTESIAN_POINT('',(0.,1.));
#3006 = CARTESIAN_POINT('',(0.637483877275,1.));
#3007 = ( GEOMETRIC_REPRESENTATION_CONTEXT(2) 
PARAMETRIC_REPRESENTATION_CONTEXT() REPRESENTATION_CONTEXT('2D SPACE',''
  ) );
#3008 = ORIENTED_EDGE('',*,*,#3009,.T.);
#3009 = EDGE_CURVE('',#2988,#3010,#3012,.T.);
#3010 = VERTEX_POINT('',#3011);
#3011 = CARTESIAN_POINT('',(-1.622356479958,-0.672002057002,14.4412));
#3012 = SURFACE_CURVE('',#3013,(#3017,#3024),.PCURVE_S1.);
#3013 = LINE('',#3014,#3015);
#3014 = CARTESIAN_POINT('',(-1.722284452805,-0.342583677809,14.4412));
#3015 = VECTOR('',#3016,1.);
#3016 = DIRECTION('',(0.290284677254,-0.956940335732,0.));
#3017 = PCURVE('',#1056,#3018);
#3018 = DEFINITIONAL_REPRESENTATION('',(#3019),#3023);
#3019 = LINE('',#3020,#3021);
#3020 = CARTESIAN_POINT('',(3.478310452805,-0.342583677809));
#3021 = VECTOR('',#3022,1.);
#3022 = DIRECTION('',(-0.290284677254,-0.956940335732));
#3023 = ( GEOMETRIC_REPRESENTATION_CONTEXT(2) 
PARAMETRIC_REPRESENTATION_CONTEXT() REPRESENTATION_CONTEXT('2D SPACE',''
  ) );
#3024 = PCURVE('',#1960,#3025);
#3025 = DEFINITIONAL_REPRESENTATION('',(#3026),#3029);
#3026 = B_SPLINE_CURVE_WITH_KNOTS('',1,(#3027,#3028),.UNSPECIFIED.,.F.,
  .F.,(2,2),(0.,0.344241293729),.PIECEWISE_BEZIER_KNOTS.);
#3027 = CARTESIAN_POINT('',(0.,1.));
#3028 = CARTESIAN_POINT('',(0.637483877275,1.));
#3029 = ( GEOMETRIC_REPRESENTATION_CONTEXT(2) 
PARAMETRIC_REPRESENTATION_CONTEXT() REPRESENTATION_CONTEXT('2D SPACE',''
  ) );
#3030 = ORIENTED_EDGE('',*,*,#3031,.T.);
#3031 = EDGE_CURVE('',#3010,#3032,#3034,.T.);
#3032 = VERTEX_POINT('',#3033);
#3033 = CARTESIAN_POINT('',(-1.460082257413,-0.975595774008,14.4412));
#3034 = SURFACE_CURVE('',#3035,(#3039,#3046),.PCURVE_S1.);
#3035 = LINE('',#3036,#3037);
#3036 = CARTESIAN_POINT('',(-1.622356479958,-0.672002057002,14.4412));
#3037 = VECTOR('',#3038,1.);
#3038 = DIRECTION('',(0.471396736826,-0.881921264348,0.));
#3039 = PCURVE('',#1056,#3040);
#3040 = DEFINITIONAL_REPRESENTATION('',(#3041),#3045);
#3041 = LINE('',#3042,#3043);
#3042 = CARTESIAN_POINT('',(3.378382479958,-0.672002057002));
#3043 = VECTOR('',#3044,1.);
#3044 = DIRECTION('',(-0.471396736826,-0.881921264348));
#3045 = ( GEOMETRIC_REPRESENTATION_CONTEXT(2) 
PARAMETRIC_REPRESENTATION_CONTEXT() REPRESENTATION_CONTEXT('2D SPACE',''
  ) );
#3046 = PCURVE('',#2012,#3047);
#3047 = DEFINITIONAL_REPRESENTATION('',(#3048),#3051);
#3048 = B_SPLINE_CURVE_WITH_KNOTS('',1,(#3049,#3050),.UNSPECIFIED.,.F.,
  .F.,(2,2),(0.,0.344241293729),.PIECEWISE_BEZIER_KNOTS.);
#3049 = CARTESIAN_POINT('',(0.,1.));
#3050 = CARTESIAN_POINT('',(0.637483877275,1.));
#3051 = ( GEOMETRIC_REPRESENTATION_CONTEXT(2) 
PARAMETRIC_REPRESENTATION_CONTEXT() REPRESENTATION_CONTEXT('2D SPACE',''
  ) );
#3052 = ORIENTED_EDGE('',*,*,#3053,.T.);
#3053 = EDGE_CURVE('',#3032,#3054,#3056,.T.);
#3054 = VERTEX_POINT('',#3055);
#3055 = CARTESIAN_POINT('',(-1.24169789254,-1.24169789254,14.4412));
#3056 = SURFACE_CURVE('',#3057,(#3061,#3068),.PCURVE_S1.);
#3057 = LINE('',#3058,#3059);
#3058 = CARTESIAN_POINT('',(-1.460082257413,-0.975595774008,14.4412));
#3059 = VECTOR('',#3060,1.);
#3060 = DIRECTION('',(0.634393284164,-0.773010453363,0.));
#3061 = PCURVE('',#1056,#3062);
#3062 = DEFINITIONAL_REPRESENTATION('',(#3063),#3067);
#3063 = LINE('',#3064,#3065);
#3064 = CARTESIAN_POINT('',(3.216108257413,-0.975595774008));
#3065 = VECTOR('',#3066,1.);
#3066 = DIRECTION('',(-0.634393284164,-0.773010453363));
#3067 = ( GEOMETRIC_REPRESENTATION_CONTEXT(2) 
PARAMETRIC_REPRESENTATION_CONTEXT() REPRESENTATION_CONTEXT('2D SPACE',''
  ) );
#3068 = PCURVE('',#2064,#3069);
#3069 = DEFINITIONAL_REPRESENTATION('',(#3070),#3073);
#3070 = B_SPLINE_CURVE_WITH_KNOTS('',1,(#3071,#3072),.UNSPECIFIED.,.F.,
  .F.,(2,2),(0.,0.344241293729),.PIECEWISE_BEZIER_KNOTS.);
#3071 = CARTESIAN_POINT('',(0.,1.));
#3072 = CARTESIAN_POINT('',(0.637483877275,1.));
#3073 = ( GEOMETRIC_REPRESENTATION_CONTEXT(2) 
PARAMETRIC_REPRESENTATION_CONTEXT() REPRESENTATION_CONTEXT('2D SPACE',''
  ) );
#3074 = ORIENTED_EDGE('',*,*,#3075,.T.);
#3075 = EDGE_CURVE('',#3054,#3076,#3078,.T.);
#3076 = VERTEX_POINT('',#3077);
#3077 = CARTESIAN_POINT('',(-0.975595774008,-1.460082257413,14.4412));
#3078 = SURFACE_CURVE('',#3079,(#3083,#3090),.PCURVE_S1.);
#3079 = LINE('',#3080,#3081);
#3080 = CARTESIAN_POINT('',(-1.24169789254,-1.24169789254,14.4412));
#3081 = VECTOR('',#3082,1.);
#3082 = DIRECTION('',(0.773010453363,-0.634393284164,0.));
#3083 = PCURVE('',#1056,#3084);
#3084 = DEFINITIONAL_REPRESENTATION('',(#3085),#3089);
#3085 = LINE('',#3086,#3087);
#3086 = CARTESIAN_POINT('',(2.99772389254,-1.24169789254));
#3087 = VECTOR('',#3088,1.);
#3088 = DIRECTION('',(-0.773010453363,-0.634393284164));
#3089 = ( GEOMETRIC_REPRESENTATION_CONTEXT(2) 
PARAMETRIC_REPRESENTATION_CONTEXT() REPRESENTATION_CONTEXT('2D SPACE',''
  ) );
#3090 = PCURVE('',#2116,#3091);
#3091 = DEFINITIONAL_REPRESENTATION('',(#3092),#3095);
#3092 = B_SPLINE_CURVE_WITH_KNOTS('',1,(#3093,#3094),.UNSPECIFIED.,.F.,
  .F.,(2,2),(0.,0.344241293729),.PIECEWISE_BEZIER_KNOTS.);
#3093 = CARTESIAN_POINT('',(0.,1.));
#3094 = CARTESIAN_POINT('',(0.637483877275,1.));
#3095 = ( GEOMETRIC_REPRESENTATION_CONTEXT(2) 
PARAMETRIC_REPRESENTATION_CONTEXT() REPRESENTATION_CONTEXT('2D SPACE',''
  ) );
#3096 = ORIENTED_EDGE('',*,*,#3097,.T.);
#3097 = EDGE_CURVE('',#3076,#3098,#3100,.T.);
#3098 = VERTEX_POINT('',#3099);
#3099 = CARTESIAN_POINT('',(-0.672002057002,-1.622356479958,14.4412));
#3100 = SURFACE_CURVE('',#3101,(#3105,#3112),.PCURVE_S1.);
#3101 = LINE('',#3102,#3103);
#3102 = CARTESIAN_POINT('',(-0.975595774008,-1.460082257413,14.4412));
#3103 = VECTOR('',#3104,1.);
#3104 = DIRECTION('',(0.881921264348,-0.471396736826,0.));
#3105 = PCURVE('',#1056,#3106);
#3106 = DEFINITIONAL_REPRESENTATION('',(#3107),#3111);
#3107 = LINE('',#3108,#3109);
#3108 = CARTESIAN_POINT('',(2.731621774008,-1.460082257413));
#3109 = VECTOR('',#3110,1.);
#3110 = DIRECTION('',(-0.881921264348,-0.471396736826));
#3111 = ( GEOMETRIC_REPRESENTATION_CONTEXT(2) 
PARAMETRIC_REPRESENTATION_CONTEXT() REPRESENTATION_CONTEXT('2D SPACE',''
  ) );
#3112 = PCURVE('',#2168,#3113);
#3113 = DEFINITIONAL_REPRESENTATION('',(#3114),#3117);
#3114 = B_SPLINE_CURVE_WITH_KNOTS('',1,(#3115,#3116),.UNSPECIFIED.,.F.,
  .F.,(2,2),(0.,0.344241293729),.PIECEWISE_BEZIER_KNOTS.);
#3115 = CARTESIAN_POINT('',(0.,1.));
#3116 = CARTESIAN_POINT('',(0.637483877275,1.));
#3117 = ( GEOMETRIC_REPRESENTATION_CONTEXT(2) 
PARAMETRIC_REPRESENTATION_CONTEXT() REPRESENTATION_CONTEXT('2D SPACE',''
  ) );
#3118 = ORIENTED_EDGE('',*,*,#3119,.T.);
#3119 = EDGE_CURVE('',#3098,#3120,#3122,.T.);
#3120 = VERTEX_POINT('',#3121);
#3121 = CARTESIAN_POINT('',(-0.342583677809,-1.722284452805,14.4412));
#3122 = SURFACE_CURVE('',#3123,(#3127,#3134),.PCURVE_S1.);
#3123 = LINE('',#3124,#3125);
#3124 = CARTESIAN_POINT('',(-0.672002057002,-1.622356479958,14.4412));
#3125 = VECTOR('',#3126,1.);
#3126 = DIRECTION('',(0.956940335732,-0.290284677254,0.));
#3127 = PCURVE('',#1056,#3128);
#3128 = DEFINITIONAL_REPRESENTATION('',(#3129),#3133);
#3129 = LINE('',#3130,#3131);
#3130 = CARTESIAN_POINT('',(2.428028057002,-1.622356479958));
#3131 = VECTOR('',#3132,1.);
#3132 = DIRECTION('',(-0.956940335732,-0.290284677254));
#3133 = ( GEOMETRIC_REPRESENTATION_CONTEXT(2) 
PARAMETRIC_REPRESENTATION_CONTEXT() REPRESENTATION_CONTEXT('2D SPACE',''
  ) );
#3134 = PCURVE('',#2220,#3135);
#3135 = DEFINITIONAL_REPRESENTATION('',(#3136),#3139);
#3136 = B_SPLINE_CURVE_WITH_KNOTS('',1,(#3137,#3138),.UNSPECIFIED.,.F.,
  .F.,(2,2),(0.,0.344241293729),.PIECEWISE_BEZIER_KNOTS.);
#3137 = CARTESIAN_POINT('',(0.,1.));
#3138 = CARTESIAN_POINT('',(0.637483877275,1.));
#3139 = ( GEOMETRIC_REPRESENTATION_CONTEXT(2) 
PARAMETRIC_REPRESENTATION_CONTEXT() REPRESENTATION_CONTEXT('2D SPACE',''
  ) );
#3140 = ORIENTED_EDGE('',*,*,#3141,.T.);
#3141 = EDGE_CURVE('',#3120,#3142,#3144,.T.);
#3142 = VERTEX_POINT('',#3143);
#3143 = CARTESIAN_POINT('',(-3.225767430179E-16,-1.756026,14.4412));
#3144 = SURFACE_CURVE('',#3145,(#3149,#3156),.PCURVE_S1.);
#3145 = LINE('',#3146,#3147);
#3146 = CARTESIAN_POINT('',(-0.342583677809,-1.722284452805,14.4412));
#3147 = VECTOR('',#3148,1.);
#3148 = DIRECTION('',(0.995184726672,-9.801714032956E-02,0.));
#3149 = PCURVE('',#1056,#3150);
#3150 = DEFINITIONAL_REPRESENTATION('',(#3151),#3155);
#3151 = LINE('',#3152,#3153);
#3152 = CARTESIAN_POINT('',(2.098609677809,-1.722284452805));
#3153 = VECTOR('',#3154,1.);
#3154 = DIRECTION('',(-0.995184726672,-9.801714032956E-02));
#3155 = ( GEOMETRIC_REPRESENTATION_CONTEXT(2) 
PARAMETRIC_REPRESENTATION_CONTEXT() REPRESENTATION_CONTEXT('2D SPACE',''
  ) );
#3156 = PCURVE('',#2272,#3157);
#3157 = DEFINITIONAL_REPRESENTATION('',(#3158),#3161);
#3158 = B_SPLINE_CURVE_WITH_KNOTS('',1,(#3159,#3160),.UNSPECIFIED.,.F.,
  .F.,(2,2),(0.,0.344241293729),.PIECEWISE_BEZIER_KNOTS.);
#3159 = CARTESIAN_POINT('',(0.,1.));
#3160 = CARTESIAN_POINT('',(0.637483877275,1.));
#3161 = ( GEOMETRIC_REPRESENTATION_CONTEXT(2) 
PARAMETRIC_REPRESENTATION_CONTEXT() REPRESENTATION_CONTEXT('2D SPACE',''
  ) );
#3162 = ORIENTED_EDGE('',*,*,#3163,.T.);
#3163 = EDGE_CURVE('',#3142,#3164,#3166,.T.);
#3164 = VERTEX_POINT('',#3165);
#3165 = CARTESIAN_POINT('',(0.342583677809,-1.722284452805,14.4412));
#3166 = SURFACE_CURVE('',#3167,(#3171,#3178),.PCURVE_S1.);
#3167 = LINE('',#3168,#3169);
#3168 = CARTESIAN_POINT('',(-3.225767430179E-16,-1.756026,14.4412));
#3169 = VECTOR('',#3170,1.);
#3170 = DIRECTION('',(0.995184726672,9.801714032956E-02,0.));
#3171 = PCURVE('',#1056,#3172);
#3172 = DEFINITIONAL_REPRESENTATION('',(#3173),#3177);
#3173 = LINE('',#3174,#3175);
#3174 = CARTESIAN_POINT('',(1.756026,-1.756026));
#3175 = VECTOR('',#3176,1.);
#3176 = DIRECTION('',(-0.995184726672,9.801714032956E-02));
#3177 = ( GEOMETRIC_REPRESENTATION_CONTEXT(2) 
PARAMETRIC_REPRESENTATION_CONTEXT() REPRESENTATION_CONTEXT('2D SPACE',''
  ) );
#3178 = PCURVE('',#2324,#3179);
#3179 = DEFINITIONAL_REPRESENTATION('',(#3180),#3183);
#3180 = B_SPLINE_CURVE_WITH_KNOTS('',1,(#3181,#3182),.UNSPECIFIED.,.F.,
  .F.,(2,2),(0.,0.344241293729),.PIECEWISE_BEZIER_KNOTS.);
#3181 = CARTESIAN_POINT('',(0.,1.));
#3182 = CARTESIAN_POINT('',(0.637483877275,1.));
#3183 = ( GEOMETRIC_REPRESENTATION_CONTEXT(2) 
PARAMETRIC_REPRESENTATION_CONTEXT() REPRESENTATION_CONTEXT('2D SPACE',''
  ) );
#3184 = ORIENTED_EDGE('',*,*,#3185,.T.);
#3185 = EDGE_CURVE('',#3164,#3186,#3188,.T.);
#3186 = VERTEX_POINT('',#3187);
#3187 = CARTESIAN_POINT('',(0.672002057002,-1.622356479958,14.4412));
#3188 = SURFACE_CURVE('',#3189,(#3193,#3200),.PCURVE_S1.);
#3189 = LINE('',#3190,#3191);
#3190 = CARTESIAN_POINT('',(0.342583677809,-1.722284452805,14.4412));
#3191 = VECTOR('',#3192,1.);
#3192 = DIRECTION('',(0.956940335732,0.290284677254,0.));
#3193 = PCURVE('',#1056,#3194);
#3194 = DEFINITIONAL_REPRESENTATION('',(#3195),#3199);
#3195 = LINE('',#3196,#3197);
#3196 = CARTESIAN_POINT('',(1.413442322191,-1.722284452805));
#3197 = VECTOR('',#3198,1.);
#3198 = DIRECTION('',(-0.956940335732,0.290284677254));
#3199 = ( GEOMETRIC_REPRESENTATION_CONTEXT(2) 
PARAMETRIC_REPRESENTATION_CONTEXT() REPRESENTATION_CONTEXT('2D SPACE',''
  ) );
#3200 = PCURVE('',#2376,#3201);
#3201 = DEFINITIONAL_REPRESENTATION('',(#3202),#3205);
#3202 = B_SPLINE_CURVE_WITH_KNOTS('',1,(#3203,#3204),.UNSPECIFIED.,.F.,
  .F.,(2,2),(0.,0.344241293729),.PIECEWISE_BEZIER_KNOTS.);
#3203 = CARTESIAN_POINT('',(0.,1.));
#3204 = CARTESIAN_POINT('',(0.637483877275,1.));
#3205 = ( GEOMETRIC_REPRESENTATION_CONTEXT(2) 
PARAMETRIC_REPRESENTATION_CONTEXT() REPRESENTATION_CONTEXT('2D SPACE',''
  ) );
#3206 = ORIENTED_EDGE('',*,*,#3207,.T.);
#3207 = EDGE_CURVE('',#3186,#3208,#3210,.T.);
#3208 = VERTEX_POINT('',#3209);
#3209 = CARTESIAN_POINT('',(0.975595774008,-1.460082257413,14.4412));
#3210 = SURFACE_CURVE('',#3211,(#3215,#3222),.PCURVE_S1.);
#3211 = LINE('',#3212,#3213);
#3212 = CARTESIAN_POINT('',(0.672002057002,-1.622356479958,14.4412));
#3213 = VECTOR('',#3214,1.);
#3214 = DIRECTION('',(0.881921264348,0.471396736826,0.));
#3215 = PCURVE('',#1056,#3216);
#3216 = DEFINITIONAL_REPRESENTATION('',(#3217),#3221);
#3217 = LINE('',#3218,#3219);
#3218 = CARTESIAN_POINT('',(1.084023942998,-1.622356479958));
#3219 = VECTOR('',#3220,1.);
#3220 = DIRECTION('',(-0.881921264348,0.471396736826));
#3221 = ( GEOMETRIC_REPRESENTATION_CONTEXT(2) 
PARAMETRIC_REPRESENTATION_CONTEXT() REPRESENTATION_CONTEXT('2D SPACE',''
  ) );
#3222 = PCURVE('',#2428,#3223);
#3223 = DEFINITIONAL_REPRESENTATION('',(#3224),#3227);
#3224 = B_SPLINE_CURVE_WITH_KNOTS('',1,(#3225,#3226),.UNSPECIFIED.,.F.,
  .F.,(2,2),(0.,0.344241293729),.PIECEWISE_BEZIER_KNOTS.);
#3225 = CARTESIAN_POINT('',(0.,1.));
#3226 = CARTESIAN_POINT('',(0.637483877275,1.));
#3227 = ( GEOMETRIC_REPRESENTATION_CONTEXT(2) 
PARAMETRIC_REPRESENTATION_CONTEXT() REPRESENTATION_CONTEXT('2D SPACE',''
  ) );
#3228 = ORIENTED_EDGE('',*,*,#3229,.T.);
#3229 = EDGE_CURVE('',#3208,#3230,#3232,.T.);
#3230 = VERTEX_POINT('',#3231);
#3231 = CARTESIAN_POINT('',(1.24169789254,-1.24169789254,14.4412));
#3232 = SURFACE_CURVE('',#3233,(#3237,#3244),.PCURVE_S1.);
#3233 = LINE('',#3234,#3235);
#3234 = CARTESIAN_POINT('',(0.975595774008,-1.460082257413,14.4412));
#3235 = VECTOR('',#3236,1.);
#3236 = DIRECTION('',(0.773010453363,0.634393284164,0.));
#3237 = PCURVE('',#1056,#3238);
#3238 = DEFINITIONAL_REPRESENTATION('',(#3239),#3243);
#3239 = LINE('',#3240,#3241);
#3240 = CARTESIAN_POINT('',(0.780430225992,-1.460082257413));
#3241 = VECTOR('',#3242,1.);
#3242 = DIRECTION('',(-0.773010453363,0.634393284164));
#3243 = ( GEOMETRIC_REPRESENTATION_CONTEXT(2) 
PARAMETRIC_REPRESENTATION_CONTEXT() REPRESENTATION_CONTEXT('2D SPACE',''
  ) );
#3244 = PCURVE('',#2480,#3245);
#3245 = DEFINITIONAL_REPRESENTATION('',(#3246),#3249);
#3246 = B_SPLINE_CURVE_WITH_KNOTS('',1,(#3247,#3248),.UNSPECIFIED.,.F.,
  .F.,(2,2),(0.,0.344241293729),.PIECEWISE_BEZIER_KNOTS.);
#3247 = CARTESIAN_POINT('',(0.,1.));
#3248 = CARTESIAN_POINT('',(0.637483877275,1.));
#3249 = ( GEOMETRIC_REPRESENTATION_CONTEXT(2) 
PARAMETRIC_REPRESENTATION_CONTEXT() REPRESENTATION_CONTEXT('2D SPACE',''
  ) );
#3250 = ORIENTED_EDGE('',*,*,#3251,.T.);
#3251 = EDGE_CURVE('',#3230,#3252,#3254,.T.);
#3252 = VERTEX_POINT('',#3253);
#3253 = CARTESIAN_POINT('',(1.460082257413,-0.975595774008,14.4412));
#3254 = SURFACE_CURVE('',#3255,(#3259,#3266),.PCURVE_S1.);
#3255 = LINE('',#3256,#3257);
#3256 = CARTESIAN_POINT('',(1.24169789254,-1.24169789254,14.4412));
#3257 = VECTOR('',#3258,1.);
#3258 = DIRECTION('',(0.634393284164,0.773010453363,0.));
#3259 = PCURVE('',#1056,#3260);
#3260 = DEFINITIONAL_REPRESENTATION('',(#3261),#3265);
#3261 = LINE('',#3262,#3263);
#3262 = CARTESIAN_POINT('',(0.51432810746,-1.24169789254));
#3263 = VECTOR('',#3264,1.);
#3264 = DIRECTION('',(-0.634393284164,0.773010453363));
#3265 = ( GEOMETRIC_REPRESENTATION_CONTEXT(2) 
PARAMETRIC_REPRESENTATION_CONTEXT() REPRESENTATION_CONTEXT('2D SPACE',''
  ) );
#3266 = PCURVE('',#2532,#3267);
#3267 = DEFINITIONAL_REPRESENTATION('',(#3268),#3271);
#3268 = B_SPLINE_CURVE_WITH_KNOTS('',1,(#3269,#3270),.UNSPECIFIED.,.F.,
  .F.,(2,2),(0.,0.344241293729),.PIECEWISE_BEZIER_KNOTS.);
#3269 = CARTESIAN_POINT('',(0.,1.));
#3270 = CARTESIAN_POINT('',(0.637483877275,1.));
#3271 = ( GEOMETRIC_REPRESENTATION_CONTEXT(2) 
PARAMETRIC_REPRESENTATION_CONTEXT() REPRESENTATION_CONTEXT('2D SPACE',''
  ) );
#3272 = ORIENTED_EDGE('',*,*,#3273,.T.);
#3273 = EDGE_CURVE('',#3252,#3274,#3276,.T.);
#3274 = VERTEX_POINT('',#3275);
#3275 = CARTESIAN_POINT('',(1.622356479958,-0.672002057002,14.4412));
#3276 = SURFACE_CURVE('',#3277,(#3281,#3288),.PCURVE_S1.);
#3277 = LINE('',#3278,#3279);
#3278 = CARTESIAN_POINT('',(1.460082257413,-0.975595774008,14.4412));
#3279 = VECTOR('',#3280,1.);
#3280 = DIRECTION('',(0.471396736826,0.881921264348,0.));
#3281 = PCURVE('',#1056,#3282);
#3282 = DEFINITIONAL_REPRESENTATION('',(#3283),#3287);
#3283 = LINE('',#3284,#3285);
#3284 = CARTESIAN_POINT('',(0.295943742587,-0.975595774008));
#3285 = VECTOR('',#3286,1.);
#3286 = DIRECTION('',(-0.471396736826,0.881921264348));
#3287 = ( GEOMETRIC_REPRESENTATION_CONTEXT(2) 
PARAMETRIC_REPRESENTATION_CONTEXT() REPRESENTATION_CONTEXT('2D SPACE',''
  ) );
#3288 = PCURVE('',#2584,#3289);
#3289 = DEFINITIONAL_REPRESENTATION('',(#3290),#3293);
#3290 = B_SPLINE_CURVE_WITH_KNOTS('',1,(#3291,#3292),.UNSPECIFIED.,.F.,
  .F.,(2,2),(0.,0.344241293729),.PIECEWISE_BEZIER_KNOTS.);
#3291 = CARTESIAN_POINT('',(0.,1.));
#3292 = CARTESIAN_POINT('',(0.637483877275,1.));
#3293 = ( GEOMETRIC_REPRESENTATION_CONTEXT(2) 
PARAMETRIC_REPRESENTATION_CONTEXT() REPRESENTATION_CONTEXT('2D SPACE',''
  ) );
#3294 = ORIENTED_EDGE('',*,*,#3295,.T.);
#3295 = EDGE_CURVE('',#3274,#3296,#3298,.T.);
#3296 = VERTEX_POINT('',#3297);
#3297 = CARTESIAN_POINT('',(1.722284452805,-0.342583677809,14.4412));
#3298 = SURFACE_CURVE('',#3299,(#3303,#3310),.PCURVE_S1.);
#3299 = LINE('',#3300,#3301);
#3300 = CARTESIAN_POINT('',(1.622356479958,-0.672002057002,14.4412));
#3301 = VECTOR('',#3302,1.);
#3302 = DIRECTION('',(0.290284677254,0.956940335732,0.));
#3303 = PCURVE('',#1056,#3304);
#3304 = DEFINITIONAL_REPRESENTATION('',(#3305),#3309);
#3305 = LINE('',#3306,#3307);
#3306 = CARTESIAN_POINT('',(0.133669520042,-0.672002057002));
#3307 = VECTOR('',#3308,1.);
#3308 = DIRECTION('',(-0.290284677254,0.956940335732));
#3309 = ( GEOMETRIC_REPRESENTATION_CONTEXT(2) 
PARAMETRIC_REPRESENTATION_CONTEXT() REPRESENTATION_CONTEXT('2D SPACE',''
  ) );
#3310 = PCURVE('',#2615,#3311);
#3311 = DEFINITIONAL_REPRESENTATION('',(#3312),#3315);
#3312 = B_SPLINE_CURVE_WITH_KNOTS('',1,(#3313,#3314),.UNSPECIFIED.,.F.,
  .F.,(2,2),(0.,0.344241293729),.PIECEWISE_BEZIER_KNOTS.);
#3313 = CARTESIAN_POINT('',(0.,1.));
#3314 = CARTESIAN_POINT('',(0.637483877275,1.));
#3315 = ( GEOMETRIC_REPRESENTATION_CONTEXT(2) 
PARAMETRIC_REPRESENTATION_CONTEXT() REPRESENTATION_CONTEXT('2D SPACE',''
  ) );
#3316 = ORIENTED_EDGE('',*,*,#3317,.T.);
#3317 = EDGE_CURVE('',#3296,#1042,#3318,.T.);
#3318 = SURFACE_CURVE('',#3319,(#3323,#3330),.PCURVE_S1.);
#3319 = LINE('',#3320,#3321);
#3320 = CARTESIAN_POINT('',(1.722284452805,-0.342583677809,14.4412));
#3321 = VECTOR('',#3322,1.);
#3322 = DIRECTION('',(9.801714032956E-02,0.995184726672,0.));
#3323 = PCURVE('',#1056,#3324);
#3324 = DEFINITIONAL_REPRESENTATION('',(#3325),#3329);
#3325 = LINE('',#3326,#3327);
#3326 = CARTESIAN_POINT('',(3.374154719464E-02,-0.342583677809));
#3327 = VECTOR('',#3328,1.);
#3328 = DIRECTION('',(-9.801714032956E-02,0.995184726672));
#3329 = ( GEOMETRIC_REPRESENTATION_CONTEXT(2) 
PARAMETRIC_REPRESENTATION_CONTEXT() REPRESENTATION_CONTEXT('2D SPACE',''
  ) );
#3330 = PCURVE('',#1081,#3331);
#3331 = DEFINITIONAL_REPRESENTATION('',(#3332),#3335);
#3332 = B_SPLINE_CURVE_WITH_KNOTS('',1,(#3333,#3334),.UNSPECIFIED.,.F.,
  .F.,(2,2),(0.,0.344241293729),.PIECEWISE_BEZIER_KNOTS.);
#3333 = CARTESIAN_POINT('',(0.,1.));
#3334 = CARTESIAN_POINT('',(0.637483877275,1.));
#3335 = ( GEOMETRIC_REPRESENTATION_CONTEXT(2) 
PARAMETRIC_REPRESENTATION_CONTEXT() REPRESENTATION_CONTEXT('2D SPACE',''
  ) );
#3336 = ADVANCED_FACE('',(#3337),#1081,.T.);
#3337 = FACE_BOUND('',#3338,.T.);
#3338 = EDGE_LOOP('',(#3339,#3340,#3341,#3342));
#3339 = ORIENTED_EDGE('',*,*,#1098,.T.);
#3340 = ORIENTED_EDGE('',*,*,#1068,.T.);
#3341 = ORIENTED_EDGE('',*,*,#3317,.F.);
#3342 = ORIENTED_EDGE('',*,*,#3343,.F.);
#3343 = EDGE_CURVE('',#1099,#3296,#3344,.T.);
#3344 = SURFACE_CURVE('',#3345,(#3348,#3355),.PCURVE_S1.);
#3345 = B_SPLINE_CURVE_WITH_KNOTS('',1,(#3346,#3347),.UNSPECIFIED.,.F.,
  .F.,(2,2),(0.,1.),.PIECEWISE_BEZIER_KNOTS.);
#3346 = CARTESIAN_POINT('',(3.189415653343,-0.634414218164,13.1012));
#3347 = CARTESIAN_POINT('',(1.722284452805,-0.342583677809,14.4412));
#3348 = PCURVE('',#1081,#3349);
#3349 = DEFINITIONAL_REPRESENTATION('',(#3350),#3354);
#3350 = LINE('',#3351,#3352);
#3351 = CARTESIAN_POINT('',(0.,0.));
#3352 = VECTOR('',#3353,1.);
#3353 = DIRECTION('',(0.,1.));
#3354 = ( GEOMETRIC_REPRESENTATION_CONTEXT(2) 
PARAMETRIC_REPRESENTATION_CONTEXT() REPRESENTATION_CONTEXT('2D SPACE',''
  ) );
#3355 = PCURVE('',#2615,#3356);
#3356 = DEFINITIONAL_REPRESENTATION('',(#3357),#3361);
#3357 = LINE('',#3358,#3359);
#3358 = CARTESIAN_POINT('',(0.637483877275,0.));
#3359 = VECTOR('',#3360,1.);
#3360 = DIRECTION('',(0.,1.));
#3361 = ( GEOMETRIC_REPRESENTATION_CONTEXT(2) 
PARAMETRIC_REPRESENTATION_CONTEXT() REPRESENTATION_CONTEXT('2D SPACE',''
  ) );
#3362 = ADVANCED_FACE('',(#3363),#1180,.T.);
#3363 = FACE_BOUND('',#3364,.T.);
#3364 = EDGE_LOOP('',(#3365,#3366,#3386,#3387));
#3365 = ORIENTED_EDGE('',*,*,#1166,.T.);
#3366 = ORIENTED_EDGE('',*,*,#3367,.T.);
#3367 = EDGE_CURVE('',#1145,#2680,#3368,.T.);
#3368 = SURFACE_CURVE('',#3369,(#3372,#3379),.PCURVE_S1.);
#3369 = B_SPLINE_CURVE_WITH_KNOTS('',1,(#3370,#3371),.UNSPECIFIED.,.F.,
  .F.,(2,2),(0.,1.),.PIECEWISE_BEZIER_KNOTS.);
#3370 = CARTESIAN_POINT('',(2.703856032247,1.806658840756,13.1012));
#3371 = CARTESIAN_POINT('',(1.460082257413,0.975595774008,14.4412));
#3372 = PCURVE('',#1180,#3373);
#3373 = DEFINITIONAL_REPRESENTATION('',(#3374),#3378);
#3374 = LINE('',#3375,#3376);
#3375 = CARTESIAN_POINT('',(0.637483877275,0.));
#3376 = VECTOR('',#3377,1.);
#3377 = DIRECTION('',(0.,1.));
#3378 = ( GEOMETRIC_REPRESENTATION_CONTEXT(2) 
PARAMETRIC_REPRESENTATION_CONTEXT() REPRESENTATION_CONTEXT('2D SPACE',''
  ) );
#3379 = PCURVE('',#1232,#3380);
#3380 = DEFINITIONAL_REPRESENTATION('',(#3381),#3385);
#3381 = LINE('',#3382,#3383);
#3382 = CARTESIAN_POINT('',(0.,0.));
#3383 = VECTOR('',#3384,1.);
#3384 = DIRECTION('',(0.,1.));
#3385 = ( GEOMETRIC_REPRESENTATION_CONTEXT(2) 
PARAMETRIC_REPRESENTATION_CONTEXT() REPRESENTATION_CONTEXT('2D SPACE',''
  ) );
#3386 = ORIENTED_EDGE('',*,*,#2679,.F.);
#3387 = ORIENTED_EDGE('',*,*,#2631,.F.);
#3388 = ADVANCED_FACE('',(#3389),#1232,.T.);
#3389 = FACE_BOUND('',#3390,.T.);
#3390 = EDGE_LOOP('',(#3391,#3392,#3412,#3413));
#3391 = ORIENTED_EDGE('',*,*,#1218,.T.);
#3392 = ORIENTED_EDGE('',*,*,#3393,.T.);
#3393 = EDGE_CURVE('',#1197,#2702,#3394,.T.);
#3394 = SURFACE_CURVE('',#3395,(#3398,#3405),.PCURVE_S1.);
#3395 = B_SPLINE_CURVE_WITH_KNOTS('',1,(#3396,#3397),.UNSPECIFIED.,.F.,
  .F.,(2,2),(0.,1.),.PIECEWISE_BEZIER_KNOTS.);
#3396 = CARTESIAN_POINT('',(2.299440541741,2.299440541741,13.1012));
#3397 = CARTESIAN_POINT('',(1.24169789254,1.24169789254,14.4412));
#3398 = PCURVE('',#1232,#3399);
#3399 = DEFINITIONAL_REPRESENTATION('',(#3400),#3404);
#3400 = LINE('',#3401,#3402);
#3401 = CARTESIAN_POINT('',(0.637483877275,0.));
#3402 = VECTOR('',#3403,1.);
#3403 = DIRECTION('',(0.,1.));
#3404 = ( GEOMETRIC_REPRESENTATION_CONTEXT(2) 
PARAMETRIC_REPRESENTATION_CONTEXT() REPRESENTATION_CONTEXT('2D SPACE',''
  ) );
#3405 = PCURVE('',#1284,#3406);
#3406 = DEFINITIONAL_REPRESENTATION('',(#3407),#3411);
#3407 = LINE('',#3408,#3409);
#3408 = CARTESIAN_POINT('',(0.,0.));
#3409 = VECTOR('',#3410,1.);
#3410 = DIRECTION('',(0.,1.));
#3411 = ( GEOMETRIC_REPRESENTATION_CONTEXT(2) 
PARAMETRIC_REPRESENTATION_CONTEXT() REPRESENTATION_CONTEXT('2D SPACE',''
  ) );
#3412 = ORIENTED_EDGE('',*,*,#2701,.F.);
#3413 = ORIENTED_EDGE('',*,*,#3367,.F.);
#3414 = ADVANCED_FACE('',(#3415),#1284,.T.);
#3415 = FACE_BOUND('',#3416,.T.);
#3416 = EDGE_LOOP('',(#3417,#3418,#3438,#3439));
#3417 = ORIENTED_EDGE('',*,*,#1270,.T.);
#3418 = ORIENTED_EDGE('',*,*,#3419,.T.);
#3419 = EDGE_CURVE('',#1249,#2724,#3420,.T.);
#3420 = SURFACE_CURVE('',#3421,(#3424,#3431),.PCURVE_S1.);
#3421 = B_SPLINE_CURVE_WITH_KNOTS('',1,(#3422,#3423),.UNSPECIFIED.,.F.,
  .F.,(2,2),(0.,1.),.PIECEWISE_BEZIER_KNOTS.);
#3422 = CARTESIAN_POINT('',(1.806658840756,2.703856032247,13.1012));
#3423 = CARTESIAN_POINT('',(0.975595774008,1.460082257413,14.4412));
#3424 = PCURVE('',#1284,#3425);
#3425 = DEFINITIONAL_REPRESENTATION('',(#3426),#3430);
#3426 = LINE('',#3427,#3428);
#3427 = CARTESIAN_POINT('',(0.637483877275,0.));
#3428 = VECTOR('',#3429,1.);
#3429 = DIRECTION('',(0.,1.));
#3430 = ( GEOMETRIC_REPRESENTATION_CONTEXT(2) 
PARAMETRIC_REPRESENTATION_CONTEXT() REPRESENTATION_CONTEXT('2D SPACE',''
  ) );
#3431 = PCURVE('',#1336,#3432);
#3432 = DEFINITIONAL_REPRESENTATION('',(#3433),#3437);
#3433 = LINE('',#3434,#3435);
#3434 = CARTESIAN_POINT('',(0.,0.));
#3435 = VECTOR('',#3436,1.);
#3436 = DIRECTION('',(0.,1.));
#3437 = ( GEOMETRIC_REPRESENTATION_CONTEXT(2) 
PARAMETRIC_REPRESENTATION_CONTEXT() REPRESENTATION_CONTEXT('2D SPACE',''
  ) );
#3438 = ORIENTED_EDGE('',*,*,#2723,.F.);
#3439 = ORIENTED_EDGE('',*,*,#3393,.F.);
#3440 = ADVANCED_FACE('',(#3441),#1336,.T.);
#3441 = FACE_BOUND('',#3442,.T.);
#3442 = EDGE_LOOP('',(#3443,#3444,#3464,#3465));
#3443 = ORIENTED_EDGE('',*,*,#1322,.T.);
#3444 = ORIENTED_EDGE('',*,*,#3445,.T.);
#3445 = EDGE_CURVE('',#1301,#2746,#3446,.T.);
#3446 = SURFACE_CURVE('',#3447,(#3450,#3457),.PCURVE_S1.);
#3447 = B_SPLINE_CURVE_WITH_KNOTS('',1,(#3448,#3449),.UNSPECIFIED.,.F.,
  .F.,(2,2),(0.,1.),.PIECEWISE_BEZIER_KNOTS.);
#3448 = CARTESIAN_POINT('',(1.244448253708,3.004363851773,13.1012));
#3449 = CARTESIAN_POINT('',(0.672002057002,1.622356479958,14.4412));
#3450 = PCURVE('',#1336,#3451);
#3451 = DEFINITIONAL_REPRESENTATION('',(#3452),#3456);
#3452 = LINE('',#3453,#3454);
#3453 = CARTESIAN_POINT('',(0.637483877275,0.));
#3454 = VECTOR('',#3455,1.);
#3455 = DIRECTION('',(0.,1.));
#3456 = ( GEOMETRIC_REPRESENTATION_CONTEXT(2) 
PARAMETRIC_REPRESENTATION_CONTEXT() REPRESENTATION_CONTEXT('2D SPACE',''
  ) );
#3457 = PCURVE('',#1388,#3458);
#3458 = DEFINITIONAL_REPRESENTATION('',(#3459),#3463);
#3459 = LINE('',#3460,#3461);
#3460 = CARTESIAN_POINT('',(0.,0.));
#3461 = VECTOR('',#3462,1.);
#3462 = DIRECTION('',(0.,1.));
#3463 = ( GEOMETRIC_REPRESENTATION_CONTEXT(2) 
PARAMETRIC_REPRESENTATION_CONTEXT() REPRESENTATION_CONTEXT('2D SPACE',''
  ) );
#3464 = ORIENTED_EDGE('',*,*,#2745,.F.);
#3465 = ORIENTED_EDGE('',*,*,#3419,.F.);
#3466 = ADVANCED_FACE('',(#3467),#1388,.T.);
#3467 = FACE_BOUND('',#3468,.T.);
#3468 = EDGE_LOOP('',(#3469,#3470,#3490,#3491));
#3469 = ORIENTED_EDGE('',*,*,#1374,.T.);
#3470 = ORIENTED_EDGE('',*,*,#3471,.T.);
#3471 = EDGE_CURVE('',#1353,#2768,#3472,.T.);
#3472 = SURFACE_CURVE('',#3473,(#3476,#3483),.PCURVE_S1.);
#3473 = B_SPLINE_CURVE_WITH_KNOTS('',1,(#3474,#3475),.UNSPECIFIED.,.F.,
  .F.,(2,2),(0.,1.),.PIECEWISE_BEZIER_KNOTS.);
#3474 = CARTESIAN_POINT('',(0.634414218164,3.189415653343,13.1012));
#3475 = CARTESIAN_POINT('',(0.342583677809,1.722284452805,14.4412));
#3476 = PCURVE('',#1388,#3477);
#3477 = DEFINITIONAL_REPRESENTATION('',(#3478),#3482);
#3478 = LINE('',#3479,#3480);
#3479 = CARTESIAN_POINT('',(0.637483877275,0.));
#3480 = VECTOR('',#3481,1.);
#3481 = DIRECTION('',(0.,1.));
#3482 = ( GEOMETRIC_REPRESENTATION_CONTEXT(2) 
PARAMETRIC_REPRESENTATION_CONTEXT() REPRESENTATION_CONTEXT('2D SPACE',''
  ) );
#3483 = PCURVE('',#1440,#3484);
#3484 = DEFINITIONAL_REPRESENTATION('',(#3485),#3489);
#3485 = LINE('',#3486,#3487);
#3486 = CARTESIAN_POINT('',(0.,0.));
#3487 = VECTOR('',#3488,1.);
#3488 = DIRECTION('',(0.,1.));
#3489 = ( GEOMETRIC_REPRESENTATION_CONTEXT(2) 
PARAMETRIC_REPRESENTATION_CONTEXT() REPRESENTATION_CONTEXT('2D SPACE',''
  ) );
#3490 = ORIENTED_EDGE('',*,*,#2767,.F.);
#3491 = ORIENTED_EDGE('',*,*,#3445,.F.);
#3492 = ADVANCED_FACE('',(#3493),#1440,.T.);
#3493 = FACE_BOUND('',#3494,.T.);
#3494 = EDGE_LOOP('',(#3495,#3496,#3516,#3517));
#3495 = ORIENTED_EDGE('',*,*,#1426,.T.);
#3496 = ORIENTED_EDGE('',*,*,#3497,.T.);
#3497 = EDGE_CURVE('',#1405,#2790,#3498,.T.);
#3498 = SURFACE_CURVE('',#3499,(#3502,#3509),.PCURVE_S1.);
#3499 = B_SPLINE_CURVE_WITH_KNOTS('',1,(#3500,#3501),.UNSPECIFIED.,.F.,
  .F.,(2,2),(0.,1.),.PIECEWISE_BEZIER_KNOTS.);
#3500 = CARTESIAN_POINT('',(1.110223024625E-16,3.2519,13.1012));
#3501 = CARTESIAN_POINT('',(5.551115123126E-17,1.756026,14.4412));
#3502 = PCURVE('',#1440,#3503);
#3503 = DEFINITIONAL_REPRESENTATION('',(#3504),#3508);
#3504 = LINE('',#3505,#3506);
#3505 = CARTESIAN_POINT('',(0.637483877275,0.));
#3506 = VECTOR('',#3507,1.);
#3507 = DIRECTION('',(0.,1.));
#3508 = ( GEOMETRIC_REPRESENTATION_CONTEXT(2) 
PARAMETRIC_REPRESENTATION_CONTEXT() REPRESENTATION_CONTEXT('2D SPACE',''
  ) );
#3509 = PCURVE('',#1492,#3510);
#3510 = DEFINITIONAL_REPRESENTATION('',(#3511),#3515);
#3511 = LINE('',#3512,#3513);
#3512 = CARTESIAN_POINT('',(0.,0.));
#3513 = VECTOR('',#3514,1.);
#3514 = DIRECTION('',(0.,1.));
#3515 = ( GEOMETRIC_REPRESENTATION_CONTEXT(2) 
PARAMETRIC_REPRESENTATION_CONTEXT() REPRESENTATION_CONTEXT('2D SPACE',''
  ) );
#3516 = ORIENTED_EDGE('',*,*,#2789,.F.);
#3517 = ORIENTED_EDGE('',*,*,#3471,.F.);
#3518 = ADVANCED_FACE('',(#3519),#1492,.T.);
#3519 = FACE_BOUND('',#3520,.T.);
#3520 = EDGE_LOOP('',(#3521,#3522,#3542,#3543));
#3521 = ORIENTED_EDGE('',*,*,#1478,.T.);
#3522 = ORIENTED_EDGE('',*,*,#3523,.T.);
#3523 = EDGE_CURVE('',#1457,#2812,#3524,.T.);
#3524 = SURFACE_CURVE('',#3525,(#3528,#3535),.PCURVE_S1.);
#3525 = B_SPLINE_CURVE_WITH_KNOTS('',1,(#3526,#3527),.UNSPECIFIED.,.F.,
  .F.,(2,2),(0.,1.),.PIECEWISE_BEZIER_KNOTS.);
#3526 = CARTESIAN_POINT('',(-0.634414218164,3.189415653343,13.1012));
#3527 = CARTESIAN_POINT('',(-0.342583677809,1.722284452805,14.4412));
#3528 = PCURVE('',#1492,#3529);
#3529 = DEFINITIONAL_REPRESENTATION('',(#3530),#3534);
#3530 = LINE('',#3531,#3532);
#3531 = CARTESIAN_POINT('',(0.637483877275,0.));
#3532 = VECTOR('',#3533,1.);
#3533 = DIRECTION('',(0.,1.));
#3534 = ( GEOMETRIC_REPRESENTATION_CONTEXT(2) 
PARAMETRIC_REPRESENTATION_CONTEXT() REPRESENTATION_CONTEXT('2D SPACE',''
  ) );
#3535 = PCURVE('',#1544,#3536);
#3536 = DEFINITIONAL_REPRESENTATION('',(#3537),#3541);
#3537 = LINE('',#3538,#3539);
#3538 = CARTESIAN_POINT('',(0.,0.));
#3539 = VECTOR('',#3540,1.);
#3540 = DIRECTION('',(0.,1.));
#3541 = ( GEOMETRIC_REPRESENTATION_CONTEXT(2) 
PARAMETRIC_REPRESENTATION_CONTEXT() REPRESENTATION_CONTEXT('2D SPACE',''
  ) );
#3542 = ORIENTED_EDGE('',*,*,#2811,.F.);
#3543 = ORIENTED_EDGE('',*,*,#3497,.F.);
#3544 = ADVANCED_FACE('',(#3545),#1544,.T.);
#3545 = FACE_BOUND('',#3546,.T.);
#3546 = EDGE_LOOP('',(#3547,#3548,#3568,#3569));
#3547 = ORIENTED_EDGE('',*,*,#1530,.T.);
#3548 = ORIENTED_EDGE('',*,*,#3549,.T.);
#3549 = EDGE_CURVE('',#1509,#2834,#3550,.T.);
#3550 = SURFACE_CURVE('',#3551,(#3554,#3561),.PCURVE_S1.);
#3551 = B_SPLINE_CURVE_WITH_KNOTS('',1,(#3552,#3553),.UNSPECIFIED.,.F.,
  .F.,(2,2),(0.,1.),.PIECEWISE_BEZIER_KNOTS.);
#3552 = CARTESIAN_POINT('',(-1.244448253708,3.004363851773,13.1012));
#3553 = CARTESIAN_POINT('',(-0.672002057002,1.622356479958,14.4412));
#3554 = PCURVE('',#1544,#3555);
#3555 = DEFINITIONAL_REPRESENTATION('',(#3556),#3560);
#3556 = LINE('',#3557,#3558);
#3557 = CARTESIAN_POINT('',(0.637483877275,0.));
#3558 = VECTOR('',#3559,1.);
#3559 = DIRECTION('',(0.,1.));
#3560 = ( GEOMETRIC_REPRESENTATION_CONTEXT(2) 
PARAMETRIC_REPRESENTATION_CONTEXT() REPRESENTATION_CONTEXT('2D SPACE',''
  ) );
#3561 = PCURVE('',#1596,#3562);
#3562 = DEFINITIONAL_REPRESENTATION('',(#3563),#3567);
#3563 = LINE('',#3564,#3565);
#3564 = CARTESIAN_POINT('',(0.,0.));
#3565 = VECTOR('',#3566,1.);
#3566 = DIRECTION('',(0.,1.));
#3567 = ( GEOMETRIC_REPRESENTATION_CONTEXT(2) 
PARAMETRIC_REPRESENTATION_CONTEXT() REPRESENTATION_CONTEXT('2D SPACE',''
  ) );
#3568 = ORIENTED_EDGE('',*,*,#2833,.F.);
#3569 = ORIENTED_EDGE('',*,*,#3523,.F.);
#3570 = ADVANCED_FACE('',(#3571),#1596,.T.);
#3571 = FACE_BOUND('',#3572,.T.);
#3572 = EDGE_LOOP('',(#3573,#3574,#3594,#3595));
#3573 = ORIENTED_EDGE('',*,*,#1582,.T.);
#3574 = ORIENTED_EDGE('',*,*,#3575,.T.);
#3575 = EDGE_CURVE('',#1561,#2856,#3576,.T.);
#3576 = SURFACE_CURVE('',#3577,(#3580,#3587),.PCURVE_S1.);
#3577 = B_SPLINE_CURVE_WITH_KNOTS('',1,(#3578,#3579),.UNSPECIFIED.,.F.,
  .F.,(2,2),(0.,1.),.PIECEWISE_BEZIER_KNOTS.);
#3578 = CARTESIAN_POINT('',(-1.806658840756,2.703856032247,13.1012));
#3579 = CARTESIAN_POINT('',(-0.975595774008,1.460082257413,14.4412));
#3580 = PCURVE('',#1596,#3581);
#3581 = DEFINITIONAL_REPRESENTATION('',(#3582),#3586);
#3582 = LINE('',#3583,#3584);
#3583 = CARTESIAN_POINT('',(0.637483877275,0.));
#3584 = VECTOR('',#3585,1.);
#3585 = DIRECTION('',(0.,1.));
#3586 = ( GEOMETRIC_REPRESENTATION_CONTEXT(2) 
PARAMETRIC_REPRESENTATION_CONTEXT() REPRESENTATION_CONTEXT('2D SPACE',''
  ) );
#3587 = PCURVE('',#1648,#3588);
#3588 = DEFINITIONAL_REPRESENTATION('',(#3589),#3593);
#3589 = LINE('',#3590,#3591);
#3590 = CARTESIAN_POINT('',(0.,0.));
#3591 = VECTOR('',#3592,1.);
#3592 = DIRECTION('',(0.,1.));
#3593 = ( GEOMETRIC_REPRESENTATION_CONTEXT(2) 
PARAMETRIC_REPRESENTATION_CONTEXT() REPRESENTATION_CONTEXT('2D SPACE',''
  ) );
#3594 = ORIENTED_EDGE('',*,*,#2855,.F.);
#3595 = ORIENTED_EDGE('',*,*,#3549,.F.);
#3596 = ADVANCED_FACE('',(#3597),#1648,.T.);
#3597 = FACE_BOUND('',#3598,.T.);
#3598 = EDGE_LOOP('',(#3599,#3600,#3620,#3621));
#3599 = ORIENTED_EDGE('',*,*,#1634,.T.);
#3600 = ORIENTED_EDGE('',*,*,#3601,.T.);
#3601 = EDGE_CURVE('',#1613,#2878,#3602,.T.);
#3602 = SURFACE_CURVE('',#3603,(#3606,#3613),.PCURVE_S1.);
#3603 = B_SPLINE_CURVE_WITH_KNOTS('',1,(#3604,#3605),.UNSPECIFIED.,.F.,
  .F.,(2,2),(0.,1.),.PIECEWISE_BEZIER_KNOTS.);
#3604 = CARTESIAN_POINT('',(-2.299440541741,2.299440541741,13.1012));
#3605 = CARTESIAN_POINT('',(-1.24169789254,1.24169789254,14.4412));
#3606 = PCURVE('',#1648,#3607);
#3607 = DEFINITIONAL_REPRESENTATION('',(#3608),#3612);
#3608 = LINE('',#3609,#3610);
#3609 = CARTESIAN_POINT('',(0.637483877275,0.));
#3610 = VECTOR('',#3611,1.);
#3611 = DIRECTION('',(0.,1.));
#3612 = ( GEOMETRIC_REPRESENTATION_CONTEXT(2) 
PARAMETRIC_REPRESENTATION_CONTEXT() REPRESENTATION_CONTEXT('2D SPACE',''
  ) );
#3613 = PCURVE('',#1700,#3614);
#3614 = DEFINITIONAL_REPRESENTATION('',(#3615),#3619);
#3615 = LINE('',#3616,#3617);
#3616 = CARTESIAN_POINT('',(0.,0.));
#3617 = VECTOR('',#3618,1.);
#3618 = DIRECTION('',(0.,1.));
#3619 = ( GEOMETRIC_REPRESENTATION_CONTEXT(2) 
PARAMETRIC_REPRESENTATION_CONTEXT() REPRESENTATION_CONTEXT('2D SPACE',''
  ) );
#3620 = ORIENTED_EDGE('',*,*,#2877,.F.);
#3621 = ORIENTED_EDGE('',*,*,#3575,.F.);
#3622 = ADVANCED_FACE('',(#3623),#1700,.T.);
#3623 = FACE_BOUND('',#3624,.T.);
#3624 = EDGE_LOOP('',(#3625,#3626,#3646,#3647));
#3625 = ORIENTED_EDGE('',*,*,#1686,.T.);
#3626 = ORIENTED_EDGE('',*,*,#3627,.T.);
#3627 = EDGE_CURVE('',#1665,#2900,#3628,.T.);
#3628 = SURFACE_CURVE('',#3629,(#3632,#3639),.PCURVE_S1.);
#3629 = B_SPLINE_CURVE_WITH_KNOTS('',1,(#3630,#3631),.UNSPECIFIED.,.F.,
  .F.,(2,2),(0.,1.),.PIECEWISE_BEZIER_KNOTS.);
#3630 = CARTESIAN_POINT('',(-2.703856032247,1.806658840756,13.1012));
#3631 = CARTESIAN_POINT('',(-1.460082257413,0.975595774008,14.4412));
#3632 = PCURVE('',#1700,#3633);
#3633 = DEFINITIONAL_REPRESENTATION('',(#3634),#3638);
#3634 = LINE('',#3635,#3636);
#3635 = CARTESIAN_POINT('',(0.637483877275,0.));
#3636 = VECTOR('',#3637,1.);
#3637 = DIRECTION('',(0.,1.));
#3638 = ( GEOMETRIC_REPRESENTATION_CONTEXT(2) 
PARAMETRIC_REPRESENTATION_CONTEXT() REPRESENTATION_CONTEXT('2D SPACE',''
  ) );
#3639 = PCURVE('',#1752,#3640);
#3640 = DEFINITIONAL_REPRESENTATION('',(#3641),#3645);
#3641 = LINE('',#3642,#3643);
#3642 = CARTESIAN_POINT('',(0.,0.));
#3643 = VECTOR('',#3644,1.);
#3644 = DIRECTION('',(0.,1.));
#3645 = ( GEOMETRIC_REPRESENTATION_CONTEXT(2) 
PARAMETRIC_REPRESENTATION_CONTEXT() REPRESENTATION_CONTEXT('2D SPACE',''
  ) );
#3646 = ORIENTED_EDGE('',*,*,#2899,.F.);
#3647 = ORIENTED_EDGE('',*,*,#3601,.F.);
#3648 = ADVANCED_FACE('',(#3649),#1752,.T.);
#3649 = FACE_BOUND('',#3650,.T.);
#3650 = EDGE_LOOP('',(#3651,#3652,#3672,#3673));
#3651 = ORIENTED_EDGE('',*,*,#1738,.T.);
#3652 = ORIENTED_EDGE('',*,*,#3653,.T.);
#3653 = EDGE_CURVE('',#1717,#2922,#3654,.T.);
#3654 = SURFACE_CURVE('',#3655,(#3658,#3665),.PCURVE_S1.);
#3655 = B_SPLINE_CURVE_WITH_KNOTS('',1,(#3656,#3657),.UNSPECIFIED.,.F.,
  .F.,(2,2),(0.,1.),.PIECEWISE_BEZIER_KNOTS.);
#3656 = CARTESIAN_POINT('',(-3.004363851773,1.244448253708,13.1012));
#3657 = CARTESIAN_POINT('',(-1.622356479958,0.672002057002,14.4412));
#3658 = PCURVE('',#1752,#3659);
#3659 = DEFINITIONAL_REPRESENTATION('',(#3660),#3664);
#3660 = LINE('',#3661,#3662);
#3661 = CARTESIAN_POINT('',(0.637483877275,0.));
#3662 = VECTOR('',#3663,1.);
#3663 = DIRECTION('',(0.,1.));
#3664 = ( GEOMETRIC_REPRESENTATION_CONTEXT(2) 
PARAMETRIC_REPRESENTATION_CONTEXT() REPRESENTATION_CONTEXT('2D SPACE',''
  ) );
#3665 = PCURVE('',#1804,#3666);
#3666 = DEFINITIONAL_REPRESENTATION('',(#3667),#3671);
#3667 = LINE('',#3668,#3669);
#3668 = CARTESIAN_POINT('',(0.,0.));
#3669 = VECTOR('',#3670,1.);
#3670 = DIRECTION('',(0.,1.));
#3671 = ( GEOMETRIC_REPRESENTATION_CONTEXT(2) 
PARAMETRIC_REPRESENTATION_CONTEXT() REPRESENTATION_CONTEXT('2D SPACE',''
  ) );
#3672 = ORIENTED_EDGE('',*,*,#2921,.F.);
#3673 = ORIENTED_EDGE('',*,*,#3627,.F.);
#3674 = ADVANCED_FACE('',(#3675),#1804,.T.);
#3675 = FACE_BOUND('',#3676,.T.);
#3676 = EDGE_LOOP('',(#3677,#3678,#3698,#3699));
#3677 = ORIENTED_EDGE('',*,*,#1790,.T.);
#3678 = ORIENTED_EDGE('',*,*,#3679,.T.);
#3679 = EDGE_CURVE('',#1769,#2944,#3680,.T.);
#3680 = SURFACE_CURVE('',#3681,(#3684,#3691),.PCURVE_S1.);
#3681 = B_SPLINE_CURVE_WITH_KNOTS('',1,(#3682,#3683),.UNSPECIFIED.,.F.,
  .F.,(2,2),(0.,1.),.PIECEWISE_BEZIER_KNOTS.);
#3682 = CARTESIAN_POINT('',(-3.189415653343,0.634414218164,13.1012));
#3683 = CARTESIAN_POINT('',(-1.722284452805,0.342583677809,14.4412));
#3684 = PCURVE('',#1804,#3685);
#3685 = DEFINITIONAL_REPRESENTATION('',(#3686),#3690);
#3686 = LINE('',#3687,#3688);
#3687 = CARTESIAN_POINT('',(0.637483877275,0.));
#3688 = VECTOR('',#3689,1.);
#3689 = DIRECTION('',(0.,1.));
#3690 = ( GEOMETRIC_REPRESENTATION_CONTEXT(2) 
PARAMETRIC_REPRESENTATION_CONTEXT() REPRESENTATION_CONTEXT('2D SPACE',''
  ) );
#3691 = PCURVE('',#1856,#3692);
#3692 = DEFINITIONAL_REPRESENTATION('',(#3693),#3697);
#3693 = LINE('',#3694,#3695);
#3694 = CARTESIAN_POINT('',(0.,0.));
#3695 = VECTOR('',#3696,1.);
#3696 = DIRECTION('',(0.,1.));
#3697 = ( GEOMETRIC_REPRESENTATION_CONTEXT(2) 
PARAMETRIC_REPRESENTATION_CONTEXT() REPRESENTATION_CONTEXT('2D SPACE',''
  ) );
#3698 = ORIENTED_EDGE('',*,*,#2943,.F.);
#3699 = ORIENTED_EDGE('',*,*,#3653,.F.);
#3700 = ADVANCED_FACE('',(#3701),#1856,.T.);
#3701 = FACE_BOUND('',#3702,.T.);
#3702 = EDGE_LOOP('',(#3703,#3704,#3724,#3725));
#3703 = ORIENTED_EDGE('',*,*,#1842,.T.);
#3704 = ORIENTED_EDGE('',*,*,#3705,.T.);
#3705 = EDGE_CURVE('',#1821,#2966,#3706,.T.);
#3706 = SURFACE_CURVE('',#3707,(#3710,#3717),.PCURVE_S1.);
#3707 = B_SPLINE_CURVE_WITH_KNOTS('',1,(#3708,#3709),.UNSPECIFIED.,.F.,
  .F.,(2,2),(0.,1.),.PIECEWISE_BEZIER_KNOTS.);
#3708 = CARTESIAN_POINT('',(-3.2519,4.440892098501E-16,13.1012));
#3709 = CARTESIAN_POINT('',(-1.756026,1.665334536938E-16,14.4412));
#3710 = PCURVE('',#1856,#3711);
#3711 = DEFINITIONAL_REPRESENTATION('',(#3712),#3716);
#3712 = LINE('',#3713,#3714);
#3713 = CARTESIAN_POINT('',(0.637483877275,0.));
#3714 = VECTOR('',#3715,1.);
#3715 = DIRECTION('',(0.,1.));
#3716 = ( GEOMETRIC_REPRESENTATION_CONTEXT(2) 
PARAMETRIC_REPRESENTATION_CONTEXT() REPRESENTATION_CONTEXT('2D SPACE',''
  ) );
#3717 = PCURVE('',#1908,#3718);
#3718 = DEFINITIONAL_REPRESENTATION('',(#3719),#3723);
#3719 = LINE('',#3720,#3721);
#3720 = CARTESIAN_POINT('',(0.,0.));
#3721 = VECTOR('',#3722,1.);
#3722 = DIRECTION('',(0.,1.));
#3723 = ( GEOMETRIC_REPRESENTATION_CONTEXT(2) 
PARAMETRIC_REPRESENTATION_CONTEXT() REPRESENTATION_CONTEXT('2D SPACE',''
  ) );
#3724 = ORIENTED_EDGE('',*,*,#2965,.F.);
#3725 = ORIENTED_EDGE('',*,*,#3679,.F.);
#3726 = ADVANCED_FACE('',(#3727),#1908,.T.);
#3727 = FACE_BOUND('',#3728,.T.);
#3728 = EDGE_LOOP('',(#3729,#3730,#3750,#3751));
#3729 = ORIENTED_EDGE('',*,*,#1894,.T.);
#3730 = ORIENTED_EDGE('',*,*,#3731,.T.);
#3731 = EDGE_CURVE('',#1873,#2988,#3732,.T.);
#3732 = SURFACE_CURVE('',#3733,(#3736,#3743),.PCURVE_S1.);
#3733 = B_SPLINE_CURVE_WITH_KNOTS('',1,(#3734,#3735),.UNSPECIFIED.,.F.,
  .F.,(2,2),(0.,1.),.PIECEWISE_BEZIER_KNOTS.);
#3734 = CARTESIAN_POINT('',(-3.189415653343,-0.634414218164,13.1012));
#3735 = CARTESIAN_POINT('',(-1.722284452805,-0.342583677809,14.4412));
#3736 = PCURVE('',#1908,#3737);
#3737 = DEFINITIONAL_REPRESENTATION('',(#3738),#3742);
#3738 = LINE('',#3739,#3740);
#3739 = CARTESIAN_POINT('',(0.637483877275,0.));
#3740 = VECTOR('',#3741,1.);
#3741 = DIRECTION('',(0.,1.));
#3742 = ( GEOMETRIC_REPRESENTATION_CONTEXT(2) 
PARAMETRIC_REPRESENTATION_CONTEXT() REPRESENTATION_CONTEXT('2D SPACE',''
  ) );
#3743 = PCURVE('',#1960,#3744);
#3744 = DEFINITIONAL_REPRESENTATION('',(#3745),#3749);
#3745 = LINE('',#3746,#3747);
#3746 = CARTESIAN_POINT('',(0.,0.));
#3747 = VECTOR('',#3748,1.);
#3748 = DIRECTION('',(0.,1.));
#3749 = ( GEOMETRIC_REPRESENTATION_CONTEXT(2) 
PARAMETRIC_REPRESENTATION_CONTEXT() REPRESENTATION_CONTEXT('2D SPACE',''
  ) );
#3750 = ORIENTED_EDGE('',*,*,#2987,.F.);
#3751 = ORIENTED_EDGE('',*,*,#3705,.F.);
#3752 = ADVANCED_FACE('',(#3753),#1960,.T.);
#3753 = FACE_BOUND('',#3754,.T.);
#3754 = EDGE_LOOP('',(#3755,#3756,#3776,#3777));
#3755 = ORIENTED_EDGE('',*,*,#1946,.T.);
#3756 = ORIENTED_EDGE('',*,*,#3757,.T.);
#3757 = EDGE_CURVE('',#1925,#3010,#3758,.T.);
#3758 = SURFACE_CURVE('',#3759,(#3762,#3769),.PCURVE_S1.);
#3759 = B_SPLINE_CURVE_WITH_KNOTS('',1,(#3760,#3761),.UNSPECIFIED.,.F.,
  .F.,(2,2),(0.,1.),.PIECEWISE_BEZIER_KNOTS.);
#3760 = CARTESIAN_POINT('',(-3.004363851773,-1.244448253708,13.1012));
#3761 = CARTESIAN_POINT('',(-1.622356479958,-0.672002057002,14.4412));
#3762 = PCURVE('',#1960,#3763);
#3763 = DEFINITIONAL_REPRESENTATION('',(#3764),#3768);
#3764 = LINE('',#3765,#3766);
#3765 = CARTESIAN_POINT('',(0.637483877275,0.));
#3766 = VECTOR('',#3767,1.);
#3767 = DIRECTION('',(0.,1.));
#3768 = ( GEOMETRIC_REPRESENTATION_CONTEXT(2) 
PARAMETRIC_REPRESENTATION_CONTEXT() REPRESENTATION_CONTEXT('2D SPACE',''
  ) );
#3769 = PCURVE('',#2012,#3770);
#3770 = DEFINITIONAL_REPRESENTATION('',(#3771),#3775);
#3771 = LINE('',#3772,#3773);
#3772 = CARTESIAN_POINT('',(0.,0.));
#3773 = VECTOR('',#3774,1.);
#3774 = DIRECTION('',(0.,1.));
#3775 = ( GEOMETRIC_REPRESENTATION_CONTEXT(2) 
PARAMETRIC_REPRESENTATION_CONTEXT() REPRESENTATION_CONTEXT('2D SPACE',''
  ) );
#3776 = ORIENTED_EDGE('',*,*,#3009,.F.);
#3777 = ORIENTED_EDGE('',*,*,#3731,.F.);
#3778 = ADVANCED_FACE('',(#3779),#2012,.T.);
#3779 = FACE_BOUND('',#3780,.T.);
#3780 = EDGE_LOOP('',(#3781,#3782,#3802,#3803));
#3781 = ORIENTED_EDGE('',*,*,#1998,.T.);
#3782 = ORIENTED_EDGE('',*,*,#3783,.T.);
#3783 = EDGE_CURVE('',#1977,#3032,#3784,.T.);
#3784 = SURFACE_CURVE('',#3785,(#3788,#3795),.PCURVE_S1.);
#3785 = B_SPLINE_CURVE_WITH_KNOTS('',1,(#3786,#3787),.UNSPECIFIED.,.F.,
  .F.,(2,2),(0.,1.),.PIECEWISE_BEZIER_KNOTS.);
#3786 = CARTESIAN_POINT('',(-2.703856032247,-1.806658840756,13.1012));
#3787 = CARTESIAN_POINT('',(-1.460082257413,-0.975595774008,14.4412));
#3788 = PCURVE('',#2012,#3789);
#3789 = DEFINITIONAL_REPRESENTATION('',(#3790),#3794);
#3790 = LINE('',#3791,#3792);
#3791 = CARTESIAN_POINT('',(0.637483877275,0.));
#3792 = VECTOR('',#3793,1.);
#3793 = DIRECTION('',(0.,1.));
#3794 = ( GEOMETRIC_REPRESENTATION_CONTEXT(2) 
PARAMETRIC_REPRESENTATION_CONTEXT() REPRESENTATION_CONTEXT('2D SPACE',''
  ) );
#3795 = PCURVE('',#2064,#3796);
#3796 = DEFINITIONAL_REPRESENTATION('',(#3797),#3801);
#3797 = LINE('',#3798,#3799);
#3798 = CARTESIAN_POINT('',(0.,0.));
#3799 = VECTOR('',#3800,1.);
#3800 = DIRECTION('',(0.,1.));
#3801 = ( GEOMETRIC_REPRESENTATION_CONTEXT(2) 
PARAMETRIC_REPRESENTATION_CONTEXT() REPRESENTATION_CONTEXT('2D SPACE',''
  ) );
#3802 = ORIENTED_EDGE('',*,*,#3031,.F.);
#3803 = ORIENTED_EDGE('',*,*,#3757,.F.);
#3804 = ADVANCED_FACE('',(#3805),#2064,.T.);
#3805 = FACE_BOUND('',#3806,.T.);
#3806 = EDGE_LOOP('',(#3807,#3808,#3828,#3829));
#3807 = ORIENTED_EDGE('',*,*,#2050,.T.);
#3808 = ORIENTED_EDGE('',*,*,#3809,.T.);
#3809 = EDGE_CURVE('',#2029,#3054,#3810,.T.);
#3810 = SURFACE_CURVE('',#3811,(#3814,#3821),.PCURVE_S1.);
#3811 = B_SPLINE_CURVE_WITH_KNOTS('',1,(#3812,#3813),.UNSPECIFIED.,.F.,
  .F.,(2,2),(0.,1.),.PIECEWISE_BEZIER_KNOTS.);
#3812 = CARTESIAN_POINT('',(-2.299440541741,-2.299440541741,13.1012));
#3813 = CARTESIAN_POINT('',(-1.24169789254,-1.24169789254,14.4412));
#3814 = PCURVE('',#2064,#3815);
#3815 = DEFINITIONAL_REPRESENTATION('',(#3816),#3820);
#3816 = LINE('',#3817,#3818);
#3817 = CARTESIAN_POINT('',(0.637483877275,0.));
#3818 = VECTOR('',#3819,1.);
#3819 = DIRECTION('',(0.,1.));
#3820 = ( GEOMETRIC_REPRESENTATION_CONTEXT(2) 
PARAMETRIC_REPRESENTATION_CONTEXT() REPRESENTATION_CONTEXT('2D SPACE',''
  ) );
#3821 = PCURVE('',#2116,#3822);
#3822 = DEFINITIONAL_REPRESENTATION('',(#3823),#3827);
#3823 = LINE('',#3824,#3825);
#3824 = CARTESIAN_POINT('',(0.,0.));
#3825 = VECTOR('',#3826,1.);
#3826 = DIRECTION('',(0.,1.));
#3827 = ( GEOMETRIC_REPRESENTATION_CONTEXT(2) 
PARAMETRIC_REPRESENTATION_CONTEXT() REPRESENTATION_CONTEXT('2D SPACE',''
  ) );
#3828 = ORIENTED_EDGE('',*,*,#3053,.F.);
#3829 = ORIENTED_EDGE('',*,*,#3783,.F.);
#3830 = ADVANCED_FACE('',(#3831),#2116,.T.);
#3831 = FACE_BOUND('',#3832,.T.);
#3832 = EDGE_LOOP('',(#3833,#3834,#3854,#3855));
#3833 = ORIENTED_EDGE('',*,*,#2102,.T.);
#3834 = ORIENTED_EDGE('',*,*,#3835,.T.);
#3835 = EDGE_CURVE('',#2081,#3076,#3836,.T.);
#3836 = SURFACE_CURVE('',#3837,(#3840,#3847),.PCURVE_S1.);
#3837 = B_SPLINE_CURVE_WITH_KNOTS('',1,(#3838,#3839),.UNSPECIFIED.,.F.,
  .F.,(2,2),(0.,1.),.PIECEWISE_BEZIER_KNOTS.);
#3838 = CARTESIAN_POINT('',(-1.806658840756,-2.703856032247,13.1012));
#3839 = CARTESIAN_POINT('',(-0.975595774008,-1.460082257413,14.4412));
#3840 = PCURVE('',#2116,#3841);
#3841 = DEFINITIONAL_REPRESENTATION('',(#3842),#3846);
#3842 = LINE('',#3843,#3844);
#3843 = CARTESIAN_POINT('',(0.637483877275,0.));
#3844 = VECTOR('',#3845,1.);
#3845 = DIRECTION('',(0.,1.));
#3846 = ( GEOMETRIC_REPRESENTATION_CONTEXT(2) 
PARAMETRIC_REPRESENTATION_CONTEXT() REPRESENTATION_CONTEXT('2D SPACE',''
  ) );
#3847 = PCURVE('',#2168,#3848);
#3848 = DEFINITIONAL_REPRESENTATION('',(#3849),#3853);
#3849 = LINE('',#3850,#3851);
#3850 = CARTESIAN_POINT('',(0.,0.));
#3851 = VECTOR('',#3852,1.);
#3852 = DIRECTION('',(0.,1.));
#3853 = ( GEOMETRIC_REPRESENTATION_CONTEXT(2) 
PARAMETRIC_REPRESENTATION_CONTEXT() REPRESENTATION_CONTEXT('2D SPACE',''
  ) );
#3854 = ORIENTED_EDGE('',*,*,#3075,.F.);
#3855 = ORIENTED_EDGE('',*,*,#3809,.F.);
#3856 = ADVANCED_FACE('',(#3857),#2168,.T.);
#3857 = FACE_BOUND('',#3858,.T.);
#3858 = EDGE_LOOP('',(#3859,#3860,#3880,#3881));
#3859 = ORIENTED_EDGE('',*,*,#2154,.T.);
#3860 = ORIENTED_EDGE('',*,*,#3861,.T.);
#3861 = EDGE_CURVE('',#2133,#3098,#3862,.T.);
#3862 = SURFACE_CURVE('',#3863,(#3866,#3873),.PCURVE_S1.);
#3863 = B_SPLINE_CURVE_WITH_KNOTS('',1,(#3864,#3865),.UNSPECIFIED.,.F.,
  .F.,(2,2),(0.,1.),.PIECEWISE_BEZIER_KNOTS.);
#3864 = CARTESIAN_POINT('',(-1.244448253708,-3.004363851773,13.1012));
#3865 = CARTESIAN_POINT('',(-0.672002057002,-1.622356479958,14.4412));
#3866 = PCURVE('',#2168,#3867);
#3867 = DEFINITIONAL_REPRESENTATION('',(#3868),#3872);
#3868 = LINE('',#3869,#3870);
#3869 = CARTESIAN_POINT('',(0.637483877275,0.));
#3870 = VECTOR('',#3871,1.);
#3871 = DIRECTION('',(0.,1.));
#3872 = ( GEOMETRIC_REPRESENTATION_CONTEXT(2) 
PARAMETRIC_REPRESENTATION_CONTEXT() REPRESENTATION_CONTEXT('2D SPACE',''
  ) );
#3873 = PCURVE('',#2220,#3874);
#3874 = DEFINITIONAL_REPRESENTATION('',(#3875),#3879);
#3875 = LINE('',#3876,#3877);
#3876 = CARTESIAN_POINT('',(0.,0.));
#3877 = VECTOR('',#3878,1.);
#3878 = DIRECTION('',(0.,1.));
#3879 = ( GEOMETRIC_REPRESENTATION_CONTEXT(2) 
PARAMETRIC_REPRESENTATION_CONTEXT() REPRESENTATION_CONTEXT('2D SPACE',''
  ) );
#3880 = ORIENTED_EDGE('',*,*,#3097,.F.);
#3881 = ORIENTED_EDGE('',*,*,#3835,.F.);
#3882 = ADVANCED_FACE('',(#3883),#2220,.T.);
#3883 = FACE_BOUND('',#3884,.T.);
#3884 = EDGE_LOOP('',(#3885,#3886,#3906,#3907));
#3885 = ORIENTED_EDGE('',*,*,#2206,.T.);
#3886 = ORIENTED_EDGE('',*,*,#3887,.T.);
#3887 = EDGE_CURVE('',#2185,#3120,#3888,.T.);
#3888 = SURFACE_CURVE('',#3889,(#3892,#3899),.PCURVE_S1.);
#3889 = B_SPLINE_CURVE_WITH_KNOTS('',1,(#3890,#3891),.UNSPECIFIED.,.F.,
  .F.,(2,2),(0.,1.),.PIECEWISE_BEZIER_KNOTS.);
#3890 = CARTESIAN_POINT('',(-0.634414218164,-3.189415653343,13.1012));
#3891 = CARTESIAN_POINT('',(-0.342583677809,-1.722284452805,14.4412));
#3892 = PCURVE('',#2220,#3893);
#3893 = DEFINITIONAL_REPRESENTATION('',(#3894),#3898);
#3894 = LINE('',#3895,#3896);
#3895 = CARTESIAN_POINT('',(0.637483877275,0.));
#3896 = VECTOR('',#3897,1.);
#3897 = DIRECTION('',(0.,1.));
#3898 = ( GEOMETRIC_REPRESENTATION_CONTEXT(2) 
PARAMETRIC_REPRESENTATION_CONTEXT() REPRESENTATION_CONTEXT('2D SPACE',''
  ) );
#3899 = PCURVE('',#2272,#3900);
#3900 = DEFINITIONAL_REPRESENTATION('',(#3901),#3905);
#3901 = LINE('',#3902,#3903);
#3902 = CARTESIAN_POINT('',(0.,0.));
#3903 = VECTOR('',#3904,1.);
#3904 = DIRECTION('',(0.,1.));
#3905 = ( GEOMETRIC_REPRESENTATION_CONTEXT(2) 
PARAMETRIC_REPRESENTATION_CONTEXT() REPRESENTATION_CONTEXT('2D SPACE',''
  ) );
#3906 = ORIENTED_EDGE('',*,*,#3119,.F.);
#3907 = ORIENTED_EDGE('',*,*,#3861,.F.);
#3908 = ADVANCED_FACE('',(#3909),#2272,.T.);
#3909 = FACE_BOUND('',#3910,.T.);
#3910 = EDGE_LOOP('',(#3911,#3912,#3932,#3933));
#3911 = ORIENTED_EDGE('',*,*,#2258,.T.);
#3912 = ORIENTED_EDGE('',*,*,#3913,.T.);
#3913 = EDGE_CURVE('',#2237,#3142,#3914,.T.);
#3914 = SURFACE_CURVE('',#3915,(#3918,#3925),.PCURVE_S1.);
#3915 = B_SPLINE_CURVE_WITH_KNOTS('',1,(#3916,#3917),.UNSPECIFIED.,.F.,
  .F.,(2,2),(0.,1.),.PIECEWISE_BEZIER_KNOTS.);
#3916 = CARTESIAN_POINT('',(-5.551115123126E-16,-3.2519,13.1012));
#3917 = CARTESIAN_POINT('',(-3.330669073875E-16,-1.756026,14.4412));
#3918 = PCURVE('',#2272,#3919);
#3919 = DEFINITIONAL_REPRESENTATION('',(#3920),#3924);
#3920 = LINE('',#3921,#3922);
#3921 = CARTESIAN_POINT('',(0.637483877275,0.));
#3922 = VECTOR('',#3923,1.);
#3923 = DIRECTION('',(0.,1.));
#3924 = ( GEOMETRIC_REPRESENTATION_CONTEXT(2) 
PARAMETRIC_REPRESENTATION_CONTEXT() REPRESENTATION_CONTEXT('2D SPACE',''
  ) );
#3925 = PCURVE('',#2324,#3926);
#3926 = DEFINITIONAL_REPRESENTATION('',(#3927),#3931);
#3927 = LINE('',#3928,#3929);
#3928 = CARTESIAN_POINT('',(0.,0.));
#3929 = VECTOR('',#3930,1.);
#3930 = DIRECTION('',(0.,1.));
#3931 = ( GEOMETRIC_REPRESENTATION_CONTEXT(2) 
PARAMETRIC_REPRESENTATION_CONTEXT() REPRESENTATION_CONTEXT('2D SPACE',''
  ) );
#3932 = ORIENTED_EDGE('',*,*,#3141,.F.);
#3933 = ORIENTED_EDGE('',*,*,#3887,.F.);
#3934 = ADVANCED_FACE('',(#3935),#2324,.T.);
#3935 = FACE_BOUND('',#3936,.T.);
#3936 = EDGE_LOOP('',(#3937,#3938,#3958,#3959));
#3937 = ORIENTED_EDGE('',*,*,#2310,.T.);
#3938 = ORIENTED_EDGE('',*,*,#3939,.T.);
#3939 = EDGE_CURVE('',#2289,#3164,#3940,.T.);
#3940 = SURFACE_CURVE('',#3941,(#3944,#3951),.PCURVE_S1.);
#3941 = B_SPLINE_CURVE_WITH_KNOTS('',1,(#3942,#3943),.UNSPECIFIED.,.F.,
  .F.,(2,2),(0.,1.),.PIECEWISE_BEZIER_KNOTS.);
#3942 = CARTESIAN_POINT('',(0.634414218164,-3.189415653343,13.1012));
#3943 = CARTESIAN_POINT('',(0.342583677809,-1.722284452805,14.4412));
#3944 = PCURVE('',#2324,#3945);
#3945 = DEFINITIONAL_REPRESENTATION('',(#3946),#3950);
#3946 = LINE('',#3947,#3948);
#3947 = CARTESIAN_POINT('',(0.637483877275,0.));
#3948 = VECTOR('',#3949,1.);
#3949 = DIRECTION('',(0.,1.));
#3950 = ( GEOMETRIC_REPRESENTATION_CONTEXT(2) 
PARAMETRIC_REPRESENTATION_CONTEXT() REPRESENTATION_CONTEXT('2D SPACE',''
  ) );
#3951 = PCURVE('',#2376,#3952);
#3952 = DEFINITIONAL_REPRESENTATION('',(#3953),#3957);
#3953 = LINE('',#3954,#3955);
#3954 = CARTESIAN_POINT('',(0.,0.));
#3955 = VECTOR('',#3956,1.);
#3956 = DIRECTION('',(0.,1.));
#3957 = ( GEOMETRIC_REPRESENTATION_CONTEXT(2) 
PARAMETRIC_REPRESENTATION_CONTEXT() REPRESENTATION_CONTEXT('2D SPACE',''
  ) );
#3958 = ORIENTED_EDGE('',*,*,#3163,.F.);
#3959 = ORIENTED_EDGE('',*,*,#3913,.F.);
#3960 = ADVANCED_FACE('',(#3961),#2376,.T.);
#3961 = FACE_BOUND('',#3962,.T.);
#3962 = EDGE_LOOP('',(#3963,#3964,#3984,#3985));
#3963 = ORIENTED_EDGE('',*,*,#2362,.T.);
#3964 = ORIENTED_EDGE('',*,*,#3965,.T.);
#3965 = EDGE_CURVE('',#2341,#3186,#3966,.T.);
#3966 = SURFACE_CURVE('',#3967,(#3970,#3977),.PCURVE_S1.);
#3967 = B_SPLINE_CURVE_WITH_KNOTS('',1,(#3968,#3969),.UNSPECIFIED.,.F.,
  .F.,(2,2),(0.,1.),.PIECEWISE_BEZIER_KNOTS.);
#3968 = CARTESIAN_POINT('',(1.244448253708,-3.004363851773,13.1012));
#3969 = CARTESIAN_POINT('',(0.672002057002,-1.622356479958,14.4412));
#3970 = PCURVE('',#2376,#3971);
#3971 = DEFINITIONAL_REPRESENTATION('',(#3972),#3976);
#3972 = LINE('',#3973,#3974);
#3973 = CARTESIAN_POINT('',(0.637483877275,0.));
#3974 = VECTOR('',#3975,1.);
#3975 = DIRECTION('',(0.,1.));
#3976 = ( GEOMETRIC_REPRESENTATION_CONTEXT(2) 
PARAMETRIC_REPRESENTATION_CONTEXT() REPRESENTATION_CONTEXT('2D SPACE',''
  ) );
#3977 = PCURVE('',#2428,#3978);
#3978 = DEFINITIONAL_REPRESENTATION('',(#3979),#3983);
#3979 = LINE('',#3980,#3981);
#3980 = CARTESIAN_POINT('',(0.,0.));
#3981 = VECTOR('',#3982,1.);
#3982 = DIRECTION('',(0.,1.));
#3983 = ( GEOMETRIC_REPRESENTATION_CONTEXT(2) 
PARAMETRIC_REPRESENTATION_CONTEXT() REPRESENTATION_CONTEXT('2D SPACE',''
  ) );
#3984 = ORIENTED_EDGE('',*,*,#3185,.F.);
#3985 = ORIENTED_EDGE('',*,*,#3939,.F.);
#3986 = ADVANCED_FACE('',(#3987),#2428,.T.);
#3987 = FACE_BOUND('',#3988,.T.);
#3988 = EDGE_LOOP('',(#3989,#3990,#4010,#4011));
#3989 = ORIENTED_EDGE('',*,*,#2414,.T.);
#3990 = ORIENTED_EDGE('',*,*,#3991,.T.);
#3991 = EDGE_CURVE('',#2393,#3208,#3992,.T.);
#3992 = SURFACE_CURVE('',#3993,(#3996,#4003),.PCURVE_S1.);
#3993 = B_SPLINE_CURVE_WITH_KNOTS('',1,(#3994,#3995),.UNSPECIFIED.,.F.,
  .F.,(2,2),(0.,1.),.PIECEWISE_BEZIER_KNOTS.);
#3994 = CARTESIAN_POINT('',(1.806658840756,-2.703856032247,13.1012));
#3995 = CARTESIAN_POINT('',(0.975595774008,-1.460082257413,14.4412));
#3996 = PCURVE('',#2428,#3997);
#3997 = DEFINITIONAL_REPRESENTATION('',(#3998),#4002);
#3998 = LINE('',#3999,#4000);
#3999 = CARTESIAN_POINT('',(0.637483877275,0.));
#4000 = VECTOR('',#4001,1.);
#4001 = DIRECTION('',(0.,1.));
#4002 = ( GEOMETRIC_REPRESENTATION_CONTEXT(2) 
PARAMETRIC_REPRESENTATION_CONTEXT() REPRESENTATION_CONTEXT('2D SPACE',''
  ) );
#4003 = PCURVE('',#2480,#4004);
#4004 = DEFINITIONAL_REPRESENTATION('',(#4005),#4009);
#4005 = LINE('',#4006,#4007);
#4006 = CARTESIAN_POINT('',(0.,0.));
#4007 = VECTOR('',#4008,1.);
#4008 = DIRECTION('',(0.,1.));
#4009 = ( GEOMETRIC_REPRESENTATION_CONTEXT(2) 
PARAMETRIC_REPRESENTATION_CONTEXT() REPRESENTATION_CONTEXT('2D SPACE',''
  ) );
#4010 = ORIENTED_EDGE('',*,*,#3207,.F.);
#4011 = ORIENTED_EDGE('',*,*,#3965,.F.);
#4012 = ADVANCED_FACE('',(#4013),#2480,.T.);
#4013 = FACE_BOUND('',#4014,.T.);
#4014 = EDGE_LOOP('',(#4015,#4016,#4036,#4037));
#4015 = ORIENTED_EDGE('',*,*,#2466,.T.);
#4016 = ORIENTED_EDGE('',*,*,#4017,.T.);
#4017 = EDGE_CURVE('',#2445,#3230,#4018,.T.);
#4018 = SURFACE_CURVE('',#4019,(#4022,#4029),.PCURVE_S1.);
#4019 = B_SPLINE_CURVE_WITH_KNOTS('',1,(#4020,#4021),.UNSPECIFIED.,.F.,
  .F.,(2,2),(0.,1.),.PIECEWISE_BEZIER_KNOTS.);
#4020 = CARTESIAN_POINT('',(2.299440541741,-2.299440541741,13.1012));
#4021 = CARTESIAN_POINT('',(1.24169789254,-1.24169789254,14.4412));
#4022 = PCURVE('',#2480,#4023);
#4023 = DEFINITIONAL_REPRESENTATION('',(#4024),#4028);
#4024 = LINE('',#4025,#4026);
#4025 = CARTESIAN_POINT('',(0.637483877275,0.));
#4026 = VECTOR('',#4027,1.);
#4027 = DIRECTION('',(0.,1.));
#4028 = ( GEOMETRIC_REPRESENTATION_CONTEXT(2) 
PARAMETRIC_REPRESENTATION_CONTEXT() REPRESENTATION_CONTEXT('2D SPACE',''
  ) );
#4029 = PCURVE('',#2532,#4030);
#4030 = DEFINITIONAL_REPRESENTATION('',(#4031),#4035);
#4031 = LINE('',#4032,#4033);
#4032 = CARTESIAN_POINT('',(0.,0.));
#4033 = VECTOR('',#4034,1.);
#4034 = DIRECTION('',(0.,1.));
#4035 = ( GEOMETRIC_REPRESENTATION_CONTEXT(2) 
PARAMETRIC_REPRESENTATION_CONTEXT() REPRESENTATION_CONTEXT('2D SPACE',''
  ) );
#4036 = ORIENTED_EDGE('',*,*,#3229,.F.);
#4037 = ORIENTED_EDGE('',*,*,#3991,.F.);
#4038 = ADVANCED_FACE('',(#4039),#2532,.T.);
#4039 = FACE_BOUND('',#4040,.T.);
#4040 = EDGE_LOOP('',(#4041,#4042,#4062,#4063));
#4041 = ORIENTED_EDGE('',*,*,#2518,.T.);
#4042 = ORIENTED_EDGE('',*,*,#4043,.T.);
#4043 = EDGE_CURVE('',#2497,#3252,#4044,.T.);
#4044 = SURFACE_CURVE('',#4045,(#4048,#4055),.PCURVE_S1.);
#4045 = B_SPLINE_CURVE_WITH_KNOTS('',1,(#4046,#4047),.UNSPECIFIED.,.F.,
  .F.,(2,2),(0.,1.),.PIECEWISE_BEZIER_KNOTS.);
#4046 = CARTESIAN_POINT('',(2.703856032247,-1.806658840756,13.1012));
#4047 = CARTESIAN_POINT('',(1.460082257413,-0.975595774008,14.4412));
#4048 = PCURVE('',#2532,#4049);
#4049 = DEFINITIONAL_REPRESENTATION('',(#4050),#4054);
#4050 = LINE('',#4051,#4052);
#4051 = CARTESIAN_POINT('',(0.637483877275,0.));
#4052 = VECTOR('',#4053,1.);
#4053 = DIRECTION('',(0.,1.));
#4054 = ( GEOMETRIC_REPRESENTATION_CONTEXT(2) 
PARAMETRIC_REPRESENTATION_CONTEXT() REPRESENTATION_CONTEXT('2D SPACE',''
  ) );
#4055 = PCURVE('',#2584,#4056);
#4056 = DEFINITIONAL_REPRESENTATION('',(#4057),#4061);
#4057 = LINE('',#4058,#4059);
#4058 = CARTESIAN_POINT('',(0.,0.));
#4059 = VECTOR('',#4060,1.);
#4060 = DIRECTION('',(0.,1.));
#4061 = ( GEOMETRIC_REPRESENTATION_CONTEXT(2) 
PARAMETRIC_REPRESENTATION_CONTEXT() REPRESENTATION_CONTEXT('2D SPACE',''
  ) );
#4062 = ORIENTED_EDGE('',*,*,#3251,.F.);
#4063 = ORIENTED_EDGE('',*,*,#4017,.F.);
#4064 = ADVANCED_FACE('',(#4065),#2584,.T.);
#4065 = FACE_BOUND('',#4066,.T.);
#4066 = EDGE_LOOP('',(#4067,#4068,#4088,#4089));
#4067 = ORIENTED_EDGE('',*,*,#2570,.T.);
#4068 = ORIENTED_EDGE('',*,*,#4069,.T.);
#4069 = EDGE_CURVE('',#2549,#3274,#4070,.T.);
#4070 = SURFACE_CURVE('',#4071,(#4074,#4081),.PCURVE_S1.);
#4071 = B_SPLINE_CURVE_WITH_KNOTS('',1,(#4072,#4073),.UNSPECIFIED.,.F.,
  .F.,(2,2),(0.,1.),.PIECEWISE_BEZIER_KNOTS.);
#4072 = CARTESIAN_POINT('',(3.004363851773,-1.244448253708,13.1012));
#4073 = CARTESIAN_POINT('',(1.622356479958,-0.672002057002,14.4412));
#4074 = PCURVE('',#2584,#4075);
#4075 = DEFINITIONAL_REPRESENTATION('',(#4076),#4080);
#4076 = LINE('',#4077,#4078);
#4077 = CARTESIAN_POINT('',(0.637483877275,0.));
#4078 = VECTOR('',#4079,1.);
#4079 = DIRECTION('',(0.,1.));
#4080 = ( GEOMETRIC_REPRESENTATION_CONTEXT(2) 
PARAMETRIC_REPRESENTATION_CONTEXT() REPRESENTATION_CONTEXT('2D SPACE',''
  ) );
#4081 = PCURVE('',#2615,#4082);
#4082 = DEFINITIONAL_REPRESENTATION('',(#4083),#4087);
#4083 = LINE('',#4084,#4085);
#4084 = CARTESIAN_POINT('',(0.,0.));
#4085 = VECTOR('',#4086,1.);
#4086 = DIRECTION('',(0.,1.));
#4087 = ( GEOMETRIC_REPRESENTATION_CONTEXT(2) 
PARAMETRIC_REPRESENTATION_CONTEXT() REPRESENTATION_CONTEXT('2D SPACE',''
  ) );
#4088 = ORIENTED_EDGE('',*,*,#3273,.F.);
#4089 = ORIENTED_EDGE('',*,*,#4043,.F.);
#4090 = ADVANCED_FACE('',(#4091),#2615,.T.);
#4091 = FACE_BOUND('',#4092,.T.);
#4092 = EDGE_LOOP('',(#4093,#4094,#4095,#4096));
#4093 = ORIENTED_EDGE('',*,*,#2601,.T.);
#4094 = ORIENTED_EDGE('',*,*,#3343,.T.);
#4095 = ORIENTED_EDGE('',*,*,#3295,.F.);
#4096 = ORIENTED_EDGE('',*,*,#4069,.F.);
#4097 = ( GEOMETRIC_REPRESENTATION_CONTEXT(3) 
GLOBAL_UNCERTAINTY_ASSIGNED_CONTEXT((#4101)) 
GLOBAL_UNIT_ASSIGNED_CONTEXT((#4098,#4099,#4100)) REPRESENTATION_CONTEXT
('Context #1','3D Context with UNIT and UNCERTAINTY') );
#4098 = ( LENGTH_UNIT() NAMED_UNIT(*) SI_UNIT(.MILLI.,.METRE.) );
#4099 = ( NAMED_UNIT(*) PLANE_ANGLE_UNIT() SI_UNIT($,.RADIAN.) );
#4100 = ( NAMED_UNIT(*) SI_UNIT($,.STERADIAN.) SOLID_ANGLE_UNIT() );
#4101 = UNCERTAINTY_MEASURE_WITH_UNIT(LENGTH_MEASURE(1.E-07),#4098,
  'distance_accuracy_value','confusion accuracy');
#4102 = PRODUCT_RELATED_PRODUCT_CATEGORY('part',$,(#7));
ENDSEC;
END-ISO-10303-21;
