ISO-10303-21;
HEADER;
FILE_DESCRIPTION(('Open CASCADE Model'),'2;1');
FILE_NAME('Open CASCADE Shape Model','2026-08-26T18:50:15',('Author'),(
    'Open CASCADE'),'Open CASCADE STEP processor 7.7','Open CASCADE 7.7'
  ,'Unknown');
FILE_SCHEMA(('AUTOMOTIVE_DESIGN { 1 0 10303 214 1 1 1 1 }'));
ENDSEC;
DATA;
#1 = APPLICATION_PROTOCOL_DEFINITION('international standard',
  'automotive_design',2000,#2);
#2 = APPLICATION_CONTEXT(
  'core data for automotive mechanical design processes');
#3 = SHAPE_DEFINITION_REPRESENTATION(#4,#10);
#4 = PRODUCT_DEFINITION_SHAPE('','',#5);
#5 = PRODUCT_DEFINITION('design','',#6,#9);
#6 = PRODUCT_DEFINITION_FORMATION('','',#7);
#7 = PRODUCT('Open CASCADE STEP translator 7.7 1',
  'Open CASCADE STEP translator 7.7 1','',(#8));
#8 = PRODUCT_CONTEXT('',#2,'mechanical');
#9 = PRODUCT_DEFINITION_CONTEXT('part definition',#2,'design');
#10 = ADVANCED_BREP_SHAPE_REPRESENTATION('',(#11,#15),#15425);
#11 = AXIS2_PLACEMENT_3D('',#12,#13,#14);
#12 = CARTESIAN_POINT('',(0.,0.,0.));
#13 = DIRECTION('',(0.,0.,1.));
#14 = DIRECTION('',(1.,0.,-0.));
#15 = MANIFOLD_SOLID_BREP('',#16);
#16 = CLOSED_SHELL('',(#17,#903,#953,#1109,#1218,#1294,#1372,#1466,#1544
    ,#1591,#1839,#1845,#1851,#1857,#1863,#2135,#2140,#2266,#2271,#2347,
    #2641,#2646,#2772,#2777,#2804,#2810,#2944,#2976,#3320,#3325,#3409,
    #3436,#3442,#3526,#3553,#3559,#3667,#4432,#4816,#4847,#4878,#5052,
    #5402,#5576,#5911,#6085,#6430,#6604,#6986,#7013,#7018,#7023,#7028,
    #7033,#7065,#7097,#7186,#7292,#7323,#7552,#7898,#7904,#8000,#8032,
    #8064,#8170,#8201,#8357,#8363,#8459,#8491,#8523,#8629,#8659,#8811,
    #8817,#8875,#8964,#8995,#9096,#9126,#9278,#9284,#9323,#9328,#9412,
    #9708,#9773,#10020,#10059,#10339,#10597,#10647,#10692,#10697,#10791,
    #10836,#10885,#10930,#10935,#11029,#11078,#11123,#11162,#11167,
    #11251,#11290,#11329,#11334,#11373,#11401,#11583,#11767,#11923,
    #11969,#11976,#12015,#12043,#12155,#12288,#12333,#12340,#12345,
    #12350,#12355,#12391,#12480,#12580,#12615,#12678,#12767,#12803,
    #12902,#13056,#13098,#13103,#13193,#13198,#13308,#13439,#13480,
    #13485,#13639,#13685,#13690,#13782,#13844,#13944,#13979,#14042,
    #14133,#14233,#14295,#14357,#14362,#14478,#14568,#14573,#14691,
    #14828,#14869,#14874,#14940,#14945,#15061,#15087,#15123,#15180,
    #15185,#15211,#15247,#15273,#15309,#15338,#15367,#15396));
#17 = ADVANCED_FACE('',(#18,#140),#34,.T.);
#18 = FACE_BOUND('',#19,.T.);
#19 = EDGE_LOOP('',(#20,#105,#138,#139));
#20 = ORIENTED_EDGE('',*,*,#21,.F.);
#21 = EDGE_CURVE('',#22,#22,#24,.T.);
#22 = VERTEX_POINT('',#23);
#23 = CARTESIAN_POINT('',(10.85415,2.721532581745E-16,
    -2.658500010993E-15));
#24 = SEAM_CURVE('',#25,(#33,#94),.PCURVE_S1.);
#25 = ( BOUNDED_CURVE() B_SPLINE_CURVE(2,(#26,#27,#28,#29,#30,#31,#32),
.UNSPECIFIED.,.T.,.F.) B_SPLINE_CURVE_WITH_KNOTS((1,2,2,2,2,1),(
    -2.094395102393,0.,2.094395102393,4.188790204786,6.28318530718,
8.377580409573),.UNSPECIFIED.) CURVE() GEOMETRIC_REPRESENTATION_ITEM() 
RATIONAL_B_SPLINE_CURVE((1.,0.5,1.,0.5,1.,0.5,1.)) REPRESENTATION_ITEM(
  '') );
#26 = CARTESIAN_POINT('',(10.85415,-3.839595213758E-31,
    -2.658500010993E-15));
#27 = CARTESIAN_POINT('',(10.85415,-1.92456825483,-2.494250153136E-15));
#28 = CARTESIAN_POINT('',(9.572925,-0.962284127415,-2.262565463017E-15)
  );
#29 = CARTESIAN_POINT('',(8.2917,-2.721532581745E-16,-2.030880772898E-15
    ));
#30 = CARTESIAN_POINT('',(9.572925,0.962284127415,-2.426815320874E-15));
#31 = CARTESIAN_POINT('',(10.85415,1.92456825483,-2.822749868851E-15));
#32 = CARTESIAN_POINT('',(10.85415,-3.839595213758E-31,
    -2.658500010993E-15));
#33 = PCURVE('',#34,#84);
#34 = ( BOUNDED_SURFACE() B_SPLINE_SURFACE(2,2,(
    (#35,#36,#37,#38,#39,#40,#41)
    ,(#42,#43,#44,#45,#46,#47,#48)
    ,(#49,#50,#51,#52,#53,#54,#55)
    ,(#56,#57,#58,#59,#60,#61,#62)
    ,(#63,#64,#65,#66,#67,#68,#69)
    ,(#70,#71,#72,#73,#74,#75,#76)
    ,(#77,#78,#79,#80,#81,#82,#83
)),.UNSPECIFIED.,.T.,.T.,.F.) B_SPLINE_SURFACE_WITH_KNOTS((1,2,2,2,2,1),
  (1,2,2,2,2,1),(-2.094395102393,0.,2.094395102393,4.188790204786,
    6.28318530718,8.377580409573),(-2.094395102393,0.,2.094395102393,
    4.188790204786,6.28318530718,8.377580409573),.UNSPECIFIED.) 
GEOMETRIC_REPRESENTATION_ITEM() RATIONAL_B_SPLINE_SURFACE((
    (1.,0.5,1.,0.5,1.,0.5,1.)
    ,(0.5,0.25,0.5,0.25,0.5,0.25,0.5)
    ,(1.,0.5,1.,0.5,1.,0.5,1.)
    ,(0.5,0.25,0.5,0.25,0.5,0.25,0.5)
    ,(1.,0.5,1.,0.5,1.,0.5,1.)
    ,(0.5,0.25,0.5,0.25,0.5,0.25,0.5)
,(1.,0.5,1.,0.5,1.,0.5,1.))) REPRESENTATION_ITEM('') SURFACE() );
#35 = CARTESIAN_POINT('',(10.85415,0.,0.));
#36 = CARTESIAN_POINT('',(10.85415,-1.92456825483,1.642498578575E-16));
#37 = CARTESIAN_POINT('',(9.572925,-0.962284127415,8.212492892873E-17));
#38 = CARTESIAN_POINT('',(8.2917,-2.721532581745E-16,2.322657762769E-32)
  );
#39 = CARTESIAN_POINT('',(9.572925,0.962284127415,-8.212492892873E-17));
#40 = CARTESIAN_POINT('',(10.85415,1.92456825483,-1.642498578575E-16));
#41 = CARTESIAN_POINT('',(10.85415,0.,0.));
#42 = CARTESIAN_POINT('',(10.85415,2.715221235771E-15,18.799939272974));
#43 = CARTESIAN_POINT('',(10.85415,-1.92456825483,18.799939272974));
#44 = CARTESIAN_POINT('',(9.572925,-0.962284127415,16.580792477046));
#45 = CARTESIAN_POINT('',(8.2917,1.802057980903E-15,14.361645681119));
#46 = CARTESIAN_POINT('',(9.572925,0.962284127415,16.580792477046));
#47 = CARTESIAN_POINT('',(10.85415,1.92456825483,18.799939272974));
#48 = CARTESIAN_POINT('',(10.85415,2.715221235771E-15,18.799939272974));
#49 = CARTESIAN_POINT('',(-5.427075,1.357610617885E-15,9.399969636487));
#50 = CARTESIAN_POINT('',(-5.427075,-1.92456825483,9.399969636487));
#51 = CARTESIAN_POINT('',(-4.7864625,-0.962284127415,8.290396238523));
#52 = CARTESIAN_POINT('',(-4.14585,7.649523613645E-16,7.180822840559));
#53 = CARTESIAN_POINT('',(-4.7864625,0.962284127415,8.290396238523));
#54 = CARTESIAN_POINT('',(-5.427075,1.92456825483,9.399969636487));
#55 = CARTESIAN_POINT('',(-5.427075,1.357610617885E-15,9.399969636487));
#56 = CARTESIAN_POINT('',(-21.7083,3.839595213758E-31,2.658500010993E-15
    ));
#57 = CARTESIAN_POINT('',(-21.7083,-1.92456825483,2.822749868851E-15));
#58 = CARTESIAN_POINT('',(-19.14585,-0.962284127415,2.426815320874E-15)
  );
#59 = CARTESIAN_POINT('',(-16.5834,-2.721532581745E-16,
    2.030880772898E-15));
#60 = CARTESIAN_POINT('',(-19.14585,0.962284127415,2.262565463017E-15));
#61 = CARTESIAN_POINT('',(-21.7083,1.92456825483,2.494250153136E-15));
#62 = CARTESIAN_POINT('',(-21.7083,3.839595213758E-31,2.658500010993E-15
    ));
#63 = CARTESIAN_POINT('',(-5.427075,-1.357610617885E-15,-9.399969636487)
  );
#64 = CARTESIAN_POINT('',(-5.427075,-1.92456825483,-9.399969636487));
#65 = CARTESIAN_POINT('',(-4.7864625,-0.962284127415,-8.290396238523));
#66 = CARTESIAN_POINT('',(-4.14585,-1.309258877714E-15,-7.180822840559)
  );
#67 = CARTESIAN_POINT('',(-4.7864625,0.962284127415,-8.290396238523));
#68 = CARTESIAN_POINT('',(-5.427075,1.92456825483,-9.399969636487));
#69 = CARTESIAN_POINT('',(-5.427075,-1.357610617885E-15,-9.399969636487)
  );
#70 = CARTESIAN_POINT('',(10.85415,-2.715221235771E-15,-18.79993927297)
  );
#71 = CARTESIAN_POINT('',(10.85415,-1.92456825483,-18.79993927297));
#72 = CARTESIAN_POINT('',(9.572925,-0.962284127415,-16.58079247704));
#73 = CARTESIAN_POINT('',(8.2917,-2.346364497253E-15,-14.36164568111));
#74 = CARTESIAN_POINT('',(9.572925,0.962284127415,-16.58079247704));
#75 = CARTESIAN_POINT('',(10.85415,1.92456825483,-18.79993927297));
#76 = CARTESIAN_POINT('',(10.85415,-2.715221235771E-15,-18.79993927297)
  );
#77 = CARTESIAN_POINT('',(10.85415,0.,0.));
#78 = CARTESIAN_POINT('',(10.85415,-1.92456825483,1.642498578575E-16));
#79 = CARTESIAN_POINT('',(9.572925,-0.962284127415,8.212492892873E-17));
#80 = CARTESIAN_POINT('',(8.2917,-2.721532581745E-16,2.322657762769E-32)
  );
#81 = CARTESIAN_POINT('',(9.572925,0.962284127415,-8.212492892873E-17));
#82 = CARTESIAN_POINT('',(10.85415,1.92456825483,-1.642498578575E-16));
#83 = CARTESIAN_POINT('',(10.85415,0.,0.));
#84 = DEFINITIONAL_REPRESENTATION('',(#85),#93);
#85 = B_SPLINE_CURVE_WITH_KNOTS('',2,(#86,#87,#88,#89,#90,#91,#92),
  .UNSPECIFIED.,.F.,.F.,(3,2,2,3),(0.,2.094395102393,4.188790204786,
    6.28318530718),.PIECEWISE_BEZIER_KNOTS.);
#86 = CARTESIAN_POINT('',(6.28318530718,0.));
#87 = CARTESIAN_POINT('',(6.28318530718,1.047197551197));
#88 = CARTESIAN_POINT('',(6.28318530718,2.094395102393));
#89 = CARTESIAN_POINT('',(6.28318530718,3.14159265359));
#90 = CARTESIAN_POINT('',(6.28318530718,4.188790204786));
#91 = CARTESIAN_POINT('',(6.28318530718,5.235987755983));
#92 = CARTESIAN_POINT('',(6.28318530718,6.28318530718));
#93 = ( GEOMETRIC_REPRESENTATION_CONTEXT(2) 
PARAMETRIC_REPRESENTATION_CONTEXT() REPRESENTATION_CONTEXT('2D SPACE',''
  ) );
#94 = PCURVE('',#34,#95);
#95 = DEFINITIONAL_REPRESENTATION('',(#96),#104);
#96 = B_SPLINE_CURVE_WITH_KNOTS('',2,(#97,#98,#99,#100,#101,#102,#103),
  .UNSPECIFIED.,.F.,.F.,(3,2,2,3),(0.,2.094395102393,4.188790204786,
    6.28318530718),.PIECEWISE_BEZIER_KNOTS.);
#97 = CARTESIAN_POINT('',(0.,0.));
#98 = CARTESIAN_POINT('',(8.881784197001E-16,1.047197551197));
#99 = CARTESIAN_POINT('',(0.,2.094395102393));
#100 = CARTESIAN_POINT('',(8.881784197001E-16,3.14159265359));
#101 = CARTESIAN_POINT('',(0.,4.188790204786));
#102 = CARTESIAN_POINT('',(8.881784197001E-16,5.235987755983));
#103 = CARTESIAN_POINT('',(0.,6.28318530718));
#104 = ( GEOMETRIC_REPRESENTATION_CONTEXT(2) 
PARAMETRIC_REPRESENTATION_CONTEXT() REPRESENTATION_CONTEXT('2D SPACE',''
  ) );
#105 = ORIENTED_EDGE('',*,*,#106,.F.);
#106 = EDGE_CURVE('',#22,#22,#107,.T.);
#107 = SEAM_CURVE('',#108,(#116,#127),.PCURVE_S1.);
#108 = ( BOUNDED_CURVE() B_SPLINE_CURVE(2,(#109,#110,#111,#112,#113,#114
,#115),.UNSPECIFIED.,.T.,.F.) B_SPLINE_CURVE_WITH_KNOTS((1,2,2,2,2,1),(
    -2.094395102393,0.,2.094395102393,4.188790204786,6.28318530718,
8.377580409573),.UNSPECIFIED.) CURVE() GEOMETRIC_REPRESENTATION_ITEM() 
RATIONAL_B_SPLINE_CURVE((1.,0.5,1.,0.5,1.,0.5,1.)) REPRESENTATION_ITEM(
  '') );
#109 = CARTESIAN_POINT('',(10.85415,2.721532581745E-16,
    -2.322657762769E-32));
#110 = CARTESIAN_POINT('',(10.85415,2.987374493945E-15,18.799939272974)
  );
#111 = CARTESIAN_POINT('',(-5.427075,1.62976387606E-15,9.399969636487));
#112 = CARTESIAN_POINT('',(-21.7083,2.721532581745E-16,
    2.658500010993E-15));
#113 = CARTESIAN_POINT('',(-5.427075,-1.085457359711E-15,-9.399969636487
    ));
#114 = CARTESIAN_POINT('',(10.85415,-2.443067977596E-15,-18.79993927297)
  );
#115 = CARTESIAN_POINT('',(10.85415,2.721532581745E-16,
    -2.322657762769E-32));
#116 = PCURVE('',#34,#117);
#117 = DEFINITIONAL_REPRESENTATION('',(#118),#126);
#118 = B_SPLINE_CURVE_WITH_KNOTS('',2,(#119,#120,#121,#122,#123,#124,
    #125),.UNSPECIFIED.,.F.,.F.,(3,2,2,3),(0.,2.094395102393,
    4.188790204786,6.28318530718),.PIECEWISE_BEZIER_KNOTS.);
#119 = CARTESIAN_POINT('',(0.,0.));
#120 = CARTESIAN_POINT('',(1.047197551197,8.881784197001E-16));
#121 = CARTESIAN_POINT('',(2.094395102393,0.));
#122 = CARTESIAN_POINT('',(3.14159265359,8.881784197001E-16));
#123 = CARTESIAN_POINT('',(4.188790204786,0.));
#124 = CARTESIAN_POINT('',(5.235987755983,8.881784197001E-16));
#125 = CARTESIAN_POINT('',(6.28318530718,0.));
#126 = ( GEOMETRIC_REPRESENTATION_CONTEXT(2) 
PARAMETRIC_REPRESENTATION_CONTEXT() REPRESENTATION_CONTEXT('2D SPACE',''
  ) );
#127 = PCURVE('',#34,#128);
#128 = DEFINITIONAL_REPRESENTATION('',(#129),#137);
#129 = B_SPLINE_CURVE_WITH_KNOTS('',2,(#130,#131,#132,#133,#134,#135,
    #136),.UNSPECIFIED.,.F.,.F.,(3,2,2,3),(0.,2.094395102393,
    4.188790204786,6.28318530718),.PIECEWISE_BEZIER_KNOTS.);
#130 = CARTESIAN_POINT('',(0.,6.28318530718));
#131 = CARTESIAN_POINT('',(1.047197551197,6.28318530718));
#132 = CARTESIAN_POINT('',(2.094395102393,6.28318530718));
#133 = CARTESIAN_POINT('',(3.14159265359,6.28318530718));
#134 = CARTESIAN_POINT('',(4.188790204786,6.28318530718));
#135 = CARTESIAN_POINT('',(5.235987755983,6.28318530718));
#136 = CARTESIAN_POINT('',(6.28318530718,6.28318530718));
#137 = ( GEOMETRIC_REPRESENTATION_CONTEXT(2) 
PARAMETRIC_REPRESENTATION_CONTEXT() REPRESENTATION_CONTEXT('2D SPACE',''
  ) );
#138 = ORIENTED_EDGE('',*,*,#21,.T.);
#139 = ORIENTED_EDGE('',*,*,#106,.T.);
#140 = FACE_BOUND('',#141,.T.);
#141 = EDGE_LOOP('',(#142,#223,#260,#398,#441,#508,#563,#619,#659,#702,
    #742,#830,#871));
#142 = ORIENTED_EDGE('',*,*,#143,.T.);
#143 = EDGE_CURVE('',#144,#146,#148,.T.);
#144 = VERTEX_POINT('',#145);
#145 = CARTESIAN_POINT('',(-5.053479115343,-0.958122557482,
    9.126929158256));
#146 = VERTEX_POINT('',#147);
#147 = CARTESIAN_POINT('',(-5.672658456917,-1.029078165937,
    8.623699472787));
#148 = SURFACE_CURVE('',#149,(#170,#194),.PCURVE_S1.);
#149 = B_SPLINE_CURVE_WITH_KNOTS('',7,(#150,#151,#152,#153,#154,#155,
    #156,#157,#158,#159,#160,#161,#162,#163,#164,#165,#166,#167,#168,
    #169),.UNSPECIFIED.,.F.,.F.,(8,6,6,8),(0.,0.124777562994,
    0.430609105059,1.),.UNSPECIFIED.);
#150 = CARTESIAN_POINT('',(-5.053479115342,-0.958122557482,
    9.126929158256));
#151 = CARTESIAN_POINT('',(-5.063401551514,-0.961068363821,
    9.117028046081));
#152 = CARTESIAN_POINT('',(-5.073398064364,-0.963936176726,
    9.107117752071));
#153 = CARTESIAN_POINT('',(-5.083466365335,-0.966727264807,
    9.097200740176));
#154 = CARTESIAN_POINT('',(-5.093604339203,-0.969442834415,9.08727947531
    ));
#155 = CARTESIAN_POINT('',(-5.103810044078,-0.97208402964,9.077356423343
    ));
#156 = CARTESIAN_POINT('',(-5.114081711402,-0.974651932312,
    9.067434051106));
#157 = CARTESIAN_POINT('',(-5.149751510369,-0.98326438508,9.03320266868)
  );
#158 = CARTESIAN_POINT('',(-5.175471420189,-0.988946883664,
    9.008909968588));
#159 = CARTESIAN_POINT('',(-5.201553820578,-0.994210127547,8.98467326413
    ));
#160 = CARTESIAN_POINT('',(-5.227981837207,-0.999066721953,
    8.960529237807));
#161 = CARTESIAN_POINT('',(-5.254741391739,-1.003526188105,
    8.936518991506));
#162 = CARTESIAN_POINT('',(-5.281820702934,-1.007594411912,
    8.912689763086));
#163 = CARTESIAN_POINT('',(-5.360212199454,-1.018122179978,
    8.845164134304));
#164 = CARTESIAN_POINT('',(-5.412230248011,-1.023612064175,
    8.802101366932));
#165 = CARTESIAN_POINT('',(-5.465311749093,-1.027773295126,
    8.760161531907));
#166 = CARTESIAN_POINT('',(-5.519436993929,-1.030546563354,
    8.719797321396));
#167 = CARTESIAN_POINT('',(-5.57449173673,-1.031802460664,8.68167759655)
  );
#168 = CARTESIAN_POINT('',(-5.63026495282,-1.031267092272,8.64676585429)
  );
#169 = CARTESIAN_POINT('',(-5.686333021842,-1.028447702352,
    8.616111569056));
#170 = PCURVE('',#34,#171);
#171 = DEFINITIONAL_REPRESENTATION('',(#172),#193);
#172 = B_SPLINE_CURVE_WITH_KNOTS('',7,(#173,#174,#175,#176,#177,#178,
    #179,#180,#181,#182,#183,#184,#185,#186,#187,#188,#189,#190,#191,
    #192),.UNSPECIFIED.,.F.,.F.,(8,6,6,8),(0.,0.124777562994,
    0.430609105059,1.),.UNSPECIFIED.);
#173 = CARTESIAN_POINT('',(2.072827818933,1.040447773393));
#174 = CARTESIAN_POINT('',(2.074373930914,1.045195393354));
#175 = CARTESIAN_POINT('',(2.075930638881,1.049866574945));
#176 = CARTESIAN_POINT('',(2.077497597434,1.054460834702));
#177 = CARTESIAN_POINT('',(2.07907447428,1.058977565146));
#178 = CARTESIAN_POINT('',(2.080660950237,1.063416034774));
#179 = CARTESIAN_POINT('',(2.082256719235,1.067775388062));
#180 = CARTESIAN_POINT('',(2.087794799635,1.08254316487));
#181 = CARTESIAN_POINT('',(2.091775655608,1.092550256309));
#182 = CARTESIAN_POINT('',(2.095832045557,1.102061470497));
#183 = CARTESIAN_POINT('',(2.099910632912,1.111057484575));
#184 = CARTESIAN_POINT('',(2.103992964092,1.119512372157));
#185 = CARTESIAN_POINT('',(2.108106571476,1.127392417923));
#186 = CARTESIAN_POINT('',(2.119909691901,1.14817769081));
#187 = CARTESIAN_POINT('',(2.12762568741,1.159543457971));
#188 = CARTESIAN_POINT('',(2.135362990002,1.168515229096));
#189 = CARTESIAN_POINT('',(2.143086319458,1.174690093142));
#190 = CARTESIAN_POINT('',(2.150736754845,1.177513364764));
#191 = CARTESIAN_POINT('',(2.158225780392,1.17623350662));
#192 = CARTESIAN_POINT('',(2.165440415111,1.170127182317));
#193 = ( GEOMETRIC_REPRESENTATION_CONTEXT(2) 
PARAMETRIC_REPRESENTATION_CONTEXT() REPRESENTATION_CONTEXT('2D SPACE',''
  ) );
#194 = PCURVE('',#195,#200);
#195 = CONICAL_SURFACE('',#196,0.466816666667,4.48256299182E-02);
#196 = AXIS2_PLACEMENT_3D('',#197,#198,#199);
#197 = CARTESIAN_POINT('',(-5.681010555556,-0.566944444444,
    8.686141666667));
#198 = DIRECTION('',(-0.499917397805,0.135566414168,-0.855397184191));
#199 = DIRECTION('',(0.86336756809,0.,-0.504575507104));
#200 = DEFINITIONAL_REPRESENTATION('',(#201),#222);
#201 = B_SPLINE_CURVE_WITH_KNOTS('',7,(#202,#203,#204,#205,#206,#207,
    #208,#209,#210,#211,#212,#213,#214,#215,#216,#217,#218,#219,#220,
    #221),.UNSPECIFIED.,.F.,.F.,(8,6,6,8),(0.,0.124777562994,
    0.430609105059,1.),.UNSPECIFIED.);
#202 = CARTESIAN_POINT('',(-5.540752676734,-0.743792877849));
#203 = CARTESIAN_POINT('',(-5.527097957398,-0.730762448306));
#204 = CARTESIAN_POINT('',(-5.513514574235,-0.717676559136));
#205 = CARTESIAN_POINT('',(-5.499998091328,-0.704538634067));
#206 = CARTESIAN_POINT('',(-5.486544038782,-0.691352002556));
#207 = CARTESIAN_POINT('',(-5.473147912724,-0.678119899786));
#208 = CARTESIAN_POINT('',(-5.459805175299,-0.664845466672));
#209 = CARTESIAN_POINT('',(-5.413927670368,-0.618899644793));
#210 = CARTESIAN_POINT('',(-5.381637959617,-0.586032263106));
#211 = CARTESIAN_POINT('',(-5.349574346898,-0.552974727727));
#212 = CARTESIAN_POINT('',(-5.317665711351,-0.519768561382));
#213 = CARTESIAN_POINT('',(-5.28583955861,-0.486457251272));
#214 = CARTESIAN_POINT('',(-5.254019524975,-0.453087892106));
#215 = CARTESIAN_POINT('',(-5.162725579372,-0.357564598201));
#216 = CARTESIAN_POINT('',(-5.103129288368,-0.295468344688));
#217 = CARTESIAN_POINT('',(-5.042662767029,-0.233620885169));
#218 = CARTESIAN_POINT('',(-4.98069140239,-0.172411263631));
#219 = CARTESIAN_POINT('',(-4.916534263655,-0.112451192072));
#220 = CARTESIAN_POINT('',(-4.84935027687,-5.463320702003E-02));
#221 = CARTESIAN_POINT('',(-4.778287414362,0.));
#222 = ( GEOMETRIC_REPRESENTATION_CONTEXT(2) 
PARAMETRIC_REPRESENTATION_CONTEXT() REPRESENTATION_CONTEXT('2D SPACE',''
  ) );
#223 = ORIENTED_EDGE('',*,*,#224,.T.);
#224 = EDGE_CURVE('',#146,#225,#227,.T.);
#225 = VERTEX_POINT('',#226);
#226 = CARTESIAN_POINT('',(-5.671989383853,-1.029429959715,8.62334384104
    ));
#227 = SURFACE_CURVE('',#228,(#235,#245),.PCURVE_S1.);
#228 = B_SPLINE_CURVE_WITH_KNOTS('',5,(#229,#230,#231,#232,#233,#234),
  .UNSPECIFIED.,.F.,.F.,(6,6),(0.,1.),.PIECEWISE_BEZIER_KNOTS.);
#229 = CARTESIAN_POINT('',(-5.797424334398,-0.945870087466,
    8.692247238335));
#230 = CARTESIAN_POINT('',(-5.773488394149,-0.965613966366,
    8.678617497833));
#231 = CARTESIAN_POINT('',(-5.74865610864,-0.984037636129,8.664738333874
    ));
#232 = CARTESIAN_POINT('',(-5.722997404914,-1.001065402534,
    8.650651847355));
#233 = CARTESIAN_POINT('',(-5.696594923609,-1.016636478543,
    8.636404160804));
#234 = CARTESIAN_POINT('',(-5.669541029789,-1.030709592896,
    8.622043444719));
#235 = PCURVE('',#34,#236);
#236 = DEFINITIONAL_REPRESENTATION('',(#237),#244);
#237 = B_SPLINE_CURVE_WITH_KNOTS('',5,(#238,#239,#240,#241,#242,#243),
  .UNSPECIFIED.,.F.,.F.,(6,6),(0.,1.),.PIECEWISE_BEZIER_KNOTS.);
#238 = CARTESIAN_POINT('',(2.171117569943,1.021051036959));
#239 = CARTESIAN_POINT('',(2.169738667805,1.051766182497));
#240 = CARTESIAN_POINT('',(2.168282760013,1.082518128173));
#241 = CARTESIAN_POINT('',(2.166752100318,1.113312976147));
#242 = CARTESIAN_POINT('',(2.165150001992,1.144158832366));
#243 = CARTESIAN_POINT('',(2.163480730011,1.175059629367));
#244 = ( GEOMETRIC_REPRESENTATION_CONTEXT(2) 
PARAMETRIC_REPRESENTATION_CONTEXT() REPRESENTATION_CONTEXT('2D SPACE',''
  ) );
#245 = PCURVE('',#246,#251);
#246 = PLANE('',#247);
#247 = AXIS2_PLACEMENT_3D('',#248,#249,#250);
#248 = CARTESIAN_POINT('',(-5.681010555556,-0.566944444444,
    8.686141666667));
#249 = DIRECTION('',(0.418816117386,-0.114153415684,0.900867391743));
#250 = DIRECTION('',(0.906794989503,6.938893903907E-18,-0.421571876449)
  );
#251 = DEFINITIONAL_REPRESENTATION('',(#252),#259);
#252 = B_SPLINE_CURVE_WITH_KNOTS('',5,(#253,#254,#255,#256,#257,#258),
  .UNSPECIFIED.,.F.,.F.,(6,6),(0.,1.),.PIECEWISE_BEZIER_KNOTS.);
#253 = CARTESIAN_POINT('',(-0.108137368668,-0.381418927619));
#254 = CARTESIAN_POINT('',(-8.068646270221E-02,-0.401292718839));
#255 = CARTESIAN_POINT('',(-5.23176054316E-02,-0.419837614106));
#256 = CARTESIAN_POINT('',(-2.311195490086E-02,-0.436977421141));
#257 = CARTESIAN_POINT('',(6.836106811416E-03,-0.452650952935));
#258 = CARTESIAN_POINT('',(3.742251620074E-02,-0.466816666667));
#259 = ( GEOMETRIC_REPRESENTATION_CONTEXT(2) 
PARAMETRIC_REPRESENTATION_CONTEXT() REPRESENTATION_CONTEXT('2D SPACE',''
  ) );
#260 = ORIENTED_EDGE('',*,*,#261,.T.);
#261 = EDGE_CURVE('',#225,#262,#264,.T.);
#262 = VERTEX_POINT('',#263);
#263 = CARTESIAN_POINT('',(-6.089762016729,-0.467934184691,
    8.888717607316));
#264 = SURFACE_CURVE('',#265,(#291,#342),.PCURVE_S1.);
#265 = B_SPLINE_CURVE_WITH_KNOTS('',8,(#266,#267,#268,#269,#270,#271,
    #272,#273,#274,#275,#276,#277,#278,#279,#280,#281,#282,#283,#284,
    #285,#286,#287,#288,#289,#290),.UNSPECIFIED.,.F.,.F.,(9,7,7,2,9),(0.
    ,0.359472902582,0.675226778875,1.,1.182866741181),.UNSPECIFIED.);
#266 = CARTESIAN_POINT('',(-5.671989383853,-1.029429959715,8.62334384104
    ));
#267 = CARTESIAN_POINT('',(-5.714581741347,-1.028555749732,
    8.597308547115));
#268 = CARTESIAN_POINT('',(-5.757850889681,-1.026071911722,
    8.574130161149));
#269 = CARTESIAN_POINT('',(-5.801131980278,-1.021680007019,8.55485601574
    ));
#270 = CARTESIAN_POINT('',(-5.843708580402,-1.015074291438,
    8.540387102231));
#271 = CARTESIAN_POINT('',(-5.884849074289,-1.00593228896,8.531280598524
    ));
#272 = CARTESIAN_POINT('',(-5.923845796006,-0.994021057873,
    8.527346190382));
#273 = CARTESIAN_POINT('',(-5.960038786036,-0.979395792198,
    8.528045148353));
#274 = CARTESIAN_POINT('',(-6.021786778697,-0.94750379184,8.536594178303
    ));
#275 = CARTESIAN_POINT('',(-6.048217196536,-0.930714283502,
    8.543580769948));
#276 = CARTESIAN_POINT('',(-6.072048894262,-0.91214872489,8.553101192196
    ));
#277 = CARTESIAN_POINT('',(-6.093195917322,-0.89196092082,8.564698912812
    ));
#278 = CARTESIAN_POINT('',(-6.111604032491,-0.870342701303,
    8.577998243749));
#279 = CARTESIAN_POINT('',(-6.12724593825,-0.847501447321,8.592708208015
    ));
#280 = CARTESIAN_POINT('',(-6.140122009771,-0.823638674346,
    8.608600298279));
#281 = CARTESIAN_POINT('',(-6.160647883702,-0.773530429561,
    8.642907829856));
#282 = CARTESIAN_POINT('',(-6.168131370179,-0.747252832051,
    8.661370872442));
#283 = CARTESIAN_POINT('',(-6.175270542072,-0.705161769329,
    8.691597939671));
#284 = CARTESIAN_POINT('',(-6.175337507665,-0.662039245307,
    8.723608549612));
#285 = CARTESIAN_POINT('',(-6.16849475249,-0.618754846783,8.756972616135
    ));
#286 = CARTESIAN_POINT('',(-6.155050043047,-0.576111137682,8.79140006509
    ));
#287 = CARTESIAN_POINT('',(-6.135416731848,-0.534807028483,
    8.826676469125));
#288 = CARTESIAN_POINT('',(-6.110107343278,-0.495443912258,
    8.862605843939));
#289 = CARTESIAN_POINT('',(-6.100277983628,-0.481539487628,8.87562672843
    ));
#290 = CARTESIAN_POINT('',(-6.089762016729,-0.467934184691,
    8.888717607316));
#291 = PCURVE('',#34,#292);
#292 = DEFINITIONAL_REPRESENTATION('',(#293),#341);
#293 = B_SPLINE_CURVE_WITH_KNOTS('',3,(#294,#295,#296,#297,#298,#299,
    #300,#301,#302,#303,#304,#305,#306,#307,#308,#309,#310,#311,#312,
    #313,#314,#315,#316,#317,#318,#319,#320,#321,#322,#323,#324,#325,
    #326,#327,#328,#329,#330,#331,#332,#333,#334,#335,#336,#337,#338,
    #339,#340),.UNSPECIFIED.,.F.,.F.,(4,1,1,1,1,1,1,1,1,1,1,1,1,1,1,1,1,
    1,1,1,1,1,1,1,1,1,1,1,1,1,1,1,1,1,1,1,1,1,1,1,1,1,1,1,4),(0.,
    2.688333502683E-02,5.376667005366E-02,8.06500050805E-02,
    0.107533340107,0.134416675134,0.161300010161,0.188183345188,
    0.215066680215,0.241950015241,0.268833350268,0.295716685295,
    0.322600020322,0.349483355349,0.376366690376,0.403250025402,
    0.430133360429,0.457016695456,0.483900030483,0.51078336551,
    0.537666700537,0.564550035563,0.59143337059,0.618316705617,
    0.645200040644,0.672083375671,0.698966710698,0.725850045724,
    0.752733380751,0.779616715778,0.806500050805,0.833383385832,
    0.860266720859,0.887150055885,0.914033390912,0.940916725939,
    0.967800060966,0.994683395993,1.02156673102,1.048450066046,
    1.075333401073,1.1022167361,1.129100071127,1.155983406154,
    1.182866741181),.QUASI_UNIFORM_KNOTS.);
#294 = CARTESIAN_POINT('',(2.163631709243,1.172260866354));
#295 = CARTESIAN_POINT('',(2.164760159587,1.17188209644));
#296 = CARTESIAN_POINT('',(2.167002999995,1.170755656415));
#297 = CARTESIAN_POINT('',(2.170307211046,1.167897680498));
#298 = CARTESIAN_POINT('',(2.173533185253,1.163804191707));
#299 = CARTESIAN_POINT('',(2.176663850294,1.158427529021));
#300 = CARTESIAN_POINT('',(2.179683248275,1.151735904262));
#301 = CARTESIAN_POINT('',(2.182576883353,1.143716966276));
#302 = CARTESIAN_POINT('',(2.185331917289,1.134378677899));
#303 = CARTESIAN_POINT('',(2.18793733127,1.123750007137));
#304 = CARTESIAN_POINT('',(2.190384015099,1.111880690633));
#305 = CARTESIAN_POINT('',(2.192664791323,1.098840369276));
#306 = CARTESIAN_POINT('',(2.19477439041,1.084716919809));
#307 = CARTESIAN_POINT('',(2.196709350116,1.069615057027));
#308 = CARTESIAN_POINT('',(2.198468012965,1.053652060644));
#309 = CARTESIAN_POINT('',(2.200050072571,1.036963316781));
#310 = CARTESIAN_POINT('',(2.201463044821,1.019612005237));
#311 = CARTESIAN_POINT('',(2.20271083192,1.001691042474));
#312 = CARTESIAN_POINT('',(2.203798236449,0.983282403324));
#313 = CARTESIAN_POINT('',(2.204729924754,0.964463470286));
#314 = CARTESIAN_POINT('',(2.205510544121,0.945304965879));
#315 = CARTESIAN_POINT('',(2.206144578651,0.925871403723));
#316 = CARTESIAN_POINT('',(2.206636313061,0.906221051453));
#317 = CARTESIAN_POINT('',(2.206989795638,0.886406183292));
#318 = CARTESIAN_POINT('',(2.207208819526,0.866473242332));
#319 = CARTESIAN_POINT('',(2.207296908055,0.846463420599));
#320 = CARTESIAN_POINT('',(2.207257296207,0.826411813205));
#321 = CARTESIAN_POINT('',(2.207092908687,0.806351864147));
#322 = CARTESIAN_POINT('',(2.206806578243,0.786320984052));
#323 = CARTESIAN_POINT('',(2.206400940264,0.766347158484));
#324 = CARTESIAN_POINT('',(2.205878511089,0.746458589236));
#325 = CARTESIAN_POINT('',(2.205241708321,0.72668141091));
#326 = CARTESIAN_POINT('',(2.204492880688,0.707040496493));
#327 = CARTESIAN_POINT('',(2.203634330198,0.687559416436));
#328 = CARTESIAN_POINT('',(2.202668331586,0.668260610808));
#329 = CARTESIAN_POINT('',(2.201597148218,0.649165494528));
#330 = CARTESIAN_POINT('',(2.200423045263,0.630294573505));
#331 = CARTESIAN_POINT('',(2.199148300631,0.611667552559));
#332 = CARTESIAN_POINT('',(2.19777521436,0.593303441135));
#333 = CARTESIAN_POINT('',(2.196306117175,0.5752206545));
#334 = CARTESIAN_POINT('',(2.194743379174,0.55743711175));
#335 = CARTESIAN_POINT('',(2.193089418091,0.539970310153));
#336 = CARTESIAN_POINT('',(2.191346699452,0.522837298788));
#337 = CARTESIAN_POINT('',(2.189517726786,0.506054509769));
#338 = CARTESIAN_POINT('',(2.187605020614,0.489637613384));
#339 = CARTESIAN_POINT('',(2.186275759241,0.478946805788));
#340 = CARTESIAN_POINT('',(2.185598020886,0.473667356687));
#341 = ( GEOMETRIC_REPRESENTATION_CONTEXT(2) 
PARAMETRIC_REPRESENTATION_CONTEXT() REPRESENTATION_CONTEXT('2D SPACE',''
  ) );
#342 = PCURVE('',#343,#348);
#343 = CONICAL_SURFACE('',#344,0.50018,4.377629098481E-02);
#344 = AXIS2_PLACEMENT_3D('',#345,#346,#347);
#345 = CARTESIAN_POINT('',(-6.,-0.48,8.));
#346 = DIRECTION('',(-0.418816117386,0.114153415684,-0.900867391743));
#347 = DIRECTION('',(0.906794989503,6.938893903907E-18,-0.421571876449)
  );
#348 = DEFINITIONAL_REPRESENTATION('',(#349),#397);
#349 = B_SPLINE_CURVE_WITH_KNOTS('',3,(#350,#351,#352,#353,#354,#355,
    #356,#357,#358,#359,#360,#361,#362,#363,#364,#365,#366,#367,#368,
    #369,#370,#371,#372,#373,#374,#375,#376,#377,#378,#379,#380,#381,
    #382,#383,#384,#385,#386,#387,#388,#389,#390,#391,#392,#393,#394,
    #395,#396),.UNSPECIFIED.,.F.,.F.,(4,1,1,1,1,1,1,1,1,1,1,1,1,1,1,1,1,
    1,1,1,1,1,1,1,1,1,1,1,1,1,1,1,1,1,1,1,1,1,1,1,1,1,1,1,4),(0.,
    2.688333502683E-02,5.376667005366E-02,8.06500050805E-02,
    0.107533340107,0.134416675134,0.161300010161,0.188183345188,
    0.215066680215,0.241950015241,0.268833350268,0.295716685295,
    0.322600020322,0.349483355349,0.376366690376,0.403250025402,
    0.430133360429,0.457016695456,0.483900030483,0.51078336551,
    0.537666700537,0.564550035563,0.59143337059,0.618316705617,
    0.645200040644,0.672083375671,0.698966710698,0.725850045724,
    0.752733380751,0.779616715778,0.806500050805,0.833383385832,
    0.860266720859,0.887150055885,0.914033390912,0.940916725939,
    0.967800060966,0.994683395993,1.02156673102,1.048450066046,
    1.075333401073,1.1022167361,1.129100071127,1.155983406154,
    1.182866741181),.QUASI_UNIFORM_KNOTS.);
#350 = CARTESIAN_POINT('',(-4.786692365562,-0.761645579533));
#351 = CARTESIAN_POINT('',(-4.774791397996,-0.753389944095));
#352 = CARTESIAN_POINT('',(-4.75066910943,-0.73710160799));
#353 = CARTESIAN_POINT('',(-4.713542307179,-0.713490819082));
#354 = CARTESIAN_POINT('',(-4.675487965171,-0.690859303722));
#355 = CARTESIAN_POINT('',(-4.636528427438,-0.669348354426));
#356 = CARTESIAN_POINT('',(-4.5966928356,-0.64908440795));
#357 = CARTESIAN_POINT('',(-4.556019530061,-0.630175000103));
#358 = CARTESIAN_POINT('',(-4.514557650624,-0.612706997932));
#359 = CARTESIAN_POINT('',(-4.472368600158,-0.596745227283));
#360 = CARTESIAN_POINT('',(-4.429527083446,-0.582332089403));
#361 = CARTESIAN_POINT('',(-4.38612191859,-0.569488002144));
#362 = CARTESIAN_POINT('',(-4.34225608895,-0.558212590128));
#363 = CARTESIAN_POINT('',(-4.298048175724,-0.548486485536));
#364 = CARTESIAN_POINT('',(-4.253627548335,-0.540273299959));
#365 = CARTESIAN_POINT('',(-4.209152197341,-0.533522134527));
#366 = CARTESIAN_POINT('',(-4.164586808816,-0.528146717838));
#367 = CARTESIAN_POINT('',(-4.119988299412,-0.524079603569));
#368 = CARTESIAN_POINT('',(-4.075392706083,-0.521251275991));
#369 = CARTESIAN_POINT('',(-4.030835441423,-0.519595958829));
#370 = CARTESIAN_POINT('',(-3.986346144862,-0.519051422364));
#371 = CARTESIAN_POINT('',(-3.94195023791,-0.519559907637));
#372 = CARTESIAN_POINT('',(-3.897668580315,-0.521068360159));
#373 = CARTESIAN_POINT('',(-3.853517618896,-0.523528547292));
#374 = CARTESIAN_POINT('',(-3.809509139922,-0.526897033216));
#375 = CARTESIAN_POINT('',(-3.765650849212,-0.531135004783));
#376 = CARTESIAN_POINT('',(-3.721943814528,-0.536208464497));
#377 = CARTESIAN_POINT('',(-3.678391431006,-0.542087195796));
#378 = CARTESIAN_POINT('',(-3.635010615333,-0.548741815971));
#379 = CARTESIAN_POINT('',(-3.591802178689,-0.556147584207));
#380 = CARTESIAN_POINT('',(-3.54877117648,-0.564281437302));
#381 = CARTESIAN_POINT('',(-3.505921420518,-0.573122300923));
#382 = CARTESIAN_POINT('',(-3.463256764536,-0.58265059508));
#383 = CARTESIAN_POINT('',(-3.420780611035,-0.592848001445));
#384 = CARTESIAN_POINT('',(-3.378495937128,-0.603697203237));
#385 = CARTESIAN_POINT('',(-3.336405226209,-0.615181671367));
#386 = CARTESIAN_POINT('',(-3.294510469138,-0.627285472586));
#387 = CARTESIAN_POINT('',(-3.252813187972,-0.639993101017));
#388 = CARTESIAN_POINT('',(-3.211314490583,-0.653289326774));
#389 = CARTESIAN_POINT('',(-3.170015147874,-0.667159057107));
#390 = CARTESIAN_POINT('',(-3.128915695266,-0.681587202988));
#391 = CARTESIAN_POINT('',(-3.088016515019,-0.69655855859));
#392 = CARTESIAN_POINT('',(-3.047317711491,-0.712057761418));
#393 = CARTESIAN_POINT('',(-3.006818709606,-0.728069348947));
#394 = CARTESIAN_POINT('',(-2.966517834828,-0.744577898658));
#395 = CARTESIAN_POINT('',(-2.939780802844,-0.755904575809));
#396 = CARTESIAN_POINT('',(-2.926444428209,-0.761645579533));
#397 = ( GEOMETRIC_REPRESENTATION_CONTEXT(2) 
PARAMETRIC_REPRESENTATION_CONTEXT() REPRESENTATION_CONTEXT('2D SPACE',''
  ) );
#398 = ORIENTED_EDGE('',*,*,#399,.T.);
#399 = EDGE_CURVE('',#262,#400,#402,.T.);
#400 = VERTEX_POINT('',#401);
#401 = CARTESIAN_POINT('',(-5.976749733554,-0.736582168013,
    8.802136106772));
#402 = SURFACE_CURVE('',#403,(#412,#424),.PCURVE_S1.);
#403 = B_SPLINE_CURVE_WITH_KNOTS('',7,(#404,#405,#406,#407,#408,#409,
    #410,#411),.UNSPECIFIED.,.F.,.F.,(8,8),(0.,1.),
  .PIECEWISE_BEZIER_KNOTS.);
#404 = CARTESIAN_POINT('',(-6.097938884444,-0.435263661253,
    8.896658904667));
#405 = CARTESIAN_POINT('',(-6.073534287138,-0.539215578756,
    8.872140862009));
#406 = CARTESIAN_POINT('',(-6.03785845126,-0.640891787123,8.842671151163
    ));
#407 = CARTESIAN_POINT('',(-5.990321223246,-0.7375486608,8.808323066382)
  );
#408 = CARTESIAN_POINT('',(-5.930910419681,-0.826245535999,
    8.769463569784));
#409 = CARTESIAN_POINT('',(-5.860287759418,-0.904108349559,
    8.726764483497));
#410 = CARTESIAN_POINT('',(-5.779993334173,-0.968531503007,
    8.681271969482));
#411 = CARTESIAN_POINT('',(-5.692734619574,-1.018094976888,
    8.634424679549));
#412 = PCURVE('',#34,#413);
#413 = DEFINITIONAL_REPRESENTATION('',(#414),#423);
#414 = B_SPLINE_CURVE_WITH_KNOTS('',7,(#415,#416,#417,#418,#419,#420,
    #421,#422),.UNSPECIFIED.,.F.,.F.,(8,8),(0.,1.),
  .PIECEWISE_BEZIER_KNOTS.);
#415 = CARTESIAN_POINT('',(2.185840526879,0.441396081424));
#416 = CARTESIAN_POINT('',(2.185167128015,0.543895723037));
#417 = CARTESIAN_POINT('',(2.18379051755,0.645267659643));
#418 = CARTESIAN_POINT('',(2.181640988981,0.745803084976));
#419 = CARTESIAN_POINT('',(2.178670422134,0.845967301446));
#420 = CARTESIAN_POINT('',(2.174857861231,0.946228716727));
#421 = CARTESIAN_POINT('',(2.170227450439,1.047061574081));
#422 = CARTESIAN_POINT('',(2.164903821723,1.148356346641));
#423 = ( GEOMETRIC_REPRESENTATION_CONTEXT(2) 
PARAMETRIC_REPRESENTATION_CONTEXT() REPRESENTATION_CONTEXT('2D SPACE',''
  ) );
#424 = PCURVE('',#425,#430);
#425 = PLANE('',#426);
#426 = AXIS2_PLACEMENT_3D('',#427,#428,#429);
#427 = CARTESIAN_POINT('',(-5.681010555556,-0.566944444444,
    8.686141666667));
#428 = DIRECTION('',(0.418816117386,-0.114153415684,0.900867391743));
#429 = DIRECTION('',(0.906794989503,6.938893903907E-18,-0.421571876449)
  );
#430 = DEFINITIONAL_REPRESENTATION('',(#431),#440);
#431 = B_SPLINE_CURVE_WITH_KNOTS('',7,(#432,#433,#434,#435,#436,#437,
    #438,#439),.UNSPECIFIED.,.F.,.F.,(8,8),(0.,1.),
  .PIECEWISE_BEZIER_KNOTS.);
#432 = CARTESIAN_POINT('',(-0.466816666667,0.132547226714));
#433 = CARTESIAN_POINT('',(-0.434350582858,2.791131824915E-02));
#434 = CARTESIAN_POINT('',(-0.389576312338,-7.443390719036E-02));
#435 = CARTESIAN_POINT('',(-0.331989605607,-0.171726771328));
#436 = CARTESIAN_POINT('',(-0.261734115713,-0.261007261168));
#437 = CARTESIAN_POINT('',(-0.179693107312,-0.339382402561));
#438 = CARTESIAN_POINT('',(-8.770416031759E-02,-0.404229452516));
#439 = CARTESIAN_POINT('',(1.117110479466E-02,-0.454119048021));
#440 = ( GEOMETRIC_REPRESENTATION_CONTEXT(2) 
PARAMETRIC_REPRESENTATION_CONTEXT() REPRESENTATION_CONTEXT('2D SPACE',''
  ) );
#441 = ORIENTED_EDGE('',*,*,#442,.T.);
#442 = EDGE_CURVE('',#400,#443,#445,.T.);
#443 = VERTEX_POINT('',#444);
#444 = CARTESIAN_POINT('',(-5.986617304651,-0.665640009567,
    8.849104942064));
#445 = SURFACE_CURVE('',#446,(#463,#483),.PCURVE_S1.);
#446 = B_SPLINE_CURVE_WITH_KNOTS('',8,(#447,#448,#449,#450,#451,#452,
    #453,#454,#455,#456,#457,#458,#459,#460,#461,#462),.UNSPECIFIED.,.F.
  ,.F.,(9,7,9),(0.,0.362427217703,1.),.UNSPECIFIED.);
#447 = CARTESIAN_POINT('',(-5.773074534548,-0.90644139944,8.763338623324
    ));
#448 = CARTESIAN_POINT('',(-5.791150474315,-0.903328240136,
    8.755472577028));
#449 = CARTESIAN_POINT('',(-5.809721679778,-0.898258064572,
    8.749724254946));
#450 = CARTESIAN_POINT('',(-5.828260624297,-0.891382363426,
    8.746149897252));
#451 = CARTESIAN_POINT('',(-5.846336514588,-0.882925974772,
    8.744573891346));
#452 = CARTESIAN_POINT('',(-5.863623931052,-0.873112135359,
    8.744760472474));
#453 = CARTESIAN_POINT('',(-5.879896523513,-0.862150775399,8.74647508513
    ));
#454 = CARTESIAN_POINT('',(-5.895011269926,-0.850237075346,
    8.749500611102));
#455 = CARTESIAN_POINT('',(-5.933301814825,-0.815113410183,
    8.761014809564));
#456 = CARTESIAN_POINT('',(-5.953765510039,-0.790305459363,
    8.771870219914));
#457 = CARTESIAN_POINT('',(-5.970055329564,-0.763741600557,
    8.785331822697));
#458 = CARTESIAN_POINT('',(-5.981781793935,-0.736065868436,
    8.800914020139));
#459 = CARTESIAN_POINT('',(-5.988719012389,-0.708075824776,
    8.818143975383));
#460 = CARTESIAN_POINT('',(-5.990698281133,-0.680633188212,
    8.836721542372));
#461 = CARTESIAN_POINT('',(-5.987743128174,-0.654596903957,
    8.856358165723));
#462 = CARTESIAN_POINT('',(-5.979676844045,-0.630929327038,
    8.876923509921));
#463 = PCURVE('',#34,#464);
#464 = DEFINITIONAL_REPRESENTATION('',(#465),#482);
#465 = B_SPLINE_CURVE_WITH_KNOTS('',8,(#466,#467,#468,#469,#470,#471,
    #472,#473,#474,#475,#476,#477,#478,#479,#480,#481),.UNSPECIFIED.,.F.
  ,.F.,(9,7,9),(0.,0.362427217703,1.),.UNSPECIFIED.);
#466 = CARTESIAN_POINT('',(2.16447063361,0.962667320305));
#467 = CARTESIAN_POINT('',(2.166636229088,0.958264629623));
#468 = CARTESIAN_POINT('',(2.168713980961,0.95112775278));
#469 = CARTESIAN_POINT('',(2.170650059915,0.941541457556));
#470 = CARTESIAN_POINT('',(2.172414867246,0.929949611269));
#471 = CARTESIAN_POINT('',(2.173993317449,0.916782760044));
#472 = CARTESIAN_POINT('',(2.17537999806,0.902410932941));
#473 = CARTESIAN_POINT('',(2.17657619583,0.887141661492));
#474 = CARTESIAN_POINT('',(2.179361810344,0.84310949299));
#475 = CARTESIAN_POINT('',(2.180551598137,0.813042489771));
#476 = CARTESIAN_POINT('',(2.181196379922,0.781990296802));
#477 = CARTESIAN_POINT('',(2.18129618022,0.750714708498));
#478 = CARTESIAN_POINT('',(2.18086443242,0.719985931477));
#479 = CARTESIAN_POINT('',(2.17990697693,0.69053335201));
#480 = CARTESIAN_POINT('',(2.178444479838,0.663067757089));
#481 = CARTESIAN_POINT('',(2.176467942749,0.638408692993));
#482 = ( GEOMETRIC_REPRESENTATION_CONTEXT(2) 
PARAMETRIC_REPRESENTATION_CONTEXT() REPRESENTATION_CONTEXT('2D SPACE',''
  ) );
#483 = PCURVE('',#484,#489);
#484 = SPHERICAL_SURFACE('',#485,0.3601296);
#485 = AXIS2_PLACEMENT_3D('',#486,#487,#488);
#486 = CARTESIAN_POINT('',(-5.681010555556,-0.566944444444,
    8.686141666667));
#487 = DIRECTION('',(0.,0.,1.));
#488 = DIRECTION('',(1.,0.,-0.));
#489 = DEFINITIONAL_REPRESENTATION('',(#490),#507);
#490 = B_SPLINE_CURVE_WITH_KNOTS('',8,(#491,#492,#493,#494,#495,#496,
    #497,#498,#499,#500,#501,#502,#503,#504,#505,#506),.UNSPECIFIED.,.F.
  ,.F.,(9,7,9),(0.,0.362427217703,1.),.UNSPECIFIED.);
#491 = CARTESIAN_POINT('',(4.447579859405,0.216035345146));
#492 = CARTESIAN_POINT('',(4.395667381935,0.193673272999));
#493 = CARTESIAN_POINT('',(4.341523229975,0.17745732878));
#494 = CARTESIAN_POINT('',(4.286132998092,0.167407573644));
#495 = CARTESIAN_POINT('',(4.230313590382,0.162979109079));
#496 = CARTESIAN_POINT('',(4.174694057538,0.163500030257));
#497 = CARTESIAN_POINT('',(4.1197110089,0.168318768395));
#498 = CARTESIAN_POINT('',(4.065606788769,0.176841232758));
#499 = CARTESIAN_POINT('',(3.918851302576,0.209391023704));
#500 = CARTESIAN_POINT('',(3.828578649999,0.240172916089));
#501 = CARTESIAN_POINT('',(3.741196527264,0.278585806183));
#502 = CARTESIAN_POINT('',(3.656842958862,0.323543239585));
#503 = CARTESIAN_POINT('',(3.575501565174,0.374069236372));
#504 = CARTESIAN_POINT('',(3.497445159366,0.429932734672));
#505 = CARTESIAN_POINT('',(3.422872524057,0.490986720744));
#506 = CARTESIAN_POINT('',(3.35263785154,0.558316216476));
#507 = ( GEOMETRIC_REPRESENTATION_CONTEXT(2) 
PARAMETRIC_REPRESENTATION_CONTEXT() REPRESENTATION_CONTEXT('2D SPACE',''
  ) );
#508 = ORIENTED_EDGE('',*,*,#509,.F.);
#509 = EDGE_CURVE('',#510,#443,#512,.T.);
#510 = VERTEX_POINT('',#511);
#511 = CARTESIAN_POINT('',(-6.056349882928,-0.429505316842,
    8.927282032033));
#512 = SURFACE_CURVE('',#513,(#526,#542),.PCURVE_S1.);
#513 = B_SPLINE_CURVE_WITH_KNOTS('',6,(#514,#515,#516,#517,#518,#519,
    #520,#521,#522,#523,#524,#525),.UNSPECIFIED.,.F.,.F.,(7,5,7),(0.,
    0.468237832661,1.),.UNSPECIFIED.);
#514 = CARTESIAN_POINT('',(-6.068780678981,-0.34585439776,8.947804225327
    ));
#515 = CARTESIAN_POINT('',(-6.061399930204,-0.409801591584,
    8.933356134179));
#516 = CARTESIAN_POINT('',(-6.050272727129,-0.473409983413,
    8.916772207718));
#517 = CARTESIAN_POINT('',(-6.035201196256,-0.536129811263,
    8.898023931537));
#518 = CARTESIAN_POINT('',(-6.01603647675,-0.597340695127,8.877122627361
    ));
#519 = CARTESIAN_POINT('',(-5.992701285867,-0.656358446218,
    8.854131561742));
#520 = CARTESIAN_POINT('',(-5.934046090337,-0.776203977391,
    8.800858319237));
#521 = CARTESIAN_POINT('',(-5.897519381494,-0.836212193551,
    8.770000799001));
#522 = CARTESIAN_POINT('',(-5.855735880079,-0.891405499135,8.7368341504)
  );
#523 = CARTESIAN_POINT('',(-5.808983872745,-0.94070759773,8.701697431316
    ));
#524 = CARTESIAN_POINT('',(-5.757818622467,-0.983146218237,
    8.665069241557));
#525 = CARTESIAN_POINT('',(-5.703124405699,-1.018094976888,8.6275656479)
  );
#526 = PCURVE('',#34,#527);
#527 = DEFINITIONAL_REPRESENTATION('',(#528),#541);
#528 = B_SPLINE_CURVE_WITH_KNOTS('',6,(#529,#530,#531,#532,#533,#534,
    #535,#536,#537,#538,#539,#540),.UNSPECIFIED.,.F.,.F.,(7,5,7),(0.,
    0.468237832661,1.),.UNSPECIFIED.);
#529 = CARTESIAN_POINT('',(2.180156646563,0.353396953483));
#530 = CARTESIAN_POINT('',(2.180371717853,0.416353359999));
#531 = CARTESIAN_POINT('',(2.180383197577,0.478724592817));
#532 = CARTESIAN_POINT('',(2.180174272487,0.540666983614));
#533 = CARTESIAN_POINT('',(2.179728724855,0.602334265742));
#534 = CARTESIAN_POINT('',(2.179031541636,0.663881078058));
#535 = CARTESIAN_POINT('',(2.17698229443,0.79536096805));
#536 = CARTESIAN_POINT('',(2.175553865062,0.865321720574));
#537 = CARTESIAN_POINT('',(2.173771507727,0.935473339465));
#538 = CARTESIAN_POINT('',(2.171628591868,1.005964500716));
#539 = CARTESIAN_POINT('',(2.169131513338,1.076930228139));
#540 = CARTESIAN_POINT('',(2.166311617195,1.148356346641));
#541 = ( GEOMETRIC_REPRESENTATION_CONTEXT(2) 
PARAMETRIC_REPRESENTATION_CONTEXT() REPRESENTATION_CONTEXT('2D SPACE',''
  ) );
#542 = PCURVE('',#543,#548);
#543 = PLANE('',#544);
#544 = AXIS2_PLACEMENT_3D('',#545,#546,#547);
#545 = CARTESIAN_POINT('',(-5.681010555556,-0.566944444444,
    8.686141666667));
#546 = DIRECTION('',(0.499917397805,-0.135566414168,0.855397184191));
#547 = DIRECTION('',(0.86336756809,0.,-0.504575507104));
#548 = DEFINITIONAL_REPRESENTATION('',(#549),#562);
#549 = B_SPLINE_CURVE_WITH_KNOTS('',6,(#550,#551,#552,#553,#554,#555,
    #556,#557,#558,#559,#560,#561),.UNSPECIFIED.,.F.,.F.,(7,5,7),(0.,
    0.468237832661,1.),.UNSPECIFIED.);
#550 = CARTESIAN_POINT('',(-0.466816666667,0.223150110221));
#551 = CARTESIAN_POINT('',(-0.453154214626,0.158607071925));
#552 = CARTESIAN_POINT('',(-0.435179505264,9.440599249749E-02));
#553 = CARTESIAN_POINT('',(-0.412707313345,3.110175647383E-02));
#554 = CARTESIAN_POINT('',(-0.385614829918,-3.067947558806E-02));
#555 = CARTESIAN_POINT('',(-0.353867254321,-9.024713979755E-02));
#556 = CARTESIAN_POINT('',(-0.276345887449,-0.21120936262));
#557 = CARTESIAN_POINT('',(-0.229239962744,-0.271776720812));
#558 = CARTESIAN_POINT('',(-0.176430364204,-0.327484304258));
#559 = CARTESIAN_POINT('',(-0.118337069479,-0.377245787872));
#560 = CARTESIAN_POINT('',(-5.568096435345E-02,-0.420079841173));
#561 = CARTESIAN_POINT('',(1.046364335409E-02,-0.455354243896));
#562 = ( GEOMETRIC_REPRESENTATION_CONTEXT(2) 
PARAMETRIC_REPRESENTATION_CONTEXT() REPRESENTATION_CONTEXT('2D SPACE',''
  ) );
#563 = ORIENTED_EDGE('',*,*,#564,.T.);
#564 = EDGE_CURVE('',#510,#565,#567,.T.);
#565 = VERTEX_POINT('',#566);
#566 = CARTESIAN_POINT('',(-5.355679779633,-0.24716687623,9.416218258827
    ));
#567 = SURFACE_CURVE('',#568,(#583,#601),.PCURVE_S1.);
#568 = B_SPLINE_CURVE_WITH_KNOTS('',5,(#569,#570,#571,#572,#573,#574,
    #575,#576,#577,#578,#579,#580,#581,#582),.UNSPECIFIED.,.F.,.F.,(6,4,
    4,6),(0.,0.311993350886,0.547079092234,1.),.UNSPECIFIED.);
#569 = CARTESIAN_POINT('',(-6.056349882928,-0.429505316842,
    8.927282032033));
#570 = CARTESIAN_POINT('',(-6.024613587813,-0.404013309037,
    8.958736853372));
#571 = CARTESIAN_POINT('',(-5.98969431295,-0.380542064011,8.990428385063
    ));
#572 = CARTESIAN_POINT('',(-5.952093431767,-0.359250685244,
    9.022208154437));
#573 = CARTESIAN_POINT('',(-5.912264420643,-0.340194326546,
    9.053955641611));
#574 = CARTESIAN_POINT('',(-5.839171688143,-0.310725515278,9.10938862335
    ));
#575 = CARTESIAN_POINT('',(-5.806711245966,-0.299341175084,
    9.133131297861));
#576 = CARTESIAN_POINT('',(-5.773360062491,-0.289240625528,
    9.156752285536));
#577 = CARTESIAN_POINT('',(-5.739262151148,-0.280422558453,
    9.180207927445));
#578 = CARTESIAN_POINT('',(-5.637656973679,-0.258346278518,
    9.248243632212));
#579 = CARTESIAN_POINT('',(-5.568480739657,-0.248548874658,9.29225110668
    ));
#580 = CARTESIAN_POINT('',(-5.49790782857,-0.243438543855,9.335179239514
    ));
#581 = CARTESIAN_POINT('',(-5.426712408972,-0.242964338742,
    9.376664853679));
#582 = CARTESIAN_POINT('',(-5.355679779632,-0.24716687623,9.416218258827
    ));
#583 = PCURVE('',#34,#584);
#584 = DEFINITIONAL_REPRESENTATION('',(#585),#600);
#585 = B_SPLINE_CURVE_WITH_KNOTS('',5,(#586,#587,#588,#589,#590,#591,
    #592,#593,#594,#595,#596,#597,#598,#599),.UNSPECIFIED.,.F.,.F.,(6,4,
    4,6),(0.,0.311993350886,0.547079092234,1.),.UNSPECIFIED.);
#586 = CARTESIAN_POINT('',(2.180289277579,0.435719598552));
#587 = CARTESIAN_POINT('',(2.175559686265,0.410596011866));
#588 = CARTESIAN_POINT('',(2.17052839899,0.387528004353));
#589 = CARTESIAN_POINT('',(2.165243697831,0.366594804573));
#590 = CARTESIAN_POINT('',(2.159748408622,0.347834424288));
#591 = CARTESIAN_POINT('',(2.149805833068,0.318777402643));
#592 = CARTESIAN_POINT('',(2.145434316221,0.307534994413));
#593 = CARTESIAN_POINT('',(2.140979134981,0.297543331337));
#594 = CARTESIAN_POINT('',(2.136454493245,0.288805828536));
#595 = CARTESIAN_POINT('',(2.123047307913,0.266904313659));
#596 = CARTESIAN_POINT('',(2.114003080567,0.257142874381));
#597 = CARTESIAN_POINT('',(2.104890866302,0.252037821754));
#598 = CARTESIAN_POINT('',(2.095642265054,0.251569998425));
#599 = CARTESIAN_POINT('',(2.086600932146,0.255758020801));
#600 = ( GEOMETRIC_REPRESENTATION_CONTEXT(2) 
PARAMETRIC_REPRESENTATION_CONTEXT() REPRESENTATION_CONTEXT('2D SPACE',''
  ) );
#601 = PCURVE('',#195,#602);
#602 = DEFINITIONAL_REPRESENTATION('',(#603),#618);
#603 = B_SPLINE_CURVE_WITH_KNOTS('',5,(#604,#605,#606,#607,#608,#609,
    #610,#611,#612,#613,#614,#615,#616,#617),.UNSPECIFIED.,.F.,.F.,(6,4,
    4,6),(0.,0.311993350886,0.547079092234,1.),.UNSPECIFIED.);
#604 = CARTESIAN_POINT('',(-2.839874593052,0.));
#605 = CARTESIAN_POINT('',(-2.768905086433,-3.931603158474E-02));
#606 = CARTESIAN_POINT('',(-2.699185270806,-8.069971905463E-02));
#607 = CARTESIAN_POINT('',(-2.630578384693,-0.123794983095));
#608 = CARTESIAN_POINT('',(-2.562921366033,-0.168279507611));
#609 = CARTESIAN_POINT('',(-2.445611585068,-0.248242071658));
#610 = CARTESIAN_POINT('',(-2.395633539612,-0.283235694187));
#611 = CARTESIAN_POINT('',(-2.34600651617,-0.318744562104));
#612 = CARTESIAN_POINT('',(-2.296647049952,-0.354659157523));
#613 = CARTESIAN_POINT('',(-2.152719862083,-0.46065810162));
#614 = CARTESIAN_POINT('',(-2.058657597246,-0.531556175356));
#615 = CARTESIAN_POINT('',(-1.964618973099,-0.602864616148));
#616 = CARTESIAN_POINT('',(-1.870014070186,-0.673878836303));
#617 = CARTESIAN_POINT('',(-1.774057296039,-0.743792877849));
#618 = ( GEOMETRIC_REPRESENTATION_CONTEXT(2) 
PARAMETRIC_REPRESENTATION_CONTEXT() REPRESENTATION_CONTEXT('2D SPACE',''
  ) );
#619 = ORIENTED_EDGE('',*,*,#620,.T.);
#620 = EDGE_CURVE('',#565,#621,#623,.T.);
#621 = VERTEX_POINT('',#622);
#622 = CARTESIAN_POINT('',(-5.348645829936,-0.342444972219,
    9.397007412738));
#623 = SURFACE_CURVE('',#624,(#632,#643),.PCURVE_S1.);
#624 = B_SPLINE_CURVE_WITH_KNOTS('',6,(#625,#626,#627,#628,#629,#630,
    #631),.UNSPECIFIED.,.F.,.F.,(7,7),(0.,1.),.PIECEWISE_BEZIER_KNOTS.);
#625 = CARTESIAN_POINT('',(-5.355982582299,-0.238325972411,
    9.417796363098));
#626 = CARTESIAN_POINT('',(-5.353312329147,-0.324550303265,
    9.402570653223));
#627 = CARTESIAN_POINT('',(-5.344016703795,-0.411241245758,
    9.383398945208));
#628 = CARTESIAN_POINT('',(-5.327488588624,-0.497139044759,
    9.360126073506));
#629 = CARTESIAN_POINT('',(-5.303273884733,-0.58075169055,9.332723109409
    ));
#630 = CARTESIAN_POINT('',(-5.2711505176,-0.660374115501,9.301330491757)
  );
#631 = CARTESIAN_POINT('',(-5.231346720694,-0.734285366705,
    9.266354349192));
#632 = PCURVE('',#34,#633);
#633 = DEFINITIONAL_REPRESENTATION('',(#634),#642);
#634 = B_SPLINE_CURVE_WITH_KNOTS('',6,(#635,#636,#637,#638,#639,#640,
    #641),.UNSPECIFIED.,.F.,.F.,(7,7),(0.,1.),.PIECEWISE_BEZIER_KNOTS.);
#635 = CARTESIAN_POINT('',(2.086543444796,0.246940007445));
#636 = CARTESIAN_POINT('',(2.087122284458,0.333017218689));
#637 = CARTESIAN_POINT('',(2.087279723132,0.417741140979));
#638 = CARTESIAN_POINT('',(2.086964085452,0.50143029498));
#639 = CARTESIAN_POINT('',(2.086128074034,0.58441415851));
#640 = CARTESIAN_POINT('',(2.084731005075,0.667042794792));
#641 = CARTESIAN_POINT('',(2.082757147414,0.749583036821));
#642 = ( GEOMETRIC_REPRESENTATION_CONTEXT(2) 
PARAMETRIC_REPRESENTATION_CONTEXT() REPRESENTATION_CONTEXT('2D SPACE',''
  ) );
#643 = PCURVE('',#644,#649);
#644 = PLANE('',#645);
#645 = AXIS2_PLACEMENT_3D('',#646,#647,#648);
#646 = CARTESIAN_POINT('',(-5.309175555556,-0.667777777778,9.32238));
#647 = DIRECTION('',(0.499917397805,-0.135566414168,0.855397184191));
#648 = DIRECTION('',(0.86336756809,0.,-0.504575507104));
#649 = DEFINITIONAL_REPRESENTATION('',(#650),#658);
#650 = B_SPLINE_CURVE_WITH_KNOTS('',6,(#651,#652,#653,#654,#655,#656,
    #657),.UNSPECIFIED.,.F.,.F.,(7,7),(0.,1.),.PIECEWISE_BEZIER_KNOTS.);
#651 = CARTESIAN_POINT('',(-8.855642864579E-02,0.433453333333));
#652 = CARTESIAN_POINT('',(-7.856849839412E-02,0.346425585037));
#653 = CARTESIAN_POINT('',(-6.086938264681E-02,0.258926877326));
#654 = CARTESIAN_POINT('',(-3.485662300486E-02,0.172228703427));
#655 = CARTESIAN_POINT('',(-1.235684893164E-04,8.78369752426E-02));
#656 = CARTESIAN_POINT('',(4.345065084234E-02,7.472647809368E-03));
#657 = CARTESIAN_POINT('',(9.546406304935E-02,-6.712729054152E-02));
#658 = ( GEOMETRIC_REPRESENTATION_CONTEXT(2) 
PARAMETRIC_REPRESENTATION_CONTEXT() REPRESENTATION_CONTEXT('2D SPACE',''
  ) );
#659 = ORIENTED_EDGE('',*,*,#660,.T.);
#660 = EDGE_CURVE('',#621,#661,#663,.T.);
#661 = VERTEX_POINT('',#662);
#662 = CARTESIAN_POINT('',(-5.33498418306,-0.34291400852,9.404635904552)
  );
#663 = SURFACE_CURVE('',#664,(#673,#685),.PCURVE_S1.);
#664 = B_SPLINE_CURVE_WITH_KNOTS('',4,(#665,#666,#667,#668,#669,#670,
    #671,#672),.UNSPECIFIED.,.F.,.F.,(5,3,5),(0.,0.498212897484,1.),
  .UNSPECIFIED.);
#665 = CARTESIAN_POINT('',(-5.46385035143,-0.36937487031,9.32238));
#666 = CARTESIAN_POINT('',(-5.4378923067,-0.355919722356,9.341819677438)
  );
#667 = CARTESIAN_POINT('',(-5.409383381235,-0.346651473867,
    9.361057055257));
#668 = CARTESIAN_POINT('',(-5.379399161322,-0.342237583714,
    9.379560264406));
#669 = CARTESIAN_POINT('',(-5.318703784267,-0.342645903198,
    9.413994617399));
#670 = CARTESIAN_POINT('',(-5.287966272372,-0.347543935372,
    9.429918517553));
#671 = CARTESIAN_POINT('',(-5.258151738083,-0.356811567175,
    9.443876550314));
#672 = CARTESIAN_POINT('',(-5.229905067614,-0.36953568219,9.455558188248
    ));
#673 = PCURVE('',#34,#674);
#674 = DEFINITIONAL_REPRESENTATION('',(#675),#684);
#675 = B_SPLINE_CURVE_WITH_KNOTS('',4,(#676,#677,#678,#679,#680,#681,
    #682,#683),.UNSPECIFIED.,.F.,.F.,(5,3,5),(0.,0.498212897484,1.),
  .UNSPECIFIED.);
#676 = CARTESIAN_POINT('',(2.102285635153,0.376542032999));
#677 = CARTESIAN_POINT('',(2.098693060737,0.363306060582));
#678 = CARTESIAN_POINT('',(2.094858035792,0.354183371655));
#679 = CARTESIAN_POINT('',(2.090918279997,0.349835832039));
#680 = CARTESIAN_POINT('',(2.08314157297,0.350237900031));
#681 = CARTESIAN_POINT('',(2.079296452082,0.355062019793));
#682 = CARTESIAN_POINT('',(2.075655061679,0.364183410568));
#683 = CARTESIAN_POINT('',(2.072291792717,0.376700225151));
#684 = ( GEOMETRIC_REPRESENTATION_CONTEXT(2) 
PARAMETRIC_REPRESENTATION_CONTEXT() REPRESENTATION_CONTEXT('2D SPACE',''
  ) );
#685 = PCURVE('',#686,#691);
#686 = SPHERICAL_SURFACE('',#687,0.336108);
#687 = AXIS2_PLACEMENT_3D('',#688,#689,#690);
#688 = CARTESIAN_POINT('',(-5.309175555556,-0.667777777778,9.32238));
#689 = DIRECTION('',(0.,0.,1.));
#690 = DIRECTION('',(1.,0.,-0.));
#691 = DEFINITIONAL_REPRESENTATION('',(#692),#701);
#692 = B_SPLINE_CURVE_WITH_KNOTS('',4,(#693,#694,#695,#696,#697,#698,
    #699,#700),.UNSPECIFIED.,.F.,.F.,(5,3,5),(0.,0.498212897484,1.),
  .UNSPECIFIED.);
#693 = CARTESIAN_POINT('',(2.049009727588,0.));
#694 = CARTESIAN_POINT('',(1.962019808653,5.783759219701E-02));
#695 = CARTESIAN_POINT('',(1.874065211064,0.115062877825));
#696 = CARTESIAN_POINT('',(1.784573279685,0.17067250915));
#697 = CARTESIAN_POINT('',(1.600939585377,0.27572427254));
#698 = CARTESIAN_POINT('',(1.506786386702,0.325147591731));
#699 = CARTESIAN_POINT('',(1.410062920879,0.36955995468));
#700 = CARTESIAN_POINT('',(1.311010319173,0.407413967852));
#701 = ( GEOMETRIC_REPRESENTATION_CONTEXT(2) 
PARAMETRIC_REPRESENTATION_CONTEXT() REPRESENTATION_CONTEXT('2D SPACE',''
  ) );
#702 = ORIENTED_EDGE('',*,*,#703,.F.);
#703 = EDGE_CURVE('',#704,#661,#706,.T.);
#704 = VERTEX_POINT('',#705);
#705 = CARTESIAN_POINT('',(-5.338537408504,-0.24786973009,9.425805844239
    ));
#706 = SURFACE_CURVE('',#707,(#715,#726),.PCURVE_S1.);
#707 = B_SPLINE_CURVE_WITH_KNOTS('',6,(#708,#709,#710,#711,#712,#713,
    #714),.UNSPECIFIED.,.F.,.F.,(7,7),(0.,1.),.PIECEWISE_BEZIER_KNOTS.);
#708 = CARTESIAN_POINT('',(-5.338556407228,-0.239666052932,
    9.427424735253));
#709 = CARTESIAN_POINT('',(-5.338591025511,-0.324975307907,9.41075821254
    ));
#710 = CARTESIAN_POINT('',(-5.332840871455,-0.410747144506,
    9.389811289164));
#711 = CARTESIAN_POINT('',(-5.320744055724,-0.495824935536,
    9.364403295996));
#712 = CARTESIAN_POINT('',(-5.301836970645,-0.578819400144,
    9.334470269983));
#713 = CARTESIAN_POINT('',(-5.27581904123,-0.658107712114,9.300112027573
    ));
#714 = CARTESIAN_POINT('',(-5.242739799794,-0.731983769917,
    9.261698260442));
#715 = PCURVE('',#34,#716);
#716 = DEFINITIONAL_REPRESENTATION('',(#717),#725);
#717 = B_SPLINE_CURVE_WITH_KNOTS('',6,(#718,#719,#720,#721,#722,#723,
    #724),.UNSPECIFIED.,.F.,.F.,(7,7),(0.,1.),.PIECEWISE_BEZIER_KNOTS.);
#718 = CARTESIAN_POINT('',(2.084330984634,0.24827761899));
#719 = CARTESIAN_POINT('',(2.085246559394,0.333418118793));
#720 = CARTESIAN_POINT('',(2.085840709873,0.417255983074));
#721 = CARTESIAN_POINT('',(2.086068898057,0.500162752199));
#722 = CARTESIAN_POINT('',(2.085887025094,0.582506200371));
#723 = CARTESIAN_POINT('',(2.085252491184,0.664676368404));
#724 = CARTESIAN_POINT('',(2.084137243437,0.747015263017));
#725 = ( GEOMETRIC_REPRESENTATION_CONTEXT(2) 
PARAMETRIC_REPRESENTATION_CONTEXT() REPRESENTATION_CONTEXT('2D SPACE',''
  ) );
#726 = PCURVE('',#727,#732);
#727 = PLANE('',#728);
#728 = AXIS2_PLACEMENT_3D('',#729,#730,#731);
#729 = CARTESIAN_POINT('',(-5.309175555556,-0.667777777778,9.32238));
#730 = DIRECTION('',(0.579365385051,-0.156508423996,0.799900533706));
#731 = DIRECTION('',(0.809881001964,0.,-0.586594206124));
#732 = DEFINITIONAL_REPRESENTATION('',(#733),#741);
#733 = B_SPLINE_CURVE_WITH_KNOTS('',6,(#734,#735,#736,#737,#738,#739,
    #740),.UNSPECIFIED.,.F.,.F.,(7,7),(0.,1.),.PIECEWISE_BEZIER_KNOTS.);
#734 = CARTESIAN_POINT('',(-8.541362667414E-02,0.433453333333));
#735 = CARTESIAN_POINT('',(-7.566517770421E-02,0.347079663128));
#736 = CARTESIAN_POINT('',(-5.872089328733E-02,0.260237639604));
#737 = CARTESIAN_POINT('',(-3.401973046138E-02,0.17409832135));
#738 = CARTESIAN_POINT('',(-1.148701821992E-03,9.006832346681E-02));
#739 = CARTESIAN_POINT('',(4.007707085165E-02,9.790720394173E-03));
#740 = CARTESIAN_POINT('',(8.940061328419E-02,-6.500709907656E-02));
#741 = ( GEOMETRIC_REPRESENTATION_CONTEXT(2) 
PARAMETRIC_REPRESENTATION_CONTEXT() REPRESENTATION_CONTEXT('2D SPACE',''
  ) );
#742 = ORIENTED_EDGE('',*,*,#743,.T.);
#743 = EDGE_CURVE('',#704,#744,#746,.T.);
#744 = VERTEX_POINT('',#745);
#745 = CARTESIAN_POINT('',(-4.637084975866,-0.760397026164,9.55728760584
    ));
#746 = SURFACE_CURVE('',#747,(#771,#798),.PCURVE_S1.);
#747 = B_SPLINE_CURVE_WITH_KNOTS('',8,(#748,#749,#750,#751,#752,#753,
    #754,#755,#756,#757,#758,#759,#760,#761,#762,#763,#764,#765,#766,
    #767,#768,#769,#770),.UNSPECIFIED.,.F.,.F.,(9,7,7,9),(0.,
    0.505975778759,0.673351775755,1.),.UNSPECIFIED.);
#748 = CARTESIAN_POINT('',(-5.338537408504,-0.24786973009,9.425805844239
    ));
#749 = CARTESIAN_POINT('',(-5.26098520002,-0.256590951494,9.467966300605
    ));
#750 = CARTESIAN_POINT('',(-5.184147661712,-0.268718423728,
    9.508014216572));
#751 = CARTESIAN_POINT('',(-5.10814403813,-0.284328378808,9.545826325681
    ));
#752 = CARTESIAN_POINT('',(-5.033402052443,-0.303610935729,
    9.581025525784));
#753 = CARTESIAN_POINT('',(-4.960676922137,-0.32678611764,9.613011669309
    ));
#754 = CARTESIAN_POINT('',(-4.891137094269,-0.354083045276,
    9.640900345739));
#755 = CARTESIAN_POINT('',(-4.826320268181,-0.385665145413,
    9.663584859744));
#756 = CARTESIAN_POINT('',(-4.749274033615,-0.433616021891,
    9.684685139974));
#757 = CARTESIAN_POINT('',(-4.730903161967,-0.446007741456,
    9.689176427351));
#758 = CARTESIAN_POINT('',(-4.713402539248,-0.458867773046,
    9.692854659653));
#759 = CARTESIAN_POINT('',(-4.696874805105,-0.472184492286,
    9.695655360166));
#760 = CARTESIAN_POINT('',(-4.681433308477,-0.485937047313,
    9.697511050042));
#761 = CARTESIAN_POINT('',(-4.667197597704,-0.500093560412,
    9.698354984896));
#762 = CARTESIAN_POINT('',(-4.654286701317,-0.514609325197,9.69812656954
    ));
#763 = CARTESIAN_POINT('',(-4.620412848572,-0.55833902364,9.694147484786
    ));
#764 = CARTESIAN_POINT('',(-4.603359560483,-0.588548556994,
    9.687238239884));
#765 = CARTESIAN_POINT('',(-4.592788605515,-0.619347299455,
    9.675645703611));
#766 = CARTESIAN_POINT('',(-4.589200093281,-0.650020136043,
    9.659361019019));
#767 = CARTESIAN_POINT('',(-4.592519085542,-0.679920426733,
    9.638710365264));
#768 = CARTESIAN_POINT('',(-4.602213726461,-0.708520847573,9.61428043322
    ));
#769 = CARTESIAN_POINT('',(-4.617427531463,-0.735433752596,
    9.586842562458));
#770 = CARTESIAN_POINT('',(-4.637084975866,-0.760397026164,9.55728760584
    ));
#771 = PCURVE('',#34,#772);
#772 = DEFINITIONAL_REPRESENTATION('',(#773),#797);
#773 = B_SPLINE_CURVE_WITH_KNOTS('',8,(#774,#775,#776,#777,#778,#779,
    #780,#781,#782,#783,#784,#785,#786,#787,#788,#789,#790,#791,#792,
    #793,#794,#795,#796),.UNSPECIFIED.,.F.,.F.,(9,7,7,9),(0.,
    0.505975778759,0.673351775755,1.),.UNSPECIFIED.);
#774 = CARTESIAN_POINT('',(2.084417770141,0.256458399857));
#775 = CARTESIAN_POINT('',(2.07461260447,0.265148328193));
#776 = CARTESIAN_POINT('',(2.065041222662,0.277215750227));
#777 = CARTESIAN_POINT('',(2.055714245354,0.292715200829));
#778 = CARTESIAN_POINT('',(2.046685501034,0.311806987882));
#779 = CARTESIAN_POINT('',(2.038049813361,0.334675443228));
#780 = CARTESIAN_POINT('',(2.029952755311,0.361525677202));
#781 = CARTESIAN_POINT('',(2.022582069017,0.392535662527));
#782 = CARTESIAN_POINT('',(2.014107716269,0.439766429135));
#783 = CARTESIAN_POINT('',(2.012113516458,0.451982751339));
#784 = CARTESIAN_POINT('',(2.010242604622,0.46467681734));
#785 = CARTESIAN_POINT('',(2.008507487308,0.47784443453));
#786 = CARTESIAN_POINT('',(2.006921878426,0.491474336862));
#787 = CARTESIAN_POINT('',(2.005500126471,0.505546530037));
#788 = CARTESIAN_POINT('',(2.004256362136,0.520030223115));
#789 = CARTESIAN_POINT('',(2.001148357112,0.563864553131));
#790 = CARTESIAN_POINT('',(1.999808976079,0.594400833852));
#791 = CARTESIAN_POINT('',(1.999314131224,0.625900610378));
#792 = CARTESIAN_POINT('',(1.999714825007,0.657776026554));
#793 = CARTESIAN_POINT('',(2.000995162964,0.689485777677));
#794 = CARTESIAN_POINT('',(2.003085223772,0.720547044628));
#795 = CARTESIAN_POINT('',(2.005873896968,0.750534617512));
#796 = CARTESIAN_POINT('',(2.009219794529,0.779087293459));
#797 = ( GEOMETRIC_REPRESENTATION_CONTEXT(2) 
PARAMETRIC_REPRESENTATION_CONTEXT() REPRESENTATION_CONTEXT('2D SPACE',''
  ) );
#798 = PCURVE('',#799,#804);
#799 = CONICAL_SURFACE('',#800,0.433453333333,4.54841378139E-02);
#800 = AXIS2_PLACEMENT_3D('',#801,#802,#803);
#801 = CARTESIAN_POINT('',(-5.309175555556,-0.667777777778,9.32238));
#802 = DIRECTION('',(-0.579365385051,0.156508423996,-0.799900533706));
#803 = DIRECTION('',(0.809881001964,0.,-0.586594206124));
#804 = DEFINITIONAL_REPRESENTATION('',(#805),#829);
#805 = B_SPLINE_CURVE_WITH_KNOTS('',8,(#806,#807,#808,#809,#810,#811,
    #812,#813,#814,#815,#816,#817,#818,#819,#820,#821,#822,#823,#824,
    #825,#826,#827,#828),.UNSPECIFIED.,.F.,.F.,(9,7,7,9),(0.,
    0.505975778759,0.673351775755,1.),.UNSPECIFIED.);
#806 = CARTESIAN_POINT('',(-1.766877853394,0.));
#807 = CARTESIAN_POINT('',(-1.678985049784,-8.002018129491E-02));
#808 = CARTESIAN_POINT('',(-1.589571278161,-0.158469592186));
#809 = CARTESIAN_POINT('',(-1.497713194356,-0.235192476553));
#810 = CARTESIAN_POINT('',(-1.402644304574,-0.309669137413));
#811 = CARTESIAN_POINT('',(-1.303698206998,-0.381016405008));
#812 = CARTESIAN_POINT('',(-1.200179896362,-0.447885740442));
#813 = CARTESIAN_POINT('',(-1.091414911424,-0.508526585426));
#814 = CARTESIAN_POINT('',(-0.938196015179,-0.577547348305));
#815 = CARTESIAN_POINT('',(-0.899459375205,-0.593722787101));
#816 = CARTESIAN_POINT('',(-0.860059946876,-0.60881696538));
#817 = CARTESIAN_POINT('',(-0.820001441727,-0.622717023011));
#818 = CARTESIAN_POINT('',(-0.77930418247,-0.635300049686));
#819 = CARTESIAN_POINT('',(-0.73800754119,-0.646438405235));
#820 = CARTESIAN_POINT('',(-0.696173900817,-0.656007661595));
#821 = CARTESIAN_POINT('',(-0.571381658442,-0.679294193501));
#822 = CARTESIAN_POINT('',(-0.486732513714,-0.688375616091));
#823 = CARTESIAN_POINT('',(-0.401411232387,-0.690047448178));
#824 = CARTESIAN_POINT('',(-0.3166002414,-0.683900937368));
#825 = CARTESIAN_POINT('',(-0.233278852006,-0.670139206552));
#826 = CARTESIAN_POINT('',(-0.152275732686,-0.649457158294));
#827 = CARTESIAN_POINT('',(-7.430549293909E-02,-0.622907335184));
#828 = CARTESIAN_POINT('',(0.,-0.591784429371));
#829 = ( GEOMETRIC_REPRESENTATION_CONTEXT(2) 
PARAMETRIC_REPRESENTATION_CONTEXT() REPRESENTATION_CONTEXT('2D SPACE',''
  ) );
#830 = ORIENTED_EDGE('',*,*,#831,.T.);
#831 = EDGE_CURVE('',#744,#832,#834,.T.);
#832 = VERTEX_POINT('',#833);
#833 = CARTESIAN_POINT('',(-5.053541257055,-0.958069676873,
    9.126973856272));
#834 = SURFACE_CURVE('',#835,(#845,#858),.PCURVE_S1.);
#835 = B_SPLINE_CURVE_WITH_KNOTS('',8,(#836,#837,#838,#839,#840,#841,
    #842,#843,#844),.UNSPECIFIED.,.F.,.F.,(9,9),(0.,1.),
  .PIECEWISE_BEZIER_KNOTS.);
#836 = CARTESIAN_POINT('',(-4.637084975866,-0.760397026164,9.55728760584
    ));
#837 = CARTESIAN_POINT('',(-4.66846234528,-0.800243602378,9.51011174855)
  );
#838 = CARTESIAN_POINT('',(-4.711311511657,-0.835313199543,
    9.457316439932));
#839 = CARTESIAN_POINT('',(-4.762505942019,-0.865795318398,9.40084781823
    ));
#840 = CARTESIAN_POINT('',(-4.81972664335,-0.89206876549,9.342148928446)
  );
#841 = CARTESIAN_POINT('',(-4.881242711801,-0.914613439381,
    9.282296629132));
#842 = CARTESIAN_POINT('',(-4.945961686842,-0.933898065857,
    9.221973899015));
#843 = CARTESIAN_POINT('',(-5.013355964169,-0.950346954609,
    9.161500397411));
#844 = CARTESIAN_POINT('',(-5.083501390133,-0.964266802659,
    9.100913927286));
#845 = PCURVE('',#34,#846);
#846 = DEFINITIONAL_REPRESENTATION('',(#847),#857);
#847 = B_SPLINE_CURVE_WITH_KNOTS('',8,(#848,#849,#850,#851,#852,#853,
    #854,#855,#856),.UNSPECIFIED.,.F.,.F.,(9,9),(0.,1.),
  .PIECEWISE_BEZIER_KNOTS.);
#848 = CARTESIAN_POINT('',(2.009219794529,0.779087293459));
#849 = CARTESIAN_POINT('',(2.01456054288,0.824663302356));
#850 = CARTESIAN_POINT('',(2.021346557718,0.866800909772));
#851 = CARTESIAN_POINT('',(2.029206549786,0.9054986258));
#852 = CARTESIAN_POINT('',(2.03786367805,0.940808674417));
#853 = CARTESIAN_POINT('',(2.047104155699,0.972836607586));
#854 = CARTESIAN_POINT('',(2.056788607824,1.001713282918));
#855 = CARTESIAN_POINT('',(2.066849536069,1.027579849559));
#856 = CARTESIAN_POINT('',(2.077294997397,1.05044407073));
#857 = ( GEOMETRIC_REPRESENTATION_CONTEXT(2) 
PARAMETRIC_REPRESENTATION_CONTEXT() REPRESENTATION_CONTEXT('2D SPACE',''
  ) );
#858 = PCURVE('',#799,#859);
#859 = DEFINITIONAL_REPRESENTATION('',(#860),#870);
#860 = B_SPLINE_CURVE_WITH_KNOTS('',8,(#861,#862,#863,#864,#865,#866,
    #867,#868,#869),.UNSPECIFIED.,.F.,.F.,(9,9),(0.,1.),
  .PIECEWISE_BEZIER_KNOTS.);
#861 = CARTESIAN_POINT('',(-6.28318530718,-0.591784429371));
#862 = CARTESIAN_POINT('',(-6.164578287173,-0.542105799078));
#863 = CARTESIAN_POINT('',(-6.05474211621,-0.480538167143));
#864 = CARTESIAN_POINT('',(-5.952425923251,-0.410479314029));
#865 = CARTESIAN_POINT('',(-5.856678548059,-0.3344863629));
#866 = CARTESIAN_POINT('',(-5.766490238436,-0.254498627431));
#867 = CARTESIAN_POINT('',(-5.6808267709,-0.171768716018));
#868 = CARTESIAN_POINT('',(-5.598528714045,-8.692440803152E-02));
#869 = CARTESIAN_POINT('',(-5.518166475079,0.));
#870 = ( GEOMETRIC_REPRESENTATION_CONTEXT(2) 
PARAMETRIC_REPRESENTATION_CONTEXT() REPRESENTATION_CONTEXT('2D SPACE',''
  ) );
#871 = ORIENTED_EDGE('',*,*,#872,.T.);
#872 = EDGE_CURVE('',#832,#144,#873,.T.);
#873 = SURFACE_CURVE('',#874,(#880,#889),.PCURVE_S1.);
#874 = B_SPLINE_CURVE_WITH_KNOTS('',4,(#875,#876,#877,#878,#879),
  .UNSPECIFIED.,.F.,.F.,(5,5),(0.,1.),.PIECEWISE_BEZIER_KNOTS.);
#875 = CARTESIAN_POINT('',(-5.093465447717,-0.921295329411,
    9.156134770506));
#876 = CARTESIAN_POINT('',(-5.078011086808,-0.936676533697,
    9.144665152903));
#877 = CARTESIAN_POINT('',(-5.062020219176,-0.951336726214,9.1329962547)
  );
#878 = CARTESIAN_POINT('',(-5.045521675498,-0.965233557721,
    9.121151636988));
#879 = CARTESIAN_POINT('',(-5.028552233077,-0.978333239771,
    9.109158148338));
#880 = PCURVE('',#34,#881);
#881 = DEFINITIONAL_REPRESENTATION('',(#882),#888);
#882 = B_SPLINE_CURVE_WITH_KNOTS('',4,(#883,#884,#885,#886,#887),
  .UNSPECIFIED.,.F.,.F.,(5,5),(0.,1.),.PIECEWISE_BEZIER_KNOTS.);
#883 = CARTESIAN_POINT('',(2.075209200965,0.984019387951));
#884 = CARTESIAN_POINT('',(2.074302363459,1.006502483475));
#885 = CARTESIAN_POINT('',(2.073349459253,1.029006631368));
#886 = CARTESIAN_POINT('',(2.072351482313,1.051535598037));
#887 = CARTESIAN_POINT('',(2.071310078549,1.074091987825));
#888 = ( GEOMETRIC_REPRESENTATION_CONTEXT(2) 
PARAMETRIC_REPRESENTATION_CONTEXT() REPRESENTATION_CONTEXT('2D SPACE',''
  ) );
#889 = PCURVE('',#890,#895);
#890 = PLANE('',#891);
#891 = AXIS2_PLACEMENT_3D('',#892,#893,#894);
#892 = CARTESIAN_POINT('',(-5.309175555556,-0.667777777778,9.32238));
#893 = DIRECTION('',(0.499917397805,-0.135566414168,0.855397184191));
#894 = DIRECTION('',(0.86336756809,0.,-0.504575507104));
#895 = DEFINITIONAL_REPRESENTATION('',(#896),#902);
#896 = B_SPLINE_CURVE_WITH_KNOTS('',4,(#897,#898,#899,#900,#901),
  .UNSPECIFIED.,.F.,.F.,(5,5),(0.,1.),.PIECEWISE_BEZIER_KNOTS.);
#897 = CARTESIAN_POINT('',(0.270120382193,-0.255879766812));
#898 = CARTESIAN_POINT('',(0.289250464305,-0.271404289436));
#899 = CARTESIAN_POINT('',(0.308944301032,-0.286201082078));
#900 = CARTESIAN_POINT('',(0.329165112553,-0.300227400896));
#901 = CARTESIAN_POINT('',(0.349867599406,-0.313449142614));
#902 = ( GEOMETRIC_REPRESENTATION_CONTEXT(2) 
PARAMETRIC_REPRESENTATION_CONTEXT() REPRESENTATION_CONTEXT('2D SPACE',''
  ) );
#903 = ADVANCED_FACE('',(#904),#343,.T.);
#904 = FACE_BOUND('',#905,.T.);
#905 = EDGE_LOOP('',(#906,#930,#931));
#906 = ORIENTED_EDGE('',*,*,#907,.F.);
#907 = EDGE_CURVE('',#262,#908,#910,.T.);
#908 = VERTEX_POINT('',#909);
#909 = CARTESIAN_POINT('',(-5.800922945516,-1.018094976888,
    8.684721776583));
#910 = SURFACE_CURVE('',#911,(#916,#923),.PCURVE_S1.);
#911 = CIRCLE('',#912,0.466816666667);
#912 = AXIS2_PLACEMENT_3D('',#913,#914,#915);
#913 = CARTESIAN_POINT('',(-5.681010555556,-0.566944444444,
    8.686141666667));
#914 = DIRECTION('',(0.418816117386,-0.114153415684,0.900867391743));
#915 = DIRECTION('',(0.906794989503,6.938893903907E-18,-0.421571876449)
  );
#916 = PCURVE('',#343,#917);
#917 = DEFINITIONAL_REPRESENTATION('',(#918),#922);
#918 = LINE('',#919,#920);
#919 = CARTESIAN_POINT('',(-0.,-0.761645579533));
#920 = VECTOR('',#921,1.);
#921 = DIRECTION('',(-1.,-0.));
#922 = ( GEOMETRIC_REPRESENTATION_CONTEXT(2) 
PARAMETRIC_REPRESENTATION_CONTEXT() REPRESENTATION_CONTEXT('2D SPACE',''
  ) );
#923 = PCURVE('',#425,#924);
#924 = DEFINITIONAL_REPRESENTATION('',(#925),#929);
#925 = CIRCLE('',#926,0.466816666667);
#926 = AXIS2_PLACEMENT_2D('',#927,#928);
#927 = CARTESIAN_POINT('',(0.,0.));
#928 = DIRECTION('',(1.,0.));
#929 = ( GEOMETRIC_REPRESENTATION_CONTEXT(2) 
PARAMETRIC_REPRESENTATION_CONTEXT() REPRESENTATION_CONTEXT('2D SPACE',''
  ) );
#930 = ORIENTED_EDGE('',*,*,#261,.F.);
#931 = ORIENTED_EDGE('',*,*,#932,.F.);
#932 = EDGE_CURVE('',#908,#225,#933,.T.);
#933 = SURFACE_CURVE('',#934,(#939,#946),.PCURVE_S1.);
#934 = CIRCLE('',#935,0.466816666667);
#935 = AXIS2_PLACEMENT_3D('',#936,#937,#938);
#936 = CARTESIAN_POINT('',(-5.681010555556,-0.566944444444,
    8.686141666667));
#937 = DIRECTION('',(0.418816117386,-0.114153415684,0.900867391743));
#938 = DIRECTION('',(0.906794989503,6.938893903907E-18,-0.421571876449)
  );
#939 = PCURVE('',#343,#940);
#940 = DEFINITIONAL_REPRESENTATION('',(#941),#945);
#941 = LINE('',#942,#943);
#942 = CARTESIAN_POINT('',(-0.,-0.761645579533));
#943 = VECTOR('',#944,1.);
#944 = DIRECTION('',(-1.,-0.));
#945 = ( GEOMETRIC_REPRESENTATION_CONTEXT(2) 
PARAMETRIC_REPRESENTATION_CONTEXT() REPRESENTATION_CONTEXT('2D SPACE',''
  ) );
#946 = PCURVE('',#246,#947);
#947 = DEFINITIONAL_REPRESENTATION('',(#948),#952);
#948 = CIRCLE('',#949,0.466816666667);
#949 = AXIS2_PLACEMENT_2D('',#950,#951);
#950 = CARTESIAN_POINT('',(0.,0.));
#951 = DIRECTION('',(1.,0.));
#952 = ( GEOMETRIC_REPRESENTATION_CONTEXT(2) 
PARAMETRIC_REPRESENTATION_CONTEXT() REPRESENTATION_CONTEXT('2D SPACE',''
  ) );
#953 = ADVANCED_FACE('',(#954),#425,.T.);
#954 = FACE_BOUND('',#955,.T.);
#955 = EDGE_LOOP('',(#956,#1000,#1001,#1002,#1023));
#956 = ORIENTED_EDGE('',*,*,#957,.F.);
#957 = EDGE_CURVE('',#400,#958,#960,.T.);
#958 = VERTEX_POINT('',#959);
#959 = CARTESIAN_POINT('',(-5.895854408366,-0.84875539715,8.750313581401
    ));
#960 = SURFACE_CURVE('',#961,(#966,#973),.PCURVE_S1.);
#961 = CIRCLE('',#962,0.3601296);
#962 = AXIS2_PLACEMENT_3D('',#963,#964,#965);
#963 = CARTESIAN_POINT('',(-5.681010555556,-0.566944444444,
    8.686141666667));
#964 = DIRECTION('',(0.418816117386,-0.114153415684,0.900867391743));
#965 = DIRECTION('',(-0.906794989503,-6.938893903907E-18,0.421571876449)
  );
#966 = PCURVE('',#425,#967);
#967 = DEFINITIONAL_REPRESENTATION('',(#968),#972);
#968 = CIRCLE('',#969,0.3601296);
#969 = AXIS2_PLACEMENT_2D('',#970,#971);
#970 = CARTESIAN_POINT('',(0.,0.));
#971 = DIRECTION('',(-1.,0.));
#972 = ( GEOMETRIC_REPRESENTATION_CONTEXT(2) 
PARAMETRIC_REPRESENTATION_CONTEXT() REPRESENTATION_CONTEXT('2D SPACE',''
  ) );
#973 = PCURVE('',#484,#974);
#974 = DEFINITIONAL_REPRESENTATION('',(#975),#999);
#975 = B_SPLINE_CURVE_WITH_KNOTS('',8,(#976,#977,#978,#979,#980,#981,
    #982,#983,#984,#985,#986,#987,#988,#989,#990,#991,#992,#993,#994,
    #995,#996,#997,#998),.UNSPECIFIED.,.F.,.F.,(9,7,7,9),(4.471610141535
    ,5.257008304932,6.435105550028,7.613202795124),.UNSPECIFIED.);
#976 = CARTESIAN_POINT('',(1.304697987964,0.));
#977 = CARTESIAN_POINT('',(1.393140437331,4.26171174275E-02));
#978 = CARTESIAN_POINT('',(1.481582715634,8.523463780288E-02));
#979 = CARTESIAN_POINT('',(1.570515373029,0.127342645244));
#980 = CARTESIAN_POINT('',(1.660425515411,0.168436543931));
#981 = CARTESIAN_POINT('',(1.751779270198,0.207995824765));
#982 = CARTESIAN_POINT('',(1.844986806318,0.245477529836));
#983 = CARTESIAN_POINT('',(1.940349908382,0.280324414719));
#984 = CARTESIAN_POINT('',(2.184455400107,0.359482899382));
#985 = CARTESIAN_POINT('',(2.336047706216,0.399817234574));
#986 = CARTESIAN_POINT('',(2.493181787533,0.43113506339));
#987 = CARTESIAN_POINT('',(2.655402585786,0.451707638021));
#988 = CARTESIAN_POINT('',(2.820926318531,0.459958730338));
#989 = CARTESIAN_POINT('',(2.98605325387,0.455579161095));
#990 = CARTESIAN_POINT('',(3.148371764269,0.439368817622));
#991 = CARTESIAN_POINT('',(3.464554532007,0.385958756286));
#992 = CARTESIAN_POINT('',(3.618421284319,0.348760387456));
#993 = CARTESIAN_POINT('',(3.766667277892,0.302409312054));
#994 = CARTESIAN_POINT('',(3.909019493094,0.248840455524));
#995 = CARTESIAN_POINT('',(4.046649799944,0.190064435943));
#996 = CARTESIAN_POINT('',(4.180962926394,0.127851035892));
#997 = CARTESIAN_POINT('',(4.313626967502,6.392567614126E-02));
#998 = CARTESIAN_POINT('',(4.446290641554,0.));
#999 = ( GEOMETRIC_REPRESENTATION_CONTEXT(2) 
PARAMETRIC_REPRESENTATION_CONTEXT() REPRESENTATION_CONTEXT('2D SPACE',''
  ) );
#1000 = ORIENTED_EDGE('',*,*,#399,.F.);
#1001 = ORIENTED_EDGE('',*,*,#907,.T.);
#1002 = ORIENTED_EDGE('',*,*,#1003,.T.);
#1003 = EDGE_CURVE('',#908,#1004,#1006,.T.);
#1004 = VERTEX_POINT('',#1005);
#1005 = CARTESIAN_POINT('',(-5.784497345091,-0.95629637226,
    8.684916273141));
#1006 = SURFACE_CURVE('',#1007,(#1011,#1017),.PCURVE_S1.);
#1007 = LINE('',#1008,#1009);
#1008 = CARTESIAN_POINT('',(-5.681010555556,-0.566944444444,
    8.686141666667));
#1009 = VECTOR('',#1010,1.);
#1010 = DIRECTION('',(0.256872555164,0.966440499361,3.041643937433E-03)
  );
#1011 = PCURVE('',#425,#1012);
#1012 = DEFINITIONAL_REPRESENTATION('',(#1013),#1016);
#1013 = B_SPLINE_CURVE_WITH_KNOTS('',1,(#1014,#1015),.UNSPECIFIED.,.F.,
  .F.,(2,2),(-0.478567627729,0.478567627729),.PIECEWISE_BEZIER_KNOTS.);
#1014 = CARTESIAN_POINT('',(-0.110859460871,-0.465550377774));
#1015 = CARTESIAN_POINT('',(0.110859460871,0.465550377774));
#1016 = ( GEOMETRIC_REPRESENTATION_CONTEXT(2) 
PARAMETRIC_REPRESENTATION_CONTEXT() REPRESENTATION_CONTEXT('2D SPACE',''
  ) );
#1017 = PCURVE('',#543,#1018);
#1018 = DEFINITIONAL_REPRESENTATION('',(#1019),#1022);
#1019 = B_SPLINE_CURVE_WITH_KNOTS('',1,(#1020,#1021),.UNSPECIFIED.,.F.,
  .F.,(2,2),(-0.478567627729,0.478567627729),.PIECEWISE_BEZIER_KNOTS.);
#1020 = CARTESIAN_POINT('',(-0.105400066567,-0.466816666667));
#1021 = CARTESIAN_POINT('',(0.105400066567,0.466816666667));
#1022 = ( GEOMETRIC_REPRESENTATION_CONTEXT(2) 
PARAMETRIC_REPRESENTATION_CONTEXT() REPRESENTATION_CONTEXT('2D SPACE',''
  ) );
#1023 = ORIENTED_EDGE('',*,*,#1024,.F.);
#1024 = EDGE_CURVE('',#958,#1004,#1025,.T.);
#1025 = SURFACE_CURVE('',#1026,(#1035,#1047),.PCURVE_S1.);
#1026 = B_SPLINE_CURVE_WITH_KNOTS('',7,(#1027,#1028,#1029,#1030,#1031,
    #1032,#1033,#1034),.UNSPECIFIED.,.F.,.F.,(8,8),(0.,1.),
  .PIECEWISE_BEZIER_KNOTS.);
#1027 = CARTESIAN_POINT('',(-6.097938884444,-0.435263661253,
    8.896658904667));
#1028 = CARTESIAN_POINT('',(-6.073534287138,-0.539215578756,
    8.872140862009));
#1029 = CARTESIAN_POINT('',(-6.03785845126,-0.640891787123,
    8.842671151163));
#1030 = CARTESIAN_POINT('',(-5.990321223246,-0.7375486608,8.808323066382
    ));
#1031 = CARTESIAN_POINT('',(-5.930910419681,-0.826245535999,
    8.769463569784));
#1032 = CARTESIAN_POINT('',(-5.860287759418,-0.904108349559,
    8.726764483497));
#1033 = CARTESIAN_POINT('',(-5.779993334173,-0.968531503007,
    8.681271969482));
#1034 = CARTESIAN_POINT('',(-5.692734619574,-1.018094976888,
    8.634424679549));
#1035 = PCURVE('',#425,#1036);
#1036 = DEFINITIONAL_REPRESENTATION('',(#1037),#1046);
#1037 = B_SPLINE_CURVE_WITH_KNOTS('',7,(#1038,#1039,#1040,#1041,#1042,
    #1043,#1044,#1045),.UNSPECIFIED.,.F.,.F.,(8,8),(0.,1.),
  .PIECEWISE_BEZIER_KNOTS.);
#1038 = CARTESIAN_POINT('',(-0.466816666667,0.132547226714));
#1039 = CARTESIAN_POINT('',(-0.434350582858,2.791131824915E-02));
#1040 = CARTESIAN_POINT('',(-0.389576312338,-7.443390719036E-02));
#1041 = CARTESIAN_POINT('',(-0.331989605607,-0.171726771328));
#1042 = CARTESIAN_POINT('',(-0.261734115713,-0.261007261168));
#1043 = CARTESIAN_POINT('',(-0.179693107312,-0.339382402561));
#1044 = CARTESIAN_POINT('',(-8.770416031759E-02,-0.404229452516));
#1045 = CARTESIAN_POINT('',(1.117110479466E-02,-0.454119048021));
#1046 = ( GEOMETRIC_REPRESENTATION_CONTEXT(2) 
PARAMETRIC_REPRESENTATION_CONTEXT() REPRESENTATION_CONTEXT('2D SPACE',''
  ) );
#1047 = PCURVE('',#1048,#1098);
#1048 = ( BOUNDED_SURFACE() B_SPLINE_SURFACE(2,2,(
    (#1049,#1050,#1051,#1052,#1053,#1054,#1055)
    ,(#1056,#1057,#1058,#1059,#1060,#1061,#1062)
    ,(#1063,#1064,#1065,#1066,#1067,#1068,#1069)
    ,(#1070,#1071,#1072,#1073,#1074,#1075,#1076)
    ,(#1077,#1078,#1079,#1080,#1081,#1082,#1083)
    ,(#1084,#1085,#1086,#1087,#1088,#1089,#1090)
    ,(#1091,#1092,#1093,#1094,#1095,#1096,#1097
)),.UNSPECIFIED.,.T.,.T.,.F.) B_SPLINE_SURFACE_WITH_KNOTS((1,2,2,2,2,1),
  (1,2,2,2,2,1),(-2.094395102393,0.,2.094395102393,4.188790204786,
    6.28318530718,8.377580409573),(-2.094395102393,0.,2.094395102393,
    4.188790204786,6.28318530718,8.377580409573),.UNSPECIFIED.) 
GEOMETRIC_REPRESENTATION_ITEM() RATIONAL_B_SPLINE_SURFACE((
    (1.,0.5,1.,0.5,1.,0.5,1.)
    ,(0.5,0.25,0.5,0.25,0.5,0.25,0.5)
    ,(1.,0.5,1.,0.5,1.,0.5,1.)
    ,(0.5,0.25,0.5,0.25,0.5,0.25,0.5)
    ,(1.,0.5,1.,0.5,1.,0.5,1.)
    ,(0.5,0.25,0.5,0.25,0.5,0.25,0.5)
,(1.,0.5,1.,0.5,1.,0.5,1.))) REPRESENTATION_ITEM('') SURFACE() );
#1049 = CARTESIAN_POINT('',(10.85415,0.,0.));
#1050 = CARTESIAN_POINT('',(10.85415,-1.92456825483,1.642498578575E-16)
  );
#1051 = CARTESIAN_POINT('',(9.572925,-0.962284127415,8.212492892873E-17)
  );
#1052 = CARTESIAN_POINT('',(8.2917,-2.721532581745E-16,
    2.322657762769E-32));
#1053 = CARTESIAN_POINT('',(9.572925,0.962284127415,-8.212492892873E-17)
  );
#1054 = CARTESIAN_POINT('',(10.85415,1.92456825483,-1.642498578575E-16)
  );
#1055 = CARTESIAN_POINT('',(10.85415,0.,0.));
#1056 = CARTESIAN_POINT('',(10.85415,2.715221235771E-15,18.799939272974)
  );
#1057 = CARTESIAN_POINT('',(10.85415,-1.92456825483,18.799939272974));
#1058 = CARTESIAN_POINT('',(9.572925,-0.962284127415,16.580792477046));
#1059 = CARTESIAN_POINT('',(8.2917,1.802057980903E-15,14.361645681119));
#1060 = CARTESIAN_POINT('',(9.572925,0.962284127415,16.580792477046));
#1061 = CARTESIAN_POINT('',(10.85415,1.92456825483,18.799939272974));
#1062 = CARTESIAN_POINT('',(10.85415,2.715221235771E-15,18.799939272974)
  );
#1063 = CARTESIAN_POINT('',(-5.427075,1.357610617885E-15,9.399969636487)
  );
#1064 = CARTESIAN_POINT('',(-5.427075,-1.92456825483,9.399969636487));
#1065 = CARTESIAN_POINT('',(-4.7864625,-0.962284127415,8.290396238523));
#1066 = CARTESIAN_POINT('',(-4.14585,7.649523613645E-16,7.180822840559)
  );
#1067 = CARTESIAN_POINT('',(-4.7864625,0.962284127415,8.290396238523));
#1068 = CARTESIAN_POINT('',(-5.427075,1.92456825483,9.399969636487));
#1069 = CARTESIAN_POINT('',(-5.427075,1.357610617885E-15,9.399969636487)
  );
#1070 = CARTESIAN_POINT('',(-21.7083,3.839595213758E-31,
    2.658500010993E-15));
#1071 = CARTESIAN_POINT('',(-21.7083,-1.92456825483,2.822749868851E-15)
  );
#1072 = CARTESIAN_POINT('',(-19.14585,-0.962284127415,2.426815320874E-15
    ));
#1073 = CARTESIAN_POINT('',(-16.5834,-2.721532581745E-16,
    2.030880772898E-15));
#1074 = CARTESIAN_POINT('',(-19.14585,0.962284127415,2.262565463017E-15)
  );
#1075 = CARTESIAN_POINT('',(-21.7083,1.92456825483,2.494250153136E-15));
#1076 = CARTESIAN_POINT('',(-21.7083,3.839595213758E-31,
    2.658500010993E-15));
#1077 = CARTESIAN_POINT('',(-5.427075,-1.357610617885E-15,
    -9.399969636487));
#1078 = CARTESIAN_POINT('',(-5.427075,-1.92456825483,-9.399969636487));
#1079 = CARTESIAN_POINT('',(-4.7864625,-0.962284127415,-8.290396238523)
  );
#1080 = CARTESIAN_POINT('',(-4.14585,-1.309258877714E-15,-7.180822840559
    ));
#1081 = CARTESIAN_POINT('',(-4.7864625,0.962284127415,-8.290396238523));
#1082 = CARTESIAN_POINT('',(-5.427075,1.92456825483,-9.399969636487));
#1083 = CARTESIAN_POINT('',(-5.427075,-1.357610617885E-15,
    -9.399969636487));
#1084 = CARTESIAN_POINT('',(10.85415,-2.715221235771E-15,-18.79993927297
    ));
#1085 = CARTESIAN_POINT('',(10.85415,-1.92456825483,-18.79993927297));
#1086 = CARTESIAN_POINT('',(9.572925,-0.962284127415,-16.58079247704));
#1087 = CARTESIAN_POINT('',(8.2917,-2.346364497253E-15,-14.36164568111)
  );
#1088 = CARTESIAN_POINT('',(9.572925,0.962284127415,-16.58079247704));
#1089 = CARTESIAN_POINT('',(10.85415,1.92456825483,-18.79993927297));
#1090 = CARTESIAN_POINT('',(10.85415,-2.715221235771E-15,-18.79993927297
    ));
#1091 = CARTESIAN_POINT('',(10.85415,0.,0.));
#1092 = CARTESIAN_POINT('',(10.85415,-1.92456825483,1.642498578575E-16)
  );
#1093 = CARTESIAN_POINT('',(9.572925,-0.962284127415,8.212492892873E-17)
  );
#1094 = CARTESIAN_POINT('',(8.2917,-2.721532581745E-16,
    2.322657762769E-32));
#1095 = CARTESIAN_POINT('',(9.572925,0.962284127415,-8.212492892873E-17)
  );
#1096 = CARTESIAN_POINT('',(10.85415,1.92456825483,-1.642498578575E-16)
  );
#1097 = CARTESIAN_POINT('',(10.85415,0.,0.));
#1098 = DEFINITIONAL_REPRESENTATION('',(#1099),#1108);
#1099 = B_SPLINE_CURVE_WITH_KNOTS('',7,(#1100,#1101,#1102,#1103,#1104,
    #1105,#1106,#1107),.UNSPECIFIED.,.F.,.F.,(8,8),(0.,1.),
  .PIECEWISE_BEZIER_KNOTS.);
#1100 = CARTESIAN_POINT('',(2.185840526879,0.441396081424));
#1101 = CARTESIAN_POINT('',(2.185167128015,0.543895723037));
#1102 = CARTESIAN_POINT('',(2.18379051755,0.645267659643));
#1103 = CARTESIAN_POINT('',(2.181640988981,0.745803084976));
#1104 = CARTESIAN_POINT('',(2.178670422134,0.845967301446));
#1105 = CARTESIAN_POINT('',(2.174857861231,0.946228716727));
#1106 = CARTESIAN_POINT('',(2.170227450439,1.047061574081));
#1107 = CARTESIAN_POINT('',(2.164903821723,1.148356346641));
#1108 = ( GEOMETRIC_REPRESENTATION_CONTEXT(2) 
PARAMETRIC_REPRESENTATION_CONTEXT() REPRESENTATION_CONTEXT('2D SPACE',''
  ) );
#1109 = ADVANCED_FACE('',(#1110),#484,.T.);
#1110 = FACE_BOUND('',#1111,.T.);
#1111 = EDGE_LOOP('',(#1112,#1113,#1175,#1217));
#1112 = ORIENTED_EDGE('',*,*,#957,.T.);
#1113 = ORIENTED_EDGE('',*,*,#1114,.F.);
#1114 = EDGE_CURVE('',#1115,#958,#1117,.T.);
#1115 = VERTEX_POINT('',#1116);
#1116 = CARTESIAN_POINT('',(-5.866217282462,-0.869870198769,
    8.746372758901));
#1117 = SURFACE_CURVE('',#1118,(#1135,#1155),.PCURVE_S1.);
#1118 = B_SPLINE_CURVE_WITH_KNOTS('',8,(#1119,#1120,#1121,#1122,#1123,
    #1124,#1125,#1126,#1127,#1128,#1129,#1130,#1131,#1132,#1133,#1134),
  .UNSPECIFIED.,.F.,.F.,(9,7,9),(0.,0.362427217703,1.),.UNSPECIFIED.);
#1119 = CARTESIAN_POINT('',(-5.773074534548,-0.90644139944,
    8.763338623324));
#1120 = CARTESIAN_POINT('',(-5.791150474315,-0.903328240136,
    8.755472577028));
#1121 = CARTESIAN_POINT('',(-5.809721679778,-0.898258064572,
    8.749724254946));
#1122 = CARTESIAN_POINT('',(-5.828260624297,-0.891382363426,
    8.746149897252));
#1123 = CARTESIAN_POINT('',(-5.846336514588,-0.882925974772,
    8.744573891346));
#1124 = CARTESIAN_POINT('',(-5.863623931052,-0.873112135359,
    8.744760472474));
#1125 = CARTESIAN_POINT('',(-5.879896523513,-0.862150775399,
    8.74647508513));
#1126 = CARTESIAN_POINT('',(-5.895011269926,-0.850237075346,
    8.749500611102));
#1127 = CARTESIAN_POINT('',(-5.933301814825,-0.815113410183,
    8.761014809564));
#1128 = CARTESIAN_POINT('',(-5.953765510039,-0.790305459363,
    8.771870219914));
#1129 = CARTESIAN_POINT('',(-5.970055329564,-0.763741600557,
    8.785331822697));
#1130 = CARTESIAN_POINT('',(-5.981781793935,-0.736065868436,
    8.800914020139));
#1131 = CARTESIAN_POINT('',(-5.988719012389,-0.708075824776,
    8.818143975383));
#1132 = CARTESIAN_POINT('',(-5.990698281133,-0.680633188212,
    8.836721542372));
#1133 = CARTESIAN_POINT('',(-5.987743128174,-0.654596903957,
    8.856358165723));
#1134 = CARTESIAN_POINT('',(-5.979676844045,-0.630929327038,
    8.876923509921));
#1135 = PCURVE('',#484,#1136);
#1136 = DEFINITIONAL_REPRESENTATION('',(#1137),#1154);
#1137 = B_SPLINE_CURVE_WITH_KNOTS('',8,(#1138,#1139,#1140,#1141,#1142,
    #1143,#1144,#1145,#1146,#1147,#1148,#1149,#1150,#1151,#1152,#1153),
  .UNSPECIFIED.,.F.,.F.,(9,7,9),(0.,0.362427217703,1.),.UNSPECIFIED.);
#1138 = CARTESIAN_POINT('',(4.447579859405,0.216035345146));
#1139 = CARTESIAN_POINT('',(4.395667381935,0.193673272999));
#1140 = CARTESIAN_POINT('',(4.341523229975,0.17745732878));
#1141 = CARTESIAN_POINT('',(4.286132998092,0.167407573644));
#1142 = CARTESIAN_POINT('',(4.230313590382,0.162979109079));
#1143 = CARTESIAN_POINT('',(4.174694057538,0.163500030257));
#1144 = CARTESIAN_POINT('',(4.1197110089,0.168318768395));
#1145 = CARTESIAN_POINT('',(4.065606788769,0.176841232758));
#1146 = CARTESIAN_POINT('',(3.918851302576,0.209391023704));
#1147 = CARTESIAN_POINT('',(3.828578649999,0.240172916089));
#1148 = CARTESIAN_POINT('',(3.741196527264,0.278585806183));
#1149 = CARTESIAN_POINT('',(3.656842958862,0.323543239585));
#1150 = CARTESIAN_POINT('',(3.575501565174,0.374069236372));
#1151 = CARTESIAN_POINT('',(3.497445159366,0.429932734672));
#1152 = CARTESIAN_POINT('',(3.422872524057,0.490986720744));
#1153 = CARTESIAN_POINT('',(3.35263785154,0.558316216476));
#1154 = ( GEOMETRIC_REPRESENTATION_CONTEXT(2) 
PARAMETRIC_REPRESENTATION_CONTEXT() REPRESENTATION_CONTEXT('2D SPACE',''
  ) );
#1155 = PCURVE('',#1048,#1156);
#1156 = DEFINITIONAL_REPRESENTATION('',(#1157),#1174);
#1157 = B_SPLINE_CURVE_WITH_KNOTS('',8,(#1158,#1159,#1160,#1161,#1162,
    #1163,#1164,#1165,#1166,#1167,#1168,#1169,#1170,#1171,#1172,#1173),
  .UNSPECIFIED.,.F.,.F.,(9,7,9),(0.,0.362427217703,1.),.UNSPECIFIED.);
#1158 = CARTESIAN_POINT('',(2.16447063361,0.962667320305));
#1159 = CARTESIAN_POINT('',(2.166636229088,0.958264629623));
#1160 = CARTESIAN_POINT('',(2.168713980961,0.95112775278));
#1161 = CARTESIAN_POINT('',(2.170650059915,0.941541457556));
#1162 = CARTESIAN_POINT('',(2.172414867246,0.929949611269));
#1163 = CARTESIAN_POINT('',(2.173993317449,0.916782760044));
#1164 = CARTESIAN_POINT('',(2.17537999806,0.902410932941));
#1165 = CARTESIAN_POINT('',(2.17657619583,0.887141661492));
#1166 = CARTESIAN_POINT('',(2.179361810344,0.84310949299));
#1167 = CARTESIAN_POINT('',(2.180551598137,0.813042489771));
#1168 = CARTESIAN_POINT('',(2.181196379922,0.781990296802));
#1169 = CARTESIAN_POINT('',(2.18129618022,0.750714708498));
#1170 = CARTESIAN_POINT('',(2.18086443242,0.719985931477));
#1171 = CARTESIAN_POINT('',(2.17990697693,0.69053335201));
#1172 = CARTESIAN_POINT('',(2.178444479838,0.663067757089));
#1173 = CARTESIAN_POINT('',(2.176467942749,0.638408692993));
#1174 = ( GEOMETRIC_REPRESENTATION_CONTEXT(2) 
PARAMETRIC_REPRESENTATION_CONTEXT() REPRESENTATION_CONTEXT('2D SPACE',''
  ) );
#1175 = ORIENTED_EDGE('',*,*,#1176,.F.);
#1176 = EDGE_CURVE('',#443,#1115,#1177,.T.);
#1177 = SURFACE_CURVE('',#1178,(#1183,#1210),.PCURVE_S1.);
#1178 = CIRCLE('',#1179,0.3601296);
#1179 = AXIS2_PLACEMENT_3D('',#1180,#1181,#1182);
#1180 = CARTESIAN_POINT('',(-5.681010555556,-0.566944444444,
    8.686141666667));
#1181 = DIRECTION('',(0.499917397805,-0.135566414168,0.855397184191));
#1182 = DIRECTION('',(-0.86336756809,0.,0.504575507104));
#1183 = PCURVE('',#484,#1184);
#1184 = DEFINITIONAL_REPRESENTATION('',(#1185),#1209);
#1185 = B_SPLINE_CURVE_WITH_KNOTS('',8,(#1186,#1187,#1188,#1189,#1190,
    #1191,#1192,#1193,#1194,#1195,#1196,#1197,#1198,#1199,#1200,#1201,
    #1202,#1203,#1204,#1205,#1206,#1207,#1208),.UNSPECIFIED.,.F.,.F.,(9,
    7,7,9),(4.484455520257,5.269853683655,6.447950928751,7.626048173847)
  ,.UNSPECIFIED.);
#1186 = CARTESIAN_POINT('',(1.305987205815,0.));
#1187 = CARTESIAN_POINT('',(1.389965627995,5.085184515943E-02));
#1188 = CARTESIAN_POINT('',(1.473943118297,0.101704347066));
#1189 = CARTESIAN_POINT('',(1.558586189864,0.152007931759));
#1190 = CARTESIAN_POINT('',(1.644547867633,0.201221178223));
#1191 = CARTESIAN_POINT('',(1.732479856717,0.248772037201));
#1192 = CARTESIAN_POINT('',(1.823000275036,0.294038074336));
#1193 = CARTESIAN_POINT('',(1.916616950162,0.336345737658));
#1194 = CARTESIAN_POINT('',(2.159090275741,0.432953016978));
#1195 = CARTESIAN_POINT('',(2.312162326027,0.482677023596));
#1196 = CARTESIAN_POINT('',(2.4737427174,0.521757421387));
#1197 = CARTESIAN_POINT('',(2.643521343496,0.547846741018));
#1198 = CARTESIAN_POINT('',(2.819342611931,0.558316216476));
#1199 = CARTESIAN_POINT('',(2.994201005038,0.552661785833));
#1200 = CARTESIAN_POINT('',(3.164356944189,0.532240018161));
#1201 = CARTESIAN_POINT('',(3.491123211204,0.4657522497));
#1202 = CARTESIAN_POINT('',(3.647741876038,0.419690221625));
#1203 = CARTESIAN_POINT('',(3.795579048227,0.36277340307));
#1204 = CARTESIAN_POINT('',(3.934746250165,0.29772642083));
#1205 = CARTESIAN_POINT('',(4.067453540036,0.226991978384));
#1206 = CARTESIAN_POINT('',(4.195642861985,0.15255497467));
#1207 = CARTESIAN_POINT('',(4.321612226135,7.627776773915E-02));
#1208 = CARTESIAN_POINT('',(4.447579859405,0.));
#1209 = ( GEOMETRIC_REPRESENTATION_CONTEXT(2) 
PARAMETRIC_REPRESENTATION_CONTEXT() REPRESENTATION_CONTEXT('2D SPACE',''
  ) );
#1210 = PCURVE('',#543,#1211);
#1211 = DEFINITIONAL_REPRESENTATION('',(#1212),#1216);
#1212 = CIRCLE('',#1213,0.3601296);
#1213 = AXIS2_PLACEMENT_2D('',#1214,#1215);
#1214 = CARTESIAN_POINT('',(0.,0.));
#1215 = DIRECTION('',(-1.,0.));
#1216 = ( GEOMETRIC_REPRESENTATION_CONTEXT(2) 
PARAMETRIC_REPRESENTATION_CONTEXT() REPRESENTATION_CONTEXT('2D SPACE',''
  ) );
#1217 = ORIENTED_EDGE('',*,*,#442,.F.);
#1218 = ADVANCED_FACE('',(#1219),#543,.F.);
#1219 = FACE_BOUND('',#1220,.F.);
#1220 = EDGE_LOOP('',(#1221,#1222,#1223,#1245,#1246));
#1221 = ORIENTED_EDGE('',*,*,#1176,.F.);
#1222 = ORIENTED_EDGE('',*,*,#509,.F.);
#1223 = ORIENTED_EDGE('',*,*,#1224,.T.);
#1224 = EDGE_CURVE('',#510,#908,#1225,.T.);
#1225 = SURFACE_CURVE('',#1226,(#1231,#1238),.PCURVE_S1.);
#1226 = CIRCLE('',#1227,0.466816666667);
#1227 = AXIS2_PLACEMENT_3D('',#1228,#1229,#1230);
#1228 = CARTESIAN_POINT('',(-5.681010555556,-0.566944444444,
    8.686141666667));
#1229 = DIRECTION('',(0.499917397805,-0.135566414168,0.855397184191));
#1230 = DIRECTION('',(0.86336756809,0.,-0.504575507104));
#1231 = PCURVE('',#543,#1232);
#1232 = DEFINITIONAL_REPRESENTATION('',(#1233),#1237);
#1233 = CIRCLE('',#1234,0.466816666667);
#1234 = AXIS2_PLACEMENT_2D('',#1235,#1236);
#1235 = CARTESIAN_POINT('',(0.,0.));
#1236 = DIRECTION('',(1.,0.));
#1237 = ( GEOMETRIC_REPRESENTATION_CONTEXT(2) 
PARAMETRIC_REPRESENTATION_CONTEXT() REPRESENTATION_CONTEXT('2D SPACE',''
  ) );
#1238 = PCURVE('',#195,#1239);
#1239 = DEFINITIONAL_REPRESENTATION('',(#1240),#1244);
#1240 = LINE('',#1241,#1242);
#1241 = CARTESIAN_POINT('',(-0.,-0.));
#1242 = VECTOR('',#1243,1.);
#1243 = DIRECTION('',(-1.,-0.));
#1244 = ( GEOMETRIC_REPRESENTATION_CONTEXT(2) 
PARAMETRIC_REPRESENTATION_CONTEXT() REPRESENTATION_CONTEXT('2D SPACE',''
  ) );
#1245 = ORIENTED_EDGE('',*,*,#1003,.T.);
#1246 = ORIENTED_EDGE('',*,*,#1247,.F.);
#1247 = EDGE_CURVE('',#1115,#1004,#1248,.T.);
#1248 = SURFACE_CURVE('',#1249,(#1262,#1278),.PCURVE_S1.);
#1249 = B_SPLINE_CURVE_WITH_KNOTS('',6,(#1250,#1251,#1252,#1253,#1254,
    #1255,#1256,#1257,#1258,#1259,#1260,#1261),.UNSPECIFIED.,.F.,.F.,(7,
    5,7),(0.,0.468237832661,1.),.UNSPECIFIED.);
#1250 = CARTESIAN_POINT('',(-6.068780678981,-0.34585439776,
    8.947804225327));
#1251 = CARTESIAN_POINT('',(-6.061399930204,-0.409801591584,
    8.933356134179));
#1252 = CARTESIAN_POINT('',(-6.050272727129,-0.473409983413,
    8.916772207718));
#1253 = CARTESIAN_POINT('',(-6.035201196256,-0.536129811263,
    8.898023931537));
#1254 = CARTESIAN_POINT('',(-6.01603647675,-0.597340695127,
    8.877122627361));
#1255 = CARTESIAN_POINT('',(-5.992701285867,-0.656358446218,
    8.854131561742));
#1256 = CARTESIAN_POINT('',(-5.934046090337,-0.776203977391,
    8.800858319237));
#1257 = CARTESIAN_POINT('',(-5.897519381494,-0.836212193551,
    8.770000799001));
#1258 = CARTESIAN_POINT('',(-5.855735880079,-0.891405499135,8.7368341504
    ));
#1259 = CARTESIAN_POINT('',(-5.808983872745,-0.94070759773,
    8.701697431316));
#1260 = CARTESIAN_POINT('',(-5.757818622467,-0.983146218237,
    8.665069241557));
#1261 = CARTESIAN_POINT('',(-5.703124405699,-1.018094976888,8.6275656479
    ));
#1262 = PCURVE('',#543,#1263);
#1263 = DEFINITIONAL_REPRESENTATION('',(#1264),#1277);
#1264 = B_SPLINE_CURVE_WITH_KNOTS('',6,(#1265,#1266,#1267,#1268,#1269,
    #1270,#1271,#1272,#1273,#1274,#1275,#1276),.UNSPECIFIED.,.F.,.F.,(7,
    5,7),(0.,0.468237832661,1.),.UNSPECIFIED.);
#1265 = CARTESIAN_POINT('',(-0.466816666667,0.223150110221));
#1266 = CARTESIAN_POINT('',(-0.453154214626,0.158607071925));
#1267 = CARTESIAN_POINT('',(-0.435179505264,9.440599249749E-02));
#1268 = CARTESIAN_POINT('',(-0.412707313345,3.110175647383E-02));
#1269 = CARTESIAN_POINT('',(-0.385614829918,-3.067947558806E-02));
#1270 = CARTESIAN_POINT('',(-0.353867254321,-9.024713979755E-02));
#1271 = CARTESIAN_POINT('',(-0.276345887449,-0.21120936262));
#1272 = CARTESIAN_POINT('',(-0.229239962744,-0.271776720812));
#1273 = CARTESIAN_POINT('',(-0.176430364204,-0.327484304258));
#1274 = CARTESIAN_POINT('',(-0.118337069479,-0.377245787872));
#1275 = CARTESIAN_POINT('',(-5.568096435345E-02,-0.420079841173));
#1276 = CARTESIAN_POINT('',(1.046364335409E-02,-0.455354243896));
#1277 = ( GEOMETRIC_REPRESENTATION_CONTEXT(2) 
PARAMETRIC_REPRESENTATION_CONTEXT() REPRESENTATION_CONTEXT('2D SPACE',''
  ) );
#1278 = PCURVE('',#1048,#1279);
#1279 = DEFINITIONAL_REPRESENTATION('',(#1280),#1293);
#1280 = B_SPLINE_CURVE_WITH_KNOTS('',6,(#1281,#1282,#1283,#1284,#1285,
    #1286,#1287,#1288,#1289,#1290,#1291,#1292),.UNSPECIFIED.,.F.,.F.,(7,
    5,7),(0.,0.468237832661,1.),.UNSPECIFIED.);
#1281 = CARTESIAN_POINT('',(2.180156646563,0.353396953483));
#1282 = CARTESIAN_POINT('',(2.180371717853,0.416353359999));
#1283 = CARTESIAN_POINT('',(2.180383197577,0.478724592817));
#1284 = CARTESIAN_POINT('',(2.180174272487,0.540666983614));
#1285 = CARTESIAN_POINT('',(2.179728724855,0.602334265742));
#1286 = CARTESIAN_POINT('',(2.179031541636,0.663881078058));
#1287 = CARTESIAN_POINT('',(2.17698229443,0.79536096805));
#1288 = CARTESIAN_POINT('',(2.175553865062,0.865321720574));
#1289 = CARTESIAN_POINT('',(2.173771507727,0.935473339465));
#1290 = CARTESIAN_POINT('',(2.171628591868,1.005964500716));
#1291 = CARTESIAN_POINT('',(2.169131513338,1.076930228139));
#1292 = CARTESIAN_POINT('',(2.166311617195,1.148356346641));
#1293 = ( GEOMETRIC_REPRESENTATION_CONTEXT(2) 
PARAMETRIC_REPRESENTATION_CONTEXT() REPRESENTATION_CONTEXT('2D SPACE',''
  ) );
#1294 = ADVANCED_FACE('',(#1295),#195,.T.);
#1295 = FACE_BOUND('',#1296,.T.);
#1296 = EDGE_LOOP('',(#1297,#1323,#1324,#1348,#1370,#1371));
#1297 = ORIENTED_EDGE('',*,*,#1298,.T.);
#1298 = EDGE_CURVE('',#908,#146,#1299,.T.);
#1299 = SURFACE_CURVE('',#1300,(#1305,#1316),.PCURVE_S1.);
#1300 = ELLIPSE('',#1301,0.468959857927,0.466820971313);
#1301 = AXIS2_PLACEMENT_3D('',#1302,#1303,#1304);
#1302 = CARTESIAN_POINT('',(-5.682764647539,-0.566480971475,
    8.687015878592));
#1303 = DIRECTION('',(0.418816117386,-0.114153415684,0.900867391743));
#1304 = DIRECTION('',(-0.870981945979,0.230134219277,0.434083737195));
#1305 = PCURVE('',#195,#1306);
#1306 = DEFINITIONAL_REPRESENTATION('',(#1307),#1315);
#1307 = B_SPLINE_CURVE_WITH_KNOTS('',6,(#1308,#1309,#1310,#1311,#1312,
    #1313,#1314),.UNSPECIFIED.,.F.,.F.,(7,7),(1.575090789903,
    3.362710030293),.PIECEWISE_BEZIER_KNOTS.);
#1308 = CARTESIAN_POINT('',(-4.490327763644,-8.988199168953E-16));
#1309 = CARTESIAN_POINT('',(-4.788267051065,-1.331570761059E-02));
#1310 = CARTESIAN_POINT('',(-5.086663584414,-2.660898391108E-02));
#1311 = CARTESIAN_POINT('',(-5.385519673158,-3.77672611487E-02));
#1312 = CARTESIAN_POINT('',(-5.684709668954,-4.461107858939E-02));
#1313 = CARTESIAN_POINT('',(-5.983997951462,-4.633385205314E-02));
#1314 = CARTESIAN_POINT('',(-6.28318530718,-4.341342503968E-02));
#1315 = ( GEOMETRIC_REPRESENTATION_CONTEXT(2) 
PARAMETRIC_REPRESENTATION_CONTEXT() REPRESENTATION_CONTEXT('2D SPACE',''
  ) );
#1316 = PCURVE('',#246,#1317);
#1317 = DEFINITIONAL_REPRESENTATION('',(#1318),#1322);
#1318 = ELLIPSE('',#1319,0.468959857927,0.466820971313);
#1319 = AXIS2_PLACEMENT_2D('',#1320,#1321);
#1320 = CARTESIAN_POINT('',(-1.959144983555E-03,4.665225655783E-04));
#1321 = DIRECTION('',(-0.972799560186,0.231648474422));
#1322 = ( GEOMETRIC_REPRESENTATION_CONTEXT(2) 
PARAMETRIC_REPRESENTATION_CONTEXT() REPRESENTATION_CONTEXT('2D SPACE',''
  ) );
#1323 = ORIENTED_EDGE('',*,*,#143,.F.);
#1324 = ORIENTED_EDGE('',*,*,#1325,.F.);
#1325 = EDGE_CURVE('',#1326,#144,#1328,.T.);
#1326 = VERTEX_POINT('',#1327);
#1327 = CARTESIAN_POINT('',(-5.420517820833,-1.086684633694,
    9.321061589297));
#1328 = SURFACE_CURVE('',#1329,(#1334,#1341),.PCURVE_S1.);
#1329 = CIRCLE('',#1330,0.433453333333);
#1330 = AXIS2_PLACEMENT_3D('',#1331,#1332,#1333);
#1331 = CARTESIAN_POINT('',(-5.309175555556,-0.667777777778,9.32238));
#1332 = DIRECTION('',(0.499917397805,-0.135566414168,0.855397184191));
#1333 = DIRECTION('',(0.86336756809,0.,-0.504575507104));
#1334 = PCURVE('',#195,#1335);
#1335 = DEFINITIONAL_REPRESENTATION('',(#1336),#1340);
#1336 = LINE('',#1337,#1338);
#1337 = CARTESIAN_POINT('',(-0.,-0.743792877849));
#1338 = VECTOR('',#1339,1.);
#1339 = DIRECTION('',(-1.,-0.));
#1340 = ( GEOMETRIC_REPRESENTATION_CONTEXT(2) 
PARAMETRIC_REPRESENTATION_CONTEXT() REPRESENTATION_CONTEXT('2D SPACE',''
  ) );
#1341 = PCURVE('',#890,#1342);
#1342 = DEFINITIONAL_REPRESENTATION('',(#1343),#1347);
#1343 = CIRCLE('',#1344,0.433453333333);
#1344 = AXIS2_PLACEMENT_2D('',#1345,#1346);
#1345 = CARTESIAN_POINT('',(0.,0.));
#1346 = DIRECTION('',(1.,0.));
#1347 = ( GEOMETRIC_REPRESENTATION_CONTEXT(2) 
PARAMETRIC_REPRESENTATION_CONTEXT() REPRESENTATION_CONTEXT('2D SPACE',''
  ) );
#1348 = ORIENTED_EDGE('',*,*,#1349,.F.);
#1349 = EDGE_CURVE('',#565,#1326,#1350,.T.);
#1350 = SURFACE_CURVE('',#1351,(#1356,#1363),.PCURVE_S1.);
#1351 = CIRCLE('',#1352,0.433453333333);
#1352 = AXIS2_PLACEMENT_3D('',#1353,#1354,#1355);
#1353 = CARTESIAN_POINT('',(-5.309175555556,-0.667777777778,9.32238));
#1354 = DIRECTION('',(0.499917397805,-0.135566414168,0.855397184191));
#1355 = DIRECTION('',(0.86336756809,0.,-0.504575507104));
#1356 = PCURVE('',#195,#1357);
#1357 = DEFINITIONAL_REPRESENTATION('',(#1358),#1362);
#1358 = LINE('',#1359,#1360);
#1359 = CARTESIAN_POINT('',(-0.,-0.743792877849));
#1360 = VECTOR('',#1361,1.);
#1361 = DIRECTION('',(-1.,-0.));
#1362 = ( GEOMETRIC_REPRESENTATION_CONTEXT(2) 
PARAMETRIC_REPRESENTATION_CONTEXT() REPRESENTATION_CONTEXT('2D SPACE',''
  ) );
#1363 = PCURVE('',#644,#1364);
#1364 = DEFINITIONAL_REPRESENTATION('',(#1365),#1369);
#1365 = CIRCLE('',#1366,0.433453333333);
#1366 = AXIS2_PLACEMENT_2D('',#1367,#1368);
#1367 = CARTESIAN_POINT('',(0.,0.));
#1368 = DIRECTION('',(1.,0.));
#1369 = ( GEOMETRIC_REPRESENTATION_CONTEXT(2) 
PARAMETRIC_REPRESENTATION_CONTEXT() REPRESENTATION_CONTEXT('2D SPACE',''
  ) );
#1370 = ORIENTED_EDGE('',*,*,#564,.F.);
#1371 = ORIENTED_EDGE('',*,*,#1224,.T.);
#1372 = ADVANCED_FACE('',(#1373),#644,.T.);
#1373 = FACE_BOUND('',#1374,.T.);
#1374 = EDGE_LOOP('',(#1375,#1419,#1420,#1421,#1442));
#1375 = ORIENTED_EDGE('',*,*,#1376,.F.);
#1376 = EDGE_CURVE('',#621,#1377,#1379,.T.);
#1377 = VERTEX_POINT('',#1378);
#1378 = CARTESIAN_POINT('',(-5.39714343781,-0.992169885197,9.32238));
#1379 = SURFACE_CURVE('',#1380,(#1385,#1392),.PCURVE_S1.);
#1380 = CIRCLE('',#1381,0.336108);
#1381 = AXIS2_PLACEMENT_3D('',#1382,#1383,#1384);
#1382 = CARTESIAN_POINT('',(-5.309175555556,-0.667777777778,9.32238));
#1383 = DIRECTION('',(0.499917397805,-0.135566414168,0.855397184191));
#1384 = DIRECTION('',(-0.86336756809,0.,0.504575507104));
#1385 = PCURVE('',#644,#1386);
#1386 = DEFINITIONAL_REPRESENTATION('',(#1387),#1391);
#1387 = CIRCLE('',#1388,0.336108);
#1388 = AXIS2_PLACEMENT_2D('',#1389,#1390);
#1389 = CARTESIAN_POINT('',(0.,0.));
#1390 = DIRECTION('',(-1.,0.));
#1391 = ( GEOMETRIC_REPRESENTATION_CONTEXT(2) 
PARAMETRIC_REPRESENTATION_CONTEXT() REPRESENTATION_CONTEXT('2D SPACE',''
  ) );
#1392 = PCURVE('',#686,#1393);
#1393 = DEFINITIONAL_REPRESENTATION('',(#1394),#1418);
#1394 = B_SPLINE_CURVE_WITH_KNOTS('',8,(#1395,#1396,#1397,#1398,#1399,
    #1400,#1401,#1402,#1403,#1404,#1405,#1406,#1407,#1408,#1409,#1410,
    #1411,#1412,#1413,#1414,#1415,#1416,#1417),.UNSPECIFIED.,.F.,.F.,(9,
    7,7,9),(4.484455520257,5.269853683655,6.447950928751,7.626048173847)
  ,.UNSPECIFIED.);
#1395 = CARTESIAN_POINT('',(1.305987205815,0.));
#1396 = CARTESIAN_POINT('',(1.389965627995,5.085184515943E-02));
#1397 = CARTESIAN_POINT('',(1.473943118297,0.101704347066));
#1398 = CARTESIAN_POINT('',(1.558586189864,0.152007931759));
#1399 = CARTESIAN_POINT('',(1.644547867632,0.201221178223));
#1400 = CARTESIAN_POINT('',(1.732479856717,0.248772037201));
#1401 = CARTESIAN_POINT('',(1.823000275036,0.294038074336));
#1402 = CARTESIAN_POINT('',(1.916616950162,0.336345737658));
#1403 = CARTESIAN_POINT('',(2.159090275741,0.432953016978));
#1404 = CARTESIAN_POINT('',(2.31216232603,0.482677023596));
#1405 = CARTESIAN_POINT('',(2.473742717386,0.521757421388));
#1406 = CARTESIAN_POINT('',(2.643521343496,0.547846741016));
#1407 = CARTESIAN_POINT('',(2.819342611927,0.558316216476));
#1408 = CARTESIAN_POINT('',(2.994201005041,0.552661785833));
#1409 = CARTESIAN_POINT('',(3.164356944189,0.532240018161));
#1410 = CARTESIAN_POINT('',(3.491123211204,0.4657522497));
#1411 = CARTESIAN_POINT('',(3.647741876041,0.419690221625));
#1412 = CARTESIAN_POINT('',(3.795579048214,0.36277340307));
#1413 = CARTESIAN_POINT('',(3.934746250176,0.297726420832));
#1414 = CARTESIAN_POINT('',(4.067453540016,0.226991978384));
#1415 = CARTESIAN_POINT('',(4.195642861986,0.15255497467));
#1416 = CARTESIAN_POINT('',(4.321612226135,7.627776773915E-02));
#1417 = CARTESIAN_POINT('',(4.447579859405,0.));
#1418 = ( GEOMETRIC_REPRESENTATION_CONTEXT(2) 
PARAMETRIC_REPRESENTATION_CONTEXT() REPRESENTATION_CONTEXT('2D SPACE',''
  ) );
#1419 = ORIENTED_EDGE('',*,*,#620,.F.);
#1420 = ORIENTED_EDGE('',*,*,#1349,.T.);
#1421 = ORIENTED_EDGE('',*,*,#1422,.T.);
#1422 = EDGE_CURVE('',#1326,#1423,#1425,.T.);
#1423 = VERTEX_POINT('',#1424);
#1424 = CARTESIAN_POINT('',(-5.309175555555,-0.667777777777,9.32238));
#1425 = SURFACE_CURVE('',#1426,(#1430,#1436),.PCURVE_S1.);
#1426 = LINE('',#1427,#1428);
#1427 = CARTESIAN_POINT('',(-5.309175555556,-0.667777777778,9.32238));
#1428 = VECTOR('',#1429,1.);
#1429 = DIRECTION('',(0.256872555164,0.966440499361,3.041643937432E-03)
  );
#1430 = PCURVE('',#644,#1431);
#1431 = DEFINITIONAL_REPRESENTATION('',(#1432),#1435);
#1432 = B_SPLINE_CURVE_WITH_KNOTS('',1,(#1433,#1434),.UNSPECIFIED.,.F.,
  .F.,(2,2),(-0.442977839948,0.442977839948),.PIECEWISE_BEZIER_KNOTS.);
#1433 = CARTESIAN_POINT('',(-9.756174699838E-02,-0.432100766266));
#1434 = CARTESIAN_POINT('',(9.756174699838E-02,0.432100766266));
#1435 = ( GEOMETRIC_REPRESENTATION_CONTEXT(2) 
PARAMETRIC_REPRESENTATION_CONTEXT() REPRESENTATION_CONTEXT('2D SPACE',''
  ) );
#1436 = PCURVE('',#727,#1437);
#1437 = DEFINITIONAL_REPRESENTATION('',(#1438),#1441);
#1438 = B_SPLINE_CURVE_WITH_KNOTS('',1,(#1439,#1440),.UNSPECIFIED.,.F.,
  .F.,(2,2),(-0.442977839948,0.442977839948),.PIECEWISE_BEZIER_KNOTS.);
#1439 = CARTESIAN_POINT('',(-9.136506174289E-02,-0.433453333333));
#1440 = CARTESIAN_POINT('',(9.136506174289E-02,0.433453333333));
#1441 = ( GEOMETRIC_REPRESENTATION_CONTEXT(2) 
PARAMETRIC_REPRESENTATION_CONTEXT() REPRESENTATION_CONTEXT('2D SPACE',''
  ) );
#1442 = ORIENTED_EDGE('',*,*,#1443,.T.);
#1443 = EDGE_CURVE('',#1423,#1377,#1444,.T.);
#1444 = SURFACE_CURVE('',#1445,(#1449,#1455),.PCURVE_S1.);
#1445 = LINE('',#1446,#1447);
#1446 = CARTESIAN_POINT('',(-5.309175555556,-0.667777777778,9.32238));
#1447 = VECTOR('',#1448,1.);
#1448 = DIRECTION('',(-0.261725047468,-0.965142476284,0.));
#1449 = PCURVE('',#644,#1450);
#1450 = DEFINITIONAL_REPRESENTATION('',(#1451),#1454);
#1451 = B_SPLINE_CURVE_WITH_KNOTS('',1,(#1452,#1453),.UNSPECIFIED.,.F.,
  .F.,(2,2),(-0.348247029075,0.348247029075),.PIECEWISE_BEZIER_KNOTS.);
#1452 = CARTESIAN_POINT('',(7.869161127844E-02,0.339239772984));
#1453 = CARTESIAN_POINT('',(-7.869161127844E-02,-0.339239772984));
#1454 = ( GEOMETRIC_REPRESENTATION_CONTEXT(2) 
PARAMETRIC_REPRESENTATION_CONTEXT() REPRESENTATION_CONTEXT('2D SPACE',''
  ) );
#1455 = PCURVE('',#1456,#1461);
#1456 = PLANE('',#1457);
#1457 = AXIS2_PLACEMENT_3D('',#1458,#1459,#1460);
#1458 = CARTESIAN_POINT('',(-5.309175555556,-0.667777777778,9.32238));
#1459 = DIRECTION('',(0.,0.,1.));
#1460 = DIRECTION('',(1.,0.,-0.));
#1461 = DEFINITIONAL_REPRESENTATION('',(#1462),#1465);
#1462 = B_SPLINE_CURVE_WITH_KNOTS('',1,(#1463,#1464),.UNSPECIFIED.,.F.,
  .F.,(2,2),(-0.348247029075,0.348247029075),.PIECEWISE_BEZIER_KNOTS.);
#1463 = CARTESIAN_POINT('',(9.114497021528E-02,0.336108));
#1464 = CARTESIAN_POINT('',(-9.114497021528E-02,-0.336108));
#1465 = ( GEOMETRIC_REPRESENTATION_CONTEXT(2) 
PARAMETRIC_REPRESENTATION_CONTEXT() REPRESENTATION_CONTEXT('2D SPACE',''
  ) );
#1466 = ADVANCED_FACE('',(#1467),#686,.T.);
#1467 = FACE_BOUND('',#1468,.T.);
#1468 = EDGE_LOOP('',(#1469,#1470,#1494,#1543));
#1469 = ORIENTED_EDGE('',*,*,#1376,.T.);
#1470 = ORIENTED_EDGE('',*,*,#1471,.T.);
#1471 = EDGE_CURVE('',#1377,#1472,#1474,.T.);
#1472 = VERTEX_POINT('',#1473);
#1473 = CARTESIAN_POINT('',(-5.396829073253,-0.992254970349,9.32238));
#1474 = SURFACE_CURVE('',#1475,(#1480,#1487),.PCURVE_S1.);
#1475 = CIRCLE('',#1476,0.336108);
#1476 = AXIS2_PLACEMENT_3D('',#1477,#1478,#1479);
#1477 = CARTESIAN_POINT('',(-5.309175555556,-0.667777777778,9.32238));
#1478 = DIRECTION('',(0.,0.,1.));
#1479 = DIRECTION('',(1.,0.,-0.));
#1480 = PCURVE('',#686,#1481);
#1481 = DEFINITIONAL_REPRESENTATION('',(#1482),#1486);
#1482 = LINE('',#1483,#1484);
#1483 = CARTESIAN_POINT('',(0.,0.));
#1484 = VECTOR('',#1485,1.);
#1485 = DIRECTION('',(1.,0.));
#1486 = ( GEOMETRIC_REPRESENTATION_CONTEXT(2) 
PARAMETRIC_REPRESENTATION_CONTEXT() REPRESENTATION_CONTEXT('2D SPACE',''
  ) );
#1487 = PCURVE('',#1456,#1488);
#1488 = DEFINITIONAL_REPRESENTATION('',(#1489),#1493);
#1489 = CIRCLE('',#1490,0.336108);
#1490 = AXIS2_PLACEMENT_2D('',#1491,#1492);
#1491 = CARTESIAN_POINT('',(0.,0.));
#1492 = DIRECTION('',(1.,0.));
#1493 = ( GEOMETRIC_REPRESENTATION_CONTEXT(2) 
PARAMETRIC_REPRESENTATION_CONTEXT() REPRESENTATION_CONTEXT('2D SPACE',''
  ) );
#1494 = ORIENTED_EDGE('',*,*,#1495,.F.);
#1495 = EDGE_CURVE('',#661,#1472,#1496,.T.);
#1496 = SURFACE_CURVE('',#1497,(#1502,#1536),.PCURVE_S1.);
#1497 = CIRCLE('',#1498,0.336108);
#1498 = AXIS2_PLACEMENT_3D('',#1499,#1500,#1501);
#1499 = CARTESIAN_POINT('',(-5.309175555556,-0.667777777778,9.32238));
#1500 = DIRECTION('',(0.579365385051,-0.156508423996,0.799900533706));
#1501 = DIRECTION('',(-0.809881001964,0.,0.586594206124));
#1502 = PCURVE('',#686,#1503);
#1503 = DEFINITIONAL_REPRESENTATION('',(#1504),#1535);
#1504 = B_SPLINE_CURVE_WITH_KNOTS('',8,(#1505,#1506,#1507,#1508,#1509,
    #1510,#1511,#1512,#1513,#1514,#1515,#1516,#1517,#1518,#1519,#1520,
    #1521,#1522,#1523,#1524,#1525,#1526,#1527,#1528,#1529,#1530,#1531,
    #1532,#1533,#1534),.UNSPECIFIED.,.F.,.F.,(9,7,7,7,9),(4.49957763475,
    5.284975798148,5.874024420696,6.757597354518,7.64117028834),
  .UNSPECIFIED.);
#1505 = CARTESIAN_POINT('',(1.306956166844,0.));
#1506 = CARTESIAN_POINT('',(1.385486218103,5.891788011433E-02));
#1507 = CARTESIAN_POINT('',(1.46401390326,0.117836592245));
#1508 = CARTESIAN_POINT('',(1.543381381108,0.176198662077));
#1509 = CARTESIAN_POINT('',(1.624400066842,0.233456199164));
#1510 = CARTESIAN_POINT('',(1.707917505682,0.289016362423));
#1511 = CARTESIAN_POINT('',(1.79480397387,0.342204249239));
#1512 = CARTESIAN_POINT('',(1.885858807039,0.392243208189));
#1513 = CARTESIAN_POINT('',(2.053469692626,0.472759600782));
#1514 = CARTESIAN_POINT('',(2.127960691212,0.50500028019));
#1515 = CARTESIAN_POINT('',(2.205326370473,0.534607005738));
#1516 = CARTESIAN_POINT('',(2.285728521562,0.561181768955));
#1517 = CARTESIAN_POINT('',(2.369160402976,0.584308738975));
#1518 = CARTESIAN_POINT('',(2.455382163048,0.603584201586));
#1519 = CARTESIAN_POINT('',(2.543905089974,0.618663859138));
#1520 = CARTESIAN_POINT('',(2.769204088465,0.645322939519));
#1521 = CARTESIAN_POINT('',(2.907981802108,0.651379941156));
#1522 = CARTESIAN_POINT('',(3.04802136075,0.646753846981));
#1523 = CARTESIAN_POINT('',(3.186087230364,0.631229039904));
#1524 = CARTESIAN_POINT('',(3.318580636589,0.60562751493));
#1525 = CARTESIAN_POINT('',(3.444430357877,0.571383021536));
#1526 = CARTESIAN_POINT('',(3.563398078384,0.529868331415));
#1527 = CARTESIAN_POINT('',(3.78854482982,0.434936501972));
#1528 = CARTESIAN_POINT('',(3.894722779353,0.381518010185));
#1529 = CARTESIAN_POINT('',(3.994975217847,0.323461135021));
#1530 = CARTESIAN_POINT('',(4.090431099272,0.261975285079));
#1531 = CARTESIAN_POINT('',(4.182327119358,0.19806098615));
#1532 = CARTESIAN_POINT('',(4.271856234955,0.13256482375));
#1533 = CARTESIAN_POINT('',(4.360202512767,6.628261512862E-02));
#1534 = CARTESIAN_POINT('',(4.448548820434,0.));
#1535 = ( GEOMETRIC_REPRESENTATION_CONTEXT(2) 
PARAMETRIC_REPRESENTATION_CONTEXT() REPRESENTATION_CONTEXT('2D SPACE',''
  ) );
#1536 = PCURVE('',#727,#1537);
#1537 = DEFINITIONAL_REPRESENTATION('',(#1538),#1542);
#1538 = CIRCLE('',#1539,0.336108);
#1539 = AXIS2_PLACEMENT_2D('',#1540,#1541);
#1540 = CARTESIAN_POINT('',(0.,0.));
#1541 = DIRECTION('',(-1.,0.));
#1542 = ( GEOMETRIC_REPRESENTATION_CONTEXT(2) 
PARAMETRIC_REPRESENTATION_CONTEXT() REPRESENTATION_CONTEXT('2D SPACE',''
  ) );
#1543 = ORIENTED_EDGE('',*,*,#660,.F.);
#1544 = ADVANCED_FACE('',(#1545),#727,.F.);
#1545 = FACE_BOUND('',#1546,.F.);
#1546 = EDGE_LOOP('',(#1547,#1548,#1549,#1571,#1572));
#1547 = ORIENTED_EDGE('',*,*,#1495,.F.);
#1548 = ORIENTED_EDGE('',*,*,#703,.F.);
#1549 = ORIENTED_EDGE('',*,*,#1550,.T.);
#1550 = EDGE_CURVE('',#704,#1326,#1551,.T.);
#1551 = SURFACE_CURVE('',#1552,(#1557,#1564),.PCURVE_S1.);
#1552 = CIRCLE('',#1553,0.433453333333);
#1553 = AXIS2_PLACEMENT_3D('',#1554,#1555,#1556);
#1554 = CARTESIAN_POINT('',(-5.309175555556,-0.667777777778,9.32238));
#1555 = DIRECTION('',(0.579365385051,-0.156508423996,0.799900533706));
#1556 = DIRECTION('',(0.809881001964,-1.387778780781E-17,-0.586594206124
    ));
#1557 = PCURVE('',#727,#1558);
#1558 = DEFINITIONAL_REPRESENTATION('',(#1559),#1563);
#1559 = CIRCLE('',#1560,0.433453333333);
#1560 = AXIS2_PLACEMENT_2D('',#1561,#1562);
#1561 = CARTESIAN_POINT('',(0.,0.));
#1562 = DIRECTION('',(1.,0.));
#1563 = ( GEOMETRIC_REPRESENTATION_CONTEXT(2) 
PARAMETRIC_REPRESENTATION_CONTEXT() REPRESENTATION_CONTEXT('2D SPACE',''
  ) );
#1564 = PCURVE('',#799,#1565);
#1565 = DEFINITIONAL_REPRESENTATION('',(#1566),#1570);
#1566 = LINE('',#1567,#1568);
#1567 = CARTESIAN_POINT('',(-0.,-0.));
#1568 = VECTOR('',#1569,1.);
#1569 = DIRECTION('',(-1.,-0.));
#1570 = ( GEOMETRIC_REPRESENTATION_CONTEXT(2) 
PARAMETRIC_REPRESENTATION_CONTEXT() REPRESENTATION_CONTEXT('2D SPACE',''
  ) );
#1571 = ORIENTED_EDGE('',*,*,#1422,.T.);
#1572 = ORIENTED_EDGE('',*,*,#1573,.F.);
#1573 = EDGE_CURVE('',#1472,#1423,#1574,.T.);
#1574 = SURFACE_CURVE('',#1575,(#1579,#1585),.PCURVE_S1.);
#1575 = LINE('',#1576,#1577);
#1576 = CARTESIAN_POINT('',(-5.309175555556,-0.667777777778,9.32238));
#1577 = VECTOR('',#1578,1.);
#1578 = DIRECTION('',(0.260789739303,0.965395624536,-0.));
#1579 = PCURVE('',#727,#1580);
#1580 = DEFINITIONAL_REPRESENTATION('',(#1581),#1584);
#1581 = B_SPLINE_CURVE_WITH_KNOTS('',1,(#1582,#1583),.UNSPECIFIED.,.F.,
  .F.,(2,2),(-0.337313432996,0.33601986499),.PIECEWISE_BEZIER_KNOTS.);
#1582 = CARTESIAN_POINT('',(-7.124351662083E-02,-0.32970397847));
#1583 = CARTESIAN_POINT('',(7.097030386173E-02,0.328439592068));
#1584 = ( GEOMETRIC_REPRESENTATION_CONTEXT(2) 
PARAMETRIC_REPRESENTATION_CONTEXT() REPRESENTATION_CONTEXT('2D SPACE',''
  ) );
#1585 = PCURVE('',#1456,#1586);
#1586 = DEFINITIONAL_REPRESENTATION('',(#1587),#1590);
#1587 = B_SPLINE_CURVE_WITH_KNOTS('',1,(#1588,#1589),.UNSPECIFIED.,.F.,
  .F.,(2,2),(-0.337313432996,0.33601986499),.PIECEWISE_BEZIER_KNOTS.);
#1588 = CARTESIAN_POINT('',(-8.796788225442E-02,-0.325640912312));
#1589 = CARTESIAN_POINT('',(8.763053299147E-02,0.324392107419));
#1590 = ( GEOMETRIC_REPRESENTATION_CONTEXT(2) 
PARAMETRIC_REPRESENTATION_CONTEXT() REPRESENTATION_CONTEXT('2D SPACE',''
  ) );
#1591 = ADVANCED_FACE('',(#1592),#799,.T.);
#1592 = FACE_BOUND('',#1593,.T.);
#1593 = EDGE_LOOP('',(#1594,#1620,#1621,#1644,#1678,#1722,#1751,#1780,
    #1809,#1836,#1837,#1838));
#1594 = ORIENTED_EDGE('',*,*,#1595,.T.);
#1595 = EDGE_CURVE('',#1326,#832,#1596,.T.);
#1596 = SURFACE_CURVE('',#1597,(#1602,#1613),.PCURVE_S1.);
#1597 = ELLIPSE('',#1598,0.435603310086,0.43345777987);
#1598 = AXIS2_PLACEMENT_3D('',#1599,#1600,#1601);
#1599 = CARTESIAN_POINT('',(-5.310807487714,-0.667347239025,9.3234019789
    ));
#1600 = DIRECTION('',(0.499917397805,-0.135566414168,0.855397184191));
#1601 = DIRECTION('',(-0.827102826603,0.218207489661,0.517963710775));
#1602 = PCURVE('',#799,#1603);
#1603 = DEFINITIONAL_REPRESENTATION('',(#1604),#1612);
#1604 = B_SPLINE_CURVE_WITH_KNOTS('',6,(#1605,#1606,#1607,#1608,#1609,
    #1610,#1611),.UNSPECIFIED.,.F.,.F.,(7,7),(1.575325854385,
    3.348403531162),.PIECEWISE_BEZIER_KNOTS.);
#1605 = CARTESIAN_POINT('',(-4.50464594293,-2.521395971788E-18));
#1606 = CARTESIAN_POINT('',(-4.800161920549,-1.274720987846E-02));
#1607 = CARTESIAN_POINT('',(-5.096152368748,-2.547212047897E-02));
#1608 = CARTESIAN_POINT('',(-5.39261965474,-3.618476248923E-02));
#1609 = CARTESIAN_POINT('',(-5.689435732324,-4.283421485437E-02));
#1610 = CARTESIAN_POINT('',(-5.986359566502,-4.463926562389E-02));
#1611 = CARTESIAN_POINT('',(-6.28318530718,-4.202172943998E-02));
#1612 = ( GEOMETRIC_REPRESENTATION_CONTEXT(2) 
PARAMETRIC_REPRESENTATION_CONTEXT() REPRESENTATION_CONTEXT('2D SPACE',''
  ) );
#1613 = PCURVE('',#890,#1614);
#1614 = DEFINITIONAL_REPRESENTATION('',(#1615),#1619);
#1615 = ELLIPSE('',#1616,0.435603310086,0.43345777987);
#1616 = AXIS2_PLACEMENT_2D('',#1617,#1618);
#1617 = CARTESIAN_POINT('',(-1.924622820396E-03,4.345504089088E-04));
#1618 = DIRECTION('',(-0.975445557992,0.220240694229));
#1619 = ( GEOMETRIC_REPRESENTATION_CONTEXT(2) 
PARAMETRIC_REPRESENTATION_CONTEXT() REPRESENTATION_CONTEXT('2D SPACE',''
  ) );
#1620 = ORIENTED_EDGE('',*,*,#831,.F.);
#1621 = ORIENTED_EDGE('',*,*,#1622,.T.);
#1622 = EDGE_CURVE('',#744,#1623,#1625,.T.);
#1623 = VERTEX_POINT('',#1624);
#1624 = CARTESIAN_POINT('',(-4.561291153733,-0.782263019148,
    9.672772909037));
#1625 = SEAM_CURVE('',#1626,(#1630,#1637),.PCURVE_S1.);
#1626 = LINE('',#1627,#1628);
#1627 = CARTESIAN_POINT('',(-4.958129935651,-0.667777777778,
    9.068118786041));
#1628 = VECTOR('',#1629,1.);
#1629 = DIRECTION('',(0.54194215177,-0.156346559059,0.825744789633));
#1630 = PCURVE('',#799,#1631);
#1631 = DEFINITIONAL_REPRESENTATION('',(#1632),#1636);
#1632 = LINE('',#1633,#1634);
#1633 = CARTESIAN_POINT('',(0.,-0.));
#1634 = VECTOR('',#1635,1.);
#1635 = DIRECTION('',(-0.,-1.));
#1636 = ( GEOMETRIC_REPRESENTATION_CONTEXT(2) 
PARAMETRIC_REPRESENTATION_CONTEXT() REPRESENTATION_CONTEXT('2D SPACE',''
  ) );
#1637 = PCURVE('',#799,#1638);
#1638 = DEFINITIONAL_REPRESENTATION('',(#1639),#1643);
#1639 = LINE('',#1640,#1641);
#1640 = CARTESIAN_POINT('',(-6.28318530718,0.));
#1641 = VECTOR('',#1642,1.);
#1642 = DIRECTION('',(-0.,-1.));
#1643 = ( GEOMETRIC_REPRESENTATION_CONTEXT(2) 
PARAMETRIC_REPRESENTATION_CONTEXT() REPRESENTATION_CONTEXT('2D SPACE',''
  ) );
#1644 = ORIENTED_EDGE('',*,*,#1645,.F.);
#1645 = EDGE_CURVE('',#1646,#1623,#1648,.T.);
#1646 = VERTEX_POINT('',#1647);
#1647 = CARTESIAN_POINT('',(-4.562027060252,-0.789214652158,
    9.671857252446));
#1648 = SURFACE_CURVE('',#1649,(#1655,#1664),.PCURVE_S1.);
#1649 = B_SPLINE_CURVE_WITH_KNOTS('',4,(#1650,#1651,#1652,#1653,#1654),
  .UNSPECIFIED.,.F.,.F.,(5,5),(0.,1.),.PIECEWISE_BEZIER_KNOTS.);
#1650 = CARTESIAN_POINT('',(-4.562027060252,-0.789214652158,
    9.671857252446));
#1651 = CARTESIAN_POINT('',(-4.561830946583,-0.78747679472,
    9.672076398301));
#1652 = CARTESIAN_POINT('',(-4.561642917705,-0.785738843167,
    9.672302064123));
#1653 = CARTESIAN_POINT('',(-4.561462983788,-0.784000887854,
    9.672534238508));
#1654 = CARTESIAN_POINT('',(-4.561291153733,-0.782263019148,
    9.672772909037));
#1655 = PCURVE('',#799,#1656);
#1656 = DEFINITIONAL_REPRESENTATION('',(#1657),#1663);
#1657 = B_SPLINE_CURVE_WITH_KNOTS('',4,(#1658,#1659,#1660,#1661,#1662),
  .UNSPECIFIED.,.F.,.F.,(5,5),(0.,1.),.PIECEWISE_BEZIER_KNOTS.);
#1658 = CARTESIAN_POINT('',(-6.265567563978,-0.731424910245));
#1659 = CARTESIAN_POINT('',(-6.269971986495,-0.731441837274));
#1660 = CARTESIAN_POINT('',(-6.2743764176,-0.731459280851));
#1661 = CARTESIAN_POINT('',(-6.278780857701,-0.731477240101));
#1662 = CARTESIAN_POINT('',(-6.28318530718,-0.731495714078));
#1663 = ( GEOMETRIC_REPRESENTATION_CONTEXT(2) 
PARAMETRIC_REPRESENTATION_CONTEXT() REPRESENTATION_CONTEXT('2D SPACE',''
  ) );
#1664 = PCURVE('',#1665,#1670);
#1665 = CONICAL_SURFACE('',#1666,0.40009,4.569578575146E-02);
#1666 = AXIS2_PLACEMENT_3D('',#1667,#1668,#1669);
#1667 = CARTESIAN_POINT('',(-4.884495,-0.7825,9.908715));
#1668 = DIRECTION('',(-0.654494905314,0.176273747195,-0.735230565855));
#1669 = DIRECTION('',(0.746926551468,0.,-0.664906554873));
#1670 = DEFINITIONAL_REPRESENTATION('',(#1671),#1677);
#1671 = B_SPLINE_CURVE_WITH_KNOTS('',4,(#1672,#1673,#1674,#1675,#1676),
  .UNSPECIFIED.,.F.,.F.,(5,5),(0.,1.),.PIECEWISE_BEZIER_KNOTS.);
#1672 = CARTESIAN_POINT('',(0.,-3.80921848279E-02));
#1673 = CARTESIAN_POINT('',(-4.424481066878E-03,-3.807532431321E-02));
#1674 = CARTESIAN_POINT('',(-8.848948085772E-03,-3.805794943375E-02));
#1675 = CARTESIAN_POINT('',(-1.327340042991E-02,-3.804006107444E-02));
#1676 = CARTESIAN_POINT('',(-1.769783744956E-02,-3.802166020891E-02));
#1677 = ( GEOMETRIC_REPRESENTATION_CONTEXT(2) 
PARAMETRIC_REPRESENTATION_CONTEXT() REPRESENTATION_CONTEXT('2D SPACE',''
  ) );
#1678 = ORIENTED_EDGE('',*,*,#1679,.F.);
#1679 = EDGE_CURVE('',#1680,#1646,#1682,.T.);
#1680 = VERTEX_POINT('',#1681);
#1681 = CARTESIAN_POINT('',(-4.648639375416,-1.021458759385,
    9.691130892663));
#1682 = SURFACE_CURVE('',#1683,(#1694,#1708),.PCURVE_S1.);
#1683 = B_SPLINE_CURVE_WITH_KNOTS('',5,(#1684,#1685,#1686,#1687,#1688,
    #1689,#1690,#1691,#1692,#1693),.UNSPECIFIED.,.F.,.F.,(6,4,6),(0.,
    0.699610109234,1.),.UNSPECIFIED.);
#1684 = CARTESIAN_POINT('',(-4.648639375417,-1.021458759386,
    9.691130892664));
#1685 = CARTESIAN_POINT('',(-4.629153803966,-0.993534056138,
    9.681520512156));
#1686 = CARTESIAN_POINT('',(-4.611870585538,-0.96329378409,
    9.674183019452));
#1687 = CARTESIAN_POINT('',(-4.59710965624,-0.931195052022,
    9.669276240631));
#1688 = CARTESIAN_POINT('',(-4.585116154364,-0.897770383392,
    9.666881708738));
#1689 = CARTESIAN_POINT('',(-4.572140910506,-0.84890027854,
    9.667046818309));
#1690 = CARTESIAN_POINT('',(-4.568780823942,-0.83407899046,
    9.667559167288));
#1691 = CARTESIAN_POINT('',(-4.565970075399,-0.819160950626,
    9.66853411017));
#1692 = CARTESIAN_POINT('',(-4.563717116951,-0.804191056506,
    9.669968710348));
#1693 = CARTESIAN_POINT('',(-4.562027060252,-0.789214652158,
    9.671857252446));
#1694 = PCURVE('',#799,#1695);
#1695 = DEFINITIONAL_REPRESENTATION('',(#1696),#1707);
#1696 = B_SPLINE_CURVE_WITH_KNOTS('',5,(#1697,#1698,#1699,#1700,#1701,
    #1702,#1703,#1704,#1705,#1706),.UNSPECIFIED.,.F.,.F.,(6,4,6),(0.,
    0.699610109234,1.),.UNSPECIFIED.);
#1697 = CARTESIAN_POINT('',(-5.63377778142,-0.733009887221));
#1698 = CARTESIAN_POINT('',(-5.722190210605,-0.732241353035));
#1699 = CARTESIAN_POINT('',(-5.810595953097,-0.731652529884));
#1700 = CARTESIAN_POINT('',(-5.898995102421,-0.731255844405));
#1701 = CARTESIAN_POINT('',(-5.987393305147,-0.731057834688));
#1702 = CARTESIAN_POINT('',(-6.113745663933,-0.731058729985));
#1703 = CARTESIAN_POINT('',(-6.151700640181,-0.731095619614));
#1704 = CARTESIAN_POINT('',(-6.189655818027,-0.731169128454));
#1705 = CARTESIAN_POINT('',(-6.227611393883,-0.731279037505));
#1706 = CARTESIAN_POINT('',(-6.265567563978,-0.731424910245));
#1707 = ( GEOMETRIC_REPRESENTATION_CONTEXT(2) 
PARAMETRIC_REPRESENTATION_CONTEXT() REPRESENTATION_CONTEXT('2D SPACE',''
  ) );
#1708 = PCURVE('',#1665,#1709);
#1709 = DEFINITIONAL_REPRESENTATION('',(#1710),#1721);
#1710 = B_SPLINE_CURVE_WITH_KNOTS('',5,(#1711,#1712,#1713,#1714,#1715,
    #1716,#1717,#1718,#1719,#1720),.UNSPECIFIED.,.F.,.F.,(6,4,6),(0.,
    0.699610109234,1.),.UNSPECIFIED.);
#1711 = CARTESIAN_POINT('',(-5.648536666464,-3.651397426399E-02));
#1712 = CARTESIAN_POINT('',(-5.73731980778,-3.7278943926E-02));
#1713 = CARTESIAN_POINT('',(-5.826115570086,-3.786540735153E-02));
#1714 = CARTESIAN_POINT('',(-5.914918049299,-3.826058282387E-02));
#1715 = CARTESIAN_POINT('',(-6.003726240052,-3.845784407177E-02));
#1716 = CARTESIAN_POINT('',(-6.130664594447,-3.845695216708E-02));
#1717 = CARTESIAN_POINT('',(-6.168795595462,-3.84202023466E-02));
#1718 = CARTESIAN_POINT('',(-6.206926265978,-3.83469719726E-02));
#1719 = CARTESIAN_POINT('',(-6.245056277707,-3.823748436742E-02));
#1720 = CARTESIAN_POINT('',(-6.28318530718,-3.80921848279E-02));
#1721 = ( GEOMETRIC_REPRESENTATION_CONTEXT(2) 
PARAMETRIC_REPRESENTATION_CONTEXT() REPRESENTATION_CONTEXT('2D SPACE',''
  ) );
#1722 = ORIENTED_EDGE('',*,*,#1723,.F.);
#1723 = EDGE_CURVE('',#1724,#1680,#1726,.T.);
#1724 = VERTEX_POINT('',#1725);
#1725 = CARTESIAN_POINT('',(-4.987267140596,-1.169163179389,
    9.907498068677));
#1726 = SURFACE_CURVE('',#1727,(#1732,#1739),.PCURVE_S1.);
#1727 = CIRCLE('',#1728,0.40009);
#1728 = AXIS2_PLACEMENT_3D('',#1729,#1730,#1731);
#1729 = CARTESIAN_POINT('',(-4.884495,-0.7825,9.908715));
#1730 = DIRECTION('',(0.579365385051,-0.156508423996,0.799900533706));
#1731 = DIRECTION('',(0.809881001964,-1.387778780781E-17,-0.586594206124
    ));
#1732 = PCURVE('',#799,#1733);
#1733 = DEFINITIONAL_REPRESENTATION('',(#1734),#1738);
#1734 = LINE('',#1735,#1736);
#1735 = CARTESIAN_POINT('',(-0.,-0.733009887221));
#1736 = VECTOR('',#1737,1.);
#1737 = DIRECTION('',(-1.,-0.));
#1738 = ( GEOMETRIC_REPRESENTATION_CONTEXT(2) 
PARAMETRIC_REPRESENTATION_CONTEXT() REPRESENTATION_CONTEXT('2D SPACE',''
  ) );
#1739 = PCURVE('',#1740,#1745);
#1740 = PLANE('',#1741);
#1741 = AXIS2_PLACEMENT_3D('',#1742,#1743,#1744);
#1742 = CARTESIAN_POINT('',(-4.884495,-0.7825,9.908715));
#1743 = DIRECTION('',(0.579365385051,-0.156508423996,0.799900533706));
#1744 = DIRECTION('',(0.809881001964,0.,-0.586594206124));
#1745 = DEFINITIONAL_REPRESENTATION('',(#1746),#1750);
#1746 = CIRCLE('',#1747,0.40009);
#1747 = AXIS2_PLACEMENT_2D('',#1748,#1749);
#1748 = CARTESIAN_POINT('',(0.,0.));
#1749 = DIRECTION('',(1.,0.));
#1750 = ( GEOMETRIC_REPRESENTATION_CONTEXT(2) 
PARAMETRIC_REPRESENTATION_CONTEXT() REPRESENTATION_CONTEXT('2D SPACE',''
  ) );
#1751 = ORIENTED_EDGE('',*,*,#1752,.F.);
#1752 = EDGE_CURVE('',#1753,#1724,#1755,.T.);
#1753 = VERTEX_POINT('',#1754);
#1754 = CARTESIAN_POINT('',(-4.781722859404,-0.395836820611,
    9.909931931323));
#1755 = SURFACE_CURVE('',#1756,(#1761,#1768),.PCURVE_S1.);
#1756 = CIRCLE('',#1757,0.40009);
#1757 = AXIS2_PLACEMENT_3D('',#1758,#1759,#1760);
#1758 = CARTESIAN_POINT('',(-4.884495,-0.7825,9.908715));
#1759 = DIRECTION('',(0.579365385051,-0.156508423996,0.799900533706));
#1760 = DIRECTION('',(0.809881001964,-1.387778780781E-17,-0.586594206124
    ));
#1761 = PCURVE('',#799,#1762);
#1762 = DEFINITIONAL_REPRESENTATION('',(#1763),#1767);
#1763 = LINE('',#1764,#1765);
#1764 = CARTESIAN_POINT('',(-0.,-0.733009887221));
#1765 = VECTOR('',#1766,1.);
#1766 = DIRECTION('',(-1.,-0.));
#1767 = ( GEOMETRIC_REPRESENTATION_CONTEXT(2) 
PARAMETRIC_REPRESENTATION_CONTEXT() REPRESENTATION_CONTEXT('2D SPACE',''
  ) );
#1768 = PCURVE('',#1769,#1774);
#1769 = PLANE('',#1770);
#1770 = AXIS2_PLACEMENT_3D('',#1771,#1772,#1773);
#1771 = CARTESIAN_POINT('',(-4.884495,-0.7825,9.908715));
#1772 = DIRECTION('',(0.579365385051,-0.156508423996,0.799900533706));
#1773 = DIRECTION('',(0.809881001964,0.,-0.586594206124));
#1774 = DEFINITIONAL_REPRESENTATION('',(#1775),#1779);
#1775 = CIRCLE('',#1776,0.40009);
#1776 = AXIS2_PLACEMENT_2D('',#1777,#1778);
#1777 = CARTESIAN_POINT('',(0.,0.));
#1778 = DIRECTION('',(1.,0.));
#1779 = ( GEOMETRIC_REPRESENTATION_CONTEXT(2) 
PARAMETRIC_REPRESENTATION_CONTEXT() REPRESENTATION_CONTEXT('2D SPACE',''
  ) );
#1780 = ORIENTED_EDGE('',*,*,#1781,.F.);
#1781 = EDGE_CURVE('',#1782,#1753,#1784,.T.);
#1782 = VERTEX_POINT('',#1783);
#1783 = CARTESIAN_POINT('',(-4.560780536546,-0.690904410919,
    9.692171234651));
#1784 = SURFACE_CURVE('',#1785,(#1790,#1797),.PCURVE_S1.);
#1785 = CIRCLE('',#1786,0.40009);
#1786 = AXIS2_PLACEMENT_3D('',#1787,#1788,#1789);
#1787 = CARTESIAN_POINT('',(-4.884495,-0.7825,9.908715));
#1788 = DIRECTION('',(0.579365385051,-0.156508423996,0.799900533706));
#1789 = DIRECTION('',(0.809881001964,-1.387778780781E-17,-0.586594206124
    ));
#1790 = PCURVE('',#799,#1791);
#1791 = DEFINITIONAL_REPRESENTATION('',(#1792),#1796);
#1792 = LINE('',#1793,#1794);
#1793 = CARTESIAN_POINT('',(-0.,-0.733009887221));
#1794 = VECTOR('',#1795,1.);
#1795 = DIRECTION('',(-1.,-0.));
#1796 = ( GEOMETRIC_REPRESENTATION_CONTEXT(2) 
PARAMETRIC_REPRESENTATION_CONTEXT() REPRESENTATION_CONTEXT('2D SPACE',''
  ) );
#1797 = PCURVE('',#1798,#1803);
#1798 = PLANE('',#1799);
#1799 = AXIS2_PLACEMENT_3D('',#1800,#1801,#1802);
#1800 = CARTESIAN_POINT('',(-4.884495,-0.7825,9.908715));
#1801 = DIRECTION('',(0.579365385051,-0.156508423996,0.799900533706));
#1802 = DIRECTION('',(0.809881001964,0.,-0.586594206124));
#1803 = DEFINITIONAL_REPRESENTATION('',(#1804),#1808);
#1804 = CIRCLE('',#1805,0.40009);
#1805 = AXIS2_PLACEMENT_2D('',#1806,#1807);
#1806 = CARTESIAN_POINT('',(0.,0.));
#1807 = DIRECTION('',(1.,0.));
#1808 = ( GEOMETRIC_REPRESENTATION_CONTEXT(2) 
PARAMETRIC_REPRESENTATION_CONTEXT() REPRESENTATION_CONTEXT('2D SPACE',''
  ) );
#1809 = ORIENTED_EDGE('',*,*,#1810,.F.);
#1810 = EDGE_CURVE('',#1623,#1782,#1811,.T.);
#1811 = SURFACE_CURVE('',#1812,(#1818,#1827),.PCURVE_S1.);
#1812 = B_SPLINE_CURVE_WITH_KNOTS('',4,(#1813,#1814,#1815,#1816,#1817),
  .UNSPECIFIED.,.F.,.F.,(5,5),(0.,1.),.PIECEWISE_BEZIER_KNOTS.);
#1813 = CARTESIAN_POINT('',(-4.561291153733,-0.782263019148,
    9.672772909037));
#1814 = CARTESIAN_POINT('',(-4.559009802468,-0.759189704163,
    9.675941687136));
#1815 = CARTESIAN_POINT('',(-4.558156940069,-0.736131454453,
    9.680255601525));
#1816 = CARTESIAN_POINT('',(-4.558753435912,-0.713300905592,
    9.685685357952));
#1817 = CARTESIAN_POINT('',(-4.560780536546,-0.690904410917,
    9.692171234651));
#1818 = PCURVE('',#799,#1819);
#1819 = DEFINITIONAL_REPRESENTATION('',(#1820),#1826);
#1820 = B_SPLINE_CURVE_WITH_KNOTS('',4,(#1821,#1822,#1823,#1824,#1825),
  .UNSPECIFIED.,.F.,.F.,(5,5),(0.,1.),.PIECEWISE_BEZIER_KNOTS.);
#1821 = CARTESIAN_POINT('',(8.881784197001E-16,-0.731495714078));
#1822 = CARTESIAN_POINT('',(-5.847694352756E-02,-0.731740989161));
#1823 = CARTESIAN_POINT('',(-0.116955559596,-0.732077000212));
#1824 = CARTESIAN_POINT('',(-0.175436761798,-0.732501503011));
#1825 = CARTESIAN_POINT('',(-0.23392145085,-0.733009887221));
#1826 = ( GEOMETRIC_REPRESENTATION_CONTEXT(2) 
PARAMETRIC_REPRESENTATION_CONTEXT() REPRESENTATION_CONTEXT('2D SPACE',''
  ) );
#1827 = PCURVE('',#1665,#1828);
#1828 = DEFINITIONAL_REPRESENTATION('',(#1829),#1835);
#1829 = B_SPLINE_CURVE_WITH_KNOTS('',4,(#1830,#1831,#1832,#1833,#1834),
  .UNSPECIFIED.,.F.,.F.,(5,5),(0.,1.),.PIECEWISE_BEZIER_KNOTS.);
#1830 = CARTESIAN_POINT('',(-1.769783744956E-02,-3.802166020891E-02));
#1831 = CARTESIAN_POINT('',(-7.644015132393E-02,-3.777735581181E-02));
#1832 = CARTESIAN_POINT('',(-0.135179785751,-3.744270754345E-02));
#1833 = CARTESIAN_POINT('',(-0.193915226126,-3.702000054542E-02));
#1834 = CARTESIAN_POINT('',(-0.252645140695,-3.651397426347E-02));
#1835 = ( GEOMETRIC_REPRESENTATION_CONTEXT(2) 
PARAMETRIC_REPRESENTATION_CONTEXT() REPRESENTATION_CONTEXT('2D SPACE',''
  ) );
#1836 = ORIENTED_EDGE('',*,*,#1622,.F.);
#1837 = ORIENTED_EDGE('',*,*,#743,.F.);
#1838 = ORIENTED_EDGE('',*,*,#1550,.T.);
#1839 = ADVANCED_FACE('',(#1840),#890,.T.);
#1840 = FACE_BOUND('',#1841,.T.);
#1841 = EDGE_LOOP('',(#1842,#1843,#1844));
#1842 = ORIENTED_EDGE('',*,*,#1595,.F.);
#1843 = ORIENTED_EDGE('',*,*,#1325,.T.);
#1844 = ORIENTED_EDGE('',*,*,#872,.F.);
#1845 = ADVANCED_FACE('',(#1846),#246,.T.);
#1846 = FACE_BOUND('',#1847,.T.);
#1847 = EDGE_LOOP('',(#1848,#1849,#1850));
#1848 = ORIENTED_EDGE('',*,*,#1298,.F.);
#1849 = ORIENTED_EDGE('',*,*,#932,.T.);
#1850 = ORIENTED_EDGE('',*,*,#224,.F.);
#1851 = ADVANCED_FACE('',(#1852),#1048,.T.);
#1852 = FACE_BOUND('',#1853,.T.);
#1853 = EDGE_LOOP('',(#1854,#1855,#1856));
#1854 = ORIENTED_EDGE('',*,*,#1114,.T.);
#1855 = ORIENTED_EDGE('',*,*,#1024,.T.);
#1856 = ORIENTED_EDGE('',*,*,#1247,.F.);
#1857 = ADVANCED_FACE('',(#1858),#1456,.F.);
#1858 = FACE_BOUND('',#1859,.F.);
#1859 = EDGE_LOOP('',(#1860,#1861,#1862));
#1860 = ORIENTED_EDGE('',*,*,#1443,.T.);
#1861 = ORIENTED_EDGE('',*,*,#1471,.T.);
#1862 = ORIENTED_EDGE('',*,*,#1573,.T.);
#1863 = ADVANCED_FACE('',(#1864),#1665,.T.);
#1864 = FACE_BOUND('',#1865,.T.);
#1865 = EDGE_LOOP('',(#1866,#1867,#1890,#1939,#1968,#1997,#2026,#2053,
    #2054,#2055,#2056,#2082,#2109));
#1866 = ORIENTED_EDGE('',*,*,#1679,.T.);
#1867 = ORIENTED_EDGE('',*,*,#1868,.T.);
#1868 = EDGE_CURVE('',#1646,#1869,#1871,.T.);
#1869 = VERTEX_POINT('',#1870);
#1870 = CARTESIAN_POINT('',(-4.133993219096,-0.910843374415,
    10.200144802792));
#1871 = SEAM_CURVE('',#1872,(#1876,#1883),.PCURVE_S1.);
#1872 = LINE('',#1873,#1874);
#1873 = CARTESIAN_POINT('',(-4.585657156023,-0.7825,9.642692536461));
#1874 = VECTOR('',#1875,1.);
#1875 = DIRECTION('',(0.619692178637,-0.176089740185,0.764835934785));
#1876 = PCURVE('',#1665,#1877);
#1877 = DEFINITIONAL_REPRESENTATION('',(#1878),#1882);
#1878 = LINE('',#1879,#1880);
#1879 = CARTESIAN_POINT('',(0.,-0.));
#1880 = VECTOR('',#1881,1.);
#1881 = DIRECTION('',(-0.,-1.));
#1882 = ( GEOMETRIC_REPRESENTATION_CONTEXT(2) 
PARAMETRIC_REPRESENTATION_CONTEXT() REPRESENTATION_CONTEXT('2D SPACE',''
  ) );
#1883 = PCURVE('',#1665,#1884);
#1884 = DEFINITIONAL_REPRESENTATION('',(#1885),#1889);
#1885 = LINE('',#1886,#1887);
#1886 = CARTESIAN_POINT('',(-6.28318530718,0.));
#1887 = VECTOR('',#1888,1.);
#1888 = DIRECTION('',(-0.,-1.));
#1889 = ( GEOMETRIC_REPRESENTATION_CONTEXT(2) 
PARAMETRIC_REPRESENTATION_CONTEXT() REPRESENTATION_CONTEXT('2D SPACE',''
  ) );
#1890 = ORIENTED_EDGE('',*,*,#1891,.F.);
#1891 = EDGE_CURVE('',#1892,#1869,#1894,.T.);
#1892 = VERTEX_POINT('',#1893);
#1893 = CARTESIAN_POINT('',(-4.213391092509,-1.127362786241,
    10.220978654237));
#1894 = SURFACE_CURVE('',#1895,(#1906,#1920),.PCURVE_S1.);
#1895 = B_SPLINE_CURVE_WITH_KNOTS('',5,(#1896,#1897,#1898,#1899,#1900,
    #1901,#1902,#1903,#1904,#1905),.UNSPECIFIED.,.F.,.F.,(6,4,6),(0.,
    0.702756982447,1.),.UNSPECIFIED.);
#1896 = CARTESIAN_POINT('',(-4.213391092516,-1.127362786252,
    10.220978654241));
#1897 = CARTESIAN_POINT('',(-4.195927040105,-1.101155532782,
    10.210723197036));
#1898 = CARTESIAN_POINT('',(-4.180326249491,-1.072766093813,
    10.202880224808));
#1899 = CARTESIAN_POINT('',(-4.166887389711,-1.042641853398,
    10.197625694587));
#1900 = CARTESIAN_POINT('',(-4.15584330662,-1.011304486965,
    10.195050812987));
#1901 = CARTESIAN_POINT('',(-4.143741974278,-0.965764748693,
    10.1951968809));
#1902 = CARTESIAN_POINT('',(-4.140599293852,-0.952109137288,
    10.195719322035));
#1903 = CARTESIAN_POINT('',(-4.137921983861,-0.938375763795,
    10.196720645588));
#1904 = CARTESIAN_POINT('',(-4.13571819595,-0.924606453006,
    10.198197795919));
#1905 = CARTESIAN_POINT('',(-4.133993219096,-0.910843374415,
    10.200144802792));
#1906 = PCURVE('',#1665,#1907);
#1907 = DEFINITIONAL_REPRESENTATION('',(#1908),#1919);
#1908 = B_SPLINE_CURVE_WITH_KNOTS('',5,(#1909,#1910,#1911,#1912,#1913,
    #1914,#1915,#1916,#1917,#1918),.UNSPECIFIED.,.F.,.F.,(6,4,6),(0.,
    0.702756982447,1.),.UNSPECIFIED.);
#1909 = CARTESIAN_POINT('',(-5.640856939267,-0.729610127189));
#1910 = CARTESIAN_POINT('',(-5.731149662396,-0.728880484142));
#1911 = CARTESIAN_POINT('',(-5.821434700676,-0.728320416421));
#1912 = CARTESIAN_POINT('',(-5.911712579312,-0.727942677712));
#1913 = CARTESIAN_POINT('',(-6.001989097405,-0.727753887165));
#1914 = CARTESIAN_POINT('',(-6.130448501265,-0.727754080813));
#1915 = CARTESIAN_POINT('',(-6.168632165755,-0.72778793804));
#1916 = CARTESIAN_POINT('',(-6.206816046694,-0.727855594265));
#1917 = CARTESIAN_POINT('',(-6.245000356493,-0.727956840289));
#1918 = CARTESIAN_POINT('',(-6.28318530718,-0.72809125838));
#1919 = ( GEOMETRIC_REPRESENTATION_CONTEXT(2) 
PARAMETRIC_REPRESENTATION_CONTEXT() REPRESENTATION_CONTEXT('2D SPACE',''
  ) );
#1920 = PCURVE('',#1921,#1926);
#1921 = CONICAL_SURFACE('',#1922,0.366726666667,4.544164716687E-02);
#1922 = AXIS2_PLACEMENT_3D('',#1923,#1924,#1925);
#1923 = CARTESIAN_POINT('',(-4.406968888889,-0.911111111111,
    10.445146666667));
#1924 = DIRECTION('',(-0.722876358208,0.194222066371,-0.663119566653));
#1925 = DIRECTION('',(-0.675992086655,0.,0.736908880921));
#1926 = DEFINITIONAL_REPRESENTATION('',(#1927),#1938);
#1927 = B_SPLINE_CURVE_WITH_KNOTS('',5,(#1928,#1929,#1930,#1931,#1932,
    #1933,#1934,#1935,#1936,#1937),.UNSPECIFIED.,.F.,.F.,(6,4,6),(0.,
    0.702756982447,1.),.UNSPECIFIED.);
#1928 = CARTESIAN_POINT('',(-2.516003459867,-3.328346441706E-02));
#1929 = CARTESIAN_POINT('',(-2.606670122148,-3.401719376292E-02));
#1930 = CARTESIAN_POINT('',(-2.697349874345,-3.457995262252E-02));
#1931 = CARTESIAN_POINT('',(-2.788036761405,-3.495941261393E-02));
#1932 = CARTESIAN_POINT('',(-2.878729448318,-3.514905674467E-02));
#1933 = CARTESIAN_POINT('',(-3.007781035493,-3.514886221912E-02));
#1934 = CARTESIAN_POINT('',(-3.046140722137,-3.511485147497E-02));
#1935 = CARTESIAN_POINT('',(-3.084500081686,-3.504688863429E-02));
#1936 = CARTESIAN_POINT('',(-3.122858787963,-3.494517810625E-02));
#1937 = CARTESIAN_POINT('',(-3.161216519157,-3.481012788291E-02));
#1938 = ( GEOMETRIC_REPRESENTATION_CONTEXT(2) 
PARAMETRIC_REPRESENTATION_CONTEXT() REPRESENTATION_CONTEXT('2D SPACE',''
  ) );
#1939 = ORIENTED_EDGE('',*,*,#1940,.F.);
#1940 = EDGE_CURVE('',#1941,#1892,#1943,.T.);
#1941 = VERTEX_POINT('',#1942);
#1942 = CARTESIAN_POINT('',(-4.501170904802,-1.265530613973,
    10.444031214724));
#1943 = SURFACE_CURVE('',#1944,(#1949,#1956),.PCURVE_S1.);
#1944 = CIRCLE('',#1945,0.366726666667);
#1945 = AXIS2_PLACEMENT_3D('',#1946,#1947,#1948);
#1946 = CARTESIAN_POINT('',(-4.406968888889,-0.911111111111,
    10.445146666667));
#1947 = DIRECTION('',(0.654494905314,-0.176273747195,0.735230565855));
#1948 = DIRECTION('',(0.746926551468,0.,-0.664906554873));
#1949 = PCURVE('',#1665,#1950);
#1950 = DEFINITIONAL_REPRESENTATION('',(#1951),#1955);
#1951 = LINE('',#1952,#1953);
#1952 = CARTESIAN_POINT('',(-0.,-0.729610127189));
#1953 = VECTOR('',#1954,1.);
#1954 = DIRECTION('',(-1.,-0.));
#1955 = ( GEOMETRIC_REPRESENTATION_CONTEXT(2) 
PARAMETRIC_REPRESENTATION_CONTEXT() REPRESENTATION_CONTEXT('2D SPACE',''
  ) );
#1956 = PCURVE('',#1957,#1962);
#1957 = PLANE('',#1958);
#1958 = AXIS2_PLACEMENT_3D('',#1959,#1960,#1961);
#1959 = CARTESIAN_POINT('',(-4.406968888889,-0.911111111111,
    10.445146666667));
#1960 = DIRECTION('',(0.654494905314,-0.176273747195,0.735230565855));
#1961 = DIRECTION('',(0.746926551468,0.,-0.664906554873));
#1962 = DEFINITIONAL_REPRESENTATION('',(#1963),#1967);
#1963 = CIRCLE('',#1964,0.366726666667);
#1964 = AXIS2_PLACEMENT_2D('',#1965,#1966);
#1965 = CARTESIAN_POINT('',(0.,0.));
#1966 = DIRECTION('',(1.,0.));
#1967 = ( GEOMETRIC_REPRESENTATION_CONTEXT(2) 
PARAMETRIC_REPRESENTATION_CONTEXT() REPRESENTATION_CONTEXT('2D SPACE',''
  ) );
#1968 = ORIENTED_EDGE('',*,*,#1969,.F.);
#1969 = EDGE_CURVE('',#1970,#1941,#1972,.T.);
#1970 = VERTEX_POINT('',#1971);
#1971 = CARTESIAN_POINT('',(-4.312766872975,-0.556691608249,
    10.446262118609));
#1972 = SURFACE_CURVE('',#1973,(#1978,#1985),.PCURVE_S1.);
#1973 = CIRCLE('',#1974,0.366726666667);
#1974 = AXIS2_PLACEMENT_3D('',#1975,#1976,#1977);
#1975 = CARTESIAN_POINT('',(-4.406968888889,-0.911111111111,
    10.445146666667));
#1976 = DIRECTION('',(0.654494905314,-0.176273747195,0.735230565855));
#1977 = DIRECTION('',(0.746926551468,0.,-0.664906554873));
#1978 = PCURVE('',#1665,#1979);
#1979 = DEFINITIONAL_REPRESENTATION('',(#1980),#1984);
#1980 = LINE('',#1981,#1982);
#1981 = CARTESIAN_POINT('',(-0.,-0.729610127189));
#1982 = VECTOR('',#1983,1.);
#1983 = DIRECTION('',(-1.,-0.));
#1984 = ( GEOMETRIC_REPRESENTATION_CONTEXT(2) 
PARAMETRIC_REPRESENTATION_CONTEXT() REPRESENTATION_CONTEXT('2D SPACE',''
  ) );
#1985 = PCURVE('',#1986,#1991);
#1986 = PLANE('',#1987);
#1987 = AXIS2_PLACEMENT_3D('',#1988,#1989,#1990);
#1988 = CARTESIAN_POINT('',(-4.406968888889,-0.911111111111,
    10.445146666667));
#1989 = DIRECTION('',(0.654494905314,-0.176273747195,0.735230565855));
#1990 = DIRECTION('',(0.746926551468,0.,-0.664906554873));
#1991 = DEFINITIONAL_REPRESENTATION('',(#1992),#1996);
#1992 = CIRCLE('',#1993,0.366726666667);
#1993 = AXIS2_PLACEMENT_2D('',#1994,#1995);
#1994 = CARTESIAN_POINT('',(0.,0.));
#1995 = DIRECTION('',(1.,0.));
#1996 = ( GEOMETRIC_REPRESENTATION_CONTEXT(2) 
PARAMETRIC_REPRESENTATION_CONTEXT() REPRESENTATION_CONTEXT('2D SPACE',''
  ) );
#1997 = ORIENTED_EDGE('',*,*,#1998,.F.);
#1998 = EDGE_CURVE('',#1999,#1970,#2001,.T.);
#1999 = VERTEX_POINT('',#2000);
#2000 = CARTESIAN_POINT('',(-4.131216846466,-0.818195777998,
    10.221951684607));
#2001 = SURFACE_CURVE('',#2002,(#2007,#2014),.PCURVE_S1.);
#2002 = CIRCLE('',#2003,0.366726666667);
#2003 = AXIS2_PLACEMENT_3D('',#2004,#2005,#2006);
#2004 = CARTESIAN_POINT('',(-4.406968888889,-0.911111111111,
    10.445146666667));
#2005 = DIRECTION('',(0.654494905314,-0.176273747195,0.735230565855));
#2006 = DIRECTION('',(0.746926551468,0.,-0.664906554873));
#2007 = PCURVE('',#1665,#2008);
#2008 = DEFINITIONAL_REPRESENTATION('',(#2009),#2013);
#2009 = LINE('',#2010,#2011);
#2010 = CARTESIAN_POINT('',(-0.,-0.729610127189));
#2011 = VECTOR('',#2012,1.);
#2012 = DIRECTION('',(-1.,-0.));
#2013 = ( GEOMETRIC_REPRESENTATION_CONTEXT(2) 
PARAMETRIC_REPRESENTATION_CONTEXT() REPRESENTATION_CONTEXT('2D SPACE',''
  ) );
#2014 = PCURVE('',#2015,#2020);
#2015 = PLANE('',#2016);
#2016 = AXIS2_PLACEMENT_3D('',#2017,#2018,#2019);
#2017 = CARTESIAN_POINT('',(-4.406968888889,-0.911111111111,
    10.445146666667));
#2018 = DIRECTION('',(0.654494905314,-0.176273747195,0.735230565855));
#2019 = DIRECTION('',(0.746926551468,0.,-0.664906554873));
#2020 = DEFINITIONAL_REPRESENTATION('',(#2021),#2025);
#2021 = CIRCLE('',#2022,0.366726666667);
#2022 = AXIS2_PLACEMENT_2D('',#2023,#2024);
#2023 = CARTESIAN_POINT('',(0.,0.));
#2024 = DIRECTION('',(1.,0.));
#2025 = ( GEOMETRIC_REPRESENTATION_CONTEXT(2) 
PARAMETRIC_REPRESENTATION_CONTEXT() REPRESENTATION_CONTEXT('2D SPACE',''
  ) );
#2026 = ORIENTED_EDGE('',*,*,#2027,.F.);
#2027 = EDGE_CURVE('',#1869,#1999,#2028,.T.);
#2028 = SURFACE_CURVE('',#2029,(#2035,#2044),.PCURVE_S1.);
#2029 = B_SPLINE_CURVE_WITH_KNOTS('',4,(#2030,#2031,#2032,#2033,#2034),
  .UNSPECIFIED.,.F.,.F.,(5,5),(0.,1.),.PIECEWISE_BEZIER_KNOTS.);
#2030 = CARTESIAN_POINT('',(-4.133993219096,-0.910843374415,
    10.200144802792));
#2031 = CARTESIAN_POINT('',(-4.131053412733,-0.887387531561,
    10.203463005688));
#2032 = CARTESIAN_POINT('',(-4.129597000361,-0.863950696081,
    10.208236938931));
#2033 = CARTESIAN_POINT('',(-4.129657382051,-0.840800652947,
    10.214428513417));
#2034 = CARTESIAN_POINT('',(-4.131216846467,-0.818195777985,
    10.221951684611));
#2035 = PCURVE('',#1665,#2036);
#2036 = DEFINITIONAL_REPRESENTATION('',(#2037),#2043);
#2037 = B_SPLINE_CURVE_WITH_KNOTS('',4,(#2038,#2039,#2040,#2041,#2042),
  .UNSPECIFIED.,.F.,.F.,(5,5),(0.,1.),.PIECEWISE_BEZIER_KNOTS.);
#2038 = CARTESIAN_POINT('',(0.,-0.72809125838));
#2039 = CARTESIAN_POINT('',(-6.507702450115E-02,-0.728320341547));
#2040 = CARTESIAN_POINT('',(-0.130155699413,-0.728652198852));
#2041 = CARTESIAN_POINT('',(-0.195238015224,-0.729084169306));
#2042 = CARTESIAN_POINT('',(-0.260324867892,-0.729610127189));
#2043 = ( GEOMETRIC_REPRESENTATION_CONTEXT(2) 
PARAMETRIC_REPRESENTATION_CONTEXT() REPRESENTATION_CONTEXT('2D SPACE',''
  ) );
#2044 = PCURVE('',#1921,#2045);
#2045 = DEFINITIONAL_REPRESENTATION('',(#2046),#2052);
#2046 = B_SPLINE_CURVE_WITH_KNOTS('',4,(#2047,#2048,#2049,#2050,#2051),
  .UNSPECIFIED.,.F.,.F.,(5,5),(0.,1.),.PIECEWISE_BEZIER_KNOTS.);
#2047 = CARTESIAN_POINT('',(-3.161216519157,-3.481012788291E-02));
#2048 = CARTESIAN_POINT('',(-3.226588006297,-3.457996739991E-02));
#2049 = CARTESIAN_POINT('',(-3.291956140729,-3.424651139837E-02));
#2050 = CARTESIAN_POINT('',(-3.357319524819,-3.38123678785E-02));
#2051 = CARTESIAN_POINT('',(-3.422675928805,-3.328346441676E-02));
#2052 = ( GEOMETRIC_REPRESENTATION_CONTEXT(2) 
PARAMETRIC_REPRESENTATION_CONTEXT() REPRESENTATION_CONTEXT('2D SPACE',''
  ) );
#2053 = ORIENTED_EDGE('',*,*,#1868,.F.);
#2054 = ORIENTED_EDGE('',*,*,#1645,.T.);
#2055 = ORIENTED_EDGE('',*,*,#1810,.T.);
#2056 = ORIENTED_EDGE('',*,*,#2057,.T.);
#2057 = EDGE_CURVE('',#1782,#1753,#2058,.T.);
#2058 = SURFACE_CURVE('',#2059,(#2064,#2075),.PCURVE_S1.);
#2059 = ELLIPSE('',#2060,0.402153076731,0.400094306919);
#2060 = AXIS2_PLACEMENT_3D('',#2061,#2062,#2063);
#2061 = CARTESIAN_POINT('',(-4.885938397196,-0.782119880349,
    9.909834822105));
#2062 = DIRECTION('',(0.579365385051,-0.156508423996,0.799900533706));
#2063 = DIRECTION('',(-0.773532314133,0.20371027076,0.600124890817));
#2064 = PCURVE('',#1665,#2065);
#2065 = DEFINITIONAL_REPRESENTATION('',(#2066),#2074);
#2066 = B_SPLINE_CURVE_WITH_KNOTS('',6,(#2067,#2068,#2069,#2070,#2071,
    #2072,#2073),.UNSPECIFIED.,.F.,.F.,(7,7),(3.331715535521,
    4.707748984889),.PIECEWISE_BEZIER_KNOTS.);
#2067 = CARTESIAN_POINT('',(-5.57514936767E-16,-3.967807580487E-02));
#2068 = CARTESIAN_POINT('',(-0.230386164325,-3.791854428946E-02));
#2069 = CARTESIAN_POINT('',(-0.460716444852,-3.364312921707E-02));
#2070 = CARTESIAN_POINT('',(-0.690891289568,-2.701619129967E-02));
#2071 = CARTESIAN_POINT('',(-0.920818987901,-1.860895918613E-02));
#2072 = CARTESIAN_POINT('',(-1.150453199752,-9.310597061627E-03));
#2073 = CARTESIAN_POINT('',(-1.379794576785,0.));
#2074 = ( GEOMETRIC_REPRESENTATION_CONTEXT(2) 
PARAMETRIC_REPRESENTATION_CONTEXT() REPRESENTATION_CONTEXT('2D SPACE',''
  ) );
#2075 = PCURVE('',#1798,#2076);
#2076 = DEFINITIONAL_REPRESENTATION('',(#2077),#2081);
#2077 = ELLIPSE('',#2078,0.402153076731,0.400094306919);
#2078 = AXIS2_PLACEMENT_2D('',#2079,#2080);
#2079 = CARTESIAN_POINT('',(-1.825861125954E-03,3.848624561815E-04));
#2080 = DIRECTION('',(-0.978498909526,0.206251991643));
#2081 = ( GEOMETRIC_REPRESENTATION_CONTEXT(2) 
PARAMETRIC_REPRESENTATION_CONTEXT() REPRESENTATION_CONTEXT('2D SPACE',''
  ) );
#2082 = ORIENTED_EDGE('',*,*,#2083,.T.);
#2083 = EDGE_CURVE('',#1753,#1724,#2084,.T.);
#2084 = SURFACE_CURVE('',#2085,(#2090,#2097),.PCURVE_S1.);
#2085 = CIRCLE('',#2086,0.40009);
#2086 = AXIS2_PLACEMENT_3D('',#2087,#2088,#2089);
#2087 = CARTESIAN_POINT('',(-4.884495,-0.7825,9.908715));
#2088 = DIRECTION('',(0.654494905314,-0.176273747195,0.735230565855));
#2089 = DIRECTION('',(0.746926551468,0.,-0.664906554873));
#2090 = PCURVE('',#1665,#2091);
#2091 = DEFINITIONAL_REPRESENTATION('',(#2092),#2096);
#2092 = LINE('',#2093,#2094);
#2093 = CARTESIAN_POINT('',(-0.,-0.));
#2094 = VECTOR('',#2095,1.);
#2095 = DIRECTION('',(-1.,-0.));
#2096 = ( GEOMETRIC_REPRESENTATION_CONTEXT(2) 
PARAMETRIC_REPRESENTATION_CONTEXT() REPRESENTATION_CONTEXT('2D SPACE',''
  ) );
#2097 = PCURVE('',#2098,#2103);
#2098 = PLANE('',#2099);
#2099 = AXIS2_PLACEMENT_3D('',#2100,#2101,#2102);
#2100 = CARTESIAN_POINT('',(-4.884495,-0.7825,9.908715));
#2101 = DIRECTION('',(0.654494905314,-0.176273747195,0.735230565855));
#2102 = DIRECTION('',(0.746926551468,0.,-0.664906554873));
#2103 = DEFINITIONAL_REPRESENTATION('',(#2104),#2108);
#2104 = CIRCLE('',#2105,0.40009);
#2105 = AXIS2_PLACEMENT_2D('',#2106,#2107);
#2106 = CARTESIAN_POINT('',(0.,0.));
#2107 = DIRECTION('',(1.,0.));
#2108 = ( GEOMETRIC_REPRESENTATION_CONTEXT(2) 
PARAMETRIC_REPRESENTATION_CONTEXT() REPRESENTATION_CONTEXT('2D SPACE',''
  ) );
#2109 = ORIENTED_EDGE('',*,*,#2110,.T.);
#2110 = EDGE_CURVE('',#1724,#1680,#2111,.T.);
#2111 = SURFACE_CURVE('',#2112,(#2117,#2128),.PCURVE_S1.);
#2112 = ELLIPSE('',#2113,0.402153076731,0.400094306919);
#2113 = AXIS2_PLACEMENT_3D('',#2114,#2115,#2116);
#2114 = CARTESIAN_POINT('',(-4.885938397196,-0.782119880349,
    9.909834822105));
#2115 = DIRECTION('',(0.579365385051,-0.156508423996,0.799900533706));
#2116 = DIRECTION('',(-0.773532314133,0.20371027076,0.600124890817));
#2117 = PCURVE('',#1665,#2118);
#2118 = DEFINITIONAL_REPRESENTATION('',(#2119),#2127);
#2119 = B_SPLINE_CURVE_WITH_KNOTS('',6,(#2120,#2121,#2122,#2123,#2124,
    #2125,#2126),.UNSPECIFIED.,.F.,.F.,(7,7),(1.57543632229,
    3.331715535521),.PIECEWISE_BEZIER_KNOTS.);
#2120 = CARTESIAN_POINT('',(-4.521387230375,-1.01323839506E-17));
#2121 = CARTESIAN_POINT('',(-4.814103583601,-1.188343792778E-02));
#2122 = CARTESIAN_POINT('',(-5.107296824571,-2.374588810662E-02));
#2123 = CARTESIAN_POINT('',(-5.40096926717,-3.376683297287E-02));
#2124 = CARTESIAN_POINT('',(-5.694994852588,-4.007195190762E-02));
#2125 = CARTESIAN_POINT('',(-5.989135455698,-4.192382689977E-02));
#2126 = CARTESIAN_POINT('',(-6.28318530718,-3.967807580487E-02));
#2127 = ( GEOMETRIC_REPRESENTATION_CONTEXT(2) 
PARAMETRIC_REPRESENTATION_CONTEXT() REPRESENTATION_CONTEXT('2D SPACE',''
  ) );
#2128 = PCURVE('',#1740,#2129);
#2129 = DEFINITIONAL_REPRESENTATION('',(#2130),#2134);
#2130 = ELLIPSE('',#2131,0.402153076731,0.400094306919);
#2131 = AXIS2_PLACEMENT_2D('',#2132,#2133);
#2132 = CARTESIAN_POINT('',(-1.825861125954E-03,3.848624561815E-04));
#2133 = DIRECTION('',(-0.978498909526,0.206251991643));
#2134 = ( GEOMETRIC_REPRESENTATION_CONTEXT(2) 
PARAMETRIC_REPRESENTATION_CONTEXT() REPRESENTATION_CONTEXT('2D SPACE',''
  ) );
#2135 = ADVANCED_FACE('',(#2136),#1798,.T.);
#2136 = FACE_BOUND('',#2137,.T.);
#2137 = EDGE_LOOP('',(#2138,#2139));
#2138 = ORIENTED_EDGE('',*,*,#1781,.T.);
#2139 = ORIENTED_EDGE('',*,*,#2057,.F.);
#2140 = ADVANCED_FACE('',(#2141),#1769,.T.);
#2141 = FACE_BOUND('',#2142,.T.);
#2142 = EDGE_LOOP('',(#2143,#2164,#2165,#2186,#2212));
#2143 = ORIENTED_EDGE('',*,*,#2144,.T.);
#2144 = EDGE_CURVE('',#2145,#1753,#2147,.T.);
#2145 = VERTEX_POINT('',#2146);
#2146 = CARTESIAN_POINT('',(-4.804328569,-0.48088706374,9.909664255707)
  );
#2147 = SURFACE_CURVE('',#2148,(#2152,#2158),.PCURVE_S1.);
#2148 = LINE('',#2149,#2150);
#2149 = CARTESIAN_POINT('',(-4.884495,-0.7825,9.908715));
#2150 = VECTOR('',#2151,1.);
#2151 = DIRECTION('',(0.256872555164,0.966440499361,3.041643937428E-03)
  );
#2152 = PCURVE('',#1769,#2153);
#2153 = DEFINITIONAL_REPRESENTATION('',(#2154),#2157);
#2154 = B_SPLINE_CURVE_WITH_KNOTS('',1,(#2155,#2156),.UNSPECIFIED.,.F.,
  .F.,(2,2),(-0.407500580193,0.407500580193),.PIECEWISE_BEZIER_KNOTS.);
#2155 = CARTESIAN_POINT('',(-8.40478062603E-02,-0.39873887335));
#2156 = CARTESIAN_POINT('',(8.40478062603E-02,0.39873887335));
#2157 = ( GEOMETRIC_REPRESENTATION_CONTEXT(2) 
PARAMETRIC_REPRESENTATION_CONTEXT() REPRESENTATION_CONTEXT('2D SPACE',''
  ) );
#2158 = PCURVE('',#2098,#2159);
#2159 = DEFINITIONAL_REPRESENTATION('',(#2160),#2163);
#2160 = B_SPLINE_CURVE_WITH_KNOTS('',1,(#2161,#2162),.UNSPECIFIED.,.F.,
  .F.,(2,2),(-0.407500580193,0.407500580193),.PIECEWISE_BEZIER_KNOTS.);
#2161 = CARTESIAN_POINT('',(-7.736093818789E-02,-0.40009));
#2162 = CARTESIAN_POINT('',(7.736093818789E-02,0.40009));
#2163 = ( GEOMETRIC_REPRESENTATION_CONTEXT(2) 
PARAMETRIC_REPRESENTATION_CONTEXT() REPRESENTATION_CONTEXT('2D SPACE',''
  ) );
#2164 = ORIENTED_EDGE('',*,*,#1752,.T.);
#2165 = ORIENTED_EDGE('',*,*,#2166,.T.);
#2166 = EDGE_CURVE('',#1724,#2167,#2169,.T.);
#2167 = VERTEX_POINT('',#2168);
#2168 = CARTESIAN_POINT('',(-4.884495,-0.7825,9.908715));
#2169 = SURFACE_CURVE('',#2170,(#2174,#2180),.PCURVE_S1.);
#2170 = LINE('',#2171,#2172);
#2171 = CARTESIAN_POINT('',(-4.884495,-0.7825,9.908715));
#2172 = VECTOR('',#2173,1.);
#2173 = DIRECTION('',(0.256872555164,0.966440499361,3.041643937428E-03)
  );
#2174 = PCURVE('',#1769,#2175);
#2175 = DEFINITIONAL_REPRESENTATION('',(#2176),#2179);
#2176 = B_SPLINE_CURVE_WITH_KNOTS('',1,(#2177,#2178),.UNSPECIFIED.,.F.,
  .F.,(2,2),(-0.407500580193,0.407500580193),.PIECEWISE_BEZIER_KNOTS.);
#2177 = CARTESIAN_POINT('',(-8.40478062603E-02,-0.39873887335));
#2178 = CARTESIAN_POINT('',(8.40478062603E-02,0.39873887335));
#2179 = ( GEOMETRIC_REPRESENTATION_CONTEXT(2) 
PARAMETRIC_REPRESENTATION_CONTEXT() REPRESENTATION_CONTEXT('2D SPACE',''
  ) );
#2180 = PCURVE('',#2098,#2181);
#2181 = DEFINITIONAL_REPRESENTATION('',(#2182),#2185);
#2182 = B_SPLINE_CURVE_WITH_KNOTS('',1,(#2183,#2184),.UNSPECIFIED.,.F.,
  .F.,(2,2),(-0.407500580193,0.407500580193),.PIECEWISE_BEZIER_KNOTS.);
#2183 = CARTESIAN_POINT('',(-7.736093818789E-02,-0.40009));
#2184 = CARTESIAN_POINT('',(7.736093818789E-02,0.40009));
#2185 = ( GEOMETRIC_REPRESENTATION_CONTEXT(2) 
PARAMETRIC_REPRESENTATION_CONTEXT() REPRESENTATION_CONTEXT('2D SPACE',''
  ) );
#2186 = ORIENTED_EDGE('',*,*,#2187,.T.);
#2187 = EDGE_CURVE('',#2167,#2188,#2190,.T.);
#2188 = VERTEX_POINT('',#2189);
#2189 = CARTESIAN_POINT('',(-4.965883930896,-1.083786845037,9.908715));
#2190 = SURFACE_CURVE('',#2191,(#2195,#2201),.PCURVE_S1.);
#2191 = LINE('',#2192,#2193);
#2192 = CARTESIAN_POINT('',(-4.884495,-0.7825,9.908715));
#2193 = VECTOR('',#2194,1.);
#2194 = DIRECTION('',(-0.260789739303,-0.965395624536,0.));
#2195 = PCURVE('',#1769,#2196);
#2196 = DEFINITIONAL_REPRESENTATION('',(#2197),#2200);
#2197 = B_SPLINE_CURVE_WITH_KNOTS('',1,(#2198,#2199),.UNSPECIFIED.,.F.,
  .F.,(2,2),(-0.32327306243,0.32327306243),.PIECEWISE_BEZIER_KNOTS.);
#2198 = CARTESIAN_POINT('',(6.827806883265E-02,0.315980344656));
#2199 = CARTESIAN_POINT('',(-6.827806883265E-02,-0.315980344656));
#2200 = ( GEOMETRIC_REPRESENTATION_CONTEXT(2) 
PARAMETRIC_REPRESENTATION_CONTEXT() REPRESENTATION_CONTEXT('2D SPACE',''
  ) );
#2201 = PCURVE('',#2202,#2207);
#2202 = PLANE('',#2203);
#2203 = AXIS2_PLACEMENT_3D('',#2204,#2205,#2206);
#2204 = CARTESIAN_POINT('',(-4.884495,-0.7825,9.908715));
#2205 = DIRECTION('',(0.,0.,1.));
#2206 = DIRECTION('',(1.,0.,-0.));
#2207 = DEFINITIONAL_REPRESENTATION('',(#2208),#2211);
#2208 = B_SPLINE_CURVE_WITH_KNOTS('',1,(#2209,#2210),.UNSPECIFIED.,.F.,
  .F.,(2,2),(-0.32327306243,0.32327306243),.PIECEWISE_BEZIER_KNOTS.);
#2209 = CARTESIAN_POINT('',(8.430629767472E-02,0.3120864));
#2210 = CARTESIAN_POINT('',(-8.430629767472E-02,-0.3120864));
#2211 = ( GEOMETRIC_REPRESENTATION_CONTEXT(2) 
PARAMETRIC_REPRESENTATION_CONTEXT() REPRESENTATION_CONTEXT('2D SPACE',''
  ) );
#2212 = ORIENTED_EDGE('',*,*,#2213,.F.);
#2213 = EDGE_CURVE('',#2145,#2188,#2214,.T.);
#2214 = SURFACE_CURVE('',#2215,(#2220,#2227),.PCURVE_S1.);
#2215 = CIRCLE('',#2216,0.3120864);
#2216 = AXIS2_PLACEMENT_3D('',#2217,#2218,#2219);
#2217 = CARTESIAN_POINT('',(-4.884495,-0.7825,9.908715));
#2218 = DIRECTION('',(0.579365385051,-0.156508423996,0.799900533706));
#2219 = DIRECTION('',(-0.809881001964,0.,0.586594206124));
#2220 = PCURVE('',#1769,#2221);
#2221 = DEFINITIONAL_REPRESENTATION('',(#2222),#2226);
#2222 = CIRCLE('',#2223,0.3120864);
#2223 = AXIS2_PLACEMENT_2D('',#2224,#2225);
#2224 = CARTESIAN_POINT('',(0.,0.));
#2225 = DIRECTION('',(-1.,0.));
#2226 = ( GEOMETRIC_REPRESENTATION_CONTEXT(2) 
PARAMETRIC_REPRESENTATION_CONTEXT() REPRESENTATION_CONTEXT('2D SPACE',''
  ) );
#2227 = PCURVE('',#2228,#2233);
#2228 = SPHERICAL_SURFACE('',#2229,0.3120864);
#2229 = AXIS2_PLACEMENT_3D('',#2230,#2231,#2232);
#2230 = CARTESIAN_POINT('',(-4.884495,-0.7825,9.908715));
#2231 = DIRECTION('',(0.,0.,1.));
#2232 = DIRECTION('',(1.,0.,-0.));
#2233 = DEFINITIONAL_REPRESENTATION('',(#2234),#2265);
#2234 = B_SPLINE_CURVE_WITH_KNOTS('',8,(#2235,#2236,#2237,#2238,#2239,
    #2240,#2241,#2242,#2243,#2244,#2245,#2246,#2247,#2248,#2249,#2250,
    #2251,#2252,#2253,#2254,#2255,#2256,#2257,#2258,#2259,#2260,#2261,
    #2262,#2263,#2264),.UNSPECIFIED.,.F.,.F.,(9,7,7,7,9),(4.49957763475,
    5.284975798148,5.874024420696,6.757597354518,7.64117028834),
  .UNSPECIFIED.);
#2235 = CARTESIAN_POINT('',(1.306956166844,0.));
#2236 = CARTESIAN_POINT('',(1.385486218103,5.891788011433E-02));
#2237 = CARTESIAN_POINT('',(1.46401390326,0.117836592245));
#2238 = CARTESIAN_POINT('',(1.543381381108,0.176198662077));
#2239 = CARTESIAN_POINT('',(1.624400066842,0.233456199164));
#2240 = CARTESIAN_POINT('',(1.707917505682,0.289016362423));
#2241 = CARTESIAN_POINT('',(1.79480397387,0.342204249239));
#2242 = CARTESIAN_POINT('',(1.885858807039,0.392243208189));
#2243 = CARTESIAN_POINT('',(2.053469692626,0.472759600782));
#2244 = CARTESIAN_POINT('',(2.127960691212,0.50500028019));
#2245 = CARTESIAN_POINT('',(2.205326370473,0.534607005738));
#2246 = CARTESIAN_POINT('',(2.285728521562,0.561181768955));
#2247 = CARTESIAN_POINT('',(2.369160402976,0.584308738975));
#2248 = CARTESIAN_POINT('',(2.455382163048,0.603584201586));
#2249 = CARTESIAN_POINT('',(2.543905089974,0.618663859138));
#2250 = CARTESIAN_POINT('',(2.769204088465,0.645322939519));
#2251 = CARTESIAN_POINT('',(2.907981802107,0.651379941157));
#2252 = CARTESIAN_POINT('',(3.048021360744,0.646753846978));
#2253 = CARTESIAN_POINT('',(3.186087230362,0.631229039906));
#2254 = CARTESIAN_POINT('',(3.318580636585,0.605627514929));
#2255 = CARTESIAN_POINT('',(3.444430357878,0.571383021536));
#2256 = CARTESIAN_POINT('',(3.563398078384,0.529868331415));
#2257 = CARTESIAN_POINT('',(3.78854482982,0.434936501972));
#2258 = CARTESIAN_POINT('',(3.894722779353,0.381518010185));
#2259 = CARTESIAN_POINT('',(3.994975217846,0.323461135021));
#2260 = CARTESIAN_POINT('',(4.090431099271,0.261975285079));
#2261 = CARTESIAN_POINT('',(4.182327119358,0.19806098615));
#2262 = CARTESIAN_POINT('',(4.271856234955,0.13256482375));
#2263 = CARTESIAN_POINT('',(4.360202512767,6.628261512862E-02));
#2264 = CARTESIAN_POINT('',(4.448548820434,0.));
#2265 = ( GEOMETRIC_REPRESENTATION_CONTEXT(2) 
PARAMETRIC_REPRESENTATION_CONTEXT() REPRESENTATION_CONTEXT('2D SPACE',''
  ) );
#2266 = ADVANCED_FACE('',(#2267),#1740,.T.);
#2267 = FACE_BOUND('',#2268,.T.);
#2268 = EDGE_LOOP('',(#2269,#2270));
#2269 = ORIENTED_EDGE('',*,*,#2110,.F.);
#2270 = ORIENTED_EDGE('',*,*,#1723,.T.);
#2271 = ADVANCED_FACE('',(#2272),#2098,.F.);
#2272 = FACE_BOUND('',#2273,.F.);
#2273 = EDGE_LOOP('',(#2274,#2275,#2276,#2277,#2298));
#2274 = ORIENTED_EDGE('',*,*,#2144,.T.);
#2275 = ORIENTED_EDGE('',*,*,#2083,.T.);
#2276 = ORIENTED_EDGE('',*,*,#2166,.T.);
#2277 = ORIENTED_EDGE('',*,*,#2278,.F.);
#2278 = EDGE_CURVE('',#2279,#2167,#2281,.T.);
#2279 = VERTEX_POINT('',#2280);
#2280 = CARTESIAN_POINT('',(-4.965656480784,-1.083848195783,9.908715));
#2281 = SURFACE_CURVE('',#2282,(#2286,#2292),.PCURVE_S1.);
#2282 = LINE('',#2283,#2284);
#2283 = CARTESIAN_POINT('',(-4.884495,-0.7825,9.908715));
#2284 = VECTOR('',#2285,1.);
#2285 = DIRECTION('',(0.260060934358,0.965592207104,-0.));
#2286 = PCURVE('',#2098,#2287);
#2287 = DEFINITIONAL_REPRESENTATION('',(#2288),#2291);
#2288 = B_SPLINE_CURVE_WITH_KNOTS('',1,(#2289,#2290),.UNSPECIFIED.,.F.,
  .F.,(2,2),(-0.312961003147,0.312022863089),.PIECEWISE_BEZIER_KNOTS.);
#2289 = CARTESIAN_POINT('',(-6.079155348182E-02,-0.306999961753));
#2290 = CARTESIAN_POINT('',(6.060932313707E-02,0.306079690668));
#2291 = ( GEOMETRIC_REPRESENTATION_CONTEXT(2) 
PARAMETRIC_REPRESENTATION_CONTEXT() REPRESENTATION_CONTEXT('2D SPACE',''
  ) );
#2292 = PCURVE('',#2202,#2293);
#2293 = DEFINITIONAL_REPRESENTATION('',(#2294),#2297);
#2294 = B_SPLINE_CURVE_WITH_KNOTS('',1,(#2295,#2296),.UNSPECIFIED.,.F.,
  .F.,(2,2),(-0.312961003147,0.312022863089),.PIECEWISE_BEZIER_KNOTS.);
#2295 = CARTESIAN_POINT('',(-8.138893089605E-02,-0.302192705766));
#2296 = CARTESIAN_POINT('',(8.114495731606E-02,0.301286845037));
#2297 = ( GEOMETRIC_REPRESENTATION_CONTEXT(2) 
PARAMETRIC_REPRESENTATION_CONTEXT() REPRESENTATION_CONTEXT('2D SPACE',''
  ) );
#2298 = ORIENTED_EDGE('',*,*,#2299,.F.);
#2299 = EDGE_CURVE('',#2145,#2279,#2300,.T.);
#2300 = SURFACE_CURVE('',#2301,(#2306,#2313),.PCURVE_S1.);
#2301 = CIRCLE('',#2302,0.3120864);
#2302 = AXIS2_PLACEMENT_3D('',#2303,#2304,#2305);
#2303 = CARTESIAN_POINT('',(-4.884495,-0.7825,9.908715));
#2304 = DIRECTION('',(0.654494905314,-0.176273747195,0.735230565855));
#2305 = DIRECTION('',(-0.746926551468,0.,0.664906554873));
#2306 = PCURVE('',#2098,#2307);
#2307 = DEFINITIONAL_REPRESENTATION('',(#2308),#2312);
#2308 = CIRCLE('',#2309,0.3120864);
#2309 = AXIS2_PLACEMENT_2D('',#2310,#2311);
#2310 = CARTESIAN_POINT('',(0.,0.));
#2311 = DIRECTION('',(-1.,1.387778780781E-17));
#2312 = ( GEOMETRIC_REPRESENTATION_CONTEXT(2) 
PARAMETRIC_REPRESENTATION_CONTEXT() REPRESENTATION_CONTEXT('2D SPACE',''
  ) );
#2313 = PCURVE('',#2228,#2314);
#2314 = DEFINITIONAL_REPRESENTATION('',(#2315),#2346);
#2315 = B_SPLINE_CURVE_WITH_KNOTS('',8,(#2316,#2317,#2318,#2319,#2320,
    #2321,#2322,#2323,#2324,#2325,#2326,#2327,#2328,#2329,#2330,#2331,
    #2332,#2333,#2334,#2335,#2336,#2337,#2338,#2339,#2340,#2341,#2342,
    #2343,#2344,#2345),.UNSPECIFIED.,.F.,.F.,(9,7,7,7,9),(4.516899804245
    ,5.302297967643,5.891346590191,6.774919524013,7.658492457835),
  .UNSPECIFIED.);
#2316 = CARTESIAN_POINT('',(1.307711018737,0.));
#2317 = CARTESIAN_POINT('',(1.379892110749,6.654453774648E-02));
#2318 = CARTESIAN_POINT('',(1.452073701837,0.133088843433));
#2319 = CARTESIAN_POINT('',(1.525226578456,0.199106111996));
#2320 = CARTESIAN_POINT('',(1.600334232148,0.26406396691));
#2321 = CARTESIAN_POINT('',(1.678402474556,0.327388457291));
#2322 = CARTESIAN_POINT('',(1.760549338045,0.388396140984));
#2323 = CARTESIAN_POINT('',(1.847985127309,0.446231195084));
#2324 = CARTESIAN_POINT('',(2.011973007402,0.54005447062));
#2325 = CARTESIAN_POINT('',(2.085780304959,0.577890153925));
#2326 = CARTESIAN_POINT('',(2.163532296589,0.612908077903));
#2327 = CARTESIAN_POINT('',(2.24555151539,0.644612979176));
#2328 = CARTESIAN_POINT('',(2.332039003755,0.67244235639));
#2329 = CARTESIAN_POINT('',(2.42284204779,0.69580817894));
#2330 = CARTESIAN_POINT('',(2.517279489702,0.71418287482));
#2331 = CARTESIAN_POINT('',(2.759801651602,0.746767502695));
#2332 = CARTESIAN_POINT('',(2.911098853552,0.754297431979));
#2333 = CARTESIAN_POINT('',(3.06461979553,0.748647104633));
#2334 = CARTESIAN_POINT('',(3.214885689247,0.729354798385));
#2335 = CARTESIAN_POINT('',(3.355503876346,0.697937621519));
#2336 = CARTESIAN_POINT('',(3.486134165344,0.656623417328));
#2337 = CARTESIAN_POINT('',(3.606835746451,0.607252267818));
#2338 = CARTESIAN_POINT('',(3.830702068229,0.495734284728));
#2339 = CARTESIAN_POINT('',(3.933858431211,0.433584115534));
#2340 = CARTESIAN_POINT('',(4.029335646033,0.366698565278));
#2341 = CARTESIAN_POINT('',(4.118934467758,0.296438548864));
#2342 = CARTESIAN_POINT('',(4.204310154124,0.223838167058));
#2343 = CARTESIAN_POINT('',(4.286894982446,0.149724471308));
#2344 = CARTESIAN_POINT('',(4.368099943814,7.486260496479E-02));
#2345 = CARTESIAN_POINT('',(4.449303672327,0.));
#2346 = ( GEOMETRIC_REPRESENTATION_CONTEXT(2) 
PARAMETRIC_REPRESENTATION_CONTEXT() REPRESENTATION_CONTEXT('2D SPACE',''
  ) );
#2347 = ADVANCED_FACE('',(#2348),#1921,.T.);
#2348 = FACE_BOUND('',#2349,.T.);
#2349 = EDGE_LOOP('',(#2350,#2381,#2404,#2431,#2459,#2460,#2461,#2489,
    #2511,#2512,#2536,#2565,#2614));
#2350 = ORIENTED_EDGE('',*,*,#2351,.F.);
#2351 = EDGE_CURVE('',#2352,#2354,#2356,.T.);
#2352 = VERTEX_POINT('',#2353);
#2353 = CARTESIAN_POINT('',(-4.101948197537,-1.053611111111,
    11.177333400907));
#2354 = VERTEX_POINT('',#2355);
#2355 = CARTESIAN_POINT('',(-3.962229113454,-1.375786937446,
    10.930661027438));
#2356 = SURFACE_CURVE('',#2357,(#2362,#2369),.PCURVE_S1.);
#2357 = CIRCLE('',#2358,0.333363333333);
#2358 = AXIS2_PLACEMENT_3D('',#2359,#2360,#2361);
#2359 = CARTESIAN_POINT('',(-3.876597222222,-1.053611111111,10.931675));
#2360 = DIRECTION('',(0.722876358208,-0.194222066371,0.663119566653));
#2361 = DIRECTION('',(-0.675992086655,0.,0.736908880921));
#2362 = PCURVE('',#1921,#2363);
#2363 = DEFINITIONAL_REPRESENTATION('',(#2364),#2368);
#2364 = LINE('',#2365,#2366);
#2365 = CARTESIAN_POINT('',(-0.,-0.733696240919));
#2366 = VECTOR('',#2367,1.);
#2367 = DIRECTION('',(-1.,-0.));
#2368 = ( GEOMETRIC_REPRESENTATION_CONTEXT(2) 
PARAMETRIC_REPRESENTATION_CONTEXT() REPRESENTATION_CONTEXT('2D SPACE',''
  ) );
#2369 = PCURVE('',#2370,#2375);
#2370 = PLANE('',#2371);
#2371 = AXIS2_PLACEMENT_3D('',#2372,#2373,#2374);
#2372 = CARTESIAN_POINT('',(-3.876597222222,-1.053611111111,10.931675));
#2373 = DIRECTION('',(0.722876358208,-0.194222066371,0.663119566653));
#2374 = DIRECTION('',(-0.675992086655,0.,0.736908880921));
#2375 = DEFINITIONAL_REPRESENTATION('',(#2376),#2380);
#2376 = CIRCLE('',#2377,0.333363333333);
#2377 = AXIS2_PLACEMENT_2D('',#2378,#2379);
#2378 = CARTESIAN_POINT('',(0.,0.));
#2379 = DIRECTION('',(1.,0.));
#2380 = ( GEOMETRIC_REPRESENTATION_CONTEXT(2) 
PARAMETRIC_REPRESENTATION_CONTEXT() REPRESENTATION_CONTEXT('2D SPACE',''
  ) );
#2381 = ORIENTED_EDGE('',*,*,#2382,.F.);
#2382 = EDGE_CURVE('',#2383,#2352,#2385,.T.);
#2383 = VERTEX_POINT('',#2384);
#2384 = CARTESIAN_POINT('',(-4.654873213521,-0.911111111111,
    10.715390804204));
#2385 = SEAM_CURVE('',#2386,(#2390,#2397),.PCURVE_S1.);
#2386 = LINE('',#2387,#2388);
#2387 = CARTESIAN_POINT('',(-4.654873213521,-0.911111111111,
    10.715390804204));
#2388 = VECTOR('',#2389,1.);
#2389 = DIRECTION('',(0.752837760378,-0.194021572098,0.628960202326));
#2390 = PCURVE('',#1921,#2391);
#2391 = DEFINITIONAL_REPRESENTATION('',(#2392),#2396);
#2392 = LINE('',#2393,#2394);
#2393 = CARTESIAN_POINT('',(-6.28318530718,0.));
#2394 = VECTOR('',#2395,1.);
#2395 = DIRECTION('',(-0.,-1.));
#2396 = ( GEOMETRIC_REPRESENTATION_CONTEXT(2) 
PARAMETRIC_REPRESENTATION_CONTEXT() REPRESENTATION_CONTEXT('2D SPACE',''
  ) );
#2397 = PCURVE('',#1921,#2398);
#2398 = DEFINITIONAL_REPRESENTATION('',(#2399),#2403);
#2399 = LINE('',#2400,#2401);
#2400 = CARTESIAN_POINT('',(0.,-0.));
#2401 = VECTOR('',#2402,1.);
#2402 = DIRECTION('',(-0.,-1.));
#2403 = ( GEOMETRIC_REPRESENTATION_CONTEXT(2) 
PARAMETRIC_REPRESENTATION_CONTEXT() REPRESENTATION_CONTEXT('2D SPACE',''
  ) );
#2404 = ORIENTED_EDGE('',*,*,#2405,.T.);
#2405 = EDGE_CURVE('',#2383,#1941,#2406,.T.);
#2406 = SURFACE_CURVE('',#2407,(#2412,#2419),.PCURVE_S1.);
#2407 = CIRCLE('',#2408,0.366726666667);
#2408 = AXIS2_PLACEMENT_3D('',#2409,#2410,#2411);
#2409 = CARTESIAN_POINT('',(-4.406968888889,-0.911111111111,
    10.445146666667));
#2410 = DIRECTION('',(0.722876358208,-0.194222066371,0.663119566653));
#2411 = DIRECTION('',(-0.675992086655,0.,0.736908880921));
#2412 = PCURVE('',#1921,#2413);
#2413 = DEFINITIONAL_REPRESENTATION('',(#2414),#2418);
#2414 = LINE('',#2415,#2416);
#2415 = CARTESIAN_POINT('',(-0.,-0.));
#2416 = VECTOR('',#2417,1.);
#2417 = DIRECTION('',(-1.,-0.));
#2418 = ( GEOMETRIC_REPRESENTATION_CONTEXT(2) 
PARAMETRIC_REPRESENTATION_CONTEXT() REPRESENTATION_CONTEXT('2D SPACE',''
  ) );
#2419 = PCURVE('',#2420,#2425);
#2420 = PLANE('',#2421);
#2421 = AXIS2_PLACEMENT_3D('',#2422,#2423,#2424);
#2422 = CARTESIAN_POINT('',(-4.406968888889,-0.911111111111,
    10.445146666667));
#2423 = DIRECTION('',(0.722876358208,-0.194222066371,0.663119566653));
#2424 = DIRECTION('',(-0.675992086655,0.,0.736908880921));
#2425 = DEFINITIONAL_REPRESENTATION('',(#2426),#2430);
#2426 = CIRCLE('',#2427,0.366726666667);
#2427 = AXIS2_PLACEMENT_2D('',#2428,#2429);
#2428 = CARTESIAN_POINT('',(0.,0.));
#2429 = DIRECTION('',(1.,0.));
#2430 = ( GEOMETRIC_REPRESENTATION_CONTEXT(2) 
PARAMETRIC_REPRESENTATION_CONTEXT() REPRESENTATION_CONTEXT('2D SPACE',''
  ) );
#2431 = ORIENTED_EDGE('',*,*,#2432,.T.);
#2432 = EDGE_CURVE('',#1941,#1892,#2433,.T.);
#2433 = SURFACE_CURVE('',#2434,(#2439,#2452),.PCURVE_S1.);
#2434 = ELLIPSE('',#2435,0.368614052604,0.366730563208);
#2435 = AXIS2_PLACEMENT_3D('',#2436,#2437,#2438);
#2436 = CARTESIAN_POINT('',(-4.408177198029,-0.910793576582,
    10.446298421255));
#2437 = DIRECTION('',(0.654494905314,-0.176273747195,0.735230565855));
#2438 = DIRECTION('',(-0.711092757185,0.186869813625,0.677810270972));
#2439 = PCURVE('',#1921,#2440);
#2440 = DEFINITIONAL_REPRESENTATION('',(#2441),#2451);
#2441 = B_SPLINE_CURVE_WITH_KNOTS('',8,(#2442,#2443,#2444,#2445,#2446,
    #2447,#2448,#2449,#2450),.UNSPECIFIED.,.F.,.F.,(9,9),(1.575406120132
    ,4.707779187047),.PIECEWISE_BEZIER_KNOTS.);
#2442 = CARTESIAN_POINT('',(-1.398543367541,9.06498019758E-16));
#2443 = CARTESIAN_POINT('',(-1.790094161163,-1.455651380985E-02));
#2444 = CARTESIAN_POINT('',(-2.182452851386,-2.908311333204E-02));
#2445 = CARTESIAN_POINT('',(-2.575619589319,-4.017787605262E-02));
#2446 = CARTESIAN_POINT('',(-2.969339694329,-4.445782651624E-02));
#2447 = CARTESIAN_POINT('',(-3.363059799352,-4.017787605263E-02));
#2448 = CARTESIAN_POINT('',(-3.756226537284,-2.908311333204E-02));
#2449 = CARTESIAN_POINT('',(-4.148585227508,-1.455651380985E-02));
#2450 = CARTESIAN_POINT('',(-4.540136021131,-5.038094021267E-18));
#2451 = ( GEOMETRIC_REPRESENTATION_CONTEXT(2) 
PARAMETRIC_REPRESENTATION_CONTEXT() REPRESENTATION_CONTEXT('2D SPACE',''
  ) );
#2452 = PCURVE('',#1957,#2453);
#2453 = DEFINITIONAL_REPRESENTATION('',(#2454),#2458);
#2454 = ELLIPSE('',#2455,0.368614052604,0.366730563208);
#2455 = AXIS2_PLACEMENT_2D('',#2456,#2457);
#2456 = CARTESIAN_POINT('',(-1.668327354209E-03,3.225858415008E-04));
#2457 = DIRECTION('',(-0.981814553027,0.189842522804));
#2458 = ( GEOMETRIC_REPRESENTATION_CONTEXT(2) 
PARAMETRIC_REPRESENTATION_CONTEXT() REPRESENTATION_CONTEXT('2D SPACE',''
  ) );
#2459 = ORIENTED_EDGE('',*,*,#1891,.T.);
#2460 = ORIENTED_EDGE('',*,*,#2027,.T.);
#2461 = ORIENTED_EDGE('',*,*,#2462,.T.);
#2462 = EDGE_CURVE('',#1999,#1970,#2463,.T.);
#2463 = SURFACE_CURVE('',#2464,(#2469,#2482),.PCURVE_S1.);
#2464 = ELLIPSE('',#2465,0.368614052604,0.366730563208);
#2465 = AXIS2_PLACEMENT_3D('',#2466,#2467,#2468);
#2466 = CARTESIAN_POINT('',(-4.408177198029,-0.910793576582,
    10.446298421255));
#2467 = DIRECTION('',(0.654494905314,-0.176273747195,0.735230565855));
#2468 = DIRECTION('',(-0.711092757185,0.186869813625,0.677810270972));
#2469 = PCURVE('',#1921,#2470);
#2470 = DEFINITIONAL_REPRESENTATION('',(#2471),#2481);
#2471 = B_SPLINE_CURVE_WITH_KNOTS('',8,(#2472,#2473,#2474,#2475,#2476,
    #2477,#2478,#2479,#2480),.UNSPECIFIED.,.F.,.F.,(9,9),(1.575406120132
    ,4.707779187047),.PIECEWISE_BEZIER_KNOTS.);
#2472 = CARTESIAN_POINT('',(-1.398543367541,9.06498019758E-16));
#2473 = CARTESIAN_POINT('',(-1.790094161163,-1.455651380985E-02));
#2474 = CARTESIAN_POINT('',(-2.182452851386,-2.908311333204E-02));
#2475 = CARTESIAN_POINT('',(-2.575619589319,-4.017787605262E-02));
#2476 = CARTESIAN_POINT('',(-2.969339694329,-4.445782651624E-02));
#2477 = CARTESIAN_POINT('',(-3.363059799352,-4.017787605263E-02));
#2478 = CARTESIAN_POINT('',(-3.756226537284,-2.908311333204E-02));
#2479 = CARTESIAN_POINT('',(-4.148585227508,-1.455651380985E-02));
#2480 = CARTESIAN_POINT('',(-4.540136021131,-5.038094021267E-18));
#2481 = ( GEOMETRIC_REPRESENTATION_CONTEXT(2) 
PARAMETRIC_REPRESENTATION_CONTEXT() REPRESENTATION_CONTEXT('2D SPACE',''
  ) );
#2482 = PCURVE('',#2015,#2483);
#2483 = DEFINITIONAL_REPRESENTATION('',(#2484),#2488);
#2484 = ELLIPSE('',#2485,0.368614052604,0.366730563208);
#2485 = AXIS2_PLACEMENT_2D('',#2486,#2487);
#2486 = CARTESIAN_POINT('',(-1.668327354209E-03,3.225858415008E-04));
#2487 = DIRECTION('',(-0.981814553027,0.189842522804));
#2488 = ( GEOMETRIC_REPRESENTATION_CONTEXT(2) 
PARAMETRIC_REPRESENTATION_CONTEXT() REPRESENTATION_CONTEXT('2D SPACE',''
  ) );
#2489 = ORIENTED_EDGE('',*,*,#2490,.T.);
#2490 = EDGE_CURVE('',#1970,#2383,#2491,.T.);
#2491 = SURFACE_CURVE('',#2492,(#2497,#2504),.PCURVE_S1.);
#2492 = CIRCLE('',#2493,0.366726666667);
#2493 = AXIS2_PLACEMENT_3D('',#2494,#2495,#2496);
#2494 = CARTESIAN_POINT('',(-4.406968888889,-0.911111111111,
    10.445146666667));
#2495 = DIRECTION('',(0.722876358208,-0.194222066371,0.663119566653));
#2496 = DIRECTION('',(-0.675992086655,0.,0.736908880921));
#2497 = PCURVE('',#1921,#2498);
#2498 = DEFINITIONAL_REPRESENTATION('',(#2499),#2503);
#2499 = LINE('',#2500,#2501);
#2500 = CARTESIAN_POINT('',(-0.,-0.));
#2501 = VECTOR('',#2502,1.);
#2502 = DIRECTION('',(-1.,-0.));
#2503 = ( GEOMETRIC_REPRESENTATION_CONTEXT(2) 
PARAMETRIC_REPRESENTATION_CONTEXT() REPRESENTATION_CONTEXT('2D SPACE',''
  ) );
#2504 = PCURVE('',#2420,#2505);
#2505 = DEFINITIONAL_REPRESENTATION('',(#2506),#2510);
#2506 = CIRCLE('',#2507,0.366726666667);
#2507 = AXIS2_PLACEMENT_2D('',#2508,#2509);
#2508 = CARTESIAN_POINT('',(0.,0.));
#2509 = DIRECTION('',(1.,0.));
#2510 = ( GEOMETRIC_REPRESENTATION_CONTEXT(2) 
PARAMETRIC_REPRESENTATION_CONTEXT() REPRESENTATION_CONTEXT('2D SPACE',''
  ) );
#2511 = ORIENTED_EDGE('',*,*,#2382,.T.);
#2512 = ORIENTED_EDGE('',*,*,#2513,.F.);
#2513 = EDGE_CURVE('',#2514,#2352,#2516,.T.);
#2514 = VERTEX_POINT('',#2515);
#2515 = CARTESIAN_POINT('',(-3.790965330991,-0.731435284776,
    10.932688972562));
#2516 = SURFACE_CURVE('',#2517,(#2522,#2529),.PCURVE_S1.);
#2517 = CIRCLE('',#2518,0.333363333333);
#2518 = AXIS2_PLACEMENT_3D('',#2519,#2520,#2521);
#2519 = CARTESIAN_POINT('',(-3.876597222222,-1.053611111111,10.931675));
#2520 = DIRECTION('',(0.722876358208,-0.194222066371,0.663119566653));
#2521 = DIRECTION('',(-0.675992086655,0.,0.736908880921));
#2522 = PCURVE('',#1921,#2523);
#2523 = DEFINITIONAL_REPRESENTATION('',(#2524),#2528);
#2524 = LINE('',#2525,#2526);
#2525 = CARTESIAN_POINT('',(-0.,-0.733696240919));
#2526 = VECTOR('',#2527,1.);
#2527 = DIRECTION('',(-1.,-0.));
#2528 = ( GEOMETRIC_REPRESENTATION_CONTEXT(2) 
PARAMETRIC_REPRESENTATION_CONTEXT() REPRESENTATION_CONTEXT('2D SPACE',''
  ) );
#2529 = PCURVE('',#2370,#2530);
#2530 = DEFINITIONAL_REPRESENTATION('',(#2531),#2535);
#2531 = CIRCLE('',#2532,0.333363333333);
#2532 = AXIS2_PLACEMENT_2D('',#2533,#2534);
#2533 = CARTESIAN_POINT('',(0.,0.));
#2534 = DIRECTION('',(1.,0.));
#2535 = ( GEOMETRIC_REPRESENTATION_CONTEXT(2) 
PARAMETRIC_REPRESENTATION_CONTEXT() REPRESENTATION_CONTEXT('2D SPACE',''
  ) );
#2536 = ORIENTED_EDGE('',*,*,#2537,.F.);
#2537 = EDGE_CURVE('',#2538,#2514,#2540,.T.);
#2538 = VERTEX_POINT('',#2539);
#2539 = CARTESIAN_POINT('',(-3.646646089989,-0.967254815791,
    10.70629492312));
#2540 = SURFACE_CURVE('',#2541,(#2546,#2553),.PCURVE_S1.);
#2541 = CIRCLE('',#2542,0.333363333333);
#2542 = AXIS2_PLACEMENT_3D('',#2543,#2544,#2545);
#2543 = CARTESIAN_POINT('',(-3.876597222222,-1.053611111111,10.931675));
#2544 = DIRECTION('',(0.722876358208,-0.194222066371,0.663119566653));
#2545 = DIRECTION('',(-0.675992086655,0.,0.736908880921));
#2546 = PCURVE('',#1921,#2547);
#2547 = DEFINITIONAL_REPRESENTATION('',(#2548),#2552);
#2548 = LINE('',#2549,#2550);
#2549 = CARTESIAN_POINT('',(-0.,-0.733696240919));
#2550 = VECTOR('',#2551,1.);
#2551 = DIRECTION('',(-1.,-0.));
#2552 = ( GEOMETRIC_REPRESENTATION_CONTEXT(2) 
PARAMETRIC_REPRESENTATION_CONTEXT() REPRESENTATION_CONTEXT('2D SPACE',''
  ) );
#2553 = PCURVE('',#2554,#2559);
#2554 = PLANE('',#2555);
#2555 = AXIS2_PLACEMENT_3D('',#2556,#2557,#2558);
#2556 = CARTESIAN_POINT('',(-3.876597222222,-1.053611111111,10.931675));
#2557 = DIRECTION('',(0.722876358208,-0.194222066371,0.663119566653));
#2558 = DIRECTION('',(-0.675992086655,0.,0.736908880921));
#2559 = DEFINITIONAL_REPRESENTATION('',(#2560),#2564);
#2560 = CIRCLE('',#2561,0.333363333333);
#2561 = AXIS2_PLACEMENT_2D('',#2562,#2563);
#2562 = CARTESIAN_POINT('',(0.,0.));
#2563 = DIRECTION('',(1.,0.));
#2564 = ( GEOMETRIC_REPRESENTATION_CONTEXT(2) 
PARAMETRIC_REPRESENTATION_CONTEXT() REPRESENTATION_CONTEXT('2D SPACE',''
  ) );
#2565 = ORIENTED_EDGE('',*,*,#2566,.F.);
#2566 = EDGE_CURVE('',#2567,#2538,#2569,.T.);
#2567 = VERTEX_POINT('',#2568);
#2568 = CARTESIAN_POINT('',(-3.719516122912,-1.241416261187,
    10.705432064518));
#2569 = SURFACE_CURVE('',#2570,(#2581,#2595),.PCURVE_S1.);
#2570 = B_SPLINE_CURVE_WITH_KNOTS('',5,(#2571,#2572,#2573,#2574,#2575,
    #2576,#2577,#2578,#2579,#2580),.UNSPECIFIED.,.F.,.F.,(6,4,6),(0.,
    0.499960001101,1.),.UNSPECIFIED.);
#2571 = CARTESIAN_POINT('',(-3.719516122904,-1.241416261176,
    10.705432064514));
#2572 = CARTESIAN_POINT('',(-3.705136776148,-1.217780390187,
    10.695754342002));
#2573 = CARTESIAN_POINT('',(-3.692172552511,-1.192351737382,
    10.688359747417));
#2574 = CARTESIAN_POINT('',(-3.680856083,-1.165512651214,10.683405727492
    ));
#2575 = CARTESIAN_POINT('',(-3.671372960904,-1.137703359178,
    10.680973752462));
#2576 = CARTESIAN_POINT('',(-3.656315463921,-1.08105705303,
    10.681150421161));
#2577 = CARTESIAN_POINT('',(-3.650741611282,-1.052219486175,
    10.683759872682));
#2578 = CARTESIAN_POINT('',(-3.647245463069,-1.023328466242,
    10.688889316368));
#2579 = CARTESIAN_POINT('',(-3.645884404612,-0.994858017752,
    10.696454377265));
#2580 = CARTESIAN_POINT('',(-3.646646089989,-0.967254815804,
    10.706294923115));
#2581 = PCURVE('',#1921,#2582);
#2582 = DEFINITIONAL_REPRESENTATION('',(#2583),#2594);
#2583 = B_SPLINE_CURVE_WITH_KNOTS('',5,(#2584,#2585,#2586,#2587,#2588,
    #2589,#2590,#2591,#2592,#2593),.UNSPECIFIED.,.F.,.F.,(6,4,6),(0.,
    0.499960001101,1.),.UNSPECIFIED.);
#2584 = CARTESIAN_POINT('',(-2.529842831744,-0.73369624092));
#2585 = CARTESIAN_POINT('',(-2.617745723601,-0.733082635874));
#2586 = CARTESIAN_POINT('',(-2.705641202628,-0.732611860795));
#2587 = CARTESIAN_POINT('',(-2.79353023986,-0.732294418742));
#2588 = CARTESIAN_POINT('',(-2.881417672371,-0.732135675115));
#2589 = CARTESIAN_POINT('',(-3.057205465258,-0.732135573538));
#2590 = CARTESIAN_POINT('',(-3.145106959573,-0.732294266372));
#2591 = CARTESIAN_POINT('',(-3.23301005774,-0.732611710143));
#2592 = CARTESIAN_POINT('',(-3.320919599872,-0.733082537691));
#2593 = CARTESIAN_POINT('',(-3.408836556928,-0.733696240919));
#2594 = ( GEOMETRIC_REPRESENTATION_CONTEXT(2) 
PARAMETRIC_REPRESENTATION_CONTEXT() REPRESENTATION_CONTEXT('2D SPACE',''
  ) );
#2595 = PCURVE('',#2596,#2601);
#2596 = CONICAL_SURFACE('',#2597,0.333363333333,4.474439370011E-02);
#2597 = AXIS2_PLACEMENT_3D('',#2598,#2599,#2600);
#2598 = CARTESIAN_POINT('',(-3.876597222222,-1.053611111111,10.931675));
#2599 = DIRECTION('',(-0.782689480105,0.20987709806,-0.585959709744));
#2600 = DIRECTION('',(-0.599307623455,-1.387778780781E-17,0.800518814562
    ));
#2601 = DEFINITIONAL_REPRESENTATION('',(#2602),#2613);
#2602 = B_SPLINE_CURVE_WITH_KNOTS('',5,(#2603,#2604,#2605,#2606,#2607,
    #2608,#2609,#2610,#2611,#2612),.UNSPECIFIED.,.F.,.F.,(6,4,6),(0.,
    0.499960001101,1.),.UNSPECIFIED.);
#2603 = CARTESIAN_POINT('',(-2.548109519565,-2.979247904678E-02));
#2604 = CARTESIAN_POINT('',(-2.636364955017,-3.041565899619E-02));
#2605 = CARTESIAN_POINT('',(-2.724631798553,-3.089279409995E-02));
#2606 = CARTESIAN_POINT('',(-2.812905089805,-3.12143101412E-02));
#2607 = CARTESIAN_POINT('',(-2.901183236345,-3.137507714991E-02));
#2608 = CARTESIAN_POINT('',(-3.077752516585,-3.13751800253E-02));
#2609 = CARTESIAN_POINT('',(-3.166044790546,-3.121446445809E-02));
#2610 = CARTESIAN_POINT('',(-3.254332208344,-3.089294679521E-02));
#2611 = CARTESIAN_POINT('',(-3.342613177418,-3.041575870916E-02));
#2612 = CARTESIAN_POINT('',(-3.430882734479,-2.979247904569E-02));
#2613 = ( GEOMETRIC_REPRESENTATION_CONTEXT(2) 
PARAMETRIC_REPRESENTATION_CONTEXT() REPRESENTATION_CONTEXT('2D SPACE',''
  ) );
#2614 = ORIENTED_EDGE('',*,*,#2615,.F.);
#2615 = EDGE_CURVE('',#2354,#2567,#2616,.T.);
#2616 = SURFACE_CURVE('',#2617,(#2622,#2629),.PCURVE_S1.);
#2617 = CIRCLE('',#2618,0.333363333333);
#2618 = AXIS2_PLACEMENT_3D('',#2619,#2620,#2621);
#2619 = CARTESIAN_POINT('',(-3.876597222222,-1.053611111111,10.931675));
#2620 = DIRECTION('',(0.722876358208,-0.194222066371,0.663119566653));
#2621 = DIRECTION('',(-0.675992086655,0.,0.736908880921));
#2622 = PCURVE('',#1921,#2623);
#2623 = DEFINITIONAL_REPRESENTATION('',(#2624),#2628);
#2624 = LINE('',#2625,#2626);
#2625 = CARTESIAN_POINT('',(-0.,-0.733696240919));
#2626 = VECTOR('',#2627,1.);
#2627 = DIRECTION('',(-1.,-0.));
#2628 = ( GEOMETRIC_REPRESENTATION_CONTEXT(2) 
PARAMETRIC_REPRESENTATION_CONTEXT() REPRESENTATION_CONTEXT('2D SPACE',''
  ) );
#2629 = PCURVE('',#2630,#2635);
#2630 = PLANE('',#2631);
#2631 = AXIS2_PLACEMENT_3D('',#2632,#2633,#2634);
#2632 = CARTESIAN_POINT('',(-3.876597222222,-1.053611111111,10.931675));
#2633 = DIRECTION('',(0.722876358208,-0.194222066371,0.663119566653));
#2634 = DIRECTION('',(-0.675992086655,0.,0.736908880921));
#2635 = DEFINITIONAL_REPRESENTATION('',(#2636),#2640);
#2636 = CIRCLE('',#2637,0.333363333333);
#2637 = AXIS2_PLACEMENT_2D('',#2638,#2639);
#2638 = CARTESIAN_POINT('',(0.,0.));
#2639 = DIRECTION('',(1.,0.));
#2640 = ( GEOMETRIC_REPRESENTATION_CONTEXT(2) 
PARAMETRIC_REPRESENTATION_CONTEXT() REPRESENTATION_CONTEXT('2D SPACE',''
  ) );
#2641 = ADVANCED_FACE('',(#2642),#2015,.T.);
#2642 = FACE_BOUND('',#2643,.T.);
#2643 = EDGE_LOOP('',(#2644,#2645));
#2644 = ORIENTED_EDGE('',*,*,#1998,.T.);
#2645 = ORIENTED_EDGE('',*,*,#2462,.F.);
#2646 = ADVANCED_FACE('',(#2647),#1986,.T.);
#2647 = FACE_BOUND('',#2648,.T.);
#2648 = EDGE_LOOP('',(#2649,#2670,#2671,#2692,#2718));
#2649 = ORIENTED_EDGE('',*,*,#2650,.T.);
#2650 = EDGE_CURVE('',#2651,#1970,#2653,.T.);
#2651 = VERTEX_POINT('',#2652);
#2652 = CARTESIAN_POINT('',(-4.33297294766,-0.632713621951,
    10.446022857219));
#2653 = SURFACE_CURVE('',#2654,(#2658,#2664),.PCURVE_S1.);
#2654 = LINE('',#2655,#2656);
#2655 = CARTESIAN_POINT('',(-4.406968888889,-0.911111111111,
    10.445146666667));
#2656 = VECTOR('',#2657,1.);
#2657 = DIRECTION('',(0.256872555164,0.966440499361,3.041643937428E-03)
  );
#2658 = PCURVE('',#1986,#2659);
#2659 = DEFINITIONAL_REPRESENTATION('',(#2660),#2663);
#2660 = B_SPLINE_CURVE_WITH_KNOTS('',1,(#2661,#2662),.UNSPECIFIED.,.F.,
  .F.,(2,2),(-0.372235338367,0.372235338367),.PIECEWISE_BEZIER_KNOTS.);
#2661 = CARTESIAN_POINT('',(-7.066609571244E-02,-0.36546607236));
#2662 = CARTESIAN_POINT('',(7.066609571244E-02,0.36546607236));
#2663 = ( GEOMETRIC_REPRESENTATION_CONTEXT(2) 
PARAMETRIC_REPRESENTATION_CONTEXT() REPRESENTATION_CONTEXT('2D SPACE',''
  ) );
#2664 = PCURVE('',#2420,#2665);
#2665 = DEFINITIONAL_REPRESENTATION('',(#2666),#2669);
#2666 = B_SPLINE_CURVE_WITH_KNOTS('',1,(#2667,#2668),.UNSPECIFIED.,.F.,
  .F.,(2,2),(-0.372235338367,0.372235338367),.PIECEWISE_BEZIER_KNOTS.);
#2667 = CARTESIAN_POINT('',(6.380203041304E-02,0.366726666667));
#2668 = CARTESIAN_POINT('',(-6.380203041304E-02,-0.366726666667));
#2669 = ( GEOMETRIC_REPRESENTATION_CONTEXT(2) 
PARAMETRIC_REPRESENTATION_CONTEXT() REPRESENTATION_CONTEXT('2D SPACE',''
  ) );
#2670 = ORIENTED_EDGE('',*,*,#1969,.T.);
#2671 = ORIENTED_EDGE('',*,*,#2672,.T.);
#2672 = EDGE_CURVE('',#1941,#2673,#2675,.T.);
#2673 = VERTEX_POINT('',#2674);
#2674 = CARTESIAN_POINT('',(-4.406968888889,-0.911111111111,
    10.445146666667));
#2675 = SURFACE_CURVE('',#2676,(#2680,#2686),.PCURVE_S1.);
#2676 = LINE('',#2677,#2678);
#2677 = CARTESIAN_POINT('',(-4.406968888889,-0.911111111111,
    10.445146666667));
#2678 = VECTOR('',#2679,1.);
#2679 = DIRECTION('',(0.256872555164,0.966440499361,3.041643937428E-03)
  );
#2680 = PCURVE('',#1986,#2681);
#2681 = DEFINITIONAL_REPRESENTATION('',(#2682),#2685);
#2682 = B_SPLINE_CURVE_WITH_KNOTS('',1,(#2683,#2684),.UNSPECIFIED.,.F.,
  .F.,(2,2),(-0.372235338367,0.372235338367),.PIECEWISE_BEZIER_KNOTS.);
#2683 = CARTESIAN_POINT('',(-7.066609571244E-02,-0.36546607236));
#2684 = CARTESIAN_POINT('',(7.066609571244E-02,0.36546607236));
#2685 = ( GEOMETRIC_REPRESENTATION_CONTEXT(2) 
PARAMETRIC_REPRESENTATION_CONTEXT() REPRESENTATION_CONTEXT('2D SPACE',''
  ) );
#2686 = PCURVE('',#2420,#2687);
#2687 = DEFINITIONAL_REPRESENTATION('',(#2688),#2691);
#2688 = B_SPLINE_CURVE_WITH_KNOTS('',1,(#2689,#2690),.UNSPECIFIED.,.F.,
  .F.,(2,2),(-0.372235338367,0.372235338367),.PIECEWISE_BEZIER_KNOTS.);
#2689 = CARTESIAN_POINT('',(6.380203041304E-02,0.366726666667));
#2690 = CARTESIAN_POINT('',(-6.380203041304E-02,-0.366726666667));
#2691 = ( GEOMETRIC_REPRESENTATION_CONTEXT(2) 
PARAMETRIC_REPRESENTATION_CONTEXT() REPRESENTATION_CONTEXT('2D SPACE',''
  ) );
#2692 = ORIENTED_EDGE('',*,*,#2693,.T.);
#2693 = EDGE_CURVE('',#2673,#2694,#2696,.T.);
#2694 = VERTEX_POINT('',#2695);
#2695 = CARTESIAN_POINT('',(-4.481883289933,-1.189264237132,
    10.445146666667));
#2696 = SURFACE_CURVE('',#2697,(#2701,#2707),.PCURVE_S1.);
#2697 = LINE('',#2698,#2699);
#2698 = CARTESIAN_POINT('',(-4.406968888889,-0.911111111111,
    10.445146666667));
#2699 = VECTOR('',#2700,1.);
#2700 = DIRECTION('',(-0.260060934358,-0.965592207104,0.));
#2701 = PCURVE('',#1986,#2702);
#2702 = DEFINITIONAL_REPRESENTATION('',(#2703),#2706);
#2703 = B_SPLINE_CURVE_WITH_KNOTS('',1,(#2704,#2705),.UNSPECIFIED.,.F.,
  .F.,(2,2),(-0.29832966534,0.29832966534),.PIECEWISE_BEZIER_KNOTS.);
#2704 = CARTESIAN_POINT('',(5.79494685387E-02,0.292647310457));
#2705 = CARTESIAN_POINT('',(-5.79494685387E-02,-0.292647310457));
#2706 = ( GEOMETRIC_REPRESENTATION_CONTEXT(2) 
PARAMETRIC_REPRESENTATION_CONTEXT() REPRESENTATION_CONTEXT('2D SPACE',''
  ) );
#2707 = PCURVE('',#2708,#2713);
#2708 = PLANE('',#2709);
#2709 = AXIS2_PLACEMENT_3D('',#2710,#2711,#2712);
#2710 = CARTESIAN_POINT('',(-4.406968888889,-0.911111111111,
    10.445146666667));
#2711 = DIRECTION('',(0.,0.,1.));
#2712 = DIRECTION('',(1.,0.,-0.));
#2713 = DEFINITIONAL_REPRESENTATION('',(#2714),#2717);
#2714 = B_SPLINE_CURVE_WITH_KNOTS('',1,(#2715,#2716),.UNSPECIFIED.,.F.,
  .F.,(2,2),(-0.29832966534,0.29832966534),.PIECEWISE_BEZIER_KNOTS.);
#2715 = CARTESIAN_POINT('',(7.758389151495E-02,0.2880648));
#2716 = CARTESIAN_POINT('',(-7.758389151495E-02,-0.2880648));
#2717 = ( GEOMETRIC_REPRESENTATION_CONTEXT(2) 
PARAMETRIC_REPRESENTATION_CONTEXT() REPRESENTATION_CONTEXT('2D SPACE',''
  ) );
#2718 = ORIENTED_EDGE('',*,*,#2719,.F.);
#2719 = EDGE_CURVE('',#2651,#2694,#2720,.T.);
#2720 = SURFACE_CURVE('',#2721,(#2726,#2733),.PCURVE_S1.);
#2721 = CIRCLE('',#2722,0.2880648);
#2722 = AXIS2_PLACEMENT_3D('',#2723,#2724,#2725);
#2723 = CARTESIAN_POINT('',(-4.406968888889,-0.911111111111,
    10.445146666667));
#2724 = DIRECTION('',(0.654494905314,-0.176273747195,0.735230565855));
#2725 = DIRECTION('',(-0.746926551468,0.,0.664906554873));
#2726 = PCURVE('',#1986,#2727);
#2727 = DEFINITIONAL_REPRESENTATION('',(#2728),#2732);
#2728 = CIRCLE('',#2729,0.2880648);
#2729 = AXIS2_PLACEMENT_2D('',#2730,#2731);
#2730 = CARTESIAN_POINT('',(0.,0.));
#2731 = DIRECTION('',(-1.,1.387778780781E-17));
#2732 = ( GEOMETRIC_REPRESENTATION_CONTEXT(2) 
PARAMETRIC_REPRESENTATION_CONTEXT() REPRESENTATION_CONTEXT('2D SPACE',''
  ) );
#2733 = PCURVE('',#2734,#2739);
#2734 = SPHERICAL_SURFACE('',#2735,0.2880648);
#2735 = AXIS2_PLACEMENT_3D('',#2736,#2737,#2738);
#2736 = CARTESIAN_POINT('',(-4.406968888889,-0.911111111111,
    10.445146666667));
#2737 = DIRECTION('',(0.,0.,1.));
#2738 = DIRECTION('',(1.,0.,-0.));
#2739 = DEFINITIONAL_REPRESENTATION('',(#2740),#2771);
#2740 = B_SPLINE_CURVE_WITH_KNOTS('',8,(#2741,#2742,#2743,#2744,#2745,
    #2746,#2747,#2748,#2749,#2750,#2751,#2752,#2753,#2754,#2755,#2756,
    #2757,#2758,#2759,#2760,#2761,#2762,#2763,#2764,#2765,#2766,#2767,
    #2768,#2769,#2770),.UNSPECIFIED.,.F.,.F.,(9,7,7,7,9),(4.516899804245
    ,5.302297967643,5.891346590191,6.774919524013,7.658492457835),
  .UNSPECIFIED.);
#2741 = CARTESIAN_POINT('',(1.307711018737,0.));
#2742 = CARTESIAN_POINT('',(1.379892110749,6.654453774648E-02));
#2743 = CARTESIAN_POINT('',(1.452073701837,0.133088843433));
#2744 = CARTESIAN_POINT('',(1.525226578456,0.199106111996));
#2745 = CARTESIAN_POINT('',(1.600334232147,0.26406396691));
#2746 = CARTESIAN_POINT('',(1.678402474556,0.327388457291));
#2747 = CARTESIAN_POINT('',(1.760549338045,0.388396140984));
#2748 = CARTESIAN_POINT('',(1.847985127309,0.446231195084));
#2749 = CARTESIAN_POINT('',(2.011973007402,0.54005447062));
#2750 = CARTESIAN_POINT('',(2.085780304958,0.577890153925));
#2751 = CARTESIAN_POINT('',(2.163532296589,0.612908077903));
#2752 = CARTESIAN_POINT('',(2.24555151539,0.644612979176));
#2753 = CARTESIAN_POINT('',(2.332039003754,0.67244235639));
#2754 = CARTESIAN_POINT('',(2.42284204779,0.69580817894));
#2755 = CARTESIAN_POINT('',(2.517279489702,0.71418287482));
#2756 = CARTESIAN_POINT('',(2.759801651602,0.746767502695));
#2757 = CARTESIAN_POINT('',(2.911098853556,0.75429743198));
#2758 = CARTESIAN_POINT('',(3.064619795527,0.748647104631));
#2759 = CARTESIAN_POINT('',(3.214885689269,0.729354798387));
#2760 = CARTESIAN_POINT('',(3.355503876341,0.697937621517));
#2761 = CARTESIAN_POINT('',(3.486134165345,0.656623417328));
#2762 = CARTESIAN_POINT('',(3.606835746451,0.607252267818));
#2763 = CARTESIAN_POINT('',(3.830702068229,0.495734284728));
#2764 = CARTESIAN_POINT('',(3.933858431212,0.433584115534));
#2765 = CARTESIAN_POINT('',(4.029335646032,0.366698565278));
#2766 = CARTESIAN_POINT('',(4.118934467758,0.296438548864));
#2767 = CARTESIAN_POINT('',(4.204310154125,0.223838167057));
#2768 = CARTESIAN_POINT('',(4.286894982445,0.149724471308));
#2769 = CARTESIAN_POINT('',(4.368099943814,7.486260496479E-02));
#2770 = CARTESIAN_POINT('',(4.449303672327,0.));
#2771 = ( GEOMETRIC_REPRESENTATION_CONTEXT(2) 
PARAMETRIC_REPRESENTATION_CONTEXT() REPRESENTATION_CONTEXT('2D SPACE',''
  ) );
#2772 = ADVANCED_FACE('',(#2773),#1957,.T.);
#2773 = FACE_BOUND('',#2774,.T.);
#2774 = EDGE_LOOP('',(#2775,#2776));
#2775 = ORIENTED_EDGE('',*,*,#2432,.F.);
#2776 = ORIENTED_EDGE('',*,*,#1940,.T.);
#2777 = ADVANCED_FACE('',(#2778),#2228,.T.);
#2778 = FACE_BOUND('',#2779,.T.);
#2779 = EDGE_LOOP('',(#2780,#2802,#2803));
#2780 = ORIENTED_EDGE('',*,*,#2781,.T.);
#2781 = EDGE_CURVE('',#2188,#2279,#2782,.T.);
#2782 = SURFACE_CURVE('',#2783,(#2788,#2795),.PCURVE_S1.);
#2783 = CIRCLE('',#2784,0.3120864);
#2784 = AXIS2_PLACEMENT_3D('',#2785,#2786,#2787);
#2785 = CARTESIAN_POINT('',(-4.884495,-0.7825,9.908715));
#2786 = DIRECTION('',(0.,0.,1.));
#2787 = DIRECTION('',(1.,0.,-0.));
#2788 = PCURVE('',#2228,#2789);
#2789 = DEFINITIONAL_REPRESENTATION('',(#2790),#2794);
#2790 = LINE('',#2791,#2792);
#2791 = CARTESIAN_POINT('',(0.,0.));
#2792 = VECTOR('',#2793,1.);
#2793 = DIRECTION('',(1.,0.));
#2794 = ( GEOMETRIC_REPRESENTATION_CONTEXT(2) 
PARAMETRIC_REPRESENTATION_CONTEXT() REPRESENTATION_CONTEXT('2D SPACE',''
  ) );
#2795 = PCURVE('',#2202,#2796);
#2796 = DEFINITIONAL_REPRESENTATION('',(#2797),#2801);
#2797 = CIRCLE('',#2798,0.3120864);
#2798 = AXIS2_PLACEMENT_2D('',#2799,#2800);
#2799 = CARTESIAN_POINT('',(0.,0.));
#2800 = DIRECTION('',(1.,0.));
#2801 = ( GEOMETRIC_REPRESENTATION_CONTEXT(2) 
PARAMETRIC_REPRESENTATION_CONTEXT() REPRESENTATION_CONTEXT('2D SPACE',''
  ) );
#2802 = ORIENTED_EDGE('',*,*,#2299,.F.);
#2803 = ORIENTED_EDGE('',*,*,#2213,.T.);
#2804 = ADVANCED_FACE('',(#2805),#2202,.F.);
#2805 = FACE_BOUND('',#2806,.F.);
#2806 = EDGE_LOOP('',(#2807,#2808,#2809));
#2807 = ORIENTED_EDGE('',*,*,#2187,.T.);
#2808 = ORIENTED_EDGE('',*,*,#2781,.T.);
#2809 = ORIENTED_EDGE('',*,*,#2278,.T.);
#2810 = ADVANCED_FACE('',(#2811),#2370,.T.);
#2811 = FACE_BOUND('',#2812,.T.);
#2812 = EDGE_LOOP('',(#2813,#2814,#2815,#2841,#2867,#2925));
#2813 = ORIENTED_EDGE('',*,*,#2513,.T.);
#2814 = ORIENTED_EDGE('',*,*,#2351,.T.);
#2815 = ORIENTED_EDGE('',*,*,#2816,.T.);
#2816 = EDGE_CURVE('',#2354,#2817,#2819,.T.);
#2817 = VERTEX_POINT('',#2818);
#2818 = CARTESIAN_POINT('',(-3.876597222222,-1.053611111111,10.931675));
#2819 = SURFACE_CURVE('',#2820,(#2824,#2830),.PCURVE_S1.);
#2820 = LINE('',#2821,#2822);
#2821 = CARTESIAN_POINT('',(-3.876597222222,-1.053611111111,10.931675));
#2822 = VECTOR('',#2823,1.);
#2823 = DIRECTION('',(0.256872555164,0.966440499361,3.041643937437E-03)
  );
#2824 = PCURVE('',#2370,#2825);
#2825 = DEFINITIONAL_REPRESENTATION('',(#2826),#2829);
#2826 = B_SPLINE_CURVE_WITH_KNOTS('',1,(#2827,#2828),.UNSPECIFIED.,.F.,
  .F.,(2,2),(-0.337256758872,0.337256758872),.PIECEWISE_BEZIER_KNOTS.);
#2827 = CARTESIAN_POINT('',(5.780661793405E-02,0.332265731498));
#2828 = CARTESIAN_POINT('',(-5.780661793405E-02,-0.332265731498));
#2829 = ( GEOMETRIC_REPRESENTATION_CONTEXT(2) 
PARAMETRIC_REPRESENTATION_CONTEXT() REPRESENTATION_CONTEXT('2D SPACE',''
  ) );
#2830 = PCURVE('',#2831,#2836);
#2831 = PLANE('',#2832);
#2832 = AXIS2_PLACEMENT_3D('',#2833,#2834,#2835);
#2833 = CARTESIAN_POINT('',(-3.876597222222,-1.053611111111,10.931675));
#2834 = DIRECTION('',(0.782689480105,-0.20987709806,0.585959709744));
#2835 = DIRECTION('',(-0.599307623455,-1.387778780781E-17,0.800518814562
    ));
#2836 = DEFINITIONAL_REPRESENTATION('',(#2837),#2840);
#2837 = B_SPLINE_CURVE_WITH_KNOTS('',1,(#2838,#2839),.UNSPECIFIED.,.F.,
  .F.,(2,2),(-0.337256758872,0.337256758872),.PIECEWISE_BEZIER_KNOTS.);
#2838 = CARTESIAN_POINT('',(5.109803708164E-02,0.333363333333));
#2839 = CARTESIAN_POINT('',(-5.109803708164E-02,-0.333363333333));
#2840 = ( GEOMETRIC_REPRESENTATION_CONTEXT(2) 
PARAMETRIC_REPRESENTATION_CONTEXT() REPRESENTATION_CONTEXT('2D SPACE',''
  ) );
#2841 = ORIENTED_EDGE('',*,*,#2842,.T.);
#2842 = EDGE_CURVE('',#2817,#2843,#2845,.T.);
#2843 = VERTEX_POINT('',#2844);
#2844 = CARTESIAN_POINT('',(-3.945110371018,-1.308610640343,10.931675));
#2845 = SURFACE_CURVE('',#2846,(#2850,#2856),.PCURVE_S1.);
#2846 = LINE('',#2847,#2848);
#2847 = CARTESIAN_POINT('',(-3.876597222222,-1.053611111111,10.931675));
#2848 = VECTOR('',#2849,1.);
#2849 = DIRECTION('',(-0.259477043135,-0.965749275995,0.));
#2850 = PCURVE('',#2370,#2851);
#2851 = DEFINITIONAL_REPRESENTATION('',(#2852),#2855);
#2852 = B_SPLINE_CURVE_WITH_KNOTS('',1,(#2853,#2854),.UNSPECIFIED.,.F.,
  .F.,(2,2),(-0.273407608541,0.273407608541),.PIECEWISE_BEZIER_KNOTS.);
#2853 = CARTESIAN_POINT('',(-4.795690513996E-02,-0.26916882371));
#2854 = CARTESIAN_POINT('',(4.795690513996E-02,0.26916882371));
#2855 = ( GEOMETRIC_REPRESENTATION_CONTEXT(2) 
PARAMETRIC_REPRESENTATION_CONTEXT() REPRESENTATION_CONTEXT('2D SPACE',''
  ) );
#2856 = PCURVE('',#2857,#2862);
#2857 = PLANE('',#2858);
#2858 = AXIS2_PLACEMENT_3D('',#2859,#2860,#2861);
#2859 = CARTESIAN_POINT('',(-3.876597222222,-1.053611111111,10.931675));
#2860 = DIRECTION('',(0.,0.,1.));
#2861 = DIRECTION('',(1.,0.,-0.));
#2862 = DEFINITIONAL_REPRESENTATION('',(#2863),#2866);
#2863 = B_SPLINE_CURVE_WITH_KNOTS('',1,(#2864,#2865),.UNSPECIFIED.,.F.,
  .F.,(2,2),(-0.273407608541,0.273407608541),.PIECEWISE_BEZIER_KNOTS.);
#2864 = CARTESIAN_POINT('',(7.094299783485E-02,0.2640432));
#2865 = CARTESIAN_POINT('',(-7.094299783485E-02,-0.2640432));
#2866 = ( GEOMETRIC_REPRESENTATION_CONTEXT(2) 
PARAMETRIC_REPRESENTATION_CONTEXT() REPRESENTATION_CONTEXT('2D SPACE',''
  ) );
#2867 = ORIENTED_EDGE('',*,*,#2868,.F.);
#2868 = EDGE_CURVE('',#2869,#2843,#2871,.T.);
#2869 = VERTEX_POINT('',#2870);
#2870 = CARTESIAN_POINT('',(-3.808771770764,-0.79842906905,
    10.932478125399));
#2871 = SURFACE_CURVE('',#2872,(#2877,#2884),.PCURVE_S1.);
#2872 = CIRCLE('',#2873,0.2640432);
#2873 = AXIS2_PLACEMENT_3D('',#2874,#2875,#2876);
#2874 = CARTESIAN_POINT('',(-3.876597222222,-1.053611111111,10.931675));
#2875 = DIRECTION('',(0.722876358208,-0.194222066371,0.663119566653));
#2876 = DIRECTION('',(-0.675992086655,0.,0.736908880921));
#2877 = PCURVE('',#2370,#2878);
#2878 = DEFINITIONAL_REPRESENTATION('',(#2879),#2883);
#2879 = CIRCLE('',#2880,0.2640432);
#2880 = AXIS2_PLACEMENT_2D('',#2881,#2882);
#2881 = CARTESIAN_POINT('',(0.,0.));
#2882 = DIRECTION('',(1.,1.387778780781E-17));
#2883 = ( GEOMETRIC_REPRESENTATION_CONTEXT(2) 
PARAMETRIC_REPRESENTATION_CONTEXT() REPRESENTATION_CONTEXT('2D SPACE',''
  ) );
#2884 = PCURVE('',#2885,#2890);
#2885 = SPHERICAL_SURFACE('',#2886,0.2640432);
#2886 = AXIS2_PLACEMENT_3D('',#2887,#2888,#2889);
#2887 = CARTESIAN_POINT('',(-3.876597222222,-1.053611111111,10.931675));
#2888 = DIRECTION('',(0.,0.,1.));
#2889 = DIRECTION('',(1.,0.,-0.));
#2890 = DEFINITIONAL_REPRESENTATION('',(#2891),#2924);
#2891 = B_SPLINE_CURVE_WITH_KNOTS('',7,(#2892,#2893,#2894,#2895,#2896,
    #2897,#2898,#2899,#2900,#2901,#2902,#2903,#2904,#2905,#2906,#2907,
    #2908,#2909,#2910,#2911,#2912,#2913,#2914,#2915,#2916,#2917,#2918,
    #2919,#2920,#2921,#2922,#2923),.UNSPECIFIED.,.F.,.F.,(8,6,6,6,6,8),(
    4.536072430613,5.32147059401,5.910519216558,6.352305683469,
    7.014985383836,7.677665084203),.UNSPECIFIED.);
#2892 = CARTESIAN_POINT('',(1.308315667071,0.));
#2893 = CARTESIAN_POINT('',(1.382717508466,8.398301686013E-02));
#2894 = CARTESIAN_POINT('',(1.457120861195,0.167965714272));
#2895 = CARTESIAN_POINT('',(1.533228149427,0.251191197202));
#2896 = CARTESIAN_POINT('',(1.612796666947,0.332891567931));
#2897 = CARTESIAN_POINT('',(1.697679398623,0.412168500546));
#2898 = CARTESIAN_POINT('',(1.790503118979,0.487758039837));
#2899 = CARTESIAN_POINT('',(1.971375147948,0.610244860233));
#2900 = CARTESIAN_POINT('',(2.054811237891,0.659591704209));
#2901 = CARTESIAN_POINT('',(2.145281116867,0.704982935546));
#2902 = CARTESIAN_POINT('',(2.243727710681,0.74543174116));
#2903 = CARTESIAN_POINT('',(2.351148573586,0.779673385068));
#2904 = CARTESIAN_POINT('',(2.46665706796,0.806288705695));
#2905 = CARTESIAN_POINT('',(2.678460701614,0.837958971925));
#2906 = CARTESIAN_POINT('',(2.772341776019,0.846739712587));
#2907 = CARTESIAN_POINT('',(2.868260496059,0.850351284117));
#2908 = CARTESIAN_POINT('',(2.964659223599,0.848557327327));
#2909 = CARTESIAN_POINT('',(3.059608954291,0.841428562884));
#2910 = CARTESIAN_POINT('',(3.151766566534,0.829299248297));
#2911 = CARTESIAN_POINT('',(3.373057451126,0.7875658732));
#2912 = CARTESIAN_POINT('',(3.497648367423,0.752258335164));
#2913 = CARTESIAN_POINT('',(3.611139590322,0.708156005285));
#2914 = CARTESIAN_POINT('',(3.713586689058,0.657356096072));
#2915 = CARTESIAN_POINT('',(3.806947631079,0.601407602298));
#2916 = CARTESIAN_POINT('',(3.892683474715,0.54150165818));
#2917 = CARTESIAN_POINT('',(4.052028715513,0.415635732993));
#2918 = CARTESIAN_POINT('',(4.125629583402,0.349675559269));
#2919 = CARTESIAN_POINT('',(4.194685179215,0.281617424787));
#2920 = CARTESIAN_POINT('',(4.260545208709,0.212126423126));
#2921 = CARTESIAN_POINT('',(4.324356734214,0.141721187832));
#2922 = CARTESIAN_POINT('',(4.387131766984,7.086067047574E-02));
#2923 = CARTESIAN_POINT('',(4.449908320661,0.));
#2924 = ( GEOMETRIC_REPRESENTATION_CONTEXT(2) 
PARAMETRIC_REPRESENTATION_CONTEXT() REPRESENTATION_CONTEXT('2D SPACE',''
  ) );
#2925 = ORIENTED_EDGE('',*,*,#2926,.T.);
#2926 = EDGE_CURVE('',#2869,#2514,#2927,.T.);
#2927 = SURFACE_CURVE('',#2928,(#2932,#2938),.PCURVE_S1.);
#2928 = LINE('',#2929,#2930);
#2929 = CARTESIAN_POINT('',(-3.876597222222,-1.053611111111,10.931675));
#2930 = VECTOR('',#2931,1.);
#2931 = DIRECTION('',(0.256872555164,0.966440499361,3.041643937437E-03)
  );
#2932 = PCURVE('',#2370,#2933);
#2933 = DEFINITIONAL_REPRESENTATION('',(#2934),#2937);
#2934 = B_SPLINE_CURVE_WITH_KNOTS('',1,(#2935,#2936),.UNSPECIFIED.,.F.,
  .F.,(2,2),(-0.337256758872,0.337256758872),.PIECEWISE_BEZIER_KNOTS.);
#2935 = CARTESIAN_POINT('',(5.780661793405E-02,0.332265731498));
#2936 = CARTESIAN_POINT('',(-5.780661793405E-02,-0.332265731498));
#2937 = ( GEOMETRIC_REPRESENTATION_CONTEXT(2) 
PARAMETRIC_REPRESENTATION_CONTEXT() REPRESENTATION_CONTEXT('2D SPACE',''
  ) );
#2938 = PCURVE('',#2831,#2939);
#2939 = DEFINITIONAL_REPRESENTATION('',(#2940),#2943);
#2940 = B_SPLINE_CURVE_WITH_KNOTS('',1,(#2941,#2942),.UNSPECIFIED.,.F.,
  .F.,(2,2),(-0.337256758872,0.337256758872),.PIECEWISE_BEZIER_KNOTS.);
#2941 = CARTESIAN_POINT('',(5.109803708164E-02,0.333363333333));
#2942 = CARTESIAN_POINT('',(-5.109803708164E-02,-0.333363333333));
#2943 = ( GEOMETRIC_REPRESENTATION_CONTEXT(2) 
PARAMETRIC_REPRESENTATION_CONTEXT() REPRESENTATION_CONTEXT('2D SPACE',''
  ) );
#2944 = ADVANCED_FACE('',(#2945),#2630,.T.);
#2945 = FACE_BOUND('',#2946,.T.);
#2946 = EDGE_LOOP('',(#2947,#2975));
#2947 = ORIENTED_EDGE('',*,*,#2948,.F.);
#2948 = EDGE_CURVE('',#2354,#2567,#2949,.T.);
#2949 = SURFACE_CURVE('',#2950,(#2955,#2962),.PCURVE_S1.);
#2950 = ELLIPSE('',#2951,0.335007487653,0.33336662428);
#2951 = AXIS2_PLACEMENT_3D('',#2952,#2953,#2954);
#2952 = CARTESIAN_POINT('',(-3.877552071775,-1.05336082603,
    10.932789201857));
#2953 = DIRECTION('',(0.722876358208,-0.194222066371,0.663119566653));
#2954 = DIRECTION('',(-0.641456359503,0.168138484973,0.748507307061));
#2955 = PCURVE('',#2630,#2956);
#2956 = DEFINITIONAL_REPRESENTATION('',(#2957),#2961);
#2957 = ELLIPSE('',#2958,0.335007487653,0.33336662428);
#2958 = AXIS2_PLACEMENT_2D('',#2959,#2960);
#2959 = CARTESIAN_POINT('',(1.466535985045E-03,-2.551436315502E-04));
#2960 = DIRECTION('',(0.985201104966,-0.17140240014));
#2961 = ( GEOMETRIC_REPRESENTATION_CONTEXT(2) 
PARAMETRIC_REPRESENTATION_CONTEXT() REPRESENTATION_CONTEXT('2D SPACE',''
  ) );
#2962 = PCURVE('',#2596,#2963);
#2963 = DEFINITIONAL_REPRESENTATION('',(#2964),#2974);
#2964 = B_SPLINE_CURVE_WITH_KNOTS('',8,(#2965,#2966,#2967,#2968,#2969,
    #2970,#2971,#2972,#2973),.UNSPECIFIED.,.F.,.F.,(9,9),(1.575239720023
    ,4.707945587156),.PIECEWISE_BEZIER_KNOTS.);
#2965 = CARTESIAN_POINT('',(-1.418699800227,7.441496909505E-18));
#2966 = CARTESIAN_POINT('',(-1.810291899359,-1.29549720233E-02));
#2967 = CARTESIAN_POINT('',(-2.202662894678,-2.588428301726E-02));
#2968 = CARTESIAN_POINT('',(-2.595812883823,-3.575965372387E-02));
#2969 = CARTESIAN_POINT('',(-2.989496126982,-3.956936214926E-02));
#2970 = CARTESIAN_POINT('',(-3.383179370247,-3.575965372389E-02));
#2971 = CARTESIAN_POINT('',(-3.776329359353,-2.588428301725E-02));
#2972 = CARTESIAN_POINT('',(-4.168700354685,-1.29549720233E-02));
#2973 = CARTESIAN_POINT('',(-4.560292453817,-4.45681208417E-16));
#2974 = ( GEOMETRIC_REPRESENTATION_CONTEXT(2) 
PARAMETRIC_REPRESENTATION_CONTEXT() REPRESENTATION_CONTEXT('2D SPACE',''
  ) );
#2975 = ORIENTED_EDGE('',*,*,#2615,.T.);
#2976 = ADVANCED_FACE('',(#2977),#2596,.T.);
#2977 = FACE_BOUND('',#2978,.T.);
#2978 = EDGE_LOOP('',(#2979,#3010,#3033,#3055,#3056,#3057,#3085,#3107,
    #3108,#3132,#3165,#3214,#3256,#3294));
#2979 = ORIENTED_EDGE('',*,*,#2980,.F.);
#2980 = EDGE_CURVE('',#2981,#2983,#2985,.T.);
#2981 = VERTEX_POINT('',#2982);
#2982 = CARTESIAN_POINT('',(-3.473172287037,-1.21,11.608455644369));
#2983 = VERTEX_POINT('',#2984);
#2984 = CARTESIAN_POINT('',(-3.416678868015,-1.474381143704,11.4383));
#2985 = SURFACE_CURVE('',#2986,(#2991,#2998),.PCURVE_S1.);
#2986 = CIRCLE('',#2987,0.3);
#2987 = AXIS2_PLACEMENT_3D('',#2988,#2989,#2990);
#2988 = CARTESIAN_POINT('',(-3.29338,-1.21,11.3683));
#2989 = DIRECTION('',(0.782689480105,-0.20987709806,0.585959709744));
#2990 = DIRECTION('',(-0.599307623455,-1.387778780781E-17,0.800518814562
    ));
#2991 = PCURVE('',#2596,#2992);
#2992 = DEFINITIONAL_REPRESENTATION('',(#2993),#2997);
#2993 = LINE('',#2994,#2995);
#2994 = CARTESIAN_POINT('',(-0.,-0.745145088885));
#2995 = VECTOR('',#2996,1.);
#2996 = DIRECTION('',(-1.,-0.));
#2997 = ( GEOMETRIC_REPRESENTATION_CONTEXT(2) 
PARAMETRIC_REPRESENTATION_CONTEXT() REPRESENTATION_CONTEXT('2D SPACE',''
  ) );
#2998 = PCURVE('',#2999,#3004);
#2999 = PLANE('',#3000);
#3000 = AXIS2_PLACEMENT_3D('',#3001,#3002,#3003);
#3001 = CARTESIAN_POINT('',(-3.29338,-1.21,11.3683));
#3002 = DIRECTION('',(0.782689480105,-0.20987709806,0.585959709744));
#3003 = DIRECTION('',(-0.599307623455,-1.387778780781E-17,0.800518814562
    ));
#3004 = DEFINITIONAL_REPRESENTATION('',(#3005),#3009);
#3005 = CIRCLE('',#3006,0.3);
#3006 = AXIS2_PLACEMENT_2D('',#3007,#3008);
#3007 = CARTESIAN_POINT('',(0.,0.));
#3008 = DIRECTION('',(1.,0.));
#3009 = ( GEOMETRIC_REPRESENTATION_CONTEXT(2) 
PARAMETRIC_REPRESENTATION_CONTEXT() REPRESENTATION_CONTEXT('2D SPACE',''
  ) );
#3010 = ORIENTED_EDGE('',*,*,#3011,.F.);
#3011 = EDGE_CURVE('',#3012,#2981,#3014,.T.);
#3012 = VERTEX_POINT('',#3013);
#3013 = CARTESIAN_POINT('',(-4.076384409269,-1.053611111111,
    11.198538620419));
#3014 = SEAM_CURVE('',#3015,(#3019,#3026),.PCURVE_S1.);
#3015 = LINE('',#3016,#3017);
#3016 = CARTESIAN_POINT('',(-4.076384409269,-1.053611111111,
    11.198538620419));
#3017 = VECTOR('',#3018,1.);
#3018 = DIRECTION('',(0.808712824248,-0.209667039757,0.549566465805));
#3019 = PCURVE('',#2596,#3020);
#3020 = DEFINITIONAL_REPRESENTATION('',(#3021),#3025);
#3021 = LINE('',#3022,#3023);
#3022 = CARTESIAN_POINT('',(-6.28318530718,0.));
#3023 = VECTOR('',#3024,1.);
#3024 = DIRECTION('',(-0.,-1.));
#3025 = ( GEOMETRIC_REPRESENTATION_CONTEXT(2) 
PARAMETRIC_REPRESENTATION_CONTEXT() REPRESENTATION_CONTEXT('2D SPACE',''
  ) );
#3026 = PCURVE('',#2596,#3027);
#3027 = DEFINITIONAL_REPRESENTATION('',(#3028),#3032);
#3028 = LINE('',#3029,#3030);
#3029 = CARTESIAN_POINT('',(0.,-0.));
#3030 = VECTOR('',#3031,1.);
#3031 = DIRECTION('',(-0.,-1.));
#3032 = ( GEOMETRIC_REPRESENTATION_CONTEXT(2) 
PARAMETRIC_REPRESENTATION_CONTEXT() REPRESENTATION_CONTEXT('2D SPACE',''
  ) );
#3033 = ORIENTED_EDGE('',*,*,#3034,.T.);
#3034 = EDGE_CURVE('',#3012,#2354,#3035,.T.);
#3035 = SURFACE_CURVE('',#3036,(#3041,#3048),.PCURVE_S1.);
#3036 = CIRCLE('',#3037,0.333363333333);
#3037 = AXIS2_PLACEMENT_3D('',#3038,#3039,#3040);
#3038 = CARTESIAN_POINT('',(-3.876597222222,-1.053611111111,10.931675));
#3039 = DIRECTION('',(0.782689480105,-0.20987709806,0.585959709744));
#3040 = DIRECTION('',(-0.599307623455,-1.387778780781E-17,0.800518814562
    ));
#3041 = PCURVE('',#2596,#3042);
#3042 = DEFINITIONAL_REPRESENTATION('',(#3043),#3047);
#3043 = LINE('',#3044,#3045);
#3044 = CARTESIAN_POINT('',(-0.,-0.));
#3045 = VECTOR('',#3046,1.);
#3046 = DIRECTION('',(-1.,-0.));
#3047 = ( GEOMETRIC_REPRESENTATION_CONTEXT(2) 
PARAMETRIC_REPRESENTATION_CONTEXT() REPRESENTATION_CONTEXT('2D SPACE',''
  ) );
#3048 = PCURVE('',#2831,#3049);
#3049 = DEFINITIONAL_REPRESENTATION('',(#3050),#3054);
#3050 = CIRCLE('',#3051,0.333363333333);
#3051 = AXIS2_PLACEMENT_2D('',#3052,#3053);
#3052 = CARTESIAN_POINT('',(0.,0.));
#3053 = DIRECTION('',(1.,0.));
#3054 = ( GEOMETRIC_REPRESENTATION_CONTEXT(2) 
PARAMETRIC_REPRESENTATION_CONTEXT() REPRESENTATION_CONTEXT('2D SPACE',''
  ) );
#3055 = ORIENTED_EDGE('',*,*,#2948,.T.);
#3056 = ORIENTED_EDGE('',*,*,#2566,.T.);
#3057 = ORIENTED_EDGE('',*,*,#3058,.T.);
#3058 = EDGE_CURVE('',#2538,#2514,#3059,.T.);
#3059 = SURFACE_CURVE('',#3060,(#3065,#3078),.PCURVE_S1.);
#3060 = ELLIPSE('',#3061,0.335007487653,0.33336662428);
#3061 = AXIS2_PLACEMENT_3D('',#3062,#3063,#3064);
#3062 = CARTESIAN_POINT('',(-3.877552071775,-1.05336082603,
    10.932789201857));
#3063 = DIRECTION('',(0.722876358208,-0.194222066371,0.663119566653));
#3064 = DIRECTION('',(-0.641456359503,0.168138484973,0.748507307061));
#3065 = PCURVE('',#2596,#3066);
#3066 = DEFINITIONAL_REPRESENTATION('',(#3067),#3077);
#3067 = B_SPLINE_CURVE_WITH_KNOTS('',8,(#3068,#3069,#3070,#3071,#3072,
    #3073,#3074,#3075,#3076),.UNSPECIFIED.,.F.,.F.,(9,9),(1.575239720023
    ,4.707945587156),.PIECEWISE_BEZIER_KNOTS.);
#3068 = CARTESIAN_POINT('',(-1.418699800227,7.441496909505E-18));
#3069 = CARTESIAN_POINT('',(-1.810291899359,-1.29549720233E-02));
#3070 = CARTESIAN_POINT('',(-2.202662894678,-2.588428301726E-02));
#3071 = CARTESIAN_POINT('',(-2.595812883823,-3.575965372387E-02));
#3072 = CARTESIAN_POINT('',(-2.989496126982,-3.956936214926E-02));
#3073 = CARTESIAN_POINT('',(-3.383179370247,-3.575965372389E-02));
#3074 = CARTESIAN_POINT('',(-3.776329359353,-2.588428301725E-02));
#3075 = CARTESIAN_POINT('',(-4.168700354685,-1.29549720233E-02));
#3076 = CARTESIAN_POINT('',(-4.560292453817,-4.45681208417E-16));
#3077 = ( GEOMETRIC_REPRESENTATION_CONTEXT(2) 
PARAMETRIC_REPRESENTATION_CONTEXT() REPRESENTATION_CONTEXT('2D SPACE',''
  ) );
#3078 = PCURVE('',#2554,#3079);
#3079 = DEFINITIONAL_REPRESENTATION('',(#3080),#3084);
#3080 = ELLIPSE('',#3081,0.335007487653,0.33336662428);
#3081 = AXIS2_PLACEMENT_2D('',#3082,#3083);
#3082 = CARTESIAN_POINT('',(1.466535985045E-03,-2.551436315502E-04));
#3083 = DIRECTION('',(0.985201104966,-0.17140240014));
#3084 = ( GEOMETRIC_REPRESENTATION_CONTEXT(2) 
PARAMETRIC_REPRESENTATION_CONTEXT() REPRESENTATION_CONTEXT('2D SPACE',''
  ) );
#3085 = ORIENTED_EDGE('',*,*,#3086,.T.);
#3086 = EDGE_CURVE('',#2514,#3012,#3087,.T.);
#3087 = SURFACE_CURVE('',#3088,(#3093,#3100),.PCURVE_S1.);
#3088 = CIRCLE('',#3089,0.333363333333);
#3089 = AXIS2_PLACEMENT_3D('',#3090,#3091,#3092);
#3090 = CARTESIAN_POINT('',(-3.876597222222,-1.053611111111,10.931675));
#3091 = DIRECTION('',(0.782689480105,-0.20987709806,0.585959709744));
#3092 = DIRECTION('',(-0.599307623455,-1.387778780781E-17,0.800518814562
    ));
#3093 = PCURVE('',#2596,#3094);
#3094 = DEFINITIONAL_REPRESENTATION('',(#3095),#3099);
#3095 = LINE('',#3096,#3097);
#3096 = CARTESIAN_POINT('',(-0.,-0.));
#3097 = VECTOR('',#3098,1.);
#3098 = DIRECTION('',(-1.,-0.));
#3099 = ( GEOMETRIC_REPRESENTATION_CONTEXT(2) 
PARAMETRIC_REPRESENTATION_CONTEXT() REPRESENTATION_CONTEXT('2D SPACE',''
  ) );
#3100 = PCURVE('',#2831,#3101);
#3101 = DEFINITIONAL_REPRESENTATION('',(#3102),#3106);
#3102 = CIRCLE('',#3103,0.333363333333);
#3103 = AXIS2_PLACEMENT_2D('',#3104,#3105);
#3104 = CARTESIAN_POINT('',(0.,0.));
#3105 = DIRECTION('',(1.,0.));
#3106 = ( GEOMETRIC_REPRESENTATION_CONTEXT(2) 
PARAMETRIC_REPRESENTATION_CONTEXT() REPRESENTATION_CONTEXT('2D SPACE',''
  ) );
#3107 = ORIENTED_EDGE('',*,*,#3011,.T.);
#3108 = ORIENTED_EDGE('',*,*,#3109,.F.);
#3109 = EDGE_CURVE('',#3110,#2981,#3112,.T.);
#3110 = VERTEX_POINT('',#3111);
#3111 = CARTESIAN_POINT('',(-3.267861244573,-0.919399254782,11.4383));
#3112 = SURFACE_CURVE('',#3113,(#3118,#3125),.PCURVE_S1.);
#3113 = CIRCLE('',#3114,0.3);
#3114 = AXIS2_PLACEMENT_3D('',#3115,#3116,#3117);
#3115 = CARTESIAN_POINT('',(-3.29338,-1.21,11.3683));
#3116 = DIRECTION('',(0.782689480105,-0.20987709806,0.585959709744));
#3117 = DIRECTION('',(-0.599307623455,-1.387778780781E-17,0.800518814562
    ));
#3118 = PCURVE('',#2596,#3119);
#3119 = DEFINITIONAL_REPRESENTATION('',(#3120),#3124);
#3120 = LINE('',#3121,#3122);
#3121 = CARTESIAN_POINT('',(-0.,-0.745145088885));
#3122 = VECTOR('',#3123,1.);
#3123 = DIRECTION('',(-1.,-0.));
#3124 = ( GEOMETRIC_REPRESENTATION_CONTEXT(2) 
PARAMETRIC_REPRESENTATION_CONTEXT() REPRESENTATION_CONTEXT('2D SPACE',''
  ) );
#3125 = PCURVE('',#2999,#3126);
#3126 = DEFINITIONAL_REPRESENTATION('',(#3127),#3131);
#3127 = CIRCLE('',#3128,0.3);
#3128 = AXIS2_PLACEMENT_2D('',#3129,#3130);
#3129 = CARTESIAN_POINT('',(0.,0.));
#3130 = DIRECTION('',(1.,0.));
#3131 = ( GEOMETRIC_REPRESENTATION_CONTEXT(2) 
PARAMETRIC_REPRESENTATION_CONTEXT() REPRESENTATION_CONTEXT('2D SPACE',''
  ) );
#3132 = ORIENTED_EDGE('',*,*,#3133,.T.);
#3133 = EDGE_CURVE('',#3110,#3134,#3136,.T.);
#3134 = VERTEX_POINT('',#3135);
#3135 = CARTESIAN_POINT('',(-3.600526263141,-0.963679270312,11.4383));
#3136 = SURFACE_CURVE('',#3137,(#3142,#3153),.PCURVE_S1.);
#3137 = ELLIPSE('',#3138,0.504787643071,0.295217650366);
#3138 = AXIS2_PLACEMENT_3D('',#3139,#3140,#3141);
#3139 = CARTESIAN_POINT('',(-3.230067958319,-1.226977036127,11.4383));
#3140 = DIRECTION('',(0.,0.,1.));
#3141 = DIRECTION('',(-0.965877655739,0.258998753171,0.));
#3142 = PCURVE('',#2596,#3143);
#3143 = DEFINITIONAL_REPRESENTATION('',(#3144),#3152);
#3144 = B_SPLINE_CURVE_WITH_KNOTS('',6,(#3145,#3146,#3147,#3148,#3149,
    #3150,#3151),.UNSPECIFIED.,.F.,.F.,(7,7),(4.944598561665,
    6.448959507209),.PIECEWISE_BEZIER_KNOTS.);
#3145 = CARTESIAN_POINT('',(-4.848619071538,-0.745145088885));
#3146 = CARTESIAN_POINT('',(-5.095349018008,-0.645338027574));
#3147 = CARTESIAN_POINT('',(-5.337668822292,-0.55263700408));
#3148 = CARTESIAN_POINT('',(-5.576165984162,-0.478298768005));
#3149 = CARTESIAN_POINT('',(-5.812183389271,-0.432419411127));
#3150 = CARTESIAN_POINT('',(-6.047342678304,-0.418913026902));
#3151 = CARTESIAN_POINT('',(-6.28318530718,-0.435837020814));
#3152 = ( GEOMETRIC_REPRESENTATION_CONTEXT(2) 
PARAMETRIC_REPRESENTATION_CONTEXT() REPRESENTATION_CONTEXT('2D SPACE',''
  ) );
#3153 = PCURVE('',#3154,#3159);
#3154 = PLANE('',#3155);
#3155 = AXIS2_PLACEMENT_3D('',#3156,#3157,#3158);
#3156 = CARTESIAN_POINT('',(-2.751565759847E-16,2.147228670265E-16,
    11.4383));
#3157 = DIRECTION('',(0.,0.,1.));
#3158 = DIRECTION('',(1.,0.,-0.));
#3159 = DEFINITIONAL_REPRESENTATION('',(#3160),#3164);
#3160 = ELLIPSE('',#3161,0.504787643071,0.295217650366);
#3161 = AXIS2_PLACEMENT_2D('',#3162,#3163);
#3162 = CARTESIAN_POINT('',(-3.230067958319,-1.226977036127));
#3163 = DIRECTION('',(-0.965877655739,0.258998753171));
#3164 = ( GEOMETRIC_REPRESENTATION_CONTEXT(2) 
PARAMETRIC_REPRESENTATION_CONTEXT() REPRESENTATION_CONTEXT('2D SPACE',''
  ) );
#3165 = ORIENTED_EDGE('',*,*,#3166,.F.);
#3166 = EDGE_CURVE('',#3167,#3134,#3169,.T.);
#3167 = VERTEX_POINT('',#3168);
#3168 = CARTESIAN_POINT('',(-3.643062761558,-0.787756829835,11.1183));
#3169 = SURFACE_CURVE('',#3170,(#3181,#3195),.PCURVE_S1.);
#3170 = B_SPLINE_CURVE_WITH_KNOTS('',5,(#3171,#3172,#3173,#3174,#3175,
    #3176,#3177,#3178,#3179,#3180),.UNSPECIFIED.,.F.,.F.,(6,4,6),(0.,
    0.39137531697,1.),.UNSPECIFIED.);
#3171 = CARTESIAN_POINT('',(-3.64306278608,-0.787756716427,
    11.118299400001));
#3172 = CARTESIAN_POINT('',(-3.641929505042,-0.792997692341,
    11.146027472639));
#3173 = CARTESIAN_POINT('',(-3.64036875532,-0.800169928504,
    11.173706759079));
#3174 = CARTESIAN_POINT('',(-3.638387428947,-0.809174166245,
    11.201127421593));
#3175 = CARTESIAN_POINT('',(-3.635983270266,-0.819910798779,
    11.228105429667));
#3176 = CARTESIAN_POINT('',(-3.628745029011,-0.851507988297,
    11.295468761837));
#3177 = CARTESIAN_POINT('',(-3.623303348187,-0.874677526054,
    11.334978591226));
#3178 = CARTESIAN_POINT('',(-3.616803672584,-0.901401137324,
    11.372363456903));
#3179 = CARTESIAN_POINT('',(-3.609205079498,-0.931253248936,
    11.407010857401));
#3180 = CARTESIAN_POINT('',(-3.600526096717,-0.963679892112,11.4383006)
  );
#3181 = PCURVE('',#2596,#3182);
#3182 = DEFINITIONAL_REPRESENTATION('',(#3183),#3194);
#3183 = B_SPLINE_CURVE_WITH_KNOTS('',5,(#3184,#3185,#3186,#3187,#3188,
    #3189,#3190,#3191,#3192,#3193),.UNSPECIFIED.,.F.,.F.,(6,4,6),(0.,
    0.39137531697,1.),.UNSPECIFIED.);
#3184 = CARTESIAN_POINT('',(-4.741630828202,-0.236342576803));
#3185 = CARTESIAN_POINT('',(-4.808396610872,-0.25457707816));
#3186 = CARTESIAN_POINT('',(-4.874835442779,-0.273522895309));
#3187 = CARTESIAN_POINT('',(-4.94108213001,-0.293030845353));
#3188 = CARTESIAN_POINT('',(-5.007256464107,-0.312973954122));
#3189 = CARTESIAN_POINT('',(-5.176458650672,-0.364742974415));
#3190 = CARTESIAN_POINT('',(-5.279541479897,-0.397016044258));
#3191 = CARTESIAN_POINT('',(-5.383185343045,-0.429617971));
#3192 = CARTESIAN_POINT('',(-5.487739452821,-0.462132565168));
#3193 = CARTESIAN_POINT('',(-5.593527191835,-0.49406565195));
#3194 = ( GEOMETRIC_REPRESENTATION_CONTEXT(2) 
PARAMETRIC_REPRESENTATION_CONTEXT() REPRESENTATION_CONTEXT('2D SPACE',''
  ) );
#3195 = PCURVE('',#3196,#3201);
#3196 = CYLINDRICAL_SURFACE('',#3197,3.72726);
#3197 = AXIS2_PLACEMENT_3D('',#3198,#3199,#3200);
#3198 = CARTESIAN_POINT('',(0.,0.,11.1183));
#3199 = DIRECTION('',(-0.,-0.,-1.));
#3200 = DIRECTION('',(1.,0.,0.));
#3201 = DEFINITIONAL_REPRESENTATION('',(#3202),#3213);
#3202 = B_SPLINE_CURVE_WITH_KNOTS('',5,(#3203,#3204,#3205,#3206,#3207,
    #3208,#3209,#3210,#3211,#3212),.UNSPECIFIED.,.F.,.F.,(6,4,6),(
    1.693770748318E-06,0.39137531697,0.999997665851),.UNSPECIFIED.);
#3203 = CARTESIAN_POINT('',(-9.637734033193,8.117390510468E-15));
#3204 = CARTESIAN_POINT('',(-9.639172654213,-2.772795179387E-02));
#3205 = CARTESIAN_POINT('',(-9.641141949394,-5.540711508708E-02));
#3206 = CARTESIAN_POINT('',(-9.643615506463,-8.282765510073E-02));
#3207 = CARTESIAN_POINT('',(-9.64656736356,-0.109805543765));
#3208 = CARTESIAN_POINT('',(-9.655264240583,-0.177168604601));
#3209 = CARTESIAN_POINT('',(-9.661649507378,-0.216678288176));
#3210 = CARTESIAN_POINT('',(-9.669027880223,-0.254063026776));
#3211 = CARTESIAN_POINT('',(-9.677291727998,-0.288710325893));
#3212 = CARTESIAN_POINT('',(-9.686297766824,-0.32));
#3213 = ( GEOMETRIC_REPRESENTATION_CONTEXT(2) 
PARAMETRIC_REPRESENTATION_CONTEXT() REPRESENTATION_CONTEXT('2D SPACE',''
  ) );
#3214 = ORIENTED_EDGE('',*,*,#3215,.F.);
#3215 = EDGE_CURVE('',#3216,#3167,#3218,.T.);
#3216 = VERTEX_POINT('',#3217);
#3217 = CARTESIAN_POINT('',(-3.434897668287,-1.447047033097,11.1183));
#3218 = SURFACE_CURVE('',#3219,(#3224,#3244),.PCURVE_S1.);
#3219 = ELLIPSE('',#3220,0.54667773957,0.319716458988);
#3220 = AXIS2_PLACEMENT_3D('',#3221,#3222,#3223);
#3221 = CARTESIAN_POINT('',(-3.660009882505,-1.111688705728,11.1183));
#3222 = DIRECTION('',(0.,0.,1.));
#3223 = DIRECTION('',(-0.965877655739,0.258998753171,0.));
#3224 = PCURVE('',#2596,#3225);
#3225 = DEFINITIONAL_REPRESENTATION('',(#3226),#3243);
#3226 = B_SPLINE_CURVE_WITH_KNOTS('',8,(#3227,#3228,#3229,#3230,#3231,
    #3232,#3233,#3234,#3235,#3236,#3237,#3238,#3239,#3240,#3241,#3242),
  .UNSPECIFIED.,.F.,.F.,(9,7,9),(0.853913422651,3.14159265359,
    5.429271884528),.UNSPECIFIED.);
#3227 = CARTESIAN_POINT('',(-0.652280324908,0.));
#3228 = CARTESIAN_POINT('',(-0.926533905716,-9.549774886733E-02));
#3229 = CARTESIAN_POINT('',(-1.204806723527,-0.218197666288));
#3230 = CARTESIAN_POINT('',(-1.488580912463,-0.356193232864));
#3231 = CARTESIAN_POINT('',(-1.7787650925,-0.492869461492));
#3232 = CARTESIAN_POINT('',(-2.075488980769,-0.609863449562));
#3233 = CARTESIAN_POINT('',(-2.3772430087,-0.692658695722));
#3234 = CARTESIAN_POINT('',(-2.681492335393,-0.734059461847));
#3235 = CARTESIAN_POINT('',(-3.289992821931,-0.734059461847));
#3236 = CARTESIAN_POINT('',(-3.59424214862,-0.692658695722));
#3237 = CARTESIAN_POINT('',(-3.895996176552,-0.609863449563));
#3238 = CARTESIAN_POINT('',(-4.192720064813,-0.492869461494));
#3239 = CARTESIAN_POINT('',(-4.482904244845,-0.356193232863));
#3240 = CARTESIAN_POINT('',(-4.766678433795,-0.218197666288));
#3241 = CARTESIAN_POINT('',(-5.044951251608,-9.549774886733E-02));
#3242 = CARTESIAN_POINT('',(-5.319204832416,4.828886929645E-16));
#3243 = ( GEOMETRIC_REPRESENTATION_CONTEXT(2) 
PARAMETRIC_REPRESENTATION_CONTEXT() REPRESENTATION_CONTEXT('2D SPACE',''
  ) );
#3244 = PCURVE('',#3245,#3250);
#3245 = PLANE('',#3246);
#3246 = AXIS2_PLACEMENT_3D('',#3247,#3248,#3249);
#3247 = CARTESIAN_POINT('',(-2.751565759847E-16,2.147228670265E-16,
    11.1183));
#3248 = DIRECTION('',(0.,0.,1.));
#3249 = DIRECTION('',(1.,0.,-0.));
#3250 = DEFINITIONAL_REPRESENTATION('',(#3251),#3255);
#3251 = ELLIPSE('',#3252,0.54667773957,0.319716458988);
#3252 = AXIS2_PLACEMENT_2D('',#3253,#3254);
#3253 = CARTESIAN_POINT('',(-3.660009882505,-1.111688705728));
#3254 = DIRECTION('',(-0.965877655739,0.258998753171));
#3255 = ( GEOMETRIC_REPRESENTATION_CONTEXT(2) 
PARAMETRIC_REPRESENTATION_CONTEXT() REPRESENTATION_CONTEXT('2D SPACE',''
  ) );
#3256 = ORIENTED_EDGE('',*,*,#3257,.F.);
#3257 = EDGE_CURVE('',#3258,#3216,#3260,.T.);
#3258 = VERTEX_POINT('',#3259);
#3259 = CARTESIAN_POINT('',(-3.424739221107,-1.470927725964,11.4383));
#3260 = SURFACE_CURVE('',#3261,(#3270,#3282),.PCURVE_S1.);
#3261 = B_SPLINE_CURVE_WITH_KNOTS('',7,(#3262,#3263,#3264,#3265,#3266,
    #3267,#3268,#3269),.UNSPECIFIED.,.F.,.F.,(8,8),(0.,1.),
  .PIECEWISE_BEZIER_KNOTS.);
#3262 = CARTESIAN_POINT('',(-3.424739319079,-1.470927497859,11.4383006)
  );
#3263 = CARTESIAN_POINT('',(-3.418522059795,-1.485403053151,
    11.400224757833));
#3264 = CARTESIAN_POINT('',(-3.414937694458,-1.493551453981,
    11.357711563892));
#3265 = CARTESIAN_POINT('',(-3.414131778637,-1.495343340065,
    11.311955884334));
#3266 = CARTESIAN_POINT('',(-3.415997433551,-1.491136352533,
    11.264172159633));
#3267 = CARTESIAN_POINT('',(-3.420272194951,-1.481401285984,
    11.215404489052));
#3268 = CARTESIAN_POINT('',(-3.426665316346,-1.466588410423,
    11.166524642778));
#3269 = CARTESIAN_POINT('',(-3.434897770712,-1.447046789968,11.1182994)
  );
#3270 = PCURVE('',#2596,#3271);
#3271 = DEFINITIONAL_REPRESENTATION('',(#3272),#3281);
#3272 = B_SPLINE_CURVE_WITH_KNOTS('',7,(#3273,#3274,#3275,#3276,#3277,
    #3278,#3279,#3280),.UNSPECIFIED.,.F.,.F.,(8,8),(0.,1.),
  .PIECEWISE_BEZIER_KNOTS.);
#3273 = CARTESIAN_POINT('',(-1.105448401968,-0.738111769041));
#3274 = CARTESIAN_POINT('',(-1.233981806688,-0.723705130591));
#3275 = CARTESIAN_POINT('',(-1.359996724538,-0.703309719571));
#3276 = CARTESIAN_POINT('',(-1.483170524657,-0.677505592544));
#3277 = CARTESIAN_POINT('',(-1.603609150487,-0.647163076279));
#3278 = CARTESIAN_POINT('',(-1.721642875805,-0.613198207885));
#3279 = CARTESIAN_POINT('',(-1.837799950275,-0.576443875153));
#3280 = CARTESIAN_POINT('',(-1.952869411568,-0.537641031872));
#3281 = ( GEOMETRIC_REPRESENTATION_CONTEXT(2) 
PARAMETRIC_REPRESENTATION_CONTEXT() REPRESENTATION_CONTEXT('2D SPACE',''
  ) );
#3282 = PCURVE('',#3196,#3283);
#3283 = DEFINITIONAL_REPRESENTATION('',(#3284),#3293);
#3284 = B_SPLINE_CURVE_WITH_KNOTS('',7,(#3285,#3286,#3287,#3288,#3289,
    #3290,#3291,#3292),.UNSPECIFIED.,.F.,.F.,(8,8),(2.251144979139E-06,
    0.999998222626),.PIECEWISE_BEZIER_KNOTS.);
#3285 = CARTESIAN_POINT('',(-3.54726920867,-0.32));
#3286 = CARTESIAN_POINT('',(-3.551495928016,-0.281924251288));
#3287 = CARTESIAN_POINT('',(-3.553884136077,-0.239411200002));
#3288 = CARTESIAN_POINT('',(-3.554411314711,-0.193655698036));
#3289 = CARTESIAN_POINT('',(-3.55317655122,-0.145872170002));
#3290 = CARTESIAN_POINT('',(-3.55032402304,-9.710470237301E-02));
#3291 = CARTESIAN_POINT('',(-3.545995671487,-4.822505548244E-02));
#3292 = CARTESIAN_POINT('',(-3.540306567126,-5.654696642164E-14));
#3293 = ( GEOMETRIC_REPRESENTATION_CONTEXT(2) 
PARAMETRIC_REPRESENTATION_CONTEXT() REPRESENTATION_CONTEXT('2D SPACE',''
  ) );
#3294 = ORIENTED_EDGE('',*,*,#3295,.T.);
#3295 = EDGE_CURVE('',#3258,#2983,#3296,.T.);
#3296 = SURFACE_CURVE('',#3297,(#3302,#3313),.PCURVE_S1.);
#3297 = ELLIPSE('',#3298,0.504787643071,0.295217650366);
#3298 = AXIS2_PLACEMENT_3D('',#3299,#3300,#3301);
#3299 = CARTESIAN_POINT('',(-3.230067958319,-1.226977036127,11.4383));
#3300 = DIRECTION('',(0.,0.,1.));
#3301 = DIRECTION('',(-0.965877655739,0.258998753171,0.));
#3302 = PCURVE('',#2596,#3303);
#3303 = DEFINITIONAL_REPRESENTATION('',(#3304),#3312);
#3304 = B_SPLINE_CURVE_WITH_KNOTS('',6,(#3305,#3306,#3307,#3308,#3309,
    #3310,#3311),.UNSPECIFIED.,.F.,.F.,(7,7),(0.16577420003,
    1.338586745515),.PIECEWISE_BEZIER_KNOTS.);
#3305 = CARTESIAN_POINT('',(0.,-0.435837020814));
#3306 = CARTESIAN_POINT('',(-0.183864912689,-0.449031109931));
#3307 = CARTESIAN_POINT('',(-0.368145175103,-0.480721960116));
#3308 = CARTESIAN_POINT('',(-0.553570662978,-0.530008637616));
#3309 = CARTESIAN_POINT('',(-0.74084104147,-0.593841255198));
#3310 = CARTESIAN_POINT('',(-0.930513328009,-0.667334657831));
#3311 = CARTESIAN_POINT('',(-1.122866085786,-0.745145088885));
#3312 = ( GEOMETRIC_REPRESENTATION_CONTEXT(2) 
PARAMETRIC_REPRESENTATION_CONTEXT() REPRESENTATION_CONTEXT('2D SPACE',''
  ) );
#3313 = PCURVE('',#3154,#3314);
#3314 = DEFINITIONAL_REPRESENTATION('',(#3315),#3319);
#3315 = ELLIPSE('',#3316,0.504787643071,0.295217650366);
#3316 = AXIS2_PLACEMENT_2D('',#3317,#3318);
#3317 = CARTESIAN_POINT('',(-3.230067958319,-1.226977036127));
#3318 = DIRECTION('',(-0.965877655739,0.258998753171));
#3319 = ( GEOMETRIC_REPRESENTATION_CONTEXT(2) 
PARAMETRIC_REPRESENTATION_CONTEXT() REPRESENTATION_CONTEXT('2D SPACE',''
  ) );
#3320 = ADVANCED_FACE('',(#3321),#2554,.T.);
#3321 = FACE_BOUND('',#3322,.T.);
#3322 = EDGE_LOOP('',(#3323,#3324));
#3323 = ORIENTED_EDGE('',*,*,#2537,.T.);
#3324 = ORIENTED_EDGE('',*,*,#3058,.F.);
#3325 = ADVANCED_FACE('',(#3326),#2420,.F.);
#3326 = FACE_BOUND('',#3327,.F.);
#3327 = EDGE_LOOP('',(#3328,#3329,#3330,#3331,#3352,#3408));
#3328 = ORIENTED_EDGE('',*,*,#2490,.T.);
#3329 = ORIENTED_EDGE('',*,*,#2405,.T.);
#3330 = ORIENTED_EDGE('',*,*,#2672,.T.);
#3331 = ORIENTED_EDGE('',*,*,#3332,.F.);
#3332 = EDGE_CURVE('',#3333,#2673,#3335,.T.);
#3333 = VERTEX_POINT('',#3334);
#3334 = CARTESIAN_POINT('',(-4.481715091424,-1.189309483151,
    10.445146666667));
#3335 = SURFACE_CURVE('',#3336,(#3340,#3346),.PCURVE_S1.);
#3336 = LINE('',#3337,#3338);
#3337 = CARTESIAN_POINT('',(-4.406968888889,-0.911111111111,
    10.445146666667));
#3338 = VECTOR('',#3339,1.);
#3339 = DIRECTION('',(0.259477043135,0.965749275995,-0.));
#3340 = PCURVE('',#2420,#3341);
#3341 = DEFINITIONAL_REPRESENTATION('',(#3342),#3345);
#3342 = B_SPLINE_CURVE_WITH_KNOTS('',1,(#3343,#3344),.UNSPECIFIED.,.F.,
  .F.,(2,2),(-0.288713021154,0.288017949311),.PIECEWISE_BEZIER_KNOTS.);
#3343 = CARTESIAN_POINT('',(5.064154228204E-02,0.2842369483));
#3344 = CARTESIAN_POINT('',(-5.051962360317E-02,-0.283552652529));
#3345 = ( GEOMETRIC_REPRESENTATION_CONTEXT(2) 
PARAMETRIC_REPRESENTATION_CONTEXT() REPRESENTATION_CONTEXT('2D SPACE',''
  ) );
#3346 = PCURVE('',#2708,#3347);
#3347 = DEFINITIONAL_REPRESENTATION('',(#3348),#3351);
#3348 = B_SPLINE_CURVE_WITH_KNOTS('',1,(#3349,#3350),.UNSPECIFIED.,.F.,
  .F.,(2,2),(-0.288713021154,0.288017949311),.PIECEWISE_BEZIER_KNOTS.);
#3349 = CARTESIAN_POINT('',(-7.491440104367E-02,-0.27882439115));
#3350 = CARTESIAN_POINT('',(7.473404585716E-02,0.278153126021));
#3351 = ( GEOMETRIC_REPRESENTATION_CONTEXT(2) 
PARAMETRIC_REPRESENTATION_CONTEXT() REPRESENTATION_CONTEXT('2D SPACE',''
  ) );
#3352 = ORIENTED_EDGE('',*,*,#3353,.F.);
#3353 = EDGE_CURVE('',#2651,#3333,#3354,.T.);
#3354 = SURFACE_CURVE('',#3355,(#3360,#3367),.PCURVE_S1.);
#3355 = CIRCLE('',#3356,0.2880648);
#3356 = AXIS2_PLACEMENT_3D('',#3357,#3358,#3359);
#3357 = CARTESIAN_POINT('',(-4.406968888889,-0.911111111111,
    10.445146666667));
#3358 = DIRECTION('',(0.722876358208,-0.194222066371,0.663119566653));
#3359 = DIRECTION('',(-0.675992086655,0.,0.736908880921));
#3360 = PCURVE('',#2420,#3361);
#3361 = DEFINITIONAL_REPRESENTATION('',(#3362),#3366);
#3362 = CIRCLE('',#3363,0.2880648);
#3363 = AXIS2_PLACEMENT_2D('',#3364,#3365);
#3364 = CARTESIAN_POINT('',(0.,0.));
#3365 = DIRECTION('',(1.,1.387778780781E-17));
#3366 = ( GEOMETRIC_REPRESENTATION_CONTEXT(2) 
PARAMETRIC_REPRESENTATION_CONTEXT() REPRESENTATION_CONTEXT('2D SPACE',''
  ) );
#3367 = PCURVE('',#2734,#3368);
#3368 = DEFINITIONAL_REPRESENTATION('',(#3369),#3407);
#3369 = B_SPLINE_CURVE_WITH_KNOTS('',8,(#3370,#3371,#3372,#3373,#3374,
    #3375,#3376,#3377,#3378,#3379,#3380,#3381,#3382,#3383,#3384,#3385,
    #3386,#3387,#3388,#3389,#3390,#3391,#3392,#3393,#3394,#3395,#3396,
    #3397,#3398,#3399,#3400,#3401,#3402,#3403,#3404,#3405,#3406),
  .UNSPECIFIED.,.F.,.F.,(9,7,7,7,7,9),(4.536072430613,5.32147059401,
    5.910519216558,6.352305683469,7.014985383836,7.677665084203),
  .UNSPECIFIED.);
#3370 = CARTESIAN_POINT('',(1.308315667071,0.));
#3371 = CARTESIAN_POINT('',(1.373417278292,7.348513975262E-02));
#3372 = CARTESIAN_POINT('',(1.438520023012,0.146970039919));
#3373 = CARTESIAN_POINT('',(1.50468791634,0.219981641103));
#3374 = CARTESIAN_POINT('',(1.573012408187,0.292041382567));
#3375 = CARTESIAN_POINT('',(1.644627691325,0.362620417662));
#3376 = CARTESIAN_POINT('',(1.720885328712,0.431065885369));
#3377 = CARTESIAN_POINT('',(1.80342254962,0.496507098437));
#3378 = CARTESIAN_POINT('',(1.961685574967,0.603683066283));
#3379 = CARTESIAN_POINT('',(2.033952215405,0.647254993215));
#3380 = CARTESIAN_POINT('',(2.111354912251,0.687961223795));
#3381 = CARTESIAN_POINT('',(2.194504413774,0.725207338353));
#3382 = CARTESIAN_POINT('',(2.284010534271,0.758272357625));
#3383 = CARTESIAN_POINT('',(2.380025697179,0.786327215225));
#3384 = CARTESIAN_POINT('',(2.481785898935,0.808550867568));
#3385 = CARTESIAN_POINT('',(2.667114078382,0.836262350519));
#3386 = CARTESIAN_POINT('',(2.748871507417,0.844544527421));
#3387 = CARTESIAN_POINT('',(2.832290976044,0.848996944793));
#3388 = CARTESIAN_POINT('',(2.916459859829,0.849454305722));
#3389 = CARTESIAN_POINT('',(3.000265372608,0.845884040661));
#3390 = CARTESIAN_POINT('',(3.082648357352,0.838396234238));
#3391 = CARTESIAN_POINT('',(3.162831110764,0.827212579542));
#3392 = CARTESIAN_POINT('',(3.356460634782,0.790695876332));
#3393 = CARTESIAN_POINT('',(3.466495185903,0.761084842947));
#3394 = CARTESIAN_POINT('',(3.568601102505,0.724695817821));
#3395 = CARTESIAN_POINT('',(3.662332528136,0.682753915261));
#3396 = CARTESIAN_POINT('',(3.748617806021,0.636376865948));
#3397 = CARTESIAN_POINT('',(3.828376116034,0.58643073067));
#3398 = CARTESIAN_POINT('',(3.902642552265,0.533635037856));
#3399 = CARTESIAN_POINT('',(4.042069637963,0.423502353318));
#3400 = CARTESIAN_POINT('',(4.10722936643,0.3661656027));
#3401 = CARTESIAN_POINT('',(4.168789330785,0.307139225218));
#3402 = CARTESIAN_POINT('',(4.227615193962,0.246871923957));
#3403 = CARTESIAN_POINT('',(4.284474530774,0.185724459891));
#3404 = CARTESIAN_POINT('',(4.340050492407,0.124006058493));
#3405 = CARTESIAN_POINT('',(4.394978836194,6.200308666627E-02));
#3406 = CARTESIAN_POINT('',(4.449908320661,0.));
#3407 = ( GEOMETRIC_REPRESENTATION_CONTEXT(2) 
PARAMETRIC_REPRESENTATION_CONTEXT() REPRESENTATION_CONTEXT('2D SPACE',''
  ) );
#3408 = ORIENTED_EDGE('',*,*,#2650,.T.);
#3409 = ADVANCED_FACE('',(#3410),#2734,.T.);
#3410 = FACE_BOUND('',#3411,.T.);
#3411 = EDGE_LOOP('',(#3412,#3434,#3435));
#3412 = ORIENTED_EDGE('',*,*,#3413,.T.);
#3413 = EDGE_CURVE('',#2694,#3333,#3414,.T.);
#3414 = SURFACE_CURVE('',#3415,(#3420,#3427),.PCURVE_S1.);
#3415 = CIRCLE('',#3416,0.2880648);
#3416 = AXIS2_PLACEMENT_3D('',#3417,#3418,#3419);
#3417 = CARTESIAN_POINT('',(-4.406968888889,-0.911111111111,
    10.445146666667));
#3418 = DIRECTION('',(0.,0.,1.));
#3419 = DIRECTION('',(1.,0.,-0.));
#3420 = PCURVE('',#2734,#3421);
#3421 = DEFINITIONAL_REPRESENTATION('',(#3422),#3426);
#3422 = LINE('',#3423,#3424);
#3423 = CARTESIAN_POINT('',(0.,0.));
#3424 = VECTOR('',#3425,1.);
#3425 = DIRECTION('',(1.,0.));
#3426 = ( GEOMETRIC_REPRESENTATION_CONTEXT(2) 
PARAMETRIC_REPRESENTATION_CONTEXT() REPRESENTATION_CONTEXT('2D SPACE',''
  ) );
#3427 = PCURVE('',#2708,#3428);
#3428 = DEFINITIONAL_REPRESENTATION('',(#3429),#3433);
#3429 = CIRCLE('',#3430,0.2880648);
#3430 = AXIS2_PLACEMENT_2D('',#3431,#3432);
#3431 = CARTESIAN_POINT('',(0.,0.));
#3432 = DIRECTION('',(1.,0.));
#3433 = ( GEOMETRIC_REPRESENTATION_CONTEXT(2) 
PARAMETRIC_REPRESENTATION_CONTEXT() REPRESENTATION_CONTEXT('2D SPACE',''
  ) );
#3434 = ORIENTED_EDGE('',*,*,#3353,.F.);
#3435 = ORIENTED_EDGE('',*,*,#2719,.T.);
#3436 = ADVANCED_FACE('',(#3437),#2708,.F.);
#3437 = FACE_BOUND('',#3438,.F.);
#3438 = EDGE_LOOP('',(#3439,#3440,#3441));
#3439 = ORIENTED_EDGE('',*,*,#2693,.T.);
#3440 = ORIENTED_EDGE('',*,*,#3413,.T.);
#3441 = ORIENTED_EDGE('',*,*,#3332,.T.);
#3442 = ADVANCED_FACE('',(#3443),#2831,.F.);
#3443 = FACE_BOUND('',#3444,.F.);
#3444 = EDGE_LOOP('',(#3445,#3446,#3447,#3448,#3469,#3525));
#3445 = ORIENTED_EDGE('',*,*,#3086,.T.);
#3446 = ORIENTED_EDGE('',*,*,#3034,.T.);
#3447 = ORIENTED_EDGE('',*,*,#2816,.T.);
#3448 = ORIENTED_EDGE('',*,*,#3449,.F.);
#3449 = EDGE_CURVE('',#3450,#2817,#3452,.T.);
#3450 = VERTEX_POINT('',#3451);
#3451 = CARTESIAN_POINT('',(-3.944984081806,-1.308644538141,10.931675));
#3452 = SURFACE_CURVE('',#3453,(#3457,#3463),.PCURVE_S1.);
#3453 = LINE('',#3454,#3455);
#3454 = CARTESIAN_POINT('',(-3.876597222222,-1.053611111111,10.931675));
#3455 = VECTOR('',#3456,1.);
#3456 = DIRECTION('',(0.258998753171,0.965877655739,-0.));
#3457 = PCURVE('',#2831,#3458);
#3458 = DEFINITIONAL_REPRESENTATION('',(#3459),#3462);
#3459 = B_SPLINE_CURVE_WITH_KNOTS('',1,(#3460,#3461),.UNSPECIFIED.,.F.,
  .F.,(2,2),(-0.264530805485,0.264008104667),.PIECEWISE_BEZIER_KNOTS.);
#3460 = CARTESIAN_POINT('',(4.106045238035E-02,0.261324676027));
#3461 = CARTESIAN_POINT('',(-4.097931879741E-02,-0.260808310375));
#3462 = ( GEOMETRIC_REPRESENTATION_CONTEXT(2) 
PARAMETRIC_REPRESENTATION_CONTEXT() REPRESENTATION_CONTEXT('2D SPACE',''
  ) );
#3463 = PCURVE('',#2857,#3464);
#3464 = DEFINITIONAL_REPRESENTATION('',(#3465),#3468);
#3465 = B_SPLINE_CURVE_WITH_KNOTS('',1,(#3466,#3467),.UNSPECIFIED.,.F.,
  .F.,(2,2),(-0.264530805485,0.264008104667),.PIECEWISE_BEZIER_KNOTS.);
#3466 = CARTESIAN_POINT('',(-6.851314879596E-02,-0.255504394272));
#3467 = CARTESIAN_POINT('',(6.83777699358E-02,0.254999529232));
#3468 = ( GEOMETRIC_REPRESENTATION_CONTEXT(2) 
PARAMETRIC_REPRESENTATION_CONTEXT() REPRESENTATION_CONTEXT('2D SPACE',''
  ) );
#3469 = ORIENTED_EDGE('',*,*,#3470,.F.);
#3470 = EDGE_CURVE('',#2869,#3450,#3471,.T.);
#3471 = SURFACE_CURVE('',#3472,(#3477,#3484),.PCURVE_S1.);
#3472 = CIRCLE('',#3473,0.2640432);
#3473 = AXIS2_PLACEMENT_3D('',#3474,#3475,#3476);
#3474 = CARTESIAN_POINT('',(-3.876597222222,-1.053611111111,10.931675));
#3475 = DIRECTION('',(0.782689480105,-0.20987709806,0.585959709744));
#3476 = DIRECTION('',(-0.599307623455,-1.387778780781E-17,0.800518814562
    ));
#3477 = PCURVE('',#2831,#3478);
#3478 = DEFINITIONAL_REPRESENTATION('',(#3479),#3483);
#3479 = CIRCLE('',#3480,0.2640432);
#3480 = AXIS2_PLACEMENT_2D('',#3481,#3482);
#3481 = CARTESIAN_POINT('',(0.,0.));
#3482 = DIRECTION('',(1.,1.387778780781E-17));
#3483 = ( GEOMETRIC_REPRESENTATION_CONTEXT(2) 
PARAMETRIC_REPRESENTATION_CONTEXT() REPRESENTATION_CONTEXT('2D SPACE',''
  ) );
#3484 = PCURVE('',#2885,#3485);
#3485 = DEFINITIONAL_REPRESENTATION('',(#3486),#3524);
#3486 = B_SPLINE_CURVE_WITH_KNOTS('',8,(#3487,#3488,#3489,#3490,#3491,
    #3492,#3493,#3494,#3495,#3496,#3497,#3498,#3499,#3500,#3501,#3502,
    #3503,#3504,#3505,#3506,#3507,#3508,#3509,#3510,#3511,#3512,#3513,
    #3514,#3515,#3516,#3517,#3518,#3519,#3520,#3521,#3522,#3523),
  .UNSPECIFIED.,.F.,.F.,(9,7,7,7,7,9),(4.556538905457,5.341937068854,
    5.930985691402,6.372772158313,7.03545185868,7.698131559047),
  .UNSPECIFIED.);
#3487 = CARTESIAN_POINT('',(1.308810886874,0.));
#3488 = CARTESIAN_POINT('',(1.366337346856,7.955496181795E-02));
#3489 = CARTESIAN_POINT('',(1.423865377486,0.159109838299));
#3490 = CARTESIAN_POINT('',(1.482494508873,0.238263952635));
#3491 = CARTESIAN_POINT('',(1.54336085953,0.316615048558));
#3492 = CARTESIAN_POINT('',(1.607673094918,0.393701885159));
#3493 = CARTESIAN_POINT('',(1.676946816582,0.468942500521));
#3494 = CARTESIAN_POINT('',(1.753196321533,0.541518797177));
#3495 = CARTESIAN_POINT('',(1.903077434108,0.661637581293));
#3496 = CARTESIAN_POINT('',(1.972597782482,0.710902332008));
#3497 = CARTESIAN_POINT('',(2.048407756905,0.757418608473));
#3498 = CARTESIAN_POINT('',(2.131671984493,0.800499221077));
#3499 = CARTESIAN_POINT('',(2.223415249337,0.839304183404));
#3500 = CARTESIAN_POINT('',(2.324806843302,0.872705920566));
#3501 = CARTESIAN_POINT('',(2.435216167181,0.899448484));
#3502 = CARTESIAN_POINT('',(2.640198675956,0.933012755895));
#3503 = CARTESIAN_POINT('',(2.731830507144,0.943142262445));
#3504 = CARTESIAN_POINT('',(2.826280165389,0.948638989813));
#3505 = CARTESIAN_POINT('',(2.922074770868,0.949209757065));
#3506 = CARTESIAN_POINT('',(3.017226077131,0.94479696154));
#3507 = CARTESIAN_POINT('',(3.109881669981,0.93559821634));
#3508 = CARTESIAN_POINT('',(3.198895353901,0.921991326185));
#3509 = CARTESIAN_POINT('',(3.410601645066,0.878016670689));
#3510 = CARTESIAN_POINT('',(3.527887261833,0.842672285487));
#3511 = CARTESIAN_POINT('',(3.63312389887,0.799813557233));
#3512 = CARTESIAN_POINT('',(3.726751136437,0.751241023752));
#3513 = CARTESIAN_POINT('',(3.810936816808,0.698293952908));
#3514 = CARTESIAN_POINT('',(3.887135394228,0.641950101011));
#3515 = CARTESIAN_POINT('',(3.956913621637,0.582966351433));
#3516 = CARTESIAN_POINT('',(4.086098226358,0.460876990091));
#3517 = CARTESIAN_POINT('',(4.145505988145,0.397772055178));
#3518 = CARTESIAN_POINT('',(4.200993459615,0.333185875623));
#3519 = CARTESIAN_POINT('',(4.253584725363,0.267534121807));
#3520 = CARTESIAN_POINT('',(4.304122413132,0.201133331096));
#3521 = CARTESIAN_POINT('',(4.353328267698,0.134248562395));
#3522 = CARTESIAN_POINT('',(4.401865589854,6.71244990339E-02));
#3523 = CARTESIAN_POINT('',(4.450403540464,0.));
#3524 = ( GEOMETRIC_REPRESENTATION_CONTEXT(2) 
PARAMETRIC_REPRESENTATION_CONTEXT() REPRESENTATION_CONTEXT('2D SPACE',''
  ) );
#3525 = ORIENTED_EDGE('',*,*,#2926,.T.);
#3526 = ADVANCED_FACE('',(#3527),#2885,.T.);
#3527 = FACE_BOUND('',#3528,.T.);
#3528 = EDGE_LOOP('',(#3529,#3551,#3552));
#3529 = ORIENTED_EDGE('',*,*,#3530,.T.);
#3530 = EDGE_CURVE('',#2843,#3450,#3531,.T.);
#3531 = SURFACE_CURVE('',#3532,(#3537,#3544),.PCURVE_S1.);
#3532 = CIRCLE('',#3533,0.2640432);
#3533 = AXIS2_PLACEMENT_3D('',#3534,#3535,#3536);
#3534 = CARTESIAN_POINT('',(-3.876597222222,-1.053611111111,10.931675));
#3535 = DIRECTION('',(0.,0.,1.));
#3536 = DIRECTION('',(1.,0.,-0.));
#3537 = PCURVE('',#2885,#3538);
#3538 = DEFINITIONAL_REPRESENTATION('',(#3539),#3543);
#3539 = LINE('',#3540,#3541);
#3540 = CARTESIAN_POINT('',(0.,0.));
#3541 = VECTOR('',#3542,1.);
#3542 = DIRECTION('',(1.,0.));
#3543 = ( GEOMETRIC_REPRESENTATION_CONTEXT(2) 
PARAMETRIC_REPRESENTATION_CONTEXT() REPRESENTATION_CONTEXT('2D SPACE',''
  ) );
#3544 = PCURVE('',#2857,#3545);
#3545 = DEFINITIONAL_REPRESENTATION('',(#3546),#3550);
#3546 = CIRCLE('',#3547,0.2640432);
#3547 = AXIS2_PLACEMENT_2D('',#3548,#3549);
#3548 = CARTESIAN_POINT('',(0.,0.));
#3549 = DIRECTION('',(1.,0.));
#3550 = ( GEOMETRIC_REPRESENTATION_CONTEXT(2) 
PARAMETRIC_REPRESENTATION_CONTEXT() REPRESENTATION_CONTEXT('2D SPACE',''
  ) );
#3551 = ORIENTED_EDGE('',*,*,#3470,.F.);
#3552 = ORIENTED_EDGE('',*,*,#2868,.T.);
#3553 = ADVANCED_FACE('',(#3554),#2857,.F.);
#3554 = FACE_BOUND('',#3555,.F.);
#3555 = EDGE_LOOP('',(#3556,#3557,#3558));
#3556 = ORIENTED_EDGE('',*,*,#2842,.T.);
#3557 = ORIENTED_EDGE('',*,*,#3530,.T.);
#3558 = ORIENTED_EDGE('',*,*,#3449,.T.);
#3559 = ADVANCED_FACE('',(#3560),#2999,.T.);
#3560 = FACE_BOUND('',#3561,.T.);
#3561 = EDGE_LOOP('',(#3562,#3563,#3564,#3585,#3648));
#3562 = ORIENTED_EDGE('',*,*,#3109,.T.);
#3563 = ORIENTED_EDGE('',*,*,#2980,.T.);
#3564 = ORIENTED_EDGE('',*,*,#3565,.F.);
#3565 = EDGE_CURVE('',#3566,#2983,#3568,.T.);
#3566 = VERTEX_POINT('',#3567);
#3567 = CARTESIAN_POINT('',(-3.400269739982,-1.413186987657,11.4383));
#3568 = SURFACE_CURVE('',#3569,(#3573,#3579),.PCURVE_S1.);
#3569 = LINE('',#3570,#3571);
#3570 = CARTESIAN_POINT('',(-3.080462037254,-0.220536017658,11.4383));
#3571 = VECTOR('',#3572,1.);
#3572 = DIRECTION('',(-0.258998753171,-0.965877655739,0.));
#3573 = PCURVE('',#2999,#3574);
#3574 = DEFINITIONAL_REPRESENTATION('',(#3575),#3578);
#3575 = B_SPLINE_CURVE_WITH_KNOTS('',1,(#3576,#3577),.UNSPECIFIED.,.F.,
  .F.,(2,2),(0.720738952231,1.3281002076),.PIECEWISE_BEZIER_KNOTS.);
#3576 = CARTESIAN_POINT('',(4.030600650007E-02,-0.3));
#3577 = CARTESIAN_POINT('',(0.134580576368,0.3));
#3578 = ( GEOMETRIC_REPRESENTATION_CONTEXT(2) 
PARAMETRIC_REPRESENTATION_CONTEXT() REPRESENTATION_CONTEXT('2D SPACE',''
  ) );
#3579 = PCURVE('',#3154,#3580);
#3580 = DEFINITIONAL_REPRESENTATION('',(#3581),#3584);
#3581 = B_SPLINE_CURVE_WITH_KNOTS('',1,(#3582,#3583),.UNSPECIFIED.,.F.,
  .F.,(2,2),(0.720738952231,1.3281002076),.PIECEWISE_BEZIER_KNOTS.);
#3582 = CARTESIAN_POINT('',(-3.267132527244,-0.916681667239));
#3583 = CARTESIAN_POINT('',(-3.424438335109,-1.503318332761));
#3584 = ( GEOMETRIC_REPRESENTATION_CONTEXT(2) 
PARAMETRIC_REPRESENTATION_CONTEXT() REPRESENTATION_CONTEXT('2D SPACE',''
  ) );
#3585 = ORIENTED_EDGE('',*,*,#3586,.F.);
#3586 = EDGE_CURVE('',#3587,#3566,#3589,.T.);
#3587 = VERTEX_POINT('',#3588);
#3588 = CARTESIAN_POINT('',(-3.284270372606,-0.980593410829,11.4383));
#3589 = SURFACE_CURVE('',#3590,(#3595,#3602),.PCURVE_S1.);
#3590 = CIRCLE('',#3591,0.2400216);
#3591 = AXIS2_PLACEMENT_3D('',#3592,#3593,#3594);
#3592 = CARTESIAN_POINT('',(-3.29338,-1.21,11.3683));
#3593 = DIRECTION('',(0.782689480105,-0.20987709806,0.585959709744));
#3594 = DIRECTION('',(-0.599307623455,-1.387778780781E-17,0.800518814562
    ));
#3595 = PCURVE('',#2999,#3596);
#3596 = DEFINITIONAL_REPRESENTATION('',(#3597),#3601);
#3597 = CIRCLE('',#3598,0.2400216);
#3598 = AXIS2_PLACEMENT_2D('',#3599,#3600);
#3599 = CARTESIAN_POINT('',(0.,0.));
#3600 = DIRECTION('',(1.,1.387778780781E-17));
#3601 = ( GEOMETRIC_REPRESENTATION_CONTEXT(2) 
PARAMETRIC_REPRESENTATION_CONTEXT() REPRESENTATION_CONTEXT('2D SPACE',''
  ) );
#3602 = PCURVE('',#3603,#3608);
#3603 = SPHERICAL_SURFACE('',#3604,0.2400216);
#3604 = AXIS2_PLACEMENT_3D('',#3605,#3606,#3607);
#3605 = CARTESIAN_POINT('',(-3.29338,-1.21,11.3683));
#3606 = DIRECTION('',(0.,0.,1.));
#3607 = DIRECTION('',(1.,0.,-0.));
#3608 = DEFINITIONAL_REPRESENTATION('',(#3609),#3647);
#3609 = B_SPLINE_CURVE_WITH_KNOTS('',8,(#3610,#3611,#3612,#3613,#3614,
    #3615,#3616,#3617,#3618,#3619,#3620,#3621,#3622,#3623,#3624,#3625,
    #3626,#3627,#3628,#3629,#3630,#3631,#3632,#3633,#3634,#3635,#3636,
    #3637,#3638,#3639,#3640,#3641,#3642,#3643,#3644,#3645,#3646),
  .UNSPECIFIED.,.F.,.F.,(9,7,7,7,7,9),(4.556538905457,5.341937068854,
    5.930985691402,6.372772158313,7.03545185868,7.698131559047),
  .UNSPECIFIED.);
#3610 = CARTESIAN_POINT('',(1.308810886874,0.));
#3611 = CARTESIAN_POINT('',(1.366337346856,7.955496181795E-02));
#3612 = CARTESIAN_POINT('',(1.423865377486,0.159109838299));
#3613 = CARTESIAN_POINT('',(1.482494508873,0.238263952635));
#3614 = CARTESIAN_POINT('',(1.54336085953,0.316615048558));
#3615 = CARTESIAN_POINT('',(1.607673094918,0.393701885159));
#3616 = CARTESIAN_POINT('',(1.676946816582,0.468942500521));
#3617 = CARTESIAN_POINT('',(1.753196321533,0.541518797177));
#3618 = CARTESIAN_POINT('',(1.903077434108,0.661637581293));
#3619 = CARTESIAN_POINT('',(1.97259778248,0.710902332007));
#3620 = CARTESIAN_POINT('',(2.048407756896,0.757418608477));
#3621 = CARTESIAN_POINT('',(2.131671984494,0.800499221073));
#3622 = CARTESIAN_POINT('',(2.223415249335,0.839304183407));
#3623 = CARTESIAN_POINT('',(2.324806843302,0.872705920564));
#3624 = CARTESIAN_POINT('',(2.435216167181,0.899448484));
#3625 = CARTESIAN_POINT('',(2.640198675956,0.933012755895));
#3626 = CARTESIAN_POINT('',(2.731830507144,0.943142262445));
#3627 = CARTESIAN_POINT('',(2.826280165389,0.948638989812));
#3628 = CARTESIAN_POINT('',(2.922074770868,0.949209757065));
#3629 = CARTESIAN_POINT('',(3.017226077131,0.944796961541));
#3630 = CARTESIAN_POINT('',(3.109881669982,0.93559821634));
#3631 = CARTESIAN_POINT('',(3.198895353901,0.921991326185));
#3632 = CARTESIAN_POINT('',(3.410601645066,0.878016670689));
#3633 = CARTESIAN_POINT('',(3.527887261835,0.842672285487));
#3634 = CARTESIAN_POINT('',(3.633123898864,0.799813557228));
#3635 = CARTESIAN_POINT('',(3.726751136448,0.751241023752));
#3636 = CARTESIAN_POINT('',(3.81093681681,0.698293952905));
#3637 = CARTESIAN_POINT('',(3.887135394227,0.641950101012));
#3638 = CARTESIAN_POINT('',(3.956913621637,0.582966351433));
#3639 = CARTESIAN_POINT('',(4.086098226358,0.460876990091));
#3640 = CARTESIAN_POINT('',(4.145505988145,0.397772055178));
#3641 = CARTESIAN_POINT('',(4.200993459615,0.333185875623));
#3642 = CARTESIAN_POINT('',(4.253584725363,0.267534121807));
#3643 = CARTESIAN_POINT('',(4.304122413132,0.201133331096));
#3644 = CARTESIAN_POINT('',(4.353328267698,0.134248562395));
#3645 = CARTESIAN_POINT('',(4.401865589854,6.71244990339E-02));
#3646 = CARTESIAN_POINT('',(4.450403540464,0.));
#3647 = ( GEOMETRIC_REPRESENTATION_CONTEXT(2) 
PARAMETRIC_REPRESENTATION_CONTEXT() REPRESENTATION_CONTEXT('2D SPACE',''
  ) );
#3648 = ORIENTED_EDGE('',*,*,#3649,.F.);
#3649 = EDGE_CURVE('',#3110,#3587,#3650,.T.);
#3650 = SURFACE_CURVE('',#3651,(#3655,#3661),.PCURVE_S1.);
#3651 = LINE('',#3652,#3653);
#3652 = CARTESIAN_POINT('',(-3.080462037254,-0.220536017658,11.4383));
#3653 = VECTOR('',#3654,1.);
#3654 = DIRECTION('',(-0.258998753171,-0.965877655739,0.));
#3655 = PCURVE('',#2999,#3656);
#3656 = DEFINITIONAL_REPRESENTATION('',(#3657),#3660);
#3657 = B_SPLINE_CURVE_WITH_KNOTS('',1,(#3658,#3659),.UNSPECIFIED.,.F.,
  .F.,(2,2),(0.720738952231,1.3281002076),.PIECEWISE_BEZIER_KNOTS.);
#3658 = CARTESIAN_POINT('',(4.030600650007E-02,-0.3));
#3659 = CARTESIAN_POINT('',(0.134580576368,0.3));
#3660 = ( GEOMETRIC_REPRESENTATION_CONTEXT(2) 
PARAMETRIC_REPRESENTATION_CONTEXT() REPRESENTATION_CONTEXT('2D SPACE',''
  ) );
#3661 = PCURVE('',#3154,#3662);
#3662 = DEFINITIONAL_REPRESENTATION('',(#3663),#3666);
#3663 = B_SPLINE_CURVE_WITH_KNOTS('',1,(#3664,#3665),.UNSPECIFIED.,.F.,
  .F.,(2,2),(0.720738952231,1.3281002076),.PIECEWISE_BEZIER_KNOTS.);
#3664 = CARTESIAN_POINT('',(-3.267132527244,-0.916681667239));
#3665 = CARTESIAN_POINT('',(-3.424438335109,-1.503318332761));
#3666 = ( GEOMETRIC_REPRESENTATION_CONTEXT(2) 
PARAMETRIC_REPRESENTATION_CONTEXT() REPRESENTATION_CONTEXT('2D SPACE',''
  ) );
#3667 = ADVANCED_FACE('',(#3668,#4401),#3154,.T.);
#3668 = FACE_BOUND('',#3669,.T.);
#3669 = EDGE_LOOP('',(#3670,#3671,#3695,#3730,#3764,#3793,#3823,#3853,
    #3877,#3919,#3953,#3982,#4012,#4036,#4071,#4111,#4148,#4172,#4207,
    #4237,#4271,#4300,#4330,#4352,#4353,#4354,#4378,#4400));
#3670 = ORIENTED_EDGE('',*,*,#3295,.F.);
#3671 = ORIENTED_EDGE('',*,*,#3672,.T.);
#3672 = EDGE_CURVE('',#3258,#3673,#3675,.T.);
#3673 = VERTEX_POINT('',#3674);
#3674 = CARTESIAN_POINT('',(-2.862608936141,-2.387035229385,11.4383));
#3675 = SURFACE_CURVE('',#3676,(#3681,#3688),.PCURVE_S1.);
#3676 = CIRCLE('',#3677,3.72726);
#3677 = AXIS2_PLACEMENT_3D('',#3678,#3679,#3680);
#3678 = CARTESIAN_POINT('',(0.,0.,11.4383));
#3679 = DIRECTION('',(0.,0.,1.));
#3680 = DIRECTION('',(-0.918835611443,-0.394640493543,0.));
#3681 = PCURVE('',#3154,#3682);
#3682 = DEFINITIONAL_REPRESENTATION('',(#3683),#3687);
#3683 = CIRCLE('',#3684,3.72726);
#3684 = AXIS2_PLACEMENT_2D('',#3685,#3686);
#3685 = CARTESIAN_POINT('',(2.751565759847E-16,-2.147228670265E-16));
#3686 = DIRECTION('',(-0.918835611443,-0.394640493543));
#3687 = ( GEOMETRIC_REPRESENTATION_CONTEXT(2) 
PARAMETRIC_REPRESENTATION_CONTEXT() REPRESENTATION_CONTEXT('2D SPACE',''
  ) );
#3688 = PCURVE('',#3196,#3689);
#3689 = DEFINITIONAL_REPRESENTATION('',(#3690),#3694);
#3690 = LINE('',#3691,#3692);
#3691 = CARTESIAN_POINT('',(-3.54726920867,-0.32));
#3692 = VECTOR('',#3693,1.);
#3693 = DIRECTION('',(-1.,0.));
#3694 = ( GEOMETRIC_REPRESENTATION_CONTEXT(2) 
PARAMETRIC_REPRESENTATION_CONTEXT() REPRESENTATION_CONTEXT('2D SPACE',''
  ) );
#3695 = ORIENTED_EDGE('',*,*,#3696,.F.);
#3696 = EDGE_CURVE('',#3697,#3673,#3699,.T.);
#3697 = VERTEX_POINT('',#3698);
#3698 = CARTESIAN_POINT('',(-2.628951116875,-2.327731786201,11.4383));
#3699 = SURFACE_CURVE('',#3700,(#3705,#3712),.PCURVE_S1.);
#3700 = ELLIPSE('',#3701,0.349517756139,0.342554723826);
#3701 = AXIS2_PLACEMENT_3D('',#3702,#3703,#3704);
#3702 = CARTESIAN_POINT('',(-2.671904185485,-2.671904185485,11.4383));
#3703 = DIRECTION('',(0.,0.,1.));
#3704 = DIRECTION('',(-0.707106781187,-0.707106781187,0.));
#3705 = PCURVE('',#3154,#3706);
#3706 = DEFINITIONAL_REPRESENTATION('',(#3707),#3711);
#3707 = ELLIPSE('',#3708,0.349517756139,0.342554723826);
#3708 = AXIS2_PLACEMENT_2D('',#3709,#3710);
#3709 = CARTESIAN_POINT('',(-2.671904185485,-2.671904185485));
#3710 = DIRECTION('',(-0.707106781187,-0.707106781187));
#3711 = ( GEOMETRIC_REPRESENTATION_CONTEXT(2) 
PARAMETRIC_REPRESENTATION_CONTEXT() REPRESENTATION_CONTEXT('2D SPACE',''
  ) );
#3712 = PCURVE('',#3713,#3718);
#3713 = CONICAL_SURFACE('',#3714,0.35317,4.337762720666E-02);
#3714 = AXIS2_PLACEMENT_3D('',#3715,#3716,#3717);
#3715 = CARTESIAN_POINT('',(-2.704089468342,-2.704089468342,11.1983));
#3716 = DIRECTION('',(-0.140307871841,-0.140307871841,-0.980116014663));
#3717 = DIRECTION('',(0.989908262462,0.,-0.141709674718));
#3718 = DEFINITIONAL_REPRESENTATION('',(#3719),#3729);
#3719 = B_SPLINE_CURVE_WITH_KNOTS('',8,(#3720,#3721,#3722,#3723,#3724,
    #3725,#3726,#3727,#3728),.UNSPECIFIED.,.F.,.F.,(9,9),(3.812608131945
    ,4.520714571662),.PIECEWISE_BEZIER_KNOTS.);
#3720 = CARTESIAN_POINT('',(-1.451854924621,-0.298576229994));
#3721 = CARTESIAN_POINT('',(-1.540978168782,-0.294759343089));
#3722 = CARTESIAN_POINT('',(-1.630051811868,-0.290456126306));
#3723 = CARTESIAN_POINT('',(-1.719068546377,-0.285712139243));
#3724 = CARTESIAN_POINT('',(-1.808021928244,-0.280581064873));
#3725 = CARTESIAN_POINT('',(-1.896906561839,-0.275123572025));
#3726 = CARTESIAN_POINT('',(-1.985718243137,-0.269405842654));
#3727 = CARTESIAN_POINT('',(-2.074454046208,-0.263497851466));
#3728 = CARTESIAN_POINT('',(-2.163112353031,-0.257471555052));
#3729 = ( GEOMETRIC_REPRESENTATION_CONTEXT(2) 
PARAMETRIC_REPRESENTATION_CONTEXT() REPRESENTATION_CONTEXT('2D SPACE',''
  ) );
#3730 = ORIENTED_EDGE('',*,*,#3731,.F.);
#3731 = EDGE_CURVE('',#3732,#3697,#3734,.T.);
#3732 = VERTEX_POINT('',#3733);
#3733 = CARTESIAN_POINT('',(-2.218628448241,-2.43806267456,11.4383));
#3734 = SURFACE_CURVE('',#3735,(#3740,#3747),.PCURVE_S1.);
#3735 = ELLIPSE('',#3736,0.221133009849,0.22);
#3736 = AXIS2_PLACEMENT_3D('',#3737,#3738,#3739);
#3737 = CARTESIAN_POINT('',(-2.439195680672,-2.439195680672,11.4383));
#3738 = DIRECTION('',(0.,0.,1.));
#3739 = DIRECTION('',(0.707106781187,0.707106781187,-0.));
#3740 = PCURVE('',#3154,#3741);
#3741 = DEFINITIONAL_REPRESENTATION('',(#3742),#3746);
#3742 = ELLIPSE('',#3743,0.221133009849,0.22);
#3743 = AXIS2_PLACEMENT_2D('',#3744,#3745);
#3744 = CARTESIAN_POINT('',(-2.439195680672,-2.439195680672));
#3745 = DIRECTION('',(0.707106781187,0.707106781187));
#3746 = ( GEOMETRIC_REPRESENTATION_CONTEXT(2) 
PARAMETRIC_REPRESENTATION_CONTEXT() REPRESENTATION_CONTEXT('2D SPACE',''
  ) );
#3747 = PCURVE('',#3748,#3753);
#3748 = CYLINDRICAL_SURFACE('',#3749,0.22);
#3749 = AXIS2_PLACEMENT_3D('',#3750,#3751,#3752);
#3750 = CARTESIAN_POINT('',(-2.455004033602,-2.455004033602,11.2183));
#3751 = DIRECTION('',(7.148798336662E-02,7.148798336662E-02,0.9948763423
    ));
#3752 = DIRECTION('',(0.997428301453,8.673617379884E-19,
    -7.167135732548E-02));
#3753 = DEFINITIONAL_REPRESENTATION('',(#3754),#3763);
#3754 = B_SPLINE_CURVE_WITH_KNOTS('',7,(#3755,#3756,#3757,#3758,#3759,
    #3760,#3761,#3762),.UNSPECIFIED.,.F.,.F.,(8,8),(5.500355546808,
    8.107022595304),.PIECEWISE_BEZIER_KNOTS.);
#3755 = CARTESIAN_POINT('',(6.28318530718,0.236981912814));
#3756 = CARTESIAN_POINT('',(6.655566314108,0.2428535043));
#3757 = CARTESIAN_POINT('',(7.027947321034,0.246157099062));
#3758 = CARTESIAN_POINT('',(7.400328327967,0.245590520794));
#3759 = CARTESIAN_POINT('',(7.772709334891,0.240605692515));
#3760 = CARTESIAN_POINT('',(8.145090341818,0.2325626872));
#3761 = CARTESIAN_POINT('',(8.517471348747,0.223596583693));
#3762 = CARTESIAN_POINT('',(8.889852355675,0.215536118304));
#3763 = ( GEOMETRIC_REPRESENTATION_CONTEXT(2) 
PARAMETRIC_REPRESENTATION_CONTEXT() REPRESENTATION_CONTEXT('2D SPACE',''
  ) );
#3764 = ORIENTED_EDGE('',*,*,#3765,.F.);
#3765 = EDGE_CURVE('',#3766,#3732,#3768,.T.);
#3766 = VERTEX_POINT('',#3767);
#3767 = CARTESIAN_POINT('',(-2.327731786201,-2.628951116875,11.4383));
#3768 = SURFACE_CURVE('',#3769,(#3774,#3781),.PCURVE_S1.);
#3769 = ELLIPSE('',#3770,0.221133009849,0.22);
#3770 = AXIS2_PLACEMENT_3D('',#3771,#3772,#3773);
#3771 = CARTESIAN_POINT('',(-2.439195680672,-2.439195680672,11.4383));
#3772 = DIRECTION('',(0.,0.,1.));
#3773 = DIRECTION('',(0.707106781187,0.707106781187,-0.));
#3774 = PCURVE('',#3154,#3775);
#3775 = DEFINITIONAL_REPRESENTATION('',(#3776),#3780);
#3776 = ELLIPSE('',#3777,0.221133009849,0.22);
#3777 = AXIS2_PLACEMENT_2D('',#3778,#3779);
#3778 = CARTESIAN_POINT('',(-2.439195680672,-2.439195680672));
#3779 = DIRECTION('',(0.707106781187,0.707106781187));
#3780 = ( GEOMETRIC_REPRESENTATION_CONTEXT(2) 
PARAMETRIC_REPRESENTATION_CONTEXT() REPRESENTATION_CONTEXT('2D SPACE',''
  ) );
#3781 = PCURVE('',#3748,#3782);
#3782 = DEFINITIONAL_REPRESENTATION('',(#3783),#3792);
#3783 = B_SPLINE_CURVE_WITH_KNOTS('',7,(#3784,#3785,#3786,#3787,#3788,
    #3789,#3790,#3791),.UNSPECIFIED.,.F.,.F.,(8,8),(10.742533326235,
    11.783540853987),.PIECEWISE_BEZIER_KNOTS.);
#3784 = CARTESIAN_POINT('',(5.242177779428,0.215535886428));
#3785 = CARTESIAN_POINT('',(5.390893140535,0.218754606106));
#3786 = CARTESIAN_POINT('',(5.539608501643,0.222117858743));
#3787 = CARTESIAN_POINT('',(5.68832386275,0.225509471986));
#3788 = CARTESIAN_POINT('',(5.837039223857,0.228805331264));
#3789 = CARTESIAN_POINT('',(5.985754584965,0.231883673631));
#3790 = CARTESIAN_POINT('',(6.134469946072,0.234637013821));
#3791 = CARTESIAN_POINT('',(6.28318530718,0.236981912814));
#3792 = ( GEOMETRIC_REPRESENTATION_CONTEXT(2) 
PARAMETRIC_REPRESENTATION_CONTEXT() REPRESENTATION_CONTEXT('2D SPACE',''
  ) );
#3793 = ORIENTED_EDGE('',*,*,#3794,.F.);
#3794 = EDGE_CURVE('',#3795,#3766,#3797,.T.);
#3795 = VERTEX_POINT('',#3796);
#3796 = CARTESIAN_POINT('',(-2.325856896558,-2.66282684237,11.4383));
#3797 = SURFACE_CURVE('',#3798,(#3803,#3810),.PCURVE_S1.);
#3798 = ELLIPSE('',#3799,0.349517756139,0.342554723826);
#3799 = AXIS2_PLACEMENT_3D('',#3800,#3801,#3802);
#3800 = CARTESIAN_POINT('',(-2.671904185485,-2.671904185485,11.4383));
#3801 = DIRECTION('',(0.,0.,1.));
#3802 = DIRECTION('',(-0.707106781187,-0.707106781187,0.));
#3803 = PCURVE('',#3154,#3804);
#3804 = DEFINITIONAL_REPRESENTATION('',(#3805),#3809);
#3805 = ELLIPSE('',#3806,0.349517756139,0.342554723826);
#3806 = AXIS2_PLACEMENT_2D('',#3807,#3808);
#3807 = CARTESIAN_POINT('',(-2.671904185485,-2.671904185485));
#3808 = DIRECTION('',(-0.707106781187,-0.707106781187));
#3809 = ( GEOMETRIC_REPRESENTATION_CONTEXT(2) 
PARAMETRIC_REPRESENTATION_CONTEXT() REPRESENTATION_CONTEXT('2D SPACE',''
  ) );
#3810 = PCURVE('',#3713,#3811);
#3811 = DEFINITIONAL_REPRESENTATION('',(#3812),#3822);
#3812 = B_SPLINE_CURVE_WITH_KNOTS('',8,(#3813,#3814,#3815,#3816,#3817,
    #3818,#3819,#3820,#3821),.UNSPECIFIED.,.F.,.F.,(9,9),(2.372367727614
    ,2.470577175234),.PIECEWISE_BEZIER_KNOTS.);
#3813 = CARTESIAN_POINT('',(-6.28318530718,-0.294086321964));
#3814 = CARTESIAN_POINT('',(-6.295539006402,-0.294678532009));
#3815 = CARTESIAN_POINT('',(-6.307893771978,-0.295262158873));
#3816 = CARTESIAN_POINT('',(-6.320249586027,-0.295837066919));
#3817 = CARTESIAN_POINT('',(-6.332606430324,-0.29640312321));
#3818 = CARTESIAN_POINT('',(-6.344964286311,-0.296960197585));
#3819 = CARTESIAN_POINT('',(-6.357323135099,-0.297508162728));
#3820 = CARTESIAN_POINT('',(-6.369682957478,-0.298046894233));
#3821 = CARTESIAN_POINT('',(-6.382043733927,-0.298576270669));
#3822 = ( GEOMETRIC_REPRESENTATION_CONTEXT(2) 
PARAMETRIC_REPRESENTATION_CONTEXT() REPRESENTATION_CONTEXT('2D SPACE',''
  ) );
#3823 = ORIENTED_EDGE('',*,*,#3824,.F.);
#3824 = EDGE_CURVE('',#3825,#3795,#3827,.T.);
#3825 = VERTEX_POINT('',#3826);
#3826 = CARTESIAN_POINT('',(-2.387035229385,-2.862608936141,11.4383));
#3827 = SURFACE_CURVE('',#3828,(#3833,#3840),.PCURVE_S1.);
#3828 = ELLIPSE('',#3829,0.349517756139,0.342554723826);
#3829 = AXIS2_PLACEMENT_3D('',#3830,#3831,#3832);
#3830 = CARTESIAN_POINT('',(-2.671904185485,-2.671904185485,11.4383));
#3831 = DIRECTION('',(0.,0.,1.));
#3832 = DIRECTION('',(-0.707106781187,-0.707106781187,0.));
#3833 = PCURVE('',#3154,#3834);
#3834 = DEFINITIONAL_REPRESENTATION('',(#3835),#3839);
#3835 = ELLIPSE('',#3836,0.349517756139,0.342554723826);
#3836 = AXIS2_PLACEMENT_2D('',#3837,#3838);
#3837 = CARTESIAN_POINT('',(-2.671904185485,-2.671904185485));
#3838 = DIRECTION('',(-0.707106781187,-0.707106781187));
#3839 = ( GEOMETRIC_REPRESENTATION_CONTEXT(2) 
PARAMETRIC_REPRESENTATION_CONTEXT() REPRESENTATION_CONTEXT('2D SPACE',''
  ) );
#3840 = PCURVE('',#3713,#3841);
#3841 = DEFINITIONAL_REPRESENTATION('',(#3842),#3852);
#3842 = B_SPLINE_CURVE_WITH_KNOTS('',8,(#3843,#3844,#3845,#3846,#3847,
    #3848,#3849,#3850,#3851),.UNSPECIFIED.,.F.,.F.,(9,9),(8.045656042697
    ,8.655553034794),.PIECEWISE_BEZIER_KNOTS.);
#3843 = CARTESIAN_POINT('',(-5.670786289991,-0.257471596308));
#3844 = CARTESIAN_POINT('',(-5.747148302512,-0.262662046449));
#3845 = CARTESIAN_POINT('',(-5.823567807483,-0.267764719577));
#3846 = CARTESIAN_POINT('',(-5.900043771677,-0.272733648137));
#3847 = CARTESIAN_POINT('',(-5.976574441113,-0.277523961314));
#3848 = CARTESIAN_POINT('',(-6.053157354466,-0.28209274229));
#3849 = CARTESIAN_POINT('',(-6.129789380464,-0.286399844617));
#3850 = CARTESIAN_POINT('',(-6.206466781829,-0.290408599159));
#3851 = CARTESIAN_POINT('',(-6.28318530718,-0.294086321964));
#3852 = ( GEOMETRIC_REPRESENTATION_CONTEXT(2) 
PARAMETRIC_REPRESENTATION_CONTEXT() REPRESENTATION_CONTEXT('2D SPACE',''
  ) );
#3853 = ORIENTED_EDGE('',*,*,#3854,.T.);
#3854 = EDGE_CURVE('',#3825,#3855,#3857,.T.);
#3855 = VERTEX_POINT('',#3856);
#3856 = CARTESIAN_POINT('',(2.387035229385,-2.862608936141,11.4383));
#3857 = SURFACE_CURVE('',#3858,(#3863,#3870),.PCURVE_S1.);
#3858 = CIRCLE('',#3859,3.72726);
#3859 = AXIS2_PLACEMENT_3D('',#3860,#3861,#3862);
#3860 = CARTESIAN_POINT('',(0.,0.,11.4383));
#3861 = DIRECTION('',(0.,0.,1.));
#3862 = DIRECTION('',(-0.918835611443,-0.394640493543,0.));
#3863 = PCURVE('',#3154,#3864);
#3864 = DEFINITIONAL_REPRESENTATION('',(#3865),#3869);
#3865 = CIRCLE('',#3866,3.72726);
#3866 = AXIS2_PLACEMENT_2D('',#3867,#3868);
#3867 = CARTESIAN_POINT('',(2.751565759847E-16,-2.147228670265E-16));
#3868 = DIRECTION('',(-0.918835611443,-0.394640493543));
#3869 = ( GEOMETRIC_REPRESENTATION_CONTEXT(2) 
PARAMETRIC_REPRESENTATION_CONTEXT() REPRESENTATION_CONTEXT('2D SPACE',''
  ) );
#3870 = PCURVE('',#3196,#3871);
#3871 = DEFINITIONAL_REPRESENTATION('',(#3872),#3876);
#3872 = LINE('',#3873,#3874);
#3873 = CARTESIAN_POINT('',(-3.54726920867,-0.32));
#3874 = VECTOR('',#3875,1.);
#3875 = DIRECTION('',(-1.,0.));
#3876 = ( GEOMETRIC_REPRESENTATION_CONTEXT(2) 
PARAMETRIC_REPRESENTATION_CONTEXT() REPRESENTATION_CONTEXT('2D SPACE',''
  ) );
#3877 = ORIENTED_EDGE('',*,*,#3878,.F.);
#3878 = EDGE_CURVE('',#3879,#3855,#3881,.T.);
#3879 = VERTEX_POINT('',#3880);
#3880 = CARTESIAN_POINT('',(2.327731786201,-2.628951116875,11.4383));
#3881 = SURFACE_CURVE('',#3882,(#3887,#3894),.PCURVE_S1.);
#3882 = ELLIPSE('',#3883,0.349517756139,0.342554723826);
#3883 = AXIS2_PLACEMENT_3D('',#3884,#3885,#3886);
#3884 = CARTESIAN_POINT('',(2.671904185485,-2.671904185485,11.4383));
#3885 = DIRECTION('',(0.,0.,1.));
#3886 = DIRECTION('',(0.707106781187,-0.707106781187,0.));
#3887 = PCURVE('',#3154,#3888);
#3888 = DEFINITIONAL_REPRESENTATION('',(#3889),#3893);
#3889 = ELLIPSE('',#3890,0.349517756139,0.342554723826);
#3890 = AXIS2_PLACEMENT_2D('',#3891,#3892);
#3891 = CARTESIAN_POINT('',(2.671904185485,-2.671904185485));
#3892 = DIRECTION('',(0.707106781187,-0.707106781187));
#3893 = ( GEOMETRIC_REPRESENTATION_CONTEXT(2) 
PARAMETRIC_REPRESENTATION_CONTEXT() REPRESENTATION_CONTEXT('2D SPACE',''
  ) );
#3894 = PCURVE('',#3895,#3900);
#3895 = CONICAL_SURFACE('',#3896,0.35317,4.337762720666E-02);
#3896 = AXIS2_PLACEMENT_3D('',#3897,#3898,#3899);
#3897 = CARTESIAN_POINT('',(2.704089468342,-2.704089468342,11.1983));
#3898 = DIRECTION('',(0.140307871841,-0.140307871841,-0.980116014663));
#3899 = DIRECTION('',(0.989908262462,0.,0.141709674718));
#3900 = DEFINITIONAL_REPRESENTATION('',(#3901),#3918);
#3901 = B_SPLINE_CURVE_WITH_KNOTS('',8,(#3902,#3903,#3904,#3905,#3906,
    #3907,#3908,#3909,#3910,#3911,#3912,#3913,#3914,#3915,#3916,#3917),
  .UNSPECIFIED.,.F.,.F.,(9,7,9),(3.812608131945,3.923119674996,
    4.520714571662),.UNSPECIFIED.);
#3902 = CARTESIAN_POINT('',(-3.042734226192,-0.298576267607));
#3903 = CARTESIAN_POINT('',(-3.056643361309,-0.297980579219));
#3904 = CARTESIAN_POINT('',(-3.070551288387,-0.297373045384));
#3905 = CARTESIAN_POINT('',(-3.084457979615,-0.296753839152));
#3906 = CARTESIAN_POINT('',(-3.098363407684,-0.296123138346));
#3907 = CARTESIAN_POINT('',(-3.112267545802,-0.29548112545));
#3908 = CARTESIAN_POINT('',(-3.126170367708,-0.294827987485));
#3909 = CARTESIAN_POINT('',(-3.140071847686,-0.294163915888));
#3910 = CARTESIAN_POINT('',(-3.229137289874,-0.289840051173));
#3911 = CARTESIAN_POINT('',(-3.304262645067,-0.285876992992));
#3912 = CARTESIAN_POINT('',(-3.379344077213,-0.281631063672));
#3913 = CARTESIAN_POINT('',(-3.454378117255,-0.277137023875));
#3914 = CARTESIAN_POINT('',(-3.529361857873,-0.272432796849));
#3915 = CARTESIAN_POINT('',(-3.60429301049,-0.267558827756));
#3916 = CARTESIAN_POINT('',(-3.679169938709,-0.262557346533));
#3917 = CARTESIAN_POINT('',(-3.753991670478,-0.257471594083));
#3918 = ( GEOMETRIC_REPRESENTATION_CONTEXT(2) 
PARAMETRIC_REPRESENTATION_CONTEXT() REPRESENTATION_CONTEXT('2D SPACE',''
  ) );
#3919 = ORIENTED_EDGE('',*,*,#3920,.F.);
#3920 = EDGE_CURVE('',#3921,#3879,#3923,.T.);
#3921 = VERTEX_POINT('',#3922);
#3922 = CARTESIAN_POINT('',(2.43806267456,-2.218628448241,11.4383));
#3923 = SURFACE_CURVE('',#3924,(#3929,#3936),.PCURVE_S1.);
#3924 = ELLIPSE('',#3925,0.221133009849,0.22);
#3925 = AXIS2_PLACEMENT_3D('',#3926,#3927,#3928);
#3926 = CARTESIAN_POINT('',(2.439195680672,-2.439195680672,11.4383));
#3927 = DIRECTION('',(0.,0.,1.));
#3928 = DIRECTION('',(-0.707106781187,0.707106781187,0.));
#3929 = PCURVE('',#3154,#3930);
#3930 = DEFINITIONAL_REPRESENTATION('',(#3931),#3935);
#3931 = ELLIPSE('',#3932,0.221133009849,0.22);
#3932 = AXIS2_PLACEMENT_2D('',#3933,#3934);
#3933 = CARTESIAN_POINT('',(2.439195680672,-2.439195680672));
#3934 = DIRECTION('',(-0.707106781187,0.707106781187));
#3935 = ( GEOMETRIC_REPRESENTATION_CONTEXT(2) 
PARAMETRIC_REPRESENTATION_CONTEXT() REPRESENTATION_CONTEXT('2D SPACE',''
  ) );
#3936 = PCURVE('',#3937,#3942);
#3937 = CYLINDRICAL_SURFACE('',#3938,0.22);
#3938 = AXIS2_PLACEMENT_3D('',#3939,#3940,#3941);
#3939 = CARTESIAN_POINT('',(2.455004033602,-2.455004033602,11.2183));
#3940 = DIRECTION('',(-7.148798336662E-02,7.148798336662E-02,
    0.9948763423));
#3941 = DIRECTION('',(0.,0.997428301453,-7.167135732548E-02));
#3942 = DEFINITIONAL_REPRESENTATION('',(#3943),#3952);
#3943 = B_SPLINE_CURVE_WITH_KNOTS('',7,(#3944,#3945,#3946,#3947,#3948,
    #3949,#3950,#3951),.UNSPECIFIED.,.F.,.F.,(8,8),(5.500355546808,
    8.107022595304),.PIECEWISE_BEZIER_KNOTS.);
#3944 = CARTESIAN_POINT('',(6.28318530718,0.236981912814));
#3945 = CARTESIAN_POINT('',(6.655566314108,0.2428535043));
#3946 = CARTESIAN_POINT('',(7.027947321035,0.246157099062));
#3947 = CARTESIAN_POINT('',(7.400328327965,0.245590520794));
#3948 = CARTESIAN_POINT('',(7.772709334891,0.240605692515));
#3949 = CARTESIAN_POINT('',(8.145090341819,0.2325626872));
#3950 = CARTESIAN_POINT('',(8.517471348747,0.223596583693));
#3951 = CARTESIAN_POINT('',(8.889852355676,0.215536118304));
#3952 = ( GEOMETRIC_REPRESENTATION_CONTEXT(2) 
PARAMETRIC_REPRESENTATION_CONTEXT() REPRESENTATION_CONTEXT('2D SPACE',''
  ) );
#3953 = ORIENTED_EDGE('',*,*,#3954,.F.);
#3954 = EDGE_CURVE('',#3955,#3921,#3957,.T.);
#3955 = VERTEX_POINT('',#3956);
#3956 = CARTESIAN_POINT('',(2.628951116875,-2.327731786201,11.4383));
#3957 = SURFACE_CURVE('',#3958,(#3963,#3970),.PCURVE_S1.);
#3958 = ELLIPSE('',#3959,0.221133009849,0.22);
#3959 = AXIS2_PLACEMENT_3D('',#3960,#3961,#3962);
#3960 = CARTESIAN_POINT('',(2.439195680672,-2.439195680672,11.4383));
#3961 = DIRECTION('',(0.,0.,1.));
#3962 = DIRECTION('',(-0.707106781187,0.707106781187,0.));
#3963 = PCURVE('',#3154,#3964);
#3964 = DEFINITIONAL_REPRESENTATION('',(#3965),#3969);
#3965 = ELLIPSE('',#3966,0.221133009849,0.22);
#3966 = AXIS2_PLACEMENT_2D('',#3967,#3968);
#3967 = CARTESIAN_POINT('',(2.439195680672,-2.439195680672));
#3968 = DIRECTION('',(-0.707106781187,0.707106781187));
#3969 = ( GEOMETRIC_REPRESENTATION_CONTEXT(2) 
PARAMETRIC_REPRESENTATION_CONTEXT() REPRESENTATION_CONTEXT('2D SPACE',''
  ) );
#3970 = PCURVE('',#3937,#3971);
#3971 = DEFINITIONAL_REPRESENTATION('',(#3972),#3981);
#3972 = B_SPLINE_CURVE_WITH_KNOTS('',7,(#3973,#3974,#3975,#3976,#3977,
    #3978,#3979,#3980),.UNSPECIFIED.,.F.,.F.,(8,8),(10.742533326235,
    11.783540853987),.PIECEWISE_BEZIER_KNOTS.);
#3973 = CARTESIAN_POINT('',(5.242177779428,0.215535886428));
#3974 = CARTESIAN_POINT('',(5.390893140535,0.218754606106));
#3975 = CARTESIAN_POINT('',(5.539608501642,0.222117858743));
#3976 = CARTESIAN_POINT('',(5.68832386275,0.225509471986));
#3977 = CARTESIAN_POINT('',(5.837039223857,0.228805331264));
#3978 = CARTESIAN_POINT('',(5.985754584964,0.231883673631));
#3979 = CARTESIAN_POINT('',(6.134469946072,0.234637013821));
#3980 = CARTESIAN_POINT('',(6.28318530718,0.236981912814));
#3981 = ( GEOMETRIC_REPRESENTATION_CONTEXT(2) 
PARAMETRIC_REPRESENTATION_CONTEXT() REPRESENTATION_CONTEXT('2D SPACE',''
  ) );
#3982 = ORIENTED_EDGE('',*,*,#3983,.F.);
#3983 = EDGE_CURVE('',#3984,#3955,#3986,.T.);
#3984 = VERTEX_POINT('',#3985);
#3985 = CARTESIAN_POINT('',(2.862608936141,-2.387035229385,11.4383));
#3986 = SURFACE_CURVE('',#3987,(#3992,#3999),.PCURVE_S1.);
#3987 = ELLIPSE('',#3988,0.349517756139,0.342554723826);
#3988 = AXIS2_PLACEMENT_3D('',#3989,#3990,#3991);
#3989 = CARTESIAN_POINT('',(2.671904185485,-2.671904185485,11.4383));
#3990 = DIRECTION('',(0.,0.,1.));
#3991 = DIRECTION('',(0.707106781187,-0.707106781187,0.));
#3992 = PCURVE('',#3154,#3993);
#3993 = DEFINITIONAL_REPRESENTATION('',(#3994),#3998);
#3994 = ELLIPSE('',#3995,0.349517756139,0.342554723826);
#3995 = AXIS2_PLACEMENT_2D('',#3996,#3997);
#3996 = CARTESIAN_POINT('',(2.671904185485,-2.671904185485));
#3997 = DIRECTION('',(0.707106781187,-0.707106781187));
#3998 = ( GEOMETRIC_REPRESENTATION_CONTEXT(2) 
PARAMETRIC_REPRESENTATION_CONTEXT() REPRESENTATION_CONTEXT('2D SPACE',''
  ) );
#3999 = PCURVE('',#3895,#4000);
#4000 = DEFINITIONAL_REPRESENTATION('',(#4001),#4011);
#4001 = B_SPLINE_CURVE_WITH_KNOTS('',8,(#4002,#4003,#4004,#4005,#4006,
    #4007,#4008,#4009,#4010),.UNSPECIFIED.,.F.,.F.,(9,9),(1.762470735518
    ,2.470577175234),.PIECEWISE_BEZIER_KNOTS.);
#4002 = CARTESIAN_POINT('',(-7.261665607317,-0.257471549447));
#4003 = CARTESIAN_POINT('',(-7.350323914308,-0.263497846217));
#4004 = CARTESIAN_POINT('',(-7.439059717655,-0.269405839101));
#4005 = CARTESIAN_POINT('',(-7.527871399281,-0.275123571271));
#4006 = CARTESIAN_POINT('',(-7.616756033163,-0.280581067255));
#4007 = CARTESIAN_POINT('',(-7.705709415179,-0.285712144104));
#4008 = CARTESIAN_POINT('',(-7.794726149664,-0.290456132384));
#4009 = CARTESIAN_POINT('',(-7.883799792579,-0.29475934905));
#4010 = CARTESIAN_POINT('',(-7.972923036486,-0.298576234822));
#4011 = ( GEOMETRIC_REPRESENTATION_CONTEXT(2) 
PARAMETRIC_REPRESENTATION_CONTEXT() REPRESENTATION_CONTEXT('2D SPACE',''
  ) );
#4012 = ORIENTED_EDGE('',*,*,#4013,.T.);
#4013 = EDGE_CURVE('',#3984,#4014,#4016,.T.);
#4014 = VERTEX_POINT('',#4015);
#4015 = CARTESIAN_POINT('',(2.862608936141,2.387035229385,11.4383));
#4016 = SURFACE_CURVE('',#4017,(#4022,#4029),.PCURVE_S1.);
#4017 = CIRCLE('',#4018,3.72726);
#4018 = AXIS2_PLACEMENT_3D('',#4019,#4020,#4021);
#4019 = CARTESIAN_POINT('',(0.,0.,11.4383));
#4020 = DIRECTION('',(0.,0.,1.));
#4021 = DIRECTION('',(-0.918835611443,-0.394640493543,0.));
#4022 = PCURVE('',#3154,#4023);
#4023 = DEFINITIONAL_REPRESENTATION('',(#4024),#4028);
#4024 = CIRCLE('',#4025,3.72726);
#4025 = AXIS2_PLACEMENT_2D('',#4026,#4027);
#4026 = CARTESIAN_POINT('',(2.751565759847E-16,-2.147228670265E-16));
#4027 = DIRECTION('',(-0.918835611443,-0.394640493543));
#4028 = ( GEOMETRIC_REPRESENTATION_CONTEXT(2) 
PARAMETRIC_REPRESENTATION_CONTEXT() REPRESENTATION_CONTEXT('2D SPACE',''
  ) );
#4029 = PCURVE('',#3196,#4030);
#4030 = DEFINITIONAL_REPRESENTATION('',(#4031),#4035);
#4031 = LINE('',#4032,#4033);
#4032 = CARTESIAN_POINT('',(-3.54726920867,-0.32));
#4033 = VECTOR('',#4034,1.);
#4034 = DIRECTION('',(-1.,0.));
#4035 = ( GEOMETRIC_REPRESENTATION_CONTEXT(2) 
PARAMETRIC_REPRESENTATION_CONTEXT() REPRESENTATION_CONTEXT('2D SPACE',''
  ) );
#4036 = ORIENTED_EDGE('',*,*,#4037,.F.);
#4037 = EDGE_CURVE('',#4038,#4014,#4040,.T.);
#4038 = VERTEX_POINT('',#4039);
#4039 = CARTESIAN_POINT('',(2.628951116875,2.327731786201,11.4383));
#4040 = SURFACE_CURVE('',#4041,(#4046,#4053),.PCURVE_S1.);
#4041 = ELLIPSE('',#4042,0.349517756139,0.342554723826);
#4042 = AXIS2_PLACEMENT_3D('',#4043,#4044,#4045);
#4043 = CARTESIAN_POINT('',(2.671904185485,2.671904185485,11.4383));
#4044 = DIRECTION('',(0.,0.,1.));
#4045 = DIRECTION('',(0.707106781187,0.707106781187,-0.));
#4046 = PCURVE('',#3154,#4047);
#4047 = DEFINITIONAL_REPRESENTATION('',(#4048),#4052);
#4048 = ELLIPSE('',#4049,0.349517756139,0.342554723826);
#4049 = AXIS2_PLACEMENT_2D('',#4050,#4051);
#4050 = CARTESIAN_POINT('',(2.671904185485,2.671904185485));
#4051 = DIRECTION('',(0.707106781187,0.707106781187));
#4052 = ( GEOMETRIC_REPRESENTATION_CONTEXT(2) 
PARAMETRIC_REPRESENTATION_CONTEXT() REPRESENTATION_CONTEXT('2D SPACE',''
  ) );
#4053 = PCURVE('',#4054,#4059);
#4054 = CONICAL_SURFACE('',#4055,0.35317,4.337762720666E-02);
#4055 = AXIS2_PLACEMENT_3D('',#4056,#4057,#4058);
#4056 = CARTESIAN_POINT('',(2.704089468342,2.704089468342,11.1983));
#4057 = DIRECTION('',(0.140307871841,0.140307871841,-0.980116014663));
#4058 = DIRECTION('',(0.989908262462,0.,0.141709674718));
#4059 = DEFINITIONAL_REPRESENTATION('',(#4060),#4070);
#4060 = B_SPLINE_CURVE_WITH_KNOTS('',8,(#4061,#4062,#4063,#4064,#4065,
    #4066,#4067,#4068,#4069),.UNSPECIFIED.,.F.,.F.,(9,9),(
    10.095793439125,10.803899878842),.PIECEWISE_BEZIER_KNOTS.);
#4061 = CARTESIAN_POINT('',(-4.59344757786,-0.298576234821));
#4062 = CARTESIAN_POINT('',(-4.682570821768,-0.294759349049));
#4063 = CARTESIAN_POINT('',(-4.771644464683,-0.290456132384));
#4064 = CARTESIAN_POINT('',(-4.860661199168,-0.285712144104));
#4065 = CARTESIAN_POINT('',(-4.949614581185,-0.280581067255));
#4066 = CARTESIAN_POINT('',(-5.038499215067,-0.275123571271));
#4067 = CARTESIAN_POINT('',(-5.127310896694,-0.269405839101));
#4068 = CARTESIAN_POINT('',(-5.216046700041,-0.263497846216));
#4069 = CARTESIAN_POINT('',(-5.304705007033,-0.257471549446));
#4070 = ( GEOMETRIC_REPRESENTATION_CONTEXT(2) 
PARAMETRIC_REPRESENTATION_CONTEXT() REPRESENTATION_CONTEXT('2D SPACE',''
  ) );
#4071 = ORIENTED_EDGE('',*,*,#4072,.F.);
#4072 = EDGE_CURVE('',#4073,#4038,#4075,.T.);
#4073 = VERTEX_POINT('',#4074);
#4074 = CARTESIAN_POINT('',(2.327731786201,2.628951116875,11.4383));
#4075 = SURFACE_CURVE('',#4076,(#4081,#4088),.PCURVE_S1.);
#4076 = ELLIPSE('',#4077,0.221133009849,0.22);
#4077 = AXIS2_PLACEMENT_3D('',#4078,#4079,#4080);
#4078 = CARTESIAN_POINT('',(2.439195680672,2.439195680672,11.4383));
#4079 = DIRECTION('',(0.,0.,1.));
#4080 = DIRECTION('',(-0.707106781187,-0.707106781187,0.));
#4081 = PCURVE('',#3154,#4082);
#4082 = DEFINITIONAL_REPRESENTATION('',(#4083),#4087);
#4083 = ELLIPSE('',#4084,0.221133009849,0.22);
#4084 = AXIS2_PLACEMENT_2D('',#4085,#4086);
#4085 = CARTESIAN_POINT('',(2.439195680672,2.439195680672));
#4086 = DIRECTION('',(-0.707106781187,-0.707106781187));
#4087 = ( GEOMETRIC_REPRESENTATION_CONTEXT(2) 
PARAMETRIC_REPRESENTATION_CONTEXT() REPRESENTATION_CONTEXT('2D SPACE',''
  ) );
#4088 = PCURVE('',#4089,#4094);
#4089 = CYLINDRICAL_SURFACE('',#4090,0.22);
#4090 = AXIS2_PLACEMENT_3D('',#4091,#4092,#4093);
#4091 = CARTESIAN_POINT('',(2.455004033602,2.455004033602,11.2183));
#4092 = DIRECTION('',(-7.148798336662E-02,-7.148798336662E-02,
    0.9948763423));
#4093 = DIRECTION('',(0.997428301453,8.673617379884E-19,
    7.167135732548E-02));
#4094 = DEFINITIONAL_REPRESENTATION('',(#4095),#4110);
#4095 = B_SPLINE_CURVE_WITH_KNOTS('',7,(#4096,#4097,#4098,#4099,#4100,
    #4101,#4102,#4103,#4104,#4105,#4106,#4107,#4108,#4109),
  .UNSPECIFIED.,.F.,.F.,(8,6,8),(2.358762893218,5.500355546808,
    8.641948200398),.UNSPECIFIED.);
#4096 = CARTESIAN_POINT('',(0.,0.205284106883));
#4097 = CARTESIAN_POINT('',(0.448798950513,0.198207580294));
#4098 = CARTESIAN_POINT('',(0.897597901025,0.194861176138));
#4099 = CARTESIAN_POINT('',(1.346396851539,0.197524515794));
#4100 = CARTESIAN_POINT('',(1.795195802051,0.206886163432));
#4101 = CARTESIAN_POINT('',(2.243994752564,0.219109042885));
#4102 = CARTESIAN_POINT('',(2.692793703077,0.229905386225));
#4103 = CARTESIAN_POINT('',(3.590391604103,0.244058439403));
#4104 = CARTESIAN_POINT('',(4.039190554615,0.247404843559));
#4105 = CARTESIAN_POINT('',(4.487989505129,0.244741503904));
#4106 = CARTESIAN_POINT('',(4.93678845564,0.235379856265));
#4107 = CARTESIAN_POINT('',(5.385587406154,0.223156976812));
#4108 = CARTESIAN_POINT('',(5.834386356667,0.212360633472));
#4109 = CARTESIAN_POINT('',(6.28318530718,0.205284106883));
#4110 = ( GEOMETRIC_REPRESENTATION_CONTEXT(2) 
PARAMETRIC_REPRESENTATION_CONTEXT() REPRESENTATION_CONTEXT('2D SPACE',''
  ) );
#4111 = ORIENTED_EDGE('',*,*,#4112,.F.);
#4112 = EDGE_CURVE('',#4113,#4073,#4115,.T.);
#4113 = VERTEX_POINT('',#4114);
#4114 = CARTESIAN_POINT('',(2.387035229385,2.862608936141,11.4383));
#4115 = SURFACE_CURVE('',#4116,(#4121,#4128),.PCURVE_S1.);
#4116 = ELLIPSE('',#4117,0.349517756139,0.342554723826);
#4117 = AXIS2_PLACEMENT_3D('',#4118,#4119,#4120);
#4118 = CARTESIAN_POINT('',(2.671904185485,2.671904185485,11.4383));
#4119 = DIRECTION('',(0.,0.,1.));
#4120 = DIRECTION('',(0.707106781187,0.707106781187,-0.));
#4121 = PCURVE('',#3154,#4122);
#4122 = DEFINITIONAL_REPRESENTATION('',(#4123),#4127);
#4123 = ELLIPSE('',#4124,0.349517756139,0.342554723826);
#4124 = AXIS2_PLACEMENT_2D('',#4125,#4126);
#4125 = CARTESIAN_POINT('',(2.671904185485,2.671904185485));
#4126 = DIRECTION('',(0.707106781187,0.707106781187));
#4127 = ( GEOMETRIC_REPRESENTATION_CONTEXT(2) 
PARAMETRIC_REPRESENTATION_CONTEXT() REPRESENTATION_CONTEXT('2D SPACE',''
  ) );
#4128 = PCURVE('',#4054,#4129);
#4129 = DEFINITIONAL_REPRESENTATION('',(#4130),#4147);
#4130 = B_SPLINE_CURVE_WITH_KNOTS('',8,(#4131,#4132,#4133,#4134,#4135,
    #4136,#4137,#4138,#4139,#4140,#4141,#4142,#4143,#4144,#4145,#4146),
  .UNSPECIFIED.,.F.,.F.,(9,7,9),(8.045656042697,8.643250939363,
    8.753762482414),.UNSPECIFIED.);
#4131 = CARTESIAN_POINT('',(-8.812378943878,-0.257471594083));
#4132 = CARTESIAN_POINT('',(-8.887200675648,-0.262557346533));
#4133 = CARTESIAN_POINT('',(-8.962077603868,-0.267558827756));
#4134 = CARTESIAN_POINT('',(-9.037008756485,-0.272432796849));
#4135 = CARTESIAN_POINT('',(-9.111992497104,-0.277137023875));
#4136 = CARTESIAN_POINT('',(-9.187026537145,-0.281631063672));
#4137 = CARTESIAN_POINT('',(-9.262107969292,-0.285876992992));
#4138 = CARTESIAN_POINT('',(-9.337233324485,-0.289840051173));
#4139 = CARTESIAN_POINT('',(-9.426298766673,-0.294163915888));
#4140 = CARTESIAN_POINT('',(-9.440200246651,-0.294827987485));
#4141 = CARTESIAN_POINT('',(-9.454103068557,-0.29548112545));
#4142 = CARTESIAN_POINT('',(-9.468007206676,-0.296123138346));
#4143 = CARTESIAN_POINT('',(-9.481912634745,-0.296753839152));
#4144 = CARTESIAN_POINT('',(-9.495819325972,-0.297373045384));
#4145 = CARTESIAN_POINT('',(-9.50972725305,-0.297980579219));
#4146 = CARTESIAN_POINT('',(-9.523636388167,-0.298576267607));
#4147 = ( GEOMETRIC_REPRESENTATION_CONTEXT(2) 
PARAMETRIC_REPRESENTATION_CONTEXT() REPRESENTATION_CONTEXT('2D SPACE',''
  ) );
#4148 = ORIENTED_EDGE('',*,*,#4149,.T.);
#4149 = EDGE_CURVE('',#4113,#4150,#4152,.T.);
#4150 = VERTEX_POINT('',#4151);
#4151 = CARTESIAN_POINT('',(-2.387035229385,2.862608936141,11.4383));
#4152 = SURFACE_CURVE('',#4153,(#4158,#4165),.PCURVE_S1.);
#4153 = CIRCLE('',#4154,3.72726);
#4154 = AXIS2_PLACEMENT_3D('',#4155,#4156,#4157);
#4155 = CARTESIAN_POINT('',(0.,0.,11.4383));
#4156 = DIRECTION('',(0.,0.,1.));
#4157 = DIRECTION('',(-0.918835611443,-0.394640493543,0.));
#4158 = PCURVE('',#3154,#4159);
#4159 = DEFINITIONAL_REPRESENTATION('',(#4160),#4164);
#4160 = CIRCLE('',#4161,3.72726);
#4161 = AXIS2_PLACEMENT_2D('',#4162,#4163);
#4162 = CARTESIAN_POINT('',(2.751565759847E-16,-2.147228670265E-16));
#4163 = DIRECTION('',(-0.918835611443,-0.394640493543));
#4164 = ( GEOMETRIC_REPRESENTATION_CONTEXT(2) 
PARAMETRIC_REPRESENTATION_CONTEXT() REPRESENTATION_CONTEXT('2D SPACE',''
  ) );
#4165 = PCURVE('',#3196,#4166);
#4166 = DEFINITIONAL_REPRESENTATION('',(#4167),#4171);
#4167 = LINE('',#4168,#4169);
#4168 = CARTESIAN_POINT('',(-3.54726920867,-0.32));
#4169 = VECTOR('',#4170,1.);
#4170 = DIRECTION('',(-1.,0.));
#4171 = ( GEOMETRIC_REPRESENTATION_CONTEXT(2) 
PARAMETRIC_REPRESENTATION_CONTEXT() REPRESENTATION_CONTEXT('2D SPACE',''
  ) );
#4172 = ORIENTED_EDGE('',*,*,#4173,.F.);
#4173 = EDGE_CURVE('',#4174,#4150,#4176,.T.);
#4174 = VERTEX_POINT('',#4175);
#4175 = CARTESIAN_POINT('',(-2.325856896558,2.66282684237,11.4383));
#4176 = SURFACE_CURVE('',#4177,(#4182,#4189),.PCURVE_S1.);
#4177 = ELLIPSE('',#4178,0.349517756139,0.342554723826);
#4178 = AXIS2_PLACEMENT_3D('',#4179,#4180,#4181);
#4179 = CARTESIAN_POINT('',(-2.671904185485,2.671904185485,11.4383));
#4180 = DIRECTION('',(0.,0.,1.));
#4181 = DIRECTION('',(-0.707106781187,0.707106781187,0.));
#4182 = PCURVE('',#3154,#4183);
#4183 = DEFINITIONAL_REPRESENTATION('',(#4184),#4188);
#4184 = ELLIPSE('',#4185,0.349517756139,0.342554723826);
#4185 = AXIS2_PLACEMENT_2D('',#4186,#4187);
#4186 = CARTESIAN_POINT('',(-2.671904185485,2.671904185485));
#4187 = DIRECTION('',(-0.707106781187,0.707106781187));
#4188 = ( GEOMETRIC_REPRESENTATION_CONTEXT(2) 
PARAMETRIC_REPRESENTATION_CONTEXT() REPRESENTATION_CONTEXT('2D SPACE',''
  ) );
#4189 = PCURVE('',#4190,#4195);
#4190 = CONICAL_SURFACE('',#4191,0.35317,4.337762720666E-02);
#4191 = AXIS2_PLACEMENT_3D('',#4192,#4193,#4194);
#4192 = CARTESIAN_POINT('',(-2.704089468342,2.704089468342,11.1983));
#4193 = DIRECTION('',(-0.140307871841,0.140307871841,-0.980116014663));
#4194 = DIRECTION('',(0.989908262462,0.,-0.141709674718));
#4195 = DEFINITIONAL_REPRESENTATION('',(#4196),#4206);
#4196 = B_SPLINE_CURVE_WITH_KNOTS('',8,(#4197,#4198,#4199,#4200,#4201,
    #4202,#4203,#4204,#4205),.UNSPECIFIED.,.F.,.F.,(9,9),(3.910817579565
    ,4.520714571662),.PIECEWISE_BEZIER_KNOTS.);
#4197 = CARTESIAN_POINT('',(-6.28318530718,-0.294086321964));
#4198 = CARTESIAN_POINT('',(-6.359903832531,-0.290408599159));
#4199 = CARTESIAN_POINT('',(-6.436581233894,-0.286399844617));
#4200 = CARTESIAN_POINT('',(-6.513213259892,-0.28209274229));
#4201 = CARTESIAN_POINT('',(-6.589796173245,-0.277523961314));
#4202 = CARTESIAN_POINT('',(-6.66632684268,-0.272733648137));
#4203 = CARTESIAN_POINT('',(-6.742802806872,-0.267764719577));
#4204 = CARTESIAN_POINT('',(-6.819222311842,-0.262662046449));
#4205 = CARTESIAN_POINT('',(-6.895584324361,-0.257471596308));
#4206 = ( GEOMETRIC_REPRESENTATION_CONTEXT(2) 
PARAMETRIC_REPRESENTATION_CONTEXT() REPRESENTATION_CONTEXT('2D SPACE',''
  ) );
#4207 = ORIENTED_EDGE('',*,*,#4208,.F.);
#4208 = EDGE_CURVE('',#4209,#4174,#4211,.T.);
#4209 = VERTEX_POINT('',#4210);
#4210 = CARTESIAN_POINT('',(-2.327731786201,2.628951116875,11.4383));
#4211 = SURFACE_CURVE('',#4212,(#4217,#4224),.PCURVE_S1.);
#4212 = ELLIPSE('',#4213,0.349517756139,0.342554723826);
#4213 = AXIS2_PLACEMENT_3D('',#4214,#4215,#4216);
#4214 = CARTESIAN_POINT('',(-2.671904185485,2.671904185485,11.4383));
#4215 = DIRECTION('',(0.,0.,1.));
#4216 = DIRECTION('',(-0.707106781187,0.707106781187,0.));
#4217 = PCURVE('',#3154,#4218);
#4218 = DEFINITIONAL_REPRESENTATION('',(#4219),#4223);
#4219 = ELLIPSE('',#4220,0.349517756139,0.342554723826);
#4220 = AXIS2_PLACEMENT_2D('',#4221,#4222);
#4221 = CARTESIAN_POINT('',(-2.671904185485,2.671904185485));
#4222 = DIRECTION('',(-0.707106781187,0.707106781187));
#4223 = ( GEOMETRIC_REPRESENTATION_CONTEXT(2) 
PARAMETRIC_REPRESENTATION_CONTEXT() REPRESENTATION_CONTEXT('2D SPACE',''
  ) );
#4224 = PCURVE('',#4190,#4225);
#4225 = DEFINITIONAL_REPRESENTATION('',(#4226),#4236);
#4226 = B_SPLINE_CURVE_WITH_KNOTS('',8,(#4227,#4228,#4229,#4230,#4231,
    #4232,#4233,#4234,#4235),.UNSPECIFIED.,.F.,.F.,(9,9),(
    10.095793439125,10.194002886745),.PIECEWISE_BEZIER_KNOTS.);
#4227 = CARTESIAN_POINT('',(-6.184326880432,-0.298576270669));
#4228 = CARTESIAN_POINT('',(-6.19668765688,-0.298046894233));
#4229 = CARTESIAN_POINT('',(-6.20904747926,-0.297508162728));
#4230 = CARTESIAN_POINT('',(-6.221406328048,-0.296960197585));
#4231 = CARTESIAN_POINT('',(-6.233764184035,-0.29640312321));
#4232 = CARTESIAN_POINT('',(-6.246121028332,-0.295837066919));
#4233 = CARTESIAN_POINT('',(-6.258476842381,-0.295262158873));
#4234 = CARTESIAN_POINT('',(-6.270831607957,-0.294678532009));
#4235 = CARTESIAN_POINT('',(-6.28318530718,-0.294086321964));
#4236 = ( GEOMETRIC_REPRESENTATION_CONTEXT(2) 
PARAMETRIC_REPRESENTATION_CONTEXT() REPRESENTATION_CONTEXT('2D SPACE',''
  ) );
#4237 = ORIENTED_EDGE('',*,*,#4238,.F.);
#4238 = EDGE_CURVE('',#4239,#4209,#4241,.T.);
#4239 = VERTEX_POINT('',#4240);
#4240 = CARTESIAN_POINT('',(-2.218628448241,2.43806267456,11.4383));
#4241 = SURFACE_CURVE('',#4242,(#4247,#4254),.PCURVE_S1.);
#4242 = ELLIPSE('',#4243,0.221133009849,0.22);
#4243 = AXIS2_PLACEMENT_3D('',#4244,#4245,#4246);
#4244 = CARTESIAN_POINT('',(-2.439195680672,2.439195680672,11.4383));
#4245 = DIRECTION('',(0.,0.,1.));
#4246 = DIRECTION('',(0.707106781187,-0.707106781187,0.));
#4247 = PCURVE('',#3154,#4248);
#4248 = DEFINITIONAL_REPRESENTATION('',(#4249),#4253);
#4249 = ELLIPSE('',#4250,0.221133009849,0.22);
#4250 = AXIS2_PLACEMENT_2D('',#4251,#4252);
#4251 = CARTESIAN_POINT('',(-2.439195680672,2.439195680672));
#4252 = DIRECTION('',(0.707106781187,-0.707106781187));
#4253 = ( GEOMETRIC_REPRESENTATION_CONTEXT(2) 
PARAMETRIC_REPRESENTATION_CONTEXT() REPRESENTATION_CONTEXT('2D SPACE',''
  ) );
#4254 = PCURVE('',#4255,#4260);
#4255 = CYLINDRICAL_SURFACE('',#4256,0.22);
#4256 = AXIS2_PLACEMENT_3D('',#4257,#4258,#4259);
#4257 = CARTESIAN_POINT('',(-2.455004033602,2.455004033602,11.2183));
#4258 = DIRECTION('',(7.148798336662E-02,-7.148798336662E-02,
    0.9948763423));
#4259 = DIRECTION('',(0.997428301453,-8.673617379884E-19,
    -7.167135732548E-02));
#4260 = DEFINITIONAL_REPRESENTATION('',(#4261),#4270);
#4261 = B_SPLINE_CURVE_WITH_KNOTS('',7,(#4262,#4263,#4264,#4265,#4266,
    #4267,#4268,#4269),.UNSPECIFIED.,.F.,.F.,(8,8),(0.782829760372,
    1.823837288124),.PIECEWISE_BEZIER_KNOTS.);
#4262 = CARTESIAN_POINT('',(6.28318530718,0.236981912814));
#4263 = CARTESIAN_POINT('',(6.431900668287,0.234637013821));
#4264 = CARTESIAN_POINT('',(6.580616029395,0.231883673631));
#4265 = CARTESIAN_POINT('',(6.729331390502,0.228805331264));
#4266 = CARTESIAN_POINT('',(6.87804675161,0.225509471986));
#4267 = CARTESIAN_POINT('',(7.026762112717,0.222117858743));
#4268 = CARTESIAN_POINT('',(7.175477473825,0.218754606106));
#4269 = CARTESIAN_POINT('',(7.324192834932,0.215535886428));
#4270 = ( GEOMETRIC_REPRESENTATION_CONTEXT(2) 
PARAMETRIC_REPRESENTATION_CONTEXT() REPRESENTATION_CONTEXT('2D SPACE',''
  ) );
#4271 = ORIENTED_EDGE('',*,*,#4272,.F.);
#4272 = EDGE_CURVE('',#4273,#4239,#4275,.T.);
#4273 = VERTEX_POINT('',#4274);
#4274 = CARTESIAN_POINT('',(-2.628951116875,2.327731786201,11.4383));
#4275 = SURFACE_CURVE('',#4276,(#4281,#4288),.PCURVE_S1.);
#4276 = ELLIPSE('',#4277,0.221133009849,0.22);
#4277 = AXIS2_PLACEMENT_3D('',#4278,#4279,#4280);
#4278 = CARTESIAN_POINT('',(-2.439195680672,2.439195680672,11.4383));
#4279 = DIRECTION('',(0.,0.,1.));
#4280 = DIRECTION('',(0.707106781187,-0.707106781187,0.));
#4281 = PCURVE('',#3154,#4282);
#4282 = DEFINITIONAL_REPRESENTATION('',(#4283),#4287);
#4283 = ELLIPSE('',#4284,0.221133009849,0.22);
#4284 = AXIS2_PLACEMENT_2D('',#4285,#4286);
#4285 = CARTESIAN_POINT('',(-2.439195680672,2.439195680672));
#4286 = DIRECTION('',(0.707106781187,-0.707106781187));
#4287 = ( GEOMETRIC_REPRESENTATION_CONTEXT(2) 
PARAMETRIC_REPRESENTATION_CONTEXT() REPRESENTATION_CONTEXT('2D SPACE',''
  ) );
#4288 = PCURVE('',#4255,#4289);
#4289 = DEFINITIONAL_REPRESENTATION('',(#4290),#4299);
#4290 = B_SPLINE_CURVE_WITH_KNOTS('',7,(#4291,#4292,#4293,#4294,#4295,
    #4296,#4297,#4298),.UNSPECIFIED.,.F.,.F.,(8,8),(4.459348019055,
    7.066015067551),.PIECEWISE_BEZIER_KNOTS.);
#4291 = CARTESIAN_POINT('',(3.676518258684,0.215536118304));
#4292 = CARTESIAN_POINT('',(4.048899265611,0.223596583693));
#4293 = CARTESIAN_POINT('',(4.421280272539,0.2325626872));
#4294 = CARTESIAN_POINT('',(4.793661279467,0.240605692515));
#4295 = CARTESIAN_POINT('',(5.166042286396,0.245590520795));
#4296 = CARTESIAN_POINT('',(5.538423293323,0.246157099062));
#4297 = CARTESIAN_POINT('',(5.910804300252,0.2428535043));
#4298 = CARTESIAN_POINT('',(6.28318530718,0.236981912814));
#4299 = ( GEOMETRIC_REPRESENTATION_CONTEXT(2) 
PARAMETRIC_REPRESENTATION_CONTEXT() REPRESENTATION_CONTEXT('2D SPACE',''
  ) );
#4300 = ORIENTED_EDGE('',*,*,#4301,.F.);
#4301 = EDGE_CURVE('',#4302,#4273,#4304,.T.);
#4302 = VERTEX_POINT('',#4303);
#4303 = CARTESIAN_POINT('',(-2.862608936141,2.387035229385,11.4383));
#4304 = SURFACE_CURVE('',#4305,(#4310,#4317),.PCURVE_S1.);
#4305 = ELLIPSE('',#4306,0.349517756139,0.342554723826);
#4306 = AXIS2_PLACEMENT_3D('',#4307,#4308,#4309);
#4307 = CARTESIAN_POINT('',(-2.671904185485,2.671904185485,11.4383));
#4308 = DIRECTION('',(0.,0.,1.));
#4309 = DIRECTION('',(-0.707106781187,0.707106781187,0.));
#4310 = PCURVE('',#3154,#4311);
#4311 = DEFINITIONAL_REPRESENTATION('',(#4312),#4316);
#4312 = ELLIPSE('',#4313,0.349517756139,0.342554723826);
#4313 = AXIS2_PLACEMENT_2D('',#4314,#4315);
#4314 = CARTESIAN_POINT('',(-2.671904185485,2.671904185485));
#4315 = DIRECTION('',(-0.707106781187,0.707106781187));
#4316 = ( GEOMETRIC_REPRESENTATION_CONTEXT(2) 
PARAMETRIC_REPRESENTATION_CONTEXT() REPRESENTATION_CONTEXT('2D SPACE',''
  ) );
#4317 = PCURVE('',#4190,#4318);
#4318 = DEFINITIONAL_REPRESENTATION('',(#4319),#4329);
#4319 = B_SPLINE_CURVE_WITH_KNOTS('',8,(#4320,#4321,#4322,#4323,#4324,
    #4325,#4326,#4327,#4328),.UNSPECIFIED.,.F.,.F.,(9,9),(8.045656042697
    ,8.753762482414),.PIECEWISE_BEZIER_KNOTS.);
#4320 = CARTESIAN_POINT('',(-10.40325826131,-0.257471555051));
#4321 = CARTESIAN_POINT('',(-10.49191656813,-0.263497851465));
#4322 = CARTESIAN_POINT('',(-10.5806523712,-0.269405842654));
#4323 = CARTESIAN_POINT('',(-10.6694640525,-0.275123572024));
#4324 = CARTESIAN_POINT('',(-10.75834868609,-0.280581064873));
#4325 = CARTESIAN_POINT('',(-10.84730206796,-0.285712139242));
#4326 = CARTESIAN_POINT('',(-10.93631880247,-0.290456126305));
#4327 = CARTESIAN_POINT('',(-11.02539244555,-0.294759343088));
#4328 = CARTESIAN_POINT('',(-11.11451568971,-0.298576229993));
#4329 = ( GEOMETRIC_REPRESENTATION_CONTEXT(2) 
PARAMETRIC_REPRESENTATION_CONTEXT() REPRESENTATION_CONTEXT('2D SPACE',''
  ) );
#4330 = ORIENTED_EDGE('',*,*,#4331,.T.);
#4331 = EDGE_CURVE('',#4302,#3134,#4332,.T.);
#4332 = SURFACE_CURVE('',#4333,(#4338,#4345),.PCURVE_S1.);
#4333 = CIRCLE('',#4334,3.72726);
#4334 = AXIS2_PLACEMENT_3D('',#4335,#4336,#4337);
#4335 = CARTESIAN_POINT('',(0.,0.,11.4383));
#4336 = DIRECTION('',(0.,0.,1.));
#4337 = DIRECTION('',(-0.918835611443,-0.394640493543,0.));
#4338 = PCURVE('',#3154,#4339);
#4339 = DEFINITIONAL_REPRESENTATION('',(#4340),#4344);
#4340 = CIRCLE('',#4341,3.72726);
#4341 = AXIS2_PLACEMENT_2D('',#4342,#4343);
#4342 = CARTESIAN_POINT('',(2.751565759847E-16,-2.147228670265E-16));
#4343 = DIRECTION('',(-0.918835611443,-0.394640493543));
#4344 = ( GEOMETRIC_REPRESENTATION_CONTEXT(2) 
PARAMETRIC_REPRESENTATION_CONTEXT() REPRESENTATION_CONTEXT('2D SPACE',''
  ) );
#4345 = PCURVE('',#3196,#4346);
#4346 = DEFINITIONAL_REPRESENTATION('',(#4347),#4351);
#4347 = LINE('',#4348,#4349);
#4348 = CARTESIAN_POINT('',(-3.54726920867,-0.32));
#4349 = VECTOR('',#4350,1.);
#4350 = DIRECTION('',(-1.,0.));
#4351 = ( GEOMETRIC_REPRESENTATION_CONTEXT(2) 
PARAMETRIC_REPRESENTATION_CONTEXT() REPRESENTATION_CONTEXT('2D SPACE',''
  ) );
#4352 = ORIENTED_EDGE('',*,*,#3133,.F.);
#4353 = ORIENTED_EDGE('',*,*,#3649,.T.);
#4354 = ORIENTED_EDGE('',*,*,#4355,.F.);
#4355 = EDGE_CURVE('',#4356,#3587,#4358,.T.);
#4356 = VERTEX_POINT('',#4357);
#4357 = CARTESIAN_POINT('',(-3.063792612571,-1.21,11.4383));
#4358 = SURFACE_CURVE('',#4359,(#4364,#4371),.PCURVE_S1.);
#4359 = CIRCLE('',#4360,0.229587387429);
#4360 = AXIS2_PLACEMENT_3D('',#4361,#4362,#4363);
#4361 = CARTESIAN_POINT('',(-3.29338,-1.21,11.4383));
#4362 = DIRECTION('',(0.,0.,1.));
#4363 = DIRECTION('',(1.,0.,-0.));
#4364 = PCURVE('',#3154,#4365);
#4365 = DEFINITIONAL_REPRESENTATION('',(#4366),#4370);
#4366 = CIRCLE('',#4367,0.229587387429);
#4367 = AXIS2_PLACEMENT_2D('',#4368,#4369);
#4368 = CARTESIAN_POINT('',(-3.29338,-1.21));
#4369 = DIRECTION('',(1.,0.));
#4370 = ( GEOMETRIC_REPRESENTATION_CONTEXT(2) 
PARAMETRIC_REPRESENTATION_CONTEXT() REPRESENTATION_CONTEXT('2D SPACE',''
  ) );
#4371 = PCURVE('',#3603,#4372);
#4372 = DEFINITIONAL_REPRESENTATION('',(#4373),#4377);
#4373 = LINE('',#4374,#4375);
#4374 = CARTESIAN_POINT('',(0.,0.295941362712));
#4375 = VECTOR('',#4376,1.);
#4376 = DIRECTION('',(1.,0.));
#4377 = ( GEOMETRIC_REPRESENTATION_CONTEXT(2) 
PARAMETRIC_REPRESENTATION_CONTEXT() REPRESENTATION_CONTEXT('2D SPACE',''
  ) );
#4378 = ORIENTED_EDGE('',*,*,#4379,.F.);
#4379 = EDGE_CURVE('',#3566,#4356,#4380,.T.);
#4380 = SURFACE_CURVE('',#4381,(#4386,#4393),.PCURVE_S1.);
#4381 = CIRCLE('',#4382,0.229587387429);
#4382 = AXIS2_PLACEMENT_3D('',#4383,#4384,#4385);
#4383 = CARTESIAN_POINT('',(-3.29338,-1.21,11.4383));
#4384 = DIRECTION('',(0.,0.,1.));
#4385 = DIRECTION('',(1.,0.,-0.));
#4386 = PCURVE('',#3154,#4387);
#4387 = DEFINITIONAL_REPRESENTATION('',(#4388),#4392);
#4388 = CIRCLE('',#4389,0.229587387429);
#4389 = AXIS2_PLACEMENT_2D('',#4390,#4391);
#4390 = CARTESIAN_POINT('',(-3.29338,-1.21));
#4391 = DIRECTION('',(1.,0.));
#4392 = ( GEOMETRIC_REPRESENTATION_CONTEXT(2) 
PARAMETRIC_REPRESENTATION_CONTEXT() REPRESENTATION_CONTEXT('2D SPACE',''
  ) );
#4393 = PCURVE('',#3603,#4394);
#4394 = DEFINITIONAL_REPRESENTATION('',(#4395),#4399);
#4395 = LINE('',#4396,#4397);
#4396 = CARTESIAN_POINT('',(0.,0.295941362712));
#4397 = VECTOR('',#4398,1.);
#4398 = DIRECTION('',(1.,0.));
#4399 = ( GEOMETRIC_REPRESENTATION_CONTEXT(2) 
PARAMETRIC_REPRESENTATION_CONTEXT() REPRESENTATION_CONTEXT('2D SPACE',''
  ) );
#4400 = ORIENTED_EDGE('',*,*,#3565,.T.);
#4401 = FACE_BOUND('',#4402,.T.);
#4402 = EDGE_LOOP('',(#4403));
#4403 = ORIENTED_EDGE('',*,*,#4404,.F.);
#4404 = EDGE_CURVE('',#4405,#4405,#4407,.T.);
#4405 = VERTEX_POINT('',#4406);
#4406 = CARTESIAN_POINT('',(2.9519,2.978657310263E-16,11.4383));
#4407 = SURFACE_CURVE('',#4408,(#4413,#4420),.PCURVE_S1.);
#4408 = CIRCLE('',#4409,2.9519);
#4409 = AXIS2_PLACEMENT_3D('',#4410,#4411,#4412);
#4410 = CARTESIAN_POINT('',(1.769322442296E-14,2.978657310263E-16,
    11.4383));
#4411 = DIRECTION('',(0.,0.,1.));
#4412 = DIRECTION('',(1.,0.,0.));
#4413 = PCURVE('',#3154,#4414);
#4414 = DEFINITIONAL_REPRESENTATION('',(#4415),#4419);
#4415 = CIRCLE('',#4416,2.9519);
#4416 = AXIS2_PLACEMENT_2D('',#4417,#4418);
#4417 = CARTESIAN_POINT('',(1.796838099895E-14,8.314286399978E-17));
#4418 = DIRECTION('',(1.,0.));
#4419 = ( GEOMETRIC_REPRESENTATION_CONTEXT(2) 
PARAMETRIC_REPRESENTATION_CONTEXT() REPRESENTATION_CONTEXT('2D SPACE',''
  ) );
#4420 = PCURVE('',#4421,#4426);
#4421 = CYLINDRICAL_SURFACE('',#4422,2.9519);
#4422 = AXIS2_PLACEMENT_3D('',#4423,#4424,#4425);
#4423 = CARTESIAN_POINT('',(1.769322442296E-14,2.978657310263E-16,
    11.1183));
#4424 = DIRECTION('',(-0.,-0.,-1.));
#4425 = DIRECTION('',(1.,0.,0.));
#4426 = DEFINITIONAL_REPRESENTATION('',(#4427),#4431);
#4427 = LINE('',#4428,#4429);
#4428 = CARTESIAN_POINT('',(-0.,-0.32));
#4429 = VECTOR('',#4430,1.);
#4430 = DIRECTION('',(-1.,0.));
#4431 = ( GEOMETRIC_REPRESENTATION_CONTEXT(2) 
PARAMETRIC_REPRESENTATION_CONTEXT() REPRESENTATION_CONTEXT('2D SPACE',''
  ) );
#4432 = ADVANCED_FACE('',(#4433),#3196,.T.);
#4433 = FACE_BOUND('',#4434,.F.);
#4434 = EDGE_LOOP('',(#4435,#4436,#4437,#4466,#4498,#4525,#4526,#4555,
    #4587,#4614,#4615,#4644,#4676,#4703,#4704,#4733,#4765,#4792,#4793,
    #4794));
#4435 = ORIENTED_EDGE('',*,*,#3257,.F.);
#4436 = ORIENTED_EDGE('',*,*,#3672,.T.);
#4437 = ORIENTED_EDGE('',*,*,#4438,.F.);
#4438 = EDGE_CURVE('',#4439,#3673,#4441,.T.);
#4439 = VERTEX_POINT('',#4440);
#4440 = CARTESIAN_POINT('',(-2.861271524933,-2.388638182775,
    11.175643071266));
#4441 = SURFACE_CURVE('',#4442,(#4448,#4457),.PCURVE_S1.);
#4442 = B_SPLINE_CURVE_WITH_KNOTS('',4,(#4443,#4444,#4445,#4446,#4447),
  .UNSPECIFIED.,.F.,.F.,(5,5),(0.,1.),.PIECEWISE_BEZIER_KNOTS.);
#4443 = CARTESIAN_POINT('',(-2.861271524933,-2.388638182775,
    11.175643071265));
#4444 = CARTESIAN_POINT('',(-2.862208912788,-2.387515316534,
    11.241408257194));
#4445 = CARTESIAN_POINT('',(-2.862743433683,-2.386873837614,
    11.307125238943));
#4446 = CARTESIAN_POINT('',(-2.862879604807,-2.386710634872,
    11.3727667301));
#4447 = CARTESIAN_POINT('',(-2.862608933663,-2.387035232357,11.4383006)
  );
#4448 = PCURVE('',#3196,#4449);
#4449 = DEFINITIONAL_REPRESENTATION('',(#4450),#4456);
#4450 = B_SPLINE_CURVE_WITH_KNOTS('',4,(#4451,#4452,#4453,#4454,#4455),
  .UNSPECIFIED.,.F.,.F.,(5,5),(0.,1.),.PIECEWISE_BEZIER_KNOTS.);
#4451 = CARTESIAN_POINT('',(-3.83720591254,-5.73430712655E-02));
#4452 = CARTESIAN_POINT('',(-3.836813476439,-0.123108257194));
#4453 = CARTESIAN_POINT('',(-3.836589454112,-0.188825238943));
#4454 = CARTESIAN_POINT('',(-3.836532428162,-0.2544667301));
#4455 = CARTESIAN_POINT('',(-3.836645820348,-0.3200006));
#4456 = ( GEOMETRIC_REPRESENTATION_CONTEXT(2) 
PARAMETRIC_REPRESENTATION_CONTEXT() REPRESENTATION_CONTEXT('2D SPACE',''
  ) );
#4457 = PCURVE('',#3713,#4458);
#4458 = DEFINITIONAL_REPRESENTATION('',(#4459),#4465);
#4459 = B_SPLINE_CURVE_WITH_KNOTS('',4,(#4460,#4461,#4462,#4463,#4464),
  .UNSPECIFIED.,.F.,.F.,(5,5),(0.,0.999997711107),
  .PIECEWISE_BEZIER_KNOTS.);
#4460 = CARTESIAN_POINT('',(-2.016926899043,4.091405537992E-14));
#4461 = CARTESIAN_POINT('',(-2.05288114527,-6.448338841778E-02));
#4462 = CARTESIAN_POINT('',(-2.089143401627,-0.128908514388));
#4463 = CARTESIAN_POINT('',(-2.12584141651,-0.19324843697));
#4464 = CARTESIAN_POINT('',(-2.163112352755,-0.257471519873));
#4465 = ( GEOMETRIC_REPRESENTATION_CONTEXT(2) 
PARAMETRIC_REPRESENTATION_CONTEXT() REPRESENTATION_CONTEXT('2D SPACE',''
  ) );
#4466 = ORIENTED_EDGE('',*,*,#4467,.T.);
#4467 = EDGE_CURVE('',#4439,#4468,#4470,.T.);
#4468 = VERTEX_POINT('',#4469);
#4469 = CARTESIAN_POINT('',(-2.388638182775,-2.861271524933,
    11.175643071266));
#4470 = SURFACE_CURVE('',#4471,(#4476,#4486),.PCURVE_S1.);
#4471 = ELLIPSE('',#4472,3.80287633733,3.72726);
#4472 = AXIS2_PLACEMENT_3D('',#4473,#4474,#4475);
#4473 = CARTESIAN_POINT('',(0.,0.,10.424095655015));
#4474 = DIRECTION('',(0.140307871841,0.140307871841,0.980116014663));
#4475 = DIRECTION('',(0.693046680318,0.693046680318,-0.198425295265));
#4476 = PCURVE('',#3196,#4477);
#4477 = DEFINITIONAL_REPRESENTATION('',(#4478),#4485);
#4478 = B_SPLINE_CURVE_WITH_KNOTS('',5,(#4479,#4480,#4481,#4482,#4483,
    #4484),.UNSPECIFIED.,.F.,.F.,(6,6),(3.01593364165,3.268890782228),
  .PIECEWISE_BEZIER_KNOTS.);
#4479 = CARTESIAN_POINT('',(-3.801331805047,-5.4432816276E-02));
#4480 = CARTESIAN_POINT('',(-3.851923233163,-5.921731324625E-02));
#4481 = CARTESIAN_POINT('',(-3.902514661279,-6.160665213017E-02));
#4482 = CARTESIAN_POINT('',(-3.953106089394,-6.15752812308E-02));
#4483 = CARTESIAN_POINT('',(-4.00369751751,-5.912336871301E-02));
#4484 = CARTESIAN_POINT('',(-4.054288945626,-5.42767972706E-02));
#4485 = ( GEOMETRIC_REPRESENTATION_CONTEXT(2) 
PARAMETRIC_REPRESENTATION_CONTEXT() REPRESENTATION_CONTEXT('2D SPACE',''
  ) );
#4486 = PCURVE('',#4487,#4492);
#4487 = PLANE('',#4488);
#4488 = AXIS2_PLACEMENT_3D('',#4489,#4490,#4491);
#4489 = CARTESIAN_POINT('',(-2.704089468342,-2.704089468342,11.1983));
#4490 = DIRECTION('',(0.140307871841,0.140307871841,0.980116014663));
#4491 = DIRECTION('',(0.989908262462,0.,-0.141709674718));
#4492 = DEFINITIONAL_REPRESENTATION('',(#4493),#4497);
#4493 = ELLIPSE('',#4494,3.80287633733,3.72726);
#4494 = AXIS2_PLACEMENT_2D('',#4495,#4496);
#4495 = CARTESIAN_POINT('',(2.786512753043,2.73110577432));
#4496 = DIRECTION('',(0.714171419167,0.69997084514));
#4497 = ( GEOMETRIC_REPRESENTATION_CONTEXT(2) 
PARAMETRIC_REPRESENTATION_CONTEXT() REPRESENTATION_CONTEXT('2D SPACE',''
  ) );
#4498 = ORIENTED_EDGE('',*,*,#4499,.F.);
#4499 = EDGE_CURVE('',#3825,#4468,#4500,.T.);
#4500 = SURFACE_CURVE('',#4501,(#4507,#4516),.PCURVE_S1.);
#4501 = B_SPLINE_CURVE_WITH_KNOTS('',4,(#4502,#4503,#4504,#4505,#4506),
  .UNSPECIFIED.,.F.,.F.,(5,5),(0.,1.),.PIECEWISE_BEZIER_KNOTS.);
#4502 = CARTESIAN_POINT('',(-2.387035232357,-2.862608933663,
    11.438300600002));
#4503 = CARTESIAN_POINT('',(-2.386710631849,-2.862879607327,
    11.372766119947));
#4504 = CARTESIAN_POINT('',(-2.386873843445,-2.862743428914,
    11.307124979769));
#4505 = CARTESIAN_POINT('',(-2.387515319488,-2.862208910321,
    11.241408084137));
#4506 = CARTESIAN_POINT('',(-2.388638182775,-2.861271524933,
    11.175643071266));
#4507 = PCURVE('',#3196,#4508);
#4508 = DEFINITIONAL_REPRESENTATION('',(#4509),#4515);
#4509 = B_SPLINE_CURVE_WITH_KNOTS('',4,(#4510,#4511,#4512,#4513,#4514),
  .UNSPECIFIED.,.F.,.F.,(5,5),(0.,1.),.PIECEWISE_BEZIER_KNOTS.);
#4510 = CARTESIAN_POINT('',(-4.017335813627,-0.320000600002));
#4511 = CARTESIAN_POINT('',(-4.017449206869,-0.254466119947));
#4512 = CARTESIAN_POINT('',(-4.017392177837,-0.188824979769));
#4513 = CARTESIAN_POINT('',(-4.017168156503,-0.123108084137));
#4514 = CARTESIAN_POINT('',(-4.016775721435,-5.734307126554E-02));
#4515 = ( GEOMETRIC_REPRESENTATION_CONTEXT(2) 
PARAMETRIC_REPRESENTATION_CONTEXT() REPRESENTATION_CONTEXT('2D SPACE',''
  ) );
#4516 = PCURVE('',#3713,#4517);
#4517 = DEFINITIONAL_REPRESENTATION('',(#4518),#4524);
#4518 = B_SPLINE_CURVE_WITH_KNOTS('',4,(#4519,#4520,#4521,#4522,#4523),
  .UNSPECIFIED.,.F.,.F.,(5,5),(2.288877365811E-06,1.),
  .PIECEWISE_BEZIER_KNOTS.);
#4519 = CARTESIAN_POINT('',(-5.67078629934,-0.257471519873));
#4520 = CARTESIAN_POINT('',(-5.708057582594,-0.193247839024));
#4521 = CARTESIAN_POINT('',(-5.744755459202,-0.128908260221));
#4522 = CARTESIAN_POINT('',(-5.781017601436,-6.448321873439E-02));
#4523 = CARTESIAN_POINT('',(-5.816971753052,0.));
#4524 = ( GEOMETRIC_REPRESENTATION_CONTEXT(2) 
PARAMETRIC_REPRESENTATION_CONTEXT() REPRESENTATION_CONTEXT('2D SPACE',''
  ) );
#4525 = ORIENTED_EDGE('',*,*,#3854,.T.);
#4526 = ORIENTED_EDGE('',*,*,#4527,.F.);
#4527 = EDGE_CURVE('',#4528,#3855,#4530,.T.);
#4528 = VERTEX_POINT('',#4529);
#4529 = CARTESIAN_POINT('',(2.388638182775,-2.861271524933,
    11.175643071266));
#4530 = SURFACE_CURVE('',#4531,(#4537,#4546),.PCURVE_S1.);
#4531 = B_SPLINE_CURVE_WITH_KNOTS('',4,(#4532,#4533,#4534,#4535,#4536),
  .UNSPECIFIED.,.F.,.F.,(5,5),(0.,1.),.PIECEWISE_BEZIER_KNOTS.);
#4532 = CARTESIAN_POINT('',(2.388638182775,-2.861271524933,
    11.175643071266));
#4533 = CARTESIAN_POINT('',(2.387515316534,-2.862208912788,
    11.241408257194));
#4534 = CARTESIAN_POINT('',(2.386873837614,-2.862743433683,
    11.307125238943));
#4535 = CARTESIAN_POINT('',(2.386710634872,-2.862879604807,11.3727667301
    ));
#4536 = CARTESIAN_POINT('',(2.387035232357,-2.862608933663,11.4383006));
#4537 = PCURVE('',#3196,#4538);
#4538 = DEFINITIONAL_REPRESENTATION('',(#4539),#4545);
#4539 = B_SPLINE_CURVE_WITH_KNOTS('',4,(#4540,#4541,#4542,#4543,#4544),
  .UNSPECIFIED.,.F.,.F.,(5,5),(0.,1.),.PIECEWISE_BEZIER_KNOTS.);
#4540 = CARTESIAN_POINT('',(-5.408002239334,-5.734307126562E-02));
#4541 = CARTESIAN_POINT('',(-5.407609803234,-0.123108257194));
#4542 = CARTESIAN_POINT('',(-5.407385780907,-0.188825238943));
#4543 = CARTESIAN_POINT('',(-5.407328754956,-0.2544667301));
#4544 = CARTESIAN_POINT('',(-5.407442147143,-0.3200006));
#4545 = ( GEOMETRIC_REPRESENTATION_CONTEXT(2) 
PARAMETRIC_REPRESENTATION_CONTEXT() REPRESENTATION_CONTEXT('2D SPACE',''
  ) );
#4546 = PCURVE('',#3895,#4547);
#4547 = DEFINITIONAL_REPRESENTATION('',(#4548),#4554);
#4548 = B_SPLINE_CURVE_WITH_KNOTS('',4,(#4549,#4550,#4551,#4552,#4553),
  .UNSPECIFIED.,.F.,.F.,(5,5),(0.,0.999997711107),
  .PIECEWISE_BEZIER_KNOTS.);
#4549 = CARTESIAN_POINT('',(-3.607806207718,-7.464225274092E-14));
#4550 = CARTESIAN_POINT('',(-3.643760453945,-6.448338841786E-02));
#4551 = CARTESIAN_POINT('',(-3.680022710302,-0.128908514389));
#4552 = CARTESIAN_POINT('',(-3.716720725185,-0.19324843697));
#4553 = CARTESIAN_POINT('',(-3.75399166143,-0.257471519873));
#4554 = ( GEOMETRIC_REPRESENTATION_CONTEXT(2) 
PARAMETRIC_REPRESENTATION_CONTEXT() REPRESENTATION_CONTEXT('2D SPACE',''
  ) );
#4555 = ORIENTED_EDGE('',*,*,#4556,.T.);
#4556 = EDGE_CURVE('',#4528,#4557,#4559,.T.);
#4557 = VERTEX_POINT('',#4558);
#4558 = CARTESIAN_POINT('',(2.861271524933,-2.388638182775,
    11.175643071266));
#4559 = SURFACE_CURVE('',#4560,(#4565,#4575),.PCURVE_S1.);
#4560 = ELLIPSE('',#4561,3.80287633733,3.72726);
#4561 = AXIS2_PLACEMENT_3D('',#4562,#4563,#4564);
#4562 = CARTESIAN_POINT('',(0.,0.,10.424095655015));
#4563 = DIRECTION('',(-0.140307871841,0.140307871841,0.980116014663));
#4564 = DIRECTION('',(-0.693046680318,0.693046680318,-0.198425295265));
#4565 = PCURVE('',#3196,#4566);
#4566 = DEFINITIONAL_REPRESENTATION('',(#4567),#4574);
#4567 = B_SPLINE_CURVE_WITH_KNOTS('',5,(#4568,#4569,#4570,#4571,#4572,
    #4573),.UNSPECIFIED.,.F.,.F.,(6,6),(3.014294524951,3.26725166553),
  .PIECEWISE_BEZIER_KNOTS.);
#4568 = CARTESIAN_POINT('',(-5.370489015144,-5.42767972706E-02));
#4569 = CARTESIAN_POINT('',(-5.421080443259,-5.912336871301E-02));
#4570 = CARTESIAN_POINT('',(-5.471671871375,-6.157528123081E-02));
#4571 = CARTESIAN_POINT('',(-5.522263299491,-6.160665213017E-02));
#4572 = CARTESIAN_POINT('',(-5.572854727607,-5.921731324626E-02));
#4573 = CARTESIAN_POINT('',(-5.623446155722,-5.4432816276E-02));
#4574 = ( GEOMETRIC_REPRESENTATION_CONTEXT(2) 
PARAMETRIC_REPRESENTATION_CONTEXT() REPRESENTATION_CONTEXT('2D SPACE',''
  ) );
#4575 = PCURVE('',#4576,#4581);
#4576 = PLANE('',#4577);
#4577 = AXIS2_PLACEMENT_3D('',#4578,#4579,#4580);
#4578 = CARTESIAN_POINT('',(2.704089468342,-2.704089468342,11.1983));
#4579 = DIRECTION('',(-0.140307871841,0.140307871841,0.980116014663));
#4580 = DIRECTION('',(0.989908262462,0.,0.141709674718));
#4581 = DEFINITIONAL_REPRESENTATION('',(#4582),#4586);
#4582 = ELLIPSE('',#4583,3.80287633733,3.72726);
#4583 = AXIS2_PLACEMENT_2D('',#4584,#4585);
#4584 = CARTESIAN_POINT('',(-2.786512753043,2.73110577432));
#4585 = DIRECTION('',(-0.714171419167,0.69997084514));
#4586 = ( GEOMETRIC_REPRESENTATION_CONTEXT(2) 
PARAMETRIC_REPRESENTATION_CONTEXT() REPRESENTATION_CONTEXT('2D SPACE',''
  ) );
#4587 = ORIENTED_EDGE('',*,*,#4588,.F.);
#4588 = EDGE_CURVE('',#3984,#4557,#4589,.T.);
#4589 = SURFACE_CURVE('',#4590,(#4596,#4605),.PCURVE_S1.);
#4590 = B_SPLINE_CURVE_WITH_KNOTS('',4,(#4591,#4592,#4593,#4594,#4595),
  .UNSPECIFIED.,.F.,.F.,(5,5),(0.,1.),.PIECEWISE_BEZIER_KNOTS.);
#4591 = CARTESIAN_POINT('',(2.862608933663,-2.387035232357,
    11.438300599999));
#4592 = CARTESIAN_POINT('',(2.862879607327,-2.386710631849,
    11.372766119945));
#4593 = CARTESIAN_POINT('',(2.862743428914,-2.386873843445,
    11.307124979768));
#4594 = CARTESIAN_POINT('',(2.862208910321,-2.387515319488,
    11.241408084136));
#4595 = CARTESIAN_POINT('',(2.861271524933,-2.388638182775,
    11.175643071266));
#4596 = PCURVE('',#3196,#4597);
#4597 = DEFINITIONAL_REPRESENTATION('',(#4598),#4604);
#4598 = B_SPLINE_CURVE_WITH_KNOTS('',4,(#4599,#4600,#4601,#4602,#4603),
  .UNSPECIFIED.,.F.,.F.,(5,5),(0.,1.),.PIECEWISE_BEZIER_KNOTS.);
#4599 = CARTESIAN_POINT('',(-5.588132140422,-0.320000599999));
#4600 = CARTESIAN_POINT('',(-5.588245533664,-0.254466119945));
#4601 = CARTESIAN_POINT('',(-5.588188504632,-0.188824979768));
#4602 = CARTESIAN_POINT('',(-5.587964483298,-0.123108084136));
#4603 = CARTESIAN_POINT('',(-5.58757204823,-5.734307126554E-02));
#4604 = ( GEOMETRIC_REPRESENTATION_CONTEXT(2) 
PARAMETRIC_REPRESENTATION_CONTEXT() REPRESENTATION_CONTEXT('2D SPACE',''
  ) );
#4605 = PCURVE('',#3895,#4606);
#4606 = DEFINITIONAL_REPRESENTATION('',(#4607),#4613);
#4607 = B_SPLINE_CURVE_WITH_KNOTS('',4,(#4608,#4609,#4610,#4611,#4612),
  .UNSPECIFIED.,.F.,.F.,(5,5),(2.288868597213E-06,1.),
  .PIECEWISE_BEZIER_KNOTS.);
#4608 = CARTESIAN_POINT('',(-7.261665608015,-0.257471519873));
#4609 = CARTESIAN_POINT('',(-7.298936891269,-0.193247839024));
#4610 = CARTESIAN_POINT('',(-7.335634767877,-0.128908260221));
#4611 = CARTESIAN_POINT('',(-7.371896910111,-6.448321873438E-02));
#4612 = CARTESIAN_POINT('',(-7.407851061727,0.));
#4613 = ( GEOMETRIC_REPRESENTATION_CONTEXT(2) 
PARAMETRIC_REPRESENTATION_CONTEXT() REPRESENTATION_CONTEXT('2D SPACE',''
  ) );
#4614 = ORIENTED_EDGE('',*,*,#4013,.T.);
#4615 = ORIENTED_EDGE('',*,*,#4616,.F.);
#4616 = EDGE_CURVE('',#4617,#4014,#4619,.T.);
#4617 = VERTEX_POINT('',#4618);
#4618 = CARTESIAN_POINT('',(2.861271524933,2.388638182775,
    11.175643071266));
#4619 = SURFACE_CURVE('',#4620,(#4626,#4635),.PCURVE_S1.);
#4620 = B_SPLINE_CURVE_WITH_KNOTS('',4,(#4621,#4622,#4623,#4624,#4625),
  .UNSPECIFIED.,.F.,.F.,(5,5),(0.,1.),.PIECEWISE_BEZIER_KNOTS.);
#4621 = CARTESIAN_POINT('',(2.861271524933,2.388638182775,
    11.175643071266));
#4622 = CARTESIAN_POINT('',(2.862208912788,2.387515316534,
    11.241408257194));
#4623 = CARTESIAN_POINT('',(2.862743433683,2.386873837614,
    11.307125238943));
#4624 = CARTESIAN_POINT('',(2.862879604807,2.386710634872,11.3727667301)
  );
#4625 = CARTESIAN_POINT('',(2.862608933663,2.387035232357,11.4383006));
#4626 = PCURVE('',#3196,#4627);
#4627 = DEFINITIONAL_REPRESENTATION('',(#4628),#4634);
#4628 = B_SPLINE_CURVE_WITH_KNOTS('',4,(#4629,#4630,#4631,#4632,#4633),
  .UNSPECIFIED.,.F.,.F.,(5,5),(0.,1.),.PIECEWISE_BEZIER_KNOTS.);
#4629 = CARTESIAN_POINT('',(-6.978798566129,-5.734307126562E-02));
#4630 = CARTESIAN_POINT('',(-6.978406130028,-0.123108257194));
#4631 = CARTESIAN_POINT('',(-6.978182107702,-0.188825238943));
#4632 = CARTESIAN_POINT('',(-6.978125081751,-0.2544667301));
#4633 = CARTESIAN_POINT('',(-6.978238473937,-0.3200006));
#4634 = ( GEOMETRIC_REPRESENTATION_CONTEXT(2) 
PARAMETRIC_REPRESENTATION_CONTEXT() REPRESENTATION_CONTEXT('2D SPACE',''
  ) );
#4635 = PCURVE('',#4054,#4636);
#4636 = DEFINITIONAL_REPRESENTATION('',(#4637),#4643);
#4637 = B_SPLINE_CURVE_WITH_KNOTS('',4,(#4638,#4639,#4640,#4641,#4642),
  .UNSPECIFIED.,.F.,.F.,(5,5),(0.,0.999997711107),
  .PIECEWISE_BEZIER_KNOTS.);
#4638 = CARTESIAN_POINT('',(-5.158519552632,-7.291733468379E-14));
#4639 = CARTESIAN_POINT('',(-5.194473798859,-6.448338841786E-02));
#4640 = CARTESIAN_POINT('',(-5.230736055216,-0.128908514389));
#4641 = CARTESIAN_POINT('',(-5.2674340701,-0.19324843697));
#4642 = CARTESIAN_POINT('',(-5.304705006344,-0.257471519873));
#4643 = ( GEOMETRIC_REPRESENTATION_CONTEXT(2) 
PARAMETRIC_REPRESENTATION_CONTEXT() REPRESENTATION_CONTEXT('2D SPACE',''
  ) );
#4644 = ORIENTED_EDGE('',*,*,#4645,.T.);
#4645 = EDGE_CURVE('',#4617,#4646,#4648,.T.);
#4646 = VERTEX_POINT('',#4647);
#4647 = CARTESIAN_POINT('',(2.388638182775,2.861271524933,
    11.175643071266));
#4648 = SURFACE_CURVE('',#4649,(#4654,#4664),.PCURVE_S1.);
#4649 = ELLIPSE('',#4650,3.80287633733,3.72726);
#4650 = AXIS2_PLACEMENT_3D('',#4651,#4652,#4653);
#4651 = CARTESIAN_POINT('',(0.,0.,10.424095655015));
#4652 = DIRECTION('',(-0.140307871841,-0.140307871841,0.980116014663));
#4653 = DIRECTION('',(-0.693046680318,-0.693046680318,-0.198425295265));
#4654 = PCURVE('',#3196,#4655);
#4655 = DEFINITIONAL_REPRESENTATION('',(#4656),#4663);
#4656 = B_SPLINE_CURVE_WITH_KNOTS('',5,(#4657,#4658,#4659,#4660,#4661,
    #4662),.UNSPECIFIED.,.F.,.F.,(6,6),(3.01593364165,3.268890782228),
  .PIECEWISE_BEZIER_KNOTS.);
#4657 = CARTESIAN_POINT('',(-6.942924458637,-5.4432816276E-02));
#4658 = CARTESIAN_POINT('',(-6.993515886753,-5.921731324625E-02));
#4659 = CARTESIAN_POINT('',(-7.044107314868,-6.160665213017E-02));
#4660 = CARTESIAN_POINT('',(-7.094698742984,-6.15752812308E-02));
#4661 = CARTESIAN_POINT('',(-7.1452901711,-5.912336871301E-02));
#4662 = CARTESIAN_POINT('',(-7.195881599215,-5.42767972706E-02));
#4663 = ( GEOMETRIC_REPRESENTATION_CONTEXT(2) 
PARAMETRIC_REPRESENTATION_CONTEXT() REPRESENTATION_CONTEXT('2D SPACE',''
  ) );
#4664 = PCURVE('',#4665,#4670);
#4665 = PLANE('',#4666);
#4666 = AXIS2_PLACEMENT_3D('',#4667,#4668,#4669);
#4667 = CARTESIAN_POINT('',(2.704089468342,2.704089468342,11.1983));
#4668 = DIRECTION('',(-0.140307871841,-0.140307871841,0.980116014663));
#4669 = DIRECTION('',(0.989908262462,0.,0.141709674718));
#4670 = DEFINITIONAL_REPRESENTATION('',(#4671),#4675);
#4671 = ELLIPSE('',#4672,3.80287633733,3.72726);
#4672 = AXIS2_PLACEMENT_2D('',#4673,#4674);
#4673 = CARTESIAN_POINT('',(-2.786512753043,-2.73110577432));
#4674 = DIRECTION('',(-0.714171419167,-0.69997084514));
#4675 = ( GEOMETRIC_REPRESENTATION_CONTEXT(2) 
PARAMETRIC_REPRESENTATION_CONTEXT() REPRESENTATION_CONTEXT('2D SPACE',''
  ) );
#4676 = ORIENTED_EDGE('',*,*,#4677,.F.);
#4677 = EDGE_CURVE('',#4113,#4646,#4678,.T.);
#4678 = SURFACE_CURVE('',#4679,(#4685,#4694),.PCURVE_S1.);
#4679 = B_SPLINE_CURVE_WITH_KNOTS('',4,(#4680,#4681,#4682,#4683,#4684),
  .UNSPECIFIED.,.F.,.F.,(5,5),(0.,1.),.PIECEWISE_BEZIER_KNOTS.);
#4680 = CARTESIAN_POINT('',(2.387035232357,2.862608933663,
    11.438300600001));
#4681 = CARTESIAN_POINT('',(2.386710631849,2.862879607327,
    11.372766119946));
#4682 = CARTESIAN_POINT('',(2.386873843445,2.862743428914,
    11.307124979769));
#4683 = CARTESIAN_POINT('',(2.387515319488,2.862208910321,
    11.241408084137));
#4684 = CARTESIAN_POINT('',(2.388638182775,2.861271524933,
    11.175643071266));
#4685 = PCURVE('',#3196,#4686);
#4686 = DEFINITIONAL_REPRESENTATION('',(#4687),#4693);
#4687 = B_SPLINE_CURVE_WITH_KNOTS('',4,(#4688,#4689,#4690,#4691,#4692),
  .UNSPECIFIED.,.F.,.F.,(5,5),(0.,1.),.PIECEWISE_BEZIER_KNOTS.);
#4688 = CARTESIAN_POINT('',(-7.158928467217,-0.320000600001));
#4689 = CARTESIAN_POINT('',(-7.159041860458,-0.254466119946));
#4690 = CARTESIAN_POINT('',(-7.158984831427,-0.188824979769));
#4691 = CARTESIAN_POINT('',(-7.158760810093,-0.123108084137));
#4692 = CARTESIAN_POINT('',(-7.158368375025,-5.734307126554E-02));
#4693 = ( GEOMETRIC_REPRESENTATION_CONTEXT(2) 
PARAMETRIC_REPRESENTATION_CONTEXT() REPRESENTATION_CONTEXT('2D SPACE',''
  ) );
#4694 = PCURVE('',#4054,#4695);
#4695 = DEFINITIONAL_REPRESENTATION('',(#4696),#4702);
#4696 = B_SPLINE_CURVE_WITH_KNOTS('',4,(#4697,#4698,#4699,#4700,#4701),
  .UNSPECIFIED.,.F.,.F.,(5,5),(2.288874939933E-06,1.),
  .PIECEWISE_BEZIER_KNOTS.);
#4697 = CARTESIAN_POINT('',(-8.81237895293,-0.257471519873));
#4698 = CARTESIAN_POINT('',(-8.849650236184,-0.193247839024));
#4699 = CARTESIAN_POINT('',(-8.886348112791,-0.128908260221));
#4700 = CARTESIAN_POINT('',(-8.922610255025,-6.448321873438E-02));
#4701 = CARTESIAN_POINT('',(-8.958564406642,0.));
#4702 = ( GEOMETRIC_REPRESENTATION_CONTEXT(2) 
PARAMETRIC_REPRESENTATION_CONTEXT() REPRESENTATION_CONTEXT('2D SPACE',''
  ) );
#4703 = ORIENTED_EDGE('',*,*,#4149,.T.);
#4704 = ORIENTED_EDGE('',*,*,#4705,.F.);
#4705 = EDGE_CURVE('',#4706,#4150,#4708,.T.);
#4706 = VERTEX_POINT('',#4707);
#4707 = CARTESIAN_POINT('',(-2.388638182775,2.861271524933,
    11.175643071266));
#4708 = SURFACE_CURVE('',#4709,(#4715,#4724),.PCURVE_S1.);
#4709 = B_SPLINE_CURVE_WITH_KNOTS('',4,(#4710,#4711,#4712,#4713,#4714),
  .UNSPECIFIED.,.F.,.F.,(5,5),(0.,1.),.PIECEWISE_BEZIER_KNOTS.);
#4710 = CARTESIAN_POINT('',(-2.388638182775,2.861271524933,
    11.175643071265));
#4711 = CARTESIAN_POINT('',(-2.387515316534,2.862208912788,
    11.241408257194));
#4712 = CARTESIAN_POINT('',(-2.386873837614,2.862743433683,
    11.307125238943));
#4713 = CARTESIAN_POINT('',(-2.386710634872,2.862879604807,11.3727667301
    ));
#4714 = CARTESIAN_POINT('',(-2.387035232357,2.862608933663,11.4383006));
#4715 = PCURVE('',#3196,#4716);
#4716 = DEFINITIONAL_REPRESENTATION('',(#4717),#4723);
#4717 = B_SPLINE_CURVE_WITH_KNOTS('',4,(#4718,#4719,#4720,#4721,#4722),
  .UNSPECIFIED.,.F.,.F.,(5,5),(0.,1.),.PIECEWISE_BEZIER_KNOTS.);
#4718 = CARTESIAN_POINT('',(-8.549594892924,-5.734307126544E-02));
#4719 = CARTESIAN_POINT('',(-8.549202456823,-0.123108257194));
#4720 = CARTESIAN_POINT('',(-8.548978434497,-0.188825238943));
#4721 = CARTESIAN_POINT('',(-8.548921408546,-0.2544667301));
#4722 = CARTESIAN_POINT('',(-8.549034800732,-0.3200006));
#4723 = ( GEOMETRIC_REPRESENTATION_CONTEXT(2) 
PARAMETRIC_REPRESENTATION_CONTEXT() REPRESENTATION_CONTEXT('2D SPACE',''
  ) );
#4724 = PCURVE('',#4190,#4725);
#4725 = DEFINITIONAL_REPRESENTATION('',(#4726),#4732);
#4726 = B_SPLINE_CURVE_WITH_KNOTS('',4,(#4727,#4728,#4729,#4730,#4731),
  .UNSPECIFIED.,.F.,.F.,(5,5),(0.,0.999997711107),
  .PIECEWISE_BEZIER_KNOTS.);
#4727 = CARTESIAN_POINT('',(-6.749398861307,1.013312923621E-13));
#4728 = CARTESIAN_POINT('',(-6.785353107534,-6.448338841773E-02));
#4729 = CARTESIAN_POINT('',(-6.821615363891,-0.128908514388));
#4730 = CARTESIAN_POINT('',(-6.858313378775,-0.19324843697));
#4731 = CARTESIAN_POINT('',(-6.895584315019,-0.257471519873));
#4732 = ( GEOMETRIC_REPRESENTATION_CONTEXT(2) 
PARAMETRIC_REPRESENTATION_CONTEXT() REPRESENTATION_CONTEXT('2D SPACE',''
  ) );
#4733 = ORIENTED_EDGE('',*,*,#4734,.T.);
#4734 = EDGE_CURVE('',#4706,#4735,#4737,.T.);
#4735 = VERTEX_POINT('',#4736);
#4736 = CARTESIAN_POINT('',(-2.861271524933,2.388638182775,
    11.175643071266));
#4737 = SURFACE_CURVE('',#4738,(#4743,#4753),.PCURVE_S1.);
#4738 = ELLIPSE('',#4739,3.80287633733,3.72726);
#4739 = AXIS2_PLACEMENT_3D('',#4740,#4741,#4742);
#4740 = CARTESIAN_POINT('',(0.,0.,10.424095655015));
#4741 = DIRECTION('',(0.140307871841,-0.140307871841,0.980116014663));
#4742 = DIRECTION('',(0.693046680318,-0.693046680318,-0.198425295265));
#4743 = PCURVE('',#3196,#4744);
#4744 = DEFINITIONAL_REPRESENTATION('',(#4745),#4752);
#4745 = B_SPLINE_CURVE_WITH_KNOTS('',5,(#4746,#4747,#4748,#4749,#4750,
    #4751),.UNSPECIFIED.,.F.,.F.,(6,6),(3.014294524951,3.26725166553),
  .PIECEWISE_BEZIER_KNOTS.);
#4746 = CARTESIAN_POINT('',(-8.512081668734,-5.42767972706E-02));
#4747 = CARTESIAN_POINT('',(-8.562673096849,-5.912336871301E-02));
#4748 = CARTESIAN_POINT('',(-8.613264524965,-6.15752812308E-02));
#4749 = CARTESIAN_POINT('',(-8.663855953081,-6.160665213017E-02));
#4750 = CARTESIAN_POINT('',(-8.714447381196,-5.921731324625E-02));
#4751 = CARTESIAN_POINT('',(-8.765038809312,-5.4432816276E-02));
#4752 = ( GEOMETRIC_REPRESENTATION_CONTEXT(2) 
PARAMETRIC_REPRESENTATION_CONTEXT() REPRESENTATION_CONTEXT('2D SPACE',''
  ) );
#4753 = PCURVE('',#4754,#4759);
#4754 = PLANE('',#4755);
#4755 = AXIS2_PLACEMENT_3D('',#4756,#4757,#4758);
#4756 = CARTESIAN_POINT('',(-2.704089468342,2.704089468342,11.1983));
#4757 = DIRECTION('',(0.140307871841,-0.140307871841,0.980116014663));
#4758 = DIRECTION('',(0.989908262462,0.,-0.141709674718));
#4759 = DEFINITIONAL_REPRESENTATION('',(#4760),#4764);
#4760 = ELLIPSE('',#4761,3.80287633733,3.72726);
#4761 = AXIS2_PLACEMENT_2D('',#4762,#4763);
#4762 = CARTESIAN_POINT('',(2.786512753043,-2.73110577432));
#4763 = DIRECTION('',(0.714171419167,-0.69997084514));
#4764 = ( GEOMETRIC_REPRESENTATION_CONTEXT(2) 
PARAMETRIC_REPRESENTATION_CONTEXT() REPRESENTATION_CONTEXT('2D SPACE',''
  ) );
#4765 = ORIENTED_EDGE('',*,*,#4766,.F.);
#4766 = EDGE_CURVE('',#4302,#4735,#4767,.T.);
#4767 = SURFACE_CURVE('',#4768,(#4774,#4783),.PCURVE_S1.);
#4768 = B_SPLINE_CURVE_WITH_KNOTS('',4,(#4769,#4770,#4771,#4772,#4773),
  .UNSPECIFIED.,.F.,.F.,(5,5),(0.,1.),.PIECEWISE_BEZIER_KNOTS.);
#4769 = CARTESIAN_POINT('',(-2.862608933663,2.387035232357,
    11.438300600001));
#4770 = CARTESIAN_POINT('',(-2.862879607327,2.386710631849,
    11.372766119946));
#4771 = CARTESIAN_POINT('',(-2.862743428914,2.386873843445,
    11.307124979768));
#4772 = CARTESIAN_POINT('',(-2.862208910321,2.387515319488,
    11.241408084137));
#4773 = CARTESIAN_POINT('',(-2.861271524933,2.388638182775,
    11.175643071266));
#4774 = PCURVE('',#3196,#4775);
#4775 = DEFINITIONAL_REPRESENTATION('',(#4776),#4782);
#4776 = B_SPLINE_CURVE_WITH_KNOTS('',4,(#4777,#4778,#4779,#4780,#4781),
  .UNSPECIFIED.,.F.,.F.,(5,5),(0.,1.),.PIECEWISE_BEZIER_KNOTS.);
#4777 = CARTESIAN_POINT('',(-8.729724794012,-0.320000600001));
#4778 = CARTESIAN_POINT('',(-8.729838187253,-0.254466119946));
#4779 = CARTESIAN_POINT('',(-8.729781158222,-0.188824979768));
#4780 = CARTESIAN_POINT('',(-8.729557136888,-0.123108084137));
#4781 = CARTESIAN_POINT('',(-8.72916470182,-5.734307126554E-02));
#4782 = ( GEOMETRIC_REPRESENTATION_CONTEXT(2) 
PARAMETRIC_REPRESENTATION_CONTEXT() REPRESENTATION_CONTEXT('2D SPACE',''
  ) );
#4783 = PCURVE('',#4190,#4784);
#4784 = DEFINITIONAL_REPRESENTATION('',(#4785),#4791);
#4785 = B_SPLINE_CURVE_WITH_KNOTS('',4,(#4786,#4787,#4788,#4789,#4790),
  .UNSPECIFIED.,.F.,.F.,(5,5),(2.28887427572E-06,1.),
  .PIECEWISE_BEZIER_KNOTS.);
#4786 = CARTESIAN_POINT('',(-10.4032582616,-0.257471519873));
#4787 = CARTESIAN_POINT('',(-10.44052954485,-0.193247839024));
#4788 = CARTESIAN_POINT('',(-10.47722742146,-0.128908260221));
#4789 = CARTESIAN_POINT('',(-10.5134895637,-6.448321873438E-02));
#4790 = CARTESIAN_POINT('',(-10.54944371531,0.));
#4791 = ( GEOMETRIC_REPRESENTATION_CONTEXT(2) 
PARAMETRIC_REPRESENTATION_CONTEXT() REPRESENTATION_CONTEXT('2D SPACE',''
  ) );
#4792 = ORIENTED_EDGE('',*,*,#4331,.T.);
#4793 = ORIENTED_EDGE('',*,*,#3166,.F.);
#4794 = ORIENTED_EDGE('',*,*,#4795,.F.);
#4795 = EDGE_CURVE('',#3216,#3167,#4796,.T.);
#4796 = SURFACE_CURVE('',#4797,(#4802,#4809),.PCURVE_S1.);
#4797 = CIRCLE('',#4798,3.72726);
#4798 = AXIS2_PLACEMENT_3D('',#4799,#4800,#4801);
#4799 = CARTESIAN_POINT('',(0.,0.,11.1183));
#4800 = DIRECTION('',(0.,0.,1.));
#4801 = DIRECTION('',(-0.921561057798,-0.388233456506,0.));
#4802 = PCURVE('',#3196,#4803);
#4803 = DEFINITIONAL_REPRESENTATION('',(#4804),#4808);
#4804 = LINE('',#4805,#4806);
#4805 = CARTESIAN_POINT('',(-3.540306567126,0.));
#4806 = VECTOR('',#4807,1.);
#4807 = DIRECTION('',(-1.,0.));
#4808 = ( GEOMETRIC_REPRESENTATION_CONTEXT(2) 
PARAMETRIC_REPRESENTATION_CONTEXT() REPRESENTATION_CONTEXT('2D SPACE',''
  ) );
#4809 = PCURVE('',#3245,#4810);
#4810 = DEFINITIONAL_REPRESENTATION('',(#4811),#4815);
#4811 = CIRCLE('',#4812,3.72726);
#4812 = AXIS2_PLACEMENT_2D('',#4813,#4814);
#4813 = CARTESIAN_POINT('',(2.751565759847E-16,-2.147228670265E-16));
#4814 = DIRECTION('',(-0.921561057798,-0.388233456506));
#4815 = ( GEOMETRIC_REPRESENTATION_CONTEXT(2) 
PARAMETRIC_REPRESENTATION_CONTEXT() REPRESENTATION_CONTEXT('2D SPACE',''
  ) );
#4816 = ADVANCED_FACE('',(#4817,#4821),#3245,.F.);
#4817 = FACE_BOUND('',#4818,.F.);
#4818 = EDGE_LOOP('',(#4819,#4820));
#4819 = ORIENTED_EDGE('',*,*,#4795,.T.);
#4820 = ORIENTED_EDGE('',*,*,#3215,.F.);
#4821 = FACE_BOUND('',#4822,.F.);
#4822 = EDGE_LOOP('',(#4823));
#4823 = ORIENTED_EDGE('',*,*,#4824,.F.);
#4824 = EDGE_CURVE('',#4825,#4825,#4827,.T.);
#4825 = VERTEX_POINT('',#4826);
#4826 = CARTESIAN_POINT('',(2.9519,2.978657310263E-16,11.1183));
#4827 = SURFACE_CURVE('',#4828,(#4833,#4840),.PCURVE_S1.);
#4828 = CIRCLE('',#4829,2.9519);
#4829 = AXIS2_PLACEMENT_3D('',#4830,#4831,#4832);
#4830 = CARTESIAN_POINT('',(1.769322442296E-14,2.978657310263E-16,
    11.1183));
#4831 = DIRECTION('',(0.,0.,1.));
#4832 = DIRECTION('',(1.,0.,0.));
#4833 = PCURVE('',#3245,#4834);
#4834 = DEFINITIONAL_REPRESENTATION('',(#4835),#4839);
#4835 = CIRCLE('',#4836,2.9519);
#4836 = AXIS2_PLACEMENT_2D('',#4837,#4838);
#4837 = CARTESIAN_POINT('',(1.796838099895E-14,8.314286399978E-17));
#4838 = DIRECTION('',(1.,0.));
#4839 = ( GEOMETRIC_REPRESENTATION_CONTEXT(2) 
PARAMETRIC_REPRESENTATION_CONTEXT() REPRESENTATION_CONTEXT('2D SPACE',''
  ) );
#4840 = PCURVE('',#4421,#4841);
#4841 = DEFINITIONAL_REPRESENTATION('',(#4842),#4846);
#4842 = LINE('',#4843,#4844);
#4843 = CARTESIAN_POINT('',(-0.,0.));
#4844 = VECTOR('',#4845,1.);
#4845 = DIRECTION('',(-1.,0.));
#4846 = ( GEOMETRIC_REPRESENTATION_CONTEXT(2) 
PARAMETRIC_REPRESENTATION_CONTEXT() REPRESENTATION_CONTEXT('2D SPACE',''
  ) );
#4847 = ADVANCED_FACE('',(#4848),#3603,.T.);
#4848 = FACE_BOUND('',#4849,.T.);
#4849 = EDGE_LOOP('',(#4850,#4851,#4875,#4876,#4877));
#4850 = ORIENTED_EDGE('',*,*,#4379,.T.);
#4851 = ORIENTED_EDGE('',*,*,#4852,.T.);
#4852 = EDGE_CURVE('',#4356,#4853,#4855,.T.);
#4853 = VERTEX_POINT('',#4854);
#4854 = CARTESIAN_POINT('',(-3.29338,-1.21,11.6083216));
#4855 = SEAM_CURVE('',#4856,(#4861,#4868),.PCURVE_S1.);
#4856 = CIRCLE('',#4857,0.2400216);
#4857 = AXIS2_PLACEMENT_3D('',#4858,#4859,#4860);
#4858 = CARTESIAN_POINT('',(-3.29338,-1.21,11.3683));
#4859 = DIRECTION('',(-2.449293598295E-16,-1.,0.));
#4860 = DIRECTION('',(1.,-2.449293598295E-16,0.));
#4861 = PCURVE('',#3603,#4862);
#4862 = DEFINITIONAL_REPRESENTATION('',(#4863),#4867);
#4863 = LINE('',#4864,#4865);
#4864 = CARTESIAN_POINT('',(0.,-6.28318530718));
#4865 = VECTOR('',#4866,1.);
#4866 = DIRECTION('',(0.,1.));
#4867 = ( GEOMETRIC_REPRESENTATION_CONTEXT(2) 
PARAMETRIC_REPRESENTATION_CONTEXT() REPRESENTATION_CONTEXT('2D SPACE',''
  ) );
#4868 = PCURVE('',#3603,#4869);
#4869 = DEFINITIONAL_REPRESENTATION('',(#4870),#4874);
#4870 = LINE('',#4871,#4872);
#4871 = CARTESIAN_POINT('',(6.28318530718,-6.28318530718));
#4872 = VECTOR('',#4873,1.);
#4873 = DIRECTION('',(0.,1.));
#4874 = ( GEOMETRIC_REPRESENTATION_CONTEXT(2) 
PARAMETRIC_REPRESENTATION_CONTEXT() REPRESENTATION_CONTEXT('2D SPACE',''
  ) );
#4875 = ORIENTED_EDGE('',*,*,#4852,.F.);
#4876 = ORIENTED_EDGE('',*,*,#4355,.T.);
#4877 = ORIENTED_EDGE('',*,*,#3586,.T.);
#4878 = ADVANCED_FACE('',(#4879),#4190,.T.);
#4879 = FACE_BOUND('',#4880,.T.);
#4880 = EDGE_LOOP('',(#4881,#4916,#4943,#4944,#4945,#4946,#4967,#4968,
    #4969,#4998,#5026));
#4881 = ORIENTED_EDGE('',*,*,#4882,.T.);
#4882 = EDGE_CURVE('',#4883,#4885,#4887,.T.);
#4883 = VERTEX_POINT('',#4884);
#4884 = CARTESIAN_POINT('',(-2.389890498493,2.853245787092,11.77475));
#4885 = VERTEX_POINT('',#4886);
#4886 = CARTESIAN_POINT('',(-2.298157929579,2.602738228426,11.7257568367
    ));
#4887 = SURFACE_CURVE('',#4888,(#4893,#4900),.PCURVE_S1.);
#4888 = CIRCLE('',#4889,0.327641666667);
#4889 = AXIS2_PLACEMENT_3D('',#4890,#4891,#4892);
#4890 = CARTESIAN_POINT('',(-2.621568142792,2.621568142792,11.77475));
#4891 = DIRECTION('',(-0.140307871841,0.140307871841,-0.980116014663));
#4892 = DIRECTION('',(0.707106781187,0.707106781186,-2.167710455581E-14)
  );
#4893 = PCURVE('',#4190,#4894);
#4894 = DEFINITIONAL_REPRESENTATION('',(#4895),#4899);
#4895 = LINE('',#4896,#4897);
#4896 = CARTESIAN_POINT('',(-7.078624961517,-0.588144659791));
#4897 = VECTOR('',#4898,1.);
#4898 = DIRECTION('',(1.,-0.));
#4899 = ( GEOMETRIC_REPRESENTATION_CONTEXT(2) 
PARAMETRIC_REPRESENTATION_CONTEXT() REPRESENTATION_CONTEXT('2D SPACE',''
  ) );
#4900 = PCURVE('',#4901,#4906);
#4901 = PLANE('',#4902);
#4902 = AXIS2_PLACEMENT_3D('',#4903,#4904,#4905);
#4903 = CARTESIAN_POINT('',(-2.621568142792,2.621568142792,11.77475));
#4904 = DIRECTION('',(0.140307871841,-0.140307871841,0.980116014663));
#4905 = DIRECTION('',(0.989908262462,0.,-0.141709674718));
#4906 = DEFINITIONAL_REPRESENTATION('',(#4907),#4915);
#4907 = ( BOUNDED_CURVE() B_SPLINE_CURVE(2,(#4908,#4909,#4910,#4911,
#4912,#4913,#4914),.UNSPECIFIED.,.T.,.F.) B_SPLINE_CURVE_WITH_KNOTS((1,2
    ,2,2,2,1),(-2.094395102393,0.,2.094395102393,4.188790204786,
6.28318530718,8.377580409573),.UNSPECIFIED.) CURVE() 
GEOMETRIC_REPRESENTATION_ITEM() RATIONAL_B_SPLINE_CURVE((1.,0.5,1.,0.5,
1.,0.5,1.)) REPRESENTATION_ITEM('') );
#4908 = CARTESIAN_POINT('',(0.22933961432,0.233992314061));
#4909 = CARTESIAN_POINT('',(0.634626190855,-0.163235550129));
#4910 = CARTESIAN_POINT('',(8.797348110764E-02,-0.315610089126));
#4911 = CARTESIAN_POINT('',(-0.458679228639,-0.467984628123));
#4912 = CARTESIAN_POINT('',(-0.317313095427,8.161777506427E-02));
#4913 = CARTESIAN_POINT('',(-0.175946962215,0.631220178251));
#4914 = CARTESIAN_POINT('',(0.22933961432,0.233992314061));
#4915 = ( GEOMETRIC_REPRESENTATION_CONTEXT(2) 
PARAMETRIC_REPRESENTATION_CONTEXT() REPRESENTATION_CONTEXT('2D SPACE',''
  ) );
#4916 = ORIENTED_EDGE('',*,*,#4917,.T.);
#4917 = EDGE_CURVE('',#4885,#4209,#4918,.T.);
#4918 = SURFACE_CURVE('',#4919,(#4925,#4934),.PCURVE_S1.);
#4919 = B_SPLINE_CURVE_WITH_KNOTS('',4,(#4920,#4921,#4922,#4923,#4924),
  .UNSPECIFIED.,.F.,.F.,(5,5),(0.,1.),.PIECEWISE_BEZIER_KNOTS.);
#4920 = CARTESIAN_POINT('',(-2.298157929579,2.602738228426,11.7257568367
    ));
#4921 = CARTESIAN_POINT('',(-2.306000775604,2.609787355301,
    11.648765570652));
#4922 = CARTESIAN_POINT('',(-2.31390009506,2.616818654916,
    11.571775929271));
#4923 = CARTESIAN_POINT('',(-2.321854184129,2.623827665806,
    11.494788719373));
#4924 = CARTESIAN_POINT('',(-2.329862330913,2.630810927979,
    11.417804722426));
#4925 = PCURVE('',#4190,#4926);
#4926 = DEFINITIONAL_REPRESENTATION('',(#4927),#4933);
#4927 = B_SPLINE_CURVE_WITH_KNOTS('',4,(#4928,#4929,#4930,#4931,#4932),
  .UNSPECIFIED.,.F.,.F.,(5,5),(0.,0.933443332568),
  .PIECEWISE_BEZIER_KNOTS.);
#4928 = CARTESIAN_POINT('',(-6.225107413329,-0.588144659791));
#4929 = CARTESIAN_POINT('',(-6.214620812732,-0.515756284425));
#4930 = CARTESIAN_POINT('',(-6.204344445907,-0.443364571918));
#4931 = CARTESIAN_POINT('',(-6.194252974327,-0.37097086898));
#4932 = CARTESIAN_POINT('',(-6.184326884961,-0.298576291125));
#4933 = ( GEOMETRIC_REPRESENTATION_CONTEXT(2) 
PARAMETRIC_REPRESENTATION_CONTEXT() REPRESENTATION_CONTEXT('2D SPACE',''
  ) );
#4934 = PCURVE('',#4255,#4935);
#4935 = DEFINITIONAL_REPRESENTATION('',(#4936),#4942);
#4936 = B_SPLINE_CURVE_WITH_KNOTS('',4,(#4937,#4938,#4939,#4940,#4941),
  .UNSPECIFIED.,.F.,.F.,(5,5),(0.,0.933443332568),
  .PIECEWISE_BEZIER_KNOTS.);
#4937 = CARTESIAN_POINT('',(7.276656385512,0.505508193584));
#4938 = CARTESIAN_POINT('',(7.288326011919,0.433015690376));
#4939 = CARTESIAN_POINT('',(7.30014414409,0.360522188296));
#4940 = CARTESIAN_POINT('',(7.312101097008,0.288028698653));
#4941 = CARTESIAN_POINT('',(7.324192835876,0.215536105423));
#4942 = ( GEOMETRIC_REPRESENTATION_CONTEXT(2) 
PARAMETRIC_REPRESENTATION_CONTEXT() REPRESENTATION_CONTEXT('2D SPACE',''
  ) );
#4943 = ORIENTED_EDGE('',*,*,#4208,.T.);
#4944 = ORIENTED_EDGE('',*,*,#4173,.T.);
#4945 = ORIENTED_EDGE('',*,*,#4705,.F.);
#4946 = ORIENTED_EDGE('',*,*,#4947,.T.);
#4947 = EDGE_CURVE('',#4706,#4735,#4948,.T.);
#4948 = SURFACE_CURVE('',#4949,(#4954,#4960),.PCURVE_S1.);
#4949 = CIRCLE('',#4950,0.35317);
#4950 = AXIS2_PLACEMENT_3D('',#4951,#4952,#4953);
#4951 = CARTESIAN_POINT('',(-2.704089468342,2.704089468342,11.1983));
#4952 = DIRECTION('',(0.140307871841,-0.140307871841,0.980116014663));
#4953 = DIRECTION('',(0.989908262462,0.,-0.141709674718));
#4954 = PCURVE('',#4190,#4955);
#4955 = DEFINITIONAL_REPRESENTATION('',(#4956),#4959);
#4956 = B_SPLINE_CURVE_WITH_KNOTS('',1,(#4957,#4958),.UNSPECIFIED.,.F.,
  .F.,(2,2),(0.466213554128,4.266258408137),.PIECEWISE_BEZIER_KNOTS.);
#4957 = CARTESIAN_POINT('',(-6.749398861307,0.));
#4958 = CARTESIAN_POINT('',(-10.54944371531,0.));
#4959 = ( GEOMETRIC_REPRESENTATION_CONTEXT(2) 
PARAMETRIC_REPRESENTATION_CONTEXT() REPRESENTATION_CONTEXT('2D SPACE',''
  ) );
#4960 = PCURVE('',#4754,#4961);
#4961 = DEFINITIONAL_REPRESENTATION('',(#4962),#4966);
#4962 = CIRCLE('',#4963,0.35317);
#4963 = AXIS2_PLACEMENT_2D('',#4964,#4965);
#4964 = CARTESIAN_POINT('',(0.,0.));
#4965 = DIRECTION('',(1.,0.));
#4966 = ( GEOMETRIC_REPRESENTATION_CONTEXT(2) 
PARAMETRIC_REPRESENTATION_CONTEXT() REPRESENTATION_CONTEXT('2D SPACE',''
  ) );
#4967 = ORIENTED_EDGE('',*,*,#4766,.F.);
#4968 = ORIENTED_EDGE('',*,*,#4301,.T.);
#4969 = ORIENTED_EDGE('',*,*,#4970,.T.);
#4970 = EDGE_CURVE('',#4273,#4971,#4973,.T.);
#4971 = VERTEX_POINT('',#4972);
#4972 = CARTESIAN_POINT('',(-2.602738228426,2.298157929579,11.7257568367
    ));
#4973 = SURFACE_CURVE('',#4974,(#4980,#4989),.PCURVE_S1.);
#4974 = B_SPLINE_CURVE_WITH_KNOTS('',4,(#4975,#4976,#4977,#4978,#4979),
  .UNSPECIFIED.,.F.,.F.,(5,5),(0.,1.),.PIECEWISE_BEZIER_KNOTS.);
#4975 = CARTESIAN_POINT('',(-2.630810927979,2.329862330913,
    11.417804722426));
#4976 = CARTESIAN_POINT('',(-2.623827665792,2.321854184113,
    11.494788719526));
#4977 = CARTESIAN_POINT('',(-2.616818654912,2.313900095057,
    11.571775929307));
#4978 = CARTESIAN_POINT('',(-2.60978735529,2.306000775591,
    11.648765570779));
#4979 = CARTESIAN_POINT('',(-2.602738228426,2.298157929579,11.7257568367
    ));
#4980 = PCURVE('',#4190,#4981);
#4981 = DEFINITIONAL_REPRESENTATION('',(#4982),#4988);
#4982 = B_SPLINE_CURVE_WITH_KNOTS('',4,(#4983,#4984,#4985,#4986,#4987),
  .UNSPECIFIED.,.F.,.F.,(5,5),(6.655666732113E-02,1.),
  .PIECEWISE_BEZIER_KNOTS.);
#4983 = CARTESIAN_POINT('',(-11.11451569166,-0.298576291125));
#4984 = CARTESIAN_POINT('',(-11.10458960228,-0.370970869088));
#4985 = CARTESIAN_POINT('',(-11.09449813071,-0.443364571948));
#4986 = CARTESIAN_POINT('',(-11.08422176387,-0.515756284536));
#4987 = CARTESIAN_POINT('',(-11.07373516329,-0.588144659791));
#4988 = ( GEOMETRIC_REPRESENTATION_CONTEXT(2) 
PARAMETRIC_REPRESENTATION_CONTEXT() REPRESENTATION_CONTEXT('2D SPACE',''
  ) );
#4989 = PCURVE('',#4255,#4990);
#4990 = DEFINITIONAL_REPRESENTATION('',(#4991),#4997);
#4991 = B_SPLINE_CURVE_WITH_KNOTS('',4,(#4992,#4993,#4994,#4995,#4996),
  .UNSPECIFIED.,.F.,.F.,(5,5),(6.655666732113E-02,1.),
  .PIECEWISE_BEZIER_KNOTS.);
#4992 = CARTESIAN_POINT('',(3.67651825774,0.215536105423));
#4993 = CARTESIAN_POINT('',(3.688609996626,0.288028698761));
#4994 = CARTESIAN_POINT('',(3.700566949531,0.360522188327));
#4995 = CARTESIAN_POINT('',(3.712385081714,0.433015690487));
#4996 = CARTESIAN_POINT('',(3.724054708104,0.505508193584));
#4997 = ( GEOMETRIC_REPRESENTATION_CONTEXT(2) 
PARAMETRIC_REPRESENTATION_CONTEXT() REPRESENTATION_CONTEXT('2D SPACE',''
  ) );
#4998 = ORIENTED_EDGE('',*,*,#4999,.F.);
#4999 = EDGE_CURVE('',#5000,#4971,#5002,.T.);
#5000 = VERTEX_POINT('',#5001);
#5001 = CARTESIAN_POINT('',(-2.853245787092,2.389890498493,11.77475));
#5002 = SURFACE_CURVE('',#5003,(#5008,#5014),.PCURVE_S1.);
#5003 = CIRCLE('',#5004,0.327641666667);
#5004 = AXIS2_PLACEMENT_3D('',#5005,#5006,#5007);
#5005 = CARTESIAN_POINT('',(-2.621568142792,2.621568142792,11.77475));
#5006 = DIRECTION('',(0.140307871841,-0.140307871841,0.980116014663));
#5007 = DIRECTION('',(0.989908262462,0.,-0.141709674718));
#5008 = PCURVE('',#4190,#5009);
#5009 = DEFINITIONAL_REPRESENTATION('',(#5010),#5013);
#5010 = B_SPLINE_CURVE_WITH_KNOTS('',1,(#5011,#5012),.UNSPECIFIED.,.F.,
  .F.,(2,2),(3.937032307927,4.790549856115),.PIECEWISE_BEZIER_KNOTS.);
#5011 = CARTESIAN_POINT('',(-10.2202176151,-0.588144659791));
#5012 = CARTESIAN_POINT('',(-11.07373516329,-0.588144659791));
#5013 = ( GEOMETRIC_REPRESENTATION_CONTEXT(2) 
PARAMETRIC_REPRESENTATION_CONTEXT() REPRESENTATION_CONTEXT('2D SPACE',''
  ) );
#5014 = PCURVE('',#5015,#5020);
#5015 = PLANE('',#5016);
#5016 = AXIS2_PLACEMENT_3D('',#5017,#5018,#5019);
#5017 = CARTESIAN_POINT('',(-2.621568142792,2.621568142792,11.77475));
#5018 = DIRECTION('',(0.140307871841,-0.140307871841,0.980116014663));
#5019 = DIRECTION('',(0.989908262462,0.,-0.141709674718));
#5020 = DEFINITIONAL_REPRESENTATION('',(#5021),#5025);
#5021 = CIRCLE('',#5022,0.327641666667);
#5022 = AXIS2_PLACEMENT_2D('',#5023,#5024);
#5023 = CARTESIAN_POINT('',(0.,0.));
#5024 = DIRECTION('',(1.,0.));
#5025 = ( GEOMETRIC_REPRESENTATION_CONTEXT(2) 
PARAMETRIC_REPRESENTATION_CONTEXT() REPRESENTATION_CONTEXT('2D SPACE',''
  ) );
#5026 = ORIENTED_EDGE('',*,*,#5027,.F.);
#5027 = EDGE_CURVE('',#4883,#5000,#5028,.T.);
#5028 = SURFACE_CURVE('',#5029,(#5034,#5040),.PCURVE_S1.);
#5029 = CIRCLE('',#5030,0.327641666667);
#5030 = AXIS2_PLACEMENT_3D('',#5031,#5032,#5033);
#5031 = CARTESIAN_POINT('',(-2.621568142792,2.621568142792,11.77475));
#5032 = DIRECTION('',(0.140307871841,-0.140307871841,0.980116014663));
#5033 = DIRECTION('',(0.989908262462,0.,-0.141709674718));
#5034 = PCURVE('',#4190,#5035);
#5035 = DEFINITIONAL_REPRESENTATION('',(#5036),#5039);
#5036 = B_SPLINE_CURVE_WITH_KNOTS('',1,(#5037,#5038),.UNSPECIFIED.,.F.,
  .F.,(2,2),(0.795439654337,3.937032307927),.PIECEWISE_BEZIER_KNOTS.);
#5037 = CARTESIAN_POINT('',(-7.078624961517,-0.588144659791));
#5038 = CARTESIAN_POINT('',(-10.2202176151,-0.588144659791));
#5039 = ( GEOMETRIC_REPRESENTATION_CONTEXT(2) 
PARAMETRIC_REPRESENTATION_CONTEXT() REPRESENTATION_CONTEXT('2D SPACE',''
  ) );
#5040 = PCURVE('',#5041,#5046);
#5041 = PLANE('',#5042);
#5042 = AXIS2_PLACEMENT_3D('',#5043,#5044,#5045);
#5043 = CARTESIAN_POINT('',(-2.621568142792,2.621568142792,11.77475));
#5044 = DIRECTION('',(0.140307871841,-0.140307871841,0.980116014663));
#5045 = DIRECTION('',(0.989908262462,0.,-0.141709674718));
#5046 = DEFINITIONAL_REPRESENTATION('',(#5047),#5051);
#5047 = CIRCLE('',#5048,0.327641666667);
#5048 = AXIS2_PLACEMENT_2D('',#5049,#5050);
#5049 = CARTESIAN_POINT('',(0.,0.));
#5050 = DIRECTION('',(1.,0.));
#5051 = ( GEOMETRIC_REPRESENTATION_CONTEXT(2) 
PARAMETRIC_REPRESENTATION_CONTEXT() REPRESENTATION_CONTEXT('2D SPACE',''
  ) );
#5052 = ADVANCED_FACE('',(#5053),#4255,.T.);
#5053 = FACE_BOUND('',#5054,.T.);
#5054 = EDGE_LOOP('',(#5055,#5056,#5057,#5058,#5059,#5089,#5129,#5164,
    #5219,#5254,#5304,#5339,#5374));
#5055 = ORIENTED_EDGE('',*,*,#4970,.F.);
#5056 = ORIENTED_EDGE('',*,*,#4272,.T.);
#5057 = ORIENTED_EDGE('',*,*,#4238,.T.);
#5058 = ORIENTED_EDGE('',*,*,#4917,.F.);
#5059 = ORIENTED_EDGE('',*,*,#5060,.T.);
#5060 = EDGE_CURVE('',#4885,#5061,#5063,.T.);
#5061 = VERTEX_POINT('',#5062);
#5062 = CARTESIAN_POINT('',(-2.298396328846,2.602893116863,
    11.725813137546));
#5063 = SURFACE_CURVE('',#5064,(#5069,#5082),.PCURVE_S1.);
#5064 = ELLIPSE('',#5065,0.221071114017,0.22);
#5065 = AXIS2_PLACEMENT_3D('',#5066,#5067,#5068);
#5066 = CARTESIAN_POINT('',(-2.419183349741,2.419183349741,
    11.716805472656));
#5067 = DIRECTION('',(0.140307871841,-0.140307871841,0.980116014663));
#5068 = DIRECTION('',(-0.693046680318,0.693046680318,0.198425295265));
#5069 = PCURVE('',#4255,#5070);
#5070 = DEFINITIONAL_REPRESENTATION('',(#5071),#5081);
#5071 = B_SPLINE_CURVE_WITH_KNOTS('',8,(#5072,#5073,#5074,#5075,#5076,
    #5077,#5078,#5079,#5080),.UNSPECIFIED.,.F.,.F.,(9,9),(4.917893492294
    ,4.919204729417),.PIECEWISE_BEZIER_KNOTS.);
#5072 = CARTESIAN_POINT('',(7.276656385512,0.505508192551));
#5073 = CARTESIAN_POINT('',(7.276820290152,0.505511680153));
#5074 = CARTESIAN_POINT('',(7.276984194793,0.505515167618));
#5075 = CARTESIAN_POINT('',(7.277148099433,0.505518654948));
#5076 = CARTESIAN_POINT('',(7.277312004073,0.50552214214));
#5077 = CARTESIAN_POINT('',(7.277475908714,0.505525629197));
#5078 = CARTESIAN_POINT('',(7.277639813354,0.505529116116));
#5079 = CARTESIAN_POINT('',(7.277803717995,0.505532602899));
#5080 = CARTESIAN_POINT('',(7.277967622635,0.505536089544));
#5081 = ( GEOMETRIC_REPRESENTATION_CONTEXT(2) 
PARAMETRIC_REPRESENTATION_CONTEXT() REPRESENTATION_CONTEXT('2D SPACE',''
  ) );
#5082 = PCURVE('',#4901,#5083);
#5083 = DEFINITIONAL_REPRESENTATION('',(#5084),#5088);
#5084 = ELLIPSE('',#5085,0.221071114017,0.22);
#5085 = AXIS2_PLACEMENT_2D('',#5086,#5087);
#5086 = CARTESIAN_POINT('',(0.208553678959,-0.204406800665));
#5087 = DIRECTION('',(-0.714171419167,0.69997084514));
#5088 = ( GEOMETRIC_REPRESENTATION_CONTEXT(2) 
PARAMETRIC_REPRESENTATION_CONTEXT() REPRESENTATION_CONTEXT('2D SPACE',''
  ) );
#5089 = ORIENTED_EDGE('',*,*,#5090,.F.);
#5090 = EDGE_CURVE('',#5091,#5061,#5093,.T.);
#5091 = VERTEX_POINT('',#5092);
#5092 = CARTESIAN_POINT('',(-2.226631495235,2.537594835676,
    12.303268665822));
#5093 = SURFACE_CURVE('',#5094,(#5102,#5113),.PCURVE_S1.);
#5094 = B_SPLINE_CURVE_WITH_KNOTS('',6,(#5095,#5096,#5097,#5098,#5099,
    #5100,#5101),.UNSPECIFIED.,.F.,.F.,(7,7),(0.,1.),
  .PIECEWISE_BEZIER_KNOTS.);
#5095 = CARTESIAN_POINT('',(-2.226631495235,2.537594835676,
    12.303268665822));
#5096 = CARTESIAN_POINT('',(-2.238509805543,2.549168564549,
    12.205737148244));
#5097 = CARTESIAN_POINT('',(-2.250478643599,2.560497648206,
    12.108153345947));
#5098 = CARTESIAN_POINT('',(-2.262548972298,2.571611875674,
    12.010535623543));
#5099 = CARTESIAN_POINT('',(-2.274728257226,2.582525228063,
    11.912896269555));
#5100 = CARTESIAN_POINT('',(-2.287023414462,2.593246722378,
    11.815245648416));
#5101 = CARTESIAN_POINT('',(-2.299441320788,2.603780409822,
    11.717592595954));
#5102 = PCURVE('',#4255,#5103);
#5103 = DEFINITIONAL_REPRESENTATION('',(#5104),#5112);
#5104 = B_SPLINE_CURVE_WITH_KNOTS('',6,(#5105,#5106,#5107,#5108,#5109,
    #5110,#5111),.UNSPECIFIED.,.F.,.F.,(7,7),(0.,0.985969803221),
  .PIECEWISE_BEZIER_KNOTS.);
#5105 = CARTESIAN_POINT('',(7.103586902201,1.089831300103));
#5106 = CARTESIAN_POINT('',(7.133350897687,0.992507859061));
#5107 = CARTESIAN_POINT('',(7.162646697256,0.895144561121));
#5108 = CARTESIAN_POINT('',(7.191652675792,0.797756126161));
#5109 = CARTESIAN_POINT('',(7.220480618893,0.700352865529));
#5110 = CARTESIAN_POINT('',(7.249225094333,0.602943612328));
#5111 = CARTESIAN_POINT('',(7.277967622397,0.505536090617));
#5112 = ( GEOMETRIC_REPRESENTATION_CONTEXT(2) 
PARAMETRIC_REPRESENTATION_CONTEXT() REPRESENTATION_CONTEXT('2D SPACE',''
  ) );
#5113 = PCURVE('',#5114,#5119);
#5114 = CONICAL_SURFACE('',#5115,0.327641666667,4.305734175707E-02);
#5115 = AXIS2_PLACEMENT_3D('',#5116,#5117,#5118);
#5116 = CARTESIAN_POINT('',(-2.621568142792,2.621568142792,11.77475));
#5117 = DIRECTION('',(-0.163590330977,0.163590330977,-0.972870190324));
#5118 = DIRECTION('',(3.469446951954E-18,0.986155320523,0.165824255778)
  );
#5119 = DEFINITIONAL_REPRESENTATION('',(#5120),#5128);
#5120 = B_SPLINE_CURVE_WITH_KNOTS('',6,(#5121,#5122,#5123,#5124,#5125,
    #5126,#5127),.UNSPECIFIED.,.F.,.F.,(7,7),(0.,0.985969803221),
  .PIECEWISE_BEZIER_KNOTS.);
#5121 = CARTESIAN_POINT('',(-4.728378664183,-0.592525093002));
#5122 = CARTESIAN_POINT('',(-4.71262139889,-0.49518814963));
#5123 = CARTESIAN_POINT('',(-4.6965894974,-0.397826266954));
#5124 = CARTESIAN_POINT('',(-4.680396643226,-0.30045017992));
#5125 = CARTESIAN_POINT('',(-4.664090446454,-0.203068021653));
#5126 = CARTESIAN_POINT('',(-4.647699493728,-0.105686985019));
#5127 = CARTESIAN_POINT('',(-4.631234440875,-8.313622992721E-03));
#5128 = ( GEOMETRIC_REPRESENTATION_CONTEXT(2) 
PARAMETRIC_REPRESENTATION_CONTEXT() REPRESENTATION_CONTEXT('2D SPACE',''
  ) );
#5129 = ORIENTED_EDGE('',*,*,#5130,.T.);
#5130 = EDGE_CURVE('',#5091,#5131,#5133,.T.);
#5131 = VERTEX_POINT('',#5132);
#5132 = CARTESIAN_POINT('',(-2.226847204231,2.537796456594,
    12.303338840794));
#5133 = SURFACE_CURVE('',#5134,(#5139,#5152),.PCURVE_S1.);
#5134 = ELLIPSE('',#5135,0.221936390076,0.22);
#5135 = AXIS2_PLACEMENT_3D('',#5136,#5137,#5138);
#5136 = CARTESIAN_POINT('',(-2.377162010139,2.377162010139,
    12.30160356981));
#5137 = DIRECTION('',(0.163590330977,-0.163590330977,0.972870190324));
#5138 = DIRECTION('',(-0.687923108793,0.687923108793,0.231351664741));
#5139 = PCURVE('',#4255,#5140);
#5140 = DEFINITIONAL_REPRESENTATION('',(#5141),#5151);
#5141 = B_SPLINE_CURVE_WITH_KNOTS('',8,(#5142,#5143,#5144,#5145,#5146,
    #5147,#5148,#5149,#5150),.UNSPECIFIED.,.F.,.F.,(9,9),(4.744824008983
    ,4.746191483872),.PIECEWISE_BEZIER_KNOTS.);
#5142 = CARTESIAN_POINT('',(7.103586902201,1.089831293563));
#5143 = CARTESIAN_POINT('',(7.103757836562,1.089836291318));
#5144 = CARTESIAN_POINT('',(7.103928770923,1.089841289042));
#5145 = CARTESIAN_POINT('',(7.104099705284,1.089846286734));
#5146 = CARTESIAN_POINT('',(7.104270639645,1.089851284394));
#5147 = CARTESIAN_POINT('',(7.104441574006,1.089856282022));
#5148 = CARTESIAN_POINT('',(7.104612508368,1.089861279617));
#5149 = CARTESIAN_POINT('',(7.104783442729,1.089866277179));
#5150 = CARTESIAN_POINT('',(7.10495437709,1.089871274708));
#5151 = ( GEOMETRIC_REPRESENTATION_CONTEXT(2) 
PARAMETRIC_REPRESENTATION_CONTEXT() REPRESENTATION_CONTEXT('2D SPACE',''
  ) );
#5152 = PCURVE('',#5153,#5158);
#5153 = PLANE('',#5154);
#5154 = AXIS2_PLACEMENT_3D('',#5155,#5156,#5157);
#5155 = CARTESIAN_POINT('',(-2.524636766716,2.524636766716,12.3512));
#5156 = DIRECTION('',(0.163590330977,-0.163590330977,0.972870190324));
#5157 = DIRECTION('',(3.469446951954E-18,0.986155320523,0.165824255778)
  );
#5158 = DEFINITIONAL_REPRESENTATION('',(#5159),#5163);
#5159 = ELLIPSE('',#5160,0.221936390076,0.22);
#5160 = AXIS2_PLACEMENT_2D('',#5161,#5162);
#5161 = CARTESIAN_POINT('',(-0.153657306967,-0.149488613473));
#5162 = DIRECTION('',(0.716762751475,0.697317114445));
#5163 = ( GEOMETRIC_REPRESENTATION_CONTEXT(2) 
PARAMETRIC_REPRESENTATION_CONTEXT() REPRESENTATION_CONTEXT('2D SPACE',''
  ) );
#5164 = ORIENTED_EDGE('',*,*,#5165,.F.);
#5165 = EDGE_CURVE('',#5166,#5131,#5168,.T.);
#5166 = VERTEX_POINT('',#5167);
#5167 = CARTESIAN_POINT('',(-2.158422034753,2.462575719972,12.7712));
#5168 = SURFACE_CURVE('',#5169,(#5182,#5198),.PCURVE_S1.);
#5169 = B_SPLINE_CURVE_WITH_KNOTS('',6,(#5170,#5171,#5172,#5173,#5174,
    #5175,#5176,#5177,#5178,#5179,#5180,#5181),.UNSPECIFIED.,.F.,.F.,(7,
    5,7),(0.,0.542624115821,1.),.UNSPECIFIED.);
#5170 = CARTESIAN_POINT('',(-2.142117729232,2.440534634185,
    12.880533267939));
#5171 = CARTESIAN_POINT('',(-2.149762664238,2.451495910673,
    12.829704708788));
#5172 = CARTESIAN_POINT('',(-2.15746702957,2.461728421618,
    12.777941839987));
#5173 = CARTESIAN_POINT('',(-2.165185563446,2.47141701613,
    12.725615390481));
#5174 = CARTESIAN_POINT('',(-2.172911992355,2.480662721201,
    12.672937612077));
#5175 = CARTESIAN_POINT('',(-2.180645589213,2.48954348422,
    12.620018772825));
#5176 = CARTESIAN_POINT('',(-2.194933603314,2.505351119385,
    12.522081046919));
#5177 = CARTESIAN_POINT('',(-2.201479312522,2.512362577992,
    12.477147868711));
#5178 = CARTESIAN_POINT('',(-2.208038922929,2.519188429578,
    12.432112131053));
#5179 = CARTESIAN_POINT('',(-2.214615677264,2.525851193739,
    12.386998755638));
#5180 = CARTESIAN_POINT('',(-2.221212874738,2.532366888159,
    12.341824017183));
#5181 = CARTESIAN_POINT('',(-2.227833869868,2.538748972588,
    12.296598239534));
#5182 = PCURVE('',#4255,#5183);
#5183 = DEFINITIONAL_REPRESENTATION('',(#5184),#5197);
#5184 = B_SPLINE_CURVE_WITH_KNOTS('',6,(#5185,#5186,#5187,#5188,#5189,
    #5190,#5191,#5192,#5193,#5194,#5195,#5196),.UNSPECIFIED.,.F.,.F.,(7,
    5,7),(0.,0.542624115821,0.988637726003),.UNSPECIFIED.);
#5185 = CARTESIAN_POINT('',(6.784331529378,1.677118552764));
#5186 = CARTESIAN_POINT('',(6.822009077355,1.625220301214));
#5187 = CARTESIAN_POINT('',(6.856505513805,1.572440376521));
#5188 = CARTESIAN_POINT('',(6.888715899366,1.519137629326));
#5189 = CARTESIAN_POINT('',(6.919144789777,1.465516450196));
#5190 = CARTESIAN_POINT('',(6.948173530043,1.411681021879));
#5191 = CARTESIAN_POINT('',(6.999050071349,1.313225157451));
#5192 = CARTESIAN_POINT('',(7.021246482034,1.268690613998));
#5193 = CARTESIAN_POINT('',(7.042838761558,1.224069924473));
#5194 = CARTESIAN_POINT('',(7.063935417082,1.179384615618));
#5195 = CARTESIAN_POINT('',(7.084617476193,1.134648797752));
#5196 = CARTESIAN_POINT('',(7.104954379884,1.089871281492));
#5197 = ( GEOMETRIC_REPRESENTATION_CONTEXT(2) 
PARAMETRIC_REPRESENTATION_CONTEXT() REPRESENTATION_CONTEXT('2D SPACE',''
  ) );
#5198 = PCURVE('',#5199,#5204);
#5199 = CONICAL_SURFACE('',#5200,0.302113333333,4.269436731809E-02);
#5200 = AXIS2_PLACEMENT_3D('',#5201,#5202,#5203);
#5201 = CARTESIAN_POINT('',(-2.524636766716,2.524636766716,12.3512));
#5202 = DIRECTION('',(-0.186324040178,0.186324040178,-0.964658853742));
#5203 = DIRECTION('',(0.981852717803,6.938893903907E-18,-0.189645038276)
  );
#5204 = DEFINITIONAL_REPRESENTATION('',(#5205),#5218);
#5205 = B_SPLINE_CURVE_WITH_KNOTS('',6,(#5206,#5207,#5208,#5209,#5210,
    #5211,#5212,#5213,#5214,#5215,#5216,#5217),.UNSPECIFIED.,.F.,.F.,(7,
    5,7),(0.,0.542624115821,1.),.UNSPECIFIED.);
#5206 = CARTESIAN_POINT('',(-0.10040834525,-0.597568765127));
#5207 = CARTESIAN_POINT('',(-0.103953714863,-0.545069761022));
#5208 = CARTESIAN_POINT('',(-0.104188957706,-0.491794180081));
#5209 = CARTESIAN_POINT('',(-0.102145053699,-0.438073640791));
#5210 = CARTESIAN_POINT('',(-9.839210300972E-02,-0.384095238885));
#5211 = CARTESIAN_POINT('',(-9.332465175992E-02,-0.329950957413));
#5212 = CARTESIAN_POINT('',(-8.204167955094E-02,-0.22986692004));
#5213 = CARTESIAN_POINT('',(-7.613459117937E-02,-0.183995705575));
#5214 = CARTESIAN_POINT('',(-6.963990202563E-02,-0.13805754915));
#5215 = CARTESIAN_POINT('',(-6.266545856275E-02,-9.207169155712E-02));
#5216 = CARTESIAN_POINT('',(-5.528616730085E-02,-4.605023314476E-02));
#5217 = CARTESIAN_POINT('',(-4.756213655032E-02,1.893707580872E-17));
#5218 = ( GEOMETRIC_REPRESENTATION_CONTEXT(2) 
PARAMETRIC_REPRESENTATION_CONTEXT() REPRESENTATION_CONTEXT('2D SPACE',''
  ) );
#5219 = ORIENTED_EDGE('',*,*,#5220,.F.);
#5220 = EDGE_CURVE('',#5221,#5166,#5223,.T.);
#5221 = VERTEX_POINT('',#5222);
#5222 = CARTESIAN_POINT('',(-2.46257571536,2.158422037343,12.7712));
#5223 = SURFACE_CURVE('',#5224,(#5229,#5242),.PCURVE_S1.);
#5224 = ELLIPSE('',#5225,0.221133009849,0.22);
#5225 = AXIS2_PLACEMENT_3D('',#5226,#5227,#5228);
#5226 = CARTESIAN_POINT('',(-2.343418618762,2.343418618762,12.7712));
#5227 = DIRECTION('',(0.,0.,1.));
#5228 = DIRECTION('',(0.707106781187,-0.707106781187,0.));
#5229 = PCURVE('',#4255,#5230);
#5230 = DEFINITIONAL_REPRESENTATION('',(#5231),#5241);
#5231 = B_SPLINE_CURVE_WITH_KNOTS('',8,(#5232,#5233,#5234,#5235,#5236,
    #5237,#5238,#5239,#5240),.UNSPECIFIED.,.F.,.F.,(9,9),(4.459348018112
    ,8.107022596247),.PIECEWISE_BEZIER_KNOTS.);
#5232 = CARTESIAN_POINT('',(3.67651825774,1.555300600064));
#5233 = CARTESIAN_POINT('',(4.132477580007,1.565169593972));
#5234 = CARTESIAN_POINT('',(4.588436902274,1.576368709281));
#5235 = CARTESIAN_POINT('',(5.044396224541,1.585767905683));
#5236 = CARTESIAN_POINT('',(5.500355546808,1.589671779456));
#5237 = CARTESIAN_POINT('',(5.956314869076,1.585767905684));
#5238 = CARTESIAN_POINT('',(6.412274191342,1.57636870928));
#5239 = CARTESIAN_POINT('',(6.868233513609,1.565169593972));
#5240 = CARTESIAN_POINT('',(7.324192835876,1.555300600064));
#5241 = ( GEOMETRIC_REPRESENTATION_CONTEXT(2) 
PARAMETRIC_REPRESENTATION_CONTEXT() REPRESENTATION_CONTEXT('2D SPACE',''
  ) );
#5242 = PCURVE('',#5243,#5248);
#5243 = PLANE('',#5244);
#5244 = AXIS2_PLACEMENT_3D('',#5245,#5246,#5247);
#5245 = CARTESIAN_POINT('',(-1.948836536462E-16,2.465509873662E-16,
    12.7712));
#5246 = DIRECTION('',(0.,0.,1.));
#5247 = DIRECTION('',(1.,0.,-0.));
#5248 = DEFINITIONAL_REPRESENTATION('',(#5249),#5253);
#5249 = ELLIPSE('',#5250,0.221133009849,0.22);
#5250 = AXIS2_PLACEMENT_2D('',#5251,#5252);
#5251 = CARTESIAN_POINT('',(-2.343418618762,2.343418618762));
#5252 = DIRECTION('',(0.707106781187,-0.707106781187));
#5253 = ( GEOMETRIC_REPRESENTATION_CONTEXT(2) 
PARAMETRIC_REPRESENTATION_CONTEXT() REPRESENTATION_CONTEXT('2D SPACE',''
  ) );
#5254 = ORIENTED_EDGE('',*,*,#5255,.F.);
#5255 = EDGE_CURVE('',#5256,#5221,#5258,.T.);
#5256 = VERTEX_POINT('',#5257);
#5257 = CARTESIAN_POINT('',(-2.537796456594,2.226847204231,
    12.303338840794));
#5258 = SURFACE_CURVE('',#5259,(#5272,#5288),.PCURVE_S1.);
#5259 = B_SPLINE_CURVE_WITH_KNOTS('',6,(#5260,#5261,#5262,#5263,#5264,
    #5265,#5266,#5267,#5268,#5269,#5270,#5271),.UNSPECIFIED.,.F.,.F.,(7,
    5,7),(0.,0.633317153838,1.),.UNSPECIFIED.);
#5260 = CARTESIAN_POINT('',(-2.538748972588,2.227833869868,
    12.296598239534));
#5261 = CARTESIAN_POINT('',(-2.529912213537,2.218666310382,
    12.359218736712));
#5262 = CARTESIAN_POINT('',(-2.520820069044,2.209545463245,
    12.421734069637));
#5263 = CARTESIAN_POINT('',(-2.51143696273,2.200460568978,
    12.484128667134));
#5264 = CARTESIAN_POINT('',(-2.501712684671,2.191403448471,
    12.546352050107));
#5265 = CARTESIAN_POINT('',(-2.491582068199,2.182365184865,
    12.608318328851));
#5266 = CARTESIAN_POINT('',(-2.474735497739,2.168117109639,
    12.705507077901));
#5267 = CARTESIAN_POINT('',(-2.468379091298,2.162898682682,
    12.74099703049));
#5268 = CARTESIAN_POINT('',(-2.461816683283,2.157685197178,
    12.776313795113));
#5269 = CARTESIAN_POINT('',(-2.455017546317,2.152477988396,
    12.81140498682));
#5270 = CARTESIAN_POINT('',(-2.447941732078,2.147283804738,
    12.846185798117));
#5271 = CARTESIAN_POINT('',(-2.440534634185,2.142117729232,
    12.880533267939));
#5272 = PCURVE('',#4255,#5273);
#5273 = DEFINITIONAL_REPRESENTATION('',(#5274),#5287);
#5274 = B_SPLINE_CURVE_WITH_KNOTS('',6,(#5275,#5276,#5277,#5278,#5279,
    #5280,#5281,#5282,#5283,#5284,#5285,#5286),.UNSPECIFIED.,.F.,.F.,(7,
    5,7),(1.136278943362E-02,0.633317153838,1.),.UNSPECIFIED.);
#5275 = CARTESIAN_POINT('',(3.895756718321,1.089871281424));
#5276 = CARTESIAN_POINT('',(3.924114654561,1.152309226859));
#5277 = CARTESIAN_POINT('',(3.953141447082,1.214659748573));
#5278 = CARTESIAN_POINT('',(3.983024454766,1.276909584525));
#5279 = CARTESIAN_POINT('',(4.014014091938,1.339013953359));
#5280 = CARTESIAN_POINT('',(4.046433383627,1.400895797618));
#5281 = CARTESIAN_POINT('',(4.101204614374,1.498685542973));
#5282 = CARTESIAN_POINT('',(4.122222351139,1.53482111869));
#5283 = CARTESIAN_POINT('',(4.144072457879,1.570798767181));
#5284 = CARTESIAN_POINT('',(4.166905689985,1.606568473079));
#5285 = CARTESIAN_POINT('',(4.19091890858,1.642048236809));
#5286 = CARTESIAN_POINT('',(4.216379564238,1.677118552764));
#5287 = ( GEOMETRIC_REPRESENTATION_CONTEXT(2) 
PARAMETRIC_REPRESENTATION_CONTEXT() REPRESENTATION_CONTEXT('2D SPACE',''
  ) );
#5288 = PCURVE('',#5199,#5289);
#5289 = DEFINITIONAL_REPRESENTATION('',(#5290),#5303);
#5290 = B_SPLINE_CURVE_WITH_KNOTS('',6,(#5291,#5292,#5293,#5294,#5295,
    #5296,#5297,#5298,#5299,#5300,#5301,#5302),.UNSPECIFIED.,.F.,.F.,(7,
    5,7),(0.,0.633317153838,1.),.UNSPECIFIED.);
#5291 = CARTESIAN_POINT('',(-4.700799842391,-2.508881092045E-14));
#5292 = CARTESIAN_POINT('',(-4.69010499819,-6.376205439904E-02));
#5293 = CARTESIAN_POINT('',(-4.680073372785,-0.127461541984));
#5294 = CARTESIAN_POINT('',(-4.670855474027,-0.191092075368));
#5295 = CARTESIAN_POINT('',(-4.662685928404,-0.254615838723));
#5296 = CARTESIAN_POINT('',(-4.655888719292,-0.317963781329));
#5297 = CARTESIAN_POINT('',(-4.648349518099,-0.417511448596));
#5298 = CARTESIAN_POINT('',(-4.646263502033,-0.453903815303));
#5299 = CARTESIAN_POINT('',(-4.644983485452,-0.49016657704));
#5300 = CARTESIAN_POINT('',(-4.644672914063,-0.526254676656));
#5301 = CARTESIAN_POINT('',(-4.645557845225,-0.562092489795));
#5302 = CARTESIAN_POINT('',(-4.647953633692,-0.597568765127));
#5303 = ( GEOMETRIC_REPRESENTATION_CONTEXT(2) 
PARAMETRIC_REPRESENTATION_CONTEXT() REPRESENTATION_CONTEXT('2D SPACE',''
  ) );
#5304 = ORIENTED_EDGE('',*,*,#5305,.T.);
#5305 = EDGE_CURVE('',#5256,#5306,#5308,.T.);
#5306 = VERTEX_POINT('',#5307);
#5307 = CARTESIAN_POINT('',(-2.537594835676,2.226631495235,
    12.303268665822));
#5308 = SURFACE_CURVE('',#5309,(#5314,#5327),.PCURVE_S1.);
#5309 = ELLIPSE('',#5310,0.221936390076,0.22);
#5310 = AXIS2_PLACEMENT_3D('',#5311,#5312,#5313);
#5311 = CARTESIAN_POINT('',(-2.377162010139,2.377162010139,
    12.30160356981));
#5312 = DIRECTION('',(0.163590330977,-0.163590330977,0.972870190324));
#5313 = DIRECTION('',(-0.687923108793,0.687923108793,0.231351664741));
#5314 = PCURVE('',#4255,#5315);
#5315 = DEFINITIONAL_REPRESENTATION('',(#5316),#5326);
#5316 = B_SPLINE_CURVE_WITH_KNOTS('',8,(#5317,#5318,#5319,#5320,#5321,
    #5322,#5323,#5324,#5325),.UNSPECIFIED.,.F.,.F.,(9,9),(7.820179130487
    ,7.821546605376),.PIECEWISE_BEZIER_KNOTS.);
#5317 = CARTESIAN_POINT('',(3.895756716526,1.089871276127));
#5318 = CARTESIAN_POINT('',(3.895927650887,1.089866278593));
#5319 = CARTESIAN_POINT('',(3.896098585248,1.089861281026));
#5320 = CARTESIAN_POINT('',(3.896269519609,1.089856283427));
#5321 = CARTESIAN_POINT('',(3.89644045397,1.089851285795));
#5322 = CARTESIAN_POINT('',(3.896611388331,1.08984628813));
#5323 = CARTESIAN_POINT('',(3.896782322692,1.089841290434));
#5324 = CARTESIAN_POINT('',(3.896953257053,1.089836292705));
#5325 = CARTESIAN_POINT('',(3.897124191414,1.089831294945));
#5326 = ( GEOMETRIC_REPRESENTATION_CONTEXT(2) 
PARAMETRIC_REPRESENTATION_CONTEXT() REPRESENTATION_CONTEXT('2D SPACE',''
  ) );
#5327 = PCURVE('',#5328,#5333);
#5328 = PLANE('',#5329);
#5329 = AXIS2_PLACEMENT_3D('',#5330,#5331,#5332);
#5330 = CARTESIAN_POINT('',(-2.524636766716,2.524636766716,12.3512));
#5331 = DIRECTION('',(0.163590330977,-0.163590330977,0.972870190324));
#5332 = DIRECTION('',(3.469446951954E-18,0.986155320523,0.165824255778)
  );
#5333 = DEFINITIONAL_REPRESENTATION('',(#5334),#5338);
#5334 = ELLIPSE('',#5335,0.221936390076,0.22);
#5335 = AXIS2_PLACEMENT_2D('',#5336,#5337);
#5336 = CARTESIAN_POINT('',(-0.153657306967,-0.149488613473));
#5337 = DIRECTION('',(0.716762751475,0.697317114445));
#5338 = ( GEOMETRIC_REPRESENTATION_CONTEXT(2) 
PARAMETRIC_REPRESENTATION_CONTEXT() REPRESENTATION_CONTEXT('2D SPACE',''
  ) );
#5339 = ORIENTED_EDGE('',*,*,#5340,.F.);
#5340 = EDGE_CURVE('',#5341,#5306,#5343,.T.);
#5341 = VERTEX_POINT('',#5342);
#5342 = CARTESIAN_POINT('',(-2.602893116863,2.298396328846,
    11.725813137546));
#5343 = SURFACE_CURVE('',#5344,(#5352,#5363),.PCURVE_S1.);
#5344 = B_SPLINE_CURVE_WITH_KNOTS('',6,(#5345,#5346,#5347,#5348,#5349,
    #5350,#5351),.UNSPECIFIED.,.F.,.F.,(7,7),(0.,1.),
  .PIECEWISE_BEZIER_KNOTS.);
#5345 = CARTESIAN_POINT('',(-2.603780409822,2.299441320788,
    11.717592595955));
#5346 = CARTESIAN_POINT('',(-2.593246722373,2.287023414456,
    11.815245648457));
#5347 = CARTESIAN_POINT('',(-2.582525228055,2.274728257217,
    11.912896269632));
#5348 = CARTESIAN_POINT('',(-2.571611875662,2.262548972284,
    12.010535623652));
#5349 = CARTESIAN_POINT('',(-2.560497648192,2.250478643584,
    12.108153346073));
#5350 = CARTESIAN_POINT('',(-2.549168564537,2.238509805531,
    12.205737148347));
#5351 = CARTESIAN_POINT('',(-2.537594835676,2.226631495235,
    12.303268665822));
#5352 = PCURVE('',#4255,#5353);
#5353 = DEFINITIONAL_REPRESENTATION('',(#5354),#5362);
#5354 = B_SPLINE_CURVE_WITH_KNOTS('',6,(#5355,#5356,#5357,#5358,#5359,
    #5360,#5361),.UNSPECIFIED.,.F.,.F.,(7,7),(1.403019677217E-02,1.),
  .PIECEWISE_BEZIER_KNOTS.);
#5355 = CARTESIAN_POINT('',(3.722743471219,0.505536090617));
#5356 = CARTESIAN_POINT('',(3.751485999295,0.60294361237));
#5357 = CARTESIAN_POINT('',(3.780230474746,0.700352865605));
#5358 = CARTESIAN_POINT('',(3.809058417856,0.79775612627));
#5359 = CARTESIAN_POINT('',(3.838064396397,0.895144561247));
#5360 = CARTESIAN_POINT('',(3.86736019596,0.992507859163));
#5361 = CARTESIAN_POINT('',(3.897124191415,1.089831300102));
#5362 = ( GEOMETRIC_REPRESENTATION_CONTEXT(2) 
PARAMETRIC_REPRESENTATION_CONTEXT() REPRESENTATION_CONTEXT('2D SPACE',''
  ) );
#5363 = PCURVE('',#5114,#5364);
#5364 = DEFINITIONAL_REPRESENTATION('',(#5365),#5373);
#5365 = B_SPLINE_CURVE_WITH_KNOTS('',6,(#5366,#5367,#5368,#5369,#5370,
    #5371,#5372),.UNSPECIFIED.,.F.,.F.,(7,7),(1.403019677217E-02,1.),
  .PIECEWISE_BEZIER_KNOTS.);
#5366 = CARTESIAN_POINT('',(-9.478431350025,-8.313622992722E-03));
#5367 = CARTESIAN_POINT('',(-9.461966297165,-0.105686985061));
#5368 = CARTESIAN_POINT('',(-9.445575344433,-0.20306802173));
#5369 = CARTESIAN_POINT('',(-9.429269147656,-0.300450180029));
#5370 = CARTESIAN_POINT('',(-9.413076293479,-0.39782626708));
#5371 = CARTESIAN_POINT('',(-9.397044391993,-0.495188149731));
#5372 = CARTESIAN_POINT('',(-9.381287126717,-0.592525093001));
#5373 = ( GEOMETRIC_REPRESENTATION_CONTEXT(2) 
PARAMETRIC_REPRESENTATION_CONTEXT() REPRESENTATION_CONTEXT('2D SPACE',''
  ) );
#5374 = ORIENTED_EDGE('',*,*,#5375,.T.);
#5375 = EDGE_CURVE('',#5341,#4971,#5376,.T.);
#5376 = SURFACE_CURVE('',#5377,(#5382,#5395),.PCURVE_S1.);
#5377 = ELLIPSE('',#5378,0.221071114017,0.22);
#5378 = AXIS2_PLACEMENT_3D('',#5379,#5380,#5381);
#5379 = CARTESIAN_POINT('',(-2.419183349741,2.419183349741,
    11.716805472656));
#5380 = DIRECTION('',(0.140307871841,-0.140307871841,0.980116014663));
#5381 = DIRECTION('',(-0.693046680318,0.693046680318,0.198425295265));
#5382 = PCURVE('',#4255,#5383);
#5383 = DEFINITIONAL_REPRESENTATION('',(#5384),#5394);
#5384 = B_SPLINE_CURVE_WITH_KNOTS('',8,(#5385,#5386,#5387,#5388,#5389,
    #5390,#5391,#5392,#5393),.UNSPECIFIED.,.F.,.F.,(9,9),(7.647165884942
    ,7.648477122065),.PIECEWISE_BEZIER_KNOTS.);
#5385 = CARTESIAN_POINT('',(3.72274347098,0.50553608936));
#5386 = CARTESIAN_POINT('',(3.722907375621,0.505532602715));
#5387 = CARTESIAN_POINT('',(3.723071280261,0.505529115933));
#5388 = CARTESIAN_POINT('',(3.723235184901,0.505525629014));
#5389 = CARTESIAN_POINT('',(3.723399089542,0.505522141959));
#5390 = CARTESIAN_POINT('',(3.723562994182,0.505518654767));
#5391 = CARTESIAN_POINT('',(3.723726898823,0.505515167438));
#5392 = CARTESIAN_POINT('',(3.723890803463,0.505511679973));
#5393 = CARTESIAN_POINT('',(3.724054708104,0.505508192372));
#5394 = ( GEOMETRIC_REPRESENTATION_CONTEXT(2) 
PARAMETRIC_REPRESENTATION_CONTEXT() REPRESENTATION_CONTEXT('2D SPACE',''
  ) );
#5395 = PCURVE('',#5015,#5396);
#5396 = DEFINITIONAL_REPRESENTATION('',(#5397),#5401);
#5397 = ELLIPSE('',#5398,0.221071114017,0.22);
#5398 = AXIS2_PLACEMENT_2D('',#5399,#5400);
#5399 = CARTESIAN_POINT('',(0.208553678959,-0.204406800665));
#5400 = DIRECTION('',(-0.714171419167,0.69997084514));
#5401 = ( GEOMETRIC_REPRESENTATION_CONTEXT(2) 
PARAMETRIC_REPRESENTATION_CONTEXT() REPRESENTATION_CONTEXT('2D SPACE',''
  ) );
#5402 = ADVANCED_FACE('',(#5403),#4054,.T.);
#5403 = FACE_BOUND('',#5404,.T.);
#5404 = EDGE_LOOP('',(#5405,#5440,#5468,#5495,#5496,#5497,#5519,#5520,
    #5521,#5550));
#5405 = ORIENTED_EDGE('',*,*,#5406,.T.);
#5406 = EDGE_CURVE('',#5407,#5409,#5411,.T.);
#5407 = VERTEX_POINT('',#5408);
#5408 = CARTESIAN_POINT('',(2.389890498493,2.853245787092,11.77475));
#5409 = VERTEX_POINT('',#5410);
#5410 = CARTESIAN_POINT('',(2.853245787092,2.389890498493,11.77475));
#5411 = SURFACE_CURVE('',#5412,(#5417,#5424),.PCURVE_S1.);
#5412 = CIRCLE('',#5413,0.327641666667);
#5413 = AXIS2_PLACEMENT_3D('',#5414,#5415,#5416);
#5414 = CARTESIAN_POINT('',(2.621568142792,2.621568142792,11.77475));
#5415 = DIRECTION('',(0.140307871841,0.140307871841,-0.980116014663));
#5416 = DIRECTION('',(-0.707106781187,0.707106781187,-1.085243006571E-14
    ));
#5417 = PCURVE('',#4054,#5418);
#5418 = DEFINITIONAL_REPRESENTATION('',(#5419),#5423);
#5419 = LINE('',#5420,#5421);
#5420 = CARTESIAN_POINT('',(-8.629338306432,-0.588144659791));
#5421 = VECTOR('',#5422,1.);
#5422 = DIRECTION('',(1.,-0.));
#5423 = ( GEOMETRIC_REPRESENTATION_CONTEXT(2) 
PARAMETRIC_REPRESENTATION_CONTEXT() REPRESENTATION_CONTEXT('2D SPACE',''
  ) );
#5424 = PCURVE('',#5425,#5430);
#5425 = PLANE('',#5426);
#5426 = AXIS2_PLACEMENT_3D('',#5427,#5428,#5429);
#5427 = CARTESIAN_POINT('',(2.621568142792,2.621568142792,11.77475));
#5428 = DIRECTION('',(-0.140307871841,-0.140307871841,0.980116014663));
#5429 = DIRECTION('',(0.989908262462,0.,0.141709674718));
#5430 = DEFINITIONAL_REPRESENTATION('',(#5431),#5439);
#5431 = ( BOUNDED_CURVE() B_SPLINE_CURVE(2,(#5432,#5433,#5434,#5435,
#5436,#5437,#5438),.UNSPECIFIED.,.T.,.F.) B_SPLINE_CURVE_WITH_KNOTS((1,2
    ,2,2,2,1),(-2.094395102393,0.,2.094395102393,4.188790204786,
6.28318530718,8.377580409573),.UNSPECIFIED.) CURVE() 
GEOMETRIC_REPRESENTATION_ITEM() RATIONAL_B_SPLINE_CURVE((1.,0.5,1.,0.5,
1.,0.5,1.)) REPRESENTATION_ITEM('') );
#5432 = CARTESIAN_POINT('',(-0.22933961432,0.233992314061));
#5433 = CARTESIAN_POINT('',(0.175946962215,0.631220178251));
#5434 = CARTESIAN_POINT('',(0.317313095427,8.161777506425E-02));
#5435 = CARTESIAN_POINT('',(0.458679228639,-0.467984628123));
#5436 = CARTESIAN_POINT('',(-8.797348110766E-02,-0.315610089126));
#5437 = CARTESIAN_POINT('',(-0.634626190855,-0.163235550129));
#5438 = CARTESIAN_POINT('',(-0.22933961432,0.233992314061));
#5439 = ( GEOMETRIC_REPRESENTATION_CONTEXT(2) 
PARAMETRIC_REPRESENTATION_CONTEXT() REPRESENTATION_CONTEXT('2D SPACE',''
  ) );
#5440 = ORIENTED_EDGE('',*,*,#5441,.F.);
#5441 = EDGE_CURVE('',#5442,#5409,#5444,.T.);
#5442 = VERTEX_POINT('',#5443);
#5443 = CARTESIAN_POINT('',(2.602738228426,2.298157929579,11.7257568367)
  );
#5444 = SURFACE_CURVE('',#5445,(#5450,#5456),.PCURVE_S1.);
#5445 = CIRCLE('',#5446,0.327641666667);
#5446 = AXIS2_PLACEMENT_3D('',#5447,#5448,#5449);
#5447 = CARTESIAN_POINT('',(2.621568142792,2.621568142792,11.77475));
#5448 = DIRECTION('',(-0.140307871841,-0.140307871841,0.980116014663));
#5449 = DIRECTION('',(0.989908262462,0.,0.141709674718));
#5450 = PCURVE('',#4054,#5451);
#5451 = DEFINITIONAL_REPRESENTATION('',(#5452),#5455);
#5452 = B_SPLINE_CURVE_WITH_KNOTS('',1,(#5453,#5454),.UNSPECIFIED.,.F.,
  .F.,(2,2),(4.634228104654,5.487745652842),.PIECEWISE_BEZIER_KNOTS.);
#5453 = CARTESIAN_POINT('',(-4.634228104654,-0.588144659791));
#5454 = CARTESIAN_POINT('',(-5.487745652842,-0.588144659791));
#5455 = ( GEOMETRIC_REPRESENTATION_CONTEXT(2) 
PARAMETRIC_REPRESENTATION_CONTEXT() REPRESENTATION_CONTEXT('2D SPACE',''
  ) );
#5456 = PCURVE('',#5457,#5462);
#5457 = PLANE('',#5458);
#5458 = AXIS2_PLACEMENT_3D('',#5459,#5460,#5461);
#5459 = CARTESIAN_POINT('',(2.621568142792,2.621568142792,11.77475));
#5460 = DIRECTION('',(-0.140307871841,-0.140307871841,0.980116014663));
#5461 = DIRECTION('',(0.989908262462,0.,0.141709674718));
#5462 = DEFINITIONAL_REPRESENTATION('',(#5463),#5467);
#5463 = CIRCLE('',#5464,0.327641666667);
#5464 = AXIS2_PLACEMENT_2D('',#5465,#5466);
#5465 = CARTESIAN_POINT('',(0.,0.));
#5466 = DIRECTION('',(1.,0.));
#5467 = ( GEOMETRIC_REPRESENTATION_CONTEXT(2) 
PARAMETRIC_REPRESENTATION_CONTEXT() REPRESENTATION_CONTEXT('2D SPACE',''
  ) );
#5468 = ORIENTED_EDGE('',*,*,#5469,.T.);
#5469 = EDGE_CURVE('',#5442,#4038,#5470,.T.);
#5470 = SURFACE_CURVE('',#5471,(#5477,#5486),.PCURVE_S1.);
#5471 = B_SPLINE_CURVE_WITH_KNOTS('',4,(#5472,#5473,#5474,#5475,#5476),
  .UNSPECIFIED.,.F.,.F.,(5,5),(0.,1.),.PIECEWISE_BEZIER_KNOTS.);
#5472 = CARTESIAN_POINT('',(2.602738228426,2.298157929579,11.7257568367)
  );
#5473 = CARTESIAN_POINT('',(2.609787355291,2.306000775592,
    11.648765570765));
#5474 = CARTESIAN_POINT('',(2.61681865491,2.313900095054,11.57177592933)
  );
#5475 = CARTESIAN_POINT('',(2.623827665793,2.321854184113,11.49478871952
    ));
#5476 = CARTESIAN_POINT('',(2.630810927979,2.329862330913,
    11.417804722426));
#5477 = PCURVE('',#4054,#5478);
#5478 = DEFINITIONAL_REPRESENTATION('',(#5479),#5485);
#5479 = B_SPLINE_CURVE_WITH_KNOTS('',4,(#5480,#5481,#5482,#5483,#5484),
  .UNSPECIFIED.,.F.,.F.,(5,5),(0.,0.933443332677),
  .PIECEWISE_BEZIER_KNOTS.);
#5480 = CARTESIAN_POINT('',(-4.634228104654,-0.588144659791));
#5481 = CARTESIAN_POINT('',(-4.623741504071,-0.515756284524));
#5482 = CARTESIAN_POINT('',(-4.613465137239,-0.443364571967));
#5483 = CARTESIAN_POINT('',(-4.603373665666,-0.370970869087));
#5484 = CARTESIAN_POINT('',(-4.593447576286,-0.298576291125));
#5485 = ( GEOMETRIC_REPRESENTATION_CONTEXT(2) 
PARAMETRIC_REPRESENTATION_CONTEXT() REPRESENTATION_CONTEXT('2D SPACE',''
  ) );
#5486 = PCURVE('',#4089,#5487);
#5487 = DEFINITIONAL_REPRESENTATION('',(#5488),#5494);
#5488 = B_SPLINE_CURVE_WITH_KNOTS('',4,(#5489,#5490,#5491,#5492,#5493),
  .UNSPECIFIED.,.F.,.F.,(5,5),(0.,1.),.PIECEWISE_BEZIER_KNOTS.);
#5489 = CARTESIAN_POINT('',(5.700723252665,0.505508193585));
#5490 = CARTESIAN_POINT('',(5.713224950394,0.427846807433));
#5491 = CARTESIAN_POINT('',(5.725897086527,0.350184274718));
#5492 = CARTESIAN_POINT('',(5.738727753079,0.272521839179));
#5493 = CARTESIAN_POINT('',(5.751712484585,0.194860576138));
#5494 = ( GEOMETRIC_REPRESENTATION_CONTEXT(2) 
PARAMETRIC_REPRESENTATION_CONTEXT() REPRESENTATION_CONTEXT('2D SPACE',''
  ) );
#5495 = ORIENTED_EDGE('',*,*,#4037,.T.);
#5496 = ORIENTED_EDGE('',*,*,#4616,.F.);
#5497 = ORIENTED_EDGE('',*,*,#5498,.T.);
#5498 = EDGE_CURVE('',#4617,#4646,#5499,.T.);
#5499 = SURFACE_CURVE('',#5500,(#5505,#5512),.PCURVE_S1.);
#5500 = CIRCLE('',#5501,0.35317);
#5501 = AXIS2_PLACEMENT_3D('',#5502,#5503,#5504);
#5502 = CARTESIAN_POINT('',(2.704089468342,2.704089468342,11.1983));
#5503 = DIRECTION('',(-0.140307871841,-0.140307871841,0.980116014663));
#5504 = DIRECTION('',(0.445060612709,-0.893199551399,-6.415303886077E-02
    ));
#5505 = PCURVE('',#4054,#5506);
#5506 = DEFINITIONAL_REPRESENTATION('',(#5507),#5511);
#5507 = LINE('',#5508,#5509);
#5508 = CARTESIAN_POINT('',(-5.158519552632,-0.));
#5509 = VECTOR('',#5510,1.);
#5510 = DIRECTION('',(-1.,-0.));
#5511 = ( GEOMETRIC_REPRESENTATION_CONTEXT(2) 
PARAMETRIC_REPRESENTATION_CONTEXT() REPRESENTATION_CONTEXT('2D SPACE',''
  ) );
#5512 = PCURVE('',#4665,#5513);
#5513 = DEFINITIONAL_REPRESENTATION('',(#5514),#5518);
#5514 = CIRCLE('',#5515,0.35317);
#5515 = AXIS2_PLACEMENT_2D('',#5516,#5517);
#5516 = CARTESIAN_POINT('',(0.,0.));
#5517 = DIRECTION('',(0.431478071548,-0.902123424911));
#5518 = ( GEOMETRIC_REPRESENTATION_CONTEXT(2) 
PARAMETRIC_REPRESENTATION_CONTEXT() REPRESENTATION_CONTEXT('2D SPACE',''
  ) );
#5519 = ORIENTED_EDGE('',*,*,#4677,.F.);
#5520 = ORIENTED_EDGE('',*,*,#4112,.T.);
#5521 = ORIENTED_EDGE('',*,*,#5522,.T.);
#5522 = EDGE_CURVE('',#4073,#5523,#5525,.T.);
#5523 = VERTEX_POINT('',#5524);
#5524 = CARTESIAN_POINT('',(2.298157929579,2.602738228426,11.7257568367)
  );
#5525 = SURFACE_CURVE('',#5526,(#5532,#5541),.PCURVE_S1.);
#5526 = B_SPLINE_CURVE_WITH_KNOTS('',4,(#5527,#5528,#5529,#5530,#5531),
  .UNSPECIFIED.,.F.,.F.,(5,5),(0.,1.),.PIECEWISE_BEZIER_KNOTS.);
#5527 = CARTESIAN_POINT('',(2.329862330913,2.630810927979,
    11.417804722426));
#5528 = CARTESIAN_POINT('',(2.321854184112,2.623827665792,
    11.494788719532));
#5529 = CARTESIAN_POINT('',(2.31390009506,2.616818654919,11.57177592931)
  );
#5530 = CARTESIAN_POINT('',(2.30600077559,2.609787355289,11.648765570785
    ));
#5531 = CARTESIAN_POINT('',(2.298157929579,2.602738228426,11.7257568367)
  );
#5532 = PCURVE('',#4054,#5533);
#5533 = DEFINITIONAL_REPRESENTATION('',(#5534),#5540);
#5534 = B_SPLINE_CURVE_WITH_KNOTS('',4,(#5535,#5536,#5537,#5538,#5539),
  .UNSPECIFIED.,.F.,.F.,(5,5),(6.655666731698E-02,1.),
  .PIECEWISE_BEZIER_KNOTS.);
#5535 = CARTESIAN_POINT('',(-9.523636382987,-0.298576291125));
#5536 = CARTESIAN_POINT('',(-9.5137102936,-0.370970869092));
#5537 = CARTESIAN_POINT('',(-9.503618822,-0.44336457195));
#5538 = CARTESIAN_POINT('',(-9.4933424552,-0.515756284542));
#5539 = CARTESIAN_POINT('',(-9.48285585462,-0.588144659791));
#5540 = ( GEOMETRIC_REPRESENTATION_CONTEXT(2) 
PARAMETRIC_REPRESENTATION_CONTEXT() REPRESENTATION_CONTEXT('2D SPACE',''
  ) );
#5541 = PCURVE('',#4089,#5542);
#5542 = DEFINITIONAL_REPRESENTATION('',(#5543),#5549);
#5543 = B_SPLINE_CURVE_WITH_KNOTS('',4,(#5544,#5545,#5546,#5547,#5548),
  .UNSPECIFIED.,.F.,.F.,(5,5),(0.,1.),.PIECEWISE_BEZIER_KNOTS.);
#5544 = CARTESIAN_POINT('',(2.097132343338,0.194860576138));
#5545 = CARTESIAN_POINT('',(2.110117074846,0.272521839191));
#5546 = CARTESIAN_POINT('',(2.12294774136,0.350184274697));
#5547 = CARTESIAN_POINT('',(2.135619877533,0.427846807453));
#5548 = CARTESIAN_POINT('',(2.148121575258,0.505508193584));
#5549 = ( GEOMETRIC_REPRESENTATION_CONTEXT(2) 
PARAMETRIC_REPRESENTATION_CONTEXT() REPRESENTATION_CONTEXT('2D SPACE',''
  ) );
#5550 = ORIENTED_EDGE('',*,*,#5551,.F.);
#5551 = EDGE_CURVE('',#5407,#5523,#5552,.T.);
#5552 = SURFACE_CURVE('',#5553,(#5558,#5564),.PCURVE_S1.);
#5553 = CIRCLE('',#5554,0.327641666667);
#5554 = AXIS2_PLACEMENT_3D('',#5555,#5556,#5557);
#5555 = CARTESIAN_POINT('',(2.621568142792,2.621568142792,11.77475));
#5556 = DIRECTION('',(-0.140307871841,-0.140307871841,0.980116014663));
#5557 = DIRECTION('',(0.989908262462,0.,0.141709674718));
#5558 = PCURVE('',#4054,#5559);
#5559 = DEFINITIONAL_REPRESENTATION('',(#5560),#5563);
#5560 = B_SPLINE_CURVE_WITH_KNOTS('',1,(#5561,#5562),.UNSPECIFIED.,.F.,
  .F.,(2,2),(2.346152999252,3.19967054744),.PIECEWISE_BEZIER_KNOTS.);
#5561 = CARTESIAN_POINT('',(-8.629338306432,-0.588144659791));
#5562 = CARTESIAN_POINT('',(-9.48285585462,-0.588144659791));
#5563 = ( GEOMETRIC_REPRESENTATION_CONTEXT(2) 
PARAMETRIC_REPRESENTATION_CONTEXT() REPRESENTATION_CONTEXT('2D SPACE',''
  ) );
#5564 = PCURVE('',#5565,#5570);
#5565 = PLANE('',#5566);
#5566 = AXIS2_PLACEMENT_3D('',#5567,#5568,#5569);
#5567 = CARTESIAN_POINT('',(2.621568142792,2.621568142792,11.77475));
#5568 = DIRECTION('',(-0.140307871841,-0.140307871841,0.980116014663));
#5569 = DIRECTION('',(0.989908262462,0.,0.141709674718));
#5570 = DEFINITIONAL_REPRESENTATION('',(#5571),#5575);
#5571 = CIRCLE('',#5572,0.327641666667);
#5572 = AXIS2_PLACEMENT_2D('',#5573,#5574);
#5573 = CARTESIAN_POINT('',(0.,0.));
#5574 = DIRECTION('',(1.,0.));
#5575 = ( GEOMETRIC_REPRESENTATION_CONTEXT(2) 
PARAMETRIC_REPRESENTATION_CONTEXT() REPRESENTATION_CONTEXT('2D SPACE',''
  ) );
#5576 = ADVANCED_FACE('',(#5577),#4089,.T.);
#5577 = FACE_BOUND('',#5578,.T.);
#5578 = EDGE_LOOP('',(#5579,#5580,#5581,#5582,#5609,#5649,#5681,#5736,
    #5766,#5816,#5850,#5885));
#5579 = ORIENTED_EDGE('',*,*,#5522,.F.);
#5580 = ORIENTED_EDGE('',*,*,#4072,.T.);
#5581 = ORIENTED_EDGE('',*,*,#5469,.F.);
#5582 = ORIENTED_EDGE('',*,*,#5583,.T.);
#5583 = EDGE_CURVE('',#5442,#5584,#5586,.T.);
#5584 = VERTEX_POINT('',#5585);
#5585 = CARTESIAN_POINT('',(2.602893116863,2.298396328846,
    11.725813137546));
#5586 = SURFACE_CURVE('',#5587,(#5592,#5602),.PCURVE_S1.);
#5587 = ELLIPSE('',#5588,0.221071114017,0.22);
#5588 = AXIS2_PLACEMENT_3D('',#5589,#5590,#5591);
#5589 = CARTESIAN_POINT('',(2.419183349741,2.419183349741,
    11.716805472656));
#5590 = DIRECTION('',(-0.140307871841,-0.140307871841,0.980116014663));
#5591 = DIRECTION('',(0.693046680318,0.693046680318,0.198425295265));
#5592 = PCURVE('',#4089,#5593);
#5593 = DEFINITIONAL_REPRESENTATION('',(#5594),#5601);
#5594 = B_SPLINE_CURVE_WITH_KNOTS('',5,(#5595,#5596,#5597,#5598,#5599,
    #5600),.UNSPECIFIED.,.F.,.F.,(6,6),(4.555248992045,5.500355546808),
  .PIECEWISE_BEZIER_KNOTS.);
#5595 = CARTESIAN_POINT('',(5.338078752416,0.497671301366));
#5596 = CARTESIAN_POINT('',(5.527100063369,0.501729176743));
#5597 = CARTESIAN_POINT('',(5.716121374322,0.50593908821));
#5598 = CARTESIAN_POINT('',(5.905142685274,0.509998270798));
#5599 = CARTESIAN_POINT('',(6.094163996227,0.5135839564));
#5600 = CARTESIAN_POINT('',(6.28318530718,0.516481631038));
#5601 = ( GEOMETRIC_REPRESENTATION_CONTEXT(2) 
PARAMETRIC_REPRESENTATION_CONTEXT() REPRESENTATION_CONTEXT('2D SPACE',''
  ) );
#5602 = PCURVE('',#5457,#5603);
#5603 = DEFINITIONAL_REPRESENTATION('',(#5604),#5608);
#5604 = ELLIPSE('',#5605,0.221071114017,0.22);
#5605 = AXIS2_PLACEMENT_2D('',#5606,#5607);
#5606 = CARTESIAN_POINT('',(-0.208553678959,-0.204406800665));
#5607 = DIRECTION('',(0.714171419167,0.69997084514));
#5608 = ( GEOMETRIC_REPRESENTATION_CONTEXT(2) 
PARAMETRIC_REPRESENTATION_CONTEXT() REPRESENTATION_CONTEXT('2D SPACE',''
  ) );
#5609 = ORIENTED_EDGE('',*,*,#5610,.F.);
#5610 = EDGE_CURVE('',#5611,#5584,#5613,.T.);
#5611 = VERTEX_POINT('',#5612);
#5612 = CARTESIAN_POINT('',(2.537594835676,2.226631495235,
    12.303268665822));
#5613 = SURFACE_CURVE('',#5614,(#5622,#5633),.PCURVE_S1.);
#5614 = B_SPLINE_CURVE_WITH_KNOTS('',6,(#5615,#5616,#5617,#5618,#5619,
    #5620,#5621),.UNSPECIFIED.,.F.,.F.,(7,7),(0.,1.),
  .PIECEWISE_BEZIER_KNOTS.);
#5615 = CARTESIAN_POINT('',(2.537594835676,2.226631495235,
    12.303268665822));
#5616 = CARTESIAN_POINT('',(2.549168564507,2.2385098055,12.205737148605)
  );
#5617 = CARTESIAN_POINT('',(2.560497648142,2.250478643582,
    12.108153345947));
#5618 = CARTESIAN_POINT('',(2.571611875793,2.262548972339,
    12.010535623436));
#5619 = CARTESIAN_POINT('',(2.582525228005,2.274728257209,
    11.912896269583));
#5620 = CARTESIAN_POINT('',(2.593246722342,2.28702341442,11.815245648742
    ));
#5621 = CARTESIAN_POINT('',(2.603780409822,2.299441320788,
    11.717592595954));
#5622 = PCURVE('',#4089,#5623);
#5623 = DEFINITIONAL_REPRESENTATION('',(#5624),#5632);
#5624 = B_SPLINE_CURVE_WITH_KNOTS('',6,(#5625,#5626,#5627,#5628,#5629,
    #5630,#5631),.UNSPECIFIED.,.F.,.F.,(7,7),(0.,1.),
  .PIECEWISE_BEZIER_KNOTS.);
#5625 = CARTESIAN_POINT('',(5.527653769355,1.089831300103));
#5626 = CARTESIAN_POINT('',(5.557841301751,0.991122962013));
#5627 = CARTESIAN_POINT('',(5.587547218633,0.892373623918));
#5628 = CARTESIAN_POINT('',(5.616957619613,0.793598644019));
#5629 = CARTESIAN_POINT('',(5.646188139335,0.694808714738));
#5630 = CARTESIAN_POINT('',(5.675336942147,0.596013008249));
#5631 = CARTESIAN_POINT('',(5.704488498519,0.497219533118));
#5632 = ( GEOMETRIC_REPRESENTATION_CONTEXT(2) 
PARAMETRIC_REPRESENTATION_CONTEXT() REPRESENTATION_CONTEXT('2D SPACE',''
  ) );
#5633 = PCURVE('',#5634,#5639);
#5634 = CONICAL_SURFACE('',#5635,0.327641666667,4.305734175707E-02);
#5635 = AXIS2_PLACEMENT_3D('',#5636,#5637,#5638);
#5636 = CARTESIAN_POINT('',(2.621568142792,2.621568142792,11.77475));
#5637 = DIRECTION('',(0.163590330977,0.163590330977,-0.972870190324));
#5638 = DIRECTION('',(0.986155320523,-3.469446951954E-18,0.165824255778)
  );
#5639 = DEFINITIONAL_REPRESENTATION('',(#5640),#5648);
#5640 = B_SPLINE_CURVE_WITH_KNOTS('',6,(#5641,#5642,#5643,#5644,#5645,
    #5646,#5647),.UNSPECIFIED.,.F.,.F.,(7,7),(0.,0.985969803265),
  .PIECEWISE_BEZIER_KNOTS.);
#5641 = CARTESIAN_POINT('',(-4.728378664183,-0.592525093002));
#5642 = CARTESIAN_POINT('',(-4.712621398948,-0.495188149985));
#5643 = CARTESIAN_POINT('',(-4.69658949712,-0.39782626697));
#5644 = CARTESIAN_POINT('',(-4.680396643649,-0.300450179782));
#5645 = CARTESIAN_POINT('',(-4.664090446253,-0.203068021666));
#5646 = CARTESIAN_POINT('',(-4.647699493762,-0.105686985307));
#5647 = CARTESIAN_POINT('',(-4.631234440875,-8.313622992734E-03));
#5648 = ( GEOMETRIC_REPRESENTATION_CONTEXT(2) 
PARAMETRIC_REPRESENTATION_CONTEXT() REPRESENTATION_CONTEXT('2D SPACE',''
  ) );
#5649 = ORIENTED_EDGE('',*,*,#5650,.T.);
#5650 = EDGE_CURVE('',#5611,#5651,#5653,.T.);
#5651 = VERTEX_POINT('',#5652);
#5652 = CARTESIAN_POINT('',(2.537796456594,2.226847204231,
    12.303338840794));
#5653 = SURFACE_CURVE('',#5654,(#5659,#5669),.PCURVE_S1.);
#5654 = ELLIPSE('',#5655,0.221936390076,0.22);
#5655 = AXIS2_PLACEMENT_3D('',#5656,#5657,#5658);
#5656 = CARTESIAN_POINT('',(2.377162010139,2.377162010139,12.30160356981
    ));
#5657 = DIRECTION('',(-0.163590330977,-0.163590330977,0.972870190324));
#5658 = DIRECTION('',(0.687923108793,0.687923108793,0.231351664741));
#5659 = PCURVE('',#4089,#5660);
#5660 = DEFINITIONAL_REPRESENTATION('',(#5661),#5668);
#5661 = B_SPLINE_CURVE_WITH_KNOTS('',5,(#5662,#5663,#5664,#5665,#5666,
    #5667),.UNSPECIFIED.,.F.,.F.,(6,6),(4.32471970326,5.500355546808),
  .PIECEWISE_BEZIER_KNOTS.);
#5662 = CARTESIAN_POINT('',(5.107549463631,1.077823920918));
#5663 = CARTESIAN_POINT('',(5.342676632341,1.084191771346));
#5664 = CARTESIAN_POINT('',(5.577803801051,1.091324153117));
#5665 = CARTESIAN_POINT('',(5.81293096976,1.098486106985));
#5666 = CARTESIAN_POINT('',(6.04805813847,1.104769804613));
#5667 = CARTESIAN_POINT('',(6.28318530718,1.109620966967));
#5668 = ( GEOMETRIC_REPRESENTATION_CONTEXT(2) 
PARAMETRIC_REPRESENTATION_CONTEXT() REPRESENTATION_CONTEXT('2D SPACE',''
  ) );
#5669 = PCURVE('',#5670,#5675);
#5670 = PLANE('',#5671);
#5671 = AXIS2_PLACEMENT_3D('',#5672,#5673,#5674);
#5672 = CARTESIAN_POINT('',(2.524636766716,2.524636766716,12.3512));
#5673 = DIRECTION('',(-0.163590330977,-0.163590330977,0.972870190324));
#5674 = DIRECTION('',(0.986155320523,-3.469446951954E-18,0.165824255778)
  );
#5675 = DEFINITIONAL_REPRESENTATION('',(#5676),#5680);
#5676 = ELLIPSE('',#5677,0.221936390076,0.22);
#5677 = AXIS2_PLACEMENT_2D('',#5678,#5679);
#5678 = CARTESIAN_POINT('',(-0.153657306967,-0.149488613473));
#5679 = DIRECTION('',(0.716762751475,0.697317114445));
#5680 = ( GEOMETRIC_REPRESENTATION_CONTEXT(2) 
PARAMETRIC_REPRESENTATION_CONTEXT() REPRESENTATION_CONTEXT('2D SPACE',''
  ) );
#5681 = ORIENTED_EDGE('',*,*,#5682,.F.);
#5682 = EDGE_CURVE('',#5683,#5651,#5685,.T.);
#5683 = VERTEX_POINT('',#5684);
#5684 = CARTESIAN_POINT('',(2.462575720296,2.158422034448,12.7712));
#5685 = SURFACE_CURVE('',#5686,(#5699,#5715),.PCURVE_S1.);
#5686 = B_SPLINE_CURVE_WITH_KNOTS('',6,(#5687,#5688,#5689,#5690,#5691,
    #5692,#5693,#5694,#5695,#5696,#5697,#5698),.UNSPECIFIED.,.F.,.F.,(7,
    5,7),(0.,0.535444333816,1.),.UNSPECIFIED.);
#5687 = CARTESIAN_POINT('',(2.440534634185,2.142117729232,
    12.880533267939));
#5688 = CARTESIAN_POINT('',(2.45135083431,2.149661480825,12.83037744271)
  );
#5689 = CARTESIAN_POINT('',(2.461457601441,2.15726322886,12.779311059576
    ));
#5690 = CARTESIAN_POINT('',(2.471032243784,2.164879249907,
    12.727691632511));
#5691 = CARTESIAN_POINT('',(2.480172887982,2.172503077158,12.67572532371
    ));
#5692 = CARTESIAN_POINT('',(2.488955235534,2.180133881862,
    12.623519872871));
#5693 = CARTESIAN_POINT('',(2.504800476604,2.194419991592,
    12.525606725842));
#5694 = CARTESIAN_POINT('',(2.511933832863,2.20106755626,12.479974887401
    ));
#5695 = CARTESIAN_POINT('',(2.518874629449,2.207729300048,
    12.434236054251));
#5696 = CARTESIAN_POINT('',(2.525646656274,2.214408613414,
    12.388416665239));
#5697 = CARTESIAN_POINT('',(2.532266723518,2.221108960474,
    12.342533820358));
#5698 = CARTESIAN_POINT('',(2.538748972588,2.227833869868,
    12.296598239534));
#5699 = PCURVE('',#4089,#5700);
#5700 = DEFINITIONAL_REPRESENTATION('',(#5701),#5714);
#5701 = B_SPLINE_CURVE_WITH_KNOTS('',6,(#5702,#5703,#5704,#5705,#5706,
    #5707,#5708,#5709,#5710,#5711,#5712,#5713),.UNSPECIFIED.,.F.,.F.,(7,
    5,7),(0.,0.535444333816,1.),.UNSPECIFIED.);
#5702 = CARTESIAN_POINT('',(5.208398396532,1.677118552764));
#5703 = CARTESIAN_POINT('',(5.245577268862,1.625907192892));
#5704 = CARTESIAN_POINT('',(5.279659254965,1.573836510388));
#5705 = CARTESIAN_POINT('',(5.311503312938,1.521252637739));
#5706 = CARTESIAN_POINT('',(5.341599194416,1.46835412826));
#5707 = CARTESIAN_POINT('',(5.370317217456,1.415242817126));
#5708 = CARTESIAN_POINT('',(5.421915545421,1.315677314042));
#5709 = CARTESIAN_POINT('',(5.445054954482,1.269294107275));
#5710 = CARTESIAN_POINT('',(5.467537592217,1.22281720607));
#5711 = CARTESIAN_POINT('',(5.489485721384,1.17627097074));
#5712 = CARTESIAN_POINT('',(5.510989449616,1.129670964294));
#5713 = CARTESIAN_POINT('',(5.532126426791,1.083026588537));
#5714 = ( GEOMETRIC_REPRESENTATION_CONTEXT(2) 
PARAMETRIC_REPRESENTATION_CONTEXT() REPRESENTATION_CONTEXT('2D SPACE',''
  ) );
#5715 = PCURVE('',#5716,#5721);
#5716 = CONICAL_SURFACE('',#5717,0.302113333333,4.269436731809E-02);
#5717 = AXIS2_PLACEMENT_3D('',#5718,#5719,#5720);
#5718 = CARTESIAN_POINT('',(2.524636766716,2.524636766716,12.3512));
#5719 = DIRECTION('',(0.186324040178,0.186324040178,-0.964658853742));
#5720 = DIRECTION('',(-6.938893903907E-18,0.981852717803,0.189645038276)
  );
#5721 = DEFINITIONAL_REPRESENTATION('',(#5722),#5735);
#5722 = B_SPLINE_CURVE_WITH_KNOTS('',6,(#5723,#5724,#5725,#5726,#5727,
    #5728,#5729,#5730,#5731,#5732,#5733,#5734),.UNSPECIFIED.,.F.,.F.,(7,
    5,7),(0.,0.535444333816,0.988637689985),.UNSPECIFIED.);
#5723 = CARTESIAN_POINT('',(-3.242000998839,-0.597568765128));
#5724 = CARTESIAN_POINT('',(-3.245499444235,-0.545764603872));
#5725 = CARTESIAN_POINT('',(-3.245774835032,-0.493203443162));
#5726 = CARTESIAN_POINT('',(-3.243817617804,-0.440205271963));
#5727 = CARTESIAN_POINT('',(-3.240181524053,-0.386951888029));
#5728 = CARTESIAN_POINT('',(-3.235250339699,-0.333533272824));
#5729 = CARTESIAN_POINT('',(-3.224223182195,-0.234603285668));
#5730 = CARTESIAN_POINT('',(-3.218425393189,-0.189158245006));
#5731 = CARTESIAN_POINT('',(-3.212041842844,-0.143645905423));
#5732 = CARTESIAN_POINT('',(-3.205179656352,-9.808546557252E-02));
#5733 = CARTESIAN_POINT('',(-3.197913453663,-5.248908480387E-02));
#5734 = CARTESIAN_POINT('',(-3.190302877207,-6.863696806972E-03));
#5735 = ( GEOMETRIC_REPRESENTATION_CONTEXT(2) 
PARAMETRIC_REPRESENTATION_CONTEXT() REPRESENTATION_CONTEXT('2D SPACE',''
  ) );
#5736 = ORIENTED_EDGE('',*,*,#5737,.F.);
#5737 = EDGE_CURVE('',#5738,#5683,#5740,.T.);
#5738 = VERTEX_POINT('',#5739);
#5739 = CARTESIAN_POINT('',(2.15842203769,2.462575714898,12.7712));
#5740 = SURFACE_CURVE('',#5741,(#5746,#5759),.PCURVE_S1.);
#5741 = ELLIPSE('',#5742,0.221133009849,0.22);
#5742 = AXIS2_PLACEMENT_3D('',#5743,#5744,#5745);
#5743 = CARTESIAN_POINT('',(2.343418618762,2.343418618762,12.7712));
#5744 = DIRECTION('',(0.,0.,1.));
#5745 = DIRECTION('',(-0.707106781187,-0.707106781187,0.));
#5746 = PCURVE('',#4089,#5747);
#5747 = DEFINITIONAL_REPRESENTATION('',(#5748),#5758);
#5748 = B_SPLINE_CURVE_WITH_KNOTS('',8,(#5749,#5750,#5751,#5752,#5753,
    #5754,#5755,#5756,#5757),.UNSPECIFIED.,.F.,.F.,(9,9),(4.459348018111
    ,8.107022596247),.PIECEWISE_BEZIER_KNOTS.);
#5749 = CARTESIAN_POINT('',(2.100585124893,1.555300600064));
#5750 = CARTESIAN_POINT('',(2.55654444716,1.565169593972));
#5751 = CARTESIAN_POINT('',(3.012503769428,1.576368709281));
#5752 = CARTESIAN_POINT('',(3.46846309168,1.585767905678));
#5753 = CARTESIAN_POINT('',(3.924422413973,1.589671779465));
#5754 = CARTESIAN_POINT('',(4.380381736213,1.585767905678));
#5755 = CARTESIAN_POINT('',(4.836341058497,1.576368709282));
#5756 = CARTESIAN_POINT('',(5.292300380762,1.565169593972));
#5757 = CARTESIAN_POINT('',(5.748259703029,1.555300600064));
#5758 = ( GEOMETRIC_REPRESENTATION_CONTEXT(2) 
PARAMETRIC_REPRESENTATION_CONTEXT() REPRESENTATION_CONTEXT('2D SPACE',''
  ) );
#5759 = PCURVE('',#5243,#5760);
#5760 = DEFINITIONAL_REPRESENTATION('',(#5761),#5765);
#5761 = ELLIPSE('',#5762,0.221133009849,0.22);
#5762 = AXIS2_PLACEMENT_2D('',#5763,#5764);
#5763 = CARTESIAN_POINT('',(2.343418618762,2.343418618762));
#5764 = DIRECTION('',(-0.707106781187,-0.707106781187));
#5765 = ( GEOMETRIC_REPRESENTATION_CONTEXT(2) 
PARAMETRIC_REPRESENTATION_CONTEXT() REPRESENTATION_CONTEXT('2D SPACE',''
  ) );
#5766 = ORIENTED_EDGE('',*,*,#5767,.F.);
#5767 = EDGE_CURVE('',#5768,#5738,#5770,.T.);
#5768 = VERTEX_POINT('',#5769);
#5769 = CARTESIAN_POINT('',(2.226847204231,2.537796456594,
    12.303338840794));
#5770 = SURFACE_CURVE('',#5771,(#5784,#5800),.PCURVE_S1.);
#5771 = B_SPLINE_CURVE_WITH_KNOTS('',6,(#5772,#5773,#5774,#5775,#5776,
    #5777,#5778,#5779,#5780,#5781,#5782,#5783),.UNSPECIFIED.,.F.,.F.,(7,
    5,7),(0.,0.630674133171,1.),.UNSPECIFIED.);
#5772 = CARTESIAN_POINT('',(2.227833869868,2.538748972588,
    12.296598239534));
#5773 = CARTESIAN_POINT('',(2.21870457399,2.529949096449,12.35895737095)
  );
#5774 = CARTESIAN_POINT('',(2.209621574311,2.52089593927,12.421212395295
    ));
#5775 = CARTESIAN_POINT('',(2.200574284447,2.511554385981,
    12.483347691093));
#5776 = CARTESIAN_POINT('',(2.191554616095,2.501874954656,
    12.545313504983));
#5777 = CARTESIAN_POINT('',(2.182553769478,2.491793368631,
    12.607025375754));
#5778 = CARTESIAN_POINT('',(2.168305163982,2.474964456832,
    12.704228049612));
#5779 = CARTESIAN_POINT('',(2.163048983687,2.468568198749,
    12.739978835838));
#5780 = CARTESIAN_POINT('',(2.157797778055,2.461963633277,
    12.775555090971));
#5781 = CARTESIAN_POINT('',(2.152552850599,2.455119513498,
    12.810903674538));
#5782 = CARTESIAN_POINT('',(2.147321040181,2.447995120104,
    12.845938232384));
#5783 = CARTESIAN_POINT('',(2.142117729232,2.440534634185,
    12.880533267939));
#5784 = PCURVE('',#4089,#5785);
#5785 = DEFINITIONAL_REPRESENTATION('',(#5786),#5799);
#5786 = B_SPLINE_CURVE_WITH_KNOTS('',6,(#5787,#5788,#5789,#5790,#5791,
    #5792,#5793,#5794,#5795,#5796,#5797,#5798),.UNSPECIFIED.,.F.,.F.,(7,
    5,7),(0.,0.630674133171,1.),.UNSPECIFIED.);
#5787 = CARTESIAN_POINT('',(2.316718401132,1.083026588538));
#5788 = CARTESIAN_POINT('',(2.34541257488,1.146347933461));
#5789 = CARTESIAN_POINT('',(2.374780614055,1.20958050165));
#5790 = CARTESIAN_POINT('',(2.405014228263,1.272712018775));
#5791 = CARTESIAN_POINT('',(2.436371378438,1.335697101972));
#5792 = CARTESIAN_POINT('',(2.469183019375,1.398456946869));
#5793 = CARTESIAN_POINT('',(2.524514494455,1.497383256537));
#5794 = CARTESIAN_POINT('',(2.545659631136,1.533783877293));
#5795 = CARTESIAN_POINT('',(2.567645869625,1.570025397041));
#5796 = CARTESIAN_POINT('',(2.590626526099,1.606057088173));
#5797 = CARTESIAN_POINT('',(2.614802263356,1.64179546103));
#5798 = CARTESIAN_POINT('',(2.640446431391,1.677118552764));
#5799 = ( GEOMETRIC_REPRESENTATION_CONTEXT(2) 
PARAMETRIC_REPRESENTATION_CONTEXT() REPRESENTATION_CONTEXT('2D SPACE',''
  ) );
#5800 = PCURVE('',#5716,#5801);
#5801 = DEFINITIONAL_REPRESENTATION('',(#5802),#5815);
#5802 = B_SPLINE_CURVE_WITH_KNOTS('',6,(#5803,#5804,#5805,#5806,#5807,
    #5808,#5809,#5810,#5811,#5812,#5813,#5814),.UNSPECIFIED.,.F.,.F.,(7,
    5,7),(1.136279379423E-02,0.630674133171,1.),.UNSPECIFIED.);
#5803 = CARTESIAN_POINT('',(-7.841244413427,-6.863696858284E-03));
#5804 = CARTESIAN_POINT('',(-7.830844746942,-6.921012602379E-02));
#5805 = CARTESIAN_POINT('',(-7.821089740564,-0.131496389502));
#5806 = CARTESIAN_POINT('',(-7.812124462003,-0.19371470906));
#5807 = CARTESIAN_POINT('',(-7.804170945808,-0.255828742924));
#5808 = CARTESIAN_POINT('',(-7.797537017183,-0.317773270465));
#5809 = CARTESIAN_POINT('',(-7.790017752683,-0.416199923004));
#5810 = CARTESIAN_POINT('',(-7.787893367528,-0.452858364862));
#5811 = CARTESIAN_POINT('',(-7.786583044554,-0.489386329531));
#5812 = CARTESIAN_POINT('',(-7.78625288413,-0.525738133759));
#5813 = CARTESIAN_POINT('',(-7.787133230727,-0.561836787988));
#5814 = CARTESIAN_POINT('',(-7.789546287282,-0.597568765127));
#5815 = ( GEOMETRIC_REPRESENTATION_CONTEXT(2) 
PARAMETRIC_REPRESENTATION_CONTEXT() REPRESENTATION_CONTEXT('2D SPACE',''
  ) );
#5816 = ORIENTED_EDGE('',*,*,#5817,.T.);
#5817 = EDGE_CURVE('',#5768,#5818,#5820,.T.);
#5818 = VERTEX_POINT('',#5819);
#5819 = CARTESIAN_POINT('',(2.226631495235,2.537594835676,
    12.303268665822));
#5820 = SURFACE_CURVE('',#5821,(#5826,#5838),.PCURVE_S1.);
#5821 = ELLIPSE('',#5822,0.221936390076,0.22);
#5822 = AXIS2_PLACEMENT_3D('',#5823,#5824,#5825);
#5823 = CARTESIAN_POINT('',(2.377162010139,2.377162010139,12.30160356981
    ));
#5824 = DIRECTION('',(-0.163590330977,-0.163590330977,0.972870190324));
#5825 = DIRECTION('',(0.687923108793,0.687923108793,0.231351664741));
#5826 = PCURVE('',#4089,#5827);
#5827 = DEFINITIONAL_REPRESENTATION('',(#5828),#5837);
#5828 = B_SPLINE_CURVE_WITH_KNOTS('',7,(#5829,#5830,#5831,#5832,#5833,
    #5834,#5835,#5836),.UNSPECIFIED.,.F.,.F.,(8,8),(5.500355546808,
    8.215251243951),.PIECEWISE_BEZIER_KNOTS.);
#5829 = CARTESIAN_POINT('',(0.,1.109620966967));
#5830 = CARTESIAN_POINT('',(0.387842242449,1.117622958809));
#5831 = CARTESIAN_POINT('',(0.775684484898,1.121982811848));
#5832 = CARTESIAN_POINT('',(1.163526727347,1.120757119816));
#5833 = CARTESIAN_POINT('',(1.551368969796,1.11323047674));
#5834 = CARTESIAN_POINT('',(1.939211212245,1.101581507727));
#5835 = CARTESIAN_POINT('',(2.327053454694,1.089155986974));
#5836 = CARTESIAN_POINT('',(2.714895697143,1.078542662396));
#5837 = ( GEOMETRIC_REPRESENTATION_CONTEXT(2) 
PARAMETRIC_REPRESENTATION_CONTEXT() REPRESENTATION_CONTEXT('2D SPACE',''
  ) );
#5838 = PCURVE('',#5839,#5844);
#5839 = PLANE('',#5840);
#5840 = AXIS2_PLACEMENT_3D('',#5841,#5842,#5843);
#5841 = CARTESIAN_POINT('',(2.524636766716,2.524636766716,12.3512));
#5842 = DIRECTION('',(-0.163590330977,-0.163590330977,0.972870190324));
#5843 = DIRECTION('',(0.986155320523,-3.469446951954E-18,0.165824255778)
  );
#5844 = DEFINITIONAL_REPRESENTATION('',(#5845),#5849);
#5845 = ELLIPSE('',#5846,0.221936390076,0.22);
#5846 = AXIS2_PLACEMENT_2D('',#5847,#5848);
#5847 = CARTESIAN_POINT('',(-0.153657306967,-0.149488613473));
#5848 = DIRECTION('',(0.716762751475,0.697317114445));
#5849 = ( GEOMETRIC_REPRESENTATION_CONTEXT(2) 
PARAMETRIC_REPRESENTATION_CONTEXT() REPRESENTATION_CONTEXT('2D SPACE',''
  ) );
#5850 = ORIENTED_EDGE('',*,*,#5851,.F.);
#5851 = EDGE_CURVE('',#5852,#5818,#5854,.T.);
#5852 = VERTEX_POINT('',#5853);
#5853 = CARTESIAN_POINT('',(2.298396328846,2.602893116863,
    11.725813137546));
#5854 = SURFACE_CURVE('',#5855,(#5863,#5874),.PCURVE_S1.);
#5855 = B_SPLINE_CURVE_WITH_KNOTS('',6,(#5856,#5857,#5858,#5859,#5860,
    #5861,#5862),.UNSPECIFIED.,.F.,.F.,(7,7),(0.,1.),
  .PIECEWISE_BEZIER_KNOTS.);
#5856 = CARTESIAN_POINT('',(2.299441320788,2.603780409822,
    11.717592595955));
#5857 = CARTESIAN_POINT('',(2.287023414458,2.593246722374,
    11.815245648447));
#5858 = CARTESIAN_POINT('',(2.274728257219,2.582525228057,
    11.912896269612));
#5859 = CARTESIAN_POINT('',(2.262548972287,2.571611875665,
    12.010535623624));
#5860 = CARTESIAN_POINT('',(2.250478643588,2.560497648196,12.10815334604
    ));
#5861 = CARTESIAN_POINT('',(2.238509805534,2.54916856454,12.20573714832)
  );
#5862 = CARTESIAN_POINT('',(2.226631495235,2.537594835676,
    12.303268665822));
#5863 = PCURVE('',#4089,#5864);
#5864 = DEFINITIONAL_REPRESENTATION('',(#5865),#5873);
#5865 = B_SPLINE_CURVE_WITH_KNOTS('',6,(#5866,#5867,#5868,#5869,#5870,
    #5871,#5872),.UNSPECIFIED.,.F.,.F.,(7,7),(0.,1.),
  .PIECEWISE_BEZIER_KNOTS.);
#5866 = CARTESIAN_POINT('',(2.144356329404,0.497219533118));
#5867 = CARTESIAN_POINT('',(2.173507885688,0.59601300795));
#5868 = CARTESIAN_POINT('',(2.202656688342,0.694808714762));
#5869 = CARTESIAN_POINT('',(2.23188720887,0.793598644219));
#5870 = CARTESIAN_POINT('',(2.261297609013,0.892373624006));
#5871 = CARTESIAN_POINT('',(2.291003526084,0.991122961726));
#5872 = CARTESIAN_POINT('',(2.321191058568,1.089831300102));
#5873 = ( GEOMETRIC_REPRESENTATION_CONTEXT(2) 
PARAMETRIC_REPRESENTATION_CONTEXT() REPRESENTATION_CONTEXT('2D SPACE',''
  ) );
#5874 = PCURVE('',#5634,#5875);
#5875 = DEFINITIONAL_REPRESENTATION('',(#5876),#5884);
#5876 = B_SPLINE_CURVE_WITH_KNOTS('',6,(#5877,#5878,#5879,#5880,#5881,
    #5882,#5883),.UNSPECIFIED.,.F.,.F.,(7,7),(1.403019677376E-02,1.),
  .PIECEWISE_BEZIER_KNOTS.);
#5877 = CARTESIAN_POINT('',(-9.478431350025,-8.313622992722E-03));
#5878 = CARTESIAN_POINT('',(-9.461966297167,-0.10568698505));
#5879 = CARTESIAN_POINT('',(-9.445575344436,-0.20306802171));
#5880 = CARTESIAN_POINT('',(-9.429269147661,-0.300450180001));
#5881 = CARTESIAN_POINT('',(-9.413076293484,-0.397826267048));
#5882 = CARTESIAN_POINT('',(-9.397044391998,-0.495188149705));
#5883 = CARTESIAN_POINT('',(-9.381287126717,-0.592525093001));
#5884 = ( GEOMETRIC_REPRESENTATION_CONTEXT(2) 
PARAMETRIC_REPRESENTATION_CONTEXT() REPRESENTATION_CONTEXT('2D SPACE',''
  ) );
#5885 = ORIENTED_EDGE('',*,*,#5886,.T.);
#5886 = EDGE_CURVE('',#5852,#5523,#5887,.T.);
#5887 = SURFACE_CURVE('',#5888,(#5893,#5904),.PCURVE_S1.);
#5888 = ELLIPSE('',#5889,0.221071114017,0.22);
#5889 = AXIS2_PLACEMENT_3D('',#5890,#5891,#5892);
#5890 = CARTESIAN_POINT('',(2.419183349741,2.419183349741,
    11.716805472656));
#5891 = DIRECTION('',(-0.140307871841,-0.140307871841,0.980116014663));
#5892 = DIRECTION('',(0.693046680318,0.693046680318,0.198425295265));
#5893 = PCURVE('',#4089,#5894);
#5894 = DEFINITIONAL_REPRESENTATION('',(#5895),#5903);
#5895 = B_SPLINE_CURVE_WITH_KNOTS('',6,(#5896,#5897,#5898,#5899,#5900,
    #5901,#5902),.UNSPECIFIED.,.F.,.F.,(7,7),(5.500355546808,
    7.995969848355),.PIECEWISE_BEZIER_KNOTS.);
#5896 = CARTESIAN_POINT('',(0.,0.516481631038));
#5897 = CARTESIAN_POINT('',(0.415935716924,0.522857877037));
#5898 = CARTESIAN_POINT('',(0.831871433849,0.526040059591));
#5899 = CARTESIAN_POINT('',(1.247807150773,0.524011679462));
#5900 = CARTESIAN_POINT('',(1.663742867698,0.516527061627));
#5901 = CARTESIAN_POINT('',(2.079678584622,0.506946598809));
#5902 = CARTESIAN_POINT('',(2.495614301547,0.497996954912));
#5903 = ( GEOMETRIC_REPRESENTATION_CONTEXT(2) 
PARAMETRIC_REPRESENTATION_CONTEXT() REPRESENTATION_CONTEXT('2D SPACE',''
  ) );
#5904 = PCURVE('',#5565,#5905);
#5905 = DEFINITIONAL_REPRESENTATION('',(#5906),#5910);
#5906 = ELLIPSE('',#5907,0.221071114017,0.22);
#5907 = AXIS2_PLACEMENT_2D('',#5908,#5909);
#5908 = CARTESIAN_POINT('',(-0.208553678959,-0.204406800665));
#5909 = DIRECTION('',(0.714171419167,0.69997084514));
#5910 = ( GEOMETRIC_REPRESENTATION_CONTEXT(2) 
PARAMETRIC_REPRESENTATION_CONTEXT() REPRESENTATION_CONTEXT('2D SPACE',''
  ) );
#5911 = ADVANCED_FACE('',(#5912),#3895,.T.);
#5912 = FACE_BOUND('',#5913,.T.);
#5913 = EDGE_LOOP('',(#5914,#5949,#5977,#6004,#6005,#6006,#6028,#6029,
    #6030,#6059));
#5914 = ORIENTED_EDGE('',*,*,#5915,.T.);
#5915 = EDGE_CURVE('',#5916,#5918,#5920,.T.);
#5916 = VERTEX_POINT('',#5917);
#5917 = CARTESIAN_POINT('',(2.853245787092,-2.389890498493,11.77475));
#5918 = VERTEX_POINT('',#5919);
#5919 = CARTESIAN_POINT('',(2.389890498493,-2.853245787092,11.77475));
#5920 = SURFACE_CURVE('',#5921,(#5926,#5933),.PCURVE_S1.);
#5921 = CIRCLE('',#5922,0.327641666667);
#5922 = AXIS2_PLACEMENT_3D('',#5923,#5924,#5925);
#5923 = CARTESIAN_POINT('',(2.621568142792,-2.621568142792,11.77475));
#5924 = DIRECTION('',(0.140307871841,-0.140307871841,-0.980116014663));
#5925 = DIRECTION('',(0.707106781186,0.707106781187,-2.711719737647E-14)
  );
#5926 = PCURVE('',#3895,#5927);
#5927 = DEFINITIONAL_REPRESENTATION('',(#5928),#5932);
#5928 = LINE('',#5929,#5930);
#5929 = CARTESIAN_POINT('',(-7.078624961517,-0.588144659791));
#5930 = VECTOR('',#5931,1.);
#5931 = DIRECTION('',(1.,-0.));
#5932 = ( GEOMETRIC_REPRESENTATION_CONTEXT(2) 
PARAMETRIC_REPRESENTATION_CONTEXT() REPRESENTATION_CONTEXT('2D SPACE',''
  ) );
#5933 = PCURVE('',#5934,#5939);
#5934 = PLANE('',#5935);
#5935 = AXIS2_PLACEMENT_3D('',#5936,#5937,#5938);
#5936 = CARTESIAN_POINT('',(2.621568142792,-2.621568142792,11.77475));
#5937 = DIRECTION('',(-0.140307871841,0.140307871841,0.980116014663));
#5938 = DIRECTION('',(0.989908262462,0.,0.141709674718));
#5939 = DEFINITIONAL_REPRESENTATION('',(#5940),#5948);
#5940 = ( BOUNDED_CURVE() B_SPLINE_CURVE(2,(#5941,#5942,#5943,#5944,
#5945,#5946,#5947),.UNSPECIFIED.,.T.,.F.) B_SPLINE_CURVE_WITH_KNOTS((1,2
    ,2,2,2,1),(-2.094395102393,0.,2.094395102393,4.188790204786,
6.28318530718,8.377580409573),.UNSPECIFIED.) CURVE() 
GEOMETRIC_REPRESENTATION_ITEM() RATIONAL_B_SPLINE_CURVE((1.,0.5,1.,0.5,
1.,0.5,1.)) REPRESENTATION_ITEM('') );
#5941 = CARTESIAN_POINT('',(0.22933961432,0.233992314061));
#5942 = CARTESIAN_POINT('',(0.634626190855,-0.163235550128));
#5943 = CARTESIAN_POINT('',(8.797348110771E-02,-0.315610089126));
#5944 = CARTESIAN_POINT('',(-0.458679228639,-0.467984628123));
#5945 = CARTESIAN_POINT('',(-0.317313095427,8.16177750642E-02));
#5946 = CARTESIAN_POINT('',(-0.175946962215,0.631220178251));
#5947 = CARTESIAN_POINT('',(0.22933961432,0.233992314061));
#5948 = ( GEOMETRIC_REPRESENTATION_CONTEXT(2) 
PARAMETRIC_REPRESENTATION_CONTEXT() REPRESENTATION_CONTEXT('2D SPACE',''
  ) );
#5949 = ORIENTED_EDGE('',*,*,#5950,.F.);
#5950 = EDGE_CURVE('',#5951,#5918,#5953,.T.);
#5951 = VERTEX_POINT('',#5952);
#5952 = CARTESIAN_POINT('',(2.298157929579,-2.602738228426,11.7257568367
    ));
#5953 = SURFACE_CURVE('',#5954,(#5959,#5965),.PCURVE_S1.);
#5954 = CIRCLE('',#5955,0.327641666667);
#5955 = AXIS2_PLACEMENT_3D('',#5956,#5957,#5958);
#5956 = CARTESIAN_POINT('',(2.621568142792,-2.621568142792,11.77475));
#5957 = DIRECTION('',(-0.140307871841,0.140307871841,0.980116014663));
#5958 = DIRECTION('',(0.989908262462,0.,0.141709674718));
#5959 = PCURVE('',#3895,#5960);
#5960 = DEFINITIONAL_REPRESENTATION('',(#5961),#5964);
#5961 = B_SPLINE_CURVE_WITH_KNOTS('',1,(#5962,#5963),.UNSPECIFIED.,.F.,
  .F.,(2,2),(3.08351475974,3.937032307927),.PIECEWISE_BEZIER_KNOTS.);
#5962 = CARTESIAN_POINT('',(-3.08351475974,-0.588144659791));
#5963 = CARTESIAN_POINT('',(-3.937032307927,-0.588144659791));
#5964 = ( GEOMETRIC_REPRESENTATION_CONTEXT(2) 
PARAMETRIC_REPRESENTATION_CONTEXT() REPRESENTATION_CONTEXT('2D SPACE',''
  ) );
#5965 = PCURVE('',#5966,#5971);
#5966 = PLANE('',#5967);
#5967 = AXIS2_PLACEMENT_3D('',#5968,#5969,#5970);
#5968 = CARTESIAN_POINT('',(2.621568142792,-2.621568142792,11.77475));
#5969 = DIRECTION('',(-0.140307871841,0.140307871841,0.980116014663));
#5970 = DIRECTION('',(0.989908262462,0.,0.141709674718));
#5971 = DEFINITIONAL_REPRESENTATION('',(#5972),#5976);
#5972 = CIRCLE('',#5973,0.327641666667);
#5973 = AXIS2_PLACEMENT_2D('',#5974,#5975);
#5974 = CARTESIAN_POINT('',(0.,0.));
#5975 = DIRECTION('',(1.,0.));
#5976 = ( GEOMETRIC_REPRESENTATION_CONTEXT(2) 
PARAMETRIC_REPRESENTATION_CONTEXT() REPRESENTATION_CONTEXT('2D SPACE',''
  ) );
#5977 = ORIENTED_EDGE('',*,*,#5978,.T.);
#5978 = EDGE_CURVE('',#5951,#3879,#5979,.T.);
#5979 = SURFACE_CURVE('',#5980,(#5986,#5995),.PCURVE_S1.);
#5980 = B_SPLINE_CURVE_WITH_KNOTS('',4,(#5981,#5982,#5983,#5984,#5985),
  .UNSPECIFIED.,.F.,.F.,(5,5),(0.,1.),.PIECEWISE_BEZIER_KNOTS.);
#5981 = CARTESIAN_POINT('',(2.298157929579,-2.602738228426,11.7257568367
    ));
#5982 = CARTESIAN_POINT('',(2.306000775604,-2.609787355301,
    11.648765570652));
#5983 = CARTESIAN_POINT('',(2.31390009506,-2.616818654916,
    11.571775929271));
#5984 = CARTESIAN_POINT('',(2.321854184129,-2.623827665806,
    11.494788719373));
#5985 = CARTESIAN_POINT('',(2.329862330913,-2.630810927979,
    11.417804722426));
#5986 = PCURVE('',#3895,#5987);
#5987 = DEFINITIONAL_REPRESENTATION('',(#5988),#5994);
#5988 = B_SPLINE_CURVE_WITH_KNOTS('',4,(#5989,#5990,#5991,#5992,#5993),
  .UNSPECIFIED.,.F.,.F.,(5,5),(0.,0.933443332568),
  .PIECEWISE_BEZIER_KNOTS.);
#5989 = CARTESIAN_POINT('',(-3.083514759739,-0.588144659791));
#5990 = CARTESIAN_POINT('',(-3.073028159142,-0.515756284425));
#5991 = CARTESIAN_POINT('',(-3.062751792317,-0.443364571917));
#5992 = CARTESIAN_POINT('',(-3.052660320737,-0.37097086898));
#5993 = CARTESIAN_POINT('',(-3.042734231371,-0.298576291125));
#5994 = ( GEOMETRIC_REPRESENTATION_CONTEXT(2) 
PARAMETRIC_REPRESENTATION_CONTEXT() REPRESENTATION_CONTEXT('2D SPACE',''
  ) );
#5995 = PCURVE('',#3937,#5996);
#5996 = DEFINITIONAL_REPRESENTATION('',(#5997),#6003);
#5997 = B_SPLINE_CURVE_WITH_KNOTS('',4,(#5998,#5999,#6000,#6001,#6002),
  .UNSPECIFIED.,.F.,.F.,(5,5),(0.,0.933443332568),
  .PIECEWISE_BEZIER_KNOTS.);
#5998 = CARTESIAN_POINT('',(8.842315906255,0.505508193584));
#5999 = CARTESIAN_POINT('',(8.853985532663,0.433015690376));
#6000 = CARTESIAN_POINT('',(8.865803664834,0.360522188296));
#6001 = CARTESIAN_POINT('',(8.877760617751,0.288028698653));
#6002 = CARTESIAN_POINT('',(8.889852356619,0.215536105423));
#6003 = ( GEOMETRIC_REPRESENTATION_CONTEXT(2) 
PARAMETRIC_REPRESENTATION_CONTEXT() REPRESENTATION_CONTEXT('2D SPACE',''
  ) );
#6004 = ORIENTED_EDGE('',*,*,#3878,.T.);
#6005 = ORIENTED_EDGE('',*,*,#4527,.F.);
#6006 = ORIENTED_EDGE('',*,*,#6007,.T.);
#6007 = EDGE_CURVE('',#4528,#4557,#6008,.T.);
#6008 = SURFACE_CURVE('',#6009,(#6014,#6021),.PCURVE_S1.);
#6009 = CIRCLE('',#6010,0.35317);
#6010 = AXIS2_PLACEMENT_3D('',#6011,#6012,#6013);
#6011 = CARTESIAN_POINT('',(2.704089468342,-2.704089468342,11.1983));
#6012 = DIRECTION('',(-0.140307871841,0.140307871841,0.980116014663));
#6013 = DIRECTION('',(-0.893199551399,-0.445060612709,
    -6.415303886077E-02));
#6014 = PCURVE('',#3895,#6015);
#6015 = DEFINITIONAL_REPRESENTATION('',(#6016),#6020);
#6016 = LINE('',#6017,#6018);
#6017 = CARTESIAN_POINT('',(-3.607806207718,-0.));
#6018 = VECTOR('',#6019,1.);
#6019 = DIRECTION('',(-1.,-0.));
#6020 = ( GEOMETRIC_REPRESENTATION_CONTEXT(2) 
PARAMETRIC_REPRESENTATION_CONTEXT() REPRESENTATION_CONTEXT('2D SPACE',''
  ) );
#6021 = PCURVE('',#4576,#6022);
#6022 = DEFINITIONAL_REPRESENTATION('',(#6023),#6027);
#6023 = CIRCLE('',#6024,0.35317);
#6024 = AXIS2_PLACEMENT_2D('',#6025,#6026);
#6025 = CARTESIAN_POINT('',(0.,0.));
#6026 = DIRECTION('',(-0.893276722227,-0.449507171831));
#6027 = ( GEOMETRIC_REPRESENTATION_CONTEXT(2) 
PARAMETRIC_REPRESENTATION_CONTEXT() REPRESENTATION_CONTEXT('2D SPACE',''
  ) );
#6028 = ORIENTED_EDGE('',*,*,#4588,.F.);
#6029 = ORIENTED_EDGE('',*,*,#3983,.T.);
#6030 = ORIENTED_EDGE('',*,*,#6031,.T.);
#6031 = EDGE_CURVE('',#3955,#6032,#6034,.T.);
#6032 = VERTEX_POINT('',#6033);
#6033 = CARTESIAN_POINT('',(2.602738228426,-2.298157929579,11.7257568367
    ));
#6034 = SURFACE_CURVE('',#6035,(#6041,#6050),.PCURVE_S1.);
#6035 = B_SPLINE_CURVE_WITH_KNOTS('',4,(#6036,#6037,#6038,#6039,#6040),
  .UNSPECIFIED.,.F.,.F.,(5,5),(0.,1.),.PIECEWISE_BEZIER_KNOTS.);
#6036 = CARTESIAN_POINT('',(2.630810927979,-2.329862330913,
    11.417804722426));
#6037 = CARTESIAN_POINT('',(2.623827665792,-2.321854184113,
    11.494788719527));
#6038 = CARTESIAN_POINT('',(2.616818654912,-2.313900095057,
    11.571775929307));
#6039 = CARTESIAN_POINT('',(2.60978735529,-2.306000775591,
    11.648765570779));
#6040 = CARTESIAN_POINT('',(2.602738228426,-2.298157929579,11.7257568367
    ));
#6041 = PCURVE('',#3895,#6042);
#6042 = DEFINITIONAL_REPRESENTATION('',(#6043),#6049);
#6043 = B_SPLINE_CURVE_WITH_KNOTS('',4,(#6044,#6045,#6046,#6047,#6048),
  .UNSPECIFIED.,.F.,.F.,(5,5),(6.655666732029E-02,1.),
  .PIECEWISE_BEZIER_KNOTS.);
#6044 = CARTESIAN_POINT('',(-7.972923038074,-0.298576291125));
#6045 = CARTESIAN_POINT('',(-7.962996948693,-0.370970869088));
#6046 = CARTESIAN_POINT('',(-7.952905477123,-0.443364571948));
#6047 = CARTESIAN_POINT('',(-7.942629110286,-0.515756284536));
#6048 = CARTESIAN_POINT('',(-7.932142509705,-0.588144659791));
#6049 = ( GEOMETRIC_REPRESENTATION_CONTEXT(2) 
PARAMETRIC_REPRESENTATION_CONTEXT() REPRESENTATION_CONTEXT('2D SPACE',''
  ) );
#6050 = PCURVE('',#3937,#6051);
#6051 = DEFINITIONAL_REPRESENTATION('',(#6052),#6058);
#6052 = B_SPLINE_CURVE_WITH_KNOTS('',4,(#6053,#6054,#6055,#6056,#6057),
  .UNSPECIFIED.,.F.,.F.,(5,5),(6.655666732029E-02,1.),
  .PIECEWISE_BEZIER_KNOTS.);
#6053 = CARTESIAN_POINT('',(5.242177778484,0.215536105423));
#6054 = CARTESIAN_POINT('',(5.25426951737,0.288028698761));
#6055 = CARTESIAN_POINT('',(5.266226470274,0.360522188327));
#6056 = CARTESIAN_POINT('',(5.278044602458,0.433015690487));
#6057 = CARTESIAN_POINT('',(5.289714228847,0.505508193584));
#6058 = ( GEOMETRIC_REPRESENTATION_CONTEXT(2) 
PARAMETRIC_REPRESENTATION_CONTEXT() REPRESENTATION_CONTEXT('2D SPACE',''
  ) );
#6059 = ORIENTED_EDGE('',*,*,#6060,.F.);
#6060 = EDGE_CURVE('',#5916,#6032,#6061,.T.);
#6061 = SURFACE_CURVE('',#6062,(#6067,#6073),.PCURVE_S1.);
#6062 = CIRCLE('',#6063,0.327641666667);
#6063 = AXIS2_PLACEMENT_3D('',#6064,#6065,#6066);
#6064 = CARTESIAN_POINT('',(2.621568142792,-2.621568142792,11.77475));
#6065 = DIRECTION('',(-0.140307871841,0.140307871841,0.980116014663));
#6066 = DIRECTION('',(0.989908262462,0.,0.141709674718));
#6067 = PCURVE('',#3895,#6068);
#6068 = DEFINITIONAL_REPRESENTATION('',(#6069),#6072);
#6069 = B_SPLINE_CURVE_WITH_KNOTS('',1,(#6070,#6071),.UNSPECIFIED.,.F.,
  .F.,(2,2),(0.795439654338,1.648957202525),.PIECEWISE_BEZIER_KNOTS.);
#6070 = CARTESIAN_POINT('',(-7.078624961517,-0.588144659791));
#6071 = CARTESIAN_POINT('',(-7.932142509705,-0.588144659791));
#6072 = ( GEOMETRIC_REPRESENTATION_CONTEXT(2) 
PARAMETRIC_REPRESENTATION_CONTEXT() REPRESENTATION_CONTEXT('2D SPACE',''
  ) );
#6073 = PCURVE('',#6074,#6079);
#6074 = PLANE('',#6075);
#6075 = AXIS2_PLACEMENT_3D('',#6076,#6077,#6078);
#6076 = CARTESIAN_POINT('',(2.621568142792,-2.621568142792,11.77475));
#6077 = DIRECTION('',(-0.140307871841,0.140307871841,0.980116014663));
#6078 = DIRECTION('',(0.989908262462,0.,0.141709674718));
#6079 = DEFINITIONAL_REPRESENTATION('',(#6080),#6084);
#6080 = CIRCLE('',#6081,0.327641666667);
#6081 = AXIS2_PLACEMENT_2D('',#6082,#6083);
#6082 = CARTESIAN_POINT('',(0.,0.));
#6083 = DIRECTION('',(1.,0.));
#6084 = ( GEOMETRIC_REPRESENTATION_CONTEXT(2) 
PARAMETRIC_REPRESENTATION_CONTEXT() REPRESENTATION_CONTEXT('2D SPACE',''
  ) );
#6085 = ADVANCED_FACE('',(#6086),#3937,.T.);
#6086 = FACE_BOUND('',#6087,.T.);
#6087 = EDGE_LOOP('',(#6088,#6089,#6090,#6091,#6092,#6122,#6162,#6197,
    #6252,#6282,#6332,#6367,#6402));
#6088 = ORIENTED_EDGE('',*,*,#6031,.F.);
#6089 = ORIENTED_EDGE('',*,*,#3954,.T.);
#6090 = ORIENTED_EDGE('',*,*,#3920,.T.);
#6091 = ORIENTED_EDGE('',*,*,#5978,.F.);
#6092 = ORIENTED_EDGE('',*,*,#6093,.T.);
#6093 = EDGE_CURVE('',#5951,#6094,#6096,.T.);
#6094 = VERTEX_POINT('',#6095);
#6095 = CARTESIAN_POINT('',(2.298396328846,-2.602893116863,
    11.725813137546));
#6096 = SURFACE_CURVE('',#6097,(#6102,#6115),.PCURVE_S1.);
#6097 = ELLIPSE('',#6098,0.221071114017,0.22);
#6098 = AXIS2_PLACEMENT_3D('',#6099,#6100,#6101);
#6099 = CARTESIAN_POINT('',(2.419183349741,-2.419183349741,
    11.716805472656));
#6100 = DIRECTION('',(-0.140307871841,0.140307871841,0.980116014663));
#6101 = DIRECTION('',(0.693046680318,-0.693046680318,0.198425295265));
#6102 = PCURVE('',#3937,#6103);
#6103 = DEFINITIONAL_REPRESENTATION('',(#6104),#6114);
#6104 = B_SPLINE_CURVE_WITH_KNOTS('',8,(#6105,#6106,#6107,#6108,#6109,
    #6110,#6111,#6112,#6113),.UNSPECIFIED.,.F.,.F.,(9,9),(4.917893492294
    ,4.919204729417),.PIECEWISE_BEZIER_KNOTS.);
#6105 = CARTESIAN_POINT('',(8.842315906255,0.505508192551));
#6106 = CARTESIAN_POINT('',(8.842479810896,0.505511680152));
#6107 = CARTESIAN_POINT('',(8.842643715536,0.505515167618));
#6108 = CARTESIAN_POINT('',(8.842807620177,0.505518654947));
#6109 = CARTESIAN_POINT('',(8.842971524817,0.50552214214));
#6110 = CARTESIAN_POINT('',(8.843135429457,0.505525629197));
#6111 = CARTESIAN_POINT('',(8.843299334098,0.505529116116));
#6112 = CARTESIAN_POINT('',(8.843463238738,0.505532602899));
#6113 = CARTESIAN_POINT('',(8.843627143379,0.505536089544));
#6114 = ( GEOMETRIC_REPRESENTATION_CONTEXT(2) 
PARAMETRIC_REPRESENTATION_CONTEXT() REPRESENTATION_CONTEXT('2D SPACE',''
  ) );
#6115 = PCURVE('',#5966,#6116);
#6116 = DEFINITIONAL_REPRESENTATION('',(#6117),#6121);
#6117 = ELLIPSE('',#6118,0.221071114017,0.22);
#6118 = AXIS2_PLACEMENT_2D('',#6119,#6120);
#6119 = CARTESIAN_POINT('',(-0.208553678959,0.204406800665));
#6120 = DIRECTION('',(0.714171419167,-0.69997084514));
#6121 = ( GEOMETRIC_REPRESENTATION_CONTEXT(2) 
PARAMETRIC_REPRESENTATION_CONTEXT() REPRESENTATION_CONTEXT('2D SPACE',''
  ) );
#6122 = ORIENTED_EDGE('',*,*,#6123,.F.);
#6123 = EDGE_CURVE('',#6124,#6094,#6126,.T.);
#6124 = VERTEX_POINT('',#6125);
#6125 = CARTESIAN_POINT('',(2.226631495235,-2.537594835676,
    12.303268665822));
#6126 = SURFACE_CURVE('',#6127,(#6135,#6146),.PCURVE_S1.);
#6127 = B_SPLINE_CURVE_WITH_KNOTS('',6,(#6128,#6129,#6130,#6131,#6132,
    #6133,#6134),.UNSPECIFIED.,.F.,.F.,(7,7),(0.,1.),
  .PIECEWISE_BEZIER_KNOTS.);
#6128 = CARTESIAN_POINT('',(2.226631495235,-2.537594835676,
    12.303268665822));
#6129 = CARTESIAN_POINT('',(2.238509805533,-2.549168564539,
    12.205737148333));
#6130 = CARTESIAN_POINT('',(2.250478643586,-2.560497648194,
    12.108153346053));
#6131 = CARTESIAN_POINT('',(2.262548972286,-2.571611875664,
    12.010535623635));
#6132 = CARTESIAN_POINT('',(2.274728257218,-2.582525228056,
    11.91289626962));
#6133 = CARTESIAN_POINT('',(2.287023414457,-2.593246722374,
    11.815245648452));
#6134 = CARTESIAN_POINT('',(2.299441320788,-2.603780409822,
    11.717592595954));
#6135 = PCURVE('',#3937,#6136);
#6136 = DEFINITIONAL_REPRESENTATION('',(#6137),#6145);
#6137 = B_SPLINE_CURVE_WITH_KNOTS('',6,(#6138,#6139,#6140,#6141,#6142,
    #6143,#6144),.UNSPECIFIED.,.F.,.F.,(7,7),(0.,0.985969803227),
  .PIECEWISE_BEZIER_KNOTS.);
#6138 = CARTESIAN_POINT('',(8.669246422945,1.089831300102));
#6139 = CARTESIAN_POINT('',(8.699010418404,0.992507859149));
#6140 = CARTESIAN_POINT('',(8.728306217968,0.895144561227));
#6141 = CARTESIAN_POINT('',(8.757312196509,0.797756126253));
#6142 = CARTESIAN_POINT('',(8.786140139616,0.700352865594));
#6143 = CARTESIAN_POINT('',(8.814884615065,0.602943612364));
#6144 = CARTESIAN_POINT('',(8.84362714314,0.505536090617));
#6145 = ( GEOMETRIC_REPRESENTATION_CONTEXT(2) 
PARAMETRIC_REPRESENTATION_CONTEXT() REPRESENTATION_CONTEXT('2D SPACE',''
  ) );
#6146 = PCURVE('',#6147,#6152);
#6147 = CONICAL_SURFACE('',#6148,0.327641666667,4.305734175707E-02);
#6148 = AXIS2_PLACEMENT_3D('',#6149,#6150,#6151);
#6149 = CARTESIAN_POINT('',(2.621568142792,-2.621568142792,11.77475));
#6150 = DIRECTION('',(0.163590330977,-0.163590330977,-0.972870190324));
#6151 = DIRECTION('',(0.986155320523,3.469446951954E-18,0.165824255778)
  );
#6152 = DEFINITIONAL_REPRESENTATION('',(#6153),#6161);
#6153 = B_SPLINE_CURVE_WITH_KNOTS('',6,(#6154,#6155,#6156,#6157,#6158,
    #6159,#6160),.UNSPECIFIED.,.F.,.F.,(7,7),(0.,0.985969803227),
  .PIECEWISE_BEZIER_KNOTS.);
#6154 = CARTESIAN_POINT('',(-3.185083487642,-0.592525093001));
#6155 = CARTESIAN_POINT('',(-3.169326222364,-0.495188149717));
#6156 = CARTESIAN_POINT('',(-3.153294320877,-0.39782626706));
#6157 = CARTESIAN_POINT('',(-3.1371014667,-0.300450180012));
#6158 = CARTESIAN_POINT('',(-3.120795269924,-0.203068021718));
#6159 = CARTESIAN_POINT('',(-3.104404317193,-0.105686985055));
#6160 = CARTESIAN_POINT('',(-3.087939264334,-8.313622992723E-03));
#6161 = ( GEOMETRIC_REPRESENTATION_CONTEXT(2) 
PARAMETRIC_REPRESENTATION_CONTEXT() REPRESENTATION_CONTEXT('2D SPACE',''
  ) );
#6162 = ORIENTED_EDGE('',*,*,#6163,.T.);
#6163 = EDGE_CURVE('',#6124,#6164,#6166,.T.);
#6164 = VERTEX_POINT('',#6165);
#6165 = CARTESIAN_POINT('',(2.226847204231,-2.537796456594,
    12.303338840794));
#6166 = SURFACE_CURVE('',#6167,(#6172,#6185),.PCURVE_S1.);
#6167 = ELLIPSE('',#6168,0.221936390076,0.22);
#6168 = AXIS2_PLACEMENT_3D('',#6169,#6170,#6171);
#6169 = CARTESIAN_POINT('',(2.377162010139,-2.377162010139,
    12.30160356981));
#6170 = DIRECTION('',(-0.163590330977,0.163590330977,0.972870190324));
#6171 = DIRECTION('',(0.687923108793,-0.687923108793,0.231351664741));
#6172 = PCURVE('',#3937,#6173);
#6173 = DEFINITIONAL_REPRESENTATION('',(#6174),#6184);
#6174 = B_SPLINE_CURVE_WITH_KNOTS('',8,(#6175,#6176,#6177,#6178,#6179,
    #6180,#6181,#6182,#6183),.UNSPECIFIED.,.F.,.F.,(9,9),(4.744824008983
    ,4.746191483872),.PIECEWISE_BEZIER_KNOTS.);
#6175 = CARTESIAN_POINT('',(8.669246422944,1.089831294945));
#6176 = CARTESIAN_POINT('',(8.669417357305,1.089836292705));
#6177 = CARTESIAN_POINT('',(8.669588291666,1.089841290434));
#6178 = CARTESIAN_POINT('',(8.669759226027,1.08984628813));
#6179 = CARTESIAN_POINT('',(8.669930160388,1.089851285795));
#6180 = CARTESIAN_POINT('',(8.670101094749,1.089856283427));
#6181 = CARTESIAN_POINT('',(8.67027202911,1.089861281026));
#6182 = CARTESIAN_POINT('',(8.670442963472,1.089866278593));
#6183 = CARTESIAN_POINT('',(8.670613897833,1.089871276126));
#6184 = ( GEOMETRIC_REPRESENTATION_CONTEXT(2) 
PARAMETRIC_REPRESENTATION_CONTEXT() REPRESENTATION_CONTEXT('2D SPACE',''
  ) );
#6185 = PCURVE('',#6186,#6191);
#6186 = PLANE('',#6187);
#6187 = AXIS2_PLACEMENT_3D('',#6188,#6189,#6190);
#6188 = CARTESIAN_POINT('',(2.524636766716,-2.524636766716,12.3512));
#6189 = DIRECTION('',(-0.163590330977,0.163590330977,0.972870190324));
#6190 = DIRECTION('',(0.986155320523,3.469446951954E-18,0.165824255778)
  );
#6191 = DEFINITIONAL_REPRESENTATION('',(#6192),#6196);
#6192 = ELLIPSE('',#6193,0.221936390076,0.22);
#6193 = AXIS2_PLACEMENT_2D('',#6194,#6195);
#6194 = CARTESIAN_POINT('',(-0.153657306967,0.149488613473));
#6195 = DIRECTION('',(0.716762751475,-0.697317114445));
#6196 = ( GEOMETRIC_REPRESENTATION_CONTEXT(2) 
PARAMETRIC_REPRESENTATION_CONTEXT() REPRESENTATION_CONTEXT('2D SPACE',''
  ) );
#6197 = ORIENTED_EDGE('',*,*,#6198,.F.);
#6198 = EDGE_CURVE('',#6199,#6164,#6201,.T.);
#6199 = VERTEX_POINT('',#6200);
#6200 = CARTESIAN_POINT('',(2.158422034612,-2.46257572012,12.7712));
#6201 = SURFACE_CURVE('',#6202,(#6215,#6231),.PCURVE_S1.);
#6202 = B_SPLINE_CURVE_WITH_KNOTS('',6,(#6203,#6204,#6205,#6206,#6207,
    #6208,#6209,#6210,#6211,#6212,#6213,#6214),.UNSPECIFIED.,.F.,.F.,(7,
    5,7),(0.,0.539141730868,1.),.UNSPECIFIED.);
#6203 = CARTESIAN_POINT('',(2.142117729232,-2.440534634185,
    12.880533267939));
#6204 = CARTESIAN_POINT('',(2.149713595124,-2.451425555578,
    12.830030952553));
#6205 = CARTESIAN_POINT('',(2.157368181684,-2.461597102713,
    12.778605962499));
#6206 = CARTESIAN_POINT('',(2.16503699667,-2.471230469247,
    12.726622465164));
#6207 = CARTESIAN_POINT('',(2.172713669036,-2.4804252725,12.674289726509
    ));
#6208 = CARTESIAN_POINT('',(2.180397418697,-2.489258356432,
    12.621716838183));
#6209 = CARTESIAN_POINT('',(2.194684497856,-2.505084176965,
    12.523791032222));
#6210 = CARTESIAN_POINT('',(2.201279607793,-2.512154700778,
    12.478518978346));
#6211 = CARTESIAN_POINT('',(2.207888754361,-2.519036266107,
    12.433142229352));
#6212 = CARTESIAN_POINT('',(2.214515251565,-2.525752002653,
    12.387686433123));
#6213 = CARTESIAN_POINT('',(2.221162477527,-2.532318309472,
    12.342168263475));
#6214 = CARTESIAN_POINT('',(2.227833869868,-2.538748972588,
    12.296598239534));
#6215 = PCURVE('',#3937,#6216);
#6216 = DEFINITIONAL_REPRESENTATION('',(#6217),#6230);
#6217 = B_SPLINE_CURVE_WITH_KNOTS('',6,(#6218,#6219,#6220,#6221,#6222,
    #6223,#6224,#6225,#6226,#6227,#6228,#6229),.UNSPECIFIED.,.F.,.F.,(7,
    5,7),(0.,0.539141730868,0.988637701702),.UNSPECIFIED.);
#6218 = CARTESIAN_POINT('',(8.349991050122,1.677118552764));
#6219 = CARTESIAN_POINT('',(8.387426764269,1.625553410813));
#6220 = CARTESIAN_POINT('',(8.421722296745,1.573117550457));
#6221 = CARTESIAN_POINT('',(8.453755173539,1.520163500703));
#6222 = CARTESIAN_POINT('',(8.484022748282,1.466892789319));
#6223 = CARTESIAN_POINT('',(8.512900965371,1.413408511352));
#6224 = CARTESIAN_POINT('',(8.563842980369,1.314963154284));
#6225 = CARTESIAN_POINT('',(8.586231670694,1.270083699559));
#6226 = CARTESIAN_POINT('',(8.608004209802,1.22511624339));
#6227 = CARTESIAN_POINT('',(8.629272072015,1.180082957865));
#6228 = CARTESIAN_POINT('',(8.650118257715,1.134998310699));
#6229 = CARTESIAN_POINT('',(8.670613900732,1.089871281493));
#6230 = ( GEOMETRIC_REPRESENTATION_CONTEXT(2) 
PARAMETRIC_REPRESENTATION_CONTEXT() REPRESENTATION_CONTEXT('2D SPACE',''
  ) );
#6231 = PCURVE('',#6232,#6237);
#6232 = CONICAL_SURFACE('',#6233,0.302113333333,4.269436731809E-02);
#6233 = AXIS2_PLACEMENT_3D('',#6234,#6235,#6236);
#6234 = CARTESIAN_POINT('',(2.524636766716,-2.524636766716,12.3512));
#6235 = DIRECTION('',(0.186324040178,-0.186324040178,-0.964658853742));
#6236 = DIRECTION('',(6.938893903907E-18,0.981852717803,-0.189645038276)
  );
#6237 = DEFINITIONAL_REPRESENTATION('',(#6238),#6251);
#6238 = B_SPLINE_CURVE_WITH_KNOTS('',6,(#6239,#6240,#6241,#6242,#6243,
    #6244,#6245,#6246,#6247,#6248,#6249,#6250),.UNSPECIFIED.,.F.,.F.,(7,
    5,7),(0.,0.539141730868,1.),.UNSPECIFIED.);
#6239 = CARTESIAN_POINT('',(-1.635231673488,-0.597568765127));
#6240 = CARTESIAN_POINT('',(-1.638754287101,-0.545406726559));
#6241 = CARTESIAN_POINT('',(-1.639009140696,-0.49247771735));
#6242 = CARTESIAN_POINT('',(-1.637007440951,-0.439107564032));
#6243 = CARTESIAN_POINT('',(-1.633311314321,-0.385480762846));
#6244 = CARTESIAN_POINT('',(-1.62831007306,-0.33168837749));
#6245 = CARTESIAN_POINT('',(-1.61708949141,-0.231612624627));
#6246 = CARTESIAN_POINT('',(-1.611155471189,-0.185394300937));
#6247 = CARTESIAN_POINT('',(-1.604622405558,-0.139107574321));
#6248 = CARTESIAN_POINT('',(-1.597601111353,-9.277225913699E-02));
#6249 = CARTESIAN_POINT('',(-1.590168288756,-4.640075496735E-02));
#6250 = CARTESIAN_POINT('',(-1.582385464789,0.));
#6251 = ( GEOMETRIC_REPRESENTATION_CONTEXT(2) 
PARAMETRIC_REPRESENTATION_CONTEXT() REPRESENTATION_CONTEXT('2D SPACE',''
  ) );
#6252 = ORIENTED_EDGE('',*,*,#6253,.F.);
#6253 = EDGE_CURVE('',#6254,#6199,#6256,.T.);
#6254 = VERTEX_POINT('',#6255);
#6255 = CARTESIAN_POINT('',(2.462575715381,-2.158422037289,12.7712));
#6256 = SURFACE_CURVE('',#6257,(#6262,#6275),.PCURVE_S1.);
#6257 = ELLIPSE('',#6258,0.221133009849,0.22);
#6258 = AXIS2_PLACEMENT_3D('',#6259,#6260,#6261);
#6259 = CARTESIAN_POINT('',(2.343418618762,-2.343418618762,12.7712));
#6260 = DIRECTION('',(0.,0.,1.));
#6261 = DIRECTION('',(-0.707106781187,0.707106781187,0.));
#6262 = PCURVE('',#3937,#6263);
#6263 = DEFINITIONAL_REPRESENTATION('',(#6264),#6274);
#6264 = B_SPLINE_CURVE_WITH_KNOTS('',8,(#6265,#6266,#6267,#6268,#6269,
    #6270,#6271,#6272,#6273),.UNSPECIFIED.,.F.,.F.,(9,9),(4.459348018112
    ,8.107022596247),.PIECEWISE_BEZIER_KNOTS.);
#6265 = CARTESIAN_POINT('',(5.242177778484,1.555300600064));
#6266 = CARTESIAN_POINT('',(5.698137100751,1.565169593972));
#6267 = CARTESIAN_POINT('',(6.154096423017,1.57636870928));
#6268 = CARTESIAN_POINT('',(6.610055745283,1.585767905685));
#6269 = CARTESIAN_POINT('',(7.066015067551,1.58967177945));
#6270 = CARTESIAN_POINT('',(7.521974389817,1.585767905683));
#6271 = CARTESIAN_POINT('',(7.977933712084,1.576368709281));
#6272 = CARTESIAN_POINT('',(8.433893034352,1.565169593972));
#6273 = CARTESIAN_POINT('',(8.889852356619,1.555300600064));
#6274 = ( GEOMETRIC_REPRESENTATION_CONTEXT(2) 
PARAMETRIC_REPRESENTATION_CONTEXT() REPRESENTATION_CONTEXT('2D SPACE',''
  ) );
#6275 = PCURVE('',#5243,#6276);
#6276 = DEFINITIONAL_REPRESENTATION('',(#6277),#6281);
#6277 = ELLIPSE('',#6278,0.221133009849,0.22);
#6278 = AXIS2_PLACEMENT_2D('',#6279,#6280);
#6279 = CARTESIAN_POINT('',(2.343418618762,-2.343418618762));
#6280 = DIRECTION('',(-0.707106781187,0.707106781187));
#6281 = ( GEOMETRIC_REPRESENTATION_CONTEXT(2) 
PARAMETRIC_REPRESENTATION_CONTEXT() REPRESENTATION_CONTEXT('2D SPACE',''
  ) );
#6282 = ORIENTED_EDGE('',*,*,#6283,.F.);
#6283 = EDGE_CURVE('',#6284,#6254,#6286,.T.);
#6284 = VERTEX_POINT('',#6285);
#6285 = CARTESIAN_POINT('',(2.537796456594,-2.226847204231,
    12.303338840794));
#6286 = SURFACE_CURVE('',#6287,(#6300,#6316),.PCURVE_S1.);
#6287 = B_SPLINE_CURVE_WITH_KNOTS('',6,(#6288,#6289,#6290,#6291,#6292,
    #6293,#6294,#6295,#6296,#6297,#6298,#6299),.UNSPECIFIED.,.F.,.F.,(7,
    5,7),(0.,0.632721162367,1.),.UNSPECIFIED.);
#6288 = CARTESIAN_POINT('',(2.538748972588,-2.227833869868,
    12.296598239534));
#6289 = CARTESIAN_POINT('',(2.529920525577,-2.218674933581,
    12.359159834563));
#6290 = CARTESIAN_POINT('',(2.520837178026,-2.20956262738,
    12.421616425639));
#6291 = CARTESIAN_POINT('',(2.511463452527,-2.200486217184,
    12.483952516291));
#6292 = CARTESIAN_POINT('',(2.501749288723,-2.191437542621,
    12.546117819138));
#6293 = CARTESIAN_POINT('',(2.491629731537,-2.182407712665,
    12.60802675828));
#6294 = CARTESIAN_POINT('',(2.474787154002,-2.168159521569,
    12.705218631166));
#6295 = CARTESIAN_POINT('',(2.468421749477,-2.162932577685,
    12.740767429197));
#6296 = CARTESIAN_POINT('',(2.461849826912,-2.157710582528,
    12.776142722356));
#6297 = CARTESIAN_POINT('',(2.455040546031,-2.152494870051,
    12.81129193301));
#6298 = CARTESIAN_POINT('',(2.447953780145,-2.147292207654,12.84612993)
  );
#6299 = CARTESIAN_POINT('',(2.440534634185,-2.142117729232,
    12.880533267939));
#6300 = PCURVE('',#3937,#6301);
#6301 = DEFINITIONAL_REPRESENTATION('',(#6302),#6315);
#6302 = B_SPLINE_CURVE_WITH_KNOTS('',6,(#6303,#6304,#6305,#6306,#6307,
    #6308,#6309,#6310,#6311,#6312,#6313,#6314),.UNSPECIFIED.,.F.,.F.,(7,
    5,7),(1.136278470222E-02,0.632721162367,1.),.UNSPECIFIED.);
#6303 = CARTESIAN_POINT('',(5.461416239075,1.089871281424));
#6304 = CARTESIAN_POINT('',(5.489747012627,1.152249420164));
#6305 = CARTESIAN_POINT('',(5.518745347836,1.214540268066));
#6306 = CARTESIAN_POINT('',(5.548598068809,1.276730629897));
#6307 = CARTESIAN_POINT('',(5.579554830264,1.338775898773));
#6308 = CARTESIAN_POINT('',(5.611937590707,1.400599305068));
#6309 = CARTESIAN_POINT('',(5.666693334996,1.498391849395));
#6310 = CARTESIAN_POINT('',(5.687739841619,1.534587221164));
#6311 = CARTESIAN_POINT('',(5.709620676015,1.570624386823));
#6312 = CARTESIAN_POINT('',(5.732487156528,1.606453147479));
#6313 = CARTESIAN_POINT('',(5.756537016116,1.641991192941));
#6314 = CARTESIAN_POINT('',(5.782039084981,1.677118552764));
#6315 = ( GEOMETRIC_REPRESENTATION_CONTEXT(2) 
PARAMETRIC_REPRESENTATION_CONTEXT() REPRESENTATION_CONTEXT('2D SPACE',''
  ) );
#6316 = PCURVE('',#6232,#6317);
#6317 = DEFINITIONAL_REPRESENTATION('',(#6318),#6331);
#6318 = B_SPLINE_CURVE_WITH_KNOTS('',6,(#6319,#6320,#6321,#6322,#6323,
    #6324,#6325,#6326,#6327,#6328,#6329,#6330),.UNSPECIFIED.,.F.,.F.,(7,
    5,7),(0.,0.632721162367,1.),.UNSPECIFIED.);
#6319 = CARTESIAN_POINT('',(-6.235623170629,0.));
#6320 = CARTESIAN_POINT('',(-6.224938386223,-6.370207847693E-02));
#6321 = CARTESIAN_POINT('',(-6.214915582259,-0.127341669754));
#6322 = CARTESIAN_POINT('',(-6.205704826121,-0.190912435333));
#6323 = CARTESIAN_POINT('',(-6.19754001382,-0.25437671297));
#6324 = CARTESIAN_POINT('',(-6.190744044049,-0.317665710419));
#6325 = CARTESIAN_POINT('',(-6.183189819693,-0.417215668734));
#6326 = CARTESIAN_POINT('',(-6.18109517098,-0.453668064685));
#6327 = CARTESIAN_POINT('',(-6.179808337701,-0.489990644834));
#6328 = CARTESIAN_POINT('',(-6.179493365238,-0.526138187439));
#6329 = CARTESIAN_POINT('',(-6.180377276576,-0.562034785611));
#6330 = CARTESIAN_POINT('',(-6.18277696193,-0.597568765127));
#6331 = ( GEOMETRIC_REPRESENTATION_CONTEXT(2) 
PARAMETRIC_REPRESENTATION_CONTEXT() REPRESENTATION_CONTEXT('2D SPACE',''
  ) );
#6332 = ORIENTED_EDGE('',*,*,#6333,.T.);
#6333 = EDGE_CURVE('',#6284,#6334,#6336,.T.);
#6334 = VERTEX_POINT('',#6335);
#6335 = CARTESIAN_POINT('',(2.537594835676,-2.226631495235,
    12.303268665822));
#6336 = SURFACE_CURVE('',#6337,(#6342,#6355),.PCURVE_S1.);
#6337 = ELLIPSE('',#6338,0.221936390076,0.22);
#6338 = AXIS2_PLACEMENT_3D('',#6339,#6340,#6341);
#6339 = CARTESIAN_POINT('',(2.377162010139,-2.377162010139,
    12.30160356981));
#6340 = DIRECTION('',(-0.163590330977,0.163590330977,0.972870190324));
#6341 = DIRECTION('',(0.687923108793,-0.687923108793,0.231351664741));
#6342 = PCURVE('',#3937,#6343);
#6343 = DEFINITIONAL_REPRESENTATION('',(#6344),#6354);
#6344 = B_SPLINE_CURVE_WITH_KNOTS('',8,(#6345,#6346,#6347,#6348,#6349,
    #6350,#6351,#6352,#6353),.UNSPECIFIED.,.F.,.F.,(9,9),(7.820179130487
    ,7.821546605376),.PIECEWISE_BEZIER_KNOTS.);
#6345 = CARTESIAN_POINT('',(5.461416237269,1.089871274708));
#6346 = CARTESIAN_POINT('',(5.46158717163,1.089866277179));
#6347 = CARTESIAN_POINT('',(5.461758105991,1.089861279617));
#6348 = CARTESIAN_POINT('',(5.461929040352,1.089856282022));
#6349 = CARTESIAN_POINT('',(5.462099974713,1.089851284394));
#6350 = CARTESIAN_POINT('',(5.462270909074,1.089846286734));
#6351 = CARTESIAN_POINT('',(5.462441843436,1.089841289042));
#6352 = CARTESIAN_POINT('',(5.462612777797,1.089836291318));
#6353 = CARTESIAN_POINT('',(5.462783712158,1.089831293563));
#6354 = ( GEOMETRIC_REPRESENTATION_CONTEXT(2) 
PARAMETRIC_REPRESENTATION_CONTEXT() REPRESENTATION_CONTEXT('2D SPACE',''
  ) );
#6355 = PCURVE('',#6356,#6361);
#6356 = PLANE('',#6357);
#6357 = AXIS2_PLACEMENT_3D('',#6358,#6359,#6360);
#6358 = CARTESIAN_POINT('',(2.524636766716,-2.524636766716,12.3512));
#6359 = DIRECTION('',(-0.163590330977,0.163590330977,0.972870190324));
#6360 = DIRECTION('',(0.986155320523,3.469446951954E-18,0.165824255778)
  );
#6361 = DEFINITIONAL_REPRESENTATION('',(#6362),#6366);
#6362 = ELLIPSE('',#6363,0.221936390076,0.22);
#6363 = AXIS2_PLACEMENT_2D('',#6364,#6365);
#6364 = CARTESIAN_POINT('',(-0.153657306967,0.149488613473));
#6365 = DIRECTION('',(0.716762751475,-0.697317114445));
#6366 = ( GEOMETRIC_REPRESENTATION_CONTEXT(2) 
PARAMETRIC_REPRESENTATION_CONTEXT() REPRESENTATION_CONTEXT('2D SPACE',''
  ) );
#6367 = ORIENTED_EDGE('',*,*,#6368,.F.);
#6368 = EDGE_CURVE('',#6369,#6334,#6371,.T.);
#6369 = VERTEX_POINT('',#6370);
#6370 = CARTESIAN_POINT('',(2.602893116863,-2.298396328846,
    11.725813137546));
#6371 = SURFACE_CURVE('',#6372,(#6380,#6391),.PCURVE_S1.);
#6372 = B_SPLINE_CURVE_WITH_KNOTS('',6,(#6373,#6374,#6375,#6376,#6377,
    #6378,#6379),.UNSPECIFIED.,.F.,.F.,(7,7),(0.,1.),
  .PIECEWISE_BEZIER_KNOTS.);
#6373 = CARTESIAN_POINT('',(2.603780409822,-2.299441320788,
    11.717592595954));
#6374 = CARTESIAN_POINT('',(2.593246722347,-2.287023414426,11.8152456487
    ));
#6375 = CARTESIAN_POINT('',(2.582525228012,-2.274728257211,
    11.912896269581));
#6376 = CARTESIAN_POINT('',(2.571611875777,-2.262548972333,
    12.010535623452));
#6377 = CARTESIAN_POINT('',(2.56049764815,-2.250478643583,
    12.108153345952));
#6378 = CARTESIAN_POINT('',(2.549168564512,-2.238509805505,
    12.205737148563));
#6379 = CARTESIAN_POINT('',(2.537594835676,-2.226631495235,
    12.303268665822));
#6380 = PCURVE('',#3937,#6381);
#6381 = DEFINITIONAL_REPRESENTATION('',(#6382),#6390);
#6382 = B_SPLINE_CURVE_WITH_KNOTS('',6,(#6383,#6384,#6385,#6386,#6387,
    #6388,#6389),.UNSPECIFIED.,.F.,.F.,(7,7),(1.403019674069E-02,1.),
  .PIECEWISE_BEZIER_KNOTS.);
#6383 = CARTESIAN_POINT('',(5.288402991963,0.505536090617));
#6384 = CARTESIAN_POINT('',(5.317145520114,0.60294361258));
#6385 = CARTESIAN_POINT('',(5.345889995654,0.700352865537));
#6386 = CARTESIAN_POINT('',(5.374717938129,0.797756126055));
#6387 = CARTESIAN_POINT('',(5.403723917363,0.895144561133));
#6388 = CARTESIAN_POINT('',(5.433019716768,0.992507859376));
#6389 = CARTESIAN_POINT('',(5.462783712158,1.089831300102));
#6390 = ( GEOMETRIC_REPRESENTATION_CONTEXT(2) 
PARAMETRIC_REPRESENTATION_CONTEXT() REPRESENTATION_CONTEXT('2D SPACE',''
  ) );
#6391 = PCURVE('',#6147,#6392);
#6392 = DEFINITIONAL_REPRESENTATION('',(#6393),#6401);
#6393 = B_SPLINE_CURVE_WITH_KNOTS('',6,(#6394,#6395,#6396,#6397,#6398,
    #6399,#6400),.UNSPECIFIED.,.F.,.F.,(7,7),(1.403019674069E-02,1.),
  .PIECEWISE_BEZIER_KNOTS.);
#6394 = CARTESIAN_POINT('',(-7.935136173485,-8.313622992731E-03));
#6395 = CARTESIAN_POINT('',(-7.918671120602,-0.105686985271));
#6396 = CARTESIAN_POINT('',(-7.902280168079,-0.203068021665));
#6397 = CARTESIAN_POINT('',(-7.885973970765,-0.300450179803));
#6398 = CARTESIAN_POINT('',(-7.869781117202,-0.397826266973));
#6399 = CARTESIAN_POINT('',(-7.853749215418,-0.495188149944));
#6400 = CARTESIAN_POINT('',(-7.837991950176,-0.592525093001));
#6401 = ( GEOMETRIC_REPRESENTATION_CONTEXT(2) 
PARAMETRIC_REPRESENTATION_CONTEXT() REPRESENTATION_CONTEXT('2D SPACE',''
  ) );
#6402 = ORIENTED_EDGE('',*,*,#6403,.T.);
#6403 = EDGE_CURVE('',#6369,#6032,#6404,.T.);
#6404 = SURFACE_CURVE('',#6405,(#6410,#6423),.PCURVE_S1.);
#6405 = ELLIPSE('',#6406,0.221071114017,0.22);
#6406 = AXIS2_PLACEMENT_3D('',#6407,#6408,#6409);
#6407 = CARTESIAN_POINT('',(2.419183349741,-2.419183349741,
    11.716805472656));
#6408 = DIRECTION('',(-0.140307871841,0.140307871841,0.980116014663));
#6409 = DIRECTION('',(0.693046680318,-0.693046680318,0.198425295265));
#6410 = PCURVE('',#3937,#6411);
#6411 = DEFINITIONAL_REPRESENTATION('',(#6412),#6422);
#6412 = B_SPLINE_CURVE_WITH_KNOTS('',8,(#6413,#6414,#6415,#6416,#6417,
    #6418,#6419,#6420,#6421),.UNSPECIFIED.,.F.,.F.,(9,9),(7.647165884942
    ,7.648477122065),.PIECEWISE_BEZIER_KNOTS.);
#6413 = CARTESIAN_POINT('',(5.288402991724,0.50553608936));
#6414 = CARTESIAN_POINT('',(5.288566896364,0.505532602715));
#6415 = CARTESIAN_POINT('',(5.288730801005,0.505529115933));
#6416 = CARTESIAN_POINT('',(5.288894705645,0.505525629014));
#6417 = CARTESIAN_POINT('',(5.289058610286,0.505522141959));
#6418 = CARTESIAN_POINT('',(5.289222514926,0.505518654767));
#6419 = CARTESIAN_POINT('',(5.289386419566,0.505515167438));
#6420 = CARTESIAN_POINT('',(5.289550324207,0.505511679973));
#6421 = CARTESIAN_POINT('',(5.289714228847,0.505508192372));
#6422 = ( GEOMETRIC_REPRESENTATION_CONTEXT(2) 
PARAMETRIC_REPRESENTATION_CONTEXT() REPRESENTATION_CONTEXT('2D SPACE',''
  ) );
#6423 = PCURVE('',#6074,#6424);
#6424 = DEFINITIONAL_REPRESENTATION('',(#6425),#6429);
#6425 = ELLIPSE('',#6426,0.221071114017,0.22);
#6426 = AXIS2_PLACEMENT_2D('',#6427,#6428);
#6427 = CARTESIAN_POINT('',(-0.208553678959,0.204406800665));
#6428 = DIRECTION('',(0.714171419167,-0.69997084514));
#6429 = ( GEOMETRIC_REPRESENTATION_CONTEXT(2) 
PARAMETRIC_REPRESENTATION_CONTEXT() REPRESENTATION_CONTEXT('2D SPACE',''
  ) );
#6430 = ADVANCED_FACE('',(#6431),#3713,.T.);
#6431 = FACE_BOUND('',#6432,.T.);
#6432 = EDGE_LOOP('',(#6433,#6434,#6435,#6464,#6497,#6525,#6553,#6580,
    #6581,#6582,#6603));
#6433 = ORIENTED_EDGE('',*,*,#3824,.T.);
#6434 = ORIENTED_EDGE('',*,*,#3794,.T.);
#6435 = ORIENTED_EDGE('',*,*,#6436,.T.);
#6436 = EDGE_CURVE('',#3766,#6437,#6439,.T.);
#6437 = VERTEX_POINT('',#6438);
#6438 = CARTESIAN_POINT('',(-2.298157929579,-2.602738228426,
    11.7257568367));
#6439 = SURFACE_CURVE('',#6440,(#6446,#6455),.PCURVE_S1.);
#6440 = B_SPLINE_CURVE_WITH_KNOTS('',4,(#6441,#6442,#6443,#6444,#6445),
  .UNSPECIFIED.,.F.,.F.,(5,5),(0.,1.),.PIECEWISE_BEZIER_KNOTS.);
#6441 = CARTESIAN_POINT('',(-2.329862330913,-2.630810927979,
    11.417804722426));
#6442 = CARTESIAN_POINT('',(-2.321854184113,-2.623827665792,
    11.494788719526));
#6443 = CARTESIAN_POINT('',(-2.313900095057,-2.616818654913,
    11.571775929307));
#6444 = CARTESIAN_POINT('',(-2.306000775591,-2.60978735529,
    11.648765570779));
#6445 = CARTESIAN_POINT('',(-2.298157929579,-2.602738228426,
    11.7257568367));
#6446 = PCURVE('',#3713,#6447);
#6447 = DEFINITIONAL_REPRESENTATION('',(#6448),#6454);
#6448 = B_SPLINE_CURVE_WITH_KNOTS('',4,(#6449,#6450,#6451,#6452,#6453),
  .UNSPECIFIED.,.F.,.F.,(5,5),(6.65566673212E-02,1.),
  .PIECEWISE_BEZIER_KNOTS.);
#6449 = CARTESIAN_POINT('',(-6.382043729399,-0.298576291125));
#6450 = CARTESIAN_POINT('',(-6.372117640018,-0.370970869088));
#6451 = CARTESIAN_POINT('',(-6.362026168448,-0.443364571948));
#6452 = CARTESIAN_POINT('',(-6.351749801611,-0.515756284536));
#6453 = CARTESIAN_POINT('',(-6.34126320103,-0.588144659791));
#6454 = ( GEOMETRIC_REPRESENTATION_CONTEXT(2) 
PARAMETRIC_REPRESENTATION_CONTEXT() REPRESENTATION_CONTEXT('2D SPACE',''
  ) );
#6455 = PCURVE('',#3748,#6456);
#6456 = DEFINITIONAL_REPRESENTATION('',(#6457),#6463);
#6457 = B_SPLINE_CURVE_WITH_KNOTS('',4,(#6458,#6459,#6460,#6461,#6462),
  .UNSPECIFIED.,.F.,.F.,(5,5),(6.65566673212E-02,1.),
  .PIECEWISE_BEZIER_KNOTS.);
#6458 = CARTESIAN_POINT('',(5.242177778484,0.215536105423));
#6459 = CARTESIAN_POINT('',(5.25426951737,0.288028698761));
#6460 = CARTESIAN_POINT('',(5.266226470274,0.360522188327));
#6461 = CARTESIAN_POINT('',(5.278044602458,0.433015690487));
#6462 = CARTESIAN_POINT('',(5.289714228847,0.505508193584));
#6463 = ( GEOMETRIC_REPRESENTATION_CONTEXT(2) 
PARAMETRIC_REPRESENTATION_CONTEXT() REPRESENTATION_CONTEXT('2D SPACE',''
  ) );
#6464 = ORIENTED_EDGE('',*,*,#6465,.T.);
#6465 = EDGE_CURVE('',#6437,#6466,#6468,.T.);
#6466 = VERTEX_POINT('',#6467);
#6467 = CARTESIAN_POINT('',(-2.389890498493,-2.853245787092,11.77475));
#6468 = SURFACE_CURVE('',#6469,(#6474,#6481),.PCURVE_S1.);
#6469 = CIRCLE('',#6470,0.327641666667);
#6470 = AXIS2_PLACEMENT_3D('',#6471,#6472,#6473);
#6471 = CARTESIAN_POINT('',(-2.621568142792,-2.621568142792,11.77475));
#6472 = DIRECTION('',(-0.140307871841,-0.140307871841,-0.980116014663));
#6473 = DIRECTION('',(0.987085118031,5.747106147461E-02,-0.149532761808)
  );
#6474 = PCURVE('',#3713,#6475);
#6475 = DEFINITIONAL_REPRESENTATION('',(#6476),#6480);
#6476 = LINE('',#6477,#6478);
#6477 = CARTESIAN_POINT('',(-6.34126320103,-0.588144659791));
#6478 = VECTOR('',#6479,1.);
#6479 = DIRECTION('',(1.,-0.));
#6480 = ( GEOMETRIC_REPRESENTATION_CONTEXT(2) 
PARAMETRIC_REPRESENTATION_CONTEXT() REPRESENTATION_CONTEXT('2D SPACE',''
  ) );
#6481 = PCURVE('',#6482,#6487);
#6482 = PLANE('',#6483);
#6483 = AXIS2_PLACEMENT_3D('',#6484,#6485,#6486);
#6484 = CARTESIAN_POINT('',(-2.621568142792,-2.621568142792,11.77475));
#6485 = DIRECTION('',(0.140307871841,0.140307871841,0.980116014663));
#6486 = DIRECTION('',(0.989908262462,0.,-0.141709674718));
#6487 = DEFINITIONAL_REPRESENTATION('',(#6488),#6496);
#6488 = ( BOUNDED_CURVE() B_SPLINE_CURVE(2,(#6489,#6490,#6491,#6492,
#6493,#6494,#6495),.UNSPECIFIED.,.T.,.F.) B_SPLINE_CURVE_WITH_KNOTS((1,2
    ,2,2,2,1),(-2.094395102393,0.,2.094395102393,4.188790204786,
6.28318530718,8.377580409573),.UNSPECIFIED.) CURVE() 
GEOMETRIC_REPRESENTATION_ITEM() RATIONAL_B_SPLINE_CURVE((1.,0.5,1.,0.5,
1.,0.5,1.)) REPRESENTATION_ITEM('') );
#6489 = CARTESIAN_POINT('',(0.32708924746,1.901804228697E-02));
#6490 = CARTESIAN_POINT('',(0.360029462961,-0.547517152923));
#6491 = CARTESIAN_POINT('',(-0.147074515979,-0.292776618748));
#6492 = CARTESIAN_POINT('',(-0.654178494919,-3.803608457394E-02));
#6493 = CARTESIAN_POINT('',(-0.180014731481,0.273758576461));
#6494 = CARTESIAN_POINT('',(0.294149031958,0.585553237496));
#6495 = CARTESIAN_POINT('',(0.32708924746,1.901804228697E-02));
#6496 = ( GEOMETRIC_REPRESENTATION_CONTEXT(2) 
PARAMETRIC_REPRESENTATION_CONTEXT() REPRESENTATION_CONTEXT('2D SPACE',''
  ) );
#6497 = ORIENTED_EDGE('',*,*,#6498,.F.);
#6498 = EDGE_CURVE('',#6499,#6466,#6501,.T.);
#6499 = VERTEX_POINT('',#6500);
#6500 = CARTESIAN_POINT('',(-2.853245787092,-2.389890498493,11.77475));
#6501 = SURFACE_CURVE('',#6502,(#6507,#6513),.PCURVE_S1.);
#6502 = CIRCLE('',#6503,0.327641666667);
#6503 = AXIS2_PLACEMENT_3D('',#6504,#6505,#6506);
#6504 = CARTESIAN_POINT('',(-2.621568142792,-2.621568142792,11.77475));
#6505 = DIRECTION('',(0.140307871841,0.140307871841,0.980116014663));
#6506 = DIRECTION('',(0.989908262462,0.,-0.141709674718));
#6507 = PCURVE('',#3713,#6508);
#6508 = DEFINITIONAL_REPRESENTATION('',(#6509),#6512);
#6509 = B_SPLINE_CURVE_WITH_KNOTS('',1,(#6510,#6511),.UNSPECIFIED.,.F.,
  .F.,(2,2),(2.346152999252,5.487745652842),.PIECEWISE_BEZIER_KNOTS.);
#6510 = CARTESIAN_POINT('',(-2.346152999252,-0.588144659791));
#6511 = CARTESIAN_POINT('',(-5.487745652842,-0.588144659791));
#6512 = ( GEOMETRIC_REPRESENTATION_CONTEXT(2) 
PARAMETRIC_REPRESENTATION_CONTEXT() REPRESENTATION_CONTEXT('2D SPACE',''
  ) );
#6513 = PCURVE('',#6514,#6519);
#6514 = PLANE('',#6515);
#6515 = AXIS2_PLACEMENT_3D('',#6516,#6517,#6518);
#6516 = CARTESIAN_POINT('',(-2.621568142792,-2.621568142792,11.77475));
#6517 = DIRECTION('',(0.140307871841,0.140307871841,0.980116014663));
#6518 = DIRECTION('',(0.989908262462,0.,-0.141709674718));
#6519 = DEFINITIONAL_REPRESENTATION('',(#6520),#6524);
#6520 = CIRCLE('',#6521,0.327641666667);
#6521 = AXIS2_PLACEMENT_2D('',#6522,#6523);
#6522 = CARTESIAN_POINT('',(0.,0.));
#6523 = DIRECTION('',(1.,0.));
#6524 = ( GEOMETRIC_REPRESENTATION_CONTEXT(2) 
PARAMETRIC_REPRESENTATION_CONTEXT() REPRESENTATION_CONTEXT('2D SPACE',''
  ) );
#6525 = ORIENTED_EDGE('',*,*,#6526,.F.);
#6526 = EDGE_CURVE('',#6527,#6499,#6529,.T.);
#6527 = VERTEX_POINT('',#6528);
#6528 = CARTESIAN_POINT('',(-2.602738228426,-2.298157929579,
    11.7257568367));
#6529 = SURFACE_CURVE('',#6530,(#6535,#6541),.PCURVE_S1.);
#6530 = CIRCLE('',#6531,0.327641666667);
#6531 = AXIS2_PLACEMENT_3D('',#6532,#6533,#6534);
#6532 = CARTESIAN_POINT('',(-2.621568142792,-2.621568142792,11.77475));
#6533 = DIRECTION('',(0.140307871841,0.140307871841,0.980116014663));
#6534 = DIRECTION('',(0.989908262462,0.,-0.141709674718));
#6535 = PCURVE('',#3713,#6536);
#6536 = DEFINITIONAL_REPRESENTATION('',(#6537),#6540);
#6537 = B_SPLINE_CURVE_WITH_KNOTS('',1,(#6538,#6539),.UNSPECIFIED.,.F.,
  .F.,(2,2),(1.492635451065,2.346152999252),.PIECEWISE_BEZIER_KNOTS.);
#6538 = CARTESIAN_POINT('',(-1.492635451065,-0.588144659791));
#6539 = CARTESIAN_POINT('',(-2.346152999252,-0.588144659791));
#6540 = ( GEOMETRIC_REPRESENTATION_CONTEXT(2) 
PARAMETRIC_REPRESENTATION_CONTEXT() REPRESENTATION_CONTEXT('2D SPACE',''
  ) );
#6541 = PCURVE('',#6542,#6547);
#6542 = PLANE('',#6543);
#6543 = AXIS2_PLACEMENT_3D('',#6544,#6545,#6546);
#6544 = CARTESIAN_POINT('',(-2.621568142792,-2.621568142792,11.77475));
#6545 = DIRECTION('',(0.140307871841,0.140307871841,0.980116014663));
#6546 = DIRECTION('',(0.989908262462,0.,-0.141709674718));
#6547 = DEFINITIONAL_REPRESENTATION('',(#6548),#6552);
#6548 = CIRCLE('',#6549,0.327641666667);
#6549 = AXIS2_PLACEMENT_2D('',#6550,#6551);
#6550 = CARTESIAN_POINT('',(0.,0.));
#6551 = DIRECTION('',(1.,0.));
#6552 = ( GEOMETRIC_REPRESENTATION_CONTEXT(2) 
PARAMETRIC_REPRESENTATION_CONTEXT() REPRESENTATION_CONTEXT('2D SPACE',''
  ) );
#6553 = ORIENTED_EDGE('',*,*,#6554,.T.);
#6554 = EDGE_CURVE('',#6527,#3697,#6555,.T.);
#6555 = SURFACE_CURVE('',#6556,(#6562,#6571),.PCURVE_S1.);
#6556 = B_SPLINE_CURVE_WITH_KNOTS('',4,(#6557,#6558,#6559,#6560,#6561),
  .UNSPECIFIED.,.F.,.F.,(5,5),(0.,1.),.PIECEWISE_BEZIER_KNOTS.);
#6557 = CARTESIAN_POINT('',(-2.602738228426,-2.298157929579,
    11.7257568367));
#6558 = CARTESIAN_POINT('',(-2.609787355301,-2.306000775604,
    11.648765570652));
#6559 = CARTESIAN_POINT('',(-2.616818654916,-2.31390009506,
    11.571775929271));
#6560 = CARTESIAN_POINT('',(-2.623827665806,-2.321854184129,
    11.494788719373));
#6561 = CARTESIAN_POINT('',(-2.630810927979,-2.329862330913,
    11.417804722426));
#6562 = PCURVE('',#3713,#6563);
#6563 = DEFINITIONAL_REPRESENTATION('',(#6564),#6570);
#6564 = B_SPLINE_CURVE_WITH_KNOTS('',4,(#6565,#6566,#6567,#6568,#6569),
  .UNSPECIFIED.,.F.,.F.,(5,5),(0.,0.933443332568),
  .PIECEWISE_BEZIER_KNOTS.);
#6565 = CARTESIAN_POINT('',(-1.492635451064,-0.588144659791));
#6566 = CARTESIAN_POINT('',(-1.482148850467,-0.515756284425));
#6567 = CARTESIAN_POINT('',(-1.471872483642,-0.443364571917));
#6568 = CARTESIAN_POINT('',(-1.461781012062,-0.37097086898));
#6569 = CARTESIAN_POINT('',(-1.451854922696,-0.298576291125));
#6570 = ( GEOMETRIC_REPRESENTATION_CONTEXT(2) 
PARAMETRIC_REPRESENTATION_CONTEXT() REPRESENTATION_CONTEXT('2D SPACE',''
  ) );
#6571 = PCURVE('',#3748,#6572);
#6572 = DEFINITIONAL_REPRESENTATION('',(#6573),#6579);
#6573 = B_SPLINE_CURVE_WITH_KNOTS('',4,(#6574,#6575,#6576,#6577,#6578),
  .UNSPECIFIED.,.F.,.F.,(5,5),(0.,0.933443332568),
  .PIECEWISE_BEZIER_KNOTS.);
#6574 = CARTESIAN_POINT('',(8.842315906255,0.505508193584));
#6575 = CARTESIAN_POINT('',(8.853985532663,0.433015690376));
#6576 = CARTESIAN_POINT('',(8.865803664833,0.360522188296));
#6577 = CARTESIAN_POINT('',(8.877760617751,0.288028698653));
#6578 = CARTESIAN_POINT('',(8.889852356619,0.215536105423));
#6579 = ( GEOMETRIC_REPRESENTATION_CONTEXT(2) 
PARAMETRIC_REPRESENTATION_CONTEXT() REPRESENTATION_CONTEXT('2D SPACE',''
  ) );
#6580 = ORIENTED_EDGE('',*,*,#3696,.T.);
#6581 = ORIENTED_EDGE('',*,*,#4438,.F.);
#6582 = ORIENTED_EDGE('',*,*,#6583,.T.);
#6583 = EDGE_CURVE('',#4439,#4468,#6584,.T.);
#6584 = SURFACE_CURVE('',#6585,(#6590,#6596),.PCURVE_S1.);
#6585 = CIRCLE('',#6586,0.35317);
#6586 = AXIS2_PLACEMENT_3D('',#6587,#6588,#6589);
#6587 = CARTESIAN_POINT('',(-2.704089468342,-2.704089468342,11.1983));
#6588 = DIRECTION('',(0.140307871841,0.140307871841,0.980116014663));
#6589 = DIRECTION('',(0.989908262462,0.,-0.141709674718));
#6590 = PCURVE('',#3713,#6591);
#6591 = DEFINITIONAL_REPRESENTATION('',(#6592),#6595);
#6592 = B_SPLINE_CURVE_WITH_KNOTS('',1,(#6593,#6594),.UNSPECIFIED.,.F.,
  .F.,(2,2),(2.016926899043,5.816971753052),.PIECEWISE_BEZIER_KNOTS.);
#6593 = CARTESIAN_POINT('',(-2.016926899043,0.));
#6594 = CARTESIAN_POINT('',(-5.816971753052,0.));
#6595 = ( GEOMETRIC_REPRESENTATION_CONTEXT(2) 
PARAMETRIC_REPRESENTATION_CONTEXT() REPRESENTATION_CONTEXT('2D SPACE',''
  ) );
#6596 = PCURVE('',#4487,#6597);
#6597 = DEFINITIONAL_REPRESENTATION('',(#6598),#6602);
#6598 = CIRCLE('',#6599,0.35317);
#6599 = AXIS2_PLACEMENT_2D('',#6600,#6601);
#6600 = CARTESIAN_POINT('',(0.,0.));
#6601 = DIRECTION('',(1.,0.));
#6602 = ( GEOMETRIC_REPRESENTATION_CONTEXT(2) 
PARAMETRIC_REPRESENTATION_CONTEXT() REPRESENTATION_CONTEXT('2D SPACE',''
  ) );
#6603 = ORIENTED_EDGE('',*,*,#4499,.F.);
#6604 = ADVANCED_FACE('',(#6605),#3748,.T.);
#6605 = FACE_BOUND('',#6606,.T.);
#6606 = EDGE_LOOP('',(#6607,#6608,#6609,#6610,#6611,#6641,#6681,#6716,
    #6771,#6801,#6851,#6886,#6958));
#6607 = ORIENTED_EDGE('',*,*,#6436,.F.);
#6608 = ORIENTED_EDGE('',*,*,#3765,.T.);
#6609 = ORIENTED_EDGE('',*,*,#3731,.T.);
#6610 = ORIENTED_EDGE('',*,*,#6554,.F.);
#6611 = ORIENTED_EDGE('',*,*,#6612,.T.);
#6612 = EDGE_CURVE('',#6527,#6613,#6615,.T.);
#6613 = VERTEX_POINT('',#6614);
#6614 = CARTESIAN_POINT('',(-2.602893116863,-2.298396328846,
    11.725813137546));
#6615 = SURFACE_CURVE('',#6616,(#6621,#6634),.PCURVE_S1.);
#6616 = ELLIPSE('',#6617,0.221071114017,0.22);
#6617 = AXIS2_PLACEMENT_3D('',#6618,#6619,#6620);
#6618 = CARTESIAN_POINT('',(-2.419183349741,-2.419183349741,
    11.716805472656));
#6619 = DIRECTION('',(0.140307871841,0.140307871841,0.980116014663));
#6620 = DIRECTION('',(-0.693046680318,-0.693046680318,0.198425295265));
#6621 = PCURVE('',#3748,#6622);
#6622 = DEFINITIONAL_REPRESENTATION('',(#6623),#6633);
#6623 = B_SPLINE_CURVE_WITH_KNOTS('',8,(#6624,#6625,#6626,#6627,#6628,
    #6629,#6630,#6631,#6632),.UNSPECIFIED.,.F.,.F.,(9,9),(4.917893492294
    ,4.919204729417),.PIECEWISE_BEZIER_KNOTS.);
#6624 = CARTESIAN_POINT('',(8.842315906255,0.505508192372));
#6625 = CARTESIAN_POINT('',(8.842479810895,0.505511679973));
#6626 = CARTESIAN_POINT('',(8.842643715536,0.505515167438));
#6627 = CARTESIAN_POINT('',(8.842807620176,0.505518654767));
#6628 = CARTESIAN_POINT('',(8.842971524817,0.505522141959));
#6629 = CARTESIAN_POINT('',(8.843135429457,0.505525629014));
#6630 = CARTESIAN_POINT('',(8.843299334097,0.505529115933));
#6631 = CARTESIAN_POINT('',(8.843463238738,0.505532602715));
#6632 = CARTESIAN_POINT('',(8.843627143378,0.50553608936));
#6633 = ( GEOMETRIC_REPRESENTATION_CONTEXT(2) 
PARAMETRIC_REPRESENTATION_CONTEXT() REPRESENTATION_CONTEXT('2D SPACE',''
  ) );
#6634 = PCURVE('',#6542,#6635);
#6635 = DEFINITIONAL_REPRESENTATION('',(#6636),#6640);
#6636 = ELLIPSE('',#6637,0.221071114017,0.22);
#6637 = AXIS2_PLACEMENT_2D('',#6638,#6639);
#6638 = CARTESIAN_POINT('',(0.208553678959,0.204406800665));
#6639 = DIRECTION('',(-0.714171419167,-0.69997084514));
#6640 = ( GEOMETRIC_REPRESENTATION_CONTEXT(2) 
PARAMETRIC_REPRESENTATION_CONTEXT() REPRESENTATION_CONTEXT('2D SPACE',''
  ) );
#6641 = ORIENTED_EDGE('',*,*,#6642,.F.);
#6642 = EDGE_CURVE('',#6643,#6613,#6645,.T.);
#6643 = VERTEX_POINT('',#6644);
#6644 = CARTESIAN_POINT('',(-2.537594835676,-2.226631495235,
    12.303268665822));
#6645 = SURFACE_CURVE('',#6646,(#6654,#6665),.PCURVE_S1.);
#6646 = B_SPLINE_CURVE_WITH_KNOTS('',6,(#6647,#6648,#6649,#6650,#6651,
    #6652,#6653),.UNSPECIFIED.,.F.,.F.,(7,7),(0.,1.),
  .PIECEWISE_BEZIER_KNOTS.);
#6647 = CARTESIAN_POINT('',(-2.537594835676,-2.226631495235,
    12.303268665822));
#6648 = CARTESIAN_POINT('',(-2.549168564539,-2.238509805533,
    12.205737148333));
#6649 = CARTESIAN_POINT('',(-2.560497648194,-2.250478643586,
    12.108153346053));
#6650 = CARTESIAN_POINT('',(-2.571611875664,-2.262548972286,
    12.010535623635));
#6651 = CARTESIAN_POINT('',(-2.582525228056,-2.274728257218,
    11.91289626962));
#6652 = CARTESIAN_POINT('',(-2.593246722374,-2.287023414457,
    11.815245648452));
#6653 = CARTESIAN_POINT('',(-2.603780409822,-2.299441320788,
    11.717592595954));
#6654 = PCURVE('',#3748,#6655);
#6655 = DEFINITIONAL_REPRESENTATION('',(#6656),#6664);
#6656 = B_SPLINE_CURVE_WITH_KNOTS('',6,(#6657,#6658,#6659,#6660,#6661,
    #6662,#6663),.UNSPECIFIED.,.F.,.F.,(7,7),(0.,0.985969803227),
  .PIECEWISE_BEZIER_KNOTS.);
#6657 = CARTESIAN_POINT('',(8.669246422945,1.089831300102));
#6658 = CARTESIAN_POINT('',(8.699010418404,0.992507859149));
#6659 = CARTESIAN_POINT('',(8.728306217968,0.895144561227));
#6660 = CARTESIAN_POINT('',(8.757312196508,0.797756126253));
#6661 = CARTESIAN_POINT('',(8.786140139617,0.700352865594));
#6662 = CARTESIAN_POINT('',(8.814884615065,0.602943612364));
#6663 = CARTESIAN_POINT('',(8.84362714314,0.505536090617));
#6664 = ( GEOMETRIC_REPRESENTATION_CONTEXT(2) 
PARAMETRIC_REPRESENTATION_CONTEXT() REPRESENTATION_CONTEXT('2D SPACE',''
  ) );
#6665 = PCURVE('',#6666,#6671);
#6666 = CONICAL_SURFACE('',#6667,0.327641666667,4.305734175707E-02);
#6667 = AXIS2_PLACEMENT_3D('',#6668,#6669,#6670);
#6668 = CARTESIAN_POINT('',(-2.621568142792,-2.621568142792,11.77475));
#6669 = DIRECTION('',(-0.163590330977,-0.163590330977,-0.972870190324));
#6670 = DIRECTION('',(0.986155320523,0.,-0.165824255778));
#6671 = DEFINITIONAL_REPRESENTATION('',(#6672),#6680);
#6672 = B_SPLINE_CURVE_WITH_KNOTS('',6,(#6673,#6674,#6675,#6676,#6677,
    #6678,#6679),.UNSPECIFIED.,.F.,.F.,(7,7),(0.,0.985969803227),
  .PIECEWISE_BEZIER_KNOTS.);
#6673 = CARTESIAN_POINT('',(-1.586786010593,-0.592525093001));
#6674 = CARTESIAN_POINT('',(-1.571028745315,-0.495188149717));
#6675 = CARTESIAN_POINT('',(-1.554996843828,-0.39782626706));
#6676 = CARTESIAN_POINT('',(-1.538803989651,-0.300450180012));
#6677 = CARTESIAN_POINT('',(-1.522497792875,-0.203068021718));
#6678 = CARTESIAN_POINT('',(-1.506106840144,-0.105686985055));
#6679 = CARTESIAN_POINT('',(-1.489641787285,-8.313622992722E-03));
#6680 = ( GEOMETRIC_REPRESENTATION_CONTEXT(2) 
PARAMETRIC_REPRESENTATION_CONTEXT() REPRESENTATION_CONTEXT('2D SPACE',''
  ) );
#6681 = ORIENTED_EDGE('',*,*,#6682,.T.);
#6682 = EDGE_CURVE('',#6643,#6683,#6685,.T.);
#6683 = VERTEX_POINT('',#6684);
#6684 = CARTESIAN_POINT('',(-2.537796456594,-2.226847204231,
    12.303338840794));
#6685 = SURFACE_CURVE('',#6686,(#6691,#6704),.PCURVE_S1.);
#6686 = ELLIPSE('',#6687,0.221936390076,0.22);
#6687 = AXIS2_PLACEMENT_3D('',#6688,#6689,#6690);
#6688 = CARTESIAN_POINT('',(-2.377162010139,-2.377162010139,
    12.30160356981));
#6689 = DIRECTION('',(0.163590330977,0.163590330977,0.972870190324));
#6690 = DIRECTION('',(-0.687923108793,-0.687923108793,0.231351664741));
#6691 = PCURVE('',#3748,#6692);
#6692 = DEFINITIONAL_REPRESENTATION('',(#6693),#6703);
#6693 = B_SPLINE_CURVE_WITH_KNOTS('',8,(#6694,#6695,#6696,#6697,#6698,
    #6699,#6700,#6701,#6702),.UNSPECIFIED.,.F.,.F.,(9,9),(4.744824008983
    ,4.746191483872),.PIECEWISE_BEZIER_KNOTS.);
#6694 = CARTESIAN_POINT('',(8.669246422944,1.089831293562));
#6695 = CARTESIAN_POINT('',(8.669417357305,1.089836291318));
#6696 = CARTESIAN_POINT('',(8.669588291666,1.089841289042));
#6697 = CARTESIAN_POINT('',(8.669759226028,1.089846286734));
#6698 = CARTESIAN_POINT('',(8.669930160389,1.089851284394));
#6699 = CARTESIAN_POINT('',(8.67010109475,1.089856282021));
#6700 = CARTESIAN_POINT('',(8.670272029111,1.089861279616));
#6701 = CARTESIAN_POINT('',(8.670442963472,1.089866277179));
#6702 = CARTESIAN_POINT('',(8.670613897833,1.089871274708));
#6703 = ( GEOMETRIC_REPRESENTATION_CONTEXT(2) 
PARAMETRIC_REPRESENTATION_CONTEXT() REPRESENTATION_CONTEXT('2D SPACE',''
  ) );
#6704 = PCURVE('',#6705,#6710);
#6705 = PLANE('',#6706);
#6706 = AXIS2_PLACEMENT_3D('',#6707,#6708,#6709);
#6707 = CARTESIAN_POINT('',(-2.524636766716,-2.524636766716,12.3512));
#6708 = DIRECTION('',(0.163590330977,0.163590330977,0.972870190324));
#6709 = DIRECTION('',(0.986155320523,0.,-0.165824255778));
#6710 = DEFINITIONAL_REPRESENTATION('',(#6711),#6715);
#6711 = ELLIPSE('',#6712,0.221936390076,0.22);
#6712 = AXIS2_PLACEMENT_2D('',#6713,#6714);
#6713 = CARTESIAN_POINT('',(0.153657306967,0.149488613473));
#6714 = DIRECTION('',(-0.716762751475,-0.697317114445));
#6715 = ( GEOMETRIC_REPRESENTATION_CONTEXT(2) 
PARAMETRIC_REPRESENTATION_CONTEXT() REPRESENTATION_CONTEXT('2D SPACE',''
  ) );
#6716 = ORIENTED_EDGE('',*,*,#6717,.F.);
#6717 = EDGE_CURVE('',#6718,#6683,#6720,.T.);
#6718 = VERTEX_POINT('',#6719);
#6719 = CARTESIAN_POINT('',(-2.46257572012,-2.158422034612,12.7712));
#6720 = SURFACE_CURVE('',#6721,(#6734,#6750),.PCURVE_S1.);
#6721 = B_SPLINE_CURVE_WITH_KNOTS('',6,(#6722,#6723,#6724,#6725,#6726,
    #6727,#6728,#6729,#6730,#6731,#6732,#6733),.UNSPECIFIED.,.F.,.F.,(7,
    5,7),(0.,0.539141730867,1.),.UNSPECIFIED.);
#6722 = CARTESIAN_POINT('',(-2.440534634185,-2.142117729232,
    12.880533267939));
#6723 = CARTESIAN_POINT('',(-2.451425555578,-2.149713595124,
    12.830030952554));
#6724 = CARTESIAN_POINT('',(-2.461597102713,-2.157368181684,
    12.7786059625));
#6725 = CARTESIAN_POINT('',(-2.471230469247,-2.16503699667,
    12.726622465164));
#6726 = CARTESIAN_POINT('',(-2.4804252725,-2.172713669036,
    12.674289726509));
#6727 = CARTESIAN_POINT('',(-2.489258356432,-2.180397418697,
    12.621716838183));
#6728 = CARTESIAN_POINT('',(-2.505084176965,-2.194684497856,
    12.523791032222));
#6729 = CARTESIAN_POINT('',(-2.512154700778,-2.201279607793,
    12.478518978346));
#6730 = CARTESIAN_POINT('',(-2.519036266107,-2.207888754361,
    12.433142229352));
#6731 = CARTESIAN_POINT('',(-2.525752002653,-2.214515251565,
    12.387686433123));
#6732 = CARTESIAN_POINT('',(-2.532318309472,-2.221162477527,
    12.342168263475));
#6733 = CARTESIAN_POINT('',(-2.538748972588,-2.227833869868,
    12.296598239534));
#6734 = PCURVE('',#3748,#6735);
#6735 = DEFINITIONAL_REPRESENTATION('',(#6736),#6749);
#6736 = B_SPLINE_CURVE_WITH_KNOTS('',6,(#6737,#6738,#6739,#6740,#6741,
    #6742,#6743,#6744,#6745,#6746,#6747,#6748),.UNSPECIFIED.,.F.,.F.,(7,
    5,7),(0.,0.539141730867,0.988637701702),.UNSPECIFIED.);
#6737 = CARTESIAN_POINT('',(8.349991050121,1.677118552764));
#6738 = CARTESIAN_POINT('',(8.387426764269,1.625553410814));
#6739 = CARTESIAN_POINT('',(8.421722296745,1.573117550457));
#6740 = CARTESIAN_POINT('',(8.453755173539,1.520163500703));
#6741 = CARTESIAN_POINT('',(8.484022748282,1.466892789319));
#6742 = CARTESIAN_POINT('',(8.512900965371,1.413408511352));
#6743 = CARTESIAN_POINT('',(8.563842980369,1.314963154285));
#6744 = CARTESIAN_POINT('',(8.586231670694,1.27008369956));
#6745 = CARTESIAN_POINT('',(8.608004209802,1.22511624339));
#6746 = CARTESIAN_POINT('',(8.629272072015,1.180082957865));
#6747 = CARTESIAN_POINT('',(8.650118257715,1.134998310699));
#6748 = CARTESIAN_POINT('',(8.670613900732,1.089871281493));
#6749 = ( GEOMETRIC_REPRESENTATION_CONTEXT(2) 
PARAMETRIC_REPRESENTATION_CONTEXT() REPRESENTATION_CONTEXT('2D SPACE',''
  ) );
#6750 = PCURVE('',#6751,#6756);
#6751 = CONICAL_SURFACE('',#6752,0.302113333333,4.269436731809E-02);
#6752 = AXIS2_PLACEMENT_3D('',#6753,#6754,#6755);
#6753 = CARTESIAN_POINT('',(-2.524636766716,-2.524636766716,12.3512));
#6754 = DIRECTION('',(-0.186324040178,-0.186324040178,-0.964658853742));
#6755 = DIRECTION('',(0.981852717803,-6.938893903907E-18,-0.189645038276
    ));
#6756 = DEFINITIONAL_REPRESENTATION('',(#6757),#6770);
#6757 = B_SPLINE_CURVE_WITH_KNOTS('',6,(#6758,#6759,#6760,#6761,#6762,
    #6763,#6764,#6765,#6766,#6767,#6768,#6769),.UNSPECIFIED.,.F.,.F.,(7,
    5,7),(0.,0.539141730867,1.),.UNSPECIFIED.);
#6758 = CARTESIAN_POINT('',(-1.635231673488,-0.597568765128));
#6759 = CARTESIAN_POINT('',(-1.638754287101,-0.54540672656));
#6760 = CARTESIAN_POINT('',(-1.639009140696,-0.49247771735));
#6761 = CARTESIAN_POINT('',(-1.637007440951,-0.439107564032));
#6762 = CARTESIAN_POINT('',(-1.633311314321,-0.385480762847));
#6763 = CARTESIAN_POINT('',(-1.62831007306,-0.33168837749));
#6764 = CARTESIAN_POINT('',(-1.61708949141,-0.231612624628));
#6765 = CARTESIAN_POINT('',(-1.611155471189,-0.185394300937));
#6766 = CARTESIAN_POINT('',(-1.604622405558,-0.139107574321));
#6767 = CARTESIAN_POINT('',(-1.597601111353,-9.277225913709E-02));
#6768 = CARTESIAN_POINT('',(-1.590168288756,-4.640075496741E-02));
#6769 = CARTESIAN_POINT('',(-1.582385464788,0.));
#6770 = ( GEOMETRIC_REPRESENTATION_CONTEXT(2) 
PARAMETRIC_REPRESENTATION_CONTEXT() REPRESENTATION_CONTEXT('2D SPACE',''
  ) );
#6771 = ORIENTED_EDGE('',*,*,#6772,.F.);
#6772 = EDGE_CURVE('',#6773,#6718,#6775,.T.);
#6773 = VERTEX_POINT('',#6774);
#6774 = CARTESIAN_POINT('',(-2.158422037289,-2.462575715381,12.7712));
#6775 = SURFACE_CURVE('',#6776,(#6781,#6794),.PCURVE_S1.);
#6776 = ELLIPSE('',#6777,0.221133009849,0.22);
#6777 = AXIS2_PLACEMENT_3D('',#6778,#6779,#6780);
#6778 = CARTESIAN_POINT('',(-2.343418618762,-2.343418618762,12.7712));
#6779 = DIRECTION('',(0.,0.,1.));
#6780 = DIRECTION('',(0.707106781187,0.707106781187,-0.));
#6781 = PCURVE('',#3748,#6782);
#6782 = DEFINITIONAL_REPRESENTATION('',(#6783),#6793);
#6783 = B_SPLINE_CURVE_WITH_KNOTS('',8,(#6784,#6785,#6786,#6787,#6788,
    #6789,#6790,#6791,#6792),.UNSPECIFIED.,.F.,.F.,(9,9),(4.459348018112
    ,8.107022596247),.PIECEWISE_BEZIER_KNOTS.);
#6784 = CARTESIAN_POINT('',(5.242177778484,1.555300600064));
#6785 = CARTESIAN_POINT('',(5.698137100751,1.565169593972));
#6786 = CARTESIAN_POINT('',(6.154096423017,1.576368709281));
#6787 = CARTESIAN_POINT('',(6.610055745284,1.585767905683));
#6788 = CARTESIAN_POINT('',(7.06601506755,1.589671779456));
#6789 = CARTESIAN_POINT('',(7.521974389817,1.585767905684));
#6790 = CARTESIAN_POINT('',(7.977933712086,1.57636870928));
#6791 = CARTESIAN_POINT('',(8.433893034352,1.565169593972));
#6792 = CARTESIAN_POINT('',(8.889852356619,1.555300600064));
#6793 = ( GEOMETRIC_REPRESENTATION_CONTEXT(2) 
PARAMETRIC_REPRESENTATION_CONTEXT() REPRESENTATION_CONTEXT('2D SPACE',''
  ) );
#6794 = PCURVE('',#5243,#6795);
#6795 = DEFINITIONAL_REPRESENTATION('',(#6796),#6800);
#6796 = ELLIPSE('',#6797,0.221133009849,0.22);
#6797 = AXIS2_PLACEMENT_2D('',#6798,#6799);
#6798 = CARTESIAN_POINT('',(-2.343418618762,-2.343418618762));
#6799 = DIRECTION('',(0.707106781187,0.707106781187));
#6800 = ( GEOMETRIC_REPRESENTATION_CONTEXT(2) 
PARAMETRIC_REPRESENTATION_CONTEXT() REPRESENTATION_CONTEXT('2D SPACE',''
  ) );
#6801 = ORIENTED_EDGE('',*,*,#6802,.F.);
#6802 = EDGE_CURVE('',#6803,#6773,#6805,.T.);
#6803 = VERTEX_POINT('',#6804);
#6804 = CARTESIAN_POINT('',(-2.226847204231,-2.537796456594,
    12.303338840794));
#6805 = SURFACE_CURVE('',#6806,(#6819,#6835),.PCURVE_S1.);
#6806 = B_SPLINE_CURVE_WITH_KNOTS('',6,(#6807,#6808,#6809,#6810,#6811,
    #6812,#6813,#6814,#6815,#6816,#6817,#6818),.UNSPECIFIED.,.F.,.F.,(7,
    5,7),(0.,0.632721162369,1.),.UNSPECIFIED.);
#6807 = CARTESIAN_POINT('',(-2.227833869868,-2.538748972588,
    12.296598239534));
#6808 = CARTESIAN_POINT('',(-2.21867493358,-2.529920525577,
    12.359159834563));
#6809 = CARTESIAN_POINT('',(-2.20956262738,-2.520837178026,
    12.421616425639));
#6810 = CARTESIAN_POINT('',(-2.200486217184,-2.511463452527,
    12.483952516291));
#6811 = CARTESIAN_POINT('',(-2.191437542621,-2.501749288723,
    12.546117819138));
#6812 = CARTESIAN_POINT('',(-2.182407712664,-2.491629731537,
    12.608026758281));
#6813 = CARTESIAN_POINT('',(-2.168159521569,-2.474787154002,
    12.705218631167));
#6814 = CARTESIAN_POINT('',(-2.162932577685,-2.468421749477,
    12.740767429198));
#6815 = CARTESIAN_POINT('',(-2.157710582528,-2.461849826911,
    12.776142722357));
#6816 = CARTESIAN_POINT('',(-2.152494870051,-2.455040546031,
    12.811291933011));
#6817 = CARTESIAN_POINT('',(-2.147292207654,-2.447953780145,12.84612993)
  );
#6818 = CARTESIAN_POINT('',(-2.142117729232,-2.440534634185,
    12.880533267939));
#6819 = PCURVE('',#3748,#6820);
#6820 = DEFINITIONAL_REPRESENTATION('',(#6821),#6834);
#6821 = B_SPLINE_CURVE_WITH_KNOTS('',6,(#6822,#6823,#6824,#6825,#6826,
    #6827,#6828,#6829,#6830,#6831,#6832,#6833),.UNSPECIFIED.,.F.,.F.,(7,
    5,7),(1.136278470222E-02,0.632721162369,1.),.UNSPECIFIED.);
#6822 = CARTESIAN_POINT('',(5.461416239075,1.089871281424));
#6823 = CARTESIAN_POINT('',(5.489747012627,1.152249420164));
#6824 = CARTESIAN_POINT('',(5.518745347836,1.214540268066));
#6825 = CARTESIAN_POINT('',(5.54859806881,1.276730629898));
#6826 = CARTESIAN_POINT('',(5.579554830264,1.338775898773));
#6827 = CARTESIAN_POINT('',(5.611937590707,1.400599305069));
#6828 = CARTESIAN_POINT('',(5.666693334996,1.498391849396));
#6829 = CARTESIAN_POINT('',(5.687739841619,1.534587221165));
#6830 = CARTESIAN_POINT('',(5.709620676015,1.570624386824));
#6831 = CARTESIAN_POINT('',(5.732487156528,1.606453147479));
#6832 = CARTESIAN_POINT('',(5.756537016116,1.641991192942));
#6833 = CARTESIAN_POINT('',(5.782039084981,1.677118552764));
#6834 = ( GEOMETRIC_REPRESENTATION_CONTEXT(2) 
PARAMETRIC_REPRESENTATION_CONTEXT() REPRESENTATION_CONTEXT('2D SPACE',''
  ) );
#6835 = PCURVE('',#6751,#6836);
#6836 = DEFINITIONAL_REPRESENTATION('',(#6837),#6850);
#6837 = B_SPLINE_CURVE_WITH_KNOTS('',6,(#6838,#6839,#6840,#6841,#6842,
    #6843,#6844,#6845,#6846,#6847,#6848,#6849),.UNSPECIFIED.,.F.,.F.,(7,
    5,7),(0.,0.632721162369,1.),.UNSPECIFIED.);
#6838 = CARTESIAN_POINT('',(-6.235623170629,0.));
#6839 = CARTESIAN_POINT('',(-6.224938386223,-6.370207847715E-02));
#6840 = CARTESIAN_POINT('',(-6.214915582258,-0.127341669754));
#6841 = CARTESIAN_POINT('',(-6.205704826122,-0.190912435334));
#6842 = CARTESIAN_POINT('',(-6.19754001382,-0.254376712971));
#6843 = CARTESIAN_POINT('',(-6.190744044049,-0.31766571042));
#6844 = CARTESIAN_POINT('',(-6.183189819693,-0.417215668735));
#6845 = CARTESIAN_POINT('',(-6.18109517098,-0.453668064686));
#6846 = CARTESIAN_POINT('',(-6.179808337701,-0.489990644834));
#6847 = CARTESIAN_POINT('',(-6.179493365237,-0.526138187439));
#6848 = CARTESIAN_POINT('',(-6.180377276576,-0.562034785611));
#6849 = CARTESIAN_POINT('',(-6.18277696193,-0.597568765127));
#6850 = ( GEOMETRIC_REPRESENTATION_CONTEXT(2) 
PARAMETRIC_REPRESENTATION_CONTEXT() REPRESENTATION_CONTEXT('2D SPACE',''
  ) );
#6851 = ORIENTED_EDGE('',*,*,#6852,.T.);
#6852 = EDGE_CURVE('',#6803,#6853,#6855,.T.);
#6853 = VERTEX_POINT('',#6854);
#6854 = CARTESIAN_POINT('',(-2.226631495235,-2.537594835676,
    12.303268665822));
#6855 = SURFACE_CURVE('',#6856,(#6861,#6874),.PCURVE_S1.);
#6856 = ELLIPSE('',#6857,0.221936390076,0.22);
#6857 = AXIS2_PLACEMENT_3D('',#6858,#6859,#6860);
#6858 = CARTESIAN_POINT('',(-2.377162010139,-2.377162010139,
    12.30160356981));
#6859 = DIRECTION('',(0.163590330977,0.163590330977,0.972870190324));
#6860 = DIRECTION('',(-0.687923108793,-0.687923108793,0.231351664741));
#6861 = PCURVE('',#3748,#6862);
#6862 = DEFINITIONAL_REPRESENTATION('',(#6863),#6873);
#6863 = B_SPLINE_CURVE_WITH_KNOTS('',8,(#6864,#6865,#6866,#6867,#6868,
    #6869,#6870,#6871,#6872),.UNSPECIFIED.,.F.,.F.,(9,9),(7.820179130487
    ,7.821546605376),.PIECEWISE_BEZIER_KNOTS.);
#6864 = CARTESIAN_POINT('',(5.461416237269,1.089871276126));
#6865 = CARTESIAN_POINT('',(5.46158717163,1.089866278593));
#6866 = CARTESIAN_POINT('',(5.461758105991,1.089861281026));
#6867 = CARTESIAN_POINT('',(5.461929040352,1.089856283427));
#6868 = CARTESIAN_POINT('',(5.462099974713,1.089851285795));
#6869 = CARTESIAN_POINT('',(5.462270909074,1.08984628813));
#6870 = CARTESIAN_POINT('',(5.462441843436,1.089841290434));
#6871 = CARTESIAN_POINT('',(5.462612777797,1.089836292705));
#6872 = CARTESIAN_POINT('',(5.462783712158,1.089831294945));
#6873 = ( GEOMETRIC_REPRESENTATION_CONTEXT(2) 
PARAMETRIC_REPRESENTATION_CONTEXT() REPRESENTATION_CONTEXT('2D SPACE',''
  ) );
#6874 = PCURVE('',#6875,#6880);
#6875 = PLANE('',#6876);
#6876 = AXIS2_PLACEMENT_3D('',#6877,#6878,#6879);
#6877 = CARTESIAN_POINT('',(-2.524636766716,-2.524636766716,12.3512));
#6878 = DIRECTION('',(0.163590330977,0.163590330977,0.972870190324));
#6879 = DIRECTION('',(0.986155320523,0.,-0.165824255778));
#6880 = DEFINITIONAL_REPRESENTATION('',(#6881),#6885);
#6881 = ELLIPSE('',#6882,0.221936390076,0.22);
#6882 = AXIS2_PLACEMENT_2D('',#6883,#6884);
#6883 = CARTESIAN_POINT('',(0.153657306967,0.149488613473));
#6884 = DIRECTION('',(-0.716762751475,-0.697317114445));
#6885 = ( GEOMETRIC_REPRESENTATION_CONTEXT(2) 
PARAMETRIC_REPRESENTATION_CONTEXT() REPRESENTATION_CONTEXT('2D SPACE',''
  ) );
#6886 = ORIENTED_EDGE('',*,*,#6887,.T.);
#6887 = EDGE_CURVE('',#6853,#6888,#6890,.T.);
#6888 = VERTEX_POINT('',#6889);
#6889 = CARTESIAN_POINT('',(-2.298396328846,-2.602893116863,
    11.725813137546));
#6890 = SURFACE_CURVE('',#6891,(#6900,#6929),.PCURVE_S1.);
#6891 = B_SPLINE_CURVE_WITH_KNOTS('',4,(#6892,#6893,#6894,#6895,#6896,
    #6897,#6898,#6899),.UNSPECIFIED.,.F.,.F.,(5,3,5),(0.,1.,
    2.207914955134),.UNSPECIFIED.);
#6892 = CARTESIAN_POINT('',(-2.226631495235,-2.537594835676,
    12.303268665822));
#6893 = CARTESIAN_POINT('',(-2.234588083837,-2.545347402906,
    12.237937979808));
#6894 = CARTESIAN_POINT('',(-2.242589841751,-2.552978094635,
    12.172581126303));
#6895 = CARTESIAN_POINT('',(-2.250641486346,-2.560499674703,
    12.10720635548));
#6896 = CARTESIAN_POINT('',(-2.268536437462,-2.576878758142,
    11.962836311641));
#6897 = CARTESIAN_POINT('',(-2.278404252605,-2.585689065984,
    11.883835338186));
#6898 = CARTESIAN_POINT('',(-2.28835580732,-2.594359513882,
    11.804825231102));
#6899 = CARTESIAN_POINT('',(-2.298396328726,-2.602893116573,
    11.725813137499));
#6900 = PCURVE('',#3748,#6901);
#6901 = DEFINITIONAL_REPRESENTATION('',(#6902),#6928);
#6902 = B_SPLINE_CURVE_WITH_KNOTS('',3,(#6903,#6904,#6905,#6906,#6907,
    #6908,#6909,#6910,#6911,#6912,#6913,#6914,#6915,#6916,#6917,#6918,
    #6919,#6920,#6921,#6922,#6923,#6924,#6925,#6926,#6927),
  .UNSPECIFIED.,.F.,.F.,(4,1,1,1,1,1,1,1,1,1,1,1,1,1,1,1,1,1,1,1,1,1,4),
  (0.,0.100359770688,0.200719541376,0.301079312064,0.401439082752,
    0.50179885344,0.602158624127,0.702518394815,0.802878165503,
    0.903237936191,1.003597706879,1.103957477567,1.204317248255,
    1.304677018943,1.405036789631,1.505396560319,1.605756331007,
    1.706116101694,1.806475872382,1.90683564307,2.007195413758,
    2.107555184446,2.207914955134),.QUASI_UNIFORM_KNOTS.);
#6903 = CARTESIAN_POINT('',(5.462783712158,1.089831300102));
#6904 = CARTESIAN_POINT('',(5.460077902522,1.080983720072));
#6905 = CARTESIAN_POINT('',(5.454675918782,1.063287733987));
#6906 = CARTESIAN_POINT('',(5.44660000963,1.036741436023));
#6907 = CARTESIAN_POINT('',(5.438549297344,1.010192980803));
#6908 = CARTESIAN_POINT('',(5.430522015408,0.983642521682));
#6909 = CARTESIAN_POINT('',(5.422516463763,0.957090206627));
#6910 = CARTESIAN_POINT('',(5.414531017536,0.93053617744));
#6911 = CARTESIAN_POINT('',(5.406564123082,0.903980570022));
#6912 = CARTESIAN_POINT('',(5.398614299025,0.877423514098));
#6913 = CARTESIAN_POINT('',(5.390680129624,0.850865134055));
#6914 = CARTESIAN_POINT('',(5.382760283436,0.824305545858));
#6915 = CARTESIAN_POINT('',(5.374853437853,0.797744868592));
#6916 = CARTESIAN_POINT('',(5.36695832049,0.77118321798));
#6917 = CARTESIAN_POINT('',(5.359073736749,0.744620700868));
#6918 = CARTESIAN_POINT('',(5.351198511578,0.718057424235));
#6919 = CARTESIAN_POINT('',(5.343331504405,0.691493492782));
#6920 = CARTESIAN_POINT('',(5.335471604435,0.664929009576));
#6921 = CARTESIAN_POINT('',(5.327617731153,0.638364075881));
#6922 = CARTESIAN_POINT('',(5.319768833473,0.611798791193));
#6923 = CARTESIAN_POINT('',(5.311923888937,0.585233253254));
#6924 = CARTESIAN_POINT('',(5.304081903913,0.558667557986));
#6925 = CARTESIAN_POINT('',(5.296241909595,0.532101799719));
#6926 = CARTESIAN_POINT('',(5.291015952296,0.514391313475));
#6927 = CARTESIAN_POINT('',(5.288402992915,0.505536090602));
#6928 = ( GEOMETRIC_REPRESENTATION_CONTEXT(2) 
PARAMETRIC_REPRESENTATION_CONTEXT() REPRESENTATION_CONTEXT('2D SPACE',''
  ) );
#6929 = PCURVE('',#6666,#6930);
#6930 = DEFINITIONAL_REPRESENTATION('',(#6931),#6957);
#6931 = B_SPLINE_CURVE_WITH_KNOTS('',3,(#6932,#6933,#6934,#6935,#6936,
    #6937,#6938,#6939,#6940,#6941,#6942,#6943,#6944,#6945,#6946,#6947,
    #6948,#6949,#6950,#6951,#6952,#6953,#6954,#6955,#6956),
  .UNSPECIFIED.,.F.,.F.,(4,1,1,1,1,1,1,1,1,1,1,1,1,1,1,1,1,1,1,1,1,1,4),
  (0.,0.100359770688,0.200719541376,0.301079312064,0.401439082752,
    0.50179885344,0.602158624127,0.702518394815,0.802878165503,
    0.903237936191,1.003597706879,1.103957477567,1.204317248255,
    1.304677018943,1.405036789631,1.505396560319,1.605756331007,
    1.706116101694,1.806475872382,1.90683564307,2.007195413758,
    2.107555184446,2.207914955134),.QUASI_UNIFORM_KNOTS.);
#6932 = CARTESIAN_POINT('',(-6.239694473127,-0.592525093001));
#6933 = CARTESIAN_POINT('',(-6.241126957408,-0.583676285659));
#6934 = CARTESIAN_POINT('',(-6.24399756606,-0.56597815217));
#6935 = CARTESIAN_POINT('',(-6.2483192824,-0.539429514444));
#6936 = CARTESIAN_POINT('',(-6.252655654521,-0.512879559691));
#6937 = CARTESIAN_POINT('',(-6.25700564221,-0.486328402977));
#6938 = CARTESIAN_POINT('',(-6.261368273651,-0.459776155809));
#6939 = CARTESIAN_POINT('',(-6.265742654005,-0.433222925613));
#6940 = CARTESIAN_POINT('',(-6.270127960895,-0.406668815898));
#6941 = CARTESIAN_POINT('',(-6.274523444822,-0.380113926024));
#6942 = CARTESIAN_POINT('',(-6.278928423055,-0.353558351869));
#6943 = CARTESIAN_POINT('',(-6.283342294784,-0.327002183292));
#6944 = CARTESIAN_POINT('',(-6.287764477617,-0.300445513557));
#6945 = CARTESIAN_POINT('',(-6.292194439964,-0.273888433984));
#6946 = CARTESIAN_POINT('',(-6.296631725858,-0.247331029279));
#6947 = CARTESIAN_POINT('',(-6.30107590599,-0.220773384899));
#6948 = CARTESIAN_POINT('',(-6.305526589965,-0.194215585072));
#6949 = CARTESIAN_POINT('',(-6.309983422169,-0.167657713312));
#6950 = CARTESIAN_POINT('',(-6.314446082012,-0.14109985227));
#6951 = CARTESIAN_POINT('',(-6.318914283095,-0.114542083765));
#6952 = CARTESIAN_POINT('',(-6.323387772341,-8.798448877005E-02));
#6953 = CARTESIAN_POINT('',(-6.327866330379,-6.142714737488E-02));
#6954 = CARTESIAN_POINT('',(-6.332349766965,-3.487013889171E-02));
#6955 = CARTESIAN_POINT('',(-6.335341879024,-1.716574058174E-02));
#6956 = CARTESIAN_POINT('',(-6.336838697073,-8.31362300491E-03));
#6957 = ( GEOMETRIC_REPRESENTATION_CONTEXT(2) 
PARAMETRIC_REPRESENTATION_CONTEXT() REPRESENTATION_CONTEXT('2D SPACE',''
  ) );
#6958 = ORIENTED_EDGE('',*,*,#6959,.T.);
#6959 = EDGE_CURVE('',#6888,#6437,#6960,.T.);
#6960 = SURFACE_CURVE('',#6961,(#6966,#6979),.PCURVE_S1.);
#6961 = ELLIPSE('',#6962,0.221071114017,0.22);
#6962 = AXIS2_PLACEMENT_3D('',#6963,#6964,#6965);
#6963 = CARTESIAN_POINT('',(-2.419183349741,-2.419183349741,
    11.716805472656));
#6964 = DIRECTION('',(0.140307871841,0.140307871841,0.980116014663));
#6965 = DIRECTION('',(-0.693046680318,-0.693046680318,0.198425295265));
#6966 = PCURVE('',#3748,#6967);
#6967 = DEFINITIONAL_REPRESENTATION('',(#6968),#6978);
#6968 = B_SPLINE_CURVE_WITH_KNOTS('',8,(#6969,#6970,#6971,#6972,#6973,
    #6974,#6975,#6976,#6977),.UNSPECIFIED.,.F.,.F.,(9,9),(1.363980577762
    ,1.365291814886),.PIECEWISE_BEZIER_KNOTS.);
#6969 = CARTESIAN_POINT('',(5.288402991724,0.505536089544));
#6970 = CARTESIAN_POINT('',(5.288566896364,0.505532602899));
#6971 = CARTESIAN_POINT('',(5.288730801004,0.505529116116));
#6972 = CARTESIAN_POINT('',(5.288894705645,0.505525629197));
#6973 = CARTESIAN_POINT('',(5.289058610285,0.50552214214));
#6974 = CARTESIAN_POINT('',(5.289222514926,0.505518654947));
#6975 = CARTESIAN_POINT('',(5.289386419566,0.505515167618));
#6976 = CARTESIAN_POINT('',(5.289550324207,0.505511680152));
#6977 = CARTESIAN_POINT('',(5.289714228847,0.505508192551));
#6978 = ( GEOMETRIC_REPRESENTATION_CONTEXT(2) 
PARAMETRIC_REPRESENTATION_CONTEXT() REPRESENTATION_CONTEXT('2D SPACE',''
  ) );
#6979 = PCURVE('',#6482,#6980);
#6980 = DEFINITIONAL_REPRESENTATION('',(#6981),#6985);
#6981 = ELLIPSE('',#6982,0.221071114017,0.22);
#6982 = AXIS2_PLACEMENT_2D('',#6983,#6984);
#6983 = CARTESIAN_POINT('',(0.208553678959,0.204406800665));
#6984 = DIRECTION('',(-0.714171419167,-0.69997084514));
#6985 = ( GEOMETRIC_REPRESENTATION_CONTEXT(2) 
PARAMETRIC_REPRESENTATION_CONTEXT() REPRESENTATION_CONTEXT('2D SPACE',''
  ) );
#6986 = ADVANCED_FACE('',(#6987),#4421,.F.);
#6987 = FACE_BOUND('',#6988,.T.);
#6988 = EDGE_LOOP('',(#6989,#7010,#7011,#7012));
#6989 = ORIENTED_EDGE('',*,*,#6990,.T.);
#6990 = EDGE_CURVE('',#4825,#4405,#6991,.T.);
#6991 = SEAM_CURVE('',#6992,(#6996,#7003),.PCURVE_S1.);
#6992 = LINE('',#6993,#6994);
#6993 = CARTESIAN_POINT('',(2.9519,2.978657310263E-16,11.1183));
#6994 = VECTOR('',#6995,1.);
#6995 = DIRECTION('',(0.,0.,1.));
#6996 = PCURVE('',#4421,#6997);
#6997 = DEFINITIONAL_REPRESENTATION('',(#6998),#7002);
#6998 = LINE('',#6999,#7000);
#6999 = CARTESIAN_POINT('',(-0.,0.));
#7000 = VECTOR('',#7001,1.);
#7001 = DIRECTION('',(-0.,-1.));
#7002 = ( GEOMETRIC_REPRESENTATION_CONTEXT(2) 
PARAMETRIC_REPRESENTATION_CONTEXT() REPRESENTATION_CONTEXT('2D SPACE',''
  ) );
#7003 = PCURVE('',#4421,#7004);
#7004 = DEFINITIONAL_REPRESENTATION('',(#7005),#7009);
#7005 = LINE('',#7006,#7007);
#7006 = CARTESIAN_POINT('',(-6.28318530718,0.));
#7007 = VECTOR('',#7008,1.);
#7008 = DIRECTION('',(-0.,-1.));
#7009 = ( GEOMETRIC_REPRESENTATION_CONTEXT(2) 
PARAMETRIC_REPRESENTATION_CONTEXT() REPRESENTATION_CONTEXT('2D SPACE',''
  ) );
#7010 = ORIENTED_EDGE('',*,*,#4404,.T.);
#7011 = ORIENTED_EDGE('',*,*,#6990,.F.);
#7012 = ORIENTED_EDGE('',*,*,#4824,.F.);
#7013 = ADVANCED_FACE('',(#7014),#4754,.F.);
#7014 = FACE_BOUND('',#7015,.F.);
#7015 = EDGE_LOOP('',(#7016,#7017));
#7016 = ORIENTED_EDGE('',*,*,#4734,.F.);
#7017 = ORIENTED_EDGE('',*,*,#4947,.T.);
#7018 = ADVANCED_FACE('',(#7019),#4665,.F.);
#7019 = FACE_BOUND('',#7020,.F.);
#7020 = EDGE_LOOP('',(#7021,#7022));
#7021 = ORIENTED_EDGE('',*,*,#5498,.T.);
#7022 = ORIENTED_EDGE('',*,*,#4645,.F.);
#7023 = ADVANCED_FACE('',(#7024),#4576,.F.);
#7024 = FACE_BOUND('',#7025,.F.);
#7025 = EDGE_LOOP('',(#7026,#7027));
#7026 = ORIENTED_EDGE('',*,*,#6007,.T.);
#7027 = ORIENTED_EDGE('',*,*,#4556,.F.);
#7028 = ADVANCED_FACE('',(#7029),#4487,.F.);
#7029 = FACE_BOUND('',#7030,.F.);
#7030 = EDGE_LOOP('',(#7031,#7032));
#7031 = ORIENTED_EDGE('',*,*,#4467,.F.);
#7032 = ORIENTED_EDGE('',*,*,#6583,.T.);
#7033 = ADVANCED_FACE('',(#7034),#4901,.T.);
#7034 = FACE_BOUND('',#7035,.T.);
#7035 = EDGE_LOOP('',(#7036,#7037,#7038));
#7036 = ORIENTED_EDGE('',*,*,#5060,.F.);
#7037 = ORIENTED_EDGE('',*,*,#4882,.F.);
#7038 = ORIENTED_EDGE('',*,*,#7039,.F.);
#7039 = EDGE_CURVE('',#5061,#4883,#7040,.T.);
#7040 = SURFACE_CURVE('',#7041,(#7046,#7053),.PCURVE_S1.);
#7041 = ELLIPSE('',#7042,0.327828671407,0.327642012604);
#7042 = AXIS2_PLACEMENT_3D('',#7043,#7044,#7045);
#7043 = CARTESIAN_POINT('',(-2.621898301888,2.621898301888,
    11.774844527422));
#7044 = DIRECTION('',(0.140307871841,-0.140307871841,0.980116014663));
#7045 = DIRECTION('',(-0.693046680318,0.693046680318,0.198425295265));
#7046 = PCURVE('',#4901,#7047);
#7047 = DEFINITIONAL_REPRESENTATION('',(#7048),#7052);
#7048 = ELLIPSE('',#7049,0.327828671407,0.327642012604);
#7049 = AXIS2_PLACEMENT_2D('',#7050,#7051);
#7050 = CARTESIAN_POINT('',(-3.402226666619E-04,3.334576841466E-04));
#7051 = DIRECTION('',(-0.714171419167,0.69997084514));
#7052 = ( GEOMETRIC_REPRESENTATION_CONTEXT(2) 
PARAMETRIC_REPRESENTATION_CONTEXT() REPRESENTATION_CONTEXT('2D SPACE',''
  ) );
#7053 = PCURVE('',#5114,#7054);
#7054 = DEFINITIONAL_REPRESENTATION('',(#7055),#7064);
#7055 = B_SPLINE_CURVE_WITH_KNOTS('',7,(#7056,#7057,#7058,#7059,#7060,
    #7061,#7062,#7063),.UNSPECIFIED.,.F.,.F.,(8,8),(3.858631376163,
    4.710935818502),.PIECEWISE_BEZIER_KNOTS.);
#7056 = CARTESIAN_POINT('',(-4.631234442135,-8.313840608445E-03));
#7057 = CARTESIAN_POINT('',(-4.753125603469,-7.429614986625E-03));
#7058 = CARTESIAN_POINT('',(-4.875000211274,-6.401239916821E-03));
#7059 = CARTESIAN_POINT('',(-4.996855033375,-5.250123791116E-03));
#7060 = CARTESIAN_POINT('',(-5.118687443249,-4.002972484138E-03));
#7061 = CARTESIAN_POINT('',(-5.240495618154,-2.690524323864E-03));
#7062 = CARTESIAN_POINT('',(-5.362278662621,-1.34553322715E-03));
#7063 = CARTESIAN_POINT('',(-5.484036568655,1.742031900121E-15));
#7064 = ( GEOMETRIC_REPRESENTATION_CONTEXT(2) 
PARAMETRIC_REPRESENTATION_CONTEXT() REPRESENTATION_CONTEXT('2D SPACE',''
  ) );
#7065 = ADVANCED_FACE('',(#7066),#5015,.T.);
#7066 = FACE_BOUND('',#7067,.T.);
#7067 = EDGE_LOOP('',(#7068,#7095,#7096));
#7068 = ORIENTED_EDGE('',*,*,#7069,.F.);
#7069 = EDGE_CURVE('',#5000,#5341,#7070,.T.);
#7070 = SURFACE_CURVE('',#7071,(#7076,#7083),.PCURVE_S1.);
#7071 = ELLIPSE('',#7072,0.327828671407,0.327642012604);
#7072 = AXIS2_PLACEMENT_3D('',#7073,#7074,#7075);
#7073 = CARTESIAN_POINT('',(-2.621898301888,2.621898301888,
    11.774844527422));
#7074 = DIRECTION('',(0.140307871841,-0.140307871841,0.980116014663));
#7075 = DIRECTION('',(-0.693046680318,0.693046680318,0.198425295265));
#7076 = PCURVE('',#5015,#7077);
#7077 = DEFINITIONAL_REPRESENTATION('',(#7078),#7082);
#7078 = ELLIPSE('',#7079,0.327828671407,0.327642012604);
#7079 = AXIS2_PLACEMENT_2D('',#7080,#7081);
#7080 = CARTESIAN_POINT('',(-3.402226666619E-04,3.334576841466E-04));
#7081 = DIRECTION('',(-0.714171419167,0.69997084514));
#7082 = ( GEOMETRIC_REPRESENTATION_CONTEXT(2) 
PARAMETRIC_REPRESENTATION_CONTEXT() REPRESENTATION_CONTEXT('2D SPACE',''
  ) );
#7083 = PCURVE('',#5114,#7084);
#7084 = DEFINITIONAL_REPRESENTATION('',(#7085),#7094);
#7085 = B_SPLINE_CURVE_WITH_KNOTS('',7,(#7086,#7087,#7088,#7089,#7090,
    #7091,#7092,#7093),.UNSPECIFIED.,.F.,.F.,(8,8),(1.572249488678,
    2.424553931016),.PIECEWISE_BEZIER_KNOTS.);
#7086 = CARTESIAN_POINT('',(-8.625629222245,2.148488611338E-17));
#7087 = CARTESIAN_POINT('',(-8.747387128279,-1.345533227151E-03));
#7088 = CARTESIAN_POINT('',(-8.869170172746,-2.690524323863E-03));
#7089 = CARTESIAN_POINT('',(-8.990978347651,-4.002972484135E-03));
#7090 = CARTESIAN_POINT('',(-9.112810757525,-5.250123791113E-03));
#7091 = CARTESIAN_POINT('',(-9.234665579626,-6.401239916819E-03));
#7092 = CARTESIAN_POINT('',(-9.356540187431,-7.429614986625E-03));
#7093 = CARTESIAN_POINT('',(-9.478431348765,-8.313840608447E-03));
#7094 = ( GEOMETRIC_REPRESENTATION_CONTEXT(2) 
PARAMETRIC_REPRESENTATION_CONTEXT() REPRESENTATION_CONTEXT('2D SPACE',''
  ) );
#7095 = ORIENTED_EDGE('',*,*,#4999,.T.);
#7096 = ORIENTED_EDGE('',*,*,#5375,.F.);
#7097 = ADVANCED_FACE('',(#7098),#5041,.T.);
#7098 = FACE_BOUND('',#7099,.T.);
#7099 = EDGE_LOOP('',(#7100,#7126,#7127,#7148));
#7100 = ORIENTED_EDGE('',*,*,#7101,.T.);
#7101 = EDGE_CURVE('',#7102,#4883,#7104,.T.);
#7102 = VERTEX_POINT('',#7103);
#7103 = CARTESIAN_POINT('',(-2.441763333416,2.801372952169,11.77475));
#7104 = SURFACE_CURVE('',#7105,(#7109,#7115),.PCURVE_S1.);
#7105 = LINE('',#7106,#7107);
#7106 = CARTESIAN_POINT('',(-2.621568142792,2.621568142792,11.77475));
#7107 = VECTOR('',#7108,1.);
#7108 = DIRECTION('',(0.707106781187,0.707106781187,-3.087665650978E-15)
  );
#7109 = PCURVE('',#5041,#7110);
#7110 = DEFINITIONAL_REPRESENTATION('',(#7111),#7114);
#7111 = B_SPLINE_CURVE_WITH_KNOTS('',1,(#7112,#7113),.UNSPECIFIED.,.F.,
  .F.,(2,2),(-0.457113132612,0.457113132612),.PIECEWISE_BEZIER_KNOTS.);
#7112 = CARTESIAN_POINT('',(-0.319965865759,-0.326457134637));
#7113 = CARTESIAN_POINT('',(0.319965865759,0.326457134637));
#7114 = ( GEOMETRIC_REPRESENTATION_CONTEXT(2) 
PARAMETRIC_REPRESENTATION_CONTEXT() REPRESENTATION_CONTEXT('2D SPACE',''
  ) );
#7115 = PCURVE('',#7116,#7121);
#7116 = PLANE('',#7117);
#7117 = AXIS2_PLACEMENT_3D('',#7118,#7119,#7120);
#7118 = CARTESIAN_POINT('',(-2.621568142792,2.621568142792,11.77475));
#7119 = DIRECTION('',(0.163590330977,-0.163590330977,0.972870190324));
#7120 = DIRECTION('',(3.469446951954E-18,0.986155320523,0.165824255778)
  );
#7121 = DEFINITIONAL_REPRESENTATION('',(#7122),#7125);
#7122 = B_SPLINE_CURVE_WITH_KNOTS('',1,(#7123,#7124),.UNSPECIFIED.,.F.,
  .F.,(2,2),(-0.457113132612,0.457113132612),.PIECEWISE_BEZIER_KNOTS.);
#7123 = CARTESIAN_POINT('',(-0.318752810608,0.327641666667));
#7124 = CARTESIAN_POINT('',(0.318752810608,-0.327641666667));
#7125 = ( GEOMETRIC_REPRESENTATION_CONTEXT(2) 
PARAMETRIC_REPRESENTATION_CONTEXT() REPRESENTATION_CONTEXT('2D SPACE',''
  ) );
#7126 = ORIENTED_EDGE('',*,*,#5027,.T.);
#7127 = ORIENTED_EDGE('',*,*,#7128,.T.);
#7128 = EDGE_CURVE('',#5000,#7129,#7131,.T.);
#7129 = VERTEX_POINT('',#7130);
#7130 = CARTESIAN_POINT('',(-2.801372952169,2.441763333416,11.77475));
#7131 = SURFACE_CURVE('',#7132,(#7136,#7142),.PCURVE_S1.);
#7132 = LINE('',#7133,#7134);
#7133 = CARTESIAN_POINT('',(-2.621568142792,2.621568142792,11.77475));
#7134 = VECTOR('',#7135,1.);
#7135 = DIRECTION('',(0.707106781187,0.707106781187,-3.087665650978E-15)
  );
#7136 = PCURVE('',#5041,#7137);
#7137 = DEFINITIONAL_REPRESENTATION('',(#7138),#7141);
#7138 = B_SPLINE_CURVE_WITH_KNOTS('',1,(#7139,#7140),.UNSPECIFIED.,.F.,
  .F.,(2,2),(-0.457113132612,0.457113132612),.PIECEWISE_BEZIER_KNOTS.);
#7139 = CARTESIAN_POINT('',(-0.319965865759,-0.326457134637));
#7140 = CARTESIAN_POINT('',(0.319965865759,0.326457134637));
#7141 = ( GEOMETRIC_REPRESENTATION_CONTEXT(2) 
PARAMETRIC_REPRESENTATION_CONTEXT() REPRESENTATION_CONTEXT('2D SPACE',''
  ) );
#7142 = PCURVE('',#7116,#7143);
#7143 = DEFINITIONAL_REPRESENTATION('',(#7144),#7147);
#7144 = B_SPLINE_CURVE_WITH_KNOTS('',1,(#7145,#7146),.UNSPECIFIED.,.F.,
  .F.,(2,2),(-0.457113132612,0.457113132612),.PIECEWISE_BEZIER_KNOTS.);
#7145 = CARTESIAN_POINT('',(-0.318752810608,0.327641666667));
#7146 = CARTESIAN_POINT('',(0.318752810608,-0.327641666667));
#7147 = ( GEOMETRIC_REPRESENTATION_CONTEXT(2) 
PARAMETRIC_REPRESENTATION_CONTEXT() REPRESENTATION_CONTEXT('2D SPACE',''
  ) );
#7148 = ORIENTED_EDGE('',*,*,#7149,.F.);
#7149 = EDGE_CURVE('',#7102,#7129,#7150,.T.);
#7150 = SURFACE_CURVE('',#7151,(#7156,#7163),.PCURVE_S1.);
#7151 = CIRCLE('',#7152,0.2542824);
#7152 = AXIS2_PLACEMENT_3D('',#7153,#7154,#7155);
#7153 = CARTESIAN_POINT('',(-2.621568142792,2.621568142792,11.77475));
#7154 = DIRECTION('',(0.140307871841,-0.140307871841,0.980116014663));
#7155 = DIRECTION('',(0.707106781187,0.707106781187,0.));
#7156 = PCURVE('',#5041,#7157);
#7157 = DEFINITIONAL_REPRESENTATION('',(#7158),#7162);
#7158 = CIRCLE('',#7159,0.2542824);
#7159 = AXIS2_PLACEMENT_2D('',#7160,#7161);
#7160 = CARTESIAN_POINT('',(0.,0.));
#7161 = DIRECTION('',(0.69997084514,0.714171419167));
#7162 = ( GEOMETRIC_REPRESENTATION_CONTEXT(2) 
PARAMETRIC_REPRESENTATION_CONTEXT() REPRESENTATION_CONTEXT('2D SPACE',''
  ) );
#7163 = PCURVE('',#7164,#7169);
#7164 = SPHERICAL_SURFACE('',#7165,0.2542824);
#7165 = AXIS2_PLACEMENT_3D('',#7166,#7167,#7168);
#7166 = CARTESIAN_POINT('',(-2.621568142792,2.621568142792,11.77475));
#7167 = DIRECTION('',(0.,0.,1.));
#7168 = DIRECTION('',(1.,0.,-0.));
#7169 = DEFINITIONAL_REPRESENTATION('',(#7170),#7185);
#7170 = B_SPLINE_CURVE_WITH_KNOTS('',7,(#7171,#7172,#7173,#7174,#7175,
    #7176,#7177,#7178,#7179,#7180,#7181,#7182,#7183,#7184),
  .UNSPECIFIED.,.F.,.F.,(8,6,8),(0.,1.570796326795,3.14159265359),
  .UNSPECIFIED.);
#7171 = CARTESIAN_POINT('',(0.785398163397,0.));
#7172 = CARTESIAN_POINT('',(1.005335682778,4.452653213512E-02));
#7173 = CARTESIAN_POINT('',(1.225275374498,8.905514409363E-02));
#7174 = CARTESIAN_POINT('',(1.446625960265,0.130050712836));
#7175 = CARTESIAN_POINT('',(1.670860909,0.164063145092));
#7176 = CARTESIAN_POINT('',(1.898294331164,0.187859129386));
#7177 = CARTESIAN_POINT('',(2.127242537669,0.199751007351));
#7178 = CARTESIAN_POINT('',(2.585146442716,0.199751007351));
#7179 = CARTESIAN_POINT('',(2.814094649221,0.187859129386));
#7180 = CARTESIAN_POINT('',(3.041528071385,0.164063145092));
#7181 = CARTESIAN_POINT('',(3.265763020119,0.130050712836));
#7182 = CARTESIAN_POINT('',(3.487113605887,8.905514409362E-02));
#7183 = CARTESIAN_POINT('',(3.707053297606,4.452653213512E-02));
#7184 = CARTESIAN_POINT('',(3.926990816987,0.));
#7185 = ( GEOMETRIC_REPRESENTATION_CONTEXT(2) 
PARAMETRIC_REPRESENTATION_CONTEXT() REPRESENTATION_CONTEXT('2D SPACE',''
  ) );
#7186 = ADVANCED_FACE('',(#7187),#5114,.T.);
#7187 = FACE_BOUND('',#7188,.T.);
#7188 = EDGE_LOOP('',(#7189,#7224,#7245,#7246,#7247,#7269,#7270,#7271));
#7189 = ORIENTED_EDGE('',*,*,#7190,.T.);
#7190 = EDGE_CURVE('',#7191,#7193,#7195,.T.);
#7191 = VERTEX_POINT('',#7192);
#7192 = CARTESIAN_POINT('',(-2.738263153403,2.311010380029,12.3512));
#7193 = VERTEX_POINT('',#7194);
#7194 = CARTESIAN_POINT('',(-2.311010380029,2.738263153403,12.3512));
#7195 = SURFACE_CURVE('',#7196,(#7201,#7208),.PCURVE_S1.);
#7196 = CIRCLE('',#7197,0.302113333333);
#7197 = AXIS2_PLACEMENT_3D('',#7198,#7199,#7200);
#7198 = CARTESIAN_POINT('',(-2.524636766716,2.524636766716,12.3512));
#7199 = DIRECTION('',(-0.163590330977,0.163590330977,-0.972870190324));
#7200 = DIRECTION('',(-0.707106781187,-0.707106781187,5.898059818321E-15
    ));
#7201 = PCURVE('',#5114,#7202);
#7202 = DEFINITIONAL_REPRESENTATION('',(#7203),#7207);
#7203 = LINE('',#7204,#7205);
#7204 = CARTESIAN_POINT('',(-8.625629222245,-0.592525093001));
#7205 = VECTOR('',#7206,1.);
#7206 = DIRECTION('',(1.,-0.));
#7207 = ( GEOMETRIC_REPRESENTATION_CONTEXT(2) 
PARAMETRIC_REPRESENTATION_CONTEXT() REPRESENTATION_CONTEXT('2D SPACE',''
  ) );
#7208 = PCURVE('',#7209,#7214);
#7209 = PLANE('',#7210);
#7210 = AXIS2_PLACEMENT_3D('',#7211,#7212,#7213);
#7211 = CARTESIAN_POINT('',(-2.524636766716,2.524636766716,12.3512));
#7212 = DIRECTION('',(0.163590330977,-0.163590330977,0.972870190324));
#7213 = DIRECTION('',(3.469446951954E-18,0.986155320523,0.165824255778)
  );
#7214 = DEFINITIONAL_REPRESENTATION('',(#7215),#7223);
#7215 = ( BOUNDED_CURVE() B_SPLINE_CURVE(2,(#7216,#7217,#7218,#7219,
#7220,#7221,#7222),.UNSPECIFIED.,.T.,.F.) B_SPLINE_CURVE_WITH_KNOTS((1,2
    ,2,2,2,1),(-2.094395102393,0.,2.094395102393,4.188790204786,
6.28318530718,8.377580409573),.UNSPECIFIED.) CURVE() 
GEOMETRIC_REPRESENTATION_ITEM() RATIONAL_B_SPLINE_CURVE((1.,0.5,1.,0.5,
1.,0.5,1.)) REPRESENTATION_ITEM('') );
#7216 = CARTESIAN_POINT('',(-0.210668797835,0.216543584057));
#7217 = CARTESIAN_POINT('',(0.164395691805,0.581432645478));
#7218 = CARTESIAN_POINT('',(0.292866643738,7.417273868147E-02));
#7219 = CARTESIAN_POINT('',(0.421337595671,-0.433087168115));
#7220 = CARTESIAN_POINT('',(-8.219784590251E-02,-0.290716322739));
#7221 = CARTESIAN_POINT('',(-0.585733287476,-0.148345477363));
#7222 = CARTESIAN_POINT('',(-0.210668797835,0.216543584057));
#7223 = ( GEOMETRIC_REPRESENTATION_CONTEXT(2) 
PARAMETRIC_REPRESENTATION_CONTEXT() REPRESENTATION_CONTEXT('2D SPACE',''
  ) );
#7224 = ORIENTED_EDGE('',*,*,#7225,.F.);
#7225 = EDGE_CURVE('',#5091,#7193,#7226,.T.);
#7226 = SURFACE_CURVE('',#7227,(#7232,#7238),.PCURVE_S1.);
#7227 = CIRCLE('',#7228,0.302113333333);
#7228 = AXIS2_PLACEMENT_3D('',#7229,#7230,#7231);
#7229 = CARTESIAN_POINT('',(-2.524636766716,2.524636766716,12.3512));
#7230 = DIRECTION('',(0.163590330977,-0.163590330977,0.972870190324));
#7231 = DIRECTION('',(1.040834085586E-17,0.986155320523,0.165824255778)
  );
#7232 = PCURVE('',#5114,#7233);
#7233 = DEFINITIONAL_REPRESENTATION('',(#7234),#7237);
#7234 = B_SPLINE_CURVE_WITH_KNOTS('',1,(#7235,#7236),.UNSPECIFIED.,.F.,
  .F.,(2,2),(4.728378664183,5.484036568655),.PIECEWISE_BEZIER_KNOTS.);
#7235 = CARTESIAN_POINT('',(-4.728378664183,-0.592525093001));
#7236 = CARTESIAN_POINT('',(-5.484036568655,-0.592525093001));
#7237 = ( GEOMETRIC_REPRESENTATION_CONTEXT(2) 
PARAMETRIC_REPRESENTATION_CONTEXT() REPRESENTATION_CONTEXT('2D SPACE',''
  ) );
#7238 = PCURVE('',#5153,#7239);
#7239 = DEFINITIONAL_REPRESENTATION('',(#7240),#7244);
#7240 = CIRCLE('',#7241,0.302113333333);
#7241 = AXIS2_PLACEMENT_2D('',#7242,#7243);
#7242 = CARTESIAN_POINT('',(0.,0.));
#7243 = DIRECTION('',(1.,0.));
#7244 = ( GEOMETRIC_REPRESENTATION_CONTEXT(2) 
PARAMETRIC_REPRESENTATION_CONTEXT() REPRESENTATION_CONTEXT('2D SPACE',''
  ) );
#7245 = ORIENTED_EDGE('',*,*,#5090,.T.);
#7246 = ORIENTED_EDGE('',*,*,#7039,.T.);
#7247 = ORIENTED_EDGE('',*,*,#7248,.T.);
#7248 = EDGE_CURVE('',#4883,#5000,#7249,.T.);
#7249 = SURFACE_CURVE('',#7250,(#7255,#7262),.PCURVE_S1.);
#7250 = CIRCLE('',#7251,0.327641666667);
#7251 = AXIS2_PLACEMENT_3D('',#7252,#7253,#7254);
#7252 = CARTESIAN_POINT('',(-2.621568142792,2.621568142792,11.77475));
#7253 = DIRECTION('',(0.163590330977,-0.163590330977,0.972870190324));
#7254 = DIRECTION('',(0.707106781187,0.707106781186,-2.169098234361E-14)
  );
#7255 = PCURVE('',#5114,#7256);
#7256 = DEFINITIONAL_REPRESENTATION('',(#7257),#7261);
#7257 = LINE('',#7258,#7259);
#7258 = CARTESIAN_POINT('',(-5.484036568655,-0.));
#7259 = VECTOR('',#7260,1.);
#7260 = DIRECTION('',(-1.,-0.));
#7261 = ( GEOMETRIC_REPRESENTATION_CONTEXT(2) 
PARAMETRIC_REPRESENTATION_CONTEXT() REPRESENTATION_CONTEXT('2D SPACE',''
  ) );
#7262 = PCURVE('',#7116,#7263);
#7263 = DEFINITIONAL_REPRESENTATION('',(#7264),#7268);
#7264 = CIRCLE('',#7265,0.327641666667);
#7265 = AXIS2_PLACEMENT_2D('',#7266,#7267);
#7266 = CARTESIAN_POINT('',(0.,0.));
#7267 = DIRECTION('',(0.697317114445,-0.716762751475));
#7268 = ( GEOMETRIC_REPRESENTATION_CONTEXT(2) 
PARAMETRIC_REPRESENTATION_CONTEXT() REPRESENTATION_CONTEXT('2D SPACE',''
  ) );
#7269 = ORIENTED_EDGE('',*,*,#7069,.T.);
#7270 = ORIENTED_EDGE('',*,*,#5340,.T.);
#7271 = ORIENTED_EDGE('',*,*,#7272,.F.);
#7272 = EDGE_CURVE('',#7191,#5306,#7273,.T.);
#7273 = SURFACE_CURVE('',#7274,(#7279,#7285),.PCURVE_S1.);
#7274 = CIRCLE('',#7275,0.302113333333);
#7275 = AXIS2_PLACEMENT_3D('',#7276,#7277,#7278);
#7276 = CARTESIAN_POINT('',(-2.524636766716,2.524636766716,12.3512));
#7277 = DIRECTION('',(0.163590330977,-0.163590330977,0.972870190324));
#7278 = DIRECTION('',(1.040834085586E-17,0.986155320523,0.165824255778)
  );
#7279 = PCURVE('',#5114,#7280);
#7280 = DEFINITIONAL_REPRESENTATION('',(#7281),#7284);
#7281 = B_SPLINE_CURVE_WITH_KNOTS('',1,(#7282,#7283),.UNSPECIFIED.,.F.,
  .F.,(2,2),(2.342443915065,3.098101819537),.PIECEWISE_BEZIER_KNOTS.);
#7282 = CARTESIAN_POINT('',(-8.625629222245,-0.592525093001));
#7283 = CARTESIAN_POINT('',(-9.381287126717,-0.592525093001));
#7284 = ( GEOMETRIC_REPRESENTATION_CONTEXT(2) 
PARAMETRIC_REPRESENTATION_CONTEXT() REPRESENTATION_CONTEXT('2D SPACE',''
  ) );
#7285 = PCURVE('',#5328,#7286);
#7286 = DEFINITIONAL_REPRESENTATION('',(#7287),#7291);
#7287 = CIRCLE('',#7288,0.302113333333);
#7288 = AXIS2_PLACEMENT_2D('',#7289,#7290);
#7289 = CARTESIAN_POINT('',(0.,0.));
#7290 = DIRECTION('',(1.,0.));
#7291 = ( GEOMETRIC_REPRESENTATION_CONTEXT(2) 
PARAMETRIC_REPRESENTATION_CONTEXT() REPRESENTATION_CONTEXT('2D SPACE',''
  ) );
#7292 = ADVANCED_FACE('',(#7293),#5328,.T.);
#7293 = FACE_BOUND('',#7294,.T.);
#7294 = EDGE_LOOP('',(#7295,#7321,#7322));
#7295 = ORIENTED_EDGE('',*,*,#7296,.F.);
#7296 = EDGE_CURVE('',#7191,#5256,#7297,.T.);
#7297 = SURFACE_CURVE('',#7298,(#7303,#7310),.PCURVE_S1.);
#7298 = ELLIPSE('',#7299,0.30228035671,0.30211363713);
#7299 = AXIS2_PLACEMENT_3D('',#7300,#7301,#7302);
#7300 = CARTESIAN_POINT('',(-2.5249316642,2.5249316642,12.351299175363)
  );
#7301 = DIRECTION('',(0.163590330977,-0.163590330977,0.972870190324));
#7302 = DIRECTION('',(-0.687923108793,0.687923108793,0.231351664741));
#7303 = PCURVE('',#5328,#7304);
#7304 = DEFINITIONAL_REPRESENTATION('',(#7305),#7309);
#7305 = ELLIPSE('',#7306,0.30228035671,0.30211363713);
#7306 = AXIS2_PLACEMENT_2D('',#7307,#7308);
#7307 = CARTESIAN_POINT('',(3.072604031326E-04,2.989244868747E-04));
#7308 = DIRECTION('',(0.716762751475,0.697317114445));
#7309 = ( GEOMETRIC_REPRESENTATION_CONTEXT(2) 
PARAMETRIC_REPRESENTATION_CONTEXT() REPRESENTATION_CONTEXT('2D SPACE',''
  ) );
#7310 = PCURVE('',#5199,#7311);
#7311 = DEFINITIONAL_REPRESENTATION('',(#7312),#7320);
#7312 = B_SPLINE_CURVE_WITH_KNOTS('',6,(#7313,#7314,#7315,#7316,#7317,
    #7318,#7319),.UNSPECIFIED.,.F.,.F.,(7,7),(1.572214474242,
    3.908020235913),.PIECEWISE_BEZIER_KNOTS.);
#7313 = CARTESIAN_POINT('',(-3.944977316266,1.893707580872E-17));
#7314 = CARTESIAN_POINT('',(-4.334278668014,-3.904293639774E-03));
#7315 = CARTESIAN_POINT('',(-4.723837410741,-7.803987717038E-03));
#7316 = CARTESIAN_POINT('',(-5.113657463146,-1.06497935421E-02));
#7317 = CARTESIAN_POINT('',(-5.503609251906,-1.131362290179E-02));
#7318 = CARTESIAN_POINT('',(-5.89348661318,-9.918483766356E-03));
#7319 = CARTESIAN_POINT('',(-6.28318530718,-7.210595231911E-03));
#7320 = ( GEOMETRIC_REPRESENTATION_CONTEXT(2) 
PARAMETRIC_REPRESENTATION_CONTEXT() REPRESENTATION_CONTEXT('2D SPACE',''
  ) );
#7321 = ORIENTED_EDGE('',*,*,#7272,.T.);
#7322 = ORIENTED_EDGE('',*,*,#5305,.F.);
#7323 = ADVANCED_FACE('',(#7324),#5199,.T.);
#7324 = FACE_BOUND('',#7325,.T.);
#7325 = EDGE_LOOP('',(#7326,#7351,#7378,#7379,#7380,#7415,#7452,#7481,
    #7518,#7551));
#7326 = ORIENTED_EDGE('',*,*,#7327,.T.);
#7327 = EDGE_CURVE('',#5131,#7193,#7328,.T.);
#7328 = SURFACE_CURVE('',#7329,(#7334,#7344),.PCURVE_S1.);
#7329 = ELLIPSE('',#7330,0.30228035671,0.30211363713);
#7330 = AXIS2_PLACEMENT_3D('',#7331,#7332,#7333);
#7331 = CARTESIAN_POINT('',(-2.5249316642,2.5249316642,12.351299175363)
  );
#7332 = DIRECTION('',(0.163590330977,-0.163590330977,0.972870190324));
#7333 = DIRECTION('',(-0.687923108793,0.687923108793,0.231351664741));
#7334 = PCURVE('',#5199,#7335);
#7335 = DEFINITIONAL_REPRESENTATION('',(#7336),#7343);
#7336 = B_SPLINE_CURVE_WITH_KNOTS('',5,(#7337,#7338,#7339,#7340,#7341,
    #7342),.UNSPECIFIED.,.F.,.F.,(6,6),(3.908020235913,4.710970832937),
  .PIECEWISE_BEZIER_KNOTS.);
#7337 = CARTESIAN_POINT('',(0.,-7.210595231909E-03));
#7338 = CARTESIAN_POINT('',(-0.160754188113,-6.093567052038E-03));
#7339 = CARTESIAN_POINT('',(-0.321476614787,-4.743671279323E-03));
#7340 = CARTESIAN_POINT('',(-0.482158395638,-3.22068182086E-03));
#7341 = CARTESIAN_POINT('',(-0.642794381786,-1.610555959984E-03));
#7342 = CARTESIAN_POINT('',(-0.803384662676,-1.782589384985E-15));
#7343 = ( GEOMETRIC_REPRESENTATION_CONTEXT(2) 
PARAMETRIC_REPRESENTATION_CONTEXT() REPRESENTATION_CONTEXT('2D SPACE',''
  ) );
#7344 = PCURVE('',#5153,#7345);
#7345 = DEFINITIONAL_REPRESENTATION('',(#7346),#7350);
#7346 = ELLIPSE('',#7347,0.30228035671,0.30211363713);
#7347 = AXIS2_PLACEMENT_2D('',#7348,#7349);
#7348 = CARTESIAN_POINT('',(3.072604031326E-04,2.989244868747E-04));
#7349 = DIRECTION('',(0.716762751475,0.697317114445));
#7350 = ( GEOMETRIC_REPRESENTATION_CONTEXT(2) 
PARAMETRIC_REPRESENTATION_CONTEXT() REPRESENTATION_CONTEXT('2D SPACE',''
  ) );
#7351 = ORIENTED_EDGE('',*,*,#7352,.T.);
#7352 = EDGE_CURVE('',#7193,#7191,#7353,.T.);
#7353 = SURFACE_CURVE('',#7354,(#7359,#7366),.PCURVE_S1.);
#7354 = CIRCLE('',#7355,0.302113333333);
#7355 = AXIS2_PLACEMENT_3D('',#7356,#7357,#7358);
#7356 = CARTESIAN_POINT('',(-2.524636766716,2.524636766716,12.3512));
#7357 = DIRECTION('',(0.186324040178,-0.186324040178,0.964658853742));
#7358 = DIRECTION('',(0.981852717803,1.387778780781E-17,-0.189645038276)
  );
#7359 = PCURVE('',#5199,#7360);
#7360 = DEFINITIONAL_REPRESENTATION('',(#7361),#7365);
#7361 = LINE('',#7362,#7363);
#7362 = CARTESIAN_POINT('',(-0.,-0.));
#7363 = VECTOR('',#7364,1.);
#7364 = DIRECTION('',(-1.,-0.));
#7365 = ( GEOMETRIC_REPRESENTATION_CONTEXT(2) 
PARAMETRIC_REPRESENTATION_CONTEXT() REPRESENTATION_CONTEXT('2D SPACE',''
  ) );
#7366 = PCURVE('',#7367,#7372);
#7367 = PLANE('',#7368);
#7368 = AXIS2_PLACEMENT_3D('',#7369,#7370,#7371);
#7369 = CARTESIAN_POINT('',(-2.524636766716,2.524636766716,12.3512));
#7370 = DIRECTION('',(0.186324040178,-0.186324040178,0.964658853742));
#7371 = DIRECTION('',(0.981852717803,6.938893903907E-18,-0.189645038276)
  );
#7372 = DEFINITIONAL_REPRESENTATION('',(#7373),#7377);
#7373 = CIRCLE('',#7374,0.302113333333);
#7374 = AXIS2_PLACEMENT_2D('',#7375,#7376);
#7375 = CARTESIAN_POINT('',(0.,0.));
#7376 = DIRECTION('',(1.,0.));
#7377 = ( GEOMETRIC_REPRESENTATION_CONTEXT(2) 
PARAMETRIC_REPRESENTATION_CONTEXT() REPRESENTATION_CONTEXT('2D SPACE',''
  ) );
#7378 = ORIENTED_EDGE('',*,*,#7296,.T.);
#7379 = ORIENTED_EDGE('',*,*,#5255,.T.);
#7380 = ORIENTED_EDGE('',*,*,#7381,.F.);
#7381 = EDGE_CURVE('',#7382,#5221,#7384,.T.);
#7382 = VERTEX_POINT('',#7383);
#7383 = CARTESIAN_POINT('',(-2.671605947717,2.273992388427,12.7712));
#7384 = SURFACE_CURVE('',#7385,(#7390,#7408),.PCURVE_S1.);
#7385 = ELLIPSE('',#7386,0.293940252205,0.283532760106);
#7386 = AXIS2_PLACEMENT_3D('',#7387,#7388,#7389);
#7387 = CARTESIAN_POINT('',(-2.445939117384,2.445939117384,12.7712));
#7388 = DIRECTION('',(0.,0.,1.));
#7389 = DIRECTION('',(-0.707106781187,0.707106781187,0.));
#7390 = PCURVE('',#5199,#7391);
#7391 = DEFINITIONAL_REPRESENTATION('',(#7392),#7407);
#7392 = B_SPLINE_CURVE_WITH_KNOTS('',7,(#7393,#7394,#7395,#7396,#7397,
    #7398,#7399,#7400,#7401,#7402,#7403,#7404,#7405,#7406),
  .UNSPECIFIED.,.F.,.F.,(8,6,8),(3.949247125549,6.283185324943,
    8.617123524338),.UNSPECIFIED.);
#7393 = CARTESIAN_POINT('',(-4.871022099366E-02,-0.488018982042));
#7394 = CARTESIAN_POINT('',(-0.384818229687,-0.469356342978));
#7395 = CARTESIAN_POINT('',(-0.719814515918,-0.443751049547));
#7396 = CARTESIAN_POINT('',(-1.053213418467,-0.414586168314));
#7397 = CARTESIAN_POINT('',(-1.384837128671,-0.387159439418));
#7398 = CARTESIAN_POINT('',(-1.715078066599,-0.36707608906));
#7399 = CARTESIAN_POINT('',(-2.044629599718,-0.357029406251));
#7400 = CARTESIAN_POINT('',(-2.703732414339,-0.357029407168));
#7401 = CARTESIAN_POINT('',(-3.03328394751,-0.367076090895));
#7402 = CARTESIAN_POINT('',(-3.363524885544,-0.387159442005));
#7403 = CARTESIAN_POINT('',(-3.695148595892,-0.414586171317));
#7404 = CARTESIAN_POINT('',(-4.028547498597,-0.443751052546));
#7405 = CARTESIAN_POINT('',(-4.363543784966,-0.469356345601));
#7406 = CARTESIAN_POINT('',(-4.699651793761,-0.48801898403));
#7407 = ( GEOMETRIC_REPRESENTATION_CONTEXT(2) 
PARAMETRIC_REPRESENTATION_CONTEXT() REPRESENTATION_CONTEXT('2D SPACE',''
  ) );
#7408 = PCURVE('',#5243,#7409);
#7409 = DEFINITIONAL_REPRESENTATION('',(#7410),#7414);
#7410 = ELLIPSE('',#7411,0.293940252205,0.283532760106);
#7411 = AXIS2_PLACEMENT_2D('',#7412,#7413);
#7412 = CARTESIAN_POINT('',(-2.445939117384,2.445939117384));
#7413 = DIRECTION('',(-0.707106781187,0.707106781187));
#7414 = ( GEOMETRIC_REPRESENTATION_CONTEXT(2) 
PARAMETRIC_REPRESENTATION_CONTEXT() REPRESENTATION_CONTEXT('2D SPACE',''
  ) );
#7415 = ORIENTED_EDGE('',*,*,#7416,.F.);
#7416 = EDGE_CURVE('',#7417,#7382,#7419,.T.);
#7417 = VERTEX_POINT('',#7418);
#7418 = CARTESIAN_POINT('',(-2.659079604569,2.288627400662,
    12.951043641098));
#7419 = SURFACE_CURVE('',#7420,(#7427,#7437),.PCURVE_S1.);
#7420 = B_SPLINE_CURVE_WITH_KNOTS('',5,(#7421,#7422,#7423,#7424,#7425,
    #7426),.UNSPECIFIED.,.F.,.F.,(6,6),(0.,1.),
  .PIECEWISE_BEZIER_KNOTS.);
#7421 = CARTESIAN_POINT('',(-2.659079604569,2.288627400662,
    12.951043641098));
#7422 = CARTESIAN_POINT('',(-2.662226967106,2.284970585435,
    12.915673832205));
#7423 = CARTESIAN_POINT('',(-2.665035430864,2.281694813202,
    12.87995265264));
#7424 = CARTESIAN_POINT('',(-2.667525190978,2.278781981875,
    12.843938476651));
#7425 = CARTESIAN_POINT('',(-2.669711415324,2.276218184862,
    12.807675741849));
#7426 = CARTESIAN_POINT('',(-2.67160597888,2.273992351815,12.7711994));
#7427 = PCURVE('',#5199,#7428);
#7428 = DEFINITIONAL_REPRESENTATION('',(#7429),#7436);
#7429 = B_SPLINE_CURVE_WITH_KNOTS('',5,(#7430,#7431,#7432,#7433,#7434,
    #7435),.UNSPECIFIED.,.F.,.F.,(6,6),(0.,1.),
  .PIECEWISE_BEZIER_KNOTS.);
#7430 = CARTESIAN_POINT('',(-3.61820753223,-0.597568765127));
#7431 = CARTESIAN_POINT('',(-3.656894759173,-0.563543889107));
#7432 = CARTESIAN_POINT('',(-3.694701538439,-0.529172207777));
#7433 = CARTESIAN_POINT('',(-3.73173488458,-0.494509642386));
#7434 = CARTESIAN_POINT('',(-3.768082041568,-0.459598825063));
#7435 = CARTESIAN_POINT('',(-3.803822656916,-0.424473322417));
#7436 = ( GEOMETRIC_REPRESENTATION_CONTEXT(2) 
PARAMETRIC_REPRESENTATION_CONTEXT() REPRESENTATION_CONTEXT('2D SPACE',''
  ) );
#7437 = PCURVE('',#7438,#7443);
#7438 = CYLINDRICAL_SURFACE('',#7439,3.50835);
#7439 = AXIS2_PLACEMENT_3D('',#7440,#7441,#7442);
#7440 = CARTESIAN_POINT('',(0.,0.,12.7712));
#7441 = DIRECTION('',(-0.,-0.,-1.));
#7442 = DIRECTION('',(1.,0.,0.));
#7443 = DEFINITIONAL_REPRESENTATION('',(#7444),#7451);
#7444 = B_SPLINE_CURVE_WITH_KNOTS('',5,(#7445,#7446,#7447,#7448,#7449,
    #7450),.UNSPECIFIED.,.F.,.F.,(6,6),(0.,1.),
  .PIECEWISE_BEZIER_KNOTS.);
#7445 = CARTESIAN_POINT('',(-2.430928557052,-0.179843641098));
#7446 = CARTESIAN_POINT('',(-2.432303775463,-0.144473832205));
#7447 = CARTESIAN_POINT('',(-2.433533660685,-0.10875265264));
#7448 = CARTESIAN_POINT('',(-2.434625883742,-7.273847665072E-02));
#7449 = CARTESIAN_POINT('',(-2.435586268326,-3.647574184862E-02));
#7450 = CARTESIAN_POINT('',(-2.436419412534,5.999999999895E-07));
#7451 = ( GEOMETRIC_REPRESENTATION_CONTEXT(2) 
PARAMETRIC_REPRESENTATION_CONTEXT() REPRESENTATION_CONTEXT('2D SPACE',''
  ) );
#7452 = ORIENTED_EDGE('',*,*,#7453,.F.);
#7453 = EDGE_CURVE('',#7454,#7417,#7456,.T.);
#7454 = VERTEX_POINT('',#7455);
#7455 = CARTESIAN_POINT('',(-2.288627400662,2.659079604569,
    12.951043641098));
#7456 = SURFACE_CURVE('',#7457,(#7462,#7469),.PCURVE_S1.);
#7457 = CIRCLE('',#7458,0.276585);
#7458 = AXIS2_PLACEMENT_3D('',#7459,#7460,#7461);
#7459 = CARTESIAN_POINT('',(-2.413295340113,2.413295340113,12.92765));
#7460 = DIRECTION('',(0.186324040178,-0.186324040178,0.964658853742));
#7461 = DIRECTION('',(0.981852717803,1.387778780781E-17,-0.189645038276)
  );
#7462 = PCURVE('',#5199,#7463);
#7463 = DEFINITIONAL_REPRESENTATION('',(#7464),#7468);
#7464 = LINE('',#7465,#7466);
#7465 = CARTESIAN_POINT('',(-0.,-0.597568765127));
#7466 = VECTOR('',#7467,1.);
#7467 = DIRECTION('',(-1.,-0.));
#7468 = ( GEOMETRIC_REPRESENTATION_CONTEXT(2) 
PARAMETRIC_REPRESENTATION_CONTEXT() REPRESENTATION_CONTEXT('2D SPACE',''
  ) );
#7469 = PCURVE('',#7470,#7475);
#7470 = PLANE('',#7471);
#7471 = AXIS2_PLACEMENT_3D('',#7472,#7473,#7474);
#7472 = CARTESIAN_POINT('',(-2.413295340113,2.413295340113,12.92765));
#7473 = DIRECTION('',(0.186324040178,-0.186324040178,0.964658853742));
#7474 = DIRECTION('',(0.981852717803,6.938893903907E-18,-0.189645038276)
  );
#7475 = DEFINITIONAL_REPRESENTATION('',(#7476),#7480);
#7476 = CIRCLE('',#7477,0.276585);
#7477 = AXIS2_PLACEMENT_2D('',#7478,#7479);
#7478 = CARTESIAN_POINT('',(0.,0.));
#7479 = DIRECTION('',(1.,0.));
#7480 = ( GEOMETRIC_REPRESENTATION_CONTEXT(2) 
PARAMETRIC_REPRESENTATION_CONTEXT() REPRESENTATION_CONTEXT('2D SPACE',''
  ) );
#7481 = ORIENTED_EDGE('',*,*,#7482,.F.);
#7482 = EDGE_CURVE('',#7483,#7454,#7485,.T.);
#7483 = VERTEX_POINT('',#7484);
#7484 = CARTESIAN_POINT('',(-2.273992388427,2.671605947717,12.7712));
#7485 = SURFACE_CURVE('',#7486,(#7493,#7503),.PCURVE_S1.);
#7486 = B_SPLINE_CURVE_WITH_KNOTS('',5,(#7487,#7488,#7489,#7490,#7491,
    #7492),.UNSPECIFIED.,.F.,.F.,(6,6),(0.,1.),
  .PIECEWISE_BEZIER_KNOTS.);
#7487 = CARTESIAN_POINT('',(-2.273992351815,2.67160597888,12.7711994));
#7488 = CARTESIAN_POINT('',(-2.276218184912,2.669711415281,
    12.807675742669));
#7489 = CARTESIAN_POINT('',(-2.27878198194,2.667525190923,
    12.843938477445));
#7490 = CARTESIAN_POINT('',(-2.281694813255,2.665035430818,
    12.879952653275));
#7491 = CARTESIAN_POINT('',(-2.284970585489,2.662226967059,
    12.91567383273));
#7492 = CARTESIAN_POINT('',(-2.288627400662,2.659079604569,
    12.951043641098));
#7493 = PCURVE('',#5199,#7494);
#7494 = DEFINITIONAL_REPRESENTATION('',(#7495),#7502);
#7495 = B_SPLINE_CURVE_WITH_KNOTS('',5,(#7496,#7497,#7498,#7499,#7500,
    #7501),.UNSPECIFIED.,.F.,.F.,(6,6),(0.,1.),
  .PIECEWISE_BEZIER_KNOTS.);
#7496 = CARTESIAN_POINT('',(-0.944539322025,-0.424473322417));
#7497 = CARTESIAN_POINT('',(-0.980279938177,-0.459598825853));
#7498 = CARTESIAN_POINT('',(-1.016627095179,-0.494509643151));
#7499 = CARTESIAN_POINT('',(-1.053660441161,-0.529172208388));
#7500 = CARTESIAN_POINT('',(-1.091467220343,-0.563543889612));
#7501 = CARTESIAN_POINT('',(-1.130154446712,-0.597568765127));
#7502 = ( GEOMETRIC_REPRESENTATION_CONTEXT(2) 
PARAMETRIC_REPRESENTATION_CONTEXT() REPRESENTATION_CONTEXT('2D SPACE',''
  ) );
#7503 = PCURVE('',#7504,#7509);
#7504 = CYLINDRICAL_SURFACE('',#7505,3.50835);
#7505 = AXIS2_PLACEMENT_3D('',#7506,#7507,#7508);
#7506 = CARTESIAN_POINT('',(0.,0.,12.7712));
#7507 = DIRECTION('',(-0.,-0.,-1.));
#7508 = DIRECTION('',(1.,0.,0.));
#7509 = DEFINITIONAL_REPRESENTATION('',(#7510),#7517);
#7510 = B_SPLINE_CURVE_WITH_KNOTS('',5,(#7511,#7512,#7513,#7514,#7515,
    #7516),.UNSPECIFIED.,.F.,.F.,(6,6),(0.,1.),
  .PIECEWISE_BEZIER_KNOTS.);
#7511 = CARTESIAN_POINT('',(-2.275969567851,5.999999768136E-07));
#7512 = CARTESIAN_POINT('',(-2.276802712078,-3.647574266858E-02));
#7513 = CARTESIAN_POINT('',(-2.277763096667,-7.273847744534E-02));
#7514 = CARTESIAN_POINT('',(-2.27885531972,-0.108752653275));
#7515 = CARTESIAN_POINT('',(-2.280085204942,-0.14447383273));
#7516 = CARTESIAN_POINT('',(-2.281460423333,-0.179843641098));
#7517 = ( GEOMETRIC_REPRESENTATION_CONTEXT(2) 
PARAMETRIC_REPRESENTATION_CONTEXT() REPRESENTATION_CONTEXT('2D SPACE',''
  ) );
#7518 = ORIENTED_EDGE('',*,*,#7519,.F.);
#7519 = EDGE_CURVE('',#5166,#7483,#7520,.T.);
#7520 = SURFACE_CURVE('',#7521,(#7526,#7544),.PCURVE_S1.);
#7521 = ELLIPSE('',#7522,0.293940252205,0.283532760106);
#7522 = AXIS2_PLACEMENT_3D('',#7523,#7524,#7525);
#7523 = CARTESIAN_POINT('',(-2.445939117384,2.445939117384,12.7712));
#7524 = DIRECTION('',(0.,0.,1.));
#7525 = DIRECTION('',(-0.707106781187,0.707106781187,0.));
#7526 = PCURVE('',#5199,#7527);
#7527 = DEFINITIONAL_REPRESENTATION('',(#7528),#7543);
#7528 = B_SPLINE_CURVE_WITH_KNOTS('',7,(#7529,#7530,#7531,#7532,#7533,
    #7534,#7535,#7536,#7537,#7538,#7539,#7540,#7541,#7542),
  .UNSPECIFIED.,.F.,.F.,(8,6,8),(3.949247125549,6.283185324943,
    8.617123524338),.UNSPECIFIED.);
#7529 = CARTESIAN_POINT('',(-4.871022099366E-02,-0.488018982042));
#7530 = CARTESIAN_POINT('',(-0.384818229687,-0.469356342978));
#7531 = CARTESIAN_POINT('',(-0.719814515918,-0.443751049547));
#7532 = CARTESIAN_POINT('',(-1.053213418467,-0.414586168314));
#7533 = CARTESIAN_POINT('',(-1.384837128671,-0.387159439418));
#7534 = CARTESIAN_POINT('',(-1.715078066599,-0.36707608906));
#7535 = CARTESIAN_POINT('',(-2.044629599718,-0.357029406251));
#7536 = CARTESIAN_POINT('',(-2.703732414339,-0.357029407168));
#7537 = CARTESIAN_POINT('',(-3.03328394751,-0.367076090895));
#7538 = CARTESIAN_POINT('',(-3.363524885544,-0.387159442005));
#7539 = CARTESIAN_POINT('',(-3.695148595892,-0.414586171317));
#7540 = CARTESIAN_POINT('',(-4.028547498597,-0.443751052546));
#7541 = CARTESIAN_POINT('',(-4.363543784966,-0.469356345601));
#7542 = CARTESIAN_POINT('',(-4.699651793761,-0.48801898403));
#7543 = ( GEOMETRIC_REPRESENTATION_CONTEXT(2) 
PARAMETRIC_REPRESENTATION_CONTEXT() REPRESENTATION_CONTEXT('2D SPACE',''
  ) );
#7544 = PCURVE('',#5243,#7545);
#7545 = DEFINITIONAL_REPRESENTATION('',(#7546),#7550);
#7546 = ELLIPSE('',#7547,0.293940252205,0.283532760106);
#7547 = AXIS2_PLACEMENT_2D('',#7548,#7549);
#7548 = CARTESIAN_POINT('',(-2.445939117384,2.445939117384));
#7549 = DIRECTION('',(-0.707106781187,0.707106781187));
#7550 = ( GEOMETRIC_REPRESENTATION_CONTEXT(2) 
PARAMETRIC_REPRESENTATION_CONTEXT() REPRESENTATION_CONTEXT('2D SPACE',''
  ) );
#7551 = ORIENTED_EDGE('',*,*,#5165,.T.);
#7552 = ADVANCED_FACE('',(#7553,#7867),#5243,.F.);
#7553 = FACE_BOUND('',#7554,.F.);
#7554 = EDGE_LOOP('',(#7555,#7584,#7617,#7650,#7651,#7686,#7708,#7709,
    #7710,#7711,#7735,#7768,#7769,#7804,#7833,#7866));
#7555 = ORIENTED_EDGE('',*,*,#7556,.F.);
#7556 = EDGE_CURVE('',#7557,#6254,#7559,.T.);
#7557 = VERTEX_POINT('',#7558);
#7558 = CARTESIAN_POINT('',(2.671605947717,-2.273992388427,12.7712));
#7559 = SURFACE_CURVE('',#7560,(#7565,#7572),.PCURVE_S1.);
#7560 = ELLIPSE('',#7561,0.293940252205,0.283532760106);
#7561 = AXIS2_PLACEMENT_3D('',#7562,#7563,#7564);
#7562 = CARTESIAN_POINT('',(2.445939117384,-2.445939117384,12.7712));
#7563 = DIRECTION('',(0.,0.,1.));
#7564 = DIRECTION('',(0.707106781187,-0.707106781187,0.));
#7565 = PCURVE('',#5243,#7566);
#7566 = DEFINITIONAL_REPRESENTATION('',(#7567),#7571);
#7567 = ELLIPSE('',#7568,0.293940252205,0.283532760106);
#7568 = AXIS2_PLACEMENT_2D('',#7569,#7570);
#7569 = CARTESIAN_POINT('',(2.445939117384,-2.445939117384));
#7570 = DIRECTION('',(0.707106781187,-0.707106781187));
#7571 = ( GEOMETRIC_REPRESENTATION_CONTEXT(2) 
PARAMETRIC_REPRESENTATION_CONTEXT() REPRESENTATION_CONTEXT('2D SPACE',''
  ) );
#7572 = PCURVE('',#6232,#7573);
#7573 = DEFINITIONAL_REPRESENTATION('',(#7574),#7583);
#7574 = B_SPLINE_CURVE_WITH_KNOTS('',7,(#7575,#7576,#7577,#7578,#7579,
    #7580,#7581,#7582),.UNSPECIFIED.,.F.,.F.,(8,8),(1.441204072151,
    2.28053279034),.PIECEWISE_BEZIER_KNOTS.);
#7575 = CARTESIAN_POINT('',(-5.338645399495,-0.424473892866));
#7576 = CARTESIAN_POINT('',(-5.458360797186,-0.433683009372));
#7577 = CARTESIAN_POINT('',(-5.578269686036,-0.443060021479));
#7578 = CARTESIAN_POINT('',(-5.69837705557,-0.452388709131));
#7579 = CARTESIAN_POINT('',(-5.818681149608,-0.461446930963));
#7580 = CARTESIAN_POINT('',(-5.939173034472,-0.470019256303));
#7581 = CARTESIAN_POINT('',(-6.059836906889,-0.477910296574));
#7582 = CARTESIAN_POINT('',(-6.180651527327,-0.484954799881));
#7583 = ( GEOMETRIC_REPRESENTATION_CONTEXT(2) 
PARAMETRIC_REPRESENTATION_CONTEXT() REPRESENTATION_CONTEXT('2D SPACE',''
  ) );
#7584 = ORIENTED_EDGE('',*,*,#7585,.F.);
#7585 = EDGE_CURVE('',#7586,#7557,#7588,.T.);
#7586 = VERTEX_POINT('',#7587);
#7587 = CARTESIAN_POINT('',(2.671605947717,2.273992388427,12.7712));
#7588 = SURFACE_CURVE('',#7589,(#7594,#7605),.PCURVE_S1.);
#7589 = CIRCLE('',#7590,3.50835);
#7590 = AXIS2_PLACEMENT_3D('',#7591,#7592,#7593);
#7591 = CARTESIAN_POINT('',(0.,0.,12.7712));
#7592 = DIRECTION('',(0.,0.,-1.));
#7593 = DIRECTION('',(0.761499265386,0.648165772636,0.));
#7594 = PCURVE('',#5243,#7595);
#7595 = DEFINITIONAL_REPRESENTATION('',(#7596),#7604);
#7596 = ( BOUNDED_CURVE() B_SPLINE_CURVE(2,(#7597,#7598,#7599,#7600,
#7601,#7602,#7603),.UNSPECIFIED.,.T.,.F.) B_SPLINE_CURVE_WITH_KNOTS((1,2
    ,2,2,2,1),(-2.094395102393,0.,2.094395102393,4.188790204786,
6.28318530718,8.377580409573),.UNSPECIFIED.) CURVE() 
GEOMETRIC_REPRESENTATION_ITEM() RATIONAL_B_SPLINE_CURVE((1.,0.5,1.,0.5,
1.,0.5,1.)) REPRESENTATION_ITEM('') );
#7597 = CARTESIAN_POINT('',(2.671605947717,2.273992388427));
#7598 = CARTESIAN_POINT('',(6.610276300498,-2.353364850821));
#7599 = CARTESIAN_POINT('',(0.633532202532,-3.450674813838));
#7600 = CARTESIAN_POINT('',(-5.343211895433,-4.547984776855));
#7601 = CARTESIAN_POINT('',(-3.305138150249,1.17668242541));
#7602 = CARTESIAN_POINT('',(-1.267064405064,6.901349627676));
#7603 = CARTESIAN_POINT('',(2.671605947717,2.273992388427));
#7604 = ( GEOMETRIC_REPRESENTATION_CONTEXT(2) 
PARAMETRIC_REPRESENTATION_CONTEXT() REPRESENTATION_CONTEXT('2D SPACE',''
  ) );
#7605 = PCURVE('',#7606,#7611);
#7606 = CYLINDRICAL_SURFACE('',#7607,3.50835);
#7607 = AXIS2_PLACEMENT_3D('',#7608,#7609,#7610);
#7608 = CARTESIAN_POINT('',(0.,0.,12.7712));
#7609 = DIRECTION('',(-0.,-0.,-1.));
#7610 = DIRECTION('',(1.,0.,0.));
#7611 = DEFINITIONAL_REPRESENTATION('',(#7612),#7616);
#7612 = LINE('',#7613,#7614);
#7613 = CARTESIAN_POINT('',(-6.98835856194,0.));
#7614 = VECTOR('',#7615,1.);
#7615 = DIRECTION('',(1.,-0.));
#7616 = ( GEOMETRIC_REPRESENTATION_CONTEXT(2) 
PARAMETRIC_REPRESENTATION_CONTEXT() REPRESENTATION_CONTEXT('2D SPACE',''
  ) );
#7617 = ORIENTED_EDGE('',*,*,#7618,.F.);
#7618 = EDGE_CURVE('',#5683,#7586,#7619,.T.);
#7619 = SURFACE_CURVE('',#7620,(#7625,#7632),.PCURVE_S1.);
#7620 = ELLIPSE('',#7621,0.293940252205,0.283532760106);
#7621 = AXIS2_PLACEMENT_3D('',#7622,#7623,#7624);
#7622 = CARTESIAN_POINT('',(2.445939117384,2.445939117384,12.7712));
#7623 = DIRECTION('',(0.,0.,1.));
#7624 = DIRECTION('',(0.707106781187,0.707106781187,-0.));
#7625 = PCURVE('',#5243,#7626);
#7626 = DEFINITIONAL_REPRESENTATION('',(#7627),#7631);
#7627 = ELLIPSE('',#7628,0.293940252205,0.283532760106);
#7628 = AXIS2_PLACEMENT_2D('',#7629,#7630);
#7629 = CARTESIAN_POINT('',(2.445939117384,2.445939117384));
#7630 = DIRECTION('',(0.707106781187,0.707106781187));
#7631 = ( GEOMETRIC_REPRESENTATION_CONTEXT(2) 
PARAMETRIC_REPRESENTATION_CONTEXT() REPRESENTATION_CONTEXT('2D SPACE',''
  ) );
#7632 = PCURVE('',#5716,#7633);
#7633 = DEFINITIONAL_REPRESENTATION('',(#7634),#7649);
#7634 = B_SPLINE_CURVE_WITH_KNOTS('',7,(#7635,#7636,#7637,#7638,#7639,
    #7640,#7641,#7642,#7643,#7644,#7645,#7646,#7647,#7648),
  .UNSPECIFIED.,.F.,.F.,(8,6,8),(3.949247068114,6.28318530718,
    8.617123546245),.UNSPECIFIED.);
#7635 = CARTESIAN_POINT('',(-3.190302816686,-0.488018985256));
#7636 = CARTESIAN_POINT('',(-3.526410831256,-0.469356346901));
#7637 = CARTESIAN_POINT('',(-3.861407123385,-0.443751053525));
#7638 = CARTESIAN_POINT('',(-4.194806031801,-0.41458617168));
#7639 = CARTESIAN_POINT('',(-4.526429747785,-0.387159441735));
#7640 = CARTESIAN_POINT('',(-4.856670691402,-0.367076090319));
#7641 = CARTESIAN_POINT('',(-5.186222230148,-0.357029406709));
#7642 = CARTESIAN_POINT('',(-5.845325055973,-0.357029406709));
#7643 = CARTESIAN_POINT('',(-6.174876594718,-0.367076090319));
#7644 = CARTESIAN_POINT('',(-6.505117538341,-0.387159441735));
#7645 = CARTESIAN_POINT('',(-6.836741254317,-0.41458617168));
#7646 = CARTESIAN_POINT('',(-7.170140162737,-0.443751053525));
#7647 = CARTESIAN_POINT('',(-7.505136454865,-0.469356346901));
#7648 = CARTESIAN_POINT('',(-7.841244469436,-0.488018985256));
#7649 = ( GEOMETRIC_REPRESENTATION_CONTEXT(2) 
PARAMETRIC_REPRESENTATION_CONTEXT() REPRESENTATION_CONTEXT('2D SPACE',''
  ) );
#7650 = ORIENTED_EDGE('',*,*,#5737,.F.);
#7651 = ORIENTED_EDGE('',*,*,#7652,.F.);
#7652 = EDGE_CURVE('',#7653,#5738,#7655,.T.);
#7653 = VERTEX_POINT('',#7654);
#7654 = CARTESIAN_POINT('',(2.273992388427,2.671605947717,12.7712));
#7655 = SURFACE_CURVE('',#7656,(#7661,#7668),.PCURVE_S1.);
#7656 = ELLIPSE('',#7657,0.293940252205,0.283532760106);
#7657 = AXIS2_PLACEMENT_3D('',#7658,#7659,#7660);
#7658 = CARTESIAN_POINT('',(2.445939117384,2.445939117384,12.7712));
#7659 = DIRECTION('',(0.,0.,1.));
#7660 = DIRECTION('',(0.707106781187,0.707106781187,-0.));
#7661 = PCURVE('',#5243,#7662);
#7662 = DEFINITIONAL_REPRESENTATION('',(#7663),#7667);
#7663 = ELLIPSE('',#7664,0.293940252205,0.283532760106);
#7664 = AXIS2_PLACEMENT_2D('',#7665,#7666);
#7665 = CARTESIAN_POINT('',(2.445939117384,2.445939117384));
#7666 = DIRECTION('',(0.707106781187,0.707106781187));
#7667 = ( GEOMETRIC_REPRESENTATION_CONTEXT(2) 
PARAMETRIC_REPRESENTATION_CONTEXT() REPRESENTATION_CONTEXT('2D SPACE',''
  ) );
#7668 = PCURVE('',#5716,#7669);
#7669 = DEFINITIONAL_REPRESENTATION('',(#7670),#7685);
#7670 = B_SPLINE_CURVE_WITH_KNOTS('',7,(#7671,#7672,#7673,#7674,#7675,
    #7676,#7677,#7678,#7679,#7680,#7681,#7682,#7683,#7684),
  .UNSPECIFIED.,.F.,.F.,(8,6,8),(3.949247068114,6.28318530718,
    8.617123546245),.UNSPECIFIED.);
#7671 = CARTESIAN_POINT('',(-3.190302816686,-0.488018985256));
#7672 = CARTESIAN_POINT('',(-3.526410831256,-0.469356346901));
#7673 = CARTESIAN_POINT('',(-3.861407123385,-0.443751053525));
#7674 = CARTESIAN_POINT('',(-4.194806031801,-0.41458617168));
#7675 = CARTESIAN_POINT('',(-4.526429747785,-0.387159441735));
#7676 = CARTESIAN_POINT('',(-4.856670691402,-0.367076090319));
#7677 = CARTESIAN_POINT('',(-5.186222230148,-0.357029406709));
#7678 = CARTESIAN_POINT('',(-5.845325055973,-0.357029406709));
#7679 = CARTESIAN_POINT('',(-6.174876594718,-0.367076090319));
#7680 = CARTESIAN_POINT('',(-6.505117538341,-0.387159441735));
#7681 = CARTESIAN_POINT('',(-6.836741254317,-0.41458617168));
#7682 = CARTESIAN_POINT('',(-7.170140162737,-0.443751053525));
#7683 = CARTESIAN_POINT('',(-7.505136454865,-0.469356346901));
#7684 = CARTESIAN_POINT('',(-7.841244469436,-0.488018985256));
#7685 = ( GEOMETRIC_REPRESENTATION_CONTEXT(2) 
PARAMETRIC_REPRESENTATION_CONTEXT() REPRESENTATION_CONTEXT('2D SPACE',''
  ) );
#7686 = ORIENTED_EDGE('',*,*,#7687,.T.);
#7687 = EDGE_CURVE('',#7653,#7483,#7688,.T.);
#7688 = SURFACE_CURVE('',#7689,(#7694,#7701),.PCURVE_S1.);
#7689 = CIRCLE('',#7690,3.50835);
#7690 = AXIS2_PLACEMENT_3D('',#7691,#7692,#7693);
#7691 = CARTESIAN_POINT('',(0.,0.,12.7712));
#7692 = DIRECTION('',(0.,0.,1.));
#7693 = DIRECTION('',(1.,0.,0.));
#7694 = PCURVE('',#5243,#7695);
#7695 = DEFINITIONAL_REPRESENTATION('',(#7696),#7700);
#7696 = CIRCLE('',#7697,3.50835);
#7697 = AXIS2_PLACEMENT_2D('',#7698,#7699);
#7698 = CARTESIAN_POINT('',(1.948836536462E-16,-2.465509873662E-16));
#7699 = DIRECTION('',(1.,0.));
#7700 = ( GEOMETRIC_REPRESENTATION_CONTEXT(2) 
PARAMETRIC_REPRESENTATION_CONTEXT() REPRESENTATION_CONTEXT('2D SPACE',''
  ) );
#7701 = PCURVE('',#7504,#7702);
#7702 = DEFINITIONAL_REPRESENTATION('',(#7703),#7707);
#7703 = LINE('',#7704,#7705);
#7704 = CARTESIAN_POINT('',(-0.,0.));
#7705 = VECTOR('',#7706,1.);
#7706 = DIRECTION('',(-1.,0.));
#7707 = ( GEOMETRIC_REPRESENTATION_CONTEXT(2) 
PARAMETRIC_REPRESENTATION_CONTEXT() REPRESENTATION_CONTEXT('2D SPACE',''
  ) );
#7708 = ORIENTED_EDGE('',*,*,#7519,.F.);
#7709 = ORIENTED_EDGE('',*,*,#5220,.F.);
#7710 = ORIENTED_EDGE('',*,*,#7381,.F.);
#7711 = ORIENTED_EDGE('',*,*,#7712,.T.);
#7712 = EDGE_CURVE('',#7382,#7713,#7715,.T.);
#7713 = VERTEX_POINT('',#7714);
#7714 = CARTESIAN_POINT('',(-2.671605947717,-2.273992388427,12.7712));
#7715 = SURFACE_CURVE('',#7716,(#7721,#7728),.PCURVE_S1.);
#7716 = CIRCLE('',#7717,3.50835);
#7717 = AXIS2_PLACEMENT_3D('',#7718,#7719,#7720);
#7718 = CARTESIAN_POINT('',(0.,0.,12.7712));
#7719 = DIRECTION('',(0.,0.,1.));
#7720 = DIRECTION('',(1.,0.,0.));
#7721 = PCURVE('',#5243,#7722);
#7722 = DEFINITIONAL_REPRESENTATION('',(#7723),#7727);
#7723 = CIRCLE('',#7724,3.50835);
#7724 = AXIS2_PLACEMENT_2D('',#7725,#7726);
#7725 = CARTESIAN_POINT('',(1.948836536462E-16,-2.465509873662E-16));
#7726 = DIRECTION('',(1.,0.));
#7727 = ( GEOMETRIC_REPRESENTATION_CONTEXT(2) 
PARAMETRIC_REPRESENTATION_CONTEXT() REPRESENTATION_CONTEXT('2D SPACE',''
  ) );
#7728 = PCURVE('',#7438,#7729);
#7729 = DEFINITIONAL_REPRESENTATION('',(#7730),#7734);
#7730 = LINE('',#7731,#7732);
#7731 = CARTESIAN_POINT('',(-0.,0.));
#7732 = VECTOR('',#7733,1.);
#7733 = DIRECTION('',(-1.,0.));
#7734 = ( GEOMETRIC_REPRESENTATION_CONTEXT(2) 
PARAMETRIC_REPRESENTATION_CONTEXT() REPRESENTATION_CONTEXT('2D SPACE',''
  ) );
#7735 = ORIENTED_EDGE('',*,*,#7736,.F.);
#7736 = EDGE_CURVE('',#6718,#7713,#7737,.T.);
#7737 = SURFACE_CURVE('',#7738,(#7743,#7750),.PCURVE_S1.);
#7738 = ELLIPSE('',#7739,0.293940252205,0.283532760106);
#7739 = AXIS2_PLACEMENT_3D('',#7740,#7741,#7742);
#7740 = CARTESIAN_POINT('',(-2.445939117384,-2.445939117384,12.7712));
#7741 = DIRECTION('',(0.,0.,1.));
#7742 = DIRECTION('',(-0.707106781187,-0.707106781187,0.));
#7743 = PCURVE('',#5243,#7744);
#7744 = DEFINITIONAL_REPRESENTATION('',(#7745),#7749);
#7745 = ELLIPSE('',#7746,0.293940252205,0.283532760106);
#7746 = AXIS2_PLACEMENT_2D('',#7747,#7748);
#7747 = CARTESIAN_POINT('',(-2.445939117384,-2.445939117384));
#7748 = DIRECTION('',(-0.707106781187,-0.707106781187));
#7749 = ( GEOMETRIC_REPRESENTATION_CONTEXT(2) 
PARAMETRIC_REPRESENTATION_CONTEXT() REPRESENTATION_CONTEXT('2D SPACE',''
  ) );
#7750 = PCURVE('',#6751,#7751);
#7751 = DEFINITIONAL_REPRESENTATION('',(#7752),#7767);
#7752 = B_SPLINE_CURVE_WITH_KNOTS('',7,(#7753,#7754,#7755,#7756,#7757,
    #7758,#7759,#7760,#7761,#7762,#7763,#7764,#7765,#7766),
  .UNSPECIFIED.,.F.,.F.,(8,6,8),(3.949247090022,6.28318529038,
    8.617123490738),.UNSPECIFIED.);
#7753 = CARTESIAN_POINT('',(-1.583533513418,-0.48801898403));
#7754 = CARTESIAN_POINT('',(-1.919641522352,-0.469356345593));
#7755 = CARTESIAN_POINT('',(-2.254637808859,-0.443751052525));
#7756 = CARTESIAN_POINT('',(-2.5880367117,-0.41458617128));
#7757 = CARTESIAN_POINT('',(-2.919660422184,-0.387159441959));
#7758 = CARTESIAN_POINT('',(-3.249901360352,-0.367076090853));
#7759 = CARTESIAN_POINT('',(-3.579452893657,-0.357029407143));
#7760 = CARTESIAN_POINT('',(-4.23855570855,-0.357029406276));
#7761 = CARTESIAN_POINT('',(-4.568107241806,-0.367076089118));
#7762 = CARTESIAN_POINT('',(-4.898348179877,-0.387159439513));
#7763 = CARTESIAN_POINT('',(-5.22997189022,-0.41458616844));
#7764 = CARTESIAN_POINT('',(-5.563370792916,-0.443751049688));
#7765 = CARTESIAN_POINT('',(-5.898367079291,-0.469356343113));
#7766 = CARTESIAN_POINT('',(-6.234475088128,-0.488018982149));
#7767 = ( GEOMETRIC_REPRESENTATION_CONTEXT(2) 
PARAMETRIC_REPRESENTATION_CONTEXT() REPRESENTATION_CONTEXT('2D SPACE',''
  ) );
#7768 = ORIENTED_EDGE('',*,*,#6772,.F.);
#7769 = ORIENTED_EDGE('',*,*,#7770,.F.);
#7770 = EDGE_CURVE('',#7771,#6773,#7773,.T.);
#7771 = VERTEX_POINT('',#7772);
#7772 = CARTESIAN_POINT('',(-2.273992388427,-2.671605947717,12.7712));
#7773 = SURFACE_CURVE('',#7774,(#7779,#7786),.PCURVE_S1.);
#7774 = ELLIPSE('',#7775,0.293940252205,0.283532760106);
#7775 = AXIS2_PLACEMENT_3D('',#7776,#7777,#7778);
#7776 = CARTESIAN_POINT('',(-2.445939117384,-2.445939117384,12.7712));
#7777 = DIRECTION('',(0.,0.,1.));
#7778 = DIRECTION('',(-0.707106781187,-0.707106781187,0.));
#7779 = PCURVE('',#5243,#7780);
#7780 = DEFINITIONAL_REPRESENTATION('',(#7781),#7785);
#7781 = ELLIPSE('',#7782,0.293940252205,0.283532760106);
#7782 = AXIS2_PLACEMENT_2D('',#7783,#7784);
#7783 = CARTESIAN_POINT('',(-2.445939117384,-2.445939117384));
#7784 = DIRECTION('',(-0.707106781187,-0.707106781187));
#7785 = ( GEOMETRIC_REPRESENTATION_CONTEXT(2) 
PARAMETRIC_REPRESENTATION_CONTEXT() REPRESENTATION_CONTEXT('2D SPACE',''
  ) );
#7786 = PCURVE('',#6751,#7787);
#7787 = DEFINITIONAL_REPRESENTATION('',(#7788),#7803);
#7788 = B_SPLINE_CURVE_WITH_KNOTS('',7,(#7789,#7790,#7791,#7792,#7793,
    #7794,#7795,#7796,#7797,#7798,#7799,#7800,#7801,#7802),
  .UNSPECIFIED.,.F.,.F.,(8,6,8),(3.949247090022,6.28318529038,
    8.617123490738),.UNSPECIFIED.);
#7789 = CARTESIAN_POINT('',(-1.583533513418,-0.48801898403));
#7790 = CARTESIAN_POINT('',(-1.919641522352,-0.469356345593));
#7791 = CARTESIAN_POINT('',(-2.254637808859,-0.443751052525));
#7792 = CARTESIAN_POINT('',(-2.5880367117,-0.41458617128));
#7793 = CARTESIAN_POINT('',(-2.919660422184,-0.387159441959));
#7794 = CARTESIAN_POINT('',(-3.249901360352,-0.367076090853));
#7795 = CARTESIAN_POINT('',(-3.579452893657,-0.357029407143));
#7796 = CARTESIAN_POINT('',(-4.23855570855,-0.357029406276));
#7797 = CARTESIAN_POINT('',(-4.568107241806,-0.367076089118));
#7798 = CARTESIAN_POINT('',(-4.898348179877,-0.387159439513));
#7799 = CARTESIAN_POINT('',(-5.22997189022,-0.41458616844));
#7800 = CARTESIAN_POINT('',(-5.563370792916,-0.443751049688));
#7801 = CARTESIAN_POINT('',(-5.898367079291,-0.469356343113));
#7802 = CARTESIAN_POINT('',(-6.234475088128,-0.488018982149));
#7803 = ( GEOMETRIC_REPRESENTATION_CONTEXT(2) 
PARAMETRIC_REPRESENTATION_CONTEXT() REPRESENTATION_CONTEXT('2D SPACE',''
  ) );
#7804 = ORIENTED_EDGE('',*,*,#7805,.T.);
#7805 = EDGE_CURVE('',#7771,#7806,#7808,.T.);
#7806 = VERTEX_POINT('',#7807);
#7807 = CARTESIAN_POINT('',(2.273992388427,-2.671605947717,12.7712));
#7808 = SURFACE_CURVE('',#7809,(#7814,#7821),.PCURVE_S1.);
#7809 = CIRCLE('',#7810,3.50835);
#7810 = AXIS2_PLACEMENT_3D('',#7811,#7812,#7813);
#7811 = CARTESIAN_POINT('',(0.,0.,12.7712));
#7812 = DIRECTION('',(0.,0.,1.));
#7813 = DIRECTION('',(1.,0.,0.));
#7814 = PCURVE('',#5243,#7815);
#7815 = DEFINITIONAL_REPRESENTATION('',(#7816),#7820);
#7816 = CIRCLE('',#7817,3.50835);
#7817 = AXIS2_PLACEMENT_2D('',#7818,#7819);
#7818 = CARTESIAN_POINT('',(1.948836536462E-16,-2.465509873662E-16));
#7819 = DIRECTION('',(1.,0.));
#7820 = ( GEOMETRIC_REPRESENTATION_CONTEXT(2) 
PARAMETRIC_REPRESENTATION_CONTEXT() REPRESENTATION_CONTEXT('2D SPACE',''
  ) );
#7821 = PCURVE('',#7822,#7827);
#7822 = CYLINDRICAL_SURFACE('',#7823,3.50835);
#7823 = AXIS2_PLACEMENT_3D('',#7824,#7825,#7826);
#7824 = CARTESIAN_POINT('',(0.,0.,12.7712));
#7825 = DIRECTION('',(-0.,-0.,-1.));
#7826 = DIRECTION('',(1.,0.,0.));
#7827 = DEFINITIONAL_REPRESENTATION('',(#7828),#7832);
#7828 = LINE('',#7829,#7830);
#7829 = CARTESIAN_POINT('',(-0.,0.));
#7830 = VECTOR('',#7831,1.);
#7831 = DIRECTION('',(-1.,0.));
#7832 = ( GEOMETRIC_REPRESENTATION_CONTEXT(2) 
PARAMETRIC_REPRESENTATION_CONTEXT() REPRESENTATION_CONTEXT('2D SPACE',''
  ) );
#7833 = ORIENTED_EDGE('',*,*,#7834,.F.);
#7834 = EDGE_CURVE('',#6199,#7806,#7835,.T.);
#7835 = SURFACE_CURVE('',#7836,(#7841,#7848),.PCURVE_S1.);
#7836 = ELLIPSE('',#7837,0.293940252205,0.283532760106);
#7837 = AXIS2_PLACEMENT_3D('',#7838,#7839,#7840);
#7838 = CARTESIAN_POINT('',(2.445939117384,-2.445939117384,12.7712));
#7839 = DIRECTION('',(0.,0.,1.));
#7840 = DIRECTION('',(0.707106781187,-0.707106781187,0.));
#7841 = PCURVE('',#5243,#7842);
#7842 = DEFINITIONAL_REPRESENTATION('',(#7843),#7847);
#7843 = ELLIPSE('',#7844,0.293940252205,0.283532760106);
#7844 = AXIS2_PLACEMENT_2D('',#7845,#7846);
#7845 = CARTESIAN_POINT('',(2.445939117384,-2.445939117384));
#7846 = DIRECTION('',(0.707106781187,-0.707106781187));
#7847 = ( GEOMETRIC_REPRESENTATION_CONTEXT(2) 
PARAMETRIC_REPRESENTATION_CONTEXT() REPRESENTATION_CONTEXT('2D SPACE',''
  ) );
#7848 = PCURVE('',#6232,#7849);
#7849 = DEFINITIONAL_REPRESENTATION('',(#7850),#7865);
#7850 = B_SPLINE_CURVE_WITH_KNOTS('',7,(#7851,#7852,#7853,#7854,#7855,
    #7856,#7857,#7858,#7859,#7860,#7861,#7862,#7863,#7864),
  .UNSPECIFIED.,.F.,.F.,(8,6,8),(3.949247090022,6.283185290379,
    8.617123490737),.UNSPECIFIED.);
#7851 = CARTESIAN_POINT('',(-1.583533513418,-0.48801898403));
#7852 = CARTESIAN_POINT('',(-1.919641522352,-0.469356345593));
#7853 = CARTESIAN_POINT('',(-2.254637808859,-0.443751052525));
#7854 = CARTESIAN_POINT('',(-2.5880367117,-0.41458617128));
#7855 = CARTESIAN_POINT('',(-2.919660422185,-0.387159441959));
#7856 = CARTESIAN_POINT('',(-3.249901360351,-0.367076090853));
#7857 = CARTESIAN_POINT('',(-3.579452893657,-0.357029407143));
#7858 = CARTESIAN_POINT('',(-4.23855570855,-0.357029406276));
#7859 = CARTESIAN_POINT('',(-4.568107241807,-0.367076089118));
#7860 = CARTESIAN_POINT('',(-4.898348179875,-0.387159439513));
#7861 = CARTESIAN_POINT('',(-5.229971890221,-0.414586168441));
#7862 = CARTESIAN_POINT('',(-5.563370792915,-0.443751049688));
#7863 = CARTESIAN_POINT('',(-5.898367079291,-0.469356343113));
#7864 = CARTESIAN_POINT('',(-6.234475088128,-0.488018982149));
#7865 = ( GEOMETRIC_REPRESENTATION_CONTEXT(2) 
PARAMETRIC_REPRESENTATION_CONTEXT() REPRESENTATION_CONTEXT('2D SPACE',''
  ) );
#7866 = ORIENTED_EDGE('',*,*,#6253,.F.);
#7867 = FACE_BOUND('',#7868,.F.);
#7868 = EDGE_LOOP('',(#7869));
#7869 = ORIENTED_EDGE('',*,*,#7870,.F.);
#7870 = EDGE_CURVE('',#7871,#7871,#7873,.T.);
#7871 = VERTEX_POINT('',#7872);
#7872 = CARTESIAN_POINT('',(3.0719,3.164516153249E-17,12.7712));
#7873 = SURFACE_CURVE('',#7874,(#7879,#7886),.PCURVE_S1.);
#7874 = CIRCLE('',#7875,3.0719);
#7875 = AXIS2_PLACEMENT_3D('',#7876,#7877,#7878);
#7876 = CARTESIAN_POINT('',(1.670864528916E-14,3.164516153249E-17,
    12.7712));
#7877 = DIRECTION('',(0.,0.,1.));
#7878 = DIRECTION('',(1.,0.,0.));
#7879 = PCURVE('',#5243,#7880);
#7880 = DEFINITIONAL_REPRESENTATION('',(#7881),#7885);
#7881 = CIRCLE('',#7882,3.0719);
#7882 = AXIS2_PLACEMENT_2D('',#7883,#7884);
#7883 = CARTESIAN_POINT('',(1.69035289428E-14,-2.149058258337E-16));
#7884 = DIRECTION('',(1.,0.));
#7885 = ( GEOMETRIC_REPRESENTATION_CONTEXT(2) 
PARAMETRIC_REPRESENTATION_CONTEXT() REPRESENTATION_CONTEXT('2D SPACE',''
  ) );
#7886 = PCURVE('',#7887,#7892);
#7887 = CYLINDRICAL_SURFACE('',#7888,3.0719);
#7888 = AXIS2_PLACEMENT_3D('',#7889,#7890,#7891);
#7889 = CARTESIAN_POINT('',(1.670864528916E-14,3.164516153249E-17,
    12.7712));
#7890 = DIRECTION('',(-0.,-0.,-1.));
#7891 = DIRECTION('',(1.,0.,0.));
#7892 = DEFINITIONAL_REPRESENTATION('',(#7893),#7897);
#7893 = LINE('',#7894,#7895);
#7894 = CARTESIAN_POINT('',(-0.,0.));
#7895 = VECTOR('',#7896,1.);
#7896 = DIRECTION('',(-1.,0.));
#7897 = ( GEOMETRIC_REPRESENTATION_CONTEXT(2) 
PARAMETRIC_REPRESENTATION_CONTEXT() REPRESENTATION_CONTEXT('2D SPACE',''
  ) );
#7898 = ADVANCED_FACE('',(#7899),#5153,.T.);
#7899 = FACE_BOUND('',#7900,.T.);
#7900 = EDGE_LOOP('',(#7901,#7902,#7903));
#7901 = ORIENTED_EDGE('',*,*,#5130,.F.);
#7902 = ORIENTED_EDGE('',*,*,#7225,.T.);
#7903 = ORIENTED_EDGE('',*,*,#7327,.F.);
#7904 = ADVANCED_FACE('',(#7905),#5425,.T.);
#7905 = FACE_BOUND('',#7906,.T.);
#7906 = EDGE_LOOP('',(#7907,#7908,#7934,#7981));
#7907 = ORIENTED_EDGE('',*,*,#5406,.F.);
#7908 = ORIENTED_EDGE('',*,*,#7909,.T.);
#7909 = EDGE_CURVE('',#5407,#7910,#7912,.T.);
#7910 = VERTEX_POINT('',#7911);
#7911 = CARTESIAN_POINT('',(2.441763333416,2.801372952169,11.77475));
#7912 = SURFACE_CURVE('',#7913,(#7917,#7923),.PCURVE_S1.);
#7913 = LINE('',#7914,#7915);
#7914 = CARTESIAN_POINT('',(2.621568142792,2.621568142792,11.77475));
#7915 = VECTOR('',#7916,1.);
#7916 = DIRECTION('',(0.707106781187,-0.707106781187,-3.087665650978E-15
    ));
#7917 = PCURVE('',#5425,#7918);
#7918 = DEFINITIONAL_REPRESENTATION('',(#7919),#7922);
#7919 = B_SPLINE_CURVE_WITH_KNOTS('',1,(#7920,#7921),.UNSPECIFIED.,.F.,
  .F.,(2,2),(-0.457113132612,0.457113132612),.PIECEWISE_BEZIER_KNOTS.);
#7920 = CARTESIAN_POINT('',(-0.319965865759,0.326457134637));
#7921 = CARTESIAN_POINT('',(0.319965865759,-0.326457134637));
#7922 = ( GEOMETRIC_REPRESENTATION_CONTEXT(2) 
PARAMETRIC_REPRESENTATION_CONTEXT() REPRESENTATION_CONTEXT('2D SPACE',''
  ) );
#7923 = PCURVE('',#7924,#7929);
#7924 = PLANE('',#7925);
#7925 = AXIS2_PLACEMENT_3D('',#7926,#7927,#7928);
#7926 = CARTESIAN_POINT('',(2.621568142792,2.621568142792,11.77475));
#7927 = DIRECTION('',(-0.163590330977,-0.163590330977,0.972870190324));
#7928 = DIRECTION('',(0.986155320523,-3.469446951954E-18,0.165824255778)
  );
#7929 = DEFINITIONAL_REPRESENTATION('',(#7930),#7933);
#7930 = B_SPLINE_CURVE_WITH_KNOTS('',1,(#7931,#7932),.UNSPECIFIED.,.F.,
  .F.,(2,2),(-0.457113132612,0.457113132612),.PIECEWISE_BEZIER_KNOTS.);
#7931 = CARTESIAN_POINT('',(-0.318752810608,0.327641666667));
#7932 = CARTESIAN_POINT('',(0.318752810608,-0.327641666667));
#7933 = ( GEOMETRIC_REPRESENTATION_CONTEXT(2) 
PARAMETRIC_REPRESENTATION_CONTEXT() REPRESENTATION_CONTEXT('2D SPACE',''
  ) );
#7934 = ORIENTED_EDGE('',*,*,#7935,.T.);
#7935 = EDGE_CURVE('',#7910,#7936,#7938,.T.);
#7936 = VERTEX_POINT('',#7937);
#7937 = CARTESIAN_POINT('',(2.801372952169,2.441763333416,11.77475));
#7938 = SURFACE_CURVE('',#7939,(#7944,#7955),.PCURVE_S1.);
#7939 = CIRCLE('',#7940,0.2542824);
#7940 = AXIS2_PLACEMENT_3D('',#7941,#7942,#7943);
#7941 = CARTESIAN_POINT('',(2.621568142792,2.621568142792,11.77475));
#7942 = DIRECTION('',(0.140307871841,0.140307871841,-0.980116014663));
#7943 = DIRECTION('',(-0.707106781187,0.707106781187,0.));
#7944 = PCURVE('',#5425,#7945);
#7945 = DEFINITIONAL_REPRESENTATION('',(#7946),#7954);
#7946 = ( BOUNDED_CURVE() B_SPLINE_CURVE(2,(#7947,#7948,#7949,#7950,
#7951,#7952,#7953),.UNSPECIFIED.,.T.,.F.) B_SPLINE_CURVE_WITH_KNOTS((1,2
    ,2,2,2,1),(-2.094395102393,0.,2.094395102393,4.188790204786,
6.28318530718,8.377580409573),.UNSPECIFIED.) CURVE() 
GEOMETRIC_REPRESENTATION_ITEM() RATIONAL_B_SPLINE_CURVE((1.,0.5,1.,0.5,
1.,0.5,1.)) REPRESENTATION_ITEM('') );
#7947 = CARTESIAN_POINT('',(-0.177990266432,0.181601222477));
#7948 = CARTESIAN_POINT('',(0.136552277615,0.48988940719));
#7949 = CARTESIAN_POINT('',(0.24626640524,6.334348111807E-02));
#7950 = CARTESIAN_POINT('',(0.355980532864,-0.363202444954));
#7951 = CARTESIAN_POINT('',(-6.827613880738E-02,-0.244944703595));
#7952 = CARTESIAN_POINT('',(-0.492532810479,-0.126686962236));
#7953 = CARTESIAN_POINT('',(-0.177990266432,0.181601222477));
#7954 = ( GEOMETRIC_REPRESENTATION_CONTEXT(2) 
PARAMETRIC_REPRESENTATION_CONTEXT() REPRESENTATION_CONTEXT('2D SPACE',''
  ) );
#7955 = PCURVE('',#7956,#7961);
#7956 = SPHERICAL_SURFACE('',#7957,0.2542824);
#7957 = AXIS2_PLACEMENT_3D('',#7958,#7959,#7960);
#7958 = CARTESIAN_POINT('',(2.621568142792,2.621568142792,11.77475));
#7959 = DIRECTION('',(0.,0.,1.));
#7960 = DIRECTION('',(1.,0.,-0.));
#7961 = DEFINITIONAL_REPRESENTATION('',(#7962),#7980);
#7962 = B_SPLINE_CURVE_WITH_KNOTS('',6,(#7963,#7964,#7965,#7966,#7967,
    #7968,#7969,#7970,#7971,#7972,#7973,#7974,#7975,#7976,#7977,#7978,
    #7979),.UNSPECIFIED.,.F.,.F.,(7,5,5,7),(0.,1.173076499626,
    2.346152999252,3.14159265359),.UNSPECIFIED.);
#7963 = CARTESIAN_POINT('',(8.639379797372,0.));
#7964 = CARTESIAN_POINT('',(8.447754620087,3.879467513451E-02));
#7965 = CARTESIAN_POINT('',(8.25612634939,7.758893836007E-02));
#7966 = CARTESIAN_POINT('',(8.063479153761,0.113820751242));
#7967 = CARTESIAN_POINT('',(7.86869566072,0.144923804847));
#7968 = CARTESIAN_POINT('',(7.671785703912,0.168689799089));
#7969 = CARTESIAN_POINT('',(7.275265345834,0.199257326392));
#7970 = CARTESIAN_POINT('',(7.075658177181,0.206058982332));
#7971 = CARTESIAN_POINT('',(6.875412370467,0.203217619252));
#7972 = CARTESIAN_POINT('',(6.676127627427,0.190613054635));
#7973 = CARTESIAN_POINT('',(6.478737491448,0.169620284176));
#7974 = CARTESIAN_POINT('',(6.150585291828,0.123587232135));
#7975 = CARTESIAN_POINT('',(6.018831105736,0.102025740873));
#7976 = CARTESIAN_POINT('',(5.887924305737,7.811919649362E-02));
#7977 = CARTESIAN_POINT('',(5.757660322354,5.261121677001E-02));
#7978 = CARTESIAN_POINT('',(5.627724334435,2.63058913796E-02));
#7979 = CARTESIAN_POINT('',(5.497787143782,0.));
#7980 = ( GEOMETRIC_REPRESENTATION_CONTEXT(2) 
PARAMETRIC_REPRESENTATION_CONTEXT() REPRESENTATION_CONTEXT('2D SPACE',''
  ) );
#7981 = ORIENTED_EDGE('',*,*,#7982,.T.);
#7982 = EDGE_CURVE('',#7936,#5409,#7983,.T.);
#7983 = SURFACE_CURVE('',#7984,(#7988,#7994),.PCURVE_S1.);
#7984 = LINE('',#7985,#7986);
#7985 = CARTESIAN_POINT('',(2.621568142792,2.621568142792,11.77475));
#7986 = VECTOR('',#7987,1.);
#7987 = DIRECTION('',(0.707106781187,-0.707106781187,-3.087665650978E-15
    ));
#7988 = PCURVE('',#5425,#7989);
#7989 = DEFINITIONAL_REPRESENTATION('',(#7990),#7993);
#7990 = B_SPLINE_CURVE_WITH_KNOTS('',1,(#7991,#7992),.UNSPECIFIED.,.F.,
  .F.,(2,2),(-0.457113132612,0.457113132612),.PIECEWISE_BEZIER_KNOTS.);
#7991 = CARTESIAN_POINT('',(-0.319965865759,0.326457134637));
#7992 = CARTESIAN_POINT('',(0.319965865759,-0.326457134637));
#7993 = ( GEOMETRIC_REPRESENTATION_CONTEXT(2) 
PARAMETRIC_REPRESENTATION_CONTEXT() REPRESENTATION_CONTEXT('2D SPACE',''
  ) );
#7994 = PCURVE('',#7924,#7995);
#7995 = DEFINITIONAL_REPRESENTATION('',(#7996),#7999);
#7996 = B_SPLINE_CURVE_WITH_KNOTS('',1,(#7997,#7998),.UNSPECIFIED.,.F.,
  .F.,(2,2),(-0.457113132612,0.457113132612),.PIECEWISE_BEZIER_KNOTS.);
#7997 = CARTESIAN_POINT('',(-0.318752810608,0.327641666667));
#7998 = CARTESIAN_POINT('',(0.318752810608,-0.327641666667));
#7999 = ( GEOMETRIC_REPRESENTATION_CONTEXT(2) 
PARAMETRIC_REPRESENTATION_CONTEXT() REPRESENTATION_CONTEXT('2D SPACE',''
  ) );
#8000 = ADVANCED_FACE('',(#8001),#5457,.T.);
#8001 = FACE_BOUND('',#8002,.T.);
#8002 = EDGE_LOOP('',(#8003,#8030,#8031));
#8003 = ORIENTED_EDGE('',*,*,#8004,.F.);
#8004 = EDGE_CURVE('',#5584,#5409,#8005,.T.);
#8005 = SURFACE_CURVE('',#8006,(#8011,#8018),.PCURVE_S1.);
#8006 = ELLIPSE('',#8007,0.327828671407,0.327642012604);
#8007 = AXIS2_PLACEMENT_3D('',#8008,#8009,#8010);
#8008 = CARTESIAN_POINT('',(2.621898301888,2.621898301888,
    11.774844527422));
#8009 = DIRECTION('',(-0.140307871841,-0.140307871841,0.980116014663));
#8010 = DIRECTION('',(0.693046680318,0.693046680318,0.198425295265));
#8011 = PCURVE('',#5457,#8012);
#8012 = DEFINITIONAL_REPRESENTATION('',(#8013),#8017);
#8013 = ELLIPSE('',#8014,0.327828671407,0.327642012604);
#8014 = AXIS2_PLACEMENT_2D('',#8015,#8016);
#8015 = CARTESIAN_POINT('',(3.402226666619E-04,3.334576841466E-04));
#8016 = DIRECTION('',(0.714171419167,0.69997084514));
#8017 = ( GEOMETRIC_REPRESENTATION_CONTEXT(2) 
PARAMETRIC_REPRESENTATION_CONTEXT() REPRESENTATION_CONTEXT('2D SPACE',''
  ) );
#8018 = PCURVE('',#5634,#8019);
#8019 = DEFINITIONAL_REPRESENTATION('',(#8020),#8029);
#8020 = B_SPLINE_CURVE_WITH_KNOTS('',7,(#8021,#8022,#8023,#8024,#8025,
    #8026,#8027,#8028),.UNSPECIFIED.,.F.,.F.,(8,8),(3.858631376163,
    4.710935818502),.PIECEWISE_BEZIER_KNOTS.);
#8021 = CARTESIAN_POINT('',(-4.631234442135,-8.313840608445E-03));
#8022 = CARTESIAN_POINT('',(-4.753125603469,-7.429614986625E-03));
#8023 = CARTESIAN_POINT('',(-4.875000211274,-6.401239916821E-03));
#8024 = CARTESIAN_POINT('',(-4.996855033375,-5.250123791116E-03));
#8025 = CARTESIAN_POINT('',(-5.118687443249,-4.002972484138E-03));
#8026 = CARTESIAN_POINT('',(-5.240495618154,-2.690524323864E-03));
#8027 = CARTESIAN_POINT('',(-5.362278662621,-1.34553322715E-03));
#8028 = CARTESIAN_POINT('',(-5.484036568655,1.742031900121E-15));
#8029 = ( GEOMETRIC_REPRESENTATION_CONTEXT(2) 
PARAMETRIC_REPRESENTATION_CONTEXT() REPRESENTATION_CONTEXT('2D SPACE',''
  ) );
#8030 = ORIENTED_EDGE('',*,*,#5583,.F.);
#8031 = ORIENTED_EDGE('',*,*,#5441,.T.);
#8032 = ADVANCED_FACE('',(#8033),#5565,.T.);
#8033 = FACE_BOUND('',#8034,.T.);
#8034 = EDGE_LOOP('',(#8035,#8062,#8063));
#8035 = ORIENTED_EDGE('',*,*,#8036,.F.);
#8036 = EDGE_CURVE('',#5407,#5852,#8037,.T.);
#8037 = SURFACE_CURVE('',#8038,(#8043,#8050),.PCURVE_S1.);
#8038 = ELLIPSE('',#8039,0.327828671407,0.327642012604);
#8039 = AXIS2_PLACEMENT_3D('',#8040,#8041,#8042);
#8040 = CARTESIAN_POINT('',(2.621898301888,2.621898301888,
    11.774844527422));
#8041 = DIRECTION('',(-0.140307871841,-0.140307871841,0.980116014663));
#8042 = DIRECTION('',(0.693046680318,0.693046680318,0.198425295265));
#8043 = PCURVE('',#5565,#8044);
#8044 = DEFINITIONAL_REPRESENTATION('',(#8045),#8049);
#8045 = ELLIPSE('',#8046,0.327828671407,0.327642012604);
#8046 = AXIS2_PLACEMENT_2D('',#8047,#8048);
#8047 = CARTESIAN_POINT('',(3.402226666619E-04,3.334576841466E-04));
#8048 = DIRECTION('',(0.714171419167,0.69997084514));
#8049 = ( GEOMETRIC_REPRESENTATION_CONTEXT(2) 
PARAMETRIC_REPRESENTATION_CONTEXT() REPRESENTATION_CONTEXT('2D SPACE',''
  ) );
#8050 = PCURVE('',#5634,#8051);
#8051 = DEFINITIONAL_REPRESENTATION('',(#8052),#8061);
#8052 = B_SPLINE_CURVE_WITH_KNOTS('',7,(#8053,#8054,#8055,#8056,#8057,
    #8058,#8059,#8060),.UNSPECIFIED.,.F.,.F.,(8,8),(1.572249488678,
    2.424553931016),.PIECEWISE_BEZIER_KNOTS.);
#8053 = CARTESIAN_POINT('',(-8.625629222245,2.148488611338E-17));
#8054 = CARTESIAN_POINT('',(-8.747387128279,-1.345533227151E-03));
#8055 = CARTESIAN_POINT('',(-8.869170172746,-2.690524323863E-03));
#8056 = CARTESIAN_POINT('',(-8.990978347651,-4.002972484135E-03));
#8057 = CARTESIAN_POINT('',(-9.112810757525,-5.250123791113E-03));
#8058 = CARTESIAN_POINT('',(-9.234665579626,-6.401239916819E-03));
#8059 = CARTESIAN_POINT('',(-9.356540187431,-7.429614986625E-03));
#8060 = CARTESIAN_POINT('',(-9.478431348765,-8.313840608447E-03));
#8061 = ( GEOMETRIC_REPRESENTATION_CONTEXT(2) 
PARAMETRIC_REPRESENTATION_CONTEXT() REPRESENTATION_CONTEXT('2D SPACE',''
  ) );
#8062 = ORIENTED_EDGE('',*,*,#5551,.T.);
#8063 = ORIENTED_EDGE('',*,*,#5886,.F.);
#8064 = ADVANCED_FACE('',(#8065),#5634,.T.);
#8065 = FACE_BOUND('',#8066,.T.);
#8066 = EDGE_LOOP('',(#8067,#8102,#8123,#8124,#8125,#8147,#8148,#8149));
#8067 = ORIENTED_EDGE('',*,*,#8068,.T.);
#8068 = EDGE_CURVE('',#8069,#8071,#8073,.T.);
#8069 = VERTEX_POINT('',#8070);
#8070 = CARTESIAN_POINT('',(2.311010380029,2.738263153403,12.3512));
#8071 = VERTEX_POINT('',#8072);
#8072 = CARTESIAN_POINT('',(2.738263153403,2.311010380029,12.3512));
#8073 = SURFACE_CURVE('',#8074,(#8079,#8086),.PCURVE_S1.);
#8074 = CIRCLE('',#8075,0.302113333333);
#8075 = AXIS2_PLACEMENT_3D('',#8076,#8077,#8078);
#8076 = CARTESIAN_POINT('',(2.524636766716,2.524636766716,12.3512));
#8077 = DIRECTION('',(0.163590330977,0.163590330977,-0.972870190324));
#8078 = DIRECTION('',(-0.707106781187,0.707106781186,-1.762479051592E-14
    ));
#8079 = PCURVE('',#5634,#8080);
#8080 = DEFINITIONAL_REPRESENTATION('',(#8081),#8085);
#8081 = LINE('',#8082,#8083);
#8082 = CARTESIAN_POINT('',(-8.625629222245,-0.592525093001));
#8083 = VECTOR('',#8084,1.);
#8084 = DIRECTION('',(1.,-0.));
#8085 = ( GEOMETRIC_REPRESENTATION_CONTEXT(2) 
PARAMETRIC_REPRESENTATION_CONTEXT() REPRESENTATION_CONTEXT('2D SPACE',''
  ) );
#8086 = PCURVE('',#8087,#8092);
#8087 = PLANE('',#8088);
#8088 = AXIS2_PLACEMENT_3D('',#8089,#8090,#8091);
#8089 = CARTESIAN_POINT('',(2.524636766716,2.524636766716,12.3512));
#8090 = DIRECTION('',(-0.163590330977,-0.163590330977,0.972870190324));
#8091 = DIRECTION('',(0.986155320523,-3.469446951954E-18,0.165824255778)
  );
#8092 = DEFINITIONAL_REPRESENTATION('',(#8093),#8101);
#8093 = ( BOUNDED_CURVE() B_SPLINE_CURVE(2,(#8094,#8095,#8096,#8097,
#8098,#8099,#8100),.UNSPECIFIED.,.T.,.F.) B_SPLINE_CURVE_WITH_KNOTS((1,2
    ,2,2,2,1),(-2.094395102393,0.,2.094395102393,4.188790204786,
6.28318530718,8.377580409573),.UNSPECIFIED.) CURVE() 
GEOMETRIC_REPRESENTATION_ITEM() RATIONAL_B_SPLINE_CURVE((1.,0.5,1.,0.5,
1.,0.5,1.)) REPRESENTATION_ITEM('') );
#8094 = CARTESIAN_POINT('',(-0.210668797835,0.216543584057));
#8095 = CARTESIAN_POINT('',(0.164395691805,0.581432645478));
#8096 = CARTESIAN_POINT('',(0.292866643738,7.417273868149E-02));
#8097 = CARTESIAN_POINT('',(0.421337595671,-0.433087168115));
#8098 = CARTESIAN_POINT('',(-8.219784590248E-02,-0.290716322739));
#8099 = CARTESIAN_POINT('',(-0.585733287476,-0.148345477363));
#8100 = CARTESIAN_POINT('',(-0.210668797835,0.216543584057));
#8101 = ( GEOMETRIC_REPRESENTATION_CONTEXT(2) 
PARAMETRIC_REPRESENTATION_CONTEXT() REPRESENTATION_CONTEXT('2D SPACE',''
  ) );
#8102 = ORIENTED_EDGE('',*,*,#8103,.F.);
#8103 = EDGE_CURVE('',#5611,#8071,#8104,.T.);
#8104 = SURFACE_CURVE('',#8105,(#8110,#8116),.PCURVE_S1.);
#8105 = CIRCLE('',#8106,0.302113333333);
#8106 = AXIS2_PLACEMENT_3D('',#8107,#8108,#8109);
#8107 = CARTESIAN_POINT('',(2.524636766716,2.524636766716,12.3512));
#8108 = DIRECTION('',(-0.163590330977,-0.163590330977,0.972870190324));
#8109 = DIRECTION('',(0.986155320523,-1.040834085586E-17,0.165824255778)
  );
#8110 = PCURVE('',#5634,#8111);
#8111 = DEFINITIONAL_REPRESENTATION('',(#8112),#8115);
#8112 = B_SPLINE_CURVE_WITH_KNOTS('',1,(#8113,#8114),.UNSPECIFIED.,.F.,
  .F.,(2,2),(4.728378664183,5.484036568655),.PIECEWISE_BEZIER_KNOTS.);
#8113 = CARTESIAN_POINT('',(-4.728378664183,-0.592525093001));
#8114 = CARTESIAN_POINT('',(-5.484036568655,-0.592525093001));
#8115 = ( GEOMETRIC_REPRESENTATION_CONTEXT(2) 
PARAMETRIC_REPRESENTATION_CONTEXT() REPRESENTATION_CONTEXT('2D SPACE',''
  ) );
#8116 = PCURVE('',#5670,#8117);
#8117 = DEFINITIONAL_REPRESENTATION('',(#8118),#8122);
#8118 = CIRCLE('',#8119,0.302113333333);
#8119 = AXIS2_PLACEMENT_2D('',#8120,#8121);
#8120 = CARTESIAN_POINT('',(0.,0.));
#8121 = DIRECTION('',(1.,0.));
#8122 = ( GEOMETRIC_REPRESENTATION_CONTEXT(2) 
PARAMETRIC_REPRESENTATION_CONTEXT() REPRESENTATION_CONTEXT('2D SPACE',''
  ) );
#8123 = ORIENTED_EDGE('',*,*,#5610,.T.);
#8124 = ORIENTED_EDGE('',*,*,#8004,.T.);
#8125 = ORIENTED_EDGE('',*,*,#8126,.T.);
#8126 = EDGE_CURVE('',#5409,#5407,#8127,.T.);
#8127 = SURFACE_CURVE('',#8128,(#8133,#8140),.PCURVE_S1.);
#8128 = CIRCLE('',#8129,0.327641666667);
#8129 = AXIS2_PLACEMENT_3D('',#8130,#8131,#8132);
#8130 = CARTESIAN_POINT('',(2.621568142792,2.621568142792,11.77475));
#8131 = DIRECTION('',(-0.163590330977,-0.163590330977,0.972870190324));
#8132 = DIRECTION('',(0.707106781187,-0.707106781187,-5.426215032855E-15
    ));
#8133 = PCURVE('',#5634,#8134);
#8134 = DEFINITIONAL_REPRESENTATION('',(#8135),#8139);
#8135 = LINE('',#8136,#8137);
#8136 = CARTESIAN_POINT('',(-5.484036568655,-0.));
#8137 = VECTOR('',#8138,1.);
#8138 = DIRECTION('',(-1.,-0.));
#8139 = ( GEOMETRIC_REPRESENTATION_CONTEXT(2) 
PARAMETRIC_REPRESENTATION_CONTEXT() REPRESENTATION_CONTEXT('2D SPACE',''
  ) );
#8140 = PCURVE('',#7924,#8141);
#8141 = DEFINITIONAL_REPRESENTATION('',(#8142),#8146);
#8142 = CIRCLE('',#8143,0.327641666667);
#8143 = AXIS2_PLACEMENT_2D('',#8144,#8145);
#8144 = CARTESIAN_POINT('',(0.,0.));
#8145 = DIRECTION('',(0.697317114445,-0.716762751475));
#8146 = ( GEOMETRIC_REPRESENTATION_CONTEXT(2) 
PARAMETRIC_REPRESENTATION_CONTEXT() REPRESENTATION_CONTEXT('2D SPACE',''
  ) );
#8147 = ORIENTED_EDGE('',*,*,#8036,.T.);
#8148 = ORIENTED_EDGE('',*,*,#5851,.T.);
#8149 = ORIENTED_EDGE('',*,*,#8150,.F.);
#8150 = EDGE_CURVE('',#8069,#5818,#8151,.T.);
#8151 = SURFACE_CURVE('',#8152,(#8157,#8163),.PCURVE_S1.);
#8152 = CIRCLE('',#8153,0.302113333333);
#8153 = AXIS2_PLACEMENT_3D('',#8154,#8155,#8156);
#8154 = CARTESIAN_POINT('',(2.524636766716,2.524636766716,12.3512));
#8155 = DIRECTION('',(-0.163590330977,-0.163590330977,0.972870190324));
#8156 = DIRECTION('',(0.986155320523,-1.040834085586E-17,0.165824255778)
  );
#8157 = PCURVE('',#5634,#8158);
#8158 = DEFINITIONAL_REPRESENTATION('',(#8159),#8162);
#8159 = B_SPLINE_CURVE_WITH_KNOTS('',1,(#8160,#8161),.UNSPECIFIED.,.F.,
  .F.,(2,2),(2.342443915065,3.098101819537),.PIECEWISE_BEZIER_KNOTS.);
#8160 = CARTESIAN_POINT('',(-8.625629222245,-0.592525093001));
#8161 = CARTESIAN_POINT('',(-9.381287126717,-0.592525093001));
#8162 = ( GEOMETRIC_REPRESENTATION_CONTEXT(2) 
PARAMETRIC_REPRESENTATION_CONTEXT() REPRESENTATION_CONTEXT('2D SPACE',''
  ) );
#8163 = PCURVE('',#5839,#8164);
#8164 = DEFINITIONAL_REPRESENTATION('',(#8165),#8169);
#8165 = CIRCLE('',#8166,0.302113333333);
#8166 = AXIS2_PLACEMENT_2D('',#8167,#8168);
#8167 = CARTESIAN_POINT('',(0.,0.));
#8168 = DIRECTION('',(1.,0.));
#8169 = ( GEOMETRIC_REPRESENTATION_CONTEXT(2) 
PARAMETRIC_REPRESENTATION_CONTEXT() REPRESENTATION_CONTEXT('2D SPACE',''
  ) );
#8170 = ADVANCED_FACE('',(#8171),#5839,.T.);
#8171 = FACE_BOUND('',#8172,.T.);
#8172 = EDGE_LOOP('',(#8173,#8199,#8200));
#8173 = ORIENTED_EDGE('',*,*,#8174,.F.);
#8174 = EDGE_CURVE('',#8069,#5768,#8175,.T.);
#8175 = SURFACE_CURVE('',#8176,(#8181,#8188),.PCURVE_S1.);
#8176 = ELLIPSE('',#8177,0.30228035671,0.30211363713);
#8177 = AXIS2_PLACEMENT_3D('',#8178,#8179,#8180);
#8178 = CARTESIAN_POINT('',(2.5249316642,2.5249316642,12.351299175363));
#8179 = DIRECTION('',(-0.163590330977,-0.163590330977,0.972870190324));
#8180 = DIRECTION('',(0.687923108793,0.687923108793,0.231351664741));
#8181 = PCURVE('',#5839,#8182);
#8182 = DEFINITIONAL_REPRESENTATION('',(#8183),#8187);
#8183 = ELLIPSE('',#8184,0.30228035671,0.30211363713);
#8184 = AXIS2_PLACEMENT_2D('',#8185,#8186);
#8185 = CARTESIAN_POINT('',(3.072604031326E-04,2.989244868747E-04));
#8186 = DIRECTION('',(0.716762751475,0.697317114445));
#8187 = ( GEOMETRIC_REPRESENTATION_CONTEXT(2) 
PARAMETRIC_REPRESENTATION_CONTEXT() REPRESENTATION_CONTEXT('2D SPACE',''
  ) );
#8188 = PCURVE('',#5716,#8189);
#8189 = DEFINITIONAL_REPRESENTATION('',(#8190),#8198);
#8190 = B_SPLINE_CURVE_WITH_KNOTS('',6,(#8191,#8192,#8193,#8194,#8195,
    #8196,#8197),.UNSPECIFIED.,.F.,.F.,(7,7),(1.572214474242,
    2.326503379985),.PIECEWISE_BEZIER_KNOTS.);
#8191 = CARTESIAN_POINT('',(-7.086569969855,1.893707580872E-17));
#8192 = CARTESIAN_POINT('',(-7.212284913894,-1.260792068231E-03));
#8193 = CARTESIAN_POINT('',(-7.338026492434,-2.521055002064E-03));
#8194 = CARTESIAN_POINT('',(-7.463795163256,-3.745556553043E-03));
#8195 = CARTESIAN_POINT('',(-7.589589625949,-4.898088925395E-03));
#8196 = CARTESIAN_POINT('',(-7.715407244423,-5.946241492659E-03));
#8197 = CARTESIAN_POINT('',(-7.841244469436,-6.863879607565E-03));
#8198 = ( GEOMETRIC_REPRESENTATION_CONTEXT(2) 
PARAMETRIC_REPRESENTATION_CONTEXT() REPRESENTATION_CONTEXT('2D SPACE',''
  ) );
#8199 = ORIENTED_EDGE('',*,*,#8150,.T.);
#8200 = ORIENTED_EDGE('',*,*,#5817,.F.);
#8201 = ADVANCED_FACE('',(#8202),#5716,.T.);
#8202 = FACE_BOUND('',#8203,.T.);
#8203 = EDGE_LOOP('',(#8204,#8236,#8269,#8299,#8300,#8301,#8327,#8354,
    #8355,#8356));
#8204 = ORIENTED_EDGE('',*,*,#8205,.F.);
#8205 = EDGE_CURVE('',#8206,#7653,#8208,.T.);
#8206 = VERTEX_POINT('',#8207);
#8207 = CARTESIAN_POINT('',(2.288627400662,2.659079604569,
    12.951043641098));
#8208 = SURFACE_CURVE('',#8209,(#8216,#8226),.PCURVE_S1.);
#8209 = B_SPLINE_CURVE_WITH_KNOTS('',5,(#8210,#8211,#8212,#8213,#8214,
    #8215),.UNSPECIFIED.,.F.,.F.,(6,6),(0.,1.),
  .PIECEWISE_BEZIER_KNOTS.);
#8210 = CARTESIAN_POINT('',(2.288627400662,2.659079604569,
    12.951043641098));
#8211 = CARTESIAN_POINT('',(2.284970585435,2.662226967106,
    12.915673832205));
#8212 = CARTESIAN_POINT('',(2.281694813202,2.665035430864,12.87995265264
    ));
#8213 = CARTESIAN_POINT('',(2.278781981875,2.667525190978,
    12.843938476651));
#8214 = CARTESIAN_POINT('',(2.276218184862,2.669711415323,
    12.807675741849));
#8215 = CARTESIAN_POINT('',(2.273992351815,2.67160597888,12.7711994));
#8216 = PCURVE('',#5716,#8217);
#8217 = DEFINITIONAL_REPRESENTATION('',(#8218),#8225);
#8218 = B_SPLINE_CURVE_WITH_KNOTS('',5,(#8219,#8220,#8221,#8222,#8223,
    #8224),.UNSPECIFIED.,.F.,.F.,(6,6),(0.,1.),
  .PIECEWISE_BEZIER_KNOTS.);
#8219 = CARTESIAN_POINT('',(-6.759800185819,-0.597568765128));
#8220 = CARTESIAN_POINT('',(-6.798487412762,-0.563543889107));
#8221 = CARTESIAN_POINT('',(-6.836294192029,-0.529172207777));
#8222 = CARTESIAN_POINT('',(-6.87332753817,-0.494509642386));
#8223 = CARTESIAN_POINT('',(-6.909674695158,-0.459598825063));
#8224 = CARTESIAN_POINT('',(-6.945415310506,-0.424473322417));
#8225 = ( GEOMETRIC_REPRESENTATION_CONTEXT(2) 
PARAMETRIC_REPRESENTATION_CONTEXT() REPRESENTATION_CONTEXT('2D SPACE',''
  ) );
#8226 = PCURVE('',#7504,#8227);
#8227 = DEFINITIONAL_REPRESENTATION('',(#8228),#8235);
#8228 = B_SPLINE_CURVE_WITH_KNOTS('',5,(#8229,#8230,#8231,#8232,#8233,
    #8234),.UNSPECIFIED.,.F.,.F.,(6,6),(0.,1.),
  .PIECEWISE_BEZIER_KNOTS.);
#8229 = CARTESIAN_POINT('',(-0.860132230257,-0.179843641098));
#8230 = CARTESIAN_POINT('',(-0.861507448668,-0.144473832205));
#8231 = CARTESIAN_POINT('',(-0.86273733389,-0.10875265264));
#8232 = CARTESIAN_POINT('',(-0.863829556947,-7.273847665081E-02));
#8233 = CARTESIAN_POINT('',(-0.864789941531,-3.647574184866E-02));
#8234 = CARTESIAN_POINT('',(-0.865623085739,5.999999999895E-07));
#8235 = ( GEOMETRIC_REPRESENTATION_CONTEXT(2) 
PARAMETRIC_REPRESENTATION_CONTEXT() REPRESENTATION_CONTEXT('2D SPACE',''
  ) );
#8236 = ORIENTED_EDGE('',*,*,#8237,.T.);
#8237 = EDGE_CURVE('',#8206,#8238,#8240,.T.);
#8238 = VERTEX_POINT('',#8239);
#8239 = CARTESIAN_POINT('',(2.659079604569,2.288627400662,
    12.951043641098));
#8240 = SURFACE_CURVE('',#8241,(#8246,#8253),.PCURVE_S1.);
#8241 = CIRCLE('',#8242,0.276585);
#8242 = AXIS2_PLACEMENT_3D('',#8243,#8244,#8245);
#8243 = CARTESIAN_POINT('',(2.413295340113,2.413295340113,12.92765));
#8244 = DIRECTION('',(0.186324040178,0.186324040178,-0.964658853742));
#8245 = DIRECTION('',(-0.707106781186,0.707106781187,6.422640197457E-14)
  );
#8246 = PCURVE('',#5716,#8247);
#8247 = DEFINITIONAL_REPRESENTATION('',(#8248),#8252);
#8248 = LINE('',#8249,#8250);
#8249 = CARTESIAN_POINT('',(-7.086569969855,-0.597568765127));
#8250 = VECTOR('',#8251,1.);
#8251 = DIRECTION('',(1.,-0.));
#8252 = ( GEOMETRIC_REPRESENTATION_CONTEXT(2) 
PARAMETRIC_REPRESENTATION_CONTEXT() REPRESENTATION_CONTEXT('2D SPACE',''
  ) );
#8253 = PCURVE('',#8254,#8259);
#8254 = PLANE('',#8255);
#8255 = AXIS2_PLACEMENT_3D('',#8256,#8257,#8258);
#8256 = CARTESIAN_POINT('',(2.413295340113,2.413295340113,12.92765));
#8257 = DIRECTION('',(-0.186324040178,-0.186324040178,0.964658853742));
#8258 = DIRECTION('',(-6.938893903907E-18,0.981852717803,0.189645038276)
  );
#8259 = DEFINITIONAL_REPRESENTATION('',(#8260),#8268);
#8260 = ( BOUNDED_CURVE() B_SPLINE_CURVE(2,(#8261,#8262,#8263,#8264,
#8265,#8266,#8267),.UNSPECIFIED.,.T.,.F.) B_SPLINE_CURVE_WITH_KNOTS((1,2
    ,2,2,2,1),(-2.094395102393,0.,2.094395102393,4.188790204786,
6.28318530718,8.377580409573),.UNSPECIFIED.) CURVE() 
GEOMETRIC_REPRESENTATION_ITEM() RATIONAL_B_SPLINE_CURVE((1.,0.5,1.,0.5,
1.,0.5,1.)) REPRESENTATION_ITEM('') );
#8261 = CARTESIAN_POINT('',(0.192025972017,0.199061016515));
#8262 = CARTESIAN_POINT('',(0.536809766427,-0.13353772339));
#8263 = CARTESIAN_POINT('',(7.637891119715E-02,-0.26582987821));
#8264 = CARTESIAN_POINT('',(-0.384051944033,-0.398122033031));
#8265 = CARTESIAN_POINT('',(-0.268404883214,6.676886169506E-02));
#8266 = CARTESIAN_POINT('',(-0.152757822394,0.531659756421));
#8267 = CARTESIAN_POINT('',(0.192025972017,0.199061016515));
#8268 = ( GEOMETRIC_REPRESENTATION_CONTEXT(2) 
PARAMETRIC_REPRESENTATION_CONTEXT() REPRESENTATION_CONTEXT('2D SPACE',''
  ) );
#8269 = ORIENTED_EDGE('',*,*,#8270,.F.);
#8270 = EDGE_CURVE('',#7586,#8238,#8271,.T.);
#8271 = SURFACE_CURVE('',#8272,(#8279,#8289),.PCURVE_S1.);
#8272 = B_SPLINE_CURVE_WITH_KNOTS('',5,(#8273,#8274,#8275,#8276,#8277,
    #8278),.UNSPECIFIED.,.F.,.F.,(6,6),(0.,1.),
  .PIECEWISE_BEZIER_KNOTS.);
#8273 = CARTESIAN_POINT('',(2.67160597888,2.273992351815,12.7711994));
#8274 = CARTESIAN_POINT('',(2.669711415281,2.276218184912,
    12.807675742669));
#8275 = CARTESIAN_POINT('',(2.667525190923,2.27878198194,12.843938477445
    ));
#8276 = CARTESIAN_POINT('',(2.665035430818,2.281694813255,
    12.879952653275));
#8277 = CARTESIAN_POINT('',(2.662226967059,2.284970585489,12.91567383273
    ));
#8278 = CARTESIAN_POINT('',(2.659079604569,2.288627400662,
    12.951043641098));
#8279 = PCURVE('',#5716,#8280);
#8280 = DEFINITIONAL_REPRESENTATION('',(#8281),#8288);
#8281 = B_SPLINE_CURVE_WITH_KNOTS('',5,(#8282,#8283,#8284,#8285,#8286,
    #8287),.UNSPECIFIED.,.F.,.F.,(6,6),(0.,1.),
  .PIECEWISE_BEZIER_KNOTS.);
#8282 = CARTESIAN_POINT('',(-4.086131975615,-0.424473322417));
#8283 = CARTESIAN_POINT('',(-4.121872591767,-0.459598825853));
#8284 = CARTESIAN_POINT('',(-4.158219748769,-0.494509643151));
#8285 = CARTESIAN_POINT('',(-4.195253094751,-0.529172208388));
#8286 = CARTESIAN_POINT('',(-4.233059873933,-0.563543889612));
#8287 = CARTESIAN_POINT('',(-4.271747100302,-0.597568765128));
#8288 = ( GEOMETRIC_REPRESENTATION_CONTEXT(2) 
PARAMETRIC_REPRESENTATION_CONTEXT() REPRESENTATION_CONTEXT('2D SPACE',''
  ) );
#8289 = PCURVE('',#7606,#8290);
#8290 = DEFINITIONAL_REPRESENTATION('',(#8291),#8298);
#8291 = B_SPLINE_CURVE_WITH_KNOTS('',5,(#8292,#8293,#8294,#8295,#8296,
    #8297),.UNSPECIFIED.,.F.,.F.,(6,6),(3.289803246034E-06,1.),
  .PIECEWISE_BEZIER_KNOTS.);
#8292 = CARTESIAN_POINT('',(-6.98835856194,-6.040945541496E-16));
#8293 = CARTESIAN_POINT('',(-6.9891917051,-3.647621985769E-02));
#8294 = CARTESIAN_POINT('',(-6.990152087831,-7.273883288411E-02));
#8295 = CARTESIAN_POINT('',(-6.991244308197,-0.108752888306));
#8296 = CARTESIAN_POINT('',(-6.992474189851,-0.144473949089));
#8297 = CARTESIAN_POINT('',(-6.993849403717,-0.179843641098));
#8298 = ( GEOMETRIC_REPRESENTATION_CONTEXT(2) 
PARAMETRIC_REPRESENTATION_CONTEXT() REPRESENTATION_CONTEXT('2D SPACE',''
  ) );
#8299 = ORIENTED_EDGE('',*,*,#7618,.F.);
#8300 = ORIENTED_EDGE('',*,*,#5682,.T.);
#8301 = ORIENTED_EDGE('',*,*,#8302,.T.);
#8302 = EDGE_CURVE('',#5651,#8071,#8303,.T.);
#8303 = SURFACE_CURVE('',#8304,(#8309,#8320),.PCURVE_S1.);
#8304 = ELLIPSE('',#8305,0.30228035671,0.30211363713);
#8305 = AXIS2_PLACEMENT_3D('',#8306,#8307,#8308);
#8306 = CARTESIAN_POINT('',(2.5249316642,2.5249316642,12.351299175363));
#8307 = DIRECTION('',(-0.163590330977,-0.163590330977,0.972870190324));
#8308 = DIRECTION('',(0.687923108793,0.687923108793,0.231351664741));
#8309 = PCURVE('',#5716,#8310);
#8310 = DEFINITIONAL_REPRESENTATION('',(#8311),#8319);
#8311 = B_SPLINE_CURVE_WITH_KNOTS('',6,(#8312,#8313,#8314,#8315,#8316,
    #8317,#8318),.UNSPECIFIED.,.F.,.F.,(7,7),(3.956681927195,
    4.710970832937),.PIECEWISE_BEZIER_KNOTS.);
#8312 = CARTESIAN_POINT('',(-3.190302816686,-6.863879607564E-03));
#8313 = CARTESIAN_POINT('',(-3.316140041698,-5.946241492658E-03));
#8314 = CARTESIAN_POINT('',(-3.441957660173,-4.898088925395E-03));
#8315 = CARTESIAN_POINT('',(-3.567752122865,-3.745556553044E-03));
#8316 = CARTESIAN_POINT('',(-3.693520793687,-2.521055002065E-03));
#8317 = CARTESIAN_POINT('',(-3.819262372227,-1.260792068233E-03));
#8318 = CARTESIAN_POINT('',(-3.944977316266,-1.782589384985E-15));
#8319 = ( GEOMETRIC_REPRESENTATION_CONTEXT(2) 
PARAMETRIC_REPRESENTATION_CONTEXT() REPRESENTATION_CONTEXT('2D SPACE',''
  ) );
#8320 = PCURVE('',#5670,#8321);
#8321 = DEFINITIONAL_REPRESENTATION('',(#8322),#8326);
#8322 = ELLIPSE('',#8323,0.30228035671,0.30211363713);
#8323 = AXIS2_PLACEMENT_2D('',#8324,#8325);
#8324 = CARTESIAN_POINT('',(3.072604031326E-04,2.989244868747E-04));
#8325 = DIRECTION('',(0.716762751475,0.697317114445));
#8326 = ( GEOMETRIC_REPRESENTATION_CONTEXT(2) 
PARAMETRIC_REPRESENTATION_CONTEXT() REPRESENTATION_CONTEXT('2D SPACE',''
  ) );
#8327 = ORIENTED_EDGE('',*,*,#8328,.T.);
#8328 = EDGE_CURVE('',#8071,#8069,#8329,.T.);
#8329 = SURFACE_CURVE('',#8330,(#8335,#8342),.PCURVE_S1.);
#8330 = CIRCLE('',#8331,0.302113333333);
#8331 = AXIS2_PLACEMENT_3D('',#8332,#8333,#8334);
#8332 = CARTESIAN_POINT('',(2.524636766716,2.524636766716,12.3512));
#8333 = DIRECTION('',(-0.186324040178,-0.186324040178,0.964658853742));
#8334 = DIRECTION('',(0.707106781187,-0.707106781186,1.765254609154E-14)
  );
#8335 = PCURVE('',#5716,#8336);
#8336 = DEFINITIONAL_REPRESENTATION('',(#8337),#8341);
#8337 = LINE('',#8338,#8339);
#8338 = CARTESIAN_POINT('',(-3.944977316266,-0.));
#8339 = VECTOR('',#8340,1.);
#8340 = DIRECTION('',(-1.,-0.));
#8341 = ( GEOMETRIC_REPRESENTATION_CONTEXT(2) 
PARAMETRIC_REPRESENTATION_CONTEXT() REPRESENTATION_CONTEXT('2D SPACE',''
  ) );
#8342 = PCURVE('',#8343,#8348);
#8343 = PLANE('',#8344);
#8344 = AXIS2_PLACEMENT_3D('',#8345,#8346,#8347);
#8345 = CARTESIAN_POINT('',(2.524636766716,2.524636766716,12.3512));
#8346 = DIRECTION('',(-0.186324040178,-0.186324040178,0.964658853742));
#8347 = DIRECTION('',(-6.938893903907E-18,0.981852717803,0.189645038276)
  );
#8348 = DEFINITIONAL_REPRESENTATION('',(#8349),#8353);
#8349 = CIRCLE('',#8350,0.302113333333);
#8350 = AXIS2_PLACEMENT_2D('',#8351,#8352);
#8351 = CARTESIAN_POINT('',(0.,0.));
#8352 = DIRECTION('',(-0.694274714885,-0.719710094602));
#8353 = ( GEOMETRIC_REPRESENTATION_CONTEXT(2) 
PARAMETRIC_REPRESENTATION_CONTEXT() REPRESENTATION_CONTEXT('2D SPACE',''
  ) );
#8354 = ORIENTED_EDGE('',*,*,#8174,.T.);
#8355 = ORIENTED_EDGE('',*,*,#5767,.T.);
#8356 = ORIENTED_EDGE('',*,*,#7652,.F.);
#8357 = ADVANCED_FACE('',(#8358),#5670,.T.);
#8358 = FACE_BOUND('',#8359,.T.);
#8359 = EDGE_LOOP('',(#8360,#8361,#8362));
#8360 = ORIENTED_EDGE('',*,*,#8302,.F.);
#8361 = ORIENTED_EDGE('',*,*,#5650,.F.);
#8362 = ORIENTED_EDGE('',*,*,#8103,.T.);
#8363 = ADVANCED_FACE('',(#8364),#5934,.T.);
#8364 = FACE_BOUND('',#8365,.T.);
#8365 = EDGE_LOOP('',(#8366,#8367,#8393,#8440));
#8366 = ORIENTED_EDGE('',*,*,#5915,.F.);
#8367 = ORIENTED_EDGE('',*,*,#8368,.T.);
#8368 = EDGE_CURVE('',#5916,#8369,#8371,.T.);
#8369 = VERTEX_POINT('',#8370);
#8370 = CARTESIAN_POINT('',(2.801372952169,-2.441763333416,11.77475));
#8371 = SURFACE_CURVE('',#8372,(#8376,#8382),.PCURVE_S1.);
#8372 = LINE('',#8373,#8374);
#8373 = CARTESIAN_POINT('',(2.621568142792,-2.621568142792,11.77475));
#8374 = VECTOR('',#8375,1.);
#8375 = DIRECTION('',(-0.707106781187,-0.707106781187,3.087665650978E-15
    ));
#8376 = PCURVE('',#5934,#8377);
#8377 = DEFINITIONAL_REPRESENTATION('',(#8378),#8381);
#8378 = B_SPLINE_CURVE_WITH_KNOTS('',1,(#8379,#8380),.UNSPECIFIED.,.F.,
  .F.,(2,2),(-0.457113132612,0.457113132612),.PIECEWISE_BEZIER_KNOTS.);
#8379 = CARTESIAN_POINT('',(0.319965865759,0.326457134637));
#8380 = CARTESIAN_POINT('',(-0.319965865759,-0.326457134637));
#8381 = ( GEOMETRIC_REPRESENTATION_CONTEXT(2) 
PARAMETRIC_REPRESENTATION_CONTEXT() REPRESENTATION_CONTEXT('2D SPACE',''
  ) );
#8382 = PCURVE('',#8383,#8388);
#8383 = PLANE('',#8384);
#8384 = AXIS2_PLACEMENT_3D('',#8385,#8386,#8387);
#8385 = CARTESIAN_POINT('',(2.621568142792,-2.621568142792,11.77475));
#8386 = DIRECTION('',(-0.163590330977,0.163590330977,0.972870190324));
#8387 = DIRECTION('',(0.986155320523,3.469446951954E-18,0.165824255778)
  );
#8388 = DEFINITIONAL_REPRESENTATION('',(#8389),#8392);
#8389 = B_SPLINE_CURVE_WITH_KNOTS('',1,(#8390,#8391),.UNSPECIFIED.,.F.,
  .F.,(2,2),(-0.457113132612,0.457113132612),.PIECEWISE_BEZIER_KNOTS.);
#8390 = CARTESIAN_POINT('',(0.318752810608,0.327641666667));
#8391 = CARTESIAN_POINT('',(-0.318752810608,-0.327641666667));
#8392 = ( GEOMETRIC_REPRESENTATION_CONTEXT(2) 
PARAMETRIC_REPRESENTATION_CONTEXT() REPRESENTATION_CONTEXT('2D SPACE',''
  ) );
#8393 = ORIENTED_EDGE('',*,*,#8394,.T.);
#8394 = EDGE_CURVE('',#8369,#8395,#8397,.T.);
#8395 = VERTEX_POINT('',#8396);
#8396 = CARTESIAN_POINT('',(2.441763333416,-2.801372952169,11.77475));
#8397 = SURFACE_CURVE('',#8398,(#8403,#8414),.PCURVE_S1.);
#8398 = CIRCLE('',#8399,0.2542824);
#8399 = AXIS2_PLACEMENT_3D('',#8400,#8401,#8402);
#8400 = CARTESIAN_POINT('',(2.621568142792,-2.621568142792,11.77475));
#8401 = DIRECTION('',(0.140307871841,-0.140307871841,-0.980116014663));
#8402 = DIRECTION('',(0.707106781187,0.707106781187,0.));
#8403 = PCURVE('',#5934,#8404);
#8404 = DEFINITIONAL_REPRESENTATION('',(#8405),#8413);
#8405 = ( BOUNDED_CURVE() B_SPLINE_CURVE(2,(#8406,#8407,#8408,#8409,
#8410,#8411,#8412),.UNSPECIFIED.,.T.,.F.) B_SPLINE_CURVE_WITH_KNOTS((1,2
    ,2,2,2,1),(-2.094395102393,0.,2.094395102393,4.188790204786,
6.28318530718,8.377580409573),.UNSPECIFIED.) CURVE() 
GEOMETRIC_REPRESENTATION_ITEM() RATIONAL_B_SPLINE_CURVE((1.,0.5,1.,0.5,
1.,0.5,1.)) REPRESENTATION_ITEM('') );
#8406 = CARTESIAN_POINT('',(0.177990266432,0.181601222477));
#8407 = CARTESIAN_POINT('',(0.492532810479,-0.126686962236));
#8408 = CARTESIAN_POINT('',(6.827613880738E-02,-0.244944703595));
#8409 = CARTESIAN_POINT('',(-0.355980532864,-0.363202444954));
#8410 = CARTESIAN_POINT('',(-0.24626640524,6.334348111807E-02));
#8411 = CARTESIAN_POINT('',(-0.136552277615,0.48988940719));
#8412 = CARTESIAN_POINT('',(0.177990266432,0.181601222477));
#8413 = ( GEOMETRIC_REPRESENTATION_CONTEXT(2) 
PARAMETRIC_REPRESENTATION_CONTEXT() REPRESENTATION_CONTEXT('2D SPACE',''
  ) );
#8414 = PCURVE('',#8415,#8420);
#8415 = SPHERICAL_SURFACE('',#8416,0.2542824);
#8416 = AXIS2_PLACEMENT_3D('',#8417,#8418,#8419);
#8417 = CARTESIAN_POINT('',(2.621568142792,-2.621568142792,11.77475));
#8418 = DIRECTION('',(0.,0.,1.));
#8419 = DIRECTION('',(1.,0.,-0.));
#8420 = DEFINITIONAL_REPRESENTATION('',(#8421),#8439);
#8421 = B_SPLINE_CURVE_WITH_KNOTS('',6,(#8422,#8423,#8424,#8425,#8426,
    #8427,#8428,#8429,#8430,#8431,#8432,#8433,#8434,#8435,#8436,#8437,
    #8438),.UNSPECIFIED.,.F.,.F.,(7,5,5,7),(0.,0.795439654338,
    1.968516153964,3.14159265359),.UNSPECIFIED.);
#8422 = CARTESIAN_POINT('',(7.068583470577,0.));
#8423 = CARTESIAN_POINT('',(6.938646279925,2.63058913796E-02));
#8424 = CARTESIAN_POINT('',(6.808710292005,5.261121677001E-02));
#8425 = CARTESIAN_POINT('',(6.678446308622,7.811919649362E-02));
#8426 = CARTESIAN_POINT('',(6.547539508623,0.102025740873));
#8427 = CARTESIAN_POINT('',(6.415785322531,0.123587232135));
#8428 = CARTESIAN_POINT('',(6.087633122911,0.169620284176));
#8429 = CARTESIAN_POINT('',(5.890242986932,0.190613054635));
#8430 = CARTESIAN_POINT('',(5.690958243892,0.203217619252));
#8431 = CARTESIAN_POINT('',(5.490712437178,0.206058982332));
#8432 = CARTESIAN_POINT('',(5.291105268525,0.199257326392));
#8433 = CARTESIAN_POINT('',(4.894584910447,0.168689799089));
#8434 = CARTESIAN_POINT('',(4.697674953639,0.144923804847));
#8435 = CARTESIAN_POINT('',(4.502891460597,0.113820751242));
#8436 = CARTESIAN_POINT('',(4.310244264969,7.758893836008E-02));
#8437 = CARTESIAN_POINT('',(4.118615994272,3.879467513451E-02));
#8438 = CARTESIAN_POINT('',(3.926990816987,0.));
#8439 = ( GEOMETRIC_REPRESENTATION_CONTEXT(2) 
PARAMETRIC_REPRESENTATION_CONTEXT() REPRESENTATION_CONTEXT('2D SPACE',''
  ) );
#8440 = ORIENTED_EDGE('',*,*,#8441,.T.);
#8441 = EDGE_CURVE('',#8395,#5918,#8442,.T.);
#8442 = SURFACE_CURVE('',#8443,(#8447,#8453),.PCURVE_S1.);
#8443 = LINE('',#8444,#8445);
#8444 = CARTESIAN_POINT('',(2.621568142792,-2.621568142792,11.77475));
#8445 = VECTOR('',#8446,1.);
#8446 = DIRECTION('',(-0.707106781187,-0.707106781187,3.087665650978E-15
    ));
#8447 = PCURVE('',#5934,#8448);
#8448 = DEFINITIONAL_REPRESENTATION('',(#8449),#8452);
#8449 = B_SPLINE_CURVE_WITH_KNOTS('',1,(#8450,#8451),.UNSPECIFIED.,.F.,
  .F.,(2,2),(-0.457113132612,0.457113132612),.PIECEWISE_BEZIER_KNOTS.);
#8450 = CARTESIAN_POINT('',(0.319965865759,0.326457134637));
#8451 = CARTESIAN_POINT('',(-0.319965865759,-0.326457134637));
#8452 = ( GEOMETRIC_REPRESENTATION_CONTEXT(2) 
PARAMETRIC_REPRESENTATION_CONTEXT() REPRESENTATION_CONTEXT('2D SPACE',''
  ) );
#8453 = PCURVE('',#8383,#8454);
#8454 = DEFINITIONAL_REPRESENTATION('',(#8455),#8458);
#8455 = B_SPLINE_CURVE_WITH_KNOTS('',1,(#8456,#8457),.UNSPECIFIED.,.F.,
  .F.,(2,2),(-0.457113132612,0.457113132612),.PIECEWISE_BEZIER_KNOTS.);
#8456 = CARTESIAN_POINT('',(0.318752810608,0.327641666667));
#8457 = CARTESIAN_POINT('',(-0.318752810608,-0.327641666667));
#8458 = ( GEOMETRIC_REPRESENTATION_CONTEXT(2) 
PARAMETRIC_REPRESENTATION_CONTEXT() REPRESENTATION_CONTEXT('2D SPACE',''
  ) );
#8459 = ADVANCED_FACE('',(#8460),#5966,.T.);
#8460 = FACE_BOUND('',#8461,.T.);
#8461 = EDGE_LOOP('',(#8462,#8489,#8490));
#8462 = ORIENTED_EDGE('',*,*,#8463,.F.);
#8463 = EDGE_CURVE('',#6094,#5918,#8464,.T.);
#8464 = SURFACE_CURVE('',#8465,(#8470,#8477),.PCURVE_S1.);
#8465 = ELLIPSE('',#8466,0.327828671407,0.327642012604);
#8466 = AXIS2_PLACEMENT_3D('',#8467,#8468,#8469);
#8467 = CARTESIAN_POINT('',(2.621898301888,-2.621898301888,
    11.774844527422));
#8468 = DIRECTION('',(-0.140307871841,0.140307871841,0.980116014663));
#8469 = DIRECTION('',(0.693046680318,-0.693046680318,0.198425295265));
#8470 = PCURVE('',#5966,#8471);
#8471 = DEFINITIONAL_REPRESENTATION('',(#8472),#8476);
#8472 = ELLIPSE('',#8473,0.327828671407,0.327642012604);
#8473 = AXIS2_PLACEMENT_2D('',#8474,#8475);
#8474 = CARTESIAN_POINT('',(3.402226666619E-04,-3.334576841466E-04));
#8475 = DIRECTION('',(0.714171419167,-0.69997084514));
#8476 = ( GEOMETRIC_REPRESENTATION_CONTEXT(2) 
PARAMETRIC_REPRESENTATION_CONTEXT() REPRESENTATION_CONTEXT('2D SPACE',''
  ) );
#8477 = PCURVE('',#6147,#8478);
#8478 = DEFINITIONAL_REPRESENTATION('',(#8479),#8488);
#8479 = B_SPLINE_CURVE_WITH_KNOTS('',7,(#8480,#8481,#8482,#8483,#8484,
    #8485,#8486,#8487),.UNSPECIFIED.,.F.,.F.,(8,8),(3.858631376163,
    4.710935818502),.PIECEWISE_BEZIER_KNOTS.);
#8480 = CARTESIAN_POINT('',(-3.087939265594,-8.313840608446E-03));
#8481 = CARTESIAN_POINT('',(-3.209830426928,-7.429614986626E-03));
#8482 = CARTESIAN_POINT('',(-3.331705034733,-6.401239916821E-03));
#8483 = CARTESIAN_POINT('',(-3.453559856834,-5.250123791115E-03));
#8484 = CARTESIAN_POINT('',(-3.575392266709,-4.002972484137E-03));
#8485 = CARTESIAN_POINT('',(-3.697200441613,-2.690524323863E-03));
#8486 = CARTESIAN_POINT('',(-3.818983486081,-1.34553322715E-03));
#8487 = CARTESIAN_POINT('',(-3.940741392114,1.76829120537E-15));
#8488 = ( GEOMETRIC_REPRESENTATION_CONTEXT(2) 
PARAMETRIC_REPRESENTATION_CONTEXT() REPRESENTATION_CONTEXT('2D SPACE',''
  ) );
#8489 = ORIENTED_EDGE('',*,*,#6093,.F.);
#8490 = ORIENTED_EDGE('',*,*,#5950,.T.);
#8491 = ADVANCED_FACE('',(#8492),#6074,.T.);
#8492 = FACE_BOUND('',#8493,.T.);
#8493 = EDGE_LOOP('',(#8494,#8521,#8522));
#8494 = ORIENTED_EDGE('',*,*,#8495,.F.);
#8495 = EDGE_CURVE('',#5916,#6369,#8496,.T.);
#8496 = SURFACE_CURVE('',#8497,(#8502,#8509),.PCURVE_S1.);
#8497 = ELLIPSE('',#8498,0.327828671407,0.327642012604);
#8498 = AXIS2_PLACEMENT_3D('',#8499,#8500,#8501);
#8499 = CARTESIAN_POINT('',(2.621898301888,-2.621898301888,
    11.774844527422));
#8500 = DIRECTION('',(-0.140307871841,0.140307871841,0.980116014663));
#8501 = DIRECTION('',(0.693046680318,-0.693046680318,0.198425295265));
#8502 = PCURVE('',#6074,#8503);
#8503 = DEFINITIONAL_REPRESENTATION('',(#8504),#8508);
#8504 = ELLIPSE('',#8505,0.327828671407,0.327642012604);
#8505 = AXIS2_PLACEMENT_2D('',#8506,#8507);
#8506 = CARTESIAN_POINT('',(3.402226666619E-04,-3.334576841466E-04));
#8507 = DIRECTION('',(0.714171419167,-0.69997084514));
#8508 = ( GEOMETRIC_REPRESENTATION_CONTEXT(2) 
PARAMETRIC_REPRESENTATION_CONTEXT() REPRESENTATION_CONTEXT('2D SPACE',''
  ) );
#8509 = PCURVE('',#6147,#8510);
#8510 = DEFINITIONAL_REPRESENTATION('',(#8511),#8520);
#8511 = B_SPLINE_CURVE_WITH_KNOTS('',7,(#8512,#8513,#8514,#8515,#8516,
    #8517,#8518,#8519),.UNSPECIFIED.,.F.,.F.,(8,8),(1.572249488678,
    2.424553931016),.PIECEWISE_BEZIER_KNOTS.);
#8512 = CARTESIAN_POINT('',(-7.082334045704,1.796937720188E-15));
#8513 = CARTESIAN_POINT('',(-7.204091951738,-1.34553322715E-03));
#8514 = CARTESIAN_POINT('',(-7.325874996206,-2.690524323863E-03));
#8515 = CARTESIAN_POINT('',(-7.44768317111,-4.002972484137E-03));
#8516 = CARTESIAN_POINT('',(-7.569515580984,-5.250123791115E-03));
#8517 = CARTESIAN_POINT('',(-7.691370403085,-6.40123991682E-03));
#8518 = CARTESIAN_POINT('',(-7.813245010891,-7.429614986625E-03));
#8519 = CARTESIAN_POINT('',(-7.935136172225,-8.313840608446E-03));
#8520 = ( GEOMETRIC_REPRESENTATION_CONTEXT(2) 
PARAMETRIC_REPRESENTATION_CONTEXT() REPRESENTATION_CONTEXT('2D SPACE',''
  ) );
#8521 = ORIENTED_EDGE('',*,*,#6060,.T.);
#8522 = ORIENTED_EDGE('',*,*,#6403,.F.);
#8523 = ADVANCED_FACE('',(#8524),#6147,.T.);
#8524 = FACE_BOUND('',#8525,.T.);
#8525 = EDGE_LOOP('',(#8526,#8561,#8582,#8583,#8584,#8606,#8607,#8608));
#8526 = ORIENTED_EDGE('',*,*,#8527,.T.);
#8527 = EDGE_CURVE('',#8528,#8530,#8532,.T.);
#8528 = VERTEX_POINT('',#8529);
#8529 = CARTESIAN_POINT('',(2.738263153403,-2.311010380029,12.3512));
#8530 = VERTEX_POINT('',#8531);
#8531 = CARTESIAN_POINT('',(2.311010380029,-2.738263153403,12.3512));
#8532 = SURFACE_CURVE('',#8533,(#8538,#8545),.PCURVE_S1.);
#8533 = CIRCLE('',#8534,0.302113333333);
#8534 = AXIS2_PLACEMENT_3D('',#8535,#8536,#8537);
#8535 = CARTESIAN_POINT('',(2.524636766716,-2.524636766716,12.3512));
#8536 = DIRECTION('',(0.163590330977,-0.163590330977,-0.972870190324));
#8537 = DIRECTION('',(0.707106781187,0.707106781187,1.176836406103E-14)
  );
#8538 = PCURVE('',#6147,#8539);
#8539 = DEFINITIONAL_REPRESENTATION('',(#8540),#8544);
#8540 = LINE('',#8541,#8542);
#8541 = CARTESIAN_POINT('',(-7.082334045704,-0.592525093001));
#8542 = VECTOR('',#8543,1.);
#8543 = DIRECTION('',(1.,-0.));
#8544 = ( GEOMETRIC_REPRESENTATION_CONTEXT(2) 
PARAMETRIC_REPRESENTATION_CONTEXT() REPRESENTATION_CONTEXT('2D SPACE',''
  ) );
#8545 = PCURVE('',#8546,#8551);
#8546 = PLANE('',#8547);
#8547 = AXIS2_PLACEMENT_3D('',#8548,#8549,#8550);
#8548 = CARTESIAN_POINT('',(2.524636766716,-2.524636766716,12.3512));
#8549 = DIRECTION('',(-0.163590330977,0.163590330977,0.972870190324));
#8550 = DIRECTION('',(0.986155320523,3.469446951954E-18,0.165824255778)
  );
#8551 = DEFINITIONAL_REPRESENTATION('',(#8552),#8560);
#8552 = ( BOUNDED_CURVE() B_SPLINE_CURVE(2,(#8553,#8554,#8555,#8556,
#8557,#8558,#8559),.UNSPECIFIED.,.T.,.F.) B_SPLINE_CURVE_WITH_KNOTS((1,2
    ,2,2,2,1),(-2.094395102393,0.,2.094395102393,4.188790204786,
6.28318530718,8.377580409573),.UNSPECIFIED.) CURVE() 
GEOMETRIC_REPRESENTATION_ITEM() RATIONAL_B_SPLINE_CURVE((1.,0.5,1.,0.5,
1.,0.5,1.)) REPRESENTATION_ITEM('') );
#8553 = CARTESIAN_POINT('',(0.210668797835,0.216543584057));
#8554 = CARTESIAN_POINT('',(0.585733287476,-0.148345477363));
#8555 = CARTESIAN_POINT('',(8.219784590248E-02,-0.290716322739));
#8556 = CARTESIAN_POINT('',(-0.421337595671,-0.433087168115));
#8557 = CARTESIAN_POINT('',(-0.292866643738,7.417273868149E-02));
#8558 = CARTESIAN_POINT('',(-0.164395691805,0.581432645478));
#8559 = CARTESIAN_POINT('',(0.210668797835,0.216543584057));
#8560 = ( GEOMETRIC_REPRESENTATION_CONTEXT(2) 
PARAMETRIC_REPRESENTATION_CONTEXT() REPRESENTATION_CONTEXT('2D SPACE',''
  ) );
#8561 = ORIENTED_EDGE('',*,*,#8562,.F.);
#8562 = EDGE_CURVE('',#6124,#8530,#8563,.T.);
#8563 = SURFACE_CURVE('',#8564,(#8569,#8575),.PCURVE_S1.);
#8564 = CIRCLE('',#8565,0.302113333333);
#8565 = AXIS2_PLACEMENT_3D('',#8566,#8567,#8568);
#8566 = CARTESIAN_POINT('',(2.524636766716,-2.524636766716,12.3512));
#8567 = DIRECTION('',(-0.163590330977,0.163590330977,0.972870190324));
#8568 = DIRECTION('',(0.986155320523,1.040834085586E-17,0.165824255778)
  );
#8569 = PCURVE('',#6147,#8570);
#8570 = DEFINITIONAL_REPRESENTATION('',(#8571),#8574);
#8571 = B_SPLINE_CURVE_WITH_KNOTS('',1,(#8572,#8573),.UNSPECIFIED.,.F.,
  .F.,(2,2),(3.185083487642,3.940741392114),.PIECEWISE_BEZIER_KNOTS.);
#8572 = CARTESIAN_POINT('',(-3.185083487642,-0.592525093001));
#8573 = CARTESIAN_POINT('',(-3.940741392114,-0.592525093001));
#8574 = ( GEOMETRIC_REPRESENTATION_CONTEXT(2) 
PARAMETRIC_REPRESENTATION_CONTEXT() REPRESENTATION_CONTEXT('2D SPACE',''
  ) );
#8575 = PCURVE('',#6186,#8576);
#8576 = DEFINITIONAL_REPRESENTATION('',(#8577),#8581);
#8577 = CIRCLE('',#8578,0.302113333333);
#8578 = AXIS2_PLACEMENT_2D('',#8579,#8580);
#8579 = CARTESIAN_POINT('',(0.,0.));
#8580 = DIRECTION('',(1.,0.));
#8581 = ( GEOMETRIC_REPRESENTATION_CONTEXT(2) 
PARAMETRIC_REPRESENTATION_CONTEXT() REPRESENTATION_CONTEXT('2D SPACE',''
  ) );
#8582 = ORIENTED_EDGE('',*,*,#6123,.T.);
#8583 = ORIENTED_EDGE('',*,*,#8463,.T.);
#8584 = ORIENTED_EDGE('',*,*,#8585,.T.);
#8585 = EDGE_CURVE('',#5918,#5916,#8586,.T.);
#8586 = SURFACE_CURVE('',#8587,(#8592,#8599),.PCURVE_S1.);
#8587 = CIRCLE('',#8588,0.327641666667);
#8588 = AXIS2_PLACEMENT_3D('',#8589,#8590,#8591);
#8589 = CARTESIAN_POINT('',(2.621568142792,-2.621568142792,11.77475));
#8590 = DIRECTION('',(-0.163590330977,0.163590330977,0.972870190324));
#8591 = DIRECTION('',(-0.707106781187,-0.707106781187,1.085243006571E-14
    ));
#8592 = PCURVE('',#6147,#8593);
#8593 = DEFINITIONAL_REPRESENTATION('',(#8594),#8598);
#8594 = LINE('',#8595,#8596);
#8595 = CARTESIAN_POINT('',(-3.940741392114,-0.));
#8596 = VECTOR('',#8597,1.);
#8597 = DIRECTION('',(-1.,-0.));
#8598 = ( GEOMETRIC_REPRESENTATION_CONTEXT(2) 
PARAMETRIC_REPRESENTATION_CONTEXT() REPRESENTATION_CONTEXT('2D SPACE',''
  ) );
#8599 = PCURVE('',#8383,#8600);
#8600 = DEFINITIONAL_REPRESENTATION('',(#8601),#8605);
#8601 = CIRCLE('',#8602,0.327641666667);
#8602 = AXIS2_PLACEMENT_2D('',#8603,#8604);
#8603 = CARTESIAN_POINT('',(0.,0.));
#8604 = DIRECTION('',(-0.697317114445,-0.716762751475));
#8605 = ( GEOMETRIC_REPRESENTATION_CONTEXT(2) 
PARAMETRIC_REPRESENTATION_CONTEXT() REPRESENTATION_CONTEXT('2D SPACE',''
  ) );
#8606 = ORIENTED_EDGE('',*,*,#8495,.T.);
#8607 = ORIENTED_EDGE('',*,*,#6368,.T.);
#8608 = ORIENTED_EDGE('',*,*,#8609,.F.);
#8609 = EDGE_CURVE('',#8528,#6334,#8610,.T.);
#8610 = SURFACE_CURVE('',#8611,(#8616,#8622),.PCURVE_S1.);
#8611 = CIRCLE('',#8612,0.302113333333);
#8612 = AXIS2_PLACEMENT_3D('',#8613,#8614,#8615);
#8613 = CARTESIAN_POINT('',(2.524636766716,-2.524636766716,12.3512));
#8614 = DIRECTION('',(-0.163590330977,0.163590330977,0.972870190324));
#8615 = DIRECTION('',(0.986155320523,1.040834085586E-17,0.165824255778)
  );
#8616 = PCURVE('',#6147,#8617);
#8617 = DEFINITIONAL_REPRESENTATION('',(#8618),#8621);
#8618 = B_SPLINE_CURVE_WITH_KNOTS('',1,(#8619,#8620),.UNSPECIFIED.,.F.,
  .F.,(2,2),(0.799148738524,1.554806642996),.PIECEWISE_BEZIER_KNOTS.);
#8619 = CARTESIAN_POINT('',(-7.082334045704,-0.592525093001));
#8620 = CARTESIAN_POINT('',(-7.837991950176,-0.592525093001));
#8621 = ( GEOMETRIC_REPRESENTATION_CONTEXT(2) 
PARAMETRIC_REPRESENTATION_CONTEXT() REPRESENTATION_CONTEXT('2D SPACE',''
  ) );
#8622 = PCURVE('',#6356,#8623);
#8623 = DEFINITIONAL_REPRESENTATION('',(#8624),#8628);
#8624 = CIRCLE('',#8625,0.302113333333);
#8625 = AXIS2_PLACEMENT_2D('',#8626,#8627);
#8626 = CARTESIAN_POINT('',(0.,0.));
#8627 = DIRECTION('',(1.,0.));
#8628 = ( GEOMETRIC_REPRESENTATION_CONTEXT(2) 
PARAMETRIC_REPRESENTATION_CONTEXT() REPRESENTATION_CONTEXT('2D SPACE',''
  ) );
#8629 = ADVANCED_FACE('',(#8630),#6356,.T.);
#8630 = FACE_BOUND('',#8631,.T.);
#8631 = EDGE_LOOP('',(#8632,#8657,#8658));
#8632 = ORIENTED_EDGE('',*,*,#8633,.F.);
#8633 = EDGE_CURVE('',#8528,#6284,#8634,.T.);
#8634 = SURFACE_CURVE('',#8635,(#8640,#8647),.PCURVE_S1.);
#8635 = ELLIPSE('',#8636,0.30228035671,0.30211363713);
#8636 = AXIS2_PLACEMENT_3D('',#8637,#8638,#8639);
#8637 = CARTESIAN_POINT('',(2.5249316642,-2.5249316642,12.351299175363)
  );
#8638 = DIRECTION('',(-0.163590330977,0.163590330977,0.972870190324));
#8639 = DIRECTION('',(0.687923108793,-0.687923108793,0.231351664741));
#8640 = PCURVE('',#6356,#8641);
#8641 = DEFINITIONAL_REPRESENTATION('',(#8642),#8646);
#8642 = ELLIPSE('',#8643,0.30228035671,0.30211363713);
#8643 = AXIS2_PLACEMENT_2D('',#8644,#8645);
#8644 = CARTESIAN_POINT('',(3.072604031326E-04,-2.989244868747E-04));
#8645 = DIRECTION('',(0.716762751475,-0.697317114445));
#8646 = ( GEOMETRIC_REPRESENTATION_CONTEXT(2) 
PARAMETRIC_REPRESENTATION_CONTEXT() REPRESENTATION_CONTEXT('2D SPACE',''
  ) );
#8647 = PCURVE('',#6232,#8648);
#8648 = DEFINITIONAL_REPRESENTATION('',(#8649),#8656);
#8649 = B_SPLINE_CURVE_WITH_KNOTS('',5,(#8650,#8651,#8652,#8653,#8654,
    #8655),.UNSPECIFIED.,.F.,.F.,(6,6),(1.572214474242,2.375165071267),
  .PIECEWISE_BEZIER_KNOTS.);
#8650 = CARTESIAN_POINT('',(-5.479800644504,-1.810994998698E-15));
#8651 = CARTESIAN_POINT('',(-5.640390925394,-1.610555959984E-03));
#8652 = CARTESIAN_POINT('',(-5.801026911541,-3.220681820861E-03));
#8653 = CARTESIAN_POINT('',(-5.961708692393,-4.743671279321E-03));
#8654 = CARTESIAN_POINT('',(-6.122431119066,-6.093567052038E-03));
#8655 = CARTESIAN_POINT('',(-6.28318530718,-7.210595231909E-03));
#8656 = ( GEOMETRIC_REPRESENTATION_CONTEXT(2) 
PARAMETRIC_REPRESENTATION_CONTEXT() REPRESENTATION_CONTEXT('2D SPACE',''
  ) );
#8657 = ORIENTED_EDGE('',*,*,#8609,.T.);
#8658 = ORIENTED_EDGE('',*,*,#6333,.F.);
#8659 = ADVANCED_FACE('',(#8660),#6232,.T.);
#8660 = FACE_BOUND('',#8661,.T.);
#8661 = EDGE_LOOP('',(#8662,#8688,#8715,#8716,#8717,#8718,#8750,#8779,
    #8809,#8810));
#8662 = ORIENTED_EDGE('',*,*,#8663,.T.);
#8663 = EDGE_CURVE('',#6164,#8530,#8664,.T.);
#8664 = SURFACE_CURVE('',#8665,(#8670,#8681),.PCURVE_S1.);
#8665 = ELLIPSE('',#8666,0.30228035671,0.30211363713);
#8666 = AXIS2_PLACEMENT_3D('',#8667,#8668,#8669);
#8667 = CARTESIAN_POINT('',(2.5249316642,-2.5249316642,12.351299175363)
  );
#8668 = DIRECTION('',(-0.163590330977,0.163590330977,0.972870190324));
#8669 = DIRECTION('',(0.687923108793,-0.687923108793,0.231351664741));
#8670 = PCURVE('',#6232,#8671);
#8671 = DEFINITIONAL_REPRESENTATION('',(#8672),#8680);
#8672 = B_SPLINE_CURVE_WITH_KNOTS('',6,(#8673,#8674,#8675,#8676,#8677,
    #8678,#8679),.UNSPECIFIED.,.F.,.F.,(7,7),(2.375165071267,
    4.710970832937),.PIECEWISE_BEZIER_KNOTS.);
#8673 = CARTESIAN_POINT('',(0.,-7.210595231909E-03));
#8674 = CARTESIAN_POINT('',(-0.389698694,-9.918483766354E-03));
#8675 = CARTESIAN_POINT('',(-0.779576055273,-1.131362290181E-02));
#8676 = CARTESIAN_POINT('',(-1.169527844033,-1.064979354208E-02));
#8677 = CARTESIAN_POINT('',(-1.559347896438,-7.803987717044E-03));
#8678 = CARTESIAN_POINT('',(-1.948906639165,-3.904293639774E-03));
#8679 = CARTESIAN_POINT('',(-2.338207990914,-3.550701714135E-17));
#8680 = ( GEOMETRIC_REPRESENTATION_CONTEXT(2) 
PARAMETRIC_REPRESENTATION_CONTEXT() REPRESENTATION_CONTEXT('2D SPACE',''
  ) );
#8681 = PCURVE('',#6186,#8682);
#8682 = DEFINITIONAL_REPRESENTATION('',(#8683),#8687);
#8683 = ELLIPSE('',#8684,0.30228035671,0.30211363713);
#8684 = AXIS2_PLACEMENT_2D('',#8685,#8686);
#8685 = CARTESIAN_POINT('',(3.072604031326E-04,-2.989244868747E-04));
#8686 = DIRECTION('',(0.716762751475,-0.697317114445));
#8687 = ( GEOMETRIC_REPRESENTATION_CONTEXT(2) 
PARAMETRIC_REPRESENTATION_CONTEXT() REPRESENTATION_CONTEXT('2D SPACE',''
  ) );
#8688 = ORIENTED_EDGE('',*,*,#8689,.T.);
#8689 = EDGE_CURVE('',#8530,#8528,#8690,.T.);
#8690 = SURFACE_CURVE('',#8691,(#8696,#8703),.PCURVE_S1.);
#8691 = CIRCLE('',#8692,0.302113333333);
#8692 = AXIS2_PLACEMENT_3D('',#8693,#8694,#8695);
#8693 = CARTESIAN_POINT('',(2.524636766716,-2.524636766716,12.3512));
#8694 = DIRECTION('',(-0.186324040178,0.186324040178,0.964658853742));
#8695 = DIRECTION('',(1.387778780781E-17,0.981852717803,-0.189645038276)
  );
#8696 = PCURVE('',#6232,#8697);
#8697 = DEFINITIONAL_REPRESENTATION('',(#8698),#8702);
#8698 = LINE('',#8699,#8700);
#8699 = CARTESIAN_POINT('',(-0.,-0.));
#8700 = VECTOR('',#8701,1.);
#8701 = DIRECTION('',(-1.,-0.));
#8702 = ( GEOMETRIC_REPRESENTATION_CONTEXT(2) 
PARAMETRIC_REPRESENTATION_CONTEXT() REPRESENTATION_CONTEXT('2D SPACE',''
  ) );
#8703 = PCURVE('',#8704,#8709);
#8704 = PLANE('',#8705);
#8705 = AXIS2_PLACEMENT_3D('',#8706,#8707,#8708);
#8706 = CARTESIAN_POINT('',(2.524636766716,-2.524636766716,12.3512));
#8707 = DIRECTION('',(-0.186324040178,0.186324040178,0.964658853742));
#8708 = DIRECTION('',(6.938893903907E-18,0.981852717803,-0.189645038276)
  );
#8709 = DEFINITIONAL_REPRESENTATION('',(#8710),#8714);
#8710 = CIRCLE('',#8711,0.302113333333);
#8711 = AXIS2_PLACEMENT_2D('',#8712,#8713);
#8712 = CARTESIAN_POINT('',(0.,0.));
#8713 = DIRECTION('',(1.,0.));
#8714 = ( GEOMETRIC_REPRESENTATION_CONTEXT(2) 
PARAMETRIC_REPRESENTATION_CONTEXT() REPRESENTATION_CONTEXT('2D SPACE',''
  ) );
#8715 = ORIENTED_EDGE('',*,*,#8633,.T.);
#8716 = ORIENTED_EDGE('',*,*,#6283,.T.);
#8717 = ORIENTED_EDGE('',*,*,#7556,.F.);
#8718 = ORIENTED_EDGE('',*,*,#8719,.F.);
#8719 = EDGE_CURVE('',#8720,#7557,#8722,.T.);
#8720 = VERTEX_POINT('',#8721);
#8721 = CARTESIAN_POINT('',(2.659079604569,-2.288627400662,
    12.951043641098));
#8722 = SURFACE_CURVE('',#8723,(#8730,#8740),.PCURVE_S1.);
#8723 = B_SPLINE_CURVE_WITH_KNOTS('',5,(#8724,#8725,#8726,#8727,#8728,
    #8729),.UNSPECIFIED.,.F.,.F.,(6,6),(0.,1.),
  .PIECEWISE_BEZIER_KNOTS.);
#8724 = CARTESIAN_POINT('',(2.659079604569,-2.288627400662,
    12.951043641098));
#8725 = CARTESIAN_POINT('',(2.662226967106,-2.284970585435,
    12.915673832205));
#8726 = CARTESIAN_POINT('',(2.665035430864,-2.281694813202,
    12.87995265264));
#8727 = CARTESIAN_POINT('',(2.667525190978,-2.278781981875,
    12.843938476651));
#8728 = CARTESIAN_POINT('',(2.669711415323,-2.276218184862,
    12.807675741849));
#8729 = CARTESIAN_POINT('',(2.67160597888,-2.273992351815,12.7711994));
#8730 = PCURVE('',#6232,#8731);
#8731 = DEFINITIONAL_REPRESENTATION('',(#8732),#8739);
#8732 = B_SPLINE_CURVE_WITH_KNOTS('',5,(#8733,#8734,#8735,#8736,#8737,
    #8738),.UNSPECIFIED.,.F.,.F.,(6,6),(0.,1.),
  .PIECEWISE_BEZIER_KNOTS.);
#8733 = CARTESIAN_POINT('',(-5.153030860468,-0.597568765127));
#8734 = CARTESIAN_POINT('',(-5.191718087411,-0.563543889107));
#8735 = CARTESIAN_POINT('',(-5.229524866677,-0.529172207777));
#8736 = CARTESIAN_POINT('',(-5.266558212818,-0.494509642386));
#8737 = CARTESIAN_POINT('',(-5.302905369806,-0.459598825063));
#8738 = CARTESIAN_POINT('',(-5.338645985154,-0.424473322417));
#8739 = ( GEOMETRIC_REPRESENTATION_CONTEXT(2) 
PARAMETRIC_REPRESENTATION_CONTEXT() REPRESENTATION_CONTEXT('2D SPACE',''
  ) );
#8740 = PCURVE('',#7606,#8741);
#8741 = DEFINITIONAL_REPRESENTATION('',(#8742),#8749);
#8742 = B_SPLINE_CURVE_WITH_KNOTS('',5,(#8743,#8744,#8745,#8746,#8747,
    #8748),.UNSPECIFIED.,.F.,.F.,(6,6),(0.,0.999996710196),
  .PIECEWISE_BEZIER_KNOTS.);
#8743 = CARTESIAN_POINT('',(-5.572521210642,-0.179843641098));
#8744 = CARTESIAN_POINT('',(-5.573896424528,-0.144473948565));
#8745 = CARTESIAN_POINT('',(-5.575126306182,-0.108752887671));
#8746 = CARTESIAN_POINT('',(-5.576218526552,-7.273883208944E-02));
#8747 = CARTESIAN_POINT('',(-5.577178909278,-3.647621903772E-02));
#8748 = CARTESIAN_POINT('',(-5.578012052419,8.202090020015E-16));
#8749 = ( GEOMETRIC_REPRESENTATION_CONTEXT(2) 
PARAMETRIC_REPRESENTATION_CONTEXT() REPRESENTATION_CONTEXT('2D SPACE',''
  ) );
#8750 = ORIENTED_EDGE('',*,*,#8751,.F.);
#8751 = EDGE_CURVE('',#8752,#8720,#8754,.T.);
#8752 = VERTEX_POINT('',#8753);
#8753 = CARTESIAN_POINT('',(2.288627400662,-2.659079604569,
    12.951043641098));
#8754 = SURFACE_CURVE('',#8755,(#8760,#8767),.PCURVE_S1.);
#8755 = CIRCLE('',#8756,0.276585);
#8756 = AXIS2_PLACEMENT_3D('',#8757,#8758,#8759);
#8757 = CARTESIAN_POINT('',(2.413295340113,-2.413295340113,12.92765));
#8758 = DIRECTION('',(-0.186324040178,0.186324040178,0.964658853742));
#8759 = DIRECTION('',(1.387778780781E-17,0.981852717803,-0.189645038276)
  );
#8760 = PCURVE('',#6232,#8761);
#8761 = DEFINITIONAL_REPRESENTATION('',(#8762),#8766);
#8762 = LINE('',#8763,#8764);
#8763 = CARTESIAN_POINT('',(-0.,-0.597568765127));
#8764 = VECTOR('',#8765,1.);
#8765 = DIRECTION('',(-1.,-0.));
#8766 = ( GEOMETRIC_REPRESENTATION_CONTEXT(2) 
PARAMETRIC_REPRESENTATION_CONTEXT() REPRESENTATION_CONTEXT('2D SPACE',''
  ) );
#8767 = PCURVE('',#8768,#8773);
#8768 = PLANE('',#8769);
#8769 = AXIS2_PLACEMENT_3D('',#8770,#8771,#8772);
#8770 = CARTESIAN_POINT('',(2.413295340113,-2.413295340113,12.92765));
#8771 = DIRECTION('',(-0.186324040178,0.186324040178,0.964658853742));
#8772 = DIRECTION('',(6.938893903907E-18,0.981852717803,-0.189645038276)
  );
#8773 = DEFINITIONAL_REPRESENTATION('',(#8774),#8778);
#8774 = CIRCLE('',#8775,0.276585);
#8775 = AXIS2_PLACEMENT_2D('',#8776,#8777);
#8776 = CARTESIAN_POINT('',(0.,0.));
#8777 = DIRECTION('',(1.,0.));
#8778 = ( GEOMETRIC_REPRESENTATION_CONTEXT(2) 
PARAMETRIC_REPRESENTATION_CONTEXT() REPRESENTATION_CONTEXT('2D SPACE',''
  ) );
#8779 = ORIENTED_EDGE('',*,*,#8780,.F.);
#8780 = EDGE_CURVE('',#7806,#8752,#8781,.T.);
#8781 = SURFACE_CURVE('',#8782,(#8789,#8799),.PCURVE_S1.);
#8782 = B_SPLINE_CURVE_WITH_KNOTS('',5,(#8783,#8784,#8785,#8786,#8787,
    #8788),.UNSPECIFIED.,.F.,.F.,(6,6),(0.,1.),
  .PIECEWISE_BEZIER_KNOTS.);
#8783 = CARTESIAN_POINT('',(2.273992351815,-2.67160597888,12.7711994));
#8784 = CARTESIAN_POINT('',(2.276218184912,-2.669711415281,
    12.807675742669));
#8785 = CARTESIAN_POINT('',(2.27878198194,-2.667525190923,
    12.843938477445));
#8786 = CARTESIAN_POINT('',(2.281694813255,-2.665035430818,
    12.879952653275));
#8787 = CARTESIAN_POINT('',(2.284970585489,-2.662226967059,
    12.91567383273));
#8788 = CARTESIAN_POINT('',(2.288627400662,-2.659079604569,
    12.951043641098));
#8789 = PCURVE('',#6232,#8790);
#8790 = DEFINITIONAL_REPRESENTATION('',(#8791),#8798);
#8791 = B_SPLINE_CURVE_WITH_KNOTS('',5,(#8792,#8793,#8794,#8795,#8796,
    #8797),.UNSPECIFIED.,.F.,.F.,(6,6),(0.,1.),
  .PIECEWISE_BEZIER_KNOTS.);
#8792 = CARTESIAN_POINT('',(-2.479362650264,-0.424473322417));
#8793 = CARTESIAN_POINT('',(-2.515103266415,-0.459598825853));
#8794 = CARTESIAN_POINT('',(-2.551450423417,-0.494509643151));
#8795 = CARTESIAN_POINT('',(-2.588483769399,-0.529172208388));
#8796 = CARTESIAN_POINT('',(-2.626290548581,-0.563543889612));
#8797 = CARTESIAN_POINT('',(-2.66497777495,-0.597568765127));
#8798 = ( GEOMETRIC_REPRESENTATION_CONTEXT(2) 
PARAMETRIC_REPRESENTATION_CONTEXT() REPRESENTATION_CONTEXT('2D SPACE',''
  ) );
#8799 = PCURVE('',#7822,#8800);
#8800 = DEFINITIONAL_REPRESENTATION('',(#8801),#8808);
#8801 = B_SPLINE_CURVE_WITH_KNOTS('',5,(#8802,#8803,#8804,#8805,#8806,
    #8807),.UNSPECIFIED.,.F.,.F.,(6,6),(0.,1.),
  .PIECEWISE_BEZIER_KNOTS.);
#8802 = CARTESIAN_POINT('',(-5.417562221441,5.999999377337E-07));
#8803 = CARTESIAN_POINT('',(-5.418395365668,-3.647574266861E-02));
#8804 = CARTESIAN_POINT('',(-5.419355750257,-7.273847744537E-02));
#8805 = CARTESIAN_POINT('',(-5.42044797331,-0.108752653275));
#8806 = CARTESIAN_POINT('',(-5.421677858532,-0.14447383273));
#8807 = CARTESIAN_POINT('',(-5.423053076922,-0.179843641098));
#8808 = ( GEOMETRIC_REPRESENTATION_CONTEXT(2) 
PARAMETRIC_REPRESENTATION_CONTEXT() REPRESENTATION_CONTEXT('2D SPACE',''
  ) );
#8809 = ORIENTED_EDGE('',*,*,#7834,.F.);
#8810 = ORIENTED_EDGE('',*,*,#6198,.T.);
#8811 = ADVANCED_FACE('',(#8812),#6186,.T.);
#8812 = FACE_BOUND('',#8813,.T.);
#8813 = EDGE_LOOP('',(#8814,#8815,#8816));
#8814 = ORIENTED_EDGE('',*,*,#6163,.F.);
#8815 = ORIENTED_EDGE('',*,*,#8562,.T.);
#8816 = ORIENTED_EDGE('',*,*,#8663,.F.);
#8817 = ADVANCED_FACE('',(#8818),#6482,.T.);
#8818 = FACE_BOUND('',#8819,.T.);
#8819 = EDGE_LOOP('',(#8820,#8847,#8848,#8849));
#8820 = ORIENTED_EDGE('',*,*,#8821,.F.);
#8821 = EDGE_CURVE('',#6466,#8822,#8824,.T.);
#8822 = VERTEX_POINT('',#8823);
#8823 = CARTESIAN_POINT('',(-2.297504328616,-2.620273713889,
    11.728173551917));
#8824 = SURFACE_CURVE('',#8825,(#8830,#8837),.PCURVE_S1.);
#8825 = ELLIPSE('',#8826,0.327828671407,0.327642012604);
#8826 = AXIS2_PLACEMENT_3D('',#8827,#8828,#8829);
#8827 = CARTESIAN_POINT('',(-2.621898301888,-2.621898301888,
    11.774844527422));
#8828 = DIRECTION('',(0.140307871841,0.140307871841,0.980116014663));
#8829 = DIRECTION('',(-0.693046680318,-0.693046680318,0.198425295265));
#8830 = PCURVE('',#6482,#8831);
#8831 = DEFINITIONAL_REPRESENTATION('',(#8832),#8836);
#8832 = ELLIPSE('',#8833,0.327828671407,0.327642012604);
#8833 = AXIS2_PLACEMENT_2D('',#8834,#8835);
#8834 = CARTESIAN_POINT('',(-3.402226666619E-04,-3.334576841466E-04));
#8835 = DIRECTION('',(-0.714171419167,-0.69997084514));
#8836 = ( GEOMETRIC_REPRESENTATION_CONTEXT(2) 
PARAMETRIC_REPRESENTATION_CONTEXT() REPRESENTATION_CONTEXT('2D SPACE',''
  ) );
#8837 = PCURVE('',#6666,#8838);
#8838 = DEFINITIONAL_REPRESENTATION('',(#8839),#8846);
#8839 = B_SPLINE_CURVE_WITH_KNOTS('',5,(#8840,#8841,#8842,#8843,#8844,
    #8845),.UNSPECIFIED.,.F.,.F.,(6,6),(1.572249488678,2.370957852616),
  .PIECEWISE_BEZIER_KNOTS.);
#8840 = CARTESIAN_POINT('',(-5.484036568655,-7.161628704461E-18));
#8841 = CARTESIAN_POINT('',(-5.643778410105,-1.765289519491E-03));
#8842 = CARTESIAN_POINT('',(-5.803566591945,-3.53009697057E-03));
#8843 = CARTESIAN_POINT('',(-5.963401203739,-5.200391243121E-03));
#8844 = CARTESIAN_POINT('',(-6.12327708311,-6.682938972572E-03));
#8845 = CARTESIAN_POINT('',(-6.28318530718,-7.912624760248E-03));
#8846 = ( GEOMETRIC_REPRESENTATION_CONTEXT(2) 
PARAMETRIC_REPRESENTATION_CONTEXT() REPRESENTATION_CONTEXT('2D SPACE',''
  ) );
#8847 = ORIENTED_EDGE('',*,*,#6465,.F.);
#8848 = ORIENTED_EDGE('',*,*,#6959,.F.);
#8849 = ORIENTED_EDGE('',*,*,#8850,.F.);
#8850 = EDGE_CURVE('',#8822,#6888,#8851,.T.);
#8851 = SURFACE_CURVE('',#8852,(#8857,#8864),.PCURVE_S1.);
#8852 = ELLIPSE('',#8853,0.327828671407,0.327642012604);
#8853 = AXIS2_PLACEMENT_3D('',#8854,#8855,#8856);
#8854 = CARTESIAN_POINT('',(-2.621898301888,-2.621898301888,
    11.774844527422));
#8855 = DIRECTION('',(0.140307871841,0.140307871841,0.980116014663));
#8856 = DIRECTION('',(-0.693046680318,-0.693046680318,0.198425295265));
#8857 = PCURVE('',#6482,#8858);
#8858 = DEFINITIONAL_REPRESENTATION('',(#8859),#8863);
#8859 = ELLIPSE('',#8860,0.327828671407,0.327642012604);
#8860 = AXIS2_PLACEMENT_2D('',#8861,#8862);
#8861 = CARTESIAN_POINT('',(-3.402226666619E-04,-3.334576841466E-04));
#8862 = DIRECTION('',(-0.714171419167,-0.69997084514));
#8863 = ( GEOMETRIC_REPRESENTATION_CONTEXT(2) 
PARAMETRIC_REPRESENTATION_CONTEXT() REPRESENTATION_CONTEXT('2D SPACE',''
  ) );
#8864 = PCURVE('',#6666,#8865);
#8865 = DEFINITIONAL_REPRESENTATION('',(#8866),#8874);
#8866 = B_SPLINE_CURVE_WITH_KNOTS('',6,(#8867,#8868,#8869,#8870,#8871,
    #8872,#8873),.UNSPECIFIED.,.F.,.F.,(7,7),(2.370957852616,
    2.424553931016),.PIECEWISE_BEZIER_KNOTS.);
#8867 = CARTESIAN_POINT('',(-6.28318530718,-7.912624760248E-03));
#8868 = CARTESIAN_POINT('',(-6.292127300383,-7.981388215158E-03));
#8869 = CARTESIAN_POINT('',(-6.301069390398,-8.049393185862E-03));
#8870 = CARTESIAN_POINT('',(-6.310011575941,-8.116629696363E-03));
#8871 = CARTESIAN_POINT('',(-6.318953855699,-8.183087960211E-03));
#8872 = CARTESIAN_POINT('',(-6.327896228329,-8.248758384938E-03));
#8873 = CARTESIAN_POINT('',(-6.336838692464,-8.313631576167E-03));
#8874 = ( GEOMETRIC_REPRESENTATION_CONTEXT(2) 
PARAMETRIC_REPRESENTATION_CONTEXT() REPRESENTATION_CONTEXT('2D SPACE',''
  ) );
#8875 = ADVANCED_FACE('',(#8876),#6514,.T.);
#8876 = FACE_BOUND('',#8877,.T.);
#8877 = EDGE_LOOP('',(#8878,#8904,#8905,#8926));
#8878 = ORIENTED_EDGE('',*,*,#8879,.T.);
#8879 = EDGE_CURVE('',#8880,#6499,#8882,.T.);
#8880 = VERTEX_POINT('',#8881);
#8881 = CARTESIAN_POINT('',(-2.801372952169,-2.441763333416,11.77475));
#8882 = SURFACE_CURVE('',#8883,(#8887,#8893),.PCURVE_S1.);
#8883 = LINE('',#8884,#8885);
#8884 = CARTESIAN_POINT('',(-2.621568142792,-2.621568142792,11.77475));
#8885 = VECTOR('',#8886,1.);
#8886 = DIRECTION('',(-0.707106781187,0.707106781187,0.));
#8887 = PCURVE('',#6514,#8888);
#8888 = DEFINITIONAL_REPRESENTATION('',(#8889),#8892);
#8889 = B_SPLINE_CURVE_WITH_KNOTS('',1,(#8890,#8891),.UNSPECIFIED.,.F.,
  .F.,(2,2),(-0.457113132612,0.457113132612),.PIECEWISE_BEZIER_KNOTS.);
#8890 = CARTESIAN_POINT('',(0.319965865759,-0.326457134637));
#8891 = CARTESIAN_POINT('',(-0.319965865759,0.326457134637));
#8892 = ( GEOMETRIC_REPRESENTATION_CONTEXT(2) 
PARAMETRIC_REPRESENTATION_CONTEXT() REPRESENTATION_CONTEXT('2D SPACE',''
  ) );
#8893 = PCURVE('',#8894,#8899);
#8894 = PLANE('',#8895);
#8895 = AXIS2_PLACEMENT_3D('',#8896,#8897,#8898);
#8896 = CARTESIAN_POINT('',(-2.621568142792,-2.621568142792,11.77475));
#8897 = DIRECTION('',(0.163590330977,0.163590330977,0.972870190324));
#8898 = DIRECTION('',(0.986155320523,0.,-0.165824255778));
#8899 = DEFINITIONAL_REPRESENTATION('',(#8900),#8903);
#8900 = B_SPLINE_CURVE_WITH_KNOTS('',1,(#8901,#8902),.UNSPECIFIED.,.F.,
  .F.,(2,2),(-0.457113132612,0.457113132612),.PIECEWISE_BEZIER_KNOTS.);
#8901 = CARTESIAN_POINT('',(0.318752810608,-0.327641666667));
#8902 = CARTESIAN_POINT('',(-0.318752810608,0.327641666667));
#8903 = ( GEOMETRIC_REPRESENTATION_CONTEXT(2) 
PARAMETRIC_REPRESENTATION_CONTEXT() REPRESENTATION_CONTEXT('2D SPACE',''
  ) );
#8904 = ORIENTED_EDGE('',*,*,#6498,.T.);
#8905 = ORIENTED_EDGE('',*,*,#8906,.T.);
#8906 = EDGE_CURVE('',#6466,#8907,#8909,.T.);
#8907 = VERTEX_POINT('',#8908);
#8908 = CARTESIAN_POINT('',(-2.441763333416,-2.801372952169,11.77475));
#8909 = SURFACE_CURVE('',#8910,(#8914,#8920),.PCURVE_S1.);
#8910 = LINE('',#8911,#8912);
#8911 = CARTESIAN_POINT('',(-2.621568142792,-2.621568142792,11.77475));
#8912 = VECTOR('',#8913,1.);
#8913 = DIRECTION('',(-0.707106781187,0.707106781187,0.));
#8914 = PCURVE('',#6514,#8915);
#8915 = DEFINITIONAL_REPRESENTATION('',(#8916),#8919);
#8916 = B_SPLINE_CURVE_WITH_KNOTS('',1,(#8917,#8918),.UNSPECIFIED.,.F.,
  .F.,(2,2),(-0.457113132612,0.457113132612),.PIECEWISE_BEZIER_KNOTS.);
#8917 = CARTESIAN_POINT('',(0.319965865759,-0.326457134637));
#8918 = CARTESIAN_POINT('',(-0.319965865759,0.326457134637));
#8919 = ( GEOMETRIC_REPRESENTATION_CONTEXT(2) 
PARAMETRIC_REPRESENTATION_CONTEXT() REPRESENTATION_CONTEXT('2D SPACE',''
  ) );
#8920 = PCURVE('',#8894,#8921);
#8921 = DEFINITIONAL_REPRESENTATION('',(#8922),#8925);
#8922 = B_SPLINE_CURVE_WITH_KNOTS('',1,(#8923,#8924),.UNSPECIFIED.,.F.,
  .F.,(2,2),(-0.457113132612,0.457113132612),.PIECEWISE_BEZIER_KNOTS.);
#8923 = CARTESIAN_POINT('',(0.318752810608,-0.327641666667));
#8924 = CARTESIAN_POINT('',(-0.318752810608,0.327641666667));
#8925 = ( GEOMETRIC_REPRESENTATION_CONTEXT(2) 
PARAMETRIC_REPRESENTATION_CONTEXT() REPRESENTATION_CONTEXT('2D SPACE',''
  ) );
#8926 = ORIENTED_EDGE('',*,*,#8927,.F.);
#8927 = EDGE_CURVE('',#8880,#8907,#8928,.T.);
#8928 = SURFACE_CURVE('',#8929,(#8934,#8941),.PCURVE_S1.);
#8929 = CIRCLE('',#8930,0.2542824);
#8930 = AXIS2_PLACEMENT_3D('',#8931,#8932,#8933);
#8931 = CARTESIAN_POINT('',(-2.621568142792,-2.621568142792,11.77475));
#8932 = DIRECTION('',(0.140307871841,0.140307871841,0.980116014663));
#8933 = DIRECTION('',(-0.707106781187,0.707106781187,0.));
#8934 = PCURVE('',#6514,#8935);
#8935 = DEFINITIONAL_REPRESENTATION('',(#8936),#8940);
#8936 = CIRCLE('',#8937,0.2542824);
#8937 = AXIS2_PLACEMENT_2D('',#8938,#8939);
#8938 = CARTESIAN_POINT('',(0.,0.));
#8939 = DIRECTION('',(-0.69997084514,0.714171419167));
#8940 = ( GEOMETRIC_REPRESENTATION_CONTEXT(2) 
PARAMETRIC_REPRESENTATION_CONTEXT() REPRESENTATION_CONTEXT('2D SPACE',''
  ) );
#8941 = PCURVE('',#8942,#8947);
#8942 = SPHERICAL_SURFACE('',#8943,0.2542824);
#8943 = AXIS2_PLACEMENT_3D('',#8944,#8945,#8946);
#8944 = CARTESIAN_POINT('',(-2.621568142792,-2.621568142792,11.77475));
#8945 = DIRECTION('',(0.,0.,1.));
#8946 = DIRECTION('',(1.,0.,-0.));
#8947 = DEFINITIONAL_REPRESENTATION('',(#8948),#8963);
#8948 = B_SPLINE_CURVE_WITH_KNOTS('',7,(#8949,#8950,#8951,#8952,#8953,
    #8954,#8955,#8956,#8957,#8958,#8959,#8960,#8961,#8962),
  .UNSPECIFIED.,.F.,.F.,(8,6,8),(0.,1.570796326795,3.14159265359),
  .UNSPECIFIED.);
#8949 = CARTESIAN_POINT('',(2.356194490192,0.));
#8950 = CARTESIAN_POINT('',(2.576132009573,4.452653213512E-02));
#8951 = CARTESIAN_POINT('',(2.796071701292,8.905514409363E-02));
#8952 = CARTESIAN_POINT('',(3.017422287062,0.130050712836));
#8953 = CARTESIAN_POINT('',(3.241657235796,0.164063145092));
#8954 = CARTESIAN_POINT('',(3.469090657959,0.187859129386));
#8955 = CARTESIAN_POINT('',(3.698038864464,0.199751007351));
#8956 = CARTESIAN_POINT('',(4.155942769511,0.199751007351));
#8957 = CARTESIAN_POINT('',(4.384890976015,0.187859129386));
#8958 = CARTESIAN_POINT('',(4.61232439818,0.164063145092));
#8959 = CARTESIAN_POINT('',(4.836559346913,0.130050712836));
#8960 = CARTESIAN_POINT('',(5.057909932682,8.90551440936E-02));
#8961 = CARTESIAN_POINT('',(5.277849624401,4.452653213512E-02));
#8962 = CARTESIAN_POINT('',(5.497787143782,0.));
#8963 = ( GEOMETRIC_REPRESENTATION_CONTEXT(2) 
PARAMETRIC_REPRESENTATION_CONTEXT() REPRESENTATION_CONTEXT('2D SPACE',''
  ) );
#8964 = ADVANCED_FACE('',(#8965),#6542,.T.);
#8965 = FACE_BOUND('',#8966,.T.);
#8966 = EDGE_LOOP('',(#8967,#8968,#8969));
#8967 = ORIENTED_EDGE('',*,*,#6612,.F.);
#8968 = ORIENTED_EDGE('',*,*,#6526,.T.);
#8969 = ORIENTED_EDGE('',*,*,#8970,.F.);
#8970 = EDGE_CURVE('',#6613,#6499,#8971,.T.);
#8971 = SURFACE_CURVE('',#8972,(#8977,#8984),.PCURVE_S1.);
#8972 = ELLIPSE('',#8973,0.327828671407,0.327642012604);
#8973 = AXIS2_PLACEMENT_3D('',#8974,#8975,#8976);
#8974 = CARTESIAN_POINT('',(-2.621898301888,-2.621898301888,
    11.774844527422));
#8975 = DIRECTION('',(0.140307871841,0.140307871841,0.980116014663));
#8976 = DIRECTION('',(-0.693046680318,-0.693046680318,0.198425295265));
#8977 = PCURVE('',#6542,#8978);
#8978 = DEFINITIONAL_REPRESENTATION('',(#8979),#8983);
#8979 = ELLIPSE('',#8980,0.327828671407,0.327642012604);
#8980 = AXIS2_PLACEMENT_2D('',#8981,#8982);
#8981 = CARTESIAN_POINT('',(-3.402226666619E-04,-3.334576841466E-04));
#8982 = DIRECTION('',(-0.714171419167,-0.69997084514));
#8983 = ( GEOMETRIC_REPRESENTATION_CONTEXT(2) 
PARAMETRIC_REPRESENTATION_CONTEXT() REPRESENTATION_CONTEXT('2D SPACE',''
  ) );
#8984 = PCURVE('',#6666,#8985);
#8985 = DEFINITIONAL_REPRESENTATION('',(#8986),#8994);
#8986 = B_SPLINE_CURVE_WITH_KNOTS('',6,(#8987,#8988,#8989,#8990,#8991,
    #8992,#8993),.UNSPECIFIED.,.F.,.F.,(7,7),(3.858631376163,
    4.710935818502),.PIECEWISE_BEZIER_KNOTS.);
#8987 = CARTESIAN_POINT('',(-1.489641745706,-8.313758244554E-03));
#8988 = CARTESIAN_POINT('',(-1.631848099084,-7.282181476985E-03));
#8989 = CARTESIAN_POINT('',(-1.774031302602,-6.04882840405E-03));
#8990 = CARTESIAN_POINT('',(-1.916185701983,-4.651141750208E-03));
#8991 = CARTESIAN_POINT('',(-2.058307019313,-3.138891808166E-03));
#8992 = CARTESIAN_POINT('',(-2.200393024693,-1.56978876501E-03));
#8993 = CARTESIAN_POINT('',(-2.342443915065,-7.161628704461E-18));
#8994 = ( GEOMETRIC_REPRESENTATION_CONTEXT(2) 
PARAMETRIC_REPRESENTATION_CONTEXT() REPRESENTATION_CONTEXT('2D SPACE',''
  ) );
#8995 = ADVANCED_FACE('',(#8996),#6666,.T.);
#8996 = FACE_BOUND('',#8997,.T.);
#8997 = EDGE_LOOP('',(#8998,#8999,#9022,#9050,#9071,#9072,#9073,#9094,
    #9095));
#8998 = ORIENTED_EDGE('',*,*,#6887,.F.);
#8999 = ORIENTED_EDGE('',*,*,#9000,.F.);
#9000 = EDGE_CURVE('',#9001,#6853,#9003,.T.);
#9001 = VERTEX_POINT('',#9002);
#9002 = CARTESIAN_POINT('',(-2.311010380029,-2.738263153403,12.3512));
#9003 = SURFACE_CURVE('',#9004,(#9009,#9015),.PCURVE_S1.);
#9004 = CIRCLE('',#9005,0.302113333333);
#9005 = AXIS2_PLACEMENT_3D('',#9006,#9007,#9008);
#9006 = CARTESIAN_POINT('',(-2.524636766716,-2.524636766716,12.3512));
#9007 = DIRECTION('',(0.163590330977,0.163590330977,0.972870190324));
#9008 = DIRECTION('',(0.986155320523,3.469446951954E-18,-0.165824255778)
  );
#9009 = PCURVE('',#6666,#9010);
#9010 = DEFINITIONAL_REPRESENTATION('',(#9011),#9014);
#9011 = B_SPLINE_CURVE_WITH_KNOTS('',1,(#9012,#9013),.UNSPECIFIED.,.F.,
  .F.,(2,2),(5.484036568655,6.239694473127),.PIECEWISE_BEZIER_KNOTS.);
#9012 = CARTESIAN_POINT('',(-5.484036568655,-0.592525093001));
#9013 = CARTESIAN_POINT('',(-6.239694473127,-0.592525093001));
#9014 = ( GEOMETRIC_REPRESENTATION_CONTEXT(2) 
PARAMETRIC_REPRESENTATION_CONTEXT() REPRESENTATION_CONTEXT('2D SPACE',''
  ) );
#9015 = PCURVE('',#6875,#9016);
#9016 = DEFINITIONAL_REPRESENTATION('',(#9017),#9021);
#9017 = CIRCLE('',#9018,0.302113333333);
#9018 = AXIS2_PLACEMENT_2D('',#9019,#9020);
#9019 = CARTESIAN_POINT('',(0.,0.));
#9020 = DIRECTION('',(1.,0.));
#9021 = ( GEOMETRIC_REPRESENTATION_CONTEXT(2) 
PARAMETRIC_REPRESENTATION_CONTEXT() REPRESENTATION_CONTEXT('2D SPACE',''
  ) );
#9022 = ORIENTED_EDGE('',*,*,#9023,.F.);
#9023 = EDGE_CURVE('',#9024,#9001,#9026,.T.);
#9024 = VERTEX_POINT('',#9025);
#9025 = CARTESIAN_POINT('',(-2.738263153403,-2.311010380029,12.3512));
#9026 = SURFACE_CURVE('',#9027,(#9032,#9038),.PCURVE_S1.);
#9027 = CIRCLE('',#9028,0.302113333333);
#9028 = AXIS2_PLACEMENT_3D('',#9029,#9030,#9031);
#9029 = CARTESIAN_POINT('',(-2.524636766716,-2.524636766716,12.3512));
#9030 = DIRECTION('',(0.163590330977,0.163590330977,0.972870190324));
#9031 = DIRECTION('',(0.986155320523,3.469446951954E-18,-0.165824255778)
  );
#9032 = PCURVE('',#6666,#9033);
#9033 = DEFINITIONAL_REPRESENTATION('',(#9034),#9037);
#9034 = B_SPLINE_CURVE_WITH_KNOTS('',1,(#9035,#9036),.UNSPECIFIED.,.F.,
  .F.,(2,2),(2.342443915065,5.484036568655),.PIECEWISE_BEZIER_KNOTS.);
#9035 = CARTESIAN_POINT('',(-2.342443915065,-0.592525093001));
#9036 = CARTESIAN_POINT('',(-5.484036568655,-0.592525093001));
#9037 = ( GEOMETRIC_REPRESENTATION_CONTEXT(2) 
PARAMETRIC_REPRESENTATION_CONTEXT() REPRESENTATION_CONTEXT('2D SPACE',''
  ) );
#9038 = PCURVE('',#9039,#9044);
#9039 = PLANE('',#9040);
#9040 = AXIS2_PLACEMENT_3D('',#9041,#9042,#9043);
#9041 = CARTESIAN_POINT('',(-2.524636766716,-2.524636766716,12.3512));
#9042 = DIRECTION('',(0.163590330977,0.163590330977,0.972870190324));
#9043 = DIRECTION('',(0.986155320523,0.,-0.165824255778));
#9044 = DEFINITIONAL_REPRESENTATION('',(#9045),#9049);
#9045 = CIRCLE('',#9046,0.302113333333);
#9046 = AXIS2_PLACEMENT_2D('',#9047,#9048);
#9047 = CARTESIAN_POINT('',(0.,0.));
#9048 = DIRECTION('',(1.,0.));
#9049 = ( GEOMETRIC_REPRESENTATION_CONTEXT(2) 
PARAMETRIC_REPRESENTATION_CONTEXT() REPRESENTATION_CONTEXT('2D SPACE',''
  ) );
#9050 = ORIENTED_EDGE('',*,*,#9051,.F.);
#9051 = EDGE_CURVE('',#6643,#9024,#9052,.T.);
#9052 = SURFACE_CURVE('',#9053,(#9058,#9064),.PCURVE_S1.);
#9053 = CIRCLE('',#9054,0.302113333333);
#9054 = AXIS2_PLACEMENT_3D('',#9055,#9056,#9057);
#9055 = CARTESIAN_POINT('',(-2.524636766716,-2.524636766716,12.3512));
#9056 = DIRECTION('',(0.163590330977,0.163590330977,0.972870190324));
#9057 = DIRECTION('',(0.986155320523,3.469446951954E-18,-0.165824255778)
  );
#9058 = PCURVE('',#6666,#9059);
#9059 = DEFINITIONAL_REPRESENTATION('',(#9060),#9063);
#9060 = B_SPLINE_CURVE_WITH_KNOTS('',1,(#9061,#9062),.UNSPECIFIED.,.F.,
  .F.,(2,2),(1.586786010593,2.342443915065),.PIECEWISE_BEZIER_KNOTS.);
#9061 = CARTESIAN_POINT('',(-1.586786010593,-0.592525093001));
#9062 = CARTESIAN_POINT('',(-2.342443915065,-0.592525093001));
#9063 = ( GEOMETRIC_REPRESENTATION_CONTEXT(2) 
PARAMETRIC_REPRESENTATION_CONTEXT() REPRESENTATION_CONTEXT('2D SPACE',''
  ) );
#9064 = PCURVE('',#6705,#9065);
#9065 = DEFINITIONAL_REPRESENTATION('',(#9066),#9070);
#9066 = CIRCLE('',#9067,0.302113333333);
#9067 = AXIS2_PLACEMENT_2D('',#9068,#9069);
#9068 = CARTESIAN_POINT('',(0.,0.));
#9069 = DIRECTION('',(1.,0.));
#9070 = ( GEOMETRIC_REPRESENTATION_CONTEXT(2) 
PARAMETRIC_REPRESENTATION_CONTEXT() REPRESENTATION_CONTEXT('2D SPACE',''
  ) );
#9071 = ORIENTED_EDGE('',*,*,#6642,.T.);
#9072 = ORIENTED_EDGE('',*,*,#8970,.T.);
#9073 = ORIENTED_EDGE('',*,*,#9074,.T.);
#9074 = EDGE_CURVE('',#6499,#6466,#9075,.T.);
#9075 = SURFACE_CURVE('',#9076,(#9081,#9087),.PCURVE_S1.);
#9076 = CIRCLE('',#9077,0.327641666667);
#9077 = AXIS2_PLACEMENT_3D('',#9078,#9079,#9080);
#9078 = CARTESIAN_POINT('',(-2.621568142792,-2.621568142792,11.77475));
#9079 = DIRECTION('',(0.163590330977,0.163590330977,0.972870190324));
#9080 = DIRECTION('',(0.986155320523,3.469446951954E-18,-0.165824255778)
  );
#9081 = PCURVE('',#6666,#9082);
#9082 = DEFINITIONAL_REPRESENTATION('',(#9083),#9086);
#9083 = B_SPLINE_CURVE_WITH_KNOTS('',1,(#9084,#9085),.UNSPECIFIED.,.F.,
  .F.,(2,2),(2.342443915065,5.484036568655),.PIECEWISE_BEZIER_KNOTS.);
#9084 = CARTESIAN_POINT('',(-2.342443915065,0.));
#9085 = CARTESIAN_POINT('',(-5.484036568655,0.));
#9086 = ( GEOMETRIC_REPRESENTATION_CONTEXT(2) 
PARAMETRIC_REPRESENTATION_CONTEXT() REPRESENTATION_CONTEXT('2D SPACE',''
  ) );
#9087 = PCURVE('',#8894,#9088);
#9088 = DEFINITIONAL_REPRESENTATION('',(#9089),#9093);
#9089 = CIRCLE('',#9090,0.327641666667);
#9090 = AXIS2_PLACEMENT_2D('',#9091,#9092);
#9091 = CARTESIAN_POINT('',(0.,0.));
#9092 = DIRECTION('',(1.,0.));
#9093 = ( GEOMETRIC_REPRESENTATION_CONTEXT(2) 
PARAMETRIC_REPRESENTATION_CONTEXT() REPRESENTATION_CONTEXT('2D SPACE',''
  ) );
#9094 = ORIENTED_EDGE('',*,*,#8821,.T.);
#9095 = ORIENTED_EDGE('',*,*,#8850,.T.);
#9096 = ADVANCED_FACE('',(#9097),#6875,.T.);
#9097 = FACE_BOUND('',#9098,.T.);
#9098 = EDGE_LOOP('',(#9099,#9124,#9125));
#9099 = ORIENTED_EDGE('',*,*,#9100,.F.);
#9100 = EDGE_CURVE('',#9001,#6803,#9101,.T.);
#9101 = SURFACE_CURVE('',#9102,(#9107,#9114),.PCURVE_S1.);
#9102 = ELLIPSE('',#9103,0.30228035671,0.30211363713);
#9103 = AXIS2_PLACEMENT_3D('',#9104,#9105,#9106);
#9104 = CARTESIAN_POINT('',(-2.5249316642,-2.5249316642,12.351299175363)
  );
#9105 = DIRECTION('',(0.163590330977,0.163590330977,0.972870190324));
#9106 = DIRECTION('',(-0.687923108793,-0.687923108793,0.231351664741));
#9107 = PCURVE('',#6875,#9108);
#9108 = DEFINITIONAL_REPRESENTATION('',(#9109),#9113);
#9109 = ELLIPSE('',#9110,0.30228035671,0.30211363713);
#9110 = AXIS2_PLACEMENT_2D('',#9111,#9112);
#9111 = CARTESIAN_POINT('',(-3.072604031326E-04,-2.989244868747E-04));
#9112 = DIRECTION('',(-0.716762751475,-0.697317114445));
#9113 = ( GEOMETRIC_REPRESENTATION_CONTEXT(2) 
PARAMETRIC_REPRESENTATION_CONTEXT() REPRESENTATION_CONTEXT('2D SPACE',''
  ) );
#9114 = PCURVE('',#6751,#9115);
#9115 = DEFINITIONAL_REPRESENTATION('',(#9116),#9123);
#9116 = B_SPLINE_CURVE_WITH_KNOTS('',5,(#9117,#9118,#9119,#9120,#9121,
    #9122),.UNSPECIFIED.,.F.,.F.,(6,6),(1.572214474242,2.375165071267),
  .PIECEWISE_BEZIER_KNOTS.);
#9117 = CARTESIAN_POINT('',(-5.479800644504,-1.420280685654E-17));
#9118 = CARTESIAN_POINT('',(-5.640390925394,-1.610555959982E-03));
#9119 = CARTESIAN_POINT('',(-5.801026911541,-3.22068182087E-03));
#9120 = CARTESIAN_POINT('',(-5.961708692393,-4.743671279313E-03));
#9121 = CARTESIAN_POINT('',(-6.122431119066,-6.093567052038E-03));
#9122 = CARTESIAN_POINT('',(-6.28318530718,-7.210595231909E-03));
#9123 = ( GEOMETRIC_REPRESENTATION_CONTEXT(2) 
PARAMETRIC_REPRESENTATION_CONTEXT() REPRESENTATION_CONTEXT('2D SPACE',''
  ) );
#9124 = ORIENTED_EDGE('',*,*,#9000,.T.);
#9125 = ORIENTED_EDGE('',*,*,#6852,.F.);
#9126 = ADVANCED_FACE('',(#9127),#6751,.T.);
#9127 = FACE_BOUND('',#9128,.T.);
#9128 = EDGE_LOOP('',(#9129,#9155,#9182,#9183,#9184,#9185,#9217,#9246,
    #9276,#9277));
#9129 = ORIENTED_EDGE('',*,*,#9130,.T.);
#9130 = EDGE_CURVE('',#6683,#9024,#9131,.T.);
#9131 = SURFACE_CURVE('',#9132,(#9137,#9148),.PCURVE_S1.);
#9132 = ELLIPSE('',#9133,0.30228035671,0.30211363713);
#9133 = AXIS2_PLACEMENT_3D('',#9134,#9135,#9136);
#9134 = CARTESIAN_POINT('',(-2.5249316642,-2.5249316642,12.351299175363)
  );
#9135 = DIRECTION('',(0.163590330977,0.163590330977,0.972870190324));
#9136 = DIRECTION('',(-0.687923108793,-0.687923108793,0.231351664741));
#9137 = PCURVE('',#6751,#9138);
#9138 = DEFINITIONAL_REPRESENTATION('',(#9139),#9147);
#9139 = B_SPLINE_CURVE_WITH_KNOTS('',6,(#9140,#9141,#9142,#9143,#9144,
    #9145,#9146),.UNSPECIFIED.,.F.,.F.,(7,7),(2.375165071267,
    4.710970832937),.PIECEWISE_BEZIER_KNOTS.);
#9140 = CARTESIAN_POINT('',(0.,-7.210595231909E-03));
#9141 = CARTESIAN_POINT('',(-0.389698694,-9.918483766354E-03));
#9142 = CARTESIAN_POINT('',(-0.779576055273,-1.131362290181E-02));
#9143 = CARTESIAN_POINT('',(-1.169527844033,-1.064979354208E-02));
#9144 = CARTESIAN_POINT('',(-1.559347896438,-7.803987717047E-03));
#9145 = CARTESIAN_POINT('',(-1.948906639165,-3.904293639774E-03));
#9146 = CARTESIAN_POINT('',(-2.338207990914,-1.656994133263E-17));
#9147 = ( GEOMETRIC_REPRESENTATION_CONTEXT(2) 
PARAMETRIC_REPRESENTATION_CONTEXT() REPRESENTATION_CONTEXT('2D SPACE',''
  ) );
#9148 = PCURVE('',#6705,#9149);
#9149 = DEFINITIONAL_REPRESENTATION('',(#9150),#9154);
#9150 = ELLIPSE('',#9151,0.30228035671,0.30211363713);
#9151 = AXIS2_PLACEMENT_2D('',#9152,#9153);
#9152 = CARTESIAN_POINT('',(-3.072604031326E-04,-2.989244868747E-04));
#9153 = DIRECTION('',(-0.716762751475,-0.697317114445));
#9154 = ( GEOMETRIC_REPRESENTATION_CONTEXT(2) 
PARAMETRIC_REPRESENTATION_CONTEXT() REPRESENTATION_CONTEXT('2D SPACE',''
  ) );
#9155 = ORIENTED_EDGE('',*,*,#9156,.T.);
#9156 = EDGE_CURVE('',#9024,#9001,#9157,.T.);
#9157 = SURFACE_CURVE('',#9158,(#9163,#9170),.PCURVE_S1.);
#9158 = CIRCLE('',#9159,0.302113333333);
#9159 = AXIS2_PLACEMENT_3D('',#9160,#9161,#9162);
#9160 = CARTESIAN_POINT('',(-2.524636766716,-2.524636766716,12.3512));
#9161 = DIRECTION('',(0.186324040178,0.186324040178,0.964658853742));
#9162 = DIRECTION('',(0.981852717803,-1.387778780781E-17,-0.189645038276
    ));
#9163 = PCURVE('',#6751,#9164);
#9164 = DEFINITIONAL_REPRESENTATION('',(#9165),#9169);
#9165 = LINE('',#9166,#9167);
#9166 = CARTESIAN_POINT('',(-0.,-0.));
#9167 = VECTOR('',#9168,1.);
#9168 = DIRECTION('',(-1.,-0.));
#9169 = ( GEOMETRIC_REPRESENTATION_CONTEXT(2) 
PARAMETRIC_REPRESENTATION_CONTEXT() REPRESENTATION_CONTEXT('2D SPACE',''
  ) );
#9170 = PCURVE('',#9171,#9176);
#9171 = PLANE('',#9172);
#9172 = AXIS2_PLACEMENT_3D('',#9173,#9174,#9175);
#9173 = CARTESIAN_POINT('',(-2.524636766716,-2.524636766716,12.3512));
#9174 = DIRECTION('',(0.186324040178,0.186324040178,0.964658853742));
#9175 = DIRECTION('',(0.981852717803,-6.938893903907E-18,-0.189645038276
    ));
#9176 = DEFINITIONAL_REPRESENTATION('',(#9177),#9181);
#9177 = CIRCLE('',#9178,0.302113333333);
#9178 = AXIS2_PLACEMENT_2D('',#9179,#9180);
#9179 = CARTESIAN_POINT('',(0.,0.));
#9180 = DIRECTION('',(1.,0.));
#9181 = ( GEOMETRIC_REPRESENTATION_CONTEXT(2) 
PARAMETRIC_REPRESENTATION_CONTEXT() REPRESENTATION_CONTEXT('2D SPACE',''
  ) );
#9182 = ORIENTED_EDGE('',*,*,#9100,.T.);
#9183 = ORIENTED_EDGE('',*,*,#6802,.T.);
#9184 = ORIENTED_EDGE('',*,*,#7770,.F.);
#9185 = ORIENTED_EDGE('',*,*,#9186,.F.);
#9186 = EDGE_CURVE('',#9187,#7771,#9189,.T.);
#9187 = VERTEX_POINT('',#9188);
#9188 = CARTESIAN_POINT('',(-2.288627400662,-2.659079604569,
    12.951043641098));
#9189 = SURFACE_CURVE('',#9190,(#9197,#9207),.PCURVE_S1.);
#9190 = B_SPLINE_CURVE_WITH_KNOTS('',5,(#9191,#9192,#9193,#9194,#9195,
    #9196),.UNSPECIFIED.,.F.,.F.,(6,6),(0.,1.),
  .PIECEWISE_BEZIER_KNOTS.);
#9191 = CARTESIAN_POINT('',(-2.288627400662,-2.659079604569,
    12.951043641098));
#9192 = CARTESIAN_POINT('',(-2.284970585435,-2.662226967106,
    12.915673832205));
#9193 = CARTESIAN_POINT('',(-2.281694813202,-2.665035430864,
    12.87995265264));
#9194 = CARTESIAN_POINT('',(-2.278781981875,-2.667525190978,
    12.843938476651));
#9195 = CARTESIAN_POINT('',(-2.276218184862,-2.669711415323,
    12.807675741849));
#9196 = CARTESIAN_POINT('',(-2.273992351815,-2.67160597888,12.7711994));
#9197 = PCURVE('',#6751,#9198);
#9198 = DEFINITIONAL_REPRESENTATION('',(#9199),#9206);
#9199 = B_SPLINE_CURVE_WITH_KNOTS('',5,(#9200,#9201,#9202,#9203,#9204,
    #9205),.UNSPECIFIED.,.F.,.F.,(6,6),(0.,1.),
  .PIECEWISE_BEZIER_KNOTS.);
#9200 = CARTESIAN_POINT('',(-5.153030860468,-0.597568765128));
#9201 = CARTESIAN_POINT('',(-5.191718087411,-0.563543889107));
#9202 = CARTESIAN_POINT('',(-5.229524866677,-0.529172207777));
#9203 = CARTESIAN_POINT('',(-5.266558212818,-0.494509642386));
#9204 = CARTESIAN_POINT('',(-5.302905369806,-0.459598825063));
#9205 = CARTESIAN_POINT('',(-5.338645985154,-0.424473322417));
#9206 = ( GEOMETRIC_REPRESENTATION_CONTEXT(2) 
PARAMETRIC_REPRESENTATION_CONTEXT() REPRESENTATION_CONTEXT('2D SPACE',''
  ) );
#9207 = PCURVE('',#7822,#9208);
#9208 = DEFINITIONAL_REPRESENTATION('',(#9209),#9216);
#9209 = B_SPLINE_CURVE_WITH_KNOTS('',5,(#9210,#9211,#9212,#9213,#9214,
    #9215),.UNSPECIFIED.,.F.,.F.,(6,6),(0.,1.),
  .PIECEWISE_BEZIER_KNOTS.);
#9210 = CARTESIAN_POINT('',(-4.001724883847,-0.179843641098));
#9211 = CARTESIAN_POINT('',(-4.003100102258,-0.144473832205));
#9212 = CARTESIAN_POINT('',(-4.00432998748,-0.10875265264));
#9213 = CARTESIAN_POINT('',(-4.005422210537,-7.273847665078E-02));
#9214 = CARTESIAN_POINT('',(-4.006382595121,-3.647574184864E-02));
#9215 = CARTESIAN_POINT('',(-4.007215739328,5.999999999895E-07));
#9216 = ( GEOMETRIC_REPRESENTATION_CONTEXT(2) 
PARAMETRIC_REPRESENTATION_CONTEXT() REPRESENTATION_CONTEXT('2D SPACE',''
  ) );
#9217 = ORIENTED_EDGE('',*,*,#9218,.F.);
#9218 = EDGE_CURVE('',#9219,#9187,#9221,.T.);
#9219 = VERTEX_POINT('',#9220);
#9220 = CARTESIAN_POINT('',(-2.659079604569,-2.288627400662,
    12.951043641098));
#9221 = SURFACE_CURVE('',#9222,(#9227,#9234),.PCURVE_S1.);
#9222 = CIRCLE('',#9223,0.276585);
#9223 = AXIS2_PLACEMENT_3D('',#9224,#9225,#9226);
#9224 = CARTESIAN_POINT('',(-2.413295340113,-2.413295340113,12.92765));
#9225 = DIRECTION('',(0.186324040178,0.186324040178,0.964658853742));
#9226 = DIRECTION('',(0.981852717803,-1.387778780781E-17,-0.189645038276
    ));
#9227 = PCURVE('',#6751,#9228);
#9228 = DEFINITIONAL_REPRESENTATION('',(#9229),#9233);
#9229 = LINE('',#9230,#9231);
#9230 = CARTESIAN_POINT('',(-0.,-0.597568765127));
#9231 = VECTOR('',#9232,1.);
#9232 = DIRECTION('',(-1.,-0.));
#9233 = ( GEOMETRIC_REPRESENTATION_CONTEXT(2) 
PARAMETRIC_REPRESENTATION_CONTEXT() REPRESENTATION_CONTEXT('2D SPACE',''
  ) );
#9234 = PCURVE('',#9235,#9240);
#9235 = PLANE('',#9236);
#9236 = AXIS2_PLACEMENT_3D('',#9237,#9238,#9239);
#9237 = CARTESIAN_POINT('',(-2.413295340113,-2.413295340113,12.92765));
#9238 = DIRECTION('',(0.186324040178,0.186324040178,0.964658853742));
#9239 = DIRECTION('',(0.981852717803,-6.938893903907E-18,-0.189645038276
    ));
#9240 = DEFINITIONAL_REPRESENTATION('',(#9241),#9245);
#9241 = CIRCLE('',#9242,0.276585);
#9242 = AXIS2_PLACEMENT_2D('',#9243,#9244);
#9243 = CARTESIAN_POINT('',(0.,0.));
#9244 = DIRECTION('',(1.,0.));
#9245 = ( GEOMETRIC_REPRESENTATION_CONTEXT(2) 
PARAMETRIC_REPRESENTATION_CONTEXT() REPRESENTATION_CONTEXT('2D SPACE',''
  ) );
#9246 = ORIENTED_EDGE('',*,*,#9247,.F.);
#9247 = EDGE_CURVE('',#7713,#9219,#9248,.T.);
#9248 = SURFACE_CURVE('',#9249,(#9256,#9266),.PCURVE_S1.);
#9249 = B_SPLINE_CURVE_WITH_KNOTS('',5,(#9250,#9251,#9252,#9253,#9254,
    #9255),.UNSPECIFIED.,.F.,.F.,(6,6),(0.,1.),
  .PIECEWISE_BEZIER_KNOTS.);
#9250 = CARTESIAN_POINT('',(-2.67160597888,-2.273992351815,12.7711994));
#9251 = CARTESIAN_POINT('',(-2.669711415281,-2.276218184912,
    12.807675742669));
#9252 = CARTESIAN_POINT('',(-2.667525190923,-2.27878198194,
    12.843938477445));
#9253 = CARTESIAN_POINT('',(-2.665035430818,-2.281694813255,
    12.879952653275));
#9254 = CARTESIAN_POINT('',(-2.662226967059,-2.284970585489,
    12.91567383273));
#9255 = CARTESIAN_POINT('',(-2.659079604569,-2.288627400662,
    12.951043641098));
#9256 = PCURVE('',#6751,#9257);
#9257 = DEFINITIONAL_REPRESENTATION('',(#9258),#9265);
#9258 = B_SPLINE_CURVE_WITH_KNOTS('',5,(#9259,#9260,#9261,#9262,#9263,
    #9264),.UNSPECIFIED.,.F.,.F.,(6,6),(0.,1.),
  .PIECEWISE_BEZIER_KNOTS.);
#9259 = CARTESIAN_POINT('',(-2.479362650264,-0.424473322417));
#9260 = CARTESIAN_POINT('',(-2.515103266415,-0.459598825853));
#9261 = CARTESIAN_POINT('',(-2.551450423417,-0.494509643151));
#9262 = CARTESIAN_POINT('',(-2.5884837694,-0.529172208388));
#9263 = CARTESIAN_POINT('',(-2.626290548581,-0.563543889612));
#9264 = CARTESIAN_POINT('',(-2.66497777495,-0.597568765128));
#9265 = ( GEOMETRIC_REPRESENTATION_CONTEXT(2) 
PARAMETRIC_REPRESENTATION_CONTEXT() REPRESENTATION_CONTEXT('2D SPACE',''
  ) );
#9266 = PCURVE('',#7438,#9267);
#9267 = DEFINITIONAL_REPRESENTATION('',(#9268),#9275);
#9268 = B_SPLINE_CURVE_WITH_KNOTS('',5,(#9269,#9270,#9271,#9272,#9273,
    #9274),.UNSPECIFIED.,.F.,.F.,(6,6),(0.,1.),
  .PIECEWISE_BEZIER_KNOTS.);
#9269 = CARTESIAN_POINT('',(-3.846765894646,5.99999934181E-07));
#9270 = CARTESIAN_POINT('',(-3.847599038873,-3.647574266864E-02));
#9271 = CARTESIAN_POINT('',(-3.848559423462,-7.273847744544E-02));
#9272 = CARTESIAN_POINT('',(-3.849651646515,-0.108752653275));
#9273 = CARTESIAN_POINT('',(-3.850881531737,-0.14447383273));
#9274 = CARTESIAN_POINT('',(-3.852256750127,-0.179843641098));
#9275 = ( GEOMETRIC_REPRESENTATION_CONTEXT(2) 
PARAMETRIC_REPRESENTATION_CONTEXT() REPRESENTATION_CONTEXT('2D SPACE',''
  ) );
#9276 = ORIENTED_EDGE('',*,*,#7736,.F.);
#9277 = ORIENTED_EDGE('',*,*,#6717,.T.);
#9278 = ADVANCED_FACE('',(#9279),#6705,.T.);
#9279 = FACE_BOUND('',#9280,.T.);
#9280 = EDGE_LOOP('',(#9281,#9282,#9283));
#9281 = ORIENTED_EDGE('',*,*,#6682,.F.);
#9282 = ORIENTED_EDGE('',*,*,#9051,.T.);
#9283 = ORIENTED_EDGE('',*,*,#9130,.F.);
#9284 = ADVANCED_FACE('',(#9285),#7116,.F.);
#9285 = FACE_BOUND('',#9286,.F.);
#9286 = EDGE_LOOP('',(#9287,#9288,#9289,#9322));
#9287 = ORIENTED_EDGE('',*,*,#7248,.T.);
#9288 = ORIENTED_EDGE('',*,*,#7128,.T.);
#9289 = ORIENTED_EDGE('',*,*,#9290,.F.);
#9290 = EDGE_CURVE('',#7102,#7129,#9291,.T.);
#9291 = SURFACE_CURVE('',#9292,(#9297,#9304),.PCURVE_S1.);
#9292 = CIRCLE('',#9293,0.2542824);
#9293 = AXIS2_PLACEMENT_3D('',#9294,#9295,#9296);
#9294 = CARTESIAN_POINT('',(-2.621568142792,2.621568142792,11.77475));
#9295 = DIRECTION('',(0.163590330977,-0.163590330977,0.972870190324));
#9296 = DIRECTION('',(-3.469446951954E-18,-0.986155320523,
    -0.165824255778));
#9297 = PCURVE('',#7116,#9298);
#9298 = DEFINITIONAL_REPRESENTATION('',(#9299),#9303);
#9299 = CIRCLE('',#9300,0.2542824);
#9300 = AXIS2_PLACEMENT_2D('',#9301,#9302);
#9301 = CARTESIAN_POINT('',(0.,0.));
#9302 = DIRECTION('',(-1.,-3.469446951954E-18));
#9303 = ( GEOMETRIC_REPRESENTATION_CONTEXT(2) 
PARAMETRIC_REPRESENTATION_CONTEXT() REPRESENTATION_CONTEXT('2D SPACE',''
  ) );
#9304 = PCURVE('',#7164,#9305);
#9305 = DEFINITIONAL_REPRESENTATION('',(#9306),#9321);
#9306 = B_SPLINE_CURVE_WITH_KNOTS('',7,(#9307,#9308,#9309,#9310,#9311,
    #9312,#9313,#9314,#9315,#9316,#9317,#9318,#9319,#9320),
  .UNSPECIFIED.,.F.,.F.,(8,6,8),(2.342443915065,3.91324024186,
    5.484036568655),.UNSPECIFIED.);
#9307 = CARTESIAN_POINT('',(0.785398163397,0.));
#9308 = CARTESIAN_POINT('',(1.003709723599,5.191519216758E-02));
#9309 = CARTESIAN_POINT('',(1.22202348558,0.103833880882));
#9310 = CARTESIAN_POINT('',(1.442247016509,0.151686180768));
#9311 = CARTESIAN_POINT('',(1.666338139111,0.19154218125));
#9312 = CARTESIAN_POINT('',(1.894885300485,0.219499362574));
#9313 = CARTESIAN_POINT('',(2.125537330082,0.23346681162));
#9314 = CARTESIAN_POINT('',(2.586851650303,0.23346681162));
#9315 = CARTESIAN_POINT('',(2.8175036799,0.219499362574));
#9316 = CARTESIAN_POINT('',(3.046050841275,0.19154218125));
#9317 = CARTESIAN_POINT('',(3.270141963876,0.151686180768));
#9318 = CARTESIAN_POINT('',(3.490365494805,0.103833880882));
#9319 = CARTESIAN_POINT('',(3.708679256786,5.191519216758E-02));
#9320 = CARTESIAN_POINT('',(3.926990816987,0.));
#9321 = ( GEOMETRIC_REPRESENTATION_CONTEXT(2) 
PARAMETRIC_REPRESENTATION_CONTEXT() REPRESENTATION_CONTEXT('2D SPACE',''
  ) );
#9322 = ORIENTED_EDGE('',*,*,#7101,.T.);
#9323 = ADVANCED_FACE('',(#9324),#7164,.T.);
#9324 = FACE_BOUND('',#9325,.T.);
#9325 = EDGE_LOOP('',(#9326,#9327));
#9326 = ORIENTED_EDGE('',*,*,#7149,.T.);
#9327 = ORIENTED_EDGE('',*,*,#9290,.F.);
#9328 = ADVANCED_FACE('',(#9329),#7209,.T.);
#9329 = FACE_BOUND('',#9330,.T.);
#9330 = EDGE_LOOP('',(#9331,#9352,#9353,#9374));
#9331 = ORIENTED_EDGE('',*,*,#9332,.T.);
#9332 = EDGE_CURVE('',#9333,#7193,#9335,.T.);
#9333 = VERTEX_POINT('',#9334);
#9334 = CARTESIAN_POINT('',(-2.357828862821,2.691444670611,12.3512));
#9335 = SURFACE_CURVE('',#9336,(#9340,#9346),.PCURVE_S1.);
#9336 = LINE('',#9337,#9338);
#9337 = CARTESIAN_POINT('',(-2.524636766716,2.524636766716,12.3512));
#9338 = VECTOR('',#9339,1.);
#9339 = DIRECTION('',(0.707106781187,0.707106781187,7.842851751966E-15)
  );
#9340 = PCURVE('',#7209,#9341);
#9341 = DEFINITIONAL_REPRESENTATION('',(#9342),#9345);
#9342 = B_SPLINE_CURVE_WITH_KNOTS('',1,(#9343,#9344),.UNSPECIFIED.,.F.,
  .F.,(2,2),(-0.419770871076,0.419770871076),.PIECEWISE_BEZIER_KNOTS.);
#9343 = CARTESIAN_POINT('',(-0.292713412547,0.300876124542));
#9344 = CARTESIAN_POINT('',(0.292713412547,-0.300876124542));
#9345 = ( GEOMETRIC_REPRESENTATION_CONTEXT(2) 
PARAMETRIC_REPRESENTATION_CONTEXT() REPRESENTATION_CONTEXT('2D SPACE',''
  ) );
#9346 = PCURVE('',#7367,#9347);
#9347 = DEFINITIONAL_REPRESENTATION('',(#9348),#9351);
#9348 = B_SPLINE_CURVE_WITH_KNOTS('',1,(#9349,#9350),.UNSPECIFIED.,.F.,
  .F.,(2,2),(-0.419770871076,0.419770871076),.PIECEWISE_BEZIER_KNOTS.);
#9349 = CARTESIAN_POINT('',(-0.291436301834,-0.302113333333));
#9350 = CARTESIAN_POINT('',(0.291436301834,0.302113333333));
#9351 = ( GEOMETRIC_REPRESENTATION_CONTEXT(2) 
PARAMETRIC_REPRESENTATION_CONTEXT() REPRESENTATION_CONTEXT('2D SPACE',''
  ) );
#9352 = ORIENTED_EDGE('',*,*,#7190,.F.);
#9353 = ORIENTED_EDGE('',*,*,#9354,.T.);
#9354 = EDGE_CURVE('',#7191,#9355,#9357,.T.);
#9355 = VERTEX_POINT('',#9356);
#9356 = CARTESIAN_POINT('',(-2.691444670611,2.357828862821,12.3512));
#9357 = SURFACE_CURVE('',#9358,(#9362,#9368),.PCURVE_S1.);
#9358 = LINE('',#9359,#9360);
#9359 = CARTESIAN_POINT('',(-2.524636766716,2.524636766716,12.3512));
#9360 = VECTOR('',#9361,1.);
#9361 = DIRECTION('',(0.707106781187,0.707106781187,7.842851751966E-15)
  );
#9362 = PCURVE('',#7209,#9363);
#9363 = DEFINITIONAL_REPRESENTATION('',(#9364),#9367);
#9364 = B_SPLINE_CURVE_WITH_KNOTS('',1,(#9365,#9366),.UNSPECIFIED.,.F.,
  .F.,(2,2),(-0.419770871076,0.419770871076),.PIECEWISE_BEZIER_KNOTS.);
#9365 = CARTESIAN_POINT('',(-0.292713412547,0.300876124542));
#9366 = CARTESIAN_POINT('',(0.292713412547,-0.300876124542));
#9367 = ( GEOMETRIC_REPRESENTATION_CONTEXT(2) 
PARAMETRIC_REPRESENTATION_CONTEXT() REPRESENTATION_CONTEXT('2D SPACE',''
  ) );
#9368 = PCURVE('',#7367,#9369);
#9369 = DEFINITIONAL_REPRESENTATION('',(#9370),#9373);
#9370 = B_SPLINE_CURVE_WITH_KNOTS('',1,(#9371,#9372),.UNSPECIFIED.,.F.,
  .F.,(2,2),(-0.419770871076,0.419770871076),.PIECEWISE_BEZIER_KNOTS.);
#9371 = CARTESIAN_POINT('',(-0.291436301834,-0.302113333333));
#9372 = CARTESIAN_POINT('',(0.291436301834,0.302113333333));
#9373 = ( GEOMETRIC_REPRESENTATION_CONTEXT(2) 
PARAMETRIC_REPRESENTATION_CONTEXT() REPRESENTATION_CONTEXT('2D SPACE',''
  ) );
#9374 = ORIENTED_EDGE('',*,*,#9375,.F.);
#9375 = EDGE_CURVE('',#9333,#9355,#9376,.T.);
#9376 = SURFACE_CURVE('',#9377,(#9382,#9389),.PCURVE_S1.);
#9377 = CIRCLE('',#9378,0.235902);
#9378 = AXIS2_PLACEMENT_3D('',#9379,#9380,#9381);
#9379 = CARTESIAN_POINT('',(-2.524636766716,2.524636766716,12.3512));
#9380 = DIRECTION('',(0.163590330977,-0.163590330977,0.972870190324));
#9381 = DIRECTION('',(-3.469446951954E-18,-0.986155320523,
    -0.165824255778));
#9382 = PCURVE('',#7209,#9383);
#9383 = DEFINITIONAL_REPRESENTATION('',(#9384),#9388);
#9384 = CIRCLE('',#9385,0.235902);
#9385 = AXIS2_PLACEMENT_2D('',#9386,#9387);
#9386 = CARTESIAN_POINT('',(0.,0.));
#9387 = DIRECTION('',(-1.,-3.469446951954E-18));
#9388 = ( GEOMETRIC_REPRESENTATION_CONTEXT(2) 
PARAMETRIC_REPRESENTATION_CONTEXT() REPRESENTATION_CONTEXT('2D SPACE',''
  ) );
#9389 = PCURVE('',#9390,#9395);
#9390 = SPHERICAL_SURFACE('',#9391,0.235902);
#9391 = AXIS2_PLACEMENT_3D('',#9392,#9393,#9394);
#9392 = CARTESIAN_POINT('',(-2.524636766716,2.524636766716,12.3512));
#9393 = DIRECTION('',(0.,0.,1.));
#9394 = DIRECTION('',(1.,0.,-0.));
#9395 = DEFINITIONAL_REPRESENTATION('',(#9396),#9411);
#9396 = B_SPLINE_CURVE_WITH_KNOTS('',7,(#9397,#9398,#9399,#9400,#9401,
    #9402,#9403,#9404,#9405,#9406,#9407,#9408,#9409,#9410),
  .UNSPECIFIED.,.F.,.F.,(8,6,8),(2.342443915065,3.91324024186,
    5.484036568655),.UNSPECIFIED.);
#9397 = CARTESIAN_POINT('',(0.785398163397,0.));
#9398 = CARTESIAN_POINT('',(1.003709723599,5.191519216758E-02));
#9399 = CARTESIAN_POINT('',(1.22202348558,0.103833880882));
#9400 = CARTESIAN_POINT('',(1.442247016509,0.151686180768));
#9401 = CARTESIAN_POINT('',(1.666338139111,0.19154218125));
#9402 = CARTESIAN_POINT('',(1.894885300485,0.219499362574));
#9403 = CARTESIAN_POINT('',(2.125537330082,0.23346681162));
#9404 = CARTESIAN_POINT('',(2.586851650303,0.23346681162));
#9405 = CARTESIAN_POINT('',(2.8175036799,0.219499362574));
#9406 = CARTESIAN_POINT('',(3.046050841275,0.19154218125));
#9407 = CARTESIAN_POINT('',(3.270141963875,0.151686180768));
#9408 = CARTESIAN_POINT('',(3.490365494805,0.103833880882));
#9409 = CARTESIAN_POINT('',(3.708679256786,5.191519216758E-02));
#9410 = CARTESIAN_POINT('',(3.926990816987,0.));
#9411 = ( GEOMETRIC_REPRESENTATION_CONTEXT(2) 
PARAMETRIC_REPRESENTATION_CONTEXT() REPRESENTATION_CONTEXT('2D SPACE',''
  ) );
#9412 = ADVANCED_FACE('',(#9413),#7504,.T.);
#9413 = FACE_BOUND('',#9414,.F.);
#9414 = EDGE_LOOP('',(#9415,#9416,#9417,#9444,#9484,#9516,#9550,#9579,
    #9613,#9645,#9682,#9707));
#9415 = ORIENTED_EDGE('',*,*,#7687,.F.);
#9416 = ORIENTED_EDGE('',*,*,#8205,.F.);
#9417 = ORIENTED_EDGE('',*,*,#9418,.F.);
#9418 = EDGE_CURVE('',#9419,#8206,#9421,.T.);
#9419 = VERTEX_POINT('',#9420);
#9420 = CARTESIAN_POINT('',(2.337912014052,2.615853041944,12.95221375475
    ));
#9421 = SURFACE_CURVE('',#9422,(#9427,#9437),.PCURVE_S1.);
#9422 = ELLIPSE('',#9423,3.636881563249,3.50835);
#9423 = AXIS2_PLACEMENT_3D('',#9424,#9425,#9426);
#9424 = CARTESIAN_POINT('',(0.,0.,11.995393096602));
#9425 = DIRECTION('',(-0.186324040178,-0.186324040178,0.964658853742));
#9426 = DIRECTION('',(-0.682116817013,-0.682116817013,-0.263501984616));
#9427 = PCURVE('',#7504,#9428);
#9428 = DEFINITIONAL_REPRESENTATION('',(#9429),#9436);
#9429 = B_SPLINE_CURVE_WITH_KNOTS('',5,(#9430,#9431,#9432,#9433,#9434,
    #9435),.UNSPECIFIED.,.F.,.F.,(6,6),(3.034483134466,3.25190704506),
  .PIECEWISE_BEZIER_KNOTS.);
#9430 = CARTESIAN_POINT('',(-0.678288644274,-0.177026689513));
#9431 = CARTESIAN_POINT('',(-0.721773426392,-0.181481689379));
#9432 = CARTESIAN_POINT('',(-0.765258208511,-0.183684519725));
#9433 = CARTESIAN_POINT('',(-0.80874299063,-0.183617610189));
#9434 = CARTESIAN_POINT('',(-0.852227772749,-0.181281225391));
#9435 = CARTESIAN_POINT('',(-0.895712554867,-0.176693458715));
#9436 = ( GEOMETRIC_REPRESENTATION_CONTEXT(2) 
PARAMETRIC_REPRESENTATION_CONTEXT() REPRESENTATION_CONTEXT('2D SPACE',''
  ) );
#9437 = PCURVE('',#8254,#9438);
#9438 = DEFINITIONAL_REPRESENTATION('',(#9439),#9443);
#9439 = ELLIPSE('',#9440,3.636881563249,3.50835);
#9440 = AXIS2_PLACEMENT_2D('',#9441,#9442);
#9441 = CARTESIAN_POINT('',(-2.54629848468,2.456309377517));
#9442 = DIRECTION('',(-0.719710094601,0.694274714885));
#9443 = ( GEOMETRIC_REPRESENTATION_CONTEXT(2) 
PARAMETRIC_REPRESENTATION_CONTEXT() REPRESENTATION_CONTEXT('2D SPACE',''
  ) );
#9444 = ORIENTED_EDGE('',*,*,#9445,.F.);
#9445 = EDGE_CURVE('',#9446,#9419,#9448,.T.);
#9446 = VERTEX_POINT('',#9447);
#9447 = CARTESIAN_POINT('',(2.338237422222,2.615562172808,
    12.955400384145));
#9448 = SURFACE_CURVE('',#9449,(#9457,#9468),.PCURVE_S1.);
#9449 = B_SPLINE_CURVE_WITH_KNOTS('',6,(#9450,#9451,#9452,#9453,#9454,
    #9455,#9456),.UNSPECIFIED.,.F.,.F.,(7,7),(0.,1.),
  .PIECEWISE_BEZIER_KNOTS.);
#9450 = CARTESIAN_POINT('',(2.345318682561,2.609214441116,
    12.993304598902));
#9451 = CARTESIAN_POINT('',(2.342492812577,2.611754502816,
    12.982799016466));
#9452 = CARTESIAN_POINT('',(2.340204313306,2.613804903403,
    12.972029892198));
#9453 = CARTESIAN_POINT('',(2.338474999885,2.615350798979,
    12.961063638174));
#9454 = CARTESIAN_POINT('',(2.337318399683,2.616383577427,
    12.949968474757));
#9455 = CARTESIAN_POINT('',(2.336739909676,2.616900135089,
    12.938810191764));
#9456 = CARTESIAN_POINT('',(2.336739909676,2.616900135089,12.92765));
#9457 = PCURVE('',#7504,#9458);
#9458 = DEFINITIONAL_REPRESENTATION('',(#9459),#9467);
#9459 = B_SPLINE_CURVE_WITH_KNOTS('',6,(#9460,#9461,#9462,#9463,#9464,
    #9465,#9466),.UNSPECIFIED.,.F.,.F.,(7,7),(0.,1.),
  .PIECEWISE_BEZIER_KNOTS.);
#9460 = CARTESIAN_POINT('',(-0.838611376122,-0.222104598902));
#9461 = CARTESIAN_POINT('',(-0.839694410901,-0.211599016466));
#9462 = CARTESIAN_POINT('',(-0.840570229305,-0.200829892198));
#9463 = CARTESIAN_POINT('',(-0.841231380764,-0.189863638174));
#9464 = CARTESIAN_POINT('',(-0.841673354475,-0.178768474757));
#9465 = CARTESIAN_POINT('',(-0.841894413666,-0.167610191764));
#9466 = CARTESIAN_POINT('',(-0.841894413666,-0.15645));
#9467 = ( GEOMETRIC_REPRESENTATION_CONTEXT(2) 
PARAMETRIC_REPRESENTATION_CONTEXT() REPRESENTATION_CONTEXT('2D SPACE',''
  ) );
#9468 = PCURVE('',#9469,#9474);
#9469 = SPHERICAL_SURFACE('',#9470,0.2175216);
#9470 = AXIS2_PLACEMENT_3D('',#9471,#9472,#9473);
#9471 = CARTESIAN_POINT('',(2.413295340113,2.413295340113,12.92765));
#9472 = DIRECTION('',(0.,0.,1.));
#9473 = DIRECTION('',(1.,0.,-0.));
#9474 = DEFINITIONAL_REPRESENTATION('',(#9475),#9483);
#9475 = B_SPLINE_CURVE_WITH_KNOTS('',6,(#9476,#9477,#9478,#9479,#9480,
    #9481,#9482),.UNSPECIFIED.,.F.,.F.,(7,7),(0.,1.),
  .PIECEWISE_BEZIER_KNOTS.);
#9476 = CARTESIAN_POINT('',(8.187948229691,0.306611857663));
#9477 = CARTESIAN_POINT('',(8.196807105137,0.255952456414));
#9478 = CARTESIAN_POINT('',(8.203650861113,0.204997220312));
#9479 = CARTESIAN_POINT('',(8.208669303963,0.153853751932));
#9480 = CARTESIAN_POINT('',(8.211975318851,0.102603491458));
#9481 = CARTESIAN_POINT('',(8.213628846661,5.130613127294E-02));
#9482 = CARTESIAN_POINT('',(8.213628846661,0.));
#9483 = ( GEOMETRIC_REPRESENTATION_CONTEXT(2) 
PARAMETRIC_REPRESENTATION_CONTEXT() REPRESENTATION_CONTEXT('2D SPACE',''
  ) );
#9484 = ORIENTED_EDGE('',*,*,#9485,.T.);
#9485 = EDGE_CURVE('',#9446,#9486,#9488,.T.);
#9486 = VERTEX_POINT('',#9487);
#9487 = CARTESIAN_POINT('',(2.288852354321,2.658885973979,
    12.954078130273));
#9488 = SURFACE_CURVE('',#9489,(#9494,#9504),.PCURVE_S1.);
#9489 = ELLIPSE('',#9490,3.671513325272,3.50835);
#9490 = AXIS2_PLACEMENT_3D('',#9491,#9492,#9493);
#9491 = CARTESIAN_POINT('',(0.,0.,11.874738372736));
#9492 = DIRECTION('',(-0.208453530889,-0.208453530889,0.95555965325));
#9493 = DIRECTION('',(-0.675682710641,-0.675682710641,-0.294797810508));
#9494 = PCURVE('',#7504,#9495);
#9495 = DEFINITIONAL_REPRESENTATION('',(#9496),#9503);
#9496 = B_SPLINE_CURVE_WITH_KNOTS('',5,(#9497,#9498,#9499,#9500,#9501,
    #9502),.UNSPECIFIED.,.F.,.F.,(6,6),(3.031068546489,3.248086545197),
  .PIECEWISE_BEZIER_KNOTS.);
#9497 = CARTESIAN_POINT('',(-0.674874056297,-0.179288398554));
#9498 = CARTESIAN_POINT('',(-0.718277656038,-0.184470042579));
#9499 = CARTESIAN_POINT('',(-0.76168125578,-0.187118470215));
#9500 = CARTESIAN_POINT('',(-0.805084855521,-0.187213322327));
#9501 = CARTESIAN_POINT('',(-0.848488455263,-0.184754225189));
#9502 = CARTESIAN_POINT('',(-0.891892055004,-0.179760799235));
#9503 = ( GEOMETRIC_REPRESENTATION_CONTEXT(2) 
PARAMETRIC_REPRESENTATION_CONTEXT() REPRESENTATION_CONTEXT('2D SPACE',''
  ) );
#9504 = PCURVE('',#9505,#9510);
#9505 = PLANE('',#9506);
#9506 = AXIS2_PLACEMENT_3D('',#9507,#9508,#9509);
#9507 = CARTESIAN_POINT('',(2.413295340113,2.413295340113,12.92765));
#9508 = DIRECTION('',(-0.208453530889,-0.208453530889,0.95555965325));
#9509 = DIRECTION('',(0.977022620228,0.,0.213135636538));
#9510 = DEFINITIONAL_REPRESENTATION('',(#9511),#9515);
#9511 = ELLIPSE('',#9512,3.671513325272,3.50835);
#9512 = AXIS2_PLACEMENT_2D('',#9513,#9514);
#9513 = CARTESIAN_POINT('',(-2.582257126477,-2.467500724379));
#9514 = DIRECTION('',(-0.722989211386,-0.690859320136));
#9515 = ( GEOMETRIC_REPRESENTATION_CONTEXT(2) 
PARAMETRIC_REPRESENTATION_CONTEXT() REPRESENTATION_CONTEXT('2D SPACE',''
  ) );
#9516 = ORIENTED_EDGE('',*,*,#9517,.F.);
#9517 = EDGE_CURVE('',#9518,#9486,#9520,.T.);
#9518 = VERTEX_POINT('',#9519);
#9519 = CARTESIAN_POINT('',(2.297140072462,2.651729098153,13.0212));
#9520 = SURFACE_CURVE('',#9521,(#9527,#9536),.PCURVE_S1.);
#9521 = B_SPLINE_CURVE_WITH_KNOTS('',4,(#9522,#9523,#9524,#9525,#9526),
  .UNSPECIFIED.,.F.,.F.,(5,5),(0.,1.),.PIECEWISE_BEZIER_KNOTS.);
#9522 = CARTESIAN_POINT('',(2.297140153822,2.651729027672,13.0212006));
#9523 = CARTESIAN_POINT('',(2.294889721681,2.653678532309,
    13.004604655517));
#9524 = CARTESIAN_POINT('',(2.292760460176,2.655518612623,
    12.987876744396));
#9525 = CARTESIAN_POINT('',(2.290748969441,2.657253308259,
    12.971030863199));
#9526 = CARTESIAN_POINT('',(2.288852354321,2.658885973979,
    12.954078130273));
#9527 = PCURVE('',#7504,#9528);
#9528 = DEFINITIONAL_REPRESENTATION('',(#9529),#9535);
#9529 = B_SPLINE_CURVE_WITH_KNOTS('',4,(#9530,#9531,#9532,#9533,#9534),
  .UNSPECIFIED.,.F.,.F.,(5,5),(0.,1.),.PIECEWISE_BEZIER_KNOTS.);
#9530 = CARTESIAN_POINT('',(-0.856926411159,-0.2500006));
#9531 = CARTESIAN_POINT('',(-0.857775077112,-0.233404655517));
#9532 = CARTESIAN_POINT('',(-0.858577216385,-0.216676744396));
#9533 = CARTESIAN_POINT('',(-0.859334316917,-0.199830863199));
#9534 = CARTESIAN_POINT('',(-0.86004762886,-0.182878130273));
#9535 = ( GEOMETRIC_REPRESENTATION_CONTEXT(2) 
PARAMETRIC_REPRESENTATION_CONTEXT() REPRESENTATION_CONTEXT('2D SPACE',''
  ) );
#9536 = PCURVE('',#9537,#9542);
#9537 = CONICAL_SURFACE('',#9538,0.276585,4.229213254215E-02);
#9538 = AXIS2_PLACEMENT_3D('',#9539,#9540,#9541);
#9539 = CARTESIAN_POINT('',(2.413295340113,2.413295340113,12.92765));
#9540 = DIRECTION('',(0.208453530889,0.208453530889,-0.95555965325));
#9541 = DIRECTION('',(0.977022620228,0.,0.213135636538));
#9542 = DEFINITIONAL_REPRESENTATION('',(#9543),#9549);
#9543 = B_SPLINE_CURVE_WITH_KNOTS('',4,(#9544,#9545,#9546,#9547,#9548),
  .UNSPECIFIED.,.F.,.F.,(5,5),(0.,1.),.PIECEWISE_BEZIER_KNOTS.);
#9544 = CARTESIAN_POINT('',(-1.919374743247,-6.390379355634E-02));
#9545 = CARTESIAN_POINT('',(-1.940771010281,-4.810810800163E-02));
#9546 = CARTESIAN_POINT('',(-1.961892007683,-3.21838718918E-02));
#9547 = CARTESIAN_POINT('',(-1.98275769925,-1.614432641208E-02));
#9548 = CARTESIAN_POINT('',(-2.003385808865,1.836493434741E-15));
#9549 = ( GEOMETRIC_REPRESENTATION_CONTEXT(2) 
PARAMETRIC_REPRESENTATION_CONTEXT() REPRESENTATION_CONTEXT('2D SPACE',''
  ) );
#9550 = ORIENTED_EDGE('',*,*,#9551,.T.);
#9551 = EDGE_CURVE('',#9518,#9552,#9554,.T.);
#9552 = VERTEX_POINT('',#9553);
#9553 = CARTESIAN_POINT('',(-2.297140072462,2.651729098153,13.0212));
#9554 = SURFACE_CURVE('',#9555,(#9560,#9567),.PCURVE_S1.);
#9555 = CIRCLE('',#9556,3.50835);
#9556 = AXIS2_PLACEMENT_3D('',#9557,#9558,#9559);
#9557 = CARTESIAN_POINT('',(0.,0.,13.0212));
#9558 = DIRECTION('',(0.,0.,1.));
#9559 = DIRECTION('',(1.,0.,0.));
#9560 = PCURVE('',#7504,#9561);
#9561 = DEFINITIONAL_REPRESENTATION('',(#9562),#9566);
#9562 = LINE('',#9563,#9564);
#9563 = CARTESIAN_POINT('',(-0.,-0.25));
#9564 = VECTOR('',#9565,1.);
#9565 = DIRECTION('',(-1.,0.));
#9566 = ( GEOMETRIC_REPRESENTATION_CONTEXT(2) 
PARAMETRIC_REPRESENTATION_CONTEXT() REPRESENTATION_CONTEXT('2D SPACE',''
  ) );
#9567 = PCURVE('',#9568,#9573);
#9568 = PLANE('',#9569);
#9569 = AXIS2_PLACEMENT_3D('',#9570,#9571,#9572);
#9570 = CARTESIAN_POINT('',(-1.948836536462E-16,2.465509873662E-16,
    13.0212));
#9571 = DIRECTION('',(0.,0.,1.));
#9572 = DIRECTION('',(1.,0.,-0.));
#9573 = DEFINITIONAL_REPRESENTATION('',(#9574),#9578);
#9574 = CIRCLE('',#9575,3.50835);
#9575 = AXIS2_PLACEMENT_2D('',#9576,#9577);
#9576 = CARTESIAN_POINT('',(1.948836536462E-16,-2.465509873662E-16));
#9577 = DIRECTION('',(1.,0.));
#9578 = ( GEOMETRIC_REPRESENTATION_CONTEXT(2) 
PARAMETRIC_REPRESENTATION_CONTEXT() REPRESENTATION_CONTEXT('2D SPACE',''
  ) );
#9579 = ORIENTED_EDGE('',*,*,#9580,.F.);
#9580 = EDGE_CURVE('',#9581,#9552,#9583,.T.);
#9581 = VERTEX_POINT('',#9582);
#9582 = CARTESIAN_POINT('',(-2.288852354321,2.658885973979,
    12.954078130273));
#9583 = SURFACE_CURVE('',#9584,(#9590,#9599),.PCURVE_S1.);
#9584 = B_SPLINE_CURVE_WITH_KNOTS('',4,(#9585,#9586,#9587,#9588,#9589),
  .UNSPECIFIED.,.F.,.F.,(5,5),(0.,1.),.PIECEWISE_BEZIER_KNOTS.);
#9585 = CARTESIAN_POINT('',(-2.288852354321,2.658885973979,
    12.954078130273));
#9586 = CARTESIAN_POINT('',(-2.290748969454,2.657253308248,
    12.971030863314));
#9587 = CARTESIAN_POINT('',(-2.292760460171,2.655518612627,
    12.98787674436));
#9588 = CARTESIAN_POINT('',(-2.294889721705,2.653678532288,
    13.004604655696));
#9589 = CARTESIAN_POINT('',(-2.297140153822,2.651729027672,13.0212006));
#9590 = PCURVE('',#7504,#9591);
#9591 = DEFINITIONAL_REPRESENTATION('',(#9592),#9598);
#9592 = B_SPLINE_CURVE_WITH_KNOTS('',4,(#9593,#9594,#9595,#9596,#9597),
  .UNSPECIFIED.,.F.,.F.,(5,5),(0.,1.),.PIECEWISE_BEZIER_KNOTS.);
#9593 = CARTESIAN_POINT('',(-2.281545024729,-0.182878130273));
#9594 = CARTESIAN_POINT('',(-2.282258336677,-0.199830863314));
#9595 = CARTESIAN_POINT('',(-2.283015437203,-0.21667674436));
#9596 = CARTESIAN_POINT('',(-2.283817576487,-0.233404655696));
#9597 = CARTESIAN_POINT('',(-2.284666242431,-0.2500006));
#9598 = ( GEOMETRIC_REPRESENTATION_CONTEXT(2) 
PARAMETRIC_REPRESENTATION_CONTEXT() REPRESENTATION_CONTEXT('2D SPACE',''
  ) );
#9599 = PCURVE('',#9600,#9605);
#9600 = CONICAL_SURFACE('',#9601,0.276585,4.229213254215E-02);
#9601 = AXIS2_PLACEMENT_3D('',#9602,#9603,#9604);
#9602 = CARTESIAN_POINT('',(-2.413295340113,2.413295340113,12.92765));
#9603 = DIRECTION('',(-0.208453530889,0.208453530889,-0.95555965325));
#9604 = DIRECTION('',(0.977022620228,0.,-0.213135636538));
#9605 = DEFINITIONAL_REPRESENTATION('',(#9606),#9612);
#9606 = B_SPLINE_CURVE_WITH_KNOTS('',4,(#9607,#9608,#9609,#9610,#9611),
  .UNSPECIFIED.,.F.,.F.,(5,5),(0.,1.),.PIECEWISE_BEZIER_KNOTS.);
#9607 = CARTESIAN_POINT('',(-1.138206844725,1.770367634064E-14));
#9608 = CARTESIAN_POINT('',(-1.158834954479,-1.614432652125E-02));
#9609 = CARTESIAN_POINT('',(-1.179700645859,-3.218387185707E-02));
#9610 = CARTESIAN_POINT('',(-1.20082164354,-4.810810817209E-02));
#9611 = CARTESIAN_POINT('',(-1.222217910343,-6.390379355626E-02));
#9612 = ( GEOMETRIC_REPRESENTATION_CONTEXT(2) 
PARAMETRIC_REPRESENTATION_CONTEXT() REPRESENTATION_CONTEXT('2D SPACE',''
  ) );
#9613 = ORIENTED_EDGE('',*,*,#9614,.T.);
#9614 = EDGE_CURVE('',#9581,#9615,#9617,.T.);
#9615 = VERTEX_POINT('',#9616);
#9616 = CARTESIAN_POINT('',(-2.338237422222,2.615562172808,
    12.955400384145));
#9617 = SURFACE_CURVE('',#9618,(#9623,#9633),.PCURVE_S1.);
#9618 = ELLIPSE('',#9619,3.671513325272,3.50835);
#9619 = AXIS2_PLACEMENT_3D('',#9620,#9621,#9622);
#9620 = CARTESIAN_POINT('',(0.,0.,11.874738372736));
#9621 = DIRECTION('',(0.208453530889,-0.208453530889,0.95555965325));
#9622 = DIRECTION('',(0.675682710641,-0.675682710641,-0.294797810508));
#9623 = PCURVE('',#7504,#9624);
#9624 = DEFINITIONAL_REPRESENTATION('',(#9625),#9632);
#9625 = B_SPLINE_CURVE_WITH_KNOTS('',5,(#9626,#9627,#9628,#9629,#9630,
    #9631),.UNSPECIFIED.,.F.,.F.,(6,6),(3.035098761983,3.25211676069),
  .PIECEWISE_BEZIER_KNOTS.);
#9626 = CARTESIAN_POINT('',(-2.249700598586,-0.179760799235));
#9627 = CARTESIAN_POINT('',(-2.293104198327,-0.184754225189));
#9628 = CARTESIAN_POINT('',(-2.336507798068,-0.187213322327));
#9629 = CARTESIAN_POINT('',(-2.37991139781,-0.187118470215));
#9630 = CARTESIAN_POINT('',(-2.423314997551,-0.184470042579));
#9631 = CARTESIAN_POINT('',(-2.466718597293,-0.179288398554));
#9632 = ( GEOMETRIC_REPRESENTATION_CONTEXT(2) 
PARAMETRIC_REPRESENTATION_CONTEXT() REPRESENTATION_CONTEXT('2D SPACE',''
  ) );
#9633 = PCURVE('',#9634,#9639);
#9634 = PLANE('',#9635);
#9635 = AXIS2_PLACEMENT_3D('',#9636,#9637,#9638);
#9636 = CARTESIAN_POINT('',(-2.413295340113,2.413295340113,12.92765));
#9637 = DIRECTION('',(0.208453530889,-0.208453530889,0.95555965325));
#9638 = DIRECTION('',(0.977022620228,0.,-0.213135636538));
#9639 = DEFINITIONAL_REPRESENTATION('',(#9640),#9644);
#9640 = ELLIPSE('',#9641,3.671513325272,3.50835);
#9641 = AXIS2_PLACEMENT_2D('',#9642,#9643);
#9642 = CARTESIAN_POINT('',(2.582257126477,-2.467500724379));
#9643 = DIRECTION('',(0.722989211386,-0.690859320136));
#9644 = ( GEOMETRIC_REPRESENTATION_CONTEXT(2) 
PARAMETRIC_REPRESENTATION_CONTEXT() REPRESENTATION_CONTEXT('2D SPACE',''
  ) );
#9645 = ORIENTED_EDGE('',*,*,#9646,.F.);
#9646 = EDGE_CURVE('',#9647,#9615,#9649,.T.);
#9647 = VERTEX_POINT('',#9648);
#9648 = CARTESIAN_POINT('',(-2.337912014052,2.615853041944,
    12.95221375475));
#9649 = SURFACE_CURVE('',#9650,(#9657,#9667),.PCURVE_S1.);
#9650 = B_SPLINE_CURVE_WITH_KNOTS('',5,(#9651,#9652,#9653,#9654,#9655,
    #9656),.UNSPECIFIED.,.F.,.F.,(6,6),(0.,1.),
  .PIECEWISE_BEZIER_KNOTS.);
#9651 = CARTESIAN_POINT('',(-2.336739909676,2.616900135089,12.92765));
#9652 = CARTESIAN_POINT('',(-2.336739909676,2.616900135089,
    12.940732824762));
#9653 = CARTESIAN_POINT('',(-2.337567905329,2.616160755121,
    12.953794139668));
#9654 = CARTESIAN_POINT('',(-2.339219001715,2.61468649514,
    12.966736975352));
#9655 = CARTESIAN_POINT('',(-2.341680975443,2.612483264489,
    12.979440163409));
#9656 = CARTESIAN_POINT('',(-2.344912568817,2.609579423414,
    12.991774891418));
#9657 = PCURVE('',#7504,#9658);
#9658 = DEFINITIONAL_REPRESENTATION('',(#9659),#9666);
#9659 = B_SPLINE_CURVE_WITH_KNOTS('',5,(#9660,#9661,#9662,#9663,#9664,
    #9665),.UNSPECIFIED.,.F.,.F.,(6,6),(0.,1.),
  .PIECEWISE_BEZIER_KNOTS.);
#9660 = CARTESIAN_POINT('',(-2.299698239924,-0.15645));
#9661 = CARTESIAN_POINT('',(-2.299698239924,-0.169532824762));
#9662 = CARTESIAN_POINT('',(-2.300014648247,-0.182594139668));
#9663 = CARTESIAN_POINT('',(-2.300645570908,-0.195536975352));
#9664 = CARTESIAN_POINT('',(-2.30158728444,-0.208240163409));
#9665 = CARTESIAN_POINT('',(-2.302825642371,-0.220574891418));
#9666 = ( GEOMETRIC_REPRESENTATION_CONTEXT(2) 
PARAMETRIC_REPRESENTATION_CONTEXT() REPRESENTATION_CONTEXT('2D SPACE',''
  ) );
#9667 = PCURVE('',#9668,#9673);
#9668 = SPHERICAL_SURFACE('',#9669,0.2175216);
#9669 = AXIS2_PLACEMENT_3D('',#9670,#9671,#9672);
#9670 = CARTESIAN_POINT('',(-2.413295340113,2.413295340113,12.92765));
#9671 = DIRECTION('',(0.,0.,1.));
#9672 = DIRECTION('',(1.,0.,-0.));
#9673 = DEFINITIONAL_REPRESENTATION('',(#9674),#9681);
#9674 = B_SPLINE_CURVE_WITH_KNOTS('',5,(#9675,#9676,#9677,#9678,#9679,
    #9680),.UNSPECIFIED.,.F.,.F.,(6,6),(0.,1.),
  .PIECEWISE_BEZIER_KNOTS.);
#9675 = CARTESIAN_POINT('',(1.211149114109,0.));
#9676 = CARTESIAN_POINT('',(1.211149114109,6.014494542924E-02));
#9677 = CARTESIAN_POINT('',(1.213514867744,0.120192172455));
#9678 = CARTESIAN_POINT('',(1.218237241752,0.180143502442));
#9679 = CARTESIAN_POINT('',(1.22547376653,0.239900934531));
#9680 = CARTESIAN_POINT('',(1.235559435117,0.299243919015));
#9681 = ( GEOMETRIC_REPRESENTATION_CONTEXT(2) 
PARAMETRIC_REPRESENTATION_CONTEXT() REPRESENTATION_CONTEXT('2D SPACE',''
  ) );
#9682 = ORIENTED_EDGE('',*,*,#9683,.F.);
#9683 = EDGE_CURVE('',#7454,#9647,#9684,.T.);
#9684 = SURFACE_CURVE('',#9685,(#9690,#9700),.PCURVE_S1.);
#9685 = ELLIPSE('',#9686,3.636881563249,3.50835);
#9686 = AXIS2_PLACEMENT_3D('',#9687,#9688,#9689);
#9687 = CARTESIAN_POINT('',(0.,0.,11.995393096602));
#9688 = DIRECTION('',(0.186324040178,-0.186324040178,0.964658853742));
#9689 = DIRECTION('',(0.682116817013,-0.682116817013,-0.263501984616));
#9690 = PCURVE('',#7504,#9691);
#9691 = DEFINITIONAL_REPRESENTATION('',(#9692),#9699);
#9692 = B_SPLINE_CURVE_WITH_KNOTS('',5,(#9693,#9694,#9695,#9696,#9697,
    #9698),.UNSPECIFIED.,.F.,.F.,(6,6),(3.034483134466,3.25190704506),
  .PIECEWISE_BEZIER_KNOTS.);
#9693 = CARTESIAN_POINT('',(-2.249084971068,-0.177026689513));
#9694 = CARTESIAN_POINT('',(-2.292569753187,-0.181481689379));
#9695 = CARTESIAN_POINT('',(-2.336054535306,-0.183684519725));
#9696 = CARTESIAN_POINT('',(-2.379539317425,-0.183617610189));
#9697 = CARTESIAN_POINT('',(-2.423024099543,-0.181281225391));
#9698 = CARTESIAN_POINT('',(-2.466508881662,-0.176693458715));
#9699 = ( GEOMETRIC_REPRESENTATION_CONTEXT(2) 
PARAMETRIC_REPRESENTATION_CONTEXT() REPRESENTATION_CONTEXT('2D SPACE',''
  ) );
#9700 = PCURVE('',#7470,#9701);
#9701 = DEFINITIONAL_REPRESENTATION('',(#9702),#9706);
#9702 = ELLIPSE('',#9703,3.636881563249,3.50835);
#9703 = AXIS2_PLACEMENT_2D('',#9704,#9705);
#9704 = CARTESIAN_POINT('',(2.54629848468,-2.456309377517));
#9705 = DIRECTION('',(0.719710094601,-0.694274714885));
#9706 = ( GEOMETRIC_REPRESENTATION_CONTEXT(2) 
PARAMETRIC_REPRESENTATION_CONTEXT() REPRESENTATION_CONTEXT('2D SPACE',''
  ) );
#9707 = ORIENTED_EDGE('',*,*,#7482,.F.);
#9708 = ADVANCED_FACE('',(#9709),#7470,.T.);
#9709 = FACE_BOUND('',#9710,.T.);
#9710 = EDGE_LOOP('',(#9711,#9746,#9747,#9748));
#9711 = ORIENTED_EDGE('',*,*,#9712,.F.);
#9712 = EDGE_CURVE('',#9647,#9713,#9715,.T.);
#9713 = VERTEX_POINT('',#9714);
#9714 = CARTESIAN_POINT('',(-2.615853041944,2.337912014052,
    12.95221375475));
#9715 = SURFACE_CURVE('',#9716,(#9721,#9728),.PCURVE_S1.);
#9716 = CIRCLE('',#9717,0.2175216);
#9717 = AXIS2_PLACEMENT_3D('',#9718,#9719,#9720);
#9718 = CARTESIAN_POINT('',(-2.413295340113,2.413295340113,12.92765));
#9719 = DIRECTION('',(0.186324040178,-0.186324040178,0.964658853742));
#9720 = DIRECTION('',(-0.981852717803,-6.938893903907E-18,0.189645038276
    ));
#9721 = PCURVE('',#7470,#9722);
#9722 = DEFINITIONAL_REPRESENTATION('',(#9723),#9727);
#9723 = CIRCLE('',#9724,0.2175216);
#9724 = AXIS2_PLACEMENT_2D('',#9725,#9726);
#9725 = CARTESIAN_POINT('',(0.,0.));
#9726 = DIRECTION('',(-1.,0.));
#9727 = ( GEOMETRIC_REPRESENTATION_CONTEXT(2) 
PARAMETRIC_REPRESENTATION_CONTEXT() REPRESENTATION_CONTEXT('2D SPACE',''
  ) );
#9728 = PCURVE('',#9668,#9729);
#9729 = DEFINITIONAL_REPRESENTATION('',(#9730),#9745);
#9730 = B_SPLINE_CURVE_WITH_KNOTS('',7,(#9731,#9732,#9733,#9734,#9735,
    #9736,#9737,#9738,#9739,#9740,#9741,#9742,#9743,#9744),
  .UNSPECIFIED.,.F.,.F.,(8,6,8),(3.944977316266,5.515773643061,
    7.086569969855),.UNSPECIFIED.);
#9731 = CARTESIAN_POINT('',(0.785398163397,0.));
#9732 = CARTESIAN_POINT('',(1.001867103979,5.912970707684E-02));
#9733 = CARTESIAN_POINT('',(1.218337594725,0.118264846842));
#9734 = CARTESIAN_POINT('',(1.437274741974,0.172835886433));
#9735 = CARTESIAN_POINT('',(1.661147056436,0.218486172987));
#9736 = CARTESIAN_POINT('',(1.890959889113,0.250608293377));
#9737 = CARTESIAN_POINT('',(2.123573937978,0.266650695672));
#9738 = CARTESIAN_POINT('',(2.588815042407,0.266650695672));
#9739 = CARTESIAN_POINT('',(2.821429091272,0.250608293376));
#9740 = CARTESIAN_POINT('',(3.051241923947,0.218486172987));
#9741 = CARTESIAN_POINT('',(3.275114238414,0.172835886433));
#9742 = CARTESIAN_POINT('',(3.494051385659,0.118264846842));
#9743 = CARTESIAN_POINT('',(3.710521876406,5.912970707684E-02));
#9744 = CARTESIAN_POINT('',(3.926990816987,0.));
#9745 = ( GEOMETRIC_REPRESENTATION_CONTEXT(2) 
PARAMETRIC_REPRESENTATION_CONTEXT() REPRESENTATION_CONTEXT('2D SPACE',''
  ) );
#9746 = ORIENTED_EDGE('',*,*,#9683,.F.);
#9747 = ORIENTED_EDGE('',*,*,#7453,.T.);
#9748 = ORIENTED_EDGE('',*,*,#9749,.F.);
#9749 = EDGE_CURVE('',#9713,#7417,#9750,.T.);
#9750 = SURFACE_CURVE('',#9751,(#9756,#9763),.PCURVE_S1.);
#9751 = ELLIPSE('',#9752,3.636881563249,3.50835);
#9752 = AXIS2_PLACEMENT_3D('',#9753,#9754,#9755);
#9753 = CARTESIAN_POINT('',(0.,0.,11.995393096602));
#9754 = DIRECTION('',(0.186324040178,-0.186324040178,0.964658853742));
#9755 = DIRECTION('',(0.682116817013,-0.682116817013,-0.263501984616));
#9756 = PCURVE('',#7470,#9757);
#9757 = DEFINITIONAL_REPRESENTATION('',(#9758),#9762);
#9758 = ELLIPSE('',#9759,3.636881563249,3.50835);
#9759 = AXIS2_PLACEMENT_2D('',#9760,#9761);
#9760 = CARTESIAN_POINT('',(2.54629848468,-2.456309377517));
#9761 = DIRECTION('',(0.719710094601,-0.694274714885));
#9762 = ( GEOMETRIC_REPRESENTATION_CONTEXT(2) 
PARAMETRIC_REPRESENTATION_CONTEXT() REPRESENTATION_CONTEXT('2D SPACE',''
  ) );
#9763 = PCURVE('',#7438,#9764);
#9764 = DEFINITIONAL_REPRESENTATION('',(#9765),#9772);
#9765 = B_SPLINE_CURVE_WITH_KNOTS('',5,(#9766,#9767,#9768,#9769,#9770,
    #9771),.UNSPECIFIED.,.F.,.F.,(6,6),(3.034483134466,3.25190704506),
  .PIECEWISE_BEZIER_KNOTS.);
#9766 = CARTESIAN_POINT('',(-2.249084971068,-0.177026689513));
#9767 = CARTESIAN_POINT('',(-2.292569753187,-0.181481689379));
#9768 = CARTESIAN_POINT('',(-2.336054535306,-0.183684519725));
#9769 = CARTESIAN_POINT('',(-2.379539317425,-0.183617610189));
#9770 = CARTESIAN_POINT('',(-2.423024099543,-0.181281225391));
#9771 = CARTESIAN_POINT('',(-2.466508881662,-0.176693458715));
#9772 = ( GEOMETRIC_REPRESENTATION_CONTEXT(2) 
PARAMETRIC_REPRESENTATION_CONTEXT() REPRESENTATION_CONTEXT('2D SPACE',''
  ) );
#9773 = ADVANCED_FACE('',(#9774),#7438,.T.);
#9774 = FACE_BOUND('',#9775,.F.);
#9775 = EDGE_LOOP('',(#9776,#9777,#9778,#9779,#9811,#9838,#9867,#9891,
    #9925,#9957,#9994,#10019));
#9776 = ORIENTED_EDGE('',*,*,#7712,.F.);
#9777 = ORIENTED_EDGE('',*,*,#7416,.F.);
#9778 = ORIENTED_EDGE('',*,*,#9749,.F.);
#9779 = ORIENTED_EDGE('',*,*,#9780,.F.);
#9780 = EDGE_CURVE('',#9781,#9713,#9783,.T.);
#9781 = VERTEX_POINT('',#9782);
#9782 = CARTESIAN_POINT('',(-2.615562172808,2.338237422222,
    12.955400384145));
#9783 = SURFACE_CURVE('',#9784,(#9791,#9801),.PCURVE_S1.);
#9784 = B_SPLINE_CURVE_WITH_KNOTS('',5,(#9785,#9786,#9787,#9788,#9789,
    #9790),.UNSPECIFIED.,.F.,.F.,(6,6),(0.,1.),
  .PIECEWISE_BEZIER_KNOTS.);
#9785 = CARTESIAN_POINT('',(-2.609579423414,2.344912568817,
    12.991774891418));
#9786 = CARTESIAN_POINT('',(-2.612484089229,2.341680057616,
    12.979436660138));
#9787 = CARTESIAN_POINT('',(-2.614687386001,2.339217998427,
    12.966731377443));
#9788 = CARTESIAN_POINT('',(-2.616162441645,2.337566032346,
    12.953782744712));
#9789 = CARTESIAN_POINT('',(-2.616900135089,2.336739909676,
    12.940717683094));
#9790 = CARTESIAN_POINT('',(-2.616900135089,2.336739909676,12.92765));
#9791 = PCURVE('',#7438,#9792);
#9792 = DEFINITIONAL_REPRESENTATION('',(#9793),#9800);
#9793 = B_SPLINE_CURVE_WITH_KNOTS('',5,(#9794,#9795,#9796,#9797,#9798,
    #9799),.UNSPECIFIED.,.F.,.F.,(6,6),(0.,1.),
  .PIECEWISE_BEZIER_KNOTS.);
#9794 = CARTESIAN_POINT('',(-2.409563338014,-0.220574891418));
#9795 = CARTESIAN_POINT('',(-2.410802047659,-0.208236660138));
#9796 = CARTESIAN_POINT('',(-2.411743791957,-0.195531377443));
#9797 = CARTESIAN_POINT('',(-2.412375050442,-0.182582744712));
#9798 = CARTESIAN_POINT('',(-2.412690740461,-0.169517683094));
#9799 = CARTESIAN_POINT('',(-2.412690740461,-0.15645));
#9800 = ( GEOMETRIC_REPRESENTATION_CONTEXT(2) 
PARAMETRIC_REPRESENTATION_CONTEXT() REPRESENTATION_CONTEXT('2D SPACE',''
  ) );
#9801 = PCURVE('',#9668,#9802);
#9802 = DEFINITIONAL_REPRESENTATION('',(#9803),#9810);
#9803 = B_SPLINE_CURVE_WITH_KNOTS('',5,(#9804,#9805,#9806,#9807,#9808,
    #9809),.UNSPECIFIED.,.F.,.F.,(6,6),(0.,1.),
  .PIECEWISE_BEZIER_KNOTS.);
#9804 = CARTESIAN_POINT('',(3.476829545268,0.299243919016));
#9805 = CARTESIAN_POINT('',(3.486918078356,0.239884080119));
#9806 = CARTESIAN_POINT('',(3.494154885424,0.180117388097));
#9807 = CARTESIAN_POINT('',(3.498879066823,0.120138936486));
#9808 = CARTESIAN_POINT('',(3.501239866276,6.007533547871E-02));
#9809 = CARTESIAN_POINT('',(3.501239866276,0.));
#9810 = ( GEOMETRIC_REPRESENTATION_CONTEXT(2) 
PARAMETRIC_REPRESENTATION_CONTEXT() REPRESENTATION_CONTEXT('2D SPACE',''
  ) );
#9811 = ORIENTED_EDGE('',*,*,#9812,.T.);
#9812 = EDGE_CURVE('',#9781,#9813,#9815,.T.);
#9813 = VERTEX_POINT('',#9814);
#9814 = CARTESIAN_POINT('',(-2.658885973979,2.288852354321,
    12.954078130273));
#9815 = SURFACE_CURVE('',#9816,(#9821,#9831),.PCURVE_S1.);
#9816 = ELLIPSE('',#9817,3.671513325272,3.50835);
#9817 = AXIS2_PLACEMENT_3D('',#9818,#9819,#9820);
#9818 = CARTESIAN_POINT('',(0.,0.,11.874738372736));
#9819 = DIRECTION('',(0.208453530889,-0.208453530889,0.95555965325));
#9820 = DIRECTION('',(0.675682710641,-0.675682710641,-0.294797810508));
#9821 = PCURVE('',#7438,#9822);
#9822 = DEFINITIONAL_REPRESENTATION('',(#9823),#9830);
#9823 = B_SPLINE_CURVE_WITH_KNOTS('',5,(#9824,#9825,#9826,#9827,#9828,
    #9829),.UNSPECIFIED.,.F.,.F.,(6,6),(3.035098761983,3.25211676069),
  .PIECEWISE_BEZIER_KNOTS.);
#9824 = CARTESIAN_POINT('',(-2.249700598586,-0.179760799235));
#9825 = CARTESIAN_POINT('',(-2.293104198327,-0.184754225189));
#9826 = CARTESIAN_POINT('',(-2.336507798068,-0.187213322327));
#9827 = CARTESIAN_POINT('',(-2.37991139781,-0.187118470215));
#9828 = CARTESIAN_POINT('',(-2.423314997551,-0.184470042579));
#9829 = CARTESIAN_POINT('',(-2.466718597293,-0.179288398554));
#9830 = ( GEOMETRIC_REPRESENTATION_CONTEXT(2) 
PARAMETRIC_REPRESENTATION_CONTEXT() REPRESENTATION_CONTEXT('2D SPACE',''
  ) );
#9831 = PCURVE('',#9634,#9832);
#9832 = DEFINITIONAL_REPRESENTATION('',(#9833),#9837);
#9833 = ELLIPSE('',#9834,3.671513325272,3.50835);
#9834 = AXIS2_PLACEMENT_2D('',#9835,#9836);
#9835 = CARTESIAN_POINT('',(2.582257126477,-2.467500724379));
#9836 = DIRECTION('',(0.722989211386,-0.690859320136));
#9837 = ( GEOMETRIC_REPRESENTATION_CONTEXT(2) 
PARAMETRIC_REPRESENTATION_CONTEXT() REPRESENTATION_CONTEXT('2D SPACE',''
  ) );
#9838 = ORIENTED_EDGE('',*,*,#9839,.F.);
#9839 = EDGE_CURVE('',#9840,#9813,#9842,.T.);
#9840 = VERTEX_POINT('',#9841);
#9841 = CARTESIAN_POINT('',(-2.651729098153,2.297140072462,13.0212));
#9842 = SURFACE_CURVE('',#9843,(#9849,#9858),.PCURVE_S1.);
#9843 = B_SPLINE_CURVE_WITH_KNOTS('',4,(#9844,#9845,#9846,#9847,#9848),
  .UNSPECIFIED.,.F.,.F.,(5,5),(0.,1.),.PIECEWISE_BEZIER_KNOTS.);
#9844 = CARTESIAN_POINT('',(-2.651729027672,2.297140153822,13.0212006));
#9845 = CARTESIAN_POINT('',(-2.653678532309,2.294889721681,
    13.004604655517));
#9846 = CARTESIAN_POINT('',(-2.655518612623,2.292760460176,
    12.987876744396));
#9847 = CARTESIAN_POINT('',(-2.657253308259,2.290748969441,
    12.971030863199));
#9848 = CARTESIAN_POINT('',(-2.658885973979,2.288852354321,
    12.954078130273));
#9849 = PCURVE('',#7438,#9850);
#9850 = DEFINITIONAL_REPRESENTATION('',(#9851),#9857);
#9851 = B_SPLINE_CURVE_WITH_KNOTS('',4,(#9852,#9853,#9854,#9855,#9856),
  .UNSPECIFIED.,.F.,.F.,(5,5),(0.,1.),.PIECEWISE_BEZIER_KNOTS.);
#9852 = CARTESIAN_POINT('',(-2.427722737954,-0.2500006));
#9853 = CARTESIAN_POINT('',(-2.428571403907,-0.233404655517));
#9854 = CARTESIAN_POINT('',(-2.42937354318,-0.216676744396));
#9855 = CARTESIAN_POINT('',(-2.430130643712,-0.199830863199));
#9856 = CARTESIAN_POINT('',(-2.430843955655,-0.182878130273));
#9857 = ( GEOMETRIC_REPRESENTATION_CONTEXT(2) 
PARAMETRIC_REPRESENTATION_CONTEXT() REPRESENTATION_CONTEXT('2D SPACE',''
  ) );
#9858 = PCURVE('',#9600,#9859);
#9859 = DEFINITIONAL_REPRESENTATION('',(#9860),#9866);
#9860 = B_SPLINE_CURVE_WITH_KNOTS('',4,(#9861,#9862,#9863,#9864,#9865),
  .UNSPECIFIED.,.F.,.F.,(5,5),(0.,1.),.PIECEWISE_BEZIER_KNOTS.);
#9861 = CARTESIAN_POINT('',(-3.535613507877,-6.390379355631E-02));
#9862 = CARTESIAN_POINT('',(-3.557009774911,-4.810810800161E-02));
#9863 = CARTESIAN_POINT('',(-3.578130772313,-3.218387189179E-02));
#9864 = CARTESIAN_POINT('',(-3.59899646388,-1.614432641207E-02));
#9865 = CARTESIAN_POINT('',(-3.619624573495,1.775526384472E-15));
#9866 = ( GEOMETRIC_REPRESENTATION_CONTEXT(2) 
PARAMETRIC_REPRESENTATION_CONTEXT() REPRESENTATION_CONTEXT('2D SPACE',''
  ) );
#9867 = ORIENTED_EDGE('',*,*,#9868,.T.);
#9868 = EDGE_CURVE('',#9840,#9869,#9871,.T.);
#9869 = VERTEX_POINT('',#9870);
#9870 = CARTESIAN_POINT('',(-2.651729098153,-2.297140072462,13.0212));
#9871 = SURFACE_CURVE('',#9872,(#9877,#9884),.PCURVE_S1.);
#9872 = CIRCLE('',#9873,3.50835);
#9873 = AXIS2_PLACEMENT_3D('',#9874,#9875,#9876);
#9874 = CARTESIAN_POINT('',(0.,0.,13.0212));
#9875 = DIRECTION('',(0.,0.,1.));
#9876 = DIRECTION('',(1.,0.,0.));
#9877 = PCURVE('',#7438,#9878);
#9878 = DEFINITIONAL_REPRESENTATION('',(#9879),#9883);
#9879 = LINE('',#9880,#9881);
#9880 = CARTESIAN_POINT('',(-0.,-0.25));
#9881 = VECTOR('',#9882,1.);
#9882 = DIRECTION('',(-1.,0.));
#9883 = ( GEOMETRIC_REPRESENTATION_CONTEXT(2) 
PARAMETRIC_REPRESENTATION_CONTEXT() REPRESENTATION_CONTEXT('2D SPACE',''
  ) );
#9884 = PCURVE('',#9568,#9885);
#9885 = DEFINITIONAL_REPRESENTATION('',(#9886),#9890);
#9886 = CIRCLE('',#9887,3.50835);
#9887 = AXIS2_PLACEMENT_2D('',#9888,#9889);
#9888 = CARTESIAN_POINT('',(1.948836536462E-16,-2.465509873662E-16));
#9889 = DIRECTION('',(1.,0.));
#9890 = ( GEOMETRIC_REPRESENTATION_CONTEXT(2) 
PARAMETRIC_REPRESENTATION_CONTEXT() REPRESENTATION_CONTEXT('2D SPACE',''
  ) );
#9891 = ORIENTED_EDGE('',*,*,#9892,.F.);
#9892 = EDGE_CURVE('',#9893,#9869,#9895,.T.);
#9893 = VERTEX_POINT('',#9894);
#9894 = CARTESIAN_POINT('',(-2.658885973979,-2.288852354321,
    12.954078130273));
#9895 = SURFACE_CURVE('',#9896,(#9902,#9911),.PCURVE_S1.);
#9896 = B_SPLINE_CURVE_WITH_KNOTS('',4,(#9897,#9898,#9899,#9900,#9901),
  .UNSPECIFIED.,.F.,.F.,(5,5),(0.,1.),.PIECEWISE_BEZIER_KNOTS.);
#9897 = CARTESIAN_POINT('',(-2.658885973979,-2.288852354321,
    12.954078130273));
#9898 = CARTESIAN_POINT('',(-2.657253308248,-2.290748969454,
    12.971030863314));
#9899 = CARTESIAN_POINT('',(-2.655518612627,-2.292760460171,
    12.98787674436));
#9900 = CARTESIAN_POINT('',(-2.653678532288,-2.294889721705,
    13.004604655696));
#9901 = CARTESIAN_POINT('',(-2.651729027672,-2.297140153822,13.0212006)
  );
#9902 = PCURVE('',#7438,#9903);
#9903 = DEFINITIONAL_REPRESENTATION('',(#9904),#9910);
#9904 = B_SPLINE_CURVE_WITH_KNOTS('',4,(#9905,#9906,#9907,#9908,#9909),
  .UNSPECIFIED.,.F.,.F.,(5,5),(0.,1.),.PIECEWISE_BEZIER_KNOTS.);
#9905 = CARTESIAN_POINT('',(-3.852341351524,-0.182878130273));
#9906 = CARTESIAN_POINT('',(-3.853054663472,-0.199830863314));
#9907 = CARTESIAN_POINT('',(-3.853811763998,-0.21667674436));
#9908 = CARTESIAN_POINT('',(-3.854613903282,-0.233404655696));
#9909 = CARTESIAN_POINT('',(-3.855462569225,-0.2500006));
#9910 = ( GEOMETRIC_REPRESENTATION_CONTEXT(2) 
PARAMETRIC_REPRESENTATION_CONTEXT() REPRESENTATION_CONTEXT('2D SPACE',''
  ) );
#9911 = PCURVE('',#9912,#9917);
#9912 = CONICAL_SURFACE('',#9913,0.276585,4.229213254215E-02);
#9913 = AXIS2_PLACEMENT_3D('',#9914,#9915,#9916);
#9914 = CARTESIAN_POINT('',(-2.413295340113,-2.413295340113,12.92765));
#9915 = DIRECTION('',(-0.208453530889,-0.208453530889,-0.95555965325));
#9916 = DIRECTION('',(0.977022620228,0.,-0.213135636538));
#9917 = DEFINITIONAL_REPRESENTATION('',(#9918),#9924);
#9918 = B_SPLINE_CURVE_WITH_KNOTS('',4,(#9919,#9920,#9921,#9922,#9923),
  .UNSPECIFIED.,.F.,.F.,(5,5),(0.,1.),.PIECEWISE_BEZIER_KNOTS.);
#9919 = CARTESIAN_POINT('',(-2.663560733685,-3.515879470711E-15));
#9920 = CARTESIAN_POINT('',(-2.684188843439,-1.614432652127E-02));
#9921 = CARTESIAN_POINT('',(-2.705054534819,-3.218387185709E-02));
#9922 = CARTESIAN_POINT('',(-2.7261755325,-4.810810817209E-02));
#9923 = CARTESIAN_POINT('',(-2.747571799303,-6.390379355626E-02));
#9924 = ( GEOMETRIC_REPRESENTATION_CONTEXT(2) 
PARAMETRIC_REPRESENTATION_CONTEXT() REPRESENTATION_CONTEXT('2D SPACE',''
  ) );
#9925 = ORIENTED_EDGE('',*,*,#9926,.T.);
#9926 = EDGE_CURVE('',#9893,#9927,#9929,.T.);
#9927 = VERTEX_POINT('',#9928);
#9928 = CARTESIAN_POINT('',(-2.615562172808,-2.338237422222,
    12.955400384145));
#9929 = SURFACE_CURVE('',#9930,(#9935,#9945),.PCURVE_S1.);
#9930 = ELLIPSE('',#9931,3.671513325272,3.50835);
#9931 = AXIS2_PLACEMENT_3D('',#9932,#9933,#9934);
#9932 = CARTESIAN_POINT('',(0.,0.,11.874738372736));
#9933 = DIRECTION('',(0.208453530889,0.208453530889,0.95555965325));
#9934 = DIRECTION('',(0.675682710641,0.675682710641,-0.294797810508));
#9935 = PCURVE('',#7438,#9936);
#9936 = DEFINITIONAL_REPRESENTATION('',(#9937),#9944);
#9937 = B_SPLINE_CURVE_WITH_KNOTS('',5,(#9938,#9939,#9940,#9941,#9942,
    #9943),.UNSPECIFIED.,.F.,.F.,(6,6),(3.031068546489,3.248086545197),
  .PIECEWISE_BEZIER_KNOTS.);
#9938 = CARTESIAN_POINT('',(-3.816466709887,-0.179288398554));
#9939 = CARTESIAN_POINT('',(-3.859870309628,-0.184470042579));
#9940 = CARTESIAN_POINT('',(-3.90327390937,-0.187118470215));
#9941 = CARTESIAN_POINT('',(-3.946677509111,-0.187213322327));
#9942 = CARTESIAN_POINT('',(-3.990081108853,-0.184754225189));
#9943 = CARTESIAN_POINT('',(-4.033484708594,-0.179760799235));
#9944 = ( GEOMETRIC_REPRESENTATION_CONTEXT(2) 
PARAMETRIC_REPRESENTATION_CONTEXT() REPRESENTATION_CONTEXT('2D SPACE',''
  ) );
#9945 = PCURVE('',#9946,#9951);
#9946 = PLANE('',#9947);
#9947 = AXIS2_PLACEMENT_3D('',#9948,#9949,#9950);
#9948 = CARTESIAN_POINT('',(-2.413295340113,-2.413295340113,12.92765));
#9949 = DIRECTION('',(0.208453530889,0.208453530889,0.95555965325));
#9950 = DIRECTION('',(0.977022620228,0.,-0.213135636538));
#9951 = DEFINITIONAL_REPRESENTATION('',(#9952),#9956);
#9952 = ELLIPSE('',#9953,3.671513325272,3.50835);
#9953 = AXIS2_PLACEMENT_2D('',#9954,#9955);
#9954 = CARTESIAN_POINT('',(2.582257126477,2.467500724379));
#9955 = DIRECTION('',(0.722989211386,0.690859320136));
#9956 = ( GEOMETRIC_REPRESENTATION_CONTEXT(2) 
PARAMETRIC_REPRESENTATION_CONTEXT() REPRESENTATION_CONTEXT('2D SPACE',''
  ) );
#9957 = ORIENTED_EDGE('',*,*,#9958,.F.);
#9958 = EDGE_CURVE('',#9959,#9927,#9961,.T.);
#9959 = VERTEX_POINT('',#9960);
#9960 = CARTESIAN_POINT('',(-2.615853041944,-2.337912014052,
    12.95221375475));
#9961 = SURFACE_CURVE('',#9962,(#9969,#9979),.PCURVE_S1.);
#9962 = B_SPLINE_CURVE_WITH_KNOTS('',5,(#9963,#9964,#9965,#9966,#9967,
    #9968),.UNSPECIFIED.,.F.,.F.,(6,6),(0.,1.),
  .PIECEWISE_BEZIER_KNOTS.);
#9963 = CARTESIAN_POINT('',(-2.616900135089,-2.336739909676,12.92765));
#9964 = CARTESIAN_POINT('',(-2.616900135089,-2.336739909676,
    12.940732824762));
#9965 = CARTESIAN_POINT('',(-2.616160755121,-2.337567905329,
    12.953794139668));
#9966 = CARTESIAN_POINT('',(-2.61468649514,-2.339219001715,
    12.966736975352));
#9967 = CARTESIAN_POINT('',(-2.612483264489,-2.341680975443,
    12.979440163409));
#9968 = CARTESIAN_POINT('',(-2.609579423414,-2.344912568817,
    12.991774891418));
#9969 = PCURVE('',#7438,#9970);
#9970 = DEFINITIONAL_REPRESENTATION('',(#9971),#9978);
#9971 = B_SPLINE_CURVE_WITH_KNOTS('',5,(#9972,#9973,#9974,#9975,#9976,
    #9977),.UNSPECIFIED.,.F.,.F.,(6,6),(0.,1.),
  .PIECEWISE_BEZIER_KNOTS.);
#9972 = CARTESIAN_POINT('',(-3.870494566719,-0.15645));
#9973 = CARTESIAN_POINT('',(-3.870494566719,-0.169532824762));
#9974 = CARTESIAN_POINT('',(-3.870810975042,-0.182594139668));
#9975 = CARTESIAN_POINT('',(-3.871441897703,-0.195536975352));
#9976 = CARTESIAN_POINT('',(-3.872383611235,-0.208240163409));
#9977 = CARTESIAN_POINT('',(-3.873621969166,-0.220574891418));
#9978 = ( GEOMETRIC_REPRESENTATION_CONTEXT(2) 
PARAMETRIC_REPRESENTATION_CONTEXT() REPRESENTATION_CONTEXT('2D SPACE',''
  ) );
#9979 = PCURVE('',#9980,#9985);
#9980 = SPHERICAL_SURFACE('',#9981,0.2175216);
#9981 = AXIS2_PLACEMENT_3D('',#9982,#9983,#9984);
#9982 = CARTESIAN_POINT('',(-2.413295340113,-2.413295340113,12.92765));
#9983 = DIRECTION('',(0.,0.,1.));
#9984 = DIRECTION('',(1.,0.,-0.));
#9985 = DEFINITIONAL_REPRESENTATION('',(#9986),#9993);
#9986 = B_SPLINE_CURVE_WITH_KNOTS('',5,(#9987,#9988,#9989,#9990,#9991,
    #9992),.UNSPECIFIED.,.F.,.F.,(6,6),(0.,1.),
  .PIECEWISE_BEZIER_KNOTS.);
#9987 = CARTESIAN_POINT('',(2.781945440904,0.));
#9988 = CARTESIAN_POINT('',(2.781945440904,6.014494542987E-02));
#9989 = CARTESIAN_POINT('',(2.784311194539,0.120192172455));
#9990 = CARTESIAN_POINT('',(2.789033568547,0.180143502442));
#9991 = CARTESIAN_POINT('',(2.796270093324,0.239900934531));
#9992 = CARTESIAN_POINT('',(2.806355761912,0.299243919015));
#9993 = ( GEOMETRIC_REPRESENTATION_CONTEXT(2) 
PARAMETRIC_REPRESENTATION_CONTEXT() REPRESENTATION_CONTEXT('2D SPACE',''
  ) );
#9994 = ORIENTED_EDGE('',*,*,#9995,.F.);
#9995 = EDGE_CURVE('',#9219,#9959,#9996,.T.);
#9996 = SURFACE_CURVE('',#9997,(#10002,#10012),.PCURVE_S1.);
#9997 = ELLIPSE('',#9998,3.636881563249,3.50835);
#9998 = AXIS2_PLACEMENT_3D('',#9999,#10000,#10001);
#9999 = CARTESIAN_POINT('',(0.,0.,11.995393096602));
#10000 = DIRECTION('',(0.186324040178,0.186324040178,0.964658853742));
#10001 = DIRECTION('',(0.682116817013,0.682116817013,-0.263501984616));
#10002 = PCURVE('',#7438,#10003);
#10003 = DEFINITIONAL_REPRESENTATION('',(#10004),#10011);
#10004 = B_SPLINE_CURVE_WITH_KNOTS('',5,(#10005,#10006,#10007,#10008,
    #10009,#10010),.UNSPECIFIED.,.F.,.F.,(6,6),(3.03127826212,
    3.248702172714),.PIECEWISE_BEZIER_KNOTS.);
#10005 = CARTESIAN_POINT('',(-3.816676425517,-0.176693458715));
#10006 = CARTESIAN_POINT('',(-3.860161207636,-0.181281225391));
#10007 = CARTESIAN_POINT('',(-3.903645989755,-0.183617610189));
#10008 = CARTESIAN_POINT('',(-3.947130771874,-0.183684519725));
#10009 = CARTESIAN_POINT('',(-3.990615553992,-0.181481689379));
#10010 = CARTESIAN_POINT('',(-4.034100336111,-0.177026689513));
#10011 = ( GEOMETRIC_REPRESENTATION_CONTEXT(2) 
PARAMETRIC_REPRESENTATION_CONTEXT() REPRESENTATION_CONTEXT('2D SPACE',''
  ) );
#10012 = PCURVE('',#9235,#10013);
#10013 = DEFINITIONAL_REPRESENTATION('',(#10014),#10018);
#10014 = ELLIPSE('',#10015,3.636881563249,3.50835);
#10015 = AXIS2_PLACEMENT_2D('',#10016,#10017);
#10016 = CARTESIAN_POINT('',(2.54629848468,2.456309377517));
#10017 = DIRECTION('',(0.719710094601,0.694274714885));
#10018 = ( GEOMETRIC_REPRESENTATION_CONTEXT(2) 
PARAMETRIC_REPRESENTATION_CONTEXT() REPRESENTATION_CONTEXT('2D SPACE',''
  ) );
#10019 = ORIENTED_EDGE('',*,*,#9247,.F.);
#10020 = ADVANCED_FACE('',(#10021),#7367,.F.);
#10021 = FACE_BOUND('',#10022,.F.);
#10022 = EDGE_LOOP('',(#10023,#10024,#10025,#10026));
#10023 = ORIENTED_EDGE('',*,*,#9332,.T.);
#10024 = ORIENTED_EDGE('',*,*,#7352,.T.);
#10025 = ORIENTED_EDGE('',*,*,#9354,.T.);
#10026 = ORIENTED_EDGE('',*,*,#10027,.F.);
#10027 = EDGE_CURVE('',#9333,#9355,#10028,.T.);
#10028 = SURFACE_CURVE('',#10029,(#10034,#10041),.PCURVE_S1.);
#10029 = CIRCLE('',#10030,0.235902);
#10030 = AXIS2_PLACEMENT_3D('',#10031,#10032,#10033);
#10031 = CARTESIAN_POINT('',(-2.524636766716,2.524636766716,12.3512));
#10032 = DIRECTION('',(0.186324040178,-0.186324040178,0.964658853742));
#10033 = DIRECTION('',(-0.981852717803,-6.938893903907E-18,
    0.189645038276));
#10034 = PCURVE('',#7367,#10035);
#10035 = DEFINITIONAL_REPRESENTATION('',(#10036),#10040);
#10036 = CIRCLE('',#10037,0.235902);
#10037 = AXIS2_PLACEMENT_2D('',#10038,#10039);
#10038 = CARTESIAN_POINT('',(0.,0.));
#10039 = DIRECTION('',(-1.,0.));
#10040 = ( GEOMETRIC_REPRESENTATION_CONTEXT(2) 
PARAMETRIC_REPRESENTATION_CONTEXT() REPRESENTATION_CONTEXT('2D SPACE',''
  ) );
#10041 = PCURVE('',#9390,#10042);
#10042 = DEFINITIONAL_REPRESENTATION('',(#10043),#10058);
#10043 = B_SPLINE_CURVE_WITH_KNOTS('',7,(#10044,#10045,#10046,#10047,
    #10048,#10049,#10050,#10051,#10052,#10053,#10054,#10055,#10056,
    #10057),.UNSPECIFIED.,.F.,.F.,(8,6,8),(3.944977316266,5.515773643061
    ,7.086569969855),.UNSPECIFIED.);
#10044 = CARTESIAN_POINT('',(0.785398163397,0.));
#10045 = CARTESIAN_POINT('',(1.001867103979,5.912970707684E-02));
#10046 = CARTESIAN_POINT('',(1.218337594725,0.118264846842));
#10047 = CARTESIAN_POINT('',(1.437274741973,0.172835886433));
#10048 = CARTESIAN_POINT('',(1.661147056436,0.218486172987));
#10049 = CARTESIAN_POINT('',(1.890959889113,0.250608293377));
#10050 = CARTESIAN_POINT('',(2.123573937978,0.266650695672));
#10051 = CARTESIAN_POINT('',(2.588815042407,0.266650695672));
#10052 = CARTESIAN_POINT('',(2.821429091272,0.250608293377));
#10053 = CARTESIAN_POINT('',(3.051241923948,0.218486172987));
#10054 = CARTESIAN_POINT('',(3.275114238413,0.172835886433));
#10055 = CARTESIAN_POINT('',(3.494051385659,0.118264846842));
#10056 = CARTESIAN_POINT('',(3.710521876406,5.912970707684E-02));
#10057 = CARTESIAN_POINT('',(3.926990816987,0.));
#10058 = ( GEOMETRIC_REPRESENTATION_CONTEXT(2) 
PARAMETRIC_REPRESENTATION_CONTEXT() REPRESENTATION_CONTEXT('2D SPACE',''
  ) );
#10059 = ADVANCED_FACE('',(#10060),#7606,.T.);
#10060 = FACE_BOUND('',#10061,.F.);
#10061 = EDGE_LOOP('',(#10062,#10092,#10121,#10148,#10180,#10205,#10206,
    #10207,#10208,#10235,#10275,#10307));
#10062 = ORIENTED_EDGE('',*,*,#10063,.F.);
#10063 = EDGE_CURVE('',#10064,#10066,#10068,.T.);
#10064 = VERTEX_POINT('',#10065);
#10065 = CARTESIAN_POINT('',(2.651729098153,2.297140072462,13.0212));
#10066 = VERTEX_POINT('',#10067);
#10067 = CARTESIAN_POINT('',(2.651729098153,-2.297140072462,13.0212));
#10068 = SURFACE_CURVE('',#10069,(#10074,#10081),.PCURVE_S1.);
#10069 = CIRCLE('',#10070,3.50835);
#10070 = AXIS2_PLACEMENT_3D('',#10071,#10072,#10073);
#10071 = CARTESIAN_POINT('',(0.,0.,13.0212));
#10072 = DIRECTION('',(0.,0.,-1.));
#10073 = DIRECTION('',(0.755833681974,0.654763655981,0.));
#10074 = PCURVE('',#7606,#10075);
#10075 = DEFINITIONAL_REPRESENTATION('',(#10076),#10080);
#10076 = LINE('',#10077,#10078);
#10077 = CARTESIAN_POINT('',(-6.997055192133,-0.25));
#10078 = VECTOR('',#10079,1.);
#10079 = DIRECTION('',(1.,-0.));
#10080 = ( GEOMETRIC_REPRESENTATION_CONTEXT(2) 
PARAMETRIC_REPRESENTATION_CONTEXT() REPRESENTATION_CONTEXT('2D SPACE',''
  ) );
#10081 = PCURVE('',#9568,#10082);
#10082 = DEFINITIONAL_REPRESENTATION('',(#10083),#10091);
#10083 = ( BOUNDED_CURVE() B_SPLINE_CURVE(2,(#10084,#10085,#10086,#10087
    ,#10088,#10089,#10090),.UNSPECIFIED.,.T.,.F.) 
B_SPLINE_CURVE_WITH_KNOTS((1,2,2,2,2,1),(-2.094395102393,0.,
    2.094395102393,4.188790204786,6.28318530718,8.377580409573),
.UNSPECIFIED.) CURVE() GEOMETRIC_REPRESENTATION_ITEM() 
RATIONAL_B_SPLINE_CURVE((1.,0.5,1.,0.5,1.,0.5,1.)) REPRESENTATION_ITEM(
  '') );
#10084 = CARTESIAN_POINT('',(2.651729098153,2.297140072462));
#10085 = CARTESIAN_POINT('',(6.630492415759,-2.295789453448));
#10086 = CARTESIAN_POINT('',(0.663517109727,-3.445034799186));
#10087 = CARTESIAN_POINT('',(-5.303458196306,-4.594280144923));
#10088 = CARTESIAN_POINT('',(-3.315246207879,1.147894726724));
#10089 = CARTESIAN_POINT('',(-1.327034219453,6.890069598371));
#10090 = CARTESIAN_POINT('',(2.651729098153,2.297140072462));
#10091 = ( GEOMETRIC_REPRESENTATION_CONTEXT(2) 
PARAMETRIC_REPRESENTATION_CONTEXT() REPRESENTATION_CONTEXT('2D SPACE',''
  ) );
#10092 = ORIENTED_EDGE('',*,*,#10093,.F.);
#10093 = EDGE_CURVE('',#10094,#10064,#10096,.T.);
#10094 = VERTEX_POINT('',#10095);
#10095 = CARTESIAN_POINT('',(2.658885973979,2.288852354321,
    12.954078130273));
#10096 = SURFACE_CURVE('',#10097,(#10103,#10112),.PCURVE_S1.);
#10097 = B_SPLINE_CURVE_WITH_KNOTS('',4,(#10098,#10099,#10100,#10101,
    #10102),.UNSPECIFIED.,.F.,.F.,(5,5),(0.,1.),
  .PIECEWISE_BEZIER_KNOTS.);
#10098 = CARTESIAN_POINT('',(2.658885973979,2.288852354321,
    12.954078130273));
#10099 = CARTESIAN_POINT('',(2.657253308248,2.290748969454,
    12.971030863314));
#10100 = CARTESIAN_POINT('',(2.655518612627,2.292760460171,
    12.98787674436));
#10101 = CARTESIAN_POINT('',(2.653678532288,2.294889721705,
    13.004604655696));
#10102 = CARTESIAN_POINT('',(2.651729027672,2.297140153822,13.0212006));
#10103 = PCURVE('',#7606,#10104);
#10104 = DEFINITIONAL_REPRESENTATION('',(#10105),#10111);
#10105 = B_SPLINE_CURVE_WITH_KNOTS('',4,(#10106,#10107,#10108,#10109,
    #10110),.UNSPECIFIED.,.F.,.F.,(5,5),(0.,0.999990961648),
  .PIECEWISE_BEZIER_KNOTS.);
#10106 = CARTESIAN_POINT('',(-6.993934005114,-0.182878130273));
#10107 = CARTESIAN_POINT('',(-6.994647310615,-0.199830710089));
#10108 = CARTESIAN_POINT('',(-6.995404403902,-0.216676439842));
#10109 = CARTESIAN_POINT('',(-6.996206535122,-0.233404202118));
#10110 = CARTESIAN_POINT('',(-6.997055192133,-0.25));
#10111 = ( GEOMETRIC_REPRESENTATION_CONTEXT(2) 
PARAMETRIC_REPRESENTATION_CONTEXT() REPRESENTATION_CONTEXT('2D SPACE',''
  ) );
#10112 = PCURVE('',#9537,#10113);
#10113 = DEFINITIONAL_REPRESENTATION('',(#10114),#10120);
#10114 = B_SPLINE_CURVE_WITH_KNOTS('',4,(#10115,#10116,#10117,#10118,
    #10119),.UNSPECIFIED.,.F.,.F.,(5,5),(0.,1.),
  .PIECEWISE_BEZIER_KNOTS.);
#10115 = CARTESIAN_POINT('',(-5.805153387275,-3.567466974785E-15));
#10116 = CARTESIAN_POINT('',(-5.825781497029,-1.614432652127E-02));
#10117 = CARTESIAN_POINT('',(-5.846647188409,-3.218387185709E-02));
#10118 = CARTESIAN_POINT('',(-5.86776818609,-4.810810817209E-02));
#10119 = CARTESIAN_POINT('',(-5.889164452892,-6.390379355626E-02));
#10120 = ( GEOMETRIC_REPRESENTATION_CONTEXT(2) 
PARAMETRIC_REPRESENTATION_CONTEXT() REPRESENTATION_CONTEXT('2D SPACE',''
  ) );
#10121 = ORIENTED_EDGE('',*,*,#10122,.T.);
#10122 = EDGE_CURVE('',#10094,#10123,#10125,.T.);
#10123 = VERTEX_POINT('',#10124);
#10124 = CARTESIAN_POINT('',(2.615562172808,2.338237422222,
    12.955400384145));
#10125 = SURFACE_CURVE('',#10126,(#10131,#10141),.PCURVE_S1.);
#10126 = ELLIPSE('',#10127,3.671513325272,3.50835);
#10127 = AXIS2_PLACEMENT_3D('',#10128,#10129,#10130);
#10128 = CARTESIAN_POINT('',(0.,0.,11.874738372736));
#10129 = DIRECTION('',(-0.208453530889,-0.208453530889,0.95555965325));
#10130 = DIRECTION('',(-0.675682710641,-0.675682710641,-0.294797810508)
  );
#10131 = PCURVE('',#7606,#10132);
#10132 = DEFINITIONAL_REPRESENTATION('',(#10133),#10140);
#10133 = B_SPLINE_CURVE_WITH_KNOTS('',5,(#10134,#10135,#10136,#10137,
    #10138,#10139),.UNSPECIFIED.,.F.,.F.,(6,6),(3.066943188127,
    3.085668796362),.PIECEWISE_BEZIER_KNOTS.);
#10134 = CARTESIAN_POINT('',(-6.993934005114,-0.182878130515));
#10135 = CARTESIAN_POINT('',(-6.997679126761,-0.183180444733));
#10136 = CARTESIAN_POINT('',(-7.001424248408,-0.183463835502));
#10137 = CARTESIAN_POINT('',(-7.005169370055,-0.183728293989));
#10138 = CARTESIAN_POINT('',(-7.008914491702,-0.183973812466));
#10139 = CARTESIAN_POINT('',(-7.012659613349,-0.184200384315));
#10140 = ( GEOMETRIC_REPRESENTATION_CONTEXT(2) 
PARAMETRIC_REPRESENTATION_CONTEXT() REPRESENTATION_CONTEXT('2D SPACE',''
  ) );
#10141 = PCURVE('',#9505,#10142);
#10142 = DEFINITIONAL_REPRESENTATION('',(#10143),#10147);
#10143 = ELLIPSE('',#10144,3.671513325272,3.50835);
#10144 = AXIS2_PLACEMENT_2D('',#10145,#10146);
#10145 = CARTESIAN_POINT('',(-2.582257126477,-2.467500724379));
#10146 = DIRECTION('',(-0.722989211386,-0.690859320136));
#10147 = ( GEOMETRIC_REPRESENTATION_CONTEXT(2) 
PARAMETRIC_REPRESENTATION_CONTEXT() REPRESENTATION_CONTEXT('2D SPACE',''
  ) );
#10148 = ORIENTED_EDGE('',*,*,#10149,.F.);
#10149 = EDGE_CURVE('',#10150,#10123,#10152,.T.);
#10150 = VERTEX_POINT('',#10151);
#10151 = CARTESIAN_POINT('',(2.615853041944,2.337912014052,
    12.95221375475));
#10152 = SURFACE_CURVE('',#10153,(#10160,#10170),.PCURVE_S1.);
#10153 = B_SPLINE_CURVE_WITH_KNOTS('',5,(#10154,#10155,#10156,#10157,
    #10158,#10159),.UNSPECIFIED.,.F.,.F.,(6,6),(0.,1.),
  .PIECEWISE_BEZIER_KNOTS.);
#10154 = CARTESIAN_POINT('',(2.616900135089,2.336739909676,12.92765));
#10155 = CARTESIAN_POINT('',(2.616900135089,2.336739909676,
    12.94105772683));
#10156 = CARTESIAN_POINT('',(2.616123579547,2.337609533618,
    12.954443012814));
#10157 = CARTESIAN_POINT('',(2.614575258982,2.339343582933,
    12.967701304158));
#10158 = CARTESIAN_POINT('',(2.612261655391,2.341928595086,
    12.980701455929));
#10159 = CARTESIAN_POINT('',(2.609214441116,2.345318682561,
    12.993304598902));
#10160 = PCURVE('',#7606,#10161);
#10161 = DEFINITIONAL_REPRESENTATION('',(#10162),#10169);
#10162 = B_SPLINE_CURVE_WITH_KNOTS('',5,(#10163,#10164,#10165,#10166,
    #10167,#10168),.UNSPECIFIED.,.F.,.F.,(6,6),(0.367674003086,
    0.415700718957),.PIECEWISE_BEZIER_KNOTS.);
#10163 = CARTESIAN_POINT('',(-7.012535204183,-0.181013756433));
#10164 = CARTESIAN_POINT('',(-7.012558569866,-0.181651790255));
#10165 = CARTESIAN_POINT('',(-7.01258269389,-0.182289483599));
#10166 = CARTESIAN_POINT('',(-7.012607575718,-0.182926823001));
#10167 = CARTESIAN_POINT('',(-7.012633214785,-0.183563794889));
#10168 = CARTESIAN_POINT('',(-7.012659610492,-0.184200385593));
#10169 = ( GEOMETRIC_REPRESENTATION_CONTEXT(2) 
PARAMETRIC_REPRESENTATION_CONTEXT() REPRESENTATION_CONTEXT('2D SPACE',''
  ) );
#10170 = PCURVE('',#9469,#10171);
#10171 = DEFINITIONAL_REPRESENTATION('',(#10172),#10179);
#10172 = B_SPLINE_CURVE_WITH_KNOTS('',5,(#10173,#10174,#10175,#10176,
    #10177,#10178),.UNSPECIFIED.,.F.,.F.,(6,6),(0.,1.),
  .PIECEWISE_BEZIER_KNOTS.);
#10173 = CARTESIAN_POINT('',(5.923538094493,0.));
#10174 = CARTESIAN_POINT('',(5.923538094493,6.163859970489E-02));
#10175 = CARTESIAN_POINT('',(5.926022726128,0.123175342196));
#10176 = CARTESIAN_POINT('',(5.930982596925,0.184611062318));
#10177 = CARTESIAN_POINT('',(5.938591059497,0.245837723457));
#10178 = CARTESIAN_POINT('',(5.949218711463,0.306611857662));
#10179 = ( GEOMETRIC_REPRESENTATION_CONTEXT(2) 
PARAMETRIC_REPRESENTATION_CONTEXT() REPRESENTATION_CONTEXT('2D SPACE',''
  ) );
#10180 = ORIENTED_EDGE('',*,*,#10181,.F.);
#10181 = EDGE_CURVE('',#8238,#10150,#10182,.T.);
#10182 = SURFACE_CURVE('',#10183,(#10188,#10198),.PCURVE_S1.);
#10183 = ELLIPSE('',#10184,3.636881563249,3.50835);
#10184 = AXIS2_PLACEMENT_3D('',#10185,#10186,#10187);
#10185 = CARTESIAN_POINT('',(0.,0.,11.995393096602));
#10186 = DIRECTION('',(-0.186324040178,-0.186324040178,0.964658853742));
#10187 = DIRECTION('',(-0.682116817013,-0.682116817013,-0.263501984616)
  );
#10188 = PCURVE('',#7606,#10189);
#10189 = DEFINITIONAL_REPRESENTATION('',(#10190),#10197);
#10190 = B_SPLINE_CURVE_WITH_KNOTS('',5,(#10191,#10192,#10193,#10194,
    #10195,#10196),.UNSPECIFIED.,.F.,.F.,(6,6),(3.06685858673,
    3.085544390955),.PIECEWISE_BEZIER_KNOTS.);
#10191 = CARTESIAN_POINT('',(-6.993849403717,-0.179843641306));
#10192 = CARTESIAN_POINT('',(-6.997586564562,-0.180111046064));
#10193 = CARTESIAN_POINT('',(-7.001323725407,-0.180361767101));
#10194 = CARTESIAN_POINT('',(-7.005060886252,-0.180595796634));
#10195 = CARTESIAN_POINT('',(-7.008798047097,-0.180813127855));
#10196 = CARTESIAN_POINT('',(-7.012535207942,-0.181013754928));
#10197 = ( GEOMETRIC_REPRESENTATION_CONTEXT(2) 
PARAMETRIC_REPRESENTATION_CONTEXT() REPRESENTATION_CONTEXT('2D SPACE',''
  ) );
#10198 = PCURVE('',#8254,#10199);
#10199 = DEFINITIONAL_REPRESENTATION('',(#10200),#10204);
#10200 = ELLIPSE('',#10201,3.636881563249,3.50835);
#10201 = AXIS2_PLACEMENT_2D('',#10202,#10203);
#10202 = CARTESIAN_POINT('',(-2.54629848468,2.456309377517));
#10203 = DIRECTION('',(-0.719710094601,0.694274714885));
#10204 = ( GEOMETRIC_REPRESENTATION_CONTEXT(2) 
PARAMETRIC_REPRESENTATION_CONTEXT() REPRESENTATION_CONTEXT('2D SPACE',''
  ) );
#10205 = ORIENTED_EDGE('',*,*,#8270,.F.);
#10206 = ORIENTED_EDGE('',*,*,#7585,.T.);
#10207 = ORIENTED_EDGE('',*,*,#8719,.F.);
#10208 = ORIENTED_EDGE('',*,*,#10209,.F.);
#10209 = EDGE_CURVE('',#10210,#8720,#10212,.T.);
#10210 = VERTEX_POINT('',#10211);
#10211 = CARTESIAN_POINT('',(2.615853041944,-2.337912014052,
    12.95221375475));
#10212 = SURFACE_CURVE('',#10213,(#10218,#10228),.PCURVE_S1.);
#10213 = ELLIPSE('',#10214,3.636881563249,3.50835);
#10214 = AXIS2_PLACEMENT_3D('',#10215,#10216,#10217);
#10215 = CARTESIAN_POINT('',(0.,0.,11.995393096602));
#10216 = DIRECTION('',(-0.186324040178,0.186324040178,0.964658853742));
#10217 = DIRECTION('',(-0.682116817013,0.682116817013,-0.263501984616));
#10218 = PCURVE('',#7606,#10219);
#10219 = DEFINITIONAL_REPRESENTATION('',(#10220),#10227);
#10220 = B_SPLINE_CURVE_WITH_KNOTS('',5,(#10221,#10222,#10223,#10224,
    #10225,#10226),.UNSPECIFIED.,.F.,.F.,(6,6),(3.197640916225,
    3.21632672045),.PIECEWISE_BEZIER_KNOTS.);
#10221 = CARTESIAN_POINT('',(-5.553835406417,-0.181013754928));
#10222 = CARTESIAN_POINT('',(-5.557572567262,-0.180813127855));
#10223 = CARTESIAN_POINT('',(-5.561309728107,-0.180595796634));
#10224 = CARTESIAN_POINT('',(-5.565046888952,-0.180361767101));
#10225 = CARTESIAN_POINT('',(-5.568784049797,-0.180111046064));
#10226 = CARTESIAN_POINT('',(-5.572521210642,-0.179843641306));
#10227 = ( GEOMETRIC_REPRESENTATION_CONTEXT(2) 
PARAMETRIC_REPRESENTATION_CONTEXT() REPRESENTATION_CONTEXT('2D SPACE',''
  ) );
#10228 = PCURVE('',#8768,#10229);
#10229 = DEFINITIONAL_REPRESENTATION('',(#10230),#10234);
#10230 = ELLIPSE('',#10231,3.636881563249,3.50835);
#10231 = AXIS2_PLACEMENT_2D('',#10232,#10233);
#10232 = CARTESIAN_POINT('',(2.54629848468,2.456309377517));
#10233 = DIRECTION('',(0.719710094601,0.694274714885));
#10234 = ( GEOMETRIC_REPRESENTATION_CONTEXT(2) 
PARAMETRIC_REPRESENTATION_CONTEXT() REPRESENTATION_CONTEXT('2D SPACE',''
  ) );
#10235 = ORIENTED_EDGE('',*,*,#10236,.F.);
#10236 = EDGE_CURVE('',#10237,#10210,#10239,.T.);
#10237 = VERTEX_POINT('',#10238);
#10238 = CARTESIAN_POINT('',(2.615562172808,-2.338237422222,
    12.955400384145));
#10239 = SURFACE_CURVE('',#10240,(#10248,#10259),.PCURVE_S1.);
#10240 = B_SPLINE_CURVE_WITH_KNOTS('',6,(#10241,#10242,#10243,#10244,
    #10245,#10246,#10247),.UNSPECIFIED.,.F.,.F.,(7,7),(0.,1.),
  .PIECEWISE_BEZIER_KNOTS.);
#10241 = CARTESIAN_POINT('',(2.609214441116,-2.345318682561,
    12.993304598902));
#10242 = CARTESIAN_POINT('',(2.611754502816,-2.342492812577,
    12.982799016466));
#10243 = CARTESIAN_POINT('',(2.613804903403,-2.340204313306,
    12.972029892198));
#10244 = CARTESIAN_POINT('',(2.615350798979,-2.338474999885,
    12.961063638174));
#10245 = CARTESIAN_POINT('',(2.616383577427,-2.337318399683,
    12.949968474757));
#10246 = CARTESIAN_POINT('',(2.616900135089,-2.336739909676,
    12.938810191764));
#10247 = CARTESIAN_POINT('',(2.616900135089,-2.336739909676,12.92765));
#10248 = PCURVE('',#7606,#10249);
#10249 = DEFINITIONAL_REPRESENTATION('',(#10250),#10258);
#10250 = B_SPLINE_CURVE_WITH_KNOTS('',6,(#10251,#10252,#10253,#10254,
    #10255,#10256,#10257),.UNSPECIFIED.,.F.,.F.,(7,7),(0.584158124037,
    0.632179039823),.PIECEWISE_BEZIER_KNOTS.);
#10251 = CARTESIAN_POINT('',(-5.553711001031,-0.184200384156));
#10252 = CARTESIAN_POINT('',(-5.553732997934,-0.183669876495));
#10253 = CARTESIAN_POINT('',(-5.553754490152,-0.183139120258));
#10254 = CARTESIAN_POINT('',(-5.553775477387,-0.182608122714));
#10255 = CARTESIAN_POINT('',(-5.553795959357,-0.182076891123));
#10256 = CARTESIAN_POINT('',(-5.553815935792,-0.181545432727));
#10257 = CARTESIAN_POINT('',(-5.553835406433,-0.181013754757));
#10258 = ( GEOMETRIC_REPRESENTATION_CONTEXT(2) 
PARAMETRIC_REPRESENTATION_CONTEXT() REPRESENTATION_CONTEXT('2D SPACE',''
  ) );
#10259 = PCURVE('',#10260,#10265);
#10260 = SPHERICAL_SURFACE('',#10261,0.2175216);
#10261 = AXIS2_PLACEMENT_3D('',#10262,#10263,#10264);
#10262 = CARTESIAN_POINT('',(2.413295340113,-2.413295340113,12.92765));
#10263 = DIRECTION('',(0.,0.,1.));
#10264 = DIRECTION('',(1.,0.,-0.));
#10265 = DEFINITIONAL_REPRESENTATION('',(#10266),#10274);
#10266 = B_SPLINE_CURVE_WITH_KNOTS('',6,(#10267,#10268,#10269,#10270,
    #10271,#10272,#10273),.UNSPECIFIED.,.F.,.F.,(7,7),(0.,1.),
  .PIECEWISE_BEZIER_KNOTS.);
#10267 = CARTESIAN_POINT('',(6.617151902896,0.306611857663));
#10268 = CARTESIAN_POINT('',(6.626010778342,0.255952456414));
#10269 = CARTESIAN_POINT('',(6.632854534318,0.204997220311));
#10270 = CARTESIAN_POINT('',(6.637872977168,0.153853751932));
#10271 = CARTESIAN_POINT('',(6.641178992056,0.102603491458));
#10272 = CARTESIAN_POINT('',(6.642832519866,5.130613127289E-02));
#10273 = CARTESIAN_POINT('',(6.642832519866,0.));
#10274 = ( GEOMETRIC_REPRESENTATION_CONTEXT(2) 
PARAMETRIC_REPRESENTATION_CONTEXT() REPRESENTATION_CONTEXT('2D SPACE',''
  ) );
#10275 = ORIENTED_EDGE('',*,*,#10276,.T.);
#10276 = EDGE_CURVE('',#10237,#10277,#10279,.T.);
#10277 = VERTEX_POINT('',#10278);
#10278 = CARTESIAN_POINT('',(2.658885973979,-2.288852354321,
    12.954078130273));
#10279 = SURFACE_CURVE('',#10280,(#10285,#10295),.PCURVE_S1.);
#10280 = ELLIPSE('',#10281,3.671513325272,3.50835);
#10281 = AXIS2_PLACEMENT_3D('',#10282,#10283,#10284);
#10282 = CARTESIAN_POINT('',(0.,0.,11.874738372736));
#10283 = DIRECTION('',(-0.208453530889,0.208453530889,0.95555965325));
#10284 = DIRECTION('',(-0.675682710641,0.675682710641,-0.294797810508));
#10285 = PCURVE('',#7606,#10286);
#10286 = DEFINITIONAL_REPRESENTATION('',(#10287),#10294);
#10287 = B_SPLINE_CURVE_WITH_KNOTS('',5,(#10288,#10289,#10290,#10291,
    #10292,#10293),.UNSPECIFIED.,.F.,.F.,(6,6),(3.197516510818,
    3.216242119053),.PIECEWISE_BEZIER_KNOTS.);
#10288 = CARTESIAN_POINT('',(-5.55371100101,-0.184200384347));
#10289 = CARTESIAN_POINT('',(-5.557456122657,-0.18397381249));
#10290 = CARTESIAN_POINT('',(-5.561201244304,-0.183728294005));
#10291 = CARTESIAN_POINT('',(-5.564946365951,-0.18346383551));
#10292 = CARTESIAN_POINT('',(-5.568691487598,-0.183180444731));
#10293 = CARTESIAN_POINT('',(-5.572436609245,-0.182878130504));
#10294 = ( GEOMETRIC_REPRESENTATION_CONTEXT(2) 
PARAMETRIC_REPRESENTATION_CONTEXT() REPRESENTATION_CONTEXT('2D SPACE',''
  ) );
#10295 = PCURVE('',#10296,#10301);
#10296 = PLANE('',#10297);
#10297 = AXIS2_PLACEMENT_3D('',#10298,#10299,#10300);
#10298 = CARTESIAN_POINT('',(2.413295340113,-2.413295340113,12.92765));
#10299 = DIRECTION('',(-0.208453530889,0.208453530889,0.95555965325));
#10300 = DIRECTION('',(0.,0.977022620228,-0.213135636538));
#10301 = DEFINITIONAL_REPRESENTATION('',(#10302),#10306);
#10302 = ELLIPSE('',#10303,3.671513325272,3.50835);
#10303 = AXIS2_PLACEMENT_2D('',#10304,#10305);
#10304 = CARTESIAN_POINT('',(2.582257126477,2.467500724379));
#10305 = DIRECTION('',(0.722989211386,0.690859320136));
#10306 = ( GEOMETRIC_REPRESENTATION_CONTEXT(2) 
PARAMETRIC_REPRESENTATION_CONTEXT() REPRESENTATION_CONTEXT('2D SPACE',''
  ) );
#10307 = ORIENTED_EDGE('',*,*,#10308,.F.);
#10308 = EDGE_CURVE('',#10066,#10277,#10309,.T.);
#10309 = SURFACE_CURVE('',#10310,(#10316,#10325),.PCURVE_S1.);
#10310 = B_SPLINE_CURVE_WITH_KNOTS('',4,(#10311,#10312,#10313,#10314,
    #10315),.UNSPECIFIED.,.F.,.F.,(5,5),(0.,1.),
  .PIECEWISE_BEZIER_KNOTS.);
#10311 = CARTESIAN_POINT('',(2.651729027672,-2.297140153822,13.0212006)
  );
#10312 = CARTESIAN_POINT('',(2.653678532309,-2.294889721681,
    13.004604655517));
#10313 = CARTESIAN_POINT('',(2.655518612623,-2.292760460176,
    12.987876744396));
#10314 = CARTESIAN_POINT('',(2.657253308259,-2.290748969441,
    12.971030863199));
#10315 = CARTESIAN_POINT('',(2.658885973979,-2.288852354321,
    12.954078130273));
#10316 = PCURVE('',#7606,#10317);
#10317 = DEFINITIONAL_REPRESENTATION('',(#10318),#10324);
#10318 = B_SPLINE_CURVE_WITH_KNOTS('',4,(#10319,#10320,#10321,#10322,
    #10323),.UNSPECIFIED.,.F.,.F.,(5,5),(9.038351653689E-06,1.),
  .PIECEWISE_BEZIER_KNOTS.);
#10319 = CARTESIAN_POINT('',(-5.569315422226,-0.25));
#10320 = CARTESIAN_POINT('',(-5.570164079247,-0.233404201939));
#10321 = CARTESIAN_POINT('',(-5.570966210455,-0.216676439878));
#10322 = CARTESIAN_POINT('',(-5.571723303749,-0.199830709974));
#10323 = CARTESIAN_POINT('',(-5.572436609245,-0.182878130273));
#10324 = ( GEOMETRIC_REPRESENTATION_CONTEXT(2) 
PARAMETRIC_REPRESENTATION_CONTEXT() REPRESENTATION_CONTEXT('2D SPACE',''
  ) );
#10325 = PCURVE('',#10326,#10331);
#10326 = CONICAL_SURFACE('',#10327,0.276585,4.229213254215E-02);
#10327 = AXIS2_PLACEMENT_3D('',#10328,#10329,#10330);
#10328 = CARTESIAN_POINT('',(2.413295340113,-2.413295340113,12.92765));
#10329 = DIRECTION('',(0.208453530889,-0.208453530889,-0.95555965325));
#10330 = DIRECTION('',(0.,0.977022620228,-0.213135636538));
#10331 = DEFINITIONAL_REPRESENTATION('',(#10332),#10338);
#10332 = B_SPLINE_CURVE_WITH_KNOTS('',4,(#10333,#10334,#10335,#10336,
    #10337),.UNSPECIFIED.,.F.,.F.,(5,5),(0.,1.),
  .PIECEWISE_BEZIER_KNOTS.);
#10333 = CARTESIAN_POINT('',(-5.060967396837,-6.390379355625E-02));
#10334 = CARTESIAN_POINT('',(-5.082363663871,-4.810810800155E-02));
#10335 = CARTESIAN_POINT('',(-5.103484661273,-3.218387189174E-02));
#10336 = CARTESIAN_POINT('',(-5.12435035284,-1.614432641206E-02));
#10337 = CARTESIAN_POINT('',(-5.144978462455,3.282841168364E-17));
#10338 = ( GEOMETRIC_REPRESENTATION_CONTEXT(2) 
PARAMETRIC_REPRESENTATION_CONTEXT() REPRESENTATION_CONTEXT('2D SPACE',''
  ) );
#10339 = ADVANCED_FACE('',(#10340),#7822,.T.);
#10340 = FACE_BOUND('',#10341,.F.);
#10341 = EDGE_LOOP('',(#10342,#10343,#10344,#10345,#10372,#10404,#10431,
    #10460,#10484,#10513,#10540,#10572));
#10342 = ORIENTED_EDGE('',*,*,#8780,.F.);
#10343 = ORIENTED_EDGE('',*,*,#7805,.F.);
#10344 = ORIENTED_EDGE('',*,*,#9186,.F.);
#10345 = ORIENTED_EDGE('',*,*,#10346,.F.);
#10346 = EDGE_CURVE('',#10347,#9187,#10349,.T.);
#10347 = VERTEX_POINT('',#10348);
#10348 = CARTESIAN_POINT('',(-2.337912014052,-2.615853041944,
    12.95221375475));
#10349 = SURFACE_CURVE('',#10350,(#10355,#10365),.PCURVE_S1.);
#10350 = ELLIPSE('',#10351,3.636881563249,3.50835);
#10351 = AXIS2_PLACEMENT_3D('',#10352,#10353,#10354);
#10352 = CARTESIAN_POINT('',(0.,0.,11.995393096602));
#10353 = DIRECTION('',(0.186324040178,0.186324040178,0.964658853742));
#10354 = DIRECTION('',(0.682116817013,0.682116817013,-0.263501984616));
#10355 = PCURVE('',#7822,#10356);
#10356 = DEFINITIONAL_REPRESENTATION('',(#10357),#10364);
#10357 = B_SPLINE_CURVE_WITH_KNOTS('',5,(#10358,#10359,#10360,#10361,
    #10362,#10363),.UNSPECIFIED.,.F.,.F.,(6,6),(3.03127826212,
    3.248702172714),.PIECEWISE_BEZIER_KNOTS.);
#10358 = CARTESIAN_POINT('',(-3.816676425517,-0.176693458715));
#10359 = CARTESIAN_POINT('',(-3.860161207636,-0.181281225391));
#10360 = CARTESIAN_POINT('',(-3.903645989755,-0.183617610189));
#10361 = CARTESIAN_POINT('',(-3.947130771874,-0.183684519725));
#10362 = CARTESIAN_POINT('',(-3.990615553992,-0.181481689379));
#10363 = CARTESIAN_POINT('',(-4.034100336111,-0.177026689513));
#10364 = ( GEOMETRIC_REPRESENTATION_CONTEXT(2) 
PARAMETRIC_REPRESENTATION_CONTEXT() REPRESENTATION_CONTEXT('2D SPACE',''
  ) );
#10365 = PCURVE('',#9235,#10366);
#10366 = DEFINITIONAL_REPRESENTATION('',(#10367),#10371);
#10367 = ELLIPSE('',#10368,3.636881563249,3.50835);
#10368 = AXIS2_PLACEMENT_2D('',#10369,#10370);
#10369 = CARTESIAN_POINT('',(2.54629848468,2.456309377517));
#10370 = DIRECTION('',(0.719710094601,0.694274714885));
#10371 = ( GEOMETRIC_REPRESENTATION_CONTEXT(2) 
PARAMETRIC_REPRESENTATION_CONTEXT() REPRESENTATION_CONTEXT('2D SPACE',''
  ) );
#10372 = ORIENTED_EDGE('',*,*,#10373,.F.);
#10373 = EDGE_CURVE('',#10374,#10347,#10376,.T.);
#10374 = VERTEX_POINT('',#10375);
#10375 = CARTESIAN_POINT('',(-2.338237422222,-2.615562172808,
    12.955400384145));
#10376 = SURFACE_CURVE('',#10377,(#10384,#10394),.PCURVE_S1.);
#10377 = B_SPLINE_CURVE_WITH_KNOTS('',5,(#10378,#10379,#10380,#10381,
    #10382,#10383),.UNSPECIFIED.,.F.,.F.,(6,6),(0.,1.),
  .PIECEWISE_BEZIER_KNOTS.);
#10378 = CARTESIAN_POINT('',(-2.344912568817,-2.609579423414,
    12.991774891418));
#10379 = CARTESIAN_POINT('',(-2.341680057616,-2.612484089229,
    12.979436660138));
#10380 = CARTESIAN_POINT('',(-2.339217998427,-2.614687386001,
    12.966731377443));
#10381 = CARTESIAN_POINT('',(-2.337566032346,-2.616162441645,
    12.953782744712));
#10382 = CARTESIAN_POINT('',(-2.336739909676,-2.616900135089,
    12.940717683094));
#10383 = CARTESIAN_POINT('',(-2.336739909676,-2.616900135089,12.92765));
#10384 = PCURVE('',#7822,#10385);
#10385 = DEFINITIONAL_REPRESENTATION('',(#10386),#10393);
#10386 = B_SPLINE_CURVE_WITH_KNOTS('',5,(#10387,#10388,#10389,#10390,
    #10391,#10392),.UNSPECIFIED.,.F.,.F.,(6,6),(0.,1.),
  .PIECEWISE_BEZIER_KNOTS.);
#10387 = CARTESIAN_POINT('',(-3.980359664809,-0.220574891418));
#10388 = CARTESIAN_POINT('',(-3.981598374454,-0.208236660138));
#10389 = CARTESIAN_POINT('',(-3.982540118752,-0.195531377443));
#10390 = CARTESIAN_POINT('',(-3.983171377237,-0.182582744712));
#10391 = CARTESIAN_POINT('',(-3.983487067256,-0.169517683094));
#10392 = CARTESIAN_POINT('',(-3.983487067256,-0.15645));
#10393 = ( GEOMETRIC_REPRESENTATION_CONTEXT(2) 
PARAMETRIC_REPRESENTATION_CONTEXT() REPRESENTATION_CONTEXT('2D SPACE',''
  ) );
#10394 = PCURVE('',#9980,#10395);
#10395 = DEFINITIONAL_REPRESENTATION('',(#10396),#10403);
#10396 = B_SPLINE_CURVE_WITH_KNOTS('',5,(#10397,#10398,#10399,#10400,
    #10401,#10402),.UNSPECIFIED.,.F.,.F.,(6,6),(0.,1.),
  .PIECEWISE_BEZIER_KNOTS.);
#10397 = CARTESIAN_POINT('',(5.047625872063,0.299243919016));
#10398 = CARTESIAN_POINT('',(5.057714405151,0.239884080119));
#10399 = CARTESIAN_POINT('',(5.064951212219,0.180117388097));
#10400 = CARTESIAN_POINT('',(5.069675393618,0.120138936486));
#10401 = CARTESIAN_POINT('',(5.072036193071,6.007533547873E-02));
#10402 = CARTESIAN_POINT('',(5.072036193071,0.));
#10403 = ( GEOMETRIC_REPRESENTATION_CONTEXT(2) 
PARAMETRIC_REPRESENTATION_CONTEXT() REPRESENTATION_CONTEXT('2D SPACE',''
  ) );
#10404 = ORIENTED_EDGE('',*,*,#10405,.T.);
#10405 = EDGE_CURVE('',#10374,#10406,#10408,.T.);
#10406 = VERTEX_POINT('',#10407);
#10407 = CARTESIAN_POINT('',(-2.288852354321,-2.658885973979,
    12.954078130273));
#10408 = SURFACE_CURVE('',#10409,(#10414,#10424),.PCURVE_S1.);
#10409 = ELLIPSE('',#10410,3.671513325272,3.50835);
#10410 = AXIS2_PLACEMENT_3D('',#10411,#10412,#10413);
#10411 = CARTESIAN_POINT('',(0.,0.,11.874738372736));
#10412 = DIRECTION('',(0.208453530889,0.208453530889,0.95555965325));
#10413 = DIRECTION('',(0.675682710641,0.675682710641,-0.294797810508));
#10414 = PCURVE('',#7822,#10415);
#10415 = DEFINITIONAL_REPRESENTATION('',(#10416),#10423);
#10416 = B_SPLINE_CURVE_WITH_KNOTS('',5,(#10417,#10418,#10419,#10420,
    #10421,#10422),.UNSPECIFIED.,.F.,.F.,(6,6),(3.031068546489,
    3.248086545197),.PIECEWISE_BEZIER_KNOTS.);
#10417 = CARTESIAN_POINT('',(-3.816466709887,-0.179288398554));
#10418 = CARTESIAN_POINT('',(-3.859870309628,-0.184470042579));
#10419 = CARTESIAN_POINT('',(-3.90327390937,-0.187118470215));
#10420 = CARTESIAN_POINT('',(-3.946677509111,-0.187213322327));
#10421 = CARTESIAN_POINT('',(-3.990081108853,-0.184754225189));
#10422 = CARTESIAN_POINT('',(-4.033484708594,-0.179760799235));
#10423 = ( GEOMETRIC_REPRESENTATION_CONTEXT(2) 
PARAMETRIC_REPRESENTATION_CONTEXT() REPRESENTATION_CONTEXT('2D SPACE',''
  ) );
#10424 = PCURVE('',#9946,#10425);
#10425 = DEFINITIONAL_REPRESENTATION('',(#10426),#10430);
#10426 = ELLIPSE('',#10427,3.671513325272,3.50835);
#10427 = AXIS2_PLACEMENT_2D('',#10428,#10429);
#10428 = CARTESIAN_POINT('',(2.582257126477,2.467500724379));
#10429 = DIRECTION('',(0.722989211386,0.690859320136));
#10430 = ( GEOMETRIC_REPRESENTATION_CONTEXT(2) 
PARAMETRIC_REPRESENTATION_CONTEXT() REPRESENTATION_CONTEXT('2D SPACE',''
  ) );
#10431 = ORIENTED_EDGE('',*,*,#10432,.F.);
#10432 = EDGE_CURVE('',#10433,#10406,#10435,.T.);
#10433 = VERTEX_POINT('',#10434);
#10434 = CARTESIAN_POINT('',(-2.297140072462,-2.651729098153,13.0212));
#10435 = SURFACE_CURVE('',#10436,(#10442,#10451),.PCURVE_S1.);
#10436 = B_SPLINE_CURVE_WITH_KNOTS('',4,(#10437,#10438,#10439,#10440,
    #10441),.UNSPECIFIED.,.F.,.F.,(5,5),(0.,1.),
  .PIECEWISE_BEZIER_KNOTS.);
#10437 = CARTESIAN_POINT('',(-2.297140153822,-2.651729027672,13.0212006)
  );
#10438 = CARTESIAN_POINT('',(-2.294889721681,-2.653678532309,
    13.004604655517));
#10439 = CARTESIAN_POINT('',(-2.292760460176,-2.655518612623,
    12.987876744396));
#10440 = CARTESIAN_POINT('',(-2.290748969441,-2.657253308259,
    12.971030863199));
#10441 = CARTESIAN_POINT('',(-2.288852354321,-2.658885973979,
    12.954078130273));
#10442 = PCURVE('',#7822,#10443);
#10443 = DEFINITIONAL_REPRESENTATION('',(#10444),#10450);
#10444 = B_SPLINE_CURVE_WITH_KNOTS('',4,(#10445,#10446,#10447,#10448,
    #10449),.UNSPECIFIED.,.F.,.F.,(5,5),(0.,1.),
  .PIECEWISE_BEZIER_KNOTS.);
#10445 = CARTESIAN_POINT('',(-3.998519064749,-0.2500006));
#10446 = CARTESIAN_POINT('',(-3.999367730702,-0.233404655517));
#10447 = CARTESIAN_POINT('',(-4.000169869975,-0.216676744396));
#10448 = CARTESIAN_POINT('',(-4.000926970507,-0.199830863199));
#10449 = CARTESIAN_POINT('',(-4.00164028245,-0.182878130273));
#10450 = ( GEOMETRIC_REPRESENTATION_CONTEXT(2) 
PARAMETRIC_REPRESENTATION_CONTEXT() REPRESENTATION_CONTEXT('2D SPACE',''
  ) );
#10451 = PCURVE('',#9912,#10452);
#10452 = DEFINITIONAL_REPRESENTATION('',(#10453),#10459);
#10453 = B_SPLINE_CURVE_WITH_KNOTS('',4,(#10454,#10455,#10456,#10457,
    #10458),.UNSPECIFIED.,.F.,.F.,(5,5),(0.,1.),
  .PIECEWISE_BEZIER_KNOTS.);
#10454 = CARTESIAN_POINT('',(-5.060967396837,-6.390379355633E-02));
#10455 = CARTESIAN_POINT('',(-5.082363663871,-4.810810800162E-02));
#10456 = CARTESIAN_POINT('',(-5.103484661273,-3.21838718918E-02));
#10457 = CARTESIAN_POINT('',(-5.12435035284,-1.614432641208E-02));
#10458 = CARTESIAN_POINT('',(-5.144978462455,4.689773097663E-18));
#10459 = ( GEOMETRIC_REPRESENTATION_CONTEXT(2) 
PARAMETRIC_REPRESENTATION_CONTEXT() REPRESENTATION_CONTEXT('2D SPACE',''
  ) );
#10460 = ORIENTED_EDGE('',*,*,#10461,.T.);
#10461 = EDGE_CURVE('',#10433,#10462,#10464,.T.);
#10462 = VERTEX_POINT('',#10463);
#10463 = CARTESIAN_POINT('',(2.297140072462,-2.651729098153,13.0212));
#10464 = SURFACE_CURVE('',#10465,(#10470,#10477),.PCURVE_S1.);
#10465 = CIRCLE('',#10466,3.50835);
#10466 = AXIS2_PLACEMENT_3D('',#10467,#10468,#10469);
#10467 = CARTESIAN_POINT('',(0.,0.,13.0212));
#10468 = DIRECTION('',(0.,0.,1.));
#10469 = DIRECTION('',(1.,0.,0.));
#10470 = PCURVE('',#7822,#10471);
#10471 = DEFINITIONAL_REPRESENTATION('',(#10472),#10476);
#10472 = LINE('',#10473,#10474);
#10473 = CARTESIAN_POINT('',(-0.,-0.25));
#10474 = VECTOR('',#10475,1.);
#10475 = DIRECTION('',(-1.,0.));
#10476 = ( GEOMETRIC_REPRESENTATION_CONTEXT(2) 
PARAMETRIC_REPRESENTATION_CONTEXT() REPRESENTATION_CONTEXT('2D SPACE',''
  ) );
#10477 = PCURVE('',#9568,#10478);
#10478 = DEFINITIONAL_REPRESENTATION('',(#10479),#10483);
#10479 = CIRCLE('',#10480,3.50835);
#10480 = AXIS2_PLACEMENT_2D('',#10481,#10482);
#10481 = CARTESIAN_POINT('',(1.948836536462E-16,-2.465509873662E-16));
#10482 = DIRECTION('',(1.,0.));
#10483 = ( GEOMETRIC_REPRESENTATION_CONTEXT(2) 
PARAMETRIC_REPRESENTATION_CONTEXT() REPRESENTATION_CONTEXT('2D SPACE',''
  ) );
#10484 = ORIENTED_EDGE('',*,*,#10485,.F.);
#10485 = EDGE_CURVE('',#10486,#10462,#10488,.T.);
#10486 = VERTEX_POINT('',#10487);
#10487 = CARTESIAN_POINT('',(2.288852354321,-2.658885973979,
    12.954078130273));
#10488 = SURFACE_CURVE('',#10489,(#10495,#10504),.PCURVE_S1.);
#10489 = B_SPLINE_CURVE_WITH_KNOTS('',4,(#10490,#10491,#10492,#10493,
    #10494),.UNSPECIFIED.,.F.,.F.,(5,5),(0.,1.),
  .PIECEWISE_BEZIER_KNOTS.);
#10490 = CARTESIAN_POINT('',(2.288852354321,-2.658885973979,
    12.954078130273));
#10491 = CARTESIAN_POINT('',(2.290748969454,-2.657253308248,
    12.971030863314));
#10492 = CARTESIAN_POINT('',(2.292760460171,-2.655518612627,
    12.98787674436));
#10493 = CARTESIAN_POINT('',(2.294889721705,-2.653678532288,
    13.004604655696));
#10494 = CARTESIAN_POINT('',(2.297140153822,-2.651729027672,13.0212006)
  );
#10495 = PCURVE('',#7822,#10496);
#10496 = DEFINITIONAL_REPRESENTATION('',(#10497),#10503);
#10497 = B_SPLINE_CURVE_WITH_KNOTS('',4,(#10498,#10499,#10500,#10501,
    #10502),.UNSPECIFIED.,.F.,.F.,(5,5),(0.,1.),
  .PIECEWISE_BEZIER_KNOTS.);
#10498 = CARTESIAN_POINT('',(-5.423137678319,-0.182878130273));
#10499 = CARTESIAN_POINT('',(-5.423850990267,-0.199830863314));
#10500 = CARTESIAN_POINT('',(-5.424608090793,-0.21667674436));
#10501 = CARTESIAN_POINT('',(-5.425410230077,-0.233404655696));
#10502 = CARTESIAN_POINT('',(-5.42625889602,-0.2500006));
#10503 = ( GEOMETRIC_REPRESENTATION_CONTEXT(2) 
PARAMETRIC_REPRESENTATION_CONTEXT() REPRESENTATION_CONTEXT('2D SPACE',''
  ) );
#10504 = PCURVE('',#10326,#10505);
#10505 = DEFINITIONAL_REPRESENTATION('',(#10506),#10512);
#10506 = B_SPLINE_CURVE_WITH_KNOTS('',4,(#10507,#10508,#10509,#10510,
    #10511),.UNSPECIFIED.,.F.,.F.,(5,5),(0.,1.),
  .PIECEWISE_BEZIER_KNOTS.);
#10507 = CARTESIAN_POINT('',(-2.663560733684,2.08398292257E-13));
#10508 = CARTESIAN_POINT('',(-2.684188843439,-1.614432652111E-02));
#10509 = CARTESIAN_POINT('',(-2.705054534819,-3.218387185696E-02));
#10510 = CARTESIAN_POINT('',(-2.7261755325,-4.810810817205E-02));
#10511 = CARTESIAN_POINT('',(-2.747571799303,-6.390379355626E-02));
#10512 = ( GEOMETRIC_REPRESENTATION_CONTEXT(2) 
PARAMETRIC_REPRESENTATION_CONTEXT() REPRESENTATION_CONTEXT('2D SPACE',''
  ) );
#10513 = ORIENTED_EDGE('',*,*,#10514,.T.);
#10514 = EDGE_CURVE('',#10486,#10515,#10517,.T.);
#10515 = VERTEX_POINT('',#10516);
#10516 = CARTESIAN_POINT('',(2.338237422222,-2.615562172808,
    12.955400384145));
#10517 = SURFACE_CURVE('',#10518,(#10523,#10533),.PCURVE_S1.);
#10518 = ELLIPSE('',#10519,3.671513325272,3.50835);
#10519 = AXIS2_PLACEMENT_3D('',#10520,#10521,#10522);
#10520 = CARTESIAN_POINT('',(0.,0.,11.874738372736));
#10521 = DIRECTION('',(-0.208453530889,0.208453530889,0.95555965325));
#10522 = DIRECTION('',(-0.675682710641,0.675682710641,-0.294797810508));
#10523 = PCURVE('',#7822,#10524);
#10524 = DEFINITIONAL_REPRESENTATION('',(#10525),#10532);
#10525 = B_SPLINE_CURVE_WITH_KNOTS('',5,(#10526,#10527,#10528,#10529,
    #10530,#10531),.UNSPECIFIED.,.F.,.F.,(6,6),(3.031068546489,
    3.248086545197),.PIECEWISE_BEZIER_KNOTS.);
#10526 = CARTESIAN_POINT('',(-5.387263036682,-0.179288398554));
#10527 = CARTESIAN_POINT('',(-5.430666636423,-0.184470042579));
#10528 = CARTESIAN_POINT('',(-5.474070236165,-0.187118470215));
#10529 = CARTESIAN_POINT('',(-5.517473835906,-0.187213322327));
#10530 = CARTESIAN_POINT('',(-5.560877435647,-0.184754225189));
#10531 = CARTESIAN_POINT('',(-5.604281035389,-0.179760799235));
#10532 = ( GEOMETRIC_REPRESENTATION_CONTEXT(2) 
PARAMETRIC_REPRESENTATION_CONTEXT() REPRESENTATION_CONTEXT('2D SPACE',''
  ) );
#10533 = PCURVE('',#10296,#10534);
#10534 = DEFINITIONAL_REPRESENTATION('',(#10535),#10539);
#10535 = ELLIPSE('',#10536,3.671513325272,3.50835);
#10536 = AXIS2_PLACEMENT_2D('',#10537,#10538);
#10537 = CARTESIAN_POINT('',(2.582257126477,2.467500724379));
#10538 = DIRECTION('',(0.722989211386,0.690859320136));
#10539 = ( GEOMETRIC_REPRESENTATION_CONTEXT(2) 
PARAMETRIC_REPRESENTATION_CONTEXT() REPRESENTATION_CONTEXT('2D SPACE',''
  ) );
#10540 = ORIENTED_EDGE('',*,*,#10541,.F.);
#10541 = EDGE_CURVE('',#10542,#10515,#10544,.T.);
#10542 = VERTEX_POINT('',#10543);
#10543 = CARTESIAN_POINT('',(2.337912014052,-2.615853041944,
    12.95221375475));
#10544 = SURFACE_CURVE('',#10545,(#10552,#10562),.PCURVE_S1.);
#10545 = B_SPLINE_CURVE_WITH_KNOTS('',5,(#10546,#10547,#10548,#10549,
    #10550,#10551),.UNSPECIFIED.,.F.,.F.,(6,6),(0.,1.),
  .PIECEWISE_BEZIER_KNOTS.);
#10546 = CARTESIAN_POINT('',(2.336739909676,-2.616900135089,12.92765));
#10547 = CARTESIAN_POINT('',(2.336739909676,-2.616900135089,
    12.941057726829));
#10548 = CARTESIAN_POINT('',(2.337609533618,-2.616123579547,
    12.954443012814));
#10549 = CARTESIAN_POINT('',(2.339343582933,-2.614575258982,
    12.967701304158));
#10550 = CARTESIAN_POINT('',(2.341928595086,-2.612261655391,
    12.980701455929));
#10551 = CARTESIAN_POINT('',(2.345318682561,-2.609214441116,
    12.993304598902));
#10552 = PCURVE('',#7822,#10553);
#10553 = DEFINITIONAL_REPRESENTATION('',(#10554),#10561);
#10554 = B_SPLINE_CURVE_WITH_KNOTS('',5,(#10555,#10556,#10557,#10558,
    #10559,#10560),.UNSPECIFIED.,.F.,.F.,(6,6),(0.,1.),
  .PIECEWISE_BEZIER_KNOTS.);
#10555 = CARTESIAN_POINT('',(-5.441290893514,-0.15645));
#10556 = CARTESIAN_POINT('',(-5.441290893514,-0.169857726829));
#10557 = CARTESIAN_POINT('',(-5.44162321004,-0.183243012814));
#10558 = CARTESIAN_POINT('',(-5.442285829514,-0.196501304158));
#10559 = CARTESIAN_POINT('',(-5.44327465591,-0.209501455929));
#10560 = CARTESIAN_POINT('',(-5.444573931057,-0.222104598902));
#10561 = ( GEOMETRIC_REPRESENTATION_CONTEXT(2) 
PARAMETRIC_REPRESENTATION_CONTEXT() REPRESENTATION_CONTEXT('2D SPACE',''
  ) );
#10562 = PCURVE('',#10260,#10563);
#10563 = DEFINITIONAL_REPRESENTATION('',(#10564),#10571);
#10564 = B_SPLINE_CURVE_WITH_KNOTS('',5,(#10565,#10566,#10567,#10568,
    #10569,#10570),.UNSPECIFIED.,.F.,.F.,(6,6),(0.,1.),
  .PIECEWISE_BEZIER_KNOTS.);
#10565 = CARTESIAN_POINT('',(4.352741767699,0.));
#10566 = CARTESIAN_POINT('',(4.352741767699,6.16385997044E-02));
#10567 = CARTESIAN_POINT('',(4.355226399333,0.123175342196));
#10568 = CARTESIAN_POINT('',(4.360186270131,0.184611062318));
#10569 = CARTESIAN_POINT('',(4.367794732702,0.245837723457));
#10570 = CARTESIAN_POINT('',(4.378422384668,0.306611857662));
#10571 = ( GEOMETRIC_REPRESENTATION_CONTEXT(2) 
PARAMETRIC_REPRESENTATION_CONTEXT() REPRESENTATION_CONTEXT('2D SPACE',''
  ) );
#10572 = ORIENTED_EDGE('',*,*,#10573,.F.);
#10573 = EDGE_CURVE('',#8752,#10542,#10574,.T.);
#10574 = SURFACE_CURVE('',#10575,(#10580,#10590),.PCURVE_S1.);
#10575 = ELLIPSE('',#10576,3.636881563249,3.50835);
#10576 = AXIS2_PLACEMENT_3D('',#10577,#10578,#10579);
#10577 = CARTESIAN_POINT('',(0.,0.,11.995393096602));
#10578 = DIRECTION('',(-0.186324040178,0.186324040178,0.964658853742));
#10579 = DIRECTION('',(-0.682116817013,0.682116817013,-0.263501984616));
#10580 = PCURVE('',#7822,#10581);
#10581 = DEFINITIONAL_REPRESENTATION('',(#10582),#10589);
#10582 = B_SPLINE_CURVE_WITH_KNOTS('',5,(#10583,#10584,#10585,#10586,
    #10587,#10588),.UNSPECIFIED.,.F.,.F.,(6,6),(3.03127826212,
    3.248702172714),.PIECEWISE_BEZIER_KNOTS.);
#10583 = CARTESIAN_POINT('',(-5.387472752312,-0.176693458715));
#10584 = CARTESIAN_POINT('',(-5.430957534431,-0.181281225391));
#10585 = CARTESIAN_POINT('',(-5.47444231655,-0.183617610189));
#10586 = CARTESIAN_POINT('',(-5.517927098669,-0.183684519725));
#10587 = CARTESIAN_POINT('',(-5.561411880787,-0.181481689379));
#10588 = CARTESIAN_POINT('',(-5.604896662906,-0.177026689513));
#10589 = ( GEOMETRIC_REPRESENTATION_CONTEXT(2) 
PARAMETRIC_REPRESENTATION_CONTEXT() REPRESENTATION_CONTEXT('2D SPACE',''
  ) );
#10590 = PCURVE('',#8768,#10591);
#10591 = DEFINITIONAL_REPRESENTATION('',(#10592),#10596);
#10592 = ELLIPSE('',#10593,3.636881563249,3.50835);
#10593 = AXIS2_PLACEMENT_2D('',#10594,#10595);
#10594 = CARTESIAN_POINT('',(2.54629848468,2.456309377517));
#10595 = DIRECTION('',(0.719710094601,0.694274714885));
#10596 = ( GEOMETRIC_REPRESENTATION_CONTEXT(2) 
PARAMETRIC_REPRESENTATION_CONTEXT() REPRESENTATION_CONTEXT('2D SPACE',''
  ) );
#10597 = ADVANCED_FACE('',(#10598),#7887,.F.);
#10598 = FACE_BOUND('',#10599,.T.);
#10599 = EDGE_LOOP('',(#10600,#10623,#10645,#10646));
#10600 = ORIENTED_EDGE('',*,*,#10601,.T.);
#10601 = EDGE_CURVE('',#7871,#10602,#10604,.T.);
#10602 = VERTEX_POINT('',#10603);
#10603 = CARTESIAN_POINT('',(3.0719,3.164516153249E-17,13.0212));
#10604 = SEAM_CURVE('',#10605,(#10609,#10616),.PCURVE_S1.);
#10605 = LINE('',#10606,#10607);
#10606 = CARTESIAN_POINT('',(3.0719,3.164516153249E-17,12.7712));
#10607 = VECTOR('',#10608,1.);
#10608 = DIRECTION('',(0.,0.,1.));
#10609 = PCURVE('',#7887,#10610);
#10610 = DEFINITIONAL_REPRESENTATION('',(#10611),#10615);
#10611 = LINE('',#10612,#10613);
#10612 = CARTESIAN_POINT('',(-0.,0.));
#10613 = VECTOR('',#10614,1.);
#10614 = DIRECTION('',(-0.,-1.));
#10615 = ( GEOMETRIC_REPRESENTATION_CONTEXT(2) 
PARAMETRIC_REPRESENTATION_CONTEXT() REPRESENTATION_CONTEXT('2D SPACE',''
  ) );
#10616 = PCURVE('',#7887,#10617);
#10617 = DEFINITIONAL_REPRESENTATION('',(#10618),#10622);
#10618 = LINE('',#10619,#10620);
#10619 = CARTESIAN_POINT('',(-6.28318530718,0.));
#10620 = VECTOR('',#10621,1.);
#10621 = DIRECTION('',(-0.,-1.));
#10622 = ( GEOMETRIC_REPRESENTATION_CONTEXT(2) 
PARAMETRIC_REPRESENTATION_CONTEXT() REPRESENTATION_CONTEXT('2D SPACE',''
  ) );
#10623 = ORIENTED_EDGE('',*,*,#10624,.T.);
#10624 = EDGE_CURVE('',#10602,#10602,#10625,.T.);
#10625 = SURFACE_CURVE('',#10626,(#10631,#10638),.PCURVE_S1.);
#10626 = CIRCLE('',#10627,3.0719);
#10627 = AXIS2_PLACEMENT_3D('',#10628,#10629,#10630);
#10628 = CARTESIAN_POINT('',(1.670864528916E-14,3.164516153249E-17,
    13.0212));
#10629 = DIRECTION('',(0.,0.,1.));
#10630 = DIRECTION('',(1.,0.,0.));
#10631 = PCURVE('',#7887,#10632);
#10632 = DEFINITIONAL_REPRESENTATION('',(#10633),#10637);
#10633 = LINE('',#10634,#10635);
#10634 = CARTESIAN_POINT('',(-0.,-0.25));
#10635 = VECTOR('',#10636,1.);
#10636 = DIRECTION('',(-1.,0.));
#10637 = ( GEOMETRIC_REPRESENTATION_CONTEXT(2) 
PARAMETRIC_REPRESENTATION_CONTEXT() REPRESENTATION_CONTEXT('2D SPACE',''
  ) );
#10638 = PCURVE('',#9568,#10639);
#10639 = DEFINITIONAL_REPRESENTATION('',(#10640),#10644);
#10640 = CIRCLE('',#10641,3.0719);
#10641 = AXIS2_PLACEMENT_2D('',#10642,#10643);
#10642 = CARTESIAN_POINT('',(1.69035289428E-14,-2.149058258337E-16));
#10643 = DIRECTION('',(1.,0.));
#10644 = ( GEOMETRIC_REPRESENTATION_CONTEXT(2) 
PARAMETRIC_REPRESENTATION_CONTEXT() REPRESENTATION_CONTEXT('2D SPACE',''
  ) );
#10645 = ORIENTED_EDGE('',*,*,#10601,.F.);
#10646 = ORIENTED_EDGE('',*,*,#7870,.F.);
#10647 = ADVANCED_FACE('',(#10648),#7924,.F.);
#10648 = FACE_BOUND('',#10649,.F.);
#10649 = EDGE_LOOP('',(#10650,#10651,#10652,#10691));
#10650 = ORIENTED_EDGE('',*,*,#8126,.T.);
#10651 = ORIENTED_EDGE('',*,*,#7909,.T.);
#10652 = ORIENTED_EDGE('',*,*,#10653,.F.);
#10653 = EDGE_CURVE('',#7936,#7910,#10654,.T.);
#10654 = SURFACE_CURVE('',#10655,(#10660,#10667),.PCURVE_S1.);
#10655 = CIRCLE('',#10656,0.2542824);
#10656 = AXIS2_PLACEMENT_3D('',#10657,#10658,#10659);
#10657 = CARTESIAN_POINT('',(2.621568142792,2.621568142792,11.77475));
#10658 = DIRECTION('',(-0.163590330977,-0.163590330977,0.972870190324));
#10659 = DIRECTION('',(0.707106781187,-0.707106781187,0.));
#10660 = PCURVE('',#7924,#10661);
#10661 = DEFINITIONAL_REPRESENTATION('',(#10662),#10666);
#10662 = CIRCLE('',#10663,0.2542824);
#10663 = AXIS2_PLACEMENT_2D('',#10664,#10665);
#10664 = CARTESIAN_POINT('',(0.,0.));
#10665 = DIRECTION('',(0.697317114445,-0.716762751475));
#10666 = ( GEOMETRIC_REPRESENTATION_CONTEXT(2) 
PARAMETRIC_REPRESENTATION_CONTEXT() REPRESENTATION_CONTEXT('2D SPACE',''
  ) );
#10667 = PCURVE('',#7956,#10668);
#10668 = DEFINITIONAL_REPRESENTATION('',(#10669),#10690);
#10669 = B_SPLINE_CURVE_WITH_KNOTS('',7,(#10670,#10671,#10672,#10673,
    #10674,#10675,#10676,#10677,#10678,#10679,#10680,#10681,#10682,
    #10683,#10684,#10685,#10686,#10687,#10688,#10689),.UNSPECIFIED.,.F.,
  .F.,(8,6,6,8),(0.,0.799148738524,1.970370696057,3.14159265359),
  .UNSPECIFIED.);
#10670 = CARTESIAN_POINT('',(5.497787143782,0.));
#10671 = CARTESIAN_POINT('',(5.608853998832,2.64120558619E-02));
#10672 = CARTESIAN_POINT('',(5.719919935511,5.282337456962E-02));
#10673 = CARTESIAN_POINT('',(5.831241372616,7.870456286116E-02));
#10674 = CARTESIAN_POINT('',(5.9430683398,0.103520578886));
#10675 = CARTESIAN_POINT('',(6.055606307382,0.126752224309));
#10676 = CARTESIAN_POINT('',(6.168978016153,0.147917636416));
#10677 = CARTESIAN_POINT('',(6.450566021822,0.193965292747));
#10678 = CARTESIAN_POINT('',(6.619745175289,0.215991362373));
#10679 = CARTESIAN_POINT('',(6.79073852937,0.231353662815));
#10680 = CARTESIAN_POINT('',(6.963106503708,0.23902540091));
#10681 = CARTESIAN_POINT('',(7.135724514076,0.23853602398));
#10682 = CARTESIAN_POINT('',(7.307585580534,0.23018771579));
#10683 = CARTESIAN_POINT('',(7.648633345491,0.199361706836));
#10684 = CARTESIAN_POINT('',(7.817822925188,0.176885409318));
#10685 = CARTESIAN_POINT('',(7.985073534271,0.148138293954));
#10686 = CARTESIAN_POINT('',(8.150257427097,0.114452023714));
#10687 = CARTESIAN_POINT('',(8.313820265615,7.741814525635E-02));
#10688 = CARTESIAN_POINT('',(8.476601664695,3.870916423663E-02));
#10689 = CARTESIAN_POINT('',(8.639379797372,0.));
#10690 = ( GEOMETRIC_REPRESENTATION_CONTEXT(2) 
PARAMETRIC_REPRESENTATION_CONTEXT() REPRESENTATION_CONTEXT('2D SPACE',''
  ) );
#10691 = ORIENTED_EDGE('',*,*,#7982,.T.);
#10692 = ADVANCED_FACE('',(#10693),#7956,.T.);
#10693 = FACE_BOUND('',#10694,.T.);
#10694 = EDGE_LOOP('',(#10695,#10696));
#10695 = ORIENTED_EDGE('',*,*,#7935,.F.);
#10696 = ORIENTED_EDGE('',*,*,#10653,.F.);
#10697 = ADVANCED_FACE('',(#10698),#8087,.T.);
#10698 = FACE_BOUND('',#10699,.T.);
#10699 = EDGE_LOOP('',(#10700,#10701,#10722,#10772));
#10700 = ORIENTED_EDGE('',*,*,#8068,.F.);
#10701 = ORIENTED_EDGE('',*,*,#10702,.T.);
#10702 = EDGE_CURVE('',#8069,#10703,#10705,.T.);
#10703 = VERTEX_POINT('',#10704);
#10704 = CARTESIAN_POINT('',(2.357828862821,2.691444670611,12.3512));
#10705 = SURFACE_CURVE('',#10706,(#10710,#10716),.PCURVE_S1.);
#10706 = LINE('',#10707,#10708);
#10707 = CARTESIAN_POINT('',(2.524636766716,2.524636766716,12.3512));
#10708 = VECTOR('',#10709,1.);
#10709 = DIRECTION('',(0.707106781187,-0.707106781187,7.842851751966E-15
    ));
#10710 = PCURVE('',#8087,#10711);
#10711 = DEFINITIONAL_REPRESENTATION('',(#10712),#10715);
#10712 = B_SPLINE_CURVE_WITH_KNOTS('',1,(#10713,#10714),.UNSPECIFIED.,
  .F.,.F.,(2,2),(-0.419770871076,0.419770871076),
  .PIECEWISE_BEZIER_KNOTS.);
#10713 = CARTESIAN_POINT('',(-0.292713412547,0.300876124542));
#10714 = CARTESIAN_POINT('',(0.292713412547,-0.300876124542));
#10715 = ( GEOMETRIC_REPRESENTATION_CONTEXT(2) 
PARAMETRIC_REPRESENTATION_CONTEXT() REPRESENTATION_CONTEXT('2D SPACE',''
  ) );
#10716 = PCURVE('',#8343,#10717);
#10717 = DEFINITIONAL_REPRESENTATION('',(#10718),#10721);
#10718 = B_SPLINE_CURVE_WITH_KNOTS('',1,(#10719,#10720),.UNSPECIFIED.,
  .F.,.F.,(2,2),(-0.419770871076,0.419770871076),
  .PIECEWISE_BEZIER_KNOTS.);
#10719 = CARTESIAN_POINT('',(0.291436301834,0.302113333333));
#10720 = CARTESIAN_POINT('',(-0.291436301834,-0.302113333333));
#10721 = ( GEOMETRIC_REPRESENTATION_CONTEXT(2) 
PARAMETRIC_REPRESENTATION_CONTEXT() REPRESENTATION_CONTEXT('2D SPACE',''
  ) );
#10722 = ORIENTED_EDGE('',*,*,#10723,.T.);
#10723 = EDGE_CURVE('',#10703,#10724,#10726,.T.);
#10724 = VERTEX_POINT('',#10725);
#10725 = CARTESIAN_POINT('',(2.691444670611,2.357828862821,12.3512));
#10726 = SURFACE_CURVE('',#10727,(#10732,#10743),.PCURVE_S1.);
#10727 = CIRCLE('',#10728,0.235902);
#10728 = AXIS2_PLACEMENT_3D('',#10729,#10730,#10731);
#10729 = CARTESIAN_POINT('',(2.524636766716,2.524636766716,12.3512));
#10730 = DIRECTION('',(0.163590330977,0.163590330977,-0.972870190324));
#10731 = DIRECTION('',(-0.707106781187,0.707106781187,
    -1.387778780781E-17));
#10732 = PCURVE('',#8087,#10733);
#10733 = DEFINITIONAL_REPRESENTATION('',(#10734),#10742);
#10734 = ( BOUNDED_CURVE() B_SPLINE_CURVE(2,(#10735,#10736,#10737,#10738
    ,#10739,#10740,#10741),.UNSPECIFIED.,.T.,.F.) 
B_SPLINE_CURVE_WITH_KNOTS((1,2,2,2,2,1),(-2.094395102393,0.,
    2.094395102393,4.188790204786,6.28318530718,8.377580409573),
.UNSPECIFIED.) CURVE() GEOMETRIC_REPRESENTATION_ITEM() 
RATIONAL_B_SPLINE_CURVE((1.,0.5,1.,0.5,1.,0.5,1.)) REPRESENTATION_ITEM(
  '') );
#10735 = CARTESIAN_POINT('',(-0.164498501932,0.169085766598));
#10736 = CARTESIAN_POINT('',(0.128366636654,0.454005529713));
#10737 = CARTESIAN_POINT('',(0.228681820259,5.791699825817E-02));
#10738 = CARTESIAN_POINT('',(0.328997003864,-0.338171533197));
#10739 = CARTESIAN_POINT('',(-6.418331832676E-02,-0.227002764857));
#10740 = CARTESIAN_POINT('',(-0.457363640517,-0.115833996516));
#10741 = CARTESIAN_POINT('',(-0.164498501932,0.169085766598));
#10742 = ( GEOMETRIC_REPRESENTATION_CONTEXT(2) 
PARAMETRIC_REPRESENTATION_CONTEXT() REPRESENTATION_CONTEXT('2D SPACE',''
  ) );
#10743 = PCURVE('',#10744,#10749);
#10744 = SPHERICAL_SURFACE('',#10745,0.235902);
#10745 = AXIS2_PLACEMENT_3D('',#10746,#10747,#10748);
#10746 = CARTESIAN_POINT('',(2.524636766716,2.524636766716,12.3512));
#10747 = DIRECTION('',(0.,0.,1.));
#10748 = DIRECTION('',(1.,0.,-0.));
#10749 = DEFINITIONAL_REPRESENTATION('',(#10750),#10771);
#10750 = B_SPLINE_CURVE_WITH_KNOTS('',7,(#10751,#10752,#10753,#10754,
    #10755,#10756,#10757,#10758,#10759,#10760,#10761,#10762,#10763,
    #10764,#10765,#10766,#10767,#10768,#10769,#10770),.UNSPECIFIED.,.F.,
  .F.,(8,6,6,8),(0.,1.171221957533,2.342443915065,3.14159265359),
  .UNSPECIFIED.);
#10751 = CARTESIAN_POINT('',(8.639379797372,0.));
#10752 = CARTESIAN_POINT('',(8.476601664695,3.870916423663E-02));
#10753 = CARTESIAN_POINT('',(8.313820265615,7.741814525637E-02));
#10754 = CARTESIAN_POINT('',(8.150257427097,0.114452023714));
#10755 = CARTESIAN_POINT('',(7.985073534271,0.148138293954));
#10756 = CARTESIAN_POINT('',(7.817822925188,0.176885409318));
#10757 = CARTESIAN_POINT('',(7.648633345491,0.199361706836));
#10758 = CARTESIAN_POINT('',(7.307585580534,0.23018771579));
#10759 = CARTESIAN_POINT('',(7.135724514076,0.23853602398));
#10760 = CARTESIAN_POINT('',(6.963106503708,0.23902540091));
#10761 = CARTESIAN_POINT('',(6.79073852937,0.231353662815));
#10762 = CARTESIAN_POINT('',(6.619745175289,0.215991362373));
#10763 = CARTESIAN_POINT('',(6.450566021822,0.193965292747));
#10764 = CARTESIAN_POINT('',(6.168978016153,0.147917636416));
#10765 = CARTESIAN_POINT('',(6.055606307382,0.126752224309));
#10766 = CARTESIAN_POINT('',(5.9430683398,0.103520578886));
#10767 = CARTESIAN_POINT('',(5.831241372616,7.870456286116E-02));
#10768 = CARTESIAN_POINT('',(5.719919935511,5.282337456962E-02));
#10769 = CARTESIAN_POINT('',(5.608853998832,2.64120558619E-02));
#10770 = CARTESIAN_POINT('',(5.497787143782,0.));
#10771 = ( GEOMETRIC_REPRESENTATION_CONTEXT(2) 
PARAMETRIC_REPRESENTATION_CONTEXT() REPRESENTATION_CONTEXT('2D SPACE',''
  ) );
#10772 = ORIENTED_EDGE('',*,*,#10773,.T.);
#10773 = EDGE_CURVE('',#10724,#8071,#10774,.T.);
#10774 = SURFACE_CURVE('',#10775,(#10779,#10785),.PCURVE_S1.);
#10775 = LINE('',#10776,#10777);
#10776 = CARTESIAN_POINT('',(2.524636766716,2.524636766716,12.3512));
#10777 = VECTOR('',#10778,1.);
#10778 = DIRECTION('',(0.707106781187,-0.707106781187,7.842851751966E-15
    ));
#10779 = PCURVE('',#8087,#10780);
#10780 = DEFINITIONAL_REPRESENTATION('',(#10781),#10784);
#10781 = B_SPLINE_CURVE_WITH_KNOTS('',1,(#10782,#10783),.UNSPECIFIED.,
  .F.,.F.,(2,2),(-0.419770871076,0.419770871076),
  .PIECEWISE_BEZIER_KNOTS.);
#10782 = CARTESIAN_POINT('',(-0.292713412547,0.300876124542));
#10783 = CARTESIAN_POINT('',(0.292713412547,-0.300876124542));
#10784 = ( GEOMETRIC_REPRESENTATION_CONTEXT(2) 
PARAMETRIC_REPRESENTATION_CONTEXT() REPRESENTATION_CONTEXT('2D SPACE',''
  ) );
#10785 = PCURVE('',#8343,#10786);
#10786 = DEFINITIONAL_REPRESENTATION('',(#10787),#10790);
#10787 = B_SPLINE_CURVE_WITH_KNOTS('',1,(#10788,#10789),.UNSPECIFIED.,
  .F.,.F.,(2,2),(-0.419770871076,0.419770871076),
  .PIECEWISE_BEZIER_KNOTS.);
#10788 = CARTESIAN_POINT('',(0.291436301834,0.302113333333));
#10789 = CARTESIAN_POINT('',(-0.291436301834,-0.302113333333));
#10790 = ( GEOMETRIC_REPRESENTATION_CONTEXT(2) 
PARAMETRIC_REPRESENTATION_CONTEXT() REPRESENTATION_CONTEXT('2D SPACE',''
  ) );
#10791 = ADVANCED_FACE('',(#10792),#8343,.F.);
#10792 = FACE_BOUND('',#10793,.F.);
#10793 = EDGE_LOOP('',(#10794,#10795,#10796,#10835));
#10794 = ORIENTED_EDGE('',*,*,#8328,.T.);
#10795 = ORIENTED_EDGE('',*,*,#10702,.T.);
#10796 = ORIENTED_EDGE('',*,*,#10797,.F.);
#10797 = EDGE_CURVE('',#10724,#10703,#10798,.T.);
#10798 = SURFACE_CURVE('',#10799,(#10804,#10811),.PCURVE_S1.);
#10799 = CIRCLE('',#10800,0.235902);
#10800 = AXIS2_PLACEMENT_3D('',#10801,#10802,#10803);
#10801 = CARTESIAN_POINT('',(2.524636766716,2.524636766716,12.3512));
#10802 = DIRECTION('',(-0.186324040178,-0.186324040178,0.964658853742));
#10803 = DIRECTION('',(0.707106781187,-0.707106781187,0.));
#10804 = PCURVE('',#8343,#10805);
#10805 = DEFINITIONAL_REPRESENTATION('',(#10806),#10810);
#10806 = CIRCLE('',#10807,0.235902);
#10807 = AXIS2_PLACEMENT_2D('',#10808,#10809);
#10808 = CARTESIAN_POINT('',(0.,0.));
#10809 = DIRECTION('',(-0.694274714885,-0.719710094601));
#10810 = ( GEOMETRIC_REPRESENTATION_CONTEXT(2) 
PARAMETRIC_REPRESENTATION_CONTEXT() REPRESENTATION_CONTEXT('2D SPACE',''
  ) );
#10811 = PCURVE('',#10744,#10812);
#10812 = DEFINITIONAL_REPRESENTATION('',(#10813),#10834);
#10813 = B_SPLINE_CURVE_WITH_KNOTS('',7,(#10814,#10815,#10816,#10817,
    #10818,#10819,#10820,#10821,#10822,#10823,#10824,#10825,#10826,
    #10827,#10828,#10829,#10830,#10831,#10832,#10833),.UNSPECIFIED.,.F.,
  .F.,(8,6,6,8),(0.,0.803384662676,1.972488658133,3.14159265359),
  .UNSPECIFIED.);
#10814 = CARTESIAN_POINT('',(5.497787143782,0.));
#10815 = CARTESIAN_POINT('',(5.608500304898,3.024192186073E-02));
#10816 = CARTESIAN_POINT('',(5.719212654312,6.048266428758E-02));
#10817 = CARTESIAN_POINT('',(5.83025781738,9.012118977327E-02));
#10818 = CARTESIAN_POINT('',(5.941964131239,0.118547497931));
#10819 = CARTESIAN_POINT('',(6.05460375345,0.145165575025));
#10820 = CARTESIAN_POINT('',(6.168341770648,0.169416343503));
#10821 = CARTESIAN_POINT('',(6.450308285312,0.221919494359));
#10822 = CARTESIAN_POINT('',(6.619776588458,0.246970305557));
#10823 = CARTESIAN_POINT('',(6.791617353085,0.264435952946));
#10824 = CARTESIAN_POINT('',(6.965279608197,0.273102357183));
#10825 = CARTESIAN_POINT('',(7.139252951059,0.272397476065));
#10826 = CARTESIAN_POINT('',(7.31220408755,0.262706082705));
#10827 = CARTESIAN_POINT('',(7.654566400976,0.227234283197));
#10828 = CARTESIAN_POINT('',(7.82398183286,0.20145562372));
#10829 = CARTESIAN_POINT('',(7.990845728003,0.168576108945));
#10830 = CARTESIAN_POINT('',(8.155035159076,0.13015922741));
#10831 = CARTESIAN_POINT('',(8.317150537101,8.80175556196E-02));
#10832 = CARTESIAN_POINT('',(8.478267437349,4.400874614648E-02));
#10833 = CARTESIAN_POINT('',(8.639379797372,0.));
#10834 = ( GEOMETRIC_REPRESENTATION_CONTEXT(2) 
PARAMETRIC_REPRESENTATION_CONTEXT() REPRESENTATION_CONTEXT('2D SPACE',''
  ) );
#10835 = ORIENTED_EDGE('',*,*,#10773,.T.);
#10836 = ADVANCED_FACE('',(#10837),#8254,.T.);
#10837 = FACE_BOUND('',#10838,.T.);
#10838 = EDGE_LOOP('',(#10839,#10840,#10841,#10884));
#10839 = ORIENTED_EDGE('',*,*,#8237,.F.);
#10840 = ORIENTED_EDGE('',*,*,#9418,.F.);
#10841 = ORIENTED_EDGE('',*,*,#10842,.T.);
#10842 = EDGE_CURVE('',#9419,#10150,#10843,.T.);
#10843 = SURFACE_CURVE('',#10844,(#10849,#10860),.PCURVE_S1.);
#10844 = CIRCLE('',#10845,0.2175216);
#10845 = AXIS2_PLACEMENT_3D('',#10846,#10847,#10848);
#10846 = CARTESIAN_POINT('',(2.413295340113,2.413295340113,12.92765));
#10847 = DIRECTION('',(0.186324040178,0.186324040178,-0.964658853742));
#10848 = DIRECTION('',(-0.707106781187,0.707106781187,0.));
#10849 = PCURVE('',#8254,#10850);
#10850 = DEFINITIONAL_REPRESENTATION('',(#10851),#10859);
#10851 = ( BOUNDED_CURVE() B_SPLINE_CURVE(2,(#10852,#10853,#10854,#10855
    ,#10856,#10857,#10858),.UNSPECIFIED.,.T.,.F.) 
B_SPLINE_CURVE_WITH_KNOTS((1,2,2,2,2,1),(-2.094395102393,0.,
    2.094395102393,4.188790204786,6.28318530718,8.377580409573),
.UNSPECIFIED.) CURVE() GEOMETRIC_REPRESENTATION_ITEM() 
RATIONAL_B_SPLINE_CURVE((1.,0.5,1.,0.5,1.,0.5,1.)) REPRESENTATION_ITEM(
  '') );
#10852 = CARTESIAN_POINT('',(0.151019746821,0.156552491314));
#10853 = CARTESIAN_POINT('',(0.422176615828,-0.105021383127));
#10854 = CARTESIAN_POINT('',(6.006856109288E-02,-0.209063182877));
#10855 = CARTESIAN_POINT('',(-0.302039493643,-0.313104982628));
#10856 = CARTESIAN_POINT('',(-0.211088307914,5.251069156344E-02));
#10857 = CARTESIAN_POINT('',(-0.120137122186,0.418126365755));
#10858 = CARTESIAN_POINT('',(0.151019746821,0.156552491314));
#10859 = ( GEOMETRIC_REPRESENTATION_CONTEXT(2) 
PARAMETRIC_REPRESENTATION_CONTEXT() REPRESENTATION_CONTEXT('2D SPACE',''
  ) );
#10860 = PCURVE('',#9469,#10861);
#10861 = DEFINITIONAL_REPRESENTATION('',(#10862),#10883);
#10862 = B_SPLINE_CURVE_WITH_KNOTS('',7,(#10863,#10864,#10865,#10866,
    #10867,#10868,#10869,#10870,#10871,#10872,#10873,#10874,#10875,
    #10876,#10877,#10878,#10879,#10880,#10881,#10882),.UNSPECIFIED.,.F.,
  .F.,(8,6,6,8),(0.,1.169103995457,2.338207990914,3.14159265359),
  .UNSPECIFIED.);
#10863 = CARTESIAN_POINT('',(8.639379797372,0.));
#10864 = CARTESIAN_POINT('',(8.478267437349,4.400874614648E-02));
#10865 = CARTESIAN_POINT('',(8.317150537101,8.801755561958E-02));
#10866 = CARTESIAN_POINT('',(8.155035159076,0.13015922741));
#10867 = CARTESIAN_POINT('',(7.990845728003,0.168576108945));
#10868 = CARTESIAN_POINT('',(7.82398183286,0.20145562372));
#10869 = CARTESIAN_POINT('',(7.654566400976,0.227234283197));
#10870 = CARTESIAN_POINT('',(7.31220408755,0.262706082705));
#10871 = CARTESIAN_POINT('',(7.139252951059,0.272397476064));
#10872 = CARTESIAN_POINT('',(6.965279608197,0.273102357184));
#10873 = CARTESIAN_POINT('',(6.791617353085,0.264435952946));
#10874 = CARTESIAN_POINT('',(6.619776588458,0.246970305557));
#10875 = CARTESIAN_POINT('',(6.450308285312,0.221919494359));
#10876 = CARTESIAN_POINT('',(6.168341770648,0.169416343503));
#10877 = CARTESIAN_POINT('',(6.05460375345,0.145165575025));
#10878 = CARTESIAN_POINT('',(5.941964131239,0.118547497931));
#10879 = CARTESIAN_POINT('',(5.83025781738,9.012118977328E-02));
#10880 = CARTESIAN_POINT('',(5.719212654312,6.048266428759E-02));
#10881 = CARTESIAN_POINT('',(5.608500304898,3.024192186073E-02));
#10882 = CARTESIAN_POINT('',(5.497787143782,0.));
#10883 = ( GEOMETRIC_REPRESENTATION_CONTEXT(2) 
PARAMETRIC_REPRESENTATION_CONTEXT() REPRESENTATION_CONTEXT('2D SPACE',''
  ) );
#10884 = ORIENTED_EDGE('',*,*,#10181,.F.);
#10885 = ADVANCED_FACE('',(#10886),#8383,.F.);
#10886 = FACE_BOUND('',#10887,.F.);
#10887 = EDGE_LOOP('',(#10888,#10889,#10890,#10929));
#10888 = ORIENTED_EDGE('',*,*,#8585,.T.);
#10889 = ORIENTED_EDGE('',*,*,#8368,.T.);
#10890 = ORIENTED_EDGE('',*,*,#10891,.F.);
#10891 = EDGE_CURVE('',#8395,#8369,#10892,.T.);
#10892 = SURFACE_CURVE('',#10893,(#10898,#10905),.PCURVE_S1.);
#10893 = CIRCLE('',#10894,0.2542824);
#10894 = AXIS2_PLACEMENT_3D('',#10895,#10896,#10897);
#10895 = CARTESIAN_POINT('',(2.621568142792,-2.621568142792,11.77475));
#10896 = DIRECTION('',(-0.163590330977,0.163590330977,0.972870190324));
#10897 = DIRECTION('',(-0.707106781187,-0.707106781187,0.));
#10898 = PCURVE('',#8383,#10899);
#10899 = DEFINITIONAL_REPRESENTATION('',(#10900),#10904);
#10900 = CIRCLE('',#10901,0.2542824);
#10901 = AXIS2_PLACEMENT_2D('',#10902,#10903);
#10902 = CARTESIAN_POINT('',(0.,0.));
#10903 = DIRECTION('',(-0.697317114445,-0.716762751475));
#10904 = ( GEOMETRIC_REPRESENTATION_CONTEXT(2) 
PARAMETRIC_REPRESENTATION_CONTEXT() REPRESENTATION_CONTEXT('2D SPACE',''
  ) );
#10905 = PCURVE('',#8415,#10906);
#10906 = DEFINITIONAL_REPRESENTATION('',(#10907),#10928);
#10907 = B_SPLINE_CURVE_WITH_KNOTS('',7,(#10908,#10909,#10910,#10911,
    #10912,#10913,#10914,#10915,#10916,#10917,#10918,#10919,#10920,
    #10921,#10922,#10923,#10924,#10925,#10926,#10927),.UNSPECIFIED.,.F.,
  .F.,(8,6,6,8),(0.,1.171221957533,2.342443915065,3.14159265359),
  .UNSPECIFIED.);
#10908 = CARTESIAN_POINT('',(3.926990816987,0.));
#10909 = CARTESIAN_POINT('',(4.089768949664,3.870916423663E-02));
#10910 = CARTESIAN_POINT('',(4.252550348744,7.741814525635E-02));
#10911 = CARTESIAN_POINT('',(4.416113187262,0.114452023714));
#10912 = CARTESIAN_POINT('',(4.581297080087,0.148138293954));
#10913 = CARTESIAN_POINT('',(4.748547689171,0.176885409318));
#10914 = CARTESIAN_POINT('',(4.917737268868,0.199361706836));
#10915 = CARTESIAN_POINT('',(5.258785033825,0.23018771579));
#10916 = CARTESIAN_POINT('',(5.430646100283,0.23853602398));
#10917 = CARTESIAN_POINT('',(5.603264110649,0.23902540091));
#10918 = CARTESIAN_POINT('',(5.775632084991,0.231353662815));
#10919 = CARTESIAN_POINT('',(5.94662543907,0.215991362373));
#10920 = CARTESIAN_POINT('',(6.115804592537,0.193965292747));
#10921 = CARTESIAN_POINT('',(6.397392598206,0.147917636416));
#10922 = CARTESIAN_POINT('',(6.510764306977,0.126752224309));
#10923 = CARTESIAN_POINT('',(6.623302274559,0.103520578886));
#10924 = CARTESIAN_POINT('',(6.735129241743,7.870456286116E-02));
#10925 = CARTESIAN_POINT('',(6.846450678848,5.282337456962E-02));
#10926 = CARTESIAN_POINT('',(6.957516615528,2.64120558619E-02));
#10927 = CARTESIAN_POINT('',(7.068583470577,0.));
#10928 = ( GEOMETRIC_REPRESENTATION_CONTEXT(2) 
PARAMETRIC_REPRESENTATION_CONTEXT() REPRESENTATION_CONTEXT('2D SPACE',''
  ) );
#10929 = ORIENTED_EDGE('',*,*,#8441,.T.);
#10930 = ADVANCED_FACE('',(#10931),#8415,.T.);
#10931 = FACE_BOUND('',#10932,.T.);
#10932 = EDGE_LOOP('',(#10933,#10934));
#10933 = ORIENTED_EDGE('',*,*,#8394,.F.);
#10934 = ORIENTED_EDGE('',*,*,#10891,.F.);
#10935 = ADVANCED_FACE('',(#10936),#8546,.T.);
#10936 = FACE_BOUND('',#10937,.T.);
#10937 = EDGE_LOOP('',(#10938,#10939,#10960,#11010));
#10938 = ORIENTED_EDGE('',*,*,#8527,.F.);
#10939 = ORIENTED_EDGE('',*,*,#10940,.T.);
#10940 = EDGE_CURVE('',#8528,#10941,#10943,.T.);
#10941 = VERTEX_POINT('',#10942);
#10942 = CARTESIAN_POINT('',(2.691444670611,-2.357828862821,12.3512));
#10943 = SURFACE_CURVE('',#10944,(#10948,#10954),.PCURVE_S1.);
#10944 = LINE('',#10945,#10946);
#10945 = CARTESIAN_POINT('',(2.524636766716,-2.524636766716,12.3512));
#10946 = VECTOR('',#10947,1.);
#10947 = DIRECTION('',(-0.707106781187,-0.707106781187,
    -7.842851751966E-15));
#10948 = PCURVE('',#8546,#10949);
#10949 = DEFINITIONAL_REPRESENTATION('',(#10950),#10953);
#10950 = B_SPLINE_CURVE_WITH_KNOTS('',1,(#10951,#10952),.UNSPECIFIED.,
  .F.,.F.,(2,2),(-0.419770871076,0.419770871076),
  .PIECEWISE_BEZIER_KNOTS.);
#10951 = CARTESIAN_POINT('',(0.292713412547,0.300876124542));
#10952 = CARTESIAN_POINT('',(-0.292713412547,-0.300876124542));
#10953 = ( GEOMETRIC_REPRESENTATION_CONTEXT(2) 
PARAMETRIC_REPRESENTATION_CONTEXT() REPRESENTATION_CONTEXT('2D SPACE',''
  ) );
#10954 = PCURVE('',#8704,#10955);
#10955 = DEFINITIONAL_REPRESENTATION('',(#10956),#10959);
#10956 = B_SPLINE_CURVE_WITH_KNOTS('',1,(#10957,#10958),.UNSPECIFIED.,
  .F.,.F.,(2,2),(-0.419770871076,0.419770871076),
  .PIECEWISE_BEZIER_KNOTS.);
#10957 = CARTESIAN_POINT('',(0.291436301834,-0.302113333333));
#10958 = CARTESIAN_POINT('',(-0.291436301834,0.302113333333));
#10959 = ( GEOMETRIC_REPRESENTATION_CONTEXT(2) 
PARAMETRIC_REPRESENTATION_CONTEXT() REPRESENTATION_CONTEXT('2D SPACE',''
  ) );
#10960 = ORIENTED_EDGE('',*,*,#10961,.T.);
#10961 = EDGE_CURVE('',#10941,#10962,#10964,.T.);
#10962 = VERTEX_POINT('',#10963);
#10963 = CARTESIAN_POINT('',(2.357828862821,-2.691444670611,12.3512));
#10964 = SURFACE_CURVE('',#10965,(#10970,#10981),.PCURVE_S1.);
#10965 = CIRCLE('',#10966,0.235902);
#10966 = AXIS2_PLACEMENT_3D('',#10967,#10968,#10969);
#10967 = CARTESIAN_POINT('',(2.524636766716,-2.524636766716,12.3512));
#10968 = DIRECTION('',(0.163590330977,-0.163590330977,-0.972870190324));
#10969 = DIRECTION('',(0.707106781187,0.707106781187,1.387778780781E-17)
  );
#10970 = PCURVE('',#8546,#10971);
#10971 = DEFINITIONAL_REPRESENTATION('',(#10972),#10980);
#10972 = ( BOUNDED_CURVE() B_SPLINE_CURVE(2,(#10973,#10974,#10975,#10976
    ,#10977,#10978,#10979),.UNSPECIFIED.,.T.,.F.) 
B_SPLINE_CURVE_WITH_KNOTS((1,2,2,2,2,1),(-2.094395102393,0.,
    2.094395102393,4.188790204786,6.28318530718,8.377580409573),
.UNSPECIFIED.) CURVE() GEOMETRIC_REPRESENTATION_ITEM() 
RATIONAL_B_SPLINE_CURVE((1.,0.5,1.,0.5,1.,0.5,1.)) REPRESENTATION_ITEM(
  '') );
#10973 = CARTESIAN_POINT('',(0.164498501932,0.169085766598));
#10974 = CARTESIAN_POINT('',(0.457363640517,-0.115833996516));
#10975 = CARTESIAN_POINT('',(6.418331832676E-02,-0.227002764857));
#10976 = CARTESIAN_POINT('',(-0.328997003864,-0.338171533197));
#10977 = CARTESIAN_POINT('',(-0.228681820259,5.791699825817E-02));
#10978 = CARTESIAN_POINT('',(-0.128366636654,0.454005529713));
#10979 = CARTESIAN_POINT('',(0.164498501932,0.169085766598));
#10980 = ( GEOMETRIC_REPRESENTATION_CONTEXT(2) 
PARAMETRIC_REPRESENTATION_CONTEXT() REPRESENTATION_CONTEXT('2D SPACE',''
  ) );
#10981 = PCURVE('',#10982,#10987);
#10982 = SPHERICAL_SURFACE('',#10983,0.235902);
#10983 = AXIS2_PLACEMENT_3D('',#10984,#10985,#10986);
#10984 = CARTESIAN_POINT('',(2.524636766716,-2.524636766716,12.3512));
#10985 = DIRECTION('',(0.,0.,1.));
#10986 = DIRECTION('',(1.,0.,-0.));
#10987 = DEFINITIONAL_REPRESENTATION('',(#10988),#11009);
#10988 = B_SPLINE_CURVE_WITH_KNOTS('',7,(#10989,#10990,#10991,#10992,
    #10993,#10994,#10995,#10996,#10997,#10998,#10999,#11000,#11001,
    #11002,#11003,#11004,#11005,#11006,#11007,#11008),.UNSPECIFIED.,.F.,
  .F.,(8,6,6,8),(0.,0.799148738524,1.970370696057,3.14159265359),
  .UNSPECIFIED.);
#10989 = CARTESIAN_POINT('',(7.068583470577,0.));
#10990 = CARTESIAN_POINT('',(6.957516615528,2.64120558619E-02));
#10991 = CARTESIAN_POINT('',(6.846450678848,5.282337456962E-02));
#10992 = CARTESIAN_POINT('',(6.735129241743,7.870456286116E-02));
#10993 = CARTESIAN_POINT('',(6.623302274559,0.103520578886));
#10994 = CARTESIAN_POINT('',(6.510764306977,0.126752224309));
#10995 = CARTESIAN_POINT('',(6.397392598206,0.147917636416));
#10996 = CARTESIAN_POINT('',(6.115804592537,0.193965292747));
#10997 = CARTESIAN_POINT('',(5.94662543907,0.215991362373));
#10998 = CARTESIAN_POINT('',(5.775632084991,0.231353662815));
#10999 = CARTESIAN_POINT('',(5.603264110651,0.23902540091));
#11000 = CARTESIAN_POINT('',(5.430646100283,0.23853602398));
#11001 = CARTESIAN_POINT('',(5.258785033825,0.23018771579));
#11002 = CARTESIAN_POINT('',(4.917737268868,0.199361706836));
#11003 = CARTESIAN_POINT('',(4.748547689171,0.176885409318));
#11004 = CARTESIAN_POINT('',(4.581297080087,0.148138293954));
#11005 = CARTESIAN_POINT('',(4.416113187262,0.114452023714));
#11006 = CARTESIAN_POINT('',(4.252550348744,7.741814525636E-02));
#11007 = CARTESIAN_POINT('',(4.089768949664,3.870916423663E-02));
#11008 = CARTESIAN_POINT('',(3.926990816987,0.));
#11009 = ( GEOMETRIC_REPRESENTATION_CONTEXT(2) 
PARAMETRIC_REPRESENTATION_CONTEXT() REPRESENTATION_CONTEXT('2D SPACE',''
  ) );
#11010 = ORIENTED_EDGE('',*,*,#11011,.T.);
#11011 = EDGE_CURVE('',#10962,#8530,#11012,.T.);
#11012 = SURFACE_CURVE('',#11013,(#11017,#11023),.PCURVE_S1.);
#11013 = LINE('',#11014,#11015);
#11014 = CARTESIAN_POINT('',(2.524636766716,-2.524636766716,12.3512));
#11015 = VECTOR('',#11016,1.);
#11016 = DIRECTION('',(-0.707106781187,-0.707106781187,
    -7.842851751966E-15));
#11017 = PCURVE('',#8546,#11018);
#11018 = DEFINITIONAL_REPRESENTATION('',(#11019),#11022);
#11019 = B_SPLINE_CURVE_WITH_KNOTS('',1,(#11020,#11021),.UNSPECIFIED.,
  .F.,.F.,(2,2),(-0.419770871076,0.419770871076),
  .PIECEWISE_BEZIER_KNOTS.);
#11020 = CARTESIAN_POINT('',(0.292713412547,0.300876124542));
#11021 = CARTESIAN_POINT('',(-0.292713412547,-0.300876124542));
#11022 = ( GEOMETRIC_REPRESENTATION_CONTEXT(2) 
PARAMETRIC_REPRESENTATION_CONTEXT() REPRESENTATION_CONTEXT('2D SPACE',''
  ) );
#11023 = PCURVE('',#8704,#11024);
#11024 = DEFINITIONAL_REPRESENTATION('',(#11025),#11028);
#11025 = B_SPLINE_CURVE_WITH_KNOTS('',1,(#11026,#11027),.UNSPECIFIED.,
  .F.,.F.,(2,2),(-0.419770871076,0.419770871076),
  .PIECEWISE_BEZIER_KNOTS.);
#11026 = CARTESIAN_POINT('',(0.291436301834,-0.302113333333));
#11027 = CARTESIAN_POINT('',(-0.291436301834,0.302113333333));
#11028 = ( GEOMETRIC_REPRESENTATION_CONTEXT(2) 
PARAMETRIC_REPRESENTATION_CONTEXT() REPRESENTATION_CONTEXT('2D SPACE',''
  ) );
#11029 = ADVANCED_FACE('',(#11030),#8768,.T.);
#11030 = FACE_BOUND('',#11031,.T.);
#11031 = EDGE_LOOP('',(#11032,#11075,#11076,#11077));
#11032 = ORIENTED_EDGE('',*,*,#11033,.T.);
#11033 = EDGE_CURVE('',#10210,#10542,#11034,.T.);
#11034 = SURFACE_CURVE('',#11035,(#11040,#11051),.PCURVE_S1.);
#11035 = CIRCLE('',#11036,0.2175216);
#11036 = AXIS2_PLACEMENT_3D('',#11037,#11038,#11039);
#11037 = CARTESIAN_POINT('',(2.413295340113,-2.413295340113,12.92765));
#11038 = DIRECTION('',(0.186324040178,-0.186324040178,-0.964658853742));
#11039 = DIRECTION('',(0.707106781187,0.707106781187,0.));
#11040 = PCURVE('',#8768,#11041);
#11041 = DEFINITIONAL_REPRESENTATION('',(#11042),#11050);
#11042 = ( BOUNDED_CURVE() B_SPLINE_CURVE(2,(#11043,#11044,#11045,#11046
    ,#11047,#11048,#11049),.UNSPECIFIED.,.T.,.F.) 
B_SPLINE_CURVE_WITH_KNOTS((1,2,2,2,2,1),(-2.094395102393,0.,
    2.094395102393,4.188790204786,6.28318530718,8.377580409573),
.UNSPECIFIED.) CURVE() GEOMETRIC_REPRESENTATION_ITEM() 
RATIONAL_B_SPLINE_CURVE((1.,0.5,1.,0.5,1.,0.5,1.)) REPRESENTATION_ITEM(
  '') );
#11043 = CARTESIAN_POINT('',(0.151019746821,-0.156552491314));
#11044 = CARTESIAN_POINT('',(-0.120137122186,-0.418126365755));
#11045 = CARTESIAN_POINT('',(-0.211088307914,-5.251069156344E-02));
#11046 = CARTESIAN_POINT('',(-0.302039493643,0.313104982628));
#11047 = CARTESIAN_POINT('',(6.006856109288E-02,0.209063182877));
#11048 = CARTESIAN_POINT('',(0.422176615828,0.105021383127));
#11049 = CARTESIAN_POINT('',(0.151019746821,-0.156552491314));
#11050 = ( GEOMETRIC_REPRESENTATION_CONTEXT(2) 
PARAMETRIC_REPRESENTATION_CONTEXT() REPRESENTATION_CONTEXT('2D SPACE',''
  ) );
#11051 = PCURVE('',#10260,#11052);
#11052 = DEFINITIONAL_REPRESENTATION('',(#11053),#11074);
#11053 = B_SPLINE_CURVE_WITH_KNOTS('',7,(#11054,#11055,#11056,#11057,
    #11058,#11059,#11060,#11061,#11062,#11063,#11064,#11065,#11066,
    #11067,#11068,#11069,#11070,#11071,#11072,#11073),.UNSPECIFIED.,.F.,
  .F.,(8,6,6,8),(0.,0.803384662676,1.972488658133,3.14159265359),
  .UNSPECIFIED.);
#11054 = CARTESIAN_POINT('',(7.068583470577,0.));
#11055 = CARTESIAN_POINT('',(6.957870309461,3.024192186073E-02));
#11056 = CARTESIAN_POINT('',(6.847157960047,6.048266428759E-02));
#11057 = CARTESIAN_POINT('',(6.736112796979,9.012118977328E-02));
#11058 = CARTESIAN_POINT('',(6.62440648312,0.118547497931));
#11059 = CARTESIAN_POINT('',(6.511766860909,0.145165575025));
#11060 = CARTESIAN_POINT('',(6.398028843712,0.169416343503));
#11061 = CARTESIAN_POINT('',(6.116062329048,0.221919494359));
#11062 = CARTESIAN_POINT('',(5.946594025902,0.246970305557));
#11063 = CARTESIAN_POINT('',(5.774753261275,0.264435952946));
#11064 = CARTESIAN_POINT('',(5.601091006163,0.273102357184));
#11065 = CARTESIAN_POINT('',(5.427117663301,0.272397476064));
#11066 = CARTESIAN_POINT('',(5.254166526809,0.262706082705));
#11067 = CARTESIAN_POINT('',(4.911804213383,0.227234283197));
#11068 = CARTESIAN_POINT('',(4.742388781499,0.20145562372));
#11069 = CARTESIAN_POINT('',(4.575524886356,0.168576108945));
#11070 = CARTESIAN_POINT('',(4.411335455283,0.13015922741));
#11071 = CARTESIAN_POINT('',(4.249220077258,8.801755561958E-02));
#11072 = CARTESIAN_POINT('',(4.088103177011,4.400874614648E-02));
#11073 = CARTESIAN_POINT('',(3.926990816987,0.));
#11074 = ( GEOMETRIC_REPRESENTATION_CONTEXT(2) 
PARAMETRIC_REPRESENTATION_CONTEXT() REPRESENTATION_CONTEXT('2D SPACE',''
  ) );
#11075 = ORIENTED_EDGE('',*,*,#10573,.F.);
#11076 = ORIENTED_EDGE('',*,*,#8751,.T.);
#11077 = ORIENTED_EDGE('',*,*,#10209,.F.);
#11078 = ADVANCED_FACE('',(#11079),#8704,.F.);
#11079 = FACE_BOUND('',#11080,.F.);
#11080 = EDGE_LOOP('',(#11081,#11082,#11083,#11084));
#11081 = ORIENTED_EDGE('',*,*,#11011,.T.);
#11082 = ORIENTED_EDGE('',*,*,#8689,.T.);
#11083 = ORIENTED_EDGE('',*,*,#10940,.T.);
#11084 = ORIENTED_EDGE('',*,*,#11085,.F.);
#11085 = EDGE_CURVE('',#10962,#10941,#11086,.T.);
#11086 = SURFACE_CURVE('',#11087,(#11092,#11099),.PCURVE_S1.);
#11087 = CIRCLE('',#11088,0.235902);
#11088 = AXIS2_PLACEMENT_3D('',#11089,#11090,#11091);
#11089 = CARTESIAN_POINT('',(2.524636766716,-2.524636766716,12.3512));
#11090 = DIRECTION('',(-0.186324040178,0.186324040178,0.964658853742));
#11091 = DIRECTION('',(-0.707106781187,-0.707106781187,
    -2.775557561563E-17));
#11092 = PCURVE('',#8704,#11093);
#11093 = DEFINITIONAL_REPRESENTATION('',(#11094),#11098);
#11094 = CIRCLE('',#11095,0.235902);
#11095 = AXIS2_PLACEMENT_2D('',#11096,#11097);
#11096 = CARTESIAN_POINT('',(0.,0.));
#11097 = DIRECTION('',(-0.694274714885,0.719710094601));
#11098 = ( GEOMETRIC_REPRESENTATION_CONTEXT(2) 
PARAMETRIC_REPRESENTATION_CONTEXT() REPRESENTATION_CONTEXT('2D SPACE',''
  ) );
#11099 = PCURVE('',#10982,#11100);
#11100 = DEFINITIONAL_REPRESENTATION('',(#11101),#11122);
#11101 = B_SPLINE_CURVE_WITH_KNOTS('',7,(#11102,#11103,#11104,#11105,
    #11106,#11107,#11108,#11109,#11110,#11111,#11112,#11113,#11114,
    #11115,#11116,#11117,#11118,#11119,#11120,#11121),.UNSPECIFIED.,.F.,
  .F.,(8,6,6,8),(0.,1.169103995457,2.338207990914,3.14159265359),
  .UNSPECIFIED.);
#11102 = CARTESIAN_POINT('',(3.926990816987,0.));
#11103 = CARTESIAN_POINT('',(4.088103177011,4.400874614648E-02));
#11104 = CARTESIAN_POINT('',(4.249220077258,8.80175556196E-02));
#11105 = CARTESIAN_POINT('',(4.411335455283,0.13015922741));
#11106 = CARTESIAN_POINT('',(4.575524886356,0.168576108945));
#11107 = CARTESIAN_POINT('',(4.742388781499,0.20145562372));
#11108 = CARTESIAN_POINT('',(4.911804213383,0.227234283197));
#11109 = CARTESIAN_POINT('',(5.254166526809,0.262706082705));
#11110 = CARTESIAN_POINT('',(5.427117663301,0.272397476064));
#11111 = CARTESIAN_POINT('',(5.601091006163,0.273102357184));
#11112 = CARTESIAN_POINT('',(5.774753261275,0.264435952946));
#11113 = CARTESIAN_POINT('',(5.946594025901,0.246970305557));
#11114 = CARTESIAN_POINT('',(6.116062329048,0.221919494359));
#11115 = CARTESIAN_POINT('',(6.398028843712,0.169416343503));
#11116 = CARTESIAN_POINT('',(6.511766860909,0.145165575025));
#11117 = CARTESIAN_POINT('',(6.62440648312,0.118547497931));
#11118 = CARTESIAN_POINT('',(6.736112796979,9.012118977327E-02));
#11119 = CARTESIAN_POINT('',(6.847157960047,6.048266428758E-02));
#11120 = CARTESIAN_POINT('',(6.957870309461,3.024192186073E-02));
#11121 = CARTESIAN_POINT('',(7.068583470577,0.));
#11122 = ( GEOMETRIC_REPRESENTATION_CONTEXT(2) 
PARAMETRIC_REPRESENTATION_CONTEXT() REPRESENTATION_CONTEXT('2D SPACE',''
  ) );
#11123 = ADVANCED_FACE('',(#11124),#8894,.F.);
#11124 = FACE_BOUND('',#11125,.F.);
#11125 = EDGE_LOOP('',(#11126,#11127,#11128,#11129));
#11126 = ORIENTED_EDGE('',*,*,#8879,.T.);
#11127 = ORIENTED_EDGE('',*,*,#9074,.T.);
#11128 = ORIENTED_EDGE('',*,*,#8906,.T.);
#11129 = ORIENTED_EDGE('',*,*,#11130,.F.);
#11130 = EDGE_CURVE('',#8880,#8907,#11131,.T.);
#11131 = SURFACE_CURVE('',#11132,(#11137,#11144),.PCURVE_S1.);
#11132 = CIRCLE('',#11133,0.2542824);
#11133 = AXIS2_PLACEMENT_3D('',#11134,#11135,#11136);
#11134 = CARTESIAN_POINT('',(-2.621568142792,-2.621568142792,11.77475));
#11135 = DIRECTION('',(0.163590330977,0.163590330977,0.972870190324));
#11136 = DIRECTION('',(-0.707106781187,0.707106781187,0.));
#11137 = PCURVE('',#8894,#11138);
#11138 = DEFINITIONAL_REPRESENTATION('',(#11139),#11143);
#11139 = CIRCLE('',#11140,0.2542824);
#11140 = AXIS2_PLACEMENT_2D('',#11141,#11142);
#11141 = CARTESIAN_POINT('',(0.,0.));
#11142 = DIRECTION('',(-0.697317114445,0.716762751475));
#11143 = ( GEOMETRIC_REPRESENTATION_CONTEXT(2) 
PARAMETRIC_REPRESENTATION_CONTEXT() REPRESENTATION_CONTEXT('2D SPACE',''
  ) );
#11144 = PCURVE('',#8942,#11145);
#11145 = DEFINITIONAL_REPRESENTATION('',(#11146),#11161);
#11146 = B_SPLINE_CURVE_WITH_KNOTS('',7,(#11147,#11148,#11149,#11150,
    #11151,#11152,#11153,#11154,#11155,#11156,#11157,#11158,#11159,
    #11160),.UNSPECIFIED.,.F.,.F.,(8,6,8),(0.,1.570796326795,
    3.14159265359),.UNSPECIFIED.);
#11147 = CARTESIAN_POINT('',(2.356194490192,0.));
#11148 = CARTESIAN_POINT('',(2.574506050394,5.191519216758E-02));
#11149 = CARTESIAN_POINT('',(2.792819812374,0.103833880882));
#11150 = CARTESIAN_POINT('',(3.013043343304,0.151686180768));
#11151 = CARTESIAN_POINT('',(3.237134465906,0.19154218125));
#11152 = CARTESIAN_POINT('',(3.465681627279,0.219499362573));
#11153 = CARTESIAN_POINT('',(3.696333656877,0.23346681162));
#11154 = CARTESIAN_POINT('',(4.157647977098,0.23346681162));
#11155 = CARTESIAN_POINT('',(4.388300006696,0.219499362573));
#11156 = CARTESIAN_POINT('',(4.616847168067,0.19154218125));
#11157 = CARTESIAN_POINT('',(4.840938290675,0.151686180768));
#11158 = CARTESIAN_POINT('',(5.061161821599,0.103833880882));
#11159 = CARTESIAN_POINT('',(5.279475583581,5.191519216758E-02));
#11160 = CARTESIAN_POINT('',(5.497787143782,0.));
#11161 = ( GEOMETRIC_REPRESENTATION_CONTEXT(2) 
PARAMETRIC_REPRESENTATION_CONTEXT() REPRESENTATION_CONTEXT('2D SPACE',''
  ) );
#11162 = ADVANCED_FACE('',(#11163),#8942,.T.);
#11163 = FACE_BOUND('',#11164,.T.);
#11164 = EDGE_LOOP('',(#11165,#11166));
#11165 = ORIENTED_EDGE('',*,*,#8927,.T.);
#11166 = ORIENTED_EDGE('',*,*,#11130,.F.);
#11167 = ADVANCED_FACE('',(#11168),#9039,.T.);
#11168 = FACE_BOUND('',#11169,.T.);
#11169 = EDGE_LOOP('',(#11170,#11191,#11192,#11213));
#11170 = ORIENTED_EDGE('',*,*,#11171,.T.);
#11171 = EDGE_CURVE('',#11172,#9024,#11174,.T.);
#11172 = VERTEX_POINT('',#11173);
#11173 = CARTESIAN_POINT('',(-2.691444670611,-2.357828862821,12.3512));
#11174 = SURFACE_CURVE('',#11175,(#11179,#11185),.PCURVE_S1.);
#11175 = LINE('',#11176,#11177);
#11176 = CARTESIAN_POINT('',(-2.524636766716,-2.524636766716,12.3512));
#11177 = VECTOR('',#11178,1.);
#11178 = DIRECTION('',(-0.707106781187,0.707106781187,0.));
#11179 = PCURVE('',#9039,#11180);
#11180 = DEFINITIONAL_REPRESENTATION('',(#11181),#11184);
#11181 = B_SPLINE_CURVE_WITH_KNOTS('',1,(#11182,#11183),.UNSPECIFIED.,
  .F.,.F.,(2,2),(-0.419770871076,0.419770871076),
  .PIECEWISE_BEZIER_KNOTS.);
#11182 = CARTESIAN_POINT('',(0.292713412547,-0.300876124542));
#11183 = CARTESIAN_POINT('',(-0.292713412547,0.300876124542));
#11184 = ( GEOMETRIC_REPRESENTATION_CONTEXT(2) 
PARAMETRIC_REPRESENTATION_CONTEXT() REPRESENTATION_CONTEXT('2D SPACE',''
  ) );
#11185 = PCURVE('',#9171,#11186);
#11186 = DEFINITIONAL_REPRESENTATION('',(#11187),#11190);
#11187 = B_SPLINE_CURVE_WITH_KNOTS('',1,(#11188,#11189),.UNSPECIFIED.,
  .F.,.F.,(2,2),(-0.419770871076,0.419770871076),
  .PIECEWISE_BEZIER_KNOTS.);
#11188 = CARTESIAN_POINT('',(0.291436301834,-0.302113333333));
#11189 = CARTESIAN_POINT('',(-0.291436301834,0.302113333333));
#11190 = ( GEOMETRIC_REPRESENTATION_CONTEXT(2) 
PARAMETRIC_REPRESENTATION_CONTEXT() REPRESENTATION_CONTEXT('2D SPACE',''
  ) );
#11191 = ORIENTED_EDGE('',*,*,#9023,.T.);
#11192 = ORIENTED_EDGE('',*,*,#11193,.T.);
#11193 = EDGE_CURVE('',#9001,#11194,#11196,.T.);
#11194 = VERTEX_POINT('',#11195);
#11195 = CARTESIAN_POINT('',(-2.357828862821,-2.691444670611,12.3512));
#11196 = SURFACE_CURVE('',#11197,(#11201,#11207),.PCURVE_S1.);
#11197 = LINE('',#11198,#11199);
#11198 = CARTESIAN_POINT('',(-2.524636766716,-2.524636766716,12.3512));
#11199 = VECTOR('',#11200,1.);
#11200 = DIRECTION('',(-0.707106781187,0.707106781187,0.));
#11201 = PCURVE('',#9039,#11202);
#11202 = DEFINITIONAL_REPRESENTATION('',(#11203),#11206);
#11203 = B_SPLINE_CURVE_WITH_KNOTS('',1,(#11204,#11205),.UNSPECIFIED.,
  .F.,.F.,(2,2),(-0.419770871076,0.419770871076),
  .PIECEWISE_BEZIER_KNOTS.);
#11204 = CARTESIAN_POINT('',(0.292713412547,-0.300876124542));
#11205 = CARTESIAN_POINT('',(-0.292713412547,0.300876124542));
#11206 = ( GEOMETRIC_REPRESENTATION_CONTEXT(2) 
PARAMETRIC_REPRESENTATION_CONTEXT() REPRESENTATION_CONTEXT('2D SPACE',''
  ) );
#11207 = PCURVE('',#9171,#11208);
#11208 = DEFINITIONAL_REPRESENTATION('',(#11209),#11212);
#11209 = B_SPLINE_CURVE_WITH_KNOTS('',1,(#11210,#11211),.UNSPECIFIED.,
  .F.,.F.,(2,2),(-0.419770871076,0.419770871076),
  .PIECEWISE_BEZIER_KNOTS.);
#11210 = CARTESIAN_POINT('',(0.291436301834,-0.302113333333));
#11211 = CARTESIAN_POINT('',(-0.291436301834,0.302113333333));
#11212 = ( GEOMETRIC_REPRESENTATION_CONTEXT(2) 
PARAMETRIC_REPRESENTATION_CONTEXT() REPRESENTATION_CONTEXT('2D SPACE',''
  ) );
#11213 = ORIENTED_EDGE('',*,*,#11214,.F.);
#11214 = EDGE_CURVE('',#11172,#11194,#11215,.T.);
#11215 = SURFACE_CURVE('',#11216,(#11221,#11228),.PCURVE_S1.);
#11216 = CIRCLE('',#11217,0.235902);
#11217 = AXIS2_PLACEMENT_3D('',#11218,#11219,#11220);
#11218 = CARTESIAN_POINT('',(-2.524636766716,-2.524636766716,12.3512));
#11219 = DIRECTION('',(0.163590330977,0.163590330977,0.972870190324));
#11220 = DIRECTION('',(-0.707106781187,0.707106781187,0.));
#11221 = PCURVE('',#9039,#11222);
#11222 = DEFINITIONAL_REPRESENTATION('',(#11223),#11227);
#11223 = CIRCLE('',#11224,0.235902);
#11224 = AXIS2_PLACEMENT_2D('',#11225,#11226);
#11225 = CARTESIAN_POINT('',(0.,0.));
#11226 = DIRECTION('',(-0.697317114445,0.716762751475));
#11227 = ( GEOMETRIC_REPRESENTATION_CONTEXT(2) 
PARAMETRIC_REPRESENTATION_CONTEXT() REPRESENTATION_CONTEXT('2D SPACE',''
  ) );
#11228 = PCURVE('',#11229,#11234);
#11229 = SPHERICAL_SURFACE('',#11230,0.235902);
#11230 = AXIS2_PLACEMENT_3D('',#11231,#11232,#11233);
#11231 = CARTESIAN_POINT('',(-2.524636766716,-2.524636766716,12.3512));
#11232 = DIRECTION('',(0.,0.,1.));
#11233 = DIRECTION('',(1.,0.,-0.));
#11234 = DEFINITIONAL_REPRESENTATION('',(#11235),#11250);
#11235 = B_SPLINE_CURVE_WITH_KNOTS('',7,(#11236,#11237,#11238,#11239,
    #11240,#11241,#11242,#11243,#11244,#11245,#11246,#11247,#11248,
    #11249),.UNSPECIFIED.,.F.,.F.,(8,6,8),(0.,1.570796326795,
    3.14159265359),.UNSPECIFIED.);
#11236 = CARTESIAN_POINT('',(2.356194490192,0.));
#11237 = CARTESIAN_POINT('',(2.574506050394,5.191519216758E-02));
#11238 = CARTESIAN_POINT('',(2.792819812374,0.103833880882));
#11239 = CARTESIAN_POINT('',(3.013043343305,0.151686180768));
#11240 = CARTESIAN_POINT('',(3.237134465905,0.19154218125));
#11241 = CARTESIAN_POINT('',(3.465681627279,0.219499362574));
#11242 = CARTESIAN_POINT('',(3.696333656877,0.23346681162));
#11243 = CARTESIAN_POINT('',(4.157647977098,0.23346681162));
#11244 = CARTESIAN_POINT('',(4.388300006695,0.219499362574));
#11245 = CARTESIAN_POINT('',(4.616847168068,0.19154218125));
#11246 = CARTESIAN_POINT('',(4.840938290673,0.151686180768));
#11247 = CARTESIAN_POINT('',(5.061161821599,0.103833880881));
#11248 = CARTESIAN_POINT('',(5.279475583581,5.191519216758E-02));
#11249 = CARTESIAN_POINT('',(5.497787143782,0.));
#11250 = ( GEOMETRIC_REPRESENTATION_CONTEXT(2) 
PARAMETRIC_REPRESENTATION_CONTEXT() REPRESENTATION_CONTEXT('2D SPACE',''
  ) );
#11251 = ADVANCED_FACE('',(#11252),#9235,.T.);
#11252 = FACE_BOUND('',#11253,.T.);
#11253 = EDGE_LOOP('',(#11254,#11287,#11288,#11289));
#11254 = ORIENTED_EDGE('',*,*,#11255,.F.);
#11255 = EDGE_CURVE('',#9959,#10347,#11256,.T.);
#11256 = SURFACE_CURVE('',#11257,(#11262,#11269),.PCURVE_S1.);
#11257 = CIRCLE('',#11258,0.2175216);
#11258 = AXIS2_PLACEMENT_3D('',#11259,#11260,#11261);
#11259 = CARTESIAN_POINT('',(-2.413295340113,-2.413295340113,12.92765));
#11260 = DIRECTION('',(0.186324040178,0.186324040178,0.964658853742));
#11261 = DIRECTION('',(-0.707106781187,0.707106781187,0.));
#11262 = PCURVE('',#9235,#11263);
#11263 = DEFINITIONAL_REPRESENTATION('',(#11264),#11268);
#11264 = CIRCLE('',#11265,0.2175216);
#11265 = AXIS2_PLACEMENT_2D('',#11266,#11267);
#11266 = CARTESIAN_POINT('',(0.,0.));
#11267 = DIRECTION('',(-0.694274714885,0.719710094601));
#11268 = ( GEOMETRIC_REPRESENTATION_CONTEXT(2) 
PARAMETRIC_REPRESENTATION_CONTEXT() REPRESENTATION_CONTEXT('2D SPACE',''
  ) );
#11269 = PCURVE('',#9980,#11270);
#11270 = DEFINITIONAL_REPRESENTATION('',(#11271),#11286);
#11271 = B_SPLINE_CURVE_WITH_KNOTS('',7,(#11272,#11273,#11274,#11275,
    #11276,#11277,#11278,#11279,#11280,#11281,#11282,#11283,#11284,
    #11285),.UNSPECIFIED.,.F.,.F.,(8,6,8),(-8.881784197001E-16,
    1.570796326795,3.14159265359),.UNSPECIFIED.);
#11272 = CARTESIAN_POINT('',(2.356194490192,0.));
#11273 = CARTESIAN_POINT('',(2.572663430774,5.912970707684E-02));
#11274 = CARTESIAN_POINT('',(2.78913392152,0.118264846842));
#11275 = CARTESIAN_POINT('',(3.00807106877,0.172835886433));
#11276 = CARTESIAN_POINT('',(3.231943383229,0.218486172987));
#11277 = CARTESIAN_POINT('',(3.461756215908,0.250608293376));
#11278 = CARTESIAN_POINT('',(3.694370264772,0.266650695672));
#11279 = CARTESIAN_POINT('',(4.159611369202,0.266650695672));
#11280 = CARTESIAN_POINT('',(4.392225418067,0.250608293376));
#11281 = CARTESIAN_POINT('',(4.622038250743,0.218486172987));
#11282 = CARTESIAN_POINT('',(4.845910565206,0.172835886433));
#11283 = CARTESIAN_POINT('',(5.064847712454,0.118264846842));
#11284 = CARTESIAN_POINT('',(5.281318203201,5.912970707684E-02));
#11285 = CARTESIAN_POINT('',(5.497787143782,0.));
#11286 = ( GEOMETRIC_REPRESENTATION_CONTEXT(2) 
PARAMETRIC_REPRESENTATION_CONTEXT() REPRESENTATION_CONTEXT('2D SPACE',''
  ) );
#11287 = ORIENTED_EDGE('',*,*,#9995,.F.);
#11288 = ORIENTED_EDGE('',*,*,#9218,.T.);
#11289 = ORIENTED_EDGE('',*,*,#10346,.F.);
#11290 = ADVANCED_FACE('',(#11291),#9171,.F.);
#11291 = FACE_BOUND('',#11292,.F.);
#11292 = EDGE_LOOP('',(#11293,#11294,#11295,#11296));
#11293 = ORIENTED_EDGE('',*,*,#11171,.T.);
#11294 = ORIENTED_EDGE('',*,*,#9156,.T.);
#11295 = ORIENTED_EDGE('',*,*,#11193,.T.);
#11296 = ORIENTED_EDGE('',*,*,#11297,.F.);
#11297 = EDGE_CURVE('',#11172,#11194,#11298,.T.);
#11298 = SURFACE_CURVE('',#11299,(#11304,#11311),.PCURVE_S1.);
#11299 = CIRCLE('',#11300,0.235902);
#11300 = AXIS2_PLACEMENT_3D('',#11301,#11302,#11303);
#11301 = CARTESIAN_POINT('',(-2.524636766716,-2.524636766716,12.3512));
#11302 = DIRECTION('',(0.186324040178,0.186324040178,0.964658853742));
#11303 = DIRECTION('',(-0.707106781187,0.707106781187,0.));
#11304 = PCURVE('',#9171,#11305);
#11305 = DEFINITIONAL_REPRESENTATION('',(#11306),#11310);
#11306 = CIRCLE('',#11307,0.235902);
#11307 = AXIS2_PLACEMENT_2D('',#11308,#11309);
#11308 = CARTESIAN_POINT('',(0.,0.));
#11309 = DIRECTION('',(-0.694274714885,0.719710094601));
#11310 = ( GEOMETRIC_REPRESENTATION_CONTEXT(2) 
PARAMETRIC_REPRESENTATION_CONTEXT() REPRESENTATION_CONTEXT('2D SPACE',''
  ) );
#11311 = PCURVE('',#11229,#11312);
#11312 = DEFINITIONAL_REPRESENTATION('',(#11313),#11328);
#11313 = B_SPLINE_CURVE_WITH_KNOTS('',7,(#11314,#11315,#11316,#11317,
    #11318,#11319,#11320,#11321,#11322,#11323,#11324,#11325,#11326,
    #11327),.UNSPECIFIED.,.F.,.F.,(8,6,8),(0.,1.570796326795,
    3.14159265359),.UNSPECIFIED.);
#11314 = CARTESIAN_POINT('',(2.356194490192,0.));
#11315 = CARTESIAN_POINT('',(2.572663430774,5.912970707684E-02));
#11316 = CARTESIAN_POINT('',(2.78913392152,0.118264846842));
#11317 = CARTESIAN_POINT('',(3.008071068767,0.172835886433));
#11318 = CARTESIAN_POINT('',(3.231943383232,0.218486172987));
#11319 = CARTESIAN_POINT('',(3.461756215908,0.250608293376));
#11320 = CARTESIAN_POINT('',(3.694370264772,0.266650695672));
#11321 = CARTESIAN_POINT('',(4.159611369202,0.266650695672));
#11322 = CARTESIAN_POINT('',(4.392225418066,0.250608293377));
#11323 = CARTESIAN_POINT('',(4.622038250744,0.218486172987));
#11324 = CARTESIAN_POINT('',(4.845910565208,0.172835886433));
#11325 = CARTESIAN_POINT('',(5.064847712454,0.118264846842));
#11326 = CARTESIAN_POINT('',(5.281318203201,5.912970707684E-02));
#11327 = CARTESIAN_POINT('',(5.497787143782,0.));
#11328 = ( GEOMETRIC_REPRESENTATION_CONTEXT(2) 
PARAMETRIC_REPRESENTATION_CONTEXT() REPRESENTATION_CONTEXT('2D SPACE',''
  ) );
#11329 = ADVANCED_FACE('',(#11330),#9390,.T.);
#11330 = FACE_BOUND('',#11331,.T.);
#11331 = EDGE_LOOP('',(#11332,#11333));
#11332 = ORIENTED_EDGE('',*,*,#9375,.T.);
#11333 = ORIENTED_EDGE('',*,*,#10027,.F.);
#11334 = ADVANCED_FACE('',(#11335),#9668,.T.);
#11335 = FACE_BOUND('',#11336,.T.);
#11336 = EDGE_LOOP('',(#11337,#11338,#11339,#11340));
#11337 = ORIENTED_EDGE('',*,*,#9646,.F.);
#11338 = ORIENTED_EDGE('',*,*,#9712,.T.);
#11339 = ORIENTED_EDGE('',*,*,#9780,.F.);
#11340 = ORIENTED_EDGE('',*,*,#11341,.F.);
#11341 = EDGE_CURVE('',#9615,#9781,#11342,.T.);
#11342 = SURFACE_CURVE('',#11343,(#11348,#11366),.PCURVE_S1.);
#11343 = CIRCLE('',#11344,0.2175216);
#11344 = AXIS2_PLACEMENT_3D('',#11345,#11346,#11347);
#11345 = CARTESIAN_POINT('',(-2.413295340113,2.413295340113,12.92765));
#11346 = DIRECTION('',(0.208453530889,-0.208453530889,0.95555965325));
#11347 = DIRECTION('',(0.707106781187,0.707106781187,0.));
#11348 = PCURVE('',#9668,#11349);
#11349 = DEFINITIONAL_REPRESENTATION('',(#11350),#11365);
#11350 = B_SPLINE_CURVE_WITH_KNOTS('',7,(#11351,#11352,#11353,#11354,
    #11355,#11356,#11357,#11358,#11359,#11360,#11361,#11362,#11363,
    #11364),.UNSPECIFIED.,.F.,.F.,(8,6,8),(0.,1.570796326795,
    3.14159265359),.UNSPECIFIED.);
#11351 = CARTESIAN_POINT('',(0.785398163397,0.));
#11352 = CARTESIAN_POINT('',(0.999825248163,6.615247398481E-02));
#11353 = CARTESIAN_POINT('',(1.21425214308,0.132312901663));
#11354 = CARTESIAN_POINT('',(1.431753486396,0.193449521241));
#11355 = CARTESIAN_POINT('',(1.655312724849,0.244835447985));
#11356 = CARTESIAN_POINT('',(1.886530765836,0.281127345421));
#11357 = CARTESIAN_POINT('',(2.121358837082,0.299243919015));
#11358 = CARTESIAN_POINT('',(2.591030143302,0.299243919015));
#11359 = CARTESIAN_POINT('',(2.825858214549,0.281127345421));
#11360 = CARTESIAN_POINT('',(3.057076255536,0.244835447985));
#11361 = CARTESIAN_POINT('',(3.28063549399,0.193449521241));
#11362 = CARTESIAN_POINT('',(3.498136837304,0.132312901663));
#11363 = CARTESIAN_POINT('',(3.712563732222,6.615247398481E-02));
#11364 = CARTESIAN_POINT('',(3.926990816987,0.));
#11365 = ( GEOMETRIC_REPRESENTATION_CONTEXT(2) 
PARAMETRIC_REPRESENTATION_CONTEXT() REPRESENTATION_CONTEXT('2D SPACE',''
  ) );
#11366 = PCURVE('',#9634,#11367);
#11367 = DEFINITIONAL_REPRESENTATION('',(#11368),#11372);
#11368 = CIRCLE('',#11369,0.2175216);
#11369 = AXIS2_PLACEMENT_2D('',#11370,#11371);
#11370 = CARTESIAN_POINT('',(0.,0.));
#11371 = DIRECTION('',(0.690859320136,0.722989211386));
#11372 = ( GEOMETRIC_REPRESENTATION_CONTEXT(2) 
PARAMETRIC_REPRESENTATION_CONTEXT() REPRESENTATION_CONTEXT('2D SPACE',''
  ) );
#11373 = ADVANCED_FACE('',(#11374),#9634,.F.);
#11374 = FACE_BOUND('',#11375,.F.);
#11375 = EDGE_LOOP('',(#11376,#11377,#11378,#11400));
#11376 = ORIENTED_EDGE('',*,*,#11341,.F.);
#11377 = ORIENTED_EDGE('',*,*,#9614,.F.);
#11378 = ORIENTED_EDGE('',*,*,#11379,.T.);
#11379 = EDGE_CURVE('',#9581,#9813,#11380,.T.);
#11380 = SURFACE_CURVE('',#11381,(#11386,#11393),.PCURVE_S1.);
#11381 = CIRCLE('',#11382,0.276585);
#11382 = AXIS2_PLACEMENT_3D('',#11383,#11384,#11385);
#11383 = CARTESIAN_POINT('',(-2.413295340113,2.413295340113,12.92765));
#11384 = DIRECTION('',(0.208453530889,-0.208453530889,0.95555965325));
#11385 = DIRECTION('',(0.977022620228,6.938893903907E-18,-0.213135636538
    ));
#11386 = PCURVE('',#9634,#11387);
#11387 = DEFINITIONAL_REPRESENTATION('',(#11388),#11392);
#11388 = CIRCLE('',#11389,0.276585);
#11389 = AXIS2_PLACEMENT_2D('',#11390,#11391);
#11390 = CARTESIAN_POINT('',(0.,0.));
#11391 = DIRECTION('',(1.,0.));
#11392 = ( GEOMETRIC_REPRESENTATION_CONTEXT(2) 
PARAMETRIC_REPRESENTATION_CONTEXT() REPRESENTATION_CONTEXT('2D SPACE',''
  ) );
#11393 = PCURVE('',#9600,#11394);
#11394 = DEFINITIONAL_REPRESENTATION('',(#11395),#11399);
#11395 = LINE('',#11396,#11397);
#11396 = CARTESIAN_POINT('',(-0.,-0.));
#11397 = VECTOR('',#11398,1.);
#11398 = DIRECTION('',(-1.,-0.));
#11399 = ( GEOMETRIC_REPRESENTATION_CONTEXT(2) 
PARAMETRIC_REPRESENTATION_CONTEXT() REPRESENTATION_CONTEXT('2D SPACE',''
  ) );
#11400 = ORIENTED_EDGE('',*,*,#9812,.F.);
#11401 = ADVANCED_FACE('',(#11402),#9600,.T.);
#11402 = FACE_BOUND('',#11403,.T.);
#11403 = EDGE_LOOP('',(#11404,#11405,#11406,#11407,#11444,#11467,#11496,
    #11525,#11547,#11548));
#11404 = ORIENTED_EDGE('',*,*,#9580,.F.);
#11405 = ORIENTED_EDGE('',*,*,#11379,.T.);
#11406 = ORIENTED_EDGE('',*,*,#9839,.F.);
#11407 = ORIENTED_EDGE('',*,*,#11408,.T.);
#11408 = EDGE_CURVE('',#9840,#11409,#11411,.T.);
#11409 = VERTEX_POINT('',#11410);
#11410 = CARTESIAN_POINT('',(-2.116645652223,2.380338797674,13.0212));
#11411 = SURFACE_CURVE('',#11412,(#11417,#11437),.PCURVE_S1.);
#11412 = ELLIPSE('',#11413,0.285161204064,0.272465318886);
#11413 = AXIS2_PLACEMENT_3D('',#11414,#11415,#11416);
#11414 = CARTESIAN_POINT('',(-2.395520036887,2.395520036887,13.0212));
#11415 = DIRECTION('',(0.,0.,1.));
#11416 = DIRECTION('',(-0.707106781187,0.707106781187,0.));
#11417 = PCURVE('',#9600,#11418);
#11418 = DEFINITIONAL_REPRESENTATION('',(#11419),#11436);
#11419 = B_SPLINE_CURVE_WITH_KNOTS('',8,(#11420,#11421,#11422,#11423,
    #11424,#11425,#11426,#11427,#11428,#11429,#11430,#11431,#11432,
    #11433,#11434,#11435),.UNSPECIFIED.,.F.,.F.,(9,7,9),(3.895292304919,
    7.036884958509,10.178477612099),.UNSPECIFIED.);
#11420 = CARTESIAN_POINT('',(-3.290834144972E-15,-0.158100188077));
#11421 = CARTESIAN_POINT('',(-0.396439476591,-0.135508577584));
#11422 = CARTESIAN_POINT('',(-0.791273752321,-0.102111785293));
#11423 = CARTESIAN_POINT('',(-1.183625787875,-6.323740511736E-02));
#11424 = CARTESIAN_POINT('',(-1.573158911087,-2.766490985602E-02));
#11425 = CARTESIAN_POINT('',(-1.960591862164,-5.440218144506E-03));
#11426 = CARTESIAN_POINT('',(-2.347342377188,-1.127922470064E-03));
#11427 = CARTESIAN_POINT('',(-2.734760198547,-1.291471143389E-02));
#11428 = CARTESIAN_POINT('',(-3.512686048045,-5.80979324196E-02));
#11429 = CARTESIAN_POINT('',(-3.903193924054,-9.149472471044E-02));
#11430 = CARTESIAN_POINT('',(-4.296122947762,-0.130369104886));
#11431 = CARTESIAN_POINT('',(-4.691867750898,-0.165941600148));
#11432 = CARTESIAN_POINT('',(-5.089934928641,-0.188166291859));
#11433 = CARTESIAN_POINT('',(-5.488701138252,-0.192478587533));
#11434 = CARTESIAN_POINT('',(-5.886745830588,-0.18069179857));
#11435 = CARTESIAN_POINT('',(-6.28318530718,-0.158100188077));
#11436 = ( GEOMETRIC_REPRESENTATION_CONTEXT(2) 
PARAMETRIC_REPRESENTATION_CONTEXT() REPRESENTATION_CONTEXT('2D SPACE',''
  ) );
#11437 = PCURVE('',#9568,#11438);
#11438 = DEFINITIONAL_REPRESENTATION('',(#11439),#11443);
#11439 = ELLIPSE('',#11440,0.285161204064,0.272465318886);
#11440 = AXIS2_PLACEMENT_2D('',#11441,#11442);
#11441 = CARTESIAN_POINT('',(-2.395520036887,2.395520036887));
#11442 = DIRECTION('',(-0.707106781187,0.707106781187));
#11443 = ( GEOMETRIC_REPRESENTATION_CONTEXT(2) 
PARAMETRIC_REPRESENTATION_CONTEXT() REPRESENTATION_CONTEXT('2D SPACE',''
  ) );
#11444 = ORIENTED_EDGE('',*,*,#11445,.T.);
#11445 = EDGE_CURVE('',#11409,#11446,#11448,.T.);
#11446 = VERTEX_POINT('',#11447);
#11447 = CARTESIAN_POINT('',(-2.042255820692,2.287543862984,
    13.450590877543));
#11448 = SEAM_CURVE('',#11449,(#11453,#11460),.PCURVE_S1.);
#11449 = LINE('',#11450,#11451);
#11450 = CARTESIAN_POINT('',(-2.143065538697,2.413295340113,
    12.868699879968));
#11451 = VECTOR('',#11452,1.);
#11452 = DIRECTION('',(0.166959082649,-0.208267136131,0.963716485658));
#11453 = PCURVE('',#9600,#11454);
#11454 = DEFINITIONAL_REPRESENTATION('',(#11455),#11459);
#11455 = LINE('',#11456,#11457);
#11456 = CARTESIAN_POINT('',(0.,-0.));
#11457 = VECTOR('',#11458,1.);
#11458 = DIRECTION('',(-0.,-1.));
#11459 = ( GEOMETRIC_REPRESENTATION_CONTEXT(2) 
PARAMETRIC_REPRESENTATION_CONTEXT() REPRESENTATION_CONTEXT('2D SPACE',''
  ) );
#11460 = PCURVE('',#9600,#11461);
#11461 = DEFINITIONAL_REPRESENTATION('',(#11462),#11466);
#11462 = LINE('',#11463,#11464);
#11463 = CARTESIAN_POINT('',(-6.28318530718,0.));
#11464 = VECTOR('',#11465,1.);
#11465 = DIRECTION('',(-0.,-1.));
#11466 = ( GEOMETRIC_REPRESENTATION_CONTEXT(2) 
PARAMETRIC_REPRESENTATION_CONTEXT() REPRESENTATION_CONTEXT('2D SPACE',''
  ) );
#11467 = ORIENTED_EDGE('',*,*,#11468,.F.);
#11468 = EDGE_CURVE('',#11469,#11446,#11471,.T.);
#11469 = VERTEX_POINT('',#11470);
#11470 = CARTESIAN_POINT('',(-2.465067734446,2.110019991522,13.5041));
#11471 = SURFACE_CURVE('',#11472,(#11477,#11484),.PCURVE_S1.);
#11472 = CIRCLE('',#11473,0.251056666667);
#11473 = AXIS2_PLACEMENT_3D('',#11474,#11475,#11476);
#11474 = CARTESIAN_POINT('',(-2.287543862984,2.287543862984,13.5041));
#11475 = DIRECTION('',(0.208453530889,-0.208453530889,0.95555965325));
#11476 = DIRECTION('',(0.977022620228,6.938893903907E-18,-0.213135636538
    ));
#11477 = PCURVE('',#9600,#11478);
#11478 = DEFINITIONAL_REPRESENTATION('',(#11479),#11483);
#11479 = LINE('',#11480,#11481);
#11480 = CARTESIAN_POINT('',(-0.,-0.60325904096));
#11481 = VECTOR('',#11482,1.);
#11482 = DIRECTION('',(-1.,-0.));
#11483 = ( GEOMETRIC_REPRESENTATION_CONTEXT(2) 
PARAMETRIC_REPRESENTATION_CONTEXT() REPRESENTATION_CONTEXT('2D SPACE',''
  ) );
#11484 = PCURVE('',#11485,#11490);
#11485 = PLANE('',#11486);
#11486 = AXIS2_PLACEMENT_3D('',#11487,#11488,#11489);
#11487 = CARTESIAN_POINT('',(-2.287543862984,2.287543862984,13.5041));
#11488 = DIRECTION('',(0.208453530889,-0.208453530889,0.95555965325));
#11489 = DIRECTION('',(0.977022620228,0.,-0.213135636538));
#11490 = DEFINITIONAL_REPRESENTATION('',(#11491),#11495);
#11491 = CIRCLE('',#11492,0.251056666667);
#11492 = AXIS2_PLACEMENT_2D('',#11493,#11494);
#11493 = CARTESIAN_POINT('',(0.,0.));
#11494 = DIRECTION('',(1.,0.));
#11495 = ( GEOMETRIC_REPRESENTATION_CONTEXT(2) 
PARAMETRIC_REPRESENTATION_CONTEXT() REPRESENTATION_CONTEXT('2D SPACE',''
  ) );
#11496 = ORIENTED_EDGE('',*,*,#11497,.F.);
#11497 = EDGE_CURVE('',#11498,#11469,#11500,.T.);
#11498 = VERTEX_POINT('',#11499);
#11499 = CARTESIAN_POINT('',(-2.110019991522,2.465067734446,13.5041));
#11500 = SURFACE_CURVE('',#11501,(#11506,#11513),.PCURVE_S1.);
#11501 = CIRCLE('',#11502,0.251056666667);
#11502 = AXIS2_PLACEMENT_3D('',#11503,#11504,#11505);
#11503 = CARTESIAN_POINT('',(-2.287543862984,2.287543862984,13.5041));
#11504 = DIRECTION('',(0.208453530889,-0.208453530889,0.95555965325));
#11505 = DIRECTION('',(0.977022620228,6.938893903907E-18,-0.213135636538
    ));
#11506 = PCURVE('',#9600,#11507);
#11507 = DEFINITIONAL_REPRESENTATION('',(#11508),#11512);
#11508 = LINE('',#11509,#11510);
#11509 = CARTESIAN_POINT('',(-0.,-0.60325904096));
#11510 = VECTOR('',#11511,1.);
#11511 = DIRECTION('',(-1.,-0.));
#11512 = ( GEOMETRIC_REPRESENTATION_CONTEXT(2) 
PARAMETRIC_REPRESENTATION_CONTEXT() REPRESENTATION_CONTEXT('2D SPACE',''
  ) );
#11513 = PCURVE('',#11514,#11519);
#11514 = PLANE('',#11515);
#11515 = AXIS2_PLACEMENT_3D('',#11516,#11517,#11518);
#11516 = CARTESIAN_POINT('',(-2.287543862984,2.287543862984,13.5041));
#11517 = DIRECTION('',(0.208453530889,-0.208453530889,0.95555965325));
#11518 = DIRECTION('',(0.977022620228,0.,-0.213135636538));
#11519 = DEFINITIONAL_REPRESENTATION('',(#11520),#11524);
#11520 = CIRCLE('',#11521,0.251056666667);
#11521 = AXIS2_PLACEMENT_2D('',#11522,#11523);
#11522 = CARTESIAN_POINT('',(0.,0.));
#11523 = DIRECTION('',(1.,0.));
#11524 = ( GEOMETRIC_REPRESENTATION_CONTEXT(2) 
PARAMETRIC_REPRESENTATION_CONTEXT() REPRESENTATION_CONTEXT('2D SPACE',''
  ) );
#11525 = ORIENTED_EDGE('',*,*,#11526,.F.);
#11526 = EDGE_CURVE('',#11446,#11498,#11527,.T.);
#11527 = SURFACE_CURVE('',#11528,(#11533,#11540),.PCURVE_S1.);
#11528 = CIRCLE('',#11529,0.251056666667);
#11529 = AXIS2_PLACEMENT_3D('',#11530,#11531,#11532);
#11530 = CARTESIAN_POINT('',(-2.287543862984,2.287543862984,13.5041));
#11531 = DIRECTION('',(0.208453530889,-0.208453530889,0.95555965325));
#11532 = DIRECTION('',(0.977022620228,6.938893903907E-18,-0.213135636538
    ));
#11533 = PCURVE('',#9600,#11534);
#11534 = DEFINITIONAL_REPRESENTATION('',(#11535),#11539);
#11535 = LINE('',#11536,#11537);
#11536 = CARTESIAN_POINT('',(-0.,-0.60325904096));
#11537 = VECTOR('',#11538,1.);
#11538 = DIRECTION('',(-1.,-0.));
#11539 = ( GEOMETRIC_REPRESENTATION_CONTEXT(2) 
PARAMETRIC_REPRESENTATION_CONTEXT() REPRESENTATION_CONTEXT('2D SPACE',''
  ) );
#11540 = PCURVE('',#11485,#11541);
#11541 = DEFINITIONAL_REPRESENTATION('',(#11542),#11546);
#11542 = CIRCLE('',#11543,0.251056666667);
#11543 = AXIS2_PLACEMENT_2D('',#11544,#11545);
#11544 = CARTESIAN_POINT('',(0.,0.));
#11545 = DIRECTION('',(1.,0.));
#11546 = ( GEOMETRIC_REPRESENTATION_CONTEXT(2) 
PARAMETRIC_REPRESENTATION_CONTEXT() REPRESENTATION_CONTEXT('2D SPACE',''
  ) );
#11547 = ORIENTED_EDGE('',*,*,#11445,.F.);
#11548 = ORIENTED_EDGE('',*,*,#11549,.T.);
#11549 = EDGE_CURVE('',#11409,#9552,#11550,.T.);
#11550 = SURFACE_CURVE('',#11551,(#11556,#11576),.PCURVE_S1.);
#11551 = ELLIPSE('',#11552,0.285161204064,0.272465318886);
#11552 = AXIS2_PLACEMENT_3D('',#11553,#11554,#11555);
#11553 = CARTESIAN_POINT('',(-2.395520036887,2.395520036887,13.0212));
#11554 = DIRECTION('',(0.,0.,1.));
#11555 = DIRECTION('',(-0.707106781187,0.707106781187,0.));
#11556 = PCURVE('',#9600,#11557);
#11557 = DEFINITIONAL_REPRESENTATION('',(#11558),#11575);
#11558 = B_SPLINE_CURVE_WITH_KNOTS('',8,(#11559,#11560,#11561,#11562,
    #11563,#11564,#11565,#11566,#11567,#11568,#11569,#11570,#11571,
    #11572,#11573,#11574),.UNSPECIFIED.,.F.,.F.,(9,7,9),(3.895292304919,
    7.036884958509,10.178477612099),.UNSPECIFIED.);
#11559 = CARTESIAN_POINT('',(-3.290834144972E-15,-0.158100188077));
#11560 = CARTESIAN_POINT('',(-0.396439476591,-0.135508577584));
#11561 = CARTESIAN_POINT('',(-0.791273752321,-0.102111785293));
#11562 = CARTESIAN_POINT('',(-1.183625787875,-6.323740511736E-02));
#11563 = CARTESIAN_POINT('',(-1.573158911087,-2.766490985602E-02));
#11564 = CARTESIAN_POINT('',(-1.960591862164,-5.440218144506E-03));
#11565 = CARTESIAN_POINT('',(-2.347342377188,-1.127922470064E-03));
#11566 = CARTESIAN_POINT('',(-2.734760198547,-1.291471143389E-02));
#11567 = CARTESIAN_POINT('',(-3.512686048045,-5.80979324196E-02));
#11568 = CARTESIAN_POINT('',(-3.903193924054,-9.149472471044E-02));
#11569 = CARTESIAN_POINT('',(-4.296122947762,-0.130369104886));
#11570 = CARTESIAN_POINT('',(-4.691867750898,-0.165941600148));
#11571 = CARTESIAN_POINT('',(-5.089934928641,-0.188166291859));
#11572 = CARTESIAN_POINT('',(-5.488701138252,-0.192478587533));
#11573 = CARTESIAN_POINT('',(-5.886745830588,-0.18069179857));
#11574 = CARTESIAN_POINT('',(-6.28318530718,-0.158100188077));
#11575 = ( GEOMETRIC_REPRESENTATION_CONTEXT(2) 
PARAMETRIC_REPRESENTATION_CONTEXT() REPRESENTATION_CONTEXT('2D SPACE',''
  ) );
#11576 = PCURVE('',#9568,#11577);
#11577 = DEFINITIONAL_REPRESENTATION('',(#11578),#11582);
#11578 = ELLIPSE('',#11579,0.285161204064,0.272465318886);
#11579 = AXIS2_PLACEMENT_2D('',#11580,#11581);
#11580 = CARTESIAN_POINT('',(-2.395520036887,2.395520036887));
#11581 = DIRECTION('',(-0.707106781187,0.707106781187));
#11582 = ( GEOMETRIC_REPRESENTATION_CONTEXT(2) 
PARAMETRIC_REPRESENTATION_CONTEXT() REPRESENTATION_CONTEXT('2D SPACE',''
  ) );
#11583 = ADVANCED_FACE('',(#11584,#11764),#9568,.T.);
#11584 = FACE_BOUND('',#11585,.T.);
#11585 = EDGE_LOOP('',(#11586,#11616,#11617,#11652,#11653,#11654,#11655,
    #11656,#11693,#11728,#11729));
#11586 = ORIENTED_EDGE('',*,*,#11587,.F.);
#11587 = EDGE_CURVE('',#10066,#11588,#11590,.T.);
#11588 = VERTEX_POINT('',#11589);
#11589 = CARTESIAN_POINT('',(2.380338797674,-2.116645652223,13.0212));
#11590 = SURFACE_CURVE('',#11591,(#11596,#11603),.PCURVE_S1.);
#11591 = ELLIPSE('',#11592,0.285161204064,0.272465318886);
#11592 = AXIS2_PLACEMENT_3D('',#11593,#11594,#11595);
#11593 = CARTESIAN_POINT('',(2.395520036887,-2.395520036887,13.0212));
#11594 = DIRECTION('',(0.,0.,1.));
#11595 = DIRECTION('',(0.707106781187,-0.707106781187,0.));
#11596 = PCURVE('',#9568,#11597);
#11597 = DEFINITIONAL_REPRESENTATION('',(#11598),#11602);
#11598 = ELLIPSE('',#11599,0.285161204064,0.272465318886);
#11599 = AXIS2_PLACEMENT_2D('',#11600,#11601);
#11600 = CARTESIAN_POINT('',(2.395520036887,-2.395520036887));
#11601 = DIRECTION('',(0.707106781187,-0.707106781187));
#11602 = ( GEOMETRIC_REPRESENTATION_CONTEXT(2) 
PARAMETRIC_REPRESENTATION_CONTEXT() REPRESENTATION_CONTEXT('2D SPACE',''
  ) );
#11603 = PCURVE('',#10326,#11604);
#11604 = DEFINITIONAL_REPRESENTATION('',(#11605),#11615);
#11605 = B_SPLINE_CURVE_WITH_KNOTS('',8,(#11606,#11607,#11608,#11609,
    #11610,#11611,#11612,#11613,#11614),.UNSPECIFIED.,.F.,.F.,(9,9),(
    1.168682228126,2.38789300226),.PIECEWISE_BEZIER_KNOTS.);
#11606 = CARTESIAN_POINT('',(-5.060968187252,-6.390310641503E-02));
#11607 = CARTESIAN_POINT('',(-5.212581897337,-7.569280741231E-02));
#11608 = CARTESIAN_POINT('',(-5.364511234856,-8.835588856691E-02));
#11609 = CARTESIAN_POINT('',(-5.516785008729,-0.10147508309));
#11610 = CARTESIAN_POINT('',(-5.669416892479,-0.114589759329));
#11611 = CARTESIAN_POINT('',(-5.822403020594,-0.127226916589));
#11612 = CARTESIAN_POINT('',(-5.975721179102,-0.138937790968));
#11613 = CARTESIAN_POINT('',(-6.129332362368,-0.149332681288));
#11614 = CARTESIAN_POINT('',(-6.28318530718,-0.158100188077));
#11615 = ( GEOMETRIC_REPRESENTATION_CONTEXT(2) 
PARAMETRIC_REPRESENTATION_CONTEXT() REPRESENTATION_CONTEXT('2D SPACE',''
  ) );
#11616 = ORIENTED_EDGE('',*,*,#10063,.F.);
#11617 = ORIENTED_EDGE('',*,*,#11618,.F.);
#11618 = EDGE_CURVE('',#9518,#10064,#11619,.T.);
#11619 = SURFACE_CURVE('',#11620,(#11625,#11632),.PCURVE_S1.);
#11620 = ELLIPSE('',#11621,0.285161204064,0.272465318886);
#11621 = AXIS2_PLACEMENT_3D('',#11622,#11623,#11624);
#11622 = CARTESIAN_POINT('',(2.395520036887,2.395520036887,13.0212));
#11623 = DIRECTION('',(0.,0.,1.));
#11624 = DIRECTION('',(0.707106781187,0.707106781187,-0.));
#11625 = PCURVE('',#9568,#11626);
#11626 = DEFINITIONAL_REPRESENTATION('',(#11627),#11631);
#11627 = ELLIPSE('',#11628,0.285161204064,0.272465318886);
#11628 = AXIS2_PLACEMENT_2D('',#11629,#11630);
#11629 = CARTESIAN_POINT('',(2.395520036887,2.395520036887));
#11630 = DIRECTION('',(0.707106781187,0.707106781187));
#11631 = ( GEOMETRIC_REPRESENTATION_CONTEXT(2) 
PARAMETRIC_REPRESENTATION_CONTEXT() REPRESENTATION_CONTEXT('2D SPACE',''
  ) );
#11632 = PCURVE('',#9537,#11633);
#11633 = DEFINITIONAL_REPRESENTATION('',(#11634),#11651);
#11634 = B_SPLINE_CURVE_WITH_KNOTS('',8,(#11635,#11636,#11637,#11638,
    #11639,#11640,#11641,#11642,#11643,#11644,#11645,#11646,#11647,
    #11648,#11649,#11650),.UNSPECIFIED.,.F.,.F.,(9,7,9),(1.168682228126,
    2.369853276785,5.114503079054),.UNSPECIFIED.);
#11635 = CARTESIAN_POINT('',(-1.919375532975,-6.390310945117E-02));
#11636 = CARTESIAN_POINT('',(-2.068745930425,-7.551837449164E-02));
#11637 = CARTESIAN_POINT('',(-2.218422684576,-8.798136375518E-02));
#11638 = CARTESIAN_POINT('',(-2.368433345267,-0.100893053457));
#11639 = CARTESIAN_POINT('',(-2.518791202827,-0.113813565831));
#11640 = CARTESIAN_POINT('',(-2.669493055646,-0.126290948684));
#11641 = CARTESIAN_POINT('',(-2.820518435185,-0.137895088677));
#11642 = CARTESIAN_POINT('',(-2.971830988877,-0.148250067041));
#11643 = CARTESIAN_POINT('',(-3.469674724588,-0.177165744076));
#11644 = CARTESIAN_POINT('',(-3.817215011226,-0.189173073498));
#11645 = CARTESIAN_POINT('',(-4.165424809265,-0.189476427719));
#11646 = CARTESIAN_POINT('',(-4.513407643306,-0.176471326803));
#11647 = CARTESIAN_POINT('',(-4.86011193595,-0.152042825512));
#11648 = CARTESIAN_POINT('',(-5.20494790443,-0.121409707273));
#11649 = CARTESIAN_POINT('',(-5.547855567219,-9.044363017988E-02));
#11650 = CARTESIAN_POINT('',(-5.889163676831,-6.390321256155E-02));
#11651 = ( GEOMETRIC_REPRESENTATION_CONTEXT(2) 
PARAMETRIC_REPRESENTATION_CONTEXT() REPRESENTATION_CONTEXT('2D SPACE',''
  ) );
#11652 = ORIENTED_EDGE('',*,*,#9551,.T.);
#11653 = ORIENTED_EDGE('',*,*,#11549,.F.);
#11654 = ORIENTED_EDGE('',*,*,#11408,.F.);
#11655 = ORIENTED_EDGE('',*,*,#9868,.T.);
#11656 = ORIENTED_EDGE('',*,*,#11657,.F.);
#11657 = EDGE_CURVE('',#11658,#9869,#11660,.T.);
#11658 = VERTEX_POINT('',#11659);
#11659 = CARTESIAN_POINT('',(-2.116645652223,-2.380338797674,13.0212));
#11660 = SURFACE_CURVE('',#11661,(#11666,#11673),.PCURVE_S1.);
#11661 = ELLIPSE('',#11662,0.285161204064,0.272465318886);
#11662 = AXIS2_PLACEMENT_3D('',#11663,#11664,#11665);
#11663 = CARTESIAN_POINT('',(-2.395520036887,-2.395520036887,13.0212));
#11664 = DIRECTION('',(0.,0.,1.));
#11665 = DIRECTION('',(-0.707106781187,-0.707106781187,0.));
#11666 = PCURVE('',#9568,#11667);
#11667 = DEFINITIONAL_REPRESENTATION('',(#11668),#11672);
#11668 = ELLIPSE('',#11669,0.285161204064,0.272465318886);
#11669 = AXIS2_PLACEMENT_2D('',#11670,#11671);
#11670 = CARTESIAN_POINT('',(-2.395520036887,-2.395520036887));
#11671 = DIRECTION('',(-0.707106781187,-0.707106781187));
#11672 = ( GEOMETRIC_REPRESENTATION_CONTEXT(2) 
PARAMETRIC_REPRESENTATION_CONTEXT() REPRESENTATION_CONTEXT('2D SPACE',''
  ) );
#11673 = PCURVE('',#9912,#11674);
#11674 = DEFINITIONAL_REPRESENTATION('',(#11675),#11692);
#11675 = B_SPLINE_CURVE_WITH_KNOTS('',8,(#11676,#11677,#11678,#11679,
    #11680,#11681,#11682,#11683,#11684,#11685,#11686,#11687,#11688,
    #11689,#11690,#11691),.UNSPECIFIED.,.F.,.F.,(9,7,9),(2.38789300226,
    5.52948565585,8.67107830944),.UNSPECIFIED.);
#11676 = CARTESIAN_POINT('',(0.,-0.158100188077));
#11677 = CARTESIAN_POINT('',(-0.396439476591,-0.18069179857));
#11678 = CARTESIAN_POINT('',(-0.794484168927,-0.192478587533));
#11679 = CARTESIAN_POINT('',(-1.193250378523,-0.188166291859));
#11680 = CARTESIAN_POINT('',(-1.591317556287,-0.165941600147));
#11681 = CARTESIAN_POINT('',(-1.987062359406,-0.130369104886));
#11682 = CARTESIAN_POINT('',(-2.379991383125,-9.149472471037E-02));
#11683 = CARTESIAN_POINT('',(-2.770499259134,-5.80979324196E-02));
#11684 = CARTESIAN_POINT('',(-3.548425108633,-1.291471143389E-02));
#11685 = CARTESIAN_POINT('',(-3.935842929987,-1.127922469983E-03));
#11686 = CARTESIAN_POINT('',(-4.322593445024,-5.440218144705E-03));
#11687 = CARTESIAN_POINT('',(-4.71002639606,-2.766490985559E-02));
#11688 = CARTESIAN_POINT('',(-5.099559519324,-6.323740511752E-02));
#11689 = CARTESIAN_POINT('',(-5.491911554855,-0.102111785293));
#11690 = CARTESIAN_POINT('',(-5.886745830588,-0.135508577584));
#11691 = CARTESIAN_POINT('',(-6.28318530718,-0.158100188077));
#11692 = ( GEOMETRIC_REPRESENTATION_CONTEXT(2) 
PARAMETRIC_REPRESENTATION_CONTEXT() REPRESENTATION_CONTEXT('2D SPACE',''
  ) );
#11693 = ORIENTED_EDGE('',*,*,#11694,.F.);
#11694 = EDGE_CURVE('',#10433,#11658,#11695,.T.);
#11695 = SURFACE_CURVE('',#11696,(#11701,#11708),.PCURVE_S1.);
#11696 = ELLIPSE('',#11697,0.285161204064,0.272465318886);
#11697 = AXIS2_PLACEMENT_3D('',#11698,#11699,#11700);
#11698 = CARTESIAN_POINT('',(-2.395520036887,-2.395520036887,13.0212));
#11699 = DIRECTION('',(0.,0.,1.));
#11700 = DIRECTION('',(-0.707106781187,-0.707106781187,0.));
#11701 = PCURVE('',#9568,#11702);
#11702 = DEFINITIONAL_REPRESENTATION('',(#11703),#11707);
#11703 = ELLIPSE('',#11704,0.285161204064,0.272465318886);
#11704 = AXIS2_PLACEMENT_2D('',#11705,#11706);
#11705 = CARTESIAN_POINT('',(-2.395520036887,-2.395520036887));
#11706 = DIRECTION('',(-0.707106781187,-0.707106781187));
#11707 = ( GEOMETRIC_REPRESENTATION_CONTEXT(2) 
PARAMETRIC_REPRESENTATION_CONTEXT() REPRESENTATION_CONTEXT('2D SPACE',''
  ) );
#11708 = PCURVE('',#9912,#11709);
#11709 = DEFINITIONAL_REPRESENTATION('',(#11710),#11727);
#11710 = B_SPLINE_CURVE_WITH_KNOTS('',8,(#11711,#11712,#11713,#11714,
    #11715,#11716,#11717,#11718,#11719,#11720,#11721,#11722,#11723,
    #11724,#11725,#11726),.UNSPECIFIED.,.F.,.F.,(9,7,9),(2.38789300226,
    5.52948565585,8.67107830944),.UNSPECIFIED.);
#11711 = CARTESIAN_POINT('',(0.,-0.158100188077));
#11712 = CARTESIAN_POINT('',(-0.396439476591,-0.18069179857));
#11713 = CARTESIAN_POINT('',(-0.794484168927,-0.192478587533));
#11714 = CARTESIAN_POINT('',(-1.193250378523,-0.188166291859));
#11715 = CARTESIAN_POINT('',(-1.591317556287,-0.165941600147));
#11716 = CARTESIAN_POINT('',(-1.987062359406,-0.130369104886));
#11717 = CARTESIAN_POINT('',(-2.379991383125,-9.149472471037E-02));
#11718 = CARTESIAN_POINT('',(-2.770499259134,-5.80979324196E-02));
#11719 = CARTESIAN_POINT('',(-3.548425108633,-1.291471143389E-02));
#11720 = CARTESIAN_POINT('',(-3.935842929987,-1.127922469983E-03));
#11721 = CARTESIAN_POINT('',(-4.322593445024,-5.440218144705E-03));
#11722 = CARTESIAN_POINT('',(-4.71002639606,-2.766490985559E-02));
#11723 = CARTESIAN_POINT('',(-5.099559519324,-6.323740511752E-02));
#11724 = CARTESIAN_POINT('',(-5.491911554855,-0.102111785293));
#11725 = CARTESIAN_POINT('',(-5.886745830588,-0.135508577584));
#11726 = CARTESIAN_POINT('',(-6.28318530718,-0.158100188077));
#11727 = ( GEOMETRIC_REPRESENTATION_CONTEXT(2) 
PARAMETRIC_REPRESENTATION_CONTEXT() REPRESENTATION_CONTEXT('2D SPACE',''
  ) );
#11728 = ORIENTED_EDGE('',*,*,#10461,.T.);
#11729 = ORIENTED_EDGE('',*,*,#11730,.F.);
#11730 = EDGE_CURVE('',#11588,#10462,#11731,.T.);
#11731 = SURFACE_CURVE('',#11732,(#11737,#11744),.PCURVE_S1.);
#11732 = ELLIPSE('',#11733,0.285161204064,0.272465318886);
#11733 = AXIS2_PLACEMENT_3D('',#11734,#11735,#11736);
#11734 = CARTESIAN_POINT('',(2.395520036887,-2.395520036887,13.0212));
#11735 = DIRECTION('',(0.,0.,1.));
#11736 = DIRECTION('',(0.707106781187,-0.707106781187,0.));
#11737 = PCURVE('',#9568,#11738);
#11738 = DEFINITIONAL_REPRESENTATION('',(#11739),#11743);
#11739 = ELLIPSE('',#11740,0.285161204064,0.272465318886);
#11740 = AXIS2_PLACEMENT_2D('',#11741,#11742);
#11741 = CARTESIAN_POINT('',(2.395520036887,-2.395520036887));
#11742 = DIRECTION('',(0.707106781187,-0.707106781187));
#11743 = ( GEOMETRIC_REPRESENTATION_CONTEXT(2) 
PARAMETRIC_REPRESENTATION_CONTEXT() REPRESENTATION_CONTEXT('2D SPACE',''
  ) );
#11744 = PCURVE('',#10326,#11745);
#11745 = DEFINITIONAL_REPRESENTATION('',(#11746),#11763);
#11746 = B_SPLINE_CURVE_WITH_KNOTS('',8,(#11747,#11748,#11749,#11750,
    #11751,#11752,#11753,#11754,#11755,#11756,#11757,#11758,#11759,
    #11760,#11761,#11762),.UNSPECIFIED.,.F.,.F.,(9,7,9),(2.38789300226,
    5.52948565585,8.67107830944),.UNSPECIFIED.);
#11747 = CARTESIAN_POINT('',(-3.290834144972E-15,-0.158100188077));
#11748 = CARTESIAN_POINT('',(-0.396439476591,-0.18069179857));
#11749 = CARTESIAN_POINT('',(-0.794484168926,-0.192478587533));
#11750 = CARTESIAN_POINT('',(-1.193250378522,-0.188166291859));
#11751 = CARTESIAN_POINT('',(-1.591317556286,-0.165941600147));
#11752 = CARTESIAN_POINT('',(-1.987062359405,-0.130369104886));
#11753 = CARTESIAN_POINT('',(-2.379991383125,-9.149472471037E-02));
#11754 = CARTESIAN_POINT('',(-2.770499259134,-5.80979324196E-02));
#11755 = CARTESIAN_POINT('',(-3.548425108633,-1.291471143389E-02));
#11756 = CARTESIAN_POINT('',(-3.93584292999,-1.127922469997E-03));
#11757 = CARTESIAN_POINT('',(-4.322593445011,-5.440218144619E-03));
#11758 = CARTESIAN_POINT('',(-4.710026396082,-2.766490985571E-02));
#11759 = CARTESIAN_POINT('',(-5.099559519313,-6.323740511749E-02));
#11760 = CARTESIAN_POINT('',(-5.491911554857,-0.102111785293));
#11761 = CARTESIAN_POINT('',(-5.886745830588,-0.135508577584));
#11762 = CARTESIAN_POINT('',(-6.28318530718,-0.158100188077));
#11763 = ( GEOMETRIC_REPRESENTATION_CONTEXT(2) 
PARAMETRIC_REPRESENTATION_CONTEXT() REPRESENTATION_CONTEXT('2D SPACE',''
  ) );
#11764 = FACE_BOUND('',#11765,.T.);
#11765 = EDGE_LOOP('',(#11766));
#11766 = ORIENTED_EDGE('',*,*,#10624,.F.);
#11767 = ADVANCED_FACE('',(#11768),#9537,.T.);
#11768 = FACE_BOUND('',#11769,.T.);
#11769 = EDGE_LOOP('',(#11770,#11801,#11824,#11846,#11847,#11848,#11849,
    #11871,#11872,#11896));
#11770 = ORIENTED_EDGE('',*,*,#11771,.F.);
#11771 = EDGE_CURVE('',#11772,#11774,#11776,.T.);
#11772 = VERTEX_POINT('',#11773);
#11773 = CARTESIAN_POINT('',(2.532831905277,2.287543862984,
    13.557609122457));
#11774 = VERTEX_POINT('',#11775);
#11775 = CARTESIAN_POINT('',(2.110019991522,2.465067734446,13.5041));
#11776 = SURFACE_CURVE('',#11777,(#11782,#11789),.PCURVE_S1.);
#11777 = CIRCLE('',#11778,0.251056666667);
#11778 = AXIS2_PLACEMENT_3D('',#11779,#11780,#11781);
#11779 = CARTESIAN_POINT('',(2.287543862984,2.287543862984,13.5041));
#11780 = DIRECTION('',(-0.208453530889,-0.208453530889,0.95555965325));
#11781 = DIRECTION('',(0.977022620228,-6.938893903907E-18,0.213135636538
    ));
#11782 = PCURVE('',#9537,#11783);
#11783 = DEFINITIONAL_REPRESENTATION('',(#11784),#11788);
#11784 = LINE('',#11785,#11786);
#11785 = CARTESIAN_POINT('',(-0.,-0.60325904096));
#11786 = VECTOR('',#11787,1.);
#11787 = DIRECTION('',(-1.,-0.));
#11788 = ( GEOMETRIC_REPRESENTATION_CONTEXT(2) 
PARAMETRIC_REPRESENTATION_CONTEXT() REPRESENTATION_CONTEXT('2D SPACE',''
  ) );
#11789 = PCURVE('',#11790,#11795);
#11790 = PLANE('',#11791);
#11791 = AXIS2_PLACEMENT_3D('',#11792,#11793,#11794);
#11792 = CARTESIAN_POINT('',(2.287543862984,2.287543862984,13.5041));
#11793 = DIRECTION('',(-0.208453530889,-0.208453530889,0.95555965325));
#11794 = DIRECTION('',(0.977022620228,0.,0.213135636538));
#11795 = DEFINITIONAL_REPRESENTATION('',(#11796),#11800);
#11796 = CIRCLE('',#11797,0.251056666667);
#11797 = AXIS2_PLACEMENT_2D('',#11798,#11799);
#11798 = CARTESIAN_POINT('',(0.,0.));
#11799 = DIRECTION('',(1.,0.));
#11800 = ( GEOMETRIC_REPRESENTATION_CONTEXT(2) 
PARAMETRIC_REPRESENTATION_CONTEXT() REPRESENTATION_CONTEXT('2D SPACE',''
  ) );
#11801 = ORIENTED_EDGE('',*,*,#11802,.F.);
#11802 = EDGE_CURVE('',#11803,#11772,#11805,.T.);
#11803 = VERTEX_POINT('',#11804);
#11804 = CARTESIAN_POINT('',(2.683525141529,2.413295340113,
    12.986600120032));
#11805 = SEAM_CURVE('',#11806,(#11810,#11817),.PCURVE_S1.);
#11806 = LINE('',#11807,#11808);
#11807 = CARTESIAN_POINT('',(2.683525141529,2.413295340113,
    12.986600120032));
#11808 = VECTOR('',#11809,1.);
#11809 = DIRECTION('',(-0.249575189613,-0.208267136131,0.945693938194));
#11810 = PCURVE('',#9537,#11811);
#11811 = DEFINITIONAL_REPRESENTATION('',(#11812),#11816);
#11812 = LINE('',#11813,#11814);
#11813 = CARTESIAN_POINT('',(-6.28318530718,0.));
#11814 = VECTOR('',#11815,1.);
#11815 = DIRECTION('',(-0.,-1.));
#11816 = ( GEOMETRIC_REPRESENTATION_CONTEXT(2) 
PARAMETRIC_REPRESENTATION_CONTEXT() REPRESENTATION_CONTEXT('2D SPACE',''
  ) );
#11817 = PCURVE('',#9537,#11818);
#11818 = DEFINITIONAL_REPRESENTATION('',(#11819),#11823);
#11819 = LINE('',#11820,#11821);
#11820 = CARTESIAN_POINT('',(0.,-0.));
#11821 = VECTOR('',#11822,1.);
#11822 = DIRECTION('',(-0.,-1.));
#11823 = ( GEOMETRIC_REPRESENTATION_CONTEXT(2) 
PARAMETRIC_REPRESENTATION_CONTEXT() REPRESENTATION_CONTEXT('2D SPACE',''
  ) );
#11824 = ORIENTED_EDGE('',*,*,#11825,.T.);
#11825 = EDGE_CURVE('',#11803,#9486,#11826,.T.);
#11826 = SURFACE_CURVE('',#11827,(#11832,#11839),.PCURVE_S1.);
#11827 = CIRCLE('',#11828,0.276585);
#11828 = AXIS2_PLACEMENT_3D('',#11829,#11830,#11831);
#11829 = CARTESIAN_POINT('',(2.413295340113,2.413295340113,12.92765));
#11830 = DIRECTION('',(-0.208453530889,-0.208453530889,0.95555965325));
#11831 = DIRECTION('',(0.977022620228,-6.938893903907E-18,0.213135636538
    ));
#11832 = PCURVE('',#9537,#11833);
#11833 = DEFINITIONAL_REPRESENTATION('',(#11834),#11838);
#11834 = LINE('',#11835,#11836);
#11835 = CARTESIAN_POINT('',(-0.,-0.));
#11836 = VECTOR('',#11837,1.);
#11837 = DIRECTION('',(-1.,-0.));
#11838 = ( GEOMETRIC_REPRESENTATION_CONTEXT(2) 
PARAMETRIC_REPRESENTATION_CONTEXT() REPRESENTATION_CONTEXT('2D SPACE',''
  ) );
#11839 = PCURVE('',#9505,#11840);
#11840 = DEFINITIONAL_REPRESENTATION('',(#11841),#11845);
#11841 = CIRCLE('',#11842,0.276585);
#11842 = AXIS2_PLACEMENT_2D('',#11843,#11844);
#11843 = CARTESIAN_POINT('',(0.,0.));
#11844 = DIRECTION('',(1.,0.));
#11845 = ( GEOMETRIC_REPRESENTATION_CONTEXT(2) 
PARAMETRIC_REPRESENTATION_CONTEXT() REPRESENTATION_CONTEXT('2D SPACE',''
  ) );
#11846 = ORIENTED_EDGE('',*,*,#9517,.F.);
#11847 = ORIENTED_EDGE('',*,*,#11618,.T.);
#11848 = ORIENTED_EDGE('',*,*,#10093,.F.);
#11849 = ORIENTED_EDGE('',*,*,#11850,.T.);
#11850 = EDGE_CURVE('',#10094,#11803,#11851,.T.);
#11851 = SURFACE_CURVE('',#11852,(#11857,#11864),.PCURVE_S1.);
#11852 = CIRCLE('',#11853,0.276585);
#11853 = AXIS2_PLACEMENT_3D('',#11854,#11855,#11856);
#11854 = CARTESIAN_POINT('',(2.413295340113,2.413295340113,12.92765));
#11855 = DIRECTION('',(-0.208453530889,-0.208453530889,0.95555965325));
#11856 = DIRECTION('',(0.977022620228,-6.938893903907E-18,0.213135636538
    ));
#11857 = PCURVE('',#9537,#11858);
#11858 = DEFINITIONAL_REPRESENTATION('',(#11859),#11863);
#11859 = LINE('',#11860,#11861);
#11860 = CARTESIAN_POINT('',(-0.,-0.));
#11861 = VECTOR('',#11862,1.);
#11862 = DIRECTION('',(-1.,-0.));
#11863 = ( GEOMETRIC_REPRESENTATION_CONTEXT(2) 
PARAMETRIC_REPRESENTATION_CONTEXT() REPRESENTATION_CONTEXT('2D SPACE',''
  ) );
#11864 = PCURVE('',#9505,#11865);
#11865 = DEFINITIONAL_REPRESENTATION('',(#11866),#11870);
#11866 = CIRCLE('',#11867,0.276585);
#11867 = AXIS2_PLACEMENT_2D('',#11868,#11869);
#11868 = CARTESIAN_POINT('',(0.,0.));
#11869 = DIRECTION('',(1.,0.));
#11870 = ( GEOMETRIC_REPRESENTATION_CONTEXT(2) 
PARAMETRIC_REPRESENTATION_CONTEXT() REPRESENTATION_CONTEXT('2D SPACE',''
  ) );
#11871 = ORIENTED_EDGE('',*,*,#11802,.T.);
#11872 = ORIENTED_EDGE('',*,*,#11873,.F.);
#11873 = EDGE_CURVE('',#11874,#11772,#11876,.T.);
#11874 = VERTEX_POINT('',#11875);
#11875 = CARTESIAN_POINT('',(2.465067734446,2.110019991522,13.5041));
#11876 = SURFACE_CURVE('',#11877,(#11882,#11889),.PCURVE_S1.);
#11877 = CIRCLE('',#11878,0.251056666667);
#11878 = AXIS2_PLACEMENT_3D('',#11879,#11880,#11881);
#11879 = CARTESIAN_POINT('',(2.287543862984,2.287543862984,13.5041));
#11880 = DIRECTION('',(-0.208453530889,-0.208453530889,0.95555965325));
#11881 = DIRECTION('',(0.977022620228,-6.938893903907E-18,0.213135636538
    ));
#11882 = PCURVE('',#9537,#11883);
#11883 = DEFINITIONAL_REPRESENTATION('',(#11884),#11888);
#11884 = LINE('',#11885,#11886);
#11885 = CARTESIAN_POINT('',(-0.,-0.60325904096));
#11886 = VECTOR('',#11887,1.);
#11887 = DIRECTION('',(-1.,-0.));
#11888 = ( GEOMETRIC_REPRESENTATION_CONTEXT(2) 
PARAMETRIC_REPRESENTATION_CONTEXT() REPRESENTATION_CONTEXT('2D SPACE',''
  ) );
#11889 = PCURVE('',#11790,#11890);
#11890 = DEFINITIONAL_REPRESENTATION('',(#11891),#11895);
#11891 = CIRCLE('',#11892,0.251056666667);
#11892 = AXIS2_PLACEMENT_2D('',#11893,#11894);
#11893 = CARTESIAN_POINT('',(0.,0.));
#11894 = DIRECTION('',(1.,0.));
#11895 = ( GEOMETRIC_REPRESENTATION_CONTEXT(2) 
PARAMETRIC_REPRESENTATION_CONTEXT() REPRESENTATION_CONTEXT('2D SPACE',''
  ) );
#11896 = ORIENTED_EDGE('',*,*,#11897,.F.);
#11897 = EDGE_CURVE('',#11774,#11874,#11898,.T.);
#11898 = SURFACE_CURVE('',#11899,(#11904,#11911),.PCURVE_S1.);
#11899 = CIRCLE('',#11900,0.251056666667);
#11900 = AXIS2_PLACEMENT_3D('',#11901,#11902,#11903);
#11901 = CARTESIAN_POINT('',(2.287543862984,2.287543862984,13.5041));
#11902 = DIRECTION('',(-0.208453530889,-0.208453530889,0.95555965325));
#11903 = DIRECTION('',(0.977022620228,-6.938893903907E-18,0.213135636538
    ));
#11904 = PCURVE('',#9537,#11905);
#11905 = DEFINITIONAL_REPRESENTATION('',(#11906),#11910);
#11906 = LINE('',#11907,#11908);
#11907 = CARTESIAN_POINT('',(-0.,-0.60325904096));
#11908 = VECTOR('',#11909,1.);
#11909 = DIRECTION('',(-1.,-0.));
#11910 = ( GEOMETRIC_REPRESENTATION_CONTEXT(2) 
PARAMETRIC_REPRESENTATION_CONTEXT() REPRESENTATION_CONTEXT('2D SPACE',''
  ) );
#11911 = PCURVE('',#11912,#11917);
#11912 = PLANE('',#11913);
#11913 = AXIS2_PLACEMENT_3D('',#11914,#11915,#11916);
#11914 = CARTESIAN_POINT('',(2.287543862984,2.287543862984,13.5041));
#11915 = DIRECTION('',(-0.208453530889,-0.208453530889,0.95555965325));
#11916 = DIRECTION('',(0.977022620228,0.,0.213135636538));
#11917 = DEFINITIONAL_REPRESENTATION('',(#11918),#11922);
#11918 = CIRCLE('',#11919,0.251056666667);
#11919 = AXIS2_PLACEMENT_2D('',#11920,#11921);
#11920 = CARTESIAN_POINT('',(0.,0.));
#11921 = DIRECTION('',(1.,0.));
#11922 = ( GEOMETRIC_REPRESENTATION_CONTEXT(2) 
PARAMETRIC_REPRESENTATION_CONTEXT() REPRESENTATION_CONTEXT('2D SPACE',''
  ) );
#11923 = ADVANCED_FACE('',(#11924),#9505,.F.);
#11924 = FACE_BOUND('',#11925,.F.);
#11925 = EDGE_LOOP('',(#11926,#11927,#11928,#11929,#11930));
#11926 = ORIENTED_EDGE('',*,*,#10122,.F.);
#11927 = ORIENTED_EDGE('',*,*,#11850,.T.);
#11928 = ORIENTED_EDGE('',*,*,#11825,.T.);
#11929 = ORIENTED_EDGE('',*,*,#9485,.F.);
#11930 = ORIENTED_EDGE('',*,*,#11931,.F.);
#11931 = EDGE_CURVE('',#10123,#9446,#11932,.T.);
#11932 = SURFACE_CURVE('',#11933,(#11938,#11945),.PCURVE_S1.);
#11933 = CIRCLE('',#11934,0.2175216);
#11934 = AXIS2_PLACEMENT_3D('',#11935,#11936,#11937);
#11935 = CARTESIAN_POINT('',(2.413295340113,2.413295340113,12.92765));
#11936 = DIRECTION('',(-0.208453530889,-0.208453530889,0.95555965325));
#11937 = DIRECTION('',(0.707106781187,-0.707106781187,0.));
#11938 = PCURVE('',#9505,#11939);
#11939 = DEFINITIONAL_REPRESENTATION('',(#11940),#11944);
#11940 = CIRCLE('',#11941,0.2175216);
#11941 = AXIS2_PLACEMENT_2D('',#11942,#11943);
#11942 = CARTESIAN_POINT('',(0.,0.));
#11943 = DIRECTION('',(0.690859320136,-0.722989211386));
#11944 = ( GEOMETRIC_REPRESENTATION_CONTEXT(2) 
PARAMETRIC_REPRESENTATION_CONTEXT() REPRESENTATION_CONTEXT('2D SPACE',''
  ) );
#11945 = PCURVE('',#9469,#11946);
#11946 = DEFINITIONAL_REPRESENTATION('',(#11947),#11968);
#11947 = B_SPLINE_CURVE_WITH_KNOTS('',7,(#11948,#11949,#11950,#11951,
    #11952,#11953,#11954,#11955,#11956,#11957,#11958,#11959,#11960,
    #11961,#11962,#11963,#11964,#11965,#11966,#11967),.UNSPECIFIED.,.F.,
  .F.,(8,6,6,8),(-1.7763568394E-15,0.808119382315,1.974856017952,
    3.14159265359),.UNSPECIFIED.);
#11948 = CARTESIAN_POINT('',(5.497787143782,0.));
#11949 = CARTESIAN_POINT('',(5.608102326175,3.403311779082E-02));
#11950 = CARTESIAN_POINT('',(5.718417039631,6.806450026956E-02));
#11951 = CARTESIAN_POINT('',(5.829150176388,0.101424160715));
#11952 = CARTESIAN_POINT('',(5.940718294574,0.133429022966));
#11953 = CARTESIAN_POINT('',(6.053470008673,0.163406516892));
#11954 = CARTESIAN_POINT('',(6.167620380004,0.190718173868));
#11955 = CARTESIAN_POINT('',(6.450034212529,0.249527561002));
#11956 = CARTESIAN_POINT('',(6.619836219505,0.277507777909));
#11957 = CARTESIAN_POINT('',(6.792634392415,0.297007240595));
#11958 = CARTESIAN_POINT('',(6.967767506749,0.306611857662));
#11959 = CARTESIAN_POINT('',(7.143269631004,0.305635255181));
#11960 = CARTESIAN_POINT('',(7.317434292118,0.294561842603));
#11961 = CARTESIAN_POINT('',(7.66123310562,0.254423169213));
#11962 = CARTESIAN_POINT('',(7.830866329405,0.225359851137));
#11963 = CARTESIAN_POINT('',(7.997289520897,0.188407367149));
#11964 = CARTESIAN_POINT('',(8.160310607107,0.145368917954));
#11965 = CARTESIAN_POINT('',(8.32084167758,9.827244952834E-02));
#11966 = CARTESIAN_POINT('',(8.480110303803,4.91359150894E-02));
#11967 = CARTESIAN_POINT('',(8.639379797372,0.));
#11968 = ( GEOMETRIC_REPRESENTATION_CONTEXT(2) 
PARAMETRIC_REPRESENTATION_CONTEXT() REPRESENTATION_CONTEXT('2D SPACE',''
  ) );
#11969 = ADVANCED_FACE('',(#11970),#9469,.T.);
#11970 = FACE_BOUND('',#11971,.T.);
#11971 = EDGE_LOOP('',(#11972,#11973,#11974,#11975));
#11972 = ORIENTED_EDGE('',*,*,#10842,.F.);
#11973 = ORIENTED_EDGE('',*,*,#9445,.F.);
#11974 = ORIENTED_EDGE('',*,*,#11931,.F.);
#11975 = ORIENTED_EDGE('',*,*,#10149,.F.);
#11976 = ADVANCED_FACE('',(#11977),#9980,.T.);
#11977 = FACE_BOUND('',#11978,.T.);
#11978 = EDGE_LOOP('',(#11979,#11980,#11981,#11982));
#11979 = ORIENTED_EDGE('',*,*,#9958,.F.);
#11980 = ORIENTED_EDGE('',*,*,#11255,.T.);
#11981 = ORIENTED_EDGE('',*,*,#10373,.F.);
#11982 = ORIENTED_EDGE('',*,*,#11983,.F.);
#11983 = EDGE_CURVE('',#9927,#10374,#11984,.T.);
#11984 = SURFACE_CURVE('',#11985,(#11990,#12008),.PCURVE_S1.);
#11985 = CIRCLE('',#11986,0.2175216);
#11986 = AXIS2_PLACEMENT_3D('',#11987,#11988,#11989);
#11987 = CARTESIAN_POINT('',(-2.413295340113,-2.413295340113,12.92765));
#11988 = DIRECTION('',(0.208453530889,0.208453530889,0.95555965325));
#11989 = DIRECTION('',(-0.707106781187,0.707106781187,0.));
#11990 = PCURVE('',#9980,#11991);
#11991 = DEFINITIONAL_REPRESENTATION('',(#11992),#12007);
#11992 = B_SPLINE_CURVE_WITH_KNOTS('',7,(#11993,#11994,#11995,#11996,
    #11997,#11998,#11999,#12000,#12001,#12002,#12003,#12004,#12005,
    #12006),.UNSPECIFIED.,.F.,.F.,(8,6,8),(-1.7763568394E-15,
    1.570796326795,3.14159265359),.UNSPECIFIED.);
#11993 = CARTESIAN_POINT('',(2.356194490192,0.));
#11994 = CARTESIAN_POINT('',(2.570621574958,6.615247398481E-02));
#11995 = CARTESIAN_POINT('',(2.785048469876,0.132312901663));
#11996 = CARTESIAN_POINT('',(3.00254981319,0.193449521241));
#11997 = CARTESIAN_POINT('',(3.226109051644,0.244835447985));
#11998 = CARTESIAN_POINT('',(3.457327092631,0.281127345421));
#11999 = CARTESIAN_POINT('',(3.692155163877,0.299243919015));
#12000 = CARTESIAN_POINT('',(4.161826470097,0.299243919015));
#12001 = CARTESIAN_POINT('',(4.396654541344,0.281127345421));
#12002 = CARTESIAN_POINT('',(4.627872582329,0.244835447985));
#12003 = CARTESIAN_POINT('',(4.851431820785,0.193449521241));
#12004 = CARTESIAN_POINT('',(5.068933164098,0.132312901663));
#12005 = CARTESIAN_POINT('',(5.283360059017,6.615247398481E-02));
#12006 = CARTESIAN_POINT('',(5.497787143782,0.));
#12007 = ( GEOMETRIC_REPRESENTATION_CONTEXT(2) 
PARAMETRIC_REPRESENTATION_CONTEXT() REPRESENTATION_CONTEXT('2D SPACE',''
  ) );
#12008 = PCURVE('',#9946,#12009);
#12009 = DEFINITIONAL_REPRESENTATION('',(#12010),#12014);
#12010 = CIRCLE('',#12011,0.2175216);
#12011 = AXIS2_PLACEMENT_2D('',#12012,#12013);
#12012 = CARTESIAN_POINT('',(0.,0.));
#12013 = DIRECTION('',(-0.690859320136,0.722989211386));
#12014 = ( GEOMETRIC_REPRESENTATION_CONTEXT(2) 
PARAMETRIC_REPRESENTATION_CONTEXT() REPRESENTATION_CONTEXT('2D SPACE',''
  ) );
#12015 = ADVANCED_FACE('',(#12016),#9946,.F.);
#12016 = FACE_BOUND('',#12017,.F.);
#12017 = EDGE_LOOP('',(#12018,#12019,#12020,#12042));
#12018 = ORIENTED_EDGE('',*,*,#11983,.F.);
#12019 = ORIENTED_EDGE('',*,*,#9926,.F.);
#12020 = ORIENTED_EDGE('',*,*,#12021,.T.);
#12021 = EDGE_CURVE('',#9893,#10406,#12022,.T.);
#12022 = SURFACE_CURVE('',#12023,(#12028,#12035),.PCURVE_S1.);
#12023 = CIRCLE('',#12024,0.276585);
#12024 = AXIS2_PLACEMENT_3D('',#12025,#12026,#12027);
#12025 = CARTESIAN_POINT('',(-2.413295340113,-2.413295340113,12.92765));
#12026 = DIRECTION('',(0.208453530889,0.208453530889,0.95555965325));
#12027 = DIRECTION('',(0.977022620228,-6.938893903907E-18,
    -0.213135636538));
#12028 = PCURVE('',#9946,#12029);
#12029 = DEFINITIONAL_REPRESENTATION('',(#12030),#12034);
#12030 = CIRCLE('',#12031,0.276585);
#12031 = AXIS2_PLACEMENT_2D('',#12032,#12033);
#12032 = CARTESIAN_POINT('',(0.,0.));
#12033 = DIRECTION('',(1.,0.));
#12034 = ( GEOMETRIC_REPRESENTATION_CONTEXT(2) 
PARAMETRIC_REPRESENTATION_CONTEXT() REPRESENTATION_CONTEXT('2D SPACE',''
  ) );
#12035 = PCURVE('',#9912,#12036);
#12036 = DEFINITIONAL_REPRESENTATION('',(#12037),#12041);
#12037 = LINE('',#12038,#12039);
#12038 = CARTESIAN_POINT('',(-0.,-0.));
#12039 = VECTOR('',#12040,1.);
#12040 = DIRECTION('',(-1.,-0.));
#12041 = ( GEOMETRIC_REPRESENTATION_CONTEXT(2) 
PARAMETRIC_REPRESENTATION_CONTEXT() REPRESENTATION_CONTEXT('2D SPACE',''
  ) );
#12042 = ORIENTED_EDGE('',*,*,#10405,.F.);
#12043 = ADVANCED_FACE('',(#12044),#9912,.T.);
#12044 = FACE_BOUND('',#12045,.T.);
#12045 = EDGE_LOOP('',(#12046,#12047,#12048,#12049,#12050,#12073,#12102,
    #12131,#12153,#12154));
#12046 = ORIENTED_EDGE('',*,*,#9892,.F.);
#12047 = ORIENTED_EDGE('',*,*,#12021,.T.);
#12048 = ORIENTED_EDGE('',*,*,#10432,.F.);
#12049 = ORIENTED_EDGE('',*,*,#11694,.T.);
#12050 = ORIENTED_EDGE('',*,*,#12051,.T.);
#12051 = EDGE_CURVE('',#11658,#12052,#12054,.T.);
#12052 = VERTEX_POINT('',#12053);
#12053 = CARTESIAN_POINT('',(-2.042255820692,-2.287543862984,
    13.450590877543));
#12054 = SEAM_CURVE('',#12055,(#12059,#12066),.PCURVE_S1.);
#12055 = LINE('',#12056,#12057);
#12056 = CARTESIAN_POINT('',(-2.143065538697,-2.413295340113,
    12.868699879968));
#12057 = VECTOR('',#12058,1.);
#12058 = DIRECTION('',(0.166959082649,0.208267136131,0.963716485658));
#12059 = PCURVE('',#9912,#12060);
#12060 = DEFINITIONAL_REPRESENTATION('',(#12061),#12065);
#12061 = LINE('',#12062,#12063);
#12062 = CARTESIAN_POINT('',(0.,-0.));
#12063 = VECTOR('',#12064,1.);
#12064 = DIRECTION('',(-0.,-1.));
#12065 = ( GEOMETRIC_REPRESENTATION_CONTEXT(2) 
PARAMETRIC_REPRESENTATION_CONTEXT() REPRESENTATION_CONTEXT('2D SPACE',''
  ) );
#12066 = PCURVE('',#9912,#12067);
#12067 = DEFINITIONAL_REPRESENTATION('',(#12068),#12072);
#12068 = LINE('',#12069,#12070);
#12069 = CARTESIAN_POINT('',(-6.28318530718,0.));
#12070 = VECTOR('',#12071,1.);
#12071 = DIRECTION('',(-0.,-1.));
#12072 = ( GEOMETRIC_REPRESENTATION_CONTEXT(2) 
PARAMETRIC_REPRESENTATION_CONTEXT() REPRESENTATION_CONTEXT('2D SPACE',''
  ) );
#12073 = ORIENTED_EDGE('',*,*,#12074,.F.);
#12074 = EDGE_CURVE('',#12075,#12052,#12077,.T.);
#12075 = VERTEX_POINT('',#12076);
#12076 = CARTESIAN_POINT('',(-2.110019991522,-2.465067734446,13.5041));
#12077 = SURFACE_CURVE('',#12078,(#12083,#12090),.PCURVE_S1.);
#12078 = CIRCLE('',#12079,0.251056666667);
#12079 = AXIS2_PLACEMENT_3D('',#12080,#12081,#12082);
#12080 = CARTESIAN_POINT('',(-2.287543862984,-2.287543862984,13.5041));
#12081 = DIRECTION('',(0.208453530889,0.208453530889,0.95555965325));
#12082 = DIRECTION('',(0.977022620228,-6.938893903907E-18,
    -0.213135636538));
#12083 = PCURVE('',#9912,#12084);
#12084 = DEFINITIONAL_REPRESENTATION('',(#12085),#12089);
#12085 = LINE('',#12086,#12087);
#12086 = CARTESIAN_POINT('',(-0.,-0.60325904096));
#12087 = VECTOR('',#12088,1.);
#12088 = DIRECTION('',(-1.,-0.));
#12089 = ( GEOMETRIC_REPRESENTATION_CONTEXT(2) 
PARAMETRIC_REPRESENTATION_CONTEXT() REPRESENTATION_CONTEXT('2D SPACE',''
  ) );
#12090 = PCURVE('',#12091,#12096);
#12091 = PLANE('',#12092);
#12092 = AXIS2_PLACEMENT_3D('',#12093,#12094,#12095);
#12093 = CARTESIAN_POINT('',(-2.287543862984,-2.287543862984,13.5041));
#12094 = DIRECTION('',(0.208453530889,0.208453530889,0.95555965325));
#12095 = DIRECTION('',(0.977022620228,0.,-0.213135636538));
#12096 = DEFINITIONAL_REPRESENTATION('',(#12097),#12101);
#12097 = CIRCLE('',#12098,0.251056666667);
#12098 = AXIS2_PLACEMENT_2D('',#12099,#12100);
#12099 = CARTESIAN_POINT('',(0.,0.));
#12100 = DIRECTION('',(1.,0.));
#12101 = ( GEOMETRIC_REPRESENTATION_CONTEXT(2) 
PARAMETRIC_REPRESENTATION_CONTEXT() REPRESENTATION_CONTEXT('2D SPACE',''
  ) );
#12102 = ORIENTED_EDGE('',*,*,#12103,.F.);
#12103 = EDGE_CURVE('',#12104,#12075,#12106,.T.);
#12104 = VERTEX_POINT('',#12105);
#12105 = CARTESIAN_POINT('',(-2.465067734446,-2.110019991522,13.5041));
#12106 = SURFACE_CURVE('',#12107,(#12112,#12119),.PCURVE_S1.);
#12107 = CIRCLE('',#12108,0.251056666667);
#12108 = AXIS2_PLACEMENT_3D('',#12109,#12110,#12111);
#12109 = CARTESIAN_POINT('',(-2.287543862984,-2.287543862984,13.5041));
#12110 = DIRECTION('',(0.208453530889,0.208453530889,0.95555965325));
#12111 = DIRECTION('',(0.977022620228,-6.938893903907E-18,
    -0.213135636538));
#12112 = PCURVE('',#9912,#12113);
#12113 = DEFINITIONAL_REPRESENTATION('',(#12114),#12118);
#12114 = LINE('',#12115,#12116);
#12115 = CARTESIAN_POINT('',(-0.,-0.60325904096));
#12116 = VECTOR('',#12117,1.);
#12117 = DIRECTION('',(-1.,-0.));
#12118 = ( GEOMETRIC_REPRESENTATION_CONTEXT(2) 
PARAMETRIC_REPRESENTATION_CONTEXT() REPRESENTATION_CONTEXT('2D SPACE',''
  ) );
#12119 = PCURVE('',#12120,#12125);
#12120 = PLANE('',#12121);
#12121 = AXIS2_PLACEMENT_3D('',#12122,#12123,#12124);
#12122 = CARTESIAN_POINT('',(-2.287543862984,-2.287543862984,13.5041));
#12123 = DIRECTION('',(0.208453530889,0.208453530889,0.95555965325));
#12124 = DIRECTION('',(0.977022620228,0.,-0.213135636538));
#12125 = DEFINITIONAL_REPRESENTATION('',(#12126),#12130);
#12126 = CIRCLE('',#12127,0.251056666667);
#12127 = AXIS2_PLACEMENT_2D('',#12128,#12129);
#12128 = CARTESIAN_POINT('',(0.,0.));
#12129 = DIRECTION('',(1.,0.));
#12130 = ( GEOMETRIC_REPRESENTATION_CONTEXT(2) 
PARAMETRIC_REPRESENTATION_CONTEXT() REPRESENTATION_CONTEXT('2D SPACE',''
  ) );
#12131 = ORIENTED_EDGE('',*,*,#12132,.F.);
#12132 = EDGE_CURVE('',#12052,#12104,#12133,.T.);
#12133 = SURFACE_CURVE('',#12134,(#12139,#12146),.PCURVE_S1.);
#12134 = CIRCLE('',#12135,0.251056666667);
#12135 = AXIS2_PLACEMENT_3D('',#12136,#12137,#12138);
#12136 = CARTESIAN_POINT('',(-2.287543862984,-2.287543862984,13.5041));
#12137 = DIRECTION('',(0.208453530889,0.208453530889,0.95555965325));
#12138 = DIRECTION('',(0.977022620228,-6.938893903907E-18,
    -0.213135636538));
#12139 = PCURVE('',#9912,#12140);
#12140 = DEFINITIONAL_REPRESENTATION('',(#12141),#12145);
#12141 = LINE('',#12142,#12143);
#12142 = CARTESIAN_POINT('',(-0.,-0.60325904096));
#12143 = VECTOR('',#12144,1.);
#12144 = DIRECTION('',(-1.,-0.));
#12145 = ( GEOMETRIC_REPRESENTATION_CONTEXT(2) 
PARAMETRIC_REPRESENTATION_CONTEXT() REPRESENTATION_CONTEXT('2D SPACE',''
  ) );
#12146 = PCURVE('',#12091,#12147);
#12147 = DEFINITIONAL_REPRESENTATION('',(#12148),#12152);
#12148 = CIRCLE('',#12149,0.251056666667);
#12149 = AXIS2_PLACEMENT_2D('',#12150,#12151);
#12150 = CARTESIAN_POINT('',(0.,0.));
#12151 = DIRECTION('',(1.,0.));
#12152 = ( GEOMETRIC_REPRESENTATION_CONTEXT(2) 
PARAMETRIC_REPRESENTATION_CONTEXT() REPRESENTATION_CONTEXT('2D SPACE',''
  ) );
#12153 = ORIENTED_EDGE('',*,*,#12051,.F.);
#12154 = ORIENTED_EDGE('',*,*,#11657,.T.);
#12155 = ADVANCED_FACE('',(#12156),#10326,.T.);
#12156 = FACE_BOUND('',#12157,.T.);
#12157 = EDGE_LOOP('',(#12158,#12159,#12181,#12182,#12183,#12206,#12235,
    #12264,#12286,#12287));
#12158 = ORIENTED_EDGE('',*,*,#10485,.F.);
#12159 = ORIENTED_EDGE('',*,*,#12160,.T.);
#12160 = EDGE_CURVE('',#10486,#10277,#12161,.T.);
#12161 = SURFACE_CURVE('',#12162,(#12167,#12174),.PCURVE_S1.);
#12162 = CIRCLE('',#12163,0.276585);
#12163 = AXIS2_PLACEMENT_3D('',#12164,#12165,#12166);
#12164 = CARTESIAN_POINT('',(2.413295340113,-2.413295340113,12.92765));
#12165 = DIRECTION('',(-0.208453530889,0.208453530889,0.95555965325));
#12166 = DIRECTION('',(0.,0.977022620228,-0.213135636538));
#12167 = PCURVE('',#10326,#12168);
#12168 = DEFINITIONAL_REPRESENTATION('',(#12169),#12173);
#12169 = LINE('',#12170,#12171);
#12170 = CARTESIAN_POINT('',(-0.,-0.));
#12171 = VECTOR('',#12172,1.);
#12172 = DIRECTION('',(-1.,-0.));
#12173 = ( GEOMETRIC_REPRESENTATION_CONTEXT(2) 
PARAMETRIC_REPRESENTATION_CONTEXT() REPRESENTATION_CONTEXT('2D SPACE',''
  ) );
#12174 = PCURVE('',#10296,#12175);
#12175 = DEFINITIONAL_REPRESENTATION('',(#12176),#12180);
#12176 = CIRCLE('',#12177,0.276585);
#12177 = AXIS2_PLACEMENT_2D('',#12178,#12179);
#12178 = CARTESIAN_POINT('',(0.,0.));
#12179 = DIRECTION('',(1.,0.));
#12180 = ( GEOMETRIC_REPRESENTATION_CONTEXT(2) 
PARAMETRIC_REPRESENTATION_CONTEXT() REPRESENTATION_CONTEXT('2D SPACE',''
  ) );
#12181 = ORIENTED_EDGE('',*,*,#10308,.F.);
#12182 = ORIENTED_EDGE('',*,*,#11587,.T.);
#12183 = ORIENTED_EDGE('',*,*,#12184,.T.);
#12184 = EDGE_CURVE('',#11588,#12185,#12187,.T.);
#12185 = VERTEX_POINT('',#12186);
#12186 = CARTESIAN_POINT('',(2.287543862984,-2.042255820692,
    13.450590877543));
#12187 = SEAM_CURVE('',#12188,(#12192,#12199),.PCURVE_S1.);
#12188 = LINE('',#12189,#12190);
#12189 = CARTESIAN_POINT('',(2.413295340113,-2.143065538697,
    12.868699879968));
#12190 = VECTOR('',#12191,1.);
#12191 = DIRECTION('',(-0.208267136131,0.166959082649,0.963716485658));
#12192 = PCURVE('',#10326,#12193);
#12193 = DEFINITIONAL_REPRESENTATION('',(#12194),#12198);
#12194 = LINE('',#12195,#12196);
#12195 = CARTESIAN_POINT('',(0.,-0.));
#12196 = VECTOR('',#12197,1.);
#12197 = DIRECTION('',(-0.,-1.));
#12198 = ( GEOMETRIC_REPRESENTATION_CONTEXT(2) 
PARAMETRIC_REPRESENTATION_CONTEXT() REPRESENTATION_CONTEXT('2D SPACE',''
  ) );
#12199 = PCURVE('',#10326,#12200);
#12200 = DEFINITIONAL_REPRESENTATION('',(#12201),#12205);
#12201 = LINE('',#12202,#12203);
#12202 = CARTESIAN_POINT('',(-6.28318530718,0.));
#12203 = VECTOR('',#12204,1.);
#12204 = DIRECTION('',(-0.,-1.));
#12205 = ( GEOMETRIC_REPRESENTATION_CONTEXT(2) 
PARAMETRIC_REPRESENTATION_CONTEXT() REPRESENTATION_CONTEXT('2D SPACE',''
  ) );
#12206 = ORIENTED_EDGE('',*,*,#12207,.F.);
#12207 = EDGE_CURVE('',#12208,#12185,#12210,.T.);
#12208 = VERTEX_POINT('',#12209);
#12209 = CARTESIAN_POINT('',(2.465067734446,-2.110019991522,13.5041));
#12210 = SURFACE_CURVE('',#12211,(#12216,#12223),.PCURVE_S1.);
#12211 = CIRCLE('',#12212,0.251056666667);
#12212 = AXIS2_PLACEMENT_3D('',#12213,#12214,#12215);
#12213 = CARTESIAN_POINT('',(2.287543862984,-2.287543862984,13.5041));
#12214 = DIRECTION('',(-0.208453530889,0.208453530889,0.95555965325));
#12215 = DIRECTION('',(0.,0.977022620228,-0.213135636538));
#12216 = PCURVE('',#10326,#12217);
#12217 = DEFINITIONAL_REPRESENTATION('',(#12218),#12222);
#12218 = LINE('',#12219,#12220);
#12219 = CARTESIAN_POINT('',(-0.,-0.60325904096));
#12220 = VECTOR('',#12221,1.);
#12221 = DIRECTION('',(-1.,-0.));
#12222 = ( GEOMETRIC_REPRESENTATION_CONTEXT(2) 
PARAMETRIC_REPRESENTATION_CONTEXT() REPRESENTATION_CONTEXT('2D SPACE',''
  ) );
#12223 = PCURVE('',#12224,#12229);
#12224 = PLANE('',#12225);
#12225 = AXIS2_PLACEMENT_3D('',#12226,#12227,#12228);
#12226 = CARTESIAN_POINT('',(2.287543862984,-2.287543862984,13.5041));
#12227 = DIRECTION('',(-0.208453530889,0.208453530889,0.95555965325));
#12228 = DIRECTION('',(0.,0.977022620228,-0.213135636538));
#12229 = DEFINITIONAL_REPRESENTATION('',(#12230),#12234);
#12230 = CIRCLE('',#12231,0.251056666667);
#12231 = AXIS2_PLACEMENT_2D('',#12232,#12233);
#12232 = CARTESIAN_POINT('',(0.,0.));
#12233 = DIRECTION('',(1.,0.));
#12234 = ( GEOMETRIC_REPRESENTATION_CONTEXT(2) 
PARAMETRIC_REPRESENTATION_CONTEXT() REPRESENTATION_CONTEXT('2D SPACE',''
  ) );
#12235 = ORIENTED_EDGE('',*,*,#12236,.F.);
#12236 = EDGE_CURVE('',#12237,#12208,#12239,.T.);
#12237 = VERTEX_POINT('',#12238);
#12238 = CARTESIAN_POINT('',(2.110019991522,-2.465067734446,13.5041));
#12239 = SURFACE_CURVE('',#12240,(#12245,#12252),.PCURVE_S1.);
#12240 = CIRCLE('',#12241,0.251056666667);
#12241 = AXIS2_PLACEMENT_3D('',#12242,#12243,#12244);
#12242 = CARTESIAN_POINT('',(2.287543862984,-2.287543862984,13.5041));
#12243 = DIRECTION('',(-0.208453530889,0.208453530889,0.95555965325));
#12244 = DIRECTION('',(0.,0.977022620228,-0.213135636538));
#12245 = PCURVE('',#10326,#12246);
#12246 = DEFINITIONAL_REPRESENTATION('',(#12247),#12251);
#12247 = LINE('',#12248,#12249);
#12248 = CARTESIAN_POINT('',(-0.,-0.60325904096));
#12249 = VECTOR('',#12250,1.);
#12250 = DIRECTION('',(-1.,-0.));
#12251 = ( GEOMETRIC_REPRESENTATION_CONTEXT(2) 
PARAMETRIC_REPRESENTATION_CONTEXT() REPRESENTATION_CONTEXT('2D SPACE',''
  ) );
#12252 = PCURVE('',#12253,#12258);
#12253 = PLANE('',#12254);
#12254 = AXIS2_PLACEMENT_3D('',#12255,#12256,#12257);
#12255 = CARTESIAN_POINT('',(2.287543862984,-2.287543862984,13.5041));
#12256 = DIRECTION('',(-0.208453530889,0.208453530889,0.95555965325));
#12257 = DIRECTION('',(0.,0.977022620228,-0.213135636538));
#12258 = DEFINITIONAL_REPRESENTATION('',(#12259),#12263);
#12259 = CIRCLE('',#12260,0.251056666667);
#12260 = AXIS2_PLACEMENT_2D('',#12261,#12262);
#12261 = CARTESIAN_POINT('',(0.,0.));
#12262 = DIRECTION('',(1.,0.));
#12263 = ( GEOMETRIC_REPRESENTATION_CONTEXT(2) 
PARAMETRIC_REPRESENTATION_CONTEXT() REPRESENTATION_CONTEXT('2D SPACE',''
  ) );
#12264 = ORIENTED_EDGE('',*,*,#12265,.F.);
#12265 = EDGE_CURVE('',#12185,#12237,#12266,.T.);
#12266 = SURFACE_CURVE('',#12267,(#12272,#12279),.PCURVE_S1.);
#12267 = CIRCLE('',#12268,0.251056666667);
#12268 = AXIS2_PLACEMENT_3D('',#12269,#12270,#12271);
#12269 = CARTESIAN_POINT('',(2.287543862984,-2.287543862984,13.5041));
#12270 = DIRECTION('',(-0.208453530889,0.208453530889,0.95555965325));
#12271 = DIRECTION('',(0.,0.977022620228,-0.213135636538));
#12272 = PCURVE('',#10326,#12273);
#12273 = DEFINITIONAL_REPRESENTATION('',(#12274),#12278);
#12274 = LINE('',#12275,#12276);
#12275 = CARTESIAN_POINT('',(-0.,-0.60325904096));
#12276 = VECTOR('',#12277,1.);
#12277 = DIRECTION('',(-1.,-0.));
#12278 = ( GEOMETRIC_REPRESENTATION_CONTEXT(2) 
PARAMETRIC_REPRESENTATION_CONTEXT() REPRESENTATION_CONTEXT('2D SPACE',''
  ) );
#12279 = PCURVE('',#12224,#12280);
#12280 = DEFINITIONAL_REPRESENTATION('',(#12281),#12285);
#12281 = CIRCLE('',#12282,0.251056666667);
#12282 = AXIS2_PLACEMENT_2D('',#12283,#12284);
#12283 = CARTESIAN_POINT('',(0.,0.));
#12284 = DIRECTION('',(1.,0.));
#12285 = ( GEOMETRIC_REPRESENTATION_CONTEXT(2) 
PARAMETRIC_REPRESENTATION_CONTEXT() REPRESENTATION_CONTEXT('2D SPACE',''
  ) );
#12286 = ORIENTED_EDGE('',*,*,#12184,.F.);
#12287 = ORIENTED_EDGE('',*,*,#11730,.T.);
#12288 = ADVANCED_FACE('',(#12289),#10296,.F.);
#12289 = FACE_BOUND('',#12290,.F.);
#12290 = EDGE_LOOP('',(#12291,#12330,#12331,#12332));
#12291 = ORIENTED_EDGE('',*,*,#12292,.F.);
#12292 = EDGE_CURVE('',#10515,#10237,#12293,.T.);
#12293 = SURFACE_CURVE('',#12294,(#12299,#12306),.PCURVE_S1.);
#12294 = CIRCLE('',#12295,0.2175216);
#12295 = AXIS2_PLACEMENT_3D('',#12296,#12297,#12298);
#12296 = CARTESIAN_POINT('',(2.413295340113,-2.413295340113,12.92765));
#12297 = DIRECTION('',(-0.208453530889,0.208453530889,0.95555965325));
#12298 = DIRECTION('',(-0.707106781187,-0.707106781187,0.));
#12299 = PCURVE('',#10296,#12300);
#12300 = DEFINITIONAL_REPRESENTATION('',(#12301),#12305);
#12301 = CIRCLE('',#12302,0.2175216);
#12302 = AXIS2_PLACEMENT_2D('',#12303,#12304);
#12303 = CARTESIAN_POINT('',(0.,0.));
#12304 = DIRECTION('',(-0.690859320136,0.722989211386));
#12305 = ( GEOMETRIC_REPRESENTATION_CONTEXT(2) 
PARAMETRIC_REPRESENTATION_CONTEXT() REPRESENTATION_CONTEXT('2D SPACE',''
  ) );
#12306 = PCURVE('',#10260,#12307);
#12307 = DEFINITIONAL_REPRESENTATION('',(#12308),#12329);
#12308 = B_SPLINE_CURVE_WITH_KNOTS('',7,(#12309,#12310,#12311,#12312,
    #12313,#12314,#12315,#12316,#12317,#12318,#12319,#12320,#12321,
    #12322,#12323,#12324,#12325,#12326,#12327,#12328),.UNSPECIFIED.,.F.,
  .F.,(8,6,6,8),(0.,1.166736635637,2.333473271275,3.14159265359),
  .UNSPECIFIED.);
#12309 = CARTESIAN_POINT('',(3.926990816987,0.));
#12310 = CARTESIAN_POINT('',(4.086260310556,4.91359150894E-02));
#12311 = CARTESIAN_POINT('',(4.24552893678,9.827244952837E-02));
#12312 = CARTESIAN_POINT('',(4.406060007253,0.145368917954));
#12313 = CARTESIAN_POINT('',(4.569081093464,0.188407367149));
#12314 = CARTESIAN_POINT('',(4.735504284954,0.225359851137));
#12315 = CARTESIAN_POINT('',(4.905137508739,0.254423169213));
#12316 = CARTESIAN_POINT('',(5.248936322241,0.294561842603));
#12317 = CARTESIAN_POINT('',(5.423100983354,0.305635255182));
#12318 = CARTESIAN_POINT('',(5.598603107615,0.306611857662));
#12319 = CARTESIAN_POINT('',(5.773736221942,0.297007240595));
#12320 = CARTESIAN_POINT('',(5.946534394855,0.277507777909));
#12321 = CARTESIAN_POINT('',(6.11633640183,0.249527561002));
#12322 = CARTESIAN_POINT('',(6.398750234356,0.190718173868));
#12323 = CARTESIAN_POINT('',(6.512900605686,0.163406516892));
#12324 = CARTESIAN_POINT('',(6.625652319786,0.133429022966));
#12325 = CARTESIAN_POINT('',(6.737220437971,0.101424160715));
#12326 = CARTESIAN_POINT('',(6.847953574728,6.806450026956E-02));
#12327 = CARTESIAN_POINT('',(6.958268288184,3.403311779082E-02));
#12328 = CARTESIAN_POINT('',(7.068583470577,0.));
#12329 = ( GEOMETRIC_REPRESENTATION_CONTEXT(2) 
PARAMETRIC_REPRESENTATION_CONTEXT() REPRESENTATION_CONTEXT('2D SPACE',''
  ) );
#12330 = ORIENTED_EDGE('',*,*,#10514,.F.);
#12331 = ORIENTED_EDGE('',*,*,#12160,.T.);
#12332 = ORIENTED_EDGE('',*,*,#10276,.F.);
#12333 = ADVANCED_FACE('',(#12334),#10260,.T.);
#12334 = FACE_BOUND('',#12335,.T.);
#12335 = EDGE_LOOP('',(#12336,#12337,#12338,#12339));
#12336 = ORIENTED_EDGE('',*,*,#11033,.F.);
#12337 = ORIENTED_EDGE('',*,*,#10236,.F.);
#12338 = ORIENTED_EDGE('',*,*,#12292,.F.);
#12339 = ORIENTED_EDGE('',*,*,#10541,.F.);
#12340 = ADVANCED_FACE('',(#12341),#10744,.T.);
#12341 = FACE_BOUND('',#12342,.T.);
#12342 = EDGE_LOOP('',(#12343,#12344));
#12343 = ORIENTED_EDGE('',*,*,#10723,.F.);
#12344 = ORIENTED_EDGE('',*,*,#10797,.F.);
#12345 = ADVANCED_FACE('',(#12346),#10982,.T.);
#12346 = FACE_BOUND('',#12347,.T.);
#12347 = EDGE_LOOP('',(#12348,#12349));
#12348 = ORIENTED_EDGE('',*,*,#10961,.F.);
#12349 = ORIENTED_EDGE('',*,*,#11085,.F.);
#12350 = ADVANCED_FACE('',(#12351),#11229,.T.);
#12351 = FACE_BOUND('',#12352,.T.);
#12352 = EDGE_LOOP('',(#12353,#12354));
#12353 = ORIENTED_EDGE('',*,*,#11214,.T.);
#12354 = ORIENTED_EDGE('',*,*,#11297,.F.);
#12355 = ADVANCED_FACE('',(#12356),#11485,.T.);
#12356 = FACE_BOUND('',#12357,.T.);
#12357 = EDGE_LOOP('',(#12358,#12359,#12360));
#12358 = ORIENTED_EDGE('',*,*,#11468,.T.);
#12359 = ORIENTED_EDGE('',*,*,#11526,.T.);
#12360 = ORIENTED_EDGE('',*,*,#12361,.F.);
#12361 = EDGE_CURVE('',#11469,#11498,#12362,.T.);
#12362 = SURFACE_CURVE('',#12363,(#12368,#12375),.PCURVE_S1.);
#12363 = ELLIPSE('',#12364,0.251185318057,0.251056891567);
#12364 = AXIS2_PLACEMENT_3D('',#12365,#12366,#12367);
#12365 = CARTESIAN_POINT('',(-2.28777103835,2.28777103835,
    13.504199115753));
#12366 = DIRECTION('',(0.208453530889,-0.208453530889,0.95555965325));
#12367 = DIRECTION('',(-0.675682710641,0.675682710641,0.294797810508));
#12368 = PCURVE('',#11485,#12369);
#12369 = DEFINITIONAL_REPRESENTATION('',(#12370),#12374);
#12370 = ELLIPSE('',#12371,0.251185318057,0.251056891567);
#12371 = AXIS2_PLACEMENT_2D('',#12372,#12373);
#12372 = CARTESIAN_POINT('',(-2.430805704754E-04,2.322779856353E-04));
#12373 = DIRECTION('',(-0.722989211386,0.690859320136));
#12374 = ( GEOMETRIC_REPRESENTATION_CONTEXT(2) 
PARAMETRIC_REPRESENTATION_CONTEXT() REPRESENTATION_CONTEXT('2D SPACE',''
  ) );
#12375 = PCURVE('',#12376,#12381);
#12376 = CONICAL_SURFACE('',#12377,0.251056666667,4.185425450679E-02);
#12377 = AXIS2_PLACEMENT_3D('',#12378,#12379,#12380);
#12378 = CARTESIAN_POINT('',(-2.287543862984,2.287543862984,13.5041));
#12379 = DIRECTION('',(-0.229932134428,0.229932134428,-0.945654496693));
#12380 = DIRECTION('',(-6.938893903907E-18,0.97168929306,0.236262391746)
  );
#12381 = DEFINITIONAL_REPRESENTATION('',(#12382),#12390);
#12382 = B_SPLINE_CURVE_WITH_KNOTS('',6,(#12383,#12384,#12385,#12386,
    #12387,#12388,#12389),.UNSPECIFIED.,.F.,.F.,(7,7),(1.572134845082,
    4.711050462098),.PIECEWISE_BEZIER_KNOTS.);
#12383 = CARTESIAN_POINT('',(-2.32827001702,1.794132861052E-15));
#12384 = CARTESIAN_POINT('',(-2.851423088504,-4.197893404119E-03));
#12385 = CARTESIAN_POINT('',(-3.37501150912,-8.388664050616E-03));
#12386 = CARTESIAN_POINT('',(-3.899066343814,-1.054084274832E-02));
#12387 = CARTESIAN_POINT('',(-4.423121178509,-8.388664050608E-03));
#12388 = CARTESIAN_POINT('',(-4.946709599125,-4.197893404121E-03));
#12389 = CARTESIAN_POINT('',(-5.469862670609,-4.6413308793E-18));
#12390 = ( GEOMETRIC_REPRESENTATION_CONTEXT(2) 
PARAMETRIC_REPRESENTATION_CONTEXT() REPRESENTATION_CONTEXT('2D SPACE',''
  ) );
#12391 = ADVANCED_FACE('',(#12392),#11514,.T.);
#12392 = FACE_BOUND('',#12393,.T.);
#12393 = EDGE_LOOP('',(#12394,#12420,#12421,#12442));
#12394 = ORIENTED_EDGE('',*,*,#12395,.T.);
#12395 = EDGE_CURVE('',#12396,#11498,#12398,.T.);
#12396 = VERTEX_POINT('',#12397);
#12397 = CARTESIAN_POINT('',(-2.146729770051,2.428357955918,13.5041));
#12398 = SURFACE_CURVE('',#12399,(#12403,#12409),.PCURVE_S1.);
#12399 = LINE('',#12400,#12401);
#12400 = CARTESIAN_POINT('',(-2.287543862984,2.287543862984,13.5041));
#12401 = VECTOR('',#12402,1.);
#12402 = DIRECTION('',(0.707106781187,0.707106781187,-4.561423417125E-15
    ));
#12403 = PCURVE('',#11514,#12404);
#12404 = DEFINITIONAL_REPRESENTATION('',(#12405),#12408);
#12405 = B_SPLINE_CURVE_WITH_KNOTS('',1,(#12406,#12407),.UNSPECIFIED.,
  .F.,.F.,(2,2),(-0.345534829945,0.345534829945),
  .PIECEWISE_BEZIER_KNOTS.);
#12406 = CARTESIAN_POINT('',(-0.238715957699,-0.249817954209));
#12407 = CARTESIAN_POINT('',(0.238715957699,0.249817954209));
#12408 = ( GEOMETRIC_REPRESENTATION_CONTEXT(2) 
PARAMETRIC_REPRESENTATION_CONTEXT() REPRESENTATION_CONTEXT('2D SPACE',''
  ) );
#12409 = PCURVE('',#12410,#12415);
#12410 = PLANE('',#12411);
#12411 = AXIS2_PLACEMENT_3D('',#12412,#12413,#12414);
#12412 = CARTESIAN_POINT('',(-2.287543862984,2.287543862984,13.5041));
#12413 = DIRECTION('',(0.229932134428,-0.229932134428,0.945654496693));
#12414 = DIRECTION('',(-6.938893903907E-18,0.97168929306,0.236262391746)
  );
#12415 = DEFINITIONAL_REPRESENTATION('',(#12416),#12419);
#12416 = B_SPLINE_CURVE_WITH_KNOTS('',1,(#12417,#12418),.UNSPECIFIED.,
  .F.,.F.,(2,2),(-0.345534829945,0.345534829945),
  .PIECEWISE_BEZIER_KNOTS.);
#12417 = CARTESIAN_POINT('',(-0.237412865758,0.251056666667));
#12418 = CARTESIAN_POINT('',(0.237412865758,-0.251056666667));
#12419 = ( GEOMETRIC_REPRESENTATION_CONTEXT(2) 
PARAMETRIC_REPRESENTATION_CONTEXT() REPRESENTATION_CONTEXT('2D SPACE',''
  ) );
#12420 = ORIENTED_EDGE('',*,*,#11497,.T.);
#12421 = ORIENTED_EDGE('',*,*,#12422,.T.);
#12422 = EDGE_CURVE('',#11469,#12423,#12425,.T.);
#12423 = VERTEX_POINT('',#12424);
#12424 = CARTESIAN_POINT('',(-2.428357955918,2.146729770051,13.5041));
#12425 = SURFACE_CURVE('',#12426,(#12430,#12436),.PCURVE_S1.);
#12426 = LINE('',#12427,#12428);
#12427 = CARTESIAN_POINT('',(-2.287543862984,2.287543862984,13.5041));
#12428 = VECTOR('',#12429,1.);
#12429 = DIRECTION('',(0.707106781187,0.707106781187,-4.561423417125E-15
    ));
#12430 = PCURVE('',#11514,#12431);
#12431 = DEFINITIONAL_REPRESENTATION('',(#12432),#12435);
#12432 = B_SPLINE_CURVE_WITH_KNOTS('',1,(#12433,#12434),.UNSPECIFIED.,
  .F.,.F.,(2,2),(-0.345534829945,0.345534829945),
  .PIECEWISE_BEZIER_KNOTS.);
#12433 = CARTESIAN_POINT('',(-0.238715957699,-0.249817954209));
#12434 = CARTESIAN_POINT('',(0.238715957699,0.249817954209));
#12435 = ( GEOMETRIC_REPRESENTATION_CONTEXT(2) 
PARAMETRIC_REPRESENTATION_CONTEXT() REPRESENTATION_CONTEXT('2D SPACE',''
  ) );
#12436 = PCURVE('',#12410,#12437);
#12437 = DEFINITIONAL_REPRESENTATION('',(#12438),#12441);
#12438 = B_SPLINE_CURVE_WITH_KNOTS('',1,(#12439,#12440),.UNSPECIFIED.,
  .F.,.F.,(2,2),(-0.345534829945,0.345534829945),
  .PIECEWISE_BEZIER_KNOTS.);
#12439 = CARTESIAN_POINT('',(-0.237412865758,0.251056666667));
#12440 = CARTESIAN_POINT('',(0.237412865758,-0.251056666667));
#12441 = ( GEOMETRIC_REPRESENTATION_CONTEXT(2) 
PARAMETRIC_REPRESENTATION_CONTEXT() REPRESENTATION_CONTEXT('2D SPACE',''
  ) );
#12442 = ORIENTED_EDGE('',*,*,#12443,.F.);
#12443 = EDGE_CURVE('',#12396,#12423,#12444,.T.);
#12444 = SURFACE_CURVE('',#12445,(#12450,#12457),.PCURVE_S1.);
#12445 = CIRCLE('',#12446,0.1991412);
#12446 = AXIS2_PLACEMENT_3D('',#12447,#12448,#12449);
#12447 = CARTESIAN_POINT('',(-2.287543862984,2.287543862984,13.5041));
#12448 = DIRECTION('',(0.208453530889,-0.208453530889,0.95555965325));
#12449 = DIRECTION('',(0.707106781187,0.707106781187,0.));
#12450 = PCURVE('',#11514,#12451);
#12451 = DEFINITIONAL_REPRESENTATION('',(#12452),#12456);
#12452 = CIRCLE('',#12453,0.1991412);
#12453 = AXIS2_PLACEMENT_2D('',#12454,#12455);
#12454 = CARTESIAN_POINT('',(0.,0.));
#12455 = DIRECTION('',(0.690859320136,0.722989211386));
#12456 = ( GEOMETRIC_REPRESENTATION_CONTEXT(2) 
PARAMETRIC_REPRESENTATION_CONTEXT() REPRESENTATION_CONTEXT('2D SPACE',''
  ) );
#12457 = PCURVE('',#12458,#12463);
#12458 = SPHERICAL_SURFACE('',#12459,0.1991412);
#12459 = AXIS2_PLACEMENT_3D('',#12460,#12461,#12462);
#12460 = CARTESIAN_POINT('',(-2.287543862984,2.287543862984,13.5041));
#12461 = DIRECTION('',(0.,0.,1.));
#12462 = DIRECTION('',(1.,0.,-0.));
#12463 = DEFINITIONAL_REPRESENTATION('',(#12464),#12479);
#12464 = B_SPLINE_CURVE_WITH_KNOTS('',7,(#12465,#12466,#12467,#12468,
    #12469,#12470,#12471,#12472,#12473,#12474,#12475,#12476,#12477,
    #12478),.UNSPECIFIED.,.F.,.F.,(8,6,8),(0.,1.570796326795,
    3.14159265359),.UNSPECIFIED.);
#12465 = CARTESIAN_POINT('',(0.785398163397,0.));
#12466 = CARTESIAN_POINT('',(0.999825248163,6.615247398481E-02));
#12467 = CARTESIAN_POINT('',(1.214252143081,0.132312901663));
#12468 = CARTESIAN_POINT('',(1.431753486395,0.193449521241));
#12469 = CARTESIAN_POINT('',(1.655312724849,0.244835447985));
#12470 = CARTESIAN_POINT('',(1.886530765836,0.281127345421));
#12471 = CARTESIAN_POINT('',(2.121358837082,0.299243919015));
#12472 = CARTESIAN_POINT('',(2.591030143302,0.299243919015));
#12473 = CARTESIAN_POINT('',(2.825858214548,0.281127345421));
#12474 = CARTESIAN_POINT('',(3.057076255537,0.244835447985));
#12475 = CARTESIAN_POINT('',(3.280635493988,0.193449521241));
#12476 = CARTESIAN_POINT('',(3.498136837305,0.132312901663));
#12477 = CARTESIAN_POINT('',(3.712563732222,6.615247398481E-02));
#12478 = CARTESIAN_POINT('',(3.926990816987,0.));
#12479 = ( GEOMETRIC_REPRESENTATION_CONTEXT(2) 
PARAMETRIC_REPRESENTATION_CONTEXT() REPRESENTATION_CONTEXT('2D SPACE',''
  ) );
#12480 = ADVANCED_FACE('',(#12481),#11790,.T.);
#12481 = FACE_BOUND('',#12482,.T.);
#12482 = EDGE_LOOP('',(#12483,#12484,#12485,#12511,#12561));
#12483 = ORIENTED_EDGE('',*,*,#11873,.T.);
#12484 = ORIENTED_EDGE('',*,*,#11771,.T.);
#12485 = ORIENTED_EDGE('',*,*,#12486,.T.);
#12486 = EDGE_CURVE('',#11774,#12487,#12489,.T.);
#12487 = VERTEX_POINT('',#12488);
#12488 = CARTESIAN_POINT('',(2.146729770051,2.428357955918,13.5041));
#12489 = SURFACE_CURVE('',#12490,(#12494,#12500),.PCURVE_S1.);
#12490 = LINE('',#12491,#12492);
#12491 = CARTESIAN_POINT('',(2.287543862984,2.287543862984,13.5041));
#12492 = VECTOR('',#12493,1.);
#12493 = DIRECTION('',(0.707106781187,-0.707106781187,
    -4.561423417125E-15));
#12494 = PCURVE('',#11790,#12495);
#12495 = DEFINITIONAL_REPRESENTATION('',(#12496),#12499);
#12496 = B_SPLINE_CURVE_WITH_KNOTS('',1,(#12497,#12498),.UNSPECIFIED.,
  .F.,.F.,(2,2),(-0.345534829945,0.345534829945),
  .PIECEWISE_BEZIER_KNOTS.);
#12497 = CARTESIAN_POINT('',(-0.238715957699,0.249817954209));
#12498 = CARTESIAN_POINT('',(0.238715957699,-0.249817954209));
#12499 = ( GEOMETRIC_REPRESENTATION_CONTEXT(2) 
PARAMETRIC_REPRESENTATION_CONTEXT() REPRESENTATION_CONTEXT('2D SPACE',''
  ) );
#12500 = PCURVE('',#12501,#12506);
#12501 = PLANE('',#12502);
#12502 = AXIS2_PLACEMENT_3D('',#12503,#12504,#12505);
#12503 = CARTESIAN_POINT('',(2.287543862984,2.287543862984,13.5041));
#12504 = DIRECTION('',(-0.229932134428,-0.229932134428,0.945654496693));
#12505 = DIRECTION('',(0.97168929306,6.938893903907E-18,0.236262391746)
  );
#12506 = DEFINITIONAL_REPRESENTATION('',(#12507),#12510);
#12507 = B_SPLINE_CURVE_WITH_KNOTS('',1,(#12508,#12509),.UNSPECIFIED.,
  .F.,.F.,(2,2),(-0.345534829945,0.345534829945),
  .PIECEWISE_BEZIER_KNOTS.);
#12508 = CARTESIAN_POINT('',(-0.237412865758,0.251056666667));
#12509 = CARTESIAN_POINT('',(0.237412865758,-0.251056666667));
#12510 = ( GEOMETRIC_REPRESENTATION_CONTEXT(2) 
PARAMETRIC_REPRESENTATION_CONTEXT() REPRESENTATION_CONTEXT('2D SPACE',''
  ) );
#12511 = ORIENTED_EDGE('',*,*,#12512,.T.);
#12512 = EDGE_CURVE('',#12487,#12513,#12515,.T.);
#12513 = VERTEX_POINT('',#12514);
#12514 = CARTESIAN_POINT('',(2.428357955918,2.146729770051,13.5041));
#12515 = SURFACE_CURVE('',#12516,(#12521,#12532),.PCURVE_S1.);
#12516 = CIRCLE('',#12517,0.1991412);
#12517 = AXIS2_PLACEMENT_3D('',#12518,#12519,#12520);
#12518 = CARTESIAN_POINT('',(2.287543862984,2.287543862984,13.5041));
#12519 = DIRECTION('',(0.208453530889,0.208453530889,-0.95555965325));
#12520 = DIRECTION('',(-0.707106781187,0.707106781187,0.));
#12521 = PCURVE('',#11790,#12522);
#12522 = DEFINITIONAL_REPRESENTATION('',(#12523),#12531);
#12523 = ( BOUNDED_CURVE() B_SPLINE_CURVE(2,(#12524,#12525,#12526,#12527
    ,#12528,#12529,#12530),.UNSPECIFIED.,.T.,.F.) 
B_SPLINE_CURVE_WITH_KNOTS((1,2,2,2,2,1),(-2.094395102393,0.,
    2.094395102393,4.188790204786,6.28318530718,8.377580409573),
.UNSPECIFIED.) CURVE() GEOMETRIC_REPRESENTATION_ITEM() 
RATIONAL_B_SPLINE_CURVE((1.,0.5,1.,0.5,1.,0.5,1.)) REPRESENTATION_ITEM(
  '') );
#12524 = CARTESIAN_POINT('',(-0.137578554043,0.143976939143));
#12525 = CARTESIAN_POINT('',(0.11179681967,0.382269984777));
#12526 = CARTESIAN_POINT('',(0.193476963878,4.715805324595E-02));
#12527 = CARTESIAN_POINT('',(0.275157108086,-0.287953878285));
#12528 = CARTESIAN_POINT('',(-5.589840983504E-02,-0.191134992389));
#12529 = CARTESIAN_POINT('',(-0.386953927756,-9.431610649191E-02));
#12530 = CARTESIAN_POINT('',(-0.137578554043,0.143976939143));
#12531 = ( GEOMETRIC_REPRESENTATION_CONTEXT(2) 
PARAMETRIC_REPRESENTATION_CONTEXT() REPRESENTATION_CONTEXT('2D SPACE',''
  ) );
#12532 = PCURVE('',#12533,#12538);
#12533 = SPHERICAL_SURFACE('',#12534,0.1991412);
#12534 = AXIS2_PLACEMENT_3D('',#12535,#12536,#12537);
#12535 = CARTESIAN_POINT('',(2.287543862984,2.287543862984,13.5041));
#12536 = DIRECTION('',(0.,0.,1.));
#12537 = DIRECTION('',(1.,0.,-0.));
#12538 = DEFINITIONAL_REPRESENTATION('',(#12539),#12560);
#12539 = B_SPLINE_CURVE_WITH_KNOTS('',7,(#12540,#12541,#12542,#12543,
    #12544,#12545,#12546,#12547,#12548,#12549,#12550,#12551,#12552,
    #12553,#12554,#12555,#12556,#12557,#12558,#12559),.UNSPECIFIED.,.F.,
  .F.,(8,6,6,8),(0.,1.166736635637,2.333473271275,3.14159265359),
  .UNSPECIFIED.);
#12540 = CARTESIAN_POINT('',(8.639379797372,0.));
#12541 = CARTESIAN_POINT('',(8.480110303803,4.91359150894E-02));
#12542 = CARTESIAN_POINT('',(8.320834835479,9.827232174087E-02));
#12543 = CARTESIAN_POINT('',(8.160330090181,0.14536926383));
#12544 = CARTESIAN_POINT('',(7.997270058204,0.188407038877));
#12545 = CARTESIAN_POINT('',(7.830873149385,0.225359959818));
#12546 = CARTESIAN_POINT('',(7.66123310562,0.254423169213));
#12547 = CARTESIAN_POINT('',(7.317434292118,0.294561842603));
#12548 = CARTESIAN_POINT('',(7.143269631004,0.305635255181));
#12549 = CARTESIAN_POINT('',(6.967767506749,0.306611857662));
#12550 = CARTESIAN_POINT('',(6.792634392415,0.297007240595));
#12551 = CARTESIAN_POINT('',(6.619836219505,0.277507777909));
#12552 = CARTESIAN_POINT('',(6.450034212529,0.249527561002));
#12553 = CARTESIAN_POINT('',(6.167620380004,0.190718173868));
#12554 = CARTESIAN_POINT('',(6.053470008673,0.163406516892));
#12555 = CARTESIAN_POINT('',(5.940718294574,0.133429022966));
#12556 = CARTESIAN_POINT('',(5.829150176388,0.101424160715));
#12557 = CARTESIAN_POINT('',(5.718417039631,6.806450026955E-02));
#12558 = CARTESIAN_POINT('',(5.608102326175,3.403311779082E-02));
#12559 = CARTESIAN_POINT('',(5.497787143782,0.));
#12560 = ( GEOMETRIC_REPRESENTATION_CONTEXT(2) 
PARAMETRIC_REPRESENTATION_CONTEXT() REPRESENTATION_CONTEXT('2D SPACE',''
  ) );
#12561 = ORIENTED_EDGE('',*,*,#12562,.T.);
#12562 = EDGE_CURVE('',#12513,#11874,#12563,.T.);
#12563 = SURFACE_CURVE('',#12564,(#12568,#12574),.PCURVE_S1.);
#12564 = LINE('',#12565,#12566);
#12565 = CARTESIAN_POINT('',(2.287543862984,2.287543862984,13.5041));
#12566 = VECTOR('',#12567,1.);
#12567 = DIRECTION('',(0.707106781187,-0.707106781187,
    -4.561423417125E-15));
#12568 = PCURVE('',#11790,#12569);
#12569 = DEFINITIONAL_REPRESENTATION('',(#12570),#12573);
#12570 = B_SPLINE_CURVE_WITH_KNOTS('',1,(#12571,#12572),.UNSPECIFIED.,
  .F.,.F.,(2,2),(-0.345534829945,0.345534829945),
  .PIECEWISE_BEZIER_KNOTS.);
#12571 = CARTESIAN_POINT('',(-0.238715957699,0.249817954209));
#12572 = CARTESIAN_POINT('',(0.238715957699,-0.249817954209));
#12573 = ( GEOMETRIC_REPRESENTATION_CONTEXT(2) 
PARAMETRIC_REPRESENTATION_CONTEXT() REPRESENTATION_CONTEXT('2D SPACE',''
  ) );
#12574 = PCURVE('',#12501,#12575);
#12575 = DEFINITIONAL_REPRESENTATION('',(#12576),#12579);
#12576 = B_SPLINE_CURVE_WITH_KNOTS('',1,(#12577,#12578),.UNSPECIFIED.,
  .F.,.F.,(2,2),(-0.345534829945,0.345534829945),
  .PIECEWISE_BEZIER_KNOTS.);
#12577 = CARTESIAN_POINT('',(-0.237412865758,0.251056666667));
#12578 = CARTESIAN_POINT('',(0.237412865758,-0.251056666667));
#12579 = ( GEOMETRIC_REPRESENTATION_CONTEXT(2) 
PARAMETRIC_REPRESENTATION_CONTEXT() REPRESENTATION_CONTEXT('2D SPACE',''
  ) );
#12580 = ADVANCED_FACE('',(#12581),#11912,.T.);
#12581 = FACE_BOUND('',#12582,.T.);
#12582 = EDGE_LOOP('',(#12583,#12614));
#12583 = ORIENTED_EDGE('',*,*,#12584,.F.);
#12584 = EDGE_CURVE('',#11774,#11874,#12585,.T.);
#12585 = SURFACE_CURVE('',#12586,(#12591,#12598),.PCURVE_S1.);
#12586 = ELLIPSE('',#12587,0.251185318057,0.251056891567);
#12587 = AXIS2_PLACEMENT_3D('',#12588,#12589,#12590);
#12588 = CARTESIAN_POINT('',(2.28777103835,2.28777103835,13.504199115753
    ));
#12589 = DIRECTION('',(-0.208453530889,-0.208453530889,0.95555965325));
#12590 = DIRECTION('',(0.675682710641,0.675682710641,0.294797810508));
#12591 = PCURVE('',#11912,#12592);
#12592 = DEFINITIONAL_REPRESENTATION('',(#12593),#12597);
#12593 = ELLIPSE('',#12594,0.251185318057,0.251056891567);
#12594 = AXIS2_PLACEMENT_2D('',#12595,#12596);
#12595 = CARTESIAN_POINT('',(2.430805704754E-04,2.322779856353E-04));
#12596 = DIRECTION('',(0.722989211386,0.690859320136));
#12597 = ( GEOMETRIC_REPRESENTATION_CONTEXT(2) 
PARAMETRIC_REPRESENTATION_CONTEXT() REPRESENTATION_CONTEXT('2D SPACE',''
  ) );
#12598 = PCURVE('',#12599,#12604);
#12599 = CONICAL_SURFACE('',#12600,0.251056666667,4.185425450679E-02);
#12600 = AXIS2_PLACEMENT_3D('',#12601,#12602,#12603);
#12601 = CARTESIAN_POINT('',(2.287543862984,2.287543862984,13.5041));
#12602 = DIRECTION('',(0.229932134428,0.229932134428,-0.945654496693));
#12603 = DIRECTION('',(0.97168929306,6.938893903907E-18,0.236262391746)
  );
#12604 = DEFINITIONAL_REPRESENTATION('',(#12605),#12613);
#12605 = B_SPLINE_CURVE_WITH_KNOTS('',6,(#12606,#12607,#12608,#12609,
    #12610,#12611,#12612),.UNSPECIFIED.,.F.,.F.,(7,7),(1.572134845082,
    4.711050462098),.PIECEWISE_BEZIER_KNOTS.);
#12606 = CARTESIAN_POINT('',(-2.32827001702,1.794132861052E-15));
#12607 = CARTESIAN_POINT('',(-2.851423088504,-4.197893404119E-03));
#12608 = CARTESIAN_POINT('',(-3.37501150912,-8.388664050616E-03));
#12609 = CARTESIAN_POINT('',(-3.899066343814,-1.054084274832E-02));
#12610 = CARTESIAN_POINT('',(-4.423121178509,-8.388664050608E-03));
#12611 = CARTESIAN_POINT('',(-4.946709599125,-4.197893404121E-03));
#12612 = CARTESIAN_POINT('',(-5.469862670609,-4.6413308793E-18));
#12613 = ( GEOMETRIC_REPRESENTATION_CONTEXT(2) 
PARAMETRIC_REPRESENTATION_CONTEXT() REPRESENTATION_CONTEXT('2D SPACE',''
  ) );
#12614 = ORIENTED_EDGE('',*,*,#11897,.T.);
#12615 = ADVANCED_FACE('',(#12616),#12091,.T.);
#12616 = FACE_BOUND('',#12617,.T.);
#12617 = EDGE_LOOP('',(#12618,#12619,#12620,#12653));
#12618 = ORIENTED_EDGE('',*,*,#12074,.T.);
#12619 = ORIENTED_EDGE('',*,*,#12132,.T.);
#12620 = ORIENTED_EDGE('',*,*,#12621,.F.);
#12621 = EDGE_CURVE('',#12622,#12104,#12624,.T.);
#12622 = VERTEX_POINT('',#12623);
#12623 = CARTESIAN_POINT('',(-2.042492560823,-2.286204617887,
    13.45035036817));
#12624 = SURFACE_CURVE('',#12625,(#12630,#12637),.PCURVE_S1.);
#12625 = ELLIPSE('',#12626,0.251185318057,0.251056891567);
#12626 = AXIS2_PLACEMENT_3D('',#12627,#12628,#12629);
#12627 = CARTESIAN_POINT('',(-2.28777103835,-2.28777103835,
    13.504199115753));
#12628 = DIRECTION('',(0.208453530889,0.208453530889,0.95555965325));
#12629 = DIRECTION('',(-0.675682710641,-0.675682710641,0.294797810508));
#12630 = PCURVE('',#12091,#12631);
#12631 = DEFINITIONAL_REPRESENTATION('',(#12632),#12636);
#12632 = ELLIPSE('',#12633,0.251185318057,0.251056891567);
#12633 = AXIS2_PLACEMENT_2D('',#12634,#12635);
#12634 = CARTESIAN_POINT('',(-2.430805704754E-04,-2.322779856353E-04));
#12635 = DIRECTION('',(-0.722989211386,-0.690859320136));
#12636 = ( GEOMETRIC_REPRESENTATION_CONTEXT(2) 
PARAMETRIC_REPRESENTATION_CONTEXT() REPRESENTATION_CONTEXT('2D SPACE',''
  ) );
#12637 = PCURVE('',#12638,#12643);
#12638 = CONICAL_SURFACE('',#12639,0.251056666667,4.185425450679E-02);
#12639 = AXIS2_PLACEMENT_3D('',#12640,#12641,#12642);
#12640 = CARTESIAN_POINT('',(-2.287543862984,-2.287543862984,13.5041));
#12641 = DIRECTION('',(-0.229932134428,-0.229932134428,-0.945654496693)
  );
#12642 = DIRECTION('',(0.97168929306,0.,-0.236262391746));
#12643 = DEFINITIONAL_REPRESENTATION('',(#12644),#12652);
#12644 = B_SPLINE_CURVE_WITH_KNOTS('',6,(#12645,#12646,#12647,#12648,
    #12649,#12650,#12651),.UNSPECIFIED.,.F.,.F.,(7,7),(2.385038196416,
    4.711050462098),.PIECEWISE_BEZIER_KNOTS.);
#12645 = CARTESIAN_POINT('',(0.,-5.82452339828E-03));
#12646 = CARTESIAN_POINT('',(-0.388046078971,-7.959799431539E-03));
#12647 = CARTESIAN_POINT('',(-0.776257650218,-9.043668576344E-03));
#12648 = CARTESIAN_POINT('',(-1.164536518575,-8.492539302017E-03));
#12649 = CARTESIAN_POINT('',(-1.5526909832,-6.217966431217E-03));
#12650 = CARTESIAN_POINT('',(-1.940600958793,-3.110740376414E-03));
#12651 = CARTESIAN_POINT('',(-2.32827001702,-9.2826617586E-18));
#12652 = ( GEOMETRIC_REPRESENTATION_CONTEXT(2) 
PARAMETRIC_REPRESENTATION_CONTEXT() REPRESENTATION_CONTEXT('2D SPACE',''
  ) );
#12653 = ORIENTED_EDGE('',*,*,#12654,.F.);
#12654 = EDGE_CURVE('',#12075,#12622,#12655,.T.);
#12655 = SURFACE_CURVE('',#12656,(#12661,#12668),.PCURVE_S1.);
#12656 = ELLIPSE('',#12657,0.251185318057,0.251056891567);
#12657 = AXIS2_PLACEMENT_3D('',#12658,#12659,#12660);
#12658 = CARTESIAN_POINT('',(-2.28777103835,-2.28777103835,
    13.504199115753));
#12659 = DIRECTION('',(0.208453530889,0.208453530889,0.95555965325));
#12660 = DIRECTION('',(-0.675682710641,-0.675682710641,0.294797810508));
#12661 = PCURVE('',#12091,#12662);
#12662 = DEFINITIONAL_REPRESENTATION('',(#12663),#12667);
#12663 = ELLIPSE('',#12664,0.251185318057,0.251056891567);
#12664 = AXIS2_PLACEMENT_2D('',#12665,#12666);
#12665 = CARTESIAN_POINT('',(-2.430805704754E-04,-2.322779856353E-04));
#12666 = DIRECTION('',(-0.722989211386,-0.690859320136));
#12667 = ( GEOMETRIC_REPRESENTATION_CONTEXT(2) 
PARAMETRIC_REPRESENTATION_CONTEXT() REPRESENTATION_CONTEXT('2D SPACE',''
  ) );
#12668 = PCURVE('',#12638,#12669);
#12669 = DEFINITIONAL_REPRESENTATION('',(#12670),#12677);
#12670 = B_SPLINE_CURVE_WITH_KNOTS('',5,(#12671,#12672,#12673,#12674,
    #12675,#12676),.UNSPECIFIED.,.F.,.F.,(6,6),(1.572134845082,
    2.385038196416),.PIECEWISE_BEZIER_KNOTS.);
#12671 = CARTESIAN_POINT('',(-5.469862670609,1.789491530172E-15));
#12672 = CARTESIAN_POINT('',(-5.632443486519,-1.304583633246E-03));
#12673 = CARTESIAN_POINT('',(-5.795068516878,-2.60883712508E-03));
#12674 = CARTESIAN_POINT('',(-5.957737850825,-3.840767455583E-03));
#12675 = CARTESIAN_POINT('',(-6.120446376149,-4.929030419638E-03));
#12676 = CARTESIAN_POINT('',(-6.28318530718,-5.82452339828E-03));
#12677 = ( GEOMETRIC_REPRESENTATION_CONTEXT(2) 
PARAMETRIC_REPRESENTATION_CONTEXT() REPRESENTATION_CONTEXT('2D SPACE',''
  ) );
#12678 = ADVANCED_FACE('',(#12679),#12120,.T.);
#12679 = FACE_BOUND('',#12680,.T.);
#12680 = EDGE_LOOP('',(#12681,#12707,#12708,#12729));
#12681 = ORIENTED_EDGE('',*,*,#12682,.T.);
#12682 = EDGE_CURVE('',#12683,#12104,#12685,.T.);
#12683 = VERTEX_POINT('',#12684);
#12684 = CARTESIAN_POINT('',(-2.428357955918,-2.146729770051,13.5041));
#12685 = SURFACE_CURVE('',#12686,(#12690,#12696),.PCURVE_S1.);
#12686 = LINE('',#12687,#12688);
#12687 = CARTESIAN_POINT('',(-2.287543862984,-2.287543862984,13.5041));
#12688 = VECTOR('',#12689,1.);
#12689 = DIRECTION('',(-0.707106781187,0.707106781187,0.));
#12690 = PCURVE('',#12120,#12691);
#12691 = DEFINITIONAL_REPRESENTATION('',(#12692),#12695);
#12692 = B_SPLINE_CURVE_WITH_KNOTS('',1,(#12693,#12694),.UNSPECIFIED.,
  .F.,.F.,(2,2),(-0.345534829945,0.345534829945),
  .PIECEWISE_BEZIER_KNOTS.);
#12693 = CARTESIAN_POINT('',(0.238715957699,-0.249817954209));
#12694 = CARTESIAN_POINT('',(-0.238715957699,0.249817954209));
#12695 = ( GEOMETRIC_REPRESENTATION_CONTEXT(2) 
PARAMETRIC_REPRESENTATION_CONTEXT() REPRESENTATION_CONTEXT('2D SPACE',''
  ) );
#12696 = PCURVE('',#12697,#12702);
#12697 = PLANE('',#12698);
#12698 = AXIS2_PLACEMENT_3D('',#12699,#12700,#12701);
#12699 = CARTESIAN_POINT('',(-2.287543862984,-2.287543862984,13.5041));
#12700 = DIRECTION('',(0.229932134428,0.229932134428,0.945654496693));
#12701 = DIRECTION('',(0.97168929306,0.,-0.236262391746));
#12702 = DEFINITIONAL_REPRESENTATION('',(#12703),#12706);
#12703 = B_SPLINE_CURVE_WITH_KNOTS('',1,(#12704,#12705),.UNSPECIFIED.,
  .F.,.F.,(2,2),(-0.345534829945,0.345534829945),
  .PIECEWISE_BEZIER_KNOTS.);
#12704 = CARTESIAN_POINT('',(0.237412865758,-0.251056666667));
#12705 = CARTESIAN_POINT('',(-0.237412865758,0.251056666667));
#12706 = ( GEOMETRIC_REPRESENTATION_CONTEXT(2) 
PARAMETRIC_REPRESENTATION_CONTEXT() REPRESENTATION_CONTEXT('2D SPACE',''
  ) );
#12707 = ORIENTED_EDGE('',*,*,#12103,.T.);
#12708 = ORIENTED_EDGE('',*,*,#12709,.T.);
#12709 = EDGE_CURVE('',#12075,#12710,#12712,.T.);
#12710 = VERTEX_POINT('',#12711);
#12711 = CARTESIAN_POINT('',(-2.146729770051,-2.428357955918,13.5041));
#12712 = SURFACE_CURVE('',#12713,(#12717,#12723),.PCURVE_S1.);
#12713 = LINE('',#12714,#12715);
#12714 = CARTESIAN_POINT('',(-2.287543862984,-2.287543862984,13.5041));
#12715 = VECTOR('',#12716,1.);
#12716 = DIRECTION('',(-0.707106781187,0.707106781187,0.));
#12717 = PCURVE('',#12120,#12718);
#12718 = DEFINITIONAL_REPRESENTATION('',(#12719),#12722);
#12719 = B_SPLINE_CURVE_WITH_KNOTS('',1,(#12720,#12721),.UNSPECIFIED.,
  .F.,.F.,(2,2),(-0.345534829945,0.345534829945),
  .PIECEWISE_BEZIER_KNOTS.);
#12720 = CARTESIAN_POINT('',(0.238715957699,-0.249817954209));
#12721 = CARTESIAN_POINT('',(-0.238715957699,0.249817954209));
#12722 = ( GEOMETRIC_REPRESENTATION_CONTEXT(2) 
PARAMETRIC_REPRESENTATION_CONTEXT() REPRESENTATION_CONTEXT('2D SPACE',''
  ) );
#12723 = PCURVE('',#12697,#12724);
#12724 = DEFINITIONAL_REPRESENTATION('',(#12725),#12728);
#12725 = B_SPLINE_CURVE_WITH_KNOTS('',1,(#12726,#12727),.UNSPECIFIED.,
  .F.,.F.,(2,2),(-0.345534829945,0.345534829945),
  .PIECEWISE_BEZIER_KNOTS.);
#12726 = CARTESIAN_POINT('',(0.237412865758,-0.251056666667));
#12727 = CARTESIAN_POINT('',(-0.237412865758,0.251056666667));
#12728 = ( GEOMETRIC_REPRESENTATION_CONTEXT(2) 
PARAMETRIC_REPRESENTATION_CONTEXT() REPRESENTATION_CONTEXT('2D SPACE',''
  ) );
#12729 = ORIENTED_EDGE('',*,*,#12730,.F.);
#12730 = EDGE_CURVE('',#12683,#12710,#12731,.T.);
#12731 = SURFACE_CURVE('',#12732,(#12737,#12744),.PCURVE_S1.);
#12732 = CIRCLE('',#12733,0.1991412);
#12733 = AXIS2_PLACEMENT_3D('',#12734,#12735,#12736);
#12734 = CARTESIAN_POINT('',(-2.287543862984,-2.287543862984,13.5041));
#12735 = DIRECTION('',(0.208453530889,0.208453530889,0.95555965325));
#12736 = DIRECTION('',(-0.707106781187,0.707106781187,0.));
#12737 = PCURVE('',#12120,#12738);
#12738 = DEFINITIONAL_REPRESENTATION('',(#12739),#12743);
#12739 = CIRCLE('',#12740,0.1991412);
#12740 = AXIS2_PLACEMENT_2D('',#12741,#12742);
#12741 = CARTESIAN_POINT('',(0.,0.));
#12742 = DIRECTION('',(-0.690859320136,0.722989211386));
#12743 = ( GEOMETRIC_REPRESENTATION_CONTEXT(2) 
PARAMETRIC_REPRESENTATION_CONTEXT() REPRESENTATION_CONTEXT('2D SPACE',''
  ) );
#12744 = PCURVE('',#12745,#12750);
#12745 = SPHERICAL_SURFACE('',#12746,0.1991412);
#12746 = AXIS2_PLACEMENT_3D('',#12747,#12748,#12749);
#12747 = CARTESIAN_POINT('',(-2.287543862984,-2.287543862984,13.5041));
#12748 = DIRECTION('',(0.,0.,1.));
#12749 = DIRECTION('',(1.,0.,-0.));
#12750 = DEFINITIONAL_REPRESENTATION('',(#12751),#12766);
#12751 = B_SPLINE_CURVE_WITH_KNOTS('',7,(#12752,#12753,#12754,#12755,
    #12756,#12757,#12758,#12759,#12760,#12761,#12762,#12763,#12764,
    #12765),.UNSPECIFIED.,.F.,.F.,(8,6,8),(0.,1.570796326795,
    3.14159265359),.UNSPECIFIED.);
#12752 = CARTESIAN_POINT('',(2.356194490192,0.));
#12753 = CARTESIAN_POINT('',(2.570621574958,6.615247398481E-02));
#12754 = CARTESIAN_POINT('',(2.785048469875,0.132312901663));
#12755 = CARTESIAN_POINT('',(3.002549813191,0.193449521241));
#12756 = CARTESIAN_POINT('',(3.226109051643,0.244835447985));
#12757 = CARTESIAN_POINT('',(3.457327092631,0.281127345421));
#12758 = CARTESIAN_POINT('',(3.692155163877,0.299243919015));
#12759 = CARTESIAN_POINT('',(4.161826470097,0.299243919015));
#12760 = CARTESIAN_POINT('',(4.396654541343,0.281127345421));
#12761 = CARTESIAN_POINT('',(4.627872582332,0.244835447985));
#12762 = CARTESIAN_POINT('',(4.851431820783,0.193449521241));
#12763 = CARTESIAN_POINT('',(5.068933164099,0.132312901663));
#12764 = CARTESIAN_POINT('',(5.283360059017,6.615247398481E-02));
#12765 = CARTESIAN_POINT('',(5.497787143782,0.));
#12766 = ( GEOMETRIC_REPRESENTATION_CONTEXT(2) 
PARAMETRIC_REPRESENTATION_CONTEXT() REPRESENTATION_CONTEXT('2D SPACE',''
  ) );
#12767 = ADVANCED_FACE('',(#12768),#12224,.T.);
#12768 = FACE_BOUND('',#12769,.T.);
#12769 = EDGE_LOOP('',(#12770,#12771,#12772));
#12770 = ORIENTED_EDGE('',*,*,#12207,.T.);
#12771 = ORIENTED_EDGE('',*,*,#12265,.T.);
#12772 = ORIENTED_EDGE('',*,*,#12773,.F.);
#12773 = EDGE_CURVE('',#12208,#12237,#12774,.T.);
#12774 = SURFACE_CURVE('',#12775,(#12780,#12787),.PCURVE_S1.);
#12775 = ELLIPSE('',#12776,0.251185318057,0.251056891567);
#12776 = AXIS2_PLACEMENT_3D('',#12777,#12778,#12779);
#12777 = CARTESIAN_POINT('',(2.28777103835,-2.28777103835,
    13.504199115753));
#12778 = DIRECTION('',(-0.208453530889,0.208453530889,0.95555965325));
#12779 = DIRECTION('',(0.675682710641,-0.675682710641,0.294797810508));
#12780 = PCURVE('',#12224,#12781);
#12781 = DEFINITIONAL_REPRESENTATION('',(#12782),#12786);
#12782 = ELLIPSE('',#12783,0.251185318057,0.251056891567);
#12783 = AXIS2_PLACEMENT_2D('',#12784,#12785);
#12784 = CARTESIAN_POINT('',(-2.430805704754E-04,-2.322779856353E-04));
#12785 = DIRECTION('',(-0.722989211386,-0.690859320136));
#12786 = ( GEOMETRIC_REPRESENTATION_CONTEXT(2) 
PARAMETRIC_REPRESENTATION_CONTEXT() REPRESENTATION_CONTEXT('2D SPACE',''
  ) );
#12787 = PCURVE('',#12788,#12793);
#12788 = CONICAL_SURFACE('',#12789,0.251056666667,4.185425450679E-02);
#12789 = AXIS2_PLACEMENT_3D('',#12790,#12791,#12792);
#12790 = CARTESIAN_POINT('',(2.287543862984,-2.287543862984,13.5041));
#12791 = DIRECTION('',(0.229932134428,-0.229932134428,-0.945654496693));
#12792 = DIRECTION('',(0.97168929306,-6.938893903907E-18,0.236262391746)
  );
#12793 = DEFINITIONAL_REPRESENTATION('',(#12794),#12802);
#12794 = B_SPLINE_CURVE_WITH_KNOTS('',6,(#12795,#12796,#12797,#12798,
    #12799,#12800,#12801),.UNSPECIFIED.,.F.,.F.,(7,7),(1.572134845082,
    4.711050462098),.PIECEWISE_BEZIER_KNOTS.);
#12795 = CARTESIAN_POINT('',(-0.81332263657,1.745398886819E-15));
#12796 = CARTESIAN_POINT('',(-1.336475708055,-4.19789340412E-03));
#12797 = CARTESIAN_POINT('',(-1.860064128671,-8.38866405062E-03));
#12798 = CARTESIAN_POINT('',(-2.384118963365,-1.05408427483E-02));
#12799 = CARTESIAN_POINT('',(-2.90817379806,-8.388664050623E-03));
#12800 = CARTESIAN_POINT('',(-3.431762218675,-4.19789340412E-03));
#12801 = CARTESIAN_POINT('',(-3.95491529016,1.824301511767E-15));
#12802 = ( GEOMETRIC_REPRESENTATION_CONTEXT(2) 
PARAMETRIC_REPRESENTATION_CONTEXT() REPRESENTATION_CONTEXT('2D SPACE',''
  ) );
#12803 = ADVANCED_FACE('',(#12804),#12253,.T.);
#12804 = FACE_BOUND('',#12805,.T.);
#12805 = EDGE_LOOP('',(#12806,#12832,#12833,#12854));
#12806 = ORIENTED_EDGE('',*,*,#12807,.T.);
#12807 = EDGE_CURVE('',#12808,#12237,#12810,.T.);
#12808 = VERTEX_POINT('',#12809);
#12809 = CARTESIAN_POINT('',(2.146729770051,-2.428357955918,13.5041));
#12810 = SURFACE_CURVE('',#12811,(#12815,#12821),.PCURVE_S1.);
#12811 = LINE('',#12812,#12813);
#12812 = CARTESIAN_POINT('',(2.287543862984,-2.287543862984,13.5041));
#12813 = VECTOR('',#12814,1.);
#12814 = DIRECTION('',(-0.707106781187,-0.707106781187,
    9.991689389893E-15));
#12815 = PCURVE('',#12253,#12816);
#12816 = DEFINITIONAL_REPRESENTATION('',(#12817),#12820);
#12817 = B_SPLINE_CURVE_WITH_KNOTS('',1,(#12818,#12819),.UNSPECIFIED.,
  .F.,.F.,(2,2),(-0.345534829945,0.345534829945),
  .PIECEWISE_BEZIER_KNOTS.);
#12818 = CARTESIAN_POINT('',(0.238715957699,-0.249817954209));
#12819 = CARTESIAN_POINT('',(-0.238715957699,0.249817954209));
#12820 = ( GEOMETRIC_REPRESENTATION_CONTEXT(2) 
PARAMETRIC_REPRESENTATION_CONTEXT() REPRESENTATION_CONTEXT('2D SPACE',''
  ) );
#12821 = PCURVE('',#12822,#12827);
#12822 = PLANE('',#12823);
#12823 = AXIS2_PLACEMENT_3D('',#12824,#12825,#12826);
#12824 = CARTESIAN_POINT('',(2.287543862984,-2.287543862984,13.5041));
#12825 = DIRECTION('',(-0.229932134428,0.229932134428,0.945654496693));
#12826 = DIRECTION('',(0.97168929306,-6.938893903907E-18,0.236262391746)
  );
#12827 = DEFINITIONAL_REPRESENTATION('',(#12828),#12831);
#12828 = B_SPLINE_CURVE_WITH_KNOTS('',1,(#12829,#12830),.UNSPECIFIED.,
  .F.,.F.,(2,2),(-0.345534829945,0.345534829945),
  .PIECEWISE_BEZIER_KNOTS.);
#12829 = CARTESIAN_POINT('',(0.237412865758,0.251056666667));
#12830 = CARTESIAN_POINT('',(-0.237412865758,-0.251056666667));
#12831 = ( GEOMETRIC_REPRESENTATION_CONTEXT(2) 
PARAMETRIC_REPRESENTATION_CONTEXT() REPRESENTATION_CONTEXT('2D SPACE',''
  ) );
#12832 = ORIENTED_EDGE('',*,*,#12236,.T.);
#12833 = ORIENTED_EDGE('',*,*,#12834,.T.);
#12834 = EDGE_CURVE('',#12208,#12835,#12837,.T.);
#12835 = VERTEX_POINT('',#12836);
#12836 = CARTESIAN_POINT('',(2.428357955918,-2.146729770051,13.5041));
#12837 = SURFACE_CURVE('',#12838,(#12842,#12848),.PCURVE_S1.);
#12838 = LINE('',#12839,#12840);
#12839 = CARTESIAN_POINT('',(2.287543862984,-2.287543862984,13.5041));
#12840 = VECTOR('',#12841,1.);
#12841 = DIRECTION('',(-0.707106781187,-0.707106781187,
    9.991689389893E-15));
#12842 = PCURVE('',#12253,#12843);
#12843 = DEFINITIONAL_REPRESENTATION('',(#12844),#12847);
#12844 = B_SPLINE_CURVE_WITH_KNOTS('',1,(#12845,#12846),.UNSPECIFIED.,
  .F.,.F.,(2,2),(-0.345534829945,0.345534829945),
  .PIECEWISE_BEZIER_KNOTS.);
#12845 = CARTESIAN_POINT('',(0.238715957699,-0.249817954209));
#12846 = CARTESIAN_POINT('',(-0.238715957699,0.249817954209));
#12847 = ( GEOMETRIC_REPRESENTATION_CONTEXT(2) 
PARAMETRIC_REPRESENTATION_CONTEXT() REPRESENTATION_CONTEXT('2D SPACE',''
  ) );
#12848 = PCURVE('',#12822,#12849);
#12849 = DEFINITIONAL_REPRESENTATION('',(#12850),#12853);
#12850 = B_SPLINE_CURVE_WITH_KNOTS('',1,(#12851,#12852),.UNSPECIFIED.,
  .F.,.F.,(2,2),(-0.345534829945,0.345534829945),
  .PIECEWISE_BEZIER_KNOTS.);
#12851 = CARTESIAN_POINT('',(0.237412865758,0.251056666667));
#12852 = CARTESIAN_POINT('',(-0.237412865758,-0.251056666667));
#12853 = ( GEOMETRIC_REPRESENTATION_CONTEXT(2) 
PARAMETRIC_REPRESENTATION_CONTEXT() REPRESENTATION_CONTEXT('2D SPACE',''
  ) );
#12854 = ORIENTED_EDGE('',*,*,#12855,.T.);
#12855 = EDGE_CURVE('',#12835,#12808,#12856,.T.);
#12856 = SURFACE_CURVE('',#12857,(#12862,#12873),.PCURVE_S1.);
#12857 = CIRCLE('',#12858,0.1991412);
#12858 = AXIS2_PLACEMENT_3D('',#12859,#12860,#12861);
#12859 = CARTESIAN_POINT('',(2.287543862984,-2.287543862984,13.5041));
#12860 = DIRECTION('',(0.208453530889,-0.208453530889,-0.95555965325));
#12861 = DIRECTION('',(0.707106781187,0.707106781187,0.));
#12862 = PCURVE('',#12253,#12863);
#12863 = DEFINITIONAL_REPRESENTATION('',(#12864),#12872);
#12864 = ( BOUNDED_CURVE() B_SPLINE_CURVE(2,(#12865,#12866,#12867,#12868
    ,#12869,#12870,#12871),.UNSPECIFIED.,.T.,.F.) 
B_SPLINE_CURVE_WITH_KNOTS((1,2,2,2,2,1),(-2.094395102393,0.,
    2.094395102393,4.188790204786,6.28318530718,8.377580409573),
.UNSPECIFIED.) CURVE() GEOMETRIC_REPRESENTATION_ITEM() 
RATIONAL_B_SPLINE_CURVE((1.,0.5,1.,0.5,1.,0.5,1.)) REPRESENTATION_ITEM(
  '') );
#12865 = CARTESIAN_POINT('',(0.137578554043,-0.143976939143));
#12866 = CARTESIAN_POINT('',(-0.11179681967,-0.382269984777));
#12867 = CARTESIAN_POINT('',(-0.193476963878,-4.715805324595E-02));
#12868 = CARTESIAN_POINT('',(-0.275157108086,0.287953878285));
#12869 = CARTESIAN_POINT('',(5.589840983504E-02,0.191134992389));
#12870 = CARTESIAN_POINT('',(0.386953927756,9.431610649191E-02));
#12871 = CARTESIAN_POINT('',(0.137578554043,-0.143976939143));
#12872 = ( GEOMETRIC_REPRESENTATION_CONTEXT(2) 
PARAMETRIC_REPRESENTATION_CONTEXT() REPRESENTATION_CONTEXT('2D SPACE',''
  ) );
#12873 = PCURVE('',#12874,#12879);
#12874 = SPHERICAL_SURFACE('',#12875,0.1991412);
#12875 = AXIS2_PLACEMENT_3D('',#12876,#12877,#12878);
#12876 = CARTESIAN_POINT('',(2.287543862984,-2.287543862984,13.5041));
#12877 = DIRECTION('',(0.,0.,1.));
#12878 = DIRECTION('',(1.,0.,-0.));
#12879 = DEFINITIONAL_REPRESENTATION('',(#12880),#12901);
#12880 = B_SPLINE_CURVE_WITH_KNOTS('',7,(#12881,#12882,#12883,#12884,
    #12885,#12886,#12887,#12888,#12889,#12890,#12891,#12892,#12893,
    #12894,#12895,#12896,#12897,#12898,#12899,#12900),.UNSPECIFIED.,.F.,
  .F.,(8,6,6,8),(0.,0.808119382315,1.974856017952,3.14159265359),
  .UNSPECIFIED.);
#12881 = CARTESIAN_POINT('',(7.068583470577,0.));
#12882 = CARTESIAN_POINT('',(6.958268288184,3.403311779082E-02));
#12883 = CARTESIAN_POINT('',(6.847953574728,6.806450026955E-02));
#12884 = CARTESIAN_POINT('',(6.737220437971,0.101424160715));
#12885 = CARTESIAN_POINT('',(6.625652319786,0.133429022966));
#12886 = CARTESIAN_POINT('',(6.512900605686,0.163406516892));
#12887 = CARTESIAN_POINT('',(6.398750234356,0.190718173868));
#12888 = CARTESIAN_POINT('',(6.11633640183,0.249527561002));
#12889 = CARTESIAN_POINT('',(5.946534394854,0.277507777909));
#12890 = CARTESIAN_POINT('',(5.773736221945,0.297007240595));
#12891 = CARTESIAN_POINT('',(5.59860310761,0.306611857663));
#12892 = CARTESIAN_POINT('',(5.423100983356,0.305635255181));
#12893 = CARTESIAN_POINT('',(5.248936322241,0.294561842603));
#12894 = CARTESIAN_POINT('',(4.905137508739,0.254423169213));
#12895 = CARTESIAN_POINT('',(4.735497464974,0.225359959818));
#12896 = CARTESIAN_POINT('',(4.569100556155,0.188407038877));
#12897 = CARTESIAN_POINT('',(4.406040524178,0.14536926383));
#12898 = CARTESIAN_POINT('',(4.24553577888,9.827232174087E-02));
#12899 = CARTESIAN_POINT('',(4.086260310556,4.91359150894E-02));
#12900 = CARTESIAN_POINT('',(3.926990816987,0.));
#12901 = ( GEOMETRIC_REPRESENTATION_CONTEXT(2) 
PARAMETRIC_REPRESENTATION_CONTEXT() REPRESENTATION_CONTEXT('2D SPACE',''
  ) );
#12902 = ADVANCED_FACE('',(#12903),#12376,.T.);
#12903 = FACE_BOUND('',#12904,.T.);
#12904 = EDGE_LOOP('',(#12905,#12936,#12959,#12981,#12982,#13004,#13005,
    #13029));
#12905 = ORIENTED_EDGE('',*,*,#12906,.F.);
#12906 = EDGE_CURVE('',#12907,#12909,#12911,.T.);
#12907 = VERTEX_POINT('',#12908);
#12908 = CARTESIAN_POINT('',(-2.147382335329,2.36652580211,
    14.13383386344));
#12909 = VERTEX_POINT('',#12910);
#12910 = CARTESIAN_POINT('',(-2.306854949178,1.987909721479,14.08055));
#12911 = SURFACE_CURVE('',#12912,(#12917,#12924),.PCURVE_S1.);
#12912 = CIRCLE('',#12913,0.225528333333);
#12913 = AXIS2_PLACEMENT_3D('',#12914,#12915,#12916);
#12914 = CARTESIAN_POINT('',(-2.147382335329,2.147382335329,14.08055));
#12915 = DIRECTION('',(0.229932134428,-0.229932134428,0.945654496693));
#12916 = DIRECTION('',(-6.938893903907E-18,0.97168929306,0.236262391746)
  );
#12917 = PCURVE('',#12376,#12918);
#12918 = DEFINITIONAL_REPRESENTATION('',(#12919),#12923);
#12919 = LINE('',#12920,#12921);
#12920 = CARTESIAN_POINT('',(-0.,-0.609577813055));
#12921 = VECTOR('',#12922,1.);
#12922 = DIRECTION('',(-1.,-0.));
#12923 = ( GEOMETRIC_REPRESENTATION_CONTEXT(2) 
PARAMETRIC_REPRESENTATION_CONTEXT() REPRESENTATION_CONTEXT('2D SPACE',''
  ) );
#12924 = PCURVE('',#12925,#12930);
#12925 = PLANE('',#12926);
#12926 = AXIS2_PLACEMENT_3D('',#12927,#12928,#12929);
#12927 = CARTESIAN_POINT('',(-2.147382335329,2.147382335329,14.08055));
#12928 = DIRECTION('',(0.229932134428,-0.229932134428,0.945654496693));
#12929 = DIRECTION('',(-6.938893903907E-18,0.97168929306,0.236262391746)
  );
#12930 = DEFINITIONAL_REPRESENTATION('',(#12931),#12935);
#12931 = CIRCLE('',#12932,0.225528333333);
#12932 = AXIS2_PLACEMENT_2D('',#12933,#12934);
#12933 = CARTESIAN_POINT('',(0.,0.));
#12934 = DIRECTION('',(1.,0.));
#12935 = ( GEOMETRIC_REPRESENTATION_CONTEXT(2) 
PARAMETRIC_REPRESENTATION_CONTEXT() REPRESENTATION_CONTEXT('2D SPACE',''
  ) );
#12936 = ORIENTED_EDGE('',*,*,#12937,.F.);
#12937 = EDGE_CURVE('',#12938,#12907,#12940,.T.);
#12938 = VERTEX_POINT('',#12939);
#12939 = CARTESIAN_POINT('',(-2.287543862984,2.531492937935,
    13.56341524853));
#12940 = SEAM_CURVE('',#12941,(#12945,#12952),.PCURVE_S1.);
#12941 = LINE('',#12942,#12943);
#12942 = CARTESIAN_POINT('',(-2.287543862984,2.531492937935,
    13.56341524853));
#12943 = VECTOR('',#12944,1.);
#12944 = DIRECTION('',(0.229730768727,-0.270388226796,0.934940629511));
#12945 = PCURVE('',#12376,#12946);
#12946 = DEFINITIONAL_REPRESENTATION('',(#12947),#12951);
#12947 = LINE('',#12948,#12949);
#12948 = CARTESIAN_POINT('',(-6.28318530718,0.));
#12949 = VECTOR('',#12950,1.);
#12950 = DIRECTION('',(-0.,-1.));
#12951 = ( GEOMETRIC_REPRESENTATION_CONTEXT(2) 
PARAMETRIC_REPRESENTATION_CONTEXT() REPRESENTATION_CONTEXT('2D SPACE',''
  ) );
#12952 = PCURVE('',#12376,#12953);
#12953 = DEFINITIONAL_REPRESENTATION('',(#12954),#12958);
#12954 = LINE('',#12955,#12956);
#12955 = CARTESIAN_POINT('',(0.,-0.));
#12956 = VECTOR('',#12957,1.);
#12957 = DIRECTION('',(-0.,-1.));
#12958 = ( GEOMETRIC_REPRESENTATION_CONTEXT(2) 
PARAMETRIC_REPRESENTATION_CONTEXT() REPRESENTATION_CONTEXT('2D SPACE',''
  ) );
#12959 = ORIENTED_EDGE('',*,*,#12960,.T.);
#12960 = EDGE_CURVE('',#12938,#11469,#12961,.T.);
#12961 = SURFACE_CURVE('',#12962,(#12967,#12974),.PCURVE_S1.);
#12962 = CIRCLE('',#12963,0.251056666667);
#12963 = AXIS2_PLACEMENT_3D('',#12964,#12965,#12966);
#12964 = CARTESIAN_POINT('',(-2.287543862984,2.287543862984,13.5041));
#12965 = DIRECTION('',(0.229932134428,-0.229932134428,0.945654496693));
#12966 = DIRECTION('',(-6.938893903907E-18,0.97168929306,0.236262391746)
  );
#12967 = PCURVE('',#12376,#12968);
#12968 = DEFINITIONAL_REPRESENTATION('',(#12969),#12973);
#12969 = LINE('',#12970,#12971);
#12970 = CARTESIAN_POINT('',(-0.,-0.));
#12971 = VECTOR('',#12972,1.);
#12972 = DIRECTION('',(-1.,-0.));
#12973 = ( GEOMETRIC_REPRESENTATION_CONTEXT(2) 
PARAMETRIC_REPRESENTATION_CONTEXT() REPRESENTATION_CONTEXT('2D SPACE',''
  ) );
#12974 = PCURVE('',#12410,#12975);
#12975 = DEFINITIONAL_REPRESENTATION('',(#12976),#12980);
#12976 = CIRCLE('',#12977,0.251056666667);
#12977 = AXIS2_PLACEMENT_2D('',#12978,#12979);
#12978 = CARTESIAN_POINT('',(0.,0.));
#12979 = DIRECTION('',(1.,0.));
#12980 = ( GEOMETRIC_REPRESENTATION_CONTEXT(2) 
PARAMETRIC_REPRESENTATION_CONTEXT() REPRESENTATION_CONTEXT('2D SPACE',''
  ) );
#12981 = ORIENTED_EDGE('',*,*,#12361,.T.);
#12982 = ORIENTED_EDGE('',*,*,#12983,.T.);
#12983 = EDGE_CURVE('',#11498,#12938,#12984,.T.);
#12984 = SURFACE_CURVE('',#12985,(#12990,#12997),.PCURVE_S1.);
#12985 = CIRCLE('',#12986,0.251056666667);
#12986 = AXIS2_PLACEMENT_3D('',#12987,#12988,#12989);
#12987 = CARTESIAN_POINT('',(-2.287543862984,2.287543862984,13.5041));
#12988 = DIRECTION('',(0.229932134428,-0.229932134428,0.945654496693));
#12989 = DIRECTION('',(-6.938893903907E-18,0.97168929306,0.236262391746)
  );
#12990 = PCURVE('',#12376,#12991);
#12991 = DEFINITIONAL_REPRESENTATION('',(#12992),#12996);
#12992 = LINE('',#12993,#12994);
#12993 = CARTESIAN_POINT('',(-0.,-0.));
#12994 = VECTOR('',#12995,1.);
#12995 = DIRECTION('',(-1.,-0.));
#12996 = ( GEOMETRIC_REPRESENTATION_CONTEXT(2) 
PARAMETRIC_REPRESENTATION_CONTEXT() REPRESENTATION_CONTEXT('2D SPACE',''
  ) );
#12997 = PCURVE('',#12410,#12998);
#12998 = DEFINITIONAL_REPRESENTATION('',(#12999),#13003);
#12999 = CIRCLE('',#13000,0.251056666667);
#13000 = AXIS2_PLACEMENT_2D('',#13001,#13002);
#13001 = CARTESIAN_POINT('',(0.,0.));
#13002 = DIRECTION('',(1.,0.));
#13003 = ( GEOMETRIC_REPRESENTATION_CONTEXT(2) 
PARAMETRIC_REPRESENTATION_CONTEXT() REPRESENTATION_CONTEXT('2D SPACE',''
  ) );
#13004 = ORIENTED_EDGE('',*,*,#12937,.T.);
#13005 = ORIENTED_EDGE('',*,*,#13006,.F.);
#13006 = EDGE_CURVE('',#13007,#12907,#13009,.T.);
#13007 = VERTEX_POINT('',#13008);
#13008 = CARTESIAN_POINT('',(-1.987909721479,2.306854949178,14.08055));
#13009 = SURFACE_CURVE('',#13010,(#13015,#13022),.PCURVE_S1.);
#13010 = CIRCLE('',#13011,0.225528333333);
#13011 = AXIS2_PLACEMENT_3D('',#13012,#13013,#13014);
#13012 = CARTESIAN_POINT('',(-2.147382335329,2.147382335329,14.08055));
#13013 = DIRECTION('',(0.229932134428,-0.229932134428,0.945654496693));
#13014 = DIRECTION('',(-6.938893903907E-18,0.97168929306,0.236262391746)
  );
#13015 = PCURVE('',#12376,#13016);
#13016 = DEFINITIONAL_REPRESENTATION('',(#13017),#13021);
#13017 = LINE('',#13018,#13019);
#13018 = CARTESIAN_POINT('',(-0.,-0.609577813055));
#13019 = VECTOR('',#13020,1.);
#13020 = DIRECTION('',(-1.,-0.));
#13021 = ( GEOMETRIC_REPRESENTATION_CONTEXT(2) 
PARAMETRIC_REPRESENTATION_CONTEXT() REPRESENTATION_CONTEXT('2D SPACE',''
  ) );
#13022 = PCURVE('',#12925,#13023);
#13023 = DEFINITIONAL_REPRESENTATION('',(#13024),#13028);
#13024 = CIRCLE('',#13025,0.225528333333);
#13025 = AXIS2_PLACEMENT_2D('',#13026,#13027);
#13026 = CARTESIAN_POINT('',(0.,0.));
#13027 = DIRECTION('',(1.,0.));
#13028 = ( GEOMETRIC_REPRESENTATION_CONTEXT(2) 
PARAMETRIC_REPRESENTATION_CONTEXT() REPRESENTATION_CONTEXT('2D SPACE',''
  ) );
#13029 = ORIENTED_EDGE('',*,*,#13030,.F.);
#13030 = EDGE_CURVE('',#12909,#13007,#13031,.T.);
#13031 = SURFACE_CURVE('',#13032,(#13037,#13044),.PCURVE_S1.);
#13032 = CIRCLE('',#13033,0.225528333333);
#13033 = AXIS2_PLACEMENT_3D('',#13034,#13035,#13036);
#13034 = CARTESIAN_POINT('',(-2.147382335329,2.147382335329,14.08055));
#13035 = DIRECTION('',(0.229932134428,-0.229932134428,0.945654496693));
#13036 = DIRECTION('',(-6.938893903907E-18,0.97168929306,0.236262391746)
  );
#13037 = PCURVE('',#12376,#13038);
#13038 = DEFINITIONAL_REPRESENTATION('',(#13039),#13043);
#13039 = LINE('',#13040,#13041);
#13040 = CARTESIAN_POINT('',(-0.,-0.609577813055));
#13041 = VECTOR('',#13042,1.);
#13042 = DIRECTION('',(-1.,-0.));
#13043 = ( GEOMETRIC_REPRESENTATION_CONTEXT(2) 
PARAMETRIC_REPRESENTATION_CONTEXT() REPRESENTATION_CONTEXT('2D SPACE',''
  ) );
#13044 = PCURVE('',#13045,#13050);
#13045 = PLANE('',#13046);
#13046 = AXIS2_PLACEMENT_3D('',#13047,#13048,#13049);
#13047 = CARTESIAN_POINT('',(-2.147382335329,2.147382335329,14.08055));
#13048 = DIRECTION('',(0.229932134428,-0.229932134428,0.945654496693));
#13049 = DIRECTION('',(-6.938893903907E-18,0.97168929306,0.236262391746)
  );
#13050 = DEFINITIONAL_REPRESENTATION('',(#13051),#13055);
#13051 = CIRCLE('',#13052,0.225528333333);
#13052 = AXIS2_PLACEMENT_2D('',#13053,#13054);
#13053 = CARTESIAN_POINT('',(0.,0.));
#13054 = DIRECTION('',(1.,0.));
#13055 = ( GEOMETRIC_REPRESENTATION_CONTEXT(2) 
PARAMETRIC_REPRESENTATION_CONTEXT() REPRESENTATION_CONTEXT('2D SPACE',''
  ) );
#13056 = ADVANCED_FACE('',(#13057),#12410,.F.);
#13057 = FACE_BOUND('',#13058,.F.);
#13058 = EDGE_LOOP('',(#13059,#13060,#13061,#13062,#13097));
#13059 = ORIENTED_EDGE('',*,*,#12983,.T.);
#13060 = ORIENTED_EDGE('',*,*,#12960,.T.);
#13061 = ORIENTED_EDGE('',*,*,#12422,.T.);
#13062 = ORIENTED_EDGE('',*,*,#13063,.F.);
#13063 = EDGE_CURVE('',#12396,#12423,#13064,.T.);
#13064 = SURFACE_CURVE('',#13065,(#13070,#13077),.PCURVE_S1.);
#13065 = CIRCLE('',#13066,0.1991412);
#13066 = AXIS2_PLACEMENT_3D('',#13067,#13068,#13069);
#13067 = CARTESIAN_POINT('',(-2.287543862984,2.287543862984,13.5041));
#13068 = DIRECTION('',(0.229932134428,-0.229932134428,0.945654496693));
#13069 = DIRECTION('',(6.938893903907E-18,-0.97168929306,-0.236262391746
    ));
#13070 = PCURVE('',#12410,#13071);
#13071 = DEFINITIONAL_REPRESENTATION('',(#13072),#13076);
#13072 = CIRCLE('',#13073,0.1991412);
#13073 = AXIS2_PLACEMENT_2D('',#13074,#13075);
#13074 = CARTESIAN_POINT('',(0.,0.));
#13075 = DIRECTION('',(-1.,0.));
#13076 = ( GEOMETRIC_REPRESENTATION_CONTEXT(2) 
PARAMETRIC_REPRESENTATION_CONTEXT() REPRESENTATION_CONTEXT('2D SPACE',''
  ) );
#13077 = PCURVE('',#12458,#13078);
#13078 = DEFINITIONAL_REPRESENTATION('',(#13079),#13096);
#13079 = B_SPLINE_CURVE_WITH_KNOTS('',8,(#13080,#13081,#13082,#13083,
    #13084,#13085,#13086,#13087,#13088,#13089,#13090,#13091,#13092,
    #13093,#13094,#13095),.UNSPECIFIED.,.F.,.F.,(9,7,9),(2.32827001702,
    3.899066343815,5.469862670609),.UNSPECIFIED.);
#13080 = CARTESIAN_POINT('',(0.785398163397,0.));
#13081 = CARTESIAN_POINT('',(0.971076989625,6.38475973114E-02));
#13082 = CARTESIAN_POINT('',(1.156752071864,0.127694798386));
#13083 = CARTESIAN_POINT('',(1.344762014666,0.188191495898));
#13084 = CARTESIAN_POINT('',(1.537291207647,0.241961951102));
#13085 = CARTESIAN_POINT('',(1.736147551309,0.285745811453));
#13086 = CARTESIAN_POINT('',(1.940932527106,0.316043752641));
#13087 = CARTESIAN_POINT('',(2.148561002977,0.331194815553));
#13088 = CARTESIAN_POINT('',(2.563827977408,0.331194815553));
#13089 = CARTESIAN_POINT('',(2.77145645328,0.316043752641));
#13090 = CARTESIAN_POINT('',(2.976241429058,0.285745811452));
#13091 = CARTESIAN_POINT('',(3.175097772752,0.241961951104));
#13092 = CARTESIAN_POINT('',(3.367626965704,0.188191495898));
#13093 = CARTESIAN_POINT('',(3.55563690852,0.127694798387));
#13094 = CARTESIAN_POINT('',(3.741311990759,6.38475973114E-02));
#13095 = CARTESIAN_POINT('',(3.926990816987,0.));
#13096 = ( GEOMETRIC_REPRESENTATION_CONTEXT(2) 
PARAMETRIC_REPRESENTATION_CONTEXT() REPRESENTATION_CONTEXT('2D SPACE',''
  ) );
#13097 = ORIENTED_EDGE('',*,*,#12395,.T.);
#13098 = ADVANCED_FACE('',(#13099),#12458,.T.);
#13099 = FACE_BOUND('',#13100,.T.);
#13100 = EDGE_LOOP('',(#13101,#13102));
#13101 = ORIENTED_EDGE('',*,*,#12443,.T.);
#13102 = ORIENTED_EDGE('',*,*,#13063,.F.);
#13103 = ADVANCED_FACE('',(#13104),#12501,.F.);
#13104 = FACE_BOUND('',#13105,.F.);
#13105 = EDGE_LOOP('',(#13106,#13130,#13152,#13153,#13192));
#13106 = ORIENTED_EDGE('',*,*,#13107,.T.);
#13107 = EDGE_CURVE('',#11874,#13108,#13110,.T.);
#13108 = VERTEX_POINT('',#13109);
#13109 = CARTESIAN_POINT('',(2.531492937935,2.287543862984,
    13.56341524853));
#13110 = SURFACE_CURVE('',#13111,(#13116,#13123),.PCURVE_S1.);
#13111 = CIRCLE('',#13112,0.251056666667);
#13112 = AXIS2_PLACEMENT_3D('',#13113,#13114,#13115);
#13113 = CARTESIAN_POINT('',(2.287543862984,2.287543862984,13.5041));
#13114 = DIRECTION('',(-0.229932134428,-0.229932134428,0.945654496693));
#13115 = DIRECTION('',(0.97168929306,6.938893903907E-18,0.236262391746)
  );
#13116 = PCURVE('',#12501,#13117);
#13117 = DEFINITIONAL_REPRESENTATION('',(#13118),#13122);
#13118 = CIRCLE('',#13119,0.251056666667);
#13119 = AXIS2_PLACEMENT_2D('',#13120,#13121);
#13120 = CARTESIAN_POINT('',(0.,0.));
#13121 = DIRECTION('',(1.,0.));
#13122 = ( GEOMETRIC_REPRESENTATION_CONTEXT(2) 
PARAMETRIC_REPRESENTATION_CONTEXT() REPRESENTATION_CONTEXT('2D SPACE',''
  ) );
#13123 = PCURVE('',#12599,#13124);
#13124 = DEFINITIONAL_REPRESENTATION('',(#13125),#13129);
#13125 = LINE('',#13126,#13127);
#13126 = CARTESIAN_POINT('',(-0.,-0.));
#13127 = VECTOR('',#13128,1.);
#13128 = DIRECTION('',(-1.,-0.));
#13129 = ( GEOMETRIC_REPRESENTATION_CONTEXT(2) 
PARAMETRIC_REPRESENTATION_CONTEXT() REPRESENTATION_CONTEXT('2D SPACE',''
  ) );
#13130 = ORIENTED_EDGE('',*,*,#13131,.T.);
#13131 = EDGE_CURVE('',#13108,#11774,#13132,.T.);
#13132 = SURFACE_CURVE('',#13133,(#13138,#13145),.PCURVE_S1.);
#13133 = CIRCLE('',#13134,0.251056666667);
#13134 = AXIS2_PLACEMENT_3D('',#13135,#13136,#13137);
#13135 = CARTESIAN_POINT('',(2.287543862984,2.287543862984,13.5041));
#13136 = DIRECTION('',(-0.229932134428,-0.229932134428,0.945654496693));
#13137 = DIRECTION('',(0.97168929306,6.938893903907E-18,0.236262391746)
  );
#13138 = PCURVE('',#12501,#13139);
#13139 = DEFINITIONAL_REPRESENTATION('',(#13140),#13144);
#13140 = CIRCLE('',#13141,0.251056666667);
#13141 = AXIS2_PLACEMENT_2D('',#13142,#13143);
#13142 = CARTESIAN_POINT('',(0.,0.));
#13143 = DIRECTION('',(1.,0.));
#13144 = ( GEOMETRIC_REPRESENTATION_CONTEXT(2) 
PARAMETRIC_REPRESENTATION_CONTEXT() REPRESENTATION_CONTEXT('2D SPACE',''
  ) );
#13145 = PCURVE('',#12599,#13146);
#13146 = DEFINITIONAL_REPRESENTATION('',(#13147),#13151);
#13147 = LINE('',#13148,#13149);
#13148 = CARTESIAN_POINT('',(-0.,-0.));
#13149 = VECTOR('',#13150,1.);
#13150 = DIRECTION('',(-1.,-0.));
#13151 = ( GEOMETRIC_REPRESENTATION_CONTEXT(2) 
PARAMETRIC_REPRESENTATION_CONTEXT() REPRESENTATION_CONTEXT('2D SPACE',''
  ) );
#13152 = ORIENTED_EDGE('',*,*,#12486,.T.);
#13153 = ORIENTED_EDGE('',*,*,#13154,.F.);
#13154 = EDGE_CURVE('',#12513,#12487,#13155,.T.);
#13155 = SURFACE_CURVE('',#13156,(#13161,#13168),.PCURVE_S1.);
#13156 = CIRCLE('',#13157,0.1991412);
#13157 = AXIS2_PLACEMENT_3D('',#13158,#13159,#13160);
#13158 = CARTESIAN_POINT('',(2.287543862984,2.287543862984,13.5041));
#13159 = DIRECTION('',(-0.229932134428,-0.229932134428,0.945654496693));
#13160 = DIRECTION('',(0.707106781187,-0.707106781187,0.));
#13161 = PCURVE('',#12501,#13162);
#13162 = DEFINITIONAL_REPRESENTATION('',(#13163),#13167);
#13163 = CIRCLE('',#13164,0.1991412);
#13164 = AXIS2_PLACEMENT_2D('',#13165,#13166);
#13165 = CARTESIAN_POINT('',(0.,0.));
#13166 = DIRECTION('',(0.687088088329,-0.726574124833));
#13167 = ( GEOMETRIC_REPRESENTATION_CONTEXT(2) 
PARAMETRIC_REPRESENTATION_CONTEXT() REPRESENTATION_CONTEXT('2D SPACE',''
  ) );
#13168 = PCURVE('',#12533,#13169);
#13169 = DEFINITIONAL_REPRESENTATION('',(#13170),#13191);
#13170 = B_SPLINE_CURVE_WITH_KNOTS('',7,(#13171,#13172,#13173,#13174,
    #13175,#13176,#13177,#13178,#13179,#13180,#13181,#13182,#13183,
    #13184,#13185,#13186,#13187,#13188,#13189,#13190),.UNSPECIFIED.,.F.,
  .F.,(8,6,6,8),(0.,0.81332263657,1.97745764508,3.14159265359),
  .UNSPECIFIED.);
#13171 = CARTESIAN_POINT('',(5.497787143782,0.));
#13172 = CARTESIAN_POINT('',(5.607661745001,3.77815254217E-02));
#13173 = CARTESIAN_POINT('',(5.717536530678,7.556064636745E-02));
#13174 = CARTESIAN_POINT('',(5.827922816054,0.112601328376));
#13175 = CARTESIAN_POINT('',(5.939334933192,0.148149532713));
#13176 = CARTESIAN_POINT('',(6.052207871881,0.181456488148));
#13177 = CARTESIAN_POINT('',(6.16681492055,0.211801962728));
#13178 = CARTESIAN_POINT('',(6.449750007261,0.276756399453));
#13179 = CARTESIAN_POINT('',(6.619931810844,0.307563219693));
#13180 = CARTESIAN_POINT('',(6.793794874041,0.329021159861));
#13181 = CARTESIAN_POINT('',(6.970574901204,0.339502625371));
#13182 = CARTESIAN_POINT('',(7.147773815966,0.33819263422));
#13183 = CARTESIAN_POINT('',(7.323265334537,0.325695293147));
#13184 = CARTESIAN_POINT('',(7.668601496128,0.280868966219));
#13185 = CARTESIAN_POINT('',(7.838444951046,0.248542675211));
#13186 = CARTESIAN_POINT('',(8.004321188357,0.207581411236));
#13187 = CARTESIAN_POINT('',(8.166068743912,0.160045571293));
#13188 = CARTESIAN_POINT('',(8.324847093709,0.108156591253));
#13189 = CARTESIAN_POINT('',(8.48211272515,5.407791993075E-02));
#13190 = CARTESIAN_POINT('',(8.639379797372,0.));
#13191 = ( GEOMETRIC_REPRESENTATION_CONTEXT(2) 
PARAMETRIC_REPRESENTATION_CONTEXT() REPRESENTATION_CONTEXT('2D SPACE',''
  ) );
#13192 = ORIENTED_EDGE('',*,*,#12562,.T.);
#13193 = ADVANCED_FACE('',(#13194),#12533,.T.);
#13194 = FACE_BOUND('',#13195,.T.);
#13195 = EDGE_LOOP('',(#13196,#13197));
#13196 = ORIENTED_EDGE('',*,*,#12512,.F.);
#13197 = ORIENTED_EDGE('',*,*,#13154,.F.);
#13198 = ADVANCED_FACE('',(#13199),#12599,.T.);
#13199 = FACE_BOUND('',#13200,.T.);
#13200 = EDGE_LOOP('',(#13201,#13232,#13253,#13254,#13255,#13256,#13257,
    #13281));
#13201 = ORIENTED_EDGE('',*,*,#13202,.F.);
#13202 = EDGE_CURVE('',#13203,#13205,#13207,.T.);
#13203 = VERTEX_POINT('',#13204);
#13204 = CARTESIAN_POINT('',(2.36652580211,2.147382335329,14.13383386344
    ));
#13205 = VERTEX_POINT('',#13206);
#13206 = CARTESIAN_POINT('',(1.987909721479,2.306854949178,14.08055));
#13207 = SURFACE_CURVE('',#13208,(#13213,#13220),.PCURVE_S1.);
#13208 = CIRCLE('',#13209,0.225528333333);
#13209 = AXIS2_PLACEMENT_3D('',#13210,#13211,#13212);
#13210 = CARTESIAN_POINT('',(2.147382335329,2.147382335329,14.08055));
#13211 = DIRECTION('',(-0.229932134428,-0.229932134428,0.945654496693));
#13212 = DIRECTION('',(0.97168929306,6.938893903907E-18,0.236262391746)
  );
#13213 = PCURVE('',#12599,#13214);
#13214 = DEFINITIONAL_REPRESENTATION('',(#13215),#13219);
#13215 = LINE('',#13216,#13217);
#13216 = CARTESIAN_POINT('',(-0.,-0.609577813055));
#13217 = VECTOR('',#13218,1.);
#13218 = DIRECTION('',(-1.,-0.));
#13219 = ( GEOMETRIC_REPRESENTATION_CONTEXT(2) 
PARAMETRIC_REPRESENTATION_CONTEXT() REPRESENTATION_CONTEXT('2D SPACE',''
  ) );
#13220 = PCURVE('',#13221,#13226);
#13221 = PLANE('',#13222);
#13222 = AXIS2_PLACEMENT_3D('',#13223,#13224,#13225);
#13223 = CARTESIAN_POINT('',(2.147382335329,2.147382335329,14.08055));
#13224 = DIRECTION('',(-0.229932134428,-0.229932134428,0.945654496693));
#13225 = DIRECTION('',(0.97168929306,6.938893903907E-18,0.236262391746)
  );
#13226 = DEFINITIONAL_REPRESENTATION('',(#13227),#13231);
#13227 = CIRCLE('',#13228,0.225528333333);
#13228 = AXIS2_PLACEMENT_2D('',#13229,#13230);
#13229 = CARTESIAN_POINT('',(0.,0.));
#13230 = DIRECTION('',(1.,0.));
#13231 = ( GEOMETRIC_REPRESENTATION_CONTEXT(2) 
PARAMETRIC_REPRESENTATION_CONTEXT() REPRESENTATION_CONTEXT('2D SPACE',''
  ) );
#13232 = ORIENTED_EDGE('',*,*,#13233,.F.);
#13233 = EDGE_CURVE('',#13108,#13203,#13234,.T.);
#13234 = SEAM_CURVE('',#13235,(#13239,#13246),.PCURVE_S1.);
#13235 = LINE('',#13236,#13237);
#13236 = CARTESIAN_POINT('',(2.531492937935,2.287543862984,
    13.56341524853));
#13237 = VECTOR('',#13238,1.);
#13238 = DIRECTION('',(-0.270388226796,-0.229730768727,0.934940629511));
#13239 = PCURVE('',#12599,#13240);
#13240 = DEFINITIONAL_REPRESENTATION('',(#13241),#13245);
#13241 = LINE('',#13242,#13243);
#13242 = CARTESIAN_POINT('',(-6.28318530718,0.));
#13243 = VECTOR('',#13244,1.);
#13244 = DIRECTION('',(-0.,-1.));
#13245 = ( GEOMETRIC_REPRESENTATION_CONTEXT(2) 
PARAMETRIC_REPRESENTATION_CONTEXT() REPRESENTATION_CONTEXT('2D SPACE',''
  ) );
#13246 = PCURVE('',#12599,#13247);
#13247 = DEFINITIONAL_REPRESENTATION('',(#13248),#13252);
#13248 = LINE('',#13249,#13250);
#13249 = CARTESIAN_POINT('',(0.,-0.));
#13250 = VECTOR('',#13251,1.);
#13251 = DIRECTION('',(-0.,-1.));
#13252 = ( GEOMETRIC_REPRESENTATION_CONTEXT(2) 
PARAMETRIC_REPRESENTATION_CONTEXT() REPRESENTATION_CONTEXT('2D SPACE',''
  ) );
#13253 = ORIENTED_EDGE('',*,*,#13131,.T.);
#13254 = ORIENTED_EDGE('',*,*,#12584,.T.);
#13255 = ORIENTED_EDGE('',*,*,#13107,.T.);
#13256 = ORIENTED_EDGE('',*,*,#13233,.T.);
#13257 = ORIENTED_EDGE('',*,*,#13258,.F.);
#13258 = EDGE_CURVE('',#13259,#13203,#13261,.T.);
#13259 = VERTEX_POINT('',#13260);
#13260 = CARTESIAN_POINT('',(2.306854949178,1.987909721479,14.08055));
#13261 = SURFACE_CURVE('',#13262,(#13267,#13274),.PCURVE_S1.);
#13262 = CIRCLE('',#13263,0.225528333333);
#13263 = AXIS2_PLACEMENT_3D('',#13264,#13265,#13266);
#13264 = CARTESIAN_POINT('',(2.147382335329,2.147382335329,14.08055));
#13265 = DIRECTION('',(-0.229932134428,-0.229932134428,0.945654496693));
#13266 = DIRECTION('',(0.97168929306,6.938893903907E-18,0.236262391746)
  );
#13267 = PCURVE('',#12599,#13268);
#13268 = DEFINITIONAL_REPRESENTATION('',(#13269),#13273);
#13269 = LINE('',#13270,#13271);
#13270 = CARTESIAN_POINT('',(-0.,-0.609577813055));
#13271 = VECTOR('',#13272,1.);
#13272 = DIRECTION('',(-1.,-0.));
#13273 = ( GEOMETRIC_REPRESENTATION_CONTEXT(2) 
PARAMETRIC_REPRESENTATION_CONTEXT() REPRESENTATION_CONTEXT('2D SPACE',''
  ) );
#13274 = PCURVE('',#13221,#13275);
#13275 = DEFINITIONAL_REPRESENTATION('',(#13276),#13280);
#13276 = CIRCLE('',#13277,0.225528333333);
#13277 = AXIS2_PLACEMENT_2D('',#13278,#13279);
#13278 = CARTESIAN_POINT('',(0.,0.));
#13279 = DIRECTION('',(1.,0.));
#13280 = ( GEOMETRIC_REPRESENTATION_CONTEXT(2) 
PARAMETRIC_REPRESENTATION_CONTEXT() REPRESENTATION_CONTEXT('2D SPACE',''
  ) );
#13281 = ORIENTED_EDGE('',*,*,#13282,.F.);
#13282 = EDGE_CURVE('',#13205,#13259,#13283,.T.);
#13283 = SURFACE_CURVE('',#13284,(#13289,#13296),.PCURVE_S1.);
#13284 = CIRCLE('',#13285,0.225528333333);
#13285 = AXIS2_PLACEMENT_3D('',#13286,#13287,#13288);
#13286 = CARTESIAN_POINT('',(2.147382335329,2.147382335329,14.08055));
#13287 = DIRECTION('',(-0.229932134428,-0.229932134428,0.945654496693));
#13288 = DIRECTION('',(0.97168929306,6.938893903907E-18,0.236262391746)
  );
#13289 = PCURVE('',#12599,#13290);
#13290 = DEFINITIONAL_REPRESENTATION('',(#13291),#13295);
#13291 = LINE('',#13292,#13293);
#13292 = CARTESIAN_POINT('',(-0.,-0.609577813055));
#13293 = VECTOR('',#13294,1.);
#13294 = DIRECTION('',(-1.,-0.));
#13295 = ( GEOMETRIC_REPRESENTATION_CONTEXT(2) 
PARAMETRIC_REPRESENTATION_CONTEXT() REPRESENTATION_CONTEXT('2D SPACE',''
  ) );
#13296 = PCURVE('',#13297,#13302);
#13297 = PLANE('',#13298);
#13298 = AXIS2_PLACEMENT_3D('',#13299,#13300,#13301);
#13299 = CARTESIAN_POINT('',(2.147382335329,2.147382335329,14.08055));
#13300 = DIRECTION('',(-0.229932134428,-0.229932134428,0.945654496693));
#13301 = DIRECTION('',(0.97168929306,6.938893903907E-18,0.236262391746)
  );
#13302 = DEFINITIONAL_REPRESENTATION('',(#13303),#13307);
#13303 = CIRCLE('',#13304,0.225528333333);
#13304 = AXIS2_PLACEMENT_2D('',#13305,#13306);
#13305 = CARTESIAN_POINT('',(0.,0.));
#13306 = DIRECTION('',(1.,0.));
#13307 = ( GEOMETRIC_REPRESENTATION_CONTEXT(2) 
PARAMETRIC_REPRESENTATION_CONTEXT() REPRESENTATION_CONTEXT('2D SPACE',''
  ) );
#13308 = ADVANCED_FACE('',(#13309),#12638,.T.);
#13309 = FACE_BOUND('',#13310,.T.);
#13310 = EDGE_LOOP('',(#13311,#13312,#13335,#13364,#13393,#13415,#13416,
    #13417));
#13311 = ORIENTED_EDGE('',*,*,#12654,.T.);
#13312 = ORIENTED_EDGE('',*,*,#13313,.T.);
#13313 = EDGE_CURVE('',#12622,#13314,#13316,.T.);
#13314 = VERTEX_POINT('',#13315);
#13315 = CARTESIAN_POINT('',(-1.928238868547,-2.147382335329,
    14.02726613656));
#13316 = SEAM_CURVE('',#13317,(#13321,#13328),.PCURVE_S1.);
#13317 = LINE('',#13318,#13319);
#13318 = CARTESIAN_POINT('',(-2.043594788033,-2.287543862984,
    13.44478475147));
#13319 = VECTOR('',#13320,1.);
#13320 = DIRECTION('',(0.189073310658,0.229730768727,0.954712028361));
#13321 = PCURVE('',#12638,#13322);
#13322 = DEFINITIONAL_REPRESENTATION('',(#13323),#13327);
#13323 = LINE('',#13324,#13325);
#13324 = CARTESIAN_POINT('',(0.,-0.));
#13325 = VECTOR('',#13326,1.);
#13326 = DIRECTION('',(-0.,-1.));
#13327 = ( GEOMETRIC_REPRESENTATION_CONTEXT(2) 
PARAMETRIC_REPRESENTATION_CONTEXT() REPRESENTATION_CONTEXT('2D SPACE',''
  ) );
#13328 = PCURVE('',#12638,#13329);
#13329 = DEFINITIONAL_REPRESENTATION('',(#13330),#13334);
#13330 = LINE('',#13331,#13332);
#13331 = CARTESIAN_POINT('',(-6.28318530718,0.));
#13332 = VECTOR('',#13333,1.);
#13333 = DIRECTION('',(-0.,-1.));
#13334 = ( GEOMETRIC_REPRESENTATION_CONTEXT(2) 
PARAMETRIC_REPRESENTATION_CONTEXT() REPRESENTATION_CONTEXT('2D SPACE',''
  ) );
#13335 = ORIENTED_EDGE('',*,*,#13336,.F.);
#13336 = EDGE_CURVE('',#13337,#13314,#13339,.T.);
#13337 = VERTEX_POINT('',#13338);
#13338 = CARTESIAN_POINT('',(-1.987909721479,-2.306854949178,14.08055));
#13339 = SURFACE_CURVE('',#13340,(#13345,#13352),.PCURVE_S1.);
#13340 = CIRCLE('',#13341,0.225528333333);
#13341 = AXIS2_PLACEMENT_3D('',#13342,#13343,#13344);
#13342 = CARTESIAN_POINT('',(-2.147382335329,-2.147382335329,14.08055));
#13343 = DIRECTION('',(0.229932134428,0.229932134428,0.945654496693));
#13344 = DIRECTION('',(0.97168929306,-6.938893903907E-18,-0.236262391746
    ));
#13345 = PCURVE('',#12638,#13346);
#13346 = DEFINITIONAL_REPRESENTATION('',(#13347),#13351);
#13347 = LINE('',#13348,#13349);
#13348 = CARTESIAN_POINT('',(-0.,-0.609577813055));
#13349 = VECTOR('',#13350,1.);
#13350 = DIRECTION('',(-1.,-0.));
#13351 = ( GEOMETRIC_REPRESENTATION_CONTEXT(2) 
PARAMETRIC_REPRESENTATION_CONTEXT() REPRESENTATION_CONTEXT('2D SPACE',''
  ) );
#13352 = PCURVE('',#13353,#13358);
#13353 = PLANE('',#13354);
#13354 = AXIS2_PLACEMENT_3D('',#13355,#13356,#13357);
#13355 = CARTESIAN_POINT('',(-2.147382335329,-2.147382335329,14.08055));
#13356 = DIRECTION('',(0.229932134428,0.229932134428,0.945654496693));
#13357 = DIRECTION('',(0.97168929306,0.,-0.236262391746));
#13358 = DEFINITIONAL_REPRESENTATION('',(#13359),#13363);
#13359 = CIRCLE('',#13360,0.225528333333);
#13360 = AXIS2_PLACEMENT_2D('',#13361,#13362);
#13361 = CARTESIAN_POINT('',(0.,0.));
#13362 = DIRECTION('',(1.,0.));
#13363 = ( GEOMETRIC_REPRESENTATION_CONTEXT(2) 
PARAMETRIC_REPRESENTATION_CONTEXT() REPRESENTATION_CONTEXT('2D SPACE',''
  ) );
#13364 = ORIENTED_EDGE('',*,*,#13365,.F.);
#13365 = EDGE_CURVE('',#13366,#13337,#13368,.T.);
#13366 = VERTEX_POINT('',#13367);
#13367 = CARTESIAN_POINT('',(-2.306854949178,-1.987909721479,14.08055));
#13368 = SURFACE_CURVE('',#13369,(#13374,#13381),.PCURVE_S1.);
#13369 = CIRCLE('',#13370,0.225528333333);
#13370 = AXIS2_PLACEMENT_3D('',#13371,#13372,#13373);
#13371 = CARTESIAN_POINT('',(-2.147382335329,-2.147382335329,14.08055));
#13372 = DIRECTION('',(0.229932134428,0.229932134428,0.945654496693));
#13373 = DIRECTION('',(0.97168929306,-6.938893903907E-18,-0.236262391746
    ));
#13374 = PCURVE('',#12638,#13375);
#13375 = DEFINITIONAL_REPRESENTATION('',(#13376),#13380);
#13376 = LINE('',#13377,#13378);
#13377 = CARTESIAN_POINT('',(-0.,-0.609577813055));
#13378 = VECTOR('',#13379,1.);
#13379 = DIRECTION('',(-1.,-0.));
#13380 = ( GEOMETRIC_REPRESENTATION_CONTEXT(2) 
PARAMETRIC_REPRESENTATION_CONTEXT() REPRESENTATION_CONTEXT('2D SPACE',''
  ) );
#13381 = PCURVE('',#13382,#13387);
#13382 = PLANE('',#13383);
#13383 = AXIS2_PLACEMENT_3D('',#13384,#13385,#13386);
#13384 = CARTESIAN_POINT('',(-2.147382335329,-2.147382335329,14.08055));
#13385 = DIRECTION('',(0.229932134428,0.229932134428,0.945654496693));
#13386 = DIRECTION('',(0.97168929306,0.,-0.236262391746));
#13387 = DEFINITIONAL_REPRESENTATION('',(#13388),#13392);
#13388 = CIRCLE('',#13389,0.225528333333);
#13389 = AXIS2_PLACEMENT_2D('',#13390,#13391);
#13390 = CARTESIAN_POINT('',(0.,0.));
#13391 = DIRECTION('',(1.,0.));
#13392 = ( GEOMETRIC_REPRESENTATION_CONTEXT(2) 
PARAMETRIC_REPRESENTATION_CONTEXT() REPRESENTATION_CONTEXT('2D SPACE',''
  ) );
#13393 = ORIENTED_EDGE('',*,*,#13394,.F.);
#13394 = EDGE_CURVE('',#13314,#13366,#13395,.T.);
#13395 = SURFACE_CURVE('',#13396,(#13401,#13408),.PCURVE_S1.);
#13396 = CIRCLE('',#13397,0.225528333333);
#13397 = AXIS2_PLACEMENT_3D('',#13398,#13399,#13400);
#13398 = CARTESIAN_POINT('',(-2.147382335329,-2.147382335329,14.08055));
#13399 = DIRECTION('',(0.229932134428,0.229932134428,0.945654496693));
#13400 = DIRECTION('',(0.97168929306,-6.938893903907E-18,-0.236262391746
    ));
#13401 = PCURVE('',#12638,#13402);
#13402 = DEFINITIONAL_REPRESENTATION('',(#13403),#13407);
#13403 = LINE('',#13404,#13405);
#13404 = CARTESIAN_POINT('',(-0.,-0.609577813055));
#13405 = VECTOR('',#13406,1.);
#13406 = DIRECTION('',(-1.,-0.));
#13407 = ( GEOMETRIC_REPRESENTATION_CONTEXT(2) 
PARAMETRIC_REPRESENTATION_CONTEXT() REPRESENTATION_CONTEXT('2D SPACE',''
  ) );
#13408 = PCURVE('',#13353,#13409);
#13409 = DEFINITIONAL_REPRESENTATION('',(#13410),#13414);
#13410 = CIRCLE('',#13411,0.225528333333);
#13411 = AXIS2_PLACEMENT_2D('',#13412,#13413);
#13412 = CARTESIAN_POINT('',(0.,0.));
#13413 = DIRECTION('',(1.,0.));
#13414 = ( GEOMETRIC_REPRESENTATION_CONTEXT(2) 
PARAMETRIC_REPRESENTATION_CONTEXT() REPRESENTATION_CONTEXT('2D SPACE',''
  ) );
#13415 = ORIENTED_EDGE('',*,*,#13313,.F.);
#13416 = ORIENTED_EDGE('',*,*,#12621,.T.);
#13417 = ORIENTED_EDGE('',*,*,#13418,.T.);
#13418 = EDGE_CURVE('',#12104,#12075,#13419,.T.);
#13419 = SURFACE_CURVE('',#13420,(#13425,#13432),.PCURVE_S1.);
#13420 = CIRCLE('',#13421,0.251056666667);
#13421 = AXIS2_PLACEMENT_3D('',#13422,#13423,#13424);
#13422 = CARTESIAN_POINT('',(-2.287543862984,-2.287543862984,13.5041));
#13423 = DIRECTION('',(0.229932134428,0.229932134428,0.945654496693));
#13424 = DIRECTION('',(0.97168929306,-6.938893903907E-18,-0.236262391746
    ));
#13425 = PCURVE('',#12638,#13426);
#13426 = DEFINITIONAL_REPRESENTATION('',(#13427),#13431);
#13427 = LINE('',#13428,#13429);
#13428 = CARTESIAN_POINT('',(-0.,-0.));
#13429 = VECTOR('',#13430,1.);
#13430 = DIRECTION('',(-1.,-0.));
#13431 = ( GEOMETRIC_REPRESENTATION_CONTEXT(2) 
PARAMETRIC_REPRESENTATION_CONTEXT() REPRESENTATION_CONTEXT('2D SPACE',''
  ) );
#13432 = PCURVE('',#12697,#13433);
#13433 = DEFINITIONAL_REPRESENTATION('',(#13434),#13438);
#13434 = CIRCLE('',#13435,0.251056666667);
#13435 = AXIS2_PLACEMENT_2D('',#13436,#13437);
#13436 = CARTESIAN_POINT('',(0.,0.));
#13437 = DIRECTION('',(1.,0.));
#13438 = ( GEOMETRIC_REPRESENTATION_CONTEXT(2) 
PARAMETRIC_REPRESENTATION_CONTEXT() REPRESENTATION_CONTEXT('2D SPACE',''
  ) );
#13439 = ADVANCED_FACE('',(#13440),#12697,.F.);
#13440 = FACE_BOUND('',#13441,.F.);
#13441 = EDGE_LOOP('',(#13442,#13443,#13444,#13445));
#13442 = ORIENTED_EDGE('',*,*,#12682,.T.);
#13443 = ORIENTED_EDGE('',*,*,#13418,.T.);
#13444 = ORIENTED_EDGE('',*,*,#12709,.T.);
#13445 = ORIENTED_EDGE('',*,*,#13446,.F.);
#13446 = EDGE_CURVE('',#12683,#12710,#13447,.T.);
#13447 = SURFACE_CURVE('',#13448,(#13453,#13460),.PCURVE_S1.);
#13448 = CIRCLE('',#13449,0.1991412);
#13449 = AXIS2_PLACEMENT_3D('',#13450,#13451,#13452);
#13450 = CARTESIAN_POINT('',(-2.287543862984,-2.287543862984,13.5041));
#13451 = DIRECTION('',(0.229932134428,0.229932134428,0.945654496693));
#13452 = DIRECTION('',(-0.707106781187,0.707106781187,0.));
#13453 = PCURVE('',#12697,#13454);
#13454 = DEFINITIONAL_REPRESENTATION('',(#13455),#13459);
#13455 = CIRCLE('',#13456,0.1991412);
#13456 = AXIS2_PLACEMENT_2D('',#13457,#13458);
#13457 = CARTESIAN_POINT('',(0.,0.));
#13458 = DIRECTION('',(-0.687088088329,0.726574124833));
#13459 = ( GEOMETRIC_REPRESENTATION_CONTEXT(2) 
PARAMETRIC_REPRESENTATION_CONTEXT() REPRESENTATION_CONTEXT('2D SPACE',''
  ) );
#13460 = PCURVE('',#12745,#13461);
#13461 = DEFINITIONAL_REPRESENTATION('',(#13462),#13479);
#13462 = B_SPLINE_CURVE_WITH_KNOTS('',8,(#13463,#13464,#13465,#13466,
    #13467,#13468,#13469,#13470,#13471,#13472,#13473,#13474,#13475,
    #13476,#13477,#13478),.UNSPECIFIED.,.F.,.F.,(9,7,9),(0.,
    1.570796326795,3.14159265359),.UNSPECIFIED.);
#13463 = CARTESIAN_POINT('',(2.356194490192,0.));
#13464 = CARTESIAN_POINT('',(2.54187331642,6.38475973114E-02));
#13465 = CARTESIAN_POINT('',(2.727548398655,0.127694798387));
#13466 = CARTESIAN_POINT('',(2.915558341467,0.188191495896));
#13467 = CARTESIAN_POINT('',(3.108087534429,0.241961951106));
#13468 = CARTESIAN_POINT('',(3.306943878113,0.28574581145));
#13469 = CARTESIAN_POINT('',(3.511728853899,0.316043752642));
#13470 = CARTESIAN_POINT('',(3.719357329772,0.331194815553));
#13471 = CARTESIAN_POINT('',(4.134624304203,0.331194815553));
#13472 = CARTESIAN_POINT('',(4.342252780068,0.316043752642));
#13473 = CARTESIAN_POINT('',(4.547037755894,0.285745811451));
#13474 = CARTESIAN_POINT('',(4.745894099491,0.241961951105));
#13475 = CARTESIAN_POINT('',(4.938423292515,0.188191495897));
#13476 = CARTESIAN_POINT('',(5.126433235308,0.127694798387));
#13477 = CARTESIAN_POINT('',(5.312108317554,6.38475973114E-02));
#13478 = CARTESIAN_POINT('',(5.497787143782,0.));
#13479 = ( GEOMETRIC_REPRESENTATION_CONTEXT(2) 
PARAMETRIC_REPRESENTATION_CONTEXT() REPRESENTATION_CONTEXT('2D SPACE',''
  ) );
#13480 = ADVANCED_FACE('',(#13481),#12745,.T.);
#13481 = FACE_BOUND('',#13482,.T.);
#13482 = EDGE_LOOP('',(#13483,#13484));
#13483 = ORIENTED_EDGE('',*,*,#12730,.T.);
#13484 = ORIENTED_EDGE('',*,*,#13446,.F.);
#13485 = ADVANCED_FACE('',(#13486),#12788,.T.);
#13486 = FACE_BOUND('',#13487,.T.);
#13487 = EDGE_LOOP('',(#13488,#13519,#13542,#13564,#13565,#13587,#13588,
    #13612));
#13488 = ORIENTED_EDGE('',*,*,#13489,.F.);
#13489 = EDGE_CURVE('',#13490,#13492,#13494,.T.);
#13490 = VERTEX_POINT('',#13491);
#13491 = CARTESIAN_POINT('',(2.36652580211,-2.147382335329,
    14.13383386344));
#13492 = VERTEX_POINT('',#13493);
#13493 = CARTESIAN_POINT('',(2.306854949178,-1.987909721479,14.08055));
#13494 = SURFACE_CURVE('',#13495,(#13500,#13507),.PCURVE_S1.);
#13495 = CIRCLE('',#13496,0.225528333333);
#13496 = AXIS2_PLACEMENT_3D('',#13497,#13498,#13499);
#13497 = CARTESIAN_POINT('',(2.147382335329,-2.147382335329,14.08055));
#13498 = DIRECTION('',(-0.229932134428,0.229932134428,0.945654496693));
#13499 = DIRECTION('',(0.97168929306,-6.938893903907E-18,0.236262391746)
  );
#13500 = PCURVE('',#12788,#13501);
#13501 = DEFINITIONAL_REPRESENTATION('',(#13502),#13506);
#13502 = LINE('',#13503,#13504);
#13503 = CARTESIAN_POINT('',(-0.,-0.609577813055));
#13504 = VECTOR('',#13505,1.);
#13505 = DIRECTION('',(-1.,-0.));
#13506 = ( GEOMETRIC_REPRESENTATION_CONTEXT(2) 
PARAMETRIC_REPRESENTATION_CONTEXT() REPRESENTATION_CONTEXT('2D SPACE',''
  ) );
#13507 = PCURVE('',#13508,#13513);
#13508 = PLANE('',#13509);
#13509 = AXIS2_PLACEMENT_3D('',#13510,#13511,#13512);
#13510 = CARTESIAN_POINT('',(2.147382335329,-2.147382335329,14.08055));
#13511 = DIRECTION('',(-0.229932134428,0.229932134428,0.945654496693));
#13512 = DIRECTION('',(0.97168929306,-6.938893903907E-18,0.236262391746)
  );
#13513 = DEFINITIONAL_REPRESENTATION('',(#13514),#13518);
#13514 = CIRCLE('',#13515,0.225528333333);
#13515 = AXIS2_PLACEMENT_2D('',#13516,#13517);
#13516 = CARTESIAN_POINT('',(0.,0.));
#13517 = DIRECTION('',(1.,0.));
#13518 = ( GEOMETRIC_REPRESENTATION_CONTEXT(2) 
PARAMETRIC_REPRESENTATION_CONTEXT() REPRESENTATION_CONTEXT('2D SPACE',''
  ) );
#13519 = ORIENTED_EDGE('',*,*,#13520,.F.);
#13520 = EDGE_CURVE('',#13521,#13490,#13523,.T.);
#13521 = VERTEX_POINT('',#13522);
#13522 = CARTESIAN_POINT('',(2.531492937935,-2.287543862984,
    13.56341524853));
#13523 = SEAM_CURVE('',#13524,(#13528,#13535),.PCURVE_S1.);
#13524 = LINE('',#13525,#13526);
#13525 = CARTESIAN_POINT('',(2.531492937935,-2.287543862984,
    13.56341524853));
#13526 = VECTOR('',#13527,1.);
#13527 = DIRECTION('',(-0.270388226796,0.229730768727,0.934940629511));
#13528 = PCURVE('',#12788,#13529);
#13529 = DEFINITIONAL_REPRESENTATION('',(#13530),#13534);
#13530 = LINE('',#13531,#13532);
#13531 = CARTESIAN_POINT('',(-6.28318530718,0.));
#13532 = VECTOR('',#13533,1.);
#13533 = DIRECTION('',(-0.,-1.));
#13534 = ( GEOMETRIC_REPRESENTATION_CONTEXT(2) 
PARAMETRIC_REPRESENTATION_CONTEXT() REPRESENTATION_CONTEXT('2D SPACE',''
  ) );
#13535 = PCURVE('',#12788,#13536);
#13536 = DEFINITIONAL_REPRESENTATION('',(#13537),#13541);
#13537 = LINE('',#13538,#13539);
#13538 = CARTESIAN_POINT('',(0.,-0.));
#13539 = VECTOR('',#13540,1.);
#13540 = DIRECTION('',(-0.,-1.));
#13541 = ( GEOMETRIC_REPRESENTATION_CONTEXT(2) 
PARAMETRIC_REPRESENTATION_CONTEXT() REPRESENTATION_CONTEXT('2D SPACE',''
  ) );
#13542 = ORIENTED_EDGE('',*,*,#13543,.T.);
#13543 = EDGE_CURVE('',#13521,#12208,#13544,.T.);
#13544 = SURFACE_CURVE('',#13545,(#13550,#13557),.PCURVE_S1.);
#13545 = CIRCLE('',#13546,0.251056666667);
#13546 = AXIS2_PLACEMENT_3D('',#13547,#13548,#13549);
#13547 = CARTESIAN_POINT('',(2.287543862984,-2.287543862984,13.5041));
#13548 = DIRECTION('',(-0.229932134428,0.229932134428,0.945654496693));
#13549 = DIRECTION('',(0.97168929306,-6.938893903907E-18,0.236262391746)
  );
#13550 = PCURVE('',#12788,#13551);
#13551 = DEFINITIONAL_REPRESENTATION('',(#13552),#13556);
#13552 = LINE('',#13553,#13554);
#13553 = CARTESIAN_POINT('',(-0.,-0.));
#13554 = VECTOR('',#13555,1.);
#13555 = DIRECTION('',(-1.,-0.));
#13556 = ( GEOMETRIC_REPRESENTATION_CONTEXT(2) 
PARAMETRIC_REPRESENTATION_CONTEXT() REPRESENTATION_CONTEXT('2D SPACE',''
  ) );
#13557 = PCURVE('',#12822,#13558);
#13558 = DEFINITIONAL_REPRESENTATION('',(#13559),#13563);
#13559 = CIRCLE('',#13560,0.251056666667);
#13560 = AXIS2_PLACEMENT_2D('',#13561,#13562);
#13561 = CARTESIAN_POINT('',(0.,0.));
#13562 = DIRECTION('',(1.,0.));
#13563 = ( GEOMETRIC_REPRESENTATION_CONTEXT(2) 
PARAMETRIC_REPRESENTATION_CONTEXT() REPRESENTATION_CONTEXT('2D SPACE',''
  ) );
#13564 = ORIENTED_EDGE('',*,*,#12773,.T.);
#13565 = ORIENTED_EDGE('',*,*,#13566,.T.);
#13566 = EDGE_CURVE('',#12237,#13521,#13567,.T.);
#13567 = SURFACE_CURVE('',#13568,(#13573,#13580),.PCURVE_S1.);
#13568 = CIRCLE('',#13569,0.251056666667);
#13569 = AXIS2_PLACEMENT_3D('',#13570,#13571,#13572);
#13570 = CARTESIAN_POINT('',(2.287543862984,-2.287543862984,13.5041));
#13571 = DIRECTION('',(-0.229932134428,0.229932134428,0.945654496693));
#13572 = DIRECTION('',(0.97168929306,-6.938893903907E-18,0.236262391746)
  );
#13573 = PCURVE('',#12788,#13574);
#13574 = DEFINITIONAL_REPRESENTATION('',(#13575),#13579);
#13575 = LINE('',#13576,#13577);
#13576 = CARTESIAN_POINT('',(-0.,-0.));
#13577 = VECTOR('',#13578,1.);
#13578 = DIRECTION('',(-1.,-0.));
#13579 = ( GEOMETRIC_REPRESENTATION_CONTEXT(2) 
PARAMETRIC_REPRESENTATION_CONTEXT() REPRESENTATION_CONTEXT('2D SPACE',''
  ) );
#13580 = PCURVE('',#12822,#13581);
#13581 = DEFINITIONAL_REPRESENTATION('',(#13582),#13586);
#13582 = CIRCLE('',#13583,0.251056666667);
#13583 = AXIS2_PLACEMENT_2D('',#13584,#13585);
#13584 = CARTESIAN_POINT('',(0.,0.));
#13585 = DIRECTION('',(1.,0.));
#13586 = ( GEOMETRIC_REPRESENTATION_CONTEXT(2) 
PARAMETRIC_REPRESENTATION_CONTEXT() REPRESENTATION_CONTEXT('2D SPACE',''
  ) );
#13587 = ORIENTED_EDGE('',*,*,#13520,.T.);
#13588 = ORIENTED_EDGE('',*,*,#13589,.F.);
#13589 = EDGE_CURVE('',#13590,#13490,#13592,.T.);
#13590 = VERTEX_POINT('',#13591);
#13591 = CARTESIAN_POINT('',(1.987909721479,-2.306854949178,14.08055));
#13592 = SURFACE_CURVE('',#13593,(#13598,#13605),.PCURVE_S1.);
#13593 = CIRCLE('',#13594,0.225528333333);
#13594 = AXIS2_PLACEMENT_3D('',#13595,#13596,#13597);
#13595 = CARTESIAN_POINT('',(2.147382335329,-2.147382335329,14.08055));
#13596 = DIRECTION('',(-0.229932134428,0.229932134428,0.945654496693));
#13597 = DIRECTION('',(0.97168929306,-6.938893903907E-18,0.236262391746)
  );
#13598 = PCURVE('',#12788,#13599);
#13599 = DEFINITIONAL_REPRESENTATION('',(#13600),#13604);
#13600 = LINE('',#13601,#13602);
#13601 = CARTESIAN_POINT('',(-0.,-0.609577813055));
#13602 = VECTOR('',#13603,1.);
#13603 = DIRECTION('',(-1.,-0.));
#13604 = ( GEOMETRIC_REPRESENTATION_CONTEXT(2) 
PARAMETRIC_REPRESENTATION_CONTEXT() REPRESENTATION_CONTEXT('2D SPACE',''
  ) );
#13605 = PCURVE('',#13508,#13606);
#13606 = DEFINITIONAL_REPRESENTATION('',(#13607),#13611);
#13607 = CIRCLE('',#13608,0.225528333333);
#13608 = AXIS2_PLACEMENT_2D('',#13609,#13610);
#13609 = CARTESIAN_POINT('',(0.,0.));
#13610 = DIRECTION('',(1.,0.));
#13611 = ( GEOMETRIC_REPRESENTATION_CONTEXT(2) 
PARAMETRIC_REPRESENTATION_CONTEXT() REPRESENTATION_CONTEXT('2D SPACE',''
  ) );
#13612 = ORIENTED_EDGE('',*,*,#13613,.F.);
#13613 = EDGE_CURVE('',#13492,#13590,#13614,.T.);
#13614 = SURFACE_CURVE('',#13615,(#13620,#13627),.PCURVE_S1.);
#13615 = CIRCLE('',#13616,0.225528333333);
#13616 = AXIS2_PLACEMENT_3D('',#13617,#13618,#13619);
#13617 = CARTESIAN_POINT('',(2.147382335329,-2.147382335329,14.08055));
#13618 = DIRECTION('',(-0.229932134428,0.229932134428,0.945654496693));
#13619 = DIRECTION('',(0.97168929306,-6.938893903907E-18,0.236262391746)
  );
#13620 = PCURVE('',#12788,#13621);
#13621 = DEFINITIONAL_REPRESENTATION('',(#13622),#13626);
#13622 = LINE('',#13623,#13624);
#13623 = CARTESIAN_POINT('',(-0.,-0.609577813055));
#13624 = VECTOR('',#13625,1.);
#13625 = DIRECTION('',(-1.,-0.));
#13626 = ( GEOMETRIC_REPRESENTATION_CONTEXT(2) 
PARAMETRIC_REPRESENTATION_CONTEXT() REPRESENTATION_CONTEXT('2D SPACE',''
  ) );
#13627 = PCURVE('',#13628,#13633);
#13628 = PLANE('',#13629);
#13629 = AXIS2_PLACEMENT_3D('',#13630,#13631,#13632);
#13630 = CARTESIAN_POINT('',(2.147382335329,-2.147382335329,14.08055));
#13631 = DIRECTION('',(-0.229932134428,0.229932134428,0.945654496693));
#13632 = DIRECTION('',(0.97168929306,-6.938893903907E-18,0.236262391746)
  );
#13633 = DEFINITIONAL_REPRESENTATION('',(#13634),#13638);
#13634 = CIRCLE('',#13635,0.225528333333);
#13635 = AXIS2_PLACEMENT_2D('',#13636,#13637);
#13636 = CARTESIAN_POINT('',(0.,0.));
#13637 = DIRECTION('',(1.,0.));
#13638 = ( GEOMETRIC_REPRESENTATION_CONTEXT(2) 
PARAMETRIC_REPRESENTATION_CONTEXT() REPRESENTATION_CONTEXT('2D SPACE',''
  ) );
#13639 = ADVANCED_FACE('',(#13640),#12822,.F.);
#13640 = FACE_BOUND('',#13641,.F.);
#13641 = EDGE_LOOP('',(#13642,#13643,#13644,#13645,#13684));
#13642 = ORIENTED_EDGE('',*,*,#13566,.T.);
#13643 = ORIENTED_EDGE('',*,*,#13543,.T.);
#13644 = ORIENTED_EDGE('',*,*,#12834,.T.);
#13645 = ORIENTED_EDGE('',*,*,#13646,.F.);
#13646 = EDGE_CURVE('',#12808,#12835,#13647,.T.);
#13647 = SURFACE_CURVE('',#13648,(#13653,#13660),.PCURVE_S1.);
#13648 = CIRCLE('',#13649,0.1991412);
#13649 = AXIS2_PLACEMENT_3D('',#13650,#13651,#13652);
#13650 = CARTESIAN_POINT('',(2.287543862984,-2.287543862984,13.5041));
#13651 = DIRECTION('',(-0.229932134428,0.229932134428,0.945654496693));
#13652 = DIRECTION('',(-0.707106781187,-0.707106781187,0.));
#13653 = PCURVE('',#12822,#13654);
#13654 = DEFINITIONAL_REPRESENTATION('',(#13655),#13659);
#13655 = CIRCLE('',#13656,0.1991412);
#13656 = AXIS2_PLACEMENT_2D('',#13657,#13658);
#13657 = CARTESIAN_POINT('',(0.,0.));
#13658 = DIRECTION('',(-0.687088088329,-0.726574124833));
#13659 = ( GEOMETRIC_REPRESENTATION_CONTEXT(2) 
PARAMETRIC_REPRESENTATION_CONTEXT() REPRESENTATION_CONTEXT('2D SPACE',''
  ) );
#13660 = PCURVE('',#12874,#13661);
#13661 = DEFINITIONAL_REPRESENTATION('',(#13662),#13683);
#13662 = B_SPLINE_CURVE_WITH_KNOTS('',7,(#13663,#13664,#13665,#13666,
    #13667,#13668,#13669,#13670,#13671,#13672,#13673,#13674,#13675,
    #13676,#13677,#13678,#13679,#13680,#13681,#13682),.UNSPECIFIED.,.F.,
  .F.,(8,6,6,8),(0.,1.16413500851,2.32827001702,3.14159265359),
  .UNSPECIFIED.);
#13663 = CARTESIAN_POINT('',(3.926990816987,0.));
#13664 = CARTESIAN_POINT('',(4.084257889209,5.407791993075E-02));
#13665 = CARTESIAN_POINT('',(4.24152352065,0.108156591253));
#13666 = CARTESIAN_POINT('',(4.400301870448,0.160045571293));
#13667 = CARTESIAN_POINT('',(4.562049426002,0.207581411236));
#13668 = CARTESIAN_POINT('',(4.727925663314,0.248542675211));
#13669 = CARTESIAN_POINT('',(4.897769118231,0.280868966219));
#13670 = CARTESIAN_POINT('',(5.243105279822,0.325695293147));
#13671 = CARTESIAN_POINT('',(5.418596798393,0.33819263422));
#13672 = CARTESIAN_POINT('',(5.595795713153,0.339502625371));
#13673 = CARTESIAN_POINT('',(5.77257574032,0.329021159861));
#13674 = CARTESIAN_POINT('',(5.946438803515,0.307563219693));
#13675 = CARTESIAN_POINT('',(6.116620607098,0.276756399453));
#13676 = CARTESIAN_POINT('',(6.399555693809,0.211801962728));
#13677 = CARTESIAN_POINT('',(6.514162742478,0.181456488148));
#13678 = CARTESIAN_POINT('',(6.627035681167,0.148149532713));
#13679 = CARTESIAN_POINT('',(6.738447798305,0.112601328376));
#13680 = CARTESIAN_POINT('',(6.848834083682,7.556064636745E-02));
#13681 = CARTESIAN_POINT('',(6.958708869358,3.77815254217E-02));
#13682 = CARTESIAN_POINT('',(7.068583470577,0.));
#13683 = ( GEOMETRIC_REPRESENTATION_CONTEXT(2) 
PARAMETRIC_REPRESENTATION_CONTEXT() REPRESENTATION_CONTEXT('2D SPACE',''
  ) );
#13684 = ORIENTED_EDGE('',*,*,#12807,.T.);
#13685 = ADVANCED_FACE('',(#13686),#12874,.T.);
#13686 = FACE_BOUND('',#13687,.T.);
#13687 = EDGE_LOOP('',(#13688,#13689));
#13688 = ORIENTED_EDGE('',*,*,#12855,.F.);
#13689 = ORIENTED_EDGE('',*,*,#13646,.F.);
#13690 = ADVANCED_FACE('',(#13691),#12925,.T.);
#13691 = FACE_BOUND('',#13692,.T.);
#13692 = EDGE_LOOP('',(#13693,#13694,#13695,#13721,#13763));
#13693 = ORIENTED_EDGE('',*,*,#13006,.T.);
#13694 = ORIENTED_EDGE('',*,*,#12906,.T.);
#13695 = ORIENTED_EDGE('',*,*,#13696,.T.);
#13696 = EDGE_CURVE('',#12909,#13697,#13699,.T.);
#13697 = VERTEX_POINT('',#13698);
#13698 = CARTESIAN_POINT('',(-2.275199522781,2.019565147876,14.08055));
#13699 = SURFACE_CURVE('',#13700,(#13704,#13710),.PCURVE_S1.);
#13700 = LINE('',#13701,#13702);
#13701 = CARTESIAN_POINT('',(-2.147382335329,2.147382335329,14.08055));
#13702 = VECTOR('',#13703,1.);
#13703 = DIRECTION('',(0.707106781187,0.707106781187,8.213270266982E-15)
  );
#13704 = PCURVE('',#12925,#13705);
#13705 = DEFINITIONAL_REPRESENTATION('',(#13706),#13709);
#13706 = B_SPLINE_CURVE_WITH_KNOTS('',1,(#13707,#13708),.UNSPECIFIED.,
  .F.,.F.,(2,2),(-0.308757836641,0.308757836641),
  .PIECEWISE_BEZIER_KNOTS.);
#13707 = CARTESIAN_POINT('',(-0.212143831734,0.224335454943));
#13708 = CARTESIAN_POINT('',(0.212143831734,-0.224335454943));
#13709 = ( GEOMETRIC_REPRESENTATION_CONTEXT(2) 
PARAMETRIC_REPRESENTATION_CONTEXT() REPRESENTATION_CONTEXT('2D SPACE',''
  ) );
#13710 = PCURVE('',#13711,#13716);
#13711 = PLANE('',#13712);
#13712 = AXIS2_PLACEMENT_3D('',#13713,#13714,#13715);
#13713 = CARTESIAN_POINT('',(-2.147382335329,2.147382335329,14.08055));
#13714 = DIRECTION('',(0.250722035436,-0.250722035436,0.935027765306));
#13715 = DIRECTION('',(0.965878783045,6.938893903907E-18,-0.258994549098
    ));
#13716 = DEFINITIONAL_REPRESENTATION('',(#13717),#13720);
#13717 = B_SPLINE_CURVE_WITH_KNOTS('',1,(#13718,#13719),.UNSPECIFIED.,
  .F.,.F.,(2,2),(-0.308757836641,0.308757836641),
  .PIECEWISE_BEZIER_KNOTS.);
#13718 = CARTESIAN_POINT('',(-0.21087525353,-0.225528333333));
#13719 = CARTESIAN_POINT('',(0.21087525353,0.225528333333));
#13720 = ( GEOMETRIC_REPRESENTATION_CONTEXT(2) 
PARAMETRIC_REPRESENTATION_CONTEXT() REPRESENTATION_CONTEXT('2D SPACE',''
  ) );
#13721 = ORIENTED_EDGE('',*,*,#13722,.F.);
#13722 = EDGE_CURVE('',#13723,#13697,#13725,.T.);
#13723 = VERTEX_POINT('',#13724);
#13724 = CARTESIAN_POINT('',(-2.019565147876,2.275199522781,14.08055));
#13725 = SURFACE_CURVE('',#13726,(#13731,#13738),.PCURVE_S1.);
#13726 = CIRCLE('',#13727,0.1807608);
#13727 = AXIS2_PLACEMENT_3D('',#13728,#13729,#13730);
#13728 = CARTESIAN_POINT('',(-2.147382335329,2.147382335329,14.08055));
#13729 = DIRECTION('',(0.229932134428,-0.229932134428,0.945654496693));
#13730 = DIRECTION('',(6.938893903907E-18,-0.97168929306,-0.236262391746
    ));
#13731 = PCURVE('',#12925,#13732);
#13732 = DEFINITIONAL_REPRESENTATION('',(#13733),#13737);
#13733 = CIRCLE('',#13734,0.1807608);
#13734 = AXIS2_PLACEMENT_2D('',#13735,#13736);
#13735 = CARTESIAN_POINT('',(0.,0.));
#13736 = DIRECTION('',(-1.,0.));
#13737 = ( GEOMETRIC_REPRESENTATION_CONTEXT(2) 
PARAMETRIC_REPRESENTATION_CONTEXT() REPRESENTATION_CONTEXT('2D SPACE',''
  ) );
#13738 = PCURVE('',#13739,#13744);
#13739 = SPHERICAL_SURFACE('',#13740,0.1807608);
#13740 = AXIS2_PLACEMENT_3D('',#13741,#13742,#13743);
#13741 = CARTESIAN_POINT('',(-2.147382335329,2.147382335329,14.08055));
#13742 = DIRECTION('',(0.,0.,1.));
#13743 = DIRECTION('',(1.,0.,-0.));
#13744 = DEFINITIONAL_REPRESENTATION('',(#13745),#13762);
#13745 = B_SPLINE_CURVE_WITH_KNOTS('',8,(#13746,#13747,#13748,#13749,
    #13750,#13751,#13752,#13753,#13754,#13755,#13756,#13757,#13758,
    #13759,#13760,#13761),.UNSPECIFIED.,.F.,.F.,(9,7,9),(2.32827001702,
    3.899066343815,5.469862670609),.UNSPECIFIED.);
#13746 = CARTESIAN_POINT('',(0.785398163397,0.));
#13747 = CARTESIAN_POINT('',(0.971076989625,6.38475973114E-02));
#13748 = CARTESIAN_POINT('',(1.156752071864,0.127694798387));
#13749 = CARTESIAN_POINT('',(1.344762014666,0.188191495898));
#13750 = CARTESIAN_POINT('',(1.537291207647,0.241961951103));
#13751 = CARTESIAN_POINT('',(1.736147551309,0.285745811452));
#13752 = CARTESIAN_POINT('',(1.940932527106,0.316043752641));
#13753 = CARTESIAN_POINT('',(2.148561002977,0.331194815553));
#13754 = CARTESIAN_POINT('',(2.563827977408,0.331194815553));
#13755 = CARTESIAN_POINT('',(2.771456453277,0.316043752641));
#13756 = CARTESIAN_POINT('',(2.976241429074,0.285745811452));
#13757 = CARTESIAN_POINT('',(3.175097772724,0.241961951104));
#13758 = CARTESIAN_POINT('',(3.367626965712,0.188191495897));
#13759 = CARTESIAN_POINT('',(3.555636908518,0.127694798387));
#13760 = CARTESIAN_POINT('',(3.741311990759,6.38475973114E-02));
#13761 = CARTESIAN_POINT('',(3.926990816987,0.));
#13762 = ( GEOMETRIC_REPRESENTATION_CONTEXT(2) 
PARAMETRIC_REPRESENTATION_CONTEXT() REPRESENTATION_CONTEXT('2D SPACE',''
  ) );
#13763 = ORIENTED_EDGE('',*,*,#13764,.T.);
#13764 = EDGE_CURVE('',#13723,#13007,#13765,.T.);
#13765 = SURFACE_CURVE('',#13766,(#13770,#13776),.PCURVE_S1.);
#13766 = LINE('',#13767,#13768);
#13767 = CARTESIAN_POINT('',(-2.147382335329,2.147382335329,14.08055));
#13768 = VECTOR('',#13769,1.);
#13769 = DIRECTION('',(0.707106781187,0.707106781187,8.213270266982E-15)
  );
#13770 = PCURVE('',#12925,#13771);
#13771 = DEFINITIONAL_REPRESENTATION('',(#13772),#13775);
#13772 = B_SPLINE_CURVE_WITH_KNOTS('',1,(#13773,#13774),.UNSPECIFIED.,
  .F.,.F.,(2,2),(-0.308757836641,0.308757836641),
  .PIECEWISE_BEZIER_KNOTS.);
#13773 = CARTESIAN_POINT('',(-0.212143831734,0.224335454943));
#13774 = CARTESIAN_POINT('',(0.212143831734,-0.224335454943));
#13775 = ( GEOMETRIC_REPRESENTATION_CONTEXT(2) 
PARAMETRIC_REPRESENTATION_CONTEXT() REPRESENTATION_CONTEXT('2D SPACE',''
  ) );
#13776 = PCURVE('',#13711,#13777);
#13777 = DEFINITIONAL_REPRESENTATION('',(#13778),#13781);
#13778 = B_SPLINE_CURVE_WITH_KNOTS('',1,(#13779,#13780),.UNSPECIFIED.,
  .F.,.F.,(2,2),(-0.308757836641,0.308757836641),
  .PIECEWISE_BEZIER_KNOTS.);
#13779 = CARTESIAN_POINT('',(-0.21087525353,-0.225528333333));
#13780 = CARTESIAN_POINT('',(0.21087525353,0.225528333333));
#13781 = ( GEOMETRIC_REPRESENTATION_CONTEXT(2) 
PARAMETRIC_REPRESENTATION_CONTEXT() REPRESENTATION_CONTEXT('2D SPACE',''
  ) );
#13782 = ADVANCED_FACE('',(#13783),#13045,.T.);
#13783 = FACE_BOUND('',#13784,.T.);
#13784 = EDGE_LOOP('',(#13785,#13818,#13819));
#13785 = ORIENTED_EDGE('',*,*,#13786,.F.);
#13786 = EDGE_CURVE('',#12909,#13787,#13789,.T.);
#13787 = VERTEX_POINT('',#13788);
#13788 = CARTESIAN_POINT('',(-1.928464673248,2.146091846461,
    14.027007262834));
#13789 = SURFACE_CURVE('',#13790,(#13795,#13802),.PCURVE_S1.);
#13790 = ELLIPSE('',#13791,0.225638977646,0.225528522445);
#13791 = AXIS2_PLACEMENT_3D('',#13792,#13793,#13794);
#13792 = CARTESIAN_POINT('',(-2.147577726567,2.147577726567,
    14.080645017207));
#13793 = DIRECTION('',(0.229932134428,-0.229932134428,0.945654496693));
#13794 = DIRECTION('',(-0.668678707271,0.668678707271,0.325173142933));
#13795 = PCURVE('',#13045,#13796);
#13796 = DEFINITIONAL_REPRESENTATION('',(#13797),#13801);
#13797 = ELLIPSE('',#13798,0.225638977646,0.225528522445);
#13798 = AXIS2_PLACEMENT_2D('',#13799,#13800);
#13799 = CARTESIAN_POINT('',(2.123085666044E-04,2.007705506958E-04));
#13800 = DIRECTION('',(0.726574124833,0.687088088329));
#13801 = ( GEOMETRIC_REPRESENTATION_CONTEXT(2) 
PARAMETRIC_REPRESENTATION_CONTEXT() REPRESENTATION_CONTEXT('2D SPACE',''
  ) );
#13802 = PCURVE('',#13803,#13808);
#13803 = CONICAL_SURFACE('',#13804,0.225528333333,4.138445990316E-02);
#13804 = AXIS2_PLACEMENT_3D('',#13805,#13806,#13807);
#13805 = CARTESIAN_POINT('',(-2.147382335329,2.147382335329,14.08055));
#13806 = DIRECTION('',(-0.250722035436,0.250722035436,-0.935027765306));
#13807 = DIRECTION('',(0.965878783045,6.938893903907E-18,-0.258994549098
    ));
#13808 = DEFINITIONAL_REPRESENTATION('',(#13809),#13817);
#13809 = B_SPLINE_CURVE_WITH_KNOTS('',6,(#13810,#13811,#13812,#13813,
    #13814,#13815,#13816),.UNSPECIFIED.,.F.,.F.,(7,7),(1.572091338187,
    3.892542478178),.PIECEWISE_BEZIER_KNOTS.);
#13810 = CARTESIAN_POINT('',(-3.9605551077,2.294676895176E-17));
#13811 = CARTESIAN_POINT('',(-4.347297288659,-2.727789128534E-03));
#13812 = CARTESIAN_POINT('',(-4.734271449396,-5.452568853731E-03));
#13813 = CARTESIAN_POINT('',(-5.121480977557,-7.450687384606E-03));
#13814 = CARTESIAN_POINT('',(-5.508810892018,-7.944991329922E-03));
#13815 = CARTESIAN_POINT('',(-5.89607729722,-7.008353214173E-03));
#13816 = CARTESIAN_POINT('',(-6.28318530718,-5.147089945098E-03));
#13817 = ( GEOMETRIC_REPRESENTATION_CONTEXT(2) 
PARAMETRIC_REPRESENTATION_CONTEXT() REPRESENTATION_CONTEXT('2D SPACE',''
  ) );
#13818 = ORIENTED_EDGE('',*,*,#13030,.T.);
#13819 = ORIENTED_EDGE('',*,*,#13820,.F.);
#13820 = EDGE_CURVE('',#13787,#13007,#13821,.T.);
#13821 = SURFACE_CURVE('',#13822,(#13827,#13834),.PCURVE_S1.);
#13822 = ELLIPSE('',#13823,0.225638977646,0.225528522445);
#13823 = AXIS2_PLACEMENT_3D('',#13824,#13825,#13826);
#13824 = CARTESIAN_POINT('',(-2.147577726567,2.147577726567,
    14.080645017207));
#13825 = DIRECTION('',(0.229932134428,-0.229932134428,0.945654496693));
#13826 = DIRECTION('',(-0.668678707271,0.668678707271,0.325173142933));
#13827 = PCURVE('',#13045,#13828);
#13828 = DEFINITIONAL_REPRESENTATION('',(#13829),#13833);
#13829 = ELLIPSE('',#13830,0.225638977646,0.225528522445);
#13830 = AXIS2_PLACEMENT_2D('',#13831,#13832);
#13831 = CARTESIAN_POINT('',(2.123085666044E-04,2.007705506958E-04));
#13832 = DIRECTION('',(0.726574124833,0.687088088329));
#13833 = ( GEOMETRIC_REPRESENTATION_CONTEXT(2) 
PARAMETRIC_REPRESENTATION_CONTEXT() REPRESENTATION_CONTEXT('2D SPACE',''
  ) );
#13834 = PCURVE('',#13803,#13835);
#13835 = DEFINITIONAL_REPRESENTATION('',(#13836),#13843);
#13836 = B_SPLINE_CURVE_WITH_KNOTS('',5,(#13837,#13838,#13839,#13840,
    #13841,#13842),.UNSPECIFIED.,.F.,.F.,(6,6),(3.892542478178,
    4.711093968993),.PIECEWISE_BEZIER_KNOTS.);
#13837 = CARTESIAN_POINT('',(3.552713678801E-15,-5.147089945098E-03));
#13838 = CARTESIAN_POINT('',(-0.163865293191,-4.359205314849E-03));
#13839 = CARTESIAN_POINT('',(-0.327700938253,-3.398608547302E-03));
#13840 = CARTESIAN_POINT('',(-0.491498209705,-2.309097927405E-03));
#13841 = CARTESIAN_POINT('',(-0.655252018672,-1.15469056132E-03));
#13842 = CARTESIAN_POINT('',(-0.818962454111,-1.805441733046E-15));
#13843 = ( GEOMETRIC_REPRESENTATION_CONTEXT(2) 
PARAMETRIC_REPRESENTATION_CONTEXT() REPRESENTATION_CONTEXT('2D SPACE',''
  ) );
#13844 = ADVANCED_FACE('',(#13845),#13221,.T.);
#13845 = FACE_BOUND('',#13846,.T.);
#13846 = EDGE_LOOP('',(#13847,#13848,#13849,#13875,#13925));
#13847 = ORIENTED_EDGE('',*,*,#13258,.T.);
#13848 = ORIENTED_EDGE('',*,*,#13202,.T.);
#13849 = ORIENTED_EDGE('',*,*,#13850,.T.);
#13850 = EDGE_CURVE('',#13205,#13851,#13853,.T.);
#13851 = VERTEX_POINT('',#13852);
#13852 = CARTESIAN_POINT('',(2.019565147876,2.275199522781,14.08055));
#13853 = SURFACE_CURVE('',#13854,(#13858,#13864),.PCURVE_S1.);
#13854 = LINE('',#13855,#13856);
#13855 = CARTESIAN_POINT('',(2.147382335329,2.147382335329,14.08055));
#13856 = VECTOR('',#13857,1.);
#13857 = DIRECTION('',(0.707106781187,-0.707106781187,8.213270266982E-15
    ));
#13858 = PCURVE('',#13221,#13859);
#13859 = DEFINITIONAL_REPRESENTATION('',(#13860),#13863);
#13860 = B_SPLINE_CURVE_WITH_KNOTS('',1,(#13861,#13862),.UNSPECIFIED.,
  .F.,.F.,(2,2),(-0.308757836641,0.308757836641),
  .PIECEWISE_BEZIER_KNOTS.);
#13861 = CARTESIAN_POINT('',(-0.212143831734,0.224335454943));
#13862 = CARTESIAN_POINT('',(0.212143831734,-0.224335454943));
#13863 = ( GEOMETRIC_REPRESENTATION_CONTEXT(2) 
PARAMETRIC_REPRESENTATION_CONTEXT() REPRESENTATION_CONTEXT('2D SPACE',''
  ) );
#13864 = PCURVE('',#13865,#13870);
#13865 = PLANE('',#13866);
#13866 = AXIS2_PLACEMENT_3D('',#13867,#13868,#13869);
#13867 = CARTESIAN_POINT('',(2.147382335329,2.147382335329,14.08055));
#13868 = DIRECTION('',(-0.250722035436,-0.250722035436,0.935027765306));
#13869 = DIRECTION('',(-6.938893903907E-18,0.965878783045,0.258994549098
    ));
#13870 = DEFINITIONAL_REPRESENTATION('',(#13871),#13874);
#13871 = B_SPLINE_CURVE_WITH_KNOTS('',1,(#13872,#13873),.UNSPECIFIED.,
  .F.,.F.,(2,2),(-0.308757836641,0.308757836641),
  .PIECEWISE_BEZIER_KNOTS.);
#13872 = CARTESIAN_POINT('',(0.21087525353,0.225528333333));
#13873 = CARTESIAN_POINT('',(-0.21087525353,-0.225528333333));
#13874 = ( GEOMETRIC_REPRESENTATION_CONTEXT(2) 
PARAMETRIC_REPRESENTATION_CONTEXT() REPRESENTATION_CONTEXT('2D SPACE',''
  ) );
#13875 = ORIENTED_EDGE('',*,*,#13876,.T.);
#13876 = EDGE_CURVE('',#13851,#13877,#13879,.T.);
#13877 = VERTEX_POINT('',#13878);
#13878 = CARTESIAN_POINT('',(2.275199522781,2.019565147876,14.08055));
#13879 = SURFACE_CURVE('',#13880,(#13885,#13896),.PCURVE_S1.);
#13880 = CIRCLE('',#13881,0.1807608);
#13881 = AXIS2_PLACEMENT_3D('',#13882,#13883,#13884);
#13882 = CARTESIAN_POINT('',(2.147382335329,2.147382335329,14.08055));
#13883 = DIRECTION('',(0.229932134428,0.229932134428,-0.945654496693));
#13884 = DIRECTION('',(-0.707106781187,0.707106781187,0.));
#13885 = PCURVE('',#13221,#13886);
#13886 = DEFINITIONAL_REPRESENTATION('',(#13887),#13895);
#13887 = ( BOUNDED_CURVE() B_SPLINE_CURVE(2,(#13888,#13889,#13890,#13891
    ,#13892,#13893,#13894),.UNSPECIFIED.,.T.,.F.) 
B_SPLINE_CURVE_WITH_KNOTS((1,2,2,2,2,1),(-2.094395102393,0.,
    2.094395102393,4.188790204786,6.28318530718,8.377580409573),
.UNSPECIFIED.) CURVE() GEOMETRIC_REPRESENTATION_ITEM() 
RATIONAL_B_SPLINE_CURVE((1.,0.5,1.,0.5,1.,0.5,1.)) REPRESENTATION_ITEM(
  '') );
#13888 = CARTESIAN_POINT('',(-0.124198592517,0.131336120064));
#13889 = CARTESIAN_POINT('',(0.103282240303,0.346454392532));
#13890 = CARTESIAN_POINT('',(0.175839712668,4.189107620176E-02));
#13891 = CARTESIAN_POINT('',(0.248397185034,-0.262672240128));
#13892 = CARTESIAN_POINT('',(-5.164112015159E-02,-0.173227196266));
#13893 = CARTESIAN_POINT('',(-0.351679425337,-8.378215240353E-02));
#13894 = CARTESIAN_POINT('',(-0.124198592517,0.131336120064));
#13895 = ( GEOMETRIC_REPRESENTATION_CONTEXT(2) 
PARAMETRIC_REPRESENTATION_CONTEXT() REPRESENTATION_CONTEXT('2D SPACE',''
  ) );
#13896 = PCURVE('',#13897,#13902);
#13897 = SPHERICAL_SURFACE('',#13898,0.1807608);
#13898 = AXIS2_PLACEMENT_3D('',#13899,#13900,#13901);
#13899 = CARTESIAN_POINT('',(2.147382335329,2.147382335329,14.08055));
#13900 = DIRECTION('',(0.,0.,1.));
#13901 = DIRECTION('',(1.,0.,-0.));
#13902 = DEFINITIONAL_REPRESENTATION('',(#13903),#13924);
#13903 = B_SPLINE_CURVE_WITH_KNOTS('',7,(#13904,#13905,#13906,#13907,
    #13908,#13909,#13910,#13911,#13912,#13913,#13914,#13915,#13916,
    #13917,#13918,#13919,#13920,#13921,#13922,#13923),.UNSPECIFIED.,.F.,
  .F.,(8,6,6,8),(0.,1.16413500851,2.32827001702,3.14159265359),
  .UNSPECIFIED.);
#13904 = CARTESIAN_POINT('',(8.639379797372,0.));
#13905 = CARTESIAN_POINT('',(8.48211272515,5.407791993075E-02));
#13906 = CARTESIAN_POINT('',(8.324847093709,0.108156591253));
#13907 = CARTESIAN_POINT('',(8.166068743912,0.160045571293));
#13908 = CARTESIAN_POINT('',(8.004321188357,0.207581411236));
#13909 = CARTESIAN_POINT('',(7.838444951046,0.248542675211));
#13910 = CARTESIAN_POINT('',(7.668601496128,0.280868966219));
#13911 = CARTESIAN_POINT('',(7.323265334537,0.325695293147));
#13912 = CARTESIAN_POINT('',(7.147773815966,0.33819263422));
#13913 = CARTESIAN_POINT('',(6.970574901204,0.339502625371));
#13914 = CARTESIAN_POINT('',(6.793794874041,0.329021159861));
#13915 = CARTESIAN_POINT('',(6.619931810844,0.307563219693));
#13916 = CARTESIAN_POINT('',(6.449750007261,0.276756399453));
#13917 = CARTESIAN_POINT('',(6.16681492055,0.211801962728));
#13918 = CARTESIAN_POINT('',(6.052207871881,0.181456488148));
#13919 = CARTESIAN_POINT('',(5.939334933192,0.148149532713));
#13920 = CARTESIAN_POINT('',(5.827922816054,0.112601328376));
#13921 = CARTESIAN_POINT('',(5.717536530678,7.556064636744E-02));
#13922 = CARTESIAN_POINT('',(5.607661745001,3.77815254217E-02));
#13923 = CARTESIAN_POINT('',(5.497787143782,0.));
#13924 = ( GEOMETRIC_REPRESENTATION_CONTEXT(2) 
PARAMETRIC_REPRESENTATION_CONTEXT() REPRESENTATION_CONTEXT('2D SPACE',''
  ) );
#13925 = ORIENTED_EDGE('',*,*,#13926,.T.);
#13926 = EDGE_CURVE('',#13877,#13259,#13927,.T.);
#13927 = SURFACE_CURVE('',#13928,(#13932,#13938),.PCURVE_S1.);
#13928 = LINE('',#13929,#13930);
#13929 = CARTESIAN_POINT('',(2.147382335329,2.147382335329,14.08055));
#13930 = VECTOR('',#13931,1.);
#13931 = DIRECTION('',(0.707106781187,-0.707106781187,8.213270266982E-15
    ));
#13932 = PCURVE('',#13221,#13933);
#13933 = DEFINITIONAL_REPRESENTATION('',(#13934),#13937);
#13934 = B_SPLINE_CURVE_WITH_KNOTS('',1,(#13935,#13936),.UNSPECIFIED.,
  .F.,.F.,(2,2),(-0.308757836641,0.308757836641),
  .PIECEWISE_BEZIER_KNOTS.);
#13935 = CARTESIAN_POINT('',(-0.212143831734,0.224335454943));
#13936 = CARTESIAN_POINT('',(0.212143831734,-0.224335454943));
#13937 = ( GEOMETRIC_REPRESENTATION_CONTEXT(2) 
PARAMETRIC_REPRESENTATION_CONTEXT() REPRESENTATION_CONTEXT('2D SPACE',''
  ) );
#13938 = PCURVE('',#13865,#13939);
#13939 = DEFINITIONAL_REPRESENTATION('',(#13940),#13943);
#13940 = B_SPLINE_CURVE_WITH_KNOTS('',1,(#13941,#13942),.UNSPECIFIED.,
  .F.,.F.,(2,2),(-0.308757836641,0.308757836641),
  .PIECEWISE_BEZIER_KNOTS.);
#13941 = CARTESIAN_POINT('',(0.21087525353,0.225528333333));
#13942 = CARTESIAN_POINT('',(-0.21087525353,-0.225528333333));
#13943 = ( GEOMETRIC_REPRESENTATION_CONTEXT(2) 
PARAMETRIC_REPRESENTATION_CONTEXT() REPRESENTATION_CONTEXT('2D SPACE',''
  ) );
#13944 = ADVANCED_FACE('',(#13945),#13297,.T.);
#13945 = FACE_BOUND('',#13946,.T.);
#13946 = EDGE_LOOP('',(#13947,#13978));
#13947 = ORIENTED_EDGE('',*,*,#13948,.F.);
#13948 = EDGE_CURVE('',#13205,#13259,#13949,.T.);
#13949 = SURFACE_CURVE('',#13950,(#13955,#13962),.PCURVE_S1.);
#13950 = ELLIPSE('',#13951,0.225638977646,0.225528522445);
#13951 = AXIS2_PLACEMENT_3D('',#13952,#13953,#13954);
#13952 = CARTESIAN_POINT('',(2.147577726567,2.147577726567,
    14.080645017207));
#13953 = DIRECTION('',(-0.229932134428,-0.229932134428,0.945654496693));
#13954 = DIRECTION('',(0.668678707271,0.668678707271,0.325173142933));
#13955 = PCURVE('',#13297,#13956);
#13956 = DEFINITIONAL_REPRESENTATION('',(#13957),#13961);
#13957 = ELLIPSE('',#13958,0.225638977646,0.225528522445);
#13958 = AXIS2_PLACEMENT_2D('',#13959,#13960);
#13959 = CARTESIAN_POINT('',(2.123085666044E-04,2.007705506958E-04));
#13960 = DIRECTION('',(0.726574124833,0.687088088329));
#13961 = ( GEOMETRIC_REPRESENTATION_CONTEXT(2) 
PARAMETRIC_REPRESENTATION_CONTEXT() REPRESENTATION_CONTEXT('2D SPACE',''
  ) );
#13962 = PCURVE('',#13963,#13968);
#13963 = CONICAL_SURFACE('',#13964,0.225528333333,4.138445990316E-02);
#13964 = AXIS2_PLACEMENT_3D('',#13965,#13966,#13967);
#13965 = CARTESIAN_POINT('',(2.147382335329,2.147382335329,14.08055));
#13966 = DIRECTION('',(0.250722035436,0.250722035436,-0.935027765306));
#13967 = DIRECTION('',(-6.938893903907E-18,0.965878783045,0.258994549098
    ));
#13968 = DEFINITIONAL_REPRESENTATION('',(#13969),#13977);
#13969 = B_SPLINE_CURVE_WITH_KNOTS('',6,(#13970,#13971,#13972,#13973,
    #13974,#13975,#13976),.UNSPECIFIED.,.F.,.F.,(7,7),(1.572091338187,
    4.711093968993),.PIECEWISE_BEZIER_KNOTS.);
#13970 = CARTESIAN_POINT('',(-0.818962454111,2.294676895176E-17));
#13971 = CARTESIAN_POINT('',(-1.342129997935,-3.690031262966E-03));
#13972 = CARTESIAN_POINT('',(-1.865718767127,-7.373901587277E-03));
#13973 = CARTESIAN_POINT('',(-2.389758780906,-9.26581467123E-03));
#13974 = CARTESIAN_POINT('',(-2.913798794684,-7.37390158727E-03));
#13975 = CARTESIAN_POINT('',(-3.437387563876,-3.690031262967E-03));
#13976 = CARTESIAN_POINT('',(-3.9605551077,-1.804294394598E-15));
#13977 = ( GEOMETRIC_REPRESENTATION_CONTEXT(2) 
PARAMETRIC_REPRESENTATION_CONTEXT() REPRESENTATION_CONTEXT('2D SPACE',''
  ) );
#13978 = ORIENTED_EDGE('',*,*,#13282,.T.);
#13979 = ADVANCED_FACE('',(#13980),#13353,.T.);
#13980 = FACE_BOUND('',#13981,.T.);
#13981 = EDGE_LOOP('',(#13982,#13983,#13984,#14017));
#13982 = ORIENTED_EDGE('',*,*,#13336,.T.);
#13983 = ORIENTED_EDGE('',*,*,#13394,.T.);
#13984 = ORIENTED_EDGE('',*,*,#13985,.F.);
#13985 = EDGE_CURVE('',#13986,#13366,#13988,.T.);
#13986 = VERTEX_POINT('',#13987);
#13987 = CARTESIAN_POINT('',(-1.928464673248,-2.146091846461,
    14.027007262834));
#13988 = SURFACE_CURVE('',#13989,(#13994,#14001),.PCURVE_S1.);
#13989 = ELLIPSE('',#13990,0.225638977646,0.225528522445);
#13990 = AXIS2_PLACEMENT_3D('',#13991,#13992,#13993);
#13991 = CARTESIAN_POINT('',(-2.147577726567,-2.147577726567,
    14.080645017207));
#13992 = DIRECTION('',(0.229932134428,0.229932134428,0.945654496693));
#13993 = DIRECTION('',(-0.668678707271,-0.668678707271,0.325173142933));
#13994 = PCURVE('',#13353,#13995);
#13995 = DEFINITIONAL_REPRESENTATION('',(#13996),#14000);
#13996 = ELLIPSE('',#13997,0.225638977646,0.225528522445);
#13997 = AXIS2_PLACEMENT_2D('',#13998,#13999);
#13998 = CARTESIAN_POINT('',(-2.123085666044E-04,-2.007705506958E-04));
#13999 = DIRECTION('',(-0.726574124833,-0.687088088329));
#14000 = ( GEOMETRIC_REPRESENTATION_CONTEXT(2) 
PARAMETRIC_REPRESENTATION_CONTEXT() REPRESENTATION_CONTEXT('2D SPACE',''
  ) );
#14001 = PCURVE('',#14002,#14007);
#14002 = CONICAL_SURFACE('',#14003,0.225528333333,4.138445990316E-02);
#14003 = AXIS2_PLACEMENT_3D('',#14004,#14005,#14006);
#14004 = CARTESIAN_POINT('',(-2.147382335329,-2.147382335329,14.08055));
#14005 = DIRECTION('',(-0.250722035436,-0.250722035436,-0.935027765306)
  );
#14006 = DIRECTION('',(0.965878783045,6.938893903907E-18,-0.258994549098
    ));
#14007 = DEFINITIONAL_REPRESENTATION('',(#14008),#14016);
#14008 = B_SPLINE_CURVE_WITH_KNOTS('',6,(#14009,#14010,#14011,#14012,
    #14013,#14014,#14015),.UNSPECIFIED.,.F.,.F.,(7,7),(2.390642829002,
    4.711093968993),.PIECEWISE_BEZIER_KNOTS.);
#14009 = CARTESIAN_POINT('',(3.552713678801E-15,-5.147089945098E-03));
#14010 = CARTESIAN_POINT('',(-0.38710800996,-7.008353214174E-03));
#14011 = CARTESIAN_POINT('',(-0.774374415161,-7.944991329922E-03));
#14012 = CARTESIAN_POINT('',(-1.161704329622,-7.450687384608E-03));
#14013 = CARTESIAN_POINT('',(-1.548913857783,-5.452568853729E-03));
#14014 = CARTESIAN_POINT('',(-1.93588801852,-2.727789128534E-03));
#14015 = CARTESIAN_POINT('',(-2.322630199479,-5.73669223794E-18));
#14016 = ( GEOMETRIC_REPRESENTATION_CONTEXT(2) 
PARAMETRIC_REPRESENTATION_CONTEXT() REPRESENTATION_CONTEXT('2D SPACE',''
  ) );
#14017 = ORIENTED_EDGE('',*,*,#14018,.F.);
#14018 = EDGE_CURVE('',#13337,#13986,#14019,.T.);
#14019 = SURFACE_CURVE('',#14020,(#14025,#14032),.PCURVE_S1.);
#14020 = ELLIPSE('',#14021,0.225638977646,0.225528522445);
#14021 = AXIS2_PLACEMENT_3D('',#14022,#14023,#14024);
#14022 = CARTESIAN_POINT('',(-2.147577726567,-2.147577726567,
    14.080645017207));
#14023 = DIRECTION('',(0.229932134428,0.229932134428,0.945654496693));
#14024 = DIRECTION('',(-0.668678707271,-0.668678707271,0.325173142933));
#14025 = PCURVE('',#13353,#14026);
#14026 = DEFINITIONAL_REPRESENTATION('',(#14027),#14031);
#14027 = ELLIPSE('',#14028,0.225638977646,0.225528522445);
#14028 = AXIS2_PLACEMENT_2D('',#14029,#14030);
#14029 = CARTESIAN_POINT('',(-2.123085666044E-04,-2.007705506958E-04));
#14030 = DIRECTION('',(-0.726574124833,-0.687088088329));
#14031 = ( GEOMETRIC_REPRESENTATION_CONTEXT(2) 
PARAMETRIC_REPRESENTATION_CONTEXT() REPRESENTATION_CONTEXT('2D SPACE',''
  ) );
#14032 = PCURVE('',#14002,#14033);
#14033 = DEFINITIONAL_REPRESENTATION('',(#14034),#14041);
#14034 = B_SPLINE_CURVE_WITH_KNOTS('',5,(#14035,#14036,#14037,#14038,
    #14039,#14040),.UNSPECIFIED.,.F.,.F.,(6,6),(1.572091338187,
    2.390642829002),.PIECEWISE_BEZIER_KNOTS.);
#14035 = CARTESIAN_POINT('',(-5.464222853069,-9.178707580704E-18));
#14036 = CARTESIAN_POINT('',(-5.627933288508,-1.154690561318E-03));
#14037 = CARTESIAN_POINT('',(-5.791687097475,-2.30909792741E-03));
#14038 = CARTESIAN_POINT('',(-5.955484368926,-3.398608547297E-03));
#14039 = CARTESIAN_POINT('',(-6.119320013988,-4.359205314849E-03));
#14040 = CARTESIAN_POINT('',(-6.28318530718,-5.147089945098E-03));
#14041 = ( GEOMETRIC_REPRESENTATION_CONTEXT(2) 
PARAMETRIC_REPRESENTATION_CONTEXT() REPRESENTATION_CONTEXT('2D SPACE',''
  ) );
#14042 = ADVANCED_FACE('',(#14043),#13382,.T.);
#14043 = FACE_BOUND('',#14044,.T.);
#14044 = EDGE_LOOP('',(#14045,#14071,#14072,#14093));
#14045 = ORIENTED_EDGE('',*,*,#14046,.T.);
#14046 = EDGE_CURVE('',#14047,#13366,#14049,.T.);
#14047 = VERTEX_POINT('',#14048);
#14048 = CARTESIAN_POINT('',(-2.275199522781,-2.019565147876,14.08055));
#14049 = SURFACE_CURVE('',#14050,(#14054,#14060),.PCURVE_S1.);
#14050 = LINE('',#14051,#14052);
#14051 = CARTESIAN_POINT('',(-2.147382335329,-2.147382335329,14.08055));
#14052 = VECTOR('',#14053,1.);
#14053 = DIRECTION('',(-0.707106781187,0.707106781187,
    -2.885743607318E-15));
#14054 = PCURVE('',#13382,#14055);
#14055 = DEFINITIONAL_REPRESENTATION('',(#14056),#14059);
#14056 = B_SPLINE_CURVE_WITH_KNOTS('',1,(#14057,#14058),.UNSPECIFIED.,
  .F.,.F.,(2,2),(-0.308757836641,0.308757836641),
  .PIECEWISE_BEZIER_KNOTS.);
#14057 = CARTESIAN_POINT('',(0.212143831734,-0.224335454943));
#14058 = CARTESIAN_POINT('',(-0.212143831734,0.224335454943));
#14059 = ( GEOMETRIC_REPRESENTATION_CONTEXT(2) 
PARAMETRIC_REPRESENTATION_CONTEXT() REPRESENTATION_CONTEXT('2D SPACE',''
  ) );
#14060 = PCURVE('',#14061,#14066);
#14061 = PLANE('',#14062);
#14062 = AXIS2_PLACEMENT_3D('',#14063,#14064,#14065);
#14063 = CARTESIAN_POINT('',(-2.147382335329,-2.147382335329,14.08055));
#14064 = DIRECTION('',(0.250722035436,0.250722035436,0.935027765306));
#14065 = DIRECTION('',(0.965878783045,6.938893903907E-18,-0.258994549098
    ));
#14066 = DEFINITIONAL_REPRESENTATION('',(#14067),#14070);
#14067 = B_SPLINE_CURVE_WITH_KNOTS('',1,(#14068,#14069),.UNSPECIFIED.,
  .F.,.F.,(2,2),(-0.308757836641,0.308757836641),
  .PIECEWISE_BEZIER_KNOTS.);
#14068 = CARTESIAN_POINT('',(0.21087525353,-0.225528333333));
#14069 = CARTESIAN_POINT('',(-0.21087525353,0.225528333333));
#14070 = ( GEOMETRIC_REPRESENTATION_CONTEXT(2) 
PARAMETRIC_REPRESENTATION_CONTEXT() REPRESENTATION_CONTEXT('2D SPACE',''
  ) );
#14071 = ORIENTED_EDGE('',*,*,#13365,.T.);
#14072 = ORIENTED_EDGE('',*,*,#14073,.T.);
#14073 = EDGE_CURVE('',#13337,#14074,#14076,.T.);
#14074 = VERTEX_POINT('',#14075);
#14075 = CARTESIAN_POINT('',(-2.019565147876,-2.275199522781,14.08055));
#14076 = SURFACE_CURVE('',#14077,(#14081,#14087),.PCURVE_S1.);
#14077 = LINE('',#14078,#14079);
#14078 = CARTESIAN_POINT('',(-2.147382335329,-2.147382335329,14.08055));
#14079 = VECTOR('',#14080,1.);
#14080 = DIRECTION('',(-0.707106781187,0.707106781187,
    -2.885743607318E-15));
#14081 = PCURVE('',#13382,#14082);
#14082 = DEFINITIONAL_REPRESENTATION('',(#14083),#14086);
#14083 = B_SPLINE_CURVE_WITH_KNOTS('',1,(#14084,#14085),.UNSPECIFIED.,
  .F.,.F.,(2,2),(-0.308757836641,0.308757836641),
  .PIECEWISE_BEZIER_KNOTS.);
#14084 = CARTESIAN_POINT('',(0.212143831734,-0.224335454943));
#14085 = CARTESIAN_POINT('',(-0.212143831734,0.224335454943));
#14086 = ( GEOMETRIC_REPRESENTATION_CONTEXT(2) 
PARAMETRIC_REPRESENTATION_CONTEXT() REPRESENTATION_CONTEXT('2D SPACE',''
  ) );
#14087 = PCURVE('',#14061,#14088);
#14088 = DEFINITIONAL_REPRESENTATION('',(#14089),#14092);
#14089 = B_SPLINE_CURVE_WITH_KNOTS('',1,(#14090,#14091),.UNSPECIFIED.,
  .F.,.F.,(2,2),(-0.308757836641,0.308757836641),
  .PIECEWISE_BEZIER_KNOTS.);
#14090 = CARTESIAN_POINT('',(0.21087525353,-0.225528333333));
#14091 = CARTESIAN_POINT('',(-0.21087525353,0.225528333333));
#14092 = ( GEOMETRIC_REPRESENTATION_CONTEXT(2) 
PARAMETRIC_REPRESENTATION_CONTEXT() REPRESENTATION_CONTEXT('2D SPACE',''
  ) );
#14093 = ORIENTED_EDGE('',*,*,#14094,.F.);
#14094 = EDGE_CURVE('',#14047,#14074,#14095,.T.);
#14095 = SURFACE_CURVE('',#14096,(#14101,#14108),.PCURVE_S1.);
#14096 = CIRCLE('',#14097,0.1807608);
#14097 = AXIS2_PLACEMENT_3D('',#14098,#14099,#14100);
#14098 = CARTESIAN_POINT('',(-2.147382335329,-2.147382335329,14.08055));
#14099 = DIRECTION('',(0.229932134428,0.229932134428,0.945654496693));
#14100 = DIRECTION('',(-0.707106781187,0.707106781187,0.));
#14101 = PCURVE('',#13382,#14102);
#14102 = DEFINITIONAL_REPRESENTATION('',(#14103),#14107);
#14103 = CIRCLE('',#14104,0.1807608);
#14104 = AXIS2_PLACEMENT_2D('',#14105,#14106);
#14105 = CARTESIAN_POINT('',(0.,0.));
#14106 = DIRECTION('',(-0.687088088329,0.726574124833));
#14107 = ( GEOMETRIC_REPRESENTATION_CONTEXT(2) 
PARAMETRIC_REPRESENTATION_CONTEXT() REPRESENTATION_CONTEXT('2D SPACE',''
  ) );
#14108 = PCURVE('',#14109,#14114);
#14109 = SPHERICAL_SURFACE('',#14110,0.1807608);
#14110 = AXIS2_PLACEMENT_3D('',#14111,#14112,#14113);
#14111 = CARTESIAN_POINT('',(-2.147382335329,-2.147382335329,14.08055));
#14112 = DIRECTION('',(0.,0.,1.));
#14113 = DIRECTION('',(1.,0.,-0.));
#14114 = DEFINITIONAL_REPRESENTATION('',(#14115),#14132);
#14115 = B_SPLINE_CURVE_WITH_KNOTS('',8,(#14116,#14117,#14118,#14119,
    #14120,#14121,#14122,#14123,#14124,#14125,#14126,#14127,#14128,
    #14129,#14130,#14131),.UNSPECIFIED.,.F.,.F.,(9,7,9),(0.,
    1.570796326795,3.14159265359),.UNSPECIFIED.);
#14116 = CARTESIAN_POINT('',(2.356194490192,0.));
#14117 = CARTESIAN_POINT('',(2.54187331642,6.38475973114E-02));
#14118 = CARTESIAN_POINT('',(2.727548398655,0.127694798387));
#14119 = CARTESIAN_POINT('',(2.915558341481,0.188191495897));
#14120 = CARTESIAN_POINT('',(3.108087534414,0.241961951103));
#14121 = CARTESIAN_POINT('',(3.306943878128,0.285745811452));
#14122 = CARTESIAN_POINT('',(3.511728853897,0.316043752641));
#14123 = CARTESIAN_POINT('',(3.719357329772,0.331194815553));
#14124 = CARTESIAN_POINT('',(4.134624304203,0.331194815553));
#14125 = CARTESIAN_POINT('',(4.342252780064,0.316043752641));
#14126 = CARTESIAN_POINT('',(4.547037755894,0.285745811451));
#14127 = CARTESIAN_POINT('',(4.745894099477,0.241961951104));
#14128 = CARTESIAN_POINT('',(4.938423292529,0.188191495897));
#14129 = CARTESIAN_POINT('',(5.126433235304,0.127694798387));
#14130 = CARTESIAN_POINT('',(5.312108317554,6.38475973114E-02));
#14131 = CARTESIAN_POINT('',(5.497787143782,0.));
#14132 = ( GEOMETRIC_REPRESENTATION_CONTEXT(2) 
PARAMETRIC_REPRESENTATION_CONTEXT() REPRESENTATION_CONTEXT('2D SPACE',''
  ) );
#14133 = ADVANCED_FACE('',(#14134),#13508,.T.);
#14134 = FACE_BOUND('',#14135,.T.);
#14135 = EDGE_LOOP('',(#14136,#14137,#14138,#14164,#14214));
#14136 = ORIENTED_EDGE('',*,*,#13589,.T.);
#14137 = ORIENTED_EDGE('',*,*,#13489,.T.);
#14138 = ORIENTED_EDGE('',*,*,#14139,.T.);
#14139 = EDGE_CURVE('',#13492,#14140,#14142,.T.);
#14140 = VERTEX_POINT('',#14141);
#14141 = CARTESIAN_POINT('',(2.275199522781,-2.019565147876,14.08055));
#14142 = SURFACE_CURVE('',#14143,(#14147,#14153),.PCURVE_S1.);
#14143 = LINE('',#14144,#14145);
#14144 = CARTESIAN_POINT('',(2.147382335329,-2.147382335329,14.08055));
#14145 = VECTOR('',#14146,1.);
#14146 = DIRECTION('',(-0.707106781187,-0.707106781187,
    -1.10990138743E-14));
#14147 = PCURVE('',#13508,#14148);
#14148 = DEFINITIONAL_REPRESENTATION('',(#14149),#14152);
#14149 = B_SPLINE_CURVE_WITH_KNOTS('',1,(#14150,#14151),.UNSPECIFIED.,
  .F.,.F.,(2,2),(-0.308757836641,0.308757836641),
  .PIECEWISE_BEZIER_KNOTS.);
#14150 = CARTESIAN_POINT('',(0.212143831734,0.224335454943));
#14151 = CARTESIAN_POINT('',(-0.212143831734,-0.224335454943));
#14152 = ( GEOMETRIC_REPRESENTATION_CONTEXT(2) 
PARAMETRIC_REPRESENTATION_CONTEXT() REPRESENTATION_CONTEXT('2D SPACE',''
  ) );
#14153 = PCURVE('',#14154,#14159);
#14154 = PLANE('',#14155);
#14155 = AXIS2_PLACEMENT_3D('',#14156,#14157,#14158);
#14156 = CARTESIAN_POINT('',(2.147382335329,-2.147382335329,14.08055));
#14157 = DIRECTION('',(-0.250722035436,0.250722035436,0.935027765306));
#14158 = DIRECTION('',(0.,0.965878783045,-0.258994549098));
#14159 = DEFINITIONAL_REPRESENTATION('',(#14160),#14163);
#14160 = B_SPLINE_CURVE_WITH_KNOTS('',1,(#14161,#14162),.UNSPECIFIED.,
  .F.,.F.,(2,2),(-0.308757836641,0.308757836641),
  .PIECEWISE_BEZIER_KNOTS.);
#14161 = CARTESIAN_POINT('',(0.21087525353,-0.225528333333));
#14162 = CARTESIAN_POINT('',(-0.21087525353,0.225528333333));
#14163 = ( GEOMETRIC_REPRESENTATION_CONTEXT(2) 
PARAMETRIC_REPRESENTATION_CONTEXT() REPRESENTATION_CONTEXT('2D SPACE',''
  ) );
#14164 = ORIENTED_EDGE('',*,*,#14165,.T.);
#14165 = EDGE_CURVE('',#14140,#14166,#14168,.T.);
#14166 = VERTEX_POINT('',#14167);
#14167 = CARTESIAN_POINT('',(2.019565147876,-2.275199522781,14.08055));
#14168 = SURFACE_CURVE('',#14169,(#14174,#14185),.PCURVE_S1.);
#14169 = CIRCLE('',#14170,0.1807608);
#14170 = AXIS2_PLACEMENT_3D('',#14171,#14172,#14173);
#14171 = CARTESIAN_POINT('',(2.147382335329,-2.147382335329,14.08055));
#14172 = DIRECTION('',(0.229932134428,-0.229932134428,-0.945654496693));
#14173 = DIRECTION('',(0.707106781187,0.707106781187,-2.775557561563E-17
    ));
#14174 = PCURVE('',#13508,#14175);
#14175 = DEFINITIONAL_REPRESENTATION('',(#14176),#14184);
#14176 = ( BOUNDED_CURVE() B_SPLINE_CURVE(2,(#14177,#14178,#14179,#14180
    ,#14181,#14182,#14183),.UNSPECIFIED.,.T.,.F.) 
B_SPLINE_CURVE_WITH_KNOTS((1,2,2,2,2,1),(-2.094395102393,0.,
    2.094395102393,4.188790204786,6.28318530718,8.377580409573),
.UNSPECIFIED.) CURVE() GEOMETRIC_REPRESENTATION_ITEM() 
RATIONAL_B_SPLINE_CURVE((1.,0.5,1.,0.5,1.,0.5,1.)) REPRESENTATION_ITEM(
  '') );
#14177 = CARTESIAN_POINT('',(0.124198592517,0.131336120064));
#14178 = CARTESIAN_POINT('',(0.351679425337,-8.378215240353E-02));
#14179 = CARTESIAN_POINT('',(5.164112015159E-02,-0.173227196266));
#14180 = CARTESIAN_POINT('',(-0.248397185034,-0.262672240128));
#14181 = CARTESIAN_POINT('',(-0.175839712668,4.189107620176E-02));
#14182 = CARTESIAN_POINT('',(-0.103282240303,0.346454392532));
#14183 = CARTESIAN_POINT('',(0.124198592517,0.131336120064));
#14184 = ( GEOMETRIC_REPRESENTATION_CONTEXT(2) 
PARAMETRIC_REPRESENTATION_CONTEXT() REPRESENTATION_CONTEXT('2D SPACE',''
  ) );
#14185 = PCURVE('',#14186,#14191);
#14186 = SPHERICAL_SURFACE('',#14187,0.1807608);
#14187 = AXIS2_PLACEMENT_3D('',#14188,#14189,#14190);
#14188 = CARTESIAN_POINT('',(2.147382335329,-2.147382335329,14.08055));
#14189 = DIRECTION('',(0.,0.,1.));
#14190 = DIRECTION('',(1.,0.,-0.));
#14191 = DEFINITIONAL_REPRESENTATION('',(#14192),#14213);
#14192 = B_SPLINE_CURVE_WITH_KNOTS('',7,(#14193,#14194,#14195,#14196,
    #14197,#14198,#14199,#14200,#14201,#14202,#14203,#14204,#14205,
    #14206,#14207,#14208,#14209,#14210,#14211,#14212),.UNSPECIFIED.,.F.,
  .F.,(8,6,6,8),(0.,0.81332263657,1.97745764508,3.14159265359),
  .UNSPECIFIED.);
#14193 = CARTESIAN_POINT('',(7.068583470577,0.));
#14194 = CARTESIAN_POINT('',(6.958708869358,3.77815254217E-02));
#14195 = CARTESIAN_POINT('',(6.848834083682,7.556064636744E-02));
#14196 = CARTESIAN_POINT('',(6.738447798305,0.112601328376));
#14197 = CARTESIAN_POINT('',(6.627035681167,0.148149532713));
#14198 = CARTESIAN_POINT('',(6.514162742478,0.181456488148));
#14199 = CARTESIAN_POINT('',(6.399555693809,0.211801962728));
#14200 = CARTESIAN_POINT('',(6.116620607098,0.276756399453));
#14201 = CARTESIAN_POINT('',(5.946438803515,0.307563219693));
#14202 = CARTESIAN_POINT('',(5.77257574032,0.329021159861));
#14203 = CARTESIAN_POINT('',(5.595795713155,0.339502625371));
#14204 = CARTESIAN_POINT('',(5.418596798393,0.33819263422));
#14205 = CARTESIAN_POINT('',(5.243105279822,0.325695293147));
#14206 = CARTESIAN_POINT('',(4.897769118231,0.280868966219));
#14207 = CARTESIAN_POINT('',(4.727925663313,0.248542675211));
#14208 = CARTESIAN_POINT('',(4.562049426003,0.207581411236));
#14209 = CARTESIAN_POINT('',(4.400301870444,0.160045571293));
#14210 = CARTESIAN_POINT('',(4.241523520651,0.108156591253));
#14211 = CARTESIAN_POINT('',(4.084257889209,5.407791993075E-02));
#14212 = CARTESIAN_POINT('',(3.926990816987,0.));
#14213 = ( GEOMETRIC_REPRESENTATION_CONTEXT(2) 
PARAMETRIC_REPRESENTATION_CONTEXT() REPRESENTATION_CONTEXT('2D SPACE',''
  ) );
#14214 = ORIENTED_EDGE('',*,*,#14215,.T.);
#14215 = EDGE_CURVE('',#14166,#13590,#14216,.T.);
#14216 = SURFACE_CURVE('',#14217,(#14221,#14227),.PCURVE_S1.);
#14217 = LINE('',#14218,#14219);
#14218 = CARTESIAN_POINT('',(2.147382335329,-2.147382335329,14.08055));
#14219 = VECTOR('',#14220,1.);
#14220 = DIRECTION('',(-0.707106781187,-0.707106781187,
    -1.10990138743E-14));
#14221 = PCURVE('',#13508,#14222);
#14222 = DEFINITIONAL_REPRESENTATION('',(#14223),#14226);
#14223 = B_SPLINE_CURVE_WITH_KNOTS('',1,(#14224,#14225),.UNSPECIFIED.,
  .F.,.F.,(2,2),(-0.308757836641,0.308757836641),
  .PIECEWISE_BEZIER_KNOTS.);
#14224 = CARTESIAN_POINT('',(0.212143831734,0.224335454943));
#14225 = CARTESIAN_POINT('',(-0.212143831734,-0.224335454943));
#14226 = ( GEOMETRIC_REPRESENTATION_CONTEXT(2) 
PARAMETRIC_REPRESENTATION_CONTEXT() REPRESENTATION_CONTEXT('2D SPACE',''
  ) );
#14227 = PCURVE('',#14154,#14228);
#14228 = DEFINITIONAL_REPRESENTATION('',(#14229),#14232);
#14229 = B_SPLINE_CURVE_WITH_KNOTS('',1,(#14230,#14231),.UNSPECIFIED.,
  .F.,.F.,(2,2),(-0.308757836641,0.308757836641),
  .PIECEWISE_BEZIER_KNOTS.);
#14230 = CARTESIAN_POINT('',(0.21087525353,-0.225528333333));
#14231 = CARTESIAN_POINT('',(-0.21087525353,0.225528333333));
#14232 = ( GEOMETRIC_REPRESENTATION_CONTEXT(2) 
PARAMETRIC_REPRESENTATION_CONTEXT() REPRESENTATION_CONTEXT('2D SPACE',''
  ) );
#14233 = ADVANCED_FACE('',(#14234),#13628,.T.);
#14234 = FACE_BOUND('',#14235,.T.);
#14235 = EDGE_LOOP('',(#14236,#14268,#14269));
#14236 = ORIENTED_EDGE('',*,*,#14237,.F.);
#14237 = EDGE_CURVE('',#13492,#14238,#14240,.T.);
#14238 = VERTEX_POINT('',#14239);
#14239 = CARTESIAN_POINT('',(2.146091846461,-1.928464673248,
    14.027007262834));
#14240 = SURFACE_CURVE('',#14241,(#14246,#14253),.PCURVE_S1.);
#14241 = ELLIPSE('',#14242,0.225638977646,0.225528522445);
#14242 = AXIS2_PLACEMENT_3D('',#14243,#14244,#14245);
#14243 = CARTESIAN_POINT('',(2.147577726567,-2.147577726567,
    14.080645017207));
#14244 = DIRECTION('',(-0.229932134428,0.229932134428,0.945654496693));
#14245 = DIRECTION('',(0.668678707271,-0.668678707271,0.325173142933));
#14246 = PCURVE('',#13628,#14247);
#14247 = DEFINITIONAL_REPRESENTATION('',(#14248),#14252);
#14248 = ELLIPSE('',#14249,0.225638977646,0.225528522445);
#14249 = AXIS2_PLACEMENT_2D('',#14250,#14251);
#14250 = CARTESIAN_POINT('',(2.123085666044E-04,-2.007705506958E-04));
#14251 = DIRECTION('',(0.726574124833,-0.687088088329));
#14252 = ( GEOMETRIC_REPRESENTATION_CONTEXT(2) 
PARAMETRIC_REPRESENTATION_CONTEXT() REPRESENTATION_CONTEXT('2D SPACE',''
  ) );
#14253 = PCURVE('',#14254,#14259);
#14254 = CONICAL_SURFACE('',#14255,0.225528333333,4.138445990316E-02);
#14255 = AXIS2_PLACEMENT_3D('',#14256,#14257,#14258);
#14256 = CARTESIAN_POINT('',(2.147382335329,-2.147382335329,14.08055));
#14257 = DIRECTION('',(0.250722035436,-0.250722035436,-0.935027765306));
#14258 = DIRECTION('',(0.,0.965878783045,-0.258994549098));
#14259 = DEFINITIONAL_REPRESENTATION('',(#14260),#14267);
#14260 = B_SPLINE_CURVE_WITH_KNOTS('',5,(#14261,#14262,#14263,#14264,
    #14265,#14266),.UNSPECIFIED.,.F.,.F.,(6,6),(1.572091338187,
    2.390642829002),.PIECEWISE_BEZIER_KNOTS.);
#14261 = CARTESIAN_POINT('',(-5.464222853069,-1.748074810666E-15));
#14262 = CARTESIAN_POINT('',(-5.627933288508,-1.15469056132E-03));
#14263 = CARTESIAN_POINT('',(-5.791687097475,-2.309097927405E-03));
#14264 = CARTESIAN_POINT('',(-5.955484368926,-3.398608547297E-03));
#14265 = CARTESIAN_POINT('',(-6.119320013988,-4.359205314849E-03));
#14266 = CARTESIAN_POINT('',(-6.28318530718,-5.147089945098E-03));
#14267 = ( GEOMETRIC_REPRESENTATION_CONTEXT(2) 
PARAMETRIC_REPRESENTATION_CONTEXT() REPRESENTATION_CONTEXT('2D SPACE',''
  ) );
#14268 = ORIENTED_EDGE('',*,*,#13613,.T.);
#14269 = ORIENTED_EDGE('',*,*,#14270,.F.);
#14270 = EDGE_CURVE('',#14238,#13590,#14271,.T.);
#14271 = SURFACE_CURVE('',#14272,(#14277,#14284),.PCURVE_S1.);
#14272 = ELLIPSE('',#14273,0.225638977646,0.225528522445);
#14273 = AXIS2_PLACEMENT_3D('',#14274,#14275,#14276);
#14274 = CARTESIAN_POINT('',(2.147577726567,-2.147577726567,
    14.080645017207));
#14275 = DIRECTION('',(-0.229932134428,0.229932134428,0.945654496693));
#14276 = DIRECTION('',(0.668678707271,-0.668678707271,0.325173142933));
#14277 = PCURVE('',#13628,#14278);
#14278 = DEFINITIONAL_REPRESENTATION('',(#14279),#14283);
#14279 = ELLIPSE('',#14280,0.225638977646,0.225528522445);
#14280 = AXIS2_PLACEMENT_2D('',#14281,#14282);
#14281 = CARTESIAN_POINT('',(2.123085666044E-04,-2.007705506958E-04));
#14282 = DIRECTION('',(0.726574124833,-0.687088088329));
#14283 = ( GEOMETRIC_REPRESENTATION_CONTEXT(2) 
PARAMETRIC_REPRESENTATION_CONTEXT() REPRESENTATION_CONTEXT('2D SPACE',''
  ) );
#14284 = PCURVE('',#14254,#14285);
#14285 = DEFINITIONAL_REPRESENTATION('',(#14286),#14294);
#14286 = B_SPLINE_CURVE_WITH_KNOTS('',6,(#14287,#14288,#14289,#14290,
    #14291,#14292,#14293),.UNSPECIFIED.,.F.,.F.,(7,7),(2.390642829002,
    4.711093968993),.PIECEWISE_BEZIER_KNOTS.);
#14287 = CARTESIAN_POINT('',(0.,-5.147089945098E-03));
#14288 = CARTESIAN_POINT('',(-0.38710800996,-7.008353214173E-03));
#14289 = CARTESIAN_POINT('',(-0.774374415161,-7.944991329915E-03));
#14290 = CARTESIAN_POINT('',(-1.161704329622,-7.450687384615E-03));
#14291 = CARTESIAN_POINT('',(-1.548913857783,-5.452568853726E-03));
#14292 = CARTESIAN_POINT('',(-1.93588801852,-2.727789128534E-03));
#14293 = CARTESIAN_POINT('',(-2.322630199479,2.409410739935E-17));
#14294 = ( GEOMETRIC_REPRESENTATION_CONTEXT(2) 
PARAMETRIC_REPRESENTATION_CONTEXT() REPRESENTATION_CONTEXT('2D SPACE',''
  ) );
#14295 = ADVANCED_FACE('',(#14296),#13711,.F.);
#14296 = FACE_BOUND('',#14297,.F.);
#14297 = EDGE_LOOP('',(#14298,#14299,#14321,#14322));
#14298 = ORIENTED_EDGE('',*,*,#13764,.T.);
#14299 = ORIENTED_EDGE('',*,*,#14300,.T.);
#14300 = EDGE_CURVE('',#13007,#12909,#14301,.T.);
#14301 = SURFACE_CURVE('',#14302,(#14307,#14314),.PCURVE_S1.);
#14302 = CIRCLE('',#14303,0.225528333333);
#14303 = AXIS2_PLACEMENT_3D('',#14304,#14305,#14306);
#14304 = CARTESIAN_POINT('',(-2.147382335329,2.147382335329,14.08055));
#14305 = DIRECTION('',(0.250722035436,-0.250722035436,0.935027765306));
#14306 = DIRECTION('',(0.965878783045,-6.938893903907E-18,
    -0.258994549098));
#14307 = PCURVE('',#13711,#14308);
#14308 = DEFINITIONAL_REPRESENTATION('',(#14309),#14313);
#14309 = CIRCLE('',#14310,0.225528333333);
#14310 = AXIS2_PLACEMENT_2D('',#14311,#14312);
#14311 = CARTESIAN_POINT('',(0.,0.));
#14312 = DIRECTION('',(1.,0.));
#14313 = ( GEOMETRIC_REPRESENTATION_CONTEXT(2) 
PARAMETRIC_REPRESENTATION_CONTEXT() REPRESENTATION_CONTEXT('2D SPACE',''
  ) );
#14314 = PCURVE('',#13803,#14315);
#14315 = DEFINITIONAL_REPRESENTATION('',(#14316),#14320);
#14316 = LINE('',#14317,#14318);
#14317 = CARTESIAN_POINT('',(-0.,-0.));
#14318 = VECTOR('',#14319,1.);
#14319 = DIRECTION('',(-1.,-0.));
#14320 = ( GEOMETRIC_REPRESENTATION_CONTEXT(2) 
PARAMETRIC_REPRESENTATION_CONTEXT() REPRESENTATION_CONTEXT('2D SPACE',''
  ) );
#14321 = ORIENTED_EDGE('',*,*,#13696,.T.);
#14322 = ORIENTED_EDGE('',*,*,#14323,.F.);
#14323 = EDGE_CURVE('',#13723,#13697,#14324,.T.);
#14324 = SURFACE_CURVE('',#14325,(#14330,#14337),.PCURVE_S1.);
#14325 = CIRCLE('',#14326,0.1807608);
#14326 = AXIS2_PLACEMENT_3D('',#14327,#14328,#14329);
#14327 = CARTESIAN_POINT('',(-2.147382335329,2.147382335329,14.08055));
#14328 = DIRECTION('',(0.250722035436,-0.250722035436,0.935027765306));
#14329 = DIRECTION('',(-0.965878783045,-6.938893903907E-18,
    0.258994549098));
#14330 = PCURVE('',#13711,#14331);
#14331 = DEFINITIONAL_REPRESENTATION('',(#14332),#14336);
#14332 = CIRCLE('',#14333,0.1807608);
#14333 = AXIS2_PLACEMENT_2D('',#14334,#14335);
#14334 = CARTESIAN_POINT('',(0.,0.));
#14335 = DIRECTION('',(-1.,0.));
#14336 = ( GEOMETRIC_REPRESENTATION_CONTEXT(2) 
PARAMETRIC_REPRESENTATION_CONTEXT() REPRESENTATION_CONTEXT('2D SPACE',''
  ) );
#14337 = PCURVE('',#13739,#14338);
#14338 = DEFINITIONAL_REPRESENTATION('',(#14339),#14356);
#14339 = B_SPLINE_CURVE_WITH_KNOTS('',8,(#14340,#14341,#14342,#14343,
    #14344,#14345,#14346,#14347,#14348,#14349,#14350,#14351,#14352,
    #14353,#14354,#14355),.UNSPECIFIED.,.F.,.F.,(9,7,9),(3.9605551077,
    5.531351434495,7.10214776129),.UNSPECIFIED.);
#14340 = CARTESIAN_POINT('',(0.785398163397,0.));
#14341 = CARTESIAN_POINT('',(0.968990435797,6.962054084126E-02));
#14342 = CARTESIAN_POINT('',(1.152577718938,0.139240179349));
#14343 = CARTESIAN_POINT('',(1.338913826037,0.205291936041));
#14344 = CARTESIAN_POINT('',(1.530553295756,0.264158123091));
#14345 = CARTESIAN_POINT('',(1.729717010994,0.312336104249));
#14346 = CARTESIAN_POINT('',(1.936215205847,0.345750499146));
#14347 = CARTESIAN_POINT('',(2.146201217121,0.362458964385));
#14348 = CARTESIAN_POINT('',(2.566187763264,0.362458964385));
#14349 = CARTESIAN_POINT('',(2.776173774536,0.345750499147));
#14350 = CARTESIAN_POINT('',(2.982671969388,0.312336104246));
#14351 = CARTESIAN_POINT('',(3.181835684612,0.264158123095));
#14352 = CARTESIAN_POINT('',(3.373475154345,0.205291936038));
#14353 = CARTESIAN_POINT('',(3.559811261445,0.13924017935));
#14354 = CARTESIAN_POINT('',(3.743398544588,6.962054084126E-02));
#14355 = CARTESIAN_POINT('',(3.926990816987,0.));
#14356 = ( GEOMETRIC_REPRESENTATION_CONTEXT(2) 
PARAMETRIC_REPRESENTATION_CONTEXT() REPRESENTATION_CONTEXT('2D SPACE',''
  ) );
#14357 = ADVANCED_FACE('',(#14358),#13739,.T.);
#14358 = FACE_BOUND('',#14359,.T.);
#14359 = EDGE_LOOP('',(#14360,#14361));
#14360 = ORIENTED_EDGE('',*,*,#13722,.T.);
#14361 = ORIENTED_EDGE('',*,*,#14323,.F.);
#14362 = ADVANCED_FACE('',(#14363),#13803,.T.);
#14363 = FACE_BOUND('',#14364,.T.);
#14364 = EDGE_LOOP('',(#14365,#14366,#14389,#14418,#14453,#14475,#14476,
    #14477));
#14365 = ORIENTED_EDGE('',*,*,#13786,.T.);
#14366 = ORIENTED_EDGE('',*,*,#14367,.T.);
#14367 = EDGE_CURVE('',#13787,#14368,#14370,.T.);
#14368 = VERTEX_POINT('',#14369);
#14369 = CARTESIAN_POINT('',(-1.799635000538,1.992810757147,
    14.60520109018));
#14370 = SEAM_CURVE('',#14371,(#14375,#14382),.PCURVE_S1.);
#14371 = LINE('',#14372,#14373);
#14372 = CARTESIAN_POINT('',(-1.929549303186,2.147382335329,
    14.022139390999));
#14373 = VECTOR('',#14374,1.);
#14374 = DIRECTION('',(0.210546400774,-0.250507363582,0.944942471219));
#14375 = PCURVE('',#13803,#14376);
#14376 = DEFINITIONAL_REPRESENTATION('',(#14377),#14381);
#14377 = LINE('',#14378,#14379);
#14378 = CARTESIAN_POINT('',(0.,-0.));
#14379 = VECTOR('',#14380,1.);
#14380 = DIRECTION('',(-0.,-1.));
#14381 = ( GEOMETRIC_REPRESENTATION_CONTEXT(2) 
PARAMETRIC_REPRESENTATION_CONTEXT() REPRESENTATION_CONTEXT('2D SPACE',''
  ) );
#14382 = PCURVE('',#13803,#14383);
#14383 = DEFINITIONAL_REPRESENTATION('',(#14384),#14388);
#14384 = LINE('',#14385,#14386);
#14385 = CARTESIAN_POINT('',(-6.28318530718,0.));
#14386 = VECTOR('',#14387,1.);
#14387 = DIRECTION('',(-0.,-1.));
#14388 = ( GEOMETRIC_REPRESENTATION_CONTEXT(2) 
PARAMETRIC_REPRESENTATION_CONTEXT() REPRESENTATION_CONTEXT('2D SPACE',''
  ) );
#14389 = ORIENTED_EDGE('',*,*,#14390,.F.);
#14390 = EDGE_CURVE('',#14391,#14368,#14393,.T.);
#14391 = VERTEX_POINT('',#14392);
#14392 = CARTESIAN_POINT('',(-2.134232113384,1.851389400909,14.657));
#14393 = SURFACE_CURVE('',#14394,(#14399,#14406),.PCURVE_S1.);
#14394 = CIRCLE('',#14395,0.2);
#14395 = AXIS2_PLACEMENT_3D('',#14396,#14397,#14398);
#14396 = CARTESIAN_POINT('',(-1.992810757147,1.992810757147,14.657));
#14397 = DIRECTION('',(0.250722035436,-0.250722035436,0.935027765306));
#14398 = DIRECTION('',(0.965878783045,-6.938893903907E-18,
    -0.258994549098));
#14399 = PCURVE('',#13803,#14400);
#14400 = DEFINITIONAL_REPRESENTATION('',(#14401),#14405);
#14401 = LINE('',#14402,#14403);
#14402 = CARTESIAN_POINT('',(-0.,-0.616505756715));
#14403 = VECTOR('',#14404,1.);
#14404 = DIRECTION('',(-1.,-0.));
#14405 = ( GEOMETRIC_REPRESENTATION_CONTEXT(2) 
PARAMETRIC_REPRESENTATION_CONTEXT() REPRESENTATION_CONTEXT('2D SPACE',''
  ) );
#14406 = PCURVE('',#14407,#14412);
#14407 = PLANE('',#14408);
#14408 = AXIS2_PLACEMENT_3D('',#14409,#14410,#14411);
#14409 = CARTESIAN_POINT('',(-1.992810757147,1.992810757147,14.657));
#14410 = DIRECTION('',(0.250722035436,-0.250722035436,0.935027765306));
#14411 = DIRECTION('',(0.965878783045,6.938893903907E-18,-0.258994549098
    ));
#14412 = DEFINITIONAL_REPRESENTATION('',(#14413),#14417);
#14413 = CIRCLE('',#14414,0.2);
#14414 = AXIS2_PLACEMENT_2D('',#14415,#14416);
#14415 = CARTESIAN_POINT('',(0.,0.));
#14416 = DIRECTION('',(1.,0.));
#14417 = ( GEOMETRIC_REPRESENTATION_CONTEXT(2) 
PARAMETRIC_REPRESENTATION_CONTEXT() REPRESENTATION_CONTEXT('2D SPACE',''
  ) );
#14418 = ORIENTED_EDGE('',*,*,#14419,.F.);
#14419 = EDGE_CURVE('',#14420,#14391,#14422,.T.);
#14420 = VERTEX_POINT('',#14421);
#14421 = CARTESIAN_POINT('',(-1.851389400909,2.134232113384,14.657));
#14422 = SURFACE_CURVE('',#14423,(#14428,#14441),.PCURVE_S1.);
#14423 = ELLIPSE('',#14424,0.213950144773,0.200024661357);
#14424 = AXIS2_PLACEMENT_3D('',#14425,#14426,#14427);
#14425 = CARTESIAN_POINT('',(-1.995186316622,1.995186316622,14.657));
#14426 = DIRECTION('',(0.,0.,1.));
#14427 = DIRECTION('',(-0.707106781187,0.707106781187,0.));
#14428 = PCURVE('',#13803,#14429);
#14429 = DEFINITIONAL_REPRESENTATION('',(#14430),#14440);
#14430 = B_SPLINE_CURVE_WITH_KNOTS('',8,(#14431,#14432,#14433,#14434,
    #14435,#14436,#14437,#14438,#14439),.UNSPECIFIED.,.F.,.F.,(9,9),(
    4.696685852413,7.869684761946),.PIECEWISE_BEZIER_KNOTS.);
#14431 = CARTESIAN_POINT('',(-0.818962454111,-0.616505756715));
#14432 = CARTESIAN_POINT('',(-1.215636224338,-0.586421001992));
#14433 = CARTESIAN_POINT('',(-1.609486426072,-0.556121824352));
#14434 = CARTESIAN_POINT('',(-2.00053491094,-0.532822986218));
#14435 = CARTESIAN_POINT('',(-2.389758780893,-0.52378998396));
#14436 = CARTESIAN_POINT('',(-2.778982650882,-0.532822986218));
#14437 = CARTESIAN_POINT('',(-3.170031135733,-0.556121824352));
#14438 = CARTESIAN_POINT('',(-3.563881337473,-0.586421001992));
#14439 = CARTESIAN_POINT('',(-3.9605551077,-0.616505756715));
#14440 = ( GEOMETRIC_REPRESENTATION_CONTEXT(2) 
PARAMETRIC_REPRESENTATION_CONTEXT() REPRESENTATION_CONTEXT('2D SPACE',''
  ) );
#14441 = PCURVE('',#14442,#14447);
#14442 = PLANE('',#14443);
#14443 = AXIS2_PLACEMENT_3D('',#14444,#14445,#14446);
#14444 = CARTESIAN_POINT('',(-1.992810757147,1.992810757147,14.657));
#14445 = DIRECTION('',(0.,0.,1.));
#14446 = DIRECTION('',(1.,0.,-0.));
#14447 = DEFINITIONAL_REPRESENTATION('',(#14448),#14452);
#14448 = ELLIPSE('',#14449,0.213950144773,0.200024661357);
#14449 = AXIS2_PLACEMENT_2D('',#14450,#14451);
#14450 = CARTESIAN_POINT('',(-2.375559475217E-03,2.375559475217E-03));
#14451 = DIRECTION('',(-0.707106781187,0.707106781187));
#14452 = ( GEOMETRIC_REPRESENTATION_CONTEXT(2) 
PARAMETRIC_REPRESENTATION_CONTEXT() REPRESENTATION_CONTEXT('2D SPACE',''
  ) );
#14453 = ORIENTED_EDGE('',*,*,#14454,.F.);
#14454 = EDGE_CURVE('',#14368,#14420,#14455,.T.);
#14455 = SURFACE_CURVE('',#14456,(#14461,#14468),.PCURVE_S1.);
#14456 = CIRCLE('',#14457,0.2);
#14457 = AXIS2_PLACEMENT_3D('',#14458,#14459,#14460);
#14458 = CARTESIAN_POINT('',(-1.992810757147,1.992810757147,14.657));
#14459 = DIRECTION('',(0.250722035436,-0.250722035436,0.935027765306));
#14460 = DIRECTION('',(0.965878783045,-6.938893903907E-18,
    -0.258994549098));
#14461 = PCURVE('',#13803,#14462);
#14462 = DEFINITIONAL_REPRESENTATION('',(#14463),#14467);
#14463 = LINE('',#14464,#14465);
#14464 = CARTESIAN_POINT('',(-0.,-0.616505756715));
#14465 = VECTOR('',#14466,1.);
#14466 = DIRECTION('',(-1.,-0.));
#14467 = ( GEOMETRIC_REPRESENTATION_CONTEXT(2) 
PARAMETRIC_REPRESENTATION_CONTEXT() REPRESENTATION_CONTEXT('2D SPACE',''
  ) );
#14468 = PCURVE('',#14407,#14469);
#14469 = DEFINITIONAL_REPRESENTATION('',(#14470),#14474);
#14470 = CIRCLE('',#14471,0.2);
#14471 = AXIS2_PLACEMENT_2D('',#14472,#14473);
#14472 = CARTESIAN_POINT('',(0.,0.));
#14473 = DIRECTION('',(1.,0.));
#14474 = ( GEOMETRIC_REPRESENTATION_CONTEXT(2) 
PARAMETRIC_REPRESENTATION_CONTEXT() REPRESENTATION_CONTEXT('2D SPACE',''
  ) );
#14475 = ORIENTED_EDGE('',*,*,#14367,.F.);
#14476 = ORIENTED_EDGE('',*,*,#13820,.T.);
#14477 = ORIENTED_EDGE('',*,*,#14300,.T.);
#14478 = ADVANCED_FACE('',(#14479),#13865,.F.);
#14479 = FACE_BOUND('',#14480,.F.);
#14480 = EDGE_LOOP('',(#14481,#14505,#14527,#14528,#14567));
#14481 = ORIENTED_EDGE('',*,*,#14482,.T.);
#14482 = EDGE_CURVE('',#13259,#14483,#14485,.T.);
#14483 = VERTEX_POINT('',#14484);
#14484 = CARTESIAN_POINT('',(2.147382335329,2.365215367471,
    14.138960609001));
#14485 = SURFACE_CURVE('',#14486,(#14491,#14498),.PCURVE_S1.);
#14486 = CIRCLE('',#14487,0.225528333333);
#14487 = AXIS2_PLACEMENT_3D('',#14488,#14489,#14490);
#14488 = CARTESIAN_POINT('',(2.147382335329,2.147382335329,14.08055));
#14489 = DIRECTION('',(-0.250722035436,-0.250722035436,0.935027765306));
#14490 = DIRECTION('',(6.938893903907E-18,0.965878783045,0.258994549098)
  );
#14491 = PCURVE('',#13865,#14492);
#14492 = DEFINITIONAL_REPRESENTATION('',(#14493),#14497);
#14493 = CIRCLE('',#14494,0.225528333333);
#14494 = AXIS2_PLACEMENT_2D('',#14495,#14496);
#14495 = CARTESIAN_POINT('',(0.,0.));
#14496 = DIRECTION('',(1.,0.));
#14497 = ( GEOMETRIC_REPRESENTATION_CONTEXT(2) 
PARAMETRIC_REPRESENTATION_CONTEXT() REPRESENTATION_CONTEXT('2D SPACE',''
  ) );
#14498 = PCURVE('',#13963,#14499);
#14499 = DEFINITIONAL_REPRESENTATION('',(#14500),#14504);
#14500 = LINE('',#14501,#14502);
#14501 = CARTESIAN_POINT('',(-0.,-0.));
#14502 = VECTOR('',#14503,1.);
#14503 = DIRECTION('',(-1.,-0.));
#14504 = ( GEOMETRIC_REPRESENTATION_CONTEXT(2) 
PARAMETRIC_REPRESENTATION_CONTEXT() REPRESENTATION_CONTEXT('2D SPACE',''
  ) );
#14505 = ORIENTED_EDGE('',*,*,#14506,.T.);
#14506 = EDGE_CURVE('',#14483,#13205,#14507,.T.);
#14507 = SURFACE_CURVE('',#14508,(#14513,#14520),.PCURVE_S1.);
#14508 = CIRCLE('',#14509,0.225528333333);
#14509 = AXIS2_PLACEMENT_3D('',#14510,#14511,#14512);
#14510 = CARTESIAN_POINT('',(2.147382335329,2.147382335329,14.08055));
#14511 = DIRECTION('',(-0.250722035436,-0.250722035436,0.935027765306));
#14512 = DIRECTION('',(6.938893903907E-18,0.965878783045,0.258994549098)
  );
#14513 = PCURVE('',#13865,#14514);
#14514 = DEFINITIONAL_REPRESENTATION('',(#14515),#14519);
#14515 = CIRCLE('',#14516,0.225528333333);
#14516 = AXIS2_PLACEMENT_2D('',#14517,#14518);
#14517 = CARTESIAN_POINT('',(0.,0.));
#14518 = DIRECTION('',(1.,0.));
#14519 = ( GEOMETRIC_REPRESENTATION_CONTEXT(2) 
PARAMETRIC_REPRESENTATION_CONTEXT() REPRESENTATION_CONTEXT('2D SPACE',''
  ) );
#14520 = PCURVE('',#13963,#14521);
#14521 = DEFINITIONAL_REPRESENTATION('',(#14522),#14526);
#14522 = LINE('',#14523,#14524);
#14523 = CARTESIAN_POINT('',(-0.,-0.));
#14524 = VECTOR('',#14525,1.);
#14525 = DIRECTION('',(-1.,-0.));
#14526 = ( GEOMETRIC_REPRESENTATION_CONTEXT(2) 
PARAMETRIC_REPRESENTATION_CONTEXT() REPRESENTATION_CONTEXT('2D SPACE',''
  ) );
#14527 = ORIENTED_EDGE('',*,*,#13850,.T.);
#14528 = ORIENTED_EDGE('',*,*,#14529,.F.);
#14529 = EDGE_CURVE('',#13877,#13851,#14530,.T.);
#14530 = SURFACE_CURVE('',#14531,(#14536,#14543),.PCURVE_S1.);
#14531 = CIRCLE('',#14532,0.1807608);
#14532 = AXIS2_PLACEMENT_3D('',#14533,#14534,#14535);
#14533 = CARTESIAN_POINT('',(2.147382335329,2.147382335329,14.08055));
#14534 = DIRECTION('',(-0.250722035436,-0.250722035436,0.935027765306));
#14535 = DIRECTION('',(0.707106781187,-0.707106781187,2.775557561563E-17
    ));
#14536 = PCURVE('',#13865,#14537);
#14537 = DEFINITIONAL_REPRESENTATION('',(#14538),#14542);
#14538 = CIRCLE('',#14539,0.1807608);
#14539 = AXIS2_PLACEMENT_2D('',#14540,#14541);
#14540 = CARTESIAN_POINT('',(0.,0.));
#14541 = DIRECTION('',(-0.682979437296,-0.730437600505));
#14542 = ( GEOMETRIC_REPRESENTATION_CONTEXT(2) 
PARAMETRIC_REPRESENTATION_CONTEXT() REPRESENTATION_CONTEXT('2D SPACE',''
  ) );
#14543 = PCURVE('',#13897,#14544);
#14544 = DEFINITIONAL_REPRESENTATION('',(#14545),#14566);
#14545 = B_SPLINE_CURVE_WITH_KNOTS('',7,(#14546,#14547,#14548,#14549,
    #14550,#14551,#14552,#14553,#14554,#14555,#14556,#14557,#14558,
    #14559,#14560,#14561,#14562,#14563,#14564,#14565),.UNSPECIFIED.,.F.,
  .F.,(8,6,6,8),(0.,0.818962454111,1.98027755385,3.14159265359),
  .UNSPECIFIED.);
#14546 = CARTESIAN_POINT('',(5.497787143782,0.));
#14547 = CARTESIAN_POINT('',(5.607180377116,4.148331500855E-02));
#14548 = CARTESIAN_POINT('',(5.716574836005,8.296344819409E-02));
#14549 = CARTESIAN_POINT('',(5.82658046438,0.123641380771));
#14550 = CARTESIAN_POINT('',(5.937818516176,0.162694449748));
#14551 = CARTESIAN_POINT('',(6.050820407981,0.19929815294));
#14552 = CARTESIAN_POINT('',(6.165926571695,0.232647953981));
#14553 = CARTESIAN_POINT('',(6.449461965421,0.303576413842));
#14554 = CARTESIAN_POINT('',(6.620071260163,0.33710095623));
#14555 = CARTESIAN_POINT('',(6.795104023252,0.360437174382));
#14556 = CARTESIAN_POINT('',(6.973706681859,0.371729895986));
#14557 = CARTESIAN_POINT('',(7.152764279996,0.370019955703));
#14558 = CARTESIAN_POINT('',(7.32968493733,0.356054441997));
#14559 = CARTESIAN_POINT('',(7.676636849461,0.306520872603));
#14560 = CARTESIAN_POINT('',(7.84666656333,0.270956438572));
#14561 = CARTESIAN_POINT('',(8.011901161009,0.226059431715));
#14562 = CARTESIAN_POINT('',(8.172245891181,0.174158004962));
#14563 = CARTESIAN_POINT('',(8.329135726085,0.117650205645));
#14564 = CARTESIAN_POINT('',(8.484256674154,5.882467488574E-02));
#14565 = CARTESIAN_POINT('',(8.639379797372,0.));
#14566 = ( GEOMETRIC_REPRESENTATION_CONTEXT(2) 
PARAMETRIC_REPRESENTATION_CONTEXT() REPRESENTATION_CONTEXT('2D SPACE',''
  ) );
#14567 = ORIENTED_EDGE('',*,*,#13926,.T.);
#14568 = ADVANCED_FACE('',(#14569),#13897,.T.);
#14569 = FACE_BOUND('',#14570,.T.);
#14570 = EDGE_LOOP('',(#14571,#14572));
#14571 = ORIENTED_EDGE('',*,*,#13876,.F.);
#14572 = ORIENTED_EDGE('',*,*,#14529,.F.);
#14573 = ADVANCED_FACE('',(#14574),#13963,.T.);
#14574 = FACE_BOUND('',#14575,.T.);
#14575 = EDGE_LOOP('',(#14576,#14577,#14600,#14634,#14663,#14688,#14689,
    #14690));
#14576 = ORIENTED_EDGE('',*,*,#14482,.T.);
#14577 = ORIENTED_EDGE('',*,*,#14578,.T.);
#14578 = EDGE_CURVE('',#14483,#14579,#14581,.T.);
#14579 = VERTEX_POINT('',#14580);
#14580 = CARTESIAN_POINT('',(2.006861478601,2.202278607877,14.657));
#14581 = SEAM_CURVE('',#14582,(#14586,#14593),.PCURVE_S1.);
#14582 = LINE('',#14583,#14584);
#14583 = CARTESIAN_POINT('',(2.147382335329,2.365215367471,
    14.138960609001));
#14584 = VECTOR('',#14585,1.);
#14585 = DIRECTION('',(-0.250507363582,-0.29046832639,0.923511890641));
#14586 = PCURVE('',#13963,#14587);
#14587 = DEFINITIONAL_REPRESENTATION('',(#14588),#14592);
#14588 = LINE('',#14589,#14590);
#14589 = CARTESIAN_POINT('',(0.,-0.));
#14590 = VECTOR('',#14591,1.);
#14591 = DIRECTION('',(-0.,-1.));
#14592 = ( GEOMETRIC_REPRESENTATION_CONTEXT(2) 
PARAMETRIC_REPRESENTATION_CONTEXT() REPRESENTATION_CONTEXT('2D SPACE',''
  ) );
#14593 = PCURVE('',#13963,#14594);
#14594 = DEFINITIONAL_REPRESENTATION('',(#14595),#14599);
#14595 = LINE('',#14596,#14597);
#14596 = CARTESIAN_POINT('',(-6.28318530718,0.));
#14597 = VECTOR('',#14598,1.);
#14598 = DIRECTION('',(-0.,-1.));
#14599 = ( GEOMETRIC_REPRESENTATION_CONTEXT(2) 
PARAMETRIC_REPRESENTATION_CONTEXT() REPRESENTATION_CONTEXT('2D SPACE',''
  ) );
#14600 = ORIENTED_EDGE('',*,*,#14601,.F.);
#14601 = EDGE_CURVE('',#14602,#14579,#14604,.T.);
#14602 = VERTEX_POINT('',#14603);
#14603 = CARTESIAN_POINT('',(2.134232113384,1.851389400909,14.657));
#14604 = SURFACE_CURVE('',#14605,(#14610,#14622),.PCURVE_S1.);
#14605 = ELLIPSE('',#14606,0.213950144773,0.200024661357);
#14606 = AXIS2_PLACEMENT_3D('',#14607,#14608,#14609);
#14607 = CARTESIAN_POINT('',(1.995186316622,1.995186316622,14.657));
#14608 = DIRECTION('',(0.,0.,1.));
#14609 = DIRECTION('',(0.707106781187,0.707106781187,-0.));
#14610 = PCURVE('',#13963,#14611);
#14611 = DEFINITIONAL_REPRESENTATION('',(#14612),#14621);
#14612 = B_SPLINE_CURVE_WITH_KNOTS('',7,(#14613,#14614,#14615,#14616,
    #14617,#14618,#14619,#14620),.UNSPECIFIED.,.F.,.F.,(8,8),(
    4.696685852413,7.045806074716),.PIECEWISE_BEZIER_KNOTS.);
#14613 = CARTESIAN_POINT('',(-3.9605551077,-0.616505756715));
#14614 = CARTESIAN_POINT('',(-4.296185091238,-0.591050719125));
#14615 = CARTESIAN_POINT('',(-4.629751508234,-0.565441393153));
#14616 = CARTESIAN_POINT('',(-4.961268895315,-0.544342328867));
#14617 = CARTESIAN_POINT('',(-5.291324406447,-0.532546357392));
#14618 = CARTESIAN_POINT('',(-5.621017815526,-0.532499862387));
#14619 = CARTESIAN_POINT('',(-5.951404893401,-0.542877740941));
#14620 = CARTESIAN_POINT('',(-6.28318530718,-0.56046472534));
#14621 = ( GEOMETRIC_REPRESENTATION_CONTEXT(2) 
PARAMETRIC_REPRESENTATION_CONTEXT() REPRESENTATION_CONTEXT('2D SPACE',''
  ) );
#14622 = PCURVE('',#14623,#14628);
#14623 = PLANE('',#14624);
#14624 = AXIS2_PLACEMENT_3D('',#14625,#14626,#14627);
#14625 = CARTESIAN_POINT('',(1.992810757147,1.992810757147,14.657));
#14626 = DIRECTION('',(0.,0.,1.));
#14627 = DIRECTION('',(1.,0.,-0.));
#14628 = DEFINITIONAL_REPRESENTATION('',(#14629),#14633);
#14629 = ELLIPSE('',#14630,0.213950144773,0.200024661357);
#14630 = AXIS2_PLACEMENT_2D('',#14631,#14632);
#14631 = CARTESIAN_POINT('',(2.375559475217E-03,2.375559475217E-03));
#14632 = DIRECTION('',(0.707106781187,0.707106781187));
#14633 = ( GEOMETRIC_REPRESENTATION_CONTEXT(2) 
PARAMETRIC_REPRESENTATION_CONTEXT() REPRESENTATION_CONTEXT('2D SPACE',''
  ) );
#14634 = ORIENTED_EDGE('',*,*,#14635,.F.);
#14635 = EDGE_CURVE('',#14636,#14602,#14638,.T.);
#14636 = VERTEX_POINT('',#14637);
#14637 = CARTESIAN_POINT('',(1.851389400909,2.134232113384,14.657));
#14638 = SURFACE_CURVE('',#14639,(#14644,#14651),.PCURVE_S1.);
#14639 = CIRCLE('',#14640,0.2);
#14640 = AXIS2_PLACEMENT_3D('',#14641,#14642,#14643);
#14641 = CARTESIAN_POINT('',(1.992810757147,1.992810757147,14.657));
#14642 = DIRECTION('',(-0.250722035436,-0.250722035436,0.935027765306));
#14643 = DIRECTION('',(6.938893903907E-18,0.965878783045,0.258994549098)
  );
#14644 = PCURVE('',#13963,#14645);
#14645 = DEFINITIONAL_REPRESENTATION('',(#14646),#14650);
#14646 = LINE('',#14647,#14648);
#14647 = CARTESIAN_POINT('',(-0.,-0.616505756715));
#14648 = VECTOR('',#14649,1.);
#14649 = DIRECTION('',(-1.,-0.));
#14650 = ( GEOMETRIC_REPRESENTATION_CONTEXT(2) 
PARAMETRIC_REPRESENTATION_CONTEXT() REPRESENTATION_CONTEXT('2D SPACE',''
  ) );
#14651 = PCURVE('',#14652,#14657);
#14652 = PLANE('',#14653);
#14653 = AXIS2_PLACEMENT_3D('',#14654,#14655,#14656);
#14654 = CARTESIAN_POINT('',(1.992810757147,1.992810757147,14.657));
#14655 = DIRECTION('',(-0.250722035436,-0.250722035436,0.935027765306));
#14656 = DIRECTION('',(-6.938893903907E-18,0.965878783045,0.258994549098
    ));
#14657 = DEFINITIONAL_REPRESENTATION('',(#14658),#14662);
#14658 = CIRCLE('',#14659,0.2);
#14659 = AXIS2_PLACEMENT_2D('',#14660,#14661);
#14660 = CARTESIAN_POINT('',(0.,0.));
#14661 = DIRECTION('',(1.,0.));
#14662 = ( GEOMETRIC_REPRESENTATION_CONTEXT(2) 
PARAMETRIC_REPRESENTATION_CONTEXT() REPRESENTATION_CONTEXT('2D SPACE',''
  ) );
#14663 = ORIENTED_EDGE('',*,*,#14664,.F.);
#14664 = EDGE_CURVE('',#14579,#14636,#14665,.T.);
#14665 = SURFACE_CURVE('',#14666,(#14671,#14681),.PCURVE_S1.);
#14666 = ELLIPSE('',#14667,0.213950144773,0.200024661357);
#14667 = AXIS2_PLACEMENT_3D('',#14668,#14669,#14670);
#14668 = CARTESIAN_POINT('',(1.995186316622,1.995186316622,14.657));
#14669 = DIRECTION('',(0.,0.,1.));
#14670 = DIRECTION('',(0.707106781187,0.707106781187,-0.));
#14671 = PCURVE('',#13963,#14672);
#14672 = DEFINITIONAL_REPRESENTATION('',(#14673),#14680);
#14673 = B_SPLINE_CURVE_WITH_KNOTS('',5,(#14674,#14675,#14676,#14677,
    #14678,#14679),.UNSPECIFIED.,.F.,.F.,(6,6),(0.762620767536,
    1.586499454766),.PIECEWISE_BEZIER_KNOTS.);
#14674 = CARTESIAN_POINT('',(-4.389956470692E-15,-0.56046472534));
#14675 = CARTESIAN_POINT('',(-0.162905896778,-0.569100025514));
#14676 = CARTESIAN_POINT('',(-0.326171578108,-0.579596556674));
#14677 = CARTESIAN_POINT('',(-0.489903283434,-0.591467973398));
#14678 = CARTESIAN_POINT('',(-0.654166398698,-0.604007201786));
#14679 = CARTESIAN_POINT('',(-0.818962454111,-0.616505756715));
#14680 = ( GEOMETRIC_REPRESENTATION_CONTEXT(2) 
PARAMETRIC_REPRESENTATION_CONTEXT() REPRESENTATION_CONTEXT('2D SPACE',''
  ) );
#14681 = PCURVE('',#14623,#14682);
#14682 = DEFINITIONAL_REPRESENTATION('',(#14683),#14687);
#14683 = ELLIPSE('',#14684,0.213950144773,0.200024661357);
#14684 = AXIS2_PLACEMENT_2D('',#14685,#14686);
#14685 = CARTESIAN_POINT('',(2.375559475217E-03,2.375559475217E-03));
#14686 = DIRECTION('',(0.707106781187,0.707106781187));
#14687 = ( GEOMETRIC_REPRESENTATION_CONTEXT(2) 
PARAMETRIC_REPRESENTATION_CONTEXT() REPRESENTATION_CONTEXT('2D SPACE',''
  ) );
#14688 = ORIENTED_EDGE('',*,*,#14578,.F.);
#14689 = ORIENTED_EDGE('',*,*,#14506,.T.);
#14690 = ORIENTED_EDGE('',*,*,#13948,.T.);
#14691 = ADVANCED_FACE('',(#14692),#14002,.T.);
#14692 = FACE_BOUND('',#14693,.T.);
#14693 = EDGE_LOOP('',(#14694,#14695,#14718,#14747,#14782,#14804,#14805,
    #14806));
#14694 = ORIENTED_EDGE('',*,*,#14018,.T.);
#14695 = ORIENTED_EDGE('',*,*,#14696,.T.);
#14696 = EDGE_CURVE('',#13986,#14697,#14699,.T.);
#14697 = VERTEX_POINT('',#14698);
#14698 = CARTESIAN_POINT('',(-1.799635000538,-1.992810757147,
    14.60520109018));
#14699 = SEAM_CURVE('',#14700,(#14704,#14711),.PCURVE_S1.);
#14700 = LINE('',#14701,#14702);
#14701 = CARTESIAN_POINT('',(-1.929549303186,-2.147382335329,
    14.022139390999));
#14702 = VECTOR('',#14703,1.);
#14703 = DIRECTION('',(0.210546400774,0.250507363582,0.944942471219));
#14704 = PCURVE('',#14002,#14705);
#14705 = DEFINITIONAL_REPRESENTATION('',(#14706),#14710);
#14706 = LINE('',#14707,#14708);
#14707 = CARTESIAN_POINT('',(0.,-0.));
#14708 = VECTOR('',#14709,1.);
#14709 = DIRECTION('',(-0.,-1.));
#14710 = ( GEOMETRIC_REPRESENTATION_CONTEXT(2) 
PARAMETRIC_REPRESENTATION_CONTEXT() REPRESENTATION_CONTEXT('2D SPACE',''
  ) );
#14711 = PCURVE('',#14002,#14712);
#14712 = DEFINITIONAL_REPRESENTATION('',(#14713),#14717);
#14713 = LINE('',#14714,#14715);
#14714 = CARTESIAN_POINT('',(-6.28318530718,0.));
#14715 = VECTOR('',#14716,1.);
#14716 = DIRECTION('',(-0.,-1.));
#14717 = ( GEOMETRIC_REPRESENTATION_CONTEXT(2) 
PARAMETRIC_REPRESENTATION_CONTEXT() REPRESENTATION_CONTEXT('2D SPACE',''
  ) );
#14718 = ORIENTED_EDGE('',*,*,#14719,.F.);
#14719 = EDGE_CURVE('',#14720,#14697,#14722,.T.);
#14720 = VERTEX_POINT('',#14721);
#14721 = CARTESIAN_POINT('',(-1.851389400909,-2.134232113384,14.657));
#14722 = SURFACE_CURVE('',#14723,(#14728,#14735),.PCURVE_S1.);
#14723 = CIRCLE('',#14724,0.2);
#14724 = AXIS2_PLACEMENT_3D('',#14725,#14726,#14727);
#14725 = CARTESIAN_POINT('',(-1.992810757147,-1.992810757147,14.657));
#14726 = DIRECTION('',(0.250722035436,0.250722035436,0.935027765306));
#14727 = DIRECTION('',(0.965878783045,-6.938893903907E-18,
    -0.258994549098));
#14728 = PCURVE('',#14002,#14729);
#14729 = DEFINITIONAL_REPRESENTATION('',(#14730),#14734);
#14730 = LINE('',#14731,#14732);
#14731 = CARTESIAN_POINT('',(-0.,-0.616505756715));
#14732 = VECTOR('',#14733,1.);
#14733 = DIRECTION('',(-1.,-0.));
#14734 = ( GEOMETRIC_REPRESENTATION_CONTEXT(2) 
PARAMETRIC_REPRESENTATION_CONTEXT() REPRESENTATION_CONTEXT('2D SPACE',''
  ) );
#14735 = PCURVE('',#14736,#14741);
#14736 = PLANE('',#14737);
#14737 = AXIS2_PLACEMENT_3D('',#14738,#14739,#14740);
#14738 = CARTESIAN_POINT('',(-1.992810757147,-1.992810757147,14.657));
#14739 = DIRECTION('',(0.250722035436,0.250722035436,0.935027765306));
#14740 = DIRECTION('',(0.965878783045,6.938893903907E-18,-0.258994549098
    ));
#14741 = DEFINITIONAL_REPRESENTATION('',(#14742),#14746);
#14742 = CIRCLE('',#14743,0.2);
#14743 = AXIS2_PLACEMENT_2D('',#14744,#14745);
#14744 = CARTESIAN_POINT('',(0.,0.));
#14745 = DIRECTION('',(1.,0.));
#14746 = ( GEOMETRIC_REPRESENTATION_CONTEXT(2) 
PARAMETRIC_REPRESENTATION_CONTEXT() REPRESENTATION_CONTEXT('2D SPACE',''
  ) );
#14747 = ORIENTED_EDGE('',*,*,#14748,.F.);
#14748 = EDGE_CURVE('',#14749,#14720,#14751,.T.);
#14749 = VERTEX_POINT('',#14750);
#14750 = CARTESIAN_POINT('',(-2.134232113384,-1.851389400909,14.657));
#14751 = SURFACE_CURVE('',#14752,(#14757,#14770),.PCURVE_S1.);
#14752 = ELLIPSE('',#14753,0.213950144773,0.200024661357);
#14753 = AXIS2_PLACEMENT_3D('',#14754,#14755,#14756);
#14754 = CARTESIAN_POINT('',(-1.995186316622,-1.995186316622,14.657));
#14755 = DIRECTION('',(0.,0.,1.));
#14756 = DIRECTION('',(-0.707106781187,-0.707106781187,0.));
#14757 = PCURVE('',#14002,#14758);
#14758 = DEFINITIONAL_REPRESENTATION('',(#14759),#14769);
#14759 = B_SPLINE_CURVE_WITH_KNOTS('',8,(#14760,#14761,#14762,#14763,
    #14764,#14765,#14766,#14767,#14768),.UNSPECIFIED.,.F.,.F.,(9,9),(
    4.696685852413,7.869684761946),.PIECEWISE_BEZIER_KNOTS.);
#14760 = CARTESIAN_POINT('',(-2.322630199479,-0.616505756715));
#14761 = CARTESIAN_POINT('',(-2.719303969707,-0.586421001992));
#14762 = CARTESIAN_POINT('',(-3.113154171437,-0.556121824351));
#14763 = CARTESIAN_POINT('',(-3.504202656306,-0.532822986223));
#14764 = CARTESIAN_POINT('',(-3.89342652624,-0.523789983954));
#14765 = CARTESIAN_POINT('',(-4.282650396242,-0.532822986222));
#14766 = CARTESIAN_POINT('',(-4.6736988811,-0.556121824351));
#14767 = CARTESIAN_POINT('',(-5.067549082841,-0.586421001992));
#14768 = CARTESIAN_POINT('',(-5.464222853069,-0.616505756715));
#14769 = ( GEOMETRIC_REPRESENTATION_CONTEXT(2) 
PARAMETRIC_REPRESENTATION_CONTEXT() REPRESENTATION_CONTEXT('2D SPACE',''
  ) );
#14770 = PCURVE('',#14771,#14776);
#14771 = PLANE('',#14772);
#14772 = AXIS2_PLACEMENT_3D('',#14773,#14774,#14775);
#14773 = CARTESIAN_POINT('',(-1.992810757147,-1.992810757147,14.657));
#14774 = DIRECTION('',(0.,0.,1.));
#14775 = DIRECTION('',(1.,0.,-0.));
#14776 = DEFINITIONAL_REPRESENTATION('',(#14777),#14781);
#14777 = ELLIPSE('',#14778,0.213950144773,0.200024661357);
#14778 = AXIS2_PLACEMENT_2D('',#14779,#14780);
#14779 = CARTESIAN_POINT('',(-2.375559475217E-03,-2.375559475217E-03));
#14780 = DIRECTION('',(-0.707106781187,-0.707106781187));
#14781 = ( GEOMETRIC_REPRESENTATION_CONTEXT(2) 
PARAMETRIC_REPRESENTATION_CONTEXT() REPRESENTATION_CONTEXT('2D SPACE',''
  ) );
#14782 = ORIENTED_EDGE('',*,*,#14783,.F.);
#14783 = EDGE_CURVE('',#14697,#14749,#14784,.T.);
#14784 = SURFACE_CURVE('',#14785,(#14790,#14797),.PCURVE_S1.);
#14785 = CIRCLE('',#14786,0.2);
#14786 = AXIS2_PLACEMENT_3D('',#14787,#14788,#14789);
#14787 = CARTESIAN_POINT('',(-1.992810757147,-1.992810757147,14.657));
#14788 = DIRECTION('',(0.250722035436,0.250722035436,0.935027765306));
#14789 = DIRECTION('',(0.965878783045,-6.938893903907E-18,
    -0.258994549098));
#14790 = PCURVE('',#14002,#14791);
#14791 = DEFINITIONAL_REPRESENTATION('',(#14792),#14796);
#14792 = LINE('',#14793,#14794);
#14793 = CARTESIAN_POINT('',(-0.,-0.616505756715));
#14794 = VECTOR('',#14795,1.);
#14795 = DIRECTION('',(-1.,-0.));
#14796 = ( GEOMETRIC_REPRESENTATION_CONTEXT(2) 
PARAMETRIC_REPRESENTATION_CONTEXT() REPRESENTATION_CONTEXT('2D SPACE',''
  ) );
#14797 = PCURVE('',#14736,#14798);
#14798 = DEFINITIONAL_REPRESENTATION('',(#14799),#14803);
#14799 = CIRCLE('',#14800,0.2);
#14800 = AXIS2_PLACEMENT_2D('',#14801,#14802);
#14801 = CARTESIAN_POINT('',(0.,0.));
#14802 = DIRECTION('',(1.,0.));
#14803 = ( GEOMETRIC_REPRESENTATION_CONTEXT(2) 
PARAMETRIC_REPRESENTATION_CONTEXT() REPRESENTATION_CONTEXT('2D SPACE',''
  ) );
#14804 = ORIENTED_EDGE('',*,*,#14696,.F.);
#14805 = ORIENTED_EDGE('',*,*,#13985,.T.);
#14806 = ORIENTED_EDGE('',*,*,#14807,.T.);
#14807 = EDGE_CURVE('',#13366,#13337,#14808,.T.);
#14808 = SURFACE_CURVE('',#14809,(#14814,#14821),.PCURVE_S1.);
#14809 = CIRCLE('',#14810,0.225528333333);
#14810 = AXIS2_PLACEMENT_3D('',#14811,#14812,#14813);
#14811 = CARTESIAN_POINT('',(-2.147382335329,-2.147382335329,14.08055));
#14812 = DIRECTION('',(0.250722035436,0.250722035436,0.935027765306));
#14813 = DIRECTION('',(0.965878783045,-6.938893903907E-18,
    -0.258994549098));
#14814 = PCURVE('',#14002,#14815);
#14815 = DEFINITIONAL_REPRESENTATION('',(#14816),#14820);
#14816 = LINE('',#14817,#14818);
#14817 = CARTESIAN_POINT('',(-0.,-0.));
#14818 = VECTOR('',#14819,1.);
#14819 = DIRECTION('',(-1.,-0.));
#14820 = ( GEOMETRIC_REPRESENTATION_CONTEXT(2) 
PARAMETRIC_REPRESENTATION_CONTEXT() REPRESENTATION_CONTEXT('2D SPACE',''
  ) );
#14821 = PCURVE('',#14061,#14822);
#14822 = DEFINITIONAL_REPRESENTATION('',(#14823),#14827);
#14823 = CIRCLE('',#14824,0.225528333333);
#14824 = AXIS2_PLACEMENT_2D('',#14825,#14826);
#14825 = CARTESIAN_POINT('',(0.,0.));
#14826 = DIRECTION('',(1.,0.));
#14827 = ( GEOMETRIC_REPRESENTATION_CONTEXT(2) 
PARAMETRIC_REPRESENTATION_CONTEXT() REPRESENTATION_CONTEXT('2D SPACE',''
  ) );
#14828 = ADVANCED_FACE('',(#14829),#14061,.F.);
#14829 = FACE_BOUND('',#14830,.F.);
#14830 = EDGE_LOOP('',(#14831,#14832,#14833,#14834));
#14831 = ORIENTED_EDGE('',*,*,#14046,.T.);
#14832 = ORIENTED_EDGE('',*,*,#14807,.T.);
#14833 = ORIENTED_EDGE('',*,*,#14073,.T.);
#14834 = ORIENTED_EDGE('',*,*,#14835,.F.);
#14835 = EDGE_CURVE('',#14047,#14074,#14836,.T.);
#14836 = SURFACE_CURVE('',#14837,(#14842,#14849),.PCURVE_S1.);
#14837 = CIRCLE('',#14838,0.1807608);
#14838 = AXIS2_PLACEMENT_3D('',#14839,#14840,#14841);
#14839 = CARTESIAN_POINT('',(-2.147382335329,-2.147382335329,14.08055));
#14840 = DIRECTION('',(0.250722035436,0.250722035436,0.935027765306));
#14841 = DIRECTION('',(-0.965878783045,-6.938893903907E-18,
    0.258994549098));
#14842 = PCURVE('',#14061,#14843);
#14843 = DEFINITIONAL_REPRESENTATION('',(#14844),#14848);
#14844 = CIRCLE('',#14845,0.1807608);
#14845 = AXIS2_PLACEMENT_2D('',#14846,#14847);
#14846 = CARTESIAN_POINT('',(0.,0.));
#14847 = DIRECTION('',(-1.,0.));
#14848 = ( GEOMETRIC_REPRESENTATION_CONTEXT(2) 
PARAMETRIC_REPRESENTATION_CONTEXT() REPRESENTATION_CONTEXT('2D SPACE',''
  ) );
#14849 = PCURVE('',#14109,#14850);
#14850 = DEFINITIONAL_REPRESENTATION('',(#14851),#14868);
#14851 = B_SPLINE_CURVE_WITH_KNOTS('',8,(#14852,#14853,#14854,#14855,
    #14856,#14857,#14858,#14859,#14860,#14861,#14862,#14863,#14864,
    #14865,#14866,#14867),.UNSPECIFIED.,.F.,.F.,(9,7,9),(5.464222853069,
    7.035019179864,8.605815506659),.UNSPECIFIED.);
#14852 = CARTESIAN_POINT('',(2.356194490192,0.));
#14853 = CARTESIAN_POINT('',(2.539786762592,6.962054084126E-02));
#14854 = CARTESIAN_POINT('',(2.723374045729,0.139240179349));
#14855 = CARTESIAN_POINT('',(2.909710152835,0.20529193604));
#14856 = CARTESIAN_POINT('',(3.101349622541,0.264158123093));
#14857 = CARTESIAN_POINT('',(3.300513337792,0.312336104248));
#14858 = CARTESIAN_POINT('',(3.507011532638,0.345750499146));
#14859 = CARTESIAN_POINT('',(3.716997543916,0.362458964385));
#14860 = CARTESIAN_POINT('',(4.136984090059,0.362458964385));
#14861 = CARTESIAN_POINT('',(4.34697010133,0.345750499147));
#14862 = CARTESIAN_POINT('',(4.553468296172,0.312336104244));
#14863 = CARTESIAN_POINT('',(4.752632011438,0.264158123099));
#14864 = CARTESIAN_POINT('',(4.94427148113,0.205291936036));
#14865 = CARTESIAN_POINT('',(5.13060758824,0.139240179351));
#14866 = CARTESIAN_POINT('',(5.314194871383,6.962054084126E-02));
#14867 = CARTESIAN_POINT('',(5.497787143782,0.));
#14868 = ( GEOMETRIC_REPRESENTATION_CONTEXT(2) 
PARAMETRIC_REPRESENTATION_CONTEXT() REPRESENTATION_CONTEXT('2D SPACE',''
  ) );
#14869 = ADVANCED_FACE('',(#14870),#14109,.T.);
#14870 = FACE_BOUND('',#14871,.T.);
#14871 = EDGE_LOOP('',(#14872,#14873));
#14872 = ORIENTED_EDGE('',*,*,#14094,.T.);
#14873 = ORIENTED_EDGE('',*,*,#14835,.F.);
#14874 = ADVANCED_FACE('',(#14875),#14154,.F.);
#14875 = FACE_BOUND('',#14876,.F.);
#14876 = EDGE_LOOP('',(#14877,#14878,#14900,#14901));
#14877 = ORIENTED_EDGE('',*,*,#14215,.T.);
#14878 = ORIENTED_EDGE('',*,*,#14879,.T.);
#14879 = EDGE_CURVE('',#13590,#13492,#14880,.T.);
#14880 = SURFACE_CURVE('',#14881,(#14886,#14893),.PCURVE_S1.);
#14881 = CIRCLE('',#14882,0.225528333333);
#14882 = AXIS2_PLACEMENT_3D('',#14883,#14884,#14885);
#14883 = CARTESIAN_POINT('',(2.147382335329,-2.147382335329,14.08055));
#14884 = DIRECTION('',(-0.250722035436,0.250722035436,0.935027765306));
#14885 = DIRECTION('',(-6.938893903907E-18,0.965878783045,
    -0.258994549098));
#14886 = PCURVE('',#14154,#14887);
#14887 = DEFINITIONAL_REPRESENTATION('',(#14888),#14892);
#14888 = CIRCLE('',#14889,0.225528333333);
#14889 = AXIS2_PLACEMENT_2D('',#14890,#14891);
#14890 = CARTESIAN_POINT('',(0.,0.));
#14891 = DIRECTION('',(1.,0.));
#14892 = ( GEOMETRIC_REPRESENTATION_CONTEXT(2) 
PARAMETRIC_REPRESENTATION_CONTEXT() REPRESENTATION_CONTEXT('2D SPACE',''
  ) );
#14893 = PCURVE('',#14254,#14894);
#14894 = DEFINITIONAL_REPRESENTATION('',(#14895),#14899);
#14895 = LINE('',#14896,#14897);
#14896 = CARTESIAN_POINT('',(-0.,-0.));
#14897 = VECTOR('',#14898,1.);
#14898 = DIRECTION('',(-1.,-0.));
#14899 = ( GEOMETRIC_REPRESENTATION_CONTEXT(2) 
PARAMETRIC_REPRESENTATION_CONTEXT() REPRESENTATION_CONTEXT('2D SPACE',''
  ) );
#14900 = ORIENTED_EDGE('',*,*,#14139,.T.);
#14901 = ORIENTED_EDGE('',*,*,#14902,.F.);
#14902 = EDGE_CURVE('',#14166,#14140,#14903,.T.);
#14903 = SURFACE_CURVE('',#14904,(#14909,#14916),.PCURVE_S1.);
#14904 = CIRCLE('',#14905,0.1807608);
#14905 = AXIS2_PLACEMENT_3D('',#14906,#14907,#14908);
#14906 = CARTESIAN_POINT('',(2.147382335329,-2.147382335329,14.08055));
#14907 = DIRECTION('',(-0.250722035436,0.250722035436,0.935027765306));
#14908 = DIRECTION('',(-0.707106781187,-0.707106781187,
    -2.775557561563E-17));
#14909 = PCURVE('',#14154,#14910);
#14910 = DEFINITIONAL_REPRESENTATION('',(#14911),#14915);
#14911 = CIRCLE('',#14912,0.1807608);
#14912 = AXIS2_PLACEMENT_2D('',#14913,#14914);
#14913 = CARTESIAN_POINT('',(0.,0.));
#14914 = DIRECTION('',(-0.682979437296,0.730437600505));
#14915 = ( GEOMETRIC_REPRESENTATION_CONTEXT(2) 
PARAMETRIC_REPRESENTATION_CONTEXT() REPRESENTATION_CONTEXT('2D SPACE',''
  ) );
#14916 = PCURVE('',#14186,#14917);
#14917 = DEFINITIONAL_REPRESENTATION('',(#14918),#14939);
#14918 = B_SPLINE_CURVE_WITH_KNOTS('',7,(#14919,#14920,#14921,#14922,
    #14923,#14924,#14925,#14926,#14927,#14928,#14929,#14930,#14931,
    #14932,#14933,#14934,#14935,#14936,#14937,#14938),.UNSPECIFIED.,.F.,
  .F.,(8,6,6,8),(0.,1.16131509974,2.322630199479,3.14159265359),
  .UNSPECIFIED.);
#14919 = CARTESIAN_POINT('',(3.926990816987,0.));
#14920 = CARTESIAN_POINT('',(4.082113940205,5.882467488574E-02));
#14921 = CARTESIAN_POINT('',(4.237234888274,0.117650205645));
#14922 = CARTESIAN_POINT('',(4.394124723178,0.174158004962));
#14923 = CARTESIAN_POINT('',(4.554469453349,0.226059431715));
#14924 = CARTESIAN_POINT('',(4.719704051029,0.270956438572));
#14925 = CARTESIAN_POINT('',(4.889733764899,0.306520872603));
#14926 = CARTESIAN_POINT('',(5.236685677029,0.356054441997));
#14927 = CARTESIAN_POINT('',(5.413606334364,0.370019955703));
#14928 = CARTESIAN_POINT('',(5.5926639325,0.371729895986));
#14929 = CARTESIAN_POINT('',(5.771266591109,0.360437174382));
#14930 = CARTESIAN_POINT('',(5.946299354196,0.33710095623));
#14931 = CARTESIAN_POINT('',(6.116908648939,0.303576413842));
#14932 = CARTESIAN_POINT('',(6.400444042664,0.232647953981));
#14933 = CARTESIAN_POINT('',(6.515550206378,0.19929815294));
#14934 = CARTESIAN_POINT('',(6.628552098183,0.162694449748));
#14935 = CARTESIAN_POINT('',(6.739790149979,0.123641380771));
#14936 = CARTESIAN_POINT('',(6.849795778354,8.296344819409E-02));
#14937 = CARTESIAN_POINT('',(6.959190237243,4.148331500855E-02));
#14938 = CARTESIAN_POINT('',(7.068583470577,0.));
#14939 = ( GEOMETRIC_REPRESENTATION_CONTEXT(2) 
PARAMETRIC_REPRESENTATION_CONTEXT() REPRESENTATION_CONTEXT('2D SPACE',''
  ) );
#14940 = ADVANCED_FACE('',(#14941),#14186,.T.);
#14941 = FACE_BOUND('',#14942,.T.);
#14942 = EDGE_LOOP('',(#14943,#14944));
#14943 = ORIENTED_EDGE('',*,*,#14165,.F.);
#14944 = ORIENTED_EDGE('',*,*,#14902,.F.);
#14945 = ADVANCED_FACE('',(#14946),#14254,.T.);
#14946 = FACE_BOUND('',#14947,.T.);
#14947 = EDGE_LOOP('',(#14948,#14949,#14972,#15001,#15036,#15058,#15059,
    #15060));
#14948 = ORIENTED_EDGE('',*,*,#14237,.T.);
#14949 = ORIENTED_EDGE('',*,*,#14950,.T.);
#14950 = EDGE_CURVE('',#14238,#14951,#14953,.T.);
#14951 = VERTEX_POINT('',#14952);
#14952 = CARTESIAN_POINT('',(1.992810757147,-1.799635000538,
    14.60520109018));
#14953 = SEAM_CURVE('',#14954,(#14958,#14965),.PCURVE_S1.);
#14954 = LINE('',#14955,#14956);
#14955 = CARTESIAN_POINT('',(2.147382335329,-1.929549303186,
    14.022139390999));
#14956 = VECTOR('',#14957,1.);
#14957 = DIRECTION('',(-0.250507363582,0.210546400774,0.944942471219));
#14958 = PCURVE('',#14254,#14959);
#14959 = DEFINITIONAL_REPRESENTATION('',(#14960),#14964);
#14960 = LINE('',#14961,#14962);
#14961 = CARTESIAN_POINT('',(0.,-0.));
#14962 = VECTOR('',#14963,1.);
#14963 = DIRECTION('',(-0.,-1.));
#14964 = ( GEOMETRIC_REPRESENTATION_CONTEXT(2) 
PARAMETRIC_REPRESENTATION_CONTEXT() REPRESENTATION_CONTEXT('2D SPACE',''
  ) );
#14965 = PCURVE('',#14254,#14966);
#14966 = DEFINITIONAL_REPRESENTATION('',(#14967),#14971);
#14967 = LINE('',#14968,#14969);
#14968 = CARTESIAN_POINT('',(-6.28318530718,0.));
#14969 = VECTOR('',#14970,1.);
#14970 = DIRECTION('',(-0.,-1.));
#14971 = ( GEOMETRIC_REPRESENTATION_CONTEXT(2) 
PARAMETRIC_REPRESENTATION_CONTEXT() REPRESENTATION_CONTEXT('2D SPACE',''
  ) );
#14972 = ORIENTED_EDGE('',*,*,#14973,.F.);
#14973 = EDGE_CURVE('',#14974,#14951,#14976,.T.);
#14974 = VERTEX_POINT('',#14975);
#14975 = CARTESIAN_POINT('',(2.134232113384,-1.851389400909,14.657));
#14976 = SURFACE_CURVE('',#14977,(#14982,#14989),.PCURVE_S1.);
#14977 = CIRCLE('',#14978,0.2);
#14978 = AXIS2_PLACEMENT_3D('',#14979,#14980,#14981);
#14979 = CARTESIAN_POINT('',(1.992810757147,-1.992810757147,14.657));
#14980 = DIRECTION('',(-0.250722035436,0.250722035436,0.935027765306));
#14981 = DIRECTION('',(-6.938893903907E-18,0.965878783045,
    -0.258994549098));
#14982 = PCURVE('',#14254,#14983);
#14983 = DEFINITIONAL_REPRESENTATION('',(#14984),#14988);
#14984 = LINE('',#14985,#14986);
#14985 = CARTESIAN_POINT('',(-0.,-0.616505756715));
#14986 = VECTOR('',#14987,1.);
#14987 = DIRECTION('',(-1.,-0.));
#14988 = ( GEOMETRIC_REPRESENTATION_CONTEXT(2) 
PARAMETRIC_REPRESENTATION_CONTEXT() REPRESENTATION_CONTEXT('2D SPACE',''
  ) );
#14989 = PCURVE('',#14990,#14995);
#14990 = PLANE('',#14991);
#14991 = AXIS2_PLACEMENT_3D('',#14992,#14993,#14994);
#14992 = CARTESIAN_POINT('',(1.992810757147,-1.992810757147,14.657));
#14993 = DIRECTION('',(-0.250722035436,0.250722035436,0.935027765306));
#14994 = DIRECTION('',(0.,0.965878783045,-0.258994549098));
#14995 = DEFINITIONAL_REPRESENTATION('',(#14996),#15000);
#14996 = CIRCLE('',#14997,0.2);
#14997 = AXIS2_PLACEMENT_2D('',#14998,#14999);
#14998 = CARTESIAN_POINT('',(0.,0.));
#14999 = DIRECTION('',(1.,0.));
#15000 = ( GEOMETRIC_REPRESENTATION_CONTEXT(2) 
PARAMETRIC_REPRESENTATION_CONTEXT() REPRESENTATION_CONTEXT('2D SPACE',''
  ) );
#15001 = ORIENTED_EDGE('',*,*,#15002,.F.);
#15002 = EDGE_CURVE('',#15003,#14974,#15005,.T.);
#15003 = VERTEX_POINT('',#15004);
#15004 = CARTESIAN_POINT('',(1.851389400909,-2.134232113384,14.657));
#15005 = SURFACE_CURVE('',#15006,(#15011,#15024),.PCURVE_S1.);
#15006 = ELLIPSE('',#15007,0.213950144773,0.200024661357);
#15007 = AXIS2_PLACEMENT_3D('',#15008,#15009,#15010);
#15008 = CARTESIAN_POINT('',(1.995186316622,-1.995186316622,14.657));
#15009 = DIRECTION('',(0.,0.,1.));
#15010 = DIRECTION('',(0.707106781187,-0.707106781187,0.));
#15011 = PCURVE('',#14254,#15012);
#15012 = DEFINITIONAL_REPRESENTATION('',(#15013),#15023);
#15013 = B_SPLINE_CURVE_WITH_KNOTS('',8,(#15014,#15015,#15016,#15017,
    #15018,#15019,#15020,#15021,#15022),.UNSPECIFIED.,.F.,.F.,(9,9),(
    4.696685852413,7.869684761946),.PIECEWISE_BEZIER_KNOTS.);
#15014 = CARTESIAN_POINT('',(-2.322630199479,-0.616505756715));
#15015 = CARTESIAN_POINT('',(-2.719303969707,-0.586421001992));
#15016 = CARTESIAN_POINT('',(-3.113154171451,-0.556121824351));
#15017 = CARTESIAN_POINT('',(-3.504202656271,-0.53282298622));
#15018 = CARTESIAN_POINT('',(-3.893426526312,-0.523789983955));
#15019 = CARTESIAN_POINT('',(-4.282650396206,-0.532822986221));
#15020 = CARTESIAN_POINT('',(-4.673698881115,-0.556121824352));
#15021 = CARTESIAN_POINT('',(-5.067549082841,-0.586421001992));
#15022 = CARTESIAN_POINT('',(-5.464222853069,-0.616505756715));
#15023 = ( GEOMETRIC_REPRESENTATION_CONTEXT(2) 
PARAMETRIC_REPRESENTATION_CONTEXT() REPRESENTATION_CONTEXT('2D SPACE',''
  ) );
#15024 = PCURVE('',#15025,#15030);
#15025 = PLANE('',#15026);
#15026 = AXIS2_PLACEMENT_3D('',#15027,#15028,#15029);
#15027 = CARTESIAN_POINT('',(1.992810757147,-1.992810757147,14.657));
#15028 = DIRECTION('',(0.,0.,1.));
#15029 = DIRECTION('',(1.,0.,-0.));
#15030 = DEFINITIONAL_REPRESENTATION('',(#15031),#15035);
#15031 = ELLIPSE('',#15032,0.213950144773,0.200024661357);
#15032 = AXIS2_PLACEMENT_2D('',#15033,#15034);
#15033 = CARTESIAN_POINT('',(2.375559475217E-03,-2.375559475217E-03));
#15034 = DIRECTION('',(0.707106781187,-0.707106781187));
#15035 = ( GEOMETRIC_REPRESENTATION_CONTEXT(2) 
PARAMETRIC_REPRESENTATION_CONTEXT() REPRESENTATION_CONTEXT('2D SPACE',''
  ) );
#15036 = ORIENTED_EDGE('',*,*,#15037,.F.);
#15037 = EDGE_CURVE('',#14951,#15003,#15038,.T.);
#15038 = SURFACE_CURVE('',#15039,(#15044,#15051),.PCURVE_S1.);
#15039 = CIRCLE('',#15040,0.2);
#15040 = AXIS2_PLACEMENT_3D('',#15041,#15042,#15043);
#15041 = CARTESIAN_POINT('',(1.992810757147,-1.992810757147,14.657));
#15042 = DIRECTION('',(-0.250722035436,0.250722035436,0.935027765306));
#15043 = DIRECTION('',(-6.938893903907E-18,0.965878783045,
    -0.258994549098));
#15044 = PCURVE('',#14254,#15045);
#15045 = DEFINITIONAL_REPRESENTATION('',(#15046),#15050);
#15046 = LINE('',#15047,#15048);
#15047 = CARTESIAN_POINT('',(-0.,-0.616505756715));
#15048 = VECTOR('',#15049,1.);
#15049 = DIRECTION('',(-1.,-0.));
#15050 = ( GEOMETRIC_REPRESENTATION_CONTEXT(2) 
PARAMETRIC_REPRESENTATION_CONTEXT() REPRESENTATION_CONTEXT('2D SPACE',''
  ) );
#15051 = PCURVE('',#14990,#15052);
#15052 = DEFINITIONAL_REPRESENTATION('',(#15053),#15057);
#15053 = CIRCLE('',#15054,0.2);
#15054 = AXIS2_PLACEMENT_2D('',#15055,#15056);
#15055 = CARTESIAN_POINT('',(0.,0.));
#15056 = DIRECTION('',(1.,0.));
#15057 = ( GEOMETRIC_REPRESENTATION_CONTEXT(2) 
PARAMETRIC_REPRESENTATION_CONTEXT() REPRESENTATION_CONTEXT('2D SPACE',''
  ) );
#15058 = ORIENTED_EDGE('',*,*,#14950,.F.);
#15059 = ORIENTED_EDGE('',*,*,#14270,.T.);
#15060 = ORIENTED_EDGE('',*,*,#14879,.T.);
#15061 = ADVANCED_FACE('',(#15062),#14407,.T.);
#15062 = FACE_BOUND('',#15063,.T.);
#15063 = EDGE_LOOP('',(#15064,#15065,#15066));
#15064 = ORIENTED_EDGE('',*,*,#14390,.T.);
#15065 = ORIENTED_EDGE('',*,*,#14454,.T.);
#15066 = ORIENTED_EDGE('',*,*,#15067,.T.);
#15067 = EDGE_CURVE('',#14420,#14391,#15068,.T.);
#15068 = SURFACE_CURVE('',#15069,(#15073,#15080),.PCURVE_S1.);
#15069 = LINE('',#15070,#15071);
#15070 = CARTESIAN_POINT('',(-1.851389400909,2.134232113384,14.657));
#15071 = VECTOR('',#15072,1.);
#15072 = DIRECTION('',(-0.707106781187,-0.707106781187,0.));
#15073 = PCURVE('',#14407,#15074);
#15074 = DEFINITIONAL_REPRESENTATION('',(#15075),#15079);
#15075 = LINE('',#15076,#15077);
#15076 = CARTESIAN_POINT('',(0.136595887459,0.146087520101));
#15077 = VECTOR('',#15078,1.);
#15078 = DIRECTION('',(-0.682979437296,-0.730437600505));
#15079 = ( GEOMETRIC_REPRESENTATION_CONTEXT(2) 
PARAMETRIC_REPRESENTATION_CONTEXT() REPRESENTATION_CONTEXT('2D SPACE',''
  ) );
#15080 = PCURVE('',#14442,#15081);
#15081 = DEFINITIONAL_REPRESENTATION('',(#15082),#15086);
#15082 = LINE('',#15083,#15084);
#15083 = CARTESIAN_POINT('',(0.141421356237,0.141421356237));
#15084 = VECTOR('',#15085,1.);
#15085 = DIRECTION('',(-0.707106781187,-0.707106781187));
#15086 = ( GEOMETRIC_REPRESENTATION_CONTEXT(2) 
PARAMETRIC_REPRESENTATION_CONTEXT() REPRESENTATION_CONTEXT('2D SPACE',''
  ) );
#15087 = ADVANCED_FACE('',(#15088,#15119),#14442,.F.);
#15088 = FACE_BOUND('',#15089,.F.);
#15089 = EDGE_LOOP('',(#15090));
#15090 = ORIENTED_EDGE('',*,*,#15091,.T.);
#15091 = EDGE_CURVE('',#15092,#15092,#15094,.T.);
#15092 = VERTEX_POINT('',#15093);
#15093 = CARTESIAN_POINT('',(-1.618010757147,1.992810757147,14.657));
#15094 = SURFACE_CURVE('',#15095,(#15100,#15107),.PCURVE_S1.);
#15095 = CIRCLE('',#15096,0.3748);
#15096 = AXIS2_PLACEMENT_3D('',#15097,#15098,#15099);
#15097 = CARTESIAN_POINT('',(-1.992810757147,1.992810757147,14.657));
#15098 = DIRECTION('',(0.,0.,1.));
#15099 = DIRECTION('',(1.,0.,-0.));
#15100 = PCURVE('',#14442,#15101);
#15101 = DEFINITIONAL_REPRESENTATION('',(#15102),#15106);
#15102 = CIRCLE('',#15103,0.3748);
#15103 = AXIS2_PLACEMENT_2D('',#15104,#15105);
#15104 = CARTESIAN_POINT('',(0.,0.));
#15105 = DIRECTION('',(1.,0.));
#15106 = ( GEOMETRIC_REPRESENTATION_CONTEXT(2) 
PARAMETRIC_REPRESENTATION_CONTEXT() REPRESENTATION_CONTEXT('2D SPACE',''
  ) );
#15107 = PCURVE('',#15108,#15113);
#15108 = SPHERICAL_SURFACE('',#15109,0.3748);
#15109 = AXIS2_PLACEMENT_3D('',#15110,#15111,#15112);
#15110 = CARTESIAN_POINT('',(-1.992810757147,1.992810757147,14.657));
#15111 = DIRECTION('',(0.,0.,1.));
#15112 = DIRECTION('',(1.,0.,-0.));
#15113 = DEFINITIONAL_REPRESENTATION('',(#15114),#15118);
#15114 = LINE('',#15115,#15116);
#15115 = CARTESIAN_POINT('',(0.,0.));
#15116 = VECTOR('',#15117,1.);
#15117 = DIRECTION('',(1.,0.));
#15118 = ( GEOMETRIC_REPRESENTATION_CONTEXT(2) 
PARAMETRIC_REPRESENTATION_CONTEXT() REPRESENTATION_CONTEXT('2D SPACE',''
  ) );
#15119 = FACE_BOUND('',#15120,.F.);
#15120 = EDGE_LOOP('',(#15121,#15122));
#15121 = ORIENTED_EDGE('',*,*,#15067,.T.);
#15122 = ORIENTED_EDGE('',*,*,#14419,.F.);
#15123 = ADVANCED_FACE('',(#15124,#15155),#14623,.F.);
#15124 = FACE_BOUND('',#15125,.F.);
#15125 = EDGE_LOOP('',(#15126));
#15126 = ORIENTED_EDGE('',*,*,#15127,.T.);
#15127 = EDGE_CURVE('',#15128,#15128,#15130,.T.);
#15128 = VERTEX_POINT('',#15129);
#15129 = CARTESIAN_POINT('',(2.367610757147,1.992810757147,14.657));
#15130 = SURFACE_CURVE('',#15131,(#15136,#15143),.PCURVE_S1.);
#15131 = CIRCLE('',#15132,0.3748);
#15132 = AXIS2_PLACEMENT_3D('',#15133,#15134,#15135);
#15133 = CARTESIAN_POINT('',(1.992810757147,1.992810757147,14.657));
#15134 = DIRECTION('',(0.,0.,1.));
#15135 = DIRECTION('',(1.,0.,-0.));
#15136 = PCURVE('',#14623,#15137);
#15137 = DEFINITIONAL_REPRESENTATION('',(#15138),#15142);
#15138 = CIRCLE('',#15139,0.3748);
#15139 = AXIS2_PLACEMENT_2D('',#15140,#15141);
#15140 = CARTESIAN_POINT('',(0.,0.));
#15141 = DIRECTION('',(1.,0.));
#15142 = ( GEOMETRIC_REPRESENTATION_CONTEXT(2) 
PARAMETRIC_REPRESENTATION_CONTEXT() REPRESENTATION_CONTEXT('2D SPACE',''
  ) );
#15143 = PCURVE('',#15144,#15149);
#15144 = SPHERICAL_SURFACE('',#15145,0.3748);
#15145 = AXIS2_PLACEMENT_3D('',#15146,#15147,#15148);
#15146 = CARTESIAN_POINT('',(1.992810757147,1.992810757147,14.657));
#15147 = DIRECTION('',(0.,0.,1.));
#15148 = DIRECTION('',(1.,0.,-0.));
#15149 = DEFINITIONAL_REPRESENTATION('',(#15150),#15154);
#15150 = LINE('',#15151,#15152);
#15151 = CARTESIAN_POINT('',(0.,0.));
#15152 = VECTOR('',#15153,1.);
#15153 = DIRECTION('',(1.,0.));
#15154 = ( GEOMETRIC_REPRESENTATION_CONTEXT(2) 
PARAMETRIC_REPRESENTATION_CONTEXT() REPRESENTATION_CONTEXT('2D SPACE',''
  ) );
#15155 = FACE_BOUND('',#15156,.F.);
#15156 = EDGE_LOOP('',(#15157,#15178,#15179));
#15157 = ORIENTED_EDGE('',*,*,#15158,.F.);
#15158 = EDGE_CURVE('',#14636,#14602,#15159,.T.);
#15159 = SURFACE_CURVE('',#15160,(#15164,#15171),.PCURVE_S1.);
#15160 = LINE('',#15161,#15162);
#15161 = CARTESIAN_POINT('',(1.851389400909,2.134232113384,14.657));
#15162 = VECTOR('',#15163,1.);
#15163 = DIRECTION('',(0.707106781187,-0.707106781187,0.));
#15164 = PCURVE('',#14623,#15165);
#15165 = DEFINITIONAL_REPRESENTATION('',(#15166),#15170);
#15166 = LINE('',#15167,#15168);
#15167 = CARTESIAN_POINT('',(-0.141421356237,0.141421356237));
#15168 = VECTOR('',#15169,1.);
#15169 = DIRECTION('',(0.707106781187,-0.707106781187));
#15170 = ( GEOMETRIC_REPRESENTATION_CONTEXT(2) 
PARAMETRIC_REPRESENTATION_CONTEXT() REPRESENTATION_CONTEXT('2D SPACE',''
  ) );
#15171 = PCURVE('',#14652,#15172);
#15172 = DEFINITIONAL_REPRESENTATION('',(#15173),#15177);
#15173 = LINE('',#15174,#15175);
#15174 = CARTESIAN_POINT('',(0.136595887459,0.146087520101));
#15175 = VECTOR('',#15176,1.);
#15176 = DIRECTION('',(-0.682979437296,-0.730437600505));
#15177 = ( GEOMETRIC_REPRESENTATION_CONTEXT(2) 
PARAMETRIC_REPRESENTATION_CONTEXT() REPRESENTATION_CONTEXT('2D SPACE',''
  ) );
#15178 = ORIENTED_EDGE('',*,*,#14664,.F.);
#15179 = ORIENTED_EDGE('',*,*,#14601,.F.);
#15180 = ADVANCED_FACE('',(#15181),#14652,.T.);
#15181 = FACE_BOUND('',#15182,.T.);
#15182 = EDGE_LOOP('',(#15183,#15184));
#15183 = ORIENTED_EDGE('',*,*,#15158,.F.);
#15184 = ORIENTED_EDGE('',*,*,#14635,.T.);
#15185 = ADVANCED_FACE('',(#15186),#14736,.T.);
#15186 = FACE_BOUND('',#15187,.T.);
#15187 = EDGE_LOOP('',(#15188,#15189,#15190));
#15188 = ORIENTED_EDGE('',*,*,#14719,.T.);
#15189 = ORIENTED_EDGE('',*,*,#14783,.T.);
#15190 = ORIENTED_EDGE('',*,*,#15191,.T.);
#15191 = EDGE_CURVE('',#14749,#14720,#15192,.T.);
#15192 = SURFACE_CURVE('',#15193,(#15197,#15204),.PCURVE_S1.);
#15193 = LINE('',#15194,#15195);
#15194 = CARTESIAN_POINT('',(-2.134232113384,-1.851389400909,14.657));
#15195 = VECTOR('',#15196,1.);
#15196 = DIRECTION('',(0.707106781187,-0.707106781187,0.));
#15197 = PCURVE('',#14736,#15198);
#15198 = DEFINITIONAL_REPRESENTATION('',(#15199),#15203);
#15199 = LINE('',#15200,#15201);
#15200 = CARTESIAN_POINT('',(-0.136595887459,0.146087520101));
#15201 = VECTOR('',#15202,1.);
#15202 = DIRECTION('',(0.682979437296,-0.730437600505));
#15203 = ( GEOMETRIC_REPRESENTATION_CONTEXT(2) 
PARAMETRIC_REPRESENTATION_CONTEXT() REPRESENTATION_CONTEXT('2D SPACE',''
  ) );
#15204 = PCURVE('',#14771,#15205);
#15205 = DEFINITIONAL_REPRESENTATION('',(#15206),#15210);
#15206 = LINE('',#15207,#15208);
#15207 = CARTESIAN_POINT('',(-0.141421356237,0.141421356237));
#15208 = VECTOR('',#15209,1.);
#15209 = DIRECTION('',(0.707106781187,-0.707106781187));
#15210 = ( GEOMETRIC_REPRESENTATION_CONTEXT(2) 
PARAMETRIC_REPRESENTATION_CONTEXT() REPRESENTATION_CONTEXT('2D SPACE',''
  ) );
#15211 = ADVANCED_FACE('',(#15212,#15243),#14771,.F.);
#15212 = FACE_BOUND('',#15213,.F.);
#15213 = EDGE_LOOP('',(#15214));
#15214 = ORIENTED_EDGE('',*,*,#15215,.T.);
#15215 = EDGE_CURVE('',#15216,#15216,#15218,.T.);
#15216 = VERTEX_POINT('',#15217);
#15217 = CARTESIAN_POINT('',(-1.618010757147,-1.992810757147,14.657));
#15218 = SURFACE_CURVE('',#15219,(#15224,#15231),.PCURVE_S1.);
#15219 = CIRCLE('',#15220,0.3748);
#15220 = AXIS2_PLACEMENT_3D('',#15221,#15222,#15223);
#15221 = CARTESIAN_POINT('',(-1.992810757147,-1.992810757147,14.657));
#15222 = DIRECTION('',(0.,0.,1.));
#15223 = DIRECTION('',(1.,0.,-0.));
#15224 = PCURVE('',#14771,#15225);
#15225 = DEFINITIONAL_REPRESENTATION('',(#15226),#15230);
#15226 = CIRCLE('',#15227,0.3748);
#15227 = AXIS2_PLACEMENT_2D('',#15228,#15229);
#15228 = CARTESIAN_POINT('',(0.,0.));
#15229 = DIRECTION('',(1.,0.));
#15230 = ( GEOMETRIC_REPRESENTATION_CONTEXT(2) 
PARAMETRIC_REPRESENTATION_CONTEXT() REPRESENTATION_CONTEXT('2D SPACE',''
  ) );
#15231 = PCURVE('',#15232,#15237);
#15232 = SPHERICAL_SURFACE('',#15233,0.3748);
#15233 = AXIS2_PLACEMENT_3D('',#15234,#15235,#15236);
#15234 = CARTESIAN_POINT('',(-1.992810757147,-1.992810757147,14.657));
#15235 = DIRECTION('',(0.,0.,1.));
#15236 = DIRECTION('',(1.,0.,-0.));
#15237 = DEFINITIONAL_REPRESENTATION('',(#15238),#15242);
#15238 = LINE('',#15239,#15240);
#15239 = CARTESIAN_POINT('',(0.,0.));
#15240 = VECTOR('',#15241,1.);
#15241 = DIRECTION('',(1.,0.));
#15242 = ( GEOMETRIC_REPRESENTATION_CONTEXT(2) 
PARAMETRIC_REPRESENTATION_CONTEXT() REPRESENTATION_CONTEXT('2D SPACE',''
  ) );
#15243 = FACE_BOUND('',#15244,.F.);
#15244 = EDGE_LOOP('',(#15245,#15246));
#15245 = ORIENTED_EDGE('',*,*,#15191,.T.);
#15246 = ORIENTED_EDGE('',*,*,#14748,.F.);
#15247 = ADVANCED_FACE('',(#15248),#14990,.T.);
#15248 = FACE_BOUND('',#15249,.T.);
#15249 = EDGE_LOOP('',(#15250,#15251,#15252));
#15250 = ORIENTED_EDGE('',*,*,#14973,.T.);
#15251 = ORIENTED_EDGE('',*,*,#15037,.T.);
#15252 = ORIENTED_EDGE('',*,*,#15253,.T.);
#15253 = EDGE_CURVE('',#15003,#14974,#15254,.T.);
#15254 = SURFACE_CURVE('',#15255,(#15259,#15266),.PCURVE_S1.);
#15255 = LINE('',#15256,#15257);
#15256 = CARTESIAN_POINT('',(1.851389400909,-2.134232113384,14.657));
#15257 = VECTOR('',#15258,1.);
#15258 = DIRECTION('',(0.707106781187,0.707106781187,0.));
#15259 = PCURVE('',#14990,#15260);
#15260 = DEFINITIONAL_REPRESENTATION('',(#15261),#15265);
#15261 = LINE('',#15262,#15263);
#15262 = CARTESIAN_POINT('',(-0.136595887459,0.146087520101));
#15263 = VECTOR('',#15264,1.);
#15264 = DIRECTION('',(0.682979437296,-0.730437600505));
#15265 = ( GEOMETRIC_REPRESENTATION_CONTEXT(2) 
PARAMETRIC_REPRESENTATION_CONTEXT() REPRESENTATION_CONTEXT('2D SPACE',''
  ) );
#15266 = PCURVE('',#15025,#15267);
#15267 = DEFINITIONAL_REPRESENTATION('',(#15268),#15272);
#15268 = LINE('',#15269,#15270);
#15269 = CARTESIAN_POINT('',(-0.141421356237,-0.141421356237));
#15270 = VECTOR('',#15271,1.);
#15271 = DIRECTION('',(0.707106781187,0.707106781187));
#15272 = ( GEOMETRIC_REPRESENTATION_CONTEXT(2) 
PARAMETRIC_REPRESENTATION_CONTEXT() REPRESENTATION_CONTEXT('2D SPACE',''
  ) );
#15273 = ADVANCED_FACE('',(#15274,#15305),#15025,.F.);
#15274 = FACE_BOUND('',#15275,.F.);
#15275 = EDGE_LOOP('',(#15276));
#15276 = ORIENTED_EDGE('',*,*,#15277,.T.);
#15277 = EDGE_CURVE('',#15278,#15278,#15280,.T.);
#15278 = VERTEX_POINT('',#15279);
#15279 = CARTESIAN_POINT('',(2.367610757147,-1.992810757147,14.657));
#15280 = SURFACE_CURVE('',#15281,(#15286,#15293),.PCURVE_S1.);
#15281 = CIRCLE('',#15282,0.3748);
#15282 = AXIS2_PLACEMENT_3D('',#15283,#15284,#15285);
#15283 = CARTESIAN_POINT('',(1.992810757147,-1.992810757147,14.657));
#15284 = DIRECTION('',(0.,0.,1.));
#15285 = DIRECTION('',(1.,0.,-0.));
#15286 = PCURVE('',#15025,#15287);
#15287 = DEFINITIONAL_REPRESENTATION('',(#15288),#15292);
#15288 = CIRCLE('',#15289,0.3748);
#15289 = AXIS2_PLACEMENT_2D('',#15290,#15291);
#15290 = CARTESIAN_POINT('',(0.,0.));
#15291 = DIRECTION('',(1.,0.));
#15292 = ( GEOMETRIC_REPRESENTATION_CONTEXT(2) 
PARAMETRIC_REPRESENTATION_CONTEXT() REPRESENTATION_CONTEXT('2D SPACE',''
  ) );
#15293 = PCURVE('',#15294,#15299);
#15294 = SPHERICAL_SURFACE('',#15295,0.3748);
#15295 = AXIS2_PLACEMENT_3D('',#15296,#15297,#15298);
#15296 = CARTESIAN_POINT('',(1.992810757147,-1.992810757147,14.657));
#15297 = DIRECTION('',(0.,0.,1.));
#15298 = DIRECTION('',(1.,0.,-0.));
#15299 = DEFINITIONAL_REPRESENTATION('',(#15300),#15304);
#15300 = LINE('',#15301,#15302);
#15301 = CARTESIAN_POINT('',(0.,0.));
#15302 = VECTOR('',#15303,1.);
#15303 = DIRECTION('',(1.,0.));
#15304 = ( GEOMETRIC_REPRESENTATION_CONTEXT(2) 
PARAMETRIC_REPRESENTATION_CONTEXT() REPRESENTATION_CONTEXT('2D SPACE',''
  ) );
#15305 = FACE_BOUND('',#15306,.F.);
#15306 = EDGE_LOOP('',(#15307,#15308));
#15307 = ORIENTED_EDGE('',*,*,#15253,.T.);
#15308 = ORIENTED_EDGE('',*,*,#15002,.F.);
#15309 = ADVANCED_FACE('',(#15310),#15108,.T.);
#15310 = FACE_BOUND('',#15311,.T.);
#15311 = EDGE_LOOP('',(#15312,#15336,#15337));
#15312 = ORIENTED_EDGE('',*,*,#15313,.F.);
#15313 = EDGE_CURVE('',#15092,#15314,#15316,.T.);
#15314 = VERTEX_POINT('',#15315);
#15315 = CARTESIAN_POINT('',(-1.992810757147,1.992810757147,15.0318));
#15316 = SEAM_CURVE('',#15317,(#15322,#15329),.PCURVE_S1.);
#15317 = CIRCLE('',#15318,0.3748);
#15318 = AXIS2_PLACEMENT_3D('',#15319,#15320,#15321);
#15319 = CARTESIAN_POINT('',(-1.992810757147,1.992810757147,14.657));
#15320 = DIRECTION('',(-2.449293598295E-16,-1.,0.));
#15321 = DIRECTION('',(1.,-2.449293598295E-16,0.));
#15322 = PCURVE('',#15108,#15323);
#15323 = DEFINITIONAL_REPRESENTATION('',(#15324),#15328);
#15324 = LINE('',#15325,#15326);
#15325 = CARTESIAN_POINT('',(6.28318530718,-6.28318530718));
#15326 = VECTOR('',#15327,1.);
#15327 = DIRECTION('',(0.,1.));
#15328 = ( GEOMETRIC_REPRESENTATION_CONTEXT(2) 
PARAMETRIC_REPRESENTATION_CONTEXT() REPRESENTATION_CONTEXT('2D SPACE',''
  ) );
#15329 = PCURVE('',#15108,#15330);
#15330 = DEFINITIONAL_REPRESENTATION('',(#15331),#15335);
#15331 = LINE('',#15332,#15333);
#15332 = CARTESIAN_POINT('',(0.,-6.28318530718));
#15333 = VECTOR('',#15334,1.);
#15334 = DIRECTION('',(0.,1.));
#15335 = ( GEOMETRIC_REPRESENTATION_CONTEXT(2) 
PARAMETRIC_REPRESENTATION_CONTEXT() REPRESENTATION_CONTEXT('2D SPACE',''
  ) );
#15336 = ORIENTED_EDGE('',*,*,#15091,.T.);
#15337 = ORIENTED_EDGE('',*,*,#15313,.T.);
#15338 = ADVANCED_FACE('',(#15339),#15144,.T.);
#15339 = FACE_BOUND('',#15340,.T.);
#15340 = EDGE_LOOP('',(#15341,#15365,#15366));
#15341 = ORIENTED_EDGE('',*,*,#15342,.F.);
#15342 = EDGE_CURVE('',#15128,#15343,#15345,.T.);
#15343 = VERTEX_POINT('',#15344);
#15344 = CARTESIAN_POINT('',(1.992810757147,1.992810757147,15.0318));
#15345 = SEAM_CURVE('',#15346,(#15351,#15358),.PCURVE_S1.);
#15346 = CIRCLE('',#15347,0.3748);
#15347 = AXIS2_PLACEMENT_3D('',#15348,#15349,#15350);
#15348 = CARTESIAN_POINT('',(1.992810757147,1.992810757147,14.657));
#15349 = DIRECTION('',(-2.449293598295E-16,-1.,0.));
#15350 = DIRECTION('',(1.,-2.449293598295E-16,0.));
#15351 = PCURVE('',#15144,#15352);
#15352 = DEFINITIONAL_REPRESENTATION('',(#15353),#15357);
#15353 = LINE('',#15354,#15355);
#15354 = CARTESIAN_POINT('',(6.28318530718,-6.28318530718));
#15355 = VECTOR('',#15356,1.);
#15356 = DIRECTION('',(0.,1.));
#15357 = ( GEOMETRIC_REPRESENTATION_CONTEXT(2) 
PARAMETRIC_REPRESENTATION_CONTEXT() REPRESENTATION_CONTEXT('2D SPACE',''
  ) );
#15358 = PCURVE('',#15144,#15359);
#15359 = DEFINITIONAL_REPRESENTATION('',(#15360),#15364);
#15360 = LINE('',#15361,#15362);
#15361 = CARTESIAN_POINT('',(0.,-6.28318530718));
#15362 = VECTOR('',#15363,1.);
#15363 = DIRECTION('',(0.,1.));
#15364 = ( GEOMETRIC_REPRESENTATION_CONTEXT(2) 
PARAMETRIC_REPRESENTATION_CONTEXT() REPRESENTATION_CONTEXT('2D SPACE',''
  ) );
#15365 = ORIENTED_EDGE('',*,*,#15127,.T.);
#15366 = ORIENTED_EDGE('',*,*,#15342,.T.);
#15367 = ADVANCED_FACE('',(#15368),#15232,.T.);
#15368 = FACE_BOUND('',#15369,.T.);
#15369 = EDGE_LOOP('',(#15370,#15394,#15395));
#15370 = ORIENTED_EDGE('',*,*,#15371,.F.);
#15371 = EDGE_CURVE('',#15216,#15372,#15374,.T.);
#15372 = VERTEX_POINT('',#15373);
#15373 = CARTESIAN_POINT('',(-1.992810757147,-1.992810757147,15.0318));
#15374 = SEAM_CURVE('',#15375,(#15380,#15387),.PCURVE_S1.);
#15375 = CIRCLE('',#15376,0.3748);
#15376 = AXIS2_PLACEMENT_3D('',#15377,#15378,#15379);
#15377 = CARTESIAN_POINT('',(-1.992810757147,-1.992810757147,14.657));
#15378 = DIRECTION('',(-2.449293598295E-16,-1.,0.));
#15379 = DIRECTION('',(1.,-2.449293598295E-16,0.));
#15380 = PCURVE('',#15232,#15381);
#15381 = DEFINITIONAL_REPRESENTATION('',(#15382),#15386);
#15382 = LINE('',#15383,#15384);
#15383 = CARTESIAN_POINT('',(6.28318530718,-6.28318530718));
#15384 = VECTOR('',#15385,1.);
#15385 = DIRECTION('',(0.,1.));
#15386 = ( GEOMETRIC_REPRESENTATION_CONTEXT(2) 
PARAMETRIC_REPRESENTATION_CONTEXT() REPRESENTATION_CONTEXT('2D SPACE',''
  ) );
#15387 = PCURVE('',#15232,#15388);
#15388 = DEFINITIONAL_REPRESENTATION('',(#15389),#15393);
#15389 = LINE('',#15390,#15391);
#15390 = CARTESIAN_POINT('',(0.,-6.28318530718));
#15391 = VECTOR('',#15392,1.);
#15392 = DIRECTION('',(0.,1.));
#15393 = ( GEOMETRIC_REPRESENTATION_CONTEXT(2) 
PARAMETRIC_REPRESENTATION_CONTEXT() REPRESENTATION_CONTEXT('2D SPACE',''
  ) );
#15394 = ORIENTED_EDGE('',*,*,#15215,.T.);
#15395 = ORIENTED_EDGE('',*,*,#15371,.T.);
#15396 = ADVANCED_FACE('',(#15397),#15294,.T.);
#15397 = FACE_BOUND('',#15398,.T.);
#15398 = EDGE_LOOP('',(#15399,#15423,#15424));
#15399 = ORIENTED_EDGE('',*,*,#15400,.F.);
#15400 = EDGE_CURVE('',#15278,#15401,#15403,.T.);
#15401 = VERTEX_POINT('',#15402);
#15402 = CARTESIAN_POINT('',(1.992810757147,-1.992810757147,15.0318));
#15403 = SEAM_CURVE('',#15404,(#15409,#15416),.PCURVE_S1.);
#15404 = CIRCLE('',#15405,0.3748);
#15405 = AXIS2_PLACEMENT_3D('',#15406,#15407,#15408);
#15406 = CARTESIAN_POINT('',(1.992810757147,-1.992810757147,14.657));
#15407 = DIRECTION('',(-2.449293598295E-16,-1.,0.));
#15408 = DIRECTION('',(1.,-2.449293598295E-16,0.));
#15409 = PCURVE('',#15294,#15410);
#15410 = DEFINITIONAL_REPRESENTATION('',(#15411),#15415);
#15411 = LINE('',#15412,#15413);
#15412 = CARTESIAN_POINT('',(6.28318530718,-6.28318530718));
#15413 = VECTOR('',#15414,1.);
#15414 = DIRECTION('',(0.,1.));
#15415 = ( GEOMETRIC_REPRESENTATION_CONTEXT(2) 
PARAMETRIC_REPRESENTATION_CONTEXT() REPRESENTATION_CONTEXT('2D SPACE',''
  ) );
#15416 = PCURVE('',#15294,#15417);
#15417 = DEFINITIONAL_REPRESENTATION('',(#15418),#15422);
#15418 = LINE('',#15419,#15420);
#15419 = CARTESIAN_POINT('',(0.,-6.28318530718));
#15420 = VECTOR('',#15421,1.);
#15421 = DIRECTION('',(0.,1.));
#15422 = ( GEOMETRIC_REPRESENTATION_CONTEXT(2) 
PARAMETRIC_REPRESENTATION_CONTEXT() REPRESENTATION_CONTEXT('2D SPACE',''
  ) );
#15423 = ORIENTED_EDGE('',*,*,#15277,.T.);
#15424 = ORIENTED_EDGE('',*,*,#15400,.T.);
#15425 = ( GEOMETRIC_REPRESENTATION_CONTEXT(3) 
GLOBAL_UNCERTAINTY_ASSIGNED_CONTEXT((#15429)) 
GLOBAL_UNIT_ASSIGNED_CONTEXT((#15426,#15427,#15428)) 
REPRESENTATION_CONTEXT('Context #1',
  '3D Context with UNIT and UNCERTAINTY') );
#15426 = ( LENGTH_UNIT() NAMED_UNIT(*) SI_UNIT(.MILLI.,.METRE.) );
#15427 = ( NAMED_UNIT(*) PLANE_ANGLE_UNIT() SI_UNIT($,.RADIAN.) );
#15428 = ( NAMED_UNIT(*) SI_UNIT($,.STERADIAN.) SOLID_ANGLE_UNIT() );
#15429 = UNCERTAINTY_MEASURE_WITH_UNIT(LENGTH_MEASURE(5.E-07),#15426,
  'distance_accuracy_value','confusion accuracy');
#15430 = PRODUCT_RELATED_PRODUCT_CATEGORY('part',$,(#7));
ENDSEC;
END-ISO-10303-21;
