ISO-10303-21;
HEADER;
FILE_DESCRIPTION(('Open CASCADE Model'),'2;1');
FILE_NAME('Open CASCADE Shape Model','2026-08-26T17:43:55',('Author'),(
    'Open CASCADE'),'Open CASCADE STEP processor 7.7','Open CASCADE 7.7'
  ,'Unknown');
FILE_SCHEMA(('AUTOMOTIVE_DESIGN { 1 0 10303 214 1 1 1 1 }'));
ENDSEC;
DATA;
#1 = APPLICATION_PROTOCOL_DEFINITION('international standard',
  'automotive_design',2000,#2);
#2 = APPLICATION_CONTEXT(
  'core data for automotive mechanical design processes');
#3 = SHAPE_DEFINITION_REPRESENTATION(#4,#10);
#4 = PRODUCT_DEFINITION_SHAPE('','',#5);
#5 = PRODUCT_DEFINITION('design','',#6,#9);
#6 = PRODUCT_DEFINITION_FORMATION('','',#7);
#7 = PRODUCT('Open CASCADE STEP translator 7.7 1',
  'Open CASCADE STEP translator 7.7 1','',(#8));
#8 = PRODUCT_CONTEXT('',#2,'mechanical');
#9 = PRODUCT_DEFINITION_CONTEXT('part definition',#2,'design');
#10 = ADVANCED_BREP_SHAPE_REPRESENTATION('',(#11,#15),#6969);
#11 = AXIS2_PLACEMENT_3D('',#12,#13,#14);
#12 = CARTESIAN_POINT('',(0.,0.,0.));
#13 = DIRECTION('',(0.,0.,1.));
#14 = DIRECTION('',(1.,0.,-0.));
#15 = MANIFOLD_SOLID_BREP('',#16);
#16 = CLOSED_SHELL('',(#17,#428,#720,#725,#1053,#1124,#2081,#2111,#2365,
    #2510,#2558,#2693,#2971,#3052,#3079,#3086,#3866,#3871,#4663,#4669,
    #4675,#5410,#5415,#6151,#6156,#6163,#6169,#6174,#6178,#6182,#6187,
    #6193,#6197,#6220,#6257,#6386,#6414,#6443,#6564,#6595,#6602,#6626,
    #6662,#6690,#6697,#6726,#6750,#6786,#6793,#6816,#6853,#6882,#6911,
    #6940));
#17 = ADVANCED_FACE('',(#18,#73),#31,.T.);
#18 = FACE_BOUND('',#19,.T.);
#19 = EDGE_LOOP('',(#20,#49,#71,#72));
#20 = ORIENTED_EDGE('',*,*,#21,.F.);
#21 = EDGE_CURVE('',#22,#22,#24,.T.);
#22 = VERTEX_POINT('',#23);
#23 = CARTESIAN_POINT('',(10.72,1.763491390772E-16,-2.625642737372E-15)
  );
#24 = SEAM_CURVE('',#25,(#30,#42),.PCURVE_S1.);
#25 = CIRCLE('',#26,0.72);
#26 = AXIS2_PLACEMENT_3D('',#27,#28,#29);
#27 = CARTESIAN_POINT('',(10.,-2.719262146894E-31,-2.449293598295E-15));
#28 = DIRECTION('',(-2.449293598295E-16,-1.110223024625E-16,-1.));
#29 = DIRECTION('',(1.,-2.719262146894E-32,-2.449293598295E-16));
#30 = PCURVE('',#31,#36);
#31 = TOROIDAL_SURFACE('',#32,10.,0.72);
#32 = AXIS2_PLACEMENT_3D('',#33,#34,#35);
#33 = CARTESIAN_POINT('',(0.,0.,0.));
#34 = DIRECTION('',(0.,-1.,1.110223024625E-16));
#35 = DIRECTION('',(1.,0.,0.));
#36 = DEFINITIONAL_REPRESENTATION('',(#37),#41);
#37 = LINE('',#38,#39);
#38 = CARTESIAN_POINT('',(6.28318530718,0.));
#39 = VECTOR('',#40,1.);
#40 = DIRECTION('',(0.,1.));
#41 = ( GEOMETRIC_REPRESENTATION_CONTEXT(2) 
PARAMETRIC_REPRESENTATION_CONTEXT() REPRESENTATION_CONTEXT('2D SPACE',''
  ) );
#42 = PCURVE('',#31,#43);
#43 = DEFINITIONAL_REPRESENTATION('',(#44),#48);
#44 = LINE('',#45,#46);
#45 = CARTESIAN_POINT('',(0.,0.));
#46 = VECTOR('',#47,1.);
#47 = DIRECTION('',(0.,1.));
#48 = ( GEOMETRIC_REPRESENTATION_CONTEXT(2) 
PARAMETRIC_REPRESENTATION_CONTEXT() REPRESENTATION_CONTEXT('2D SPACE',''
  ) );
#49 = ORIENTED_EDGE('',*,*,#50,.F.);
#50 = EDGE_CURVE('',#22,#22,#51,.T.);
#51 = SEAM_CURVE('',#52,(#57,#64),.PCURVE_S1.);
#52 = CIRCLE('',#53,10.72);
#53 = AXIS2_PLACEMENT_3D('',#54,#55,#56);
#54 = CARTESIAN_POINT('',(0.,1.763491390772E-16,-1.957868745764E-32));
#55 = DIRECTION('',(0.,-1.,1.110223024625E-16));
#56 = DIRECTION('',(1.,0.,0.));
#57 = PCURVE('',#31,#58);
#58 = DEFINITIONAL_REPRESENTATION('',(#59),#63);
#59 = LINE('',#60,#61);
#60 = CARTESIAN_POINT('',(0.,0.));
#61 = VECTOR('',#62,1.);
#62 = DIRECTION('',(1.,0.));
#63 = ( GEOMETRIC_REPRESENTATION_CONTEXT(2) 
PARAMETRIC_REPRESENTATION_CONTEXT() REPRESENTATION_CONTEXT('2D SPACE',''
  ) );
#64 = PCURVE('',#31,#65);
#65 = DEFINITIONAL_REPRESENTATION('',(#66),#70);
#66 = LINE('',#67,#68);
#67 = CARTESIAN_POINT('',(0.,6.28318530718));
#68 = VECTOR('',#69,1.);
#69 = DIRECTION('',(1.,0.));
#70 = ( GEOMETRIC_REPRESENTATION_CONTEXT(2) 
PARAMETRIC_REPRESENTATION_CONTEXT() REPRESENTATION_CONTEXT('2D SPACE',''
  ) );
#71 = ORIENTED_EDGE('',*,*,#21,.T.);
#72 = ORIENTED_EDGE('',*,*,#50,.T.);
#73 = FACE_BOUND('',#74,.T.);
#74 = EDGE_LOOP('',(#75,#334,#375));
#75 = ORIENTED_EDGE('',*,*,#76,.T.);
#76 = EDGE_CURVE('',#77,#79,#81,.T.);
#77 = VERTEX_POINT('',#78);
#78 = CARTESIAN_POINT('',(-6.319493438493,-0.608697276726,8.240335086334
    ));
#79 = VERTEX_POINT('',#80);
#80 = CARTESIAN_POINT('',(-4.965651177978,-0.717078423985,8.605264959519
    ));
#81 = SURFACE_CURVE('',#82,(#139,#234),.PCURVE_S1.);
#82 = B_SPLINE_CURVE_WITH_KNOTS('',7,(#83,#84,#85,#86,#87,#88,#89,#90,
    #91,#92,#93,#94,#95,#96,#97,#98,#99,#100,#101,#102,#103,#104,#105,
    #106,#107,#108,#109,#110,#111,#112,#113,#114,#115,#116,#117,#118,
    #119,#120,#121,#122,#123,#124,#125,#126,#127,#128,#129,#130,#131,
    #132,#133,#134,#135,#136,#137,#138),.UNSPECIFIED.,.F.,.F.,(8,6,6,6,6
    ,6,6,6,6,8),(0.,0.324636953429,1.,1.379970422923,1.587182201923,
    1.871688069844,2.196148385183,2.446244956406,2.842710370646,
    3.307712670628),.UNSPECIFIED.);
#83 = CARTESIAN_POINT('',(-6.319493438493,-0.608697276726,8.240335086334
    ));
#84 = CARTESIAN_POINT('',(-6.285127345308,-0.597342244887,8.289340303594
    ));
#85 = CARTESIAN_POINT('',(-6.249233953573,-0.585830439942,8.337639970632
    ));
#86 = CARTESIAN_POINT('',(-6.211841900099,-0.574285421189,8.38519998649)
  );
#87 = CARTESIAN_POINT('',(-6.172991158381,-0.562824979804,8.431992481765
    ));
#88 = CARTESIAN_POINT('',(-6.132731589866,-0.551560146396,8.4779939836)
  );
#89 = CARTESIAN_POINT('',(-6.091121495216,-0.540594198576,8.523183580683
    ));
#90 = CARTESIAN_POINT('',(-5.958988263957,-0.508026957069,8.659820852203
    ));
#91 = CARTESIAN_POINT('',(-5.864224274509,-0.487744087797,8.748461991893
    ));
#92 = CARTESIAN_POINT('',(-5.764479359947,-0.470012471846,8.833337934395
    ));
#93 = CARTESIAN_POINT('',(-5.660439704567,-0.455526404463,8.91429591027)
  );
#94 = CARTESIAN_POINT('',(-5.552919073003,-0.44485619078,8.991042603817)
  );
#95 = CARTESIAN_POINT('',(-5.442815701733,-0.438465706715,9.063152533958
    ));
#96 = CARTESIAN_POINT('',(-5.26840483686,-0.436021985121,9.167158349545)
  );
#97 = CARTESIAN_POINT('',(-5.205203361931,-0.436671007978,9.20280458452)
  );
#98 = CARTESIAN_POINT('',(-5.141735205477,-0.438939811261,9.236525102556
    ));
#99 = CARTESIAN_POINT('',(-5.078237352147,-0.442935744446,9.268089150186
    ));
#100 = CARTESIAN_POINT('',(-5.01508286744,-0.44878102088,9.297129070156)
  );
#101 = CARTESIAN_POINT('',(-4.95277281849,-0.456597180798,9.323163472665
    ));
#102 = CARTESIAN_POINT('',(-4.858927873703,-0.471963702638,
    9.357532892728));
#103 = CARTESIAN_POINT('',(-4.830261785525,-0.477367142012,9.36707588103
    ));
#104 = CARTESIAN_POINT('',(-4.804898908216,-0.482678733906,
    9.374780851236));
#105 = CARTESIAN_POINT('',(-4.782014237665,-0.487918041159,9.38109659841
    ));
#106 = CARTESIAN_POINT('',(-4.761081897671,-0.493120373745,
    9.386276385853));
#107 = CARTESIAN_POINT('',(-4.741837439398,-0.498287100168,
    9.390464574266));
#108 = CARTESIAN_POINT('',(-4.700045430139,-0.510331488216,
    9.398300173642));
#109 = CARTESIAN_POINT('',(-4.676746150029,-0.517761280219,
    9.401575769999));
#110 = CARTESIAN_POINT('',(-4.654495575552,-0.525650015917,
    9.403454240985));
#111 = CARTESIAN_POINT('',(-4.6335140202,-0.533981437111,9.40377432177)
  );
#112 = CARTESIAN_POINT('',(-4.614068899588,-0.54271759926,9.402360367761
    ));
#113 = CARTESIAN_POINT('',(-4.596449604721,-0.551792806614,
    9.399048267025));
#114 = CARTESIAN_POINT('',(-4.563216274708,-0.571733346081,
    9.387663698729));
#115 = CARTESIAN_POINT('',(-4.548193649578,-0.582693546381,
    9.378975379062));
#116 = CARTESIAN_POINT('',(-4.536359406757,-0.593794036096,9.36751484531
    ));
#117 = CARTESIAN_POINT('',(-4.528021416116,-0.604819608887,
    9.353279095244));
#118 = CARTESIAN_POINT('',(-4.523270431141,-0.615559299368,
    9.336418853707));
#119 = CARTESIAN_POINT('',(-4.521979866381,-0.625826641576,
    9.317239086317));
#120 = CARTESIAN_POINT('',(-4.525249404575,-0.642914204483,
    9.279970419468));
#121 = CARTESIAN_POINT('',(-4.528538867193,-0.649997778755,
    9.262611315877));
#122 = CARTESIAN_POINT('',(-4.533561426586,-0.656678633674,
    9.244271336269));
#123 = CARTESIAN_POINT('',(-4.54014796543,-0.662932146645,9.225105722118
    ));
#124 = CARTESIAN_POINT('',(-4.548125133168,-0.668751064801,
    9.205254212451));
#125 = CARTESIAN_POINT('',(-4.557334541486,-0.67414002816,9.184831831726
    ));
#126 = CARTESIAN_POINT('',(-4.583975306267,-0.686991075261,
    9.130783780808));
#127 = CARTESIAN_POINT('',(-4.603050876743,-0.693814206952,
    9.096452991686));
#128 = CARTESIAN_POINT('',(-4.624333802902,-0.699639805875,
    9.061244499434));
#129 = CARTESIAN_POINT('',(-4.647398652271,-0.704538368422,
    9.025396020493));
#130 = CARTESIAN_POINT('',(-4.671913593357,-0.708583238294,
    8.989077076475));
#131 = CARTESIAN_POINT('',(-4.697633410005,-0.71184380205,8.952390262792
    ));
#132 = CARTESIAN_POINT('',(-4.755791242896,-0.717354757582,
    8.871946448947));
#133 = CARTESIAN_POINT('',(-4.788590031763,-0.719330130123,
    8.828107555658));
#134 = CARTESIAN_POINT('',(-4.822501920815,-0.720403348443,
    8.783949870323));
#135 = CARTESIAN_POINT('',(-4.857309793574,-0.720652996661,
    8.739546840394));
#136 = CARTESIAN_POINT('',(-4.892848275378,-0.720145658597,
    8.694949463716));
#137 = CARTESIAN_POINT('',(-4.928991227089,-0.718938582658,
    8.650186839633));
#138 = CARTESIAN_POINT('',(-4.965651177978,-0.717078423985,
    8.605264959519));
#139 = PCURVE('',#31,#140);
#140 = DEFINITIONAL_REPRESENTATION('',(#141),#233);
#141 = B_SPLINE_CURVE_WITH_KNOTS('',3,(#142,#143,#144,#145,#146,#147,
    #148,#149,#150,#151,#152,#153,#154,#155,#156,#157,#158,#159,#160,
    #161,#162,#163,#164,#165,#166,#167,#168,#169,#170,#171,#172,#173,
    #174,#175,#176,#177,#178,#179,#180,#181,#182,#183,#184,#185,#186,
    #187,#188,#189,#190,#191,#192,#193,#194,#195,#196,#197,#198,#199,
    #200,#201,#202,#203,#204,#205,#206,#207,#208,#209,#210,#211,#212,
    #213,#214,#215,#216,#217,#218,#219,#220,#221,#222,#223,#224,#225,
    #226,#227,#228,#229,#230,#231,#232),.UNSPECIFIED.,.F.,.F.,(4,1,1,1,1
    ,1,1,1,1,1,1,1,1,1,1,1,1,1,1,1,1,1,1,1,1,1,1,1,1,1,1,1,1,1,1,1,1,1,1
    ,1,1,1,1,1,1,1,1,1,1,1,1,1,1,1,1,1,1,1,1,1,1,1,1,1,1,1,1,1,1,1,1,1,1
    ,1,1,1,1,1,1,1,1,1,1,1,1,1,1,1,4),(0.,3.758764398441E-02,
    7.517528796882E-02,0.112762931953,0.150350575938,0.187938219922,
    0.225525863906,0.263113507891,0.300701151875,0.33828879586,
    0.375876439844,0.413464083829,0.451051727813,0.488639371797,
    0.526227015782,0.563814659766,0.601402303751,0.638989947735,
    0.676577591719,0.714165235704,0.751752879688,0.789340523673,
    0.826928167657,0.864515811641,0.902103455626,0.93969109961,
    0.977278743595,1.014866387579,1.052454031564,1.090041675548,
    1.127629319532,1.165216963517,1.202804607501,1.240392251486,
    1.27797989547,1.315567539454,1.353155183439,1.390742827423,
    1.428330471408,1.465918115392,1.503505759376,1.541093403361,
    1.578681047345,1.61626869133,1.653856335314,1.691443979299,
    1.729031623283,1.766619267267,1.804206911252,1.841794555236,
    1.879382199221,1.916969843205,1.954557487189,1.992145131174,
    2.029732775158,2.067320419143,2.104908063127,2.142495707111,
    2.180083351096,2.21767099508,2.255258639065,2.292846283049,
    2.330433927034,2.368021571018,2.405609215002,2.443196858987,
    2.480784502971,2.518372146956,2.55595979094,2.593547434924,
    2.631135078909,2.668722722893,2.706310366878,2.743898010862,
    2.781485654846,2.819073298831,2.856660942815,2.8942485868,
    2.931836230784,2.969423874769,3.007011518753,3.044599162737,
    3.082186806722,3.119774450706,3.157362094691,3.194949738675,
    3.232537382659,3.270125026644,3.307712670628),
  .QUASI_UNIFORM_KNOTS.);
#142 = CARTESIAN_POINT('',(2.225024497514,1.007337722378));
#143 = CARTESIAN_POINT('',(2.223539211471,0.999360580517));
#144 = CARTESIAN_POINT('',(2.220558642382,0.983632038776));
#145 = CARTESIAN_POINT('',(2.216058487374,0.960730061958));
#146 = CARTESIAN_POINT('',(2.211529694551,0.938532604844));
#147 = CARTESIAN_POINT('',(2.206973018749,0.917053092132));
#148 = CARTESIAN_POINT('',(2.202389277452,0.896304806351));
#149 = CARTESIAN_POINT('',(2.197779364896,0.876300888241));
#150 = CARTESIAN_POINT('',(2.193144239624,0.857054303441));
#151 = CARTESIAN_POINT('',(2.188484973918,0.838578007948));
#152 = CARTESIAN_POINT('',(2.183802580575,0.820884298637));
#153 = CARTESIAN_POINT('',(2.179098907163,0.803988073052));
#154 = CARTESIAN_POINT('',(2.174375014123,0.78790082041));
#155 = CARTESIAN_POINT('',(2.16963209501,0.7726343352));
#156 = CARTESIAN_POINT('',(2.164871460867,0.758200646891));
#157 = CARTESIAN_POINT('',(2.160094550544,0.744612098957));
#158 = CARTESIAN_POINT('',(2.155302933285,0.73188138876));
#159 = CARTESIAN_POINT('',(2.150498313029,0.720021624866));
#160 = CARTESIAN_POINT('',(2.145682532291,0.709046392771));
#161 = CARTESIAN_POINT('',(2.140857576601,0.698969837586));
#162 = CARTESIAN_POINT('',(2.13602557958,0.689806767553));
#163 = CARTESIAN_POINT('',(2.13118882914,0.681572783549));
#164 = CARTESIAN_POINT('',(2.126349774563,0.674284439509));
#165 = CARTESIAN_POINT('',(2.121511036576,0.667959438755));
#166 = CARTESIAN_POINT('',(2.116675413902,0.66261687192));
#167 = CARTESIAN_POINT('',(2.111845911847,0.658277500283));
#168 = CARTESIAN_POINT('',(2.107025698747,0.654964096286));
#169 = CARTESIAN_POINT('',(2.102218343022,0.652701824566));
#170 = CARTESIAN_POINT('',(2.097427015498,0.651518754147));
#171 = CARTESIAN_POINT('',(2.09265904918,0.651446431759));
#172 = CARTESIAN_POINT('',(2.087917946885,0.652518728362));
#173 = CARTESIAN_POINT('',(2.083208647531,0.654774976933));
#174 = CARTESIAN_POINT('',(2.0785371953,0.658260012616));
#175 = CARTESIAN_POINT('',(2.073911145841,0.66302376694));
#176 = CARTESIAN_POINT('',(2.069338693429,0.669124968764));
#177 = CARTESIAN_POINT('',(2.06483224976,0.676620062067));
#178 = CARTESIAN_POINT('',(2.060395639712,0.685608999709));
#179 = CARTESIAN_POINT('',(2.056072593509,0.696070866631));
#180 = CARTESIAN_POINT('',(2.051766723705,0.708486614651));
#181 = CARTESIAN_POINT('',(2.048046119471,0.721116443318));
#182 = CARTESIAN_POINT('',(2.044823152707,0.733670668113));
#183 = CARTESIAN_POINT('',(2.04198498707,0.746215909583));
#184 = CARTESIAN_POINT('',(2.039460276378,0.758776188281));
#185 = CARTESIAN_POINT('',(2.037210024138,0.77131231518));
#186 = CARTESIAN_POINT('',(2.035177224143,0.783925942415));
#187 = CARTESIAN_POINT('',(2.033215953401,0.797529489881));
#188 = CARTESIAN_POINT('',(2.031373135411,0.811947852015));
#189 = CARTESIAN_POINT('',(2.029651803986,0.827254371372));
#190 = CARTESIAN_POINT('',(2.028068047119,0.843447833314));
#191 = CARTESIAN_POINT('',(2.02663543383,0.8605364707));
#192 = CARTESIAN_POINT('',(2.025368684144,0.878515070156));
#193 = CARTESIAN_POINT('',(2.024282496939,0.897361083193));
#194 = CARTESIAN_POINT('',(2.023389941325,0.917063146271));
#195 = CARTESIAN_POINT('',(2.022705217471,0.937546259623));
#196 = CARTESIAN_POINT('',(2.022239088625,0.958723106726));
#197 = CARTESIAN_POINT('',(2.021998762891,0.980500076046));
#198 = CARTESIAN_POINT('',(2.021987831345,1.002776119731));
#199 = CARTESIAN_POINT('',(2.022206228474,1.025443699474));
#200 = CARTESIAN_POINT('',(2.022650160276,1.048388190983));
#201 = CARTESIAN_POINT('',(2.023312256452,1.071491116345));
#202 = CARTESIAN_POINT('',(2.024180980879,1.094619424132));
#203 = CARTESIAN_POINT('',(2.025244741562,1.117710200806));
#204 = CARTESIAN_POINT('',(2.026490309614,1.140687963238));
#205 = CARTESIAN_POINT('',(2.027903979927,1.163492664544));
#206 = CARTESIAN_POINT('',(2.02947205756,1.186075733528));
#207 = CARTESIAN_POINT('',(2.031181234058,1.208399812135));
#208 = CARTESIAN_POINT('',(2.033019107975,1.230439938638));
#209 = CARTESIAN_POINT('',(2.034973806799,1.252175653734));
#210 = CARTESIAN_POINT('',(2.037034645256,1.273596601015));
#211 = CARTESIAN_POINT('',(2.039192594793,1.294704303855));
#212 = CARTESIAN_POINT('',(2.041439135231,1.315499265171));
#213 = CARTESIAN_POINT('',(2.043766540067,1.335984380407));
#214 = CARTESIAN_POINT('',(2.046167785165,1.356164024746));
#215 = CARTESIAN_POINT('',(2.048636564933,1.376044317186));
#216 = CARTESIAN_POINT('',(2.051167271982,1.395632992753));
#217 = CARTESIAN_POINT('',(2.053755032022,1.414939661339));
#218 = CARTESIAN_POINT('',(2.056395570872,1.433974912846));
#219 = CARTESIAN_POINT('',(2.059085714217,1.452753654775));
#220 = CARTESIAN_POINT('',(2.061820958831,1.471278705113));
#221 = CARTESIAN_POINT('',(2.064598188131,1.489560299279));
#222 = CARTESIAN_POINT('',(2.067414610443,1.507608438675));
#223 = CARTESIAN_POINT('',(2.070267636858,1.525432377024));
#224 = CARTESIAN_POINT('',(2.073154896608,1.543040897501));
#225 = CARTESIAN_POINT('',(2.076074217551,1.56044236276));
#226 = CARTESIAN_POINT('',(2.079023617806,1.577644811145));
#227 = CARTESIAN_POINT('',(2.082001296815,1.594656026202));
#228 = CARTESIAN_POINT('',(2.085005626789,1.611483600195));
#229 = CARTESIAN_POINT('',(2.088035152441,1.628134984331));
#230 = CARTESIAN_POINT('',(2.091088566497,1.64461753687));
#231 = CARTESIAN_POINT('',(2.093139377598,1.655498201948));
#232 = CARTESIAN_POINT('',(2.094168392067,1.660912825331));
#233 = ( GEOMETRIC_REPRESENTATION_CONTEXT(2) 
PARAMETRIC_REPRESENTATION_CONTEXT() REPRESENTATION_CONTEXT('2D SPACE',''
  ) );
#234 = PCURVE('',#235,#240);
#235 = CONICAL_SURFACE('',#236,0.42,2.821585297661E-02);
#236 = AXIS2_PLACEMENT_3D('',#237,#238,#239);
#237 = CARTESIAN_POINT('',(-6.,-0.48,8.));
#238 = DIRECTION('',(-0.639729113257,0.204619238431,-0.740862759838));
#239 = DIRECTION('',(0.756877032285,0.,-0.653557310417));
#240 = DEFINITIONAL_REPRESENTATION('',(#241),#333);
#241 = B_SPLINE_CURVE_WITH_KNOTS('',3,(#242,#243,#244,#245,#246,#247,
    #248,#249,#250,#251,#252,#253,#254,#255,#256,#257,#258,#259,#260,
    #261,#262,#263,#264,#265,#266,#267,#268,#269,#270,#271,#272,#273,
    #274,#275,#276,#277,#278,#279,#280,#281,#282,#283,#284,#285,#286,
    #287,#288,#289,#290,#291,#292,#293,#294,#295,#296,#297,#298,#299,
    #300,#301,#302,#303,#304,#305,#306,#307,#308,#309,#310,#311,#312,
    #313,#314,#315,#316,#317,#318,#319,#320,#321,#322,#323,#324,#325,
    #326,#327,#328,#329,#330,#331,#332),.UNSPECIFIED.,.F.,.F.,(4,1,1,1,1
    ,1,1,1,1,1,1,1,1,1,1,1,1,1,1,1,1,1,1,1,1,1,1,1,1,1,1,1,1,1,1,1,1,1,1
    ,1,1,1,1,1,1,1,1,1,1,1,1,1,1,1,1,1,1,1,1,1,1,1,1,1,1,1,1,1,1,1,1,1,1
    ,1,1,1,1,1,1,1,1,1,1,1,1,1,1,1,4),(0.,3.758764398441E-02,
    7.517528796882E-02,0.112762931953,0.150350575938,0.187938219922,
    0.225525863906,0.263113507891,0.300701151875,0.33828879586,
    0.375876439844,0.413464083829,0.451051727813,0.488639371797,
    0.526227015782,0.563814659766,0.601402303751,0.638989947735,
    0.676577591719,0.714165235704,0.751752879688,0.789340523673,
    0.826928167657,0.864515811641,0.902103455626,0.93969109961,
    0.977278743595,1.014866387579,1.052454031564,1.090041675548,
    1.127629319532,1.165216963517,1.202804607501,1.240392251486,
    1.27797989547,1.315567539454,1.353155183439,1.390742827423,
    1.428330471408,1.465918115392,1.503505759376,1.541093403361,
    1.578681047345,1.61626869133,1.653856335314,1.691443979299,
    1.729031623283,1.766619267267,1.804206911252,1.841794555236,
    1.879382199221,1.916969843205,1.954557487189,1.992145131174,
    2.029732775158,2.067320419143,2.104908063127,2.142495707111,
    2.180083351096,2.21767099508,2.255258639065,2.292846283049,
    2.330433927034,2.368021571018,2.405609215002,2.443196858987,
    2.480784502971,2.518372146956,2.55595979094,2.593547434924,
    2.631135078909,2.668722722893,2.706310366878,2.743898010862,
    2.781485654846,2.819073298831,2.856660942815,2.8942485868,
    2.931836230784,2.969423874769,3.007011518753,3.044599162737,
    3.082186806722,3.119774450706,3.157362094691,3.194949738675,
    3.232537382659,3.270125026644,3.307712670628),
  .QUASI_UNIFORM_KNOTS.);
#242 = CARTESIAN_POINT('',(-3.459990795809,-4.280811160523E-16));
#243 = CARTESIAN_POINT('',(-3.444544859211,-1.512027572221E-02));
#244 = CARTESIAN_POINT('',(-3.413679863165,-4.544027227934E-02));
#245 = CARTESIAN_POINT('',(-3.367456673772,-9.115166878186E-02));
#246 = CARTESIAN_POINT('',(-3.321301778556,-0.137087783234));
#247 = CARTESIAN_POINT('',(-3.275208060069,-0.183241057079));
#248 = CARTESIAN_POINT('',(-3.229167682108,-0.229603324415));
#249 = CARTESIAN_POINT('',(-3.18317199257,-0.276165666881));
#250 = CARTESIAN_POINT('',(-3.137211366726,-0.322918527054));
#251 = CARTESIAN_POINT('',(-3.091275578898,-0.369851200244));
#252 = CARTESIAN_POINT('',(-3.045351925069,-0.416953553501));
#253 = CARTESIAN_POINT('',(-2.999434018992,-0.46420704312));
#254 = CARTESIAN_POINT('',(-2.953505807951,-0.511601002929));
#255 = CARTESIAN_POINT('',(-2.907550473525,-0.559123352866));
#256 = CARTESIAN_POINT('',(-2.861550188264,-0.60676074558));
#257 = CARTESIAN_POINT('',(-2.815486077553,-0.65449844343));
#258 = CARTESIAN_POINT('',(-2.769338093657,-0.702320274015));
#259 = CARTESIAN_POINT('',(-2.723084885278,-0.750208566444));
#260 = CARTESIAN_POINT('',(-2.676703642921,-0.798144090069));
#261 = CARTESIAN_POINT('',(-2.6301699255,-0.8461059853));
#262 = CARTESIAN_POINT('',(-2.583457463546,-0.894071685107));
#263 = CARTESIAN_POINT('',(-2.536537935486,-0.942016821917));
#264 = CARTESIAN_POINT('',(-2.489380703826,-0.989915121234));
#265 = CARTESIAN_POINT('',(-2.441952519662,-1.037738260622));
#266 = CARTESIAN_POINT('',(-2.394217110884,-1.08545575671));
#267 = CARTESIAN_POINT('',(-2.34613490433,-1.133034629255));
#268 = CARTESIAN_POINT('',(-2.297661870762,-1.180439761641));
#269 = CARTESIAN_POINT('',(-2.248751179305,-1.227631509017));
#270 = CARTESIAN_POINT('',(-2.199343808414,-1.274573407359));
#271 = CARTESIAN_POINT('',(-2.149415088753,-1.321187487255));
#272 = CARTESIAN_POINT('',(-2.098890815486,-1.367432444994));
#273 = CARTESIAN_POINT('',(-2.047699124514,-1.413251818914));
#274 = CARTESIAN_POINT('',(-1.995765286101,-1.45857711137));
#275 = CARTESIAN_POINT('',(-1.943014954797,-1.503323777744));
#276 = CARTESIAN_POINT('',(-1.889358880062,-1.547399230957));
#277 = CARTESIAN_POINT('',(-1.83474164691,-1.590669031275));
#278 = CARTESIAN_POINT('',(-1.77895062909,-1.633076622725));
#279 = CARTESIAN_POINT('',(-1.722316964894,-1.674188187341));
#280 = CARTESIAN_POINT('',(-1.663083908408,-1.714880152968));
#281 = CARTESIAN_POINT('',(-1.609064440374,-1.74978840593));
#282 = CARTESIAN_POINT('',(-1.559751499845,-1.779806705462));
#283 = CARTESIAN_POINT('',(-1.513920911661,-1.806032471669));
#284 = CARTESIAN_POINT('',(-1.47082384651,-1.829162016143));
#285 = CARTESIAN_POINT('',(-1.430127137757,-1.849582848251));
#286 = CARTESIAN_POINT('',(-1.391122825202,-1.867841240041));
#287 = CARTESIAN_POINT('',(-1.350954543285,-1.885244604172));
#288 = CARTESIAN_POINT('',(-1.310271124107,-1.901352079971));
#289 = CARTESIAN_POINT('',(-1.268916923663,-1.916120500614));
#290 = CARTESIAN_POINT('',(-1.226971551205,-1.9293885071));
#291 = CARTESIAN_POINT('',(-1.184473851892,-1.941018375334));
#292 = CARTESIAN_POINT('',(-1.141493356064,-1.950863169349));
#293 = CARTESIAN_POINT('',(-1.098129489194,-1.958779054957));
#294 = CARTESIAN_POINT('',(-1.054447149763,-1.964637007031));
#295 = CARTESIAN_POINT('',(-1.010639357074,-1.968306945174));
#296 = CARTESIAN_POINT('',(-0.966900058309,-1.969695334098));
#297 = CARTESIAN_POINT('',(-0.923413842285,-1.968745510124));
#298 = CARTESIAN_POINT('',(-0.880359397231,-1.965438472199));
#299 = CARTESIAN_POINT('',(-0.837908899179,-1.959793083221));
#300 = CARTESIAN_POINT('',(-0.79622995862,-1.951866785568));
#301 = CARTESIAN_POINT('',(-0.755481220866,-1.941753473349));
#302 = CARTESIAN_POINT('',(-0.715830371127,-1.929590850387));
#303 = CARTESIAN_POINT('',(-0.677314517374,-1.915506489462));
#304 = CARTESIAN_POINT('',(-0.639990271862,-1.899646113047));
#305 = CARTESIAN_POINT('',(-0.603885988594,-1.882157682799));
#306 = CARTESIAN_POINT('',(-0.569011637786,-1.863187107547));
#307 = CARTESIAN_POINT('',(-0.535360830999,-1.842874515162));
#308 = CARTESIAN_POINT('',(-0.502910813602,-1.821348904391));
#309 = CARTESIAN_POINT('',(-0.471635200218,-1.798733064572));
#310 = CARTESIAN_POINT('',(-0.441496228323,-1.775136235284));
#311 = CARTESIAN_POINT('',(-0.41244350459,-1.750649230501));
#312 = CARTESIAN_POINT('',(-0.384432320042,-1.725357765532));
#313 = CARTESIAN_POINT('',(-0.357418377518,-1.699339135899));
#314 = CARTESIAN_POINT('',(-0.331358856677,-1.672663278323));
#315 = CARTESIAN_POINT('',(-0.306211835471,-1.645392592976));
#316 = CARTESIAN_POINT('',(-0.281936302664,-1.617582187054));
#317 = CARTESIAN_POINT('',(-0.258491742924,-1.589279520952));
#318 = CARTESIAN_POINT('',(-0.235839075676,-1.560525872244));
#319 = CARTESIAN_POINT('',(-0.213936787463,-1.531350975696));
#320 = CARTESIAN_POINT('',(-0.192759659391,-1.50179928467));
#321 = CARTESIAN_POINT('',(-0.172275513646,-1.471900435285));
#322 = CARTESIAN_POINT('',(-0.15245434868,-1.441680831359));
#323 = CARTESIAN_POINT('',(-0.13326864074,-1.411164922566));
#324 = CARTESIAN_POINT('',(-0.114692871159,-1.380375022364));
#325 = CARTESIAN_POINT('',(-9.670331543371E-02,-1.34933149922));
#326 = CARTESIAN_POINT('',(-7.927781099918E-02,-1.318052851485));
#327 = CARTESIAN_POINT('',(-6.239557776162E-02,-1.286555791478));
#328 = CARTESIAN_POINT('',(-4.603705499618E-02,-1.254855326687));
#329 = CARTESIAN_POINT('',(-3.018380267104E-02,-1.222964761248));
#330 = CARTESIAN_POINT('',(-1.481828825803E-02,-1.190895937442));
#331 = CARTESIAN_POINT('',(-4.888899058321E-03,-1.169404322742));
#332 = CARTESIAN_POINT('',(0.,-1.158632129617));
#333 = ( GEOMETRIC_REPRESENTATION_CONTEXT(2) 
PARAMETRIC_REPRESENTATION_CONTEXT() REPRESENTATION_CONTEXT('2D SPACE',''
  ) );
#334 = ORIENTED_EDGE('',*,*,#335,.T.);
#335 = EDGE_CURVE('',#79,#336,#338,.T.);
#336 = VERTEX_POINT('',#337);
#337 = CARTESIAN_POINT('',(-5.712462533379,-0.600302750852,
    7.718487205572));
#338 = SURFACE_CURVE('',#339,(#349,#362),.PCURVE_S1.);
#339 = B_SPLINE_CURVE_WITH_KNOTS('',8,(#340,#341,#342,#343,#344,#345,
    #346,#347,#348),.UNSPECIFIED.,.F.,.F.,(9,9),(0.,1.),
  .PIECEWISE_BEZIER_KNOTS.);
#340 = CARTESIAN_POINT('',(-4.965651177978,-0.717078423985,
    8.605264959519));
#341 = CARTESIAN_POINT('',(-5.054447744106,-0.712572806857,
    8.496456611407));
#342 = CARTESIAN_POINT('',(-5.146106710376,-0.704319680851,
    8.386865284831));
#343 = CARTESIAN_POINT('',(-5.239423296628,-0.692956302552,8.27660869839
    ));
#344 = CARTESIAN_POINT('',(-5.333704385838,-0.678864239415,8.16581893502
    ));
#345 = CARTESIAN_POINT('',(-5.428417804028,-0.66235727639,8.054587161634
    ));
#346 = CARTESIAN_POINT('',(-5.52323418591,-0.643655947093,7.942964181653
    ));
#347 = CARTESIAN_POINT('',(-5.617942095028,-0.622929546187,
    7.830949346643));
#348 = CARTESIAN_POINT('',(-5.712462533379,-0.600302750852,
    7.718487205572));
#349 = PCURVE('',#31,#350);
#350 = DEFINITIONAL_REPRESENTATION('',(#351),#361);
#351 = B_SPLINE_CURVE_WITH_KNOTS('',8,(#352,#353,#354,#355,#356,#357,
    #358,#359,#360),.UNSPECIFIED.,.F.,.F.,(9,9),(0.,1.),
  .PIECEWISE_BEZIER_KNOTS.);
#352 = CARTESIAN_POINT('',(2.094168392067,1.660912825331));
#353 = CARTESIAN_POINT('',(2.107383315125,1.730448144798));
#354 = CARTESIAN_POINT('',(2.121038758748,1.796668287462));
#355 = CARTESIAN_POINT('',(2.135021594716,1.860432003887));
#356 = CARTESIAN_POINT('',(2.149261011987,1.922177869356));
#357 = CARTESIAN_POINT('',(2.163701383053,1.982293649854));
#358 = CARTESIAN_POINT('',(2.178306308538,2.041075471216));
#359 = CARTESIAN_POINT('',(2.193052702303,2.098803434672));
#360 = CARTESIAN_POINT('',(2.207932120341,2.15572072444));
#361 = ( GEOMETRIC_REPRESENTATION_CONTEXT(2) 
PARAMETRIC_REPRESENTATION_CONTEXT() REPRESENTATION_CONTEXT('2D SPACE',''
  ) );
#362 = PCURVE('',#235,#363);
#363 = DEFINITIONAL_REPRESENTATION('',(#364),#374);
#364 = B_SPLINE_CURVE_WITH_KNOTS('',8,(#365,#366,#367,#368,#369,#370,
    #371,#372,#373),.UNSPECIFIED.,.F.,.F.,(9,9),(0.,1.),
  .PIECEWISE_BEZIER_KNOTS.);
#365 = CARTESIAN_POINT('',(-6.28318530718,-1.158632129617));
#366 = CARTESIAN_POINT('',(-6.220402277559,-1.020292392087));
#367 = CARTESIAN_POINT('',(-6.167235350129,-0.878774601856));
#368 = CARTESIAN_POINT('',(-6.121833733105,-0.735067100136));
#369 = CARTESIAN_POINT('',(-6.083329693063,-0.589789225482));
#370 = CARTESIAN_POINT('',(-6.050988804173,-0.443413173604));
#371 = CARTESIAN_POINT('',(-6.024313381728,-0.296232412958));
#372 = CARTESIAN_POINT('',(-6.002854665389,-0.148416366049));
#373 = CARTESIAN_POINT('',(-5.98621276196,0.));
#374 = ( GEOMETRIC_REPRESENTATION_CONTEXT(2) 
PARAMETRIC_REPRESENTATION_CONTEXT() REPRESENTATION_CONTEXT('2D SPACE',''
  ) );
#375 = ORIENTED_EDGE('',*,*,#376,.F.);
#376 = EDGE_CURVE('',#77,#336,#377,.T.);
#377 = SURFACE_CURVE('',#378,(#391,#407),.PCURVE_S1.);
#378 = B_SPLINE_CURVE_WITH_KNOTS('',6,(#379,#380,#381,#382,#383,#384,
    #385,#386,#387,#388,#389,#390),.UNSPECIFIED.,.F.,.F.,(7,5,7),(0.,
    0.528889668135,1.),.UNSPECIFIED.);
#379 = CARTESIAN_POINT('',(-6.387838291673,-0.526641906031,
    8.322013236541));
#380 = CARTESIAN_POINT('',(-6.344488969332,-0.592351414977,
    8.266433100176));
#381 = CARTESIAN_POINT('',(-6.291050085891,-0.6467648594,8.205260573316)
  );
#382 = CARTESIAN_POINT('',(-6.229000631327,-0.68760788611,8.14040090676)
  );
#383 = CARTESIAN_POINT('',(-6.160389538248,-0.713505686483,
    8.074003046602));
#384 = CARTESIAN_POINT('',(-6.087524237725,-0.723887177527,
    8.008217168941));
#385 = CARTESIAN_POINT('',(-5.946351716322,-0.714821916905,
    7.888819555774));
#386 = CARTESIAN_POINT('',(-5.878376266461,-0.698507394504,
    7.834629210018));
#387 = CARTESIAN_POINT('',(-5.810619810965,-0.670362042808,
    7.783895526534));
#388 = CARTESIAN_POINT('',(-5.744729418036,-0.631112536117,
    7.737840035123));
#389 = CARTESIAN_POINT('',(-5.682241023639,-0.581837013819,
    7.697491232468));
#390 = CARTESIAN_POINT('',(-5.624537877734,-0.523945650036,
    7.663654067271));
#391 = PCURVE('',#31,#392);
#392 = DEFINITIONAL_REPRESENTATION('',(#393),#406);
#393 = B_SPLINE_CURVE_WITH_KNOTS('',6,(#394,#395,#396,#397,#398,#399,
    #400,#401,#402,#403,#404,#405),.UNSPECIFIED.,.F.,.F.,(7,5,7),(0.,
    0.528889668135,1.),.UNSPECIFIED.);
#394 = CARTESIAN_POINT('',(2.225456094664,0.82044169444));
#395 = CARTESIAN_POINT('',(2.225404153076,0.954278691188));
#396 = CARTESIAN_POINT('',(2.224913034789,1.088163428188));
#397 = CARTESIAN_POINT('',(2.223970577889,1.221818143527));
#398 = CARTESIAN_POINT('',(2.222585920552,1.355211146162));
#399 = CARTESIAN_POINT('',(2.220788422135,1.488322384647));
#400 = CARTESIAN_POINT('',(2.216722043886,1.739192918407));
#401 = CARTESIAN_POINT('',(2.214524949695,1.857109646882));
#402 = CARTESIAN_POINT('',(2.212086711473,1.974727499613));
#403 = CARTESIAN_POINT('',(2.2094613216,2.092125561986));
#404 = CARTESIAN_POINT('',(2.206716512687,2.20940039425));
#405 = CARTESIAN_POINT('',(2.203929007561,2.326626634544));
#406 = ( GEOMETRIC_REPRESENTATION_CONTEXT(2) 
PARAMETRIC_REPRESENTATION_CONTEXT() REPRESENTATION_CONTEXT('2D SPACE',''
  ) );
#407 = PCURVE('',#408,#413);
#408 = PLANE('',#409);
#409 = AXIS2_PLACEMENT_3D('',#410,#411,#412);
#410 = CARTESIAN_POINT('',(-6.,-0.48,8.));
#411 = DIRECTION('',(0.639729113257,-0.204619238431,0.740862759838));
#412 = DIRECTION('',(0.756877032285,0.,-0.653557310417));
#413 = DEFINITIONAL_REPRESENTATION('',(#414),#427);
#414 = B_SPLINE_CURVE_WITH_KNOTS('',6,(#415,#416,#417,#418,#419,#420,
    #421,#422,#423,#424,#425,#426),.UNSPECIFIED.,.F.,.F.,(7,5,7),(0.,
    0.528889668135,1.),.UNSPECIFIED.);
#415 = CARTESIAN_POINT('',(-0.504,-4.765010381227E-02));
#416 = CARTESIAN_POINT('',(-0.43486508912,-0.114779970259));
#417 = CARTESIAN_POINT('',(-0.354438673486,-0.170369599762));
#418 = CARTESIAN_POINT('',(-0.265085357232,-0.212095477376));
#419 = CARTESIAN_POINT('',(-0.169760389819,-0.238553077017));
#420 = CARTESIAN_POINT('',(-7.161547613461E-02,-0.249158971331));
#421 = CARTESIAN_POINT('',(0.113267945837,-0.239897758691));
#422 = CARTESIAN_POINT('',(0.200133499219,-0.223230586351));
#423 = CARTESIAN_POINT('',(0.284574173898,-0.194476852976));
#424 = CARTESIAN_POINT('',(0.364545002051,-0.154378940443));
#425 = CARTESIAN_POINT('',(0.438211287496,-0.104038292886));
#426 = CARTESIAN_POINT('',(0.504,-4.48955663375E-02));
#427 = ( GEOMETRIC_REPRESENTATION_CONTEXT(2) 
PARAMETRIC_REPRESENTATION_CONTEXT() REPRESENTATION_CONTEXT('2D SPACE',''
  ) );
#428 = ADVANCED_FACE('',(#429),#235,.T.);
#429 = FACE_BOUND('',#430,.T.);
#430 = EDGE_LOOP('',(#431,#432,#455,#504,#541,#570,#605,#654,#696,#697,
    #698));
#431 = ORIENTED_EDGE('',*,*,#335,.F.);
#432 = ORIENTED_EDGE('',*,*,#433,.T.);
#433 = EDGE_CURVE('',#79,#434,#436,.T.);
#434 = VERTEX_POINT('',#435);
#435 = CARTESIAN_POINT('',(-3.13757796244,-1.321992073719,10.85));
#436 = SEAM_CURVE('',#437,(#441,#448),.PCURVE_S1.);
#437 = LINE('',#438,#439);
#438 = CARTESIAN_POINT('',(-5.68211164644,-0.48,7.725505929625));
#439 = VECTOR('',#440,1.);
#440 = DIRECTION('',(0.618121377509,-0.204537791632,0.759006096458));
#441 = PCURVE('',#235,#442);
#442 = DEFINITIONAL_REPRESENTATION('',(#443),#447);
#443 = LINE('',#444,#445);
#444 = CARTESIAN_POINT('',(0.,-0.));
#445 = VECTOR('',#446,1.);
#446 = DIRECTION('',(-0.,-1.));
#447 = ( GEOMETRIC_REPRESENTATION_CONTEXT(2) 
PARAMETRIC_REPRESENTATION_CONTEXT() REPRESENTATION_CONTEXT('2D SPACE',''
  ) );
#448 = PCURVE('',#235,#449);
#449 = DEFINITIONAL_REPRESENTATION('',(#450),#454);
#450 = LINE('',#451,#452);
#451 = CARTESIAN_POINT('',(-6.28318530718,0.));
#452 = VECTOR('',#453,1.);
#453 = DIRECTION('',(-0.,-1.));
#454 = ( GEOMETRIC_REPRESENTATION_CONTEXT(2) 
PARAMETRIC_REPRESENTATION_CONTEXT() REPRESENTATION_CONTEXT('2D SPACE',''
  ) );
#455 = ORIENTED_EDGE('',*,*,#456,.F.);
#456 = EDGE_CURVE('',#457,#434,#459,.T.);
#457 = VERTEX_POINT('',#458);
#458 = CARTESIAN_POINT('',(-3.323591297719,-1.560911150618,10.85));
#459 = SURFACE_CURVE('',#460,(#465,#492),.PCURVE_S1.);
#460 = ELLIPSE('',#461,0.420634712776,0.311530566108);
#461 = AXIS2_PLACEMENT_3D('',#462,#463,#464);
#462 = CARTESIAN_POINT('',(-3.549298753212,-1.26386400173,10.85));
#463 = DIRECTION('',(0.,0.,1.));
#464 = DIRECTION('',(-0.952464797172,0.304648666743,0.));
#465 = PCURVE('',#235,#466);
#466 = DEFINITIONAL_REPRESENTATION('',(#467),#491);
#467 = B_SPLINE_CURVE_WITH_KNOTS('',8,(#468,#469,#470,#471,#472,#473,
    #474,#475,#476,#477,#478,#479,#480,#481,#482,#483,#484,#485,#486,
    #487,#488,#489,#490),.UNSPECIFIED.,.F.,.F.,(9,7,7,9),(3.368439725064
    ,4.939236051859,7.295430542051,9.651625032244),.UNSPECIFIED.);
#468 = CARTESIAN_POINT('',(0.,-4.114921354284));
#469 = CARTESIAN_POINT('',(-0.201304044767,-4.102445101104));
#470 = CARTESIAN_POINT('',(-0.402341428734,-4.077839468638));
#471 = CARTESIAN_POINT('',(-0.602811016495,-4.041838585749));
#472 = CARTESIAN_POINT('',(-0.802435282759,-3.996169355023));
#473 = CARTESIAN_POINT('',(-1.001007909901,-3.943476087072));
#474 = CARTESIAN_POINT('',(-1.19842071653,-3.886999679926));
#475 = CARTESIAN_POINT('',(-1.394668541157,-3.83014828741));
#476 = CARTESIAN_POINT('',(-1.882573950804,-3.695018619867));
#477 = CARTESIAN_POINT('',(-2.172874648661,-3.620239904537));
#478 = CARTESIAN_POINT('',(-2.46100120564,-3.562478902252));
#479 = CARTESIAN_POINT('',(-2.747659656599,-3.531279191594));
#480 = CARTESIAN_POINT('',(-3.033872379552,-3.532078161705));
#481 = CARTESIAN_POINT('',(-3.320723157743,-3.563628462859));
#482 = CARTESIAN_POINT('',(-3.609118846425,-3.619348914711));
#483 = CARTESIAN_POINT('',(-4.190096563318,-3.760476369506));
#484 = CARTESIAN_POINT('',(-4.48267856407,-3.845883883856));
#485 = CARTESIAN_POINT('',(-4.777903555178,-3.936802684853));
#486 = CARTESIAN_POINT('',(-5.075960746301,-4.021181671339));
#487 = CARTESIAN_POINT('',(-5.376535204672,-4.086721612125));
#488 = CARTESIAN_POINT('',(-5.678673359424,-4.125058879445));
#489 = CARTESIAN_POINT('',(-5.981229240029,-4.133635734056));
#490 = CARTESIAN_POINT('',(-6.28318530718,-4.114921354284));
#491 = ( GEOMETRIC_REPRESENTATION_CONTEXT(2) 
PARAMETRIC_REPRESENTATION_CONTEXT() REPRESENTATION_CONTEXT('2D SPACE',''
  ) );
#492 = PCURVE('',#493,#498);
#493 = PLANE('',#494);
#494 = AXIS2_PLACEMENT_3D('',#495,#496,#497);
#495 = CARTESIAN_POINT('',(-1.862043602377E-16,2.22516850847E-16,10.85)
  );
#496 = DIRECTION('',(0.,0.,1.));
#497 = DIRECTION('',(1.,0.,-0.));
#498 = DEFINITIONAL_REPRESENTATION('',(#499),#503);
#499 = ELLIPSE('',#500,0.420634712776,0.311530566108);
#500 = AXIS2_PLACEMENT_2D('',#501,#502);
#501 = CARTESIAN_POINT('',(-3.549298753212,-1.26386400173));
#502 = DIRECTION('',(-0.952464797172,0.304648666743));
#503 = ( GEOMETRIC_REPRESENTATION_CONTEXT(2) 
PARAMETRIC_REPRESENTATION_CONTEXT() REPRESENTATION_CONTEXT('2D SPACE',''
  ) );
#504 = ORIENTED_EDGE('',*,*,#505,.F.);
#505 = EDGE_CURVE('',#506,#457,#508,.T.);
#506 = VERTEX_POINT('',#507);
#507 = CARTESIAN_POINT('',(-3.285163448284,-1.64024505866,11.07429567565
    ));
#508 = SURFACE_CURVE('',#509,(#516,#526),.PCURVE_S1.);
#509 = B_SPLINE_CURVE_WITH_KNOTS('',5,(#510,#511,#512,#513,#514,#515),
  .UNSPECIFIED.,.F.,.F.,(6,6),(0.,1.),.PIECEWISE_BEZIER_KNOTS.);
#510 = CARTESIAN_POINT('',(-3.285163448284,-1.64024505866,11.07429567565
    ));
#511 = CARTESIAN_POINT('',(-3.290475864232,-1.629605090807,
    11.029532426112));
#512 = CARTESIAN_POINT('',(-3.297167098859,-1.616096011288,
    10.984278884148));
#513 = CARTESIAN_POINT('',(-3.305025942096,-1.600023940451,
    10.939019159802));
#514 = CARTESIAN_POINT('',(-3.313879870249,-1.581589344192,
    10.89413282531));
#515 = CARTESIAN_POINT('',(-3.323591429749,-1.560910869492,10.8499994));
#516 = PCURVE('',#235,#517);
#517 = DEFINITIONAL_REPRESENTATION('',(#518),#525);
#518 = B_SPLINE_CURVE_WITH_KNOTS('',5,(#519,#520,#521,#522,#523,#524),
  .UNSPECIFIED.,.F.,.F.,(6,6),(0.,1.),.PIECEWISE_BEZIER_KNOTS.);
#519 = CARTESIAN_POINT('',(-4.86487596945,-4.251799618985));
#520 = CARTESIAN_POINT('',(-4.949418393995,-4.21306054513));
#521 = CARTESIAN_POINT('',(-5.03209825578,-4.172489085981));
#522 = CARTESIAN_POINT('',(-5.113519034777,-4.130641655982));
#523 = CARTESIAN_POINT('',(-5.194204915726,-4.087950853678));
#524 = CARTESIAN_POINT('',(-5.274764952761,-4.044810061309));
#525 = ( GEOMETRIC_REPRESENTATION_CONTEXT(2) 
PARAMETRIC_REPRESENTATION_CONTEXT() REPRESENTATION_CONTEXT('2D SPACE',''
  ) );
#526 = PCURVE('',#527,#532);
#527 = CYLINDRICAL_SURFACE('',#528,3.67188);
#528 = AXIS2_PLACEMENT_3D('',#529,#530,#531);
#529 = CARTESIAN_POINT('',(0.,0.,10.85));
#530 = DIRECTION('',(-0.,-0.,-1.));
#531 = DIRECTION('',(1.,0.,0.));
#532 = DEFINITIONAL_REPRESENTATION('',(#533),#540);
#533 = B_SPLINE_CURVE_WITH_KNOTS('',5,(#534,#535,#536,#537,#538,#539),
  .UNSPECIFIED.,.F.,.F.,(6,6),(0.,1.),.PIECEWISE_BEZIER_KNOTS.);
#534 = CARTESIAN_POINT('',(-3.60467107807,-0.22429567565));
#535 = CARTESIAN_POINT('',(-3.601432284013,-0.179532426112));
#536 = CARTESIAN_POINT('',(-3.597326667896,-0.134278884148));
#537 = CARTESIAN_POINT('',(-3.592454443859,-8.901915980224E-02));
#538 = CARTESIAN_POINT('',(-3.586885141316,-4.413282531024E-02));
#539 = CARTESIAN_POINT('',(-3.58066341547,5.999999999895E-07));
#540 = ( GEOMETRIC_REPRESENTATION_CONTEXT(2) 
PARAMETRIC_REPRESENTATION_CONTEXT() REPRESENTATION_CONTEXT('2D SPACE',''
  ) );
#541 = ORIENTED_EDGE('',*,*,#542,.F.);
#542 = EDGE_CURVE('',#543,#506,#545,.T.);
#543 = VERTEX_POINT('',#544);
#544 = CARTESIAN_POINT('',(-3.21006882536,-1.05895081032,11.17));
#545 = SURFACE_CURVE('',#546,(#551,#558),.PCURVE_S1.);
#546 = CIRCLE('',#547,0.3);
#547 = AXIS2_PLACEMENT_3D('',#548,#549,#550);
#548 = CARTESIAN_POINT('',(-3.28,-1.35,11.15));
#549 = DIRECTION('',(0.639729113257,-0.204619238431,0.740862759838));
#550 = DIRECTION('',(0.756877032285,0.,-0.653557310417));
#551 = PCURVE('',#235,#552);
#552 = DEFINITIONAL_REPRESENTATION('',(#553),#557);
#553 = LINE('',#554,#555);
#554 = CARTESIAN_POINT('',(-0.,-4.251799618985));
#555 = VECTOR('',#556,1.);
#556 = DIRECTION('',(-1.,-0.));
#557 = ( GEOMETRIC_REPRESENTATION_CONTEXT(2) 
PARAMETRIC_REPRESENTATION_CONTEXT() REPRESENTATION_CONTEXT('2D SPACE',''
  ) );
#558 = PCURVE('',#559,#564);
#559 = PLANE('',#560);
#560 = AXIS2_PLACEMENT_3D('',#561,#562,#563);
#561 = CARTESIAN_POINT('',(-3.28,-1.35,11.15));
#562 = DIRECTION('',(0.639729113257,-0.204619238431,0.740862759838));
#563 = DIRECTION('',(0.756877032285,0.,-0.653557310417));
#564 = DEFINITIONAL_REPRESENTATION('',(#565),#569);
#565 = CIRCLE('',#566,0.3);
#566 = AXIS2_PLACEMENT_2D('',#567,#568);
#567 = CARTESIAN_POINT('',(0.,0.));
#568 = DIRECTION('',(1.,0.));
#569 = ( GEOMETRIC_REPRESENTATION_CONTEXT(2) 
PARAMETRIC_REPRESENTATION_CONTEXT() REPRESENTATION_CONTEXT('2D SPACE',''
  ) );
#570 = ORIENTED_EDGE('',*,*,#571,.T.);
#571 = EDGE_CURVE('',#543,#572,#574,.T.);
#572 = VERTEX_POINT('',#573);
#573 = CARTESIAN_POINT('',(-3.510796174919,-1.075645365616,11.17));
#574 = SURFACE_CURVE('',#575,(#580,#593),.PCURVE_S1.);
#575 = ELLIPSE('',#576,0.404169500778,0.299336097465);
#576 = AXIS2_PLACEMENT_3D('',#577,#578,#579);
#577 = CARTESIAN_POINT('',(-3.272580025257,-1.352373300745,11.17));
#578 = DIRECTION('',(0.,0.,1.));
#579 = DIRECTION('',(-0.952464797172,0.304648666743,0.));
#580 = PCURVE('',#235,#581);
#581 = DEFINITIONAL_REPRESENTATION('',(#582),#592);
#582 = B_SPLINE_CURVE_WITH_KNOTS('',8,(#583,#584,#585,#586,#587,#588,
    #589,#590,#591),.UNSPECIFIED.,.F.,.F.,(9,9),(4.78631405235,
    7.780056562009),.PIECEWISE_BEZIER_KNOTS.);
#583 = CARTESIAN_POINT('',(-1.437541802769,-4.251799618985));
#584 = CARTESIAN_POINT('',(-1.810931469293,-4.150490764846));
#585 = CARTESIAN_POINT('',(-2.180254538975,-4.052390219622));
#586 = CARTESIAN_POINT('',(-2.545759895296,-3.979122755406));
#587 = CARTESIAN_POINT('',(-2.908917328434,-3.95131182161));
#588 = CARTESIAN_POINT('',(-3.272074761544,-3.979122755407));
#589 = CARTESIAN_POINT('',(-3.637580117889,-4.052390219623));
#590 = CARTESIAN_POINT('',(-4.006903187566,-4.150490764846));
#591 = CARTESIAN_POINT('',(-4.38029285409,-4.251799618985));
#592 = ( GEOMETRIC_REPRESENTATION_CONTEXT(2) 
PARAMETRIC_REPRESENTATION_CONTEXT() REPRESENTATION_CONTEXT('2D SPACE',''
  ) );
#593 = PCURVE('',#594,#599);
#594 = PLANE('',#595);
#595 = AXIS2_PLACEMENT_3D('',#596,#597,#598);
#596 = CARTESIAN_POINT('',(-1.862043602377E-16,2.22516850847E-16,11.17)
  );
#597 = DIRECTION('',(0.,0.,1.));
#598 = DIRECTION('',(1.,0.,-0.));
#599 = DEFINITIONAL_REPRESENTATION('',(#600),#604);
#600 = ELLIPSE('',#601,0.404169500778,0.299336097465);
#601 = AXIS2_PLACEMENT_2D('',#602,#603);
#602 = CARTESIAN_POINT('',(-3.272580025257,-1.352373300745));
#603 = DIRECTION('',(-0.952464797172,0.304648666743));
#604 = ( GEOMETRIC_REPRESENTATION_CONTEXT(2) 
PARAMETRIC_REPRESENTATION_CONTEXT() REPRESENTATION_CONTEXT('2D SPACE',''
  ) );
#605 = ORIENTED_EDGE('',*,*,#606,.F.);
#606 = EDGE_CURVE('',#607,#572,#609,.T.);
#607 = VERTEX_POINT('',#608);
#608 = CARTESIAN_POINT('',(-3.547987114511,-0.94577490433,10.85));
#609 = SURFACE_CURVE('',#610,(#621,#635),.PCURVE_S1.);
#610 = B_SPLINE_CURVE_WITH_KNOTS('',5,(#611,#612,#613,#614,#615,#616,
    #617,#618,#619,#620),.UNSPECIFIED.,.F.,.F.,(6,4,6),(0.,
    0.562556958106,1.),.UNSPECIFIED.);
#611 = CARTESIAN_POINT('',(-3.547987146927,-0.945774782726,10.8499994));
#612 = CARTESIAN_POINT('',(-3.545971877602,-0.953334880324,
    10.887301325951));
#613 = CARTESIAN_POINT('',(-3.543336837126,-0.963139156137,
    10.924667265111));
#614 = CARTESIAN_POINT('',(-3.540101473368,-0.975017889191,
    10.961822092295));
#615 = CARTESIAN_POINT('',(-3.536265449465,-0.988834429599,
    10.998543192793));
#616 = CARTESIAN_POINT('',(-3.528362590425,-1.016621792785,
    11.062676161005));
#617 = CARTESIAN_POINT('',(-3.524536958004,-1.029874408133,
    11.09034092426));
#618 = CARTESIAN_POINT('',(-3.520338537607,-1.044166343577,
    11.117516920064));
#619 = CARTESIAN_POINT('',(-3.51576038946,-1.059442684582,
    11.144105397993));
#620 = CARTESIAN_POINT('',(-3.510796059894,-1.075645741046,11.1700006));
#621 = PCURVE('',#235,#622);
#622 = DEFINITIONAL_REPRESENTATION('',(#623),#634);
#623 = B_SPLINE_CURVE_WITH_KNOTS('',5,(#624,#625,#626,#627,#628,#629,
    #630,#631,#632,#633),.UNSPECIFIED.,.F.,.F.,(6,4,6),(0.,
    0.562556958106,1.),.UNSPECIFIED.);
#624 = CARTESIAN_POINT('',(-1.592383007676,-3.775388910534));
#625 = CARTESIAN_POINT('',(-1.665370175911,-3.805860686213));
#626 = CARTESIAN_POINT('',(-1.737640343664,-3.83723557458));
#627 = CARTESIAN_POINT('',(-1.809486849416,-3.869262576088));
#628 = CARTESIAN_POINT('',(-1.881146814426,-3.901749018094));
#629 = CARTESIAN_POINT('',(-2.008628153489,-3.960004264019));
#630 = CARTESIAN_POINT('',(-2.064425110191,-3.985659165371));
#631 = CARTESIAN_POINT('',(-2.120364621731,-4.011403105327));
#632 = CARTESIAN_POINT('',(-2.176548500545,-4.037156126382));
#633 = CARTESIAN_POINT('',(-2.233081785546,-4.062832200432));
#634 = ( GEOMETRIC_REPRESENTATION_CONTEXT(2) 
PARAMETRIC_REPRESENTATION_CONTEXT() REPRESENTATION_CONTEXT('2D SPACE',''
  ) );
#635 = PCURVE('',#636,#641);
#636 = CYLINDRICAL_SURFACE('',#637,3.67188);
#637 = AXIS2_PLACEMENT_3D('',#638,#639,#640);
#638 = CARTESIAN_POINT('',(0.,0.,10.85));
#639 = DIRECTION('',(-0.,-0.,-1.));
#640 = DIRECTION('',(1.,0.,0.));
#641 = DEFINITIONAL_REPRESENTATION('',(#642),#653);
#642 = B_SPLINE_CURVE_WITH_KNOTS('',5,(#643,#644,#645,#646,#647,#648,
    #649,#650,#651,#652),.UNSPECIFIED.,.F.,.F.,(6,4,6),(0.,
    0.562556958106,1.),.UNSPECIFIED.);
#643 = CARTESIAN_POINT('',(-3.402101596649,6.000000176698E-07));
#644 = CARTESIAN_POINT('',(-3.404232409779,-3.730132595091E-02));
#645 = CARTESIAN_POINT('',(-3.406997255897,-7.466726511064E-02));
#646 = CARTESIAN_POINT('',(-3.41035012928,-0.111822092295));
#647 = CARTESIAN_POINT('',(-3.414255183518,-0.148543192793));
#648 = CARTESIAN_POINT('',(-3.422122902147,-0.212676161005));
#649 = CARTESIAN_POINT('',(-3.425879461098,-0.24034092426));
#650 = CARTESIAN_POINT('',(-3.429936129236,-0.267516920064));
#651 = CARTESIAN_POINT('',(-3.434279218549,-0.294105397993));
#652 = CARTESIAN_POINT('',(-3.438894427233,-0.3200006));
#653 = ( GEOMETRIC_REPRESENTATION_CONTEXT(2) 
PARAMETRIC_REPRESENTATION_CONTEXT() REPRESENTATION_CONTEXT('2D SPACE',''
  ) );
#654 = ORIENTED_EDGE('',*,*,#655,.F.);
#655 = EDGE_CURVE('',#434,#607,#656,.T.);
#656 = SURFACE_CURVE('',#657,(#662,#689),.PCURVE_S1.);
#657 = ELLIPSE('',#658,0.420634712776,0.311530566108);
#658 = AXIS2_PLACEMENT_3D('',#659,#660,#661);
#659 = CARTESIAN_POINT('',(-3.549298753212,-1.26386400173,10.85));
#660 = DIRECTION('',(0.,0.,1.));
#661 = DIRECTION('',(-0.952464797172,0.304648666743,0.));
#662 = PCURVE('',#235,#663);
#663 = DEFINITIONAL_REPRESENTATION('',(#664),#688);
#664 = B_SPLINE_CURVE_WITH_KNOTS('',8,(#665,#666,#667,#668,#669,#670,
    #671,#672,#673,#674,#675,#676,#677,#678,#679,#680,#681,#682,#683,
    #684,#685,#686,#687),.UNSPECIFIED.,.F.,.F.,(9,7,7,9),(3.368439725064
    ,4.939236051859,7.295430542051,9.651625032244),.UNSPECIFIED.);
#665 = CARTESIAN_POINT('',(0.,-4.114921354284));
#666 = CARTESIAN_POINT('',(-0.201304044767,-4.102445101104));
#667 = CARTESIAN_POINT('',(-0.402341428734,-4.077839468638));
#668 = CARTESIAN_POINT('',(-0.602811016495,-4.041838585749));
#669 = CARTESIAN_POINT('',(-0.802435282759,-3.996169355023));
#670 = CARTESIAN_POINT('',(-1.001007909901,-3.943476087072));
#671 = CARTESIAN_POINT('',(-1.19842071653,-3.886999679926));
#672 = CARTESIAN_POINT('',(-1.394668541157,-3.83014828741));
#673 = CARTESIAN_POINT('',(-1.882573950804,-3.695018619867));
#674 = CARTESIAN_POINT('',(-2.172874648661,-3.620239904537));
#675 = CARTESIAN_POINT('',(-2.46100120564,-3.562478902252));
#676 = CARTESIAN_POINT('',(-2.747659656599,-3.531279191594));
#677 = CARTESIAN_POINT('',(-3.033872379552,-3.532078161705));
#678 = CARTESIAN_POINT('',(-3.320723157743,-3.563628462859));
#679 = CARTESIAN_POINT('',(-3.609118846425,-3.619348914711));
#680 = CARTESIAN_POINT('',(-4.190096563318,-3.760476369506));
#681 = CARTESIAN_POINT('',(-4.48267856407,-3.845883883856));
#682 = CARTESIAN_POINT('',(-4.777903555178,-3.936802684853));
#683 = CARTESIAN_POINT('',(-5.075960746301,-4.021181671339));
#684 = CARTESIAN_POINT('',(-5.376535204672,-4.086721612125));
#685 = CARTESIAN_POINT('',(-5.678673359424,-4.125058879445));
#686 = CARTESIAN_POINT('',(-5.981229240029,-4.133635734056));
#687 = CARTESIAN_POINT('',(-6.28318530718,-4.114921354284));
#688 = ( GEOMETRIC_REPRESENTATION_CONTEXT(2) 
PARAMETRIC_REPRESENTATION_CONTEXT() REPRESENTATION_CONTEXT('2D SPACE',''
  ) );
#689 = PCURVE('',#493,#690);
#690 = DEFINITIONAL_REPRESENTATION('',(#691),#695);
#691 = ELLIPSE('',#692,0.420634712776,0.311530566108);
#692 = AXIS2_PLACEMENT_2D('',#693,#694);
#693 = CARTESIAN_POINT('',(-3.549298753212,-1.26386400173));
#694 = DIRECTION('',(-0.952464797172,0.304648666743));
#695 = ( GEOMETRIC_REPRESENTATION_CONTEXT(2) 
PARAMETRIC_REPRESENTATION_CONTEXT() REPRESENTATION_CONTEXT('2D SPACE',''
  ) );
#696 = ORIENTED_EDGE('',*,*,#433,.F.);
#697 = ORIENTED_EDGE('',*,*,#76,.F.);
#698 = ORIENTED_EDGE('',*,*,#699,.T.);
#699 = EDGE_CURVE('',#77,#336,#700,.T.);
#700 = SURFACE_CURVE('',#701,(#706,#713),.PCURVE_S1.);
#701 = CIRCLE('',#702,0.42);
#702 = AXIS2_PLACEMENT_3D('',#703,#704,#705);
#703 = CARTESIAN_POINT('',(-6.,-0.48,8.));
#704 = DIRECTION('',(0.639729113257,-0.204619238431,0.740862759838));
#705 = DIRECTION('',(0.756877032285,0.,-0.653557310417));
#706 = PCURVE('',#235,#707);
#707 = DEFINITIONAL_REPRESENTATION('',(#708),#712);
#708 = LINE('',#709,#710);
#709 = CARTESIAN_POINT('',(-0.,-0.));
#710 = VECTOR('',#711,1.);
#711 = DIRECTION('',(-1.,-0.));
#712 = ( GEOMETRIC_REPRESENTATION_CONTEXT(2) 
PARAMETRIC_REPRESENTATION_CONTEXT() REPRESENTATION_CONTEXT('2D SPACE',''
  ) );
#713 = PCURVE('',#408,#714);
#714 = DEFINITIONAL_REPRESENTATION('',(#715),#719);
#715 = CIRCLE('',#716,0.42);
#716 = AXIS2_PLACEMENT_2D('',#717,#718);
#717 = CARTESIAN_POINT('',(0.,0.));
#718 = DIRECTION('',(1.,0.));
#719 = ( GEOMETRIC_REPRESENTATION_CONTEXT(2) 
PARAMETRIC_REPRESENTATION_CONTEXT() REPRESENTATION_CONTEXT('2D SPACE',''
  ) );
#720 = ADVANCED_FACE('',(#721),#408,.F.);
#721 = FACE_BOUND('',#722,.F.);
#722 = EDGE_LOOP('',(#723,#724));
#723 = ORIENTED_EDGE('',*,*,#376,.F.);
#724 = ORIENTED_EDGE('',*,*,#699,.T.);
#725 = ADVANCED_FACE('',(#726,#1022),#493,.F.);
#726 = FACE_BOUND('',#727,.F.);
#727 = EDGE_LOOP('',(#728,#772,#805,#854,#883,#932,#976,#998,#999,#1000)
  );
#728 = ORIENTED_EDGE('',*,*,#729,.F.);
#729 = EDGE_CURVE('',#730,#732,#734,.T.);
#730 = VERTEX_POINT('',#731);
#731 = CARTESIAN_POINT('',(3.547987114511,-0.94577490433,10.85));
#732 = VERTEX_POINT('',#733);
#733 = CARTESIAN_POINT('',(3.323591297719,-1.560911150618,10.85));
#734 = SURFACE_CURVE('',#735,(#740,#747),.PCURVE_S1.);
#735 = ELLIPSE('',#736,0.420634712776,0.311530566108);
#736 = AXIS2_PLACEMENT_3D('',#737,#738,#739);
#737 = CARTESIAN_POINT('',(3.549298753212,-1.26386400173,10.85));
#738 = DIRECTION('',(0.,0.,1.));
#739 = DIRECTION('',(0.952464797172,0.304648666743,-0.));
#740 = PCURVE('',#493,#741);
#741 = DEFINITIONAL_REPRESENTATION('',(#742),#746);
#742 = ELLIPSE('',#743,0.420634712776,0.311530566108);
#743 = AXIS2_PLACEMENT_2D('',#744,#745);
#744 = CARTESIAN_POINT('',(3.549298753212,-1.26386400173));
#745 = DIRECTION('',(0.952464797172,0.304648666743));
#746 = ( GEOMETRIC_REPRESENTATION_CONTEXT(2) 
PARAMETRIC_REPRESENTATION_CONTEXT() REPRESENTATION_CONTEXT('2D SPACE',''
  ) );
#747 = PCURVE('',#748,#753);
#748 = CONICAL_SURFACE('',#749,0.42,2.821585297661E-02);
#749 = AXIS2_PLACEMENT_3D('',#750,#751,#752);
#750 = CARTESIAN_POINT('',(6.,-0.48,8.));
#751 = DIRECTION('',(0.639729113257,0.204619238431,-0.740862759838));
#752 = DIRECTION('',(0.756877032285,0.,0.653557310417));
#753 = DEFINITIONAL_REPRESENTATION('',(#754),#771);
#754 = B_SPLINE_CURVE_WITH_KNOTS('',8,(#755,#756,#757,#758,#759,#760,
    #761,#762,#763,#764,#765,#766,#767,#768,#769,#770),.UNSPECIFIED.,.F.
  ,.F.,(9,7,9),(1.341380161391,3.688340276971,3.89958131738),
  .UNSPECIFIED.);
#755 = CARTESIAN_POINT('',(-1.549208471936,-3.775389400845));
#756 = CARTESIAN_POINT('',(-1.840785838872,-3.856101295599));
#757 = CARTESIAN_POINT('',(-2.134784991308,-3.943133040866));
#758 = CARTESIAN_POINT('',(-2.431473810281,-4.025895857582));
#759 = CARTESIAN_POINT('',(-2.730693436285,-4.092660947852));
#760 = CARTESIAN_POINT('',(-3.031749229038,-4.133386012413));
#761 = CARTESIAN_POINT('',(-3.333445762244,-4.143419183852));
#762 = CARTESIAN_POINT('',(-3.634640302968,-4.124065503847));
#763 = CARTESIAN_POINT('',(-3.961453869124,-4.077094848584));
#764 = CARTESIAN_POINT('',(-3.988429111422,-4.073023989887));
#765 = CARTESIAN_POINT('',(-4.015392647072,-4.068764949506));
#766 = CARTESIAN_POINT('',(-4.042343865944,-4.064322132947));
#767 = CARTESIAN_POINT('',(-4.069282177478,-4.059700222686));
#768 = CARTESIAN_POINT('',(-4.096207012309,-4.05490416802));
#769 = CARTESIAN_POINT('',(-4.123117823709,-4.049939173851));
#770 = CARTESIAN_POINT('',(-4.150014088856,-4.044810688524));
#771 = ( GEOMETRIC_REPRESENTATION_CONTEXT(2) 
PARAMETRIC_REPRESENTATION_CONTEXT() REPRESENTATION_CONTEXT('2D SPACE',''
  ) );
#772 = ORIENTED_EDGE('',*,*,#773,.F.);
#773 = EDGE_CURVE('',#774,#730,#776,.T.);
#774 = VERTEX_POINT('',#775);
#775 = CARTESIAN_POINT('',(3.547987114511,0.94577490433,10.85));
#776 = SURFACE_CURVE('',#777,(#782,#793),.PCURVE_S1.);
#777 = CIRCLE('',#778,3.67188);
#778 = AXIS2_PLACEMENT_3D('',#779,#780,#781);
#779 = CARTESIAN_POINT('',(0.,0.,10.85));
#780 = DIRECTION('',(0.,0.,-1.));
#781 = DIRECTION('',(0.966259004791,0.257572389166,0.));
#782 = PCURVE('',#493,#783);
#783 = DEFINITIONAL_REPRESENTATION('',(#784),#792);
#784 = ( BOUNDED_CURVE() B_SPLINE_CURVE(2,(#785,#786,#787,#788,#789,#790
,#791),.UNSPECIFIED.,.T.,.F.) B_SPLINE_CURVE_WITH_KNOTS((1,2,2,2,2,1),(
    -2.094395102393,0.,2.094395102393,4.188790204786,6.28318530718,
8.377580409573),.UNSPECIFIED.) CURVE() GEOMETRIC_REPRESENTATION_ITEM() 
RATIONAL_B_SPLINE_CURVE((1.,0.5,1.,0.5,1.,0.5,1.)) REPRESENTATION_ITEM(
  '') );
#785 = CARTESIAN_POINT('',(3.547987114511,0.94577490433));
#786 = CARTESIAN_POINT('',(5.186117301335,-5.199519042603));
#787 = CARTESIAN_POINT('',(-0.954928463844,-3.545534425632));
#788 = CARTESIAN_POINT('',(-7.095974229023,-1.89154980866));
#789 = CARTESIAN_POINT('',(-2.593058650667,2.599759521302));
#790 = CARTESIAN_POINT('',(1.909856927688,7.091068851264));
#791 = CARTESIAN_POINT('',(3.547987114511,0.94577490433));
#792 = ( GEOMETRIC_REPRESENTATION_CONTEXT(2) 
PARAMETRIC_REPRESENTATION_CONTEXT() REPRESENTATION_CONTEXT('2D SPACE',''
  ) );
#793 = PCURVE('',#794,#799);
#794 = CYLINDRICAL_SURFACE('',#795,3.67188);
#795 = AXIS2_PLACEMENT_3D('',#796,#797,#798);
#796 = CARTESIAN_POINT('',(0.,0.,10.85));
#797 = DIRECTION('',(-0.,-0.,-1.));
#798 = DIRECTION('',(1.,0.,0.));
#799 = DEFINITIONAL_REPRESENTATION('',(#800),#804);
#800 = LINE('',#801,#802);
#801 = CARTESIAN_POINT('',(-6.543694284513,0.));
#802 = VECTOR('',#803,1.);
#803 = DIRECTION('',(1.,-0.));
#804 = ( GEOMETRIC_REPRESENTATION_CONTEXT(2) 
PARAMETRIC_REPRESENTATION_CONTEXT() REPRESENTATION_CONTEXT('2D SPACE',''
  ) );
#805 = ORIENTED_EDGE('',*,*,#806,.F.);
#806 = EDGE_CURVE('',#807,#774,#809,.T.);
#807 = VERTEX_POINT('',#808);
#808 = CARTESIAN_POINT('',(3.323591297719,1.560911150618,10.85));
#809 = SURFACE_CURVE('',#810,(#815,#822),.PCURVE_S1.);
#810 = ELLIPSE('',#811,0.420634712776,0.311530566108);
#811 = AXIS2_PLACEMENT_3D('',#812,#813,#814);
#812 = CARTESIAN_POINT('',(3.549298753212,1.26386400173,10.85));
#813 = DIRECTION('',(0.,0.,1.));
#814 = DIRECTION('',(0.952464797172,-0.304648666743,0.));
#815 = PCURVE('',#493,#816);
#816 = DEFINITIONAL_REPRESENTATION('',(#817),#821);
#817 = ELLIPSE('',#818,0.420634712776,0.311530566108);
#818 = AXIS2_PLACEMENT_2D('',#819,#820);
#819 = CARTESIAN_POINT('',(3.549298753212,1.26386400173));
#820 = DIRECTION('',(0.952464797172,-0.304648666743));
#821 = ( GEOMETRIC_REPRESENTATION_CONTEXT(2) 
PARAMETRIC_REPRESENTATION_CONTEXT() REPRESENTATION_CONTEXT('2D SPACE',''
  ) );
#822 = PCURVE('',#823,#828);
#823 = CONICAL_SURFACE('',#824,0.42,2.821585297661E-02);
#824 = AXIS2_PLACEMENT_3D('',#825,#826,#827);
#825 = CARTESIAN_POINT('',(6.,0.48,8.));
#826 = DIRECTION('',(0.639729113257,-0.204619238431,-0.740862759838));
#827 = DIRECTION('',(0.756877032285,0.,0.653557310417));
#828 = DEFINITIONAL_REPRESENTATION('',(#829),#853);
#829 = B_SPLINE_CURVE_WITH_KNOTS('',8,(#830,#831,#832,#833,#834,#835,
    #836,#837,#838,#839,#840,#841,#842,#843,#844,#845,#846,#847,#848,
    #849,#850,#851,#852),.UNSPECIFIED.,.F.,.F.,(9,7,7,9),(0.238650540016
    ,1.809446866811,4.165641357003,6.521835847196),.UNSPECIFIED.);
#830 = CARTESIAN_POINT('',(0.,-3.565122721372));
#831 = CARTESIAN_POINT('',(-0.191523648178,-3.578236090153));
#832 = CARTESIAN_POINT('',(-0.383300929034,-3.6034449455));
#833 = CARTESIAN_POINT('',(-0.575605670227,-3.639977748313));
#834 = CARTESIAN_POINT('',(-0.76869348794,-3.686072900672));
#835 = CARTESIAN_POINT('',(-0.962773864747,-3.739058937002));
#836 = CARTESIAN_POINT('',(-1.157980586285,-3.795679113697));
#837 = CARTESIAN_POINT('',(-1.354351879919,-3.852522452744));
#838 = CARTESIAN_POINT('',(-1.848051176505,-3.987274558031));
#839 = CARTESIAN_POINT('',(-2.146764985278,-4.061505049451));
#840 = CARTESIAN_POINT('',(-2.447781545239,-4.118426154198));
#841 = CARTESIAN_POINT('',(-2.75044389331,-4.148583473654));
#842 = CARTESIAN_POINT('',(-3.053599684741,-4.146681120506));
#843 = CARTESIAN_POINT('',(-3.355951894787,-4.114120688042));
#844 = CARTESIAN_POINT('',(-3.656574529023,-4.057603271462));
#845 = CARTESIAN_POINT('',(-4.253369422049,-3.915444662581));
#846 = CARTESIAN_POINT('',(-4.549541894489,-3.829802955143));
#847 = CARTESIAN_POINT('',(-4.842996974265,-3.738999459432));
#848 = CARTESIAN_POINT('',(-5.133682257579,-3.655101499477));
#849 = CARTESIAN_POINT('',(-5.422117018748,-3.590353041388));
#850 = CARTESIAN_POINT('',(-5.709185098236,-3.55299759204));
#851 = CARTESIAN_POINT('',(-5.995899834912,-3.545452668201));
#852 = CARTESIAN_POINT('',(-6.28318530718,-3.565122721372));
#853 = ( GEOMETRIC_REPRESENTATION_CONTEXT(2) 
PARAMETRIC_REPRESENTATION_CONTEXT() REPRESENTATION_CONTEXT('2D SPACE',''
  ) );
#854 = ORIENTED_EDGE('',*,*,#855,.T.);
#855 = EDGE_CURVE('',#807,#856,#858,.T.);
#856 = VERTEX_POINT('',#857);
#857 = CARTESIAN_POINT('',(-3.323591297719,1.560911150618,10.85));
#858 = SURFACE_CURVE('',#859,(#864,#871),.PCURVE_S1.);
#859 = CIRCLE('',#860,3.67188);
#860 = AXIS2_PLACEMENT_3D('',#861,#862,#863);
#861 = CARTESIAN_POINT('',(0.,0.,10.85));
#862 = DIRECTION('',(0.,0.,1.));
#863 = DIRECTION('',(1.,0.,0.));
#864 = PCURVE('',#493,#865);
#865 = DEFINITIONAL_REPRESENTATION('',(#866),#870);
#866 = CIRCLE('',#867,3.67188);
#867 = AXIS2_PLACEMENT_2D('',#868,#869);
#868 = CARTESIAN_POINT('',(1.862043602377E-16,-2.22516850847E-16));
#869 = DIRECTION('',(1.,0.));
#870 = ( GEOMETRIC_REPRESENTATION_CONTEXT(2) 
PARAMETRIC_REPRESENTATION_CONTEXT() REPRESENTATION_CONTEXT('2D SPACE',''
  ) );
#871 = PCURVE('',#872,#877);
#872 = CYLINDRICAL_SURFACE('',#873,3.67188);
#873 = AXIS2_PLACEMENT_3D('',#874,#875,#876);
#874 = CARTESIAN_POINT('',(0.,0.,10.85));
#875 = DIRECTION('',(-0.,-0.,-1.));
#876 = DIRECTION('',(1.,0.,0.));
#877 = DEFINITIONAL_REPRESENTATION('',(#878),#882);
#878 = LINE('',#879,#880);
#879 = CARTESIAN_POINT('',(-0.,0.));
#880 = VECTOR('',#881,1.);
#881 = DIRECTION('',(-1.,0.));
#882 = ( GEOMETRIC_REPRESENTATION_CONTEXT(2) 
PARAMETRIC_REPRESENTATION_CONTEXT() REPRESENTATION_CONTEXT('2D SPACE',''
  ) );
#883 = ORIENTED_EDGE('',*,*,#884,.F.);
#884 = EDGE_CURVE('',#885,#856,#887,.T.);
#885 = VERTEX_POINT('',#886);
#886 = CARTESIAN_POINT('',(-3.13757796244,1.321992073719,10.85));
#887 = SURFACE_CURVE('',#888,(#893,#900),.PCURVE_S1.);
#888 = ELLIPSE('',#889,0.420634712776,0.311530566108);
#889 = AXIS2_PLACEMENT_3D('',#890,#891,#892);
#890 = CARTESIAN_POINT('',(-3.549298753212,1.26386400173,10.85));
#891 = DIRECTION('',(0.,0.,1.));
#892 = DIRECTION('',(-0.952464797172,-0.304648666743,0.));
#893 = PCURVE('',#493,#894);
#894 = DEFINITIONAL_REPRESENTATION('',(#895),#899);
#895 = ELLIPSE('',#896,0.420634712776,0.311530566108);
#896 = AXIS2_PLACEMENT_2D('',#897,#898);
#897 = CARTESIAN_POINT('',(-3.549298753212,1.26386400173));
#898 = DIRECTION('',(-0.952464797172,-0.304648666743));
#899 = ( GEOMETRIC_REPRESENTATION_CONTEXT(2) 
PARAMETRIC_REPRESENTATION_CONTEXT() REPRESENTATION_CONTEXT('2D SPACE',''
  ) );
#900 = PCURVE('',#901,#906);
#901 = CONICAL_SURFACE('',#902,0.42,2.821585297661E-02);
#902 = AXIS2_PLACEMENT_3D('',#903,#904,#905);
#903 = CARTESIAN_POINT('',(-6.,0.48,8.));
#904 = DIRECTION('',(-0.639729113257,-0.204619238431,-0.740862759838));
#905 = DIRECTION('',(0.756877032285,0.,-0.653557310417));
#906 = DEFINITIONAL_REPRESENTATION('',(#907),#931);
#907 = B_SPLINE_CURVE_WITH_KNOTS('',8,(#908,#909,#910,#911,#912,#913,
    #914,#915,#916,#917,#918,#919,#920,#921,#922,#923,#924,#925,#926,
    #927,#928,#929,#930),.UNSPECIFIED.,.F.,.F.,(9,7,7,9),(2.914745582116
    ,4.485541908911,6.841736399103,9.197930889295),.UNSPECIFIED.);
#908 = CARTESIAN_POINT('',(0.,-4.114921354284));
#909 = CARTESIAN_POINT('',(-0.201304044767,-4.127397607465));
#910 = CARTESIAN_POINT('',(-0.402874633805,-4.127744394515));
#911 = CARTESIAN_POINT('',(-0.604410573113,-4.11523051919));
#912 = CARTESIAN_POINT('',(-0.805584017992,-4.090115369137));
#913 = CARTESIAN_POINT('',(-1.006086789397,-4.05376055358));
#914 = CARTESIAN_POINT('',(-1.205677065215,-4.008482324032));
#915 = CARTESIAN_POINT('',(-1.404209360409,-3.95723035877));
#916 = CARTESIAN_POINT('',(-1.897762734288,-3.822100691227));
#917 = CARTESIAN_POINT('',(-2.191395272321,-3.734723217898));
#918 = CARTESIAN_POINT('',(-2.48235100421,-3.65176708683));
#919 = CARTESIAN_POINT('',(-2.770929080858,-3.585097231601));
#920 = CARTESIAN_POINT('',(-3.057917675444,-3.544841299136));
#921 = CARTESIAN_POINT('',(-3.344340045089,-3.535608890919));
#922 = CARTESIAN_POINT('',(-3.631227670894,-3.555954449969));
#923 = CARTESIAN_POINT('',(-4.207577618822,-3.644149645396));
#924 = CARTESIAN_POINT('',(-4.497040608131,-3.711998388323));
#925 = CARTESIAN_POINT('',(-4.788610054222,-3.797771568089));
#926 = CARTESIAN_POINT('',(-5.082910312316,-3.891246697515));
#927 = CARTESIAN_POINT('',(-5.380130370051,-3.979388165999));
#928 = CARTESIAN_POINT('',(-5.67987399244,-4.05020003454));
#929 = CARTESIAN_POINT('',(-5.981229240029,-4.096206974513));
#930 = CARTESIAN_POINT('',(-6.28318530718,-4.114921354284));
#931 = ( GEOMETRIC_REPRESENTATION_CONTEXT(2) 
PARAMETRIC_REPRESENTATION_CONTEXT() REPRESENTATION_CONTEXT('2D SPACE',''
  ) );
#932 = ORIENTED_EDGE('',*,*,#933,.F.);
#933 = EDGE_CURVE('',#934,#885,#936,.T.);
#934 = VERTEX_POINT('',#935);
#935 = CARTESIAN_POINT('',(-3.547987114511,0.94577490433,10.85));
#936 = SURFACE_CURVE('',#937,(#942,#949),.PCURVE_S1.);
#937 = ELLIPSE('',#938,0.420634712776,0.311530566108);
#938 = AXIS2_PLACEMENT_3D('',#939,#940,#941);
#939 = CARTESIAN_POINT('',(-3.549298753212,1.26386400173,10.85));
#940 = DIRECTION('',(0.,0.,1.));
#941 = DIRECTION('',(-0.952464797172,-0.304648666743,0.));
#942 = PCURVE('',#493,#943);
#943 = DEFINITIONAL_REPRESENTATION('',(#944),#948);
#944 = ELLIPSE('',#945,0.420634712776,0.311530566108);
#945 = AXIS2_PLACEMENT_2D('',#946,#947);
#946 = CARTESIAN_POINT('',(-3.549298753212,1.26386400173));
#947 = DIRECTION('',(-0.952464797172,-0.304648666743));
#948 = ( GEOMETRIC_REPRESENTATION_CONTEXT(2) 
PARAMETRIC_REPRESENTATION_CONTEXT() REPRESENTATION_CONTEXT('2D SPACE',''
  ) );
#949 = PCURVE('',#901,#950);
#950 = DEFINITIONAL_REPRESENTATION('',(#951),#975);
#951 = B_SPLINE_CURVE_WITH_KNOTS('',8,(#952,#953,#954,#955,#956,#957,
    #958,#959,#960,#961,#962,#963,#964,#965,#966,#967,#968,#969,#970,
    #971,#972,#973,#974),.UNSPECIFIED.,.F.,.F.,(9,7,7,9),(2.914745582116
    ,4.485541908911,6.841736399103,9.197930889295),.UNSPECIFIED.);
#952 = CARTESIAN_POINT('',(0.,-4.114921354284));
#953 = CARTESIAN_POINT('',(-0.201304044767,-4.127397607465));
#954 = CARTESIAN_POINT('',(-0.402874633805,-4.127744394515));
#955 = CARTESIAN_POINT('',(-0.604410573113,-4.11523051919));
#956 = CARTESIAN_POINT('',(-0.805584017992,-4.090115369137));
#957 = CARTESIAN_POINT('',(-1.006086789397,-4.05376055358));
#958 = CARTESIAN_POINT('',(-1.205677065215,-4.008482324032));
#959 = CARTESIAN_POINT('',(-1.404209360409,-3.95723035877));
#960 = CARTESIAN_POINT('',(-1.897762734288,-3.822100691227));
#961 = CARTESIAN_POINT('',(-2.191395272321,-3.734723217898));
#962 = CARTESIAN_POINT('',(-2.48235100421,-3.65176708683));
#963 = CARTESIAN_POINT('',(-2.770929080858,-3.585097231601));
#964 = CARTESIAN_POINT('',(-3.057917675444,-3.544841299136));
#965 = CARTESIAN_POINT('',(-3.344340045089,-3.535608890919));
#966 = CARTESIAN_POINT('',(-3.631227670894,-3.555954449969));
#967 = CARTESIAN_POINT('',(-4.207577618822,-3.644149645396));
#968 = CARTESIAN_POINT('',(-4.497040608131,-3.711998388323));
#969 = CARTESIAN_POINT('',(-4.788610054222,-3.797771568089));
#970 = CARTESIAN_POINT('',(-5.082910312316,-3.891246697515));
#971 = CARTESIAN_POINT('',(-5.380130370051,-3.979388165999));
#972 = CARTESIAN_POINT('',(-5.67987399244,-4.05020003454));
#973 = CARTESIAN_POINT('',(-5.981229240029,-4.096206974513));
#974 = CARTESIAN_POINT('',(-6.28318530718,-4.114921354284));
#975 = ( GEOMETRIC_REPRESENTATION_CONTEXT(2) 
PARAMETRIC_REPRESENTATION_CONTEXT() REPRESENTATION_CONTEXT('2D SPACE',''
  ) );
#976 = ORIENTED_EDGE('',*,*,#977,.T.);
#977 = EDGE_CURVE('',#934,#607,#978,.T.);
#978 = SURFACE_CURVE('',#979,(#984,#991),.PCURVE_S1.);
#979 = CIRCLE('',#980,3.67188);
#980 = AXIS2_PLACEMENT_3D('',#981,#982,#983);
#981 = CARTESIAN_POINT('',(0.,0.,10.85));
#982 = DIRECTION('',(0.,0.,1.));
#983 = DIRECTION('',(1.,0.,0.));
#984 = PCURVE('',#493,#985);
#985 = DEFINITIONAL_REPRESENTATION('',(#986),#990);
#986 = CIRCLE('',#987,3.67188);
#987 = AXIS2_PLACEMENT_2D('',#988,#989);
#988 = CARTESIAN_POINT('',(1.862043602377E-16,-2.22516850847E-16));
#989 = DIRECTION('',(1.,0.));
#990 = ( GEOMETRIC_REPRESENTATION_CONTEXT(2) 
PARAMETRIC_REPRESENTATION_CONTEXT() REPRESENTATION_CONTEXT('2D SPACE',''
  ) );
#991 = PCURVE('',#636,#992);
#992 = DEFINITIONAL_REPRESENTATION('',(#993),#997);
#993 = LINE('',#994,#995);
#994 = CARTESIAN_POINT('',(-0.,0.));
#995 = VECTOR('',#996,1.);
#996 = DIRECTION('',(-1.,0.));
#997 = ( GEOMETRIC_REPRESENTATION_CONTEXT(2) 
PARAMETRIC_REPRESENTATION_CONTEXT() REPRESENTATION_CONTEXT('2D SPACE',''
  ) );
#998 = ORIENTED_EDGE('',*,*,#655,.F.);
#999 = ORIENTED_EDGE('',*,*,#456,.F.);
#1000 = ORIENTED_EDGE('',*,*,#1001,.T.);
#1001 = EDGE_CURVE('',#457,#732,#1002,.T.);
#1002 = SURFACE_CURVE('',#1003,(#1008,#1015),.PCURVE_S1.);
#1003 = CIRCLE('',#1004,3.67188);
#1004 = AXIS2_PLACEMENT_3D('',#1005,#1006,#1007);
#1005 = CARTESIAN_POINT('',(0.,0.,10.85));
#1006 = DIRECTION('',(0.,0.,1.));
#1007 = DIRECTION('',(1.,0.,0.));
#1008 = PCURVE('',#493,#1009);
#1009 = DEFINITIONAL_REPRESENTATION('',(#1010),#1014);
#1010 = CIRCLE('',#1011,3.67188);
#1011 = AXIS2_PLACEMENT_2D('',#1012,#1013);
#1012 = CARTESIAN_POINT('',(1.862043602377E-16,-2.22516850847E-16));
#1013 = DIRECTION('',(1.,0.));
#1014 = ( GEOMETRIC_REPRESENTATION_CONTEXT(2) 
PARAMETRIC_REPRESENTATION_CONTEXT() REPRESENTATION_CONTEXT('2D SPACE',''
  ) );
#1015 = PCURVE('',#527,#1016);
#1016 = DEFINITIONAL_REPRESENTATION('',(#1017),#1021);
#1017 = LINE('',#1018,#1019);
#1018 = CARTESIAN_POINT('',(-0.,0.));
#1019 = VECTOR('',#1020,1.);
#1020 = DIRECTION('',(-1.,0.));
#1021 = ( GEOMETRIC_REPRESENTATION_CONTEXT(2) 
PARAMETRIC_REPRESENTATION_CONTEXT() REPRESENTATION_CONTEXT('2D SPACE',''
  ) );
#1022 = FACE_BOUND('',#1023,.F.);
#1023 = EDGE_LOOP('',(#1024));
#1024 = ORIENTED_EDGE('',*,*,#1025,.F.);
#1025 = EDGE_CURVE('',#1026,#1026,#1028,.T.);
#1026 = VERTEX_POINT('',#1027);
#1027 = CARTESIAN_POINT('',(2.95188,2.11650739468E-16,10.85));
#1028 = SURFACE_CURVE('',#1029,(#1034,#1041),.PCURVE_S1.);
#1029 = CIRCLE('',#1030,2.95188);
#1030 = AXIS2_PLACEMENT_3D('',#1031,#1032,#1033);
#1031 = CARTESIAN_POINT('',(1.741583227622E-14,2.11650739468E-16,10.85)
  );
#1032 = DIRECTION('',(0.,0.,1.));
#1033 = DIRECTION('',(1.,0.,0.));
#1034 = PCURVE('',#493,#1035);
#1035 = DEFINITIONAL_REPRESENTATION('',(#1036),#1040);
#1036 = CIRCLE('',#1037,2.95188);
#1037 = AXIS2_PLACEMENT_2D('',#1038,#1039);
#1038 = CARTESIAN_POINT('',(1.760203663646E-14,-1.086611137906E-17));
#1039 = DIRECTION('',(1.,0.));
#1040 = ( GEOMETRIC_REPRESENTATION_CONTEXT(2) 
PARAMETRIC_REPRESENTATION_CONTEXT() REPRESENTATION_CONTEXT('2D SPACE',''
  ) );
#1041 = PCURVE('',#1042,#1047);
#1042 = CYLINDRICAL_SURFACE('',#1043,2.95188);
#1043 = AXIS2_PLACEMENT_3D('',#1044,#1045,#1046);
#1044 = CARTESIAN_POINT('',(1.741583227622E-14,2.11650739468E-16,10.85)
  );
#1045 = DIRECTION('',(-0.,-0.,-1.));
#1046 = DIRECTION('',(1.,0.,0.));
#1047 = DEFINITIONAL_REPRESENTATION('',(#1048),#1052);
#1048 = LINE('',#1049,#1050);
#1049 = CARTESIAN_POINT('',(-0.,0.));
#1050 = VECTOR('',#1051,1.);
#1051 = DIRECTION('',(-1.,0.));
#1052 = ( GEOMETRIC_REPRESENTATION_CONTEXT(2) 
PARAMETRIC_REPRESENTATION_CONTEXT() REPRESENTATION_CONTEXT('2D SPACE',''
  ) );
#1053 = ADVANCED_FACE('',(#1054),#636,.T.);
#1054 = FACE_BOUND('',#1055,.F.);
#1055 = EDGE_LOOP('',(#1056,#1057,#1101,#1123));
#1056 = ORIENTED_EDGE('',*,*,#977,.F.);
#1057 = ORIENTED_EDGE('',*,*,#1058,.F.);
#1058 = EDGE_CURVE('',#1059,#934,#1061,.T.);
#1059 = VERTEX_POINT('',#1060);
#1060 = CARTESIAN_POINT('',(-3.510796174919,1.075645365616,11.17));
#1061 = SURFACE_CURVE('',#1062,(#1073,#1087),.PCURVE_S1.);
#1062 = B_SPLINE_CURVE_WITH_KNOTS('',5,(#1063,#1064,#1065,#1066,#1067,
    #1068,#1069,#1070,#1071,#1072),.UNSPECIFIED.,.F.,.F.,(6,4,6),(0.,
    0.437487353595,1.),.UNSPECIFIED.);
#1063 = CARTESIAN_POINT('',(-3.510796059894,1.075645741046,11.1700006));
#1064 = CARTESIAN_POINT('',(-3.515760892443,1.059441042897,
    11.144102774306));
#1065 = CARTESIAN_POINT('',(-3.520339465294,1.044163248068,
    11.117511532301));
#1066 = CARTESIAN_POINT('',(-3.524538234115,1.029870064092,
    11.090332664027));
#1067 = CARTESIAN_POINT('',(-3.528364140817,1.016616421954,
    11.062664949246));
#1068 = CARTESIAN_POINT('',(-3.536266658476,0.988830074991,
    10.998531619261));
#1069 = CARTESIAN_POINT('',(-3.540102238226,0.975015081025,
    10.961813308862));
#1070 = CARTESIAN_POINT('',(-3.543337252552,0.963137610441,
    10.924661374857));
#1071 = CARTESIAN_POINT('',(-3.545972036542,0.953334284077,
    10.887298384035));
#1072 = CARTESIAN_POINT('',(-3.547987146927,0.945774782726,10.8499994));
#1073 = PCURVE('',#636,#1074);
#1074 = DEFINITIONAL_REPRESENTATION('',(#1075),#1086);
#1075 = B_SPLINE_CURVE_WITH_KNOTS('',5,(#1076,#1077,#1078,#1079,#1080,
    #1081,#1082,#1083,#1084,#1085),.UNSPECIFIED.,.F.,.F.,(6,4,6),(0.,
    0.437487353595,1.),.UNSPECIFIED.);
#1076 = CARTESIAN_POINT('',(-2.844290879946,-0.3200006));
#1077 = CARTESIAN_POINT('',(-2.848906556241,-0.294102774306));
#1078 = CARTESIAN_POINT('',(-2.853250058001,-0.267511532301));
#1079 = CARTESIAN_POINT('',(-2.857307079107,-0.240332664027));
#1080 = CARTESIAN_POINT('',(-2.861063927437,-0.212664949246));
#1081 = CARTESIAN_POINT('',(-2.868931354432,-0.148531619261));
#1082 = CARTESIAN_POINT('',(-2.872835970529,-0.111813308862));
#1083 = CARTESIAN_POINT('',(-2.876188487175,-7.4661374857E-02));
#1084 = CARTESIAN_POINT('',(-2.878953065453,-3.729838403507E-02));
#1085 = CARTESIAN_POINT('',(-2.88108371053,6.000000000173E-07));
#1086 = ( GEOMETRIC_REPRESENTATION_CONTEXT(2) 
PARAMETRIC_REPRESENTATION_CONTEXT() REPRESENTATION_CONTEXT('2D SPACE',''
  ) );
#1087 = PCURVE('',#901,#1088);
#1088 = DEFINITIONAL_REPRESENTATION('',(#1089),#1100);
#1089 = B_SPLINE_CURVE_WITH_KNOTS('',5,(#1090,#1091,#1092,#1093,#1094,
    #1095,#1096,#1097,#1098,#1099),.UNSPECIFIED.,.F.,.F.,(6,4,6),(0.,
    0.437487353595,1.),.UNSPECIFIED.);
#1090 = CARTESIAN_POINT('',(-4.050103521634,-4.062832200432));
#1091 = CARTESIAN_POINT('',(-4.106642534555,-4.037153524897));
#1092 = CARTESIAN_POINT('',(-4.162832070255,-4.011397886865));
#1093 = CARTESIAN_POINT('',(-4.218777199954,-3.985651340431));
#1094 = CARTESIAN_POINT('',(-4.274579766565,-3.959993866837));
#1095 = CARTESIAN_POINT('',(-4.402061078206,-3.901738779218));
#1096 = CARTESIAN_POINT('',(-4.473715442225,-3.869255004863));
#1097 = CARTESIAN_POINT('',(-4.545556356009,-3.837230628671));
#1098 = CARTESIAN_POINT('',(-4.617820887596,-3.805858282975));
#1099 = CARTESIAN_POINT('',(-4.690802299504,-3.775388910534));
#1100 = ( GEOMETRIC_REPRESENTATION_CONTEXT(2) 
PARAMETRIC_REPRESENTATION_CONTEXT() REPRESENTATION_CONTEXT('2D SPACE',''
  ) );
#1101 = ORIENTED_EDGE('',*,*,#1102,.T.);
#1102 = EDGE_CURVE('',#1059,#572,#1103,.T.);
#1103 = SURFACE_CURVE('',#1104,(#1109,#1116),.PCURVE_S1.);
#1104 = CIRCLE('',#1105,3.67188);
#1105 = AXIS2_PLACEMENT_3D('',#1106,#1107,#1108);
#1106 = CARTESIAN_POINT('',(0.,0.,11.17));
#1107 = DIRECTION('',(0.,0.,1.));
#1108 = DIRECTION('',(1.,0.,0.));
#1109 = PCURVE('',#636,#1110);
#1110 = DEFINITIONAL_REPRESENTATION('',(#1111),#1115);
#1111 = LINE('',#1112,#1113);
#1112 = CARTESIAN_POINT('',(-0.,-0.32));
#1113 = VECTOR('',#1114,1.);
#1114 = DIRECTION('',(-1.,0.));
#1115 = ( GEOMETRIC_REPRESENTATION_CONTEXT(2) 
PARAMETRIC_REPRESENTATION_CONTEXT() REPRESENTATION_CONTEXT('2D SPACE',''
  ) );
#1116 = PCURVE('',#594,#1117);
#1117 = DEFINITIONAL_REPRESENTATION('',(#1118),#1122);
#1118 = CIRCLE('',#1119,3.67188);
#1119 = AXIS2_PLACEMENT_2D('',#1120,#1121);
#1120 = CARTESIAN_POINT('',(1.862043602377E-16,-2.22516850847E-16));
#1121 = DIRECTION('',(1.,0.));
#1122 = ( GEOMETRIC_REPRESENTATION_CONTEXT(2) 
PARAMETRIC_REPRESENTATION_CONTEXT() REPRESENTATION_CONTEXT('2D SPACE',''
  ) );
#1123 = ORIENTED_EDGE('',*,*,#606,.F.);
#1124 = ADVANCED_FACE('',(#1125,#2055),#594,.T.);
#1125 = FACE_BOUND('',#1126,.T.);
#1126 = EDGE_LOOP('',(#1127,#1158,#1182,#1211,#1237,#1261,#1303,#1343,
    #1380,#1404,#1446,#1483,#1523,#1560,#1584,#1610,#1638,#1639,#1640,
    #1661,#1685,#1727,#1761,#1790,#1827,#1864,#1888,#1930,#1970,#2007,
    #2031));
#1127 = ORIENTED_EDGE('',*,*,#1128,.F.);
#1128 = EDGE_CURVE('',#1129,#1131,#1133,.T.);
#1129 = VERTEX_POINT('',#1130);
#1130 = CARTESIAN_POINT('',(3.510796174919,-1.075645365616,11.17));
#1131 = VERTEX_POINT('',#1132);
#1132 = CARTESIAN_POINT('',(3.21006882536,-1.05895081032,11.17));
#1133 = SURFACE_CURVE('',#1134,(#1139,#1146),.PCURVE_S1.);
#1134 = ELLIPSE('',#1135,0.404169500778,0.299336097465);
#1135 = AXIS2_PLACEMENT_3D('',#1136,#1137,#1138);
#1136 = CARTESIAN_POINT('',(3.272580025257,-1.352373300745,11.17));
#1137 = DIRECTION('',(0.,0.,1.));
#1138 = DIRECTION('',(0.952464797172,0.304648666743,-0.));
#1139 = PCURVE('',#594,#1140);
#1140 = DEFINITIONAL_REPRESENTATION('',(#1141),#1145);
#1141 = ELLIPSE('',#1142,0.404169500778,0.299336097465);
#1142 = AXIS2_PLACEMENT_2D('',#1143,#1144);
#1143 = CARTESIAN_POINT('',(3.272580025257,-1.352373300745));
#1144 = DIRECTION('',(0.952464797172,0.304648666743));
#1145 = ( GEOMETRIC_REPRESENTATION_CONTEXT(2) 
PARAMETRIC_REPRESENTATION_CONTEXT() REPRESENTATION_CONTEXT('2D SPACE',''
  ) );
#1146 = PCURVE('',#748,#1147);
#1147 = DEFINITIONAL_REPRESENTATION('',(#1148),#1157);
#1148 = B_SPLINE_CURVE_WITH_KNOTS('',7,(#1149,#1150,#1151,#1152,#1153,
    #1154,#1155,#1156),.UNSPECIFIED.,.F.,.F.,(8,8),(0.692006447579,
    1.496871254829),.PIECEWISE_BEZIER_KNOTS.);
#1149 = CARTESIAN_POINT('',(-0.908512175104,-4.06283164475));
#1150 = CARTESIAN_POINT('',(-1.021234467071,-4.082748126414));
#1151 = CARTESIAN_POINT('',(-1.134198866642,-4.105888459078));
#1152 = CARTESIAN_POINT('',(-1.247453647812,-4.131822598991));
#1153 = CARTESIAN_POINT('',(-1.361040158931,-4.160016144655));
#1154 = CARTESIAN_POINT('',(-1.474990336239,-4.189853484149));
#1155 = CARTESIAN_POINT('',(-1.589324617302,-4.220671860775));
#1156 = CARTESIAN_POINT('',(-1.704050850821,-4.251799618985));
#1157 = ( GEOMETRIC_REPRESENTATION_CONTEXT(2) 
PARAMETRIC_REPRESENTATION_CONTEXT() REPRESENTATION_CONTEXT('2D SPACE',''
  ) );
#1158 = ORIENTED_EDGE('',*,*,#1159,.T.);
#1159 = EDGE_CURVE('',#1129,#1160,#1162,.T.);
#1160 = VERTEX_POINT('',#1161);
#1161 = CARTESIAN_POINT('',(3.510796174919,1.075645365616,11.17));
#1162 = SURFACE_CURVE('',#1163,(#1168,#1175),.PCURVE_S1.);
#1163 = CIRCLE('',#1164,3.67188);
#1164 = AXIS2_PLACEMENT_3D('',#1165,#1166,#1167);
#1165 = CARTESIAN_POINT('',(0.,0.,11.17));
#1166 = DIRECTION('',(0.,0.,1.));
#1167 = DIRECTION('',(0.956130422269,-0.292941317695,0.));
#1168 = PCURVE('',#594,#1169);
#1169 = DEFINITIONAL_REPRESENTATION('',(#1170),#1174);
#1170 = CIRCLE('',#1171,3.67188);
#1171 = AXIS2_PLACEMENT_2D('',#1172,#1173);
#1172 = CARTESIAN_POINT('',(1.862043602377E-16,-2.22516850847E-16));
#1173 = DIRECTION('',(0.956130422269,-0.292941317695));
#1174 = ( GEOMETRIC_REPRESENTATION_CONTEXT(2) 
PARAMETRIC_REPRESENTATION_CONTEXT() REPRESENTATION_CONTEXT('2D SPACE',''
  ) );
#1175 = PCURVE('',#794,#1176);
#1176 = DEFINITIONAL_REPRESENTATION('',(#1177),#1181);
#1177 = LINE('',#1178,#1179);
#1178 = CARTESIAN_POINT('',(-5.985883640472,-0.32));
#1179 = VECTOR('',#1180,1.);
#1180 = DIRECTION('',(-1.,0.));
#1181 = ( GEOMETRIC_REPRESENTATION_CONTEXT(2) 
PARAMETRIC_REPRESENTATION_CONTEXT() REPRESENTATION_CONTEXT('2D SPACE',''
  ) );
#1182 = ORIENTED_EDGE('',*,*,#1183,.F.);
#1183 = EDGE_CURVE('',#1184,#1160,#1186,.T.);
#1184 = VERTEX_POINT('',#1185);
#1185 = CARTESIAN_POINT('',(3.21006882536,1.05895081032,11.17));
#1186 = SURFACE_CURVE('',#1187,(#1192,#1199),.PCURVE_S1.);
#1187 = ELLIPSE('',#1188,0.404169500778,0.299336097465);
#1188 = AXIS2_PLACEMENT_3D('',#1189,#1190,#1191);
#1189 = CARTESIAN_POINT('',(3.272580025257,1.352373300745,11.17));
#1190 = DIRECTION('',(0.,0.,1.));
#1191 = DIRECTION('',(0.952464797172,-0.304648666743,0.));
#1192 = PCURVE('',#594,#1193);
#1193 = DEFINITIONAL_REPRESENTATION('',(#1194),#1198);
#1194 = ELLIPSE('',#1195,0.404169500778,0.299336097465);
#1195 = AXIS2_PLACEMENT_2D('',#1196,#1197);
#1196 = CARTESIAN_POINT('',(3.272580025257,1.352373300745));
#1197 = DIRECTION('',(0.952464797172,-0.304648666743));
#1198 = ( GEOMETRIC_REPRESENTATION_CONTEXT(2) 
PARAMETRIC_REPRESENTATION_CONTEXT() REPRESENTATION_CONTEXT('2D SPACE',''
  ) );
#1199 = PCURVE('',#823,#1200);
#1200 = DEFINITIONAL_REPRESENTATION('',(#1201),#1210);
#1201 = B_SPLINE_CURVE_WITH_KNOTS('',7,(#1202,#1203,#1204,#1205,#1206,
    #1207,#1208,#1209),.UNSPECIFIED.,.F.,.F.,(8,8),(4.78631405235,
    6.521835847196),.PIECEWISE_BEZIER_KNOTS.);
#1202 = CARTESIAN_POINT('',(-4.579134456359,-4.251799618985));
#1203 = CARTESIAN_POINT('',(-4.826517466423,-4.184679150664));
#1204 = CARTESIAN_POINT('',(-5.072078059907,-4.118997178567));
#1205 = CARTESIAN_POINT('',(-5.315894926765,-4.061487623531));
#1206 = CARTESIAN_POINT('',(-5.558318911093,-4.018692025377));
#1207 = CARTESIAN_POINT('',(-5.799922191155,-3.995176667639));
#1208 = CARTESIAN_POINT('',(-6.041347304399,-3.99216989633));
#1209 = CARTESIAN_POINT('',(-6.28318530718,-4.008080067234));
#1210 = ( GEOMETRIC_REPRESENTATION_CONTEXT(2) 
PARAMETRIC_REPRESENTATION_CONTEXT() REPRESENTATION_CONTEXT('2D SPACE',''
  ) );
#1211 = ORIENTED_EDGE('',*,*,#1212,.T.);
#1212 = EDGE_CURVE('',#1184,#1213,#1215,.T.);
#1213 = VERTEX_POINT('',#1214);
#1214 = CARTESIAN_POINT('',(3.351299213242,1.500498689677,11.17));
#1215 = SURFACE_CURVE('',#1216,(#1220,#1226),.PCURVE_S1.);
#1216 = LINE('',#1217,#1218);
#1217 = CARTESIAN_POINT('',(2.952939560776,0.255052419899,11.17));
#1218 = VECTOR('',#1219,1.);
#1219 = DIRECTION('',(0.304648666743,0.952464797172,-0.));
#1220 = PCURVE('',#594,#1221);
#1221 = DEFINITIONAL_REPRESENTATION('',(#1222),#1225);
#1222 = B_SPLINE_CURVE_WITH_KNOTS('',1,(#1223,#1224),.UNSPECIFIED.,.F.,
  .F.,(2,2),(0.841285776424,1.457901728148),.PIECEWISE_BEZIER_KNOTS.);
#1223 = CARTESIAN_POINT('',(3.209236150913,1.056347506304));
#1224 = CARTESIAN_POINT('',(3.397087378498,1.643652493696));
#1225 = ( GEOMETRIC_REPRESENTATION_CONTEXT(2) 
PARAMETRIC_REPRESENTATION_CONTEXT() REPRESENTATION_CONTEXT('2D SPACE',''
  ) );
#1226 = PCURVE('',#1227,#1232);
#1227 = PLANE('',#1228);
#1228 = AXIS2_PLACEMENT_3D('',#1229,#1230,#1231);
#1229 = CARTESIAN_POINT('',(3.28,1.35,11.15));
#1230 = DIRECTION('',(-0.639729113257,0.204619238431,0.740862759838));
#1231 = DIRECTION('',(0.756877032285,0.,0.653557310417));
#1232 = DEFINITIONAL_REPRESENTATION('',(#1233),#1236);
#1233 = B_SPLINE_CURVE_WITH_KNOTS('',1,(#1234,#1235),.UNSPECIFIED.,.F.,
  .F.,(2,2),(0.841285776424,1.457901728148),.PIECEWISE_BEZIER_KNOTS.);
#1234 = CARTESIAN_POINT('',(-4.04883858813E-02,-0.3));
#1235 = CARTESIAN_POINT('',(0.101691893764,0.3));
#1236 = ( GEOMETRIC_REPRESENTATION_CONTEXT(2) 
PARAMETRIC_REPRESENTATION_CONTEXT() REPRESENTATION_CONTEXT('2D SPACE',''
  ) );
#1237 = ORIENTED_EDGE('',*,*,#1238,.T.);
#1238 = EDGE_CURVE('',#1213,#1239,#1241,.T.);
#1239 = VERTEX_POINT('',#1240);
#1240 = CARTESIAN_POINT('',(2.782574385294,2.395826063116,11.17));
#1241 = SURFACE_CURVE('',#1242,(#1247,#1254),.PCURVE_S1.);
#1242 = CIRCLE('',#1243,3.67188);
#1243 = AXIS2_PLACEMENT_3D('',#1244,#1245,#1246);
#1244 = CARTESIAN_POINT('',(0.,0.,11.17));
#1245 = DIRECTION('',(0.,0.,1.));
#1246 = DIRECTION('',(1.,0.,0.));
#1247 = PCURVE('',#594,#1248);
#1248 = DEFINITIONAL_REPRESENTATION('',(#1249),#1253);
#1249 = CIRCLE('',#1250,3.67188);
#1250 = AXIS2_PLACEMENT_2D('',#1251,#1252);
#1251 = CARTESIAN_POINT('',(1.862043602377E-16,-2.22516850847E-16));
#1252 = DIRECTION('',(1.,0.));
#1253 = ( GEOMETRIC_REPRESENTATION_CONTEXT(2) 
PARAMETRIC_REPRESENTATION_CONTEXT() REPRESENTATION_CONTEXT('2D SPACE',''
  ) );
#1254 = PCURVE('',#872,#1255);
#1255 = DEFINITIONAL_REPRESENTATION('',(#1256),#1260);
#1256 = LINE('',#1257,#1258);
#1257 = CARTESIAN_POINT('',(-0.,-0.32));
#1258 = VECTOR('',#1259,1.);
#1259 = DIRECTION('',(-1.,0.));
#1260 = ( GEOMETRIC_REPRESENTATION_CONTEXT(2) 
PARAMETRIC_REPRESENTATION_CONTEXT() REPRESENTATION_CONTEXT('2D SPACE',''
  ) );
#1261 = ORIENTED_EDGE('',*,*,#1262,.F.);
#1262 = EDGE_CURVE('',#1263,#1239,#1265,.T.);
#1263 = VERTEX_POINT('',#1264);
#1264 = CARTESIAN_POINT('',(2.442975671057,2.223199657857,11.17));
#1265 = SURFACE_CURVE('',#1266,(#1271,#1278),.PCURVE_S1.);
#1266 = ELLIPSE('',#1267,0.298621104019,0.29366395415);
#1267 = AXIS2_PLACEMENT_3D('',#1268,#1269,#1270);
#1268 = CARTESIAN_POINT('',(2.512254608997,2.512254608997,11.17));
#1269 = DIRECTION('',(0.,0.,1.));
#1270 = DIRECTION('',(0.707106781187,0.707106781187,-0.));
#1271 = PCURVE('',#594,#1272);
#1272 = DEFINITIONAL_REPRESENTATION('',(#1273),#1277);
#1273 = ELLIPSE('',#1274,0.298621104019,0.29366395415);
#1274 = AXIS2_PLACEMENT_2D('',#1275,#1276);
#1275 = CARTESIAN_POINT('',(2.512254608997,2.512254608997));
#1276 = DIRECTION('',(0.707106781187,0.707106781187));
#1277 = ( GEOMETRIC_REPRESENTATION_CONTEXT(2) 
PARAMETRIC_REPRESENTATION_CONTEXT() REPRESENTATION_CONTEXT('2D SPACE',''
  ) );
#1278 = PCURVE('',#1279,#1284);
#1279 = CONICAL_SURFACE('',#1280,0.3,2.833285714077E-02);
#1280 = AXIS2_PLACEMENT_3D('',#1281,#1282,#1283);
#1281 = CARTESIAN_POINT('',(2.539842705208,2.539842705208,10.95));
#1282 = DIRECTION('',(0.128254195209,0.128254195209,-0.983413302138));
#1283 = DIRECTION('',(0.991602623083,0.,0.129322225065));
#1284 = DEFINITIONAL_REPRESENTATION('',(#1285),#1302);
#1285 = B_SPLINE_CURVE_WITH_KNOTS('',8,(#1286,#1287,#1288,#1289,#1290,
    #1291,#1292,#1293,#1294,#1295,#1296,#1297,#1298,#1299,#1300,#1301),
  .UNSPECIFIED.,.F.,.F.,(9,7,9),(5.502477740382,8.644070393971,
    11.785663047561),.UNSPECIFIED.);
#1286 = CARTESIAN_POINT('',(1.7763568394E-15,-0.184948870161));
#1287 = CARTESIAN_POINT('',(-0.391240889927,-0.16997943971));
#1288 = CARTESIAN_POINT('',(-0.781838126404,-0.161792638867));
#1289 = CARTESIAN_POINT('',(-1.172135245219,-0.163897081208));
#1290 = CARTESIAN_POINT('',(-1.562677961371,-0.177615735277));
#1291 = CARTESIAN_POINT('',(-1.954064587215,-0.200178779475));
#1292 = CARTESIAN_POINT('',(-2.346573714424,-0.225184409863));
#1293 = CARTESIAN_POINT('',(-2.740077794474,-0.246936708638));
#1294 = CARTESIAN_POINT('',(-3.528392542577,-0.276875569538));
#1295 = CARTESIAN_POINT('',(-3.923203233927,-0.285062370382));
#1296 = CARTESIAN_POINT('',(-4.318323220123,-0.28295792804));
#1297 = CARTESIAN_POINT('',(-4.713196295987,-0.269239273972));
#1298 = CARTESIAN_POINT('',(-5.107189771163,-0.246676229772));
#1299 = CARTESIAN_POINT('',(-5.500059900444,-0.221670599385));
#1300 = CARTESIAN_POINT('',(-5.891944417253,-0.199918300611));
#1301 = CARTESIAN_POINT('',(-6.28318530718,-0.184948870161));
#1302 = ( GEOMETRIC_REPRESENTATION_CONTEXT(2) 
PARAMETRIC_REPRESENTATION_CONTEXT() REPRESENTATION_CONTEXT('2D SPACE',''
  ) );
#1303 = ORIENTED_EDGE('',*,*,#1304,.F.);
#1304 = EDGE_CURVE('',#1305,#1263,#1307,.T.);
#1305 = VERTEX_POINT('',#1306);
#1306 = CARTESIAN_POINT('',(2.223199657857,2.442975671057,11.17));
#1307 = SURFACE_CURVE('',#1308,(#1313,#1320),.PCURVE_S1.);
#1308 = ELLIPSE('',#1309,0.22108449908,0.22);
#1309 = AXIS2_PLACEMENT_3D('',#1310,#1311,#1312);
#1310 = CARTESIAN_POINT('',(2.443742345005,2.443742345005,11.17));
#1311 = DIRECTION('',(0.,0.,1.));
#1312 = DIRECTION('',(-0.707106781187,-0.707106781187,0.));
#1313 = PCURVE('',#594,#1314);
#1314 = DEFINITIONAL_REPRESENTATION('',(#1315),#1319);
#1315 = ELLIPSE('',#1316,0.22108449908,0.22);
#1316 = AXIS2_PLACEMENT_2D('',#1317,#1318);
#1317 = CARTESIAN_POINT('',(2.443742345005,2.443742345005));
#1318 = DIRECTION('',(-0.707106781187,-0.707106781187));
#1319 = ( GEOMETRIC_REPRESENTATION_CONTEXT(2) 
PARAMETRIC_REPRESENTATION_CONTEXT() REPRESENTATION_CONTEXT('2D SPACE',''
  ) );
#1320 = PCURVE('',#1321,#1326);
#1321 = CYLINDRICAL_SURFACE('',#1322,0.22);
#1322 = AXIS2_PLACEMENT_3D('',#1323,#1324,#1325);
#1323 = CARTESIAN_POINT('',(2.454989891466,2.454989891466,11.01));
#1324 = DIRECTION('',(-6.995233247113E-02,-6.995233247113E-02,
    0.995094639903));
#1325 = DIRECTION('',(0.997538274338,0.,7.012411304515E-02));
#1326 = DEFINITIONAL_REPRESENTATION('',(#1327),#1342);
#1327 = B_SPLINE_CURVE_WITH_KNOTS('',7,(#1328,#1329,#1330,#1331,#1332,
    #1333,#1334,#1335,#1336,#1337,#1338,#1339,#1340,#1341),
  .UNSPECIFIED.,.F.,.F.,(8,6,8),(2.358653195716,5.500245849306,
    8.641838502896),.UNSPECIFIED.);
#1328 = CARTESIAN_POINT('',(0.,0.145285372198));
#1329 = CARTESIAN_POINT('',(0.448798950513,0.138361613963));
#1330 = CARTESIAN_POINT('',(0.897597901026,0.135086652601));
#1331 = CARTESIAN_POINT('',(1.346396851538,0.137690898394));
#1332 = CARTESIAN_POINT('',(1.795195802053,0.146848437025));
#1333 = CARTESIAN_POINT('',(2.243994752564,0.158805850869));
#1334 = CARTESIAN_POINT('',(2.692793703077,0.169368322775));
#1335 = CARTESIAN_POINT('',(3.590391604103,0.183215839244));
#1336 = CARTESIAN_POINT('',(4.039190554615,0.186490800606));
#1337 = CARTESIAN_POINT('',(4.48798950513,0.183886554813));
#1338 = CARTESIAN_POINT('',(4.936788455639,0.174729016182));
#1339 = CARTESIAN_POINT('',(5.385587406155,0.162771602338));
#1340 = CARTESIAN_POINT('',(5.834386356667,0.152209130432));
#1341 = CARTESIAN_POINT('',(6.28318530718,0.145285372198));
#1342 = ( GEOMETRIC_REPRESENTATION_CONTEXT(2) 
PARAMETRIC_REPRESENTATION_CONTEXT() REPRESENTATION_CONTEXT('2D SPACE',''
  ) );
#1343 = ORIENTED_EDGE('',*,*,#1344,.F.);
#1344 = EDGE_CURVE('',#1345,#1305,#1347,.T.);
#1345 = VERTEX_POINT('',#1346);
#1346 = CARTESIAN_POINT('',(2.395826063116,2.782574385294,11.17));
#1347 = SURFACE_CURVE('',#1348,(#1353,#1360),.PCURVE_S1.);
#1348 = ELLIPSE('',#1349,0.298621104019,0.29366395415);
#1349 = AXIS2_PLACEMENT_3D('',#1350,#1351,#1352);
#1350 = CARTESIAN_POINT('',(2.512254608997,2.512254608997,11.17));
#1351 = DIRECTION('',(0.,0.,1.));
#1352 = DIRECTION('',(0.707106781187,0.707106781187,-0.));
#1353 = PCURVE('',#594,#1354);
#1354 = DEFINITIONAL_REPRESENTATION('',(#1355),#1359);
#1355 = ELLIPSE('',#1356,0.298621104019,0.29366395415);
#1356 = AXIS2_PLACEMENT_2D('',#1357,#1358);
#1357 = CARTESIAN_POINT('',(2.512254608997,2.512254608997));
#1358 = DIRECTION('',(0.707106781187,0.707106781187));
#1359 = ( GEOMETRIC_REPRESENTATION_CONTEXT(2) 
PARAMETRIC_REPRESENTATION_CONTEXT() REPRESENTATION_CONTEXT('2D SPACE',''
  ) );
#1360 = PCURVE('',#1279,#1361);
#1361 = DEFINITIONAL_REPRESENTATION('',(#1362),#1379);
#1362 = B_SPLINE_CURVE_WITH_KNOTS('',8,(#1363,#1364,#1365,#1366,#1367,
    #1368,#1369,#1370,#1371,#1372,#1373,#1374,#1375,#1376,#1377,#1378),
  .UNSPECIFIED.,.F.,.F.,(9,7,9),(5.502477740382,8.644070393971,
    11.785663047561),.UNSPECIFIED.);
#1363 = CARTESIAN_POINT('',(1.7763568394E-15,-0.184948870161));
#1364 = CARTESIAN_POINT('',(-0.391240889927,-0.16997943971));
#1365 = CARTESIAN_POINT('',(-0.781838126404,-0.161792638867));
#1366 = CARTESIAN_POINT('',(-1.172135245219,-0.163897081208));
#1367 = CARTESIAN_POINT('',(-1.562677961371,-0.177615735277));
#1368 = CARTESIAN_POINT('',(-1.954064587215,-0.200178779475));
#1369 = CARTESIAN_POINT('',(-2.346573714424,-0.225184409863));
#1370 = CARTESIAN_POINT('',(-2.740077794474,-0.246936708638));
#1371 = CARTESIAN_POINT('',(-3.528392542577,-0.276875569538));
#1372 = CARTESIAN_POINT('',(-3.923203233927,-0.285062370382));
#1373 = CARTESIAN_POINT('',(-4.318323220123,-0.28295792804));
#1374 = CARTESIAN_POINT('',(-4.713196295987,-0.269239273972));
#1375 = CARTESIAN_POINT('',(-5.107189771163,-0.246676229772));
#1376 = CARTESIAN_POINT('',(-5.500059900444,-0.221670599385));
#1377 = CARTESIAN_POINT('',(-5.891944417253,-0.199918300611));
#1378 = CARTESIAN_POINT('',(-6.28318530718,-0.184948870161));
#1379 = ( GEOMETRIC_REPRESENTATION_CONTEXT(2) 
PARAMETRIC_REPRESENTATION_CONTEXT() REPRESENTATION_CONTEXT('2D SPACE',''
  ) );
#1380 = ORIENTED_EDGE('',*,*,#1381,.T.);
#1381 = EDGE_CURVE('',#1345,#1382,#1384,.T.);
#1382 = VERTEX_POINT('',#1383);
#1383 = CARTESIAN_POINT('',(-2.395826063116,2.782574385294,11.17));
#1384 = SURFACE_CURVE('',#1385,(#1390,#1397),.PCURVE_S1.);
#1385 = CIRCLE('',#1386,3.67188);
#1386 = AXIS2_PLACEMENT_3D('',#1387,#1388,#1389);
#1387 = CARTESIAN_POINT('',(0.,0.,11.17));
#1388 = DIRECTION('',(0.,0.,1.));
#1389 = DIRECTION('',(1.,0.,0.));
#1390 = PCURVE('',#594,#1391);
#1391 = DEFINITIONAL_REPRESENTATION('',(#1392),#1396);
#1392 = CIRCLE('',#1393,3.67188);
#1393 = AXIS2_PLACEMENT_2D('',#1394,#1395);
#1394 = CARTESIAN_POINT('',(1.862043602377E-16,-2.22516850847E-16));
#1395 = DIRECTION('',(1.,0.));
#1396 = ( GEOMETRIC_REPRESENTATION_CONTEXT(2) 
PARAMETRIC_REPRESENTATION_CONTEXT() REPRESENTATION_CONTEXT('2D SPACE',''
  ) );
#1397 = PCURVE('',#872,#1398);
#1398 = DEFINITIONAL_REPRESENTATION('',(#1399),#1403);
#1399 = LINE('',#1400,#1401);
#1400 = CARTESIAN_POINT('',(-0.,-0.32));
#1401 = VECTOR('',#1402,1.);
#1402 = DIRECTION('',(-1.,0.));
#1403 = ( GEOMETRIC_REPRESENTATION_CONTEXT(2) 
PARAMETRIC_REPRESENTATION_CONTEXT() REPRESENTATION_CONTEXT('2D SPACE',''
  ) );
#1404 = ORIENTED_EDGE('',*,*,#1405,.F.);
#1405 = EDGE_CURVE('',#1406,#1382,#1408,.T.);
#1406 = VERTEX_POINT('',#1407);
#1407 = CARTESIAN_POINT('',(-2.216103682121,2.506216440099,11.17));
#1408 = SURFACE_CURVE('',#1409,(#1414,#1421),.PCURVE_S1.);
#1409 = ELLIPSE('',#1410,0.298621104019,0.29366395415);
#1410 = AXIS2_PLACEMENT_3D('',#1411,#1412,#1413);
#1411 = CARTESIAN_POINT('',(-2.512254608997,2.512254608997,11.17));
#1412 = DIRECTION('',(0.,0.,1.));
#1413 = DIRECTION('',(-0.707106781187,0.707106781187,0.));
#1414 = PCURVE('',#594,#1415);
#1415 = DEFINITIONAL_REPRESENTATION('',(#1416),#1420);
#1416 = ELLIPSE('',#1417,0.298621104019,0.29366395415);
#1417 = AXIS2_PLACEMENT_2D('',#1418,#1419);
#1418 = CARTESIAN_POINT('',(-2.512254608997,2.512254608997));
#1419 = DIRECTION('',(-0.707106781187,0.707106781187));
#1420 = ( GEOMETRIC_REPRESENTATION_CONTEXT(2) 
PARAMETRIC_REPRESENTATION_CONTEXT() REPRESENTATION_CONTEXT('2D SPACE',''
  ) );
#1421 = PCURVE('',#1422,#1427);
#1422 = CONICAL_SURFACE('',#1423,0.3,2.833285714077E-02);
#1423 = AXIS2_PLACEMENT_3D('',#1424,#1425,#1426);
#1424 = CARTESIAN_POINT('',(-2.539842705208,2.539842705208,10.95));
#1425 = DIRECTION('',(-0.128254195209,0.128254195209,-0.983413302138));
#1426 = DIRECTION('',(0.991602623083,0.,-0.129322225065));
#1427 = DEFINITIONAL_REPRESENTATION('',(#1428),#1445);
#1428 = B_SPLINE_CURVE_WITH_KNOTS('',8,(#1429,#1430,#1431,#1432,#1433,
    #1434,#1435,#1436,#1437,#1438,#1439,#1440,#1441,#1442,#1443,#1444),
  .UNSPECIFIED.,.F.,.F.,(9,7,9),(3.914970055296,7.056562708886,
    10.198155362475),.UNSPECIFIED.);
#1429 = CARTESIAN_POINT('',(0.,-0.262184523904));
#1430 = CARTESIAN_POINT('',(-0.394168003057,-0.247326257262));
#1431 = CARTESIAN_POINT('',(-0.787687527437,-0.225636051423));
#1432 = CARTESIAN_POINT('',(-1.180214362628,-0.200617385939));
#1433 = CARTESIAN_POINT('',(-1.571616816704,-0.177955935979));
#1434 = CARTESIAN_POINT('',(-1.962169127273,-0.164073197226));
#1435 = CARTESIAN_POINT('',(-2.352467809352,-0.161785654314));
#1436 = CARTESIAN_POINT('',(-2.743059386929,-0.169812218703));
#1437 = CARTESIAN_POINT('',(-3.525520223321,-0.199528751986));
#1438 = CARTESIAN_POINT('',(-3.917389453031,-0.221218957826));
#1439 = CARTESIAN_POINT('',(-4.310241904759,-0.24623762331));
#1440 = CARTESIAN_POINT('',(-4.704219218234,-0.26889907327));
#1441 = CARTESIAN_POINT('',(-5.099082357057,-0.282781812023));
#1442 = CARTESIAN_POINT('',(-5.49420080137,-0.285069354934));
#1443 = CARTESIAN_POINT('',(-5.889017304122,-0.277042790546));
#1444 = CARTESIAN_POINT('',(-6.28318530718,-0.262184523904));
#1445 = ( GEOMETRIC_REPRESENTATION_CONTEXT(2) 
PARAMETRIC_REPRESENTATION_CONTEXT() REPRESENTATION_CONTEXT('2D SPACE',''
  ) );
#1446 = ORIENTED_EDGE('',*,*,#1447,.F.);
#1447 = EDGE_CURVE('',#1448,#1406,#1450,.T.);
#1448 = VERTEX_POINT('',#1449);
#1449 = CARTESIAN_POINT('',(-2.223199657857,2.442975671057,11.17));
#1450 = SURFACE_CURVE('',#1451,(#1456,#1463),.PCURVE_S1.);
#1451 = ELLIPSE('',#1452,0.298621104019,0.29366395415);
#1452 = AXIS2_PLACEMENT_3D('',#1453,#1454,#1455);
#1453 = CARTESIAN_POINT('',(-2.512254608997,2.512254608997,11.17));
#1454 = DIRECTION('',(0.,0.,1.));
#1455 = DIRECTION('',(-0.707106781187,0.707106781187,0.));
#1456 = PCURVE('',#594,#1457);
#1457 = DEFINITIONAL_REPRESENTATION('',(#1458),#1462);
#1458 = ELLIPSE('',#1459,0.298621104019,0.29366395415);
#1459 = AXIS2_PLACEMENT_2D('',#1460,#1461);
#1460 = CARTESIAN_POINT('',(-2.512254608997,2.512254608997));
#1461 = DIRECTION('',(-0.707106781187,0.707106781187));
#1462 = ( GEOMETRIC_REPRESENTATION_CONTEXT(2) 
PARAMETRIC_REPRESENTATION_CONTEXT() REPRESENTATION_CONTEXT('2D SPACE',''
  ) );
#1463 = PCURVE('',#1422,#1464);
#1464 = DEFINITIONAL_REPRESENTATION('',(#1465),#1482);
#1465 = B_SPLINE_CURVE_WITH_KNOTS('',8,(#1466,#1467,#1468,#1469,#1470,
    #1471,#1472,#1473,#1474,#1475,#1476,#1477,#1478,#1479,#1480,#1481),
  .UNSPECIFIED.,.F.,.F.,(9,7,9),(3.914970055296,7.056562708886,
    10.198155362475),.UNSPECIFIED.);
#1466 = CARTESIAN_POINT('',(0.,-0.262184523904));
#1467 = CARTESIAN_POINT('',(-0.394168003057,-0.247326257262));
#1468 = CARTESIAN_POINT('',(-0.787687527437,-0.225636051423));
#1469 = CARTESIAN_POINT('',(-1.180214362628,-0.200617385939));
#1470 = CARTESIAN_POINT('',(-1.571616816704,-0.177955935979));
#1471 = CARTESIAN_POINT('',(-1.962169127273,-0.164073197226));
#1472 = CARTESIAN_POINT('',(-2.352467809352,-0.161785654314));
#1473 = CARTESIAN_POINT('',(-2.743059386929,-0.169812218703));
#1474 = CARTESIAN_POINT('',(-3.525520223321,-0.199528751986));
#1475 = CARTESIAN_POINT('',(-3.917389453031,-0.221218957826));
#1476 = CARTESIAN_POINT('',(-4.310241904759,-0.24623762331));
#1477 = CARTESIAN_POINT('',(-4.704219218234,-0.26889907327));
#1478 = CARTESIAN_POINT('',(-5.099082357057,-0.282781812023));
#1479 = CARTESIAN_POINT('',(-5.49420080137,-0.285069354934));
#1480 = CARTESIAN_POINT('',(-5.889017304122,-0.277042790546));
#1481 = CARTESIAN_POINT('',(-6.28318530718,-0.262184523904));
#1482 = ( GEOMETRIC_REPRESENTATION_CONTEXT(2) 
PARAMETRIC_REPRESENTATION_CONTEXT() REPRESENTATION_CONTEXT('2D SPACE',''
  ) );
#1483 = ORIENTED_EDGE('',*,*,#1484,.F.);
#1484 = EDGE_CURVE('',#1485,#1448,#1487,.T.);
#1485 = VERTEX_POINT('',#1486);
#1486 = CARTESIAN_POINT('',(-2.442975671057,2.223199657857,11.17));
#1487 = SURFACE_CURVE('',#1488,(#1493,#1500),.PCURVE_S1.);
#1488 = ELLIPSE('',#1489,0.22108449908,0.22);
#1489 = AXIS2_PLACEMENT_3D('',#1490,#1491,#1492);
#1490 = CARTESIAN_POINT('',(-2.443742345005,2.443742345005,11.17));
#1491 = DIRECTION('',(0.,0.,1.));
#1492 = DIRECTION('',(0.707106781187,-0.707106781187,0.));
#1493 = PCURVE('',#594,#1494);
#1494 = DEFINITIONAL_REPRESENTATION('',(#1495),#1499);
#1495 = ELLIPSE('',#1496,0.22108449908,0.22);
#1496 = AXIS2_PLACEMENT_2D('',#1497,#1498);
#1497 = CARTESIAN_POINT('',(-2.443742345005,2.443742345005));
#1498 = DIRECTION('',(0.707106781187,-0.707106781187));
#1499 = ( GEOMETRIC_REPRESENTATION_CONTEXT(2) 
PARAMETRIC_REPRESENTATION_CONTEXT() REPRESENTATION_CONTEXT('2D SPACE',''
  ) );
#1500 = PCURVE('',#1501,#1506);
#1501 = CYLINDRICAL_SURFACE('',#1502,0.22);
#1502 = AXIS2_PLACEMENT_3D('',#1503,#1504,#1505);
#1503 = CARTESIAN_POINT('',(-2.454989891466,2.454989891466,11.01));
#1504 = DIRECTION('',(6.995233247113E-02,-6.995233247113E-02,
    0.995094639903));
#1505 = DIRECTION('',(0.,0.997538274338,7.012411304515E-02));
#1506 = DEFINITIONAL_REPRESENTATION('',(#1507),#1522);
#1507 = B_SPLINE_CURVE_WITH_KNOTS('',7,(#1508,#1509,#1510,#1511,#1512,
    #1513,#1514,#1515,#1516,#1517,#1518,#1519,#1520,#1521),
  .UNSPECIFIED.,.F.,.F.,(8,6,8),(2.358653195716,5.500245849306,
    8.641838502896),.UNSPECIFIED.);
#1508 = CARTESIAN_POINT('',(0.,0.145285372198));
#1509 = CARTESIAN_POINT('',(0.448798950513,0.138361613963));
#1510 = CARTESIAN_POINT('',(0.897597901026,0.135086652601));
#1511 = CARTESIAN_POINT('',(1.346396851538,0.137690898394));
#1512 = CARTESIAN_POINT('',(1.795195802053,0.146848437025));
#1513 = CARTESIAN_POINT('',(2.243994752564,0.158805850869));
#1514 = CARTESIAN_POINT('',(2.692793703077,0.169368322775));
#1515 = CARTESIAN_POINT('',(3.590391604103,0.183215839244));
#1516 = CARTESIAN_POINT('',(4.039190554615,0.186490800606));
#1517 = CARTESIAN_POINT('',(4.48798950513,0.183886554813));
#1518 = CARTESIAN_POINT('',(4.936788455639,0.174729016182));
#1519 = CARTESIAN_POINT('',(5.385587406155,0.162771602338));
#1520 = CARTESIAN_POINT('',(5.834386356667,0.152209130432));
#1521 = CARTESIAN_POINT('',(6.28318530718,0.145285372198));
#1522 = ( GEOMETRIC_REPRESENTATION_CONTEXT(2) 
PARAMETRIC_REPRESENTATION_CONTEXT() REPRESENTATION_CONTEXT('2D SPACE',''
  ) );
#1523 = ORIENTED_EDGE('',*,*,#1524,.F.);
#1524 = EDGE_CURVE('',#1525,#1485,#1527,.T.);
#1525 = VERTEX_POINT('',#1526);
#1526 = CARTESIAN_POINT('',(-2.782574385294,2.395826063116,11.17));
#1527 = SURFACE_CURVE('',#1528,(#1533,#1540),.PCURVE_S1.);
#1528 = ELLIPSE('',#1529,0.298621104019,0.29366395415);
#1529 = AXIS2_PLACEMENT_3D('',#1530,#1531,#1532);
#1530 = CARTESIAN_POINT('',(-2.512254608997,2.512254608997,11.17));
#1531 = DIRECTION('',(0.,0.,1.));
#1532 = DIRECTION('',(-0.707106781187,0.707106781187,0.));
#1533 = PCURVE('',#594,#1534);
#1534 = DEFINITIONAL_REPRESENTATION('',(#1535),#1539);
#1535 = ELLIPSE('',#1536,0.298621104019,0.29366395415);
#1536 = AXIS2_PLACEMENT_2D('',#1537,#1538);
#1537 = CARTESIAN_POINT('',(-2.512254608997,2.512254608997));
#1538 = DIRECTION('',(-0.707106781187,0.707106781187));
#1539 = ( GEOMETRIC_REPRESENTATION_CONTEXT(2) 
PARAMETRIC_REPRESENTATION_CONTEXT() REPRESENTATION_CONTEXT('2D SPACE',''
  ) );
#1540 = PCURVE('',#1422,#1541);
#1541 = DEFINITIONAL_REPRESENTATION('',(#1542),#1559);
#1542 = B_SPLINE_CURVE_WITH_KNOTS('',8,(#1543,#1544,#1545,#1546,#1547,
    #1548,#1549,#1550,#1551,#1552,#1553,#1554,#1555,#1556,#1557,#1558),
  .UNSPECIFIED.,.F.,.F.,(9,7,9),(3.914970055296,7.056562708886,
    10.198155362475),.UNSPECIFIED.);
#1543 = CARTESIAN_POINT('',(0.,-0.262184523904));
#1544 = CARTESIAN_POINT('',(-0.394168003057,-0.247326257262));
#1545 = CARTESIAN_POINT('',(-0.787687527437,-0.225636051423));
#1546 = CARTESIAN_POINT('',(-1.180214362628,-0.200617385939));
#1547 = CARTESIAN_POINT('',(-1.571616816704,-0.177955935979));
#1548 = CARTESIAN_POINT('',(-1.962169127273,-0.164073197226));
#1549 = CARTESIAN_POINT('',(-2.352467809352,-0.161785654314));
#1550 = CARTESIAN_POINT('',(-2.743059386929,-0.169812218703));
#1551 = CARTESIAN_POINT('',(-3.525520223321,-0.199528751986));
#1552 = CARTESIAN_POINT('',(-3.917389453031,-0.221218957826));
#1553 = CARTESIAN_POINT('',(-4.310241904759,-0.24623762331));
#1554 = CARTESIAN_POINT('',(-4.704219218234,-0.26889907327));
#1555 = CARTESIAN_POINT('',(-5.099082357057,-0.282781812023));
#1556 = CARTESIAN_POINT('',(-5.49420080137,-0.285069354934));
#1557 = CARTESIAN_POINT('',(-5.889017304122,-0.277042790546));
#1558 = CARTESIAN_POINT('',(-6.28318530718,-0.262184523904));
#1559 = ( GEOMETRIC_REPRESENTATION_CONTEXT(2) 
PARAMETRIC_REPRESENTATION_CONTEXT() REPRESENTATION_CONTEXT('2D SPACE',''
  ) );
#1560 = ORIENTED_EDGE('',*,*,#1561,.T.);
#1561 = EDGE_CURVE('',#1525,#1562,#1564,.T.);
#1562 = VERTEX_POINT('',#1563);
#1563 = CARTESIAN_POINT('',(-3.351299213242,1.500498689677,11.17));
#1564 = SURFACE_CURVE('',#1565,(#1570,#1577),.PCURVE_S1.);
#1565 = CIRCLE('',#1566,3.67188);
#1566 = AXIS2_PLACEMENT_3D('',#1567,#1568,#1569);
#1567 = CARTESIAN_POINT('',(0.,0.,11.17));
#1568 = DIRECTION('',(0.,0.,1.));
#1569 = DIRECTION('',(1.,0.,0.));
#1570 = PCURVE('',#594,#1571);
#1571 = DEFINITIONAL_REPRESENTATION('',(#1572),#1576);
#1572 = CIRCLE('',#1573,3.67188);
#1573 = AXIS2_PLACEMENT_2D('',#1574,#1575);
#1574 = CARTESIAN_POINT('',(1.862043602377E-16,-2.22516850847E-16));
#1575 = DIRECTION('',(1.,0.));
#1576 = ( GEOMETRIC_REPRESENTATION_CONTEXT(2) 
PARAMETRIC_REPRESENTATION_CONTEXT() REPRESENTATION_CONTEXT('2D SPACE',''
  ) );
#1577 = PCURVE('',#872,#1578);
#1578 = DEFINITIONAL_REPRESENTATION('',(#1579),#1583);
#1579 = LINE('',#1580,#1581);
#1580 = CARTESIAN_POINT('',(-0.,-0.32));
#1581 = VECTOR('',#1582,1.);
#1582 = DIRECTION('',(-1.,0.));
#1583 = ( GEOMETRIC_REPRESENTATION_CONTEXT(2) 
PARAMETRIC_REPRESENTATION_CONTEXT() REPRESENTATION_CONTEXT('2D SPACE',''
  ) );
#1584 = ORIENTED_EDGE('',*,*,#1585,.T.);
#1585 = EDGE_CURVE('',#1562,#1586,#1588,.T.);
#1586 = VERTEX_POINT('',#1587);
#1587 = CARTESIAN_POINT('',(-3.21006882536,1.05895081032,11.17));
#1588 = SURFACE_CURVE('',#1589,(#1593,#1599),.PCURVE_S1.);
#1589 = LINE('',#1590,#1591);
#1590 = CARTESIAN_POINT('',(-2.952939560776,0.255052419899,11.17));
#1591 = VECTOR('',#1592,1.);
#1592 = DIRECTION('',(0.304648666743,-0.952464797172,0.));
#1593 = PCURVE('',#594,#1594);
#1594 = DEFINITIONAL_REPRESENTATION('',(#1595),#1598);
#1595 = B_SPLINE_CURVE_WITH_KNOTS('',1,(#1596,#1597),.UNSPECIFIED.,.F.,
  .F.,(2,2),(-1.457901728148,-0.841285776424),.PIECEWISE_BEZIER_KNOTS.);
#1596 = CARTESIAN_POINT('',(-3.397087378498,1.643652493696));
#1597 = CARTESIAN_POINT('',(-3.209236150913,1.056347506304));
#1598 = ( GEOMETRIC_REPRESENTATION_CONTEXT(2) 
PARAMETRIC_REPRESENTATION_CONTEXT() REPRESENTATION_CONTEXT('2D SPACE',''
  ) );
#1599 = PCURVE('',#1600,#1605);
#1600 = PLANE('',#1601);
#1601 = AXIS2_PLACEMENT_3D('',#1602,#1603,#1604);
#1602 = CARTESIAN_POINT('',(-3.28,1.35,11.15));
#1603 = DIRECTION('',(0.639729113257,0.204619238431,0.740862759838));
#1604 = DIRECTION('',(0.756877032285,0.,-0.653557310417));
#1605 = DEFINITIONAL_REPRESENTATION('',(#1606),#1609);
#1606 = B_SPLINE_CURVE_WITH_KNOTS('',1,(#1607,#1608),.UNSPECIFIED.,.F.,
  .F.,(2,2),(-1.457901728148,-0.841285776424),.PIECEWISE_BEZIER_KNOTS.);
#1607 = CARTESIAN_POINT('',(-0.101691893764,0.3));
#1608 = CARTESIAN_POINT('',(4.04883858813E-02,-0.3));
#1609 = ( GEOMETRIC_REPRESENTATION_CONTEXT(2) 
PARAMETRIC_REPRESENTATION_CONTEXT() REPRESENTATION_CONTEXT('2D SPACE',''
  ) );
#1610 = ORIENTED_EDGE('',*,*,#1611,.F.);
#1611 = EDGE_CURVE('',#1059,#1586,#1612,.T.);
#1612 = SURFACE_CURVE('',#1613,(#1618,#1625),.PCURVE_S1.);
#1613 = ELLIPSE('',#1614,0.404169500778,0.299336097465);
#1614 = AXIS2_PLACEMENT_3D('',#1615,#1616,#1617);
#1615 = CARTESIAN_POINT('',(-3.272580025257,1.352373300745,11.17));
#1616 = DIRECTION('',(0.,0.,1.));
#1617 = DIRECTION('',(-0.952464797172,-0.304648666743,0.));
#1618 = PCURVE('',#594,#1619);
#1619 = DEFINITIONAL_REPRESENTATION('',(#1620),#1624);
#1620 = ELLIPSE('',#1621,0.404169500778,0.299336097465);
#1621 = AXIS2_PLACEMENT_2D('',#1622,#1623);
#1622 = CARTESIAN_POINT('',(-3.272580025257,1.352373300745));
#1623 = DIRECTION('',(-0.952464797172,-0.304648666743));
#1624 = ( GEOMETRIC_REPRESENTATION_CONTEXT(2) 
PARAMETRIC_REPRESENTATION_CONTEXT() REPRESENTATION_CONTEXT('2D SPACE',''
  ) );
#1625 = PCURVE('',#901,#1626);
#1626 = DEFINITIONAL_REPRESENTATION('',(#1627),#1637);
#1627 = B_SPLINE_CURVE_WITH_KNOTS('',8,(#1628,#1629,#1630,#1631,#1632,
    #1633,#1634,#1635,#1636),.UNSPECIFIED.,.F.,.F.,(9,9),(4.78631405235,
    7.780056562009),.PIECEWISE_BEZIER_KNOTS.);
#1628 = CARTESIAN_POINT('',(-1.90289245309,-4.251799618985));
#1629 = CARTESIAN_POINT('',(-2.276282119613,-4.150490764846));
#1630 = CARTESIAN_POINT('',(-2.645605189298,-4.052390219626));
#1631 = CARTESIAN_POINT('',(-3.011110545609,-3.979122755393));
#1632 = CARTESIAN_POINT('',(-3.374267978768,-3.951311821621));
#1633 = CARTESIAN_POINT('',(-3.737425411859,-3.979122755393));
#1634 = CARTESIAN_POINT('',(-4.102930768213,-4.052390219626));
#1635 = CARTESIAN_POINT('',(-4.472253837887,-4.150490764846));
#1636 = CARTESIAN_POINT('',(-4.84564350441,-4.251799618985));
#1637 = ( GEOMETRIC_REPRESENTATION_CONTEXT(2) 
PARAMETRIC_REPRESENTATION_CONTEXT() REPRESENTATION_CONTEXT('2D SPACE',''
  ) );
#1638 = ORIENTED_EDGE('',*,*,#1102,.T.);
#1639 = ORIENTED_EDGE('',*,*,#571,.F.);
#1640 = ORIENTED_EDGE('',*,*,#1641,.T.);
#1641 = EDGE_CURVE('',#543,#1642,#1644,.T.);
#1642 = VERTEX_POINT('',#1643);
#1643 = CARTESIAN_POINT('',(-3.351299213242,-1.500498689677,11.17));
#1644 = SURFACE_CURVE('',#1645,(#1649,#1655),.PCURVE_S1.);
#1645 = LINE('',#1646,#1647);
#1646 = CARTESIAN_POINT('',(-2.952939560776,-0.255052419899,11.17));
#1647 = VECTOR('',#1648,1.);
#1648 = DIRECTION('',(-0.304648666743,-0.952464797172,0.));
#1649 = PCURVE('',#594,#1650);
#1650 = DEFINITIONAL_REPRESENTATION('',(#1651),#1654);
#1651 = B_SPLINE_CURVE_WITH_KNOTS('',1,(#1652,#1653),.UNSPECIFIED.,.F.,
  .F.,(2,2),(0.841285776424,1.457901728148),.PIECEWISE_BEZIER_KNOTS.);
#1652 = CARTESIAN_POINT('',(-3.209236150913,-1.056347506304));
#1653 = CARTESIAN_POINT('',(-3.397087378498,-1.643652493696));
#1654 = ( GEOMETRIC_REPRESENTATION_CONTEXT(2) 
PARAMETRIC_REPRESENTATION_CONTEXT() REPRESENTATION_CONTEXT('2D SPACE',''
  ) );
#1655 = PCURVE('',#559,#1656);
#1656 = DEFINITIONAL_REPRESENTATION('',(#1657),#1660);
#1657 = B_SPLINE_CURVE_WITH_KNOTS('',1,(#1658,#1659),.UNSPECIFIED.,.F.,
  .F.,(2,2),(0.841285776424,1.457901728148),.PIECEWISE_BEZIER_KNOTS.);
#1658 = CARTESIAN_POINT('',(4.04883858813E-02,0.3));
#1659 = CARTESIAN_POINT('',(-0.101691893764,-0.3));
#1660 = ( GEOMETRIC_REPRESENTATION_CONTEXT(2) 
PARAMETRIC_REPRESENTATION_CONTEXT() REPRESENTATION_CONTEXT('2D SPACE',''
  ) );
#1661 = ORIENTED_EDGE('',*,*,#1662,.T.);
#1662 = EDGE_CURVE('',#1642,#1663,#1665,.T.);
#1663 = VERTEX_POINT('',#1664);
#1664 = CARTESIAN_POINT('',(-2.782574385294,-2.395826063116,11.17));
#1665 = SURFACE_CURVE('',#1666,(#1671,#1678),.PCURVE_S1.);
#1666 = CIRCLE('',#1667,3.67188);
#1667 = AXIS2_PLACEMENT_3D('',#1668,#1669,#1670);
#1668 = CARTESIAN_POINT('',(0.,0.,11.17));
#1669 = DIRECTION('',(0.,0.,1.));
#1670 = DIRECTION('',(1.,0.,0.));
#1671 = PCURVE('',#594,#1672);
#1672 = DEFINITIONAL_REPRESENTATION('',(#1673),#1677);
#1673 = CIRCLE('',#1674,3.67188);
#1674 = AXIS2_PLACEMENT_2D('',#1675,#1676);
#1675 = CARTESIAN_POINT('',(1.862043602377E-16,-2.22516850847E-16));
#1676 = DIRECTION('',(1.,0.));
#1677 = ( GEOMETRIC_REPRESENTATION_CONTEXT(2) 
PARAMETRIC_REPRESENTATION_CONTEXT() REPRESENTATION_CONTEXT('2D SPACE',''
  ) );
#1678 = PCURVE('',#527,#1679);
#1679 = DEFINITIONAL_REPRESENTATION('',(#1680),#1684);
#1680 = LINE('',#1681,#1682);
#1681 = CARTESIAN_POINT('',(-0.,-0.32));
#1682 = VECTOR('',#1683,1.);
#1683 = DIRECTION('',(-1.,0.));
#1684 = ( GEOMETRIC_REPRESENTATION_CONTEXT(2) 
PARAMETRIC_REPRESENTATION_CONTEXT() REPRESENTATION_CONTEXT('2D SPACE',''
  ) );
#1685 = ORIENTED_EDGE('',*,*,#1686,.F.);
#1686 = EDGE_CURVE('',#1687,#1663,#1689,.T.);
#1687 = VERTEX_POINT('',#1688);
#1688 = CARTESIAN_POINT('',(-2.442975671057,-2.223199657857,11.17));
#1689 = SURFACE_CURVE('',#1690,(#1695,#1702),.PCURVE_S1.);
#1690 = ELLIPSE('',#1691,0.298621104019,0.29366395415);
#1691 = AXIS2_PLACEMENT_3D('',#1692,#1693,#1694);
#1692 = CARTESIAN_POINT('',(-2.512254608997,-2.512254608997,11.17));
#1693 = DIRECTION('',(0.,0.,1.));
#1694 = DIRECTION('',(-0.707106781187,-0.707106781187,0.));
#1695 = PCURVE('',#594,#1696);
#1696 = DEFINITIONAL_REPRESENTATION('',(#1697),#1701);
#1697 = ELLIPSE('',#1698,0.298621104019,0.29366395415);
#1698 = AXIS2_PLACEMENT_2D('',#1699,#1700);
#1699 = CARTESIAN_POINT('',(-2.512254608997,-2.512254608997));
#1700 = DIRECTION('',(-0.707106781187,-0.707106781187));
#1701 = ( GEOMETRIC_REPRESENTATION_CONTEXT(2) 
PARAMETRIC_REPRESENTATION_CONTEXT() REPRESENTATION_CONTEXT('2D SPACE',''
  ) );
#1702 = PCURVE('',#1703,#1708);
#1703 = CONICAL_SURFACE('',#1704,0.3,2.833285714077E-02);
#1704 = AXIS2_PLACEMENT_3D('',#1705,#1706,#1707);
#1705 = CARTESIAN_POINT('',(-2.539842705208,-2.539842705208,10.95));
#1706 = DIRECTION('',(-0.128254195209,-0.128254195209,-0.983413302138));
#1707 = DIRECTION('',(0.991602623083,0.,-0.129322225065));
#1708 = DEFINITIONAL_REPRESENTATION('',(#1709),#1726);
#1709 = B_SPLINE_CURVE_WITH_KNOTS('',8,(#1710,#1711,#1712,#1713,#1714,
    #1715,#1716,#1717,#1718,#1719,#1720,#1721,#1722,#1723,#1724,#1725),
  .UNSPECIFIED.,.F.,.F.,(9,7,9),(2.368215251884,5.509807905473,
    8.651400559063),.UNSPECIFIED.);
#1710 = CARTESIAN_POINT('',(1.7763568394E-15,-0.262184523904));
#1711 = CARTESIAN_POINT('',(-0.394168003057,-0.277042790546));
#1712 = CARTESIAN_POINT('',(-0.788984505811,-0.285069354934));
#1713 = CARTESIAN_POINT('',(-1.184102950076,-0.282781812024));
#1714 = CARTESIAN_POINT('',(-1.578966088976,-0.268899073269));
#1715 = CARTESIAN_POINT('',(-1.972943402391,-0.24623762331));
#1716 = CARTESIAN_POINT('',(-2.365795854153,-0.221218957826));
#1717 = CARTESIAN_POINT('',(-2.757665083859,-0.199528751986));
#1718 = CARTESIAN_POINT('',(-3.540125920251,-0.169812218703));
#1719 = CARTESIAN_POINT('',(-3.930717497816,-0.161785654314));
#1720 = CARTESIAN_POINT('',(-4.32101617994,-0.164073197226));
#1721 = CARTESIAN_POINT('',(-4.711568490381,-0.177955935978));
#1722 = CARTESIAN_POINT('',(-5.102970944591,-0.20061738594));
#1723 = CARTESIAN_POINT('',(-5.49549777973,-0.225636051422));
#1724 = CARTESIAN_POINT('',(-5.889017304122,-0.247326257262));
#1725 = CARTESIAN_POINT('',(-6.28318530718,-0.262184523904));
#1726 = ( GEOMETRIC_REPRESENTATION_CONTEXT(2) 
PARAMETRIC_REPRESENTATION_CONTEXT() REPRESENTATION_CONTEXT('2D SPACE',''
  ) );
#1727 = ORIENTED_EDGE('',*,*,#1728,.F.);
#1728 = EDGE_CURVE('',#1729,#1687,#1731,.T.);
#1729 = VERTEX_POINT('',#1730);
#1730 = CARTESIAN_POINT('',(-2.223199428849,-2.442657849203,11.17));
#1731 = SURFACE_CURVE('',#1732,(#1737,#1744),.PCURVE_S1.);
#1732 = ELLIPSE('',#1733,0.22108449908,0.22);
#1733 = AXIS2_PLACEMENT_3D('',#1734,#1735,#1736);
#1734 = CARTESIAN_POINT('',(-2.443742345005,-2.443742345005,11.17));
#1735 = DIRECTION('',(0.,0.,1.));
#1736 = DIRECTION('',(0.707106781187,0.707106781187,-0.));
#1737 = PCURVE('',#594,#1738);
#1738 = DEFINITIONAL_REPRESENTATION('',(#1739),#1743);
#1739 = ELLIPSE('',#1740,0.22108449908,0.22);
#1740 = AXIS2_PLACEMENT_2D('',#1741,#1742);
#1741 = CARTESIAN_POINT('',(-2.443742345005,-2.443742345005));
#1742 = DIRECTION('',(0.707106781187,0.707106781187));
#1743 = ( GEOMETRIC_REPRESENTATION_CONTEXT(2) 
PARAMETRIC_REPRESENTATION_CONTEXT() REPRESENTATION_CONTEXT('2D SPACE',''
  ) );
#1744 = PCURVE('',#1745,#1750);
#1745 = CYLINDRICAL_SURFACE('',#1746,0.22);
#1746 = AXIS2_PLACEMENT_3D('',#1747,#1748,#1749);
#1747 = CARTESIAN_POINT('',(-2.454989891466,-2.454989891466,11.01));
#1748 = DIRECTION('',(6.995233247113E-02,6.995233247113E-02,
    0.995094639903));
#1749 = DIRECTION('',(0.997538274338,0.,-7.012411304515E-02));
#1750 = DEFINITIONAL_REPRESENTATION('',(#1751),#1760);
#1751 = B_SPLINE_CURVE_WITH_KNOTS('',7,(#1752,#1753,#1754,#1755,#1756,
    #1757,#1758,#1759),.UNSPECIFIED.,.F.,.F.,(8,8),(5.500245849306,
    7.067565866339),.PIECEWISE_BEZIER_KNOTS.);
#1752 = CARTESIAN_POINT('',(6.28318530718,0.17629208101));
#1753 = CARTESIAN_POINT('',(6.507088166756,0.179746298685));
#1754 = CARTESIAN_POINT('',(6.730991026332,0.182292350229));
#1755 = CARTESIAN_POINT('',(6.954893885908,0.183653281296));
#1756 = CARTESIAN_POINT('',(7.178796745484,0.183648549614));
#1757 = CARTESIAN_POINT('',(7.40269960506,0.182282760861));
#1758 = CARTESIAN_POINT('',(7.626602464636,0.179728674389));
#1759 = CARTESIAN_POINT('',(7.850505324212,0.176269485727));
#1760 = ( GEOMETRIC_REPRESENTATION_CONTEXT(2) 
PARAMETRIC_REPRESENTATION_CONTEXT() REPRESENTATION_CONTEXT('2D SPACE',''
  ) );
#1761 = ORIENTED_EDGE('',*,*,#1762,.F.);
#1762 = EDGE_CURVE('',#1763,#1729,#1765,.T.);
#1763 = VERTEX_POINT('',#1764);
#1764 = CARTESIAN_POINT('',(-2.223199657857,-2.442975671057,11.17));
#1765 = SURFACE_CURVE('',#1766,(#1771,#1778),.PCURVE_S1.);
#1766 = ELLIPSE('',#1767,0.22108449908,0.22);
#1767 = AXIS2_PLACEMENT_3D('',#1768,#1769,#1770);
#1768 = CARTESIAN_POINT('',(-2.443742345005,-2.443742345005,11.17));
#1769 = DIRECTION('',(0.,0.,1.));
#1770 = DIRECTION('',(0.707106781187,0.707106781187,-0.));
#1771 = PCURVE('',#594,#1772);
#1772 = DEFINITIONAL_REPRESENTATION('',(#1773),#1777);
#1773 = ELLIPSE('',#1774,0.22108449908,0.22);
#1774 = AXIS2_PLACEMENT_2D('',#1775,#1776);
#1775 = CARTESIAN_POINT('',(-2.443742345005,-2.443742345005));
#1776 = DIRECTION('',(0.707106781187,0.707106781187));
#1777 = ( GEOMETRIC_REPRESENTATION_CONTEXT(2) 
PARAMETRIC_REPRESENTATION_CONTEXT() REPRESENTATION_CONTEXT('2D SPACE',''
  ) );
#1778 = PCURVE('',#1745,#1779);
#1779 = DEFINITIONAL_REPRESENTATION('',(#1780),#1789);
#1780 = B_SPLINE_CURVE_WITH_KNOTS('',7,(#1781,#1782,#1783,#1784,#1785,
    #1786,#1787,#1788),.UNSPECIFIED.,.F.,.F.,(8,8),(11.7819900552,
    11.783431156486),.PIECEWISE_BEZIER_KNOTS.);
#1781 = CARTESIAN_POINT('',(6.281744205894,0.176269832629));
#1782 = CARTESIAN_POINT('',(6.281950077506,0.176273013264));
#1783 = CARTESIAN_POINT('',(6.282155949118,0.176276193134));
#1784 = CARTESIAN_POINT('',(6.282361820731,0.17627937224));
#1785 = CARTESIAN_POINT('',(6.282567692343,0.17628255058));
#1786 = CARTESIAN_POINT('',(6.282773563955,0.176285728156));
#1787 = CARTESIAN_POINT('',(6.282979435567,0.176288904965));
#1788 = CARTESIAN_POINT('',(6.28318530718,0.17629208101));
#1789 = ( GEOMETRIC_REPRESENTATION_CONTEXT(2) 
PARAMETRIC_REPRESENTATION_CONTEXT() REPRESENTATION_CONTEXT('2D SPACE',''
  ) );
#1790 = ORIENTED_EDGE('',*,*,#1791,.F.);
#1791 = EDGE_CURVE('',#1792,#1763,#1794,.T.);
#1792 = VERTEX_POINT('',#1793);
#1793 = CARTESIAN_POINT('',(-2.216103682121,-2.506216440099,11.17));
#1794 = SURFACE_CURVE('',#1795,(#1800,#1807),.PCURVE_S1.);
#1795 = ELLIPSE('',#1796,0.298621104019,0.29366395415);
#1796 = AXIS2_PLACEMENT_3D('',#1797,#1798,#1799);
#1797 = CARTESIAN_POINT('',(-2.512254608997,-2.512254608997,11.17));
#1798 = DIRECTION('',(0.,0.,1.));
#1799 = DIRECTION('',(-0.707106781187,-0.707106781187,0.));
#1800 = PCURVE('',#594,#1801);
#1801 = DEFINITIONAL_REPRESENTATION('',(#1802),#1806);
#1802 = ELLIPSE('',#1803,0.298621104019,0.29366395415);
#1803 = AXIS2_PLACEMENT_2D('',#1804,#1805);
#1804 = CARTESIAN_POINT('',(-2.512254608997,-2.512254608997));
#1805 = DIRECTION('',(-0.707106781187,-0.707106781187));
#1806 = ( GEOMETRIC_REPRESENTATION_CONTEXT(2) 
PARAMETRIC_REPRESENTATION_CONTEXT() REPRESENTATION_CONTEXT('2D SPACE',''
  ) );
#1807 = PCURVE('',#1703,#1808);
#1808 = DEFINITIONAL_REPRESENTATION('',(#1809),#1826);
#1809 = B_SPLINE_CURVE_WITH_KNOTS('',8,(#1810,#1811,#1812,#1813,#1814,
    #1815,#1816,#1817,#1818,#1819,#1820,#1821,#1822,#1823,#1824,#1825),
  .UNSPECIFIED.,.F.,.F.,(9,7,9),(2.368215251884,5.509807905473,
    8.651400559063),.UNSPECIFIED.);
#1810 = CARTESIAN_POINT('',(1.7763568394E-15,-0.262184523904));
#1811 = CARTESIAN_POINT('',(-0.394168003057,-0.277042790546));
#1812 = CARTESIAN_POINT('',(-0.788984505811,-0.285069354934));
#1813 = CARTESIAN_POINT('',(-1.184102950076,-0.282781812024));
#1814 = CARTESIAN_POINT('',(-1.578966088976,-0.268899073269));
#1815 = CARTESIAN_POINT('',(-1.972943402391,-0.24623762331));
#1816 = CARTESIAN_POINT('',(-2.365795854153,-0.221218957826));
#1817 = CARTESIAN_POINT('',(-2.757665083859,-0.199528751986));
#1818 = CARTESIAN_POINT('',(-3.540125920251,-0.169812218703));
#1819 = CARTESIAN_POINT('',(-3.930717497816,-0.161785654314));
#1820 = CARTESIAN_POINT('',(-4.32101617994,-0.164073197226));
#1821 = CARTESIAN_POINT('',(-4.711568490381,-0.177955935978));
#1822 = CARTESIAN_POINT('',(-5.102970944591,-0.20061738594));
#1823 = CARTESIAN_POINT('',(-5.49549777973,-0.225636051422));
#1824 = CARTESIAN_POINT('',(-5.889017304122,-0.247326257262));
#1825 = CARTESIAN_POINT('',(-6.28318530718,-0.262184523904));
#1826 = ( GEOMETRIC_REPRESENTATION_CONTEXT(2) 
PARAMETRIC_REPRESENTATION_CONTEXT() REPRESENTATION_CONTEXT('2D SPACE',''
  ) );
#1827 = ORIENTED_EDGE('',*,*,#1828,.F.);
#1828 = EDGE_CURVE('',#1829,#1792,#1831,.T.);
#1829 = VERTEX_POINT('',#1830);
#1830 = CARTESIAN_POINT('',(-2.395826063116,-2.782574385294,11.17));
#1831 = SURFACE_CURVE('',#1832,(#1837,#1844),.PCURVE_S1.);
#1832 = ELLIPSE('',#1833,0.298621104019,0.29366395415);
#1833 = AXIS2_PLACEMENT_3D('',#1834,#1835,#1836);
#1834 = CARTESIAN_POINT('',(-2.512254608997,-2.512254608997,11.17));
#1835 = DIRECTION('',(0.,0.,1.));
#1836 = DIRECTION('',(-0.707106781187,-0.707106781187,0.));
#1837 = PCURVE('',#594,#1838);
#1838 = DEFINITIONAL_REPRESENTATION('',(#1839),#1843);
#1839 = ELLIPSE('',#1840,0.298621104019,0.29366395415);
#1840 = AXIS2_PLACEMENT_2D('',#1841,#1842);
#1841 = CARTESIAN_POINT('',(-2.512254608997,-2.512254608997));
#1842 = DIRECTION('',(-0.707106781187,-0.707106781187));
#1843 = ( GEOMETRIC_REPRESENTATION_CONTEXT(2) 
PARAMETRIC_REPRESENTATION_CONTEXT() REPRESENTATION_CONTEXT('2D SPACE',''
  ) );
#1844 = PCURVE('',#1703,#1845);
#1845 = DEFINITIONAL_REPRESENTATION('',(#1846),#1863);
#1846 = B_SPLINE_CURVE_WITH_KNOTS('',8,(#1847,#1848,#1849,#1850,#1851,
    #1852,#1853,#1854,#1855,#1856,#1857,#1858,#1859,#1860,#1861,#1862),
  .UNSPECIFIED.,.F.,.F.,(9,7,9),(2.368215251884,5.509807905473,
    8.651400559063),.UNSPECIFIED.);
#1847 = CARTESIAN_POINT('',(1.7763568394E-15,-0.262184523904));
#1848 = CARTESIAN_POINT('',(-0.394168003057,-0.277042790546));
#1849 = CARTESIAN_POINT('',(-0.788984505811,-0.285069354934));
#1850 = CARTESIAN_POINT('',(-1.184102950076,-0.282781812024));
#1851 = CARTESIAN_POINT('',(-1.578966088976,-0.268899073269));
#1852 = CARTESIAN_POINT('',(-1.972943402391,-0.24623762331));
#1853 = CARTESIAN_POINT('',(-2.365795854153,-0.221218957826));
#1854 = CARTESIAN_POINT('',(-2.757665083859,-0.199528751986));
#1855 = CARTESIAN_POINT('',(-3.540125920251,-0.169812218703));
#1856 = CARTESIAN_POINT('',(-3.930717497816,-0.161785654314));
#1857 = CARTESIAN_POINT('',(-4.32101617994,-0.164073197226));
#1858 = CARTESIAN_POINT('',(-4.711568490381,-0.177955935978));
#1859 = CARTESIAN_POINT('',(-5.102970944591,-0.20061738594));
#1860 = CARTESIAN_POINT('',(-5.49549777973,-0.225636051422));
#1861 = CARTESIAN_POINT('',(-5.889017304122,-0.247326257262));
#1862 = CARTESIAN_POINT('',(-6.28318530718,-0.262184523904));
#1863 = ( GEOMETRIC_REPRESENTATION_CONTEXT(2) 
PARAMETRIC_REPRESENTATION_CONTEXT() REPRESENTATION_CONTEXT('2D SPACE',''
  ) );
#1864 = ORIENTED_EDGE('',*,*,#1865,.T.);
#1865 = EDGE_CURVE('',#1829,#1866,#1868,.T.);
#1866 = VERTEX_POINT('',#1867);
#1867 = CARTESIAN_POINT('',(2.395826063116,-2.782574385294,11.17));
#1868 = SURFACE_CURVE('',#1869,(#1874,#1881),.PCURVE_S1.);
#1869 = CIRCLE('',#1870,3.67188);
#1870 = AXIS2_PLACEMENT_3D('',#1871,#1872,#1873);
#1871 = CARTESIAN_POINT('',(0.,0.,11.17));
#1872 = DIRECTION('',(0.,0.,1.));
#1873 = DIRECTION('',(1.,0.,0.));
#1874 = PCURVE('',#594,#1875);
#1875 = DEFINITIONAL_REPRESENTATION('',(#1876),#1880);
#1876 = CIRCLE('',#1877,3.67188);
#1877 = AXIS2_PLACEMENT_2D('',#1878,#1879);
#1878 = CARTESIAN_POINT('',(1.862043602377E-16,-2.22516850847E-16));
#1879 = DIRECTION('',(1.,0.));
#1880 = ( GEOMETRIC_REPRESENTATION_CONTEXT(2) 
PARAMETRIC_REPRESENTATION_CONTEXT() REPRESENTATION_CONTEXT('2D SPACE',''
  ) );
#1881 = PCURVE('',#527,#1882);
#1882 = DEFINITIONAL_REPRESENTATION('',(#1883),#1887);
#1883 = LINE('',#1884,#1885);
#1884 = CARTESIAN_POINT('',(-0.,-0.32));
#1885 = VECTOR('',#1886,1.);
#1886 = DIRECTION('',(-1.,0.));
#1887 = ( GEOMETRIC_REPRESENTATION_CONTEXT(2) 
PARAMETRIC_REPRESENTATION_CONTEXT() REPRESENTATION_CONTEXT('2D SPACE',''
  ) );
#1888 = ORIENTED_EDGE('',*,*,#1889,.F.);
#1889 = EDGE_CURVE('',#1890,#1866,#1892,.T.);
#1890 = VERTEX_POINT('',#1891);
#1891 = CARTESIAN_POINT('',(2.223199657857,-2.442975671057,11.17));
#1892 = SURFACE_CURVE('',#1893,(#1898,#1905),.PCURVE_S1.);
#1893 = ELLIPSE('',#1894,0.298621104019,0.29366395415);
#1894 = AXIS2_PLACEMENT_3D('',#1895,#1896,#1897);
#1895 = CARTESIAN_POINT('',(2.512254608997,-2.512254608997,11.17));
#1896 = DIRECTION('',(0.,0.,1.));
#1897 = DIRECTION('',(0.707106781187,-0.707106781187,0.));
#1898 = PCURVE('',#594,#1899);
#1899 = DEFINITIONAL_REPRESENTATION('',(#1900),#1904);
#1900 = ELLIPSE('',#1901,0.298621104019,0.29366395415);
#1901 = AXIS2_PLACEMENT_2D('',#1902,#1903);
#1902 = CARTESIAN_POINT('',(2.512254608997,-2.512254608997));
#1903 = DIRECTION('',(0.707106781187,-0.707106781187));
#1904 = ( GEOMETRIC_REPRESENTATION_CONTEXT(2) 
PARAMETRIC_REPRESENTATION_CONTEXT() REPRESENTATION_CONTEXT('2D SPACE',''
  ) );
#1905 = PCURVE('',#1906,#1911);
#1906 = CONICAL_SURFACE('',#1907,0.3,2.833285714077E-02);
#1907 = AXIS2_PLACEMENT_3D('',#1908,#1909,#1910);
#1908 = CARTESIAN_POINT('',(2.539842705208,-2.539842705208,10.95));
#1909 = DIRECTION('',(0.128254195209,-0.128254195209,-0.983413302138));
#1910 = DIRECTION('',(0.991602623083,0.,0.129322225065));
#1911 = DEFINITIONAL_REPRESENTATION('',(#1912),#1929);
#1912 = B_SPLINE_CURVE_WITH_KNOTS('',8,(#1913,#1914,#1915,#1916,#1917,
    #1918,#1919,#1920,#1921,#1922,#1923,#1924,#1925,#1926,#1927,#1928),
  .UNSPECIFIED.,.F.,.F.,(9,7,9),(0.780707566798,3.922300220388,
    7.063892873977),.UNSPECIFIED.);
#1913 = CARTESIAN_POINT('',(1.7763568394E-15,-0.184948870161));
#1914 = CARTESIAN_POINT('',(-0.391240889927,-0.199918300611));
#1915 = CARTESIAN_POINT('',(-0.783125406727,-0.221670599385));
#1916 = CARTESIAN_POINT('',(-1.175995535967,-0.246676229772));
#1917 = CARTESIAN_POINT('',(-1.569989011227,-0.269239273972));
#1918 = CARTESIAN_POINT('',(-1.964862086996,-0.28295792804));
#1919 = CARTESIAN_POINT('',(-2.359982073244,-0.285062370382));
#1920 = CARTESIAN_POINT('',(-2.754792764602,-0.276875569538));
#1921 = CARTESIAN_POINT('',(-3.543107512705,-0.246936708638));
#1922 = CARTESIAN_POINT('',(-3.936611592741,-0.225184409863));
#1923 = CARTESIAN_POINT('',(-4.32912071997,-0.200178779476));
#1924 = CARTESIAN_POINT('',(-4.72050734572,-0.177615735276));
#1925 = CARTESIAN_POINT('',(-5.111050061973,-0.163897081208));
#1926 = CARTESIAN_POINT('',(-5.501347180762,-0.161792638866));
#1927 = CARTESIAN_POINT('',(-5.891944417253,-0.16997943971));
#1928 = CARTESIAN_POINT('',(-6.28318530718,-0.184948870161));
#1929 = ( GEOMETRIC_REPRESENTATION_CONTEXT(2) 
PARAMETRIC_REPRESENTATION_CONTEXT() REPRESENTATION_CONTEXT('2D SPACE',''
  ) );
#1930 = ORIENTED_EDGE('',*,*,#1931,.F.);
#1931 = EDGE_CURVE('',#1932,#1890,#1934,.T.);
#1932 = VERTEX_POINT('',#1933);
#1933 = CARTESIAN_POINT('',(2.442975671057,-2.223199657857,11.17));
#1934 = SURFACE_CURVE('',#1935,(#1940,#1947),.PCURVE_S1.);
#1935 = ELLIPSE('',#1936,0.22108449908,0.22);
#1936 = AXIS2_PLACEMENT_3D('',#1937,#1938,#1939);
#1937 = CARTESIAN_POINT('',(2.443742345005,-2.443742345005,11.17));
#1938 = DIRECTION('',(0.,0.,1.));
#1939 = DIRECTION('',(-0.707106781187,0.707106781187,0.));
#1940 = PCURVE('',#594,#1941);
#1941 = DEFINITIONAL_REPRESENTATION('',(#1942),#1946);
#1942 = ELLIPSE('',#1943,0.22108449908,0.22);
#1943 = AXIS2_PLACEMENT_2D('',#1944,#1945);
#1944 = CARTESIAN_POINT('',(2.443742345005,-2.443742345005));
#1945 = DIRECTION('',(-0.707106781187,0.707106781187));
#1946 = ( GEOMETRIC_REPRESENTATION_CONTEXT(2) 
PARAMETRIC_REPRESENTATION_CONTEXT() REPRESENTATION_CONTEXT('2D SPACE',''
  ) );
#1947 = PCURVE('',#1948,#1953);
#1948 = CYLINDRICAL_SURFACE('',#1949,0.22);
#1949 = AXIS2_PLACEMENT_3D('',#1950,#1951,#1952);
#1950 = CARTESIAN_POINT('',(2.454989891466,-2.454989891466,11.01));
#1951 = DIRECTION('',(-6.995233247113E-02,6.995233247113E-02,
    0.995094639903));
#1952 = DIRECTION('',(0.997538274338,0.,7.012411304515E-02));
#1953 = DEFINITIONAL_REPRESENTATION('',(#1954),#1969);
#1954 = B_SPLINE_CURVE_WITH_KNOTS('',7,(#1955,#1956,#1957,#1958,#1959,
    #1960,#1961,#1962,#1963,#1964,#1965,#1966,#1967,#1968),
  .UNSPECIFIED.,.F.,.F.,(8,6,8),(3.924532111463,7.066124765053,
    10.207717418643),.UNSPECIFIED.);
#1955 = CARTESIAN_POINT('',(0.,0.145285372198));
#1956 = CARTESIAN_POINT('',(0.448798950513,0.152209130432));
#1957 = CARTESIAN_POINT('',(0.897597901026,0.162771602338));
#1958 = CARTESIAN_POINT('',(1.346396851538,0.174729016182));
#1959 = CARTESIAN_POINT('',(1.795195802052,0.183886554813));
#1960 = CARTESIAN_POINT('',(2.243994752564,0.186490800606));
#1961 = CARTESIAN_POINT('',(2.692793703077,0.183215839244));
#1962 = CARTESIAN_POINT('',(3.590391604103,0.169368322775));
#1963 = CARTESIAN_POINT('',(4.039190554616,0.158805850869));
#1964 = CARTESIAN_POINT('',(4.487989505128,0.146848437025));
#1965 = CARTESIAN_POINT('',(4.936788455642,0.137690898395));
#1966 = CARTESIAN_POINT('',(5.385587406154,0.135086652601));
#1967 = CARTESIAN_POINT('',(5.834386356667,0.138361613963));
#1968 = CARTESIAN_POINT('',(6.28318530718,0.145285372198));
#1969 = ( GEOMETRIC_REPRESENTATION_CONTEXT(2) 
PARAMETRIC_REPRESENTATION_CONTEXT() REPRESENTATION_CONTEXT('2D SPACE',''
  ) );
#1970 = ORIENTED_EDGE('',*,*,#1971,.F.);
#1971 = EDGE_CURVE('',#1972,#1932,#1974,.T.);
#1972 = VERTEX_POINT('',#1973);
#1973 = CARTESIAN_POINT('',(2.782574385294,-2.395826063116,11.17));
#1974 = SURFACE_CURVE('',#1975,(#1980,#1987),.PCURVE_S1.);
#1975 = ELLIPSE('',#1976,0.298621104019,0.29366395415);
#1976 = AXIS2_PLACEMENT_3D('',#1977,#1978,#1979);
#1977 = CARTESIAN_POINT('',(2.512254608997,-2.512254608997,11.17));
#1978 = DIRECTION('',(0.,0.,1.));
#1979 = DIRECTION('',(0.707106781187,-0.707106781187,0.));
#1980 = PCURVE('',#594,#1981);
#1981 = DEFINITIONAL_REPRESENTATION('',(#1982),#1986);
#1982 = ELLIPSE('',#1983,0.298621104019,0.29366395415);
#1983 = AXIS2_PLACEMENT_2D('',#1984,#1985);
#1984 = CARTESIAN_POINT('',(2.512254608997,-2.512254608997));
#1985 = DIRECTION('',(0.707106781187,-0.707106781187));
#1986 = ( GEOMETRIC_REPRESENTATION_CONTEXT(2) 
PARAMETRIC_REPRESENTATION_CONTEXT() REPRESENTATION_CONTEXT('2D SPACE',''
  ) );
#1987 = PCURVE('',#1906,#1988);
#1988 = DEFINITIONAL_REPRESENTATION('',(#1989),#2006);
#1989 = B_SPLINE_CURVE_WITH_KNOTS('',8,(#1990,#1991,#1992,#1993,#1994,
    #1995,#1996,#1997,#1998,#1999,#2000,#2001,#2002,#2003,#2004,#2005),
  .UNSPECIFIED.,.F.,.F.,(9,7,9),(0.780707566798,3.922300220388,
    7.063892873977),.UNSPECIFIED.);
#1990 = CARTESIAN_POINT('',(1.7763568394E-15,-0.184948870161));
#1991 = CARTESIAN_POINT('',(-0.391240889927,-0.199918300611));
#1992 = CARTESIAN_POINT('',(-0.783125406727,-0.221670599385));
#1993 = CARTESIAN_POINT('',(-1.175995535967,-0.246676229772));
#1994 = CARTESIAN_POINT('',(-1.569989011227,-0.269239273972));
#1995 = CARTESIAN_POINT('',(-1.964862086996,-0.28295792804));
#1996 = CARTESIAN_POINT('',(-2.359982073244,-0.285062370382));
#1997 = CARTESIAN_POINT('',(-2.754792764602,-0.276875569538));
#1998 = CARTESIAN_POINT('',(-3.543107512705,-0.246936708638));
#1999 = CARTESIAN_POINT('',(-3.936611592741,-0.225184409863));
#2000 = CARTESIAN_POINT('',(-4.32912071997,-0.200178779476));
#2001 = CARTESIAN_POINT('',(-4.72050734572,-0.177615735276));
#2002 = CARTESIAN_POINT('',(-5.111050061973,-0.163897081208));
#2003 = CARTESIAN_POINT('',(-5.501347180762,-0.161792638866));
#2004 = CARTESIAN_POINT('',(-5.891944417253,-0.16997943971));
#2005 = CARTESIAN_POINT('',(-6.28318530718,-0.184948870161));
#2006 = ( GEOMETRIC_REPRESENTATION_CONTEXT(2) 
PARAMETRIC_REPRESENTATION_CONTEXT() REPRESENTATION_CONTEXT('2D SPACE',''
  ) );
#2007 = ORIENTED_EDGE('',*,*,#2008,.T.);
#2008 = EDGE_CURVE('',#1972,#2009,#2011,.T.);
#2009 = VERTEX_POINT('',#2010);
#2010 = CARTESIAN_POINT('',(3.351299213242,-1.500498689677,11.17));
#2011 = SURFACE_CURVE('',#2012,(#2017,#2024),.PCURVE_S1.);
#2012 = CIRCLE('',#2013,3.67188);
#2013 = AXIS2_PLACEMENT_3D('',#2014,#2015,#2016);
#2014 = CARTESIAN_POINT('',(0.,0.,11.17));
#2015 = DIRECTION('',(0.,0.,1.));
#2016 = DIRECTION('',(1.,0.,0.));
#2017 = PCURVE('',#594,#2018);
#2018 = DEFINITIONAL_REPRESENTATION('',(#2019),#2023);
#2019 = CIRCLE('',#2020,3.67188);
#2020 = AXIS2_PLACEMENT_2D('',#2021,#2022);
#2021 = CARTESIAN_POINT('',(1.862043602377E-16,-2.22516850847E-16));
#2022 = DIRECTION('',(1.,0.));
#2023 = ( GEOMETRIC_REPRESENTATION_CONTEXT(2) 
PARAMETRIC_REPRESENTATION_CONTEXT() REPRESENTATION_CONTEXT('2D SPACE',''
  ) );
#2024 = PCURVE('',#527,#2025);
#2025 = DEFINITIONAL_REPRESENTATION('',(#2026),#2030);
#2026 = LINE('',#2027,#2028);
#2027 = CARTESIAN_POINT('',(-0.,-0.32));
#2028 = VECTOR('',#2029,1.);
#2029 = DIRECTION('',(-1.,0.));
#2030 = ( GEOMETRIC_REPRESENTATION_CONTEXT(2) 
PARAMETRIC_REPRESENTATION_CONTEXT() REPRESENTATION_CONTEXT('2D SPACE',''
  ) );
#2031 = ORIENTED_EDGE('',*,*,#2032,.T.);
#2032 = EDGE_CURVE('',#2009,#1131,#2033,.T.);
#2033 = SURFACE_CURVE('',#2034,(#2038,#2044),.PCURVE_S1.);
#2034 = LINE('',#2035,#2036);
#2035 = CARTESIAN_POINT('',(2.952939560776,-0.255052419899,11.17));
#2036 = VECTOR('',#2037,1.);
#2037 = DIRECTION('',(-0.304648666743,0.952464797172,0.));
#2038 = PCURVE('',#594,#2039);
#2039 = DEFINITIONAL_REPRESENTATION('',(#2040),#2043);
#2040 = B_SPLINE_CURVE_WITH_KNOTS('',1,(#2041,#2042),.UNSPECIFIED.,.F.,
  .F.,(2,2),(-1.457901728148,-0.841285776424),.PIECEWISE_BEZIER_KNOTS.);
#2041 = CARTESIAN_POINT('',(3.397087378498,-1.643652493696));
#2042 = CARTESIAN_POINT('',(3.209236150913,-1.056347506304));
#2043 = ( GEOMETRIC_REPRESENTATION_CONTEXT(2) 
PARAMETRIC_REPRESENTATION_CONTEXT() REPRESENTATION_CONTEXT('2D SPACE',''
  ) );
#2044 = PCURVE('',#2045,#2050);
#2045 = PLANE('',#2046);
#2046 = AXIS2_PLACEMENT_3D('',#2047,#2048,#2049);
#2047 = CARTESIAN_POINT('',(3.28,-1.35,11.15));
#2048 = DIRECTION('',(-0.639729113257,-0.204619238431,0.740862759838));
#2049 = DIRECTION('',(0.756877032285,0.,0.653557310417));
#2050 = DEFINITIONAL_REPRESENTATION('',(#2051),#2054);
#2051 = B_SPLINE_CURVE_WITH_KNOTS('',1,(#2052,#2053),.UNSPECIFIED.,.F.,
  .F.,(2,2),(-1.457901728148,-0.841285776424),.PIECEWISE_BEZIER_KNOTS.);
#2052 = CARTESIAN_POINT('',(0.101691893764,-0.3));
#2053 = CARTESIAN_POINT('',(-4.04883858813E-02,0.3));
#2054 = ( GEOMETRIC_REPRESENTATION_CONTEXT(2) 
PARAMETRIC_REPRESENTATION_CONTEXT() REPRESENTATION_CONTEXT('2D SPACE',''
  ) );
#2055 = FACE_BOUND('',#2056,.T.);
#2056 = EDGE_LOOP('',(#2057));
#2057 = ORIENTED_EDGE('',*,*,#2058,.F.);
#2058 = EDGE_CURVE('',#2059,#2059,#2061,.T.);
#2059 = VERTEX_POINT('',#2060);
#2060 = CARTESIAN_POINT('',(2.95188,2.11650739468E-16,11.17));
#2061 = SURFACE_CURVE('',#2062,(#2067,#2074),.PCURVE_S1.);
#2062 = CIRCLE('',#2063,2.95188);
#2063 = AXIS2_PLACEMENT_3D('',#2064,#2065,#2066);
#2064 = CARTESIAN_POINT('',(1.741583227622E-14,2.11650739468E-16,11.17)
  );
#2065 = DIRECTION('',(0.,0.,1.));
#2066 = DIRECTION('',(1.,0.,0.));
#2067 = PCURVE('',#594,#2068);
#2068 = DEFINITIONAL_REPRESENTATION('',(#2069),#2073);
#2069 = CIRCLE('',#2070,2.95188);
#2070 = AXIS2_PLACEMENT_2D('',#2071,#2072);
#2071 = CARTESIAN_POINT('',(1.760203663646E-14,-1.086611137906E-17));
#2072 = DIRECTION('',(1.,0.));
#2073 = ( GEOMETRIC_REPRESENTATION_CONTEXT(2) 
PARAMETRIC_REPRESENTATION_CONTEXT() REPRESENTATION_CONTEXT('2D SPACE',''
  ) );
#2074 = PCURVE('',#1042,#2075);
#2075 = DEFINITIONAL_REPRESENTATION('',(#2076),#2080);
#2076 = LINE('',#2077,#2078);
#2077 = CARTESIAN_POINT('',(-0.,-0.32));
#2078 = VECTOR('',#2079,1.);
#2079 = DIRECTION('',(-1.,0.));
#2080 = ( GEOMETRIC_REPRESENTATION_CONTEXT(2) 
PARAMETRIC_REPRESENTATION_CONTEXT() REPRESENTATION_CONTEXT('2D SPACE',''
  ) );
#2081 = ADVANCED_FACE('',(#2082),#559,.T.);
#2082 = FACE_BOUND('',#2083,.T.);
#2083 = EDGE_LOOP('',(#2084,#2085,#2086));
#2084 = ORIENTED_EDGE('',*,*,#1641,.F.);
#2085 = ORIENTED_EDGE('',*,*,#542,.T.);
#2086 = ORIENTED_EDGE('',*,*,#2087,.F.);
#2087 = EDGE_CURVE('',#1642,#506,#2088,.T.);
#2088 = SURFACE_CURVE('',#2089,(#2094,#2101),.PCURVE_S1.);
#2089 = ELLIPSE('',#2090,4.956221582526,3.67188);
#2090 = AXIS2_PLACEMENT_3D('',#2091,#2092,#2093);
#2091 = CARTESIAN_POINT('',(0.,0.,8.690603174603));
#2092 = DIRECTION('',(0.639729113257,-0.204619238431,0.740862759838));
#2093 = DIRECTION('',(0.705645698282,-0.225702852024,-0.671656438281));
#2094 = PCURVE('',#559,#2095);
#2095 = DEFINITIONAL_REPRESENTATION('',(#2096),#2100);
#2096 = ELLIPSE('',#2097,4.956221582526,3.67188);
#2097 = AXIS2_PLACEMENT_2D('',#2098,#2099);
#2098 = CARTESIAN_POINT('',(4.089913440349,1.379181204637));
#2099 = DIRECTION('',(0.973052997288,-0.230581578774));
#2100 = ( GEOMETRIC_REPRESENTATION_CONTEXT(2) 
PARAMETRIC_REPRESENTATION_CONTEXT() REPRESENTATION_CONTEXT('2D SPACE',''
  ) );
#2101 = PCURVE('',#527,#2102);
#2102 = DEFINITIONAL_REPRESENTATION('',(#2103),#2110);
#2103 = B_SPLINE_CURVE_WITH_KNOTS('',5,(#2104,#2105,#2106,#2107,#2108,
    #2109),.UNSPECIFIED.,.F.,.F.,(6,6),(3.872131855429,3.933246654582),
  .PIECEWISE_BEZIER_KNOTS.);
#2104 = CARTESIAN_POINT('',(-3.562562315368,-0.3200006));
#2105 = CARTESIAN_POINT('',(-3.574785275199,-0.292850167552));
#2106 = CARTESIAN_POINT('',(-3.58700823503,-0.265236705323));
#2107 = CARTESIAN_POINT('',(-3.59923119486,-0.237168663902));
#2108 = CARTESIAN_POINT('',(-3.611454154691,-0.20865478223));
#2109 = CARTESIAN_POINT('',(-3.623677114521,-0.179704071285));
#2110 = ( GEOMETRIC_REPRESENTATION_CONTEXT(2) 
PARAMETRIC_REPRESENTATION_CONTEXT() REPRESENTATION_CONTEXT('2D SPACE',''
  ) );
#2111 = ADVANCED_FACE('',(#2112),#527,.T.);
#2112 = FACE_BOUND('',#2113,.F.);
#2113 = EDGE_LOOP('',(#2114,#2146,#2147,#2148,#2149,#2150,#2182,#2214,
    #2244,#2245,#2277,#2309,#2339,#2340));
#2114 = ORIENTED_EDGE('',*,*,#2115,.F.);
#2115 = EDGE_CURVE('',#732,#2116,#2118,.T.);
#2116 = VERTEX_POINT('',#2117);
#2117 = CARTESIAN_POINT('',(3.285163448284,-1.64024505866,11.07429567565
    ));
#2118 = SURFACE_CURVE('',#2119,(#2126,#2136),.PCURVE_S1.);
#2119 = B_SPLINE_CURVE_WITH_KNOTS('',5,(#2120,#2121,#2122,#2123,#2124,
    #2125),.UNSPECIFIED.,.F.,.F.,(6,6),(0.,1.),
  .PIECEWISE_BEZIER_KNOTS.);
#2120 = CARTESIAN_POINT('',(3.323591429749,-1.560910869492,10.8499994));
#2121 = CARTESIAN_POINT('',(3.313879839032,-1.581589410661,
    10.894132967173));
#2122 = CARTESIAN_POINT('',(3.305025980033,-1.600023871912,
    10.939019022815));
#2123 = CARTESIAN_POINT('',(3.297167107762,-1.616095980393,
    10.984278744596));
#2124 = CARTESIAN_POINT('',(3.290475846857,-1.629605125608,
    11.029532572522));
#2125 = CARTESIAN_POINT('',(3.285163448284,-1.64024505866,11.07429567565
    ));
#2126 = PCURVE('',#527,#2127);
#2127 = DEFINITIONAL_REPRESENTATION('',(#2128),#2135);
#2128 = B_SPLINE_CURVE_WITH_KNOTS('',5,(#2129,#2130,#2131,#2132,#2133,
    #2134),.UNSPECIFIED.,.F.,.F.,(6,6),(0.,1.),
  .PIECEWISE_BEZIER_KNOTS.);
#2129 = CARTESIAN_POINT('',(-5.844114545299,5.999999963535E-07));
#2130 = CARTESIAN_POINT('',(-5.837892799454,-4.41329671729E-02));
#2131 = CARTESIAN_POINT('',(-5.832323538242,-8.901902281501E-02));
#2132 = CARTESIAN_POINT('',(-5.827451301472,-0.134278744596));
#2133 = CARTESIAN_POINT('',(-5.823345666163,-0.179532572522));
#2134 = CARTESIAN_POINT('',(-5.820106882699,-0.22429567565));
#2135 = ( GEOMETRIC_REPRESENTATION_CONTEXT(2) 
PARAMETRIC_REPRESENTATION_CONTEXT() REPRESENTATION_CONTEXT('2D SPACE',''
  ) );
#2136 = PCURVE('',#748,#2137);
#2137 = DEFINITIONAL_REPRESENTATION('',(#2138),#2145);
#2138 = B_SPLINE_CURVE_WITH_KNOTS('',5,(#2139,#2140,#2141,#2142,#2143,
    #2144),.UNSPECIFIED.,.F.,.F.,(6,6),(0.,1.),
  .PIECEWISE_BEZIER_KNOTS.);
#2139 = CARTESIAN_POINT('',(-4.150013008009,-4.044810061309));
#2140 = CARTESIAN_POINT('',(-4.230573303996,-4.08795099235));
#2141 = CARTESIAN_POINT('',(-4.311258689022,-4.130641516199));
#2142 = CARTESIAN_POINT('',(-4.392679429415,-4.172488970574));
#2143 = CARTESIAN_POINT('',(-4.475359843292,-4.213060671836));
#2144 = CARTESIAN_POINT('',(-4.55990199132,-4.251799618985));
#2145 = ( GEOMETRIC_REPRESENTATION_CONTEXT(2) 
PARAMETRIC_REPRESENTATION_CONTEXT() REPRESENTATION_CONTEXT('2D SPACE',''
  ) );
#2146 = ORIENTED_EDGE('',*,*,#1001,.F.);
#2147 = ORIENTED_EDGE('',*,*,#505,.F.);
#2148 = ORIENTED_EDGE('',*,*,#2087,.F.);
#2149 = ORIENTED_EDGE('',*,*,#1662,.T.);
#2150 = ORIENTED_EDGE('',*,*,#2151,.F.);
#2151 = EDGE_CURVE('',#2152,#1663,#2154,.T.);
#2152 = VERTEX_POINT('',#2153);
#2153 = CARTESIAN_POINT('',(-2.794552647504,-2.381843453028,
    10.962612755697));
#2154 = SURFACE_CURVE('',#2155,(#2162,#2172),.PCURVE_S1.);
#2155 = B_SPLINE_CURVE_WITH_KNOTS('',5,(#2156,#2157,#2158,#2159,#2160,
    #2161),.UNSPECIFIED.,.F.,.F.,(6,6),(0.,1.),
  .PIECEWISE_BEZIER_KNOTS.);
#2156 = CARTESIAN_POINT('',(-2.794552647504,-2.381843453028,
    10.962612755697));
#2157 = CARTESIAN_POINT('',(-2.792563919142,-2.384176774346,
    11.004359359703));
#2158 = CARTESIAN_POINT('',(-2.790383018843,-2.386730634158,
    11.04598981974));
#2159 = CARTESIAN_POINT('',(-2.787999932004,-2.38951489237,
    11.087488251286));
#2160 = CARTESIAN_POINT('',(-2.785402432892,-2.39254149557,
    11.12883423273));
#2161 = CARTESIAN_POINT('',(-2.782574344075,-2.395826110989,11.1700006)
  );
#2162 = PCURVE('',#527,#2163);
#2163 = DEFINITIONAL_REPRESENTATION('',(#2164),#2171);
#2164 = B_SPLINE_CURVE_WITH_KNOTS('',5,(#2165,#2166,#2167,#2168,#2169,
    #2170),.UNSPECIFIED.,.F.,.F.,(6,6),(0.,1.),
  .PIECEWISE_BEZIER_KNOTS.);
#2165 = CARTESIAN_POINT('',(-3.847430054233,-0.112612755697));
#2166 = CARTESIAN_POINT('',(-3.848265007663,-0.154359359703));
#2167 = CARTESIAN_POINT('',(-3.849179620921,-0.19598981974));
#2168 = CARTESIAN_POINT('',(-3.850177708105,-0.237488251286));
#2169 = CARTESIAN_POINT('',(-3.851263907587,-0.27883423273));
#2170 = CARTESIAN_POINT('',(-3.852444330826,-0.3200006));
#2171 = ( GEOMETRIC_REPRESENTATION_CONTEXT(2) 
PARAMETRIC_REPRESENTATION_CONTEXT() REPRESENTATION_CONTEXT('2D SPACE',''
  ) );
#2172 = PCURVE('',#1703,#2173);
#2173 = DEFINITIONAL_REPRESENTATION('',(#2174),#2181);
#2174 = B_SPLINE_CURVE_WITH_KNOTS('',5,(#2175,#2176,#2177,#2178,#2179,
    #2180),.UNSPECIFIED.,.F.,.F.,(6,6),(0.,1.),
  .PIECEWISE_BEZIER_KNOTS.);
#2175 = CARTESIAN_POINT('',(-2.581753466747,3.903276799992E-14));
#2176 = CARTESIAN_POINT('',(-2.609444202319,-4.1009970206E-02));
#2177 = CARTESIAN_POINT('',(-2.63762424151,-8.190208475935E-02));
#2178 = CARTESIAN_POINT('',(-2.666347079976,-0.122660742448));
#2179 = CARTESIAN_POINT('',(-2.695674169488,-0.16326589619));
#2180 = CARTESIAN_POINT('',(-2.725683896773,-0.203690897912));
#2181 = ( GEOMETRIC_REPRESENTATION_CONTEXT(2) 
PARAMETRIC_REPRESENTATION_CONTEXT() REPRESENTATION_CONTEXT('2D SPACE',''
  ) );
#2182 = ORIENTED_EDGE('',*,*,#2183,.T.);
#2183 = EDGE_CURVE('',#2152,#2184,#2186,.T.);
#2184 = VERTEX_POINT('',#2185);
#2185 = CARTESIAN_POINT('',(-2.381843453028,-2.794552647504,
    10.962612755697));
#2186 = SURFACE_CURVE('',#2187,(#2192,#2202),.PCURVE_S1.);
#2187 = ELLIPSE('',#2188,3.733811604964,3.67188);
#2188 = AXIS2_PLACEMENT_3D('',#2189,#2190,#2191);
#2189 = CARTESIAN_POINT('',(0.,0.,10.287520691643));
#2190 = DIRECTION('',(0.128254195209,0.128254195209,0.983413302138));
#2191 = DIRECTION('',(0.695378214651,0.695378214651,-0.181378822296));
#2192 = PCURVE('',#527,#2193);
#2193 = DEFINITIONAL_REPRESENTATION('',(#2194),#2201);
#2194 = B_SPLINE_CURVE_WITH_KNOTS('',5,(#2195,#2196,#2197,#2198,#2199,
    #2200),.UNSPECIFIED.,.F.,.F.,(6,6),(3.01579090321,3.265266127211),
  .PIECEWISE_BEZIER_KNOTS.);
#2195 = CARTESIAN_POINT('',(-3.801189066607,-0.109403124493));
#2196 = CARTESIAN_POINT('',(-3.851084111408,-0.113642842237));
#2197 = CARTESIAN_POINT('',(-3.900979156208,-0.115791737782));
#2198 = CARTESIAN_POINT('',(-3.950874201008,-0.1158277893));
#2199 = CARTESIAN_POINT('',(-4.000769245808,-0.113750808847));
#2200 = CARTESIAN_POINT('',(-4.050664290609,-0.109582448158));
#2201 = ( GEOMETRIC_REPRESENTATION_CONTEXT(2) 
PARAMETRIC_REPRESENTATION_CONTEXT() REPRESENTATION_CONTEXT('2D SPACE',''
  ) );
#2202 = PCURVE('',#2203,#2208);
#2203 = PLANE('',#2204);
#2204 = AXIS2_PLACEMENT_3D('',#2205,#2206,#2207);
#2205 = CARTESIAN_POINT('',(-2.539842705208,-2.539842705208,10.95));
#2206 = DIRECTION('',(0.128254195209,0.128254195209,0.983413302138));
#2207 = DIRECTION('',(0.991602623083,0.,-0.129322225065));
#2208 = DEFINITIONAL_REPRESENTATION('',(#2209),#2213);
#2209 = ELLIPSE('',#2210,3.733811604964,3.67188);
#2210 = AXIS2_PLACEMENT_2D('',#2211,#2212);
#2211 = CARTESIAN_POINT('',(2.604187986918,2.560993107604));
#2212 = DIRECTION('',(0.712995174561,0.701168939024));
#2213 = ( GEOMETRIC_REPRESENTATION_CONTEXT(2) 
PARAMETRIC_REPRESENTATION_CONTEXT() REPRESENTATION_CONTEXT('2D SPACE',''
  ) );
#2214 = ORIENTED_EDGE('',*,*,#2215,.F.);
#2215 = EDGE_CURVE('',#1829,#2184,#2216,.T.);
#2216 = SURFACE_CURVE('',#2217,(#2224,#2234),.PCURVE_S1.);
#2217 = B_SPLINE_CURVE_WITH_KNOTS('',5,(#2218,#2219,#2220,#2221,#2222,
    #2223),.UNSPECIFIED.,.F.,.F.,(6,6),(0.,1.),
  .PIECEWISE_BEZIER_KNOTS.);
#2218 = CARTESIAN_POINT('',(-2.395826110989,-2.782574344075,11.1700006)
  );
#2219 = CARTESIAN_POINT('',(-2.392541495539,-2.785402432919,
    11.128834232346));
#2220 = CARTESIAN_POINT('',(-2.389514892367,-2.787999932006,
    11.087488251189));
#2221 = CARTESIAN_POINT('',(-2.38673063415,-2.790383018849,
    11.045989819676));
#2222 = CARTESIAN_POINT('',(-2.38417677433,-2.792563919157,
    11.004359359403));
#2223 = CARTESIAN_POINT('',(-2.381843453028,-2.794552647504,
    10.962612755697));
#2224 = PCURVE('',#527,#2225);
#2225 = DEFINITIONAL_REPRESENTATION('',(#2226),#2233);
#2226 = B_SPLINE_CURVE_WITH_KNOTS('',5,(#2227,#2228,#2229,#2230,#2231,
    #2232),.UNSPECIFIED.,.F.,.F.,(6,6),(0.,1.),
  .PIECEWISE_BEZIER_KNOTS.);
#2227 = CARTESIAN_POINT('',(-4.001537303149,-0.3200006));
#2228 = CARTESIAN_POINT('',(-4.002717726399,-0.278834232346));
#2229 = CARTESIAN_POINT('',(-4.00380392587,-0.237488251189));
#2230 = CARTESIAN_POINT('',(-4.004802013056,-0.195989819676));
#2231 = CARTESIAN_POINT('',(-4.005716626317,-0.154359359403));
#2232 = CARTESIAN_POINT('',(-4.006551579742,-0.112612755697));
#2233 = ( GEOMETRIC_REPRESENTATION_CONTEXT(2) 
PARAMETRIC_REPRESENTATION_CONTEXT() REPRESENTATION_CONTEXT('2D SPACE',''
  ) );
#2234 = PCURVE('',#1703,#2235);
#2235 = DEFINITIONAL_REPRESENTATION('',(#2236),#2243);
#2236 = B_SPLINE_CURVE_WITH_KNOTS('',5,(#2237,#2238,#2239,#2240,#2241,
    #2242),.UNSPECIFIED.,.F.,.F.,(6,6),(0.,1.),
  .PIECEWISE_BEZIER_KNOTS.);
#2237 = CARTESIAN_POINT('',(-5.111572719579,-0.203690897912));
#2238 = CARTESIAN_POINT('',(-5.141582447143,-0.163265895813));
#2239 = CARTESIAN_POINT('',(-5.170909536433,-0.122660742352));
#2240 = CARTESIAN_POINT('',(-5.199632374894,-8.190208469609E-02));
#2241 = CARTESIAN_POINT('',(-5.227812414232,-4.100996991132E-02));
#2242 = CARTESIAN_POINT('',(-5.255503149605,0.));
#2243 = ( GEOMETRIC_REPRESENTATION_CONTEXT(2) 
PARAMETRIC_REPRESENTATION_CONTEXT() REPRESENTATION_CONTEXT('2D SPACE',''
  ) );
#2244 = ORIENTED_EDGE('',*,*,#1865,.T.);
#2245 = ORIENTED_EDGE('',*,*,#2246,.F.);
#2246 = EDGE_CURVE('',#2247,#1866,#2249,.T.);
#2247 = VERTEX_POINT('',#2248);
#2248 = CARTESIAN_POINT('',(2.381843453028,-2.794552647504,
    10.962612755697));
#2249 = SURFACE_CURVE('',#2250,(#2257,#2267),.PCURVE_S1.);
#2250 = B_SPLINE_CURVE_WITH_KNOTS('',5,(#2251,#2252,#2253,#2254,#2255,
    #2256),.UNSPECIFIED.,.F.,.F.,(6,6),(0.,1.),
  .PIECEWISE_BEZIER_KNOTS.);
#2251 = CARTESIAN_POINT('',(2.381843453028,-2.794552647504,
    10.962612755697));
#2252 = CARTESIAN_POINT('',(2.384176774346,-2.792563919142,
    11.004359359703));
#2253 = CARTESIAN_POINT('',(2.386730634158,-2.790383018843,
    11.045989819741));
#2254 = CARTESIAN_POINT('',(2.38951489237,-2.787999932004,
    11.087488251286));
#2255 = CARTESIAN_POINT('',(2.39254149557,-2.785402432892,11.12883423273
    ));
#2256 = CARTESIAN_POINT('',(2.395826110989,-2.782574344075,11.1700006));
#2257 = PCURVE('',#527,#2258);
#2258 = DEFINITIONAL_REPRESENTATION('',(#2259),#2266);
#2259 = B_SPLINE_CURVE_WITH_KNOTS('',5,(#2260,#2261,#2262,#2263,#2264,
    #2265),.UNSPECIFIED.,.F.,.F.,(6,6),(0.,1.),
  .PIECEWISE_BEZIER_KNOTS.);
#2260 = CARTESIAN_POINT('',(-5.418226381028,-0.112612755697));
#2261 = CARTESIAN_POINT('',(-5.419061334458,-0.154359359703));
#2262 = CARTESIAN_POINT('',(-5.419975947716,-0.195989819741));
#2263 = CARTESIAN_POINT('',(-5.4209740349,-0.237488251286));
#2264 = CARTESIAN_POINT('',(-5.422060234382,-0.27883423273));
#2265 = CARTESIAN_POINT('',(-5.42324065762,-0.3200006));
#2266 = ( GEOMETRIC_REPRESENTATION_CONTEXT(2) 
PARAMETRIC_REPRESENTATION_CONTEXT() REPRESENTATION_CONTEXT('2D SPACE',''
  ) );
#2267 = PCURVE('',#1906,#2268);
#2268 = DEFINITIONAL_REPRESENTATION('',(#2269),#2276);
#2269 = B_SPLINE_CURVE_WITH_KNOTS('',5,(#2270,#2271,#2272,#2273,#2274,
    #2275),.UNSPECIFIED.,.F.,.F.,(6,6),(0.,1.),
  .PIECEWISE_BEZIER_KNOTS.);
#2270 = CARTESIAN_POINT('',(-4.169274811164,-6.377648497433E-14));
#2271 = CARTESIAN_POINT('',(-4.196965546737,-4.100997020609E-02));
#2272 = CARTESIAN_POINT('',(-4.225145585928,-8.190208475941E-02));
#2273 = CARTESIAN_POINT('',(-4.253868424394,-0.122660742448));
#2274 = CARTESIAN_POINT('',(-4.283195513906,-0.16326589619));
#2275 = CARTESIAN_POINT('',(-4.313205241191,-0.203690897912));
#2276 = ( GEOMETRIC_REPRESENTATION_CONTEXT(2) 
PARAMETRIC_REPRESENTATION_CONTEXT() REPRESENTATION_CONTEXT('2D SPACE',''
  ) );
#2277 = ORIENTED_EDGE('',*,*,#2278,.T.);
#2278 = EDGE_CURVE('',#2247,#2279,#2281,.T.);
#2279 = VERTEX_POINT('',#2280);
#2280 = CARTESIAN_POINT('',(2.794552647504,-2.381843453028,
    10.962612755697));
#2281 = SURFACE_CURVE('',#2282,(#2287,#2297),.PCURVE_S1.);
#2282 = ELLIPSE('',#2283,3.733811604964,3.67188);
#2283 = AXIS2_PLACEMENT_3D('',#2284,#2285,#2286);
#2284 = CARTESIAN_POINT('',(0.,0.,10.287520691643));
#2285 = DIRECTION('',(-0.128254195209,0.128254195209,0.983413302138));
#2286 = DIRECTION('',(-0.695378214651,0.695378214651,-0.181378822296));
#2287 = PCURVE('',#527,#2288);
#2288 = DEFINITIONAL_REPRESENTATION('',(#2289),#2296);
#2289 = B_SPLINE_CURVE_WITH_KNOTS('',5,(#2290,#2291,#2292,#2293,#2294,
    #2295),.UNSPECIFIED.,.F.,.F.,(6,6),(3.017919179968,3.26739440397),
  .PIECEWISE_BEZIER_KNOTS.);
#2290 = CARTESIAN_POINT('',(-5.374113670161,-0.109582448158));
#2291 = CARTESIAN_POINT('',(-5.424008714961,-0.113750808847));
#2292 = CARTESIAN_POINT('',(-5.473903759761,-0.1158277893));
#2293 = CARTESIAN_POINT('',(-5.523798804562,-0.115791737782));
#2294 = CARTESIAN_POINT('',(-5.573693849362,-0.113642842237));
#2295 = CARTESIAN_POINT('',(-5.623588894162,-0.109403124493));
#2296 = ( GEOMETRIC_REPRESENTATION_CONTEXT(2) 
PARAMETRIC_REPRESENTATION_CONTEXT() REPRESENTATION_CONTEXT('2D SPACE',''
  ) );
#2297 = PCURVE('',#2298,#2303);
#2298 = PLANE('',#2299);
#2299 = AXIS2_PLACEMENT_3D('',#2300,#2301,#2302);
#2300 = CARTESIAN_POINT('',(2.539842705208,-2.539842705208,10.95));
#2301 = DIRECTION('',(-0.128254195209,0.128254195209,0.983413302138));
#2302 = DIRECTION('',(0.991602623083,0.,0.129322225065));
#2303 = DEFINITIONAL_REPRESENTATION('',(#2304),#2308);
#2304 = ELLIPSE('',#2305,3.733811604964,3.67188);
#2305 = AXIS2_PLACEMENT_2D('',#2306,#2307);
#2306 = CARTESIAN_POINT('',(-2.604187986918,2.560993107604));
#2307 = DIRECTION('',(-0.712995174561,0.701168939024));
#2308 = ( GEOMETRIC_REPRESENTATION_CONTEXT(2) 
PARAMETRIC_REPRESENTATION_CONTEXT() REPRESENTATION_CONTEXT('2D SPACE',''
  ) );
#2309 = ORIENTED_EDGE('',*,*,#2310,.F.);
#2310 = EDGE_CURVE('',#1972,#2279,#2311,.T.);
#2311 = SURFACE_CURVE('',#2312,(#2319,#2329),.PCURVE_S1.);
#2312 = B_SPLINE_CURVE_WITH_KNOTS('',5,(#2313,#2314,#2315,#2316,#2317,
    #2318),.UNSPECIFIED.,.F.,.F.,(6,6),(0.,1.),
  .PIECEWISE_BEZIER_KNOTS.);
#2313 = CARTESIAN_POINT('',(2.782574344075,-2.395826110989,11.1700006));
#2314 = CARTESIAN_POINT('',(2.785402432919,-2.392541495539,
    11.128834232346));
#2315 = CARTESIAN_POINT('',(2.787999932006,-2.389514892367,
    11.087488251189));
#2316 = CARTESIAN_POINT('',(2.790383018849,-2.38673063415,
    11.045989819676));
#2317 = CARTESIAN_POINT('',(2.792563919157,-2.38417677433,
    11.004359359403));
#2318 = CARTESIAN_POINT('',(2.794552647504,-2.381843453028,
    10.962612755697));
#2319 = PCURVE('',#527,#2320);
#2320 = DEFINITIONAL_REPRESENTATION('',(#2321),#2328);
#2321 = B_SPLINE_CURVE_WITH_KNOTS('',5,(#2322,#2323,#2324,#2325,#2326,
    #2327),.UNSPECIFIED.,.F.,.F.,(6,6),(0.,1.),
  .PIECEWISE_BEZIER_KNOTS.);
#2322 = CARTESIAN_POINT('',(-5.572333629944,-0.3200006));
#2323 = CARTESIAN_POINT('',(-5.573514053194,-0.278834232346));
#2324 = CARTESIAN_POINT('',(-5.574600252665,-0.237488251189));
#2325 = CARTESIAN_POINT('',(-5.575598339851,-0.195989819676));
#2326 = CARTESIAN_POINT('',(-5.576512953112,-0.154359359403));
#2327 = CARTESIAN_POINT('',(-5.577347906536,-0.112612755697));
#2328 = ( GEOMETRIC_REPRESENTATION_CONTEXT(2) 
PARAMETRIC_REPRESENTATION_CONTEXT() REPRESENTATION_CONTEXT('2D SPACE',''
  ) );
#2329 = PCURVE('',#1906,#2330);
#2330 = DEFINITIONAL_REPRESENTATION('',(#2331),#2338);
#2331 = B_SPLINE_CURVE_WITH_KNOTS('',5,(#2332,#2333,#2334,#2335,#2336,
    #2337),.UNSPECIFIED.,.F.,.F.,(6,6),(0.,1.),
  .PIECEWISE_BEZIER_KNOTS.);
#2332 = CARTESIAN_POINT('',(-0.415908756817,-0.203690897912));
#2333 = CARTESIAN_POINT('',(-0.445918484381,-0.163265895813));
#2334 = CARTESIAN_POINT('',(-0.47524557367,-0.122660742352));
#2335 = CARTESIAN_POINT('',(-0.503968412132,-8.190208469609E-02));
#2336 = CARTESIAN_POINT('',(-0.532148451469,-4.100996991133E-02));
#2337 = CARTESIAN_POINT('',(-0.559839186843,0.));
#2338 = ( GEOMETRIC_REPRESENTATION_CONTEXT(2) 
PARAMETRIC_REPRESENTATION_CONTEXT() REPRESENTATION_CONTEXT('2D SPACE',''
  ) );
#2339 = ORIENTED_EDGE('',*,*,#2008,.T.);
#2340 = ORIENTED_EDGE('',*,*,#2341,.F.);
#2341 = EDGE_CURVE('',#2116,#2009,#2342,.T.);
#2342 = SURFACE_CURVE('',#2343,(#2348,#2358),.PCURVE_S1.);
#2343 = ELLIPSE('',#2344,4.956221582526,3.67188);
#2344 = AXIS2_PLACEMENT_3D('',#2345,#2346,#2347);
#2345 = CARTESIAN_POINT('',(0.,0.,8.690603174603));
#2346 = DIRECTION('',(-0.639729113257,-0.204619238431,0.740862759838));
#2347 = DIRECTION('',(-0.705645698282,-0.225702852024,-0.671656438281));
#2348 = PCURVE('',#527,#2349);
#2349 = DEFINITIONAL_REPRESENTATION('',(#2350),#2357);
#2350 = B_SPLINE_CURVE_WITH_KNOTS('',5,(#2351,#2352,#2353,#2354,#2355,
    #2356),.UNSPECIFIED.,.F.,.F.,(6,6),(2.349938652597,2.411053451751),
  .PIECEWISE_BEZIER_KNOTS.);
#2351 = CARTESIAN_POINT('',(-5.801100846248,-0.179704071285));
#2352 = CARTESIAN_POINT('',(-5.813323806079,-0.20865478223));
#2353 = CARTESIAN_POINT('',(-5.825546765909,-0.237168663902));
#2354 = CARTESIAN_POINT('',(-5.83776972574,-0.265236705323));
#2355 = CARTESIAN_POINT('',(-5.849992685571,-0.292850167552));
#2356 = CARTESIAN_POINT('',(-5.862215645401,-0.3200006));
#2357 = ( GEOMETRIC_REPRESENTATION_CONTEXT(2) 
PARAMETRIC_REPRESENTATION_CONTEXT() REPRESENTATION_CONTEXT('2D SPACE',''
  ) );
#2358 = PCURVE('',#2045,#2359);
#2359 = DEFINITIONAL_REPRESENTATION('',(#2360),#2364);
#2360 = ELLIPSE('',#2361,4.956221582526,3.67188);
#2361 = AXIS2_PLACEMENT_2D('',#2362,#2363);
#2362 = CARTESIAN_POINT('',(-4.089913440349,1.379181204637));
#2363 = DIRECTION('',(-0.973052997288,-0.230581578774));
#2364 = ( GEOMETRIC_REPRESENTATION_CONTEXT(2) 
PARAMETRIC_REPRESENTATION_CONTEXT() REPRESENTATION_CONTEXT('2D SPACE',''
  ) );
#2365 = ADVANCED_FACE('',(#2366),#748,.T.);
#2366 = FACE_BOUND('',#2367,.T.);
#2367 = EDGE_LOOP('',(#2368,#2393,#2415,#2416,#2417,#2459,#2460,#2482,
    #2483));
#2368 = ORIENTED_EDGE('',*,*,#2369,.T.);
#2369 = EDGE_CURVE('',#2370,#2372,#2374,.T.);
#2370 = VERTEX_POINT('',#2371);
#2371 = CARTESIAN_POINT('',(6.31788835356,-0.48,8.274494070375));
#2372 = VERTEX_POINT('',#2373);
#2373 = CARTESIAN_POINT('',(3.507063109685,-1.35,11.346067193125));
#2374 = SEAM_CURVE('',#2375,(#2379,#2386),.PCURVE_S1.);
#2375 = LINE('',#2376,#2377);
#2376 = CARTESIAN_POINT('',(6.31788835356,-0.48,8.274494070375));
#2377 = VECTOR('',#2378,1.);
#2378 = DIRECTION('',(-0.660827572466,-0.204537791632,0.72212963605));
#2379 = PCURVE('',#748,#2380);
#2380 = DEFINITIONAL_REPRESENTATION('',(#2381),#2385);
#2381 = LINE('',#2382,#2383);
#2382 = CARTESIAN_POINT('',(-6.28318530718,0.));
#2383 = VECTOR('',#2384,1.);
#2384 = DIRECTION('',(-0.,-1.));
#2385 = ( GEOMETRIC_REPRESENTATION_CONTEXT(2) 
PARAMETRIC_REPRESENTATION_CONTEXT() REPRESENTATION_CONTEXT('2D SPACE',''
  ) );
#2386 = PCURVE('',#748,#2387);
#2387 = DEFINITIONAL_REPRESENTATION('',(#2388),#2392);
#2388 = LINE('',#2389,#2390);
#2389 = CARTESIAN_POINT('',(0.,-0.));
#2390 = VECTOR('',#2391,1.);
#2391 = DIRECTION('',(-0.,-1.));
#2392 = ( GEOMETRIC_REPRESENTATION_CONTEXT(2) 
PARAMETRIC_REPRESENTATION_CONTEXT() REPRESENTATION_CONTEXT('2D SPACE',''
  ) );
#2393 = ORIENTED_EDGE('',*,*,#2394,.F.);
#2394 = EDGE_CURVE('',#2116,#2372,#2395,.T.);
#2395 = SURFACE_CURVE('',#2396,(#2401,#2408),.PCURVE_S1.);
#2396 = CIRCLE('',#2397,0.3);
#2397 = AXIS2_PLACEMENT_3D('',#2398,#2399,#2400);
#2398 = CARTESIAN_POINT('',(3.28,-1.35,11.15));
#2399 = DIRECTION('',(-0.639729113257,-0.204619238431,0.740862759838));
#2400 = DIRECTION('',(0.756877032285,0.,0.653557310417));
#2401 = PCURVE('',#748,#2402);
#2402 = DEFINITIONAL_REPRESENTATION('',(#2403),#2407);
#2403 = LINE('',#2404,#2405);
#2404 = CARTESIAN_POINT('',(-0.,-4.251799618985));
#2405 = VECTOR('',#2406,1.);
#2406 = DIRECTION('',(-1.,-0.));
#2407 = ( GEOMETRIC_REPRESENTATION_CONTEXT(2) 
PARAMETRIC_REPRESENTATION_CONTEXT() REPRESENTATION_CONTEXT('2D SPACE',''
  ) );
#2408 = PCURVE('',#2045,#2409);
#2409 = DEFINITIONAL_REPRESENTATION('',(#2410),#2414);
#2410 = CIRCLE('',#2411,0.3);
#2411 = AXIS2_PLACEMENT_2D('',#2412,#2413);
#2412 = CARTESIAN_POINT('',(0.,0.));
#2413 = DIRECTION('',(1.,0.));
#2414 = ( GEOMETRIC_REPRESENTATION_CONTEXT(2) 
PARAMETRIC_REPRESENTATION_CONTEXT() REPRESENTATION_CONTEXT('2D SPACE',''
  ) );
#2415 = ORIENTED_EDGE('',*,*,#2115,.F.);
#2416 = ORIENTED_EDGE('',*,*,#729,.F.);
#2417 = ORIENTED_EDGE('',*,*,#2418,.F.);
#2418 = EDGE_CURVE('',#1129,#730,#2419,.T.);
#2419 = SURFACE_CURVE('',#2420,(#2431,#2445),.PCURVE_S1.);
#2420 = B_SPLINE_CURVE_WITH_KNOTS('',5,(#2421,#2422,#2423,#2424,#2425,
    #2426,#2427,#2428,#2429,#2430),.UNSPECIFIED.,.F.,.F.,(6,4,6),(0.,
    0.437487353593,1.),.UNSPECIFIED.);
#2421 = CARTESIAN_POINT('',(3.510796059894,-1.075645741046,11.1700006));
#2422 = CARTESIAN_POINT('',(3.515760892443,-1.059441042897,
    11.144102774307));
#2423 = CARTESIAN_POINT('',(3.520339465294,-1.044163248068,
    11.117511532302));
#2424 = CARTESIAN_POINT('',(3.524538234115,-1.029870064092,
    11.090332664027));
#2425 = CARTESIAN_POINT('',(3.528364140817,-1.016616421954,
    11.062664949246));
#2426 = CARTESIAN_POINT('',(3.536266658476,-0.988830074991,
    10.998531619261));
#2427 = CARTESIAN_POINT('',(3.540102238226,-0.975015081025,
    10.961813308862));
#2428 = CARTESIAN_POINT('',(3.543337252552,-0.963137610441,
    10.924661374857));
#2429 = CARTESIAN_POINT('',(3.545972036541,-0.953334284077,
    10.887298384035));
#2430 = CARTESIAN_POINT('',(3.547987146927,-0.945774782726,10.8499994));
#2431 = PCURVE('',#748,#2432);
#2432 = DEFINITIONAL_REPRESENTATION('',(#2433),#2444);
#2433 = B_SPLINE_CURVE_WITH_KNOTS('',5,(#2434,#2435,#2436,#2437,#2438,
    #2439,#2440,#2441,#2442,#2443),.UNSPECIFIED.,.F.,.F.,(6,4,6),(0.,
    0.437487353593,1.),.UNSPECIFIED.);
#2434 = CARTESIAN_POINT('',(-0.908510868044,-4.062832200432));
#2435 = CARTESIAN_POINT('',(-0.965049880965,-4.037153524898));
#2436 = CARTESIAN_POINT('',(-1.021239416665,-4.011397886865));
#2437 = CARTESIAN_POINT('',(-1.077184546363,-3.985651340432));
#2438 = CARTESIAN_POINT('',(-1.132987112974,-3.959993866838));
#2439 = CARTESIAN_POINT('',(-1.260468424615,-3.901738779219));
#2440 = CARTESIAN_POINT('',(-1.332122788635,-3.869255004863));
#2441 = CARTESIAN_POINT('',(-1.403963702419,-3.837230628671));
#2442 = CARTESIAN_POINT('',(-1.476228234006,-3.805858282975));
#2443 = CARTESIAN_POINT('',(-1.549209645914,-3.775388910534));
#2444 = ( GEOMETRIC_REPRESENTATION_CONTEXT(2) 
PARAMETRIC_REPRESENTATION_CONTEXT() REPRESENTATION_CONTEXT('2D SPACE',''
  ) );
#2445 = PCURVE('',#794,#2446);
#2446 = DEFINITIONAL_REPRESENTATION('',(#2447),#2458);
#2447 = B_SPLINE_CURVE_WITH_KNOTS('',5,(#2448,#2449,#2450,#2451,#2452,
    #2453,#2454,#2455,#2456,#2457),.UNSPECIFIED.,.F.,.F.,(6,4,6),(
    2.02713830085E-06,0.437487353593,0.999998190259),.UNSPECIFIED.);
#2448 = CARTESIAN_POINT('',(-5.985883640472,-0.32));
#2449 = CARTESIAN_POINT('',(-5.990499290335,-0.294102281455));
#2450 = CARTESIAN_POINT('',(-5.994842767987,-0.267511154494));
#2451 = CARTESIAN_POINT('',(-5.998899767513,-0.240332407625));
#2452 = CARTESIAN_POINT('',(-6.002656596975,-0.212664819239));
#2453 = CARTESIAN_POINT('',(-6.010523993783,-0.148531735326));
#2454 = CARTESIAN_POINT('',(-6.014428598994,-0.111813545126));
#2455 = CARTESIAN_POINT('',(-6.017781108407,-7.466173343796E-02));
#2456 = CARTESIAN_POINT('',(-6.020545683465,-3.729886485886E-02));
#2457 = CARTESIAN_POINT('',(-6.022676329846,-1.630650920028E-16));
#2458 = ( GEOMETRIC_REPRESENTATION_CONTEXT(2) 
PARAMETRIC_REPRESENTATION_CONTEXT() REPRESENTATION_CONTEXT('2D SPACE',''
  ) );
#2459 = ORIENTED_EDGE('',*,*,#1128,.T.);
#2460 = ORIENTED_EDGE('',*,*,#2461,.F.);
#2461 = EDGE_CURVE('',#2372,#1131,#2462,.T.);
#2462 = SURFACE_CURVE('',#2463,(#2468,#2475),.PCURVE_S1.);
#2463 = CIRCLE('',#2464,0.3);
#2464 = AXIS2_PLACEMENT_3D('',#2465,#2466,#2467);
#2465 = CARTESIAN_POINT('',(3.28,-1.35,11.15));
#2466 = DIRECTION('',(-0.639729113257,-0.204619238431,0.740862759838));
#2467 = DIRECTION('',(0.756877032285,0.,0.653557310417));
#2468 = PCURVE('',#748,#2469);
#2469 = DEFINITIONAL_REPRESENTATION('',(#2470),#2474);
#2470 = LINE('',#2471,#2472);
#2471 = CARTESIAN_POINT('',(-0.,-4.251799618985));
#2472 = VECTOR('',#2473,1.);
#2473 = DIRECTION('',(-1.,-0.));
#2474 = ( GEOMETRIC_REPRESENTATION_CONTEXT(2) 
PARAMETRIC_REPRESENTATION_CONTEXT() REPRESENTATION_CONTEXT('2D SPACE',''
  ) );
#2475 = PCURVE('',#2045,#2476);
#2476 = DEFINITIONAL_REPRESENTATION('',(#2477),#2481);
#2477 = CIRCLE('',#2478,0.3);
#2478 = AXIS2_PLACEMENT_2D('',#2479,#2480);
#2479 = CARTESIAN_POINT('',(0.,0.));
#2480 = DIRECTION('',(1.,0.));
#2481 = ( GEOMETRIC_REPRESENTATION_CONTEXT(2) 
PARAMETRIC_REPRESENTATION_CONTEXT() REPRESENTATION_CONTEXT('2D SPACE',''
  ) );
#2482 = ORIENTED_EDGE('',*,*,#2369,.F.);
#2483 = ORIENTED_EDGE('',*,*,#2484,.T.);
#2484 = EDGE_CURVE('',#2370,#2370,#2485,.T.);
#2485 = SURFACE_CURVE('',#2486,(#2491,#2498),.PCURVE_S1.);
#2486 = CIRCLE('',#2487,0.42);
#2487 = AXIS2_PLACEMENT_3D('',#2488,#2489,#2490);
#2488 = CARTESIAN_POINT('',(6.,-0.48,8.));
#2489 = DIRECTION('',(-0.639729113257,-0.204619238431,0.740862759838));
#2490 = DIRECTION('',(0.756877032285,0.,0.653557310417));
#2491 = PCURVE('',#748,#2492);
#2492 = DEFINITIONAL_REPRESENTATION('',(#2493),#2497);
#2493 = LINE('',#2494,#2495);
#2494 = CARTESIAN_POINT('',(-0.,-0.));
#2495 = VECTOR('',#2496,1.);
#2496 = DIRECTION('',(-1.,-0.));
#2497 = ( GEOMETRIC_REPRESENTATION_CONTEXT(2) 
PARAMETRIC_REPRESENTATION_CONTEXT() REPRESENTATION_CONTEXT('2D SPACE',''
  ) );
#2498 = PCURVE('',#2499,#2504);
#2499 = PLANE('',#2500);
#2500 = AXIS2_PLACEMENT_3D('',#2501,#2502,#2503);
#2501 = CARTESIAN_POINT('',(6.,-0.48,8.));
#2502 = DIRECTION('',(-0.639729113257,-0.204619238431,0.740862759838));
#2503 = DIRECTION('',(0.756877032285,0.,0.653557310417));
#2504 = DEFINITIONAL_REPRESENTATION('',(#2505),#2509);
#2505 = CIRCLE('',#2506,0.42);
#2506 = AXIS2_PLACEMENT_2D('',#2507,#2508);
#2507 = CARTESIAN_POINT('',(0.,0.));
#2508 = DIRECTION('',(1.,0.));
#2509 = ( GEOMETRIC_REPRESENTATION_CONTEXT(2) 
PARAMETRIC_REPRESENTATION_CONTEXT() REPRESENTATION_CONTEXT('2D SPACE',''
  ) );
#2510 = ADVANCED_FACE('',(#2511),#794,.T.);
#2511 = FACE_BOUND('',#2512,.F.);
#2512 = EDGE_LOOP('',(#2513,#2514,#2556,#2557));
#2513 = ORIENTED_EDGE('',*,*,#1159,.T.);
#2514 = ORIENTED_EDGE('',*,*,#2515,.F.);
#2515 = EDGE_CURVE('',#774,#1160,#2516,.T.);
#2516 = SURFACE_CURVE('',#2517,(#2528,#2542),.PCURVE_S1.);
#2517 = B_SPLINE_CURVE_WITH_KNOTS('',5,(#2518,#2519,#2520,#2521,#2522,
    #2523,#2524,#2525,#2526,#2527),.UNSPECIFIED.,.F.,.F.,(6,4,6),(0.,
    0.562556958106,1.),.UNSPECIFIED.);
#2518 = CARTESIAN_POINT('',(3.547987146927,0.945774782726,10.8499994));
#2519 = CARTESIAN_POINT('',(3.545971877602,0.953334880324,
    10.887301325951));
#2520 = CARTESIAN_POINT('',(3.543336837126,0.963139156137,
    10.924667265111));
#2521 = CARTESIAN_POINT('',(3.540101473368,0.975017889191,
    10.961822092295));
#2522 = CARTESIAN_POINT('',(3.536265449465,0.988834429599,
    10.998543192793));
#2523 = CARTESIAN_POINT('',(3.528362590425,1.016621792785,
    11.062676161005));
#2524 = CARTESIAN_POINT('',(3.524536958004,1.029874408133,11.09034092426
    ));
#2525 = CARTESIAN_POINT('',(3.520338537607,1.044166343577,
    11.117516920064));
#2526 = CARTESIAN_POINT('',(3.51576038946,1.059442684582,11.144105397993
    ));
#2527 = CARTESIAN_POINT('',(3.510796059894,1.075645741046,11.1700006));
#2528 = PCURVE('',#794,#2529);
#2529 = DEFINITIONAL_REPRESENTATION('',(#2530),#2541);
#2530 = B_SPLINE_CURVE_WITH_KNOTS('',5,(#2531,#2532,#2533,#2534,#2535,
    #2536,#2537,#2538,#2539,#2540),.UNSPECIFIED.,.F.,.F.,(6,4,6),(
    1.809741315845E-06,0.562556958106,0.999997972862),.UNSPECIFIED.);
#2531 = CARTESIAN_POINT('',(-6.543694284513,-1.211940643692E-15));
#2532 = CARTESIAN_POINT('',(-6.545825098947,-3.730180677462E-02));
#2533 = CARTESIAN_POINT('',(-6.548589941846,-7.466762369097E-02));
#2534 = CARTESIAN_POINT('',(-6.551942807995,-0.111822328558));
#2535 = CARTESIAN_POINT('',(-6.555847851346,-0.148543308857));
#2536 = CARTESIAN_POINT('',(-6.563715539788,-0.212676030998));
#2537 = CARTESIAN_POINT('',(-6.567472079872,-0.24034066786));
#2538 = CARTESIAN_POINT('',(-6.57152872643,-0.267516542258));
#2539 = CARTESIAN_POINT('',(-6.575871791634,-0.294104905143));
#2540 = CARTESIAN_POINT('',(-6.580486973887,-0.32));
#2541 = ( GEOMETRIC_REPRESENTATION_CONTEXT(2) 
PARAMETRIC_REPRESENTATION_CONTEXT() REPRESENTATION_CONTEXT('2D SPACE',''
  ) );
#2542 = PCURVE('',#823,#2543);
#2543 = DEFINITIONAL_REPRESENTATION('',(#2544),#2555);
#2544 = B_SPLINE_CURVE_WITH_KNOTS('',5,(#2545,#2546,#2547,#2548,#2549,
    #2550,#2551,#2552,#2553,#2554),.UNSPECIFIED.,.F.,.F.,(6,4,6),(0.,
    0.562556958106,1.),.UNSPECIFIED.);
#2545 = CARTESIAN_POINT('',(-4.733975661265,-3.775388910534));
#2546 = CARTESIAN_POINT('',(-4.806962829501,-3.805860686213));
#2547 = CARTESIAN_POINT('',(-4.879232997254,-3.83723557458));
#2548 = CARTESIAN_POINT('',(-4.951079503006,-3.869262576088));
#2549 = CARTESIAN_POINT('',(-5.022739468016,-3.901749018094));
#2550 = CARTESIAN_POINT('',(-5.150220807079,-3.960004264019));
#2551 = CARTESIAN_POINT('',(-5.20601776378,-3.985659165371));
#2552 = CARTESIAN_POINT('',(-5.261957275321,-4.011403105327));
#2553 = CARTESIAN_POINT('',(-5.318141154135,-4.037156126382));
#2554 = CARTESIAN_POINT('',(-5.374674439135,-4.062832200432));
#2555 = ( GEOMETRIC_REPRESENTATION_CONTEXT(2) 
PARAMETRIC_REPRESENTATION_CONTEXT() REPRESENTATION_CONTEXT('2D SPACE',''
  ) );
#2556 = ORIENTED_EDGE('',*,*,#773,.T.);
#2557 = ORIENTED_EDGE('',*,*,#2418,.F.);
#2558 = ADVANCED_FACE('',(#2559),#823,.T.);
#2559 = FACE_BOUND('',#2560,.T.);
#2560 = EDGE_LOOP('',(#2561,#2586,#2608,#2609,#2610,#2611,#2643,#2665,
    #2666));
#2561 = ORIENTED_EDGE('',*,*,#2562,.T.);
#2562 = EDGE_CURVE('',#2563,#2565,#2567,.T.);
#2563 = VERTEX_POINT('',#2564);
#2564 = CARTESIAN_POINT('',(6.31788835356,0.48,8.274494070375));
#2565 = VERTEX_POINT('',#2566);
#2566 = CARTESIAN_POINT('',(3.507063109685,1.35,11.346067193125));
#2567 = SEAM_CURVE('',#2568,(#2572,#2579),.PCURVE_S1.);
#2568 = LINE('',#2569,#2570);
#2569 = CARTESIAN_POINT('',(6.31788835356,0.48,8.274494070375));
#2570 = VECTOR('',#2571,1.);
#2571 = DIRECTION('',(-0.660827572466,0.204537791632,0.72212963605));
#2572 = PCURVE('',#823,#2573);
#2573 = DEFINITIONAL_REPRESENTATION('',(#2574),#2578);
#2574 = LINE('',#2575,#2576);
#2575 = CARTESIAN_POINT('',(-6.28318530718,0.));
#2576 = VECTOR('',#2577,1.);
#2577 = DIRECTION('',(-0.,-1.));
#2578 = ( GEOMETRIC_REPRESENTATION_CONTEXT(2) 
PARAMETRIC_REPRESENTATION_CONTEXT() REPRESENTATION_CONTEXT('2D SPACE',''
  ) );
#2579 = PCURVE('',#823,#2580);
#2580 = DEFINITIONAL_REPRESENTATION('',(#2581),#2585);
#2581 = LINE('',#2582,#2583);
#2582 = CARTESIAN_POINT('',(0.,-0.));
#2583 = VECTOR('',#2584,1.);
#2584 = DIRECTION('',(-0.,-1.));
#2585 = ( GEOMETRIC_REPRESENTATION_CONTEXT(2) 
PARAMETRIC_REPRESENTATION_CONTEXT() REPRESENTATION_CONTEXT('2D SPACE',''
  ) );
#2586 = ORIENTED_EDGE('',*,*,#2587,.F.);
#2587 = EDGE_CURVE('',#1184,#2565,#2588,.T.);
#2588 = SURFACE_CURVE('',#2589,(#2594,#2601),.PCURVE_S1.);
#2589 = CIRCLE('',#2590,0.3);
#2590 = AXIS2_PLACEMENT_3D('',#2591,#2592,#2593);
#2591 = CARTESIAN_POINT('',(3.28,1.35,11.15));
#2592 = DIRECTION('',(-0.639729113257,0.204619238431,0.740862759838));
#2593 = DIRECTION('',(0.756877032285,0.,0.653557310417));
#2594 = PCURVE('',#823,#2595);
#2595 = DEFINITIONAL_REPRESENTATION('',(#2596),#2600);
#2596 = LINE('',#2597,#2598);
#2597 = CARTESIAN_POINT('',(-0.,-4.251799618985));
#2598 = VECTOR('',#2599,1.);
#2599 = DIRECTION('',(-1.,-0.));
#2600 = ( GEOMETRIC_REPRESENTATION_CONTEXT(2) 
PARAMETRIC_REPRESENTATION_CONTEXT() REPRESENTATION_CONTEXT('2D SPACE',''
  ) );
#2601 = PCURVE('',#1227,#2602);
#2602 = DEFINITIONAL_REPRESENTATION('',(#2603),#2607);
#2603 = CIRCLE('',#2604,0.3);
#2604 = AXIS2_PLACEMENT_2D('',#2605,#2606);
#2605 = CARTESIAN_POINT('',(0.,0.));
#2606 = DIRECTION('',(1.,0.));
#2607 = ( GEOMETRIC_REPRESENTATION_CONTEXT(2) 
PARAMETRIC_REPRESENTATION_CONTEXT() REPRESENTATION_CONTEXT('2D SPACE',''
  ) );
#2608 = ORIENTED_EDGE('',*,*,#1183,.T.);
#2609 = ORIENTED_EDGE('',*,*,#2515,.F.);
#2610 = ORIENTED_EDGE('',*,*,#806,.F.);
#2611 = ORIENTED_EDGE('',*,*,#2612,.F.);
#2612 = EDGE_CURVE('',#2613,#807,#2615,.T.);
#2613 = VERTEX_POINT('',#2614);
#2614 = CARTESIAN_POINT('',(3.285163448284,1.64024505866,11.07429567565)
  );
#2615 = SURFACE_CURVE('',#2616,(#2623,#2633),.PCURVE_S1.);
#2616 = B_SPLINE_CURVE_WITH_KNOTS('',5,(#2617,#2618,#2619,#2620,#2621,
    #2622),.UNSPECIFIED.,.F.,.F.,(6,6),(0.,1.),
  .PIECEWISE_BEZIER_KNOTS.);
#2617 = CARTESIAN_POINT('',(3.285163448284,1.64024505866,11.07429567565)
  );
#2618 = CARTESIAN_POINT('',(3.290475864232,1.629605090807,
    11.029532426112));
#2619 = CARTESIAN_POINT('',(3.297167098859,1.616096011288,
    10.984278884148));
#2620 = CARTESIAN_POINT('',(3.305025942096,1.600023940451,
    10.939019159802));
#2621 = CARTESIAN_POINT('',(3.313879870249,1.581589344192,10.89413282531
    ));
#2622 = CARTESIAN_POINT('',(3.323591429749,1.560910869492,10.8499994));
#2623 = PCURVE('',#823,#2624);
#2624 = DEFINITIONAL_REPRESENTATION('',(#2625),#2632);
#2625 = B_SPLINE_CURVE_WITH_KNOTS('',5,(#2626,#2627,#2628,#2629,#2630,
    #2631),.UNSPECIFIED.,.F.,.F.,(6,6),(0.,1.),
  .PIECEWISE_BEZIER_KNOTS.);
#2626 = CARTESIAN_POINT('',(-1.72328331586,-4.251799618985));
#2627 = CARTESIAN_POINT('',(-1.807825740405,-4.21306054513));
#2628 = CARTESIAN_POINT('',(-1.89050560219,-4.172489085981));
#2629 = CARTESIAN_POINT('',(-1.971926381187,-4.130641655982));
#2630 = CARTESIAN_POINT('',(-2.052612262137,-4.087950853678));
#2631 = CARTESIAN_POINT('',(-2.133172299171,-4.044810061309));
#2632 = ( GEOMETRIC_REPRESENTATION_CONTEXT(2) 
PARAMETRIC_REPRESENTATION_CONTEXT() REPRESENTATION_CONTEXT('2D SPACE',''
  ) );
#2633 = PCURVE('',#872,#2634);
#2634 = DEFINITIONAL_REPRESENTATION('',(#2635),#2642);
#2635 = B_SPLINE_CURVE_WITH_KNOTS('',5,(#2636,#2637,#2638,#2639,#2640,
    #2641),.UNSPECIFIED.,.F.,.F.,(6,6),(0.,1.),
  .PIECEWISE_BEZIER_KNOTS.);
#2636 = CARTESIAN_POINT('',(-0.463078424481,-0.22429567565));
#2637 = CARTESIAN_POINT('',(-0.459839630423,-0.179532426112));
#2638 = CARTESIAN_POINT('',(-0.455734014306,-0.134278884148));
#2639 = CARTESIAN_POINT('',(-0.450861790269,-8.901915980224E-02));
#2640 = CARTESIAN_POINT('',(-0.445292487727,-4.413282531023E-02));
#2641 = CARTESIAN_POINT('',(-0.439070761881,5.999999999895E-07));
#2642 = ( GEOMETRIC_REPRESENTATION_CONTEXT(2) 
PARAMETRIC_REPRESENTATION_CONTEXT() REPRESENTATION_CONTEXT('2D SPACE',''
  ) );
#2643 = ORIENTED_EDGE('',*,*,#2644,.F.);
#2644 = EDGE_CURVE('',#2565,#2613,#2645,.T.);
#2645 = SURFACE_CURVE('',#2646,(#2651,#2658),.PCURVE_S1.);
#2646 = CIRCLE('',#2647,0.3);
#2647 = AXIS2_PLACEMENT_3D('',#2648,#2649,#2650);
#2648 = CARTESIAN_POINT('',(3.28,1.35,11.15));
#2649 = DIRECTION('',(-0.639729113257,0.204619238431,0.740862759838));
#2650 = DIRECTION('',(0.756877032285,0.,0.653557310417));
#2651 = PCURVE('',#823,#2652);
#2652 = DEFINITIONAL_REPRESENTATION('',(#2653),#2657);
#2653 = LINE('',#2654,#2655);
#2654 = CARTESIAN_POINT('',(-0.,-4.251799618985));
#2655 = VECTOR('',#2656,1.);
#2656 = DIRECTION('',(-1.,-0.));
#2657 = ( GEOMETRIC_REPRESENTATION_CONTEXT(2) 
PARAMETRIC_REPRESENTATION_CONTEXT() REPRESENTATION_CONTEXT('2D SPACE',''
  ) );
#2658 = PCURVE('',#1227,#2659);
#2659 = DEFINITIONAL_REPRESENTATION('',(#2660),#2664);
#2660 = CIRCLE('',#2661,0.3);
#2661 = AXIS2_PLACEMENT_2D('',#2662,#2663);
#2662 = CARTESIAN_POINT('',(0.,0.));
#2663 = DIRECTION('',(1.,0.));
#2664 = ( GEOMETRIC_REPRESENTATION_CONTEXT(2) 
PARAMETRIC_REPRESENTATION_CONTEXT() REPRESENTATION_CONTEXT('2D SPACE',''
  ) );
#2665 = ORIENTED_EDGE('',*,*,#2562,.F.);
#2666 = ORIENTED_EDGE('',*,*,#2667,.T.);
#2667 = EDGE_CURVE('',#2563,#2563,#2668,.T.);
#2668 = SURFACE_CURVE('',#2669,(#2674,#2681),.PCURVE_S1.);
#2669 = CIRCLE('',#2670,0.42);
#2670 = AXIS2_PLACEMENT_3D('',#2671,#2672,#2673);
#2671 = CARTESIAN_POINT('',(6.,0.48,8.));
#2672 = DIRECTION('',(-0.639729113257,0.204619238431,0.740862759838));
#2673 = DIRECTION('',(0.756877032285,0.,0.653557310417));
#2674 = PCURVE('',#823,#2675);
#2675 = DEFINITIONAL_REPRESENTATION('',(#2676),#2680);
#2676 = LINE('',#2677,#2678);
#2677 = CARTESIAN_POINT('',(-0.,-0.));
#2678 = VECTOR('',#2679,1.);
#2679 = DIRECTION('',(-1.,-0.));
#2680 = ( GEOMETRIC_REPRESENTATION_CONTEXT(2) 
PARAMETRIC_REPRESENTATION_CONTEXT() REPRESENTATION_CONTEXT('2D SPACE',''
  ) );
#2681 = PCURVE('',#2682,#2687);
#2682 = PLANE('',#2683);
#2683 = AXIS2_PLACEMENT_3D('',#2684,#2685,#2686);
#2684 = CARTESIAN_POINT('',(6.,0.48,8.));
#2685 = DIRECTION('',(-0.639729113257,0.204619238431,0.740862759838));
#2686 = DIRECTION('',(0.756877032285,0.,0.653557310417));
#2687 = DEFINITIONAL_REPRESENTATION('',(#2688),#2692);
#2688 = CIRCLE('',#2689,0.42);
#2689 = AXIS2_PLACEMENT_2D('',#2690,#2691);
#2690 = CARTESIAN_POINT('',(0.,0.));
#2691 = DIRECTION('',(1.,0.));
#2692 = ( GEOMETRIC_REPRESENTATION_CONTEXT(2) 
PARAMETRIC_REPRESENTATION_CONTEXT() REPRESENTATION_CONTEXT('2D SPACE',''
  ) );
#2693 = ADVANCED_FACE('',(#2694),#872,.T.);
#2694 = FACE_BOUND('',#2695,.F.);
#2695 = EDGE_LOOP('',(#2696,#2697,#2698,#2723,#2724,#2756,#2788,#2818,
    #2819,#2851,#2883,#2913,#2914,#2941));
#2696 = ORIENTED_EDGE('',*,*,#855,.F.);
#2697 = ORIENTED_EDGE('',*,*,#2612,.F.);
#2698 = ORIENTED_EDGE('',*,*,#2699,.F.);
#2699 = EDGE_CURVE('',#1213,#2613,#2700,.T.);
#2700 = SURFACE_CURVE('',#2701,(#2706,#2716),.PCURVE_S1.);
#2701 = ELLIPSE('',#2702,4.956221582526,3.67188);
#2702 = AXIS2_PLACEMENT_3D('',#2703,#2704,#2705);
#2703 = CARTESIAN_POINT('',(0.,0.,8.690603174603));
#2704 = DIRECTION('',(-0.639729113257,0.204619238431,0.740862759838));
#2705 = DIRECTION('',(-0.705645698282,0.225702852024,-0.671656438281));
#2706 = PCURVE('',#872,#2707);
#2707 = DEFINITIONAL_REPRESENTATION('',(#2708),#2715);
#2708 = B_SPLINE_CURVE_WITH_KNOTS('',5,(#2709,#2710,#2711,#2712,#2713,
    #2714),.UNSPECIFIED.,.F.,.F.,(6,6),(3.872131855429,3.933246654582),
  .PIECEWISE_BEZIER_KNOTS.);
#2709 = CARTESIAN_POINT('',(-0.420969661778,-0.3200006));
#2710 = CARTESIAN_POINT('',(-0.433192621609,-0.292850167552));
#2711 = CARTESIAN_POINT('',(-0.44541558144,-0.265236705323));
#2712 = CARTESIAN_POINT('',(-0.45763854127,-0.237168663902));
#2713 = CARTESIAN_POINT('',(-0.469861501101,-0.20865478223));
#2714 = CARTESIAN_POINT('',(-0.482084460932,-0.179704071285));
#2715 = ( GEOMETRIC_REPRESENTATION_CONTEXT(2) 
PARAMETRIC_REPRESENTATION_CONTEXT() REPRESENTATION_CONTEXT('2D SPACE',''
  ) );
#2716 = PCURVE('',#1227,#2717);
#2717 = DEFINITIONAL_REPRESENTATION('',(#2718),#2722);
#2718 = ELLIPSE('',#2719,4.956221582526,3.67188);
#2719 = AXIS2_PLACEMENT_2D('',#2720,#2721);
#2720 = CARTESIAN_POINT('',(-4.089913440349,-1.379181204637));
#2721 = DIRECTION('',(-0.973052997288,0.230581578774));
#2722 = ( GEOMETRIC_REPRESENTATION_CONTEXT(2) 
PARAMETRIC_REPRESENTATION_CONTEXT() REPRESENTATION_CONTEXT('2D SPACE',''
  ) );
#2723 = ORIENTED_EDGE('',*,*,#1238,.T.);
#2724 = ORIENTED_EDGE('',*,*,#2725,.F.);
#2725 = EDGE_CURVE('',#2726,#1239,#2728,.T.);
#2726 = VERTEX_POINT('',#2727);
#2727 = CARTESIAN_POINT('',(2.794552647504,2.381843453028,
    10.962612755697));
#2728 = SURFACE_CURVE('',#2729,(#2736,#2746),.PCURVE_S1.);
#2729 = B_SPLINE_CURVE_WITH_KNOTS('',5,(#2730,#2731,#2732,#2733,#2734,
    #2735),.UNSPECIFIED.,.F.,.F.,(6,6),(0.,1.),
  .PIECEWISE_BEZIER_KNOTS.);
#2730 = CARTESIAN_POINT('',(2.794552647504,2.381843453028,
    10.962612755697));
#2731 = CARTESIAN_POINT('',(2.792563919142,2.384176774346,
    11.004359359703));
#2732 = CARTESIAN_POINT('',(2.790383018843,2.386730634158,
    11.045989819741));
#2733 = CARTESIAN_POINT('',(2.787999932004,2.38951489237,11.087488251286
    ));
#2734 = CARTESIAN_POINT('',(2.785402432892,2.39254149557,11.12883423273)
  );
#2735 = CARTESIAN_POINT('',(2.782574344075,2.395826110989,11.1700006));
#2736 = PCURVE('',#872,#2737);
#2737 = DEFINITIONAL_REPRESENTATION('',(#2738),#2745);
#2738 = B_SPLINE_CURVE_WITH_KNOTS('',5,(#2739,#2740,#2741,#2742,#2743,
    #2744),.UNSPECIFIED.,.F.,.F.,(6,6),(0.,1.),
  .PIECEWISE_BEZIER_KNOTS.);
#2739 = CARTESIAN_POINT('',(-0.705837400643,-0.112612755697));
#2740 = CARTESIAN_POINT('',(-0.706672354073,-0.154359359703));
#2741 = CARTESIAN_POINT('',(-0.707586967331,-0.195989819741));
#2742 = CARTESIAN_POINT('',(-0.708585054515,-0.237488251286));
#2743 = CARTESIAN_POINT('',(-0.709671253997,-0.27883423273));
#2744 = CARTESIAN_POINT('',(-0.710851677236,-0.3200006));
#2745 = ( GEOMETRIC_REPRESENTATION_CONTEXT(2) 
PARAMETRIC_REPRESENTATION_CONTEXT() REPRESENTATION_CONTEXT('2D SPACE',''
  ) );
#2746 = PCURVE('',#1279,#2747);
#2747 = DEFINITIONAL_REPRESENTATION('',(#2748),#2755);
#2748 = B_SPLINE_CURVE_WITH_KNOTS('',5,(#2749,#2750,#2751,#2752,#2753,
    #2754),.UNSPECIFIED.,.F.,.F.,(6,6),(0.,1.),
  .PIECEWISE_BEZIER_KNOTS.);
#2749 = CARTESIAN_POINT('',(-5.723346120337,-8.684744731626E-14));
#2750 = CARTESIAN_POINT('',(-5.751036855909,-4.10099702061E-02));
#2751 = CARTESIAN_POINT('',(-5.7792168951,-8.190208475941E-02));
#2752 = CARTESIAN_POINT('',(-5.807939733566,-0.122660742448));
#2753 = CARTESIAN_POINT('',(-5.837266823078,-0.16326589619));
#2754 = CARTESIAN_POINT('',(-5.867276550363,-0.203690897912));
#2755 = ( GEOMETRIC_REPRESENTATION_CONTEXT(2) 
PARAMETRIC_REPRESENTATION_CONTEXT() REPRESENTATION_CONTEXT('2D SPACE',''
  ) );
#2756 = ORIENTED_EDGE('',*,*,#2757,.T.);
#2757 = EDGE_CURVE('',#2726,#2758,#2760,.T.);
#2758 = VERTEX_POINT('',#2759);
#2759 = CARTESIAN_POINT('',(2.381843453028,2.794552647504,
    10.962612755697));
#2760 = SURFACE_CURVE('',#2761,(#2766,#2776),.PCURVE_S1.);
#2761 = ELLIPSE('',#2762,3.733811604964,3.67188);
#2762 = AXIS2_PLACEMENT_3D('',#2763,#2764,#2765);
#2763 = CARTESIAN_POINT('',(0.,0.,10.287520691643));
#2764 = DIRECTION('',(-0.128254195209,-0.128254195209,0.983413302138));
#2765 = DIRECTION('',(-0.695378214651,-0.695378214651,-0.181378822296));
#2766 = PCURVE('',#872,#2767);
#2767 = DEFINITIONAL_REPRESENTATION('',(#2768),#2775);
#2768 = B_SPLINE_CURVE_WITH_KNOTS('',5,(#2769,#2770,#2771,#2772,#2773,
    #2774),.UNSPECIFIED.,.F.,.F.,(6,6),(3.01579090321,3.265266127211),
  .PIECEWISE_BEZIER_KNOTS.);
#2769 = CARTESIAN_POINT('',(-0.659596413018,-0.109403124493));
#2770 = CARTESIAN_POINT('',(-0.709491457818,-0.113642842237));
#2771 = CARTESIAN_POINT('',(-0.759386502618,-0.115791737782));
#2772 = CARTESIAN_POINT('',(-0.809281547418,-0.1158277893));
#2773 = CARTESIAN_POINT('',(-0.859176592219,-0.113750808847));
#2774 = CARTESIAN_POINT('',(-0.909071637019,-0.109582448158));
#2775 = ( GEOMETRIC_REPRESENTATION_CONTEXT(2) 
PARAMETRIC_REPRESENTATION_CONTEXT() REPRESENTATION_CONTEXT('2D SPACE',''
  ) );
#2776 = PCURVE('',#2777,#2782);
#2777 = PLANE('',#2778);
#2778 = AXIS2_PLACEMENT_3D('',#2779,#2780,#2781);
#2779 = CARTESIAN_POINT('',(2.539842705208,2.539842705208,10.95));
#2780 = DIRECTION('',(-0.128254195209,-0.128254195209,0.983413302138));
#2781 = DIRECTION('',(0.991602623083,0.,0.129322225065));
#2782 = DEFINITIONAL_REPRESENTATION('',(#2783),#2787);
#2783 = ELLIPSE('',#2784,3.733811604964,3.67188);
#2784 = AXIS2_PLACEMENT_2D('',#2785,#2786);
#2785 = CARTESIAN_POINT('',(-2.604187986918,-2.560993107604));
#2786 = DIRECTION('',(-0.712995174561,-0.701168939024));
#2787 = ( GEOMETRIC_REPRESENTATION_CONTEXT(2) 
PARAMETRIC_REPRESENTATION_CONTEXT() REPRESENTATION_CONTEXT('2D SPACE',''
  ) );
#2788 = ORIENTED_EDGE('',*,*,#2789,.F.);
#2789 = EDGE_CURVE('',#1345,#2758,#2790,.T.);
#2790 = SURFACE_CURVE('',#2791,(#2798,#2808),.PCURVE_S1.);
#2791 = B_SPLINE_CURVE_WITH_KNOTS('',5,(#2792,#2793,#2794,#2795,#2796,
    #2797),.UNSPECIFIED.,.F.,.F.,(6,6),(0.,1.),
  .PIECEWISE_BEZIER_KNOTS.);
#2792 = CARTESIAN_POINT('',(2.395826110989,2.782574344075,11.1700006));
#2793 = CARTESIAN_POINT('',(2.392541495539,2.785402432919,
    11.128834232346));
#2794 = CARTESIAN_POINT('',(2.389514892367,2.787999932006,
    11.087488251189));
#2795 = CARTESIAN_POINT('',(2.38673063415,2.790383018849,11.045989819676
    ));
#2796 = CARTESIAN_POINT('',(2.38417677433,2.792563919157,11.004359359403
    ));
#2797 = CARTESIAN_POINT('',(2.381843453028,2.794552647504,
    10.962612755697));
#2798 = PCURVE('',#872,#2799);
#2799 = DEFINITIONAL_REPRESENTATION('',(#2800),#2807);
#2800 = B_SPLINE_CURVE_WITH_KNOTS('',5,(#2801,#2802,#2803,#2804,#2805,
    #2806),.UNSPECIFIED.,.F.,.F.,(6,6),(0.,1.),
  .PIECEWISE_BEZIER_KNOTS.);
#2801 = CARTESIAN_POINT('',(-0.859944649559,-0.3200006));
#2802 = CARTESIAN_POINT('',(-0.861125072809,-0.278834232346));
#2803 = CARTESIAN_POINT('',(-0.862211272281,-0.237488251189));
#2804 = CARTESIAN_POINT('',(-0.863209359466,-0.195989819676));
#2805 = CARTESIAN_POINT('',(-0.864123972728,-0.154359359403));
#2806 = CARTESIAN_POINT('',(-0.864958926152,-0.112612755697));
#2807 = ( GEOMETRIC_REPRESENTATION_CONTEXT(2) 
PARAMETRIC_REPRESENTATION_CONTEXT() REPRESENTATION_CONTEXT('2D SPACE',''
  ) );
#2808 = PCURVE('',#1279,#2809);
#2809 = DEFINITIONAL_REPRESENTATION('',(#2810),#2817);
#2810 = B_SPLINE_CURVE_WITH_KNOTS('',5,(#2811,#2812,#2813,#2814,#2815,
    #2816),.UNSPECIFIED.,.F.,.F.,(6,6),(0.,1.),
  .PIECEWISE_BEZIER_KNOTS.);
#2811 = CARTESIAN_POINT('',(-1.969980065989,-0.203690897912));
#2812 = CARTESIAN_POINT('',(-1.999989793554,-0.163265895813));
#2813 = CARTESIAN_POINT('',(-2.029316882843,-0.122660742352));
#2814 = CARTESIAN_POINT('',(-2.058039721304,-8.190208469611E-02));
#2815 = CARTESIAN_POINT('',(-2.086219760642,-4.100996991133E-02));
#2816 = CARTESIAN_POINT('',(-2.113910496016,0.));
#2817 = ( GEOMETRIC_REPRESENTATION_CONTEXT(2) 
PARAMETRIC_REPRESENTATION_CONTEXT() REPRESENTATION_CONTEXT('2D SPACE',''
  ) );
#2818 = ORIENTED_EDGE('',*,*,#1381,.T.);
#2819 = ORIENTED_EDGE('',*,*,#2820,.F.);
#2820 = EDGE_CURVE('',#2821,#1382,#2823,.T.);
#2821 = VERTEX_POINT('',#2822);
#2822 = CARTESIAN_POINT('',(-2.381843453028,2.794552647504,
    10.962612755697));
#2823 = SURFACE_CURVE('',#2824,(#2831,#2841),.PCURVE_S1.);
#2824 = B_SPLINE_CURVE_WITH_KNOTS('',5,(#2825,#2826,#2827,#2828,#2829,
    #2830),.UNSPECIFIED.,.F.,.F.,(6,6),(0.,1.),
  .PIECEWISE_BEZIER_KNOTS.);
#2825 = CARTESIAN_POINT('',(-2.381843453028,2.794552647504,
    10.962612755697));
#2826 = CARTESIAN_POINT('',(-2.384176774346,2.792563919142,
    11.004359359703));
#2827 = CARTESIAN_POINT('',(-2.386730634158,2.790383018843,
    11.045989819741));
#2828 = CARTESIAN_POINT('',(-2.38951489237,2.787999932004,
    11.087488251286));
#2829 = CARTESIAN_POINT('',(-2.39254149557,2.785402432892,11.12883423273
    ));
#2830 = CARTESIAN_POINT('',(-2.395826110989,2.782574344075,11.1700006));
#2831 = PCURVE('',#872,#2832);
#2832 = DEFINITIONAL_REPRESENTATION('',(#2833),#2840);
#2833 = B_SPLINE_CURVE_WITH_KNOTS('',5,(#2834,#2835,#2836,#2837,#2838,
    #2839),.UNSPECIFIED.,.F.,.F.,(6,6),(0.,1.),
  .PIECEWISE_BEZIER_KNOTS.);
#2834 = CARTESIAN_POINT('',(-2.276633727438,-0.112612755697));
#2835 = CARTESIAN_POINT('',(-2.277468680868,-0.154359359703));
#2836 = CARTESIAN_POINT('',(-2.278383294126,-0.195989819741));
#2837 = CARTESIAN_POINT('',(-2.27938138131,-0.237488251286));
#2838 = CARTESIAN_POINT('',(-2.280467580792,-0.27883423273));
#2839 = CARTESIAN_POINT('',(-2.281648004031,-0.3200006));
#2840 = ( GEOMETRIC_REPRESENTATION_CONTEXT(2) 
PARAMETRIC_REPRESENTATION_CONTEXT() REPRESENTATION_CONTEXT('2D SPACE',''
  ) );
#2841 = PCURVE('',#1422,#2842);
#2842 = DEFINITIONAL_REPRESENTATION('',(#2843),#2850);
#2843 = B_SPLINE_CURVE_WITH_KNOTS('',5,(#2844,#2845,#2846,#2847,#2848,
    #2849),.UNSPECIFIED.,.F.,.F.,(6,6),(0.,1.),
  .PIECEWISE_BEZIER_KNOTS.);
#2844 = CARTESIAN_POINT('',(-1.027682157574,-1.081309028255E-13));
#2845 = CARTESIAN_POINT('',(-1.055372893147,-4.100997020612E-02));
#2846 = CARTESIAN_POINT('',(-1.083552932338,-8.190208475943E-02));
#2847 = CARTESIAN_POINT('',(-1.112275770804,-0.122660742448));
#2848 = CARTESIAN_POINT('',(-1.141602860316,-0.16326589619));
#2849 = CARTESIAN_POINT('',(-1.171612587601,-0.203690897912));
#2850 = ( GEOMETRIC_REPRESENTATION_CONTEXT(2) 
PARAMETRIC_REPRESENTATION_CONTEXT() REPRESENTATION_CONTEXT('2D SPACE',''
  ) );
#2851 = ORIENTED_EDGE('',*,*,#2852,.T.);
#2852 = EDGE_CURVE('',#2821,#2853,#2855,.T.);
#2853 = VERTEX_POINT('',#2854);
#2854 = CARTESIAN_POINT('',(-2.794552647504,2.381843453028,
    10.962612755697));
#2855 = SURFACE_CURVE('',#2856,(#2861,#2871),.PCURVE_S1.);
#2856 = ELLIPSE('',#2857,3.733811604964,3.67188);
#2857 = AXIS2_PLACEMENT_3D('',#2858,#2859,#2860);
#2858 = CARTESIAN_POINT('',(0.,0.,10.287520691643));
#2859 = DIRECTION('',(0.128254195209,-0.128254195209,0.983413302138));
#2860 = DIRECTION('',(0.695378214651,-0.695378214651,-0.181378822296));
#2861 = PCURVE('',#872,#2862);
#2862 = DEFINITIONAL_REPRESENTATION('',(#2863),#2870);
#2863 = B_SPLINE_CURVE_WITH_KNOTS('',5,(#2864,#2865,#2866,#2867,#2868,
    #2869),.UNSPECIFIED.,.F.,.F.,(6,6),(3.017919179968,3.26739440397),
  .PIECEWISE_BEZIER_KNOTS.);
#2864 = CARTESIAN_POINT('',(-2.232521016571,-0.109582448158));
#2865 = CARTESIAN_POINT('',(-2.282416061371,-0.113750808847));
#2866 = CARTESIAN_POINT('',(-2.332311106171,-0.1158277893));
#2867 = CARTESIAN_POINT('',(-2.382206150972,-0.115791737782));
#2868 = CARTESIAN_POINT('',(-2.432101195772,-0.113642842237));
#2869 = CARTESIAN_POINT('',(-2.481996240572,-0.109403124493));
#2870 = ( GEOMETRIC_REPRESENTATION_CONTEXT(2) 
PARAMETRIC_REPRESENTATION_CONTEXT() REPRESENTATION_CONTEXT('2D SPACE',''
  ) );
#2871 = PCURVE('',#2872,#2877);
#2872 = PLANE('',#2873);
#2873 = AXIS2_PLACEMENT_3D('',#2874,#2875,#2876);
#2874 = CARTESIAN_POINT('',(-2.539842705208,2.539842705208,10.95));
#2875 = DIRECTION('',(0.128254195209,-0.128254195209,0.983413302138));
#2876 = DIRECTION('',(0.991602623083,0.,-0.129322225065));
#2877 = DEFINITIONAL_REPRESENTATION('',(#2878),#2882);
#2878 = ELLIPSE('',#2879,3.733811604964,3.67188);
#2879 = AXIS2_PLACEMENT_2D('',#2880,#2881);
#2880 = CARTESIAN_POINT('',(2.604187986918,-2.560993107604));
#2881 = DIRECTION('',(0.712995174561,-0.701168939024));
#2882 = ( GEOMETRIC_REPRESENTATION_CONTEXT(2) 
PARAMETRIC_REPRESENTATION_CONTEXT() REPRESENTATION_CONTEXT('2D SPACE',''
  ) );
#2883 = ORIENTED_EDGE('',*,*,#2884,.F.);
#2884 = EDGE_CURVE('',#1525,#2853,#2885,.T.);
#2885 = SURFACE_CURVE('',#2886,(#2893,#2903),.PCURVE_S1.);
#2886 = B_SPLINE_CURVE_WITH_KNOTS('',5,(#2887,#2888,#2889,#2890,#2891,
    #2892),.UNSPECIFIED.,.F.,.F.,(6,6),(0.,1.),
  .PIECEWISE_BEZIER_KNOTS.);
#2887 = CARTESIAN_POINT('',(-2.782574344075,2.395826110989,11.1700006));
#2888 = CARTESIAN_POINT('',(-2.785402432919,2.392541495539,
    11.128834232346));
#2889 = CARTESIAN_POINT('',(-2.787999932006,2.389514892367,
    11.087488251189));
#2890 = CARTESIAN_POINT('',(-2.790383018849,2.38673063415,
    11.045989819676));
#2891 = CARTESIAN_POINT('',(-2.792563919157,2.38417677433,
    11.004359359403));
#2892 = CARTESIAN_POINT('',(-2.794552647504,2.381843453028,
    10.962612755697));
#2893 = PCURVE('',#872,#2894);
#2894 = DEFINITIONAL_REPRESENTATION('',(#2895),#2902);
#2895 = B_SPLINE_CURVE_WITH_KNOTS('',5,(#2896,#2897,#2898,#2899,#2900,
    #2901),.UNSPECIFIED.,.F.,.F.,(6,6),(0.,1.),
  .PIECEWISE_BEZIER_KNOTS.);
#2896 = CARTESIAN_POINT('',(-2.430740976354,-0.3200006));
#2897 = CARTESIAN_POINT('',(-2.431921399604,-0.278834232346));
#2898 = CARTESIAN_POINT('',(-2.433007599076,-0.237488251189));
#2899 = CARTESIAN_POINT('',(-2.434005686261,-0.195989819676));
#2900 = CARTESIAN_POINT('',(-2.434920299523,-0.154359359403));
#2901 = CARTESIAN_POINT('',(-2.435755252947,-0.112612755697));
#2902 = ( GEOMETRIC_REPRESENTATION_CONTEXT(2) 
PARAMETRIC_REPRESENTATION_CONTEXT() REPRESENTATION_CONTEXT('2D SPACE',''
  ) );
#2903 = PCURVE('',#1422,#2904);
#2904 = DEFINITIONAL_REPRESENTATION('',(#2905),#2912);
#2905 = B_SPLINE_CURVE_WITH_KNOTS('',5,(#2906,#2907,#2908,#2909,#2910,
    #2911),.UNSPECIFIED.,.F.,.F.,(6,6),(0.,1.),
  .PIECEWISE_BEZIER_KNOTS.);
#2906 = CARTESIAN_POINT('',(-3.557501410406,-0.203690897912));
#2907 = CARTESIAN_POINT('',(-3.587511137971,-0.163265895813));
#2908 = CARTESIAN_POINT('',(-3.61683822726,-0.122660742352));
#2909 = CARTESIAN_POINT('',(-3.645561065722,-8.19020846961E-02));
#2910 = CARTESIAN_POINT('',(-3.673741105059,-4.100996991133E-02));
#2911 = CARTESIAN_POINT('',(-3.701431840433,0.));
#2912 = ( GEOMETRIC_REPRESENTATION_CONTEXT(2) 
PARAMETRIC_REPRESENTATION_CONTEXT() REPRESENTATION_CONTEXT('2D SPACE',''
  ) );
#2913 = ORIENTED_EDGE('',*,*,#1561,.T.);
#2914 = ORIENTED_EDGE('',*,*,#2915,.F.);
#2915 = EDGE_CURVE('',#2916,#1562,#2918,.T.);
#2916 = VERTEX_POINT('',#2917);
#2917 = CARTESIAN_POINT('',(-3.285163448284,1.64024505866,11.07429567565
    ));
#2918 = SURFACE_CURVE('',#2919,(#2924,#2934),.PCURVE_S1.);
#2919 = ELLIPSE('',#2920,4.956221582526,3.67188);
#2920 = AXIS2_PLACEMENT_3D('',#2921,#2922,#2923);
#2921 = CARTESIAN_POINT('',(0.,0.,8.690603174603));
#2922 = DIRECTION('',(0.639729113257,0.204619238431,0.740862759838));
#2923 = DIRECTION('',(0.705645698282,0.225702852024,-0.671656438281));
#2924 = PCURVE('',#872,#2925);
#2925 = DEFINITIONAL_REPRESENTATION('',(#2926),#2933);
#2926 = B_SPLINE_CURVE_WITH_KNOTS('',5,(#2927,#2928,#2929,#2930,#2931,
    #2932),.UNSPECIFIED.,.F.,.F.,(6,6),(2.349938652597,2.411053451751),
  .PIECEWISE_BEZIER_KNOTS.);
#2927 = CARTESIAN_POINT('',(-2.659508192658,-0.179704071285));
#2928 = CARTESIAN_POINT('',(-2.671731152489,-0.20865478223));
#2929 = CARTESIAN_POINT('',(-2.683954112319,-0.237168663902));
#2930 = CARTESIAN_POINT('',(-2.69617707215,-0.265236705323));
#2931 = CARTESIAN_POINT('',(-2.708400031981,-0.292850167552));
#2932 = CARTESIAN_POINT('',(-2.720622991811,-0.3200006));
#2933 = ( GEOMETRIC_REPRESENTATION_CONTEXT(2) 
PARAMETRIC_REPRESENTATION_CONTEXT() REPRESENTATION_CONTEXT('2D SPACE',''
  ) );
#2934 = PCURVE('',#1600,#2935);
#2935 = DEFINITIONAL_REPRESENTATION('',(#2936),#2940);
#2936 = ELLIPSE('',#2937,4.956221582526,3.67188);
#2937 = AXIS2_PLACEMENT_2D('',#2938,#2939);
#2938 = CARTESIAN_POINT('',(4.089913440349,-1.379181204637));
#2939 = DIRECTION('',(0.973052997288,0.230581578774));
#2940 = ( GEOMETRIC_REPRESENTATION_CONTEXT(2) 
PARAMETRIC_REPRESENTATION_CONTEXT() REPRESENTATION_CONTEXT('2D SPACE',''
  ) );
#2941 = ORIENTED_EDGE('',*,*,#2942,.F.);
#2942 = EDGE_CURVE('',#856,#2916,#2943,.T.);
#2943 = SURFACE_CURVE('',#2944,(#2951,#2961),.PCURVE_S1.);
#2944 = B_SPLINE_CURVE_WITH_KNOTS('',5,(#2945,#2946,#2947,#2948,#2949,
    #2950),.UNSPECIFIED.,.F.,.F.,(6,6),(0.,1.),
  .PIECEWISE_BEZIER_KNOTS.);
#2945 = CARTESIAN_POINT('',(-3.323591429749,1.560910869492,10.8499994));
#2946 = CARTESIAN_POINT('',(-3.313879839032,1.581589410661,
    10.894132967173));
#2947 = CARTESIAN_POINT('',(-3.305025980033,1.600023871912,
    10.939019022815));
#2948 = CARTESIAN_POINT('',(-3.297167107762,1.616095980393,
    10.984278744596));
#2949 = CARTESIAN_POINT('',(-3.290475846857,1.629605125608,
    11.029532572522));
#2950 = CARTESIAN_POINT('',(-3.285163448284,1.64024505866,11.07429567565
    ));
#2951 = PCURVE('',#872,#2952);
#2952 = DEFINITIONAL_REPRESENTATION('',(#2953),#2960);
#2953 = B_SPLINE_CURVE_WITH_KNOTS('',5,(#2954,#2955,#2956,#2957,#2958,
    #2959),.UNSPECIFIED.,.F.,.F.,(6,6),(0.,1.),
  .PIECEWISE_BEZIER_KNOTS.);
#2954 = CARTESIAN_POINT('',(-2.702521891709,5.999999945772E-07));
#2955 = CARTESIAN_POINT('',(-2.696300145864,-4.41329671729E-02));
#2956 = CARTESIAN_POINT('',(-2.690730884653,-8.901902281502E-02));
#2957 = CARTESIAN_POINT('',(-2.685858647882,-0.134278744596));
#2958 = CARTESIAN_POINT('',(-2.681753012573,-0.179532572522));
#2959 = CARTESIAN_POINT('',(-2.678514229109,-0.22429567565));
#2960 = ( GEOMETRIC_REPRESENTATION_CONTEXT(2) 
PARAMETRIC_REPRESENTATION_CONTEXT() REPRESENTATION_CONTEXT('2D SPACE',''
  ) );
#2961 = PCURVE('',#901,#2962);
#2962 = DEFINITIONAL_REPRESENTATION('',(#2963),#2970);
#2963 = B_SPLINE_CURVE_WITH_KNOTS('',5,(#2964,#2965,#2966,#2967,#2968,
    #2969),.UNSPECIFIED.,.F.,.F.,(6,6),(0.,1.),
  .PIECEWISE_BEZIER_KNOTS.);
#2964 = CARTESIAN_POINT('',(-1.008420354419,-4.044810061309));
#2965 = CARTESIAN_POINT('',(-1.088980650406,-4.08795099235));
#2966 = CARTESIAN_POINT('',(-1.169666035433,-4.130641516199));
#2967 = CARTESIAN_POINT('',(-1.251086775825,-4.172488970574));
#2968 = CARTESIAN_POINT('',(-1.333767189702,-4.213060671836));
#2969 = CARTESIAN_POINT('',(-1.41830933773,-4.251799618985));
#2970 = ( GEOMETRIC_REPRESENTATION_CONTEXT(2) 
PARAMETRIC_REPRESENTATION_CONTEXT() REPRESENTATION_CONTEXT('2D SPACE',''
  ) );
#2971 = ADVANCED_FACE('',(#2972),#901,.T.);
#2972 = FACE_BOUND('',#2973,.T.);
#2973 = EDGE_LOOP('',(#2974,#2996,#2997,#2998,#3021,#3048,#3049,#3050,
    #3051));
#2974 = ORIENTED_EDGE('',*,*,#2975,.F.);
#2975 = EDGE_CURVE('',#2916,#1586,#2976,.T.);
#2976 = SURFACE_CURVE('',#2977,(#2982,#2989),.PCURVE_S1.);
#2977 = CIRCLE('',#2978,0.3);
#2978 = AXIS2_PLACEMENT_3D('',#2979,#2980,#2981);
#2979 = CARTESIAN_POINT('',(-3.28,1.35,11.15));
#2980 = DIRECTION('',(0.639729113257,0.204619238431,0.740862759838));
#2981 = DIRECTION('',(0.756877032285,0.,-0.653557310417));
#2982 = PCURVE('',#901,#2983);
#2983 = DEFINITIONAL_REPRESENTATION('',(#2984),#2988);
#2984 = LINE('',#2985,#2986);
#2985 = CARTESIAN_POINT('',(-0.,-4.251799618985));
#2986 = VECTOR('',#2987,1.);
#2987 = DIRECTION('',(-1.,-0.));
#2988 = ( GEOMETRIC_REPRESENTATION_CONTEXT(2) 
PARAMETRIC_REPRESENTATION_CONTEXT() REPRESENTATION_CONTEXT('2D SPACE',''
  ) );
#2989 = PCURVE('',#1600,#2990);
#2990 = DEFINITIONAL_REPRESENTATION('',(#2991),#2995);
#2991 = CIRCLE('',#2992,0.3);
#2992 = AXIS2_PLACEMENT_2D('',#2993,#2994);
#2993 = CARTESIAN_POINT('',(0.,0.));
#2994 = DIRECTION('',(1.,0.));
#2995 = ( GEOMETRIC_REPRESENTATION_CONTEXT(2) 
PARAMETRIC_REPRESENTATION_CONTEXT() REPRESENTATION_CONTEXT('2D SPACE',''
  ) );
#2996 = ORIENTED_EDGE('',*,*,#2942,.F.);
#2997 = ORIENTED_EDGE('',*,*,#884,.F.);
#2998 = ORIENTED_EDGE('',*,*,#2999,.F.);
#2999 = EDGE_CURVE('',#3000,#885,#3002,.T.);
#3000 = VERTEX_POINT('',#3001);
#3001 = CARTESIAN_POINT('',(-5.68211164644,0.48,7.725505929625));
#3002 = SEAM_CURVE('',#3003,(#3007,#3014),.PCURVE_S1.);
#3003 = LINE('',#3004,#3005);
#3004 = CARTESIAN_POINT('',(-5.68211164644,0.48,7.725505929625));
#3005 = VECTOR('',#3006,1.);
#3006 = DIRECTION('',(0.618121377509,0.204537791632,0.759006096458));
#3007 = PCURVE('',#901,#3008);
#3008 = DEFINITIONAL_REPRESENTATION('',(#3009),#3013);
#3009 = LINE('',#3010,#3011);
#3010 = CARTESIAN_POINT('',(-6.28318530718,0.));
#3011 = VECTOR('',#3012,1.);
#3012 = DIRECTION('',(-0.,-1.));
#3013 = ( GEOMETRIC_REPRESENTATION_CONTEXT(2) 
PARAMETRIC_REPRESENTATION_CONTEXT() REPRESENTATION_CONTEXT('2D SPACE',''
  ) );
#3014 = PCURVE('',#901,#3015);
#3015 = DEFINITIONAL_REPRESENTATION('',(#3016),#3020);
#3016 = LINE('',#3017,#3018);
#3017 = CARTESIAN_POINT('',(0.,-0.));
#3018 = VECTOR('',#3019,1.);
#3019 = DIRECTION('',(-0.,-1.));
#3020 = ( GEOMETRIC_REPRESENTATION_CONTEXT(2) 
PARAMETRIC_REPRESENTATION_CONTEXT() REPRESENTATION_CONTEXT('2D SPACE',''
  ) );
#3021 = ORIENTED_EDGE('',*,*,#3022,.T.);
#3022 = EDGE_CURVE('',#3000,#3000,#3023,.T.);
#3023 = SURFACE_CURVE('',#3024,(#3029,#3036),.PCURVE_S1.);
#3024 = CIRCLE('',#3025,0.42);
#3025 = AXIS2_PLACEMENT_3D('',#3026,#3027,#3028);
#3026 = CARTESIAN_POINT('',(-6.,0.48,8.));
#3027 = DIRECTION('',(0.639729113257,0.204619238431,0.740862759838));
#3028 = DIRECTION('',(0.756877032285,0.,-0.653557310417));
#3029 = PCURVE('',#901,#3030);
#3030 = DEFINITIONAL_REPRESENTATION('',(#3031),#3035);
#3031 = LINE('',#3032,#3033);
#3032 = CARTESIAN_POINT('',(-0.,-0.));
#3033 = VECTOR('',#3034,1.);
#3034 = DIRECTION('',(-1.,-0.));
#3035 = ( GEOMETRIC_REPRESENTATION_CONTEXT(2) 
PARAMETRIC_REPRESENTATION_CONTEXT() REPRESENTATION_CONTEXT('2D SPACE',''
  ) );
#3036 = PCURVE('',#3037,#3042);
#3037 = PLANE('',#3038);
#3038 = AXIS2_PLACEMENT_3D('',#3039,#3040,#3041);
#3039 = CARTESIAN_POINT('',(-6.,0.48,8.));
#3040 = DIRECTION('',(0.639729113257,0.204619238431,0.740862759838));
#3041 = DIRECTION('',(0.756877032285,0.,-0.653557310417));
#3042 = DEFINITIONAL_REPRESENTATION('',(#3043),#3047);
#3043 = CIRCLE('',#3044,0.42);
#3044 = AXIS2_PLACEMENT_2D('',#3045,#3046);
#3045 = CARTESIAN_POINT('',(0.,0.));
#3046 = DIRECTION('',(1.,0.));
#3047 = ( GEOMETRIC_REPRESENTATION_CONTEXT(2) 
PARAMETRIC_REPRESENTATION_CONTEXT() REPRESENTATION_CONTEXT('2D SPACE',''
  ) );
#3048 = ORIENTED_EDGE('',*,*,#2999,.T.);
#3049 = ORIENTED_EDGE('',*,*,#933,.F.);
#3050 = ORIENTED_EDGE('',*,*,#1058,.F.);
#3051 = ORIENTED_EDGE('',*,*,#1611,.T.);
#3052 = ADVANCED_FACE('',(#3053),#1042,.F.);
#3053 = FACE_BOUND('',#3054,.T.);
#3054 = EDGE_LOOP('',(#3055,#3076,#3077,#3078));
#3055 = ORIENTED_EDGE('',*,*,#3056,.T.);
#3056 = EDGE_CURVE('',#1026,#2059,#3057,.T.);
#3057 = SEAM_CURVE('',#3058,(#3062,#3069),.PCURVE_S1.);
#3058 = LINE('',#3059,#3060);
#3059 = CARTESIAN_POINT('',(2.95188,2.11650739468E-16,10.85));
#3060 = VECTOR('',#3061,1.);
#3061 = DIRECTION('',(0.,0.,1.));
#3062 = PCURVE('',#1042,#3063);
#3063 = DEFINITIONAL_REPRESENTATION('',(#3064),#3068);
#3064 = LINE('',#3065,#3066);
#3065 = CARTESIAN_POINT('',(-0.,0.));
#3066 = VECTOR('',#3067,1.);
#3067 = DIRECTION('',(-0.,-1.));
#3068 = ( GEOMETRIC_REPRESENTATION_CONTEXT(2) 
PARAMETRIC_REPRESENTATION_CONTEXT() REPRESENTATION_CONTEXT('2D SPACE',''
  ) );
#3069 = PCURVE('',#1042,#3070);
#3070 = DEFINITIONAL_REPRESENTATION('',(#3071),#3075);
#3071 = LINE('',#3072,#3073);
#3072 = CARTESIAN_POINT('',(-6.28318530718,0.));
#3073 = VECTOR('',#3074,1.);
#3074 = DIRECTION('',(-0.,-1.));
#3075 = ( GEOMETRIC_REPRESENTATION_CONTEXT(2) 
PARAMETRIC_REPRESENTATION_CONTEXT() REPRESENTATION_CONTEXT('2D SPACE',''
  ) );
#3076 = ORIENTED_EDGE('',*,*,#2058,.T.);
#3077 = ORIENTED_EDGE('',*,*,#3056,.F.);
#3078 = ORIENTED_EDGE('',*,*,#1025,.F.);
#3079 = ADVANCED_FACE('',(#3080),#2045,.T.);
#3080 = FACE_BOUND('',#3081,.T.);
#3081 = EDGE_LOOP('',(#3082,#3083,#3084,#3085));
#3082 = ORIENTED_EDGE('',*,*,#2394,.T.);
#3083 = ORIENTED_EDGE('',*,*,#2461,.T.);
#3084 = ORIENTED_EDGE('',*,*,#2032,.F.);
#3085 = ORIENTED_EDGE('',*,*,#2341,.F.);
#3086 = ADVANCED_FACE('',(#3087),#1906,.T.);
#3087 = FACE_BOUND('',#3088,.T.);
#3088 = EDGE_LOOP('',(#3089,#3120,#3152,#3175,#3217,#3260,#3302,#3325,
    #3347,#3348,#3349,#3547,#3548,#3549,#3571,#3572,#3609,#3718,#3760,
    #3803,#3838,#3839));
#3089 = ORIENTED_EDGE('',*,*,#3090,.F.);
#3090 = EDGE_CURVE('',#3091,#3093,#3095,.T.);
#3091 = VERTEX_POINT('',#3092);
#3092 = CARTESIAN_POINT('',(2.228715721486,-1.945873009012,14.42));
#3093 = VERTEX_POINT('',#3094);
#3094 = CARTESIAN_POINT('',(1.945873009012,-2.228715721486,14.42));
#3095 = SURFACE_CURVE('',#3096,(#3101,#3108),.PCURVE_S1.);
#3096 = CIRCLE('',#3097,0.2);
#3097 = AXIS2_PLACEMENT_3D('',#3098,#3099,#3100);
#3098 = CARTESIAN_POINT('',(2.087294365249,-2.087294365249,14.42));
#3099 = DIRECTION('',(-0.128254195209,0.128254195209,0.983413302138));
#3100 = DIRECTION('',(0.991602623083,-3.469446951954E-18,0.129322225065)
  );
#3101 = PCURVE('',#1906,#3102);
#3102 = DEFINITIONAL_REPRESENTATION('',(#3103),#3107);
#3103 = LINE('',#3104,#3105);
#3104 = CARTESIAN_POINT('',(-0.,-3.528526604689));
#3105 = VECTOR('',#3106,1.);
#3106 = DIRECTION('',(-1.,-0.));
#3107 = ( GEOMETRIC_REPRESENTATION_CONTEXT(2) 
PARAMETRIC_REPRESENTATION_CONTEXT() REPRESENTATION_CONTEXT('2D SPACE',''
  ) );
#3108 = PCURVE('',#3109,#3114);
#3109 = PLANE('',#3110);
#3110 = AXIS2_PLACEMENT_3D('',#3111,#3112,#3113);
#3111 = CARTESIAN_POINT('',(2.087294365249,-2.087294365249,14.42));
#3112 = DIRECTION('',(-0.128254195209,0.128254195209,0.983413302138));
#3113 = DIRECTION('',(0.991602623083,0.,0.129322225065));
#3114 = DEFINITIONAL_REPRESENTATION('',(#3115),#3119);
#3115 = CIRCLE('',#3116,0.2);
#3116 = AXIS2_PLACEMENT_2D('',#3117,#3118);
#3117 = CARTESIAN_POINT('',(0.,0.));
#3118 = DIRECTION('',(1.,0.));
#3119 = ( GEOMETRIC_REPRESENTATION_CONTEXT(2) 
PARAMETRIC_REPRESENTATION_CONTEXT() REPRESENTATION_CONTEXT('2D SPACE',''
  ) );
#3120 = ORIENTED_EDGE('',*,*,#3121,.F.);
#3121 = EDGE_CURVE('',#3122,#3091,#3124,.T.);
#3122 = VERTEX_POINT('',#3123);
#3123 = CARTESIAN_POINT('',(2.289742560402,-2.090680157026,14.42));
#3124 = SURFACE_CURVE('',#3125,(#3130,#3140),.PCURVE_S1.);
#3125 = ELLIPSE('',#3126,0.203378848075,0.200002732267);
#3126 = AXIS2_PLACEMENT_3D('',#3127,#3128,#3129);
#3127 = CARTESIAN_POINT('',(2.088046071027,-2.088046071027,14.42));
#3128 = DIRECTION('',(0.,0.,1.));
#3129 = DIRECTION('',(0.707106781187,-0.707106781187,0.));
#3130 = PCURVE('',#1906,#3131);
#3131 = DEFINITIONAL_REPRESENTATION('',(#3132),#3139);
#3132 = B_SPLINE_CURVE_WITH_KNOTS('',5,(#3133,#3134,#3135,#3136,#3137,
    #3138),.UNSPECIFIED.,.F.,.F.,(6,6),(0.780707566798,1.576023405995),
  .PIECEWISE_BEZIER_KNOTS.);
#3133 = CARTESIAN_POINT('',(-2.212170745973E-15,-3.502127532349));
#3134 = CARTESIAN_POINT('',(-0.158472525759,-3.506257059301));
#3135 = CARTESIAN_POINT('',(-0.317060501218,-3.511215275529));
#3136 = CARTESIAN_POINT('',(-0.475795272373,-3.516785330669));
#3137 = CARTESIAN_POINT('',(-0.634695331354,-3.522659064738));
#3138 = CARTESIAN_POINT('',(-0.793760672209,-3.528526604689));
#3139 = ( GEOMETRIC_REPRESENTATION_CONTEXT(2) 
PARAMETRIC_REPRESENTATION_CONTEXT() REPRESENTATION_CONTEXT('2D SPACE',''
  ) );
#3140 = PCURVE('',#3141,#3146);
#3141 = PLANE('',#3142);
#3142 = AXIS2_PLACEMENT_3D('',#3143,#3144,#3145);
#3143 = CARTESIAN_POINT('',(2.087294365249,-2.087294365249,14.42));
#3144 = DIRECTION('',(0.,0.,1.));
#3145 = DIRECTION('',(1.,0.,-0.));
#3146 = DEFINITIONAL_REPRESENTATION('',(#3147),#3151);
#3147 = ELLIPSE('',#3148,0.203378848075,0.200002732267);
#3148 = AXIS2_PLACEMENT_2D('',#3149,#3150);
#3149 = CARTESIAN_POINT('',(7.517057775948E-04,-7.517057775948E-04));
#3150 = DIRECTION('',(0.707106781187,-0.707106781187));
#3151 = ( GEOMETRIC_REPRESENTATION_CONTEXT(2) 
PARAMETRIC_REPRESENTATION_CONTEXT() REPRESENTATION_CONTEXT('2D SPACE',''
  ) );
#3152 = ORIENTED_EDGE('',*,*,#3153,.F.);
#3153 = EDGE_CURVE('',#3154,#3122,#3156,.T.);
#3154 = VERTEX_POINT('',#3155);
#3155 = CARTESIAN_POINT('',(2.548276090317,-2.302746670592,12.8));
#3156 = SEAM_CURVE('',#3157,(#3161,#3168),.PCURVE_S1.);
#3157 = LINE('',#3158,#3159);
#3158 = CARTESIAN_POINT('',(2.837323492133,-2.539842705208,
    10.988796667519));
#3159 = VECTOR('',#3160,1.);
#3160 = DIRECTION('',(-0.156293897314,0.128202720574,0.979355032713));
#3161 = PCURVE('',#1906,#3162);
#3162 = DEFINITIONAL_REPRESENTATION('',(#3163),#3167);
#3163 = LINE('',#3164,#3165);
#3164 = CARTESIAN_POINT('',(-6.28318530718,0.));
#3165 = VECTOR('',#3166,1.);
#3166 = DIRECTION('',(-0.,-1.));
#3167 = ( GEOMETRIC_REPRESENTATION_CONTEXT(2) 
PARAMETRIC_REPRESENTATION_CONTEXT() REPRESENTATION_CONTEXT('2D SPACE',''
  ) );
#3168 = PCURVE('',#1906,#3169);
#3169 = DEFINITIONAL_REPRESENTATION('',(#3170),#3174);
#3170 = LINE('',#3171,#3172);
#3171 = CARTESIAN_POINT('',(0.,-0.));
#3172 = VECTOR('',#3173,1.);
#3173 = DIRECTION('',(-0.,-1.));
#3174 = ( GEOMETRIC_REPRESENTATION_CONTEXT(2) 
PARAMETRIC_REPRESENTATION_CONTEXT() REPRESENTATION_CONTEXT('2D SPACE',''
  ) );
#3175 = ORIENTED_EDGE('',*,*,#3176,.T.);
#3176 = EDGE_CURVE('',#3154,#3177,#3179,.T.);
#3177 = VERTEX_POINT('',#3178);
#3178 = CARTESIAN_POINT('',(2.287013910375,-2.050856920449,12.8));
#3179 = SURFACE_CURVE('',#3180,(#3185,#3205),.PCURVE_S1.);
#3180 = ELLIPSE('',#3181,0.250853449499,0.246689249021);
#3181 = AXIS2_PLACEMENT_3D('',#3182,#3183,#3184);
#3182 = CARTESIAN_POINT('',(2.299497711492,-2.299497711492,12.8));
#3183 = DIRECTION('',(0.,0.,1.));
#3184 = DIRECTION('',(0.707106781187,-0.707106781187,0.));
#3185 = PCURVE('',#1906,#3186);
#3186 = DEFINITIONAL_REPRESENTATION('',(#3187),#3204);
#3187 = B_SPLINE_CURVE_WITH_KNOTS('',8,(#3188,#3189,#3190,#3191,#3192,
    #3193,#3194,#3195,#3196,#3197,#3198,#3199,#3200,#3201,#3202,#3203),
  .UNSPECIFIED.,.F.,.F.,(9,7,9),(0.780707566798,3.922300220388,
    7.063892873977),.UNSPECIFIED.);
#3188 = CARTESIAN_POINT('',(-1.793512263674E-15,-1.848641553043));
#3189 = CARTESIAN_POINT('',(-0.391240889927,-1.861216462233));
#3190 = CARTESIAN_POINT('',(-0.783125406736,-1.879489247072));
#3191 = CARTESIAN_POINT('',(-1.175995535968,-1.900494958165));
#3192 = CARTESIAN_POINT('',(-1.569989011246,-1.919448801003));
#3193 = CARTESIAN_POINT('',(-1.964862086989,-1.930973008915));
#3194 = CARTESIAN_POINT('',(-2.359982073253,-1.932740823101));
#3195 = CARTESIAN_POINT('',(-2.754792764602,-1.925863589026));
#3196 = CARTESIAN_POINT('',(-3.543107512705,-1.900713770645));
#3197 = CARTESIAN_POINT('',(-3.93661159275,-1.882440985806));
#3198 = CARTESIAN_POINT('',(-4.329120719951,-1.861435274701));
#3199 = CARTESIAN_POINT('',(-4.720507345795,-1.842481431885));
#3200 = CARTESIAN_POINT('',(-5.111050061969,-1.83095722395));
#3201 = CARTESIAN_POINT('',(-5.501347180771,-1.829189409776));
#3202 = CARTESIAN_POINT('',(-5.891944417253,-1.836066643852));
#3203 = CARTESIAN_POINT('',(-6.28318530718,-1.848641553043));
#3204 = ( GEOMETRIC_REPRESENTATION_CONTEXT(2) 
PARAMETRIC_REPRESENTATION_CONTEXT() REPRESENTATION_CONTEXT('2D SPACE',''
  ) );
#3205 = PCURVE('',#3206,#3211);
#3206 = PLANE('',#3207);
#3207 = AXIS2_PLACEMENT_3D('',#3208,#3209,#3210);
#3208 = CARTESIAN_POINT('',(-1.935853047866E-16,4.365790631274E-16,12.8)
  );
#3209 = DIRECTION('',(0.,0.,1.));
#3210 = DIRECTION('',(1.,0.,-0.));
#3211 = DEFINITIONAL_REPRESENTATION('',(#3212),#3216);
#3212 = ELLIPSE('',#3213,0.250853449499,0.246689249021);
#3213 = AXIS2_PLACEMENT_2D('',#3214,#3215);
#3214 = CARTESIAN_POINT('',(2.299497711492,-2.299497711492));
#3215 = DIRECTION('',(0.707106781187,-0.707106781187));
#3216 = ( GEOMETRIC_REPRESENTATION_CONTEXT(2) 
PARAMETRIC_REPRESENTATION_CONTEXT() REPRESENTATION_CONTEXT('2D SPACE',''
  ) );
#3217 = ORIENTED_EDGE('',*,*,#3218,.T.);
#3218 = EDGE_CURVE('',#3177,#3219,#3221,.T.);
#3219 = VERTEX_POINT('',#3220);
#3220 = CARTESIAN_POINT('',(2.25408456877,-2.086995326117,12.55));
#3221 = SURFACE_CURVE('',#3222,(#3231,#3243),.PCURVE_S1.);
#3222 = B_SPLINE_CURVE_WITH_KNOTS('',7,(#3223,#3224,#3225,#3226,#3227,
    #3228,#3229,#3230),.UNSPECIFIED.,.F.,.F.,(8,8),(0.,1.),
  .PIECEWISE_BEZIER_KNOTS.);
#3223 = CARTESIAN_POINT('',(2.287013969064,-2.050856855001,12.8000006));
#3224 = CARTESIAN_POINT('',(2.283397920209,-2.054889293552,
    12.763032536267));
#3225 = CARTESIAN_POINT('',(2.279487920312,-2.05923284859,
    12.726346106071));
#3226 = CARTESIAN_POINT('',(2.275252586749,-2.063917731976,
    12.689979978456));
#3227 = CARTESIAN_POINT('',(2.270654346367,-2.0689798655,12.654007477381
    ));
#3228 = CARTESIAN_POINT('',(2.265642660251,-2.074467230459,
    12.618552412866));
#3229 = CARTESIAN_POINT('',(2.260155965274,-2.080437841497,
    12.583785097618));
#3230 = CARTESIAN_POINT('',(2.254084460946,-2.086995442573,12.5499994));
#3231 = PCURVE('',#1906,#3232);
#3232 = DEFINITIONAL_REPRESENTATION('',(#3233),#3242);
#3233 = B_SPLINE_CURVE_WITH_KNOTS('',7,(#3234,#3235,#3236,#3237,#3238,
    #3239,#3240,#3241),.UNSPECIFIED.,.F.,.F.,(8,8),(0.,1.),
  .PIECEWISE_BEZIER_KNOTS.);
#3234 = CARTESIAN_POINT('',(-1.617444976711,-1.914456031771));
#3235 = CARTESIAN_POINT('',(-1.651331609943,-1.878047742416));
#3236 = CARTESIAN_POINT('',(-1.68598922963,-1.841914213687));
#3237 = CARTESIAN_POINT('',(-1.721585737521,-1.806093623393));
#3238 = CARTESIAN_POINT('',(-1.758306620935,-1.770658291083));
#3239 = CARTESIAN_POINT('',(-1.796394384873,-1.735730301203));
#3240 = CARTESIAN_POINT('',(-1.836140831046,-1.701477596644));
#3241 = CARTESIAN_POINT('',(-1.878087972359,-1.668189948238));
#3242 = ( GEOMETRIC_REPRESENTATION_CONTEXT(2) 
PARAMETRIC_REPRESENTATION_CONTEXT() REPRESENTATION_CONTEXT('2D SPACE',''
  ) );
#3243 = PCURVE('',#3244,#3249);
#3244 = CYLINDRICAL_SURFACE('',#3245,3.07188);
#3245 = AXIS2_PLACEMENT_3D('',#3246,#3247,#3248);
#3246 = CARTESIAN_POINT('',(1.672306672652E-14,1.571716797605E-16,12.55)
  );
#3247 = DIRECTION('',(-0.,-0.,-1.));
#3248 = DIRECTION('',(1.,0.,0.));
#3249 = DEFINITIONAL_REPRESENTATION('',(#3250),#3259);
#3250 = B_SPLINE_CURVE_WITH_KNOTS('',7,(#3251,#3252,#3253,#3254,#3255,
    #3256,#3257,#3258),.UNSPECIFIED.,.F.,.F.,(8,8),(2.318603467218E-06,
    0.999997463001),.PIECEWISE_BEZIER_KNOTS.);
#3251 = CARTESIAN_POINT('',(-5.552174216623,-0.25));
#3252 = CARTESIAN_POINT('',(-5.55041103395,-0.213032119688));
#3253 = CARTESIAN_POINT('',(-5.548508564986,-0.176345870624));
#3254 = CARTESIAN_POINT('',(-5.546452658041,-0.139979921615));
#3255 = CARTESIAN_POINT('',(-5.544226427068,-0.104007595811));
#3256 = CARTESIAN_POINT('',(-5.541807231711,-6.855270138962E-02));
#3257 = CARTESIAN_POINT('',(-5.539167591119,-3.378554851011E-02));
#3258 = CARTESIAN_POINT('',(-5.536258401113,-2.927745043222E-15));
#3259 = ( GEOMETRIC_REPRESENTATION_CONTEXT(2) 
PARAMETRIC_REPRESENTATION_CONTEXT() REPRESENTATION_CONTEXT('2D SPACE',''
  ) );
#3260 = ORIENTED_EDGE('',*,*,#3261,.F.);
#3261 = EDGE_CURVE('',#3262,#3219,#3264,.T.);
#3262 = VERTEX_POINT('',#3263);
#3263 = CARTESIAN_POINT('',(2.588173239996,-2.335472984414,12.55));
#3264 = SURFACE_CURVE('',#3265,(#3270,#3290),.PCURVE_S1.);
#3265 = ELLIPSE('',#3266,0.25817977688,0.253893958396);
#3266 = AXIS2_PLACEMENT_3D('',#3267,#3268,#3269);
#3267 = CARTESIAN_POINT('',(2.332129137489,-2.332129137489,12.55));
#3268 = DIRECTION('',(0.,0.,1.));
#3269 = DIRECTION('',(0.707106781187,-0.707106781187,0.));
#3270 = PCURVE('',#1906,#3271);
#3271 = DEFINITIONAL_REPRESENTATION('',(#3272),#3289);
#3272 = B_SPLINE_CURVE_WITH_KNOTS('',8,(#3273,#3274,#3275,#3276,#3277,
    #3278,#3279,#3280,#3281,#3282,#3283,#3284,#3285,#3286,#3287,#3288),
  .UNSPECIFIED.,.F.,.F.,(9,7,9),(0.780707566798,3.922300220388,
    7.063892873977),.UNSPECIFIED.);
#3273 = CARTESIAN_POINT('',(1.7763568394E-15,-1.593473963644));
#3274 = CARTESIAN_POINT('',(-0.391240889927,-1.606416130696));
#3275 = CARTESIAN_POINT('',(-0.783125406723,-1.625222583316));
#3276 = CARTESIAN_POINT('',(-1.175995535971,-1.646841778966));
#3277 = CARTESIAN_POINT('',(-1.569989011213,-1.666349180284));
#3278 = CARTESIAN_POINT('',(-1.964862087,-1.678209959705));
#3279 = CARTESIAN_POINT('',(-2.359982073243,-1.680029403973));
#3280 = CARTESIAN_POINT('',(-2.754792764602,-1.672951316099));
#3281 = CARTESIAN_POINT('',(-3.543107512705,-1.647066981994));
#3282 = CARTESIAN_POINT('',(-3.936611592728,-1.628260529374));
#3283 = CARTESIAN_POINT('',(-4.329120719977,-1.606641333712));
#3284 = CARTESIAN_POINT('',(-4.720507345712,-1.587133932409));
#3285 = CARTESIAN_POINT('',(-5.111050061995,-1.575273152973));
#3286 = CARTESIAN_POINT('',(-5.501347180757,-1.573453708719));
#3287 = CARTESIAN_POINT('',(-5.891944417253,-1.580531796591));
#3288 = CARTESIAN_POINT('',(-6.28318530718,-1.593473963644));
#3289 = ( GEOMETRIC_REPRESENTATION_CONTEXT(2) 
PARAMETRIC_REPRESENTATION_CONTEXT() REPRESENTATION_CONTEXT('2D SPACE',''
  ) );
#3290 = PCURVE('',#3291,#3296);
#3291 = PLANE('',#3292);
#3292 = AXIS2_PLACEMENT_3D('',#3293,#3294,#3295);
#3293 = CARTESIAN_POINT('',(-1.935853047866E-16,4.365790631274E-16,12.55
    ));
#3294 = DIRECTION('',(0.,0.,1.));
#3295 = DIRECTION('',(1.,0.,-0.));
#3296 = DEFINITIONAL_REPRESENTATION('',(#3297),#3301);
#3297 = ELLIPSE('',#3298,0.25817977688,0.253893958396);
#3298 = AXIS2_PLACEMENT_2D('',#3299,#3300);
#3299 = CARTESIAN_POINT('',(2.332129137489,-2.332129137489));
#3300 = DIRECTION('',(0.707106781187,-0.707106781187));
#3301 = ( GEOMETRIC_REPRESENTATION_CONTEXT(2) 
PARAMETRIC_REPRESENTATION_CONTEXT() REPRESENTATION_CONTEXT('2D SPACE',''
  ) );
#3302 = ORIENTED_EDGE('',*,*,#3303,.F.);
#3303 = EDGE_CURVE('',#3304,#3262,#3306,.T.);
#3304 = VERTEX_POINT('',#3305);
#3305 = CARTESIAN_POINT('',(2.837323492133,-2.539842705208,
    10.988796667519));
#3306 = SEAM_CURVE('',#3307,(#3311,#3318),.PCURVE_S1.);
#3307 = LINE('',#3308,#3309);
#3308 = CARTESIAN_POINT('',(2.837323492133,-2.539842705208,
    10.988796667519));
#3309 = VECTOR('',#3310,1.);
#3310 = DIRECTION('',(-0.156293897314,0.128202720574,0.979355032713));
#3311 = PCURVE('',#1906,#3312);
#3312 = DEFINITIONAL_REPRESENTATION('',(#3313),#3317);
#3313 = LINE('',#3314,#3315);
#3314 = CARTESIAN_POINT('',(-6.28318530718,0.));
#3315 = VECTOR('',#3316,1.);
#3316 = DIRECTION('',(-0.,-1.));
#3317 = ( GEOMETRIC_REPRESENTATION_CONTEXT(2) 
PARAMETRIC_REPRESENTATION_CONTEXT() REPRESENTATION_CONTEXT('2D SPACE',''
  ) );
#3318 = PCURVE('',#1906,#3319);
#3319 = DEFINITIONAL_REPRESENTATION('',(#3320),#3324);
#3320 = LINE('',#3321,#3322);
#3321 = CARTESIAN_POINT('',(0.,-0.));
#3322 = VECTOR('',#3323,1.);
#3323 = DIRECTION('',(-0.,-1.));
#3324 = ( GEOMETRIC_REPRESENTATION_CONTEXT(2) 
PARAMETRIC_REPRESENTATION_CONTEXT() REPRESENTATION_CONTEXT('2D SPACE',''
  ) );
#3325 = ORIENTED_EDGE('',*,*,#3326,.T.);
#3326 = EDGE_CURVE('',#3304,#2279,#3327,.T.);
#3327 = SURFACE_CURVE('',#3328,(#3333,#3340),.PCURVE_S1.);
#3328 = CIRCLE('',#3329,0.3);
#3329 = AXIS2_PLACEMENT_3D('',#3330,#3331,#3332);
#3330 = CARTESIAN_POINT('',(2.539842705208,-2.539842705208,10.95));
#3331 = DIRECTION('',(-0.128254195209,0.128254195209,0.983413302138));
#3332 = DIRECTION('',(0.991602623083,-3.469446951954E-18,0.129322225065)
  );
#3333 = PCURVE('',#1906,#3334);
#3334 = DEFINITIONAL_REPRESENTATION('',(#3335),#3339);
#3335 = LINE('',#3336,#3337);
#3336 = CARTESIAN_POINT('',(-0.,-0.));
#3337 = VECTOR('',#3338,1.);
#3338 = DIRECTION('',(-1.,-0.));
#3339 = ( GEOMETRIC_REPRESENTATION_CONTEXT(2) 
PARAMETRIC_REPRESENTATION_CONTEXT() REPRESENTATION_CONTEXT('2D SPACE',''
  ) );
#3340 = PCURVE('',#2298,#3341);
#3341 = DEFINITIONAL_REPRESENTATION('',(#3342),#3346);
#3342 = CIRCLE('',#3343,0.3);
#3343 = AXIS2_PLACEMENT_2D('',#3344,#3345);
#3344 = CARTESIAN_POINT('',(0.,0.));
#3345 = DIRECTION('',(1.,0.));
#3346 = ( GEOMETRIC_REPRESENTATION_CONTEXT(2) 
PARAMETRIC_REPRESENTATION_CONTEXT() REPRESENTATION_CONTEXT('2D SPACE',''
  ) );
#3347 = ORIENTED_EDGE('',*,*,#2310,.F.);
#3348 = ORIENTED_EDGE('',*,*,#1971,.T.);
#3349 = ORIENTED_EDGE('',*,*,#3350,.T.);
#3350 = EDGE_CURVE('',#1932,#1890,#3351,.T.);
#3351 = SURFACE_CURVE('',#3352,(#3415,#3481),.PCURVE_S1.);
#3352 = B_SPLINE_CURVE_WITH_KNOTS('',6,(#3353,#3354,#3355,#3356,#3357,
    #3358,#3359,#3360,#3361,#3362,#3363,#3364,#3365,#3366,#3367,#3368,
    #3369,#3370,#3371,#3372,#3373,#3374,#3375,#3376,#3377,#3378,#3379,
    #3380,#3381,#3382,#3383,#3384,#3385,#3386,#3387,#3388,#3389,#3390,
    #3391,#3392,#3393,#3394,#3395,#3396,#3397,#3398,#3399,#3400,#3401,
    #3402,#3403,#3404,#3405,#3406,#3407,#3408,#3409,#3410,#3411,#3412,
    #3413,#3414),.UNSPECIFIED.,.F.,.F.,(7,5,5,5,5,5,5,5,5,5,5,5,7),(0.,
    0.158348092407,0.222200041243,0.260504249536,0.286462652597,
    0.35053299703,0.421254269772,0.500191007247,0.579136343504,
    0.648789924751,0.778312274532,0.842256681857,1.),.UNSPECIFIED.);
#3353 = CARTESIAN_POINT('',(2.483602903142,-2.237264039701,
    10.996705300447));
#3354 = CARTESIAN_POINT('',(2.474532080165,-2.233433816656,
    11.039912094782));
#3355 = CARTESIAN_POINT('',(2.465075069424,-2.229792610702,
    11.082513490676));
#3356 = CARTESIAN_POINT('',(2.455177863775,-2.226392116974,
    11.124384240386));
#3357 = CARTESIAN_POINT('',(2.444792444932,-2.223310230828,
    11.165286345038));
#3358 = CARTESIAN_POINT('',(2.433877933714,-2.220663151529,
    11.204866658554));
#3359 = CARTESIAN_POINT('',(2.41781367062,-2.217779333012,
    11.257950294748));
#3360 = CARTESIAN_POINT('',(2.413111530294,-2.217047041119,
    11.272916968698));
#3361 = CARTESIAN_POINT('',(2.408324013111,-2.216421463807,
    11.287565851678));
#3362 = CARTESIAN_POINT('',(2.403453209013,-2.2159140278,11.301863207113
    ));
#3363 = CARTESIAN_POINT('',(2.39850326502,-2.215536803166,
    11.315773229428));
#3364 = CARTESIAN_POINT('',(2.390467948169,-2.215161184124,
    11.337349777071));
#3365 = CARTESIAN_POINT('',(2.387428972788,-2.215071589219,
    11.345287589459));
#3366 = CARTESIAN_POINT('',(2.384365372952,-2.215035913327,
    11.353064929835));
#3367 = CARTESIAN_POINT('',(2.381278926998,-2.215056769396,
    11.360673934898));
#3368 = CARTESIAN_POINT('',(2.378171742291,-2.215136710549,
    11.368106875979));
#3369 = CARTESIAN_POINT('',(2.372928141906,-2.215374136548,
    11.380268930247));
#3370 = CARTESIAN_POINT('',(2.370801621083,-2.215498315598,
    11.385097377274));
#3371 = CARTESIAN_POINT('',(2.368667454497,-2.215651536307,
    11.389839152798));
#3372 = CARTESIAN_POINT('',(2.366526466243,-2.215834530487,
    11.394492005099));
#3373 = CARTESIAN_POINT('',(2.36437954276,-2.216047992691,11.39905377806
    ));
#3374 = CARTESIAN_POINT('',(2.356916304173,-2.216896269379,
    11.414551859381));
#3375 = CARTESIAN_POINT('',(2.351574337638,-2.217689468244,
    11.425014234541));
#3376 = CARTESIAN_POINT('',(2.346216541064,-2.218682298898,
    11.434878078943));
#3377 = CARTESIAN_POINT('',(2.340858870323,-2.219882546881,
    11.444117704339));
#3378 = CARTESIAN_POINT('',(2.335518429321,-2.221295661188,
    11.452713191926));
#3379 = CARTESIAN_POINT('',(2.324357820584,-2.224722958045,
    11.469411527029));
#3380 = CARTESIAN_POINT('',(2.318544966218,-2.226784273456,
    11.477370978975));
#3381 = CARTESIAN_POINT('',(2.312798872943,-2.229112624348,
    11.484509600181));
#3382 = CARTESIAN_POINT('',(2.307143044573,-2.231708153976,
    11.49081777132));
#3383 = CARTESIAN_POINT('',(2.30159995547,-2.234567535054,
    11.496291923414));
#3384 = CARTESIAN_POINT('',(2.290152610045,-2.241163086876,
    11.506109109225));
#3385 = CARTESIAN_POINT('',(2.284281156152,-2.244962555808,
    11.510246871619));
#3386 = CARTESIAN_POINT('',(2.278604566692,-2.249074073007,
    11.513343909385));
#3387 = CARTESIAN_POINT('',(2.273148759502,-2.253484528351,
    11.515402782251));
#3388 = CARTESIAN_POINT('',(2.267936630324,-2.258177211055,
    11.516426074825));
#3389 = CARTESIAN_POINT('',(2.258037946368,-2.268088739803,
    11.516400772728));
#3390 = CARTESIAN_POINT('',(2.25335158588,-2.273307505913,
    11.515351952635));
#3391 = CARTESIAN_POINT('',(2.248947854227,-2.278769571511,
    11.513267298984));
#3392 = CARTESIAN_POINT('',(2.244843418873,-2.284451987322,
    11.510144201677));
#3393 = CARTESIAN_POINT('',(2.241051338433,-2.290328782265,
    11.505980107223));
#3394 = CARTESIAN_POINT('',(2.234517542171,-2.301702920386,
    11.496183505818));
#3395 = CARTESIAN_POINT('',(2.231704711915,-2.307163541017,
    11.490781521732));
#3396 = CARTESIAN_POINT('',(2.229147818544,-2.312733352709,
    11.484570560483));
#3397 = CARTESIAN_POINT('',(2.226850033656,-2.318390888665,
    11.47755406979));
#3398 = CARTESIAN_POINT('',(2.224811265237,-2.324113707466,
    11.469741181666));
#3399 = CARTESIAN_POINT('',(2.219711600963,-2.34059945095,11.44517434346
    ));
#3400 = CARTESIAN_POINT('',(2.217276700316,-2.351471916927,
    11.426499413457));
#3401 = CARTESIAN_POINT('',(2.215705008434,-2.362338866691,
    11.405252555363));
#3402 = CARTESIAN_POINT('',(2.214921613304,-2.373063664667,
    11.381645845945));
#3403 = CARTESIAN_POINT('',(2.21482568673,-2.383549608612,
    11.355978322019));
#3404 = CARTESIAN_POINT('',(2.215554851729,-2.398756852747,
    11.315066003635));
#3405 = CARTESIAN_POINT('',(2.21593828606,-2.403710240841,
    11.301120004051));
#3406 = CARTESIAN_POINT('',(2.21645186746,-2.408584104864,
    11.286786858661));
#3407 = CARTESIAN_POINT('',(2.217083490504,-2.41337434031,
    11.272102474175));
#3408 = CARTESIAN_POINT('',(2.217821705174,-2.418078901792,
    11.257100653257));
#3409 = CARTESIAN_POINT('',(2.220714776816,-2.434090465942,
    11.204095465622));
#3410 = CARTESIAN_POINT('',(2.223358287599,-2.44495422178,
    11.164648907904));
#3411 = CARTESIAN_POINT('',(2.226431856812,-2.45529348289,
    11.123894990963));
#3412 = CARTESIAN_POINT('',(2.229820975765,-2.465148726419,
    11.082181654909));
#3413 = CARTESIAN_POINT('',(2.233448741088,-2.474567424551,
    11.039743739871));
#3414 = CARTESIAN_POINT('',(2.237264039701,-2.483602903142,
    10.996705300447));
#3415 = PCURVE('',#1906,#3416);
#3416 = DEFINITIONAL_REPRESENTATION('',(#3417),#3480);
#3417 = B_SPLINE_CURVE_WITH_KNOTS('',6,(#3418,#3419,#3420,#3421,#3422,
    #3423,#3424,#3425,#3426,#3427,#3428,#3429,#3430,#3431,#3432,#3433,
    #3434,#3435,#3436,#3437,#3438,#3439,#3440,#3441,#3442,#3443,#3444,
    #3445,#3446,#3447,#3448,#3449,#3450,#3451,#3452,#3453,#3454,#3455,
    #3456,#3457,#3458,#3459,#3460,#3461,#3462,#3463,#3464,#3465,#3466,
    #3467,#3468,#3469,#3470,#3471,#3472,#3473,#3474,#3475,#3476,#3477,
    #3478,#3479),.UNSPECIFIED.,.F.,.F.,(7,5,5,5,5,5,5,5,5,5,5,5,7),(0.,
    0.158348092407,0.222200041243,0.260504249536,0.286462652597,
    0.35053299703,0.421254269772,0.500191007247,0.579136343504,
    0.648789924751,0.778312274532,0.842256681857,1.),.UNSPECIFIED.);
#3418 = CARTESIAN_POINT('',(-1.738796283281,-9.195058752474E-02));
#3419 = CARTESIAN_POINT('',(-1.751129706367,-0.136095337092));
#3420 = CARTESIAN_POINT('',(-1.765182471064,-0.179670017744));
#3421 = CARTESIAN_POINT('',(-1.781238975619,-0.222551755712));
#3422 = CARTESIAN_POINT('',(-1.799630909294,-0.264502667875));
#3423 = CARTESIAN_POINT('',(-1.820744653293,-0.305165805567));
#3424 = CARTESIAN_POINT('',(-1.854686276353,-0.359799130483));
#3425 = CARTESIAN_POINT('',(-1.864937874911,-0.375214545465));
#3426 = CARTESIAN_POINT('',(-1.875708676559,-0.390314703927));
#3427 = CARTESIAN_POINT('',(-1.887017350892,-0.405064695303));
#3428 = CARTESIAN_POINT('',(-1.898877817542,-0.419427228007));
#3429 = CARTESIAN_POINT('',(-1.918747122286,-0.441724629787));
#3430 = CARTESIAN_POINT('',(-1.926398279068,-0.449932032343));
#3431 = CARTESIAN_POINT('',(-1.934251973875,-0.457977867439));
#3432 = CARTESIAN_POINT('',(-1.942308674386,-0.465853838997));
#3433 = CARTESIAN_POINT('',(-1.95056779164,-0.473551748816));
#3434 = CARTESIAN_POINT('',(-1.964760867123,-0.486154137631));
#3435 = CARTESIAN_POINT('',(-1.970586252608,-0.491159305399));
#3436 = CARTESIAN_POINT('',(-1.976503302283,-0.496076495144));
#3437 = CARTESIAN_POINT('',(-1.982511237587,-0.500903292944));
#3438 = CARTESIAN_POINT('',(-1.988609035597,-0.505637375675));
#3439 = CARTESIAN_POINT('',(-2.010064640974,-0.521726791619));
#3440 = CARTESIAN_POINT('',(-2.025874163217,-0.532599029059));
#3441 = CARTESIAN_POINT('',(-2.042203721249,-0.542859090046));
#3442 = CARTESIAN_POINT('',(-2.05902586268,-0.552478667477));
#3443 = CARTESIAN_POINT('',(-2.076305957241,-0.561435280433));
#3444 = CARTESIAN_POINT('',(-2.113535423809,-0.578848474989));
#3445 = CARTESIAN_POINT('',(-2.133576914794,-0.587157056519));
#3446 = CARTESIAN_POINT('',(-2.154071726894,-0.594615611371));
#3447 = CARTESIAN_POINT('',(-2.174960355501,-0.601211646934));
#3448 = CARTESIAN_POINT('',(-2.196180705556,-0.606939197733));
#3449 = CARTESIAN_POINT('',(-2.241655770266,-0.617215811734));
#3450 = CARTESIAN_POINT('',(-2.265976791189,-0.621550683077));
#3451 = CARTESIAN_POINT('',(-2.290548183344,-0.624797078297));
#3452 = CARTESIAN_POINT('',(-2.315284924854,-0.62695587202));
#3453 = CARTESIAN_POINT('',(-2.34010303454,-0.628028812739));
#3454 = CARTESIAN_POINT('',(-2.389741053356,-0.628002282921));
#3455 = CARTESIAN_POINT('',(-2.414560251071,-0.626902576036));
#3456 = CARTESIAN_POINT('',(-2.439296431419,-0.624716764136));
#3457 = CARTESIAN_POINT('',(-2.463865565855,-0.621443086087));
#3458 = CARTESIAN_POINT('',(-2.488182581991,-0.617080686829));
#3459 = CARTESIAN_POINT('',(-2.533320004759,-0.606825784542));
#3460 = CARTESIAN_POINT('',(-2.554215204624,-0.60117381131));
#3461 = CARTESIAN_POINT('',(-2.574788204597,-0.594679449984));
#3462 = CARTESIAN_POINT('',(-2.594979704934,-0.587348437534));
#3463 = CARTESIAN_POINT('',(-2.614732822456,-0.579192644507));
#3464 = CARTESIAN_POINT('',(-2.669813202397,-0.553572976599));
#3465 = CARTESIAN_POINT('',(-2.703951473731,-0.534125648866));
#3466 = CARTESIAN_POINT('',(-2.736033481527,-0.512039050169));
#3467 = CARTESIAN_POINT('',(-2.765835855022,-0.487548871487));
#3468 = CARTESIAN_POINT('',(-2.793291051847,-0.460974523709));
#3469 = CARTESIAN_POINT('',(-2.830847114021,-0.418696894261));
#3470 = CARTESIAN_POINT('',(-2.842700099486,-0.404297742893));
#3471 = CARTESIAN_POINT('',(-2.854000199056,-0.389511374577));
#3472 = CARTESIAN_POINT('',(-2.864761535923,-0.374375179443));
#3473 = CARTESIAN_POINT('',(-2.875002966327,-0.358924130321));
#3474 = CARTESIAN_POINT('',(-2.908780236483,-0.304373524869));
#3475 = CARTESIAN_POINT('',(-2.929769435943,-0.263848891676));
#3476 = CARTESIAN_POINT('',(-2.948062537353,-0.222050695883));
#3477 = CARTESIAN_POINT('',(-2.964040963788,-0.17933060128));
#3478 = CARTESIAN_POINT('',(-2.978032348719,-0.135923327446));
#3479 = CARTESIAN_POINT('',(-2.990317714726,-9.195058752474E-02));
#3480 = ( GEOMETRIC_REPRESENTATION_CONTEXT(2) 
PARAMETRIC_REPRESENTATION_CONTEXT() REPRESENTATION_CONTEXT('2D SPACE',''
  ) );
#3481 = PCURVE('',#1948,#3482);
#3482 = DEFINITIONAL_REPRESENTATION('',(#3483),#3546);
#3483 = B_SPLINE_CURVE_WITH_KNOTS('',6,(#3484,#3485,#3486,#3487,#3488,
    #3489,#3490,#3491,#3492,#3493,#3494,#3495,#3496,#3497,#3498,#3499,
    #3500,#3501,#3502,#3503,#3504,#3505,#3506,#3507,#3508,#3509,#3510,
    #3511,#3512,#3513,#3514,#3515,#3516,#3517,#3518,#3519,#3520,#3521,
    #3522,#3523,#3524,#3525,#3526,#3527,#3528,#3529,#3530,#3531,#3532,
    #3533,#3534,#3535,#3536,#3537,#3538,#3539,#3540,#3541,#3542,#3543,
    #3544,#3545),.UNSPECIFIED.,.F.,.F.,(7,5,5,5,5,5,5,5,5,5,5,5,7),(0.,
    0.158348092407,0.222200041243,0.260504249536,0.286462652597,
    0.35053299703,0.421254269772,0.500191007247,0.579136343504,
    0.648789924751,0.778312274532,0.842256681857,1.),.UNSPECIFIED.);
#3484 = CARTESIAN_POINT('',(1.444963174112,-6.000000034589E-07));
#3485 = CARTESIAN_POINT('',(1.47253872417,4.38967077112E-02));
#3486 = CARTESIAN_POINT('',(1.501958423421,8.720537922629E-02));
#3487 = CARTESIAN_POINT('',(1.53351784597,0.12980094292));
#3488 = CARTESIAN_POINT('',(1.567536827494,0.171444477416));
#3489 = CARTESIAN_POINT('',(1.604368842484,0.21177930013));
#3490 = CARTESIAN_POINT('',(1.660439784675,0.265928004477));
#3491 = CARTESIAN_POINT('',(1.677057765857,0.281201412711));
#3492 = CARTESIAN_POINT('',(1.694198641364,0.296157096231));
#3493 = CARTESIAN_POINT('',(1.711876619954,0.310760538429));
#3494 = CARTESIAN_POINT('',(1.730100492099,0.324974974947));
#3495 = CARTESIAN_POINT('',(1.760132217642,0.347034046438));
#3496 = CARTESIAN_POINT('',(1.771589726791,0.355151771786));
#3497 = CARTESIAN_POINT('',(1.783244409463,0.363107763074));
#3498 = CARTESIAN_POINT('',(1.795095483522,0.37089388839));
#3499 = CARTESIAN_POINT('',(1.807141102232,0.378502130966));
#3500 = CARTESIAN_POINT('',(1.827671425297,0.390954719553));
#3501 = CARTESIAN_POINT('',(1.836052504425,0.395899549786));
#3502 = CARTESIAN_POINT('',(1.844520665802,0.400756636978));
#3503 = CARTESIAN_POINT('',(1.853074755902,0.405523631616));
#3504 = CARTESIAN_POINT('',(1.861713393513,0.410198277564));
#3505 = CARTESIAN_POINT('',(1.891961501667,0.42608306723));
#3506 = CARTESIAN_POINT('',(1.913994071091,0.43681231758));
#3507 = CARTESIAN_POINT('',(1.936506961184,0.446933115821));
#3508 = CARTESIAN_POINT('',(1.959468825595,0.456418238945));
#3509 = CARTESIAN_POINT('',(1.982842688446,0.465246288233));
#3510 = CARTESIAN_POINT('',(2.032793908253,0.482403675194));
#3511 = CARTESIAN_POINT('',(2.059453498063,0.490586512062));
#3512 = CARTESIAN_POINT('',(2.086508786402,0.497929194812));
#3513 = CARTESIAN_POINT('',(2.113902844523,0.504420497135));
#3514 = CARTESIAN_POINT('',(2.141578794323,0.510055528177));
#3515 = CARTESIAN_POINT('',(2.200624220453,0.520163951436));
#3516 = CARTESIAN_POINT('',(2.23204950395,0.524426356797));
#3517 = CARTESIAN_POINT('',(2.263682215145,0.527617682933));
#3518 = CARTESIAN_POINT('',(2.295450524823,0.529739581085));
#3519 = CARTESIAN_POINT('',(2.327285230699,0.530794190534));
#3520 = CARTESIAN_POINT('',(2.390957672807,0.530768114029));
#3521 = CARTESIAN_POINT('',(2.422794524957,0.529687195761));
#3522 = CARTESIAN_POINT('',(2.454563627918,0.527538735159));
#3523 = CARTESIAN_POINT('',(2.486195721496,0.524320574355));
#3524 = CARTESIAN_POINT('',(2.517618899127,0.520031075642));
#3525 = CARTESIAN_POINT('',(2.576233155443,0.509943936892));
#3526 = CARTESIAN_POINT('',(2.603487178214,0.50438323237));
#3527 = CARTESIAN_POINT('',(2.630467360356,0.497991977458));
#3528 = CARTESIAN_POINT('',(2.657119375218,0.490774882756));
#3529 = CARTESIAN_POINT('',(2.683388826828,0.482742611744));
#3530 = CARTESIAN_POINT('',(2.757259987978,0.457499799928));
#3531 = CARTESIAN_POINT('',(2.803813857572,0.438326249806));
#3532 = CARTESIAN_POINT('',(2.848490623273,0.416533390231));
#3533 = CARTESIAN_POINT('',(2.891039039366,0.392347055907));
#3534 = CARTESIAN_POINT('',(2.931340025572,0.366078634479));
#3535 = CARTESIAN_POINT('',(2.988141938158,0.324252216759));
#3536 = CARTESIAN_POINT('',(3.006367343628,0.310001304148));
#3537 = CARTESIAN_POINT('',(3.02404559594,0.295361603624));
#3538 = CARTESIAN_POINT('',(3.041185684879,0.280369979684));
#3539 = CARTESIAN_POINT('',(3.057802008416,0.265061013214));
#3540 = CARTESIAN_POINT('',(3.113654610599,0.210993411742));
#3541 = CARTESIAN_POINT('',(3.150299400679,0.17079548879));
#3542 = CARTESIAN_POINT('',(3.184157189501,0.12930322572));
#3543 = CARTESIAN_POINT('',(3.21557709867,8.68680345522E-02));
#3544 = CARTESIAN_POINT('',(3.244875115162,4.372566222065E-02));
#3545 = CARTESIAN_POINT('',(3.272343217321,-6.E-07));
#3546 = ( GEOMETRIC_REPRESENTATION_CONTEXT(2) 
PARAMETRIC_REPRESENTATION_CONTEXT() REPRESENTATION_CONTEXT('2D SPACE',''
  ) );
#3547 = ORIENTED_EDGE('',*,*,#1889,.T.);
#3548 = ORIENTED_EDGE('',*,*,#2246,.F.);
#3549 = ORIENTED_EDGE('',*,*,#3550,.T.);
#3550 = EDGE_CURVE('',#2247,#3304,#3551,.T.);
#3551 = SURFACE_CURVE('',#3552,(#3557,#3564),.PCURVE_S1.);
#3552 = CIRCLE('',#3553,0.3);
#3553 = AXIS2_PLACEMENT_3D('',#3554,#3555,#3556);
#3554 = CARTESIAN_POINT('',(2.539842705208,-2.539842705208,10.95));
#3555 = DIRECTION('',(-0.128254195209,0.128254195209,0.983413302138));
#3556 = DIRECTION('',(0.991602623083,-3.469446951954E-18,0.129322225065)
  );
#3557 = PCURVE('',#1906,#3558);
#3558 = DEFINITIONAL_REPRESENTATION('',(#3559),#3563);
#3559 = LINE('',#3560,#3561);
#3560 = CARTESIAN_POINT('',(-0.,-0.));
#3561 = VECTOR('',#3562,1.);
#3562 = DIRECTION('',(-1.,-0.));
#3563 = ( GEOMETRIC_REPRESENTATION_CONTEXT(2) 
PARAMETRIC_REPRESENTATION_CONTEXT() REPRESENTATION_CONTEXT('2D SPACE',''
  ) );
#3564 = PCURVE('',#2298,#3565);
#3565 = DEFINITIONAL_REPRESENTATION('',(#3566),#3570);
#3566 = CIRCLE('',#3567,0.3);
#3567 = AXIS2_PLACEMENT_2D('',#3568,#3569);
#3568 = CARTESIAN_POINT('',(0.,0.));
#3569 = DIRECTION('',(1.,0.));
#3570 = ( GEOMETRIC_REPRESENTATION_CONTEXT(2) 
PARAMETRIC_REPRESENTATION_CONTEXT() REPRESENTATION_CONTEXT('2D SPACE',''
  ) );
#3571 = ORIENTED_EDGE('',*,*,#3303,.T.);
#3572 = ORIENTED_EDGE('',*,*,#3573,.F.);
#3573 = EDGE_CURVE('',#3574,#3262,#3576,.T.);
#3574 = VERTEX_POINT('',#3575);
#3575 = CARTESIAN_POINT('',(2.574955208978,-2.417391570713,12.55));
#3576 = SURFACE_CURVE('',#3577,(#3582,#3602),.PCURVE_S1.);
#3577 = ELLIPSE('',#3578,0.25817977688,0.253893958396);
#3578 = AXIS2_PLACEMENT_3D('',#3579,#3580,#3581);
#3579 = CARTESIAN_POINT('',(2.332129137489,-2.332129137489,12.55));
#3580 = DIRECTION('',(0.,0.,1.));
#3581 = DIRECTION('',(0.707106781187,-0.707106781187,0.));
#3582 = PCURVE('',#1906,#3583);
#3583 = DEFINITIONAL_REPRESENTATION('',(#3584),#3601);
#3584 = B_SPLINE_CURVE_WITH_KNOTS('',8,(#3585,#3586,#3587,#3588,#3589,
    #3590,#3591,#3592,#3593,#3594,#3595,#3596,#3597,#3598,#3599,#3600),
  .UNSPECIFIED.,.F.,.F.,(9,7,9),(0.780707566798,3.922300220388,
    7.063892873977),.UNSPECIFIED.);
#3585 = CARTESIAN_POINT('',(1.7763568394E-15,-1.593473963644));
#3586 = CARTESIAN_POINT('',(-0.391240889927,-1.606416130696));
#3587 = CARTESIAN_POINT('',(-0.783125406723,-1.625222583316));
#3588 = CARTESIAN_POINT('',(-1.175995535971,-1.646841778966));
#3589 = CARTESIAN_POINT('',(-1.569989011213,-1.666349180284));
#3590 = CARTESIAN_POINT('',(-1.964862087,-1.678209959705));
#3591 = CARTESIAN_POINT('',(-2.359982073243,-1.680029403973));
#3592 = CARTESIAN_POINT('',(-2.754792764602,-1.672951316099));
#3593 = CARTESIAN_POINT('',(-3.543107512705,-1.647066981994));
#3594 = CARTESIAN_POINT('',(-3.936611592728,-1.628260529374));
#3595 = CARTESIAN_POINT('',(-4.329120719977,-1.606641333712));
#3596 = CARTESIAN_POINT('',(-4.720507345712,-1.587133932409));
#3597 = CARTESIAN_POINT('',(-5.111050061995,-1.575273152973));
#3598 = CARTESIAN_POINT('',(-5.501347180757,-1.573453708719));
#3599 = CARTESIAN_POINT('',(-5.891944417253,-1.580531796591));
#3600 = CARTESIAN_POINT('',(-6.28318530718,-1.593473963644));
#3601 = ( GEOMETRIC_REPRESENTATION_CONTEXT(2) 
PARAMETRIC_REPRESENTATION_CONTEXT() REPRESENTATION_CONTEXT('2D SPACE',''
  ) );
#3602 = PCURVE('',#3291,#3603);
#3603 = DEFINITIONAL_REPRESENTATION('',(#3604),#3608);
#3604 = ELLIPSE('',#3605,0.25817977688,0.253893958396);
#3605 = AXIS2_PLACEMENT_2D('',#3606,#3607);
#3606 = CARTESIAN_POINT('',(2.332129137489,-2.332129137489));
#3607 = DIRECTION('',(0.707106781187,-0.707106781187));
#3608 = ( GEOMETRIC_REPRESENTATION_CONTEXT(2) 
PARAMETRIC_REPRESENTATION_CONTEXT() REPRESENTATION_CONTEXT('2D SPACE',''
  ) );
#3609 = ORIENTED_EDGE('',*,*,#3610,.F.);
#3610 = EDGE_CURVE('',#3611,#3574,#3613,.T.);
#3611 = VERTEX_POINT('',#3612);
#3612 = CARTESIAN_POINT('',(2.417391570713,-2.574955208978,12.55));
#3613 = SURFACE_CURVE('',#3614,(#3645,#3679),.PCURVE_S1.);
#3614 = B_SPLINE_CURVE_WITH_KNOTS('',5,(#3615,#3616,#3617,#3618,#3619,
    #3620,#3621,#3622,#3623,#3624,#3625,#3626,#3627,#3628,#3629,#3630,
    #3631,#3632,#3633,#3634,#3635,#3636,#3637,#3638,#3639,#3640,#3641,
    #3642,#3643,#3644),.UNSPECIFIED.,.F.,.F.,(6,4,4,4,4,4,4,6),(0.,
    0.227377259818,0.324607496471,0.499595685766,0.619021179607,
    0.676630967805,0.77394523182,1.),.UNSPECIFIED.);
#3615 = CARTESIAN_POINT('',(2.417391366299,-2.574955400885,12.5499994));
#3616 = CARTESIAN_POINT('',(2.423391891457,-2.569322053719,
    12.567612234254));
#3617 = CARTESIAN_POINT('',(2.429691265953,-2.56337524395,
    12.584226952607));
#3618 = CARTESIAN_POINT('',(2.436311823487,-2.557087191303,
    12.599646559558));
#3619 = CARTESIAN_POINT('',(2.443262876109,-2.550440063541,
    12.613554129952));
#3620 = CARTESIAN_POINT('',(2.453628936063,-2.540452709373,
    12.630718795625));
#3621 = CARTESIAN_POINT('',(2.456790137896,-2.53739786687,
    12.635515197276));
#3622 = CARTESIAN_POINT('',(2.460005498845,-2.534280972389,
    12.639936219606));
#3623 = CARTESIAN_POINT('',(2.463271043697,-2.531105190458,
    12.643951640601));
#3624 = CARTESIAN_POINT('',(2.472537751395,-2.522063177345,
    12.653974100722));
#3625 = CARTESIAN_POINT('',(2.478640120422,-2.516074523812,
    12.659008691199));
#3626 = CARTESIAN_POINT('',(2.484848004935,-2.509944919032,
    12.662458235163));
#3627 = CARTESIAN_POINT('',(2.491105959915,-2.503726269869,
    12.66419060279));
#3628 = CARTESIAN_POINT('',(2.501600095604,-2.493232747872,
    12.664217649182));
#3629 = CARTESIAN_POINT('',(2.505848392326,-2.488966562238,
    12.66342924284));
#3630 = CARTESIAN_POINT('',(2.510066510666,-2.48471240429,12.66184101296
    ));
#3631 = CARTESIAN_POINT('',(2.514235836301,-2.480489623766,
    12.659480494832));
#3632 = CARTESIAN_POINT('',(2.520321129982,-2.47430105547,
    12.654903360335));
#3633 = CARTESIAN_POINT('',(2.522286500385,-2.472298303177,
    12.653244598379));
#3634 = CARTESIAN_POINT('',(2.524235367037,-2.470308414544,12.6514215874
    ));
#3635 = CARTESIAN_POINT('',(2.526166371467,-2.468332897976,
    12.649439937129));
#3636 = CARTESIAN_POINT('',(2.531308273306,-2.463062352476,
    12.64370087233));
#3637 = CARTESIAN_POINT('',(2.534484000757,-2.459796323578,
    12.639660606661));
#3638 = CARTESIAN_POINT('',(2.537600589034,-2.456580746305,
    12.635215188888));
#3639 = CARTESIAN_POINT('',(2.540654915701,-2.453419556135,
    12.630394926693));
#3640 = CARTESIAN_POINT('',(2.550593296482,-2.443102628611,
    12.613233098576));
#3641 = CARTESIAN_POINT('',(2.557195901051,-2.436197360385,
    12.59937973664));
#3642 = CARTESIAN_POINT('',(2.563443791279,-2.42961865418,
    12.584035398132));
#3643 = CARTESIAN_POINT('',(2.569354534417,-2.423357293687,
    12.567510682345));
#3644 = CARTESIAN_POINT('',(2.574955400885,-2.417391366299,12.5499994));
#3645 = PCURVE('',#1906,#3646);
#3646 = DEFINITIONAL_REPRESENTATION('',(#3647),#3678);
#3647 = B_SPLINE_CURVE_WITH_KNOTS('',5,(#3648,#3649,#3650,#3651,#3652,
    #3653,#3654,#3655,#3656,#3657,#3658,#3659,#3660,#3661,#3662,#3663,
    #3664,#3665,#3666,#3667,#3668,#3669,#3670,#3671,#3672,#3673,#3674,
    #3675,#3676,#3677),.UNSPECIFIED.,.F.,.F.,(6,4,4,4,4,4,4,6),(0.,
    0.227377259818,0.324607496471,0.499595685766,0.619021179607,
    0.676630967805,0.77394523182,1.),.UNSPECIFIED.);
#3648 = CARTESIAN_POINT('',(-5.05414929084,-1.584662240772));
#3649 = CARTESIAN_POINT('',(-5.089066637727,-1.601935844147));
#3650 = CARTESIAN_POINT('',(-5.125351161385,-1.618229761281));
#3651 = CARTESIAN_POINT('',(-5.163142037598,-1.633350962724));
#3652 = CARTESIAN_POINT('',(-5.202516192537,-1.646988872812));
#3653 = CARTESIAN_POINT('',(-5.260918411088,-1.663820262756));
#3654 = CARTESIAN_POINT('',(-5.278689795695,-1.668523466911));
#3655 = CARTESIAN_POINT('',(-5.296732716416,-1.672858530343));
#3656 = CARTESIAN_POINT('',(-5.315031441084,-1.676795836291));
#3657 = CARTESIAN_POINT('',(-5.366909311852,-1.686623238872));
#3658 = CARTESIAN_POINT('',(-5.401016622352,-1.691559737628));
#3659 = CARTESIAN_POINT('',(-5.435704459891,-1.694942025345));
#3660 = CARTESIAN_POINT('',(-5.470725515356,-1.696640617577));
#3661 = CARTESIAN_POINT('',(-5.529636086422,-1.696667136651));
#3662 = CARTESIAN_POINT('',(-5.553535321713,-1.695894101694));
#3663 = CARTESIAN_POINT('',(-5.577333843819,-1.694336837534));
#3664 = CARTESIAN_POINT('',(-5.600942827332,-1.692022328421));
#3665 = CARTESIAN_POINT('',(-5.635546574456,-1.687534358873));
#3666 = CARTESIAN_POINT('',(-5.646745767136,-1.685907904685));
#3667 = CARTESIAN_POINT('',(-5.657875645874,-1.68412039268));
#3668 = CARTESIAN_POINT('',(-5.668929562372,-1.682177320311));
#3669 = CARTESIAN_POINT('',(-5.698437082006,-1.676549946735));
#3670 = CARTESIAN_POINT('',(-5.716739720235,-1.672588277272));
#3671 = CARTESIAN_POINT('',(-5.73478537216,-1.668229290054));
#3672 = CARTESIAN_POINT('',(-5.752558509173,-1.663502685784));
#3673 = CARTESIAN_POINT('',(-5.810690890388,-1.646674065932));
#3674 = CARTESIAN_POINT('',(-5.849810668338,-1.633089303409));
#3675 = CARTESIAN_POINT('',(-5.887366400933,-1.618041905345));
#3676 = CARTESIAN_POINT('',(-5.923433993559,-1.601836248172));
#3677 = CARTESIAN_POINT('',(-5.958150014347,-1.584662240772));
#3678 = ( GEOMETRIC_REPRESENTATION_CONTEXT(2) 
PARAMETRIC_REPRESENTATION_CONTEXT() REPRESENTATION_CONTEXT('2D SPACE',''
  ) );
#3679 = PCURVE('',#3680,#3685);
#3680 = CYLINDRICAL_SURFACE('',#3681,3.53188);
#3681 = AXIS2_PLACEMENT_3D('',#3682,#3683,#3684);
#3682 = CARTESIAN_POINT('',(0.,0.,12.55));
#3683 = DIRECTION('',(-0.,-0.,-1.));
#3684 = DIRECTION('',(1.,0.,0.));
#3685 = DEFINITIONAL_REPRESENTATION('',(#3686),#3717);
#3686 = B_SPLINE_CURVE_WITH_KNOTS('',5,(#3687,#3688,#3689,#3690,#3691,
    #3692,#3693,#3694,#3695,#3696,#3697,#3698,#3699,#3700,#3701,#3702,
    #3703,#3704,#3705,#3706,#3707,#3708,#3709,#3710,#3711,#3712,#3713,
    #3714,#3715,#3716),.UNSPECIFIED.,.F.,.F.,(6,4,4,4,4,4,4,6),(0.,
    0.227377259818,0.324607496471,0.499595685766,0.619021179607,
    0.676630967805,0.77394523182,1.),.UNSPECIFIED.);
#3687 = CARTESIAN_POINT('',(-5.466236501078,5.999999128647E-07));
#3688 = CARTESIAN_POINT('',(-5.468566842472,-1.761223425355E-02));
#3689 = CARTESIAN_POINT('',(-5.471019619711,-3.422695260662E-02));
#3690 = CARTESIAN_POINT('',(-5.473604852548,-4.964655955772E-02));
#3691 = CARTESIAN_POINT('',(-5.476327963012,-6.355412995242E-02));
#3692 = CARTESIAN_POINT('',(-5.480403562467,-8.071879562511E-02));
#3693 = CARTESIAN_POINT('',(-5.481648238256,-8.551519727568E-02));
#3694 = CARTESIAN_POINT('',(-5.482916150696,-8.993621960637E-02));
#3695 = CARTESIAN_POINT('',(-5.484205872253,-9.395164060114E-02));
#3696 = CARTESIAN_POINT('',(-5.487871680704,-0.103974100722));
#3697 = CARTESIAN_POINT('',(-5.490292484153,-0.109008691199));
#3698 = CARTESIAN_POINT('',(-5.492762568008,-0.112458235163));
#3699 = CARTESIAN_POINT('',(-5.495260470522,-0.11419060279));
#3700 = CARTESIAN_POINT('',(-5.499462344617,-0.114217649182));
#3701 = CARTESIAN_POINT('',(-5.501167002708,-0.11342924284));
#3702 = CARTESIAN_POINT('',(-5.502863221095,-0.11184101296));
#3703 = CARTESIAN_POINT('',(-5.504543409316,-0.109480494832));
#3704 = CARTESIAN_POINT('',(-5.507000808281,-0.104903360335));
#3705 = CARTESIAN_POINT('',(-5.507795288712,-0.103244598379));
#3706 = CARTESIAN_POINT('',(-5.508583896995,-0.1014215874));
#3707 = CARTESIAN_POINT('',(-5.509366059899,-9.943993712914E-02));
#3708 = CARTESIAN_POINT('',(-5.511450862901,-9.370087232992E-02));
#3709 = CARTESIAN_POINT('',(-5.512740671958,-8.966060666092E-02));
#3710 = CARTESIAN_POINT('',(-5.514008568036,-8.521518888795E-02));
#3711 = CARTESIAN_POINT('',(-5.515253139964,-8.039492669267E-02));
#3712 = CARTESIAN_POINT('',(-5.519309100777,-6.323309857553E-02));
#3713 = CARTESIAN_POINT('',(-5.522014130307,-4.937973663997E-02));
#3714 = CARTESIAN_POINT('',(-5.524582940489,-3.40353981316E-02));
#3715 = CARTESIAN_POINT('',(-5.527020881352,-1.751068234475E-02));
#3716 = CARTESIAN_POINT('',(-5.529337786487,6.000000000034E-07));
#3717 = ( GEOMETRIC_REPRESENTATION_CONTEXT(2) 
PARAMETRIC_REPRESENTATION_CONTEXT() REPRESENTATION_CONTEXT('2D SPACE',''
  ) );
#3718 = ORIENTED_EDGE('',*,*,#3719,.F.);
#3719 = EDGE_CURVE('',#3720,#3611,#3722,.T.);
#3720 = VERTEX_POINT('',#3721);
#3721 = CARTESIAN_POINT('',(2.086995326117,-2.25408456877,12.55));
#3722 = SURFACE_CURVE('',#3723,(#3728,#3748),.PCURVE_S1.);
#3723 = ELLIPSE('',#3724,0.25817977688,0.253893958396);
#3724 = AXIS2_PLACEMENT_3D('',#3725,#3726,#3727);
#3725 = CARTESIAN_POINT('',(2.332129137489,-2.332129137489,12.55));
#3726 = DIRECTION('',(0.,0.,1.));
#3727 = DIRECTION('',(0.707106781187,-0.707106781187,0.));
#3728 = PCURVE('',#1906,#3729);
#3729 = DEFINITIONAL_REPRESENTATION('',(#3730),#3747);
#3730 = B_SPLINE_CURVE_WITH_KNOTS('',8,(#3731,#3732,#3733,#3734,#3735,
    #3736,#3737,#3738,#3739,#3740,#3741,#3742,#3743,#3744,#3745,#3746),
  .UNSPECIFIED.,.F.,.F.,(9,7,9),(0.780707566798,3.922300220388,
    7.063892873977),.UNSPECIFIED.);
#3731 = CARTESIAN_POINT('',(1.7763568394E-15,-1.593473963644));
#3732 = CARTESIAN_POINT('',(-0.391240889927,-1.606416130696));
#3733 = CARTESIAN_POINT('',(-0.783125406723,-1.625222583316));
#3734 = CARTESIAN_POINT('',(-1.175995535971,-1.646841778966));
#3735 = CARTESIAN_POINT('',(-1.569989011213,-1.666349180284));
#3736 = CARTESIAN_POINT('',(-1.964862087,-1.678209959705));
#3737 = CARTESIAN_POINT('',(-2.359982073243,-1.680029403973));
#3738 = CARTESIAN_POINT('',(-2.754792764602,-1.672951316099));
#3739 = CARTESIAN_POINT('',(-3.543107512705,-1.647066981994));
#3740 = CARTESIAN_POINT('',(-3.936611592728,-1.628260529374));
#3741 = CARTESIAN_POINT('',(-4.329120719977,-1.606641333712));
#3742 = CARTESIAN_POINT('',(-4.720507345712,-1.587133932409));
#3743 = CARTESIAN_POINT('',(-5.111050061995,-1.575273152973));
#3744 = CARTESIAN_POINT('',(-5.501347180757,-1.573453708719));
#3745 = CARTESIAN_POINT('',(-5.891944417253,-1.580531796591));
#3746 = CARTESIAN_POINT('',(-6.28318530718,-1.593473963644));
#3747 = ( GEOMETRIC_REPRESENTATION_CONTEXT(2) 
PARAMETRIC_REPRESENTATION_CONTEXT() REPRESENTATION_CONTEXT('2D SPACE',''
  ) );
#3748 = PCURVE('',#3749,#3754);
#3749 = PLANE('',#3750);
#3750 = AXIS2_PLACEMENT_3D('',#3751,#3752,#3753);
#3751 = CARTESIAN_POINT('',(-1.935853047866E-16,4.365790631274E-16,12.55
    ));
#3752 = DIRECTION('',(0.,0.,1.));
#3753 = DIRECTION('',(1.,0.,-0.));
#3754 = DEFINITIONAL_REPRESENTATION('',(#3755),#3759);
#3755 = ELLIPSE('',#3756,0.25817977688,0.253893958396);
#3756 = AXIS2_PLACEMENT_2D('',#3757,#3758);
#3757 = CARTESIAN_POINT('',(2.332129137489,-2.332129137489));
#3758 = DIRECTION('',(0.707106781187,-0.707106781187));
#3759 = ( GEOMETRIC_REPRESENTATION_CONTEXT(2) 
PARAMETRIC_REPRESENTATION_CONTEXT() REPRESENTATION_CONTEXT('2D SPACE',''
  ) );
#3760 = ORIENTED_EDGE('',*,*,#3761,.T.);
#3761 = EDGE_CURVE('',#3720,#3762,#3764,.T.);
#3762 = VERTEX_POINT('',#3763);
#3763 = CARTESIAN_POINT('',(2.050856920449,-2.287013910375,12.8));
#3764 = SURFACE_CURVE('',#3765,(#3774,#3786),.PCURVE_S1.);
#3765 = B_SPLINE_CURVE_WITH_KNOTS('',7,(#3766,#3767,#3768,#3769,#3770,
    #3771,#3772,#3773),.UNSPECIFIED.,.F.,.F.,(8,8),(0.,1.),
  .PIECEWISE_BEZIER_KNOTS.);
#3766 = CARTESIAN_POINT('',(2.086995442573,-2.254084460946,12.5499994));
#3767 = CARTESIAN_POINT('',(2.080437862724,-2.260155945621,
    12.583784988255));
#3768 = CARTESIAN_POINT('',(2.074467208836,-2.265642680342,
    12.618552511125));
#3769 = CARTESIAN_POINT('',(2.068979822012,-2.270654386441,
    12.654007732384));
#3770 = CARTESIAN_POINT('',(2.063917712657,-2.275252603516,
    12.689980193254));
#3771 = CARTESIAN_POINT('',(2.059232857632,-2.279487912174,
    12.726346052807));
#3772 = CARTESIAN_POINT('',(2.054889321905,-2.283397894784,
    12.763032276333));
#3773 = CARTESIAN_POINT('',(2.050856855001,-2.287013969064,12.8000006));
#3774 = PCURVE('',#1906,#3775);
#3775 = DEFINITIONAL_REPRESENTATION('',(#3776),#3785);
#3776 = B_SPLINE_CURVE_WITH_KNOTS('',7,(#3777,#3778,#3779,#3780,#3781,
    #3782,#3783,#3784),.UNSPECIFIED.,.F.,.F.,(8,8),(0.,1.),
  .PIECEWISE_BEZIER_KNOTS.);
#3777 = CARTESIAN_POINT('',(-2.851026025649,-1.668189948237));
#3778 = CARTESIAN_POINT('',(-2.892973031181,-1.701477488894));
#3779 = CARTESIAN_POINT('',(-2.932719742853,-1.735730398029));
#3780 = CARTESIAN_POINT('',(-2.970807674981,-1.770658542295));
#3781 = CARTESIAN_POINT('',(-3.007528428783,-1.806093834956));
#3782 = CARTESIAN_POINT('',(-3.043124714781,-1.841914161191));
#3783 = CARTESIAN_POINT('',(-3.077782149797,-1.878047486418));
#3784 = CARTESIAN_POINT('',(-3.111669021296,-1.914456031771));
#3785 = ( GEOMETRIC_REPRESENTATION_CONTEXT(2) 
PARAMETRIC_REPRESENTATION_CONTEXT() REPRESENTATION_CONTEXT('2D SPACE',''
  ) );
#3786 = PCURVE('',#3787,#3792);
#3787 = CYLINDRICAL_SURFACE('',#3788,3.07188);
#3788 = AXIS2_PLACEMENT_3D('',#3789,#3790,#3791);
#3789 = CARTESIAN_POINT('',(1.672306672652E-14,1.571716797605E-16,12.55)
  );
#3790 = DIRECTION('',(-0.,-0.,-1.));
#3791 = DIRECTION('',(1.,0.,0.));
#3792 = DEFINITIONAL_REPRESENTATION('',(#3793),#3802);
#3793 = B_SPLINE_CURVE_WITH_KNOTS('',7,(#3794,#3795,#3796,#3797,#3798,
    #3799,#3800,#3801),.UNSPECIFIED.,.F.,.F.,(8,8),(0.,1.),
  .PIECEWISE_BEZIER_KNOTS.);
#3794 = CARTESIAN_POINT('',(-5.459315938116,6.000000354334E-07));
#3795 = CARTESIAN_POINT('',(-5.456406739298,-3.378498825549E-02));
#3796 = CARTESIAN_POINT('',(-5.453767064693,-6.855251112483E-02));
#3797 = CARTESIAN_POINT('',(-5.451347847007,-0.104007732384));
#3798 = CARTESIAN_POINT('',(-5.449121616202,-0.139980193254));
#3799 = CARTESIAN_POINT('',(-5.447065712355,-0.176346052807));
#3800 = CARTESIAN_POINT('',(-5.445163244018,-0.213032276333));
#3801 = CARTESIAN_POINT('',(-5.443400042324,-0.2500006));
#3802 = ( GEOMETRIC_REPRESENTATION_CONTEXT(2) 
PARAMETRIC_REPRESENTATION_CONTEXT() REPRESENTATION_CONTEXT('2D SPACE',''
  ) );
#3803 = ORIENTED_EDGE('',*,*,#3804,.T.);
#3804 = EDGE_CURVE('',#3762,#3154,#3805,.T.);
#3805 = SURFACE_CURVE('',#3806,(#3811,#3831),.PCURVE_S1.);
#3806 = ELLIPSE('',#3807,0.250853449499,0.246689249021);
#3807 = AXIS2_PLACEMENT_3D('',#3808,#3809,#3810);
#3808 = CARTESIAN_POINT('',(2.299497711492,-2.299497711492,12.8));
#3809 = DIRECTION('',(0.,0.,1.));
#3810 = DIRECTION('',(0.707106781187,-0.707106781187,0.));
#3811 = PCURVE('',#1906,#3812);
#3812 = DEFINITIONAL_REPRESENTATION('',(#3813),#3830);
#3813 = B_SPLINE_CURVE_WITH_KNOTS('',8,(#3814,#3815,#3816,#3817,#3818,
    #3819,#3820,#3821,#3822,#3823,#3824,#3825,#3826,#3827,#3828,#3829),
  .UNSPECIFIED.,.F.,.F.,(9,7,9),(0.780707566798,3.922300220388,
    7.063892873977),.UNSPECIFIED.);
#3814 = CARTESIAN_POINT('',(-1.793512263674E-15,-1.848641553043));
#3815 = CARTESIAN_POINT('',(-0.391240889927,-1.861216462233));
#3816 = CARTESIAN_POINT('',(-0.783125406736,-1.879489247072));
#3817 = CARTESIAN_POINT('',(-1.175995535968,-1.900494958165));
#3818 = CARTESIAN_POINT('',(-1.569989011246,-1.919448801003));
#3819 = CARTESIAN_POINT('',(-1.964862086989,-1.930973008915));
#3820 = CARTESIAN_POINT('',(-2.359982073253,-1.932740823101));
#3821 = CARTESIAN_POINT('',(-2.754792764602,-1.925863589026));
#3822 = CARTESIAN_POINT('',(-3.543107512705,-1.900713770645));
#3823 = CARTESIAN_POINT('',(-3.93661159275,-1.882440985806));
#3824 = CARTESIAN_POINT('',(-4.329120719951,-1.861435274701));
#3825 = CARTESIAN_POINT('',(-4.720507345795,-1.842481431885));
#3826 = CARTESIAN_POINT('',(-5.111050061969,-1.83095722395));
#3827 = CARTESIAN_POINT('',(-5.501347180771,-1.829189409776));
#3828 = CARTESIAN_POINT('',(-5.891944417253,-1.836066643852));
#3829 = CARTESIAN_POINT('',(-6.28318530718,-1.848641553043));
#3830 = ( GEOMETRIC_REPRESENTATION_CONTEXT(2) 
PARAMETRIC_REPRESENTATION_CONTEXT() REPRESENTATION_CONTEXT('2D SPACE',''
  ) );
#3831 = PCURVE('',#3206,#3832);
#3832 = DEFINITIONAL_REPRESENTATION('',(#3833),#3837);
#3833 = ELLIPSE('',#3834,0.250853449499,0.246689249021);
#3834 = AXIS2_PLACEMENT_2D('',#3835,#3836);
#3835 = CARTESIAN_POINT('',(2.299497711492,-2.299497711492));
#3836 = DIRECTION('',(0.707106781187,-0.707106781187));
#3837 = ( GEOMETRIC_REPRESENTATION_CONTEXT(2) 
PARAMETRIC_REPRESENTATION_CONTEXT() REPRESENTATION_CONTEXT('2D SPACE',''
  ) );
#3838 = ORIENTED_EDGE('',*,*,#3153,.T.);
#3839 = ORIENTED_EDGE('',*,*,#3840,.F.);
#3840 = EDGE_CURVE('',#3093,#3122,#3841,.T.);
#3841 = SURFACE_CURVE('',#3842,(#3847,#3859),.PCURVE_S1.);
#3842 = ELLIPSE('',#3843,0.203378848075,0.200002732267);
#3843 = AXIS2_PLACEMENT_3D('',#3844,#3845,#3846);
#3844 = CARTESIAN_POINT('',(2.088046071027,-2.088046071027,14.42));
#3845 = DIRECTION('',(0.,0.,1.));
#3846 = DIRECTION('',(0.707106781187,-0.707106781187,0.));
#3847 = PCURVE('',#1906,#3848);
#3848 = DEFINITIONAL_REPRESENTATION('',(#3849),#3858);
#3849 = B_SPLINE_CURVE_WITH_KNOTS('',7,(#3850,#3851,#3852,#3853,#3854,
    #3855,#3856,#3857),.UNSPECIFIED.,.F.,.F.,(8,8),(4.707161901184,
    7.063892873977),.PIECEWISE_BEZIER_KNOTS.);
#3850 = CARTESIAN_POINT('',(-3.935353325798,-3.528526604689));
#3851 = CARTESIAN_POINT('',(-4.272033778496,-3.516107268106));
#3852 = CARTESIAN_POINT('',(-4.608022931011,-3.503663550711));
#3853 = CARTESIAN_POINT('',(-4.943322863515,-3.493485814191));
#3854 = CARTESIAN_POINT('',(-5.278125576655,-3.487914324958));
#3855 = CARTESIAN_POINT('',(-5.612816782934,-3.488113059991));
#3856 = CARTESIAN_POINT('',(-5.94775961717,-3.493386904149));
#3857 = CARTESIAN_POINT('',(-6.28318530718,-3.502127532349));
#3858 = ( GEOMETRIC_REPRESENTATION_CONTEXT(2) 
PARAMETRIC_REPRESENTATION_CONTEXT() REPRESENTATION_CONTEXT('2D SPACE',''
  ) );
#3859 = PCURVE('',#3141,#3860);
#3860 = DEFINITIONAL_REPRESENTATION('',(#3861),#3865);
#3861 = ELLIPSE('',#3862,0.203378848075,0.200002732267);
#3862 = AXIS2_PLACEMENT_2D('',#3863,#3864);
#3863 = CARTESIAN_POINT('',(7.517057775948E-04,-7.517057775948E-04));
#3864 = DIRECTION('',(0.707106781187,-0.707106781187));
#3865 = ( GEOMETRIC_REPRESENTATION_CONTEXT(2) 
PARAMETRIC_REPRESENTATION_CONTEXT() REPRESENTATION_CONTEXT('2D SPACE',''
  ) );
#3866 = ADVANCED_FACE('',(#3867),#1948,.T.);
#3867 = FACE_BOUND('',#3868,.T.);
#3868 = EDGE_LOOP('',(#3869,#3870));
#3869 = ORIENTED_EDGE('',*,*,#3350,.F.);
#3870 = ORIENTED_EDGE('',*,*,#1931,.T.);
#3871 = ADVANCED_FACE('',(#3872),#1703,.T.);
#3872 = FACE_BOUND('',#3873,.T.);
#3873 = EDGE_LOOP('',(#3874,#3875,#3876,#3899,#3936,#4040,#4082,#4125,
    #4162,#4185,#4214,#4249,#4271,#4272,#4309,#4347,#4382,#4383,#4384,
    #4639,#4640,#4641));
#3874 = ORIENTED_EDGE('',*,*,#2215,.F.);
#3875 = ORIENTED_EDGE('',*,*,#1828,.T.);
#3876 = ORIENTED_EDGE('',*,*,#3877,.T.);
#3877 = EDGE_CURVE('',#1792,#3878,#3880,.T.);
#3878 = VERTEX_POINT('',#3879);
#3879 = CARTESIAN_POINT('',(-2.076085009346,-2.326908699021,12.55));
#3880 = SEAM_CURVE('',#3881,(#3885,#3892),.PCURVE_S1.);
#3881 = LINE('',#3882,#3883);
#3882 = CARTESIAN_POINT('',(-2.242361918284,-2.539842705208,
    10.911203332481));
#3883 = VECTOR('',#3884,1.);
#3884 = DIRECTION('',(0.100111543835,0.128202720574,0.986682188563));
#3885 = PCURVE('',#1703,#3886);
#3886 = DEFINITIONAL_REPRESENTATION('',(#3887),#3891);
#3887 = LINE('',#3888,#3889);
#3888 = CARTESIAN_POINT('',(0.,-0.));
#3889 = VECTOR('',#3890,1.);
#3890 = DIRECTION('',(-0.,-1.));
#3891 = ( GEOMETRIC_REPRESENTATION_CONTEXT(2) 
PARAMETRIC_REPRESENTATION_CONTEXT() REPRESENTATION_CONTEXT('2D SPACE',''
  ) );
#3892 = PCURVE('',#1703,#3893);
#3893 = DEFINITIONAL_REPRESENTATION('',(#3894),#3898);
#3894 = LINE('',#3895,#3896);
#3895 = CARTESIAN_POINT('',(-6.28318530718,0.));
#3896 = VECTOR('',#3897,1.);
#3897 = DIRECTION('',(-0.,-1.));
#3898 = ( GEOMETRIC_REPRESENTATION_CONTEXT(2) 
PARAMETRIC_REPRESENTATION_CONTEXT() REPRESENTATION_CONTEXT('2D SPACE',''
  ) );
#3899 = ORIENTED_EDGE('',*,*,#3900,.F.);
#3900 = EDGE_CURVE('',#3901,#3878,#3903,.T.);
#3901 = VERTEX_POINT('',#3902);
#3902 = CARTESIAN_POINT('',(-2.417391570713,-2.574955208978,12.55));
#3903 = SURFACE_CURVE('',#3904,(#3909,#3929),.PCURVE_S1.);
#3904 = ELLIPSE('',#3905,0.25817977688,0.253893958396);
#3905 = AXIS2_PLACEMENT_3D('',#3906,#3907,#3908);
#3906 = CARTESIAN_POINT('',(-2.332129137489,-2.332129137489,12.55));
#3907 = DIRECTION('',(0.,0.,1.));
#3908 = DIRECTION('',(-0.707106781187,-0.707106781187,0.));
#3909 = PCURVE('',#1703,#3910);
#3910 = DEFINITIONAL_REPRESENTATION('',(#3911),#3928);
#3911 = B_SPLINE_CURVE_WITH_KNOTS('',8,(#3912,#3913,#3914,#3915,#3916,
    #3917,#3918,#3919,#3920,#3921,#3922,#3923,#3924,#3925,#3926,#3927),
  .UNSPECIFIED.,.F.,.F.,(9,7,9),(2.368215251884,5.509807905473,
    8.651400559063),.UNSPECIFIED.);
#3912 = CARTESIAN_POINT('',(1.7763568394E-15,-1.660249833072));
#3913 = CARTESIAN_POINT('',(-0.394168003057,-1.673095890885));
#3914 = CARTESIAN_POINT('',(-0.788984505813,-1.680035442628));
#3915 = CARTESIAN_POINT('',(-1.18410295004,-1.678057694538));
#3916 = CARTESIAN_POINT('',(-1.578966088961,-1.666055051901));
#3917 = CARTESIAN_POINT('',(-1.972943402351,-1.646462571617));
#3918 = CARTESIAN_POINT('',(-2.365795854156,-1.624832106169));
#3919 = CARTESIAN_POINT('',(-2.757665083859,-1.60607933743));
#3920 = CARTESIAN_POINT('',(-3.540125920251,-1.580387221805));
#3921 = CARTESIAN_POINT('',(-3.930717497823,-1.573447670062));
#3922 = CARTESIAN_POINT('',(-4.321016179911,-1.57542541815));
#3923 = CARTESIAN_POINT('',(-4.711568490468,-1.587428060776));
#3924 = CARTESIAN_POINT('',(-5.102970944562,-1.607020541074));
#3925 = CARTESIAN_POINT('',(-5.495497779741,-1.628651006521));
#3926 = CARTESIAN_POINT('',(-5.889017304122,-1.647403775259));
#3927 = CARTESIAN_POINT('',(-6.28318530718,-1.660249833072));
#3928 = ( GEOMETRIC_REPRESENTATION_CONTEXT(2) 
PARAMETRIC_REPRESENTATION_CONTEXT() REPRESENTATION_CONTEXT('2D SPACE',''
  ) );
#3929 = PCURVE('',#3749,#3930);
#3930 = DEFINITIONAL_REPRESENTATION('',(#3931),#3935);
#3931 = ELLIPSE('',#3932,0.25817977688,0.253893958396);
#3932 = AXIS2_PLACEMENT_2D('',#3933,#3934);
#3933 = CARTESIAN_POINT('',(-2.332129137489,-2.332129137489));
#3934 = DIRECTION('',(-0.707106781187,-0.707106781187));
#3935 = ( GEOMETRIC_REPRESENTATION_CONTEXT(2) 
PARAMETRIC_REPRESENTATION_CONTEXT() REPRESENTATION_CONTEXT('2D SPACE',''
  ) );
#3936 = ORIENTED_EDGE('',*,*,#3937,.F.);
#3937 = EDGE_CURVE('',#3938,#3901,#3940,.T.);
#3938 = VERTEX_POINT('',#3939);
#3939 = CARTESIAN_POINT('',(-2.574955208978,-2.417391570713,12.55));
#3940 = SURFACE_CURVE('',#3941,(#3972,#4006),.PCURVE_S1.);
#3941 = B_SPLINE_CURVE_WITH_KNOTS('',5,(#3942,#3943,#3944,#3945,#3946,
    #3947,#3948,#3949,#3950,#3951,#3952,#3953,#3954,#3955,#3956,#3957,
    #3958,#3959,#3960,#3961,#3962,#3963,#3964,#3965,#3966,#3967,#3968,
    #3969,#3970,#3971),.UNSPECIFIED.,.F.,.F.,(6,4,4,4,4,4,4,6),(0.,
    0.227377259818,0.32460749647,0.499595685765,0.619021179605,
    0.676630967803,0.773945231818,1.),.UNSPECIFIED.);
#3942 = CARTESIAN_POINT('',(-2.574955400885,-2.417391366299,12.5499994)
  );
#3943 = CARTESIAN_POINT('',(-2.569322053719,-2.423391891457,
    12.567612234253));
#3944 = CARTESIAN_POINT('',(-2.56337524395,-2.429691265953,
    12.584226952606));
#3945 = CARTESIAN_POINT('',(-2.557087191303,-2.436311823487,
    12.599646559557));
#3946 = CARTESIAN_POINT('',(-2.550440063541,-2.443262876109,
    12.613554129952));
#3947 = CARTESIAN_POINT('',(-2.540452709373,-2.453628936063,
    12.630718795625));
#3948 = CARTESIAN_POINT('',(-2.53739786687,-2.456790137895,
    12.635515197275));
#3949 = CARTESIAN_POINT('',(-2.534280972389,-2.460005498845,
    12.639936219606));
#3950 = CARTESIAN_POINT('',(-2.531105190459,-2.463271043697,
    12.643951640601));
#3951 = CARTESIAN_POINT('',(-2.522063177345,-2.472537751394,
    12.653974100722));
#3952 = CARTESIAN_POINT('',(-2.516074523813,-2.478640120422,
    12.659008691199));
#3953 = CARTESIAN_POINT('',(-2.509944919032,-2.484848004935,
    12.662458235163));
#3954 = CARTESIAN_POINT('',(-2.50372626987,-2.491105959914,
    12.664190602789));
#3955 = CARTESIAN_POINT('',(-2.493232747873,-2.501600095603,
    12.664217649182));
#3956 = CARTESIAN_POINT('',(-2.488966562238,-2.505848392325,
    12.66342924284));
#3957 = CARTESIAN_POINT('',(-2.48471240429,-2.510066510666,
    12.66184101296));
#3958 = CARTESIAN_POINT('',(-2.480489623766,-2.514235836301,
    12.659480494832));
#3959 = CARTESIAN_POINT('',(-2.474301055471,-2.520321129982,
    12.654903360335));
#3960 = CARTESIAN_POINT('',(-2.472298303178,-2.522286500384,
    12.65324459838));
#3961 = CARTESIAN_POINT('',(-2.470308414544,-2.524235367037,
    12.651421587401));
#3962 = CARTESIAN_POINT('',(-2.468332897976,-2.526166371466,
    12.649439937129));
#3963 = CARTESIAN_POINT('',(-2.463062352476,-2.531308273305,
    12.64370087233));
#3964 = CARTESIAN_POINT('',(-2.459796323578,-2.534484000756,
    12.639660606661));
#3965 = CARTESIAN_POINT('',(-2.456580746306,-2.537600589033,
    12.635215188888));
#3966 = CARTESIAN_POINT('',(-2.453419556135,-2.5406549157,
    12.630394926693));
#3967 = CARTESIAN_POINT('',(-2.443102628612,-2.550593296482,
    12.613233098576));
#3968 = CARTESIAN_POINT('',(-2.436197360386,-2.557195901051,
    12.59937973664));
#3969 = CARTESIAN_POINT('',(-2.429618654181,-2.563443791279,
    12.584035398132));
#3970 = CARTESIAN_POINT('',(-2.423357293687,-2.569354534417,
    12.567510682345));
#3971 = CARTESIAN_POINT('',(-2.417391366299,-2.574955400885,12.5499994)
  );
#3972 = PCURVE('',#1703,#3973);
#3973 = DEFINITIONAL_REPRESENTATION('',(#3974),#4005);
#3974 = B_SPLINE_CURVE_WITH_KNOTS('',5,(#3975,#3976,#3977,#3978,#3979,
    #3980,#3981,#3982,#3983,#3984,#3985,#3986,#3987,#3988,#3989,#3990,
    #3991,#3992,#3993,#3994,#3995,#3996,#3997,#3998,#3999,#4000,#4001,
    #4002,#4003,#4004),.UNSPECIFIED.,.F.,.F.,(6,4,4,4,4,4,4,6),(0.,
    0.227377259818,0.32460749647,0.499595685765,0.619021179605,
    0.676630967803,0.773945231818,1.),.UNSPECIFIED.);
#3975 = CARTESIAN_POINT('',(-3.466627946423,-1.584662240772));
#3976 = CARTESIAN_POINT('',(-3.50154529331,-1.601935844147));
#3977 = CARTESIAN_POINT('',(-3.537829816967,-1.618229761281));
#3978 = CARTESIAN_POINT('',(-3.57562069318,-1.633350962724));
#3979 = CARTESIAN_POINT('',(-3.614994848119,-1.646988872812));
#3980 = CARTESIAN_POINT('',(-3.67339706667,-1.663820262756));
#3981 = CARTESIAN_POINT('',(-3.691168451276,-1.668523466911));
#3982 = CARTESIAN_POINT('',(-3.709211371997,-1.672858530342));
#3983 = CARTESIAN_POINT('',(-3.727510096666,-1.676795836291));
#3984 = CARTESIAN_POINT('',(-3.779387967433,-1.686623238871));
#3985 = CARTESIAN_POINT('',(-3.813495277934,-1.691559737628));
#3986 = CARTESIAN_POINT('',(-3.848183115472,-1.694942025345));
#3987 = CARTESIAN_POINT('',(-3.883204170938,-1.696640617577));
#3988 = CARTESIAN_POINT('',(-3.942114742003,-1.69666713665));
#3989 = CARTESIAN_POINT('',(-3.966013977294,-1.695894101694));
#3990 = CARTESIAN_POINT('',(-3.9898124994,-1.694336837534));
#3991 = CARTESIAN_POINT('',(-4.013421482913,-1.692022328421));
#3992 = CARTESIAN_POINT('',(-4.048025230037,-1.687534358873));
#3993 = CARTESIAN_POINT('',(-4.059224422716,-1.685907904685));
#3994 = CARTESIAN_POINT('',(-4.070354301455,-1.68412039268));
#3995 = CARTESIAN_POINT('',(-4.081408217952,-1.682177320312));
#3996 = CARTESIAN_POINT('',(-4.110915737586,-1.676549946736));
#3997 = CARTESIAN_POINT('',(-4.129218375816,-1.672588277272));
#3998 = CARTESIAN_POINT('',(-4.147264027741,-1.668229290054));
#3999 = CARTESIAN_POINT('',(-4.165037164754,-1.663502685785));
#4000 = CARTESIAN_POINT('',(-4.223169545969,-1.646674065933));
#4001 = CARTESIAN_POINT('',(-4.262289323919,-1.63308930341));
#4002 = CARTESIAN_POINT('',(-4.299845056514,-1.618041905345));
#4003 = CARTESIAN_POINT('',(-4.335912649142,-1.601836248173));
#4004 = CARTESIAN_POINT('',(-4.370628669929,-1.584662240772));
#4005 = ( GEOMETRIC_REPRESENTATION_CONTEXT(2) 
PARAMETRIC_REPRESENTATION_CONTEXT() REPRESENTATION_CONTEXT('2D SPACE',''
  ) );
#4006 = PCURVE('',#3680,#4007);
#4007 = DEFINITIONAL_REPRESENTATION('',(#4008),#4039);
#4008 = B_SPLINE_CURVE_WITH_KNOTS('',5,(#4009,#4010,#4011,#4012,#4013,
    #4014,#4015,#4016,#4017,#4018,#4019,#4020,#4021,#4022,#4023,#4024,
    #4025,#4026,#4027,#4028,#4029,#4030,#4031,#4032,#4033,#4034,#4035,
    #4036,#4037,#4038),.UNSPECIFIED.,.F.,.F.,(6,4,4,4,4,4,4,6),(0.,
    0.227377259818,0.32460749647,0.499595685765,0.619021179605,
    0.676630967803,0.773945231818,1.),.UNSPECIFIED.);
#4009 = CARTESIAN_POINT('',(-3.895440174283,6.000000514206E-07));
#4010 = CARTESIAN_POINT('',(-3.897770515677,-1.761223425336E-02));
#4011 = CARTESIAN_POINT('',(-3.900223292916,-3.422695260638E-02));
#4012 = CARTESIAN_POINT('',(-3.902808525753,-4.964655955746E-02));
#4013 = CARTESIAN_POINT('',(-3.905531636217,-6.355412995213E-02));
#4014 = CARTESIAN_POINT('',(-3.909607235672,-8.071879562481E-02));
#4015 = CARTESIAN_POINT('',(-3.910851911461,-8.551519727539E-02));
#4016 = CARTESIAN_POINT('',(-3.912119823901,-8.993621960609E-02));
#4017 = CARTESIAN_POINT('',(-3.913409545458,-9.395164060086E-02));
#4018 = CARTESIAN_POINT('',(-3.917075353909,-0.103974100722));
#4019 = CARTESIAN_POINT('',(-3.919496157358,-0.109008691199));
#4020 = CARTESIAN_POINT('',(-3.921966241213,-0.112458235163));
#4021 = CARTESIAN_POINT('',(-3.924464143727,-0.114190602789));
#4022 = CARTESIAN_POINT('',(-3.928666017822,-0.114217649182));
#4023 = CARTESIAN_POINT('',(-3.930370675913,-0.11342924284));
#4024 = CARTESIAN_POINT('',(-3.9320668943,-0.11184101296));
#4025 = CARTESIAN_POINT('',(-3.933747082521,-0.109480494832));
#4026 = CARTESIAN_POINT('',(-3.936204481486,-0.104903360335));
#4027 = CARTESIAN_POINT('',(-3.936998961917,-0.10324459838));
#4028 = CARTESIAN_POINT('',(-3.9377875702,-0.101421587401));
#4029 = CARTESIAN_POINT('',(-3.938569733104,-9.943993712943E-02));
#4030 = CARTESIAN_POINT('',(-3.940654536106,-9.37008723303E-02));
#4031 = CARTESIAN_POINT('',(-3.941944345163,-8.966060666136E-02));
#4032 = CARTESIAN_POINT('',(-3.943212241241,-8.521518888845E-02));
#4033 = CARTESIAN_POINT('',(-3.944456813169,-8.039492669323E-02));
#4034 = CARTESIAN_POINT('',(-3.948512773982,-6.323309857611E-02));
#4035 = CARTESIAN_POINT('',(-3.951217803512,-4.937973664049E-02));
#4036 = CARTESIAN_POINT('',(-3.953786613694,-3.403539813181E-02));
#4037 = CARTESIAN_POINT('',(-3.956224554558,-1.751068234491E-02));
#4038 = CARTESIAN_POINT('',(-3.958541459692,6.000000000034E-07));
#4039 = ( GEOMETRIC_REPRESENTATION_CONTEXT(2) 
PARAMETRIC_REPRESENTATION_CONTEXT() REPRESENTATION_CONTEXT('2D SPACE',''
  ) );
#4040 = ORIENTED_EDGE('',*,*,#4041,.F.);
#4041 = EDGE_CURVE('',#4042,#3938,#4044,.T.);
#4042 = VERTEX_POINT('',#4043);
#4043 = CARTESIAN_POINT('',(-2.25408456877,-2.086995326117,12.55));
#4044 = SURFACE_CURVE('',#4045,(#4050,#4070),.PCURVE_S1.);
#4045 = ELLIPSE('',#4046,0.25817977688,0.253893958396);
#4046 = AXIS2_PLACEMENT_3D('',#4047,#4048,#4049);
#4047 = CARTESIAN_POINT('',(-2.332129137489,-2.332129137489,12.55));
#4048 = DIRECTION('',(0.,0.,1.));
#4049 = DIRECTION('',(-0.707106781187,-0.707106781187,0.));
#4050 = PCURVE('',#1703,#4051);
#4051 = DEFINITIONAL_REPRESENTATION('',(#4052),#4069);
#4052 = B_SPLINE_CURVE_WITH_KNOTS('',8,(#4053,#4054,#4055,#4056,#4057,
    #4058,#4059,#4060,#4061,#4062,#4063,#4064,#4065,#4066,#4067,#4068),
  .UNSPECIFIED.,.F.,.F.,(9,7,9),(2.368215251884,5.509807905473,
    8.651400559063),.UNSPECIFIED.);
#4053 = CARTESIAN_POINT('',(1.7763568394E-15,-1.660249833072));
#4054 = CARTESIAN_POINT('',(-0.394168003057,-1.673095890885));
#4055 = CARTESIAN_POINT('',(-0.788984505813,-1.680035442628));
#4056 = CARTESIAN_POINT('',(-1.18410295004,-1.678057694538));
#4057 = CARTESIAN_POINT('',(-1.578966088961,-1.666055051901));
#4058 = CARTESIAN_POINT('',(-1.972943402351,-1.646462571617));
#4059 = CARTESIAN_POINT('',(-2.365795854156,-1.624832106169));
#4060 = CARTESIAN_POINT('',(-2.757665083859,-1.60607933743));
#4061 = CARTESIAN_POINT('',(-3.540125920251,-1.580387221805));
#4062 = CARTESIAN_POINT('',(-3.930717497823,-1.573447670062));
#4063 = CARTESIAN_POINT('',(-4.321016179911,-1.57542541815));
#4064 = CARTESIAN_POINT('',(-4.711568490468,-1.587428060776));
#4065 = CARTESIAN_POINT('',(-5.102970944562,-1.607020541074));
#4066 = CARTESIAN_POINT('',(-5.495497779741,-1.628651006521));
#4067 = CARTESIAN_POINT('',(-5.889017304122,-1.647403775259));
#4068 = CARTESIAN_POINT('',(-6.28318530718,-1.660249833072));
#4069 = ( GEOMETRIC_REPRESENTATION_CONTEXT(2) 
PARAMETRIC_REPRESENTATION_CONTEXT() REPRESENTATION_CONTEXT('2D SPACE',''
  ) );
#4070 = PCURVE('',#4071,#4076);
#4071 = PLANE('',#4072);
#4072 = AXIS2_PLACEMENT_3D('',#4073,#4074,#4075);
#4073 = CARTESIAN_POINT('',(-1.935853047866E-16,4.365790631274E-16,12.55
    ));
#4074 = DIRECTION('',(0.,0.,1.));
#4075 = DIRECTION('',(1.,0.,-0.));
#4076 = DEFINITIONAL_REPRESENTATION('',(#4077),#4081);
#4077 = ELLIPSE('',#4078,0.25817977688,0.253893958396);
#4078 = AXIS2_PLACEMENT_2D('',#4079,#4080);
#4079 = CARTESIAN_POINT('',(-2.332129137489,-2.332129137489));
#4080 = DIRECTION('',(-0.707106781187,-0.707106781187));
#4081 = ( GEOMETRIC_REPRESENTATION_CONTEXT(2) 
PARAMETRIC_REPRESENTATION_CONTEXT() REPRESENTATION_CONTEXT('2D SPACE',''
  ) );
#4082 = ORIENTED_EDGE('',*,*,#4083,.T.);
#4083 = EDGE_CURVE('',#4042,#4084,#4086,.T.);
#4084 = VERTEX_POINT('',#4085);
#4085 = CARTESIAN_POINT('',(-2.287013910375,-2.050856920449,12.8));
#4086 = SURFACE_CURVE('',#4087,(#4096,#4108),.PCURVE_S1.);
#4087 = B_SPLINE_CURVE_WITH_KNOTS('',7,(#4088,#4089,#4090,#4091,#4092,
    #4093,#4094,#4095),.UNSPECIFIED.,.F.,.F.,(8,8),(0.,1.),
  .PIECEWISE_BEZIER_KNOTS.);
#4088 = CARTESIAN_POINT('',(-2.254084460946,-2.086995442573,12.5499994)
  );
#4089 = CARTESIAN_POINT('',(-2.260155945621,-2.080437862724,
    12.583784988256));
#4090 = CARTESIAN_POINT('',(-2.265642680342,-2.074467208836,
    12.618552511125));
#4091 = CARTESIAN_POINT('',(-2.270654386441,-2.068979822012,
    12.654007732384));
#4092 = CARTESIAN_POINT('',(-2.275252603516,-2.063917712657,
    12.689980193254));
#4093 = CARTESIAN_POINT('',(-2.279487912174,-2.059232857632,
    12.726346052807));
#4094 = CARTESIAN_POINT('',(-2.283397894784,-2.054889321905,
    12.763032276333));
#4095 = CARTESIAN_POINT('',(-2.287013969064,-2.050856855001,12.8000006)
  );
#4096 = PCURVE('',#1703,#4097);
#4097 = DEFINITIONAL_REPRESENTATION('',(#4098),#4107);
#4098 = B_SPLINE_CURVE_WITH_KNOTS('',7,(#4099,#4100,#4101,#4102,#4103,
    #4104,#4105,#4106),.UNSPECIFIED.,.F.,.F.,(8,8),(0.,1.),
  .PIECEWISE_BEZIER_KNOTS.);
#4099 = CARTESIAN_POINT('',(-1.263504681231,-1.668189948238));
#4100 = CARTESIAN_POINT('',(-1.305451686763,-1.701477488894));
#4101 = CARTESIAN_POINT('',(-1.345198398435,-1.735730398029));
#4102 = CARTESIAN_POINT('',(-1.383286330563,-1.770658542295));
#4103 = CARTESIAN_POINT('',(-1.420007084365,-1.806093834955));
#4104 = CARTESIAN_POINT('',(-1.455603370363,-1.841914161191));
#4105 = CARTESIAN_POINT('',(-1.490260805379,-1.878047486418));
#4106 = CARTESIAN_POINT('',(-1.524147676878,-1.914456031771));
#4107 = ( GEOMETRIC_REPRESENTATION_CONTEXT(2) 
PARAMETRIC_REPRESENTATION_CONTEXT() REPRESENTATION_CONTEXT('2D SPACE',''
  ) );
#4108 = PCURVE('',#4109,#4114);
#4109 = CYLINDRICAL_SURFACE('',#4110,3.07188);
#4110 = AXIS2_PLACEMENT_3D('',#4111,#4112,#4113);
#4111 = CARTESIAN_POINT('',(1.672306672652E-14,1.571716797605E-16,12.55)
  );
#4112 = DIRECTION('',(-0.,-0.,-1.));
#4113 = DIRECTION('',(1.,0.,0.));
#4114 = DEFINITIONAL_REPRESENTATION('',(#4115),#4124);
#4115 = B_SPLINE_CURVE_WITH_KNOTS('',7,(#4116,#4117,#4118,#4119,#4120,
    #4121,#4122,#4123),.UNSPECIFIED.,.F.,.F.,(8,8),(0.,1.),
  .PIECEWISE_BEZIER_KNOTS.);
#4116 = CARTESIAN_POINT('',(-3.888519611321,5.999999999062E-07));
#4117 = CARTESIAN_POINT('',(-3.885610412503,-3.378498825553E-02));
#4118 = CARTESIAN_POINT('',(-3.882970737898,-6.855251112478E-02));
#4119 = CARTESIAN_POINT('',(-3.880551520212,-0.104007732385));
#4120 = CARTESIAN_POINT('',(-3.878325289407,-0.139980193254));
#4121 = CARTESIAN_POINT('',(-3.876269385561,-0.176346052807));
#4122 = CARTESIAN_POINT('',(-3.874366917223,-0.213032276333));
#4123 = CARTESIAN_POINT('',(-3.87260371553,-0.2500006));
#4124 = ( GEOMETRIC_REPRESENTATION_CONTEXT(2) 
PARAMETRIC_REPRESENTATION_CONTEXT() REPRESENTATION_CONTEXT('2D SPACE',''
  ) );
#4125 = ORIENTED_EDGE('',*,*,#4126,.T.);
#4126 = EDGE_CURVE('',#4084,#4127,#4129,.T.);
#4127 = VERTEX_POINT('',#4128);
#4128 = CARTESIAN_POINT('',(-2.050719307757,-2.294425412594,12.8));
#4129 = SURFACE_CURVE('',#4130,(#4135,#4155),.PCURVE_S1.);
#4130 = ELLIPSE('',#4131,0.250853449499,0.246689249021);
#4131 = AXIS2_PLACEMENT_3D('',#4132,#4133,#4134);
#4132 = CARTESIAN_POINT('',(-2.299497711492,-2.299497711492,12.8));
#4133 = DIRECTION('',(0.,0.,1.));
#4134 = DIRECTION('',(-0.707106781187,-0.707106781187,0.));
#4135 = PCURVE('',#1703,#4136);
#4136 = DEFINITIONAL_REPRESENTATION('',(#4137),#4154);
#4137 = B_SPLINE_CURVE_WITH_KNOTS('',8,(#4138,#4139,#4140,#4141,#4142,
    #4143,#4144,#4145,#4146,#4147,#4148,#4149,#4150,#4151,#4152,#4153),
  .UNSPECIFIED.,.F.,.F.,(9,7,9),(2.368215251884,5.509807905473,
    8.651400559063),.UNSPECIFIED.);
#4138 = CARTESIAN_POINT('',(0.,-1.913522534009));
#4139 = CARTESIAN_POINT('',(-0.394168003057,-1.926004061237));
#4140 = CARTESIAN_POINT('',(-0.788984505807,-1.932746690399));
#4141 = CARTESIAN_POINT('',(-1.184102950104,-1.930825064554));
#4142 = CARTESIAN_POINT('',(-1.578966088924,-1.919163019049));
#4143 = CARTESIAN_POINT('',(-1.972943402399,-1.900126511526));
#4144 = CARTESIAN_POINT('',(-2.365795854146,-1.879109850434));
#4145 = CARTESIAN_POINT('',(-2.757665083859,-1.860889226098));
#4146 = CARTESIAN_POINT('',(-3.540125920251,-1.835926171642));
#4147 = CARTESIAN_POINT('',(-3.93071749782,-1.829183542477));
#4148 = CARTESIAN_POINT('',(-4.321016179916,-1.831105168323));
#4149 = CARTESIAN_POINT('',(-4.711568490438,-1.842767213817));
#4150 = CARTESIAN_POINT('',(-5.102970944565,-1.86180372135));
#4151 = CARTESIAN_POINT('',(-5.495497779738,-1.882820382443));
#4152 = CARTESIAN_POINT('',(-5.889017304122,-1.901041006781));
#4153 = CARTESIAN_POINT('',(-6.28318530718,-1.913522534009));
#4154 = ( GEOMETRIC_REPRESENTATION_CONTEXT(2) 
PARAMETRIC_REPRESENTATION_CONTEXT() REPRESENTATION_CONTEXT('2D SPACE',''
  ) );
#4155 = PCURVE('',#3206,#4156);
#4156 = DEFINITIONAL_REPRESENTATION('',(#4157),#4161);
#4157 = ELLIPSE('',#4158,0.250853449499,0.246689249021);
#4158 = AXIS2_PLACEMENT_2D('',#4159,#4160);
#4159 = CARTESIAN_POINT('',(-2.299497711492,-2.299497711492));
#4160 = DIRECTION('',(-0.707106781187,-0.707106781187));
#4161 = ( GEOMETRIC_REPRESENTATION_CONTEXT(2) 
PARAMETRIC_REPRESENTATION_CONTEXT() REPRESENTATION_CONTEXT('2D SPACE',''
  ) );
#4162 = ORIENTED_EDGE('',*,*,#4163,.T.);
#4163 = EDGE_CURVE('',#4127,#4164,#4166,.T.);
#4164 = VERTEX_POINT('',#4165);
#4165 = CARTESIAN_POINT('',(-1.888973840632,-2.087294365249,
    14.394135554987));
#4166 = SEAM_CURVE('',#4167,(#4171,#4178),.PCURVE_S1.);
#4167 = LINE('',#4168,#4169);
#4168 = CARTESIAN_POINT('',(-2.242361918284,-2.539842705208,
    10.911203332481));
#4169 = VECTOR('',#4170,1.);
#4170 = DIRECTION('',(0.100111543835,0.128202720574,0.986682188563));
#4171 = PCURVE('',#1703,#4172);
#4172 = DEFINITIONAL_REPRESENTATION('',(#4173),#4177);
#4173 = LINE('',#4174,#4175);
#4174 = CARTESIAN_POINT('',(0.,-0.));
#4175 = VECTOR('',#4176,1.);
#4176 = DIRECTION('',(-0.,-1.));
#4177 = ( GEOMETRIC_REPRESENTATION_CONTEXT(2) 
PARAMETRIC_REPRESENTATION_CONTEXT() REPRESENTATION_CONTEXT('2D SPACE',''
  ) );
#4178 = PCURVE('',#1703,#4179);
#4179 = DEFINITIONAL_REPRESENTATION('',(#4180),#4184);
#4180 = LINE('',#4181,#4182);
#4181 = CARTESIAN_POINT('',(-6.28318530718,0.));
#4182 = VECTOR('',#4183,1.);
#4183 = DIRECTION('',(-0.,-1.));
#4184 = ( GEOMETRIC_REPRESENTATION_CONTEXT(2) 
PARAMETRIC_REPRESENTATION_CONTEXT() REPRESENTATION_CONTEXT('2D SPACE',''
  ) );
#4185 = ORIENTED_EDGE('',*,*,#4186,.F.);
#4186 = EDGE_CURVE('',#4187,#4164,#4189,.T.);
#4187 = VERTEX_POINT('',#4188);
#4188 = CARTESIAN_POINT('',(-1.945873009012,-2.228715721486,14.42));
#4189 = SURFACE_CURVE('',#4190,(#4195,#4202),.PCURVE_S1.);
#4190 = CIRCLE('',#4191,0.2);
#4191 = AXIS2_PLACEMENT_3D('',#4192,#4193,#4194);
#4192 = CARTESIAN_POINT('',(-2.087294365249,-2.087294365249,14.42));
#4193 = DIRECTION('',(0.128254195209,0.128254195209,0.983413302138));
#4194 = DIRECTION('',(0.991602623083,3.469446951954E-18,-0.129322225065)
  );
#4195 = PCURVE('',#1703,#4196);
#4196 = DEFINITIONAL_REPRESENTATION('',(#4197),#4201);
#4197 = LINE('',#4198,#4199);
#4198 = CARTESIAN_POINT('',(-0.,-3.528526604689));
#4199 = VECTOR('',#4200,1.);
#4200 = DIRECTION('',(-1.,-0.));
#4201 = ( GEOMETRIC_REPRESENTATION_CONTEXT(2) 
PARAMETRIC_REPRESENTATION_CONTEXT() REPRESENTATION_CONTEXT('2D SPACE',''
  ) );
#4202 = PCURVE('',#4203,#4208);
#4203 = PLANE('',#4204);
#4204 = AXIS2_PLACEMENT_3D('',#4205,#4206,#4207);
#4205 = CARTESIAN_POINT('',(-2.087294365249,-2.087294365249,14.42));
#4206 = DIRECTION('',(0.128254195209,0.128254195209,0.983413302138));
#4207 = DIRECTION('',(0.991602623083,0.,-0.129322225065));
#4208 = DEFINITIONAL_REPRESENTATION('',(#4209),#4213);
#4209 = CIRCLE('',#4210,0.2);
#4210 = AXIS2_PLACEMENT_2D('',#4211,#4212);
#4211 = CARTESIAN_POINT('',(0.,0.));
#4212 = DIRECTION('',(1.,0.));
#4213 = ( GEOMETRIC_REPRESENTATION_CONTEXT(2) 
PARAMETRIC_REPRESENTATION_CONTEXT() REPRESENTATION_CONTEXT('2D SPACE',''
  ) );
#4214 = ORIENTED_EDGE('',*,*,#4215,.F.);
#4215 = EDGE_CURVE('',#4216,#4187,#4218,.T.);
#4216 = VERTEX_POINT('',#4217);
#4217 = CARTESIAN_POINT('',(-2.228715721486,-1.945873009012,14.42));
#4218 = SURFACE_CURVE('',#4219,(#4224,#4237),.PCURVE_S1.);
#4219 = ELLIPSE('',#4220,0.203378848075,0.200002732267);
#4220 = AXIS2_PLACEMENT_3D('',#4221,#4222,#4223);
#4221 = CARTESIAN_POINT('',(-2.088046071027,-2.088046071027,14.42));
#4222 = DIRECTION('',(0.,0.,1.));
#4223 = DIRECTION('',(-0.707106781187,-0.707106781187,0.));
#4224 = PCURVE('',#1703,#4225);
#4225 = DEFINITIONAL_REPRESENTATION('',(#4226),#4236);
#4226 = B_SPLINE_CURVE_WITH_KNOTS('',8,(#4227,#4228,#4229,#4230,#4231,
    #4232,#4233,#4234,#4235),.UNSPECIFIED.,.F.,.F.,(9,9),(4.707161901184
    ,7.859208713175),.PIECEWISE_BEZIER_KNOTS.);
#4227 = CARTESIAN_POINT('',(-2.347831981381,-3.528526604689));
#4228 = CARTESIAN_POINT('',(-2.741843215525,-3.513992472709));
#4229 = CARTESIAN_POINT('',(-3.134926969803,-3.499424011876));
#4230 = CARTESIAN_POINT('',(-3.527086538972,-3.488260774449));
#4231 = CARTESIAN_POINT('',(-3.918628308187,-3.483944011695));
#4232 = CARTESIAN_POINT('',(-4.310170077342,-3.48826077446));
#4233 = CARTESIAN_POINT('',(-4.702329646552,-3.499424011875));
#4234 = CARTESIAN_POINT('',(-5.095413400827,-3.513992472709));
#4235 = CARTESIAN_POINT('',(-5.489424634971,-3.528526604689));
#4236 = ( GEOMETRIC_REPRESENTATION_CONTEXT(2) 
PARAMETRIC_REPRESENTATION_CONTEXT() REPRESENTATION_CONTEXT('2D SPACE',''
  ) );
#4237 = PCURVE('',#4238,#4243);
#4238 = PLANE('',#4239);
#4239 = AXIS2_PLACEMENT_3D('',#4240,#4241,#4242);
#4240 = CARTESIAN_POINT('',(-2.087294365249,-2.087294365249,14.42));
#4241 = DIRECTION('',(0.,0.,1.));
#4242 = DIRECTION('',(1.,0.,-0.));
#4243 = DEFINITIONAL_REPRESENTATION('',(#4244),#4248);
#4244 = ELLIPSE('',#4245,0.203378848075,0.200002732267);
#4245 = AXIS2_PLACEMENT_2D('',#4246,#4247);
#4246 = CARTESIAN_POINT('',(-7.517057775948E-04,-7.517057775948E-04));
#4247 = DIRECTION('',(-0.707106781187,-0.707106781187));
#4248 = ( GEOMETRIC_REPRESENTATION_CONTEXT(2) 
PARAMETRIC_REPRESENTATION_CONTEXT() REPRESENTATION_CONTEXT('2D SPACE',''
  ) );
#4249 = ORIENTED_EDGE('',*,*,#4250,.F.);
#4250 = EDGE_CURVE('',#4164,#4216,#4251,.T.);
#4251 = SURFACE_CURVE('',#4252,(#4257,#4264),.PCURVE_S1.);
#4252 = CIRCLE('',#4253,0.2);
#4253 = AXIS2_PLACEMENT_3D('',#4254,#4255,#4256);
#4254 = CARTESIAN_POINT('',(-2.087294365249,-2.087294365249,14.42));
#4255 = DIRECTION('',(0.128254195209,0.128254195209,0.983413302138));
#4256 = DIRECTION('',(0.991602623083,3.469446951954E-18,-0.129322225065)
  );
#4257 = PCURVE('',#1703,#4258);
#4258 = DEFINITIONAL_REPRESENTATION('',(#4259),#4263);
#4259 = LINE('',#4260,#4261);
#4260 = CARTESIAN_POINT('',(-0.,-3.528526604689));
#4261 = VECTOR('',#4262,1.);
#4262 = DIRECTION('',(-1.,-0.));
#4263 = ( GEOMETRIC_REPRESENTATION_CONTEXT(2) 
PARAMETRIC_REPRESENTATION_CONTEXT() REPRESENTATION_CONTEXT('2D SPACE',''
  ) );
#4264 = PCURVE('',#4203,#4265);
#4265 = DEFINITIONAL_REPRESENTATION('',(#4266),#4270);
#4266 = CIRCLE('',#4267,0.2);
#4267 = AXIS2_PLACEMENT_2D('',#4268,#4269);
#4268 = CARTESIAN_POINT('',(0.,0.));
#4269 = DIRECTION('',(1.,0.));
#4270 = ( GEOMETRIC_REPRESENTATION_CONTEXT(2) 
PARAMETRIC_REPRESENTATION_CONTEXT() REPRESENTATION_CONTEXT('2D SPACE',''
  ) );
#4271 = ORIENTED_EDGE('',*,*,#4163,.F.);
#4272 = ORIENTED_EDGE('',*,*,#4273,.T.);
#4273 = EDGE_CURVE('',#4127,#4274,#4276,.T.);
#4274 = VERTEX_POINT('',#4275);
#4275 = CARTESIAN_POINT('',(-2.050856920449,-2.287013910375,12.8));
#4276 = SURFACE_CURVE('',#4277,(#4282,#4302),.PCURVE_S1.);
#4277 = ELLIPSE('',#4278,0.250853449499,0.246689249021);
#4278 = AXIS2_PLACEMENT_3D('',#4279,#4280,#4281);
#4279 = CARTESIAN_POINT('',(-2.299497711492,-2.299497711492,12.8));
#4280 = DIRECTION('',(0.,0.,1.));
#4281 = DIRECTION('',(-0.707106781187,-0.707106781187,0.));
#4282 = PCURVE('',#1703,#4283);
#4283 = DEFINITIONAL_REPRESENTATION('',(#4284),#4301);
#4284 = B_SPLINE_CURVE_WITH_KNOTS('',8,(#4285,#4286,#4287,#4288,#4289,
    #4290,#4291,#4292,#4293,#4294,#4295,#4296,#4297,#4298,#4299,#4300),
  .UNSPECIFIED.,.F.,.F.,(9,7,9),(2.368215251884,5.509807905473,
    8.651400559063),.UNSPECIFIED.);
#4285 = CARTESIAN_POINT('',(0.,-1.913522534009));
#4286 = CARTESIAN_POINT('',(-0.394168003057,-1.926004061237));
#4287 = CARTESIAN_POINT('',(-0.788984505807,-1.932746690399));
#4288 = CARTESIAN_POINT('',(-1.184102950104,-1.930825064554));
#4289 = CARTESIAN_POINT('',(-1.578966088924,-1.919163019049));
#4290 = CARTESIAN_POINT('',(-1.972943402399,-1.900126511526));
#4291 = CARTESIAN_POINT('',(-2.365795854146,-1.879109850434));
#4292 = CARTESIAN_POINT('',(-2.757665083859,-1.860889226098));
#4293 = CARTESIAN_POINT('',(-3.540125920251,-1.835926171642));
#4294 = CARTESIAN_POINT('',(-3.93071749782,-1.829183542477));
#4295 = CARTESIAN_POINT('',(-4.321016179916,-1.831105168323));
#4296 = CARTESIAN_POINT('',(-4.711568490438,-1.842767213817));
#4297 = CARTESIAN_POINT('',(-5.102970944565,-1.86180372135));
#4298 = CARTESIAN_POINT('',(-5.495497779738,-1.882820382443));
#4299 = CARTESIAN_POINT('',(-5.889017304122,-1.901041006781));
#4300 = CARTESIAN_POINT('',(-6.28318530718,-1.913522534009));
#4301 = ( GEOMETRIC_REPRESENTATION_CONTEXT(2) 
PARAMETRIC_REPRESENTATION_CONTEXT() REPRESENTATION_CONTEXT('2D SPACE',''
  ) );
#4302 = PCURVE('',#3206,#4303);
#4303 = DEFINITIONAL_REPRESENTATION('',(#4304),#4308);
#4304 = ELLIPSE('',#4305,0.250853449499,0.246689249021);
#4305 = AXIS2_PLACEMENT_2D('',#4306,#4307);
#4306 = CARTESIAN_POINT('',(-2.299497711492,-2.299497711492));
#4307 = DIRECTION('',(-0.707106781187,-0.707106781187));
#4308 = ( GEOMETRIC_REPRESENTATION_CONTEXT(2) 
PARAMETRIC_REPRESENTATION_CONTEXT() REPRESENTATION_CONTEXT('2D SPACE',''
  ) );
#4309 = ORIENTED_EDGE('',*,*,#4310,.T.);
#4310 = EDGE_CURVE('',#4274,#4311,#4313,.T.);
#4311 = VERTEX_POINT('',#4312);
#4312 = CARTESIAN_POINT('',(-2.086995326117,-2.25408456877,12.55));
#4313 = SURFACE_CURVE('',#4314,(#4323,#4335),.PCURVE_S1.);
#4314 = B_SPLINE_CURVE_WITH_KNOTS('',7,(#4315,#4316,#4317,#4318,#4319,
    #4320,#4321,#4322),.UNSPECIFIED.,.F.,.F.,(8,8),(0.,1.),
  .PIECEWISE_BEZIER_KNOTS.);
#4315 = CARTESIAN_POINT('',(-2.050856855001,-2.287013969064,12.8000006)
  );
#4316 = CARTESIAN_POINT('',(-2.054889293552,-2.283397920209,
    12.763032536267));
#4317 = CARTESIAN_POINT('',(-2.05923284859,-2.279487920312,
    12.726346106071));
#4318 = CARTESIAN_POINT('',(-2.063917731976,-2.275252586749,
    12.689979978457));
#4319 = CARTESIAN_POINT('',(-2.0689798655,-2.270654346367,
    12.654007477381));
#4320 = CARTESIAN_POINT('',(-2.074467230459,-2.265642660251,
    12.618552412866));
#4321 = CARTESIAN_POINT('',(-2.080437841497,-2.260155965274,
    12.583785097618));
#4322 = CARTESIAN_POINT('',(-2.086995442573,-2.254084460946,12.5499994)
  );
#4323 = PCURVE('',#1703,#4324);
#4324 = DEFINITIONAL_REPRESENTATION('',(#4325),#4334);
#4325 = B_SPLINE_CURVE_WITH_KNOTS('',7,(#4326,#4327,#4328,#4329,#4330,
    #4331,#4332,#4333),.UNSPECIFIED.,.F.,.F.,(8,8),(0.,1.),
  .PIECEWISE_BEZIER_KNOTS.);
#4326 = CARTESIAN_POINT('',(-2.992363229402E-02,-1.914456031771));
#4327 = CARTESIAN_POINT('',(-6.381026552528E-02,-1.878047742416));
#4328 = CARTESIAN_POINT('',(-9.846788521304E-02,-1.841914213687));
#4329 = CARTESIAN_POINT('',(-0.134064393104,-1.806093623394));
#4330 = CARTESIAN_POINT('',(-0.170785276517,-1.770658291083));
#4331 = CARTESIAN_POINT('',(-0.208873040456,-1.735730301204));
#4332 = CARTESIAN_POINT('',(-0.248619486628,-1.701477596644));
#4333 = CARTESIAN_POINT('',(-0.290566627941,-1.668189948238));
#4334 = ( GEOMETRIC_REPRESENTATION_CONTEXT(2) 
PARAMETRIC_REPRESENTATION_CONTEXT() REPRESENTATION_CONTEXT('2D SPACE',''
  ) );
#4335 = PCURVE('',#3787,#4336);
#4336 = DEFINITIONAL_REPRESENTATION('',(#4337),#4346);
#4337 = B_SPLINE_CURVE_WITH_KNOTS('',7,(#4338,#4339,#4340,#4341,#4342,
    #4343,#4344,#4345),.UNSPECIFIED.,.F.,.F.,(8,8),(0.,1.),
  .PIECEWISE_BEZIER_KNOTS.);
#4338 = CARTESIAN_POINT('',(-3.981377918445,-0.2500006));
#4339 = CARTESIAN_POINT('',(-3.979614729149,-0.213032536267));
#4340 = CARTESIAN_POINT('',(-3.977712252373,-0.176346106071));
#4341 = CARTESIAN_POINT('',(-3.975656336246,-0.139979978457));
#4342 = CARTESIAN_POINT('',(-3.973430094509,-0.104007477381));
#4343 = CARTESIAN_POINT('',(-3.971010886469,-6.855241286572E-02));
#4344 = CARTESIAN_POINT('',(-3.968371230888,-3.378509761793E-02));
#4345 = CARTESIAN_POINT('',(-3.965462022653,6.000000000173E-07));
#4346 = ( GEOMETRIC_REPRESENTATION_CONTEXT(2) 
PARAMETRIC_REPRESENTATION_CONTEXT() REPRESENTATION_CONTEXT('2D SPACE',''
  ) );
#4347 = ORIENTED_EDGE('',*,*,#4348,.F.);
#4348 = EDGE_CURVE('',#3878,#4311,#4349,.T.);
#4349 = SURFACE_CURVE('',#4350,(#4355,#4375),.PCURVE_S1.);
#4350 = ELLIPSE('',#4351,0.25817977688,0.253893958396);
#4351 = AXIS2_PLACEMENT_3D('',#4352,#4353,#4354);
#4352 = CARTESIAN_POINT('',(-2.332129137489,-2.332129137489,12.55));
#4353 = DIRECTION('',(0.,0.,1.));
#4354 = DIRECTION('',(-0.707106781187,-0.707106781187,0.));
#4355 = PCURVE('',#1703,#4356);
#4356 = DEFINITIONAL_REPRESENTATION('',(#4357),#4374);
#4357 = B_SPLINE_CURVE_WITH_KNOTS('',8,(#4358,#4359,#4360,#4361,#4362,
    #4363,#4364,#4365,#4366,#4367,#4368,#4369,#4370,#4371,#4372,#4373),
  .UNSPECIFIED.,.F.,.F.,(9,7,9),(2.368215251884,5.509807905473,
    8.651400559063),.UNSPECIFIED.);
#4358 = CARTESIAN_POINT('',(1.7763568394E-15,-1.660249833072));
#4359 = CARTESIAN_POINT('',(-0.394168003057,-1.673095890885));
#4360 = CARTESIAN_POINT('',(-0.788984505813,-1.680035442628));
#4361 = CARTESIAN_POINT('',(-1.18410295004,-1.678057694538));
#4362 = CARTESIAN_POINT('',(-1.578966088961,-1.666055051901));
#4363 = CARTESIAN_POINT('',(-1.972943402351,-1.646462571617));
#4364 = CARTESIAN_POINT('',(-2.365795854156,-1.624832106169));
#4365 = CARTESIAN_POINT('',(-2.757665083859,-1.60607933743));
#4366 = CARTESIAN_POINT('',(-3.540125920251,-1.580387221805));
#4367 = CARTESIAN_POINT('',(-3.930717497823,-1.573447670062));
#4368 = CARTESIAN_POINT('',(-4.321016179911,-1.57542541815));
#4369 = CARTESIAN_POINT('',(-4.711568490468,-1.587428060776));
#4370 = CARTESIAN_POINT('',(-5.102970944562,-1.607020541074));
#4371 = CARTESIAN_POINT('',(-5.495497779741,-1.628651006521));
#4372 = CARTESIAN_POINT('',(-5.889017304122,-1.647403775259));
#4373 = CARTESIAN_POINT('',(-6.28318530718,-1.660249833072));
#4374 = ( GEOMETRIC_REPRESENTATION_CONTEXT(2) 
PARAMETRIC_REPRESENTATION_CONTEXT() REPRESENTATION_CONTEXT('2D SPACE',''
  ) );
#4375 = PCURVE('',#3749,#4376);
#4376 = DEFINITIONAL_REPRESENTATION('',(#4377),#4381);
#4377 = ELLIPSE('',#4378,0.25817977688,0.253893958396);
#4378 = AXIS2_PLACEMENT_2D('',#4379,#4380);
#4379 = CARTESIAN_POINT('',(-2.332129137489,-2.332129137489));
#4380 = DIRECTION('',(-0.707106781187,-0.707106781187));
#4381 = ( GEOMETRIC_REPRESENTATION_CONTEXT(2) 
PARAMETRIC_REPRESENTATION_CONTEXT() REPRESENTATION_CONTEXT('2D SPACE',''
  ) );
#4382 = ORIENTED_EDGE('',*,*,#3877,.F.);
#4383 = ORIENTED_EDGE('',*,*,#1791,.T.);
#4384 = ORIENTED_EDGE('',*,*,#4385,.T.);
#4385 = EDGE_CURVE('',#1763,#1687,#4386,.T.);
#4386 = SURFACE_CURVE('',#4387,(#4449,#4544),.PCURVE_S1.);
#4387 = B_SPLINE_CURVE_WITH_KNOTS('',6,(#4388,#4389,#4390,#4391,#4392,
    #4393,#4394,#4395,#4396,#4397,#4398,#4399,#4400,#4401,#4402,#4403,
    #4404,#4405,#4406,#4407,#4408,#4409,#4410,#4411,#4412,#4413,#4414,
    #4415,#4416,#4417,#4418,#4419,#4420,#4421,#4422,#4423,#4424,#4425,
    #4426,#4427,#4428,#4429,#4430,#4431,#4432,#4433,#4434,#4435,#4436,
    #4437,#4438,#4439,#4440,#4441,#4442,#4443,#4444,#4445,#4446,#4447,
    #4448),.UNSPECIFIED.,.F.,.F.,(7,4,5,5,5,5,5,5,5,5,5,5,7),(
    0.99027776762,1.,1.868496469043,2.268882775452,2.535390133791,
    3.185370931532,3.819125886113,4.534234724167,5.249358684316,
    5.883157841307,7.051328582083,7.628037412747,8.077539187123),
  .UNSPECIFIED.);
#4388 = CARTESIAN_POINT('',(-2.223199657853,-2.442975670997,
    11.169999999984));
#4389 = CARTESIAN_POINT('',(-2.223180464101,-2.442903652131,
    11.170271952871));
#4390 = CARTESIAN_POINT('',(-2.223161289596,-2.442831609768,
    11.170543848018));
#4391 = CARTESIAN_POINT('',(-2.223142134373,-2.442759543898,
    11.170815685321));
#4392 = CARTESIAN_POINT('',(-2.223122998471,-2.442687454509,
    11.171087464676));
#4393 = CARTESIAN_POINT('',(-2.221396179765,-2.436173415714,
    11.195632347562));
#4394 = CARTESIAN_POINT('',(-2.219828104756,-2.4294688827,11.21969664105
    ));
#4395 = CARTESIAN_POINT('',(-2.218458709796,-2.422644489257,
    11.242952449329));
#4396 = CARTESIAN_POINT('',(-2.217303514327,-2.415623022471,
    11.265569732694));
#4397 = CARTESIAN_POINT('',(-2.216400340342,-2.4084093521,
    11.287436159203));
#4398 = CARTESIAN_POINT('',(-2.215508734982,-2.397612297533,
    11.318111571664));
#4399 = CARTESIAN_POINT('',(-2.215289615945,-2.394167941021,
    11.327605880723));
#4400 = CARTESIAN_POINT('',(-2.215136766753,-2.390687754243,
    11.336903051309));
#4401 = CARTESIAN_POINT('',(-2.215054210446,-2.387173905858,
    11.345991047871));
#4402 = CARTESIAN_POINT('',(-2.215045943509,-2.383629135363,
    11.354857853809));
#4403 = CARTESIAN_POINT('',(-2.215162524577,-2.377678884156,
    11.369238228037));
#4404 = CARTESIAN_POINT('',(-2.215243771545,-2.375288782486,
    11.374881709452));
#4405 = CARTESIAN_POINT('',(-2.215360835647,-2.372887434871,
    11.380418402721));
#4406 = CARTESIAN_POINT('',(-2.215514825245,-2.370475935965,
    11.385844923208));
#4407 = CARTESIAN_POINT('',(-2.215706798185,-2.368055488293,
    11.391158014639));
#4408 = CARTESIAN_POINT('',(-2.216501055503,-2.359705579611,
    11.40902829902));
#4409 = CARTESIAN_POINT('',(-2.217296278434,-2.353737985988,
    11.421009552209));
#4410 = CARTESIAN_POINT('',(-2.218337881715,-2.347744218473,
    11.43225153962));
#4411 = CARTESIAN_POINT('',(-2.219637765638,-2.341746424768,
    11.442717001892));
#4412 = CARTESIAN_POINT('',(-2.221204247356,-2.335768684678,
    11.452377595143));
#4413 = CARTESIAN_POINT('',(-2.224831957173,-2.324052189767,
    11.469828427735));
#4414 = CARTESIAN_POINT('',(-2.226879983338,-2.318310774686,
    11.477659911217));
#4415 = CARTESIAN_POINT('',(-2.229188776141,-2.31263526909,
    11.484689551248));
#4416 = CARTESIAN_POINT('',(-2.231758403112,-2.307048335389,
    11.490908178887));
#4417 = CARTESIAN_POINT('',(-2.234585627134,-2.301571643461,
    11.496312368743));
#4418 = CARTESIAN_POINT('',(-2.241137970327,-2.290192738683,
    11.506078995773));
#4419 = CARTESIAN_POINT('',(-2.244931788457,-2.284326112933,
    11.510218644847));
#4420 = CARTESIAN_POINT('',(-2.24903708226,-2.278653829557,
    11.513319652053));
#4421 = CARTESIAN_POINT('',(-2.253440796194,-2.273201739615,
    11.515384566195));
#4422 = CARTESIAN_POINT('',(-2.258126286679,-2.267992684567,
    11.516415969844));
#4423 = CARTESIAN_POINT('',(-2.268022246251,-2.258099218823,
    11.516411057419));
#4424 = CARTESIAN_POINT('',(-2.273232589799,-2.25341495582,
    11.515374697675));
#4425 = CARTESIAN_POINT('',(-2.278685894828,-2.249012547226,
    11.513304778374));
#4426 = CARTESIAN_POINT('',(-2.284359309507,-2.244908628228,
    11.510198712005));
#4427 = CARTESIAN_POINT('',(-2.290226972462,-2.241116244392,
    11.506053950959));
#4428 = CARTESIAN_POINT('',(-2.301607896768,-2.23456654649,
    11.496277383237));
#4429 = CARTESIAN_POINT('',(-2.307085606438,-2.231740547525,
    11.49086829365));
#4430 = CARTESIAN_POINT('',(-2.312673478588,-2.22917219978,
    11.484644664995));
#4431 = CARTESIAN_POINT('',(-2.318349834127,-2.22686473028,
    11.477609939591));
#4432 = CARTESIAN_POINT('',(-2.324092003249,-2.224818059376,
    11.469773311374));
#4433 = CARTESIAN_POINT('',(-2.340539066174,-2.219730132475,
    11.445264721701));
#4434 = CARTESIAN_POINT('',(-2.351351521202,-2.217303586793,
    11.426706449522));
#4435 = CARTESIAN_POINT('',(-2.362159429448,-2.215730957177,
    11.405603423779));
#4436 = CARTESIAN_POINT('',(-2.372828261709,-2.214938904025,
    11.382163698746));
#4437 = CARTESIAN_POINT('',(-2.383262386042,-2.214828506799,
    11.356680646253));
#4438 = CARTESIAN_POINT('',(-2.398399010643,-2.215529904752,
    11.31606175869));
#4439 = CARTESIAN_POINT('',(-2.403330087981,-2.215903146792,
    11.302215898409));
#4440 = CARTESIAN_POINT('',(-2.408182752203,-2.216405722629,
    11.28798531732));
#4441 = CARTESIAN_POINT('',(-2.412952877782,-2.217025703994,
    11.273405402147));
#4442 = CARTESIAN_POINT('',(-2.417638367874,-2.217751791097,
    11.258509516184));
#4443 = CARTESIAN_POINT('',(-2.425824316409,-2.219214465906,
    11.231494382741));
#4444 = CARTESIAN_POINT('',(-2.429357669119,-2.219913316937,
    11.219489153187));
#4445 = CARTESIAN_POINT('',(-2.432838880078,-2.220665507228,
    11.20732507389));
#4446 = CARTESIAN_POINT('',(-2.436268424502,-2.221466600106,
    11.195014602016));
#4447 = CARTESIAN_POINT('',(-2.439647041529,-2.222312544124,
    11.182569348781));
#4448 = CARTESIAN_POINT('',(-2.442975672227,-2.223199656416,
    11.170000000208));
#4449 = PCURVE('',#1703,#4450);
#4450 = DEFINITIONAL_REPRESENTATION('',(#4451),#4543);
#4451 = B_SPLINE_CURVE_WITH_KNOTS('',3,(#4452,#4453,#4454,#4455,#4456,
    #4457,#4458,#4459,#4460,#4461,#4462,#4463,#4464,#4465,#4466,#4467,
    #4468,#4469,#4470,#4471,#4472,#4473,#4474,#4475,#4476,#4477,#4478,
    #4479,#4480,#4481,#4482,#4483,#4484,#4485,#4486,#4487,#4488,#4489,
    #4490,#4491,#4492,#4493,#4494,#4495,#4496,#4497,#4498,#4499,#4500,
    #4501,#4502,#4503,#4504,#4505,#4506,#4507,#4508,#4509,#4510,#4511,
    #4512,#4513,#4514,#4515,#4516,#4517,#4518,#4519,#4520,#4521,#4522,
    #4523,#4524,#4525,#4526,#4527,#4528,#4529,#4530,#4531,#4532,#4533,
    #4534,#4535,#4536,#4537,#4538,#4539,#4540,#4541,#4542),
  .UNSPECIFIED.,.F.,.F.,(4,1,1,1,1,1,1,1,1,1,1,1,1,1,1,1,1,1,1,1,1,1,1,1
    ,1,1,1,1,1,1,1,1,1,1,1,1,1,1,1,1,1,1,1,1,1,1,1,1,1,1,1,1,1,1,1,1,1,1
    ,1,1,1,1,1,1,1,1,1,1,1,1,1,1,1,1,1,1,1,1,1,1,1,1,1,1,1,1,1,1,4),(
    0.99027776762,1.070814829205,1.15135189079,1.231888952375,
    1.312426013961,1.392963075546,1.473500137131,1.554037198717,
    1.634574260302,1.715111321887,1.795648383472,1.876185445058,
    1.956722506643,2.037259568228,2.117796629813,2.198333691399,
    2.278870752984,2.359407814569,2.439944876154,2.52048193774,
    2.601018999325,2.68155606091,2.762093122495,2.842630184081,
    2.923167245666,3.003704307251,3.084241368837,3.164778430422,
    3.245315492007,3.325852553592,3.406389615178,3.486926676763,
    3.567463738348,3.648000799933,3.728537861519,3.809074923104,
    3.889611984689,3.970149046274,4.05068610786,4.131223169445,
    4.21176023103,4.292297292615,4.372834354201,4.453371415786,
    4.533908477371,4.614445538957,4.694982600542,4.775519662127,
    4.856056723712,4.936593785298,5.017130846883,5.097667908468,
    5.178204970053,5.258742031639,5.339279093224,5.419816154809,
    5.500353216394,5.58089027798,5.661427339565,5.74196440115,
    5.822501462735,5.903038524321,5.983575585906,6.064112647491,
    6.144649709077,6.225186770662,6.305723832247,6.386260893832,
    6.466797955418,6.547335017003,6.627872078588,6.708409140173,
    6.788946201759,6.869483263344,6.950020324929,7.030557386514,
    7.1110944481,7.191631509685,7.27216857127,7.352705632856,
    7.433242694441,7.513779756026,7.594316817611,7.674853879197,
    7.755390940782,7.835928002367,7.916465063952,7.997002125538,
    8.077539187123),.QUASI_UNIFORM_KNOTS.);
#4452 = CARTESIAN_POINT('',(-0.21661336649,-0.269385329176));
#4453 = CARTESIAN_POINT('',(-0.218831026233,-0.274010017954));
#4454 = CARTESIAN_POINT('',(-0.223348934893,-0.283220479709));
#4455 = CARTESIAN_POINT('',(-0.230381260357,-0.296911459074));
#4456 = CARTESIAN_POINT('',(-0.237676782586,-0.310469993944));
#4457 = CARTESIAN_POINT('',(-0.245243098149,-0.323887531859));
#4458 = CARTESIAN_POINT('',(-0.253087623216,-0.337155018586));
#4459 = CARTESIAN_POINT('',(-0.26121752135,-0.35026286392));
#4460 = CARTESIAN_POINT('',(-0.269639639834,-0.363201002748));
#4461 = CARTESIAN_POINT('',(-0.278360441672,-0.375958929478));
#4462 = CARTESIAN_POINT('',(-0.287385947569,-0.388525744492));
#4463 = CARTESIAN_POINT('',(-0.296721644682,-0.400890179934));
#4464 = CARTESIAN_POINT('',(-0.306372522079,-0.413040696916));
#4465 = CARTESIAN_POINT('',(-0.316342629665,-0.424965314961));
#4466 = CARTESIAN_POINT('',(-0.326635218381,-0.436651651182));
#4467 = CARTESIAN_POINT('',(-0.337252682999,-0.448087392561));
#4468 = CARTESIAN_POINT('',(-0.348196366849,-0.459260175666));
#4469 = CARTESIAN_POINT('',(-0.359466655614,-0.470157586896));
#4470 = CARTESIAN_POINT('',(-0.371062837368,-0.480767289699));
#4471 = CARTESIAN_POINT('',(-0.382982957472,-0.491077193145));
#4472 = CARTESIAN_POINT('',(-0.395223854646,-0.50107548615));
#4473 = CARTESIAN_POINT('',(-0.407781337728,-0.510750868517));
#4474 = CARTESIAN_POINT('',(-0.420649987708,-0.520092494346));
#4475 = CARTESIAN_POINT('',(-0.433822799823,-0.529089808287));
#4476 = CARTESIAN_POINT('',(-0.447291905685,-0.537733156271));
#4477 = CARTESIAN_POINT('',(-0.461048412284,-0.54601362327));
#4478 = CARTESIAN_POINT('',(-0.475082459432,-0.553923065876));
#4479 = CARTESIAN_POINT('',(-0.489383221195,-0.561454097142));
#4480 = CARTESIAN_POINT('',(-0.503938891844,-0.568600067654));
#4481 = CARTESIAN_POINT('',(-0.518736767791,-0.575355109538));
#4482 = CARTESIAN_POINT('',(-0.533764275509,-0.581714466651));
#4483 = CARTESIAN_POINT('',(-0.54900771769,-0.587673867974));
#4484 = CARTESIAN_POINT('',(-0.564453232315,-0.593229867883));
#4485 = CARTESIAN_POINT('',(-0.580086633134,-0.598379673182));
#4486 = CARTESIAN_POINT('',(-0.595893512591,-0.603121092963));
#4487 = CARTESIAN_POINT('',(-0.611859269687,-0.607452454333));
#4488 = CARTESIAN_POINT('',(-0.627969156391,-0.611372531574));
#4489 = CARTESIAN_POINT('',(-0.644208303261,-0.614880455453));
#4490 = CARTESIAN_POINT('',(-0.660562207096,-0.61797578339));
#4491 = CARTESIAN_POINT('',(-0.677016355356,-0.620658279376));
#4492 = CARTESIAN_POINT('',(-0.693556259342,-0.622927852891));
#4493 = CARTESIAN_POINT('',(-0.710167467146,-0.624784526169));
#4494 = CARTESIAN_POINT('',(-0.726835579134,-0.626228393922));
#4495 = CARTESIAN_POINT('',(-0.743546267125,-0.627259585094));
#4496 = CARTESIAN_POINT('',(-0.760285270754,-0.627878223855));
#4497 = CARTESIAN_POINT('',(-0.777038474798,-0.628084391378));
#4498 = CARTESIAN_POINT('',(-0.79379167776,-0.627878085059));
#4499 = CARTESIAN_POINT('',(-0.810530674104,-0.627259307285));
#4500 = CARTESIAN_POINT('',(-0.82724135023,-0.626227977153));
#4501 = CARTESIAN_POINT('',(-0.843909445648,-0.624783970451));
#4502 = CARTESIAN_POINT('',(-0.860520632294,-0.622927158182));
#4503 = CARTESIAN_POINT('',(-0.877060510396,-0.620657445566));
#4504 = CARTESIAN_POINT('',(-0.893514627722,-0.617974810414));
#4505 = CARTESIAN_POINT('',(-0.909868495376,-0.61487934332));
#4506 = CARTESIAN_POINT('',(-0.926107599566,-0.611371281025));
#4507 = CARTESIAN_POINT('',(-0.942217439148,-0.607451065414));
#4508 = CARTESIAN_POINT('',(-0.958183145788,-0.603119565614));
#4509 = CARTESIAN_POINT('',(-0.973989970467,-0.598378007601));
#4510 = CARTESIAN_POINT('',(-0.989623310029,-0.593228065463));
#4511 = CARTESIAN_POINT('',(-1.005068763662,-0.587671926918));
#4512 = CARTESIAN_POINT('',(-1.020312119434,-0.581712398252));
#4513 = CARTESIAN_POINT('',(-1.0353396124,-0.575352877009));
#4514 = CARTESIAN_POINT('',(-1.050137185609,-0.56859781401));
#4515 = CARTESIAN_POINT('',(-1.064693919792,-0.561451145608));
#4516 = CARTESIAN_POINT('',(-1.078996436464,-0.553918953556));
#4517 = CARTESIAN_POINT('',(-1.093032244074,-0.546008204959));
#4518 = CARTESIAN_POINT('',(-1.106790155142,-0.537726496056));
#4519 = CARTESIAN_POINT('',(-1.120260159753,-0.52908210481));
#4520 = CARTESIAN_POINT('',(-1.133433442435,-0.52008395647));
#4521 = CARTESIAN_POINT('',(-1.146302357463,-0.510741608192));
#4522 = CARTESIAN_POINT('',(-1.158860411294,-0.501065224334));
#4523 = CARTESIAN_POINT('',(-1.171102238536,-0.491065549846));
#4524 = CARTESIAN_POINT('',(-1.183023573698,-0.480753880495));
#4525 = CARTESIAN_POINT('',(-1.194621220349,-0.47014202759));
#4526 = CARTESIAN_POINT('',(-1.205893006214,-0.459242287811));
#4527 = CARTESIAN_POINT('',(-1.216837766055,-0.448067378072));
#4528 = CARTESIAN_POINT('',(-1.227455194378,-0.43663048514));
#4529 = CARTESIAN_POINT('',(-1.237746156055,-0.424944871192));
#4530 = CARTESIAN_POINT('',(-1.247715019853,-0.413020766056));
#4531 = CARTESIAN_POINT('',(-1.257364695387,-0.400870766628));
#4532 = CARTESIAN_POINT('',(-1.266699414807,-0.388506685993));
#4533 = CARTESIAN_POINT('',(-1.275723984887,-0.375940213878));
#4534 = CARTESIAN_POINT('',(-1.284443877342,-0.363182671694));
#4535 = CARTESIAN_POINT('',(-1.292865104283,-0.350245010646));
#4536 = CARTESIAN_POINT('',(-1.300994115404,-0.337137743307));
#4537 = CARTESIAN_POINT('',(-1.308836848238,-0.323872519606));
#4538 = CARTESIAN_POINT('',(-1.316401112939,-0.310458013633));
#4539 = CARTESIAN_POINT('',(-1.323694478255,-0.296903025968));
#4540 = CARTESIAN_POINT('',(-1.330724635004,-0.283215936111));
#4541 = CARTESIAN_POINT('',(-1.335241049826,-0.274008432031));
#4542 = CARTESIAN_POINT('',(-1.337457947957,-0.269385329392));
#4543 = ( GEOMETRIC_REPRESENTATION_CONTEXT(2) 
PARAMETRIC_REPRESENTATION_CONTEXT() REPRESENTATION_CONTEXT('2D SPACE',''
  ) );
#4544 = PCURVE('',#1745,#4545);
#4545 = DEFINITIONAL_REPRESENTATION('',(#4546),#4638);
#4546 = B_SPLINE_CURVE_WITH_KNOTS('',3,(#4547,#4548,#4549,#4550,#4551,
    #4552,#4553,#4554,#4555,#4556,#4557,#4558,#4559,#4560,#4561,#4562,
    #4563,#4564,#4565,#4566,#4567,#4568,#4569,#4570,#4571,#4572,#4573,
    #4574,#4575,#4576,#4577,#4578,#4579,#4580,#4581,#4582,#4583,#4584,
    #4585,#4586,#4587,#4588,#4589,#4590,#4591,#4592,#4593,#4594,#4595,
    #4596,#4597,#4598,#4599,#4600,#4601,#4602,#4603,#4604,#4605,#4606,
    #4607,#4608,#4609,#4610,#4611,#4612,#4613,#4614,#4615,#4616,#4617,
    #4618,#4619,#4620,#4621,#4622,#4623,#4624,#4625,#4626,#4627,#4628,
    #4629,#4630,#4631,#4632,#4633,#4634,#4635,#4636,#4637),
  .UNSPECIFIED.,.F.,.F.,(4,1,1,1,1,1,1,1,1,1,1,1,1,1,1,1,1,1,1,1,1,1,1,1
    ,1,1,1,1,1,1,1,1,1,1,1,1,1,1,1,1,1,1,1,1,1,1,1,1,1,1,1,1,1,1,1,1,1,1
    ,1,1,1,1,1,1,1,1,1,1,1,1,1,1,1,1,1,1,1,1,1,1,1,1,1,1,1,1,1,1,4),(
    0.99027776762,1.070814829205,1.15135189079,1.231888952375,
    1.312426013961,1.392963075546,1.473500137131,1.554037198717,
    1.634574260302,1.715111321887,1.795648383472,1.876185445058,
    1.956722506643,2.037259568228,2.117796629813,2.198333691399,
    2.278870752984,2.359407814569,2.439944876154,2.52048193774,
    2.601018999325,2.68155606091,2.762093122495,2.842630184081,
    2.923167245666,3.003704307251,3.084241368837,3.164778430422,
    3.245315492007,3.325852553592,3.406389615178,3.486926676763,
    3.567463738348,3.648000799933,3.728537861519,3.809074923104,
    3.889611984689,3.970149046274,4.05068610786,4.131223169445,
    4.21176023103,4.292297292615,4.372834354201,4.453371415786,
    4.533908477371,4.614445538957,4.694982600542,4.775519662127,
    4.856056723712,4.936593785298,5.017130846883,5.097667908468,
    5.178204970053,5.258742031639,5.339279093224,5.419816154809,
    5.500353216394,5.58089027798,5.661427339565,5.74196440115,
    5.822501462735,5.903038524321,5.983575585906,6.064112647491,
    6.144649709077,6.225186770662,6.305723832247,6.386260893832,
    6.466797955418,6.547335017003,6.627872078588,6.708409140173,
    6.788946201759,6.869483263344,6.950020324929,7.030557386514,
    7.1110944481,7.191631509685,7.27216857127,7.352705632856,
    7.433242694441,7.513779756026,7.594316817611,7.674853879197,
    7.755390940782,7.835928002367,7.916465063952,7.997002125538,
    8.077539187123),.QUASI_UNIFORM_KNOTS.);
#4547 = CARTESIAN_POINT('',(6.281744206169,0.176269832598));
#4548 = CARTESIAN_POINT('',(6.285718306474,0.180859049124));
#4549 = CARTESIAN_POINT('',(6.293752040677,0.189997934088));
#4550 = CARTESIAN_POINT('',(6.306066270756,0.20357968948));
#4551 = CARTESIAN_POINT('',(6.318651250454,0.217027175141));
#4552 = CARTESIAN_POINT('',(6.331513775632,0.230331888017));
#4553 = CARTESIAN_POINT('',(6.344660344841,0.243484834975));
#4554 = CARTESIAN_POINT('',(6.358097079287,0.256476500884));
#4555 = CARTESIAN_POINT('',(6.371829672186,0.269296910176));
#4556 = CARTESIAN_POINT('',(6.385863327231,0.281935662239));
#4557 = CARTESIAN_POINT('',(6.400202711754,0.294381978576));
#4558 = CARTESIAN_POINT('',(6.41485186447,0.306624729596));
#4559 = CARTESIAN_POINT('',(6.429814274899,0.318652531693));
#4560 = CARTESIAN_POINT('',(6.445092317777,0.33045358054));
#4561 = CARTESIAN_POINT('',(6.460687452464,0.342015689091));
#4562 = CARTESIAN_POINT('',(6.476600284077,0.35332675823));
#4563 = CARTESIAN_POINT('',(6.492830307084,0.364374657779));
#4564 = CARTESIAN_POINT('',(6.509376033253,0.375147225913));
#4565 = CARTESIAN_POINT('',(6.526234866663,0.385632395936));
#4566 = CARTESIAN_POINT('',(6.543402972465,0.39581836416));
#4567 = CARTESIAN_POINT('',(6.560875346052,0.405693622031));
#4568 = CARTESIAN_POINT('',(6.578646083371,0.415247184522));
#4569 = CARTESIAN_POINT('',(6.596708137109,0.424468532672));
#4570 = CARTESIAN_POINT('',(6.615052835108,0.433347451265));
#4571 = CARTESIAN_POINT('',(6.633670912218,0.44187463045));
#4572 = CARTESIAN_POINT('',(6.652552272348,0.45004150311));
#4573 = CARTESIAN_POINT('',(6.67168606154,0.457840274829));
#4574 = CARTESIAN_POINT('',(6.691060657916,0.465263906626));
#4575 = CARTESIAN_POINT('',(6.71066363854,0.472306094014));
#4576 = CARTESIAN_POINT('',(6.730481876407,0.478961308004));
#4577 = CARTESIAN_POINT('',(6.750502876902,0.485225116908));
#4578 = CARTESIAN_POINT('',(6.770713068197,0.491093566765));
#4579 = CARTESIAN_POINT('',(6.79109905311,0.496563513301));
#4580 = CARTESIAN_POINT('',(6.811647355614,0.50163244925));
#4581 = CARTESIAN_POINT('',(6.832344522344,0.506298452508));
#4582 = CARTESIAN_POINT('',(6.853177124488,0.510560100743));
#4583 = CARTESIAN_POINT('',(6.874131786074,0.514416399371));
#4584 = CARTESIAN_POINT('',(6.895195186438,0.517866689596));
#4585 = CARTESIAN_POINT('',(6.916354661608,0.520910717269));
#4586 = CARTESIAN_POINT('',(6.937597686075,0.523548413482));
#4587 = CARTESIAN_POINT('',(6.958911891419,0.525779832947));
#4588 = CARTESIAN_POINT('',(6.980285060986,0.527605121116));
#4589 = CARTESIAN_POINT('',(7.001705129079,0.529024473705));
#4590 = CARTESIAN_POINT('',(7.023160186332,0.530038098297));
#4591 = CARTESIAN_POINT('',(7.044638457177,0.530646175225));
#4592 = CARTESIAN_POINT('',(7.066128382453,0.530848819267));
#4593 = CARTESIAN_POINT('',(7.087618307447,0.530646038804));
#4594 = CARTESIAN_POINT('',(7.109096572261,0.530037825225));
#4595 = CARTESIAN_POINT('',(7.130551619807,0.529024064024));
#4596 = CARTESIAN_POINT('',(7.151971674347,0.527604574815));
#4597 = CARTESIAN_POINT('',(7.173344826644,0.525779149954));
#4598 = CARTESIAN_POINT('',(7.194659010802,0.523547593649));
#4599 = CARTESIAN_POINT('',(7.215902009721,0.520909760485));
#4600 = CARTESIAN_POINT('',(7.237061454689,0.517865595817));
#4601 = CARTESIAN_POINT('',(7.258124818507,0.514415169274));
#4602 = CARTESIAN_POINT('',(7.279079439821,0.510558734305));
#4603 = CARTESIAN_POINT('',(7.299911999343,0.506296949603));
#4604 = CARTESIAN_POINT('',(7.320609119776,0.501630809997));
#4605 = CARTESIAN_POINT('',(7.341157369322,0.496561738998));
#4606 = CARTESIAN_POINT('',(7.361543303609,0.491091655558));
#4607 = CARTESIAN_POINT('',(7.381753411879,0.485223079844));
#4608 = CARTESIAN_POINT('',(7.40177442761,0.478959108733));
#4609 = CARTESIAN_POINT('',(7.42159229426,0.472303873431));
#4610 = CARTESIAN_POINT('',(7.44119674466,0.465260997484));
#4611 = CARTESIAN_POINT('',(7.460573772893,0.457836220584));
#4612 = CARTESIAN_POINT('',(7.479710037386,0.450036160018));
#4613 = CARTESIAN_POINT('',(7.498593421747,0.441868060892));
#4614 = CARTESIAN_POINT('',(7.517212856039,0.433339850357));
#4615 = CARTESIAN_POINT('',(7.535558337831,0.424460105889));
#4616 = CARTESIAN_POINT('',(7.553620900148,0.415238042082));
#4617 = CARTESIAN_POINT('',(7.571392592843,0.405683488028));
#4618 = CARTESIAN_POINT('',(7.588866458834,0.395806862571));
#4619 = CARTESIAN_POINT('',(7.606036508099,0.385619146188));
#4620 = CARTESIAN_POINT('',(7.622897691913,0.375131847195));
#4621 = CARTESIAN_POINT('',(7.639445860475,0.364356972754));
#4622 = CARTESIAN_POINT('',(7.655677765148,0.353306965065));
#4623 = CARTESIAN_POINT('',(7.671590873924,0.341994750717));
#4624 = CARTESIAN_POINT('',(7.687183861496,0.330433350965));
#4625 = CARTESIAN_POINT('',(7.702460277915,0.318632804733));
#4626 = CARTESIAN_POINT('',(7.717421108562,0.306605509773));
#4627 = CARTESIAN_POINT('',(7.732068997027,0.294363105232));
#4628 = CARTESIAN_POINT('',(7.746407173367,0.281917123764));
#4629 = CARTESIAN_POINT('',(7.760439641351,0.269278748066));
#4630 = CARTESIAN_POINT('',(7.774171040756,0.256458807836));
#4631 = CARTESIAN_POINT('',(7.787606558098,0.243467710635));
#4632 = CARTESIAN_POINT('',(7.800750348187,0.230317003431));
#4633 = CARTESIAN_POINT('',(7.813609563307,0.217015294061));
#4634 = CARTESIAN_POINT('',(7.82619095729,0.203571324377));
#4635 = CARTESIAN_POINT('',(7.838501488957,0.189993426021));
#4636 = CARTESIAN_POINT('',(7.846532593378,0.180857475395));
#4637 = CARTESIAN_POINT('',(7.850505329607,0.176269832836));
#4638 = ( GEOMETRIC_REPRESENTATION_CONTEXT(2) 
PARAMETRIC_REPRESENTATION_CONTEXT() REPRESENTATION_CONTEXT('2D SPACE',''
  ) );
#4639 = ORIENTED_EDGE('',*,*,#1686,.T.);
#4640 = ORIENTED_EDGE('',*,*,#2151,.F.);
#4641 = ORIENTED_EDGE('',*,*,#4642,.T.);
#4642 = EDGE_CURVE('',#2152,#2184,#4643,.T.);
#4643 = SURFACE_CURVE('',#4644,(#4649,#4656),.PCURVE_S1.);
#4644 = CIRCLE('',#4645,0.3);
#4645 = AXIS2_PLACEMENT_3D('',#4646,#4647,#4648);
#4646 = CARTESIAN_POINT('',(-2.539842705208,-2.539842705208,10.95));
#4647 = DIRECTION('',(0.128254195209,0.128254195209,0.983413302138));
#4648 = DIRECTION('',(0.991602623083,3.469446951954E-18,-0.129322225065)
  );
#4649 = PCURVE('',#1703,#4650);
#4650 = DEFINITIONAL_REPRESENTATION('',(#4651),#4655);
#4651 = LINE('',#4652,#4653);
#4652 = CARTESIAN_POINT('',(-0.,-0.));
#4653 = VECTOR('',#4654,1.);
#4654 = DIRECTION('',(-1.,-0.));
#4655 = ( GEOMETRIC_REPRESENTATION_CONTEXT(2) 
PARAMETRIC_REPRESENTATION_CONTEXT() REPRESENTATION_CONTEXT('2D SPACE',''
  ) );
#4656 = PCURVE('',#2203,#4657);
#4657 = DEFINITIONAL_REPRESENTATION('',(#4658),#4662);
#4658 = CIRCLE('',#4659,0.3);
#4659 = AXIS2_PLACEMENT_2D('',#4660,#4661);
#4660 = CARTESIAN_POINT('',(0.,0.));
#4661 = DIRECTION('',(1.,0.));
#4662 = ( GEOMETRIC_REPRESENTATION_CONTEXT(2) 
PARAMETRIC_REPRESENTATION_CONTEXT() REPRESENTATION_CONTEXT('2D SPACE',''
  ) );
#4663 = ADVANCED_FACE('',(#4664),#1745,.T.);
#4664 = FACE_BOUND('',#4665,.T.);
#4665 = EDGE_LOOP('',(#4666,#4667,#4668));
#4666 = ORIENTED_EDGE('',*,*,#1762,.T.);
#4667 = ORIENTED_EDGE('',*,*,#1728,.T.);
#4668 = ORIENTED_EDGE('',*,*,#4385,.F.);
#4669 = ADVANCED_FACE('',(#4670),#1600,.T.);
#4670 = FACE_BOUND('',#4671,.T.);
#4671 = EDGE_LOOP('',(#4672,#4673,#4674));
#4672 = ORIENTED_EDGE('',*,*,#2915,.F.);
#4673 = ORIENTED_EDGE('',*,*,#2975,.T.);
#4674 = ORIENTED_EDGE('',*,*,#1585,.F.);
#4675 = ADVANCED_FACE('',(#4676),#1422,.T.);
#4676 = FACE_BOUND('',#4677,.T.);
#4677 = EDGE_LOOP('',(#4678,#4876,#4877,#4900,#4942,#4985,#5022,#5045,
    #5074,#5109,#5131,#5132,#5169,#5207,#5244,#5348,#5383,#5384,#5385,
    #5386,#5408,#5409));
#4678 = ORIENTED_EDGE('',*,*,#4679,.T.);
#4679 = EDGE_CURVE('',#1485,#1448,#4680,.T.);
#4680 = SURFACE_CURVE('',#4681,(#4744,#4810),.PCURVE_S1.);
#4681 = B_SPLINE_CURVE_WITH_KNOTS('',6,(#4682,#4683,#4684,#4685,#4686,
    #4687,#4688,#4689,#4690,#4691,#4692,#4693,#4694,#4695,#4696,#4697,
    #4698,#4699,#4700,#4701,#4702,#4703,#4704,#4705,#4706,#4707,#4708,
    #4709,#4710,#4711,#4712,#4713,#4714,#4715,#4716,#4717,#4718,#4719,
    #4720,#4721,#4722,#4723,#4724,#4725,#4726,#4727,#4728,#4729,#4730,
    #4731,#4732,#4733,#4734,#4735,#4736,#4737,#4738,#4739,#4740,#4741,
    #4742,#4743),.UNSPECIFIED.,.F.,.F.,(7,5,5,5,5,5,5,5,5,5,5,5,7),(0.,
    0.158088789116,0.222372498207,0.260768385691,0.286673958461,
    0.3508746411,0.420838356197,0.500243257891,0.578964334724,
    0.649655047806,0.778283496067,0.842684054008,1.),.UNSPECIFIED.);
#4682 = CARTESIAN_POINT('',(-2.483602903142,2.237264039701,
    10.996705300446));
#4683 = CARTESIAN_POINT('',(-2.474546933877,2.233440088748,
    11.039841342518));
#4684 = CARTESIAN_POINT('',(-2.465106025865,2.229804530688,
    11.082374035898));
#4685 = CARTESIAN_POINT('',(-2.455226459032,2.226408815479,
    11.12417863516));
#4686 = CARTESIAN_POINT('',(-2.444860445068,2.22333042047,
    11.165018472992));
#4687 = CARTESIAN_POINT('',(-2.433967274034,2.220684831995,
    11.204542598635));
#4688 = CARTESIAN_POINT('',(-2.417896622789,2.217791968912,
    11.257687711208));
#4689 = CARTESIAN_POINT('',(-2.413163851666,2.217053243978,
    11.27275999159));
#4690 = CARTESIAN_POINT('',(-2.408344521024,2.216422569004,
    11.287510501738));
#4691 = CARTESIAN_POINT('',(-2.403440751154,2.215911601817,
    11.301904822955));
#4692 = CARTESIAN_POINT('',(-2.398456774513,2.215532661526,
    11.315906410721));
#4693 = CARTESIAN_POINT('',(-2.39037871652,2.215158214115,
    11.337584291028));
#4694 = CARTESIAN_POINT('',(-2.387331844448,2.215069733029,
    11.34553714533));
#4695 = CARTESIAN_POINT('',(-2.38426026412,2.215035483597,
    11.353328595897));
#4696 = CARTESIAN_POINT('',(-2.381165772003,2.215058096947,
    11.360950723893));
#4697 = CARTESIAN_POINT('',(-2.378050496714,2.215140143023,
    11.368395748647));
#4698 = CARTESIAN_POINT('',(-2.372802671464,2.215381278497,
    11.380554512825));
#4699 = CARTESIAN_POINT('',(-2.370680101367,2.215506614943,
    11.385368922318));
#4700 = CARTESIAN_POINT('',(-2.36854994789,2.215660903447,
    11.390096925281));
#4701 = CARTESIAN_POINT('',(-2.366413031929,2.215844870396,
    11.394736286168));
#4702 = CARTESIAN_POINT('',(-2.364270236114,2.216059205048,
    11.399284864727));
#4703 = CARTESIAN_POINT('',(-2.356799873353,2.216912611126,
    11.414783115473));
#4704 = CARTESIAN_POINT('',(-2.35144666631,2.217711073839,
    11.425255824046));
#4705 = CARTESIAN_POINT('',(-2.34607780535,2.218710113791,
    11.435127141527));
#4706 = CARTESIAN_POINT('',(-2.340709361149,2.219917537876,
    11.44437128906));
#4707 = CARTESIAN_POINT('',(-2.335358553386,2.221338793759,
    11.45296830913));
#4708 = CARTESIAN_POINT('',(-2.324251860017,2.224762198347,
    11.469552182361));
#4709 = CARTESIAN_POINT('',(-2.318502302349,2.226805005662,
    11.477415344032));
#4710 = CARTESIAN_POINT('',(-2.312818278176,2.229109137887,
    11.484475139806));
#4711 = CARTESIAN_POINT('',(-2.307222538554,2.231674722234,
    11.490722258089));
#4712 = CARTESIAN_POINT('',(-2.301736847827,2.234498561287,
    11.496153187305));
#4713 = CARTESIAN_POINT('',(-2.290303365218,2.24106536297,
    11.506003241495));
#4714 = CARTESIAN_POINT('',(-2.284393073449,2.244880959611,
    11.510186921783));
#4715 = CARTESIAN_POINT('',(-2.278679567451,2.249012521235,
    11.513317451277));
#4716 = CARTESIAN_POINT('',(-2.27318926107,2.253446737733,
    11.515397439259));
#4717 = CARTESIAN_POINT('',(-2.267945475135,2.258166608361,
    11.516429537561));
#4718 = CARTESIAN_POINT('',(-2.258033244994,2.268095185515,
    11.516397336674));
#4719 = CARTESIAN_POINT('',(-2.253360371444,2.273299195587,
    11.515351017372));
#4720 = CARTESIAN_POINT('',(-2.248968514212,2.278745121197,
    11.513274735145));
#4721 = CARTESIAN_POINT('',(-2.244874199996,2.284410212045,
    11.510165910162));
#4722 = CARTESIAN_POINT('',(-2.241090388779,2.290268729666,
    11.506022012831));
#4723 = CARTESIAN_POINT('',(-2.234514233117,2.301701660615,
    11.496193285899));
#4724 = CARTESIAN_POINT('',(-2.231660097691,2.307244128708,
    11.490708767611));
#4725 = CARTESIAN_POINT('',(-2.229069635087,2.312898970754,
    11.484390987932));
#4726 = CARTESIAN_POINT('',(-2.22674613792,2.31864372878,11.477243558237
    ));
#4727 = CARTESIAN_POINT('',(-2.224689431276,2.324454922818,
    11.469276147525));
#4728 = CARTESIAN_POINT('',(-2.219631457479,2.340959971142,
    11.444553389835));
#4729 = CARTESIAN_POINT('',(-2.217236006671,2.351757220862,
    11.425939782153));
#4730 = CARTESIAN_POINT('',(-2.215690462605,2.362546354485,
    11.404793730455));
#4731 = CARTESIAN_POINT('',(-2.214921067111,2.373193988366,
    11.381324328276));
#4732 = CARTESIAN_POINT('',(-2.214829049375,2.383605648794,
    11.355824686583));
#4733 = CARTESIAN_POINT('',(-2.21555557666,2.398779011724,11.31500782269
    ));
#4734 = CARTESIAN_POINT('',(-2.21594246339,2.403767398578,
    11.300960189629));
#4735 = CARTESIAN_POINT('',(-2.216461294193,2.408675083572,
    11.286520064284));
#4736 = CARTESIAN_POINT('',(-2.217099704119,2.413497889427,
    11.271724122353));
#4737 = CARTESIAN_POINT('',(-2.217846005243,2.418233753672,
    11.256606867959));
#4738 = CARTESIAN_POINT('',(-2.220750580357,2.434237450592,
    11.203561541883));
#4739 = CARTESIAN_POINT('',(-2.223391577995,2.445066123976,
    11.164207680609));
#4740 = CARTESIAN_POINT('',(-2.226459370854,2.455373471271,
    11.123556376913));
#4741 = CARTESIAN_POINT('',(-2.22984060851,2.465199692145,
    11.081952004799));
#4742 = CARTESIAN_POINT('',(-2.233459068992,2.474591883331,
    11.039627236054));
#4743 = CARTESIAN_POINT('',(-2.237264039701,2.483602903142,
    10.996705300447));
#4744 = PCURVE('',#1422,#4745);
#4745 = DEFINITIONAL_REPRESENTATION('',(#4746),#4809);
#4746 = B_SPLINE_CURVE_WITH_KNOTS('',6,(#4747,#4748,#4749,#4750,#4751,
    #4752,#4753,#4754,#4755,#4756,#4757,#4758,#4759,#4760,#4761,#4762,
    #4763,#4764,#4765,#4766,#4767,#4768,#4769,#4770,#4771,#4772,#4773,
    #4774,#4775,#4776,#4777,#4778,#4779,#4780,#4781,#4782,#4783,#4784,
    #4785,#4786,#4787,#4788,#4789,#4790,#4791,#4792,#4793,#4794,#4795,
    #4796,#4797,#4798,#4799,#4800,#4801,#4802,#4803,#4804,#4805,#4806,
    #4807,#4808),.UNSPECIFIED.,.F.,.F.,(7,5,5,5,5,5,5,5,5,5,5,5,7),(0.,
    0.158088789116,0.222372498207,0.260768385691,0.286673958461,
    0.3508746411,0.420838356197,0.500243257891,0.578964334724,
    0.649655047806,0.778283496067,0.842684054008,1.),.UNSPECIFIED.);
#4747 = CARTESIAN_POINT('',(-4.880388936871,-9.195058752413E-02));
#4748 = CARTESIAN_POINT('',(-4.892702163652,-0.136023048901));
#4749 = CARTESIAN_POINT('',(-4.906729126507,-0.179527376979));
#4750 = CARTESIAN_POINT('',(-4.922752801561,-0.222341186598));
#4751 = CARTESIAN_POINT('',(-4.941103169286,-0.264227928233));
#4752 = CARTESIAN_POINT('',(-4.962164521151,-0.30483288185));
#4753 = CARTESIAN_POINT('',(-4.996097275944,-0.359528642766));
#4754 = CARTESIAN_POINT('',(-5.006411057732,-0.375052666111));
#4755 = CARTESIAN_POINT('',(-5.017250914769,-0.390257500088));
#4756 = CARTESIAN_POINT('',(-5.028635929536,-0.405107529791));
#4757 = CARTESIAN_POINT('',(-5.040580308637,-0.419564694047));
#4758 = CARTESIAN_POINT('',(-5.060563548718,-0.441967079181));
#4759 = CARTESIAN_POINT('',(-5.068238061253,-0.450190144088));
#4760 = CARTESIAN_POINT('',(-5.076116099673,-0.458250695914));
#4761 = CARTESIAN_POINT('',(-5.084198118534,-0.466140379316));
#4762 = CARTESIAN_POINT('',(-5.092483504322,-0.473850940064));
#4763 = CARTESIAN_POINT('',(-5.106696773052,-0.486450159462));
#4764 = CARTESIAN_POINT('',(-5.112514772301,-0.491440867395));
#4765 = CARTESIAN_POINT('',(-5.118424034809,-0.496343861373));
#4766 = CARTESIAN_POINT('',(-5.124423779824,-0.501156744486));
#4767 = CARTESIAN_POINT('',(-5.130512984237,-0.505877210382));
#4768 = CARTESIAN_POINT('',(-5.151999566987,-0.52196704878));
#4769 = CARTESIAN_POINT('',(-5.167851013272,-0.532850214768));
#4770 = CARTESIAN_POINT('',(-5.18422422474,-0.543118247565));
#4771 = CARTESIAN_POINT('',(-5.201091487574,-0.552742733502));
#4772 = CARTESIAN_POINT('',(-5.218417870832,-0.561701138912));
#4773 = CARTESIAN_POINT('',(-5.255497330471,-0.578995354467));
#4774 = CARTESIAN_POINT('',(-5.275329838201,-0.587203498535));
#4775 = CARTESIAN_POINT('',(-5.295605480968,-0.594579680931));
#4776 = CARTESIAN_POINT('',(-5.316266641766,-0.601111810276));
#4777 = CARTESIAN_POINT('',(-5.337253224443,-0.606794051954));
#4778 = CARTESIAN_POINT('',(-5.382623557443,-0.617104898517));
#4779 = CARTESIAN_POINT('',(-5.407083715328,-0.621487838803));
#4780 = CARTESIAN_POINT('',(-5.431798531869,-0.624769334152));
#4781 = CARTESIAN_POINT('',(-5.456681445604,-0.62695026996));
#4782 = CARTESIAN_POINT('',(-5.481646958377,-0.628032443496));
#4783 = CARTESIAN_POINT('',(-5.531361638519,-0.627998680142));
#4784 = CARTESIAN_POINT('',(-5.556110108688,-0.626901595335));
#4785 = CARTESIAN_POINT('',(-5.580776042525,-0.624724563082));
#4786 = CARTESIAN_POINT('',(-5.6052761307,-0.621465844547));
#4787 = CARTESIAN_POINT('',(-5.629526030581,-0.617124590989));
#4788 = CARTESIAN_POINT('',(-5.674917304119,-0.606835988375));
#4789 = CARTESIAN_POINT('',(-5.696123581805,-0.601097650192));
#4790 = CARTESIAN_POINT('',(-5.716997671149,-0.594491642097));
#4791 = CARTESIAN_POINT('',(-5.737477568876,-0.5870239736));
#4792 = CARTESIAN_POINT('',(-5.75750387814,-0.578707187163));
#4793 = CARTESIAN_POINT('',(-5.812536444049,-0.552926363055));
#4794 = CARTESIAN_POINT('',(-5.846385047871,-0.533543927701));
#4795 = CARTESIAN_POINT('',(-5.878201232268,-0.511563090035));
#4796 = CARTESIAN_POINT('',(-5.907768103627,-0.487216042224));
#4797 = CARTESIAN_POINT('',(-5.935020343965,-0.460815817915));
#4798 = CARTESIAN_POINT('',(-5.972495370777,-0.418636743387));
#4799 = CARTESIAN_POINT('',(-5.984430184194,-0.404132712785));
#4800 = CARTESIAN_POINT('',(-5.995804223815,-0.38923612802));
#4801 = CARTESIAN_POINT('',(-6.006631960366,-0.373985178072));
#4802 = CARTESIAN_POINT('',(-6.0169327183,-0.358415558302));
#4803 = CARTESIAN_POINT('',(-6.050656755748,-0.30382501381));
#4804 = CARTESIAN_POINT('',(-6.07156000159,-0.263396361326));
#4805 = CARTESIAN_POINT('',(-6.08978484999,-0.221703910685));
#4806 = CARTESIAN_POINT('',(-6.105709319918,-0.179095705757));
#4807 = CARTESIAN_POINT('',(-6.119658258442,-0.135804294505));
#4808 = CARTESIAN_POINT('',(-6.131910368316,-9.195058752473E-02));
#4809 = ( GEOMETRIC_REPRESENTATION_CONTEXT(2) 
PARAMETRIC_REPRESENTATION_CONTEXT() REPRESENTATION_CONTEXT('2D SPACE',''
  ) );
#4810 = PCURVE('',#1501,#4811);
#4811 = DEFINITIONAL_REPRESENTATION('',(#4812),#4875);
#4812 = B_SPLINE_CURVE_WITH_KNOTS('',6,(#4813,#4814,#4815,#4816,#4817,
    #4818,#4819,#4820,#4821,#4822,#4823,#4824,#4825,#4826,#4827,#4828,
    #4829,#4830,#4831,#4832,#4833,#4834,#4835,#4836,#4837,#4838,#4839,
    #4840,#4841,#4842,#4843,#4844,#4845,#4846,#4847,#4848,#4849,#4850,
    #4851,#4852,#4853,#4854,#4855,#4856,#4857,#4858,#4859,#4860,#4861,
    #4862,#4863,#4864,#4865,#4866,#4867,#4868,#4869,#4870,#4871,#4872,
    #4873,#4874),.UNSPECIFIED.,.F.,.F.,(7,5,5,5,5,5,5,5,5,5,5,5,7),(0.,
    0.158088789116,0.222372498207,0.260768385691,0.286673958461,
    0.3508746411,0.420838356197,0.500243257891,0.578964334724,
    0.649655047806,0.778283496067,0.842684054008,1.),.UNSPECIFIED.);
#4813 = CARTESIAN_POINT('',(3.010842089858,-6.000006091966E-07));
#4814 = CARTESIAN_POINT('',(3.038372484226,4.382482471263E-02));
#4815 = CARTESIAN_POINT('',(3.067741038148,8.706360921867E-02));
#4816 = CARTESIAN_POINT('',(3.099241810777,0.12959177881));
#4817 = CARTESIAN_POINT('',(3.133193016447,0.171171750298));
#4818 = CARTESIAN_POINT('',(3.169946295323,0.211449063678));
#4819 = CARTESIAN_POINT('',(3.22602501685,0.265660022396));
#4820 = CARTESIAN_POINT('',(3.242748185995,0.281041111727));
#4821 = CARTESIAN_POINT('',(3.260001216735,0.296100505915));
#4822 = CARTESIAN_POINT('',(3.277798642319,0.31080299129));
#4823 = CARTESIAN_POINT('',(3.296149433842,0.325111044775));
#4824 = CARTESIAN_POINT('',(3.326346910334,0.34727385974));
#4825 = CARTESIAN_POINT('',(3.337836758275,0.355407027695));
#4826 = CARTESIAN_POINT('',(3.349524716206,0.363377518427));
#4827 = CARTESIAN_POINT('',(3.361409979438,0.371177142226));
#4828 = CARTESIAN_POINT('',(3.373490667735,0.37879782791));
#4829 = CARTESIAN_POINT('',(3.394044482367,0.3912471786));
#4830 = CARTESIAN_POINT('',(3.402412752156,0.396177682833));
#4831 = CARTESIAN_POINT('',(3.410867707308,0.401020709603));
#4832 = CARTESIAN_POINT('',(3.419408194783,0.405773926092));
#4833 = CARTESIAN_POINT('',(3.428032835869,0.410435092592));
#4834 = CARTESIAN_POINT('',(3.458318686767,0.426320190391));
#4835 = CARTESIAN_POINT('',(3.480405129883,0.437060141547));
#4836 = CARTESIAN_POINT('',(3.502973392916,0.447188715833));
#4837 = CARTESIAN_POINT('',(3.525991861096,0.456678590556));
#4838 = CARTESIAN_POINT('',(3.549423267496,0.465508320467));
#4839 = CARTESIAN_POINT('',(3.599162675109,0.482548307799));
#4840 = CARTESIAN_POINT('',(3.62554161518,0.490632193664));
#4841 = CARTESIAN_POINT('',(3.652307338042,0.497893789922));
#4842 = CARTESIAN_POINT('',(3.679404723613,0.504322230269));
#4843 = CARTESIAN_POINT('',(3.706778704494,0.509912721555));
#4844 = CARTESIAN_POINT('',(3.765695813838,0.520054893365));
#4845 = CARTESIAN_POINT('',(3.797303244069,0.524364580005));
#4846 = CARTESIAN_POINT('',(3.829121675123,0.527590413823));
#4847 = CARTESIAN_POINT('',(3.861077957896,0.529734074666));
#4848 = CARTESIAN_POINT('',(3.893101637655,0.530797759252));
#4849 = CARTESIAN_POINT('',(3.956872418778,0.53076457281));
#4850 = CARTESIAN_POINT('',(3.988618646237,0.529686231842));
#4851 = CARTESIAN_POINT('',(4.020297514831,0.527546399986));
#4852 = CARTESIAN_POINT('',(4.05184035698,0.524342945419));
#4853 = CARTESIAN_POINT('',(4.083175889519,0.520074244845));
#4854 = CARTESIAN_POINT('',(4.142116611241,0.509953988598));
#4855 = CARTESIAN_POINT('',(4.169776440522,0.504308318707));
#4856 = CARTESIAN_POINT('',(4.19715393585,0.497807169523));
#4857 = CARTESIAN_POINT('',(4.224192280933,0.490455475366));
#4858 = CARTESIAN_POINT('',(4.250834626818,0.482264512523));
#4859 = CARTESIAN_POINT('',(4.324681270199,0.456862279299));
#4860 = CARTESIAN_POINT('',(4.370864523191,0.437752252634));
#4861 = CARTESIAN_POINT('',(4.415191491731,0.416063319285));
#4862 = CARTESIAN_POINT('',(4.457417577094,0.392018037159));
#4863 = CARTESIAN_POINT('',(4.497426982096,0.365921597314));
#4864 = CARTESIAN_POINT('',(4.554104261302,0.324192720429));
#4865 = CARTESIAN_POINT('',(4.572457026039,0.309837983143));
#4866 = CARTESIAN_POINT('',(4.590254801427,0.295089094376));
#4867 = CARTESIAN_POINT('',(4.607506817184,0.279983707086));
#4868 = CARTESIAN_POINT('',(4.62422785192,0.264557118013));
#4869 = CARTESIAN_POINT('',(4.680029254616,0.210449320631));
#4870 = CARTESIAN_POINT('',(4.71654471683,0.170346269313));
#4871 = CARTESIAN_POINT('',(4.750291103736,0.128958752649));
#4872 = CARTESIAN_POINT('',(4.781614546068,8.663457243141E-02));
#4873 = CARTESIAN_POINT('',(4.810828386271,4.360729648712E-02));
#4874 = CARTESIAN_POINT('',(4.838222133068,-6.000000037082E-07));
#4875 = ( GEOMETRIC_REPRESENTATION_CONTEXT(2) 
PARAMETRIC_REPRESENTATION_CONTEXT() REPRESENTATION_CONTEXT('2D SPACE',''
  ) );
#4876 = ORIENTED_EDGE('',*,*,#1447,.T.);
#4877 = ORIENTED_EDGE('',*,*,#4878,.T.);
#4878 = EDGE_CURVE('',#1406,#4879,#4881,.T.);
#4879 = VERTEX_POINT('',#4880);
#4880 = CARTESIAN_POINT('',(-2.076085009346,2.326908699021,12.55));
#4881 = SEAM_CURVE('',#4882,(#4886,#4893),.PCURVE_S1.);
#4882 = LINE('',#4883,#4884);
#4883 = CARTESIAN_POINT('',(-2.242361918284,2.539842705208,
    10.911203332481));
#4884 = VECTOR('',#4885,1.);
#4885 = DIRECTION('',(0.100111543835,-0.128202720574,0.986682188563));
#4886 = PCURVE('',#1422,#4887);
#4887 = DEFINITIONAL_REPRESENTATION('',(#4888),#4892);
#4888 = LINE('',#4889,#4890);
#4889 = CARTESIAN_POINT('',(0.,-0.));
#4890 = VECTOR('',#4891,1.);
#4891 = DIRECTION('',(-0.,-1.));
#4892 = ( GEOMETRIC_REPRESENTATION_CONTEXT(2) 
PARAMETRIC_REPRESENTATION_CONTEXT() REPRESENTATION_CONTEXT('2D SPACE',''
  ) );
#4893 = PCURVE('',#1422,#4894);
#4894 = DEFINITIONAL_REPRESENTATION('',(#4895),#4899);
#4895 = LINE('',#4896,#4897);
#4896 = CARTESIAN_POINT('',(-6.28318530718,0.));
#4897 = VECTOR('',#4898,1.);
#4898 = DIRECTION('',(-0.,-1.));
#4899 = ( GEOMETRIC_REPRESENTATION_CONTEXT(2) 
PARAMETRIC_REPRESENTATION_CONTEXT() REPRESENTATION_CONTEXT('2D SPACE',''
  ) );
#4900 = ORIENTED_EDGE('',*,*,#4901,.F.);
#4901 = EDGE_CURVE('',#4902,#4879,#4904,.T.);
#4902 = VERTEX_POINT('',#4903);
#4903 = CARTESIAN_POINT('',(-2.086995326117,2.25408456877,12.55));
#4904 = SURFACE_CURVE('',#4905,(#4910,#4930),.PCURVE_S1.);
#4905 = ELLIPSE('',#4906,0.25817977688,0.253893958396);
#4906 = AXIS2_PLACEMENT_3D('',#4907,#4908,#4909);
#4907 = CARTESIAN_POINT('',(-2.332129137489,2.332129137489,12.55));
#4908 = DIRECTION('',(0.,0.,1.));
#4909 = DIRECTION('',(-0.707106781187,0.707106781187,0.));
#4910 = PCURVE('',#1422,#4911);
#4911 = DEFINITIONAL_REPRESENTATION('',(#4912),#4929);
#4912 = B_SPLINE_CURVE_WITH_KNOTS('',8,(#4913,#4914,#4915,#4916,#4917,
    #4918,#4919,#4920,#4921,#4922,#4923,#4924,#4925,#4926,#4927,#4928),
  .UNSPECIFIED.,.F.,.F.,(9,7,9),(3.914970055296,7.056562708886,
    10.198155362475),.UNSPECIFIED.);
#4913 = CARTESIAN_POINT('',(0.,-1.660249833072));
#4914 = CARTESIAN_POINT('',(-0.394168003057,-1.647403775259));
#4915 = CARTESIAN_POINT('',(-0.787687527438,-1.628651006522));
#4916 = CARTESIAN_POINT('',(-1.180214362622,-1.60702054107));
#4917 = CARTESIAN_POINT('',(-1.571616816709,-1.587428060785));
#4918 = CARTESIAN_POINT('',(-1.962169127268,-1.575425418149));
#4919 = CARTESIAN_POINT('',(-2.352467809353,-1.573447670061));
#4920 = CARTESIAN_POINT('',(-2.743059386929,-1.580387221805));
#4921 = CARTESIAN_POINT('',(-3.525520223321,-1.60607933743));
#4922 = CARTESIAN_POINT('',(-3.917389453024,-1.624832106168));
#4923 = CARTESIAN_POINT('',(-4.310241904779,-1.646462571617));
#4924 = CARTESIAN_POINT('',(-4.704219218231,-1.6660550519));
#4925 = CARTESIAN_POINT('',(-5.099082357068,-1.678057694538));
#4926 = CARTESIAN_POINT('',(-5.494200801366,-1.680035442627));
#4927 = CARTESIAN_POINT('',(-5.889017304122,-1.673095890885));
#4928 = CARTESIAN_POINT('',(-6.28318530718,-1.660249833072));
#4929 = ( GEOMETRIC_REPRESENTATION_CONTEXT(2) 
PARAMETRIC_REPRESENTATION_CONTEXT() REPRESENTATION_CONTEXT('2D SPACE',''
  ) );
#4930 = PCURVE('',#4931,#4936);
#4931 = PLANE('',#4932);
#4932 = AXIS2_PLACEMENT_3D('',#4933,#4934,#4935);
#4933 = CARTESIAN_POINT('',(-1.935853047866E-16,4.365790631274E-16,12.55
    ));
#4934 = DIRECTION('',(0.,0.,1.));
#4935 = DIRECTION('',(1.,0.,-0.));
#4936 = DEFINITIONAL_REPRESENTATION('',(#4937),#4941);
#4937 = ELLIPSE('',#4938,0.25817977688,0.253893958396);
#4938 = AXIS2_PLACEMENT_2D('',#4939,#4940);
#4939 = CARTESIAN_POINT('',(-2.332129137489,2.332129137489));
#4940 = DIRECTION('',(-0.707106781187,0.707106781187));
#4941 = ( GEOMETRIC_REPRESENTATION_CONTEXT(2) 
PARAMETRIC_REPRESENTATION_CONTEXT() REPRESENTATION_CONTEXT('2D SPACE',''
  ) );
#4942 = ORIENTED_EDGE('',*,*,#4943,.T.);
#4943 = EDGE_CURVE('',#4902,#4944,#4946,.T.);
#4944 = VERTEX_POINT('',#4945);
#4945 = CARTESIAN_POINT('',(-2.050856920449,2.287013910375,12.8));
#4946 = SURFACE_CURVE('',#4947,(#4956,#4968),.PCURVE_S1.);
#4947 = B_SPLINE_CURVE_WITH_KNOTS('',7,(#4948,#4949,#4950,#4951,#4952,
    #4953,#4954,#4955),.UNSPECIFIED.,.F.,.F.,(8,8),(0.,1.),
  .PIECEWISE_BEZIER_KNOTS.);
#4948 = CARTESIAN_POINT('',(-2.086995442573,2.254084460946,12.5499994));
#4949 = CARTESIAN_POINT('',(-2.080437862724,2.260155945621,
    12.583784988255));
#4950 = CARTESIAN_POINT('',(-2.074467208836,2.265642680342,
    12.618552511125));
#4951 = CARTESIAN_POINT('',(-2.068979822012,2.270654386441,
    12.654007732384));
#4952 = CARTESIAN_POINT('',(-2.063917712658,2.275252603516,
    12.689980193254));
#4953 = CARTESIAN_POINT('',(-2.059232857632,2.279487912174,
    12.726346052807));
#4954 = CARTESIAN_POINT('',(-2.054889321905,2.283397894784,
    12.763032276333));
#4955 = CARTESIAN_POINT('',(-2.050856855001,2.287013969064,12.8000006));
#4956 = PCURVE('',#1422,#4957);
#4957 = DEFINITIONAL_REPRESENTATION('',(#4958),#4967);
#4958 = B_SPLINE_CURVE_WITH_KNOTS('',7,(#4959,#4960,#4961,#4962,#4963,
    #4964,#4965,#4966),.UNSPECIFIED.,.F.,.F.,(8,8),(0.,1.),
  .PIECEWISE_BEZIER_KNOTS.);
#4959 = CARTESIAN_POINT('',(-5.992618679238,-1.668189948237));
#4960 = CARTESIAN_POINT('',(-6.03456568477,-1.701477488894));
#4961 = CARTESIAN_POINT('',(-6.074312396442,-1.735730398029));
#4962 = CARTESIAN_POINT('',(-6.112400328571,-1.770658542295));
#4963 = CARTESIAN_POINT('',(-6.149121082372,-1.806093834955));
#4964 = CARTESIAN_POINT('',(-6.18471736837,-1.841914161191));
#4965 = CARTESIAN_POINT('',(-6.219374803386,-1.878047486418));
#4966 = CARTESIAN_POINT('',(-6.253261674886,-1.914456031771));
#4967 = ( GEOMETRIC_REPRESENTATION_CONTEXT(2) 
PARAMETRIC_REPRESENTATION_CONTEXT() REPRESENTATION_CONTEXT('2D SPACE',''
  ) );
#4968 = PCURVE('',#4969,#4974);
#4969 = CYLINDRICAL_SURFACE('',#4970,3.07188);
#4970 = AXIS2_PLACEMENT_3D('',#4971,#4972,#4973);
#4971 = CARTESIAN_POINT('',(1.672306672652E-14,1.571716797605E-16,12.55)
  );
#4972 = DIRECTION('',(-0.,-0.,-1.));
#4973 = DIRECTION('',(1.,0.,0.));
#4974 = DEFINITIONAL_REPRESENTATION('',(#4975),#4984);
#4975 = B_SPLINE_CURVE_WITH_KNOTS('',7,(#4976,#4977,#4978,#4979,#4980,
    #4981,#4982,#4983),.UNSPECIFIED.,.F.,.F.,(8,8),(0.,1.),
  .PIECEWISE_BEZIER_KNOTS.);
#4976 = CARTESIAN_POINT('',(-2.317723284526,6.000001508966E-07));
#4977 = CARTESIAN_POINT('',(-2.314814085708,-3.378498825539E-02));
#4978 = CARTESIAN_POINT('',(-2.312174411103,-6.855251112469E-02));
#4979 = CARTESIAN_POINT('',(-2.309755193417,-0.104007732384));
#4980 = CARTESIAN_POINT('',(-2.307528962612,-0.139980193254));
#4981 = CARTESIAN_POINT('',(-2.305473058766,-0.176346052807));
#4982 = CARTESIAN_POINT('',(-2.303570590428,-0.213032276333));
#4983 = CARTESIAN_POINT('',(-2.301807388735,-0.2500006));
#4984 = ( GEOMETRIC_REPRESENTATION_CONTEXT(2) 
PARAMETRIC_REPRESENTATION_CONTEXT() REPRESENTATION_CONTEXT('2D SPACE',''
  ) );
#4985 = ORIENTED_EDGE('',*,*,#4986,.T.);
#4986 = EDGE_CURVE('',#4944,#4987,#4989,.T.);
#4987 = VERTEX_POINT('',#4988);
#4988 = CARTESIAN_POINT('',(-2.050719307757,2.294425412594,12.8));
#4989 = SURFACE_CURVE('',#4990,(#4995,#5015),.PCURVE_S1.);
#4990 = ELLIPSE('',#4991,0.250853449499,0.246689249021);
#4991 = AXIS2_PLACEMENT_3D('',#4992,#4993,#4994);
#4992 = CARTESIAN_POINT('',(-2.299497711492,2.299497711492,12.8));
#4993 = DIRECTION('',(0.,0.,1.));
#4994 = DIRECTION('',(-0.707106781187,0.707106781187,0.));
#4995 = PCURVE('',#1422,#4996);
#4996 = DEFINITIONAL_REPRESENTATION('',(#4997),#5014);
#4997 = B_SPLINE_CURVE_WITH_KNOTS('',8,(#4998,#4999,#5000,#5001,#5002,
    #5003,#5004,#5005,#5006,#5007,#5008,#5009,#5010,#5011,#5012,#5013),
  .UNSPECIFIED.,.F.,.F.,(9,7,9),(3.914970055296,7.056562708886,
    10.198155362475),.UNSPECIFIED.);
#4998 = CARTESIAN_POINT('',(0.,-1.913522534009));
#4999 = CARTESIAN_POINT('',(-0.394168003057,-1.901041006781));
#5000 = CARTESIAN_POINT('',(-0.787687527441,-1.882820382443));
#5001 = CARTESIAN_POINT('',(-1.180214362618,-1.86180372135));
#5002 = CARTESIAN_POINT('',(-1.571616816716,-1.842767213819));
#5003 = CARTESIAN_POINT('',(-1.962169127264,-1.831105168318));
#5004 = CARTESIAN_POINT('',(-2.352467809356,-1.829183542477));
#5005 = CARTESIAN_POINT('',(-2.743059386929,-1.835926171642));
#5006 = CARTESIAN_POINT('',(-3.525520223321,-1.860889226098));
#5007 = CARTESIAN_POINT('',(-3.917389453023,-1.879109850433));
#5008 = CARTESIAN_POINT('',(-4.310241904777,-1.900126511531));
#5009 = CARTESIAN_POINT('',(-4.704219218253,-1.919163019042));
#5010 = CARTESIAN_POINT('',(-5.099082357079,-1.930825064559));
#5011 = CARTESIAN_POINT('',(-5.494200801364,-1.932746690398));
#5012 = CARTESIAN_POINT('',(-5.889017304122,-1.926004061237));
#5013 = CARTESIAN_POINT('',(-6.28318530718,-1.913522534009));
#5014 = ( GEOMETRIC_REPRESENTATION_CONTEXT(2) 
PARAMETRIC_REPRESENTATION_CONTEXT() REPRESENTATION_CONTEXT('2D SPACE',''
  ) );
#5015 = PCURVE('',#3206,#5016);
#5016 = DEFINITIONAL_REPRESENTATION('',(#5017),#5021);
#5017 = ELLIPSE('',#5018,0.250853449499,0.246689249021);
#5018 = AXIS2_PLACEMENT_2D('',#5019,#5020);
#5019 = CARTESIAN_POINT('',(-2.299497711492,2.299497711492));
#5020 = DIRECTION('',(-0.707106781187,0.707106781187));
#5021 = ( GEOMETRIC_REPRESENTATION_CONTEXT(2) 
PARAMETRIC_REPRESENTATION_CONTEXT() REPRESENTATION_CONTEXT('2D SPACE',''
  ) );
#5022 = ORIENTED_EDGE('',*,*,#5023,.T.);
#5023 = EDGE_CURVE('',#4987,#5024,#5026,.T.);
#5024 = VERTEX_POINT('',#5025);
#5025 = CARTESIAN_POINT('',(-1.888973840632,2.087294365249,
    14.394135554987));
#5026 = SEAM_CURVE('',#5027,(#5031,#5038),.PCURVE_S1.);
#5027 = LINE('',#5028,#5029);
#5028 = CARTESIAN_POINT('',(-2.242361918284,2.539842705208,
    10.911203332481));
#5029 = VECTOR('',#5030,1.);
#5030 = DIRECTION('',(0.100111543835,-0.128202720574,0.986682188563));
#5031 = PCURVE('',#1422,#5032);
#5032 = DEFINITIONAL_REPRESENTATION('',(#5033),#5037);
#5033 = LINE('',#5034,#5035);
#5034 = CARTESIAN_POINT('',(0.,-0.));
#5035 = VECTOR('',#5036,1.);
#5036 = DIRECTION('',(-0.,-1.));
#5037 = ( GEOMETRIC_REPRESENTATION_CONTEXT(2) 
PARAMETRIC_REPRESENTATION_CONTEXT() REPRESENTATION_CONTEXT('2D SPACE',''
  ) );
#5038 = PCURVE('',#1422,#5039);
#5039 = DEFINITIONAL_REPRESENTATION('',(#5040),#5044);
#5040 = LINE('',#5041,#5042);
#5041 = CARTESIAN_POINT('',(-6.28318530718,0.));
#5042 = VECTOR('',#5043,1.);
#5043 = DIRECTION('',(-0.,-1.));
#5044 = ( GEOMETRIC_REPRESENTATION_CONTEXT(2) 
PARAMETRIC_REPRESENTATION_CONTEXT() REPRESENTATION_CONTEXT('2D SPACE',''
  ) );
#5045 = ORIENTED_EDGE('',*,*,#5046,.F.);
#5046 = EDGE_CURVE('',#5047,#5024,#5049,.T.);
#5047 = VERTEX_POINT('',#5048);
#5048 = CARTESIAN_POINT('',(-2.228715721486,1.945873009012,14.42));
#5049 = SURFACE_CURVE('',#5050,(#5055,#5062),.PCURVE_S1.);
#5050 = CIRCLE('',#5051,0.2);
#5051 = AXIS2_PLACEMENT_3D('',#5052,#5053,#5054);
#5052 = CARTESIAN_POINT('',(-2.087294365249,2.087294365249,14.42));
#5053 = DIRECTION('',(0.128254195209,-0.128254195209,0.983413302138));
#5054 = DIRECTION('',(0.991602623083,-3.469446951954E-18,-0.129322225065
    ));
#5055 = PCURVE('',#1422,#5056);
#5056 = DEFINITIONAL_REPRESENTATION('',(#5057),#5061);
#5057 = LINE('',#5058,#5059);
#5058 = CARTESIAN_POINT('',(-0.,-3.528526604689));
#5059 = VECTOR('',#5060,1.);
#5060 = DIRECTION('',(-1.,-0.));
#5061 = ( GEOMETRIC_REPRESENTATION_CONTEXT(2) 
PARAMETRIC_REPRESENTATION_CONTEXT() REPRESENTATION_CONTEXT('2D SPACE',''
  ) );
#5062 = PCURVE('',#5063,#5068);
#5063 = PLANE('',#5064);
#5064 = AXIS2_PLACEMENT_3D('',#5065,#5066,#5067);
#5065 = CARTESIAN_POINT('',(-2.087294365249,2.087294365249,14.42));
#5066 = DIRECTION('',(0.128254195209,-0.128254195209,0.983413302138));
#5067 = DIRECTION('',(0.991602623083,0.,-0.129322225065));
#5068 = DEFINITIONAL_REPRESENTATION('',(#5069),#5073);
#5069 = CIRCLE('',#5070,0.2);
#5070 = AXIS2_PLACEMENT_2D('',#5071,#5072);
#5071 = CARTESIAN_POINT('',(0.,0.));
#5072 = DIRECTION('',(1.,0.));
#5073 = ( GEOMETRIC_REPRESENTATION_CONTEXT(2) 
PARAMETRIC_REPRESENTATION_CONTEXT() REPRESENTATION_CONTEXT('2D SPACE',''
  ) );
#5074 = ORIENTED_EDGE('',*,*,#5075,.F.);
#5075 = EDGE_CURVE('',#5076,#5047,#5078,.T.);
#5076 = VERTEX_POINT('',#5077);
#5077 = CARTESIAN_POINT('',(-1.945873009012,2.228715721486,14.42));
#5078 = SURFACE_CURVE('',#5079,(#5084,#5097),.PCURVE_S1.);
#5079 = ELLIPSE('',#5080,0.203378848075,0.200002732267);
#5080 = AXIS2_PLACEMENT_3D('',#5081,#5082,#5083);
#5081 = CARTESIAN_POINT('',(-2.088046071027,2.088046071027,14.42));
#5082 = DIRECTION('',(0.,0.,1.));
#5083 = DIRECTION('',(-0.707106781187,0.707106781187,0.));
#5084 = PCURVE('',#1422,#5085);
#5085 = DEFINITIONAL_REPRESENTATION('',(#5086),#5096);
#5086 = B_SPLINE_CURVE_WITH_KNOTS('',8,(#5087,#5088,#5089,#5090,#5091,
    #5092,#5093,#5094,#5095),.UNSPECIFIED.,.F.,.F.,(9,9),(4.707161901184
    ,7.859208713175),.PIECEWISE_BEZIER_KNOTS.);
#5087 = CARTESIAN_POINT('',(-0.793760672209,-3.528526604689));
#5088 = CARTESIAN_POINT('',(-1.187771906353,-3.513992472709));
#5089 = CARTESIAN_POINT('',(-1.58085566063,-3.499424011874));
#5090 = CARTESIAN_POINT('',(-1.973015229809,-3.488260774456));
#5091 = CARTESIAN_POINT('',(-2.364556999,-3.483944011681));
#5092 = CARTESIAN_POINT('',(-2.75609876819,-3.48826077446));
#5093 = CARTESIAN_POINT('',(-3.148258337376,-3.499424011874));
#5094 = CARTESIAN_POINT('',(-3.541342091654,-3.513992472709));
#5095 = CARTESIAN_POINT('',(-3.935353325798,-3.528526604689));
#5096 = ( GEOMETRIC_REPRESENTATION_CONTEXT(2) 
PARAMETRIC_REPRESENTATION_CONTEXT() REPRESENTATION_CONTEXT('2D SPACE',''
  ) );
#5097 = PCURVE('',#5098,#5103);
#5098 = PLANE('',#5099);
#5099 = AXIS2_PLACEMENT_3D('',#5100,#5101,#5102);
#5100 = CARTESIAN_POINT('',(-2.087294365249,2.087294365249,14.42));
#5101 = DIRECTION('',(0.,0.,1.));
#5102 = DIRECTION('',(1.,0.,-0.));
#5103 = DEFINITIONAL_REPRESENTATION('',(#5104),#5108);
#5104 = ELLIPSE('',#5105,0.203378848075,0.200002732267);
#5105 = AXIS2_PLACEMENT_2D('',#5106,#5107);
#5106 = CARTESIAN_POINT('',(-7.517057775948E-04,7.517057775948E-04));
#5107 = DIRECTION('',(-0.707106781187,0.707106781187));
#5108 = ( GEOMETRIC_REPRESENTATION_CONTEXT(2) 
PARAMETRIC_REPRESENTATION_CONTEXT() REPRESENTATION_CONTEXT('2D SPACE',''
  ) );
#5109 = ORIENTED_EDGE('',*,*,#5110,.F.);
#5110 = EDGE_CURVE('',#5024,#5076,#5111,.T.);
#5111 = SURFACE_CURVE('',#5112,(#5117,#5124),.PCURVE_S1.);
#5112 = CIRCLE('',#5113,0.2);
#5113 = AXIS2_PLACEMENT_3D('',#5114,#5115,#5116);
#5114 = CARTESIAN_POINT('',(-2.087294365249,2.087294365249,14.42));
#5115 = DIRECTION('',(0.128254195209,-0.128254195209,0.983413302138));
#5116 = DIRECTION('',(0.991602623083,-3.469446951954E-18,-0.129322225065
    ));
#5117 = PCURVE('',#1422,#5118);
#5118 = DEFINITIONAL_REPRESENTATION('',(#5119),#5123);
#5119 = LINE('',#5120,#5121);
#5120 = CARTESIAN_POINT('',(-0.,-3.528526604689));
#5121 = VECTOR('',#5122,1.);
#5122 = DIRECTION('',(-1.,-0.));
#5123 = ( GEOMETRIC_REPRESENTATION_CONTEXT(2) 
PARAMETRIC_REPRESENTATION_CONTEXT() REPRESENTATION_CONTEXT('2D SPACE',''
  ) );
#5124 = PCURVE('',#5063,#5125);
#5125 = DEFINITIONAL_REPRESENTATION('',(#5126),#5130);
#5126 = CIRCLE('',#5127,0.2);
#5127 = AXIS2_PLACEMENT_2D('',#5128,#5129);
#5128 = CARTESIAN_POINT('',(0.,0.));
#5129 = DIRECTION('',(1.,0.));
#5130 = ( GEOMETRIC_REPRESENTATION_CONTEXT(2) 
PARAMETRIC_REPRESENTATION_CONTEXT() REPRESENTATION_CONTEXT('2D SPACE',''
  ) );
#5131 = ORIENTED_EDGE('',*,*,#5023,.F.);
#5132 = ORIENTED_EDGE('',*,*,#5133,.T.);
#5133 = EDGE_CURVE('',#4987,#5134,#5136,.T.);
#5134 = VERTEX_POINT('',#5135);
#5135 = CARTESIAN_POINT('',(-2.287013910375,2.050856920449,12.8));
#5136 = SURFACE_CURVE('',#5137,(#5142,#5162),.PCURVE_S1.);
#5137 = ELLIPSE('',#5138,0.250853449499,0.246689249021);
#5138 = AXIS2_PLACEMENT_3D('',#5139,#5140,#5141);
#5139 = CARTESIAN_POINT('',(-2.299497711492,2.299497711492,12.8));
#5140 = DIRECTION('',(0.,0.,1.));
#5141 = DIRECTION('',(-0.707106781187,0.707106781187,0.));
#5142 = PCURVE('',#1422,#5143);
#5143 = DEFINITIONAL_REPRESENTATION('',(#5144),#5161);
#5144 = B_SPLINE_CURVE_WITH_KNOTS('',8,(#5145,#5146,#5147,#5148,#5149,
    #5150,#5151,#5152,#5153,#5154,#5155,#5156,#5157,#5158,#5159,#5160),
  .UNSPECIFIED.,.F.,.F.,(9,7,9),(3.914970055296,7.056562708886,
    10.198155362475),.UNSPECIFIED.);
#5145 = CARTESIAN_POINT('',(0.,-1.913522534009));
#5146 = CARTESIAN_POINT('',(-0.394168003057,-1.901041006781));
#5147 = CARTESIAN_POINT('',(-0.787687527441,-1.882820382443));
#5148 = CARTESIAN_POINT('',(-1.180214362618,-1.86180372135));
#5149 = CARTESIAN_POINT('',(-1.571616816716,-1.842767213819));
#5150 = CARTESIAN_POINT('',(-1.962169127264,-1.831105168318));
#5151 = CARTESIAN_POINT('',(-2.352467809356,-1.829183542477));
#5152 = CARTESIAN_POINT('',(-2.743059386929,-1.835926171642));
#5153 = CARTESIAN_POINT('',(-3.525520223321,-1.860889226098));
#5154 = CARTESIAN_POINT('',(-3.917389453023,-1.879109850433));
#5155 = CARTESIAN_POINT('',(-4.310241904777,-1.900126511531));
#5156 = CARTESIAN_POINT('',(-4.704219218253,-1.919163019042));
#5157 = CARTESIAN_POINT('',(-5.099082357079,-1.930825064559));
#5158 = CARTESIAN_POINT('',(-5.494200801364,-1.932746690398));
#5159 = CARTESIAN_POINT('',(-5.889017304122,-1.926004061237));
#5160 = CARTESIAN_POINT('',(-6.28318530718,-1.913522534009));
#5161 = ( GEOMETRIC_REPRESENTATION_CONTEXT(2) 
PARAMETRIC_REPRESENTATION_CONTEXT() REPRESENTATION_CONTEXT('2D SPACE',''
  ) );
#5162 = PCURVE('',#3206,#5163);
#5163 = DEFINITIONAL_REPRESENTATION('',(#5164),#5168);
#5164 = ELLIPSE('',#5165,0.250853449499,0.246689249021);
#5165 = AXIS2_PLACEMENT_2D('',#5166,#5167);
#5166 = CARTESIAN_POINT('',(-2.299497711492,2.299497711492));
#5167 = DIRECTION('',(-0.707106781187,0.707106781187));
#5168 = ( GEOMETRIC_REPRESENTATION_CONTEXT(2) 
PARAMETRIC_REPRESENTATION_CONTEXT() REPRESENTATION_CONTEXT('2D SPACE',''
  ) );
#5169 = ORIENTED_EDGE('',*,*,#5170,.T.);
#5170 = EDGE_CURVE('',#5134,#5171,#5173,.T.);
#5171 = VERTEX_POINT('',#5172);
#5172 = CARTESIAN_POINT('',(-2.25408456877,2.086995326117,12.55));
#5173 = SURFACE_CURVE('',#5174,(#5183,#5195),.PCURVE_S1.);
#5174 = B_SPLINE_CURVE_WITH_KNOTS('',7,(#5175,#5176,#5177,#5178,#5179,
    #5180,#5181,#5182),.UNSPECIFIED.,.F.,.F.,(8,8),(0.,1.),
  .PIECEWISE_BEZIER_KNOTS.);
#5175 = CARTESIAN_POINT('',(-2.287013969064,2.050856855001,12.8000006));
#5176 = CARTESIAN_POINT('',(-2.283397920209,2.054889293552,
    12.763032536267));
#5177 = CARTESIAN_POINT('',(-2.279487920312,2.05923284859,
    12.726346106071));
#5178 = CARTESIAN_POINT('',(-2.275252586749,2.063917731976,
    12.689979978456));
#5179 = CARTESIAN_POINT('',(-2.270654346367,2.0689798655,12.654007477381
    ));
#5180 = CARTESIAN_POINT('',(-2.265642660251,2.074467230459,
    12.618552412865));
#5181 = CARTESIAN_POINT('',(-2.260155965274,2.080437841497,
    12.583785097618));
#5182 = CARTESIAN_POINT('',(-2.254084460946,2.086995442573,12.5499994));
#5183 = PCURVE('',#1422,#5184);
#5184 = DEFINITIONAL_REPRESENTATION('',(#5185),#5194);
#5185 = B_SPLINE_CURVE_WITH_KNOTS('',7,(#5186,#5187,#5188,#5189,#5190,
    #5191,#5192,#5193),.UNSPECIFIED.,.F.,.F.,(8,8),(0.,1.),
  .PIECEWISE_BEZIER_KNOTS.);
#5186 = CARTESIAN_POINT('',(-4.759037630301,-1.914456031771));
#5187 = CARTESIAN_POINT('',(-4.792924263533,-1.878047742416));
#5188 = CARTESIAN_POINT('',(-4.82758188322,-1.841914213687));
#5189 = CARTESIAN_POINT('',(-4.863178391111,-1.806093623393));
#5190 = CARTESIAN_POINT('',(-4.899899274525,-1.770658291083));
#5191 = CARTESIAN_POINT('',(-4.937987038462,-1.735730301203));
#5192 = CARTESIAN_POINT('',(-4.977733484636,-1.701477596644));
#5193 = CARTESIAN_POINT('',(-5.019680625949,-1.668189948238));
#5194 = ( GEOMETRIC_REPRESENTATION_CONTEXT(2) 
PARAMETRIC_REPRESENTATION_CONTEXT() REPRESENTATION_CONTEXT('2D SPACE',''
  ) );
#5195 = PCURVE('',#4109,#5196);
#5196 = DEFINITIONAL_REPRESENTATION('',(#5197),#5206);
#5197 = B_SPLINE_CURVE_WITH_KNOTS('',7,(#5198,#5199,#5200,#5201,#5202,
    #5203,#5204,#5205),.UNSPECIFIED.,.F.,.F.,(8,8),(0.,1.),
  .PIECEWISE_BEZIER_KNOTS.);
#5198 = CARTESIAN_POINT('',(-2.41058159165,-0.2500006));
#5199 = CARTESIAN_POINT('',(-2.408818402354,-0.213032536267));
#5200 = CARTESIAN_POINT('',(-2.406915925578,-0.176346106071));
#5201 = CARTESIAN_POINT('',(-2.404860009451,-0.139979978456));
#5202 = CARTESIAN_POINT('',(-2.402633767714,-0.104007477381));
#5203 = CARTESIAN_POINT('',(-2.400214559674,-6.855241286536E-02));
#5204 = CARTESIAN_POINT('',(-2.397574904093,-3.378509761796E-02));
#5205 = CARTESIAN_POINT('',(-2.394665695858,6.000000000173E-07));
#5206 = ( GEOMETRIC_REPRESENTATION_CONTEXT(2) 
PARAMETRIC_REPRESENTATION_CONTEXT() REPRESENTATION_CONTEXT('2D SPACE',''
  ) );
#5207 = ORIENTED_EDGE('',*,*,#5208,.F.);
#5208 = EDGE_CURVE('',#5209,#5171,#5211,.T.);
#5209 = VERTEX_POINT('',#5210);
#5210 = CARTESIAN_POINT('',(-2.574955208978,2.417391570713,12.55));
#5211 = SURFACE_CURVE('',#5212,(#5217,#5237),.PCURVE_S1.);
#5212 = ELLIPSE('',#5213,0.25817977688,0.253893958396);
#5213 = AXIS2_PLACEMENT_3D('',#5214,#5215,#5216);
#5214 = CARTESIAN_POINT('',(-2.332129137489,2.332129137489,12.55));
#5215 = DIRECTION('',(0.,0.,1.));
#5216 = DIRECTION('',(-0.707106781187,0.707106781187,0.));
#5217 = PCURVE('',#1422,#5218);
#5218 = DEFINITIONAL_REPRESENTATION('',(#5219),#5236);
#5219 = B_SPLINE_CURVE_WITH_KNOTS('',8,(#5220,#5221,#5222,#5223,#5224,
    #5225,#5226,#5227,#5228,#5229,#5230,#5231,#5232,#5233,#5234,#5235),
  .UNSPECIFIED.,.F.,.F.,(9,7,9),(3.914970055296,7.056562708886,
    10.198155362475),.UNSPECIFIED.);
#5220 = CARTESIAN_POINT('',(0.,-1.660249833072));
#5221 = CARTESIAN_POINT('',(-0.394168003057,-1.647403775259));
#5222 = CARTESIAN_POINT('',(-0.787687527438,-1.628651006522));
#5223 = CARTESIAN_POINT('',(-1.180214362622,-1.60702054107));
#5224 = CARTESIAN_POINT('',(-1.571616816709,-1.587428060785));
#5225 = CARTESIAN_POINT('',(-1.962169127268,-1.575425418149));
#5226 = CARTESIAN_POINT('',(-2.352467809353,-1.573447670061));
#5227 = CARTESIAN_POINT('',(-2.743059386929,-1.580387221805));
#5228 = CARTESIAN_POINT('',(-3.525520223321,-1.60607933743));
#5229 = CARTESIAN_POINT('',(-3.917389453024,-1.624832106168));
#5230 = CARTESIAN_POINT('',(-4.310241904779,-1.646462571617));
#5231 = CARTESIAN_POINT('',(-4.704219218231,-1.6660550519));
#5232 = CARTESIAN_POINT('',(-5.099082357068,-1.678057694538));
#5233 = CARTESIAN_POINT('',(-5.494200801366,-1.680035442627));
#5234 = CARTESIAN_POINT('',(-5.889017304122,-1.673095890885));
#5235 = CARTESIAN_POINT('',(-6.28318530718,-1.660249833072));
#5236 = ( GEOMETRIC_REPRESENTATION_CONTEXT(2) 
PARAMETRIC_REPRESENTATION_CONTEXT() REPRESENTATION_CONTEXT('2D SPACE',''
  ) );
#5237 = PCURVE('',#4071,#5238);
#5238 = DEFINITIONAL_REPRESENTATION('',(#5239),#5243);
#5239 = ELLIPSE('',#5240,0.25817977688,0.253893958396);
#5240 = AXIS2_PLACEMENT_2D('',#5241,#5242);
#5241 = CARTESIAN_POINT('',(-2.332129137489,2.332129137489));
#5242 = DIRECTION('',(-0.707106781187,0.707106781187));
#5243 = ( GEOMETRIC_REPRESENTATION_CONTEXT(2) 
PARAMETRIC_REPRESENTATION_CONTEXT() REPRESENTATION_CONTEXT('2D SPACE',''
  ) );
#5244 = ORIENTED_EDGE('',*,*,#5245,.F.);
#5245 = EDGE_CURVE('',#5246,#5209,#5248,.T.);
#5246 = VERTEX_POINT('',#5247);
#5247 = CARTESIAN_POINT('',(-2.417391570713,2.574955208978,12.55));
#5248 = SURFACE_CURVE('',#5249,(#5280,#5314),.PCURVE_S1.);
#5249 = B_SPLINE_CURVE_WITH_KNOTS('',5,(#5250,#5251,#5252,#5253,#5254,
    #5255,#5256,#5257,#5258,#5259,#5260,#5261,#5262,#5263,#5264,#5265,
    #5266,#5267,#5268,#5269,#5270,#5271,#5272,#5273,#5274,#5275,#5276,
    #5277,#5278,#5279),.UNSPECIFIED.,.F.,.F.,(6,4,4,4,4,4,4,6),(0.,
    0.227377259818,0.32460749647,0.499595685765,0.619021179605,
    0.676630967803,0.773945231818,1.),.UNSPECIFIED.);
#5250 = CARTESIAN_POINT('',(-2.417391366299,2.574955400885,12.5499994));
#5251 = CARTESIAN_POINT('',(-2.423391891457,2.569322053719,
    12.567612234254));
#5252 = CARTESIAN_POINT('',(-2.429691265953,2.56337524395,
    12.584226952606));
#5253 = CARTESIAN_POINT('',(-2.436311823487,2.557087191303,
    12.599646559558));
#5254 = CARTESIAN_POINT('',(-2.443262876109,2.550440063541,
    12.613554129952));
#5255 = CARTESIAN_POINT('',(-2.453628936063,2.540452709373,
    12.630718795625));
#5256 = CARTESIAN_POINT('',(-2.456790137895,2.53739786687,
    12.635515197275));
#5257 = CARTESIAN_POINT('',(-2.460005498845,2.534280972389,
    12.639936219606));
#5258 = CARTESIAN_POINT('',(-2.463271043697,2.531105190458,
    12.643951640601));
#5259 = CARTESIAN_POINT('',(-2.472537751394,2.522063177345,
    12.653974100722));
#5260 = CARTESIAN_POINT('',(-2.478640120422,2.516074523813,
    12.659008691199));
#5261 = CARTESIAN_POINT('',(-2.484848004935,2.509944919032,
    12.662458235163));
#5262 = CARTESIAN_POINT('',(-2.491105959914,2.50372626987,12.66419060279
    ));
#5263 = CARTESIAN_POINT('',(-2.501600095603,2.493232747873,
    12.664217649182));
#5264 = CARTESIAN_POINT('',(-2.505848392326,2.488966562238,
    12.66342924284));
#5265 = CARTESIAN_POINT('',(-2.510066510666,2.48471240429,12.66184101296
    ));
#5266 = CARTESIAN_POINT('',(-2.514235836301,2.480489623766,
    12.659480494832));
#5267 = CARTESIAN_POINT('',(-2.520321129982,2.474301055471,
    12.654903360335));
#5268 = CARTESIAN_POINT('',(-2.522286500384,2.472298303178,
    12.65324459838));
#5269 = CARTESIAN_POINT('',(-2.524235367037,2.470308414544,
    12.651421587401));
#5270 = CARTESIAN_POINT('',(-2.526166371466,2.468332897976,
    12.64943993713));
#5271 = CARTESIAN_POINT('',(-2.531308273305,2.463062352476,
    12.64370087233));
#5272 = CARTESIAN_POINT('',(-2.534484000756,2.459796323578,
    12.639660606661));
#5273 = CARTESIAN_POINT('',(-2.537600589033,2.456580746306,
    12.635215188889));
#5274 = CARTESIAN_POINT('',(-2.540654915701,2.453419556135,
    12.630394926693));
#5275 = CARTESIAN_POINT('',(-2.550593296482,2.443102628612,
    12.613233098576));
#5276 = CARTESIAN_POINT('',(-2.557195901051,2.436197360386,
    12.59937973664));
#5277 = CARTESIAN_POINT('',(-2.563443791279,2.429618654181,
    12.584035398132));
#5278 = CARTESIAN_POINT('',(-2.569354534417,2.423357293687,
    12.567510682345));
#5279 = CARTESIAN_POINT('',(-2.574955400885,2.417391366299,12.5499994));
#5280 = PCURVE('',#1422,#5281);
#5281 = DEFINITIONAL_REPRESENTATION('',(#5282),#5313);
#5282 = B_SPLINE_CURVE_WITH_KNOTS('',5,(#5283,#5284,#5285,#5286,#5287,
    #5288,#5289,#5290,#5291,#5292,#5293,#5294,#5295,#5296,#5297,#5298,
    #5299,#5300,#5301,#5302,#5303,#5304,#5305,#5306,#5307,#5308,#5309,
    #5310,#5311,#5312),.UNSPECIFIED.,.F.,.F.,(6,4,4,4,4,4,4,6),(0.,
    0.227377259818,0.32460749647,0.499595685765,0.619021179605,
    0.676630967803,0.773945231818,1.),.UNSPECIFIED.);
#5283 = CARTESIAN_POINT('',(-1.91255663725,-1.584662240772));
#5284 = CARTESIAN_POINT('',(-1.947473984137,-1.601935844147));
#5285 = CARTESIAN_POINT('',(-1.983758507795,-1.618229761281));
#5286 = CARTESIAN_POINT('',(-2.021549384008,-1.633350962724));
#5287 = CARTESIAN_POINT('',(-2.060923538946,-1.646988872812));
#5288 = CARTESIAN_POINT('',(-2.119325757497,-1.663820262756));
#5289 = CARTESIAN_POINT('',(-2.137097142104,-1.668523466911));
#5290 = CARTESIAN_POINT('',(-2.155140062825,-1.672858530342));
#5291 = CARTESIAN_POINT('',(-2.173438787494,-1.676795836291));
#5292 = CARTESIAN_POINT('',(-2.225316658261,-1.686623238871));
#5293 = CARTESIAN_POINT('',(-2.259423968761,-1.691559737628));
#5294 = CARTESIAN_POINT('',(-2.2941118063,-1.694942025345));
#5295 = CARTESIAN_POINT('',(-2.329132861765,-1.696640617577));
#5296 = CARTESIAN_POINT('',(-2.388043432831,-1.696667136651));
#5297 = CARTESIAN_POINT('',(-2.411942668122,-1.695894101694));
#5298 = CARTESIAN_POINT('',(-2.435741190227,-1.694336837534));
#5299 = CARTESIAN_POINT('',(-2.459350173741,-1.692022328421));
#5300 = CARTESIAN_POINT('',(-2.493953920865,-1.687534358873));
#5301 = CARTESIAN_POINT('',(-2.505153113544,-1.685907904686));
#5302 = CARTESIAN_POINT('',(-2.516282992283,-1.68412039268));
#5303 = CARTESIAN_POINT('',(-2.52733690878,-1.682177320312));
#5304 = CARTESIAN_POINT('',(-2.556844428414,-1.676549946736));
#5305 = CARTESIAN_POINT('',(-2.575147066643,-1.672588277272));
#5306 = CARTESIAN_POINT('',(-2.593192718568,-1.668229290055));
#5307 = CARTESIAN_POINT('',(-2.610965855581,-1.663502685785));
#5308 = CARTESIAN_POINT('',(-2.669098236797,-1.646674065933));
#5309 = CARTESIAN_POINT('',(-2.708218014747,-1.63308930341));
#5310 = CARTESIAN_POINT('',(-2.745773747342,-1.618041905345));
#5311 = CARTESIAN_POINT('',(-2.781841339969,-1.601836248173));
#5312 = CARTESIAN_POINT('',(-2.816557360757,-1.584662240772));
#5313 = ( GEOMETRIC_REPRESENTATION_CONTEXT(2) 
PARAMETRIC_REPRESENTATION_CONTEXT() REPRESENTATION_CONTEXT('2D SPACE',''
  ) );
#5314 = PCURVE('',#3680,#5315);
#5315 = DEFINITIONAL_REPRESENTATION('',(#5316),#5347);
#5316 = B_SPLINE_CURVE_WITH_KNOTS('',5,(#5317,#5318,#5319,#5320,#5321,
    #5322,#5323,#5324,#5325,#5326,#5327,#5328,#5329,#5330,#5331,#5332,
    #5333,#5334,#5335,#5336,#5337,#5338,#5339,#5340,#5341,#5342,#5343,
    #5344,#5345,#5346),.UNSPECIFIED.,.F.,.F.,(6,4,4,4,4,4,4,6),(0.,
    0.227377259818,0.32460749647,0.499595685765,0.619021179605,
    0.676630967803,0.773945231818,1.),.UNSPECIFIED.);
#5317 = CARTESIAN_POINT('',(-2.324643847488,5.99999903983E-07));
#5318 = CARTESIAN_POINT('',(-2.326974188882,-1.76122342535E-02));
#5319 = CARTESIAN_POINT('',(-2.329426966121,-3.42269526065E-02));
#5320 = CARTESIAN_POINT('',(-2.332012198958,-4.96465595576E-02));
#5321 = CARTESIAN_POINT('',(-2.334735309422,-6.355412995225E-02));
#5322 = CARTESIAN_POINT('',(-2.338810908877,-8.071879562492E-02));
#5323 = CARTESIAN_POINT('',(-2.340055584666,-8.551519727549E-02));
#5324 = CARTESIAN_POINT('',(-2.341323497106,-8.993621960619E-02));
#5325 = CARTESIAN_POINT('',(-2.342613218663,-9.395164060097E-02));
#5326 = CARTESIAN_POINT('',(-2.346279027114,-0.103974100722));
#5327 = CARTESIAN_POINT('',(-2.348699830563,-0.109008691199));
#5328 = CARTESIAN_POINT('',(-2.351169914418,-0.112458235163));
#5329 = CARTESIAN_POINT('',(-2.353667816932,-0.11419060279));
#5330 = CARTESIAN_POINT('',(-2.357869691027,-0.114217649182));
#5331 = CARTESIAN_POINT('',(-2.359574349118,-0.11342924284));
#5332 = CARTESIAN_POINT('',(-2.361270567505,-0.11184101296));
#5333 = CARTESIAN_POINT('',(-2.362950755726,-0.109480494832));
#5334 = CARTESIAN_POINT('',(-2.365408154691,-0.104903360335));
#5335 = CARTESIAN_POINT('',(-2.366202635122,-0.10324459838));
#5336 = CARTESIAN_POINT('',(-2.366991243405,-0.101421587401));
#5337 = CARTESIAN_POINT('',(-2.36777340631,-9.94399371295E-02));
#5338 = CARTESIAN_POINT('',(-2.369858209312,-9.370087233036E-02));
#5339 = CARTESIAN_POINT('',(-2.371148018368,-8.966060666142E-02));
#5340 = CARTESIAN_POINT('',(-2.372415914446,-8.521518888851E-02));
#5341 = CARTESIAN_POINT('',(-2.373660486374,-8.039492669328E-02));
#5342 = CARTESIAN_POINT('',(-2.377716447187,-6.323309857615E-02));
#5343 = CARTESIAN_POINT('',(-2.380421476717,-4.937973664049E-02));
#5344 = CARTESIAN_POINT('',(-2.382990286899,-3.403539813196E-02));
#5345 = CARTESIAN_POINT('',(-2.385428227763,-1.751068234494E-02));
#5346 = CARTESIAN_POINT('',(-2.387745132897,6.000000000034E-07));
#5347 = ( GEOMETRIC_REPRESENTATION_CONTEXT(2) 
PARAMETRIC_REPRESENTATION_CONTEXT() REPRESENTATION_CONTEXT('2D SPACE',''
  ) );
#5348 = ORIENTED_EDGE('',*,*,#5349,.F.);
#5349 = EDGE_CURVE('',#4879,#5246,#5350,.T.);
#5350 = SURFACE_CURVE('',#5351,(#5356,#5376),.PCURVE_S1.);
#5351 = ELLIPSE('',#5352,0.25817977688,0.253893958396);
#5352 = AXIS2_PLACEMENT_3D('',#5353,#5354,#5355);
#5353 = CARTESIAN_POINT('',(-2.332129137489,2.332129137489,12.55));
#5354 = DIRECTION('',(0.,0.,1.));
#5355 = DIRECTION('',(-0.707106781187,0.707106781187,0.));
#5356 = PCURVE('',#1422,#5357);
#5357 = DEFINITIONAL_REPRESENTATION('',(#5358),#5375);
#5358 = B_SPLINE_CURVE_WITH_KNOTS('',8,(#5359,#5360,#5361,#5362,#5363,
    #5364,#5365,#5366,#5367,#5368,#5369,#5370,#5371,#5372,#5373,#5374),
  .UNSPECIFIED.,.F.,.F.,(9,7,9),(3.914970055296,7.056562708886,
    10.198155362475),.UNSPECIFIED.);
#5359 = CARTESIAN_POINT('',(0.,-1.660249833072));
#5360 = CARTESIAN_POINT('',(-0.394168003057,-1.647403775259));
#5361 = CARTESIAN_POINT('',(-0.787687527438,-1.628651006522));
#5362 = CARTESIAN_POINT('',(-1.180214362622,-1.60702054107));
#5363 = CARTESIAN_POINT('',(-1.571616816709,-1.587428060785));
#5364 = CARTESIAN_POINT('',(-1.962169127268,-1.575425418149));
#5365 = CARTESIAN_POINT('',(-2.352467809353,-1.573447670061));
#5366 = CARTESIAN_POINT('',(-2.743059386929,-1.580387221805));
#5367 = CARTESIAN_POINT('',(-3.525520223321,-1.60607933743));
#5368 = CARTESIAN_POINT('',(-3.917389453024,-1.624832106168));
#5369 = CARTESIAN_POINT('',(-4.310241904779,-1.646462571617));
#5370 = CARTESIAN_POINT('',(-4.704219218231,-1.6660550519));
#5371 = CARTESIAN_POINT('',(-5.099082357068,-1.678057694538));
#5372 = CARTESIAN_POINT('',(-5.494200801366,-1.680035442627));
#5373 = CARTESIAN_POINT('',(-5.889017304122,-1.673095890885));
#5374 = CARTESIAN_POINT('',(-6.28318530718,-1.660249833072));
#5375 = ( GEOMETRIC_REPRESENTATION_CONTEXT(2) 
PARAMETRIC_REPRESENTATION_CONTEXT() REPRESENTATION_CONTEXT('2D SPACE',''
  ) );
#5376 = PCURVE('',#4931,#5377);
#5377 = DEFINITIONAL_REPRESENTATION('',(#5378),#5382);
#5378 = ELLIPSE('',#5379,0.25817977688,0.253893958396);
#5379 = AXIS2_PLACEMENT_2D('',#5380,#5381);
#5380 = CARTESIAN_POINT('',(-2.332129137489,2.332129137489));
#5381 = DIRECTION('',(-0.707106781187,0.707106781187));
#5382 = ( GEOMETRIC_REPRESENTATION_CONTEXT(2) 
PARAMETRIC_REPRESENTATION_CONTEXT() REPRESENTATION_CONTEXT('2D SPACE',''
  ) );
#5383 = ORIENTED_EDGE('',*,*,#4878,.F.);
#5384 = ORIENTED_EDGE('',*,*,#1405,.T.);
#5385 = ORIENTED_EDGE('',*,*,#2820,.F.);
#5386 = ORIENTED_EDGE('',*,*,#5387,.T.);
#5387 = EDGE_CURVE('',#2821,#2853,#5388,.T.);
#5388 = SURFACE_CURVE('',#5389,(#5394,#5401),.PCURVE_S1.);
#5389 = CIRCLE('',#5390,0.3);
#5390 = AXIS2_PLACEMENT_3D('',#5391,#5392,#5393);
#5391 = CARTESIAN_POINT('',(-2.539842705208,2.539842705208,10.95));
#5392 = DIRECTION('',(0.128254195209,-0.128254195209,0.983413302138));
#5393 = DIRECTION('',(0.991602623083,-3.469446951954E-18,-0.129322225065
    ));
#5394 = PCURVE('',#1422,#5395);
#5395 = DEFINITIONAL_REPRESENTATION('',(#5396),#5400);
#5396 = LINE('',#5397,#5398);
#5397 = CARTESIAN_POINT('',(-0.,-0.));
#5398 = VECTOR('',#5399,1.);
#5399 = DIRECTION('',(-1.,-0.));
#5400 = ( GEOMETRIC_REPRESENTATION_CONTEXT(2) 
PARAMETRIC_REPRESENTATION_CONTEXT() REPRESENTATION_CONTEXT('2D SPACE',''
  ) );
#5401 = PCURVE('',#2872,#5402);
#5402 = DEFINITIONAL_REPRESENTATION('',(#5403),#5407);
#5403 = CIRCLE('',#5404,0.3);
#5404 = AXIS2_PLACEMENT_2D('',#5405,#5406);
#5405 = CARTESIAN_POINT('',(0.,0.));
#5406 = DIRECTION('',(1.,0.));
#5407 = ( GEOMETRIC_REPRESENTATION_CONTEXT(2) 
PARAMETRIC_REPRESENTATION_CONTEXT() REPRESENTATION_CONTEXT('2D SPACE',''
  ) );
#5408 = ORIENTED_EDGE('',*,*,#2884,.F.);
#5409 = ORIENTED_EDGE('',*,*,#1524,.T.);
#5410 = ADVANCED_FACE('',(#5411),#1501,.T.);
#5411 = FACE_BOUND('',#5412,.T.);
#5412 = EDGE_LOOP('',(#5413,#5414));
#5413 = ORIENTED_EDGE('',*,*,#1484,.T.);
#5414 = ORIENTED_EDGE('',*,*,#4679,.F.);
#5415 = ADVANCED_FACE('',(#5416),#1279,.T.);
#5416 = FACE_BOUND('',#5417,.T.);
#5417 = EDGE_LOOP('',(#5418,#5449,#5483,#5506,#5543,#5581,#5618,#5722,
    #5759,#5782,#5804,#5805,#5806,#6004,#6005,#6006,#6028,#6029,#6059,
    #6097,#6125,#6126));
#5418 = ORIENTED_EDGE('',*,*,#5419,.F.);
#5419 = EDGE_CURVE('',#5420,#5422,#5424,.T.);
#5420 = VERTEX_POINT('',#5421);
#5421 = CARTESIAN_POINT('',(1.945873009012,2.228715721486,14.42));
#5422 = VERTEX_POINT('',#5423);
#5423 = CARTESIAN_POINT('',(2.228715721486,1.945873009012,14.42));
#5424 = SURFACE_CURVE('',#5425,(#5430,#5437),.PCURVE_S1.);
#5425 = CIRCLE('',#5426,0.2);
#5426 = AXIS2_PLACEMENT_3D('',#5427,#5428,#5429);
#5427 = CARTESIAN_POINT('',(2.087294365249,2.087294365249,14.42));
#5428 = DIRECTION('',(-0.128254195209,-0.128254195209,0.983413302138));
#5429 = DIRECTION('',(0.991602623083,3.469446951954E-18,0.129322225065)
  );
#5430 = PCURVE('',#1279,#5431);
#5431 = DEFINITIONAL_REPRESENTATION('',(#5432),#5436);
#5432 = LINE('',#5433,#5434);
#5433 = CARTESIAN_POINT('',(-0.,-3.528526604689));
#5434 = VECTOR('',#5435,1.);
#5435 = DIRECTION('',(-1.,-0.));
#5436 = ( GEOMETRIC_REPRESENTATION_CONTEXT(2) 
PARAMETRIC_REPRESENTATION_CONTEXT() REPRESENTATION_CONTEXT('2D SPACE',''
  ) );
#5437 = PCURVE('',#5438,#5443);
#5438 = PLANE('',#5439);
#5439 = AXIS2_PLACEMENT_3D('',#5440,#5441,#5442);
#5440 = CARTESIAN_POINT('',(2.087294365249,2.087294365249,14.42));
#5441 = DIRECTION('',(-0.128254195209,-0.128254195209,0.983413302138));
#5442 = DIRECTION('',(0.991602623083,0.,0.129322225065));
#5443 = DEFINITIONAL_REPRESENTATION('',(#5444),#5448);
#5444 = CIRCLE('',#5445,0.2);
#5445 = AXIS2_PLACEMENT_2D('',#5446,#5447);
#5446 = CARTESIAN_POINT('',(0.,0.));
#5447 = DIRECTION('',(1.,0.));
#5448 = ( GEOMETRIC_REPRESENTATION_CONTEXT(2) 
PARAMETRIC_REPRESENTATION_CONTEXT() REPRESENTATION_CONTEXT('2D SPACE',''
  ) );
#5449 = ORIENTED_EDGE('',*,*,#5450,.F.);
#5450 = EDGE_CURVE('',#5451,#5420,#5453,.T.);
#5451 = VERTEX_POINT('',#5452);
#5452 = CARTESIAN_POINT('',(2.289742560402,2.090680157026,14.42));
#5453 = SURFACE_CURVE('',#5454,(#5459,#5471),.PCURVE_S1.);
#5454 = ELLIPSE('',#5455,0.203378848075,0.200002732267);
#5455 = AXIS2_PLACEMENT_3D('',#5456,#5457,#5458);
#5456 = CARTESIAN_POINT('',(2.088046071027,2.088046071027,14.42));
#5457 = DIRECTION('',(0.,0.,1.));
#5458 = DIRECTION('',(0.707106781187,0.707106781187,-0.));
#5459 = PCURVE('',#1279,#5460);
#5460 = DEFINITIONAL_REPRESENTATION('',(#5461),#5470);
#5461 = B_SPLINE_CURVE_WITH_KNOTS('',7,(#5462,#5463,#5464,#5465,#5466,
    #5467,#5468,#5469),.UNSPECIFIED.,.F.,.F.,(8,8),(5.502477740382,
    7.859208713175),.PIECEWISE_BEZIER_KNOTS.);
#5462 = CARTESIAN_POINT('',(1.7763568394E-15,-3.502127532349));
#5463 = CARTESIAN_POINT('',(-0.335425690009,-3.493386904149));
#5464 = CARTESIAN_POINT('',(-0.670368524246,-3.48811305999));
#5465 = CARTESIAN_POINT('',(-1.005059730526,-3.487914324961));
#5466 = CARTESIAN_POINT('',(-1.339862443664,-3.493485814189));
#5467 = CARTESIAN_POINT('',(-1.675162376168,-3.503663550712));
#5468 = CARTESIAN_POINT('',(-2.011151528684,-3.516107268106));
#5469 = CARTESIAN_POINT('',(-2.347831981381,-3.528526604689));
#5470 = ( GEOMETRIC_REPRESENTATION_CONTEXT(2) 
PARAMETRIC_REPRESENTATION_CONTEXT() REPRESENTATION_CONTEXT('2D SPACE',''
  ) );
#5471 = PCURVE('',#5472,#5477);
#5472 = PLANE('',#5473);
#5473 = AXIS2_PLACEMENT_3D('',#5474,#5475,#5476);
#5474 = CARTESIAN_POINT('',(2.087294365249,2.087294365249,14.42));
#5475 = DIRECTION('',(0.,0.,1.));
#5476 = DIRECTION('',(1.,0.,-0.));
#5477 = DEFINITIONAL_REPRESENTATION('',(#5478),#5482);
#5478 = ELLIPSE('',#5479,0.203378848075,0.200002732267);
#5479 = AXIS2_PLACEMENT_2D('',#5480,#5481);
#5480 = CARTESIAN_POINT('',(7.517057775948E-04,7.517057775948E-04));
#5481 = DIRECTION('',(0.707106781187,0.707106781187));
#5482 = ( GEOMETRIC_REPRESENTATION_CONTEXT(2) 
PARAMETRIC_REPRESENTATION_CONTEXT() REPRESENTATION_CONTEXT('2D SPACE',''
  ) );
#5483 = ORIENTED_EDGE('',*,*,#5484,.F.);
#5484 = EDGE_CURVE('',#5485,#5451,#5487,.T.);
#5485 = VERTEX_POINT('',#5486);
#5486 = CARTESIAN_POINT('',(2.548276090317,2.302746670592,12.8));
#5487 = SEAM_CURVE('',#5488,(#5492,#5499),.PCURVE_S1.);
#5488 = LINE('',#5489,#5490);
#5489 = CARTESIAN_POINT('',(2.837323492133,2.539842705208,
    10.988796667519));
#5490 = VECTOR('',#5491,1.);
#5491 = DIRECTION('',(-0.156293897314,-0.128202720574,0.979355032713));
#5492 = PCURVE('',#1279,#5493);
#5493 = DEFINITIONAL_REPRESENTATION('',(#5494),#5498);
#5494 = LINE('',#5495,#5496);
#5495 = CARTESIAN_POINT('',(-6.28318530718,0.));
#5496 = VECTOR('',#5497,1.);
#5497 = DIRECTION('',(-0.,-1.));
#5498 = ( GEOMETRIC_REPRESENTATION_CONTEXT(2) 
PARAMETRIC_REPRESENTATION_CONTEXT() REPRESENTATION_CONTEXT('2D SPACE',''
  ) );
#5499 = PCURVE('',#1279,#5500);
#5500 = DEFINITIONAL_REPRESENTATION('',(#5501),#5505);
#5501 = LINE('',#5502,#5503);
#5502 = CARTESIAN_POINT('',(0.,-0.));
#5503 = VECTOR('',#5504,1.);
#5504 = DIRECTION('',(-0.,-1.));
#5505 = ( GEOMETRIC_REPRESENTATION_CONTEXT(2) 
PARAMETRIC_REPRESENTATION_CONTEXT() REPRESENTATION_CONTEXT('2D SPACE',''
  ) );
#5506 = ORIENTED_EDGE('',*,*,#5507,.T.);
#5507 = EDGE_CURVE('',#5485,#5508,#5510,.T.);
#5508 = VERTEX_POINT('',#5509);
#5509 = CARTESIAN_POINT('',(2.050856920449,2.287013910375,12.8));
#5510 = SURFACE_CURVE('',#5511,(#5516,#5536),.PCURVE_S1.);
#5511 = ELLIPSE('',#5512,0.250853449499,0.246689249021);
#5512 = AXIS2_PLACEMENT_3D('',#5513,#5514,#5515);
#5513 = CARTESIAN_POINT('',(2.299497711492,2.299497711492,12.8));
#5514 = DIRECTION('',(0.,0.,1.));
#5515 = DIRECTION('',(0.707106781187,0.707106781187,-0.));
#5516 = PCURVE('',#1279,#5517);
#5517 = DEFINITIONAL_REPRESENTATION('',(#5518),#5535);
#5518 = B_SPLINE_CURVE_WITH_KNOTS('',8,(#5519,#5520,#5521,#5522,#5523,
    #5524,#5525,#5526,#5527,#5528,#5529,#5530,#5531,#5532,#5533,#5534),
  .UNSPECIFIED.,.F.,.F.,(9,7,9),(5.502477740382,8.644070393971,
    11.785663047561),.UNSPECIFIED.);
#5519 = CARTESIAN_POINT('',(0.,-1.848641553043));
#5520 = CARTESIAN_POINT('',(-0.391240889927,-1.836066643852));
#5521 = CARTESIAN_POINT('',(-0.781838126401,-1.829189409778));
#5522 = CARTESIAN_POINT('',(-1.172135245239,-1.830957223947));
#5523 = CARTESIAN_POINT('',(-1.56267796135,-1.842481431879));
#5524 = CARTESIAN_POINT('',(-1.954064587247,-1.861435274706));
#5525 = CARTESIAN_POINT('',(-2.346573714423,-1.882440985807));
#5526 = CARTESIAN_POINT('',(-2.740077794474,-1.900713770645));
#5527 = CARTESIAN_POINT('',(-3.528392542577,-1.925863589026));
#5528 = CARTESIAN_POINT('',(-3.923203233918,-1.932740823101));
#5529 = CARTESIAN_POINT('',(-4.318323220205,-1.930973008922));
#5530 = CARTESIAN_POINT('',(-4.713196295896,-1.919448800987));
#5531 = CARTESIAN_POINT('',(-5.107189771228,-1.900494958167));
#5532 = CARTESIAN_POINT('',(-5.50005990044,-1.879489247072));
#5533 = CARTESIAN_POINT('',(-5.891944417253,-1.861216462233));
#5534 = CARTESIAN_POINT('',(-6.28318530718,-1.848641553043));
#5535 = ( GEOMETRIC_REPRESENTATION_CONTEXT(2) 
PARAMETRIC_REPRESENTATION_CONTEXT() REPRESENTATION_CONTEXT('2D SPACE',''
  ) );
#5536 = PCURVE('',#3206,#5537);
#5537 = DEFINITIONAL_REPRESENTATION('',(#5538),#5542);
#5538 = ELLIPSE('',#5539,0.250853449499,0.246689249021);
#5539 = AXIS2_PLACEMENT_2D('',#5540,#5541);
#5540 = CARTESIAN_POINT('',(2.299497711492,2.299497711492));
#5541 = DIRECTION('',(0.707106781187,0.707106781187));
#5542 = ( GEOMETRIC_REPRESENTATION_CONTEXT(2) 
PARAMETRIC_REPRESENTATION_CONTEXT() REPRESENTATION_CONTEXT('2D SPACE',''
  ) );
#5543 = ORIENTED_EDGE('',*,*,#5544,.T.);
#5544 = EDGE_CURVE('',#5508,#5545,#5547,.T.);
#5545 = VERTEX_POINT('',#5546);
#5546 = CARTESIAN_POINT('',(2.086995326117,2.25408456877,12.55));
#5547 = SURFACE_CURVE('',#5548,(#5557,#5569),.PCURVE_S1.);
#5548 = B_SPLINE_CURVE_WITH_KNOTS('',7,(#5549,#5550,#5551,#5552,#5553,
    #5554,#5555,#5556),.UNSPECIFIED.,.F.,.F.,(8,8),(0.,1.),
  .PIECEWISE_BEZIER_KNOTS.);
#5549 = CARTESIAN_POINT('',(2.050856855001,2.287013969064,12.8000006));
#5550 = CARTESIAN_POINT('',(2.054889293552,2.283397920209,
    12.763032536267));
#5551 = CARTESIAN_POINT('',(2.05923284859,2.279487920312,12.726346106071
    ));
#5552 = CARTESIAN_POINT('',(2.063917731976,2.275252586749,
    12.689979978457));
#5553 = CARTESIAN_POINT('',(2.0689798655,2.270654346367,12.654007477381)
  );
#5554 = CARTESIAN_POINT('',(2.074467230459,2.265642660251,
    12.618552412866));
#5555 = CARTESIAN_POINT('',(2.080437841497,2.260155965274,
    12.583785097618));
#5556 = CARTESIAN_POINT('',(2.086995442573,2.254084460946,12.5499994));
#5557 = PCURVE('',#1279,#5558);
#5558 = DEFINITIONAL_REPRESENTATION('',(#5559),#5568);
#5559 = B_SPLINE_CURVE_WITH_KNOTS('',7,(#5560,#5561,#5562,#5563,#5564,
    #5565,#5566,#5567),.UNSPECIFIED.,.F.,.F.,(8,8),(0.,1.),
  .PIECEWISE_BEZIER_KNOTS.);
#5560 = CARTESIAN_POINT('',(-3.171516285884,-1.914456031771));
#5561 = CARTESIAN_POINT('',(-3.205402919115,-1.878047742416));
#5562 = CARTESIAN_POINT('',(-3.240060538803,-1.841914213687));
#5563 = CARTESIAN_POINT('',(-3.275657046694,-1.806093623394));
#5564 = CARTESIAN_POINT('',(-3.312377930107,-1.770658291083));
#5565 = CARTESIAN_POINT('',(-3.350465694045,-1.735730301204));
#5566 = CARTESIAN_POINT('',(-3.390212140218,-1.701477596644));
#5567 = CARTESIAN_POINT('',(-3.432159281531,-1.668189948238));
#5568 = ( GEOMETRIC_REPRESENTATION_CONTEXT(2) 
PARAMETRIC_REPRESENTATION_CONTEXT() REPRESENTATION_CONTEXT('2D SPACE',''
  ) );
#5569 = PCURVE('',#4969,#5570);
#5570 = DEFINITIONAL_REPRESENTATION('',(#5571),#5580);
#5571 = B_SPLINE_CURVE_WITH_KNOTS('',7,(#5572,#5573,#5574,#5575,#5576,
    #5577,#5578,#5579),.UNSPECIFIED.,.F.,.F.,(8,8),(0.,1.),
  .PIECEWISE_BEZIER_KNOTS.);
#5572 = CARTESIAN_POINT('',(-0.839785264855,-0.2500006));
#5573 = CARTESIAN_POINT('',(-0.838022075559,-0.213032536267));
#5574 = CARTESIAN_POINT('',(-0.836119598783,-0.176346106071));
#5575 = CARTESIAN_POINT('',(-0.834063682656,-0.139979978457));
#5576 = CARTESIAN_POINT('',(-0.831837440919,-0.104007477381));
#5577 = CARTESIAN_POINT('',(-0.829418232879,-6.855241286566E-02));
#5578 = CARTESIAN_POINT('',(-0.826778577298,-3.378509761793E-02));
#5579 = CARTESIAN_POINT('',(-0.823869369064,6.000000000173E-07));
#5580 = ( GEOMETRIC_REPRESENTATION_CONTEXT(2) 
PARAMETRIC_REPRESENTATION_CONTEXT() REPRESENTATION_CONTEXT('2D SPACE',''
  ) );
#5581 = ORIENTED_EDGE('',*,*,#5582,.F.);
#5582 = EDGE_CURVE('',#5583,#5545,#5585,.T.);
#5583 = VERTEX_POINT('',#5584);
#5584 = CARTESIAN_POINT('',(2.417391570713,2.574955208978,12.55));
#5585 = SURFACE_CURVE('',#5586,(#5591,#5611),.PCURVE_S1.);
#5586 = ELLIPSE('',#5587,0.25817977688,0.253893958396);
#5587 = AXIS2_PLACEMENT_3D('',#5588,#5589,#5590);
#5588 = CARTESIAN_POINT('',(2.332129137489,2.332129137489,12.55));
#5589 = DIRECTION('',(0.,0.,1.));
#5590 = DIRECTION('',(0.707106781187,0.707106781187,-0.));
#5591 = PCURVE('',#1279,#5592);
#5592 = DEFINITIONAL_REPRESENTATION('',(#5593),#5610);
#5593 = B_SPLINE_CURVE_WITH_KNOTS('',8,(#5594,#5595,#5596,#5597,#5598,
    #5599,#5600,#5601,#5602,#5603,#5604,#5605,#5606,#5607,#5608,#5609),
  .UNSPECIFIED.,.F.,.F.,(9,7,9),(5.502477740382,8.644070393971,
    11.785663047561),.UNSPECIFIED.);
#5594 = CARTESIAN_POINT('',(1.7763568394E-15,-1.593473963644));
#5595 = CARTESIAN_POINT('',(-0.391240889927,-1.580531796591));
#5596 = CARTESIAN_POINT('',(-0.781838126386,-1.573453708717));
#5597 = CARTESIAN_POINT('',(-1.172135245274,-1.57527315298));
#5598 = CARTESIAN_POINT('',(-1.562677961291,-1.587133932398));
#5599 = CARTESIAN_POINT('',(-1.954064587285,-1.60664133372));
#5600 = CARTESIAN_POINT('',(-2.346573714407,-1.628260529374));
#5601 = CARTESIAN_POINT('',(-2.740077794474,-1.647066981994));
#5602 = CARTESIAN_POINT('',(-3.528392542577,-1.672951316099));
#5603 = CARTESIAN_POINT('',(-3.923203233918,-1.680029403974));
#5604 = CARTESIAN_POINT('',(-4.318323220203,-1.678209959698));
#5605 = CARTESIAN_POINT('',(-4.713196295878,-1.666349180294));
#5606 = CARTESIAN_POINT('',(-5.107189771214,-1.646841778961));
#5607 = CARTESIAN_POINT('',(-5.500059900431,-1.625222583319));
#5608 = CARTESIAN_POINT('',(-5.891944417253,-1.606416130696));
#5609 = CARTESIAN_POINT('',(-6.28318530718,-1.593473963644));
#5610 = ( GEOMETRIC_REPRESENTATION_CONTEXT(2) 
PARAMETRIC_REPRESENTATION_CONTEXT() REPRESENTATION_CONTEXT('2D SPACE',''
  ) );
#5611 = PCURVE('',#4931,#5612);
#5612 = DEFINITIONAL_REPRESENTATION('',(#5613),#5617);
#5613 = ELLIPSE('',#5614,0.25817977688,0.253893958396);
#5614 = AXIS2_PLACEMENT_2D('',#5615,#5616);
#5615 = CARTESIAN_POINT('',(2.332129137489,2.332129137489));
#5616 = DIRECTION('',(0.707106781187,0.707106781187));
#5617 = ( GEOMETRIC_REPRESENTATION_CONTEXT(2) 
PARAMETRIC_REPRESENTATION_CONTEXT() REPRESENTATION_CONTEXT('2D SPACE',''
  ) );
#5618 = ORIENTED_EDGE('',*,*,#5619,.F.);
#5619 = EDGE_CURVE('',#5620,#5583,#5622,.T.);
#5620 = VERTEX_POINT('',#5621);
#5621 = CARTESIAN_POINT('',(2.574955208978,2.417391570713,12.55));
#5622 = SURFACE_CURVE('',#5623,(#5654,#5688),.PCURVE_S1.);
#5623 = B_SPLINE_CURVE_WITH_KNOTS('',5,(#5624,#5625,#5626,#5627,#5628,
    #5629,#5630,#5631,#5632,#5633,#5634,#5635,#5636,#5637,#5638,#5639,
    #5640,#5641,#5642,#5643,#5644,#5645,#5646,#5647,#5648,#5649,#5650,
    #5651,#5652,#5653),.UNSPECIFIED.,.F.,.F.,(6,4,4,4,4,4,4,6),(0.,
    0.227377259818,0.32460749647,0.499595685765,0.619021179606,
    0.676630967804,0.773945231819,1.),.UNSPECIFIED.);
#5624 = CARTESIAN_POINT('',(2.574955400885,2.417391366299,12.5499994));
#5625 = CARTESIAN_POINT('',(2.569322053719,2.423391891457,
    12.567612234254));
#5626 = CARTESIAN_POINT('',(2.56337524395,2.429691265953,12.584226952607
    ));
#5627 = CARTESIAN_POINT('',(2.557087191303,2.436311823487,
    12.599646559558));
#5628 = CARTESIAN_POINT('',(2.550440063541,2.443262876109,
    12.613554129952));
#5629 = CARTESIAN_POINT('',(2.540452709373,2.453628936063,
    12.630718795625));
#5630 = CARTESIAN_POINT('',(2.53739786687,2.456790137896,12.635515197276
    ));
#5631 = CARTESIAN_POINT('',(2.534280972389,2.460005498845,
    12.639936219606));
#5632 = CARTESIAN_POINT('',(2.531105190458,2.463271043697,
    12.643951640601));
#5633 = CARTESIAN_POINT('',(2.522063177345,2.472537751394,
    12.653974100722));
#5634 = CARTESIAN_POINT('',(2.516074523812,2.478640120422,
    12.659008691199));
#5635 = CARTESIAN_POINT('',(2.509944919032,2.484848004935,
    12.662458235163));
#5636 = CARTESIAN_POINT('',(2.503726269869,2.491105959914,12.66419060279
    ));
#5637 = CARTESIAN_POINT('',(2.493232747873,2.501600095604,
    12.664217649182));
#5638 = CARTESIAN_POINT('',(2.488966562238,2.505848392326,12.66342924284
    ));
#5639 = CARTESIAN_POINT('',(2.48471240429,2.510066510666,12.66184101296)
  );
#5640 = CARTESIAN_POINT('',(2.480489623766,2.514235836301,
    12.659480494832));
#5641 = CARTESIAN_POINT('',(2.47430105547,2.520321129982,12.654903360335
    ));
#5642 = CARTESIAN_POINT('',(2.472298303177,2.522286500385,
    12.653244598379));
#5643 = CARTESIAN_POINT('',(2.470308414544,2.524235367037,12.6514215874)
  );
#5644 = CARTESIAN_POINT('',(2.468332897976,2.526166371467,
    12.649439937129));
#5645 = CARTESIAN_POINT('',(2.463062352476,2.531308273305,12.64370087233
    ));
#5646 = CARTESIAN_POINT('',(2.459796323578,2.534484000757,
    12.639660606661));
#5647 = CARTESIAN_POINT('',(2.456580746305,2.537600589034,
    12.635215188888));
#5648 = CARTESIAN_POINT('',(2.453419556135,2.540654915701,
    12.630394926693));
#5649 = CARTESIAN_POINT('',(2.443102628612,2.550593296482,
    12.613233098576));
#5650 = CARTESIAN_POINT('',(2.436197360385,2.557195901051,12.59937973664
    ));
#5651 = CARTESIAN_POINT('',(2.42961865418,2.563443791279,12.584035398132
    ));
#5652 = CARTESIAN_POINT('',(2.423357293687,2.569354534417,
    12.567510682345));
#5653 = CARTESIAN_POINT('',(2.417391366299,2.574955400885,12.5499994));
#5654 = PCURVE('',#1279,#5655);
#5655 = DEFINITIONAL_REPRESENTATION('',(#5656),#5687);
#5656 = B_SPLINE_CURVE_WITH_KNOTS('',5,(#5657,#5658,#5659,#5660,#5661,
    #5662,#5663,#5664,#5665,#5666,#5667,#5668,#5669,#5670,#5671,#5672,
    #5673,#5674,#5675,#5676,#5677,#5678,#5679,#5680,#5681,#5682,#5683,
    #5684,#5685,#5686),.UNSPECIFIED.,.F.,.F.,(6,4,4,4,4,4,4,6),(0.,
    0.227377259818,0.32460749647,0.499595685765,0.619021179606,
    0.676630967804,0.773945231819,1.),.UNSPECIFIED.);
#5657 = CARTESIAN_POINT('',(-0.325035292833,-1.584662240772));
#5658 = CARTESIAN_POINT('',(-0.35995263972,-1.601935844147));
#5659 = CARTESIAN_POINT('',(-0.396237163378,-1.618229761281));
#5660 = CARTESIAN_POINT('',(-0.434028039591,-1.633350962724));
#5661 = CARTESIAN_POINT('',(-0.473402194529,-1.646988872812));
#5662 = CARTESIAN_POINT('',(-0.53180441308,-1.663820262756));
#5663 = CARTESIAN_POINT('',(-0.549575797687,-1.668523466911));
#5664 = CARTESIAN_POINT('',(-0.567618718408,-1.672858530343));
#5665 = CARTESIAN_POINT('',(-0.585917443077,-1.676795836291));
#5666 = CARTESIAN_POINT('',(-0.637795313844,-1.686623238871));
#5667 = CARTESIAN_POINT('',(-0.671902624345,-1.691559737628));
#5668 = CARTESIAN_POINT('',(-0.706590461883,-1.694942025345));
#5669 = CARTESIAN_POINT('',(-0.741611517349,-1.696640617577));
#5670 = CARTESIAN_POINT('',(-0.800522088414,-1.696667136651));
#5671 = CARTESIAN_POINT('',(-0.824421323705,-1.695894101694));
#5672 = CARTESIAN_POINT('',(-0.848219845811,-1.694336837534));
#5673 = CARTESIAN_POINT('',(-0.871828829324,-1.692022328421));
#5674 = CARTESIAN_POINT('',(-0.906432576448,-1.687534358873));
#5675 = CARTESIAN_POINT('',(-0.917631769128,-1.685907904685));
#5676 = CARTESIAN_POINT('',(-0.928761647866,-1.68412039268));
#5677 = CARTESIAN_POINT('',(-0.939815564363,-1.682177320312));
#5678 = CARTESIAN_POINT('',(-0.969323083997,-1.676549946735));
#5679 = CARTESIAN_POINT('',(-0.987625722227,-1.672588277272));
#5680 = CARTESIAN_POINT('',(-1.005671374152,-1.668229290054));
#5681 = CARTESIAN_POINT('',(-1.023444511165,-1.663502685784));
#5682 = CARTESIAN_POINT('',(-1.08157689238,-1.646674065933));
#5683 = CARTESIAN_POINT('',(-1.12069667033,-1.63308930341));
#5684 = CARTESIAN_POINT('',(-1.158252402925,-1.618041905345));
#5685 = CARTESIAN_POINT('',(-1.194319995552,-1.601836248173));
#5686 = CARTESIAN_POINT('',(-1.229036016339,-1.584662240772));
#5687 = ( GEOMETRIC_REPRESENTATION_CONTEXT(2) 
PARAMETRIC_REPRESENTATION_CONTEXT() REPRESENTATION_CONTEXT('2D SPACE',''
  ) );
#5688 = PCURVE('',#3680,#5689);
#5689 = DEFINITIONAL_REPRESENTATION('',(#5690),#5721);
#5690 = B_SPLINE_CURVE_WITH_KNOTS('',5,(#5691,#5692,#5693,#5694,#5695,
    #5696,#5697,#5698,#5699,#5700,#5701,#5702,#5703,#5704,#5705,#5706,
    #5707,#5708,#5709,#5710,#5711,#5712,#5713,#5714,#5715,#5716,#5717,
    #5718,#5719,#5720),.UNSPECIFIED.,.F.,.F.,(6,4,4,4,4,4,4,6),(0.,
    0.227377259818,0.32460749647,0.499595685765,0.619021179606,
    0.676630967804,0.773945231819,1.),.UNSPECIFIED.);
#5691 = CARTESIAN_POINT('',(-0.753847520693,5.999999217465E-07));
#5692 = CARTESIAN_POINT('',(-0.756177862087,-1.761223425351E-02));
#5693 = CARTESIAN_POINT('',(-0.758630639326,-3.422695260654E-02));
#5694 = CARTESIAN_POINT('',(-0.761215872163,-4.964655955766E-02));
#5695 = CARTESIAN_POINT('',(-0.763938982627,-6.355412995232E-02));
#5696 = CARTESIAN_POINT('',(-0.768014582082,-8.071879562499E-02));
#5697 = CARTESIAN_POINT('',(-0.769259257871,-8.551519727557E-02));
#5698 = CARTESIAN_POINT('',(-0.770527170311,-8.993621960628E-02));
#5699 = CARTESIAN_POINT('',(-0.771816891868,-9.395164060105E-02));
#5700 = CARTESIAN_POINT('',(-0.775482700319,-0.103974100722));
#5701 = CARTESIAN_POINT('',(-0.777903503769,-0.109008691199));
#5702 = CARTESIAN_POINT('',(-0.780373587623,-0.112458235163));
#5703 = CARTESIAN_POINT('',(-0.782871490137,-0.11419060279));
#5704 = CARTESIAN_POINT('',(-0.787073364232,-0.114217649182));
#5705 = CARTESIAN_POINT('',(-0.788778022323,-0.11342924284));
#5706 = CARTESIAN_POINT('',(-0.79047424071,-0.11184101296));
#5707 = CARTESIAN_POINT('',(-0.792154428931,-0.109480494832));
#5708 = CARTESIAN_POINT('',(-0.794611827896,-0.104903360335));
#5709 = CARTESIAN_POINT('',(-0.795406308327,-0.103244598379));
#5710 = CARTESIAN_POINT('',(-0.79619491661,-0.1014215874));
#5711 = CARTESIAN_POINT('',(-0.796977079515,-9.943993712932E-02));
#5712 = CARTESIAN_POINT('',(-0.799061882517,-9.370087233014E-02));
#5713 = CARTESIAN_POINT('',(-0.800351691573,-8.966060666115E-02));
#5714 = CARTESIAN_POINT('',(-0.801619587652,-8.521518888821E-02));
#5715 = CARTESIAN_POINT('',(-0.802864159579,-8.039492669296E-02));
#5716 = CARTESIAN_POINT('',(-0.806920120392,-6.323309857583E-02));
#5717 = CARTESIAN_POINT('',(-0.809625149923,-4.937973664021E-02));
#5718 = CARTESIAN_POINT('',(-0.812193960104,-3.403539813176E-02));
#5719 = CARTESIAN_POINT('',(-0.814631900968,-1.751068234483E-02));
#5720 = CARTESIAN_POINT('',(-0.816948806102,6.000000000034E-07));
#5721 = ( GEOMETRIC_REPRESENTATION_CONTEXT(2) 
PARAMETRIC_REPRESENTATION_CONTEXT() REPRESENTATION_CONTEXT('2D SPACE',''
  ) );
#5722 = ORIENTED_EDGE('',*,*,#5723,.F.);
#5723 = EDGE_CURVE('',#5724,#5620,#5726,.T.);
#5724 = VERTEX_POINT('',#5725);
#5725 = CARTESIAN_POINT('',(2.588173239996,2.335472984414,12.55));
#5726 = SURFACE_CURVE('',#5727,(#5732,#5752),.PCURVE_S1.);
#5727 = ELLIPSE('',#5728,0.25817977688,0.253893958396);
#5728 = AXIS2_PLACEMENT_3D('',#5729,#5730,#5731);
#5729 = CARTESIAN_POINT('',(2.332129137489,2.332129137489,12.55));
#5730 = DIRECTION('',(0.,0.,1.));
#5731 = DIRECTION('',(0.707106781187,0.707106781187,-0.));
#5732 = PCURVE('',#1279,#5733);
#5733 = DEFINITIONAL_REPRESENTATION('',(#5734),#5751);
#5734 = B_SPLINE_CURVE_WITH_KNOTS('',8,(#5735,#5736,#5737,#5738,#5739,
    #5740,#5741,#5742,#5743,#5744,#5745,#5746,#5747,#5748,#5749,#5750),
  .UNSPECIFIED.,.F.,.F.,(9,7,9),(5.502477740382,8.644070393971,
    11.785663047561),.UNSPECIFIED.);
#5735 = CARTESIAN_POINT('',(1.7763568394E-15,-1.593473963644));
#5736 = CARTESIAN_POINT('',(-0.391240889927,-1.580531796591));
#5737 = CARTESIAN_POINT('',(-0.781838126386,-1.573453708717));
#5738 = CARTESIAN_POINT('',(-1.172135245274,-1.57527315298));
#5739 = CARTESIAN_POINT('',(-1.562677961291,-1.587133932398));
#5740 = CARTESIAN_POINT('',(-1.954064587285,-1.60664133372));
#5741 = CARTESIAN_POINT('',(-2.346573714407,-1.628260529374));
#5742 = CARTESIAN_POINT('',(-2.740077794474,-1.647066981994));
#5743 = CARTESIAN_POINT('',(-3.528392542577,-1.672951316099));
#5744 = CARTESIAN_POINT('',(-3.923203233918,-1.680029403974));
#5745 = CARTESIAN_POINT('',(-4.318323220203,-1.678209959698));
#5746 = CARTESIAN_POINT('',(-4.713196295878,-1.666349180294));
#5747 = CARTESIAN_POINT('',(-5.107189771214,-1.646841778961));
#5748 = CARTESIAN_POINT('',(-5.500059900431,-1.625222583319));
#5749 = CARTESIAN_POINT('',(-5.891944417253,-1.606416130696));
#5750 = CARTESIAN_POINT('',(-6.28318530718,-1.593473963644));
#5751 = ( GEOMETRIC_REPRESENTATION_CONTEXT(2) 
PARAMETRIC_REPRESENTATION_CONTEXT() REPRESENTATION_CONTEXT('2D SPACE',''
  ) );
#5752 = PCURVE('',#3291,#5753);
#5753 = DEFINITIONAL_REPRESENTATION('',(#5754),#5758);
#5754 = ELLIPSE('',#5755,0.25817977688,0.253893958396);
#5755 = AXIS2_PLACEMENT_2D('',#5756,#5757);
#5756 = CARTESIAN_POINT('',(2.332129137489,2.332129137489));
#5757 = DIRECTION('',(0.707106781187,0.707106781187));
#5758 = ( GEOMETRIC_REPRESENTATION_CONTEXT(2) 
PARAMETRIC_REPRESENTATION_CONTEXT() REPRESENTATION_CONTEXT('2D SPACE',''
  ) );
#5759 = ORIENTED_EDGE('',*,*,#5760,.F.);
#5760 = EDGE_CURVE('',#5761,#5724,#5763,.T.);
#5761 = VERTEX_POINT('',#5762);
#5762 = CARTESIAN_POINT('',(2.837323492133,2.539842705208,
    10.988796667519));
#5763 = SEAM_CURVE('',#5764,(#5768,#5775),.PCURVE_S1.);
#5764 = LINE('',#5765,#5766);
#5765 = CARTESIAN_POINT('',(2.837323492133,2.539842705208,
    10.988796667519));
#5766 = VECTOR('',#5767,1.);
#5767 = DIRECTION('',(-0.156293897314,-0.128202720574,0.979355032713));
#5768 = PCURVE('',#1279,#5769);
#5769 = DEFINITIONAL_REPRESENTATION('',(#5770),#5774);
#5770 = LINE('',#5771,#5772);
#5771 = CARTESIAN_POINT('',(-6.28318530718,0.));
#5772 = VECTOR('',#5773,1.);
#5773 = DIRECTION('',(-0.,-1.));
#5774 = ( GEOMETRIC_REPRESENTATION_CONTEXT(2) 
PARAMETRIC_REPRESENTATION_CONTEXT() REPRESENTATION_CONTEXT('2D SPACE',''
  ) );
#5775 = PCURVE('',#1279,#5776);
#5776 = DEFINITIONAL_REPRESENTATION('',(#5777),#5781);
#5777 = LINE('',#5778,#5779);
#5778 = CARTESIAN_POINT('',(0.,-0.));
#5779 = VECTOR('',#5780,1.);
#5780 = DIRECTION('',(-0.,-1.));
#5781 = ( GEOMETRIC_REPRESENTATION_CONTEXT(2) 
PARAMETRIC_REPRESENTATION_CONTEXT() REPRESENTATION_CONTEXT('2D SPACE',''
  ) );
#5782 = ORIENTED_EDGE('',*,*,#5783,.T.);
#5783 = EDGE_CURVE('',#5761,#2758,#5784,.T.);
#5784 = SURFACE_CURVE('',#5785,(#5790,#5797),.PCURVE_S1.);
#5785 = CIRCLE('',#5786,0.3);
#5786 = AXIS2_PLACEMENT_3D('',#5787,#5788,#5789);
#5787 = CARTESIAN_POINT('',(2.539842705208,2.539842705208,10.95));
#5788 = DIRECTION('',(-0.128254195209,-0.128254195209,0.983413302138));
#5789 = DIRECTION('',(0.991602623083,3.469446951954E-18,0.129322225065)
  );
#5790 = PCURVE('',#1279,#5791);
#5791 = DEFINITIONAL_REPRESENTATION('',(#5792),#5796);
#5792 = LINE('',#5793,#5794);
#5793 = CARTESIAN_POINT('',(-0.,-0.));
#5794 = VECTOR('',#5795,1.);
#5795 = DIRECTION('',(-1.,-0.));
#5796 = ( GEOMETRIC_REPRESENTATION_CONTEXT(2) 
PARAMETRIC_REPRESENTATION_CONTEXT() REPRESENTATION_CONTEXT('2D SPACE',''
  ) );
#5797 = PCURVE('',#2777,#5798);
#5798 = DEFINITIONAL_REPRESENTATION('',(#5799),#5803);
#5799 = CIRCLE('',#5800,0.3);
#5800 = AXIS2_PLACEMENT_2D('',#5801,#5802);
#5801 = CARTESIAN_POINT('',(0.,0.));
#5802 = DIRECTION('',(1.,0.));
#5803 = ( GEOMETRIC_REPRESENTATION_CONTEXT(2) 
PARAMETRIC_REPRESENTATION_CONTEXT() REPRESENTATION_CONTEXT('2D SPACE',''
  ) );
#5804 = ORIENTED_EDGE('',*,*,#2789,.F.);
#5805 = ORIENTED_EDGE('',*,*,#1344,.T.);
#5806 = ORIENTED_EDGE('',*,*,#5807,.T.);
#5807 = EDGE_CURVE('',#1305,#1263,#5808,.T.);
#5808 = SURFACE_CURVE('',#5809,(#5872,#5938),.PCURVE_S1.);
#5809 = B_SPLINE_CURVE_WITH_KNOTS('',6,(#5810,#5811,#5812,#5813,#5814,
    #5815,#5816,#5817,#5818,#5819,#5820,#5821,#5822,#5823,#5824,#5825,
    #5826,#5827,#5828,#5829,#5830,#5831,#5832,#5833,#5834,#5835,#5836,
    #5837,#5838,#5839,#5840,#5841,#5842,#5843,#5844,#5845,#5846,#5847,
    #5848,#5849,#5850,#5851,#5852,#5853,#5854,#5855,#5856,#5857,#5858,
    #5859,#5860,#5861,#5862,#5863,#5864,#5865,#5866,#5867,#5868,#5869,
    #5870,#5871),.UNSPECIFIED.,.F.,.F.,(7,5,5,5,5,5,5,5,5,5,5,5,7),(0.,
    0.158088789116,0.222372498207,0.260768385691,0.286673958461,
    0.3508746411,0.420838356197,0.500243257891,0.578964334724,
    0.649655047807,0.778283496067,0.842684054008,1.),.UNSPECIFIED.);
#5810 = CARTESIAN_POINT('',(2.237264039701,2.483602903142,
    10.996705300447));
#5811 = CARTESIAN_POINT('',(2.233440088748,2.474546933877,
    11.039841342518));
#5812 = CARTESIAN_POINT('',(2.229804530688,2.465106025865,
    11.082374035899));
#5813 = CARTESIAN_POINT('',(2.226408815479,2.455226459032,
    11.124178635161));
#5814 = CARTESIAN_POINT('',(2.22333042047,2.444860445068,11.165018472993
    ));
#5815 = CARTESIAN_POINT('',(2.220684831995,2.433967274034,
    11.204542598635));
#5816 = CARTESIAN_POINT('',(2.217791968912,2.417896622789,
    11.257687711208));
#5817 = CARTESIAN_POINT('',(2.217053243978,2.413163851666,
    11.272759991591));
#5818 = CARTESIAN_POINT('',(2.216422569004,2.408344521024,
    11.287510501739));
#5819 = CARTESIAN_POINT('',(2.215911601817,2.403440751154,
    11.301904822955));
#5820 = CARTESIAN_POINT('',(2.215532661526,2.398456774513,
    11.315906410722));
#5821 = CARTESIAN_POINT('',(2.215158214115,2.390378716519,
    11.337584291028));
#5822 = CARTESIAN_POINT('',(2.215069733029,2.387331844447,
    11.345537145331));
#5823 = CARTESIAN_POINT('',(2.215035483597,2.38426026412,11.353328595897
    ));
#5824 = CARTESIAN_POINT('',(2.215058096947,2.381165772003,
    11.360950723894));
#5825 = CARTESIAN_POINT('',(2.215140143023,2.378050496714,
    11.368395748647));
#5826 = CARTESIAN_POINT('',(2.215381278497,2.372802671464,
    11.380554512825));
#5827 = CARTESIAN_POINT('',(2.215506614943,2.370680101367,
    11.385368922318));
#5828 = CARTESIAN_POINT('',(2.215660903447,2.36854994789,11.390096925282
    ));
#5829 = CARTESIAN_POINT('',(2.215844870396,2.366413031929,
    11.394736286168));
#5830 = CARTESIAN_POINT('',(2.216059205048,2.364270236114,
    11.399284864728));
#5831 = CARTESIAN_POINT('',(2.216912611126,2.356799873353,
    11.414783115474));
#5832 = CARTESIAN_POINT('',(2.217711073839,2.35144666631,11.425255824047
    ));
#5833 = CARTESIAN_POINT('',(2.218710113791,2.34607780535,11.435127141527
    ));
#5834 = CARTESIAN_POINT('',(2.219917537876,2.340709361149,11.44437128906
    ));
#5835 = CARTESIAN_POINT('',(2.221338793759,2.335358553386,
    11.452968309131));
#5836 = CARTESIAN_POINT('',(2.224762198347,2.324251860017,
    11.469552182361));
#5837 = CARTESIAN_POINT('',(2.226805005662,2.318502302349,
    11.477415344032));
#5838 = CARTESIAN_POINT('',(2.229109137887,2.312818278176,
    11.484475139807));
#5839 = CARTESIAN_POINT('',(2.231674722234,2.307222538554,
    11.490722258089));
#5840 = CARTESIAN_POINT('',(2.234498561287,2.301736847826,
    11.496153187305));
#5841 = CARTESIAN_POINT('',(2.24106536297,2.290303365218,11.506003241495
    ));
#5842 = CARTESIAN_POINT('',(2.244880959611,2.284393073449,
    11.510186921784));
#5843 = CARTESIAN_POINT('',(2.249012521235,2.278679567451,
    11.513317451277));
#5844 = CARTESIAN_POINT('',(2.253446737733,2.27318926107,11.51539743926)
  );
#5845 = CARTESIAN_POINT('',(2.258166608361,2.267945475135,
    11.516429537562));
#5846 = CARTESIAN_POINT('',(2.268095185515,2.258033244994,
    11.516397336674));
#5847 = CARTESIAN_POINT('',(2.273299195587,2.253360371444,
    11.515351017373));
#5848 = CARTESIAN_POINT('',(2.278745121197,2.248968514212,
    11.513274735145));
#5849 = CARTESIAN_POINT('',(2.284410212045,2.244874199996,
    11.510165910162));
#5850 = CARTESIAN_POINT('',(2.290268729666,2.241090388779,
    11.506022012831));
#5851 = CARTESIAN_POINT('',(2.301701660615,2.234514233117,
    11.496193285899));
#5852 = CARTESIAN_POINT('',(2.307244128708,2.231660097691,
    11.490708767612));
#5853 = CARTESIAN_POINT('',(2.312898970754,2.229069635087,
    11.484390987933));
#5854 = CARTESIAN_POINT('',(2.31864372878,2.22674613792,11.477243558237)
  );
#5855 = CARTESIAN_POINT('',(2.324454922818,2.224689431276,
    11.469276147525));
#5856 = CARTESIAN_POINT('',(2.340959971142,2.219631457479,
    11.444553389835));
#5857 = CARTESIAN_POINT('',(2.351757220862,2.217236006671,
    11.425939782153));
#5858 = CARTESIAN_POINT('',(2.362546354485,2.215690462605,
    11.404793730455));
#5859 = CARTESIAN_POINT('',(2.373193988366,2.214921067111,
    11.381324328276));
#5860 = CARTESIAN_POINT('',(2.383605648794,2.214829049375,
    11.355824686583));
#5861 = CARTESIAN_POINT('',(2.398779011724,2.21555557666,11.31500782269)
  );
#5862 = CARTESIAN_POINT('',(2.403767398578,2.21594246339,11.300960189629
    ));
#5863 = CARTESIAN_POINT('',(2.408675083572,2.216461294193,
    11.286520064285));
#5864 = CARTESIAN_POINT('',(2.413497889427,2.217099704119,
    11.271724122353));
#5865 = CARTESIAN_POINT('',(2.418233753672,2.217846005243,
    11.256606867959));
#5866 = CARTESIAN_POINT('',(2.434237450592,2.220750580357,
    11.203561541883));
#5867 = CARTESIAN_POINT('',(2.445066123976,2.223391577995,
    11.164207680609));
#5868 = CARTESIAN_POINT('',(2.455373471271,2.226459370854,
    11.123556376913));
#5869 = CARTESIAN_POINT('',(2.465199692146,2.22984060851,11.0819520048)
  );
#5870 = CARTESIAN_POINT('',(2.474591883331,2.233459068992,
    11.039627236055));
#5871 = CARTESIAN_POINT('',(2.483602903142,2.237264039701,
    10.996705300447));
#5872 = PCURVE('',#1279,#5873);
#5873 = DEFINITIONAL_REPRESENTATION('',(#5874),#5937);
#5874 = B_SPLINE_CURVE_WITH_KNOTS('',6,(#5875,#5876,#5877,#5878,#5879,
    #5880,#5881,#5882,#5883,#5884,#5885,#5886,#5887,#5888,#5889,#5890,
    #5891,#5892,#5893,#5894,#5895,#5896,#5897,#5898,#5899,#5900,#5901,
    #5902,#5903,#5904,#5905,#5906,#5907,#5908,#5909,#5910,#5911,#5912,
    #5913,#5914,#5915,#5916,#5917,#5918,#5919,#5920,#5921,#5922,#5923,
    #5924,#5925,#5926,#5927,#5928,#5929,#5930,#5931,#5932,#5933,#5934,
    #5935,#5936),.UNSPECIFIED.,.F.,.F.,(7,5,5,5,5,5,5,5,5,5,5,5,7),(0.,
    0.158088789116,0.222372498207,0.260768385691,0.286673958461,
    0.3508746411,0.420838356197,0.500243257891,0.578964334724,
    0.649655047807,0.778283496067,0.842684054008,1.),.UNSPECIFIED.);
#5875 = CARTESIAN_POINT('',(-3.292867592453,-9.195058752474E-02));
#5876 = CARTESIAN_POINT('',(-3.305180819234,-0.136023048901));
#5877 = CARTESIAN_POINT('',(-3.31920778209,-0.17952737698));
#5878 = CARTESIAN_POINT('',(-3.335231457144,-0.222341186599));
#5879 = CARTESIAN_POINT('',(-3.353581824869,-0.264227928233));
#5880 = CARTESIAN_POINT('',(-3.374643176734,-0.30483288185));
#5881 = CARTESIAN_POINT('',(-3.408575931527,-0.359528642766));
#5882 = CARTESIAN_POINT('',(-3.418889713315,-0.375052666112));
#5883 = CARTESIAN_POINT('',(-3.429729570352,-0.390257500088));
#5884 = CARTESIAN_POINT('',(-3.441114585119,-0.405107529792));
#5885 = CARTESIAN_POINT('',(-3.453058964219,-0.419564694047));
#5886 = CARTESIAN_POINT('',(-3.473042204301,-0.441967079181));
#5887 = CARTESIAN_POINT('',(-3.480716716836,-0.450190144088));
#5888 = CARTESIAN_POINT('',(-3.488594755256,-0.458250695914));
#5889 = CARTESIAN_POINT('',(-3.496676774117,-0.466140379316));
#5890 = CARTESIAN_POINT('',(-3.504962159905,-0.473850940065));
#5891 = CARTESIAN_POINT('',(-3.519175428634,-0.486450159463));
#5892 = CARTESIAN_POINT('',(-3.524993427884,-0.491440867395));
#5893 = CARTESIAN_POINT('',(-3.530902690392,-0.496343861374));
#5894 = CARTESIAN_POINT('',(-3.536902435407,-0.501156744487));
#5895 = CARTESIAN_POINT('',(-3.54299163982,-0.505877210382));
#5896 = CARTESIAN_POINT('',(-3.56447822257,-0.52196704878));
#5897 = CARTESIAN_POINT('',(-3.580329668854,-0.532850214768));
#5898 = CARTESIAN_POINT('',(-3.596702880322,-0.543118247565));
#5899 = CARTESIAN_POINT('',(-3.613570143156,-0.552742733502));
#5900 = CARTESIAN_POINT('',(-3.630896526415,-0.561701138912));
#5901 = CARTESIAN_POINT('',(-3.667975986053,-0.578995354467));
#5902 = CARTESIAN_POINT('',(-3.687808493784,-0.587203498535));
#5903 = CARTESIAN_POINT('',(-3.70808413655,-0.594579680931));
#5904 = CARTESIAN_POINT('',(-3.728745297348,-0.601111810276));
#5905 = CARTESIAN_POINT('',(-3.749731880025,-0.606794051955));
#5906 = CARTESIAN_POINT('',(-3.795102213026,-0.617104898518));
#5907 = CARTESIAN_POINT('',(-3.819562370911,-0.621487838803));
#5908 = CARTESIAN_POINT('',(-3.844277187452,-0.624769334152));
#5909 = CARTESIAN_POINT('',(-3.869160101187,-0.62695026996));
#5910 = CARTESIAN_POINT('',(-3.894125613959,-0.628032443496));
#5911 = CARTESIAN_POINT('',(-3.943840294102,-0.627998680142));
#5912 = CARTESIAN_POINT('',(-3.968588764271,-0.626901595335));
#5913 = CARTESIAN_POINT('',(-3.993254698108,-0.624724563082));
#5914 = CARTESIAN_POINT('',(-4.017754786283,-0.621465844547));
#5915 = CARTESIAN_POINT('',(-4.042004686164,-0.617124590989));
#5916 = CARTESIAN_POINT('',(-4.087395959702,-0.606835988375));
#5917 = CARTESIAN_POINT('',(-4.108602237388,-0.601097650193));
#5918 = CARTESIAN_POINT('',(-4.129476326732,-0.594491642097));
#5919 = CARTESIAN_POINT('',(-4.149956224459,-0.5870239736));
#5920 = CARTESIAN_POINT('',(-4.169982533723,-0.578707187163));
#5921 = CARTESIAN_POINT('',(-4.225015099631,-0.552926363055));
#5922 = CARTESIAN_POINT('',(-4.258863703454,-0.533543927701));
#5923 = CARTESIAN_POINT('',(-4.290679887851,-0.511563090035));
#5924 = CARTESIAN_POINT('',(-4.32024675921,-0.487216042224));
#5925 = CARTESIAN_POINT('',(-4.347498999548,-0.460815817915));
#5926 = CARTESIAN_POINT('',(-4.384974026359,-0.418636743387));
#5927 = CARTESIAN_POINT('',(-4.396908839777,-0.404132712785));
#5928 = CARTESIAN_POINT('',(-4.408282879398,-0.38923612802));
#5929 = CARTESIAN_POINT('',(-4.419110615949,-0.373985178072));
#5930 = CARTESIAN_POINT('',(-4.429411373883,-0.358415558302));
#5931 = CARTESIAN_POINT('',(-4.46313541133,-0.30382501381));
#5932 = CARTESIAN_POINT('',(-4.484038657173,-0.263396361326));
#5933 = CARTESIAN_POINT('',(-4.502263505571,-0.221703910685));
#5934 = CARTESIAN_POINT('',(-4.518187975501,-0.179095705757));
#5935 = CARTESIAN_POINT('',(-4.532136914024,-0.135804294505));
#5936 = CARTESIAN_POINT('',(-4.544389023899,-9.195058752474E-02));
#5937 = ( GEOMETRIC_REPRESENTATION_CONTEXT(2) 
PARAMETRIC_REPRESENTATION_CONTEXT() REPRESENTATION_CONTEXT('2D SPACE',''
  ) );
#5938 = PCURVE('',#1321,#5939);
#5939 = DEFINITIONAL_REPRESENTATION('',(#5940),#6003);
#5940 = B_SPLINE_CURVE_WITH_KNOTS('',6,(#5941,#5942,#5943,#5944,#5945,
    #5946,#5947,#5948,#5949,#5950,#5951,#5952,#5953,#5954,#5955,#5956,
    #5957,#5958,#5959,#5960,#5961,#5962,#5963,#5964,#5965,#5966,#5967,
    #5968,#5969,#5970,#5971,#5972,#5973,#5974,#5975,#5976,#5977,#5978,
    #5979,#5980,#5981,#5982,#5983,#5984,#5985,#5986,#5987,#5988,#5989,
    #5990,#5991,#5992,#5993,#5994,#5995,#5996,#5997,#5998,#5999,#6000,
    #6001,#6002),.UNSPECIFIED.,.F.,.F.,(7,5,5,5,5,5,5,5,5,5,5,5,7),(0.,
    0.158088789116,0.222372498207,0.260768385691,0.286673958461,
    0.3508746411,0.420838356197,0.500243257891,0.578964334724,
    0.649655047807,0.778283496067,0.842684054008,1.),.UNSPECIFIED.);
#5941 = CARTESIAN_POINT('',(3.010842089858,-5.999999981299E-07));
#5942 = CARTESIAN_POINT('',(3.038372484227,4.382482471322E-02));
#5943 = CARTESIAN_POINT('',(3.067741038148,8.706360921922E-02));
#5944 = CARTESIAN_POINT('',(3.099241810778,0.129591778811));
#5945 = CARTESIAN_POINT('',(3.133193016447,0.171171750298));
#5946 = CARTESIAN_POINT('',(3.169946295323,0.211449063678));
#5947 = CARTESIAN_POINT('',(3.22602501685,0.265660022396));
#5948 = CARTESIAN_POINT('',(3.242748185996,0.281041111727));
#5949 = CARTESIAN_POINT('',(3.260001216735,0.296100505916));
#5950 = CARTESIAN_POINT('',(3.277798642319,0.31080299129));
#5951 = CARTESIAN_POINT('',(3.296149433842,0.325111044775));
#5952 = CARTESIAN_POINT('',(3.326346910334,0.347273859741));
#5953 = CARTESIAN_POINT('',(3.337836758276,0.355407027696));
#5954 = CARTESIAN_POINT('',(3.349524716206,0.363377518427));
#5955 = CARTESIAN_POINT('',(3.361409979438,0.371177142226));
#5956 = CARTESIAN_POINT('',(3.373490667735,0.378797827911));
#5957 = CARTESIAN_POINT('',(3.394044482368,0.3912471786));
#5958 = CARTESIAN_POINT('',(3.402412752156,0.396177682833));
#5959 = CARTESIAN_POINT('',(3.410867707308,0.401020709603));
#5960 = CARTESIAN_POINT('',(3.419408194783,0.405773926093));
#5961 = CARTESIAN_POINT('',(3.428032835869,0.410435092592));
#5962 = CARTESIAN_POINT('',(3.458318686767,0.426320190392));
#5963 = CARTESIAN_POINT('',(3.480405129883,0.437060141548));
#5964 = CARTESIAN_POINT('',(3.502973392916,0.447188715833));
#5965 = CARTESIAN_POINT('',(3.525991861096,0.456678590557));
#5966 = CARTESIAN_POINT('',(3.549423267496,0.465508320467));
#5967 = CARTESIAN_POINT('',(3.599162675109,0.482548307799));
#5968 = CARTESIAN_POINT('',(3.62554161518,0.490632193664));
#5969 = CARTESIAN_POINT('',(3.652307338042,0.497893789923));
#5970 = CARTESIAN_POINT('',(3.679404723613,0.504322230269));
#5971 = CARTESIAN_POINT('',(3.706778704494,0.509912721556));
#5972 = CARTESIAN_POINT('',(3.765695813838,0.520054893365));
#5973 = CARTESIAN_POINT('',(3.797303244069,0.524364580005));
#5974 = CARTESIAN_POINT('',(3.829121675124,0.527590413823));
#5975 = CARTESIAN_POINT('',(3.861077957896,0.529734074666));
#5976 = CARTESIAN_POINT('',(3.893101637655,0.530797759252));
#5977 = CARTESIAN_POINT('',(3.956872418778,0.53076457281));
#5978 = CARTESIAN_POINT('',(3.988618646237,0.529686231843));
#5979 = CARTESIAN_POINT('',(4.020297514831,0.527546399986));
#5980 = CARTESIAN_POINT('',(4.05184035698,0.524342945419));
#5981 = CARTESIAN_POINT('',(4.08317588952,0.520074244845));
#5982 = CARTESIAN_POINT('',(4.142116611241,0.509953988598));
#5983 = CARTESIAN_POINT('',(4.169776440522,0.504308318707));
#5984 = CARTESIAN_POINT('',(4.19715393585,0.497807169523));
#5985 = CARTESIAN_POINT('',(4.224192280934,0.490455475367));
#5986 = CARTESIAN_POINT('',(4.250834626818,0.482264512523));
#5987 = CARTESIAN_POINT('',(4.324681270199,0.456862279299));
#5988 = CARTESIAN_POINT('',(4.370864523192,0.437752252634));
#5989 = CARTESIAN_POINT('',(4.415191491731,0.416063319285));
#5990 = CARTESIAN_POINT('',(4.457417577094,0.392018037159));
#5991 = CARTESIAN_POINT('',(4.497426982096,0.365921597314));
#5992 = CARTESIAN_POINT('',(4.554104261303,0.324192720429));
#5993 = CARTESIAN_POINT('',(4.57245702604,0.309837983143));
#5994 = CARTESIAN_POINT('',(4.590254801427,0.295089094376));
#5995 = CARTESIAN_POINT('',(4.607506817184,0.279983707086));
#5996 = CARTESIAN_POINT('',(4.62422785192,0.264557118014));
#5997 = CARTESIAN_POINT('',(4.680029254616,0.210449320632));
#5998 = CARTESIAN_POINT('',(4.71654471683,0.170346269313));
#5999 = CARTESIAN_POINT('',(4.750291103735,0.128958752648));
#6000 = CARTESIAN_POINT('',(4.781614546069,8.663457243167E-02));
#6001 = CARTESIAN_POINT('',(4.810828386271,4.360729648724E-02));
#6002 = CARTESIAN_POINT('',(4.838222133068,-6.E-07));
#6003 = ( GEOMETRIC_REPRESENTATION_CONTEXT(2) 
PARAMETRIC_REPRESENTATION_CONTEXT() REPRESENTATION_CONTEXT('2D SPACE',''
  ) );
#6004 = ORIENTED_EDGE('',*,*,#1262,.T.);
#6005 = ORIENTED_EDGE('',*,*,#2725,.F.);
#6006 = ORIENTED_EDGE('',*,*,#6007,.T.);
#6007 = EDGE_CURVE('',#2726,#5761,#6008,.T.);
#6008 = SURFACE_CURVE('',#6009,(#6014,#6021),.PCURVE_S1.);
#6009 = CIRCLE('',#6010,0.3);
#6010 = AXIS2_PLACEMENT_3D('',#6011,#6012,#6013);
#6011 = CARTESIAN_POINT('',(2.539842705208,2.539842705208,10.95));
#6012 = DIRECTION('',(-0.128254195209,-0.128254195209,0.983413302138));
#6013 = DIRECTION('',(0.991602623083,3.469446951954E-18,0.129322225065)
  );
#6014 = PCURVE('',#1279,#6015);
#6015 = DEFINITIONAL_REPRESENTATION('',(#6016),#6020);
#6016 = LINE('',#6017,#6018);
#6017 = CARTESIAN_POINT('',(-0.,-0.));
#6018 = VECTOR('',#6019,1.);
#6019 = DIRECTION('',(-1.,-0.));
#6020 = ( GEOMETRIC_REPRESENTATION_CONTEXT(2) 
PARAMETRIC_REPRESENTATION_CONTEXT() REPRESENTATION_CONTEXT('2D SPACE',''
  ) );
#6021 = PCURVE('',#2777,#6022);
#6022 = DEFINITIONAL_REPRESENTATION('',(#6023),#6027);
#6023 = CIRCLE('',#6024,0.3);
#6024 = AXIS2_PLACEMENT_2D('',#6025,#6026);
#6025 = CARTESIAN_POINT('',(0.,0.));
#6026 = DIRECTION('',(1.,0.));
#6027 = ( GEOMETRIC_REPRESENTATION_CONTEXT(2) 
PARAMETRIC_REPRESENTATION_CONTEXT() REPRESENTATION_CONTEXT('2D SPACE',''
  ) );
#6028 = ORIENTED_EDGE('',*,*,#5760,.T.);
#6029 = ORIENTED_EDGE('',*,*,#6030,.F.);
#6030 = EDGE_CURVE('',#6031,#5724,#6033,.T.);
#6031 = VERTEX_POINT('',#6032);
#6032 = CARTESIAN_POINT('',(2.25408456877,2.086995326117,12.55));
#6033 = SURFACE_CURVE('',#6034,(#6039,#6052),.PCURVE_S1.);
#6034 = ELLIPSE('',#6035,0.25817977688,0.253893958396);
#6035 = AXIS2_PLACEMENT_3D('',#6036,#6037,#6038);
#6036 = CARTESIAN_POINT('',(2.332129137489,2.332129137489,12.55));
#6037 = DIRECTION('',(0.,0.,1.));
#6038 = DIRECTION('',(0.707106781187,0.707106781187,-0.));
#6039 = PCURVE('',#1279,#6040);
#6040 = DEFINITIONAL_REPRESENTATION('',(#6041),#6051);
#6041 = B_SPLINE_CURVE_WITH_KNOTS('',8,(#6042,#6043,#6044,#6045,#6046,
    #6047,#6048,#6049,#6050),.UNSPECIFIED.,.F.,.F.,(9,9),(3.625624351612
    ,5.502477740382),.PIECEWISE_BEZIER_KNOTS.);
#6042 = CARTESIAN_POINT('',(-4.405098086503,-1.668190477757));
#6043 = CARTESIAN_POINT('',(-4.640792014777,-1.663078012351));
#6044 = CARTESIAN_POINT('',(-4.876331502219,-1.655358366677));
#6045 = CARTESIAN_POINT('',(-5.111624908063,-1.64546033169));
#6046 = CARTESIAN_POINT('',(-5.346599259104,-1.634118576341));
#6047 = CARTESIAN_POINT('',(-5.581216674914,-1.622298159052));
#6048 = CARTESIAN_POINT('',(-5.815484550669,-1.611030841052));
#6049 = CARTESIAN_POINT('',(-6.049449787953,-1.601205885878));
#6050 = CARTESIAN_POINT('',(-6.28318530718,-1.593473963644));
#6051 = ( GEOMETRIC_REPRESENTATION_CONTEXT(2) 
PARAMETRIC_REPRESENTATION_CONTEXT() REPRESENTATION_CONTEXT('2D SPACE',''
  ) );
#6052 = PCURVE('',#3291,#6053);
#6053 = DEFINITIONAL_REPRESENTATION('',(#6054),#6058);
#6054 = ELLIPSE('',#6055,0.25817977688,0.253893958396);
#6055 = AXIS2_PLACEMENT_2D('',#6056,#6057);
#6056 = CARTESIAN_POINT('',(2.332129137489,2.332129137489));
#6057 = DIRECTION('',(0.707106781187,0.707106781187));
#6058 = ( GEOMETRIC_REPRESENTATION_CONTEXT(2) 
PARAMETRIC_REPRESENTATION_CONTEXT() REPRESENTATION_CONTEXT('2D SPACE',''
  ) );
#6059 = ORIENTED_EDGE('',*,*,#6060,.T.);
#6060 = EDGE_CURVE('',#6031,#6061,#6063,.T.);
#6061 = VERTEX_POINT('',#6062);
#6062 = CARTESIAN_POINT('',(2.287013910375,2.050856920449,12.8));
#6063 = SURFACE_CURVE('',#6064,(#6073,#6085),.PCURVE_S1.);
#6064 = B_SPLINE_CURVE_WITH_KNOTS('',7,(#6065,#6066,#6067,#6068,#6069,
    #6070,#6071,#6072),.UNSPECIFIED.,.F.,.F.,(8,8),(0.,1.),
  .PIECEWISE_BEZIER_KNOTS.);
#6065 = CARTESIAN_POINT('',(2.254084460946,2.086995442573,12.5499994));
#6066 = CARTESIAN_POINT('',(2.260155945621,2.080437862724,
    12.583784988255));
#6067 = CARTESIAN_POINT('',(2.265642680342,2.074467208836,
    12.618552511125));
#6068 = CARTESIAN_POINT('',(2.270654386441,2.068979822012,
    12.654007732384));
#6069 = CARTESIAN_POINT('',(2.275252603516,2.063917712657,
    12.689980193254));
#6070 = CARTESIAN_POINT('',(2.279487912174,2.059232857632,
    12.726346052807));
#6071 = CARTESIAN_POINT('',(2.283397894784,2.054889321905,
    12.763032276333));
#6072 = CARTESIAN_POINT('',(2.287013969064,2.050856855001,12.8000006));
#6073 = PCURVE('',#1279,#6074);
#6074 = DEFINITIONAL_REPRESENTATION('',(#6075),#6084);
#6075 = B_SPLINE_CURVE_WITH_KNOTS('',7,(#6076,#6077,#6078,#6079,#6080,
    #6081,#6082,#6083),.UNSPECIFIED.,.F.,.F.,(8,8),(0.,1.),
  .PIECEWISE_BEZIER_KNOTS.);
#6076 = CARTESIAN_POINT('',(-4.405097334821,-1.668189948237));
#6077 = CARTESIAN_POINT('',(-4.447044340353,-1.701477488894));
#6078 = CARTESIAN_POINT('',(-4.486791052025,-1.735730398029));
#6079 = CARTESIAN_POINT('',(-4.524878984154,-1.770658542295));
#6080 = CARTESIAN_POINT('',(-4.561599737955,-1.806093834955));
#6081 = CARTESIAN_POINT('',(-4.597196023953,-1.841914161191));
#6082 = CARTESIAN_POINT('',(-4.631853458969,-1.878047486418));
#6083 = CARTESIAN_POINT('',(-4.665740330468,-1.914456031771));
#6084 = ( GEOMETRIC_REPRESENTATION_CONTEXT(2) 
PARAMETRIC_REPRESENTATION_CONTEXT() REPRESENTATION_CONTEXT('2D SPACE',''
  ) );
#6085 = PCURVE('',#3244,#6086);
#6086 = DEFINITIONAL_REPRESENTATION('',(#6087),#6096);
#6087 = B_SPLINE_CURVE_WITH_KNOTS('',7,(#6088,#6089,#6090,#6091,#6092,
    #6093,#6094,#6095),.UNSPECIFIED.,.F.,.F.,(8,8),(2.537007004219E-06,
    0.999997681413),.PIECEWISE_BEZIER_KNOTS.);
#6088 = CARTESIAN_POINT('',(-7.030112213246,3.678326203189E-16));
#6089 = CARTESIAN_POINT('',(-7.027203032657,-3.378543915337E-02));
#6090 = CARTESIAN_POINT('',(-7.024563373041,-6.85527996524E-02));
#6091 = CARTESIAN_POINT('',(-7.022144168038,-0.104007850816));
#6092 = CARTESIAN_POINT('',(-7.019917947996,-0.139980136414));
#6093 = CARTESIAN_POINT('',(-7.017862053331,-0.176345817366));
#6094 = CARTESIAN_POINT('',(-7.015959592806,-0.21303185976));
#6095 = CARTESIAN_POINT('',(-7.014196397736,-0.25));
#6096 = ( GEOMETRIC_REPRESENTATION_CONTEXT(2) 
PARAMETRIC_REPRESENTATION_CONTEXT() REPRESENTATION_CONTEXT('2D SPACE',''
  ) );
#6097 = ORIENTED_EDGE('',*,*,#6098,.T.);
#6098 = EDGE_CURVE('',#6061,#5485,#6099,.T.);
#6099 = SURFACE_CURVE('',#6100,(#6105,#6118),.PCURVE_S1.);
#6100 = ELLIPSE('',#6101,0.250853449499,0.246689249021);
#6101 = AXIS2_PLACEMENT_3D('',#6102,#6103,#6104);
#6102 = CARTESIAN_POINT('',(2.299497711492,2.299497711492,12.8));
#6103 = DIRECTION('',(0.,0.,1.));
#6104 = DIRECTION('',(0.707106781187,0.707106781187,-0.));
#6105 = PCURVE('',#1279,#6106);
#6106 = DEFINITIONAL_REPRESENTATION('',(#6107),#6117);
#6107 = B_SPLINE_CURVE_WITH_KNOTS('',8,(#6108,#6109,#6110,#6111,#6112,
    #6113,#6114,#6115,#6116),.UNSPECIFIED.,.F.,.F.,(9,9),(3.885159001605
    ,5.502477740382),.PIECEWISE_BEZIER_KNOTS.);
#6108 = CARTESIAN_POINT('',(-4.665739780511,-1.914455422462));
#6109 = CARTESIAN_POINT('',(-4.868682661139,-1.908228923703));
#6110 = CARTESIAN_POINT('',(-5.071458994576,-1.900438137515));
#6111 = CARTESIAN_POINT('',(-5.274020294253,-1.891470764146));
#6112 = CARTESIAN_POINT('',(-5.476332928379,-1.881850850142));
#6113 = CARTESIAN_POINT('',(-5.678384451739,-1.872188318545));
#6114 = CARTESIAN_POINT('',(-5.880186422609,-1.863098990073));
#6115 = CARTESIAN_POINT('',(-6.081771154415,-1.85511522373));
#6116 = CARTESIAN_POINT('',(-6.28318530718,-1.848641553043));
#6117 = ( GEOMETRIC_REPRESENTATION_CONTEXT(2) 
PARAMETRIC_REPRESENTATION_CONTEXT() REPRESENTATION_CONTEXT('2D SPACE',''
  ) );
#6118 = PCURVE('',#3206,#6119);
#6119 = DEFINITIONAL_REPRESENTATION('',(#6120),#6124);
#6120 = ELLIPSE('',#6121,0.250853449499,0.246689249021);
#6121 = AXIS2_PLACEMENT_2D('',#6122,#6123);
#6122 = CARTESIAN_POINT('',(2.299497711492,2.299497711492));
#6123 = DIRECTION('',(0.707106781187,0.707106781187));
#6124 = ( GEOMETRIC_REPRESENTATION_CONTEXT(2) 
PARAMETRIC_REPRESENTATION_CONTEXT() REPRESENTATION_CONTEXT('2D SPACE',''
  ) );
#6125 = ORIENTED_EDGE('',*,*,#5484,.T.);
#6126 = ORIENTED_EDGE('',*,*,#6127,.F.);
#6127 = EDGE_CURVE('',#5422,#5451,#6128,.T.);
#6128 = SURFACE_CURVE('',#6129,(#6134,#6144),.PCURVE_S1.);
#6129 = ELLIPSE('',#6130,0.203378848075,0.200002732267);
#6130 = AXIS2_PLACEMENT_3D('',#6131,#6132,#6133);
#6131 = CARTESIAN_POINT('',(2.088046071027,2.088046071027,14.42));
#6132 = DIRECTION('',(0.,0.,1.));
#6133 = DIRECTION('',(0.707106781187,0.707106781187,-0.));
#6134 = PCURVE('',#1279,#6135);
#6135 = DEFINITIONAL_REPRESENTATION('',(#6136),#6143);
#6136 = B_SPLINE_CURVE_WITH_KNOTS('',5,(#6137,#6138,#6139,#6140,#6141,
    #6142),.UNSPECIFIED.,.F.,.F.,(6,6),(4.707161901184,5.502477740382),
  .PIECEWISE_BEZIER_KNOTS.);
#6137 = CARTESIAN_POINT('',(-5.489424634971,-3.528526604689));
#6138 = CARTESIAN_POINT('',(-5.648489975825,-3.522659064738));
#6139 = CARTESIAN_POINT('',(-5.807390034807,-3.516785330669));
#6140 = CARTESIAN_POINT('',(-5.966124805962,-3.511215275529));
#6141 = CARTESIAN_POINT('',(-6.12471278142,-3.506257059301));
#6142 = CARTESIAN_POINT('',(-6.28318530718,-3.502127532349));
#6143 = ( GEOMETRIC_REPRESENTATION_CONTEXT(2) 
PARAMETRIC_REPRESENTATION_CONTEXT() REPRESENTATION_CONTEXT('2D SPACE',''
  ) );
#6144 = PCURVE('',#5472,#6145);
#6145 = DEFINITIONAL_REPRESENTATION('',(#6146),#6150);
#6146 = ELLIPSE('',#6147,0.203378848075,0.200002732267);
#6147 = AXIS2_PLACEMENT_2D('',#6148,#6149);
#6148 = CARTESIAN_POINT('',(7.517057775948E-04,7.517057775948E-04));
#6149 = DIRECTION('',(0.707106781187,0.707106781187));
#6150 = ( GEOMETRIC_REPRESENTATION_CONTEXT(2) 
PARAMETRIC_REPRESENTATION_CONTEXT() REPRESENTATION_CONTEXT('2D SPACE',''
  ) );
#6151 = ADVANCED_FACE('',(#6152),#1321,.T.);
#6152 = FACE_BOUND('',#6153,.T.);
#6153 = EDGE_LOOP('',(#6154,#6155));
#6154 = ORIENTED_EDGE('',*,*,#1304,.T.);
#6155 = ORIENTED_EDGE('',*,*,#5807,.F.);
#6156 = ADVANCED_FACE('',(#6157),#1227,.T.);
#6157 = FACE_BOUND('',#6158,.T.);
#6158 = EDGE_LOOP('',(#6159,#6160,#6161,#6162));
#6159 = ORIENTED_EDGE('',*,*,#2587,.T.);
#6160 = ORIENTED_EDGE('',*,*,#2644,.T.);
#6161 = ORIENTED_EDGE('',*,*,#2699,.F.);
#6162 = ORIENTED_EDGE('',*,*,#1212,.F.);
#6163 = ADVANCED_FACE('',(#6164),#2298,.F.);
#6164 = FACE_BOUND('',#6165,.F.);
#6165 = EDGE_LOOP('',(#6166,#6167,#6168));
#6166 = ORIENTED_EDGE('',*,*,#3550,.T.);
#6167 = ORIENTED_EDGE('',*,*,#3326,.T.);
#6168 = ORIENTED_EDGE('',*,*,#2278,.F.);
#6169 = ADVANCED_FACE('',(#6170),#2203,.F.);
#6170 = FACE_BOUND('',#6171,.F.);
#6171 = EDGE_LOOP('',(#6172,#6173));
#6172 = ORIENTED_EDGE('',*,*,#2183,.F.);
#6173 = ORIENTED_EDGE('',*,*,#4642,.T.);
#6174 = ADVANCED_FACE('',(#6175),#2499,.F.);
#6175 = FACE_BOUND('',#6176,.T.);
#6176 = EDGE_LOOP('',(#6177));
#6177 = ORIENTED_EDGE('',*,*,#2484,.F.);
#6178 = ADVANCED_FACE('',(#6179),#2682,.F.);
#6179 = FACE_BOUND('',#6180,.T.);
#6180 = EDGE_LOOP('',(#6181));
#6181 = ORIENTED_EDGE('',*,*,#2667,.F.);
#6182 = ADVANCED_FACE('',(#6183),#2872,.F.);
#6183 = FACE_BOUND('',#6184,.F.);
#6184 = EDGE_LOOP('',(#6185,#6186));
#6185 = ORIENTED_EDGE('',*,*,#2852,.F.);
#6186 = ORIENTED_EDGE('',*,*,#5387,.T.);
#6187 = ADVANCED_FACE('',(#6188),#2777,.F.);
#6188 = FACE_BOUND('',#6189,.F.);
#6189 = EDGE_LOOP('',(#6190,#6191,#6192));
#6190 = ORIENTED_EDGE('',*,*,#6007,.T.);
#6191 = ORIENTED_EDGE('',*,*,#5783,.T.);
#6192 = ORIENTED_EDGE('',*,*,#2757,.F.);
#6193 = ADVANCED_FACE('',(#6194),#3037,.F.);
#6194 = FACE_BOUND('',#6195,.T.);
#6195 = EDGE_LOOP('',(#6196));
#6196 = ORIENTED_EDGE('',*,*,#3022,.F.);
#6197 = ADVANCED_FACE('',(#6198),#3109,.T.);
#6198 = FACE_BOUND('',#6199,.T.);
#6199 = EDGE_LOOP('',(#6200,#6219));
#6200 = ORIENTED_EDGE('',*,*,#6201,.T.);
#6201 = EDGE_CURVE('',#3093,#3091,#6202,.T.);
#6202 = SURFACE_CURVE('',#6203,(#6207,#6213),.PCURVE_S1.);
#6203 = LINE('',#6204,#6205);
#6204 = CARTESIAN_POINT('',(2.087294365249,-2.087294365249,14.42));
#6205 = VECTOR('',#6206,1.);
#6206 = DIRECTION('',(0.707106781187,0.707106781187,-0.));
#6207 = PCURVE('',#3109,#6208);
#6208 = DEFINITIONAL_REPRESENTATION('',(#6209),#6212);
#6209 = B_SPLINE_CURVE_WITH_KNOTS('',1,(#6210,#6211),.UNSPECIFIED.,.F.,
  .F.,(2,2),(-0.280506807249,0.280506807249),.PIECEWISE_BEZIER_KNOTS.);
#6210 = CARTESIAN_POINT('',(-0.196682660428,-0.2));
#6211 = CARTESIAN_POINT('',(0.196682660428,0.2));
#6212 = ( GEOMETRIC_REPRESENTATION_CONTEXT(2) 
PARAMETRIC_REPRESENTATION_CONTEXT() REPRESENTATION_CONTEXT('2D SPACE',''
  ) );
#6213 = PCURVE('',#3141,#6214);
#6214 = DEFINITIONAL_REPRESENTATION('',(#6215),#6218);
#6215 = B_SPLINE_CURVE_WITH_KNOTS('',1,(#6216,#6217),.UNSPECIFIED.,.F.,
  .F.,(2,2),(-0.280506807249,0.280506807249),.PIECEWISE_BEZIER_KNOTS.);
#6216 = CARTESIAN_POINT('',(-0.198348265575,-0.198348265575));
#6217 = CARTESIAN_POINT('',(0.198348265575,0.198348265575));
#6218 = ( GEOMETRIC_REPRESENTATION_CONTEXT(2) 
PARAMETRIC_REPRESENTATION_CONTEXT() REPRESENTATION_CONTEXT('2D SPACE',''
  ) );
#6219 = ORIENTED_EDGE('',*,*,#3090,.T.);
#6220 = ADVANCED_FACE('',(#6221,#6252),#3141,.F.);
#6221 = FACE_BOUND('',#6222,.F.);
#6222 = EDGE_LOOP('',(#6223));
#6223 = ORIENTED_EDGE('',*,*,#6224,.T.);
#6224 = EDGE_CURVE('',#6225,#6225,#6227,.T.);
#6225 = VERTEX_POINT('',#6226);
#6226 = CARTESIAN_POINT('',(2.367294365249,-2.087294365249,14.42));
#6227 = SURFACE_CURVE('',#6228,(#6233,#6240),.PCURVE_S1.);
#6228 = CIRCLE('',#6229,0.28);
#6229 = AXIS2_PLACEMENT_3D('',#6230,#6231,#6232);
#6230 = CARTESIAN_POINT('',(2.087294365249,-2.087294365249,14.42));
#6231 = DIRECTION('',(0.,0.,1.));
#6232 = DIRECTION('',(1.,0.,-0.));
#6233 = PCURVE('',#3141,#6234);
#6234 = DEFINITIONAL_REPRESENTATION('',(#6235),#6239);
#6235 = CIRCLE('',#6236,0.28);
#6236 = AXIS2_PLACEMENT_2D('',#6237,#6238);
#6237 = CARTESIAN_POINT('',(0.,0.));
#6238 = DIRECTION('',(1.,0.));
#6239 = ( GEOMETRIC_REPRESENTATION_CONTEXT(2) 
PARAMETRIC_REPRESENTATION_CONTEXT() REPRESENTATION_CONTEXT('2D SPACE',''
  ) );
#6240 = PCURVE('',#6241,#6246);
#6241 = SPHERICAL_SURFACE('',#6242,0.28);
#6242 = AXIS2_PLACEMENT_3D('',#6243,#6244,#6245);
#6243 = CARTESIAN_POINT('',(2.087294365249,-2.087294365249,14.42));
#6244 = DIRECTION('',(0.,0.,1.));
#6245 = DIRECTION('',(1.,0.,-0.));
#6246 = DEFINITIONAL_REPRESENTATION('',(#6247),#6251);
#6247 = LINE('',#6248,#6249);
#6248 = CARTESIAN_POINT('',(0.,0.));
#6249 = VECTOR('',#6250,1.);
#6250 = DIRECTION('',(1.,0.));
#6251 = ( GEOMETRIC_REPRESENTATION_CONTEXT(2) 
PARAMETRIC_REPRESENTATION_CONTEXT() REPRESENTATION_CONTEXT('2D SPACE',''
  ) );
#6252 = FACE_BOUND('',#6253,.F.);
#6253 = EDGE_LOOP('',(#6254,#6255,#6256));
#6254 = ORIENTED_EDGE('',*,*,#3121,.F.);
#6255 = ORIENTED_EDGE('',*,*,#3840,.F.);
#6256 = ORIENTED_EDGE('',*,*,#6201,.T.);
#6257 = ADVANCED_FACE('',(#6258,#6284),#3206,.T.);
#6258 = FACE_BOUND('',#6259,.T.);
#6259 = EDGE_LOOP('',(#6260));
#6260 = ORIENTED_EDGE('',*,*,#6261,.T.);
#6261 = EDGE_CURVE('',#6262,#6262,#6264,.T.);
#6262 = VERTEX_POINT('',#6263);
#6263 = CARTESIAN_POINT('',(3.53188,0.,12.8));
#6264 = SURFACE_CURVE('',#6265,(#6270,#6277),.PCURVE_S1.);
#6265 = CIRCLE('',#6266,3.53188);
#6266 = AXIS2_PLACEMENT_3D('',#6267,#6268,#6269);
#6267 = CARTESIAN_POINT('',(0.,0.,12.8));
#6268 = DIRECTION('',(0.,0.,1.));
#6269 = DIRECTION('',(1.,0.,0.));
#6270 = PCURVE('',#3206,#6271);
#6271 = DEFINITIONAL_REPRESENTATION('',(#6272),#6276);
#6272 = CIRCLE('',#6273,3.53188);
#6273 = AXIS2_PLACEMENT_2D('',#6274,#6275);
#6274 = CARTESIAN_POINT('',(1.935853047866E-16,-4.365790631274E-16));
#6275 = DIRECTION('',(1.,0.));
#6276 = ( GEOMETRIC_REPRESENTATION_CONTEXT(2) 
PARAMETRIC_REPRESENTATION_CONTEXT() REPRESENTATION_CONTEXT('2D SPACE',''
  ) );
#6277 = PCURVE('',#3680,#6278);
#6278 = DEFINITIONAL_REPRESENTATION('',(#6279),#6283);
#6279 = LINE('',#6280,#6281);
#6280 = CARTESIAN_POINT('',(-0.,-0.25));
#6281 = VECTOR('',#6282,1.);
#6282 = DIRECTION('',(-1.,0.));
#6283 = ( GEOMETRIC_REPRESENTATION_CONTEXT(2) 
PARAMETRIC_REPRESENTATION_CONTEXT() REPRESENTATION_CONTEXT('2D SPACE',''
  ) );
#6284 = FACE_BOUND('',#6285,.T.);
#6285 = EDGE_LOOP('',(#6286,#6312,#6313,#6314,#6336,#6337,#6338,#6360,
    #6361,#6362,#6384,#6385));
#6286 = ORIENTED_EDGE('',*,*,#6287,.T.);
#6287 = EDGE_CURVE('',#6061,#3177,#6288,.T.);
#6288 = SURFACE_CURVE('',#6289,(#6294,#6305),.PCURVE_S1.);
#6289 = CIRCLE('',#6290,3.07188);
#6290 = AXIS2_PLACEMENT_3D('',#6291,#6292,#6293);
#6291 = CARTESIAN_POINT('',(1.672306672652E-14,1.571716797605E-16,12.8)
  );
#6292 = DIRECTION('',(0.,0.,-1.));
#6293 = DIRECTION('',(0.744499755972,0.667622732805,0.));
#6294 = PCURVE('',#3206,#6295);
#6295 = DEFINITIONAL_REPRESENTATION('',(#6296),#6304);
#6296 = ( BOUNDED_CURVE() B_SPLINE_CURVE(2,(#6297,#6298,#6299,#6300,
#6301,#6302,#6303),.UNSPECIFIED.,.T.,.F.) B_SPLINE_CURVE_WITH_KNOTS((1,2
    ,2,2,2,1),(-2.094395102393,0.,2.094395102393,4.188790204786,
6.28318530718,8.377580409573),.UNSPECIFIED.) CURVE() 
GEOMETRIC_REPRESENTATION_ITEM() RATIONAL_B_SPLINE_CURVE((1.,0.5,1.,0.5,
1.,0.5,1.)) REPRESENTATION_ITEM('') );
#6297 = CARTESIAN_POINT('',(2.287013910375,2.050856920449));
#6298 = CARTESIAN_POINT('',(5.839202295646,-1.910367369937));
#6299 = CARTESIAN_POINT('',(0.632587237448,-3.006040605417));
#6300 = CARTESIAN_POINT('',(-4.574027820749,-4.101713840898));
#6301 = CARTESIAN_POINT('',(-2.919601147823,0.955183684969));
#6302 = CARTESIAN_POINT('',(-1.265174474897,6.012081210835));
#6303 = CARTESIAN_POINT('',(2.287013910375,2.050856920449));
#6304 = ( GEOMETRIC_REPRESENTATION_CONTEXT(2) 
PARAMETRIC_REPRESENTATION_CONTEXT() REPRESENTATION_CONTEXT('2D SPACE',''
  ) );
#6305 = PCURVE('',#3244,#6306);
#6306 = DEFINITIONAL_REPRESENTATION('',(#6307),#6311);
#6307 = LINE('',#6308,#6309);
#6308 = CARTESIAN_POINT('',(-7.014196397736,-0.25));
#6309 = VECTOR('',#6310,1.);
#6310 = DIRECTION('',(1.,-0.));
#6311 = ( GEOMETRIC_REPRESENTATION_CONTEXT(2) 
PARAMETRIC_REPRESENTATION_CONTEXT() REPRESENTATION_CONTEXT('2D SPACE',''
  ) );
#6312 = ORIENTED_EDGE('',*,*,#3176,.F.);
#6313 = ORIENTED_EDGE('',*,*,#3804,.F.);
#6314 = ORIENTED_EDGE('',*,*,#6315,.F.);
#6315 = EDGE_CURVE('',#4274,#3762,#6316,.T.);
#6316 = SURFACE_CURVE('',#6317,(#6322,#6329),.PCURVE_S1.);
#6317 = CIRCLE('',#6318,3.07188);
#6318 = AXIS2_PLACEMENT_3D('',#6319,#6320,#6321);
#6319 = CARTESIAN_POINT('',(1.672306672652E-14,1.571716797605E-16,12.8)
  );
#6320 = DIRECTION('',(0.,0.,1.));
#6321 = DIRECTION('',(1.,0.,0.));
#6322 = PCURVE('',#3206,#6323);
#6323 = DEFINITIONAL_REPRESENTATION('',(#6324),#6328);
#6324 = CIRCLE('',#6325,3.07188);
#6325 = AXIS2_PLACEMENT_2D('',#6326,#6327);
#6326 = CARTESIAN_POINT('',(1.691665203131E-14,-2.794073833669E-16));
#6327 = DIRECTION('',(1.,0.));
#6328 = ( GEOMETRIC_REPRESENTATION_CONTEXT(2) 
PARAMETRIC_REPRESENTATION_CONTEXT() REPRESENTATION_CONTEXT('2D SPACE',''
  ) );
#6329 = PCURVE('',#3787,#6330);
#6330 = DEFINITIONAL_REPRESENTATION('',(#6331),#6335);
#6331 = LINE('',#6332,#6333);
#6332 = CARTESIAN_POINT('',(-0.,-0.25));
#6333 = VECTOR('',#6334,1.);
#6334 = DIRECTION('',(-1.,0.));
#6335 = ( GEOMETRIC_REPRESENTATION_CONTEXT(2) 
PARAMETRIC_REPRESENTATION_CONTEXT() REPRESENTATION_CONTEXT('2D SPACE',''
  ) );
#6336 = ORIENTED_EDGE('',*,*,#4273,.F.);
#6337 = ORIENTED_EDGE('',*,*,#4126,.F.);
#6338 = ORIENTED_EDGE('',*,*,#6339,.F.);
#6339 = EDGE_CURVE('',#5134,#4084,#6340,.T.);
#6340 = SURFACE_CURVE('',#6341,(#6346,#6353),.PCURVE_S1.);
#6341 = CIRCLE('',#6342,3.07188);
#6342 = AXIS2_PLACEMENT_3D('',#6343,#6344,#6345);
#6343 = CARTESIAN_POINT('',(1.672306672652E-14,1.571716797605E-16,12.8)
  );
#6344 = DIRECTION('',(0.,0.,1.));
#6345 = DIRECTION('',(1.,0.,0.));
#6346 = PCURVE('',#3206,#6347);
#6347 = DEFINITIONAL_REPRESENTATION('',(#6348),#6352);
#6348 = CIRCLE('',#6349,3.07188);
#6349 = AXIS2_PLACEMENT_2D('',#6350,#6351);
#6350 = CARTESIAN_POINT('',(1.691665203131E-14,-2.794073833669E-16));
#6351 = DIRECTION('',(1.,0.));
#6352 = ( GEOMETRIC_REPRESENTATION_CONTEXT(2) 
PARAMETRIC_REPRESENTATION_CONTEXT() REPRESENTATION_CONTEXT('2D SPACE',''
  ) );
#6353 = PCURVE('',#4109,#6354);
#6354 = DEFINITIONAL_REPRESENTATION('',(#6355),#6359);
#6355 = LINE('',#6356,#6357);
#6356 = CARTESIAN_POINT('',(-0.,-0.25));
#6357 = VECTOR('',#6358,1.);
#6358 = DIRECTION('',(-1.,0.));
#6359 = ( GEOMETRIC_REPRESENTATION_CONTEXT(2) 
PARAMETRIC_REPRESENTATION_CONTEXT() REPRESENTATION_CONTEXT('2D SPACE',''
  ) );
#6360 = ORIENTED_EDGE('',*,*,#5133,.F.);
#6361 = ORIENTED_EDGE('',*,*,#4986,.F.);
#6362 = ORIENTED_EDGE('',*,*,#6363,.F.);
#6363 = EDGE_CURVE('',#5508,#4944,#6364,.T.);
#6364 = SURFACE_CURVE('',#6365,(#6370,#6377),.PCURVE_S1.);
#6365 = CIRCLE('',#6366,3.07188);
#6366 = AXIS2_PLACEMENT_3D('',#6367,#6368,#6369);
#6367 = CARTESIAN_POINT('',(1.672306672652E-14,1.571716797605E-16,12.8)
  );
#6368 = DIRECTION('',(0.,0.,1.));
#6369 = DIRECTION('',(1.,0.,0.));
#6370 = PCURVE('',#3206,#6371);
#6371 = DEFINITIONAL_REPRESENTATION('',(#6372),#6376);
#6372 = CIRCLE('',#6373,3.07188);
#6373 = AXIS2_PLACEMENT_2D('',#6374,#6375);
#6374 = CARTESIAN_POINT('',(1.691665203131E-14,-2.794073833669E-16));
#6375 = DIRECTION('',(1.,0.));
#6376 = ( GEOMETRIC_REPRESENTATION_CONTEXT(2) 
PARAMETRIC_REPRESENTATION_CONTEXT() REPRESENTATION_CONTEXT('2D SPACE',''
  ) );
#6377 = PCURVE('',#4969,#6378);
#6378 = DEFINITIONAL_REPRESENTATION('',(#6379),#6383);
#6379 = LINE('',#6380,#6381);
#6380 = CARTESIAN_POINT('',(-0.,-0.25));
#6381 = VECTOR('',#6382,1.);
#6382 = DIRECTION('',(-1.,0.));
#6383 = ( GEOMETRIC_REPRESENTATION_CONTEXT(2) 
PARAMETRIC_REPRESENTATION_CONTEXT() REPRESENTATION_CONTEXT('2D SPACE',''
  ) );
#6384 = ORIENTED_EDGE('',*,*,#5507,.F.);
#6385 = ORIENTED_EDGE('',*,*,#6098,.F.);
#6386 = ADVANCED_FACE('',(#6387),#3787,.F.);
#6387 = FACE_BOUND('',#6388,.T.);
#6388 = EDGE_LOOP('',(#6389,#6390,#6412,#6413));
#6389 = ORIENTED_EDGE('',*,*,#3761,.F.);
#6390 = ORIENTED_EDGE('',*,*,#6391,.F.);
#6391 = EDGE_CURVE('',#4311,#3720,#6392,.T.);
#6392 = SURFACE_CURVE('',#6393,(#6398,#6405),.PCURVE_S1.);
#6393 = CIRCLE('',#6394,3.07188);
#6394 = AXIS2_PLACEMENT_3D('',#6395,#6396,#6397);
#6395 = CARTESIAN_POINT('',(1.672306672652E-14,1.571716797605E-16,12.55)
  );
#6396 = DIRECTION('',(0.,0.,1.));
#6397 = DIRECTION('',(1.,0.,0.));
#6398 = PCURVE('',#3787,#6399);
#6399 = DEFINITIONAL_REPRESENTATION('',(#6400),#6404);
#6400 = LINE('',#6401,#6402);
#6401 = CARTESIAN_POINT('',(-0.,0.));
#6402 = VECTOR('',#6403,1.);
#6403 = DIRECTION('',(-1.,0.));
#6404 = ( GEOMETRIC_REPRESENTATION_CONTEXT(2) 
PARAMETRIC_REPRESENTATION_CONTEXT() REPRESENTATION_CONTEXT('2D SPACE',''
  ) );
#6405 = PCURVE('',#3749,#6406);
#6406 = DEFINITIONAL_REPRESENTATION('',(#6407),#6411);
#6407 = CIRCLE('',#6408,3.07188);
#6408 = AXIS2_PLACEMENT_2D('',#6409,#6410);
#6409 = CARTESIAN_POINT('',(1.691665203131E-14,-2.794073833669E-16));
#6410 = DIRECTION('',(1.,0.));
#6411 = ( GEOMETRIC_REPRESENTATION_CONTEXT(2) 
PARAMETRIC_REPRESENTATION_CONTEXT() REPRESENTATION_CONTEXT('2D SPACE',''
  ) );
#6412 = ORIENTED_EDGE('',*,*,#4310,.F.);
#6413 = ORIENTED_EDGE('',*,*,#6315,.T.);
#6414 = ADVANCED_FACE('',(#6415),#3749,.F.);
#6415 = FACE_BOUND('',#6416,.F.);
#6416 = EDGE_LOOP('',(#6417,#6439,#6440,#6441,#6442));
#6417 = ORIENTED_EDGE('',*,*,#6418,.T.);
#6418 = EDGE_CURVE('',#3901,#3611,#6419,.T.);
#6419 = SURFACE_CURVE('',#6420,(#6425,#6432),.PCURVE_S1.);
#6420 = CIRCLE('',#6421,3.53188);
#6421 = AXIS2_PLACEMENT_3D('',#6422,#6423,#6424);
#6422 = CARTESIAN_POINT('',(0.,0.,12.55));
#6423 = DIRECTION('',(0.,0.,1.));
#6424 = DIRECTION('',(1.,0.,0.));
#6425 = PCURVE('',#3749,#6426);
#6426 = DEFINITIONAL_REPRESENTATION('',(#6427),#6431);
#6427 = CIRCLE('',#6428,3.53188);
#6428 = AXIS2_PLACEMENT_2D('',#6429,#6430);
#6429 = CARTESIAN_POINT('',(1.935853047866E-16,-4.365790631274E-16));
#6430 = DIRECTION('',(1.,0.));
#6431 = ( GEOMETRIC_REPRESENTATION_CONTEXT(2) 
PARAMETRIC_REPRESENTATION_CONTEXT() REPRESENTATION_CONTEXT('2D SPACE',''
  ) );
#6432 = PCURVE('',#3680,#6433);
#6433 = DEFINITIONAL_REPRESENTATION('',(#6434),#6438);
#6434 = LINE('',#6435,#6436);
#6435 = CARTESIAN_POINT('',(-0.,0.));
#6436 = VECTOR('',#6437,1.);
#6437 = DIRECTION('',(-1.,0.));
#6438 = ( GEOMETRIC_REPRESENTATION_CONTEXT(2) 
PARAMETRIC_REPRESENTATION_CONTEXT() REPRESENTATION_CONTEXT('2D SPACE',''
  ) );
#6439 = ORIENTED_EDGE('',*,*,#3719,.F.);
#6440 = ORIENTED_EDGE('',*,*,#6391,.F.);
#6441 = ORIENTED_EDGE('',*,*,#4348,.F.);
#6442 = ORIENTED_EDGE('',*,*,#3900,.F.);
#6443 = ADVANCED_FACE('',(#6444),#3680,.T.);
#6444 = FACE_BOUND('',#6445,.F.);
#6445 = EDGE_LOOP('',(#6446,#6470,#6491,#6492,#6493,#6515,#6516,#6517,
    #6518,#6540,#6541,#6563));
#6446 = ORIENTED_EDGE('',*,*,#6447,.F.);
#6447 = EDGE_CURVE('',#6448,#5620,#6450,.T.);
#6448 = VERTEX_POINT('',#6449);
#6449 = CARTESIAN_POINT('',(3.53188,0.,12.55));
#6450 = SURFACE_CURVE('',#6451,(#6456,#6463),.PCURVE_S1.);
#6451 = CIRCLE('',#6452,3.53188);
#6452 = AXIS2_PLACEMENT_3D('',#6453,#6454,#6455);
#6453 = CARTESIAN_POINT('',(0.,0.,12.55));
#6454 = DIRECTION('',(0.,0.,1.));
#6455 = DIRECTION('',(1.,0.,0.));
#6456 = PCURVE('',#3680,#6457);
#6457 = DEFINITIONAL_REPRESENTATION('',(#6458),#6462);
#6458 = LINE('',#6459,#6460);
#6459 = CARTESIAN_POINT('',(-0.,0.));
#6460 = VECTOR('',#6461,1.);
#6461 = DIRECTION('',(-1.,0.));
#6462 = ( GEOMETRIC_REPRESENTATION_CONTEXT(2) 
PARAMETRIC_REPRESENTATION_CONTEXT() REPRESENTATION_CONTEXT('2D SPACE',''
  ) );
#6463 = PCURVE('',#3291,#6464);
#6464 = DEFINITIONAL_REPRESENTATION('',(#6465),#6469);
#6465 = CIRCLE('',#6466,3.53188);
#6466 = AXIS2_PLACEMENT_2D('',#6467,#6468);
#6467 = CARTESIAN_POINT('',(1.935853047866E-16,-4.365790631274E-16));
#6468 = DIRECTION('',(1.,0.));
#6469 = ( GEOMETRIC_REPRESENTATION_CONTEXT(2) 
PARAMETRIC_REPRESENTATION_CONTEXT() REPRESENTATION_CONTEXT('2D SPACE',''
  ) );
#6470 = ORIENTED_EDGE('',*,*,#6471,.T.);
#6471 = EDGE_CURVE('',#6448,#6262,#6472,.T.);
#6472 = SEAM_CURVE('',#6473,(#6477,#6484),.PCURVE_S1.);
#6473 = LINE('',#6474,#6475);
#6474 = CARTESIAN_POINT('',(3.53188,0.,12.55));
#6475 = VECTOR('',#6476,1.);
#6476 = DIRECTION('',(0.,0.,1.));
#6477 = PCURVE('',#3680,#6478);
#6478 = DEFINITIONAL_REPRESENTATION('',(#6479),#6483);
#6479 = LINE('',#6480,#6481);
#6480 = CARTESIAN_POINT('',(-6.28318530718,0.));
#6481 = VECTOR('',#6482,1.);
#6482 = DIRECTION('',(-0.,-1.));
#6483 = ( GEOMETRIC_REPRESENTATION_CONTEXT(2) 
PARAMETRIC_REPRESENTATION_CONTEXT() REPRESENTATION_CONTEXT('2D SPACE',''
  ) );
#6484 = PCURVE('',#3680,#6485);
#6485 = DEFINITIONAL_REPRESENTATION('',(#6486),#6490);
#6486 = LINE('',#6487,#6488);
#6487 = CARTESIAN_POINT('',(-0.,0.));
#6488 = VECTOR('',#6489,1.);
#6489 = DIRECTION('',(-0.,-1.));
#6490 = ( GEOMETRIC_REPRESENTATION_CONTEXT(2) 
PARAMETRIC_REPRESENTATION_CONTEXT() REPRESENTATION_CONTEXT('2D SPACE',''
  ) );
#6491 = ORIENTED_EDGE('',*,*,#6261,.T.);
#6492 = ORIENTED_EDGE('',*,*,#6471,.F.);
#6493 = ORIENTED_EDGE('',*,*,#6494,.F.);
#6494 = EDGE_CURVE('',#3574,#6448,#6495,.T.);
#6495 = SURFACE_CURVE('',#6496,(#6501,#6508),.PCURVE_S1.);
#6496 = CIRCLE('',#6497,3.53188);
#6497 = AXIS2_PLACEMENT_3D('',#6498,#6499,#6500);
#6498 = CARTESIAN_POINT('',(0.,0.,12.55));
#6499 = DIRECTION('',(0.,0.,1.));
#6500 = DIRECTION('',(1.,0.,0.));
#6501 = PCURVE('',#3680,#6502);
#6502 = DEFINITIONAL_REPRESENTATION('',(#6503),#6507);
#6503 = LINE('',#6504,#6505);
#6504 = CARTESIAN_POINT('',(-0.,0.));
#6505 = VECTOR('',#6506,1.);
#6506 = DIRECTION('',(-1.,0.));
#6507 = ( GEOMETRIC_REPRESENTATION_CONTEXT(2) 
PARAMETRIC_REPRESENTATION_CONTEXT() REPRESENTATION_CONTEXT('2D SPACE',''
  ) );
#6508 = PCURVE('',#3291,#6509);
#6509 = DEFINITIONAL_REPRESENTATION('',(#6510),#6514);
#6510 = CIRCLE('',#6511,3.53188);
#6511 = AXIS2_PLACEMENT_2D('',#6512,#6513);
#6512 = CARTESIAN_POINT('',(1.935853047866E-16,-4.365790631274E-16));
#6513 = DIRECTION('',(1.,0.));
#6514 = ( GEOMETRIC_REPRESENTATION_CONTEXT(2) 
PARAMETRIC_REPRESENTATION_CONTEXT() REPRESENTATION_CONTEXT('2D SPACE',''
  ) );
#6515 = ORIENTED_EDGE('',*,*,#3610,.F.);
#6516 = ORIENTED_EDGE('',*,*,#6418,.F.);
#6517 = ORIENTED_EDGE('',*,*,#3937,.F.);
#6518 = ORIENTED_EDGE('',*,*,#6519,.F.);
#6519 = EDGE_CURVE('',#5209,#3938,#6520,.T.);
#6520 = SURFACE_CURVE('',#6521,(#6526,#6533),.PCURVE_S1.);
#6521 = CIRCLE('',#6522,3.53188);
#6522 = AXIS2_PLACEMENT_3D('',#6523,#6524,#6525);
#6523 = CARTESIAN_POINT('',(0.,0.,12.55));
#6524 = DIRECTION('',(0.,0.,1.));
#6525 = DIRECTION('',(1.,0.,0.));
#6526 = PCURVE('',#3680,#6527);
#6527 = DEFINITIONAL_REPRESENTATION('',(#6528),#6532);
#6528 = LINE('',#6529,#6530);
#6529 = CARTESIAN_POINT('',(-0.,0.));
#6530 = VECTOR('',#6531,1.);
#6531 = DIRECTION('',(-1.,0.));
#6532 = ( GEOMETRIC_REPRESENTATION_CONTEXT(2) 
PARAMETRIC_REPRESENTATION_CONTEXT() REPRESENTATION_CONTEXT('2D SPACE',''
  ) );
#6533 = PCURVE('',#4071,#6534);
#6534 = DEFINITIONAL_REPRESENTATION('',(#6535),#6539);
#6535 = CIRCLE('',#6536,3.53188);
#6536 = AXIS2_PLACEMENT_2D('',#6537,#6538);
#6537 = CARTESIAN_POINT('',(1.935853047866E-16,-4.365790631274E-16));
#6538 = DIRECTION('',(1.,0.));
#6539 = ( GEOMETRIC_REPRESENTATION_CONTEXT(2) 
PARAMETRIC_REPRESENTATION_CONTEXT() REPRESENTATION_CONTEXT('2D SPACE',''
  ) );
#6540 = ORIENTED_EDGE('',*,*,#5245,.F.);
#6541 = ORIENTED_EDGE('',*,*,#6542,.F.);
#6542 = EDGE_CURVE('',#5583,#5246,#6543,.T.);
#6543 = SURFACE_CURVE('',#6544,(#6549,#6556),.PCURVE_S1.);
#6544 = CIRCLE('',#6545,3.53188);
#6545 = AXIS2_PLACEMENT_3D('',#6546,#6547,#6548);
#6546 = CARTESIAN_POINT('',(0.,0.,12.55));
#6547 = DIRECTION('',(0.,0.,1.));
#6548 = DIRECTION('',(1.,0.,0.));
#6549 = PCURVE('',#3680,#6550);
#6550 = DEFINITIONAL_REPRESENTATION('',(#6551),#6555);
#6551 = LINE('',#6552,#6553);
#6552 = CARTESIAN_POINT('',(-0.,0.));
#6553 = VECTOR('',#6554,1.);
#6554 = DIRECTION('',(-1.,0.));
#6555 = ( GEOMETRIC_REPRESENTATION_CONTEXT(2) 
PARAMETRIC_REPRESENTATION_CONTEXT() REPRESENTATION_CONTEXT('2D SPACE',''
  ) );
#6556 = PCURVE('',#4931,#6557);
#6557 = DEFINITIONAL_REPRESENTATION('',(#6558),#6562);
#6558 = CIRCLE('',#6559,3.53188);
#6559 = AXIS2_PLACEMENT_2D('',#6560,#6561);
#6560 = CARTESIAN_POINT('',(1.935853047866E-16,-4.365790631274E-16));
#6561 = DIRECTION('',(1.,0.));
#6562 = ( GEOMETRIC_REPRESENTATION_CONTEXT(2) 
PARAMETRIC_REPRESENTATION_CONTEXT() REPRESENTATION_CONTEXT('2D SPACE',''
  ) );
#6563 = ORIENTED_EDGE('',*,*,#5619,.F.);
#6564 = ADVANCED_FACE('',(#6565),#3291,.F.);
#6565 = FACE_BOUND('',#6566,.F.);
#6566 = EDGE_LOOP('',(#6567,#6568,#6569,#6570,#6571,#6593,#6594));
#6567 = ORIENTED_EDGE('',*,*,#6494,.T.);
#6568 = ORIENTED_EDGE('',*,*,#6447,.T.);
#6569 = ORIENTED_EDGE('',*,*,#5723,.F.);
#6570 = ORIENTED_EDGE('',*,*,#6030,.F.);
#6571 = ORIENTED_EDGE('',*,*,#6572,.F.);
#6572 = EDGE_CURVE('',#3219,#6031,#6573,.T.);
#6573 = SURFACE_CURVE('',#6574,(#6579,#6586),.PCURVE_S1.);
#6574 = CIRCLE('',#6575,3.07188);
#6575 = AXIS2_PLACEMENT_3D('',#6576,#6577,#6578);
#6576 = CARTESIAN_POINT('',(1.672306672652E-14,1.571716797605E-16,12.55)
  );
#6577 = DIRECTION('',(0.,0.,1.));
#6578 = DIRECTION('',(0.733780150517,-0.679386996275,0.));
#6579 = PCURVE('',#3291,#6580);
#6580 = DEFINITIONAL_REPRESENTATION('',(#6581),#6585);
#6581 = CIRCLE('',#6582,3.07188);
#6582 = AXIS2_PLACEMENT_2D('',#6583,#6584);
#6583 = CARTESIAN_POINT('',(1.691665203131E-14,-2.794073833669E-16));
#6584 = DIRECTION('',(0.733780150517,-0.679386996275));
#6585 = ( GEOMETRIC_REPRESENTATION_CONTEXT(2) 
PARAMETRIC_REPRESENTATION_CONTEXT() REPRESENTATION_CONTEXT('2D SPACE',''
  ) );
#6586 = PCURVE('',#3244,#6587);
#6587 = DEFINITIONAL_REPRESENTATION('',(#6588),#6592);
#6588 = LINE('',#6589,#6590);
#6589 = CARTESIAN_POINT('',(-5.536258401113,0.));
#6590 = VECTOR('',#6591,1.);
#6591 = DIRECTION('',(-1.,0.));
#6592 = ( GEOMETRIC_REPRESENTATION_CONTEXT(2) 
PARAMETRIC_REPRESENTATION_CONTEXT() REPRESENTATION_CONTEXT('2D SPACE',''
  ) );
#6593 = ORIENTED_EDGE('',*,*,#3261,.F.);
#6594 = ORIENTED_EDGE('',*,*,#3573,.F.);
#6595 = ADVANCED_FACE('',(#6596),#3244,.F.);
#6596 = FACE_BOUND('',#6597,.T.);
#6597 = EDGE_LOOP('',(#6598,#6599,#6600,#6601));
#6598 = ORIENTED_EDGE('',*,*,#6287,.F.);
#6599 = ORIENTED_EDGE('',*,*,#6060,.F.);
#6600 = ORIENTED_EDGE('',*,*,#6572,.F.);
#6601 = ORIENTED_EDGE('',*,*,#3218,.F.);
#6602 = ADVANCED_FACE('',(#6603),#4203,.T.);
#6603 = FACE_BOUND('',#6604,.T.);
#6604 = EDGE_LOOP('',(#6605,#6606,#6607));
#6605 = ORIENTED_EDGE('',*,*,#4186,.T.);
#6606 = ORIENTED_EDGE('',*,*,#4250,.T.);
#6607 = ORIENTED_EDGE('',*,*,#6608,.T.);
#6608 = EDGE_CURVE('',#4216,#4187,#6609,.T.);
#6609 = SURFACE_CURVE('',#6610,(#6614,#6620),.PCURVE_S1.);
#6610 = LINE('',#6611,#6612);
#6611 = CARTESIAN_POINT('',(-2.087294365249,-2.087294365249,14.42));
#6612 = VECTOR('',#6613,1.);
#6613 = DIRECTION('',(0.707106781187,-0.707106781187,0.));
#6614 = PCURVE('',#4203,#6615);
#6615 = DEFINITIONAL_REPRESENTATION('',(#6616),#6619);
#6616 = B_SPLINE_CURVE_WITH_KNOTS('',1,(#6617,#6618),.UNSPECIFIED.,.F.,
  .F.,(2,2),(-0.280506807249,0.280506807249),.PIECEWISE_BEZIER_KNOTS.);
#6617 = CARTESIAN_POINT('',(-0.196682660428,0.2));
#6618 = CARTESIAN_POINT('',(0.196682660428,-0.2));
#6619 = ( GEOMETRIC_REPRESENTATION_CONTEXT(2) 
PARAMETRIC_REPRESENTATION_CONTEXT() REPRESENTATION_CONTEXT('2D SPACE',''
  ) );
#6620 = PCURVE('',#4238,#6621);
#6621 = DEFINITIONAL_REPRESENTATION('',(#6622),#6625);
#6622 = B_SPLINE_CURVE_WITH_KNOTS('',1,(#6623,#6624),.UNSPECIFIED.,.F.,
  .F.,(2,2),(-0.280506807249,0.280506807249),.PIECEWISE_BEZIER_KNOTS.);
#6623 = CARTESIAN_POINT('',(-0.198348265575,0.198348265575));
#6624 = CARTESIAN_POINT('',(0.198348265575,-0.198348265575));
#6625 = ( GEOMETRIC_REPRESENTATION_CONTEXT(2) 
PARAMETRIC_REPRESENTATION_CONTEXT() REPRESENTATION_CONTEXT('2D SPACE',''
  ) );
#6626 = ADVANCED_FACE('',(#6627,#6658),#4238,.F.);
#6627 = FACE_BOUND('',#6628,.F.);
#6628 = EDGE_LOOP('',(#6629));
#6629 = ORIENTED_EDGE('',*,*,#6630,.T.);
#6630 = EDGE_CURVE('',#6631,#6631,#6633,.T.);
#6631 = VERTEX_POINT('',#6632);
#6632 = CARTESIAN_POINT('',(-1.807294365249,-2.087294365249,14.42));
#6633 = SURFACE_CURVE('',#6634,(#6639,#6646),.PCURVE_S1.);
#6634 = CIRCLE('',#6635,0.28);
#6635 = AXIS2_PLACEMENT_3D('',#6636,#6637,#6638);
#6636 = CARTESIAN_POINT('',(-2.087294365249,-2.087294365249,14.42));
#6637 = DIRECTION('',(0.,0.,1.));
#6638 = DIRECTION('',(1.,0.,-0.));
#6639 = PCURVE('',#4238,#6640);
#6640 = DEFINITIONAL_REPRESENTATION('',(#6641),#6645);
#6641 = CIRCLE('',#6642,0.28);
#6642 = AXIS2_PLACEMENT_2D('',#6643,#6644);
#6643 = CARTESIAN_POINT('',(0.,0.));
#6644 = DIRECTION('',(1.,0.));
#6645 = ( GEOMETRIC_REPRESENTATION_CONTEXT(2) 
PARAMETRIC_REPRESENTATION_CONTEXT() REPRESENTATION_CONTEXT('2D SPACE',''
  ) );
#6646 = PCURVE('',#6647,#6652);
#6647 = SPHERICAL_SURFACE('',#6648,0.28);
#6648 = AXIS2_PLACEMENT_3D('',#6649,#6650,#6651);
#6649 = CARTESIAN_POINT('',(-2.087294365249,-2.087294365249,14.42));
#6650 = DIRECTION('',(0.,0.,1.));
#6651 = DIRECTION('',(1.,0.,-0.));
#6652 = DEFINITIONAL_REPRESENTATION('',(#6653),#6657);
#6653 = LINE('',#6654,#6655);
#6654 = CARTESIAN_POINT('',(0.,0.));
#6655 = VECTOR('',#6656,1.);
#6656 = DIRECTION('',(1.,0.));
#6657 = ( GEOMETRIC_REPRESENTATION_CONTEXT(2) 
PARAMETRIC_REPRESENTATION_CONTEXT() REPRESENTATION_CONTEXT('2D SPACE',''
  ) );
#6658 = FACE_BOUND('',#6659,.F.);
#6659 = EDGE_LOOP('',(#6660,#6661));
#6660 = ORIENTED_EDGE('',*,*,#4215,.F.);
#6661 = ORIENTED_EDGE('',*,*,#6608,.T.);
#6662 = ADVANCED_FACE('',(#6663),#4109,.F.);
#6663 = FACE_BOUND('',#6664,.T.);
#6664 = EDGE_LOOP('',(#6665,#6687,#6688,#6689));
#6665 = ORIENTED_EDGE('',*,*,#6666,.F.);
#6666 = EDGE_CURVE('',#5171,#4042,#6667,.T.);
#6667 = SURFACE_CURVE('',#6668,(#6673,#6680),.PCURVE_S1.);
#6668 = CIRCLE('',#6669,3.07188);
#6669 = AXIS2_PLACEMENT_3D('',#6670,#6671,#6672);
#6670 = CARTESIAN_POINT('',(1.672306672652E-14,1.571716797605E-16,12.55)
  );
#6671 = DIRECTION('',(0.,0.,1.));
#6672 = DIRECTION('',(1.,0.,0.));
#6673 = PCURVE('',#4109,#6674);
#6674 = DEFINITIONAL_REPRESENTATION('',(#6675),#6679);
#6675 = LINE('',#6676,#6677);
#6676 = CARTESIAN_POINT('',(-0.,0.));
#6677 = VECTOR('',#6678,1.);
#6678 = DIRECTION('',(-1.,0.));
#6679 = ( GEOMETRIC_REPRESENTATION_CONTEXT(2) 
PARAMETRIC_REPRESENTATION_CONTEXT() REPRESENTATION_CONTEXT('2D SPACE',''
  ) );
#6680 = PCURVE('',#4071,#6681);
#6681 = DEFINITIONAL_REPRESENTATION('',(#6682),#6686);
#6682 = CIRCLE('',#6683,3.07188);
#6683 = AXIS2_PLACEMENT_2D('',#6684,#6685);
#6684 = CARTESIAN_POINT('',(1.691665203131E-14,-2.794073833669E-16));
#6685 = DIRECTION('',(1.,0.));
#6686 = ( GEOMETRIC_REPRESENTATION_CONTEXT(2) 
PARAMETRIC_REPRESENTATION_CONTEXT() REPRESENTATION_CONTEXT('2D SPACE',''
  ) );
#6687 = ORIENTED_EDGE('',*,*,#5170,.F.);
#6688 = ORIENTED_EDGE('',*,*,#6339,.T.);
#6689 = ORIENTED_EDGE('',*,*,#4083,.F.);
#6690 = ADVANCED_FACE('',(#6691),#4071,.F.);
#6691 = FACE_BOUND('',#6692,.F.);
#6692 = EDGE_LOOP('',(#6693,#6694,#6695,#6696));
#6693 = ORIENTED_EDGE('',*,*,#5208,.F.);
#6694 = ORIENTED_EDGE('',*,*,#6519,.T.);
#6695 = ORIENTED_EDGE('',*,*,#4041,.F.);
#6696 = ORIENTED_EDGE('',*,*,#6666,.F.);
#6697 = ADVANCED_FACE('',(#6698),#4931,.F.);
#6698 = FACE_BOUND('',#6699,.F.);
#6699 = EDGE_LOOP('',(#6700,#6701,#6702,#6703,#6704));
#6700 = ORIENTED_EDGE('',*,*,#5582,.F.);
#6701 = ORIENTED_EDGE('',*,*,#6542,.T.);
#6702 = ORIENTED_EDGE('',*,*,#5349,.F.);
#6703 = ORIENTED_EDGE('',*,*,#4901,.F.);
#6704 = ORIENTED_EDGE('',*,*,#6705,.F.);
#6705 = EDGE_CURVE('',#5545,#4902,#6706,.T.);
#6706 = SURFACE_CURVE('',#6707,(#6712,#6719),.PCURVE_S1.);
#6707 = CIRCLE('',#6708,3.07188);
#6708 = AXIS2_PLACEMENT_3D('',#6709,#6710,#6711);
#6709 = CARTESIAN_POINT('',(1.672306672652E-14,1.571716797605E-16,12.55)
  );
#6710 = DIRECTION('',(0.,0.,1.));
#6711 = DIRECTION('',(1.,0.,0.));
#6712 = PCURVE('',#4931,#6713);
#6713 = DEFINITIONAL_REPRESENTATION('',(#6714),#6718);
#6714 = CIRCLE('',#6715,3.07188);
#6715 = AXIS2_PLACEMENT_2D('',#6716,#6717);
#6716 = CARTESIAN_POINT('',(1.691665203131E-14,-2.794073833669E-16));
#6717 = DIRECTION('',(1.,0.));
#6718 = ( GEOMETRIC_REPRESENTATION_CONTEXT(2) 
PARAMETRIC_REPRESENTATION_CONTEXT() REPRESENTATION_CONTEXT('2D SPACE',''
  ) );
#6719 = PCURVE('',#4969,#6720);
#6720 = DEFINITIONAL_REPRESENTATION('',(#6721),#6725);
#6721 = LINE('',#6722,#6723);
#6722 = CARTESIAN_POINT('',(-0.,0.));
#6723 = VECTOR('',#6724,1.);
#6724 = DIRECTION('',(-1.,0.));
#6725 = ( GEOMETRIC_REPRESENTATION_CONTEXT(2) 
PARAMETRIC_REPRESENTATION_CONTEXT() REPRESENTATION_CONTEXT('2D SPACE',''
  ) );
#6726 = ADVANCED_FACE('',(#6727),#5063,.T.);
#6727 = FACE_BOUND('',#6728,.T.);
#6728 = EDGE_LOOP('',(#6729,#6730,#6731));
#6729 = ORIENTED_EDGE('',*,*,#5046,.T.);
#6730 = ORIENTED_EDGE('',*,*,#5110,.T.);
#6731 = ORIENTED_EDGE('',*,*,#6732,.T.);
#6732 = EDGE_CURVE('',#5076,#5047,#6733,.T.);
#6733 = SURFACE_CURVE('',#6734,(#6738,#6744),.PCURVE_S1.);
#6734 = LINE('',#6735,#6736);
#6735 = CARTESIAN_POINT('',(-2.087294365249,2.087294365249,14.42));
#6736 = VECTOR('',#6737,1.);
#6737 = DIRECTION('',(-0.707106781187,-0.707106781187,0.));
#6738 = PCURVE('',#5063,#6739);
#6739 = DEFINITIONAL_REPRESENTATION('',(#6740),#6743);
#6740 = B_SPLINE_CURVE_WITH_KNOTS('',1,(#6741,#6742),.UNSPECIFIED.,.F.,
  .F.,(2,2),(-0.280506807249,0.280506807249),.PIECEWISE_BEZIER_KNOTS.);
#6741 = CARTESIAN_POINT('',(0.196682660428,0.2));
#6742 = CARTESIAN_POINT('',(-0.196682660428,-0.2));
#6743 = ( GEOMETRIC_REPRESENTATION_CONTEXT(2) 
PARAMETRIC_REPRESENTATION_CONTEXT() REPRESENTATION_CONTEXT('2D SPACE',''
  ) );
#6744 = PCURVE('',#5098,#6745);
#6745 = DEFINITIONAL_REPRESENTATION('',(#6746),#6749);
#6746 = B_SPLINE_CURVE_WITH_KNOTS('',1,(#6747,#6748),.UNSPECIFIED.,.F.,
  .F.,(2,2),(-0.280506807249,0.280506807249),.PIECEWISE_BEZIER_KNOTS.);
#6747 = CARTESIAN_POINT('',(0.198348265575,0.198348265575));
#6748 = CARTESIAN_POINT('',(-0.198348265575,-0.198348265575));
#6749 = ( GEOMETRIC_REPRESENTATION_CONTEXT(2) 
PARAMETRIC_REPRESENTATION_CONTEXT() REPRESENTATION_CONTEXT('2D SPACE',''
  ) );
#6750 = ADVANCED_FACE('',(#6751,#6782),#5098,.F.);
#6751 = FACE_BOUND('',#6752,.F.);
#6752 = EDGE_LOOP('',(#6753));
#6753 = ORIENTED_EDGE('',*,*,#6754,.T.);
#6754 = EDGE_CURVE('',#6755,#6755,#6757,.T.);
#6755 = VERTEX_POINT('',#6756);
#6756 = CARTESIAN_POINT('',(-1.807294365249,2.087294365249,14.42));
#6757 = SURFACE_CURVE('',#6758,(#6763,#6770),.PCURVE_S1.);
#6758 = CIRCLE('',#6759,0.28);
#6759 = AXIS2_PLACEMENT_3D('',#6760,#6761,#6762);
#6760 = CARTESIAN_POINT('',(-2.087294365249,2.087294365249,14.42));
#6761 = DIRECTION('',(0.,0.,1.));
#6762 = DIRECTION('',(1.,0.,-0.));
#6763 = PCURVE('',#5098,#6764);
#6764 = DEFINITIONAL_REPRESENTATION('',(#6765),#6769);
#6765 = CIRCLE('',#6766,0.28);
#6766 = AXIS2_PLACEMENT_2D('',#6767,#6768);
#6767 = CARTESIAN_POINT('',(0.,0.));
#6768 = DIRECTION('',(1.,0.));
#6769 = ( GEOMETRIC_REPRESENTATION_CONTEXT(2) 
PARAMETRIC_REPRESENTATION_CONTEXT() REPRESENTATION_CONTEXT('2D SPACE',''
  ) );
#6770 = PCURVE('',#6771,#6776);
#6771 = SPHERICAL_SURFACE('',#6772,0.28);
#6772 = AXIS2_PLACEMENT_3D('',#6773,#6774,#6775);
#6773 = CARTESIAN_POINT('',(-2.087294365249,2.087294365249,14.42));
#6774 = DIRECTION('',(0.,0.,1.));
#6775 = DIRECTION('',(1.,0.,-0.));
#6776 = DEFINITIONAL_REPRESENTATION('',(#6777),#6781);
#6777 = LINE('',#6778,#6779);
#6778 = CARTESIAN_POINT('',(0.,0.));
#6779 = VECTOR('',#6780,1.);
#6780 = DIRECTION('',(1.,0.));
#6781 = ( GEOMETRIC_REPRESENTATION_CONTEXT(2) 
PARAMETRIC_REPRESENTATION_CONTEXT() REPRESENTATION_CONTEXT('2D SPACE',''
  ) );
#6782 = FACE_BOUND('',#6783,.F.);
#6783 = EDGE_LOOP('',(#6784,#6785));
#6784 = ORIENTED_EDGE('',*,*,#5075,.F.);
#6785 = ORIENTED_EDGE('',*,*,#6732,.T.);
#6786 = ADVANCED_FACE('',(#6787),#4969,.F.);
#6787 = FACE_BOUND('',#6788,.T.);
#6788 = EDGE_LOOP('',(#6789,#6790,#6791,#6792));
#6789 = ORIENTED_EDGE('',*,*,#6705,.F.);
#6790 = ORIENTED_EDGE('',*,*,#5544,.F.);
#6791 = ORIENTED_EDGE('',*,*,#6363,.T.);
#6792 = ORIENTED_EDGE('',*,*,#4943,.F.);
#6793 = ADVANCED_FACE('',(#6794),#5438,.T.);
#6794 = FACE_BOUND('',#6795,.T.);
#6795 = EDGE_LOOP('',(#6796,#6815));
#6796 = ORIENTED_EDGE('',*,*,#6797,.T.);
#6797 = EDGE_CURVE('',#5422,#5420,#6798,.T.);
#6798 = SURFACE_CURVE('',#6799,(#6803,#6809),.PCURVE_S1.);
#6799 = LINE('',#6800,#6801);
#6800 = CARTESIAN_POINT('',(2.087294365249,2.087294365249,14.42));
#6801 = VECTOR('',#6802,1.);
#6802 = DIRECTION('',(-0.707106781187,0.707106781187,0.));
#6803 = PCURVE('',#5438,#6804);
#6804 = DEFINITIONAL_REPRESENTATION('',(#6805),#6808);
#6805 = B_SPLINE_CURVE_WITH_KNOTS('',1,(#6806,#6807),.UNSPECIFIED.,.F.,
  .F.,(2,2),(-0.280506807249,0.280506807249),.PIECEWISE_BEZIER_KNOTS.);
#6806 = CARTESIAN_POINT('',(0.196682660428,-0.2));
#6807 = CARTESIAN_POINT('',(-0.196682660428,0.2));
#6808 = ( GEOMETRIC_REPRESENTATION_CONTEXT(2) 
PARAMETRIC_REPRESENTATION_CONTEXT() REPRESENTATION_CONTEXT('2D SPACE',''
  ) );
#6809 = PCURVE('',#5472,#6810);
#6810 = DEFINITIONAL_REPRESENTATION('',(#6811),#6814);
#6811 = B_SPLINE_CURVE_WITH_KNOTS('',1,(#6812,#6813),.UNSPECIFIED.,.F.,
  .F.,(2,2),(-0.280506807249,0.280506807249),.PIECEWISE_BEZIER_KNOTS.);
#6812 = CARTESIAN_POINT('',(0.198348265575,-0.198348265575));
#6813 = CARTESIAN_POINT('',(-0.198348265575,0.198348265575));
#6814 = ( GEOMETRIC_REPRESENTATION_CONTEXT(2) 
PARAMETRIC_REPRESENTATION_CONTEXT() REPRESENTATION_CONTEXT('2D SPACE',''
  ) );
#6815 = ORIENTED_EDGE('',*,*,#5419,.T.);
#6816 = ADVANCED_FACE('',(#6817,#6848),#5472,.F.);
#6817 = FACE_BOUND('',#6818,.F.);
#6818 = EDGE_LOOP('',(#6819));
#6819 = ORIENTED_EDGE('',*,*,#6820,.T.);
#6820 = EDGE_CURVE('',#6821,#6821,#6823,.T.);
#6821 = VERTEX_POINT('',#6822);
#6822 = CARTESIAN_POINT('',(2.367294365249,2.087294365249,14.42));
#6823 = SURFACE_CURVE('',#6824,(#6829,#6836),.PCURVE_S1.);
#6824 = CIRCLE('',#6825,0.28);
#6825 = AXIS2_PLACEMENT_3D('',#6826,#6827,#6828);
#6826 = CARTESIAN_POINT('',(2.087294365249,2.087294365249,14.42));
#6827 = DIRECTION('',(0.,0.,1.));
#6828 = DIRECTION('',(1.,0.,-0.));
#6829 = PCURVE('',#5472,#6830);
#6830 = DEFINITIONAL_REPRESENTATION('',(#6831),#6835);
#6831 = CIRCLE('',#6832,0.28);
#6832 = AXIS2_PLACEMENT_2D('',#6833,#6834);
#6833 = CARTESIAN_POINT('',(0.,0.));
#6834 = DIRECTION('',(1.,0.));
#6835 = ( GEOMETRIC_REPRESENTATION_CONTEXT(2) 
PARAMETRIC_REPRESENTATION_CONTEXT() REPRESENTATION_CONTEXT('2D SPACE',''
  ) );
#6836 = PCURVE('',#6837,#6842);
#6837 = SPHERICAL_SURFACE('',#6838,0.28);
#6838 = AXIS2_PLACEMENT_3D('',#6839,#6840,#6841);
#6839 = CARTESIAN_POINT('',(2.087294365249,2.087294365249,14.42));
#6840 = DIRECTION('',(0.,0.,1.));
#6841 = DIRECTION('',(1.,0.,-0.));
#6842 = DEFINITIONAL_REPRESENTATION('',(#6843),#6847);
#6843 = LINE('',#6844,#6845);
#6844 = CARTESIAN_POINT('',(0.,0.));
#6845 = VECTOR('',#6846,1.);
#6846 = DIRECTION('',(1.,0.));
#6847 = ( GEOMETRIC_REPRESENTATION_CONTEXT(2) 
PARAMETRIC_REPRESENTATION_CONTEXT() REPRESENTATION_CONTEXT('2D SPACE',''
  ) );
#6848 = FACE_BOUND('',#6849,.F.);
#6849 = EDGE_LOOP('',(#6850,#6851,#6852));
#6850 = ORIENTED_EDGE('',*,*,#6127,.F.);
#6851 = ORIENTED_EDGE('',*,*,#6797,.T.);
#6852 = ORIENTED_EDGE('',*,*,#5450,.F.);
#6853 = ADVANCED_FACE('',(#6854),#6241,.T.);
#6854 = FACE_BOUND('',#6855,.T.);
#6855 = EDGE_LOOP('',(#6856,#6880,#6881));
#6856 = ORIENTED_EDGE('',*,*,#6857,.F.);
#6857 = EDGE_CURVE('',#6225,#6858,#6860,.T.);
#6858 = VERTEX_POINT('',#6859);
#6859 = CARTESIAN_POINT('',(2.087294365249,-2.087294365249,14.7));
#6860 = SEAM_CURVE('',#6861,(#6866,#6873),.PCURVE_S1.);
#6861 = CIRCLE('',#6862,0.28);
#6862 = AXIS2_PLACEMENT_3D('',#6863,#6864,#6865);
#6863 = CARTESIAN_POINT('',(2.087294365249,-2.087294365249,14.42));
#6864 = DIRECTION('',(-2.449293598295E-16,-1.,0.));
#6865 = DIRECTION('',(1.,-2.449293598295E-16,0.));
#6866 = PCURVE('',#6241,#6867);
#6867 = DEFINITIONAL_REPRESENTATION('',(#6868),#6872);
#6868 = LINE('',#6869,#6870);
#6869 = CARTESIAN_POINT('',(6.28318530718,-6.28318530718));
#6870 = VECTOR('',#6871,1.);
#6871 = DIRECTION('',(0.,1.));
#6872 = ( GEOMETRIC_REPRESENTATION_CONTEXT(2) 
PARAMETRIC_REPRESENTATION_CONTEXT() REPRESENTATION_CONTEXT('2D SPACE',''
  ) );
#6873 = PCURVE('',#6241,#6874);
#6874 = DEFINITIONAL_REPRESENTATION('',(#6875),#6879);
#6875 = LINE('',#6876,#6877);
#6876 = CARTESIAN_POINT('',(0.,-6.28318530718));
#6877 = VECTOR('',#6878,1.);
#6878 = DIRECTION('',(0.,1.));
#6879 = ( GEOMETRIC_REPRESENTATION_CONTEXT(2) 
PARAMETRIC_REPRESENTATION_CONTEXT() REPRESENTATION_CONTEXT('2D SPACE',''
  ) );
#6880 = ORIENTED_EDGE('',*,*,#6224,.T.);
#6881 = ORIENTED_EDGE('',*,*,#6857,.T.);
#6882 = ADVANCED_FACE('',(#6883),#6647,.T.);
#6883 = FACE_BOUND('',#6884,.T.);
#6884 = EDGE_LOOP('',(#6885,#6909,#6910));
#6885 = ORIENTED_EDGE('',*,*,#6886,.F.);
#6886 = EDGE_CURVE('',#6631,#6887,#6889,.T.);
#6887 = VERTEX_POINT('',#6888);
#6888 = CARTESIAN_POINT('',(-2.087294365249,-2.087294365249,14.7));
#6889 = SEAM_CURVE('',#6890,(#6895,#6902),.PCURVE_S1.);
#6890 = CIRCLE('',#6891,0.28);
#6891 = AXIS2_PLACEMENT_3D('',#6892,#6893,#6894);
#6892 = CARTESIAN_POINT('',(-2.087294365249,-2.087294365249,14.42));
#6893 = DIRECTION('',(-2.449293598295E-16,-1.,0.));
#6894 = DIRECTION('',(1.,-2.449293598295E-16,0.));
#6895 = PCURVE('',#6647,#6896);
#6896 = DEFINITIONAL_REPRESENTATION('',(#6897),#6901);
#6897 = LINE('',#6898,#6899);
#6898 = CARTESIAN_POINT('',(6.28318530718,-6.28318530718));
#6899 = VECTOR('',#6900,1.);
#6900 = DIRECTION('',(0.,1.));
#6901 = ( GEOMETRIC_REPRESENTATION_CONTEXT(2) 
PARAMETRIC_REPRESENTATION_CONTEXT() REPRESENTATION_CONTEXT('2D SPACE',''
  ) );
#6902 = PCURVE('',#6647,#6903);
#6903 = DEFINITIONAL_REPRESENTATION('',(#6904),#6908);
#6904 = LINE('',#6905,#6906);
#6905 = CARTESIAN_POINT('',(0.,-6.28318530718));
#6906 = VECTOR('',#6907,1.);
#6907 = DIRECTION('',(0.,1.));
#6908 = ( GEOMETRIC_REPRESENTATION_CONTEXT(2) 
PARAMETRIC_REPRESENTATION_CONTEXT() REPRESENTATION_CONTEXT('2D SPACE',''
  ) );
#6909 = ORIENTED_EDGE('',*,*,#6630,.T.);
#6910 = ORIENTED_EDGE('',*,*,#6886,.T.);
#6911 = ADVANCED_FACE('',(#6912),#6771,.T.);
#6912 = FACE_BOUND('',#6913,.T.);
#6913 = EDGE_LOOP('',(#6914,#6938,#6939));
#6914 = ORIENTED_EDGE('',*,*,#6915,.F.);
#6915 = EDGE_CURVE('',#6755,#6916,#6918,.T.);
#6916 = VERTEX_POINT('',#6917);
#6917 = CARTESIAN_POINT('',(-2.087294365249,2.087294365249,14.7));
#6918 = SEAM_CURVE('',#6919,(#6924,#6931),.PCURVE_S1.);
#6919 = CIRCLE('',#6920,0.28);
#6920 = AXIS2_PLACEMENT_3D('',#6921,#6922,#6923);
#6921 = CARTESIAN_POINT('',(-2.087294365249,2.087294365249,14.42));
#6922 = DIRECTION('',(-2.449293598295E-16,-1.,0.));
#6923 = DIRECTION('',(1.,-2.449293598295E-16,0.));
#6924 = PCURVE('',#6771,#6925);
#6925 = DEFINITIONAL_REPRESENTATION('',(#6926),#6930);
#6926 = LINE('',#6927,#6928);
#6927 = CARTESIAN_POINT('',(6.28318530718,-6.28318530718));
#6928 = VECTOR('',#6929,1.);
#6929 = DIRECTION('',(0.,1.));
#6930 = ( GEOMETRIC_REPRESENTATION_CONTEXT(2) 
PARAMETRIC_REPRESENTATION_CONTEXT() REPRESENTATION_CONTEXT('2D SPACE',''
  ) );
#6931 = PCURVE('',#6771,#6932);
#6932 = DEFINITIONAL_REPRESENTATION('',(#6933),#6937);
#6933 = LINE('',#6934,#6935);
#6934 = CARTESIAN_POINT('',(0.,-6.28318530718));
#6935 = VECTOR('',#6936,1.);
#6936 = DIRECTION('',(0.,1.));
#6937 = ( GEOMETRIC_REPRESENTATION_CONTEXT(2) 
PARAMETRIC_REPRESENTATION_CONTEXT() REPRESENTATION_CONTEXT('2D SPACE',''
  ) );
#6938 = ORIENTED_EDGE('',*,*,#6754,.T.);
#6939 = ORIENTED_EDGE('',*,*,#6915,.T.);
#6940 = ADVANCED_FACE('',(#6941),#6837,.T.);
#6941 = FACE_BOUND('',#6942,.T.);
#6942 = EDGE_LOOP('',(#6943,#6967,#6968));
#6943 = ORIENTED_EDGE('',*,*,#6944,.F.);
#6944 = EDGE_CURVE('',#6821,#6945,#6947,.T.);
#6945 = VERTEX_POINT('',#6946);
#6946 = CARTESIAN_POINT('',(2.087294365249,2.087294365249,14.7));
#6947 = SEAM_CURVE('',#6948,(#6953,#6960),.PCURVE_S1.);
#6948 = CIRCLE('',#6949,0.28);
#6949 = AXIS2_PLACEMENT_3D('',#6950,#6951,#6952);
#6950 = CARTESIAN_POINT('',(2.087294365249,2.087294365249,14.42));
#6951 = DIRECTION('',(-2.449293598295E-16,-1.,0.));
#6952 = DIRECTION('',(1.,-2.449293598295E-16,0.));
#6953 = PCURVE('',#6837,#6954);
#6954 = DEFINITIONAL_REPRESENTATION('',(#6955),#6959);
#6955 = LINE('',#6956,#6957);
#6956 = CARTESIAN_POINT('',(6.28318530718,-6.28318530718));
#6957 = VECTOR('',#6958,1.);
#6958 = DIRECTION('',(0.,1.));
#6959 = ( GEOMETRIC_REPRESENTATION_CONTEXT(2) 
PARAMETRIC_REPRESENTATION_CONTEXT() REPRESENTATION_CONTEXT('2D SPACE',''
  ) );
#6960 = PCURVE('',#6837,#6961);
#6961 = DEFINITIONAL_REPRESENTATION('',(#6962),#6966);
#6962 = LINE('',#6963,#6964);
#6963 = CARTESIAN_POINT('',(0.,-6.28318530718));
#6964 = VECTOR('',#6965,1.);
#6965 = DIRECTION('',(0.,1.));
#6966 = ( GEOMETRIC_REPRESENTATION_CONTEXT(2) 
PARAMETRIC_REPRESENTATION_CONTEXT() REPRESENTATION_CONTEXT('2D SPACE',''
  ) );
#6967 = ORIENTED_EDGE('',*,*,#6820,.T.);
#6968 = ORIENTED_EDGE('',*,*,#6944,.T.);
#6969 = ( GEOMETRIC_REPRESENTATION_CONTEXT(3) 
GLOBAL_UNCERTAINTY_ASSIGNED_CONTEXT((#6973)) 
GLOBAL_UNIT_ASSIGNED_CONTEXT((#6970,#6971,#6972)) REPRESENTATION_CONTEXT
('Context #1','3D Context with UNIT and UNCERTAINTY') );
#6970 = ( LENGTH_UNIT() NAMED_UNIT(*) SI_UNIT(.MILLI.,.METRE.) );
#6971 = ( NAMED_UNIT(*) PLANE_ANGLE_UNIT() SI_UNIT($,.RADIAN.) );
#6972 = ( NAMED_UNIT(*) SI_UNIT($,.STERADIAN.) SOLID_ANGLE_UNIT() );
#6973 = UNCERTAINTY_MEASURE_WITH_UNIT(LENGTH_MEASURE(1.E-07),#6970,
  'distance_accuracy_value','confusion accuracy');
#6974 = PRODUCT_RELATED_PRODUCT_CATEGORY('part',$,(#7));
ENDSEC;
END-ISO-10303-21;
