ISO-10303-21;
HEADER;
FILE_DESCRIPTION(('Open CASCADE Model'),'2;1');
FILE_NAME('Open CASCADE Shape Model','2026-08-26T17:43:55',('Author'),(
    'Open CASCADE'),'Open CASCADE STEP processor 7.7','Open CASCADE 7.7'
  ,'Unknown');
FILE_SCHEMA(('AUTOMOTIVE_DESIGN { 1 0 10303 214 1 1 1 1 }'));
ENDSEC;
DATA;
#1 = APPLICATION_PROTOCOL_DEFINITION('international standard',
  'automotive_design',2000,#2);
#2 = APPLICATION_CONTEXT(
  'core data for automotive mechanical design processes');
#3 = SHAPE_DEFINITION_REPRESENTATION(#4,#10);
#4 = PRODUCT_DEFINITION_SHAPE('','',#5);
#5 = PRODUCT_DEFINITION('design','',#6,#9);
#6 = PRODUCT_DEFINITION_FORMATION('','',#7);
#7 = PRODUCT('Open CASCADE STEP translator 7.7 3',
  'Open CASCADE STEP translator 7.7 3','',(#8));
#8 = PRODUCT_CONTEXT('',#2,'mechanical');
#9 = PRODUCT_DEFINITION_CONTEXT('part definition',#2,'design');
#10 = SHAPE_REPRESENTATION('',(#11,#15,#19),#23);
#11 = AXIS2_PLACEMENT_3D('',#12,#13,#14);
#12 = CARTESIAN_POINT('',(0.,0.,0.));
#13 = DIRECTION('',(0.,0.,1.));
#14 = DIRECTION('',(1.,0.,-0.));
#15 = AXIS2_PLACEMENT_3D('',#16,#17,#18);
#16 = CARTESIAN_POINT('',(0.,0.,0.));
#17 = DIRECTION('',(0.,0.,1.));
#18 = DIRECTION('',(1.,0.,-0.));
#19 = AXIS2_PLACEMENT_3D('',#20,#21,#22);
#20 = CARTESIAN_POINT('',(0.,0.,0.));
#21 = DIRECTION('',(0.,0.,1.));
#22 = DIRECTION('',(1.,0.,-0.));
#23 = ( GEOMETRIC_REPRESENTATION_CONTEXT(3) 
GLOBAL_UNCERTAINTY_ASSIGNED_CONTEXT((#27)) GLOBAL_UNIT_ASSIGNED_CONTEXT(
(#24,#25,#26)) REPRESENTATION_CONTEXT('Context #1',
  '3D Context with UNIT and UNCERTAINTY') );
#24 = ( LENGTH_UNIT() NAMED_UNIT(*) SI_UNIT(.MILLI.,.METRE.) );
#25 = ( NAMED_UNIT(*) PLANE_ANGLE_UNIT() SI_UNIT($,.RADIAN.) );
#26 = ( NAMED_UNIT(*) SI_UNIT($,.STERADIAN.) SOLID_ANGLE_UNIT() );
#27 = UNCERTAINTY_MEASURE_WITH_UNIT(LENGTH_MEASURE(1.E-07),#24,
  'distance_accuracy_value','confusion accuracy');
#28 = PRODUCT_RELATED_PRODUCT_CATEGORY('part',$,(#7));
#29 = SHAPE_DEFINITION_REPRESENTATION(#30,#36);
#30 = PRODUCT_DEFINITION_SHAPE('','',#31);
#31 = PRODUCT_DEFINITION('design','',#32,#35);
#32 = PRODUCT_DEFINITION_FORMATION('','',#33);
#33 = PRODUCT('Open CASCADE STEP translator 7.7 3.1',
  'Open CASCADE STEP translator 7.7 3.1','',(#34));
#34 = PRODUCT_CONTEXT('',#2,'mechanical');
#35 = PRODUCT_DEFINITION_CONTEXT('part definition',#2,'design');
#36 = ADVANCED_BREP_SHAPE_REPRESENTATION('',(#11,#37),#7035);
#37 = MANIFOLD_SOLID_BREP('',#38);
#38 = CLOSED_SHELL('',(#39,#450,#744,#749,#1058,#1129,#2120,#2150,#2404,
    #2549,#2597,#2732,#3010,#3091,#3118,#3125,#3909,#3914,#4717,#4723,
    #4729,#5475,#5480,#6209,#6214,#6221,#6227,#6232,#6236,#6240,#6245,
    #6251,#6255,#6280,#6317,#6446,#6474,#6503,#6624,#6655,#6662,#6688,
    #6724,#6752,#6759,#6788,#6814,#6850,#6857,#6882,#6919,#6948,#6977,
    #7006));
#39 = ADVANCED_FACE('',(#40,#95),#53,.T.);
#40 = FACE_BOUND('',#41,.T.);
#41 = EDGE_LOOP('',(#42,#71,#93,#94));
#42 = ORIENTED_EDGE('',*,*,#43,.F.);
#43 = EDGE_CURVE('',#44,#44,#46,.T.);
#44 = VERTEX_POINT('',#45);
#45 = CARTESIAN_POINT('',(10.72,1.763491390772E-16,-2.625642737372E-15)
  );
#46 = SEAM_CURVE('',#47,(#52,#64),.PCURVE_S1.);
#47 = CIRCLE('',#48,10.72);
#48 = AXIS2_PLACEMENT_3D('',#49,#50,#51);
#49 = CARTESIAN_POINT('',(0.,1.763491390772E-16,-1.957868745764E-32));
#50 = DIRECTION('',(0.,-1.,1.110223024625E-16));
#51 = DIRECTION('',(1.,0.,0.));
#52 = PCURVE('',#53,#58);
#53 = TOROIDAL_SURFACE('',#54,10.,0.72);
#54 = AXIS2_PLACEMENT_3D('',#55,#56,#57);
#55 = CARTESIAN_POINT('',(0.,0.,0.));
#56 = DIRECTION('',(0.,-1.,1.110223024625E-16));
#57 = DIRECTION('',(1.,0.,0.));
#58 = DEFINITIONAL_REPRESENTATION('',(#59),#63);
#59 = LINE('',#60,#61);
#60 = CARTESIAN_POINT('',(0.,6.28318530718));
#61 = VECTOR('',#62,1.);
#62 = DIRECTION('',(1.,0.));
#63 = ( GEOMETRIC_REPRESENTATION_CONTEXT(2) 
PARAMETRIC_REPRESENTATION_CONTEXT() REPRESENTATION_CONTEXT('2D SPACE',''
  ) );
#64 = PCURVE('',#53,#65);
#65 = DEFINITIONAL_REPRESENTATION('',(#66),#70);
#66 = LINE('',#67,#68);
#67 = CARTESIAN_POINT('',(0.,4.138911435803E-13));
#68 = VECTOR('',#69,1.);
#69 = DIRECTION('',(1.,0.));
#70 = ( GEOMETRIC_REPRESENTATION_CONTEXT(2) 
PARAMETRIC_REPRESENTATION_CONTEXT() REPRESENTATION_CONTEXT('2D SPACE',''
  ) );
#71 = ORIENTED_EDGE('',*,*,#72,.F.);
#72 = EDGE_CURVE('',#44,#44,#73,.T.);
#73 = SEAM_CURVE('',#74,(#79,#86),.PCURVE_S1.);
#74 = CIRCLE('',#75,0.72);
#75 = AXIS2_PLACEMENT_3D('',#76,#77,#78);
#76 = CARTESIAN_POINT('',(10.,-2.719262146894E-31,-2.449293598295E-15));
#77 = DIRECTION('',(-2.449293598295E-16,-1.110223024625E-16,-1.));
#78 = DIRECTION('',(1.,-2.719262146894E-32,-2.449293598295E-16));
#79 = PCURVE('',#53,#80);
#80 = DEFINITIONAL_REPRESENTATION('',(#81),#85);
#81 = LINE('',#82,#83);
#82 = CARTESIAN_POINT('',(4.138911435803E-13,0.));
#83 = VECTOR('',#84,1.);
#84 = DIRECTION('',(0.,1.));
#85 = ( GEOMETRIC_REPRESENTATION_CONTEXT(2) 
PARAMETRIC_REPRESENTATION_CONTEXT() REPRESENTATION_CONTEXT('2D SPACE',''
  ) );
#86 = PCURVE('',#53,#87);
#87 = DEFINITIONAL_REPRESENTATION('',(#88),#92);
#88 = LINE('',#89,#90);
#89 = CARTESIAN_POINT('',(6.28318530718,0.));
#90 = VECTOR('',#91,1.);
#91 = DIRECTION('',(0.,1.));
#92 = ( GEOMETRIC_REPRESENTATION_CONTEXT(2) 
PARAMETRIC_REPRESENTATION_CONTEXT() REPRESENTATION_CONTEXT('2D SPACE',''
  ) );
#93 = ORIENTED_EDGE('',*,*,#43,.T.);
#94 = ORIENTED_EDGE('',*,*,#72,.T.);
#95 = FACE_BOUND('',#96,.T.);
#96 = EDGE_LOOP('',(#97,#154,#411));
#97 = ORIENTED_EDGE('',*,*,#98,.F.);
#98 = EDGE_CURVE('',#99,#101,#103,.T.);
#99 = VERTEX_POINT('',#100);
#100 = CARTESIAN_POINT('',(-6.319493438493,-0.608697276726,
    8.240335086334));
#101 = VERTEX_POINT('',#102);
#102 = CARTESIAN_POINT('',(-5.712462533379,-0.600302750852,
    7.718487205572));
#103 = SURFACE_CURVE('',#104,(#117,#133),.PCURVE_S1.);
#104 = B_SPLINE_CURVE_WITH_KNOTS('',6,(#105,#106,#107,#108,#109,#110,
    #111,#112,#113,#114,#115,#116),.UNSPECIFIED.,.F.,.F.,(7,5,7),(0.,
    0.528889668135,1.),.UNSPECIFIED.);
#105 = CARTESIAN_POINT('',(-6.387838291673,-0.526641906031,
    8.322013236541));
#106 = CARTESIAN_POINT('',(-6.344488969332,-0.592351414977,
    8.266433100176));
#107 = CARTESIAN_POINT('',(-6.291050085891,-0.6467648594,8.205260573316)
  );
#108 = CARTESIAN_POINT('',(-6.229000631327,-0.68760788611,8.14040090676)
  );
#109 = CARTESIAN_POINT('',(-6.160389538248,-0.713505686483,
    8.074003046602));
#110 = CARTESIAN_POINT('',(-6.087524237725,-0.723887177527,
    8.008217168941));
#111 = CARTESIAN_POINT('',(-5.946351716322,-0.714821916905,
    7.888819555774));
#112 = CARTESIAN_POINT('',(-5.878376266461,-0.698507394504,
    7.834629210018));
#113 = CARTESIAN_POINT('',(-5.810619810965,-0.670362042808,
    7.783895526534));
#114 = CARTESIAN_POINT('',(-5.744729418036,-0.631112536117,
    7.737840035123));
#115 = CARTESIAN_POINT('',(-5.682241023639,-0.581837013819,
    7.697491232468));
#116 = CARTESIAN_POINT('',(-5.624537877734,-0.523945650036,
    7.663654067271));
#117 = PCURVE('',#53,#118);
#118 = DEFINITIONAL_REPRESENTATION('',(#119),#132);
#119 = B_SPLINE_CURVE_WITH_KNOTS('',6,(#120,#121,#122,#123,#124,#125,
    #126,#127,#128,#129,#130,#131),.UNSPECIFIED.,.F.,.F.,(7,5,7),(
    0.123108292273,0.52888966091,0.885570626639),.UNSPECIFIED.);
#120 = CARTESIAN_POINT('',(2.225024496957,1.007337721887));
#121 = CARTESIAN_POINT('',(2.224589489009,1.10997020448));
#122 = CARTESIAN_POINT('',(2.223893359221,1.212518848924));
#123 = CARTESIAN_POINT('',(2.222937316839,1.314919152905));
#124 = CARTESIAN_POINT('',(2.22172998738,1.417155868664));
#125 = CARTESIAN_POINT('',(2.22028781717,1.51920663276));
#126 = CARTESIAN_POINT('',(2.217187357019,1.71048595934));
#127 = CARTESIAN_POINT('',(2.215575666416,1.799811376567));
#128 = CARTESIAN_POINT('',(2.213820147177,1.888969359921));
#129 = CARTESIAN_POINT('',(2.211942781097,1.977982953188));
#130 = CARTESIAN_POINT('',(2.209970065795,2.066888085809));
#131 = CARTESIAN_POINT('',(2.207932119194,2.155720744117));
#132 = ( GEOMETRIC_REPRESENTATION_CONTEXT(2) 
PARAMETRIC_REPRESENTATION_CONTEXT() REPRESENTATION_CONTEXT('2D SPACE',''
  ) );
#133 = PCURVE('',#134,#139);
#134 = PLANE('',#135);
#135 = AXIS2_PLACEMENT_3D('',#136,#137,#138);
#136 = CARTESIAN_POINT('',(-6.,-0.48,8.));
#137 = DIRECTION('',(0.639729113257,-0.204619238431,0.740862759838));
#138 = DIRECTION('',(0.756877032285,8.873457524317E-14,-0.653557310417)
  );
#139 = DEFINITIONAL_REPRESENTATION('',(#140),#153);
#140 = B_SPLINE_CURVE_WITH_KNOTS('',6,(#141,#142,#143,#144,#145,#146,
    #147,#148,#149,#150,#151,#152),.UNSPECIFIED.,.F.,.F.,(7,5,7),(0.,
    0.528889668135,1.),.UNSPECIFIED.);
#141 = CARTESIAN_POINT('',(-0.504,-4.765010381208E-02));
#142 = CARTESIAN_POINT('',(-0.43486508912,-0.11477997026));
#143 = CARTESIAN_POINT('',(-0.354438673487,-0.170369599762));
#144 = CARTESIAN_POINT('',(-0.265085357232,-0.212095477376));
#145 = CARTESIAN_POINT('',(-0.169760389819,-0.238553077017));
#146 = CARTESIAN_POINT('',(-7.161547613462E-02,-0.249158971331));
#147 = CARTESIAN_POINT('',(0.113267945837,-0.239897758691));
#148 = CARTESIAN_POINT('',(0.200133499219,-0.223230586351));
#149 = CARTESIAN_POINT('',(0.284574173898,-0.194476852976));
#150 = CARTESIAN_POINT('',(0.364545002051,-0.154378940443));
#151 = CARTESIAN_POINT('',(0.438211287496,-0.104038292886));
#152 = CARTESIAN_POINT('',(0.504,-4.489556633731E-02));
#153 = ( GEOMETRIC_REPRESENTATION_CONTEXT(2) 
PARAMETRIC_REPRESENTATION_CONTEXT() REPRESENTATION_CONTEXT('2D SPACE',''
  ) );
#154 = ORIENTED_EDGE('',*,*,#155,.T.);
#155 = EDGE_CURVE('',#99,#156,#158,.T.);
#156 = VERTEX_POINT('',#157);
#157 = CARTESIAN_POINT('',(-4.965651177978,-0.717078423985,
    8.605264959519));
#158 = SURFACE_CURVE('',#159,(#216,#311),.PCURVE_S1.);
#159 = B_SPLINE_CURVE_WITH_KNOTS('',7,(#160,#161,#162,#163,#164,#165,
    #166,#167,#168,#169,#170,#171,#172,#173,#174,#175,#176,#177,#178,
    #179,#180,#181,#182,#183,#184,#185,#186,#187,#188,#189,#190,#191,
    #192,#193,#194,#195,#196,#197,#198,#199,#200,#201,#202,#203,#204,
    #205,#206,#207,#208,#209,#210,#211,#212,#213,#214,#215),
  .UNSPECIFIED.,.F.,.F.,(8,6,6,6,6,6,6,6,6,8),(0.,0.324636953429,1.,
    1.379970422923,1.587182201923,1.871688069844,2.196148385183,
    2.446244956406,2.842710370646,3.307712670628),.UNSPECIFIED.);
#160 = CARTESIAN_POINT('',(-6.319493438493,-0.608697276726,
    8.240335086334));
#161 = CARTESIAN_POINT('',(-6.285127345308,-0.597342244887,
    8.289340303594));
#162 = CARTESIAN_POINT('',(-6.249233953573,-0.585830439942,
    8.337639970632));
#163 = CARTESIAN_POINT('',(-6.211841900099,-0.574285421189,8.38519998649
    ));
#164 = CARTESIAN_POINT('',(-6.172991158381,-0.562824979804,
    8.431992481765));
#165 = CARTESIAN_POINT('',(-6.132731589866,-0.551560146396,8.4779939836)
  );
#166 = CARTESIAN_POINT('',(-6.091121495216,-0.540594198576,
    8.523183580683));
#167 = CARTESIAN_POINT('',(-5.958988263957,-0.508026957069,
    8.659820852203));
#168 = CARTESIAN_POINT('',(-5.864224274509,-0.487744087797,
    8.748461991893));
#169 = CARTESIAN_POINT('',(-5.764479359947,-0.470012471846,
    8.833337934395));
#170 = CARTESIAN_POINT('',(-5.660439704567,-0.455526404463,8.91429591027
    ));
#171 = CARTESIAN_POINT('',(-5.552919073003,-0.44485619078,8.991042603817
    ));
#172 = CARTESIAN_POINT('',(-5.442815701733,-0.438465706715,
    9.063152533958));
#173 = CARTESIAN_POINT('',(-5.26840483686,-0.436021985121,9.167158349545
    ));
#174 = CARTESIAN_POINT('',(-5.205203361931,-0.436671007978,9.20280458452
    ));
#175 = CARTESIAN_POINT('',(-5.141735205477,-0.438939811261,
    9.236525102556));
#176 = CARTESIAN_POINT('',(-5.078237352147,-0.442935744446,
    9.268089150186));
#177 = CARTESIAN_POINT('',(-5.01508286744,-0.44878102088,9.297129070156)
  );
#178 = CARTESIAN_POINT('',(-4.95277281849,-0.456597180798,9.323163472665
    ));
#179 = CARTESIAN_POINT('',(-4.858927873703,-0.471963702638,
    9.357532892728));
#180 = CARTESIAN_POINT('',(-4.830261785525,-0.477367142012,9.36707588103
    ));
#181 = CARTESIAN_POINT('',(-4.804898908216,-0.482678733906,
    9.374780851236));
#182 = CARTESIAN_POINT('',(-4.782014237665,-0.487918041159,9.38109659841
    ));
#183 = CARTESIAN_POINT('',(-4.761081897671,-0.493120373745,
    9.386276385853));
#184 = CARTESIAN_POINT('',(-4.741837439398,-0.498287100168,
    9.390464574266));
#185 = CARTESIAN_POINT('',(-4.700045430139,-0.510331488216,
    9.398300173642));
#186 = CARTESIAN_POINT('',(-4.676746150029,-0.517761280219,
    9.401575769999));
#187 = CARTESIAN_POINT('',(-4.654495575552,-0.525650015917,
    9.403454240985));
#188 = CARTESIAN_POINT('',(-4.6335140202,-0.533981437111,9.40377432177)
  );
#189 = CARTESIAN_POINT('',(-4.614068899588,-0.54271759926,9.402360367761
    ));
#190 = CARTESIAN_POINT('',(-4.596449604721,-0.551792806614,
    9.399048267025));
#191 = CARTESIAN_POINT('',(-4.563216274708,-0.571733346081,
    9.387663698729));
#192 = CARTESIAN_POINT('',(-4.548193649578,-0.582693546381,
    9.378975379062));
#193 = CARTESIAN_POINT('',(-4.536359406757,-0.593794036096,9.36751484531
    ));
#194 = CARTESIAN_POINT('',(-4.528021416116,-0.604819608887,
    9.353279095244));
#195 = CARTESIAN_POINT('',(-4.523270431141,-0.615559299368,
    9.336418853707));
#196 = CARTESIAN_POINT('',(-4.521979866381,-0.625826641576,
    9.317239086317));
#197 = CARTESIAN_POINT('',(-4.525249404575,-0.642914204483,
    9.279970419468));
#198 = CARTESIAN_POINT('',(-4.528538867193,-0.649997778755,
    9.262611315877));
#199 = CARTESIAN_POINT('',(-4.533561426586,-0.656678633674,
    9.244271336269));
#200 = CARTESIAN_POINT('',(-4.54014796543,-0.662932146645,9.225105722118
    ));
#201 = CARTESIAN_POINT('',(-4.548125133168,-0.668751064801,
    9.205254212451));
#202 = CARTESIAN_POINT('',(-4.557334541486,-0.67414002816,9.184831831726
    ));
#203 = CARTESIAN_POINT('',(-4.583975306267,-0.686991075261,
    9.130783780808));
#204 = CARTESIAN_POINT('',(-4.603050876743,-0.693814206952,
    9.096452991686));
#205 = CARTESIAN_POINT('',(-4.624333802902,-0.699639805875,
    9.061244499434));
#206 = CARTESIAN_POINT('',(-4.647398652271,-0.704538368422,
    9.025396020493));
#207 = CARTESIAN_POINT('',(-4.671913593357,-0.708583238294,
    8.989077076475));
#208 = CARTESIAN_POINT('',(-4.697633410005,-0.71184380205,8.952390262792
    ));
#209 = CARTESIAN_POINT('',(-4.755791242896,-0.717354757582,
    8.871946448947));
#210 = CARTESIAN_POINT('',(-4.788590031763,-0.719330130123,
    8.828107555658));
#211 = CARTESIAN_POINT('',(-4.822501920815,-0.720403348443,
    8.783949870323));
#212 = CARTESIAN_POINT('',(-4.857309793574,-0.720652996661,
    8.739546840394));
#213 = CARTESIAN_POINT('',(-4.892848275378,-0.720145658597,
    8.694949463716));
#214 = CARTESIAN_POINT('',(-4.928991227089,-0.718938582658,
    8.650186839633));
#215 = CARTESIAN_POINT('',(-4.965651177978,-0.717078423985,
    8.605264959519));
#216 = PCURVE('',#53,#217);
#217 = DEFINITIONAL_REPRESENTATION('',(#218),#310);
#218 = B_SPLINE_CURVE_WITH_KNOTS('',3,(#219,#220,#221,#222,#223,#224,
    #225,#226,#227,#228,#229,#230,#231,#232,#233,#234,#235,#236,#237,
    #238,#239,#240,#241,#242,#243,#244,#245,#246,#247,#248,#249,#250,
    #251,#252,#253,#254,#255,#256,#257,#258,#259,#260,#261,#262,#263,
    #264,#265,#266,#267,#268,#269,#270,#271,#272,#273,#274,#275,#276,
    #277,#278,#279,#280,#281,#282,#283,#284,#285,#286,#287,#288,#289,
    #290,#291,#292,#293,#294,#295,#296,#297,#298,#299,#300,#301,#302,
    #303,#304,#305,#306,#307,#308,#309),.UNSPECIFIED.,.F.,.F.,(4,1,1,1,1
    ,1,1,1,1,1,1,1,1,1,1,1,1,1,1,1,1,1,1,1,1,1,1,1,1,1,1,1,1,1,1,1,1,1,1
    ,1,1,1,1,1,1,1,1,1,1,1,1,1,1,1,1,1,1,1,1,1,1,1,1,1,1,1,1,1,1,1,1,1,1
    ,1,1,1,1,1,1,1,1,1,1,1,1,1,1,1,4),(0.,3.758764398441E-02,
    7.517528796882E-02,0.112762931953,0.150350575938,0.187938219922,
    0.225525863906,0.263113507891,0.300701151875,0.33828879586,
    0.375876439844,0.413464083829,0.451051727813,0.488639371797,
    0.526227015782,0.563814659766,0.601402303751,0.638989947735,
    0.676577591719,0.714165235704,0.751752879688,0.789340523673,
    0.826928167657,0.864515811641,0.902103455626,0.93969109961,
    0.977278743595,1.014866387579,1.052454031564,1.090041675548,
    1.127629319532,1.165216963517,1.202804607501,1.240392251486,
    1.27797989547,1.315567539454,1.353155183439,1.390742827423,
    1.428330471408,1.465918115392,1.503505759376,1.541093403361,
    1.578681047345,1.61626869133,1.653856335314,1.691443979299,
    1.729031623283,1.766619267267,1.804206911252,1.841794555236,
    1.879382199221,1.916969843205,1.954557487189,1.992145131174,
    2.029732775158,2.067320419143,2.104908063127,2.142495707111,
    2.180083351096,2.21767099508,2.255258639065,2.292846283049,
    2.330433927034,2.368021571018,2.405609215002,2.443196858987,
    2.480784502971,2.518372146956,2.55595979094,2.593547434924,
    2.631135078909,2.668722722893,2.706310366878,2.743898010862,
    2.781485654846,2.819073298831,2.856660942815,2.8942485868,
    2.931836230784,2.969423874769,3.007011518753,3.044599162737,
    3.082186806722,3.119774450706,3.157362094691,3.194949738675,
    3.232537382659,3.270125026644,3.307712670628),.UNSPECIFIED.);
#219 = CARTESIAN_POINT('',(2.225024497514,1.007337722378));
#220 = CARTESIAN_POINT('',(2.223539211471,0.999360580517));
#221 = CARTESIAN_POINT('',(2.220558642382,0.983632038776));
#222 = CARTESIAN_POINT('',(2.216058487374,0.960730061958));
#223 = CARTESIAN_POINT('',(2.211529694551,0.938532604844));
#224 = CARTESIAN_POINT('',(2.206973018749,0.917053092132));
#225 = CARTESIAN_POINT('',(2.202389277452,0.896304806351));
#226 = CARTESIAN_POINT('',(2.197779364896,0.876300888241));
#227 = CARTESIAN_POINT('',(2.193144239624,0.857054303441));
#228 = CARTESIAN_POINT('',(2.188484973918,0.838578007948));
#229 = CARTESIAN_POINT('',(2.183802580575,0.820884298637));
#230 = CARTESIAN_POINT('',(2.179098907163,0.803988073052));
#231 = CARTESIAN_POINT('',(2.174375014123,0.78790082041));
#232 = CARTESIAN_POINT('',(2.16963209501,0.7726343352));
#233 = CARTESIAN_POINT('',(2.164871460867,0.758200646891));
#234 = CARTESIAN_POINT('',(2.160094550544,0.744612098957));
#235 = CARTESIAN_POINT('',(2.155302933285,0.73188138876));
#236 = CARTESIAN_POINT('',(2.150498313029,0.720021624866));
#237 = CARTESIAN_POINT('',(2.145682532291,0.709046392771));
#238 = CARTESIAN_POINT('',(2.140857576601,0.698969837586));
#239 = CARTESIAN_POINT('',(2.13602557958,0.689806767553));
#240 = CARTESIAN_POINT('',(2.13118882914,0.681572783549));
#241 = CARTESIAN_POINT('',(2.126349774563,0.674284439509));
#242 = CARTESIAN_POINT('',(2.121511036576,0.667959438755));
#243 = CARTESIAN_POINT('',(2.116675413902,0.66261687192));
#244 = CARTESIAN_POINT('',(2.111845911847,0.658277500283));
#245 = CARTESIAN_POINT('',(2.107025698747,0.654964096286));
#246 = CARTESIAN_POINT('',(2.102218343022,0.652701824566));
#247 = CARTESIAN_POINT('',(2.097427015498,0.651518754147));
#248 = CARTESIAN_POINT('',(2.09265904918,0.651446431759));
#249 = CARTESIAN_POINT('',(2.087917946885,0.652518728362));
#250 = CARTESIAN_POINT('',(2.083208647531,0.654774976933));
#251 = CARTESIAN_POINT('',(2.0785371953,0.658260012616));
#252 = CARTESIAN_POINT('',(2.073911145841,0.66302376694));
#253 = CARTESIAN_POINT('',(2.069338693429,0.669124968764));
#254 = CARTESIAN_POINT('',(2.06483224976,0.676620062067));
#255 = CARTESIAN_POINT('',(2.060395639712,0.685608999709));
#256 = CARTESIAN_POINT('',(2.056072593509,0.696070866631));
#257 = CARTESIAN_POINT('',(2.051766723705,0.708486614651));
#258 = CARTESIAN_POINT('',(2.048046119471,0.721116443318));
#259 = CARTESIAN_POINT('',(2.044823152707,0.733670668113));
#260 = CARTESIAN_POINT('',(2.04198498707,0.746215909583));
#261 = CARTESIAN_POINT('',(2.039460276378,0.758776188281));
#262 = CARTESIAN_POINT('',(2.037210024138,0.77131231518));
#263 = CARTESIAN_POINT('',(2.035177224143,0.783925942415));
#264 = CARTESIAN_POINT('',(2.033215953401,0.797529489881));
#265 = CARTESIAN_POINT('',(2.031373135411,0.811947852015));
#266 = CARTESIAN_POINT('',(2.029651803986,0.827254371372));
#267 = CARTESIAN_POINT('',(2.028068047119,0.843447833314));
#268 = CARTESIAN_POINT('',(2.02663543383,0.8605364707));
#269 = CARTESIAN_POINT('',(2.025368684144,0.878515070156));
#270 = CARTESIAN_POINT('',(2.024282496939,0.897361083193));
#271 = CARTESIAN_POINT('',(2.023389941325,0.917063146271));
#272 = CARTESIAN_POINT('',(2.022705217471,0.937546259623));
#273 = CARTESIAN_POINT('',(2.022239088625,0.958723106726));
#274 = CARTESIAN_POINT('',(2.021998762891,0.980500076046));
#275 = CARTESIAN_POINT('',(2.021987831345,1.002776119731));
#276 = CARTESIAN_POINT('',(2.022206228474,1.025443699474));
#277 = CARTESIAN_POINT('',(2.022650160276,1.048388190983));
#278 = CARTESIAN_POINT('',(2.023312256452,1.071491116345));
#279 = CARTESIAN_POINT('',(2.024180980879,1.094619424132));
#280 = CARTESIAN_POINT('',(2.025244741562,1.117710200806));
#281 = CARTESIAN_POINT('',(2.026490309614,1.140687963238));
#282 = CARTESIAN_POINT('',(2.027903979927,1.163492664544));
#283 = CARTESIAN_POINT('',(2.02947205756,1.186075733528));
#284 = CARTESIAN_POINT('',(2.031181234058,1.208399812135));
#285 = CARTESIAN_POINT('',(2.033019107975,1.230439938638));
#286 = CARTESIAN_POINT('',(2.034973806799,1.252175653734));
#287 = CARTESIAN_POINT('',(2.037034645256,1.273596601015));
#288 = CARTESIAN_POINT('',(2.039192594793,1.294704303855));
#289 = CARTESIAN_POINT('',(2.041439135231,1.315499265171));
#290 = CARTESIAN_POINT('',(2.043766540067,1.335984380407));
#291 = CARTESIAN_POINT('',(2.046167785165,1.356164024746));
#292 = CARTESIAN_POINT('',(2.048636564933,1.376044317186));
#293 = CARTESIAN_POINT('',(2.051167271982,1.395632992753));
#294 = CARTESIAN_POINT('',(2.053755032022,1.414939661339));
#295 = CARTESIAN_POINT('',(2.056395570872,1.433974912846));
#296 = CARTESIAN_POINT('',(2.059085714217,1.452753654775));
#297 = CARTESIAN_POINT('',(2.061820958831,1.471278705113));
#298 = CARTESIAN_POINT('',(2.064598188131,1.489560299279));
#299 = CARTESIAN_POINT('',(2.067414610443,1.507608438675));
#300 = CARTESIAN_POINT('',(2.070267636858,1.525432377024));
#301 = CARTESIAN_POINT('',(2.073154896608,1.543040897501));
#302 = CARTESIAN_POINT('',(2.076074217551,1.56044236276));
#303 = CARTESIAN_POINT('',(2.079023617806,1.577644811145));
#304 = CARTESIAN_POINT('',(2.082001296815,1.594656026202));
#305 = CARTESIAN_POINT('',(2.085005626789,1.611483600195));
#306 = CARTESIAN_POINT('',(2.088035152441,1.628134984331));
#307 = CARTESIAN_POINT('',(2.091088566497,1.64461753687));
#308 = CARTESIAN_POINT('',(2.093139377598,1.655498201948));
#309 = CARTESIAN_POINT('',(2.094168392067,1.660912825331));
#310 = ( GEOMETRIC_REPRESENTATION_CONTEXT(2) 
PARAMETRIC_REPRESENTATION_CONTEXT() REPRESENTATION_CONTEXT('2D SPACE',''
  ) );
#311 = PCURVE('',#312,#317);
#312 = CONICAL_SURFACE('',#313,0.42,2.821585297661E-02);
#313 = AXIS2_PLACEMENT_3D('',#314,#315,#316);
#314 = CARTESIAN_POINT('',(-6.,-0.48,8.));
#315 = DIRECTION('',(-0.639729113257,0.204619238431,-0.740862759838));
#316 = DIRECTION('',(0.756877032285,8.873457524317E-14,-0.653557310417)
  );
#317 = DEFINITIONAL_REPRESENTATION('',(#318),#410);
#318 = B_SPLINE_CURVE_WITH_KNOTS('',3,(#319,#320,#321,#322,#323,#324,
    #325,#326,#327,#328,#329,#330,#331,#332,#333,#334,#335,#336,#337,
    #338,#339,#340,#341,#342,#343,#344,#345,#346,#347,#348,#349,#350,
    #351,#352,#353,#354,#355,#356,#357,#358,#359,#360,#361,#362,#363,
    #364,#365,#366,#367,#368,#369,#370,#371,#372,#373,#374,#375,#376,
    #377,#378,#379,#380,#381,#382,#383,#384,#385,#386,#387,#388,#389,
    #390,#391,#392,#393,#394,#395,#396,#397,#398,#399,#400,#401,#402,
    #403,#404,#405,#406,#407,#408,#409),.UNSPECIFIED.,.F.,.F.,(4,1,1,1,1
    ,1,1,1,1,1,1,1,1,1,1,1,1,1,1,1,1,1,1,1,1,1,1,1,1,1,1,1,1,1,1,1,1,1,1
    ,1,1,1,1,1,1,1,1,1,1,1,1,1,1,1,1,1,1,1,1,1,1,1,1,1,1,1,1,1,1,1,1,1,1
    ,1,1,1,1,1,1,1,1,1,1,1,1,1,1,1,4),(0.,3.758764398441E-02,
    7.517528796882E-02,0.112762931953,0.150350575938,0.187938219922,
    0.225525863906,0.263113507891,0.300701151875,0.33828879586,
    0.375876439844,0.413464083829,0.451051727813,0.488639371797,
    0.526227015782,0.563814659766,0.601402303751,0.638989947735,
    0.676577591719,0.714165235704,0.751752879688,0.789340523673,
    0.826928167657,0.864515811641,0.902103455626,0.93969109961,
    0.977278743595,1.014866387579,1.052454031564,1.090041675548,
    1.127629319532,1.165216963517,1.202804607501,1.240392251486,
    1.27797989547,1.315567539454,1.353155183439,1.390742827423,
    1.428330471408,1.465918115392,1.503505759376,1.541093403361,
    1.578681047345,1.61626869133,1.653856335314,1.691443979299,
    1.729031623283,1.766619267267,1.804206911252,1.841794555236,
    1.879382199221,1.916969843205,1.954557487189,1.992145131174,
    2.029732775158,2.067320419143,2.104908063127,2.142495707111,
    2.180083351096,2.21767099508,2.255258639065,2.292846283049,
    2.330433927034,2.368021571018,2.405609215002,2.443196858987,
    2.480784502971,2.518372146956,2.55595979094,2.593547434924,
    2.631135078909,2.668722722893,2.706310366878,2.743898010862,
    2.781485654846,2.819073298831,2.856660942815,2.8942485868,
    2.931836230784,2.969423874769,3.007011518753,3.044599162737,
    3.082186806722,3.119774450706,3.157362094691,3.194949738675,
    3.232537382659,3.270125026644,3.307712670628),.UNSPECIFIED.);
#319 = CARTESIAN_POINT('',(2.823194511371,-4.280811160523E-16));
#320 = CARTESIAN_POINT('',(2.838640447969,-1.512027572221E-02));
#321 = CARTESIAN_POINT('',(2.869505444015,-4.544027227934E-02));
#322 = CARTESIAN_POINT('',(2.915728633408,-9.115166878186E-02));
#323 = CARTESIAN_POINT('',(2.961883528624,-0.137087783234));
#324 = CARTESIAN_POINT('',(3.007977247111,-0.183241057079));
#325 = CARTESIAN_POINT('',(3.054017625072,-0.229603324415));
#326 = CARTESIAN_POINT('',(3.10001331461,-0.276165666881));
#327 = CARTESIAN_POINT('',(3.145973940454,-0.322918527054));
#328 = CARTESIAN_POINT('',(3.191909728282,-0.369851200244));
#329 = CARTESIAN_POINT('',(3.237833382111,-0.416953553501));
#330 = CARTESIAN_POINT('',(3.283751288188,-0.46420704312));
#331 = CARTESIAN_POINT('',(3.329679499229,-0.511601002929));
#332 = CARTESIAN_POINT('',(3.375634833655,-0.559123352866));
#333 = CARTESIAN_POINT('',(3.421635118916,-0.60676074558));
#334 = CARTESIAN_POINT('',(3.467699229627,-0.65449844343));
#335 = CARTESIAN_POINT('',(3.513847213523,-0.702320274015));
#336 = CARTESIAN_POINT('',(3.560100421902,-0.750208566444));
#337 = CARTESIAN_POINT('',(3.606481664259,-0.798144090069));
#338 = CARTESIAN_POINT('',(3.65301538168,-0.8461059853));
#339 = CARTESIAN_POINT('',(3.699727843634,-0.894071685107));
#340 = CARTESIAN_POINT('',(3.746647371694,-0.942016821917));
#341 = CARTESIAN_POINT('',(3.793804603354,-0.989915121234));
#342 = CARTESIAN_POINT('',(3.841232787518,-1.037738260622));
#343 = CARTESIAN_POINT('',(3.888968196296,-1.08545575671));
#344 = CARTESIAN_POINT('',(3.93705040285,-1.133034629255));
#345 = CARTESIAN_POINT('',(3.985523436418,-1.180439761641));
#346 = CARTESIAN_POINT('',(4.034434127875,-1.227631509017));
#347 = CARTESIAN_POINT('',(4.083841498766,-1.274573407359));
#348 = CARTESIAN_POINT('',(4.133770218427,-1.321187487255));
#349 = CARTESIAN_POINT('',(4.184294491694,-1.367432444994));
#350 = CARTESIAN_POINT('',(4.235486182666,-1.413251818914));
#351 = CARTESIAN_POINT('',(4.287420021079,-1.45857711137));
#352 = CARTESIAN_POINT('',(4.340170352383,-1.503323777744));
#353 = CARTESIAN_POINT('',(4.393826427118,-1.547399230957));
#354 = CARTESIAN_POINT('',(4.44844366027,-1.590669031275));
#355 = CARTESIAN_POINT('',(4.50423467809,-1.633076622725));
#356 = CARTESIAN_POINT('',(4.560868342286,-1.674188187341));
#357 = CARTESIAN_POINT('',(4.620101398772,-1.714880152968));
#358 = CARTESIAN_POINT('',(4.674120866806,-1.74978840593));
#359 = CARTESIAN_POINT('',(4.723433807335,-1.779806705462));
#360 = CARTESIAN_POINT('',(4.769264395519,-1.806032471669));
#361 = CARTESIAN_POINT('',(4.81236146067,-1.829162016143));
#362 = CARTESIAN_POINT('',(4.853058169423,-1.849582848251));
#363 = CARTESIAN_POINT('',(4.892062481978,-1.867841240041));
#364 = CARTESIAN_POINT('',(4.932230763895,-1.885244604172));
#365 = CARTESIAN_POINT('',(4.972914183073,-1.901352079971));
#366 = CARTESIAN_POINT('',(5.014268383517,-1.916120500614));
#367 = CARTESIAN_POINT('',(5.056213755975,-1.9293885071));
#368 = CARTESIAN_POINT('',(5.098711455288,-1.941018375334));
#369 = CARTESIAN_POINT('',(5.141691951116,-1.950863169349));
#370 = CARTESIAN_POINT('',(5.185055817986,-1.958779054957));
#371 = CARTESIAN_POINT('',(5.228738157417,-1.964637007031));
#372 = CARTESIAN_POINT('',(5.272545950106,-1.968306945174));
#373 = CARTESIAN_POINT('',(5.316285248871,-1.969695334098));
#374 = CARTESIAN_POINT('',(5.359771464895,-1.968745510124));
#375 = CARTESIAN_POINT('',(5.402825909949,-1.965438472199));
#376 = CARTESIAN_POINT('',(5.445276408001,-1.959793083221));
#377 = CARTESIAN_POINT('',(5.48695534856,-1.951866785568));
#378 = CARTESIAN_POINT('',(5.527704086314,-1.941753473349));
#379 = CARTESIAN_POINT('',(5.567354936053,-1.929590850387));
#380 = CARTESIAN_POINT('',(5.605870789806,-1.915506489462));
#381 = CARTESIAN_POINT('',(5.643195035318,-1.899646113047));
#382 = CARTESIAN_POINT('',(5.679299318586,-1.882157682799));
#383 = CARTESIAN_POINT('',(5.714173669394,-1.863187107547));
#384 = CARTESIAN_POINT('',(5.747824476181,-1.842874515162));
#385 = CARTESIAN_POINT('',(5.780274493578,-1.821348904391));
#386 = CARTESIAN_POINT('',(5.811550106962,-1.798733064572));
#387 = CARTESIAN_POINT('',(5.841689078857,-1.775136235284));
#388 = CARTESIAN_POINT('',(5.87074180259,-1.750649230501));
#389 = CARTESIAN_POINT('',(5.898752987138,-1.725357765532));
#390 = CARTESIAN_POINT('',(5.925766929662,-1.699339135899));
#391 = CARTESIAN_POINT('',(5.951826450503,-1.672663278323));
#392 = CARTESIAN_POINT('',(5.976973471709,-1.645392592976));
#393 = CARTESIAN_POINT('',(6.001249004516,-1.617582187054));
#394 = CARTESIAN_POINT('',(6.024693564256,-1.589279520952));
#395 = CARTESIAN_POINT('',(6.047346231504,-1.560525872244));
#396 = CARTESIAN_POINT('',(6.069248519717,-1.531350975696));
#397 = CARTESIAN_POINT('',(6.090425647789,-1.50179928467));
#398 = CARTESIAN_POINT('',(6.110909793534,-1.471900435285));
#399 = CARTESIAN_POINT('',(6.1307309585,-1.441680831359));
#400 = CARTESIAN_POINT('',(6.14991666644,-1.411164922566));
#401 = CARTESIAN_POINT('',(6.168492436021,-1.380375022364));
#402 = CARTESIAN_POINT('',(6.186481991746,-1.34933149922));
#403 = CARTESIAN_POINT('',(6.20390749618,-1.318052851485));
#404 = CARTESIAN_POINT('',(6.220789729418,-1.286555791478));
#405 = CARTESIAN_POINT('',(6.237148252183,-1.254855326687));
#406 = CARTESIAN_POINT('',(6.253001504509,-1.222964761248));
#407 = CARTESIAN_POINT('',(6.268367018922,-1.190895937442));
#408 = CARTESIAN_POINT('',(6.278296408121,-1.169404322742));
#409 = CARTESIAN_POINT('',(6.28318530718,-1.158632129617));
#410 = ( GEOMETRIC_REPRESENTATION_CONTEXT(2) 
PARAMETRIC_REPRESENTATION_CONTEXT() REPRESENTATION_CONTEXT('2D SPACE',''
  ) );
#411 = ORIENTED_EDGE('',*,*,#412,.T.);
#412 = EDGE_CURVE('',#156,#101,#413,.T.);
#413 = SURFACE_CURVE('',#414,(#424,#437),.PCURVE_S1.);
#414 = B_SPLINE_CURVE_WITH_KNOTS('',8,(#415,#416,#417,#418,#419,#420,
    #421,#422,#423),.UNSPECIFIED.,.F.,.F.,(9,9),(0.,1.),
  .PIECEWISE_BEZIER_KNOTS.);
#415 = CARTESIAN_POINT('',(-4.965651177978,-0.717078423985,
    8.605264959519));
#416 = CARTESIAN_POINT('',(-5.054447744106,-0.712572806857,
    8.496456611407));
#417 = CARTESIAN_POINT('',(-5.146106710376,-0.704319680851,
    8.386865284831));
#418 = CARTESIAN_POINT('',(-5.239423296628,-0.692956302552,8.27660869839
    ));
#419 = CARTESIAN_POINT('',(-5.333704385838,-0.678864239415,8.16581893502
    ));
#420 = CARTESIAN_POINT('',(-5.428417804028,-0.66235727639,8.054587161634
    ));
#421 = CARTESIAN_POINT('',(-5.52323418591,-0.643655947093,7.942964181653
    ));
#422 = CARTESIAN_POINT('',(-5.617942095028,-0.622929546187,
    7.830949346643));
#423 = CARTESIAN_POINT('',(-5.712462533379,-0.600302750852,
    7.718487205572));
#424 = PCURVE('',#53,#425);
#425 = DEFINITIONAL_REPRESENTATION('',(#426),#436);
#426 = B_SPLINE_CURVE_WITH_KNOTS('',8,(#427,#428,#429,#430,#431,#432,
    #433,#434,#435),.UNSPECIFIED.,.F.,.F.,(9,9),(0.,1.),
  .PIECEWISE_BEZIER_KNOTS.);
#427 = CARTESIAN_POINT('',(2.094168392067,1.660912825331));
#428 = CARTESIAN_POINT('',(2.107383315125,1.730448144798));
#429 = CARTESIAN_POINT('',(2.121038758748,1.796668287462));
#430 = CARTESIAN_POINT('',(2.135021594716,1.860432003887));
#431 = CARTESIAN_POINT('',(2.149261011987,1.922177869356));
#432 = CARTESIAN_POINT('',(2.163701383053,1.982293649854));
#433 = CARTESIAN_POINT('',(2.178306308538,2.041075471216));
#434 = CARTESIAN_POINT('',(2.193052702303,2.098803434672));
#435 = CARTESIAN_POINT('',(2.207932120341,2.15572072444));
#436 = ( GEOMETRIC_REPRESENTATION_CONTEXT(2) 
PARAMETRIC_REPRESENTATION_CONTEXT() REPRESENTATION_CONTEXT('2D SPACE',''
  ) );
#437 = PCURVE('',#312,#438);
#438 = DEFINITIONAL_REPRESENTATION('',(#439),#449);
#439 = B_SPLINE_CURVE_WITH_KNOTS('',8,(#440,#441,#442,#443,#444,#445,
    #446,#447,#448),.UNSPECIFIED.,.F.,.F.,(9,9),(0.,1.),
  .PIECEWISE_BEZIER_KNOTS.);
#440 = CARTESIAN_POINT('',(-4.138911435803E-13,-1.158632129617));
#441 = CARTESIAN_POINT('',(6.278302962059E-02,-1.020292392087));
#442 = CARTESIAN_POINT('',(0.115949957051,-0.878774601856));
#443 = CARTESIAN_POINT('',(0.161351574075,-0.735067100136));
#444 = CARTESIAN_POINT('',(0.199855614117,-0.589789225482));
#445 = CARTESIAN_POINT('',(0.232196503007,-0.443413173604));
#446 = CARTESIAN_POINT('',(0.258871925452,-0.296232412958));
#447 = CARTESIAN_POINT('',(0.280330641791,-0.148416366049));
#448 = CARTESIAN_POINT('',(0.29697254522,0.));
#449 = ( GEOMETRIC_REPRESENTATION_CONTEXT(2) 
PARAMETRIC_REPRESENTATION_CONTEXT() REPRESENTATION_CONTEXT('2D SPACE',''
  ) );
#450 = ADVANCED_FACE('',(#451),#312,.T.);
#451 = FACE_BOUND('',#452,.T.);
#452 = EDGE_LOOP('',(#453,#454,#477,#528,#565,#594,#629,#678,#720,#721,
    #722));
#453 = ORIENTED_EDGE('',*,*,#412,.F.);
#454 = ORIENTED_EDGE('',*,*,#455,.T.);
#455 = EDGE_CURVE('',#156,#456,#458,.T.);
#456 = VERTEX_POINT('',#457);
#457 = CARTESIAN_POINT('',(-3.13757796244,-1.321992073719,10.85));
#458 = SEAM_CURVE('',#459,(#463,#470),.PCURVE_S1.);
#459 = LINE('',#460,#461);
#460 = CARTESIAN_POINT('',(-5.68211164644,-0.48,7.725505929625));
#461 = VECTOR('',#462,1.);
#462 = DIRECTION('',(0.618121377509,-0.204537791632,0.759006096458));
#463 = PCURVE('',#312,#464);
#464 = DEFINITIONAL_REPRESENTATION('',(#465),#469);
#465 = LINE('',#466,#467);
#466 = CARTESIAN_POINT('',(0.,0.));
#467 = VECTOR('',#468,1.);
#468 = DIRECTION('',(-0.,-1.));
#469 = ( GEOMETRIC_REPRESENTATION_CONTEXT(2) 
PARAMETRIC_REPRESENTATION_CONTEXT() REPRESENTATION_CONTEXT('2D SPACE',''
  ) );
#470 = PCURVE('',#312,#471);
#471 = DEFINITIONAL_REPRESENTATION('',(#472),#476);
#472 = LINE('',#473,#474);
#473 = CARTESIAN_POINT('',(6.283185307179,0.));
#474 = VECTOR('',#475,1.);
#475 = DIRECTION('',(-0.,-1.));
#476 = ( GEOMETRIC_REPRESENTATION_CONTEXT(2) 
PARAMETRIC_REPRESENTATION_CONTEXT() REPRESENTATION_CONTEXT('2D SPACE',''
  ) );
#477 = ORIENTED_EDGE('',*,*,#478,.F.);
#478 = EDGE_CURVE('',#479,#456,#481,.T.);
#479 = VERTEX_POINT('',#480);
#480 = CARTESIAN_POINT('',(-3.323591297719,-1.560911150618,10.85));
#481 = SURFACE_CURVE('',#482,(#487,#516),.PCURVE_S1.);
#482 = ELLIPSE('',#483,0.420634712776,0.311530566108);
#483 = AXIS2_PLACEMENT_3D('',#484,#485,#486);
#484 = CARTESIAN_POINT('',(-3.549298753212,-1.26386400173,10.85));
#485 = DIRECTION('',(0.,0.,1.));
#486 = DIRECTION('',(-0.952464797172,0.304648666743,0.));
#487 = PCURVE('',#312,#488);
#488 = DEFINITIONAL_REPRESENTATION('',(#489),#515);
#489 = B_SPLINE_CURVE_WITH_KNOTS('',3,(#490,#491,#492,#493,#494,#495,
    #496,#497,#498,#499,#500,#501,#502,#503,#504,#505,#506,#507,#508,
    #509,#510,#511,#512,#513,#514),.UNSPECIFIED.,.F.,.F.,(4,1,1,1,1,1,1,
    1,1,1,1,1,1,1,1,1,1,1,1,1,1,1,4),(2.383603989802,2.428369250496,
    2.47313451119,2.517899771884,2.562665032577,2.607430293271,
    2.652195553965,2.696960814659,2.741726075352,2.786491336046,
    2.83125659674,2.876021857434,2.920787118127,2.965552378821,
    3.010317639515,3.055082900208,3.099848160902,3.144613421596,
    3.18937868229,3.234143942983,3.278909203677,3.323674464371,
    3.368439725065),.QUASI_UNIFORM_KNOTS.);
#490 = CARTESIAN_POINT('',(1.008421449646,-4.044810647814));
#491 = CARTESIAN_POINT('',(0.993222158608,-4.047708870491));
#492 = CARTESIAN_POINT('',(0.962811357109,-4.053367992391));
#493 = CARTESIAN_POINT('',(0.917160293193,-4.061428646735));
#494 = CARTESIAN_POINT('',(0.871476134741,-4.069044867814));
#495 = CARTESIAN_POINT('',(0.825760752036,-4.076201464003));
#496 = CARTESIAN_POINT('',(0.780016078079,-4.082884078117));
#497 = CARTESIAN_POINT('',(0.734244114258,-4.089079325807));
#498 = CARTESIAN_POINT('',(0.688446923414,-4.094774793001));
#499 = CARTESIAN_POINT('',(0.64262662604,-4.099959068645));
#500 = CARTESIAN_POINT('',(0.596785395418,-4.104621765464));
#501 = CARTESIAN_POINT('',(0.550925452828,-4.10875354133));
#502 = CARTESIAN_POINT('',(0.505049062549,-4.112346117837));
#503 = CARTESIAN_POINT('',(0.459158526738,-4.115392296922));
#504 = CARTESIAN_POINT('',(0.413256180191,-4.117885975275));
#505 = CARTESIAN_POINT('',(0.367344384998,-4.119822156588));
#506 = CARTESIAN_POINT('',(0.321425525113,-4.121196961506));
#507 = CARTESIAN_POINT('',(0.27550200085,-4.122007635601));
#508 = CARTESIAN_POINT('',(0.229576223347,-4.122252554155));
#509 = CARTESIAN_POINT('',(0.183650608925,-4.121931228148));
#510 = CARTESIAN_POINT('',(0.137727573681,-4.121044295061));
#511 = CARTESIAN_POINT('',(9.180952715812E-02,-4.119593555549));
#512 = CARTESIAN_POINT('',(4.58988694756E-02,-4.117581828227));
#513 = CARTESIAN_POINT('',(1.529827359656E-02,-4.11586959107));
#514 = CARTESIAN_POINT('',(0.,-4.114921354284));
#515 = ( GEOMETRIC_REPRESENTATION_CONTEXT(2) 
PARAMETRIC_REPRESENTATION_CONTEXT() REPRESENTATION_CONTEXT('2D SPACE',''
  ) );
#516 = PCURVE('',#517,#522);
#517 = PLANE('',#518);
#518 = AXIS2_PLACEMENT_3D('',#519,#520,#521);
#519 = CARTESIAN_POINT('',(-1.862043602377E-16,2.22516850847E-16,10.85)
  );
#520 = DIRECTION('',(0.,0.,1.));
#521 = DIRECTION('',(1.,0.,-0.));
#522 = DEFINITIONAL_REPRESENTATION('',(#523),#527);
#523 = ELLIPSE('',#524,0.420634712776,0.311530566108);
#524 = AXIS2_PLACEMENT_2D('',#525,#526);
#525 = CARTESIAN_POINT('',(-3.549298753212,-1.26386400173));
#526 = DIRECTION('',(-0.952464797172,0.304648666743));
#527 = ( GEOMETRIC_REPRESENTATION_CONTEXT(2) 
PARAMETRIC_REPRESENTATION_CONTEXT() REPRESENTATION_CONTEXT('2D SPACE',''
  ) );
#528 = ORIENTED_EDGE('',*,*,#529,.F.);
#529 = EDGE_CURVE('',#530,#479,#532,.T.);
#530 = VERTEX_POINT('',#531);
#531 = CARTESIAN_POINT('',(-3.285163448284,-1.64024505866,11.07429567565
    ));
#532 = SURFACE_CURVE('',#533,(#540,#550),.PCURVE_S1.);
#533 = B_SPLINE_CURVE_WITH_KNOTS('',5,(#534,#535,#536,#537,#538,#539),
  .UNSPECIFIED.,.F.,.F.,(6,6),(0.,1.),.PIECEWISE_BEZIER_KNOTS.);
#534 = CARTESIAN_POINT('',(-3.285163448284,-1.64024505866,11.07429567565
    ));
#535 = CARTESIAN_POINT('',(-3.290475864232,-1.629605090807,
    11.029532426112));
#536 = CARTESIAN_POINT('',(-3.297167098859,-1.616096011288,
    10.984278884148));
#537 = CARTESIAN_POINT('',(-3.305025942096,-1.600023940451,
    10.939019159802));
#538 = CARTESIAN_POINT('',(-3.313879870249,-1.581589344192,
    10.89413282531));
#539 = CARTESIAN_POINT('',(-3.323591429749,-1.560910869492,10.8499994));
#540 = PCURVE('',#312,#541);
#541 = DEFINITIONAL_REPRESENTATION('',(#542),#549);
#542 = B_SPLINE_CURVE_WITH_KNOTS('',5,(#543,#544,#545,#546,#547,#548),
  .UNSPECIFIED.,.F.,.F.,(6,6),(0.,1.),.PIECEWISE_BEZIER_KNOTS.);
#543 = CARTESIAN_POINT('',(1.41830933773,-4.251799618985));
#544 = CARTESIAN_POINT('',(1.333766913185,-4.21306054513));
#545 = CARTESIAN_POINT('',(1.2510870514,-4.172489085981));
#546 = CARTESIAN_POINT('',(1.169666272403,-4.130641655982));
#547 = CARTESIAN_POINT('',(1.088980391454,-4.087950853678));
#548 = CARTESIAN_POINT('',(1.008420354419,-4.044810061309));
#549 = ( GEOMETRIC_REPRESENTATION_CONTEXT(2) 
PARAMETRIC_REPRESENTATION_CONTEXT() REPRESENTATION_CONTEXT('2D SPACE',''
  ) );
#550 = PCURVE('',#551,#556);
#551 = CYLINDRICAL_SURFACE('',#552,3.67188);
#552 = AXIS2_PLACEMENT_3D('',#553,#554,#555);
#553 = CARTESIAN_POINT('',(0.,0.,10.85));
#554 = DIRECTION('',(-0.,-0.,-1.));
#555 = DIRECTION('',(1.,0.,0.));
#556 = DEFINITIONAL_REPRESENTATION('',(#557),#564);
#557 = B_SPLINE_CURVE_WITH_KNOTS('',5,(#558,#559,#560,#561,#562,#563),
  .UNSPECIFIED.,.F.,.F.,(6,6),(0.,1.),.PIECEWISE_BEZIER_KNOTS.);
#558 = CARTESIAN_POINT('',(2.67851422911,-0.22429567565));
#559 = CARTESIAN_POINT('',(2.681753023167,-0.179532426112));
#560 = CARTESIAN_POINT('',(2.685858639284,-0.134278884148));
#561 = CARTESIAN_POINT('',(2.690730863321,-8.901915980224E-02));
#562 = CARTESIAN_POINT('',(2.696300165864,-4.413282531024E-02));
#563 = CARTESIAN_POINT('',(2.70252189171,5.999999999895E-07));
#564 = ( GEOMETRIC_REPRESENTATION_CONTEXT(2) 
PARAMETRIC_REPRESENTATION_CONTEXT() REPRESENTATION_CONTEXT('2D SPACE',''
  ) );
#565 = ORIENTED_EDGE('',*,*,#566,.F.);
#566 = EDGE_CURVE('',#567,#530,#569,.T.);
#567 = VERTEX_POINT('',#568);
#568 = CARTESIAN_POINT('',(-3.21006882536,-1.05895081032,11.17));
#569 = SURFACE_CURVE('',#570,(#575,#582),.PCURVE_S1.);
#570 = CIRCLE('',#571,0.3);
#571 = AXIS2_PLACEMENT_3D('',#572,#573,#574);
#572 = CARTESIAN_POINT('',(-3.28,-1.35,11.15));
#573 = DIRECTION('',(0.639729113257,-0.204619238431,0.740862759838));
#574 = DIRECTION('',(0.756877032285,8.873457524317E-14,-0.653557310417)
  );
#575 = PCURVE('',#312,#576);
#576 = DEFINITIONAL_REPRESENTATION('',(#577),#581);
#577 = LINE('',#578,#579);
#578 = CARTESIAN_POINT('',(6.28318530718,-4.251799618985));
#579 = VECTOR('',#580,1.);
#580 = DIRECTION('',(-1.,-0.));
#581 = ( GEOMETRIC_REPRESENTATION_CONTEXT(2) 
PARAMETRIC_REPRESENTATION_CONTEXT() REPRESENTATION_CONTEXT('2D SPACE',''
  ) );
#582 = PCURVE('',#583,#588);
#583 = PLANE('',#584);
#584 = AXIS2_PLACEMENT_3D('',#585,#586,#587);
#585 = CARTESIAN_POINT('',(-3.28,-1.35,11.15));
#586 = DIRECTION('',(0.639729113257,-0.204619238431,0.740862759838));
#587 = DIRECTION('',(0.756877032285,8.873457524317E-14,-0.653557310417)
  );
#588 = DEFINITIONAL_REPRESENTATION('',(#589),#593);
#589 = CIRCLE('',#590,0.3);
#590 = AXIS2_PLACEMENT_2D('',#591,#592);
#591 = CARTESIAN_POINT('',(0.,0.));
#592 = DIRECTION('',(1.,1.387778780781E-17));
#593 = ( GEOMETRIC_REPRESENTATION_CONTEXT(2) 
PARAMETRIC_REPRESENTATION_CONTEXT() REPRESENTATION_CONTEXT('2D SPACE',''
  ) );
#594 = ORIENTED_EDGE('',*,*,#595,.T.);
#595 = EDGE_CURVE('',#567,#596,#598,.T.);
#596 = VERTEX_POINT('',#597);
#597 = CARTESIAN_POINT('',(-3.510796174919,-1.075645365616,11.17));
#598 = SURFACE_CURVE('',#599,(#604,#617),.PCURVE_S1.);
#599 = ELLIPSE('',#600,0.404169500778,0.299336097465);
#600 = AXIS2_PLACEMENT_3D('',#601,#602,#603);
#601 = CARTESIAN_POINT('',(-3.272580025257,-1.352373300745,11.17));
#602 = DIRECTION('',(0.,0.,1.));
#603 = DIRECTION('',(-0.952464797172,0.304648666743,0.));
#604 = PCURVE('',#312,#605);
#605 = DEFINITIONAL_REPRESENTATION('',(#606),#616);
#606 = B_SPLINE_CURVE_WITH_KNOTS('',8,(#607,#608,#609,#610,#611,#612,
    #613,#614,#615),.UNSPECIFIED.,.F.,.F.,(9,9),(4.786314052352,
    5.5911788596),.PIECEWISE_BEZIER_KNOTS.);
#607 = CARTESIAN_POINT('',(4.845643504411,-4.251799618985));
#608 = CARTESIAN_POINT('',(4.745258051298,-4.224562830882));
#609 = CARTESIAN_POINT('',(4.645166531016,-4.197557938724));
#610 = CARTESIAN_POINT('',(4.545364107172,-4.17120516279));
#611 = CARTESIAN_POINT('',(4.445839564905,-4.145919492077));
#612 = CARTESIAN_POINT('',(4.346575792333,-4.122097401608));
#613 = CARTESIAN_POINT('',(4.247550464164,-4.100103412733));
#614 = CARTESIAN_POINT('',(4.148736873114,-4.080258543207));
#615 = CARTESIAN_POINT('',(4.050104854783,-4.062831593247));
#616 = ( GEOMETRIC_REPRESENTATION_CONTEXT(2) 
PARAMETRIC_REPRESENTATION_CONTEXT() REPRESENTATION_CONTEXT('2D SPACE',''
  ) );
#617 = PCURVE('',#618,#623);
#618 = PLANE('',#619);
#619 = AXIS2_PLACEMENT_3D('',#620,#621,#622);
#620 = CARTESIAN_POINT('',(-1.862043602377E-16,2.22516850847E-16,11.17)
  );
#621 = DIRECTION('',(0.,0.,1.));
#622 = DIRECTION('',(1.,0.,-0.));
#623 = DEFINITIONAL_REPRESENTATION('',(#624),#628);
#624 = ELLIPSE('',#625,0.404169500778,0.299336097465);
#625 = AXIS2_PLACEMENT_2D('',#626,#627);
#626 = CARTESIAN_POINT('',(-3.272580025257,-1.352373300745));
#627 = DIRECTION('',(-0.952464797172,0.304648666743));
#628 = ( GEOMETRIC_REPRESENTATION_CONTEXT(2) 
PARAMETRIC_REPRESENTATION_CONTEXT() REPRESENTATION_CONTEXT('2D SPACE',''
  ) );
#629 = ORIENTED_EDGE('',*,*,#630,.F.);
#630 = EDGE_CURVE('',#631,#596,#633,.T.);
#631 = VERTEX_POINT('',#632);
#632 = CARTESIAN_POINT('',(-3.547987114511,-0.94577490433,10.85));
#633 = SURFACE_CURVE('',#634,(#645,#659),.PCURVE_S1.);
#634 = B_SPLINE_CURVE_WITH_KNOTS('',5,(#635,#636,#637,#638,#639,#640,
    #641,#642,#643,#644),.UNSPECIFIED.,.F.,.F.,(6,4,6),(0.,
    0.562556958106,1.),.UNSPECIFIED.);
#635 = CARTESIAN_POINT('',(-3.547987146927,-0.945774782726,10.8499994));
#636 = CARTESIAN_POINT('',(-3.545971877602,-0.953334880324,
    10.887301325951));
#637 = CARTESIAN_POINT('',(-3.543336837126,-0.963139156137,
    10.924667265111));
#638 = CARTESIAN_POINT('',(-3.540101473368,-0.975017889191,
    10.961822092295));
#639 = CARTESIAN_POINT('',(-3.536265449465,-0.988834429599,
    10.998543192793));
#640 = CARTESIAN_POINT('',(-3.528362590425,-1.016621792785,
    11.062676161005));
#641 = CARTESIAN_POINT('',(-3.524536958004,-1.029874408133,
    11.09034092426));
#642 = CARTESIAN_POINT('',(-3.520338537607,-1.044166343577,
    11.117516920064));
#643 = CARTESIAN_POINT('',(-3.51576038946,-1.059442684582,
    11.144105397993));
#644 = CARTESIAN_POINT('',(-3.510796059894,-1.075645741046,11.1700006));
#645 = PCURVE('',#312,#646);
#646 = DEFINITIONAL_REPRESENTATION('',(#647),#658);
#647 = B_SPLINE_CURVE_WITH_KNOTS('',5,(#648,#649,#650,#651,#652,#653,
    #654,#655,#656,#657),.UNSPECIFIED.,.F.,.F.,(6,4,6),(0.,
    0.562556958106,1.),.UNSPECIFIED.);
#648 = CARTESIAN_POINT('',(4.690802299504,-3.775388910534));
#649 = CARTESIAN_POINT('',(4.617815131269,-3.805860686213));
#650 = CARTESIAN_POINT('',(4.545544963516,-3.83723557458));
#651 = CARTESIAN_POINT('',(4.473698457764,-3.869262576088));
#652 = CARTESIAN_POINT('',(4.402038492754,-3.901749018094));
#653 = CARTESIAN_POINT('',(4.274557153691,-3.960004264019));
#654 = CARTESIAN_POINT('',(4.218760196989,-3.985659165371));
#655 = CARTESIAN_POINT('',(4.162820685449,-4.011403105327));
#656 = CARTESIAN_POINT('',(4.106636806635,-4.037156126382));
#657 = CARTESIAN_POINT('',(4.050103521634,-4.062832200432));
#658 = ( GEOMETRIC_REPRESENTATION_CONTEXT(2) 
PARAMETRIC_REPRESENTATION_CONTEXT() REPRESENTATION_CONTEXT('2D SPACE',''
  ) );
#659 = PCURVE('',#660,#665);
#660 = CYLINDRICAL_SURFACE('',#661,3.67188);
#661 = AXIS2_PLACEMENT_3D('',#662,#663,#664);
#662 = CARTESIAN_POINT('',(0.,0.,10.85));
#663 = DIRECTION('',(-0.,-0.,-1.));
#664 = DIRECTION('',(1.,0.,0.));
#665 = DEFINITIONAL_REPRESENTATION('',(#666),#677);
#666 = B_SPLINE_CURVE_WITH_KNOTS('',5,(#667,#668,#669,#670,#671,#672,
    #673,#674,#675,#676),.UNSPECIFIED.,.F.,.F.,(6,4,6),(0.,
    0.562556958106,1.),.UNSPECIFIED.);
#667 = CARTESIAN_POINT('',(2.881083710531,6.000000176698E-07));
#668 = CARTESIAN_POINT('',(2.878952897401,-3.730132595091E-02));
#669 = CARTESIAN_POINT('',(2.876188051283,-7.466726511064E-02));
#670 = CARTESIAN_POINT('',(2.8728351779,-0.111822092295));
#671 = CARTESIAN_POINT('',(2.868930123662,-0.148543192793));
#672 = CARTESIAN_POINT('',(2.861062405033,-0.212676161005));
#673 = CARTESIAN_POINT('',(2.857305846082,-0.24034092426));
#674 = CARTESIAN_POINT('',(2.853249177944,-0.267516920064));
#675 = CARTESIAN_POINT('',(2.848906088631,-0.294105397993));
#676 = CARTESIAN_POINT('',(2.844290879947,-0.3200006));
#677 = ( GEOMETRIC_REPRESENTATION_CONTEXT(2) 
PARAMETRIC_REPRESENTATION_CONTEXT() REPRESENTATION_CONTEXT('2D SPACE',''
  ) );
#678 = ORIENTED_EDGE('',*,*,#679,.F.);
#679 = EDGE_CURVE('',#456,#631,#680,.T.);
#680 = SURFACE_CURVE('',#681,(#686,#713),.PCURVE_S1.);
#681 = ELLIPSE('',#682,0.420634712776,0.311530566108);
#682 = AXIS2_PLACEMENT_3D('',#683,#684,#685);
#683 = CARTESIAN_POINT('',(-3.549298753212,-1.26386400173,10.85));
#684 = DIRECTION('',(0.,0.,1.));
#685 = DIRECTION('',(-0.952464797172,0.304648666743,0.));
#686 = PCURVE('',#312,#687);
#687 = DEFINITIONAL_REPRESENTATION('',(#688),#712);
#688 = B_SPLINE_CURVE_WITH_KNOTS('',8,(#689,#690,#691,#692,#693,#694,
    #695,#696,#697,#698,#699,#700,#701,#702,#703,#704,#705,#706,#707,
    #708,#709,#710,#711),.UNSPECIFIED.,.F.,.F.,(9,7,7,9),(3.368439725064
    ,4.939236051859,7.295430542051,9.651625032244),.UNSPECIFIED.);
#689 = CARTESIAN_POINT('',(6.28318530718,-4.114921354284));
#690 = CARTESIAN_POINT('',(6.081881262413,-4.102445101104));
#691 = CARTESIAN_POINT('',(5.880843878446,-4.077839468638));
#692 = CARTESIAN_POINT('',(5.680374290685,-4.041838585749));
#693 = CARTESIAN_POINT('',(5.480750024421,-3.996169355023));
#694 = CARTESIAN_POINT('',(5.282177397279,-3.943476087072));
#695 = CARTESIAN_POINT('',(5.08476459065,-3.886999679926));
#696 = CARTESIAN_POINT('',(4.888516766023,-3.83014828741));
#697 = CARTESIAN_POINT('',(4.400611356376,-3.695018619867));
#698 = CARTESIAN_POINT('',(4.110310658519,-3.620239904537));
#699 = CARTESIAN_POINT('',(3.82218410154,-3.562478902252));
#700 = CARTESIAN_POINT('',(3.535525650581,-3.531279191594));
#701 = CARTESIAN_POINT('',(3.249312927628,-3.532078161705));
#702 = CARTESIAN_POINT('',(2.962462149437,-3.563628462859));
#703 = CARTESIAN_POINT('',(2.674066460755,-3.619348914711));
#704 = CARTESIAN_POINT('',(2.093088743862,-3.760476369506));
#705 = CARTESIAN_POINT('',(1.80050674311,-3.845883883856));
#706 = CARTESIAN_POINT('',(1.505281752002,-3.936802684853));
#707 = CARTESIAN_POINT('',(1.207224560879,-4.021181671339));
#708 = CARTESIAN_POINT('',(0.906650102508,-4.086721612125));
#709 = CARTESIAN_POINT('',(0.604511947756,-4.125058879445));
#710 = CARTESIAN_POINT('',(0.301956067151,-4.133635734056));
#711 = CARTESIAN_POINT('',(-4.138911435803E-13,-4.114921354284));
#712 = ( GEOMETRIC_REPRESENTATION_CONTEXT(2) 
PARAMETRIC_REPRESENTATION_CONTEXT() REPRESENTATION_CONTEXT('2D SPACE',''
  ) );
#713 = PCURVE('',#517,#714);
#714 = DEFINITIONAL_REPRESENTATION('',(#715),#719);
#715 = ELLIPSE('',#716,0.420634712776,0.311530566108);
#716 = AXIS2_PLACEMENT_2D('',#717,#718);
#717 = CARTESIAN_POINT('',(-3.549298753212,-1.26386400173));
#718 = DIRECTION('',(-0.952464797172,0.304648666743));
#719 = ( GEOMETRIC_REPRESENTATION_CONTEXT(2) 
PARAMETRIC_REPRESENTATION_CONTEXT() REPRESENTATION_CONTEXT('2D SPACE',''
  ) );
#720 = ORIENTED_EDGE('',*,*,#455,.F.);
#721 = ORIENTED_EDGE('',*,*,#155,.F.);
#722 = ORIENTED_EDGE('',*,*,#723,.T.);
#723 = EDGE_CURVE('',#99,#101,#724,.T.);
#724 = SURFACE_CURVE('',#725,(#730,#737),.PCURVE_S1.);
#725 = CIRCLE('',#726,0.42);
#726 = AXIS2_PLACEMENT_3D('',#727,#728,#729);
#727 = CARTESIAN_POINT('',(-6.,-0.48,8.));
#728 = DIRECTION('',(0.639729113257,-0.204619238431,0.740862759838));
#729 = DIRECTION('',(0.756877032285,8.873457524317E-14,-0.653557310417)
  );
#730 = PCURVE('',#312,#731);
#731 = DEFINITIONAL_REPRESENTATION('',(#732),#736);
#732 = LINE('',#733,#734);
#733 = CARTESIAN_POINT('',(6.28318530718,0.));
#734 = VECTOR('',#735,1.);
#735 = DIRECTION('',(-1.,-0.));
#736 = ( GEOMETRIC_REPRESENTATION_CONTEXT(2) 
PARAMETRIC_REPRESENTATION_CONTEXT() REPRESENTATION_CONTEXT('2D SPACE',''
  ) );
#737 = PCURVE('',#134,#738);
#738 = DEFINITIONAL_REPRESENTATION('',(#739),#743);
#739 = CIRCLE('',#740,0.42);
#740 = AXIS2_PLACEMENT_2D('',#741,#742);
#741 = CARTESIAN_POINT('',(0.,0.));
#742 = DIRECTION('',(1.,1.387778780781E-17));
#743 = ( GEOMETRIC_REPRESENTATION_CONTEXT(2) 
PARAMETRIC_REPRESENTATION_CONTEXT() REPRESENTATION_CONTEXT('2D SPACE',''
  ) );
#744 = ADVANCED_FACE('',(#745),#134,.F.);
#745 = FACE_BOUND('',#746,.F.);
#746 = EDGE_LOOP('',(#747,#748));
#747 = ORIENTED_EDGE('',*,*,#98,.F.);
#748 = ORIENTED_EDGE('',*,*,#723,.T.);
#749 = ADVANCED_FACE('',(#750,#1027),#517,.F.);
#750 = FACE_BOUND('',#751,.F.);
#751 = EDGE_LOOP('',(#752,#796,#829,#871,#900,#935,#981,#1003,#1004,
    #1005));
#752 = ORIENTED_EDGE('',*,*,#753,.F.);
#753 = EDGE_CURVE('',#754,#756,#758,.T.);
#754 = VERTEX_POINT('',#755);
#755 = CARTESIAN_POINT('',(3.547987114511,-0.94577490433,10.85));
#756 = VERTEX_POINT('',#757);
#757 = CARTESIAN_POINT('',(3.323591297719,-1.560911150618,10.85));
#758 = SURFACE_CURVE('',#759,(#764,#771),.PCURVE_S1.);
#759 = ELLIPSE('',#760,0.420634712776,0.311530566108);
#760 = AXIS2_PLACEMENT_3D('',#761,#762,#763);
#761 = CARTESIAN_POINT('',(3.549298753212,-1.26386400173,10.85));
#762 = DIRECTION('',(0.,0.,1.));
#763 = DIRECTION('',(0.952464797172,0.304648666743,-0.));
#764 = PCURVE('',#517,#765);
#765 = DEFINITIONAL_REPRESENTATION('',(#766),#770);
#766 = ELLIPSE('',#767,0.420634712776,0.311530566108);
#767 = AXIS2_PLACEMENT_2D('',#768,#769);
#768 = CARTESIAN_POINT('',(3.549298753212,-1.26386400173));
#769 = DIRECTION('',(0.952464797172,0.304648666743));
#770 = ( GEOMETRIC_REPRESENTATION_CONTEXT(2) 
PARAMETRIC_REPRESENTATION_CONTEXT() REPRESENTATION_CONTEXT('2D SPACE',''
  ) );
#771 = PCURVE('',#772,#777);
#772 = CONICAL_SURFACE('',#773,0.42,2.821585297661E-02);
#773 = AXIS2_PLACEMENT_3D('',#774,#775,#776);
#774 = CARTESIAN_POINT('',(6.,-0.48,8.));
#775 = DIRECTION('',(0.639729113257,0.204619238431,-0.740862759838));
#776 = DIRECTION('',(0.756877032285,-8.873457524317E-14,0.653557310417)
  );
#777 = DEFINITIONAL_REPRESENTATION('',(#778),#795);
#778 = B_SPLINE_CURVE_WITH_KNOTS('',8,(#779,#780,#781,#782,#783,#784,
    #785,#786,#787,#788,#789,#790,#791,#792,#793,#794),.UNSPECIFIED.,.F.
  ,.F.,(9,7,9),(1.341380161391,3.688340276971,3.89958131738),
  .UNSPECIFIED.);
#779 = CARTESIAN_POINT('',(4.733976835244,-3.775389400845));
#780 = CARTESIAN_POINT('',(4.442399468308,-3.856101295599));
#781 = CARTESIAN_POINT('',(4.148400315872,-3.943133040866));
#782 = CARTESIAN_POINT('',(3.851711496899,-4.025895857582));
#783 = CARTESIAN_POINT('',(3.552491870895,-4.092660947852));
#784 = CARTESIAN_POINT('',(3.251436078142,-4.133386012413));
#785 = CARTESIAN_POINT('',(2.949739544936,-4.143419183852));
#786 = CARTESIAN_POINT('',(2.648545004212,-4.124065503847));
#787 = CARTESIAN_POINT('',(2.321731438056,-4.077094848584));
#788 = CARTESIAN_POINT('',(2.294756195758,-4.073023989887));
#789 = CARTESIAN_POINT('',(2.267792660108,-4.068764949506));
#790 = CARTESIAN_POINT('',(2.240841441236,-4.064322132947));
#791 = CARTESIAN_POINT('',(2.213903129702,-4.059700222686));
#792 = CARTESIAN_POINT('',(2.186978294871,-4.05490416802));
#793 = CARTESIAN_POINT('',(2.160067483471,-4.049939173851));
#794 = CARTESIAN_POINT('',(2.133171218324,-4.044810688524));
#795 = ( GEOMETRIC_REPRESENTATION_CONTEXT(2) 
PARAMETRIC_REPRESENTATION_CONTEXT() REPRESENTATION_CONTEXT('2D SPACE',''
  ) );
#796 = ORIENTED_EDGE('',*,*,#797,.F.);
#797 = EDGE_CURVE('',#798,#754,#800,.T.);
#798 = VERTEX_POINT('',#799);
#799 = CARTESIAN_POINT('',(3.547987114511,0.94577490433,10.85));
#800 = SURFACE_CURVE('',#801,(#806,#817),.PCURVE_S1.);
#801 = CIRCLE('',#802,3.67188);
#802 = AXIS2_PLACEMENT_3D('',#803,#804,#805);
#803 = CARTESIAN_POINT('',(0.,0.,10.85));
#804 = DIRECTION('',(0.,0.,-1.));
#805 = DIRECTION('',(0.966259004791,0.257572389166,0.));
#806 = PCURVE('',#517,#807);
#807 = DEFINITIONAL_REPRESENTATION('',(#808),#816);
#808 = ( BOUNDED_CURVE() B_SPLINE_CURVE(2,(#809,#810,#811,#812,#813,#814
,#815),.UNSPECIFIED.,.T.,.F.) B_SPLINE_CURVE_WITH_KNOTS((1,2,2,2,2,1),(
    -2.094395102393,0.,2.094395102393,4.188790204786,6.28318530718,
8.377580409573),.UNSPECIFIED.) CURVE() GEOMETRIC_REPRESENTATION_ITEM() 
RATIONAL_B_SPLINE_CURVE((1.,0.5,1.,0.5,1.,0.5,1.)) REPRESENTATION_ITEM(
  '') );
#809 = CARTESIAN_POINT('',(3.547987114511,0.945774904331));
#810 = CARTESIAN_POINT('',(5.186117301336,-5.199519042603));
#811 = CARTESIAN_POINT('',(-0.954928463843,-3.545534425632));
#812 = CARTESIAN_POINT('',(-7.095974229023,-1.891549808661));
#813 = CARTESIAN_POINT('',(-2.593058650668,2.599759521301));
#814 = CARTESIAN_POINT('',(1.909856927687,7.091068851264));
#815 = CARTESIAN_POINT('',(3.547987114511,0.945774904331));
#816 = ( GEOMETRIC_REPRESENTATION_CONTEXT(2) 
PARAMETRIC_REPRESENTATION_CONTEXT() REPRESENTATION_CONTEXT('2D SPACE',''
  ) );
#817 = PCURVE('',#818,#823);
#818 = CYLINDRICAL_SURFACE('',#819,3.67188);
#819 = AXIS2_PLACEMENT_3D('',#820,#821,#822);
#820 = CARTESIAN_POINT('',(0.,0.,10.85));
#821 = DIRECTION('',(-0.,-0.,-1.));
#822 = DIRECTION('',(1.,0.,0.));
#823 = DEFINITIONAL_REPRESENTATION('',(#824),#828);
#824 = LINE('',#825,#826);
#825 = CARTESIAN_POINT('',(6.022676329846,0.));
#826 = VECTOR('',#827,1.);
#827 = DIRECTION('',(1.,-0.));
#828 = ( GEOMETRIC_REPRESENTATION_CONTEXT(2) 
PARAMETRIC_REPRESENTATION_CONTEXT() REPRESENTATION_CONTEXT('2D SPACE',''
  ) );
#829 = ORIENTED_EDGE('',*,*,#830,.F.);
#830 = EDGE_CURVE('',#831,#798,#833,.T.);
#831 = VERTEX_POINT('',#832);
#832 = CARTESIAN_POINT('',(3.323591297719,1.560911150618,10.85));
#833 = SURFACE_CURVE('',#834,(#839,#846),.PCURVE_S1.);
#834 = ELLIPSE('',#835,0.420634712776,0.311530566108);
#835 = AXIS2_PLACEMENT_3D('',#836,#837,#838);
#836 = CARTESIAN_POINT('',(3.549298753212,1.26386400173,10.85));
#837 = DIRECTION('',(0.,0.,1.));
#838 = DIRECTION('',(0.952464797172,-0.304648666743,0.));
#839 = PCURVE('',#517,#840);
#840 = DEFINITIONAL_REPRESENTATION('',(#841),#845);
#841 = ELLIPSE('',#842,0.420634712776,0.311530566108);
#842 = AXIS2_PLACEMENT_2D('',#843,#844);
#843 = CARTESIAN_POINT('',(3.549298753212,1.26386400173));
#844 = DIRECTION('',(0.952464797172,-0.304648666743));
#845 = ( GEOMETRIC_REPRESENTATION_CONTEXT(2) 
PARAMETRIC_REPRESENTATION_CONTEXT() REPRESENTATION_CONTEXT('2D SPACE',''
  ) );
#846 = PCURVE('',#847,#852);
#847 = CONICAL_SURFACE('',#848,0.42,2.821585297661E-02);
#848 = AXIS2_PLACEMENT_3D('',#849,#850,#851);
#849 = CARTESIAN_POINT('',(6.,0.48,8.));
#850 = DIRECTION('',(0.639729113257,-0.204619238431,-0.740862759838));
#851 = DIRECTION('',(0.756877032285,8.873457524317E-14,0.653557310417));
#852 = DEFINITIONAL_REPRESENTATION('',(#853),#870);
#853 = B_SPLINE_CURVE_WITH_KNOTS('',8,(#854,#855,#856,#857,#858,#859,
    #860,#861,#862,#863,#864,#865,#866,#867,#868,#869),.UNSPECIFIED.,.F.
  ,.F.,(9,7,9),(2.383603989802,4.165641371594,4.941805145787),
  .UNSPECIFIED.);
#854 = CARTESIAN_POINT('',(4.150014100908,-4.044810646673));
#855 = CARTESIAN_POINT('',(3.923116192964,-4.088074778314));
#856 = CARTESIAN_POINT('',(3.695182958139,-4.119703928117));
#857 = CARTESIAN_POINT('',(3.466528250625,-4.136426814665));
#858 = CARTESIAN_POINT('',(3.237587951544,-4.136203725752));
#859 = CARTESIAN_POINT('',(3.008869469893,-4.118746411959));
#860 = CARTESIAN_POINT('',(2.780854182752,-4.085711693022));
#861 = CARTESIAN_POINT('',(2.55389733108,-4.040282676725));
#862 = CARTESIAN_POINT('',(2.229916995906,-3.963109439669));
#863 = CARTESIAN_POINT('',(2.131862100271,-3.938114692521));
#864 = CARTESIAN_POINT('',(2.034066246702,-3.911875759354));
#865 = CARTESIAN_POINT('',(1.936541855893,-3.884760075024));
#866 = CARTESIAN_POINT('',(1.839295656558,-3.857156816688));
#867 = CARTESIAN_POINT('',(1.742328607594,-3.829465089381));
#868 = CARTESIAN_POINT('',(1.645636122295,-3.802081655863));
#869 = CARTESIAN_POINT('',(1.549208500751,-3.775389390447));
#870 = ( GEOMETRIC_REPRESENTATION_CONTEXT(2) 
PARAMETRIC_REPRESENTATION_CONTEXT() REPRESENTATION_CONTEXT('2D SPACE',''
  ) );
#871 = ORIENTED_EDGE('',*,*,#872,.T.);
#872 = EDGE_CURVE('',#831,#873,#875,.T.);
#873 = VERTEX_POINT('',#874);
#874 = CARTESIAN_POINT('',(-3.323591297719,1.560911150618,10.85));
#875 = SURFACE_CURVE('',#876,(#881,#888),.PCURVE_S1.);
#876 = CIRCLE('',#877,3.67188);
#877 = AXIS2_PLACEMENT_3D('',#878,#879,#880);
#878 = CARTESIAN_POINT('',(0.,0.,10.85));
#879 = DIRECTION('',(0.,0.,1.));
#880 = DIRECTION('',(1.,0.,-0.));
#881 = PCURVE('',#517,#882);
#882 = DEFINITIONAL_REPRESENTATION('',(#883),#887);
#883 = CIRCLE('',#884,3.67188);
#884 = AXIS2_PLACEMENT_2D('',#885,#886);
#885 = CARTESIAN_POINT('',(1.862043602377E-16,-2.22516850847E-16));
#886 = DIRECTION('',(1.,0.));
#887 = ( GEOMETRIC_REPRESENTATION_CONTEXT(2) 
PARAMETRIC_REPRESENTATION_CONTEXT() REPRESENTATION_CONTEXT('2D SPACE',''
  ) );
#888 = PCURVE('',#889,#894);
#889 = CYLINDRICAL_SURFACE('',#890,3.67188);
#890 = AXIS2_PLACEMENT_3D('',#891,#892,#893);
#891 = CARTESIAN_POINT('',(0.,0.,10.85));
#892 = DIRECTION('',(-0.,-0.,-1.));
#893 = DIRECTION('',(1.,0.,0.));
#894 = DEFINITIONAL_REPRESENTATION('',(#895),#899);
#895 = LINE('',#896,#897);
#896 = CARTESIAN_POINT('',(6.28318530718,0.));
#897 = VECTOR('',#898,1.);
#898 = DIRECTION('',(-1.,0.));
#899 = ( GEOMETRIC_REPRESENTATION_CONTEXT(2) 
PARAMETRIC_REPRESENTATION_CONTEXT() REPRESENTATION_CONTEXT('2D SPACE',''
  ) );
#900 = ORIENTED_EDGE('',*,*,#901,.F.);
#901 = EDGE_CURVE('',#902,#873,#904,.T.);
#902 = VERTEX_POINT('',#903);
#903 = CARTESIAN_POINT('',(-3.13757796244,1.321992073719,10.85));
#904 = SURFACE_CURVE('',#905,(#910,#917),.PCURVE_S1.);
#905 = ELLIPSE('',#906,0.420634712776,0.311530566108);
#906 = AXIS2_PLACEMENT_3D('',#907,#908,#909);
#907 = CARTESIAN_POINT('',(-3.549298753212,1.26386400173,10.85));
#908 = DIRECTION('',(0.,0.,1.));
#909 = DIRECTION('',(-0.952464797172,-0.304648666743,0.));
#910 = PCURVE('',#517,#911);
#911 = DEFINITIONAL_REPRESENTATION('',(#912),#916);
#912 = ELLIPSE('',#913,0.420634712776,0.311530566108);
#913 = AXIS2_PLACEMENT_2D('',#914,#915);
#914 = CARTESIAN_POINT('',(-3.549298753212,1.26386400173));
#915 = DIRECTION('',(-0.952464797172,-0.304648666743));
#916 = ( GEOMETRIC_REPRESENTATION_CONTEXT(2) 
PARAMETRIC_REPRESENTATION_CONTEXT() REPRESENTATION_CONTEXT('2D SPACE',''
  ) );
#917 = PCURVE('',#918,#923);
#918 = CONICAL_SURFACE('',#919,0.42,2.821585297661E-02);
#919 = AXIS2_PLACEMENT_3D('',#920,#921,#922);
#920 = CARTESIAN_POINT('',(-6.,0.48,8.));
#921 = DIRECTION('',(-0.639729113257,-0.204619238431,-0.740862759838));
#922 = DIRECTION('',(0.756877032285,-8.873457524317E-14,-0.653557310417)
  );
#923 = DEFINITIONAL_REPRESENTATION('',(#924),#934);
#924 = B_SPLINE_CURVE_WITH_KNOTS('',8,(#925,#926,#927,#928,#929,#930,
    #931,#932,#933),.UNSPECIFIED.,.F.,.F.,(9,9),(2.914745582115,
    3.899581317377),.PIECEWISE_BEZIER_KNOTS.);
#925 = CARTESIAN_POINT('',(6.28318530718,-4.114921354284));
#926 = CARTESIAN_POINT('',(6.15697453482,-4.122743539635));
#927 = CARTESIAN_POINT('',(6.030658987574,-4.125797798697));
#928 = CARTESIAN_POINT('',(5.904312895206,-4.123903926933));
#929 = CARTESIAN_POINT('',(5.778014605464,-4.117034781654));
#930 = CARTESIAN_POINT('',(5.651842097094,-4.105327097117));
#931 = CARTESIAN_POINT('',(5.525868470096,-4.089076555193));
#932 = CARTESIAN_POINT('',(5.400158063851,-4.068720370593));
#933 = CARTESIAN_POINT('',(5.274763853785,-4.044810649651));
#934 = ( GEOMETRIC_REPRESENTATION_CONTEXT(2) 
PARAMETRIC_REPRESENTATION_CONTEXT() REPRESENTATION_CONTEXT('2D SPACE',''
  ) );
#935 = ORIENTED_EDGE('',*,*,#936,.F.);
#936 = EDGE_CURVE('',#937,#902,#939,.T.);
#937 = VERTEX_POINT('',#938);
#938 = CARTESIAN_POINT('',(-3.547987114511,0.94577490433,10.85));
#939 = SURFACE_CURVE('',#940,(#945,#952),.PCURVE_S1.);
#940 = ELLIPSE('',#941,0.420634712776,0.311530566108);
#941 = AXIS2_PLACEMENT_3D('',#942,#943,#944);
#942 = CARTESIAN_POINT('',(-3.549298753212,1.26386400173,10.85));
#943 = DIRECTION('',(0.,0.,1.));
#944 = DIRECTION('',(-0.952464797172,-0.304648666743,0.));
#945 = PCURVE('',#517,#946);
#946 = DEFINITIONAL_REPRESENTATION('',(#947),#951);
#947 = ELLIPSE('',#948,0.420634712776,0.311530566108);
#948 = AXIS2_PLACEMENT_2D('',#949,#950);
#949 = CARTESIAN_POINT('',(-3.549298753212,1.26386400173));
#950 = DIRECTION('',(-0.952464797172,-0.304648666743));
#951 = ( GEOMETRIC_REPRESENTATION_CONTEXT(2) 
PARAMETRIC_REPRESENTATION_CONTEXT() REPRESENTATION_CONTEXT('2D SPACE',''
  ) );
#952 = PCURVE('',#918,#953);
#953 = DEFINITIONAL_REPRESENTATION('',(#954),#980);
#954 = B_SPLINE_CURVE_WITH_KNOTS('',3,(#955,#956,#957,#958,#959,#960,
    #961,#962,#963,#964,#965,#966,#967,#968,#969,#970,#971,#972,#973,
    #974,#975,#976,#977,#978,#979),.UNSPECIFIED.,.F.,.F.,(4,1,1,1,1,1,1,
    1,1,1,1,1,1,1,1,1,1,1,1,1,1,1,4),(1.341380161392,1.412896771425,
    1.484413381458,1.555929991491,1.627446601524,1.698963211557,
    1.770479821589,1.841996431622,1.913513041655,1.985029651688,
    2.056546261721,2.128062871754,2.199579481786,2.271096091819,
    2.342612701852,2.414129311885,2.485645921918,2.557162531951,
    2.628679141984,2.700195752016,2.771712362049,2.843228972082,
    2.914745582115),.QUASI_UNIFORM_KNOTS.);
#955 = CARTESIAN_POINT('',(1.592384181671,-3.775389400672));
#956 = CARTESIAN_POINT('',(1.568691033328,-3.781947856474));
#957 = CARTESIAN_POINT('',(1.521262558773,-3.795174651518));
#958 = CARTESIAN_POINT('',(1.449991778728,-3.815241915348));
#959 = CARTESIAN_POINT('',(1.378591141202,-3.835433965017));
#960 = CARTESIAN_POINT('',(1.30705974826,-3.855647487402));
#961 = CARTESIAN_POINT('',(1.235397302316,-3.875779164031));
#962 = CARTESIAN_POINT('',(1.163604196132,-3.895726066882));
#963 = CARTESIAN_POINT('',(1.091681496413,-3.915386220078));
#964 = CARTESIAN_POINT('',(1.019630951387,-3.934659111724));
#965 = CARTESIAN_POINT('',(0.947454987186,-3.953446210317));
#966 = CARTESIAN_POINT('',(0.875156702315,-3.971651467801));
#967 = CARTESIAN_POINT('',(0.802739857533,-3.989181810789));
#968 = CARTESIAN_POINT('',(0.730208861784,-4.005947616351));
#969 = CARTESIAN_POINT('',(0.657568753911,-4.021863170199));
#970 = CARTESIAN_POINT('',(0.584825180233,-4.03684710498));
#971 = CARTESIAN_POINT('',(0.511984367949,-4.050822815931));
#972 = CARTESIAN_POINT('',(0.439053094555,-4.063718853752));
#973 = CARTESIAN_POINT('',(0.366038653092,-4.075469285292));
#974 = CARTESIAN_POINT('',(0.292948814404,-4.086014047753));
#975 = CARTESIAN_POINT('',(0.219791782933,-4.095299191873));
#976 = CARTESIAN_POINT('',(0.146576159958,-4.103277396142));
#977 = CARTESIAN_POINT('',(7.33108636964E-02,-4.109907319008));
#978 = CARTESIAN_POINT('',(2.444041884147E-02,-4.113407193479));
#979 = CARTESIAN_POINT('',(0.,-4.114921354284));
#980 = ( GEOMETRIC_REPRESENTATION_CONTEXT(2) 
PARAMETRIC_REPRESENTATION_CONTEXT() REPRESENTATION_CONTEXT('2D SPACE',''
  ) );
#981 = ORIENTED_EDGE('',*,*,#982,.T.);
#982 = EDGE_CURVE('',#937,#631,#983,.T.);
#983 = SURFACE_CURVE('',#984,(#989,#996),.PCURVE_S1.);
#984 = CIRCLE('',#985,3.67188);
#985 = AXIS2_PLACEMENT_3D('',#986,#987,#988);
#986 = CARTESIAN_POINT('',(0.,0.,10.85));
#987 = DIRECTION('',(0.,0.,1.));
#988 = DIRECTION('',(1.,0.,-0.));
#989 = PCURVE('',#517,#990);
#990 = DEFINITIONAL_REPRESENTATION('',(#991),#995);
#991 = CIRCLE('',#992,3.67188);
#992 = AXIS2_PLACEMENT_2D('',#993,#994);
#993 = CARTESIAN_POINT('',(1.862043602377E-16,-2.22516850847E-16));
#994 = DIRECTION('',(1.,0.));
#995 = ( GEOMETRIC_REPRESENTATION_CONTEXT(2) 
PARAMETRIC_REPRESENTATION_CONTEXT() REPRESENTATION_CONTEXT('2D SPACE',''
  ) );
#996 = PCURVE('',#660,#997);
#997 = DEFINITIONAL_REPRESENTATION('',(#998),#1002);
#998 = LINE('',#999,#1000);
#999 = CARTESIAN_POINT('',(6.28318530718,0.));
#1000 = VECTOR('',#1001,1.);
#1001 = DIRECTION('',(-1.,0.));
#1002 = ( GEOMETRIC_REPRESENTATION_CONTEXT(2) 
PARAMETRIC_REPRESENTATION_CONTEXT() REPRESENTATION_CONTEXT('2D SPACE',''
  ) );
#1003 = ORIENTED_EDGE('',*,*,#679,.F.);
#1004 = ORIENTED_EDGE('',*,*,#478,.F.);
#1005 = ORIENTED_EDGE('',*,*,#1006,.T.);
#1006 = EDGE_CURVE('',#479,#756,#1007,.T.);
#1007 = SURFACE_CURVE('',#1008,(#1013,#1020),.PCURVE_S1.);
#1008 = CIRCLE('',#1009,3.67188);
#1009 = AXIS2_PLACEMENT_3D('',#1010,#1011,#1012);
#1010 = CARTESIAN_POINT('',(0.,0.,10.85));
#1011 = DIRECTION('',(0.,0.,1.));
#1012 = DIRECTION('',(1.,0.,-0.));
#1013 = PCURVE('',#517,#1014);
#1014 = DEFINITIONAL_REPRESENTATION('',(#1015),#1019);
#1015 = CIRCLE('',#1016,3.67188);
#1016 = AXIS2_PLACEMENT_2D('',#1017,#1018);
#1017 = CARTESIAN_POINT('',(1.862043602377E-16,-2.22516850847E-16));
#1018 = DIRECTION('',(1.,0.));
#1019 = ( GEOMETRIC_REPRESENTATION_CONTEXT(2) 
PARAMETRIC_REPRESENTATION_CONTEXT() REPRESENTATION_CONTEXT('2D SPACE',''
  ) );
#1020 = PCURVE('',#551,#1021);
#1021 = DEFINITIONAL_REPRESENTATION('',(#1022),#1026);
#1022 = LINE('',#1023,#1024);
#1023 = CARTESIAN_POINT('',(6.28318530718,0.));
#1024 = VECTOR('',#1025,1.);
#1025 = DIRECTION('',(-1.,0.));
#1026 = ( GEOMETRIC_REPRESENTATION_CONTEXT(2) 
PARAMETRIC_REPRESENTATION_CONTEXT() REPRESENTATION_CONTEXT('2D SPACE',''
  ) );
#1027 = FACE_BOUND('',#1028,.F.);
#1028 = EDGE_LOOP('',(#1029));
#1029 = ORIENTED_EDGE('',*,*,#1030,.F.);
#1030 = EDGE_CURVE('',#1031,#1031,#1033,.T.);
#1031 = VERTEX_POINT('',#1032);
#1032 = CARTESIAN_POINT('',(2.95188,2.11650739468E-16,10.85));
#1033 = SURFACE_CURVE('',#1034,(#1039,#1046),.PCURVE_S1.);
#1034 = CIRCLE('',#1035,2.95188);
#1035 = AXIS2_PLACEMENT_3D('',#1036,#1037,#1038);
#1036 = CARTESIAN_POINT('',(1.741583227622E-14,2.11650739468E-16,10.85)
  );
#1037 = DIRECTION('',(0.,0.,1.));
#1038 = DIRECTION('',(1.,0.,-0.));
#1039 = PCURVE('',#517,#1040);
#1040 = DEFINITIONAL_REPRESENTATION('',(#1041),#1045);
#1041 = CIRCLE('',#1042,2.95188);
#1042 = AXIS2_PLACEMENT_2D('',#1043,#1044);
#1043 = CARTESIAN_POINT('',(1.760203663646E-14,-1.0866111379E-17));
#1044 = DIRECTION('',(1.,0.));
#1045 = ( GEOMETRIC_REPRESENTATION_CONTEXT(2) 
PARAMETRIC_REPRESENTATION_CONTEXT() REPRESENTATION_CONTEXT('2D SPACE',''
  ) );
#1046 = PCURVE('',#1047,#1052);
#1047 = CYLINDRICAL_SURFACE('',#1048,2.95188);
#1048 = AXIS2_PLACEMENT_3D('',#1049,#1050,#1051);
#1049 = CARTESIAN_POINT('',(1.741583227622E-14,2.11650739468E-16,10.85)
  );
#1050 = DIRECTION('',(-0.,-0.,-1.));
#1051 = DIRECTION('',(1.,0.,0.));
#1052 = DEFINITIONAL_REPRESENTATION('',(#1053),#1057);
#1053 = LINE('',#1054,#1055);
#1054 = CARTESIAN_POINT('',(6.28318530718,0.));
#1055 = VECTOR('',#1056,1.);
#1056 = DIRECTION('',(-1.,0.));
#1057 = ( GEOMETRIC_REPRESENTATION_CONTEXT(2) 
PARAMETRIC_REPRESENTATION_CONTEXT() REPRESENTATION_CONTEXT('2D SPACE',''
  ) );
#1058 = ADVANCED_FACE('',(#1059),#660,.T.);
#1059 = FACE_BOUND('',#1060,.T.);
#1060 = EDGE_LOOP('',(#1061,#1062,#1086,#1128));
#1061 = ORIENTED_EDGE('',*,*,#630,.T.);
#1062 = ORIENTED_EDGE('',*,*,#1063,.F.);
#1063 = EDGE_CURVE('',#1064,#596,#1066,.T.);
#1064 = VERTEX_POINT('',#1065);
#1065 = CARTESIAN_POINT('',(-3.510796174919,1.075645365616,11.17));
#1066 = SURFACE_CURVE('',#1067,(#1072,#1079),.PCURVE_S1.);
#1067 = CIRCLE('',#1068,3.67188);
#1068 = AXIS2_PLACEMENT_3D('',#1069,#1070,#1071);
#1069 = CARTESIAN_POINT('',(0.,0.,11.17));
#1070 = DIRECTION('',(0.,0.,1.));
#1071 = DIRECTION('',(1.,0.,-0.));
#1072 = PCURVE('',#660,#1073);
#1073 = DEFINITIONAL_REPRESENTATION('',(#1074),#1078);
#1074 = LINE('',#1075,#1076);
#1075 = CARTESIAN_POINT('',(6.28318530718,-0.32));
#1076 = VECTOR('',#1077,1.);
#1077 = DIRECTION('',(-1.,0.));
#1078 = ( GEOMETRIC_REPRESENTATION_CONTEXT(2) 
PARAMETRIC_REPRESENTATION_CONTEXT() REPRESENTATION_CONTEXT('2D SPACE',''
  ) );
#1079 = PCURVE('',#618,#1080);
#1080 = DEFINITIONAL_REPRESENTATION('',(#1081),#1085);
#1081 = CIRCLE('',#1082,3.67188);
#1082 = AXIS2_PLACEMENT_2D('',#1083,#1084);
#1083 = CARTESIAN_POINT('',(1.862043602377E-16,-2.22516850847E-16));
#1084 = DIRECTION('',(1.,0.));
#1085 = ( GEOMETRIC_REPRESENTATION_CONTEXT(2) 
PARAMETRIC_REPRESENTATION_CONTEXT() REPRESENTATION_CONTEXT('2D SPACE',''
  ) );
#1086 = ORIENTED_EDGE('',*,*,#1087,.T.);
#1087 = EDGE_CURVE('',#1064,#937,#1088,.T.);
#1088 = SURFACE_CURVE('',#1089,(#1100,#1114),.PCURVE_S1.);
#1089 = B_SPLINE_CURVE_WITH_KNOTS('',5,(#1090,#1091,#1092,#1093,#1094,
    #1095,#1096,#1097,#1098,#1099),.UNSPECIFIED.,.F.,.F.,(6,4,6),(0.,
    0.437487353595,1.),.UNSPECIFIED.);
#1090 = CARTESIAN_POINT('',(-3.510796059894,1.075645741046,11.1700006));
#1091 = CARTESIAN_POINT('',(-3.515760892443,1.059441042897,
    11.144102774306));
#1092 = CARTESIAN_POINT('',(-3.520339465294,1.044163248068,
    11.117511532301));
#1093 = CARTESIAN_POINT('',(-3.524538234115,1.029870064092,
    11.090332664027));
#1094 = CARTESIAN_POINT('',(-3.528364140817,1.016616421954,
    11.062664949246));
#1095 = CARTESIAN_POINT('',(-3.536266658476,0.988830074991,
    10.998531619261));
#1096 = CARTESIAN_POINT('',(-3.540102238226,0.975015081025,
    10.961813308862));
#1097 = CARTESIAN_POINT('',(-3.543337252552,0.963137610441,
    10.924661374857));
#1098 = CARTESIAN_POINT('',(-3.545972036542,0.953334284077,
    10.887298384035));
#1099 = CARTESIAN_POINT('',(-3.547987146927,0.945774782726,10.8499994));
#1100 = PCURVE('',#660,#1101);
#1101 = DEFINITIONAL_REPRESENTATION('',(#1102),#1113);
#1102 = B_SPLINE_CURVE_WITH_KNOTS('',5,(#1103,#1104,#1105,#1106,#1107,
    #1108,#1109,#1110,#1111,#1112),.UNSPECIFIED.,.F.,.F.,(6,4,6),(0.,
    0.437487353595,1.),.UNSPECIFIED.);
#1103 = CARTESIAN_POINT('',(3.438894427234,-0.3200006));
#1104 = CARTESIAN_POINT('',(3.434278750939,-0.294102774306));
#1105 = CARTESIAN_POINT('',(3.429935249179,-0.267511532301));
#1106 = CARTESIAN_POINT('',(3.425878228073,-0.240332664027));
#1107 = CARTESIAN_POINT('',(3.422121379743,-0.212664949246));
#1108 = CARTESIAN_POINT('',(3.414253952748,-0.148531619261));
#1109 = CARTESIAN_POINT('',(3.410349336651,-0.111813308862));
#1110 = CARTESIAN_POINT('',(3.406996820005,-7.4661374857E-02));
#1111 = CARTESIAN_POINT('',(3.404232241727,-3.729838403507E-02));
#1112 = CARTESIAN_POINT('',(3.40210159665,6.000000000173E-07));
#1113 = ( GEOMETRIC_REPRESENTATION_CONTEXT(2) 
PARAMETRIC_REPRESENTATION_CONTEXT() REPRESENTATION_CONTEXT('2D SPACE',''
  ) );
#1114 = PCURVE('',#918,#1115);
#1115 = DEFINITIONAL_REPRESENTATION('',(#1116),#1127);
#1116 = B_SPLINE_CURVE_WITH_KNOTS('',5,(#1117,#1118,#1119,#1120,#1121,
    #1122,#1123,#1124,#1125,#1126),.UNSPECIFIED.,.F.,.F.,(6,4,6),(0.,
    0.437487353595,1.),.UNSPECIFIED.);
#1117 = CARTESIAN_POINT('',(2.233081785546,-4.062832200432));
#1118 = CARTESIAN_POINT('',(2.176542772625,-4.037153524897));
#1119 = CARTESIAN_POINT('',(2.120353236925,-4.011397886865));
#1120 = CARTESIAN_POINT('',(2.064408107226,-3.985651340431));
#1121 = CARTESIAN_POINT('',(2.008605540615,-3.959993866837));
#1122 = CARTESIAN_POINT('',(1.881124228974,-3.901738779218));
#1123 = CARTESIAN_POINT('',(1.809469864955,-3.869255004863));
#1124 = CARTESIAN_POINT('',(1.737628951171,-3.837230628671));
#1125 = CARTESIAN_POINT('',(1.665364419584,-3.805858282975));
#1126 = CARTESIAN_POINT('',(1.592383007676,-3.775388910534));
#1127 = ( GEOMETRIC_REPRESENTATION_CONTEXT(2) 
PARAMETRIC_REPRESENTATION_CONTEXT() REPRESENTATION_CONTEXT('2D SPACE',''
  ) );
#1128 = ORIENTED_EDGE('',*,*,#982,.T.);
#1129 = ADVANCED_FACE('',(#1130,#2094),#618,.T.);
#1130 = FACE_BOUND('',#1131,.T.);
#1131 = EDGE_LOOP('',(#1132,#1163,#1187,#1216,#1244,#1268,#1303,#1354,
    #1391,#1415,#1450,#1496,#1547,#1577,#1601,#1629,#1657,#1658,#1659,
    #1682,#1706,#1741,#1792,#1821,#1851,#1897,#1921,#1963,#2014,#2044,
    #2068));
#1132 = ORIENTED_EDGE('',*,*,#1133,.F.);
#1133 = EDGE_CURVE('',#1134,#1136,#1138,.T.);
#1134 = VERTEX_POINT('',#1135);
#1135 = CARTESIAN_POINT('',(3.510796174919,-1.075645365616,11.17));
#1136 = VERTEX_POINT('',#1137);
#1137 = CARTESIAN_POINT('',(3.21006882536,-1.05895081032,11.17));
#1138 = SURFACE_CURVE('',#1139,(#1144,#1151),.PCURVE_S1.);
#1139 = ELLIPSE('',#1140,0.404169500778,0.299336097465);
#1140 = AXIS2_PLACEMENT_3D('',#1141,#1142,#1143);
#1141 = CARTESIAN_POINT('',(3.272580025257,-1.352373300745,11.17));
#1142 = DIRECTION('',(0.,0.,1.));
#1143 = DIRECTION('',(0.952464797172,0.304648666743,-0.));
#1144 = PCURVE('',#618,#1145);
#1145 = DEFINITIONAL_REPRESENTATION('',(#1146),#1150);
#1146 = ELLIPSE('',#1147,0.404169500778,0.299336097465);
#1147 = AXIS2_PLACEMENT_2D('',#1148,#1149);
#1148 = CARTESIAN_POINT('',(3.272580025257,-1.352373300745));
#1149 = DIRECTION('',(0.952464797172,0.304648666743));
#1150 = ( GEOMETRIC_REPRESENTATION_CONTEXT(2) 
PARAMETRIC_REPRESENTATION_CONTEXT() REPRESENTATION_CONTEXT('2D SPACE',''
  ) );
#1151 = PCURVE('',#772,#1152);
#1152 = DEFINITIONAL_REPRESENTATION('',(#1153),#1162);
#1153 = B_SPLINE_CURVE_WITH_KNOTS('',7,(#1154,#1155,#1156,#1157,#1158,
    #1159,#1160,#1161),.UNSPECIFIED.,.F.,.F.,(8,8),(0.692006447579,
    1.496871254829),.PIECEWISE_BEZIER_KNOTS.);
#1154 = CARTESIAN_POINT('',(5.374673132076,-4.06283164475));
#1155 = CARTESIAN_POINT('',(5.261950840109,-4.082748126414));
#1156 = CARTESIAN_POINT('',(5.148986440538,-4.105888459078));
#1157 = CARTESIAN_POINT('',(5.035731659368,-4.131822598991));
#1158 = CARTESIAN_POINT('',(4.922145148249,-4.160016144655));
#1159 = CARTESIAN_POINT('',(4.808194970941,-4.189853484149));
#1160 = CARTESIAN_POINT('',(4.693860689878,-4.220671860775));
#1161 = CARTESIAN_POINT('',(4.579134456359,-4.251799618985));
#1162 = ( GEOMETRIC_REPRESENTATION_CONTEXT(2) 
PARAMETRIC_REPRESENTATION_CONTEXT() REPRESENTATION_CONTEXT('2D SPACE',''
  ) );
#1163 = ORIENTED_EDGE('',*,*,#1164,.T.);
#1164 = EDGE_CURVE('',#1134,#1165,#1167,.T.);
#1165 = VERTEX_POINT('',#1166);
#1166 = CARTESIAN_POINT('',(3.510796174919,1.075645365616,11.17));
#1167 = SURFACE_CURVE('',#1168,(#1173,#1180),.PCURVE_S1.);
#1168 = CIRCLE('',#1169,3.67188);
#1169 = AXIS2_PLACEMENT_3D('',#1170,#1171,#1172);
#1170 = CARTESIAN_POINT('',(0.,0.,11.17));
#1171 = DIRECTION('',(0.,0.,1.));
#1172 = DIRECTION('',(0.956130422268,-0.292941317695,0.));
#1173 = PCURVE('',#618,#1174);
#1174 = DEFINITIONAL_REPRESENTATION('',(#1175),#1179);
#1175 = CIRCLE('',#1176,3.67188);
#1176 = AXIS2_PLACEMENT_2D('',#1177,#1178);
#1177 = CARTESIAN_POINT('',(1.862043602377E-16,-2.22516850847E-16));
#1178 = DIRECTION('',(0.956130422268,-0.292941317695));
#1179 = ( GEOMETRIC_REPRESENTATION_CONTEXT(2) 
PARAMETRIC_REPRESENTATION_CONTEXT() REPRESENTATION_CONTEXT('2D SPACE',''
  ) );
#1180 = PCURVE('',#818,#1181);
#1181 = DEFINITIONAL_REPRESENTATION('',(#1182),#1186);
#1182 = LINE('',#1183,#1184);
#1183 = CARTESIAN_POINT('',(6.580486973887,-0.32));
#1184 = VECTOR('',#1185,1.);
#1185 = DIRECTION('',(-1.,0.));
#1186 = ( GEOMETRIC_REPRESENTATION_CONTEXT(2) 
PARAMETRIC_REPRESENTATION_CONTEXT() REPRESENTATION_CONTEXT('2D SPACE',''
  ) );
#1187 = ORIENTED_EDGE('',*,*,#1188,.F.);
#1188 = EDGE_CURVE('',#1189,#1165,#1191,.T.);
#1189 = VERTEX_POINT('',#1190);
#1190 = CARTESIAN_POINT('',(3.21006882536,1.05895081032,11.17));
#1191 = SURFACE_CURVE('',#1192,(#1197,#1204),.PCURVE_S1.);
#1192 = ELLIPSE('',#1193,0.404169500778,0.299336097465);
#1193 = AXIS2_PLACEMENT_3D('',#1194,#1195,#1196);
#1194 = CARTESIAN_POINT('',(3.272580025257,1.352373300745,11.17));
#1195 = DIRECTION('',(0.,0.,1.));
#1196 = DIRECTION('',(0.952464797172,-0.304648666743,0.));
#1197 = PCURVE('',#618,#1198);
#1198 = DEFINITIONAL_REPRESENTATION('',(#1199),#1203);
#1199 = ELLIPSE('',#1200,0.404169500778,0.299336097465);
#1200 = AXIS2_PLACEMENT_2D('',#1201,#1202);
#1201 = CARTESIAN_POINT('',(3.272580025257,1.352373300745));
#1202 = DIRECTION('',(0.952464797172,-0.304648666743));
#1203 = ( GEOMETRIC_REPRESENTATION_CONTEXT(2) 
PARAMETRIC_REPRESENTATION_CONTEXT() REPRESENTATION_CONTEXT('2D SPACE',''
  ) );
#1204 = PCURVE('',#847,#1205);
#1205 = DEFINITIONAL_REPRESENTATION('',(#1206),#1215);
#1206 = B_SPLINE_CURVE_WITH_KNOTS('',7,(#1207,#1208,#1209,#1210,#1211,
    #1212,#1213,#1214),.UNSPECIFIED.,.F.,.F.,(8,8),(4.786314052352,
    5.5911788596),.PIECEWISE_BEZIER_KNOTS.);
#1207 = CARTESIAN_POINT('',(1.704050850821,-4.251799618985));
#1208 = CARTESIAN_POINT('',(1.589324609505,-4.22067185866));
#1209 = CARTESIAN_POINT('',(1.474990320699,-4.189853479961));
#1210 = CARTESIAN_POINT('',(1.361040135698,-4.160016138571));
#1211 = CARTESIAN_POINT('',(1.247453616935,-4.131822591327));
#1212 = CARTESIAN_POINT('',(1.134198828157,-4.105888450266));
#1213 = CARTESIAN_POINT('',(1.021234421008,-4.082748116978));
#1214 = CARTESIAN_POINT('',(0.90851212148,-4.062831635275));
#1215 = ( GEOMETRIC_REPRESENTATION_CONTEXT(2) 
PARAMETRIC_REPRESENTATION_CONTEXT() REPRESENTATION_CONTEXT('2D SPACE',''
  ) );
#1216 = ORIENTED_EDGE('',*,*,#1217,.T.);
#1217 = EDGE_CURVE('',#1189,#1218,#1220,.T.);
#1218 = VERTEX_POINT('',#1219);
#1219 = CARTESIAN_POINT('',(3.351299213242,1.500498689677,11.17));
#1220 = SURFACE_CURVE('',#1221,(#1225,#1232),.PCURVE_S1.);
#1221 = LINE('',#1222,#1223);
#1222 = CARTESIAN_POINT('',(2.952939560776,0.255052419899,11.17));
#1223 = VECTOR('',#1224,1.);
#1224 = DIRECTION('',(0.304648666743,0.952464797172,-0.));
#1225 = PCURVE('',#618,#1226);
#1226 = DEFINITIONAL_REPRESENTATION('',(#1227),#1231);
#1227 = LINE('',#1228,#1229);
#1228 = CARTESIAN_POINT('',(2.952939560776,0.255052419899));
#1229 = VECTOR('',#1230,1.);
#1230 = DIRECTION('',(0.304648666743,0.952464797172));
#1231 = ( GEOMETRIC_REPRESENTATION_CONTEXT(2) 
PARAMETRIC_REPRESENTATION_CONTEXT() REPRESENTATION_CONTEXT('2D SPACE',''
  ) );
#1232 = PCURVE('',#1233,#1238);
#1233 = PLANE('',#1234);
#1234 = AXIS2_PLACEMENT_3D('',#1235,#1236,#1237);
#1235 = CARTESIAN_POINT('',(3.28,1.35,11.15));
#1236 = DIRECTION('',(-0.639729113257,0.204619238431,0.740862759838));
#1237 = DIRECTION('',(0.756877032285,8.873457524317E-14,0.653557310417)
  );
#1238 = DEFINITIONAL_REPRESENTATION('',(#1239),#1243);
#1239 = LINE('',#1240,#1241);
#1240 = CARTESIAN_POINT('',(-0.234473388409,-1.118615646325));
#1241 = VECTOR('',#1242,1.);
#1242 = DIRECTION('',(0.230581578774,0.973052997287));
#1243 = ( GEOMETRIC_REPRESENTATION_CONTEXT(2) 
PARAMETRIC_REPRESENTATION_CONTEXT() REPRESENTATION_CONTEXT('2D SPACE',''
  ) );
#1244 = ORIENTED_EDGE('',*,*,#1245,.T.);
#1245 = EDGE_CURVE('',#1218,#1246,#1248,.T.);
#1246 = VERTEX_POINT('',#1247);
#1247 = CARTESIAN_POINT('',(2.782574385294,2.395826063116,11.17));
#1248 = SURFACE_CURVE('',#1249,(#1254,#1261),.PCURVE_S1.);
#1249 = CIRCLE('',#1250,3.67188);
#1250 = AXIS2_PLACEMENT_3D('',#1251,#1252,#1253);
#1251 = CARTESIAN_POINT('',(0.,0.,11.17));
#1252 = DIRECTION('',(0.,0.,1.));
#1253 = DIRECTION('',(1.,0.,-0.));
#1254 = PCURVE('',#618,#1255);
#1255 = DEFINITIONAL_REPRESENTATION('',(#1256),#1260);
#1256 = CIRCLE('',#1257,3.67188);
#1257 = AXIS2_PLACEMENT_2D('',#1258,#1259);
#1258 = CARTESIAN_POINT('',(1.862043602377E-16,-2.22516850847E-16));
#1259 = DIRECTION('',(1.,0.));
#1260 = ( GEOMETRIC_REPRESENTATION_CONTEXT(2) 
PARAMETRIC_REPRESENTATION_CONTEXT() REPRESENTATION_CONTEXT('2D SPACE',''
  ) );
#1261 = PCURVE('',#889,#1262);
#1262 = DEFINITIONAL_REPRESENTATION('',(#1263),#1267);
#1263 = LINE('',#1264,#1265);
#1264 = CARTESIAN_POINT('',(6.28318530718,-0.32));
#1265 = VECTOR('',#1266,1.);
#1266 = DIRECTION('',(-1.,0.));
#1267 = ( GEOMETRIC_REPRESENTATION_CONTEXT(2) 
PARAMETRIC_REPRESENTATION_CONTEXT() REPRESENTATION_CONTEXT('2D SPACE',''
  ) );
#1268 = ORIENTED_EDGE('',*,*,#1269,.F.);
#1269 = EDGE_CURVE('',#1270,#1246,#1272,.T.);
#1270 = VERTEX_POINT('',#1271);
#1271 = CARTESIAN_POINT('',(2.442975671057,2.223199657857,11.17));
#1272 = SURFACE_CURVE('',#1273,(#1278,#1285),.PCURVE_S1.);
#1273 = ELLIPSE('',#1274,0.298621104019,0.29366395415);
#1274 = AXIS2_PLACEMENT_3D('',#1275,#1276,#1277);
#1275 = CARTESIAN_POINT('',(2.512254608997,2.512254608997,11.17));
#1276 = DIRECTION('',(0.,0.,1.));
#1277 = DIRECTION('',(0.707106781187,0.707106781187,-0.));
#1278 = PCURVE('',#618,#1279);
#1279 = DEFINITIONAL_REPRESENTATION('',(#1280),#1284);
#1280 = ELLIPSE('',#1281,0.298621104019,0.29366395415);
#1281 = AXIS2_PLACEMENT_2D('',#1282,#1283);
#1282 = CARTESIAN_POINT('',(2.512254608997,2.512254608997));
#1283 = DIRECTION('',(0.707106781187,0.707106781187));
#1284 = ( GEOMETRIC_REPRESENTATION_CONTEXT(2) 
PARAMETRIC_REPRESENTATION_CONTEXT() REPRESENTATION_CONTEXT('2D SPACE',''
  ) );
#1285 = PCURVE('',#1286,#1291);
#1286 = CONICAL_SURFACE('',#1287,0.3,2.833285714077E-02);
#1287 = AXIS2_PLACEMENT_3D('',#1288,#1289,#1290);
#1288 = CARTESIAN_POINT('',(2.539842705208,2.539842705208,10.95));
#1289 = DIRECTION('',(0.128254195209,0.128254195209,-0.983413302138));
#1290 = DIRECTION('',(0.991602623083,4.640038353543E-14,0.129322225065)
  );
#1291 = DEFINITIONAL_REPRESENTATION('',(#1292),#1302);
#1292 = B_SPLINE_CURVE_WITH_KNOTS('',8,(#1293,#1294,#1295,#1296,#1297,
    #1298,#1299,#1300,#1301),.UNSPECIFIED.,.F.,.F.,(9,9),(3.699242652251
    ,5.085377409929),.PIECEWISE_BEZIER_KNOTS.);
#1293 = CARTESIAN_POINT('',(1.80413473286,-0.269385262877));
#1294 = CARTESIAN_POINT('',(1.630098376933,-0.264418935004));
#1295 = CARTESIAN_POINT('',(1.456157777908,-0.257875841673));
#1296 = CARTESIAN_POINT('',(1.282348276683,-0.249983156085));
#1297 = CARTESIAN_POINT('',(1.10869891151,-0.241068955301));
#1298 = CARTESIAN_POINT('',(0.935228980002,-0.231540449797));
#1299 = CARTESIAN_POINT('',(0.761945733256,-0.221846320788));
#1300 = CARTESIAN_POINT('',(0.588844281401,-0.212429712551));
#1301 = CARTESIAN_POINT('',(0.415909201685,-0.203690295916));
#1302 = ( GEOMETRIC_REPRESENTATION_CONTEXT(2) 
PARAMETRIC_REPRESENTATION_CONTEXT() REPRESENTATION_CONTEXT('2D SPACE',''
  ) );
#1303 = ORIENTED_EDGE('',*,*,#1304,.F.);
#1304 = EDGE_CURVE('',#1305,#1270,#1307,.T.);
#1305 = VERTEX_POINT('',#1306);
#1306 = CARTESIAN_POINT('',(2.223199657857,2.442975671057,11.17));
#1307 = SURFACE_CURVE('',#1308,(#1313,#1320),.PCURVE_S1.);
#1308 = ELLIPSE('',#1309,0.22108449908,0.22);
#1309 = AXIS2_PLACEMENT_3D('',#1310,#1311,#1312);
#1310 = CARTESIAN_POINT('',(2.443742345005,2.443742345005,11.17));
#1311 = DIRECTION('',(0.,0.,1.));
#1312 = DIRECTION('',(-0.707106781187,-0.707106781187,0.));
#1313 = PCURVE('',#618,#1314);
#1314 = DEFINITIONAL_REPRESENTATION('',(#1315),#1319);
#1315 = ELLIPSE('',#1316,0.22108449908,0.22);
#1316 = AXIS2_PLACEMENT_2D('',#1317,#1318);
#1317 = CARTESIAN_POINT('',(2.443742345005,2.443742345005));
#1318 = DIRECTION('',(-0.707106781187,-0.707106781187));
#1319 = ( GEOMETRIC_REPRESENTATION_CONTEXT(2) 
PARAMETRIC_REPRESENTATION_CONTEXT() REPRESENTATION_CONTEXT('2D SPACE',''
  ) );
#1320 = PCURVE('',#1321,#1326);
#1321 = CYLINDRICAL_SURFACE('',#1322,0.22);
#1322 = AXIS2_PLACEMENT_3D('',#1323,#1324,#1325);
#1323 = CARTESIAN_POINT('',(2.454989891466,2.454989891466,11.01));
#1324 = DIRECTION('',(-6.995233247113E-02,-6.995233247113E-02,
    0.995094639903));
#1325 = DIRECTION('',(0.997538274338,8.21391565875E-16,
    7.012411304515E-02));
#1326 = DEFINITIONAL_REPRESENTATION('',(#1327),#1353);
#1327 = B_SPLINE_CURVE_WITH_KNOTS('',3,(#1328,#1329,#1330,#1331,#1332,
    #1333,#1334,#1335,#1336,#1337,#1338,#1339,#1340,#1341,#1342,#1343,
    #1344,#1345,#1346,#1347,#1348,#1349,#1350,#1351,#1352),
  .UNSPECIFIED.,.F.,.F.,(4,1,1,1,1,1,1,1,1,1,1,1,1,1,1,1,1,1,1,1,1,1,4),
  (5.498804748019,5.570112071579,5.641419395139,5.712726718699,
    5.784034042259,5.855341365819,5.926648689379,5.997956012939,
    6.069263336499,6.140570660059,6.21187798362,6.28318530718,
    6.35449263074,6.4257999543,6.49710727786,6.56841460142,6.63972192498
    ,6.71102924854,6.7823365721,6.85364389566,6.92495121922,
    6.99625854278,7.06756586634),.QUASI_UNIFORM_KNOTS.);
#1328 = CARTESIAN_POINT('',(3.140151552303,0.17626983261));
#1329 = CARTESIAN_POINT('',(3.163920660156,0.176637092606));
#1330 = CARTESIAN_POINT('',(3.211458875863,0.177345237287));
#1331 = CARTESIAN_POINT('',(3.282766199423,0.178323404981));
#1332 = CARTESIAN_POINT('',(3.354073522983,0.179212424346));
#1333 = CARTESIAN_POINT('',(3.425380846543,0.180007811003));
#1334 = CARTESIAN_POINT('',(3.496688170103,0.180705513188));
#1335 = CARTESIAN_POINT('',(3.567995493663,0.181301987226));
#1336 = CARTESIAN_POINT('',(3.639302817223,0.181794200833));
#1337 = CARTESIAN_POINT('',(3.710610140783,0.182179652469));
#1338 = CARTESIAN_POINT('',(3.781917464343,0.182456382999));
#1339 = CARTESIAN_POINT('',(3.853224787903,0.182622985929));
#1340 = CARTESIAN_POINT('',(3.924532111463,0.182678614485));
#1341 = CARTESIAN_POINT('',(3.995839435023,0.182622985929));
#1342 = CARTESIAN_POINT('',(4.067146758583,0.182456382999));
#1343 = CARTESIAN_POINT('',(4.138454082143,0.182179652469));
#1344 = CARTESIAN_POINT('',(4.209761405703,0.181794200833));
#1345 = CARTESIAN_POINT('',(4.281068729263,0.181301987226));
#1346 = CARTESIAN_POINT('',(4.352376052823,0.180705513188));
#1347 = CARTESIAN_POINT('',(4.423683376383,0.180007811003));
#1348 = CARTESIAN_POINT('',(4.494990699943,0.179212424346));
#1349 = CARTESIAN_POINT('',(4.566298023503,0.178323404981));
#1350 = CARTESIAN_POINT('',(4.637605347063,0.177345237287));
#1351 = CARTESIAN_POINT('',(4.68514356277,0.176637092606));
#1352 = CARTESIAN_POINT('',(4.708912670623,0.17626983261));
#1353 = ( GEOMETRIC_REPRESENTATION_CONTEXT(2) 
PARAMETRIC_REPRESENTATION_CONTEXT() REPRESENTATION_CONTEXT('2D SPACE',''
  ) );
#1354 = ORIENTED_EDGE('',*,*,#1355,.F.);
#1355 = EDGE_CURVE('',#1356,#1305,#1358,.T.);
#1356 = VERTEX_POINT('',#1357);
#1357 = CARTESIAN_POINT('',(2.395826063116,2.782574385294,11.17));
#1358 = SURFACE_CURVE('',#1359,(#1364,#1371),.PCURVE_S1.);
#1359 = ELLIPSE('',#1360,0.298621104019,0.29366395415);
#1360 = AXIS2_PLACEMENT_3D('',#1361,#1362,#1363);
#1361 = CARTESIAN_POINT('',(2.512254608997,2.512254608997,11.17));
#1362 = DIRECTION('',(0.,0.,1.));
#1363 = DIRECTION('',(0.707106781187,0.707106781187,-0.));
#1364 = PCURVE('',#618,#1365);
#1365 = DEFINITIONAL_REPRESENTATION('',(#1366),#1370);
#1366 = ELLIPSE('',#1367,0.298621104019,0.29366395415);
#1367 = AXIS2_PLACEMENT_2D('',#1368,#1369);
#1368 = CARTESIAN_POINT('',(2.512254608997,2.512254608997));
#1369 = DIRECTION('',(0.707106781187,0.707106781187));
#1370 = ( GEOMETRIC_REPRESENTATION_CONTEXT(2) 
PARAMETRIC_REPRESENTATION_CONTEXT() REPRESENTATION_CONTEXT('2D SPACE',''
  ) );
#1371 = PCURVE('',#1286,#1372);
#1372 = DEFINITIONAL_REPRESENTATION('',(#1373),#1390);
#1373 = B_SPLINE_CURVE_WITH_KNOTS('',8,(#1374,#1375,#1376,#1377,#1378,
    #1379,#1380,#1381,#1382,#1383,#1384,#1385,#1386,#1387,#1388,#1389),
  .UNSPECIFIED.,.F.,.F.,(9,7,9),(1.19780789725,2.360885075763,
    2.583942654929),.UNSPECIFIED.);
#1374 = CARTESIAN_POINT('',(4.313204764568,-0.203690241564));
#1375 = CARTESIAN_POINT('',(4.168098497505,-0.211023373063));
#1376 = CARTESIAN_POINT('',(4.022875098237,-0.218833321617));
#1377 = CARTESIAN_POINT('',(3.877525459624,-0.226883886995));
#1378 = CARTESIAN_POINT('',(3.732045690962,-0.23491732175));
#1379 = CARTESIAN_POINT('',(3.586437772499,-0.242670315448));
#1380 = CARTESIAN_POINT('',(3.440709660908,-0.249892531206));
#1381 = CARTESIAN_POINT('',(3.294874670697,-0.256364172155));
#1382 = CARTESIAN_POINT('',(3.120964400941,-0.262968990076));
#1383 = CARTESIAN_POINT('',(3.092975369722,-0.263997648449));
#1384 = CARTESIAN_POINT('',(3.064983168135,-0.26499085836));
#1385 = CARTESIAN_POINT('',(3.036987924708,-0.265947419508));
#1386 = CARTESIAN_POINT('',(3.008989773119,-0.266866190577));
#1387 = CARTESIAN_POINT('',(2.980988851905,-0.267746092376));
#1388 = CARTESIAN_POINT('',(2.952985304141,-0.268586110661));
#1389 = CARTESIAN_POINT('',(2.924979277091,-0.269385298625));
#1390 = ( GEOMETRIC_REPRESENTATION_CONTEXT(2) 
PARAMETRIC_REPRESENTATION_CONTEXT() REPRESENTATION_CONTEXT('2D SPACE',''
  ) );
#1391 = ORIENTED_EDGE('',*,*,#1392,.T.);
#1392 = EDGE_CURVE('',#1356,#1393,#1395,.T.);
#1393 = VERTEX_POINT('',#1394);
#1394 = CARTESIAN_POINT('',(-2.395826063116,2.782574385294,11.17));
#1395 = SURFACE_CURVE('',#1396,(#1401,#1408),.PCURVE_S1.);
#1396 = CIRCLE('',#1397,3.67188);
#1397 = AXIS2_PLACEMENT_3D('',#1398,#1399,#1400);
#1398 = CARTESIAN_POINT('',(0.,0.,11.17));
#1399 = DIRECTION('',(0.,0.,1.));
#1400 = DIRECTION('',(1.,0.,-0.));
#1401 = PCURVE('',#618,#1402);
#1402 = DEFINITIONAL_REPRESENTATION('',(#1403),#1407);
#1403 = CIRCLE('',#1404,3.67188);
#1404 = AXIS2_PLACEMENT_2D('',#1405,#1406);
#1405 = CARTESIAN_POINT('',(1.862043602377E-16,-2.22516850847E-16));
#1406 = DIRECTION('',(1.,0.));
#1407 = ( GEOMETRIC_REPRESENTATION_CONTEXT(2) 
PARAMETRIC_REPRESENTATION_CONTEXT() REPRESENTATION_CONTEXT('2D SPACE',''
  ) );
#1408 = PCURVE('',#889,#1409);
#1409 = DEFINITIONAL_REPRESENTATION('',(#1410),#1414);
#1410 = LINE('',#1411,#1412);
#1411 = CARTESIAN_POINT('',(6.28318530718,-0.32));
#1412 = VECTOR('',#1413,1.);
#1413 = DIRECTION('',(-1.,0.));
#1414 = ( GEOMETRIC_REPRESENTATION_CONTEXT(2) 
PARAMETRIC_REPRESENTATION_CONTEXT() REPRESENTATION_CONTEXT('2D SPACE',''
  ) );
#1415 = ORIENTED_EDGE('',*,*,#1416,.F.);
#1416 = EDGE_CURVE('',#1417,#1393,#1419,.T.);
#1417 = VERTEX_POINT('',#1418);
#1418 = CARTESIAN_POINT('',(-2.216103682121,2.506216440099,11.17));
#1419 = SURFACE_CURVE('',#1420,(#1425,#1432),.PCURVE_S1.);
#1420 = ELLIPSE('',#1421,0.298621104019,0.29366395415);
#1421 = AXIS2_PLACEMENT_3D('',#1422,#1423,#1424);
#1422 = CARTESIAN_POINT('',(-2.512254608997,2.512254608997,11.17));
#1423 = DIRECTION('',(0.,0.,1.));
#1424 = DIRECTION('',(-0.707106781187,0.707106781187,0.));
#1425 = PCURVE('',#618,#1426);
#1426 = DEFINITIONAL_REPRESENTATION('',(#1427),#1431);
#1427 = ELLIPSE('',#1428,0.298621104019,0.29366395415);
#1428 = AXIS2_PLACEMENT_2D('',#1429,#1430);
#1429 = CARTESIAN_POINT('',(-2.512254608997,2.512254608997));
#1430 = DIRECTION('',(-0.707106781187,0.707106781187));
#1431 = ( GEOMETRIC_REPRESENTATION_CONTEXT(2) 
PARAMETRIC_REPRESENTATION_CONTEXT() REPRESENTATION_CONTEXT('2D SPACE',''
  ) );
#1432 = PCURVE('',#1433,#1438);
#1433 = CONICAL_SURFACE('',#1434,0.3,2.833285714077E-02);
#1434 = AXIS2_PLACEMENT_3D('',#1435,#1436,#1437);
#1435 = CARTESIAN_POINT('',(-2.539842705208,2.539842705208,10.95));
#1436 = DIRECTION('',(-0.128254195209,0.128254195209,-0.983413302138));
#1437 = DIRECTION('',(0.991602623083,-4.640038353543E-14,-0.129322225065
    ));
#1438 = DEFINITIONAL_REPRESENTATION('',(#1439),#1449);
#1439 = B_SPLINE_CURVE_WITH_KNOTS('',8,(#1440,#1441,#1442,#1443,#1444,
    #1445,#1446,#1447,#1448),.UNSPECIFIED.,.F.,.F.,(9,9),(3.914970055296
    ,5.085377409929),.PIECEWISE_BEZIER_KNOTS.);
#1440 = CARTESIAN_POINT('',(6.28318530718,-0.262184523904));
#1441 = CARTESIAN_POINT('',(6.136337142139,-0.256649043664));
#1442 = CARTESIAN_POINT('',(5.989578982798,-0.250165323348));
#1443 = CARTESIAN_POINT('',(5.842928627748,-0.242914522432));
#1444 = CARTESIAN_POINT('',(5.696399781599,-0.235119838418));
#1445 = CARTESIAN_POINT('',(5.550000666898,-0.227036126371));
#1446 = CARTESIAN_POINT('',(5.403733376838,-0.218931779364));
#1447 = CARTESIAN_POINT('',(5.257593980284,-0.211069586372));
#1448 = CARTESIAN_POINT('',(5.111573196948,-0.203690240286));
#1449 = ( GEOMETRIC_REPRESENTATION_CONTEXT(2) 
PARAMETRIC_REPRESENTATION_CONTEXT() REPRESENTATION_CONTEXT('2D SPACE',''
  ) );
#1450 = ORIENTED_EDGE('',*,*,#1451,.F.);
#1451 = EDGE_CURVE('',#1452,#1417,#1454,.T.);
#1452 = VERTEX_POINT('',#1453);
#1453 = CARTESIAN_POINT('',(-2.223199657857,2.442975671057,11.17));
#1454 = SURFACE_CURVE('',#1455,(#1460,#1467),.PCURVE_S1.);
#1455 = ELLIPSE('',#1456,0.298621104019,0.29366395415);
#1456 = AXIS2_PLACEMENT_3D('',#1457,#1458,#1459);
#1457 = CARTESIAN_POINT('',(-2.512254608997,2.512254608997,11.17));
#1458 = DIRECTION('',(0.,0.,1.));
#1459 = DIRECTION('',(-0.707106781187,0.707106781187,0.));
#1460 = PCURVE('',#618,#1461);
#1461 = DEFINITIONAL_REPRESENTATION('',(#1462),#1466);
#1462 = ELLIPSE('',#1463,0.298621104019,0.29366395415);
#1463 = AXIS2_PLACEMENT_2D('',#1464,#1465);
#1464 = CARTESIAN_POINT('',(-2.512254608997,2.512254608997));
#1465 = DIRECTION('',(-0.707106781187,0.707106781187));
#1466 = ( GEOMETRIC_REPRESENTATION_CONTEXT(2) 
PARAMETRIC_REPRESENTATION_CONTEXT() REPRESENTATION_CONTEXT('2D SPACE',''
  ) );
#1467 = PCURVE('',#1433,#1468);
#1468 = DEFINITIONAL_REPRESENTATION('',(#1469),#1495);
#1469 = B_SPLINE_CURVE_WITH_KNOTS('',3,(#1470,#1471,#1472,#1473,#1474,
    #1475,#1476,#1477,#1478,#1479,#1480,#1481,#1482,#1483,#1484,#1485,
    #1486,#1487,#1488,#1489,#1490,#1491,#1492,#1493,#1494),
  .UNSPECIFIED.,.F.,.F.,(4,1,1,1,1,1,1,1,1,1,1,1,1,1,1,1,1,1,1,1,1,1,4),
  (3.699242652251,3.709048443298,3.718854234346,3.728660025393,
    3.738465816441,3.748271607488,3.758077398536,3.767883189583,
    3.777688980631,3.787494771678,3.797300562726,3.807106353773,
    3.816912144821,3.826717935869,3.836523726916,3.846329517964,
    3.856135309011,3.865941100059,3.875746891106,3.885552682154,
    3.895358473201,3.905164264249,3.914970055296),
  .QUASI_UNIFORM_KNOTS.);
#1470 = CARTESIAN_POINT('',(0.216613366289,-0.269385329184));
#1471 = CARTESIAN_POINT('',(0.213330252783,-0.269291641406));
#1472 = CARTESIAN_POINT('',(0.206764115228,-0.269102792712));
#1473 = CARTESIAN_POINT('',(0.196915181427,-0.268815127964));
#1474 = CARTESIAN_POINT('',(0.187066524329,-0.268523099045));
#1475 = CARTESIAN_POINT('',(0.17721814807,-0.268226734066));
#1476 = CARTESIAN_POINT('',(0.167370056758,-0.267926061516));
#1477 = CARTESIAN_POINT('',(0.157522254475,-0.267621110306));
#1478 = CARTESIAN_POINT('',(0.147674745273,-0.267311909759));
#1479 = CARTESIAN_POINT('',(0.137827533177,-0.266998489605));
#1480 = CARTESIAN_POINT('',(0.12798062218,-0.266680879981));
#1481 = CARTESIAN_POINT('',(0.118134016247,-0.266359111424));
#1482 = CARTESIAN_POINT('',(0.108287719313,-0.266033214875));
#1483 = CARTESIAN_POINT('',(9.844173528242E-02,-0.265703221669));
#1484 = CARTESIAN_POINT('',(8.859606802802E-02,-0.265369163535));
#1485 = CARTESIAN_POINT('',(7.87507213922E-02,-0.265031072595));
#1486 = CARTESIAN_POINT('',(6.89056991855E-02,-0.264688981357));
#1487 = CARTESIAN_POINT('',(5.906100518658E-02,-0.264342922713));
#1488 = CARTESIAN_POINT('',(4.921664314175E-02,-0.263992929939));
#1489 = CARTESIAN_POINT('',(3.937261676461E-02,-0.263639036687));
#1490 = CARTESIAN_POINT('',(2.952892973591E-02,-0.263281276984));
#1491 = CARTESIAN_POINT('',(1.968558570234E-02,-0.262919685236));
#1492 = CARTESIAN_POINT('',(9.842588279369E-03,-0.262554296183));
#1493 = CARTESIAN_POINT('',(3.280823452369E-03,-0.262308195438));
#1494 = CARTESIAN_POINT('',(0.,-0.262184523904));
#1495 = ( GEOMETRIC_REPRESENTATION_CONTEXT(2) 
PARAMETRIC_REPRESENTATION_CONTEXT() REPRESENTATION_CONTEXT('2D SPACE',''
  ) );
#1496 = ORIENTED_EDGE('',*,*,#1497,.F.);
#1497 = EDGE_CURVE('',#1498,#1452,#1500,.T.);
#1498 = VERTEX_POINT('',#1499);
#1499 = CARTESIAN_POINT('',(-2.442975671057,2.223199657857,11.17));
#1500 = SURFACE_CURVE('',#1501,(#1506,#1513),.PCURVE_S1.);
#1501 = ELLIPSE('',#1502,0.22108449908,0.22);
#1502 = AXIS2_PLACEMENT_3D('',#1503,#1504,#1505);
#1503 = CARTESIAN_POINT('',(-2.443742345005,2.443742345005,11.17));
#1504 = DIRECTION('',(0.,0.,1.));
#1505 = DIRECTION('',(0.707106781187,-0.707106781187,0.));
#1506 = PCURVE('',#618,#1507);
#1507 = DEFINITIONAL_REPRESENTATION('',(#1508),#1512);
#1508 = ELLIPSE('',#1509,0.22108449908,0.22);
#1509 = AXIS2_PLACEMENT_2D('',#1510,#1511);
#1510 = CARTESIAN_POINT('',(-2.443742345005,2.443742345005));
#1511 = DIRECTION('',(0.707106781187,-0.707106781187));
#1512 = ( GEOMETRIC_REPRESENTATION_CONTEXT(2) 
PARAMETRIC_REPRESENTATION_CONTEXT() REPRESENTATION_CONTEXT('2D SPACE',''
  ) );
#1513 = PCURVE('',#1514,#1519);
#1514 = CYLINDRICAL_SURFACE('',#1515,0.22);
#1515 = AXIS2_PLACEMENT_3D('',#1516,#1517,#1518);
#1516 = CARTESIAN_POINT('',(-2.454989891466,2.454989891466,11.01));
#1517 = DIRECTION('',(6.995233247113E-02,-6.995233247113E-02,
    0.995094639903));
#1518 = DIRECTION('',(-8.21391565875E-16,0.997538274338,
    7.012411304515E-02));
#1519 = DEFINITIONAL_REPRESENTATION('',(#1520),#1546);
#1520 = B_SPLINE_CURVE_WITH_KNOTS('',3,(#1521,#1522,#1523,#1524,#1525,
    #1526,#1527,#1528,#1529,#1530,#1531,#1532,#1533,#1534,#1535,#1536,
    #1537,#1538,#1539,#1540,#1541,#1542,#1543,#1544,#1545),
  .UNSPECIFIED.,.F.,.F.,(4,1,1,1,1,1,1,1,1,1,1,1,1,1,1,1,1,1,1,1,1,1,4),
  (5.498804748019,5.570112071579,5.641419395139,5.712726718699,
    5.784034042259,5.855341365819,5.926648689379,5.997956012939,
    6.069263336499,6.140570660059,6.21187798362,6.28318530718,
    6.35449263074,6.4257999543,6.49710727786,6.56841460142,6.63972192498
    ,6.71102924854,6.7823365721,6.85364389566,6.92495121922,
    6.99625854278,7.06756586634),.QUASI_UNIFORM_KNOTS.);
#1521 = CARTESIAN_POINT('',(3.140151552303,0.17626983261));
#1522 = CARTESIAN_POINT('',(3.163920660156,0.176637092606));
#1523 = CARTESIAN_POINT('',(3.211458875863,0.177345237287));
#1524 = CARTESIAN_POINT('',(3.282766199423,0.178323404981));
#1525 = CARTESIAN_POINT('',(3.354073522983,0.179212424346));
#1526 = CARTESIAN_POINT('',(3.425380846543,0.180007811003));
#1527 = CARTESIAN_POINT('',(3.496688170103,0.180705513188));
#1528 = CARTESIAN_POINT('',(3.567995493663,0.181301987226));
#1529 = CARTESIAN_POINT('',(3.639302817223,0.181794200833));
#1530 = CARTESIAN_POINT('',(3.710610140783,0.182179652469));
#1531 = CARTESIAN_POINT('',(3.781917464343,0.182456382999));
#1532 = CARTESIAN_POINT('',(3.853224787903,0.182622985929));
#1533 = CARTESIAN_POINT('',(3.924532111463,0.182678614485));
#1534 = CARTESIAN_POINT('',(3.995839435023,0.182622985929));
#1535 = CARTESIAN_POINT('',(4.067146758583,0.182456382999));
#1536 = CARTESIAN_POINT('',(4.138454082143,0.182179652469));
#1537 = CARTESIAN_POINT('',(4.209761405703,0.181794200833));
#1538 = CARTESIAN_POINT('',(4.281068729263,0.181301987226));
#1539 = CARTESIAN_POINT('',(4.352376052823,0.180705513188));
#1540 = CARTESIAN_POINT('',(4.423683376383,0.180007811003));
#1541 = CARTESIAN_POINT('',(4.494990699943,0.179212424346));
#1542 = CARTESIAN_POINT('',(4.566298023503,0.178323404981));
#1543 = CARTESIAN_POINT('',(4.637605347063,0.177345237287));
#1544 = CARTESIAN_POINT('',(4.68514356277,0.176637092606));
#1545 = CARTESIAN_POINT('',(4.708912670623,0.17626983261));
#1546 = ( GEOMETRIC_REPRESENTATION_CONTEXT(2) 
PARAMETRIC_REPRESENTATION_CONTEXT() REPRESENTATION_CONTEXT('2D SPACE',''
  ) );
#1547 = ORIENTED_EDGE('',*,*,#1548,.F.);
#1548 = EDGE_CURVE('',#1549,#1498,#1551,.T.);
#1549 = VERTEX_POINT('',#1550);
#1550 = CARTESIAN_POINT('',(-2.782574385294,2.395826063116,11.17));
#1551 = SURFACE_CURVE('',#1552,(#1557,#1564),.PCURVE_S1.);
#1552 = ELLIPSE('',#1553,0.298621104019,0.29366395415);
#1553 = AXIS2_PLACEMENT_3D('',#1554,#1555,#1556);
#1554 = CARTESIAN_POINT('',(-2.512254608997,2.512254608997,11.17));
#1555 = DIRECTION('',(0.,0.,1.));
#1556 = DIRECTION('',(-0.707106781187,0.707106781187,0.));
#1557 = PCURVE('',#618,#1558);
#1558 = DEFINITIONAL_REPRESENTATION('',(#1559),#1563);
#1559 = ELLIPSE('',#1560,0.298621104019,0.29366395415);
#1560 = AXIS2_PLACEMENT_2D('',#1561,#1562);
#1561 = CARTESIAN_POINT('',(-2.512254608997,2.512254608997));
#1562 = DIRECTION('',(-0.707106781187,0.707106781187));
#1563 = ( GEOMETRIC_REPRESENTATION_CONTEXT(2) 
PARAMETRIC_REPRESENTATION_CONTEXT() REPRESENTATION_CONTEXT('2D SPACE',''
  ) );
#1564 = PCURVE('',#1433,#1565);
#1565 = DEFINITIONAL_REPRESENTATION('',(#1566),#1576);
#1566 = B_SPLINE_CURVE_WITH_KNOTS('',8,(#1567,#1568,#1569,#1570,#1571,
    #1572,#1573,#1574,#1575),.UNSPECIFIED.,.F.,.F.,(9,9),(1.19780789725,
    2.583942654929),.PIECEWISE_BEZIER_KNOTS.);
#1567 = CARTESIAN_POINT('',(2.725683450471,-0.203690293463));
#1568 = CARTESIAN_POINT('',(2.552748370838,-0.212429709984));
#1569 = CARTESIAN_POINT('',(2.379646918787,-0.221846322266));
#1570 = CARTESIAN_POINT('',(2.206363671813,-0.231540457457));
#1571 = CARTESIAN_POINT('',(2.032893740909,-0.241068959206));
#1572 = CARTESIAN_POINT('',(1.859244376349,-0.249983154403));
#1573 = CARTESIAN_POINT('',(1.685434875355,-0.257875837747));
#1574 = CARTESIAN_POINT('',(1.511494276301,-0.264418931881));
#1575 = CARTESIAN_POINT('',(1.337457920303,-0.2693852616));
#1576 = ( GEOMETRIC_REPRESENTATION_CONTEXT(2) 
PARAMETRIC_REPRESENTATION_CONTEXT() REPRESENTATION_CONTEXT('2D SPACE',''
  ) );
#1577 = ORIENTED_EDGE('',*,*,#1578,.T.);
#1578 = EDGE_CURVE('',#1549,#1579,#1581,.T.);
#1579 = VERTEX_POINT('',#1580);
#1580 = CARTESIAN_POINT('',(-3.351299213242,1.500498689677,11.17));
#1581 = SURFACE_CURVE('',#1582,(#1587,#1594),.PCURVE_S1.);
#1582 = CIRCLE('',#1583,3.67188);
#1583 = AXIS2_PLACEMENT_3D('',#1584,#1585,#1586);
#1584 = CARTESIAN_POINT('',(0.,0.,11.17));
#1585 = DIRECTION('',(0.,0.,1.));
#1586 = DIRECTION('',(1.,0.,-0.));
#1587 = PCURVE('',#618,#1588);
#1588 = DEFINITIONAL_REPRESENTATION('',(#1589),#1593);
#1589 = CIRCLE('',#1590,3.67188);
#1590 = AXIS2_PLACEMENT_2D('',#1591,#1592);
#1591 = CARTESIAN_POINT('',(1.862043602377E-16,-2.22516850847E-16));
#1592 = DIRECTION('',(1.,0.));
#1593 = ( GEOMETRIC_REPRESENTATION_CONTEXT(2) 
PARAMETRIC_REPRESENTATION_CONTEXT() REPRESENTATION_CONTEXT('2D SPACE',''
  ) );
#1594 = PCURVE('',#889,#1595);
#1595 = DEFINITIONAL_REPRESENTATION('',(#1596),#1600);
#1596 = LINE('',#1597,#1598);
#1597 = CARTESIAN_POINT('',(6.28318530718,-0.32));
#1598 = VECTOR('',#1599,1.);
#1599 = DIRECTION('',(-1.,0.));
#1600 = ( GEOMETRIC_REPRESENTATION_CONTEXT(2) 
PARAMETRIC_REPRESENTATION_CONTEXT() REPRESENTATION_CONTEXT('2D SPACE',''
  ) );
#1601 = ORIENTED_EDGE('',*,*,#1602,.T.);
#1602 = EDGE_CURVE('',#1579,#1603,#1605,.T.);
#1603 = VERTEX_POINT('',#1604);
#1604 = CARTESIAN_POINT('',(-3.21006882536,1.05895081032,11.17));
#1605 = SURFACE_CURVE('',#1606,(#1610,#1617),.PCURVE_S1.);
#1606 = LINE('',#1607,#1608);
#1607 = CARTESIAN_POINT('',(-2.952939560776,0.255052419899,11.17));
#1608 = VECTOR('',#1609,1.);
#1609 = DIRECTION('',(0.304648666743,-0.952464797172,0.));
#1610 = PCURVE('',#618,#1611);
#1611 = DEFINITIONAL_REPRESENTATION('',(#1612),#1616);
#1612 = LINE('',#1613,#1614);
#1613 = CARTESIAN_POINT('',(-2.952939560776,0.255052419899));
#1614 = VECTOR('',#1615,1.);
#1615 = DIRECTION('',(0.304648666743,-0.952464797172));
#1616 = ( GEOMETRIC_REPRESENTATION_CONTEXT(2) 
PARAMETRIC_REPRESENTATION_CONTEXT() REPRESENTATION_CONTEXT('2D SPACE',''
  ) );
#1617 = PCURVE('',#1618,#1623);
#1618 = PLANE('',#1619);
#1619 = AXIS2_PLACEMENT_3D('',#1620,#1621,#1622);
#1620 = CARTESIAN_POINT('',(-3.28,1.35,11.15));
#1621 = DIRECTION('',(0.639729113257,0.204619238431,0.740862759838));
#1622 = DIRECTION('',(0.756877032285,-8.873457524317E-14,-0.653557310417
    ));
#1623 = DEFINITIONAL_REPRESENTATION('',(#1624),#1628);
#1624 = LINE('',#1625,#1626);
#1625 = CARTESIAN_POINT('',(0.234473388409,-1.118615646325));
#1626 = VECTOR('',#1627,1.);
#1627 = DIRECTION('',(0.230581578774,-0.973052997287));
#1628 = ( GEOMETRIC_REPRESENTATION_CONTEXT(2) 
PARAMETRIC_REPRESENTATION_CONTEXT() REPRESENTATION_CONTEXT('2D SPACE',''
  ) );
#1629 = ORIENTED_EDGE('',*,*,#1630,.F.);
#1630 = EDGE_CURVE('',#1064,#1603,#1631,.T.);
#1631 = SURFACE_CURVE('',#1632,(#1637,#1644),.PCURVE_S1.);
#1632 = ELLIPSE('',#1633,0.404169500778,0.299336097465);
#1633 = AXIS2_PLACEMENT_3D('',#1634,#1635,#1636);
#1634 = CARTESIAN_POINT('',(-3.272580025257,1.352373300745,11.17));
#1635 = DIRECTION('',(0.,0.,1.));
#1636 = DIRECTION('',(-0.952464797172,-0.304648666743,0.));
#1637 = PCURVE('',#618,#1638);
#1638 = DEFINITIONAL_REPRESENTATION('',(#1639),#1643);
#1639 = ELLIPSE('',#1640,0.404169500778,0.299336097465);
#1640 = AXIS2_PLACEMENT_2D('',#1641,#1642);
#1641 = CARTESIAN_POINT('',(-3.272580025257,1.352373300745));
#1642 = DIRECTION('',(-0.952464797172,-0.304648666743));
#1643 = ( GEOMETRIC_REPRESENTATION_CONTEXT(2) 
PARAMETRIC_REPRESENTATION_CONTEXT() REPRESENTATION_CONTEXT('2D SPACE',''
  ) );
#1644 = PCURVE('',#918,#1645);
#1645 = DEFINITIONAL_REPRESENTATION('',(#1646),#1656);
#1646 = B_SPLINE_CURVE_WITH_KNOTS('',8,(#1647,#1648,#1649,#1650,#1651,
    #1652,#1653,#1654,#1655),.UNSPECIFIED.,.F.,.F.,(9,9),(0.69200644758,
    1.496871254827),.PIECEWISE_BEZIER_KNOTS.);
#1647 = CARTESIAN_POINT('',(2.233080452395,-4.062831593247));
#1648 = CARTESIAN_POINT('',(2.134448434065,-4.080258543206));
#1649 = CARTESIAN_POINT('',(2.035634843014,-4.100103412733));
#1650 = CARTESIAN_POINT('',(1.936609514845,-4.122097401608));
#1651 = CARTESIAN_POINT('',(1.837345742273,-4.145919492078));
#1652 = CARTESIAN_POINT('',(1.737821200006,-4.171205162791));
#1653 = CARTESIAN_POINT('',(1.638018776162,-4.197557938725));
#1654 = CARTESIAN_POINT('',(1.537927255881,-4.224562830882));
#1655 = CARTESIAN_POINT('',(1.43754180277,-4.251799618985));
#1656 = ( GEOMETRIC_REPRESENTATION_CONTEXT(2) 
PARAMETRIC_REPRESENTATION_CONTEXT() REPRESENTATION_CONTEXT('2D SPACE',''
  ) );
#1657 = ORIENTED_EDGE('',*,*,#1063,.T.);
#1658 = ORIENTED_EDGE('',*,*,#595,.F.);
#1659 = ORIENTED_EDGE('',*,*,#1660,.T.);
#1660 = EDGE_CURVE('',#567,#1661,#1663,.T.);
#1661 = VERTEX_POINT('',#1662);
#1662 = CARTESIAN_POINT('',(-3.351299213242,-1.500498689677,11.17));
#1663 = SURFACE_CURVE('',#1664,(#1668,#1675),.PCURVE_S1.);
#1664 = LINE('',#1665,#1666);
#1665 = CARTESIAN_POINT('',(-2.952939560776,-0.255052419899,11.17));
#1666 = VECTOR('',#1667,1.);
#1667 = DIRECTION('',(-0.304648666743,-0.952464797172,0.));
#1668 = PCURVE('',#618,#1669);
#1669 = DEFINITIONAL_REPRESENTATION('',(#1670),#1674);
#1670 = LINE('',#1671,#1672);
#1671 = CARTESIAN_POINT('',(-2.952939560776,-0.255052419899));
#1672 = VECTOR('',#1673,1.);
#1673 = DIRECTION('',(-0.304648666743,-0.952464797172));
#1674 = ( GEOMETRIC_REPRESENTATION_CONTEXT(2) 
PARAMETRIC_REPRESENTATION_CONTEXT() REPRESENTATION_CONTEXT('2D SPACE',''
  ) );
#1675 = PCURVE('',#583,#1676);
#1676 = DEFINITIONAL_REPRESENTATION('',(#1677),#1681);
#1677 = LINE('',#1678,#1679);
#1678 = CARTESIAN_POINT('',(0.234473388409,1.118615646325));
#1679 = VECTOR('',#1680,1.);
#1680 = DIRECTION('',(-0.230581578774,-0.973052997287));
#1681 = ( GEOMETRIC_REPRESENTATION_CONTEXT(2) 
PARAMETRIC_REPRESENTATION_CONTEXT() REPRESENTATION_CONTEXT('2D SPACE',''
  ) );
#1682 = ORIENTED_EDGE('',*,*,#1683,.T.);
#1683 = EDGE_CURVE('',#1661,#1684,#1686,.T.);
#1684 = VERTEX_POINT('',#1685);
#1685 = CARTESIAN_POINT('',(-2.782574385294,-2.395826063116,11.17));
#1686 = SURFACE_CURVE('',#1687,(#1692,#1699),.PCURVE_S1.);
#1687 = CIRCLE('',#1688,3.67188);
#1688 = AXIS2_PLACEMENT_3D('',#1689,#1690,#1691);
#1689 = CARTESIAN_POINT('',(0.,0.,11.17));
#1690 = DIRECTION('',(0.,0.,1.));
#1691 = DIRECTION('',(1.,0.,-0.));
#1692 = PCURVE('',#618,#1693);
#1693 = DEFINITIONAL_REPRESENTATION('',(#1694),#1698);
#1694 = CIRCLE('',#1695,3.67188);
#1695 = AXIS2_PLACEMENT_2D('',#1696,#1697);
#1696 = CARTESIAN_POINT('',(1.862043602377E-16,-2.22516850847E-16));
#1697 = DIRECTION('',(1.,0.));
#1698 = ( GEOMETRIC_REPRESENTATION_CONTEXT(2) 
PARAMETRIC_REPRESENTATION_CONTEXT() REPRESENTATION_CONTEXT('2D SPACE',''
  ) );
#1699 = PCURVE('',#551,#1700);
#1700 = DEFINITIONAL_REPRESENTATION('',(#1701),#1705);
#1701 = LINE('',#1702,#1703);
#1702 = CARTESIAN_POINT('',(6.28318530718,-0.32));
#1703 = VECTOR('',#1704,1.);
#1704 = DIRECTION('',(-1.,0.));
#1705 = ( GEOMETRIC_REPRESENTATION_CONTEXT(2) 
PARAMETRIC_REPRESENTATION_CONTEXT() REPRESENTATION_CONTEXT('2D SPACE',''
  ) );
#1706 = ORIENTED_EDGE('',*,*,#1707,.F.);
#1707 = EDGE_CURVE('',#1708,#1684,#1710,.T.);
#1708 = VERTEX_POINT('',#1709);
#1709 = CARTESIAN_POINT('',(-2.442975671057,-2.223199657857,11.17));
#1710 = SURFACE_CURVE('',#1711,(#1716,#1723),.PCURVE_S1.);
#1711 = ELLIPSE('',#1712,0.298621104019,0.29366395415);
#1712 = AXIS2_PLACEMENT_3D('',#1713,#1714,#1715);
#1713 = CARTESIAN_POINT('',(-2.512254608997,-2.512254608997,11.17));
#1714 = DIRECTION('',(0.,0.,1.));
#1715 = DIRECTION('',(-0.707106781187,-0.707106781187,0.));
#1716 = PCURVE('',#618,#1717);
#1717 = DEFINITIONAL_REPRESENTATION('',(#1718),#1722);
#1718 = ELLIPSE('',#1719,0.298621104019,0.29366395415);
#1719 = AXIS2_PLACEMENT_2D('',#1720,#1721);
#1720 = CARTESIAN_POINT('',(-2.512254608997,-2.512254608997));
#1721 = DIRECTION('',(-0.707106781187,-0.707106781187));
#1722 = ( GEOMETRIC_REPRESENTATION_CONTEXT(2) 
PARAMETRIC_REPRESENTATION_CONTEXT() REPRESENTATION_CONTEXT('2D SPACE',''
  ) );
#1723 = PCURVE('',#1724,#1729);
#1724 = CONICAL_SURFACE('',#1725,0.3,2.833285714077E-02);
#1725 = AXIS2_PLACEMENT_3D('',#1726,#1727,#1728);
#1726 = CARTESIAN_POINT('',(-2.539842705208,-2.539842705208,10.95));
#1727 = DIRECTION('',(-0.128254195209,-0.128254195209,-0.983413302138));
#1728 = DIRECTION('',(0.991602623083,4.640038353543E-14,-0.129322225065)
  );
#1729 = DEFINITIONAL_REPRESENTATION('',(#1730),#1740);
#1730 = B_SPLINE_CURVE_WITH_KNOTS('',8,(#1731,#1732,#1733,#1734,#1735,
    #1736,#1737,#1738,#1739),.UNSPECIFIED.,.F.,.F.,(9,9),(3.699242652251
    ,5.085377409929),.PIECEWISE_BEZIER_KNOTS.);
#1731 = CARTESIAN_POINT('',(4.945727386877,-0.2693852616));
#1732 = CARTESIAN_POINT('',(4.771691030879,-0.26441893188));
#1733 = CARTESIAN_POINT('',(4.597750431825,-0.257875837747));
#1734 = CARTESIAN_POINT('',(4.423940930831,-0.249983154402));
#1735 = CARTESIAN_POINT('',(4.250291566271,-0.241068959205));
#1736 = CARTESIAN_POINT('',(4.076821635368,-0.231540457457));
#1737 = CARTESIAN_POINT('',(3.903538388393,-0.221846322266));
#1738 = CARTESIAN_POINT('',(3.730436936341,-0.212429709984));
#1739 = CARTESIAN_POINT('',(3.557501856708,-0.203690293463));
#1740 = ( GEOMETRIC_REPRESENTATION_CONTEXT(2) 
PARAMETRIC_REPRESENTATION_CONTEXT() REPRESENTATION_CONTEXT('2D SPACE',''
  ) );
#1741 = ORIENTED_EDGE('',*,*,#1742,.F.);
#1742 = EDGE_CURVE('',#1743,#1708,#1745,.T.);
#1743 = VERTEX_POINT('',#1744);
#1744 = CARTESIAN_POINT('',(-2.223199428849,-2.442657849203,11.17));
#1745 = SURFACE_CURVE('',#1746,(#1751,#1758),.PCURVE_S1.);
#1746 = ELLIPSE('',#1747,0.22108449908,0.22);
#1747 = AXIS2_PLACEMENT_3D('',#1748,#1749,#1750);
#1748 = CARTESIAN_POINT('',(-2.443742345005,-2.443742345005,11.17));
#1749 = DIRECTION('',(0.,0.,1.));
#1750 = DIRECTION('',(0.707106781187,0.707106781187,-0.));
#1751 = PCURVE('',#618,#1752);
#1752 = DEFINITIONAL_REPRESENTATION('',(#1753),#1757);
#1753 = ELLIPSE('',#1754,0.22108449908,0.22);
#1754 = AXIS2_PLACEMENT_2D('',#1755,#1756);
#1755 = CARTESIAN_POINT('',(-2.443742345005,-2.443742345005));
#1756 = DIRECTION('',(0.707106781187,0.707106781187));
#1757 = ( GEOMETRIC_REPRESENTATION_CONTEXT(2) 
PARAMETRIC_REPRESENTATION_CONTEXT() REPRESENTATION_CONTEXT('2D SPACE',''
  ) );
#1758 = PCURVE('',#1759,#1764);
#1759 = CYLINDRICAL_SURFACE('',#1760,0.22);
#1760 = AXIS2_PLACEMENT_3D('',#1761,#1762,#1763);
#1761 = CARTESIAN_POINT('',(-2.454989891466,-2.454989891466,11.01));
#1762 = DIRECTION('',(6.995233247113E-02,6.995233247113E-02,
    0.995094639903));
#1763 = DIRECTION('',(0.997538274338,8.21391565875E-16,
    -7.012411304515E-02));
#1764 = DEFINITIONAL_REPRESENTATION('',(#1765),#1791);
#1765 = B_SPLINE_CURVE_WITH_KNOTS('',3,(#1766,#1767,#1768,#1769,#1770,
    #1771,#1772,#1773,#1774,#1775,#1776,#1777,#1778,#1779,#1780,#1781,
    #1782,#1783,#1784,#1785,#1786,#1787,#1788,#1789,#1790),
  .UNSPECIFIED.,.F.,.F.,(4,1,1,1,1,1,1,1,1,1,1,1,1,1,1,1,1,1,1,1,1,1,4),
  (5.500245849307,5.571487668263,5.642729487219,5.713971306175,
    5.785213125131,5.856454944087,5.927696763043,5.998938581999,
    6.070180400955,6.141422219911,6.212664038867,6.283905857824,
    6.35514767678,6.426389495736,6.497631314692,6.568873133648,
    6.640114952604,6.71135677156,6.782598590516,6.853840409472,
    6.925082228428,6.996324047384,7.06756586634),.QUASI_UNIFORM_KNOTS.);
#1766 = CARTESIAN_POINT('',(0.,0.17629208101));
#1767 = CARTESIAN_POINT('',(2.374727298589E-02,0.176658473395));
#1768 = CARTESIAN_POINT('',(7.12418189571E-02,0.177364893743));
#1769 = CARTESIAN_POINT('',(0.142483637913,0.178340529428));
#1770 = CARTESIAN_POINT('',(0.213725456869,0.179227093569));
#1771 = CARTESIAN_POINT('',(0.284967275825,0.180020122451));
#1772 = CARTESIAN_POINT('',(0.356209094781,0.180715583716));
#1773 = CARTESIAN_POINT('',(0.427450913737,0.18130995156));
#1774 = CARTESIAN_POINT('',(0.498692732693,0.181800209952));
#1775 = CARTESIAN_POINT('',(0.569934551649,0.182183871862));
#1776 = CARTESIAN_POINT('',(0.641176370605,0.18245899083));
#1777 = CARTESIAN_POINT('',(0.712418189561,0.182624171123));
#1778 = CARTESIAN_POINT('',(0.783660008517,0.182678574735));
#1779 = CARTESIAN_POINT('',(0.854901827473,0.182621925665));
#1780 = CARTESIAN_POINT('',(0.926143646429,0.182454511307));
#1781 = CARTESIAN_POINT('',(0.997385465385,0.182177180997));
#1782 = CARTESIAN_POINT('',(1.068627284341,0.181791341692));
#1783 = CARTESIAN_POINT('',(1.139869103297,0.181298950895));
#1784 = CARTESIAN_POINT('',(1.211110922253,0.180702506456));
#1785 = CARTESIAN_POINT('',(1.282352741209,0.180005034938));
#1786 = CARTESIAN_POINT('',(1.353594560166,0.179210072349));
#1787 = CARTESIAN_POINT('',(1.424836379122,0.178321660846));
#1788 = CARTESIAN_POINT('',(1.496078198078,0.177344273555));
#1789 = CARTESIAN_POINT('',(1.543572744048,0.176636755131));
#1790 = CARTESIAN_POINT('',(1.567320017034,0.17626983261));
#1791 = ( GEOMETRIC_REPRESENTATION_CONTEXT(2) 
PARAMETRIC_REPRESENTATION_CONTEXT() REPRESENTATION_CONTEXT('2D SPACE',''
  ) );
#1792 = ORIENTED_EDGE('',*,*,#1793,.F.);
#1793 = EDGE_CURVE('',#1794,#1743,#1796,.T.);
#1794 = VERTEX_POINT('',#1795);
#1795 = CARTESIAN_POINT('',(-2.223199657857,-2.442975671057,11.17));
#1796 = SURFACE_CURVE('',#1797,(#1802,#1809),.PCURVE_S1.);
#1797 = ELLIPSE('',#1798,0.22108449908,0.22);
#1798 = AXIS2_PLACEMENT_3D('',#1799,#1800,#1801);
#1799 = CARTESIAN_POINT('',(-2.443742345005,-2.443742345005,11.17));
#1800 = DIRECTION('',(0.,0.,1.));
#1801 = DIRECTION('',(0.707106781187,0.707106781187,-0.));
#1802 = PCURVE('',#618,#1803);
#1803 = DEFINITIONAL_REPRESENTATION('',(#1804),#1808);
#1804 = ELLIPSE('',#1805,0.22108449908,0.22);
#1805 = AXIS2_PLACEMENT_2D('',#1806,#1807);
#1806 = CARTESIAN_POINT('',(-2.443742345005,-2.443742345005));
#1807 = DIRECTION('',(0.707106781187,0.707106781187));
#1808 = ( GEOMETRIC_REPRESENTATION_CONTEXT(2) 
PARAMETRIC_REPRESENTATION_CONTEXT() REPRESENTATION_CONTEXT('2D SPACE',''
  ) );
#1809 = PCURVE('',#1759,#1810);
#1810 = DEFINITIONAL_REPRESENTATION('',(#1811),#1820);
#1811 = B_SPLINE_CURVE_WITH_KNOTS('',7,(#1812,#1813,#1814,#1815,#1816,
    #1817,#1818,#1819),.UNSPECIFIED.,.F.,.F.,(8,8),(5.498804748019,
    5.500245849307),.PIECEWISE_BEZIER_KNOTS.);
#1812 = CARTESIAN_POINT('',(-1.441101285586E-03,0.176269832629));
#1813 = CARTESIAN_POINT('',(-1.235229673586E-03,0.176273013264));
#1814 = CARTESIAN_POINT('',(-1.029358061587E-03,0.176276193134));
#1815 = CARTESIAN_POINT('',(-8.234864485859E-04,0.17627937224));
#1816 = CARTESIAN_POINT('',(-6.176148365862E-04,0.17628255058));
#1817 = CARTESIAN_POINT('',(-4.117432245865E-04,0.176285728156));
#1818 = CARTESIAN_POINT('',(-2.058716125859E-04,0.176288904965));
#1819 = CARTESIAN_POINT('',(4.138911435803E-13,0.17629208101));
#1820 = ( GEOMETRIC_REPRESENTATION_CONTEXT(2) 
PARAMETRIC_REPRESENTATION_CONTEXT() REPRESENTATION_CONTEXT('2D SPACE',''
  ) );
#1821 = ORIENTED_EDGE('',*,*,#1822,.F.);
#1822 = EDGE_CURVE('',#1823,#1794,#1825,.T.);
#1823 = VERTEX_POINT('',#1824);
#1824 = CARTESIAN_POINT('',(-2.216103682121,-2.506216440099,11.17));
#1825 = SURFACE_CURVE('',#1826,(#1831,#1838),.PCURVE_S1.);
#1826 = ELLIPSE('',#1827,0.298621104019,0.29366395415);
#1827 = AXIS2_PLACEMENT_3D('',#1828,#1829,#1830);
#1828 = CARTESIAN_POINT('',(-2.512254608997,-2.512254608997,11.17));
#1829 = DIRECTION('',(0.,0.,1.));
#1830 = DIRECTION('',(-0.707106781187,-0.707106781187,0.));
#1831 = PCURVE('',#618,#1832);
#1832 = DEFINITIONAL_REPRESENTATION('',(#1833),#1837);
#1833 = ELLIPSE('',#1834,0.298621104019,0.29366395415);
#1834 = AXIS2_PLACEMENT_2D('',#1835,#1836);
#1835 = CARTESIAN_POINT('',(-2.512254608997,-2.512254608997));
#1836 = DIRECTION('',(-0.707106781187,-0.707106781187));
#1837 = ( GEOMETRIC_REPRESENTATION_CONTEXT(2) 
PARAMETRIC_REPRESENTATION_CONTEXT() REPRESENTATION_CONTEXT('2D SPACE',''
  ) );
#1838 = PCURVE('',#1724,#1839);
#1839 = DEFINITIONAL_REPRESENTATION('',(#1840),#1850);
#1840 = B_SPLINE_CURVE_WITH_KNOTS('',8,(#1841,#1842,#1843,#1844,#1845,
    #1846,#1847,#1848,#1849),.UNSPECIFIED.,.F.,.F.,(9,9),(2.368215251883
    ,2.583942654929),.PIECEWISE_BEZIER_KNOTS.);
#1841 = CARTESIAN_POINT('',(6.28318530718,-0.262184523904));
#1842 = CARTESIAN_POINT('',(6.256118512795,-0.263204813844));
#1843 = CARTESIAN_POINT('',(6.229048660529,-0.26419289014));
#1844 = CARTESIAN_POINT('',(6.201975862594,-0.265147625218));
#1845 = CARTESIAN_POINT('',(6.174900235887,-0.266067940447));
#1846 = CARTESIAN_POINT('',(6.147821901781,-0.266952809034));
#1847 = CARTESIAN_POINT('',(6.120740985878,-0.267801258673));
#1848 = CARTESIAN_POINT('',(6.093657617738,-0.268612373926));
#1849 = CARTESIAN_POINT('',(6.066571930585,-0.269385298338));
#1850 = ( GEOMETRIC_REPRESENTATION_CONTEXT(2) 
PARAMETRIC_REPRESENTATION_CONTEXT() REPRESENTATION_CONTEXT('2D SPACE',''
  ) );
#1851 = ORIENTED_EDGE('',*,*,#1852,.F.);
#1852 = EDGE_CURVE('',#1853,#1823,#1855,.T.);
#1853 = VERTEX_POINT('',#1854);
#1854 = CARTESIAN_POINT('',(-2.395826063116,-2.782574385294,11.17));
#1855 = SURFACE_CURVE('',#1856,(#1861,#1868),.PCURVE_S1.);
#1856 = ELLIPSE('',#1857,0.298621104019,0.29366395415);
#1857 = AXIS2_PLACEMENT_3D('',#1858,#1859,#1860);
#1858 = CARTESIAN_POINT('',(-2.512254608997,-2.512254608997,11.17));
#1859 = DIRECTION('',(0.,0.,1.));
#1860 = DIRECTION('',(-0.707106781187,-0.707106781187,0.));
#1861 = PCURVE('',#618,#1862);
#1862 = DEFINITIONAL_REPRESENTATION('',(#1863),#1867);
#1863 = ELLIPSE('',#1864,0.298621104019,0.29366395415);
#1864 = AXIS2_PLACEMENT_2D('',#1865,#1866);
#1865 = CARTESIAN_POINT('',(-2.512254608997,-2.512254608997));
#1866 = DIRECTION('',(-0.707106781187,-0.707106781187));
#1867 = ( GEOMETRIC_REPRESENTATION_CONTEXT(2) 
PARAMETRIC_REPRESENTATION_CONTEXT() REPRESENTATION_CONTEXT('2D SPACE',''
  ) );
#1868 = PCURVE('',#1724,#1869);
#1869 = DEFINITIONAL_REPRESENTATION('',(#1870),#1896);
#1870 = B_SPLINE_CURVE_WITH_KNOTS('',3,(#1871,#1872,#1873,#1874,#1875,
    #1876,#1877,#1878,#1879,#1880,#1881,#1882,#1883,#1884,#1885,#1886,
    #1887,#1888,#1889,#1890,#1891,#1892,#1893,#1894,#1895),
  .UNSPECIFIED.,.F.,.F.,(4,1,1,1,1,1,1,1,1,1,1,1,1,1,1,1,1,1,1,1,1,1,4),
  (1.19780789725,1.251008231552,1.304208565853,1.357408900155,
    1.410609234456,1.463809568758,1.517009903059,1.570210237361,
    1.623410571662,1.676610905964,1.729811240265,1.783011574567,
    1.836211908868,1.88941224317,1.942612577471,1.995812911773,
    2.049013246074,2.102213580376,2.155413914677,2.208614248979,
    2.26181458328,2.315014917582,2.368215251883),.QUASI_UNIFORM_KNOTS.);
#1871 = CARTESIAN_POINT('',(1.171612150211,-0.203690308717));
#1872 = CARTESIAN_POINT('',(1.153912663892,-0.204584761954));
#1873 = CARTESIAN_POINT('',(1.118509104056,-0.206392331343));
#1874 = CARTESIAN_POINT('',(1.065389772422,-0.209151857795));
#1875 = CARTESIAN_POINT('',(1.012256203012,-0.211951786903));
#1876 = CARTESIAN_POINT('',(0.959108204566,-0.214784185606));
#1877 = CARTESIAN_POINT('',(0.905945622438,-0.217641042102));
#1878 = CARTESIAN_POINT('',(0.85276834409,-0.220514271861));
#1879 = CARTESIAN_POINT('',(0.799576298141,-0.223395744969));
#1880 = CARTESIAN_POINT('',(0.746369454994,-0.226277307933));
#1881 = CARTESIAN_POINT('',(0.693147826896,-0.229150807074));
#1882 = CARTESIAN_POINT('',(0.639911467996,-0.232008111511));
#1883 = CARTESIAN_POINT('',(0.586660474255,-0.234841136194));
#1884 = CARTESIAN_POINT('',(0.533394983245,-0.237641864773));
#1885 = CARTESIAN_POINT('',(0.480115173824,-0.240402372282));
#1886 = CARTESIAN_POINT('',(0.426821265694,-0.24311484757));
#1887 = CARTESIAN_POINT('',(0.373513518835,-0.245771615387));
#1888 = CARTESIAN_POINT('',(0.320192232831,-0.248365158152));
#1889 = CARTESIAN_POINT('',(0.266857746053,-0.250888137037));
#1890 = CARTESIAN_POINT('',(0.213510434819,-0.253333413442));
#1891 = CARTESIAN_POINT('',(0.160150712082,-0.255694066551));
#1892 = CARTESIAN_POINT('',(0.106779027376,-0.257963422765));
#1893 = CARTESIAN_POINT('',(5.339586151434E-02,-0.26013503784));
#1894 = CARTESIAN_POINT('',(1.779978075705E-02,-0.261513580783));
#1895 = CARTESIAN_POINT('',(0.,-0.262184523904));
#1896 = ( GEOMETRIC_REPRESENTATION_CONTEXT(2) 
PARAMETRIC_REPRESENTATION_CONTEXT() REPRESENTATION_CONTEXT('2D SPACE',''
  ) );
#1897 = ORIENTED_EDGE('',*,*,#1898,.T.);
#1898 = EDGE_CURVE('',#1853,#1899,#1901,.T.);
#1899 = VERTEX_POINT('',#1900);
#1900 = CARTESIAN_POINT('',(2.395826063116,-2.782574385294,11.17));
#1901 = SURFACE_CURVE('',#1902,(#1907,#1914),.PCURVE_S1.);
#1902 = CIRCLE('',#1903,3.67188);
#1903 = AXIS2_PLACEMENT_3D('',#1904,#1905,#1906);
#1904 = CARTESIAN_POINT('',(0.,0.,11.17));
#1905 = DIRECTION('',(0.,0.,1.));
#1906 = DIRECTION('',(1.,0.,-0.));
#1907 = PCURVE('',#618,#1908);
#1908 = DEFINITIONAL_REPRESENTATION('',(#1909),#1913);
#1909 = CIRCLE('',#1910,3.67188);
#1910 = AXIS2_PLACEMENT_2D('',#1911,#1912);
#1911 = CARTESIAN_POINT('',(1.862043602377E-16,-2.22516850847E-16));
#1912 = DIRECTION('',(1.,0.));
#1913 = ( GEOMETRIC_REPRESENTATION_CONTEXT(2) 
PARAMETRIC_REPRESENTATION_CONTEXT() REPRESENTATION_CONTEXT('2D SPACE',''
  ) );
#1914 = PCURVE('',#551,#1915);
#1915 = DEFINITIONAL_REPRESENTATION('',(#1916),#1920);
#1916 = LINE('',#1917,#1918);
#1917 = CARTESIAN_POINT('',(6.28318530718,-0.32));
#1918 = VECTOR('',#1919,1.);
#1919 = DIRECTION('',(-1.,0.));
#1920 = ( GEOMETRIC_REPRESENTATION_CONTEXT(2) 
PARAMETRIC_REPRESENTATION_CONTEXT() REPRESENTATION_CONTEXT('2D SPACE',''
  ) );
#1921 = ORIENTED_EDGE('',*,*,#1922,.F.);
#1922 = EDGE_CURVE('',#1923,#1899,#1925,.T.);
#1923 = VERTEX_POINT('',#1924);
#1924 = CARTESIAN_POINT('',(2.223199657857,-2.442975671057,11.17));
#1925 = SURFACE_CURVE('',#1926,(#1931,#1938),.PCURVE_S1.);
#1926 = ELLIPSE('',#1927,0.298621104019,0.29366395415);
#1927 = AXIS2_PLACEMENT_3D('',#1928,#1929,#1930);
#1928 = CARTESIAN_POINT('',(2.512254608997,-2.512254608997,11.17));
#1929 = DIRECTION('',(0.,0.,1.));
#1930 = DIRECTION('',(0.707106781187,-0.707106781187,0.));
#1931 = PCURVE('',#618,#1932);
#1932 = DEFINITIONAL_REPRESENTATION('',(#1933),#1937);
#1933 = ELLIPSE('',#1934,0.298621104019,0.29366395415);
#1934 = AXIS2_PLACEMENT_2D('',#1935,#1936);
#1935 = CARTESIAN_POINT('',(2.512254608997,-2.512254608997));
#1936 = DIRECTION('',(0.707106781187,-0.707106781187));
#1937 = ( GEOMETRIC_REPRESENTATION_CONTEXT(2) 
PARAMETRIC_REPRESENTATION_CONTEXT() REPRESENTATION_CONTEXT('2D SPACE',''
  ) );
#1938 = PCURVE('',#1939,#1944);
#1939 = CONICAL_SURFACE('',#1940,0.3,2.833285714077E-02);
#1940 = AXIS2_PLACEMENT_3D('',#1941,#1942,#1943);
#1941 = CARTESIAN_POINT('',(2.539842705208,-2.539842705208,10.95));
#1942 = DIRECTION('',(0.128254195209,-0.128254195209,-0.983413302138));
#1943 = DIRECTION('',(0.991602623083,-4.640038353543E-14,0.129322225065)
  );
#1944 = DEFINITIONAL_REPRESENTATION('',(#1945),#1962);
#1945 = B_SPLINE_CURVE_WITH_KNOTS('',8,(#1946,#1947,#1948,#1949,#1950,
    #1951,#1952,#1953,#1954,#1955,#1956,#1957,#1958,#1959,#1960,#1961),
  .UNSPECIFIED.,.F.,.F.,(9,7,9),(3.699242652251,3.922300231412,
    5.085377409929),.UNSPECIFIED.);
#1946 = CARTESIAN_POINT('',(3.358206030089,-0.269385298625));
#1947 = CARTESIAN_POINT('',(3.330200003038,-0.26858611066));
#1948 = CARTESIAN_POINT('',(3.302196455274,-0.267746092376));
#1949 = CARTESIAN_POINT('',(3.27419553406,-0.266866190577));
#1950 = CARTESIAN_POINT('',(3.246197382471,-0.265947419508));
#1951 = CARTESIAN_POINT('',(3.218202139045,-0.26499085836));
#1952 = CARTESIAN_POINT('',(3.190209937458,-0.263997648449));
#1953 = CARTESIAN_POINT('',(3.162220906239,-0.262968990076));
#1954 = CARTESIAN_POINT('',(2.988310636481,-0.256364172155));
#1955 = CARTESIAN_POINT('',(2.84247564627,-0.249892531206));
#1956 = CARTESIAN_POINT('',(2.696747534678,-0.242670315447));
#1957 = CARTESIAN_POINT('',(2.551139616214,-0.23491732175));
#1958 = CARTESIAN_POINT('',(2.405659847553,-0.226883886995));
#1959 = CARTESIAN_POINT('',(2.260310208941,-0.218833321616));
#1960 = CARTESIAN_POINT('',(2.115086809675,-0.211023373062));
#1961 = CARTESIAN_POINT('',(1.969980542612,-0.203690241563));
#1962 = ( GEOMETRIC_REPRESENTATION_CONTEXT(2) 
PARAMETRIC_REPRESENTATION_CONTEXT() REPRESENTATION_CONTEXT('2D SPACE',''
  ) );
#1963 = ORIENTED_EDGE('',*,*,#1964,.F.);
#1964 = EDGE_CURVE('',#1965,#1923,#1967,.T.);
#1965 = VERTEX_POINT('',#1966);
#1966 = CARTESIAN_POINT('',(2.442975671057,-2.223199657857,11.17));
#1967 = SURFACE_CURVE('',#1968,(#1973,#1980),.PCURVE_S1.);
#1968 = ELLIPSE('',#1969,0.22108449908,0.22);
#1969 = AXIS2_PLACEMENT_3D('',#1970,#1971,#1972);
#1970 = CARTESIAN_POINT('',(2.443742345005,-2.443742345005,11.17));
#1971 = DIRECTION('',(0.,0.,1.));
#1972 = DIRECTION('',(-0.707106781187,0.707106781187,0.));
#1973 = PCURVE('',#618,#1974);
#1974 = DEFINITIONAL_REPRESENTATION('',(#1975),#1979);
#1975 = ELLIPSE('',#1976,0.22108449908,0.22);
#1976 = AXIS2_PLACEMENT_2D('',#1977,#1978);
#1977 = CARTESIAN_POINT('',(2.443742345005,-2.443742345005));
#1978 = DIRECTION('',(-0.707106781187,0.707106781187));
#1979 = ( GEOMETRIC_REPRESENTATION_CONTEXT(2) 
PARAMETRIC_REPRESENTATION_CONTEXT() REPRESENTATION_CONTEXT('2D SPACE',''
  ) );
#1980 = PCURVE('',#1981,#1986);
#1981 = CYLINDRICAL_SURFACE('',#1982,0.22);
#1982 = AXIS2_PLACEMENT_3D('',#1983,#1984,#1985);
#1983 = CARTESIAN_POINT('',(2.454989891466,-2.454989891466,11.01));
#1984 = DIRECTION('',(-6.995233247113E-02,6.995233247113E-02,
    0.995094639903));
#1985 = DIRECTION('',(0.997538274338,-8.21391565875E-16,
    7.012411304515E-02));
#1986 = DEFINITIONAL_REPRESENTATION('',(#1987),#2013);
#1987 = B_SPLINE_CURVE_WITH_KNOTS('',3,(#1988,#1989,#1990,#1991,#1992,
    #1993,#1994,#1995,#1996,#1997,#1998,#1999,#2000,#2001,#2002,#2003,
    #2004,#2005,#2006,#2007,#2008,#2009,#2010,#2011,#2012),
  .UNSPECIFIED.,.F.,.F.,(4,1,1,1,1,1,1,1,1,1,1,1,1,1,1,1,1,1,1,1,1,1,4),
  (5.498804748019,5.570112071579,5.641419395139,5.712726718699,
    5.784034042259,5.855341365819,5.926648689379,5.997956012939,
    6.069263336499,6.140570660059,6.21187798362,6.28318530718,
    6.35449263074,6.4257999543,6.49710727786,6.56841460142,6.63972192498
    ,6.71102924854,6.7823365721,6.85364389566,6.92495121922,
    6.99625854278,7.06756586634),.QUASI_UNIFORM_KNOTS.);
#1988 = CARTESIAN_POINT('',(1.574272636556,0.17626983261));
#1989 = CARTESIAN_POINT('',(1.598041744409,0.176637092606));
#1990 = CARTESIAN_POINT('',(1.645579960116,0.177345237287));
#1991 = CARTESIAN_POINT('',(1.716887283676,0.178323404981));
#1992 = CARTESIAN_POINT('',(1.788194607236,0.179212424346));
#1993 = CARTESIAN_POINT('',(1.859501930796,0.180007811003));
#1994 = CARTESIAN_POINT('',(1.930809254356,0.180705513188));
#1995 = CARTESIAN_POINT('',(2.002116577916,0.181301987226));
#1996 = CARTESIAN_POINT('',(2.073423901476,0.181794200833));
#1997 = CARTESIAN_POINT('',(2.144731225036,0.182179652469));
#1998 = CARTESIAN_POINT('',(2.216038548596,0.182456382999));
#1999 = CARTESIAN_POINT('',(2.287345872156,0.182622985929));
#2000 = CARTESIAN_POINT('',(2.358653195716,0.182678614485));
#2001 = CARTESIAN_POINT('',(2.429960519276,0.182622985929));
#2002 = CARTESIAN_POINT('',(2.501267842837,0.182456382999));
#2003 = CARTESIAN_POINT('',(2.572575166397,0.182179652469));
#2004 = CARTESIAN_POINT('',(2.643882489957,0.181794200833));
#2005 = CARTESIAN_POINT('',(2.715189813517,0.181301987226));
#2006 = CARTESIAN_POINT('',(2.786497137077,0.180705513188));
#2007 = CARTESIAN_POINT('',(2.857804460637,0.180007811003));
#2008 = CARTESIAN_POINT('',(2.929111784197,0.179212424346));
#2009 = CARTESIAN_POINT('',(3.000419107757,0.178323404981));
#2010 = CARTESIAN_POINT('',(3.071726431317,0.177345237287));
#2011 = CARTESIAN_POINT('',(3.119264647024,0.176637092606));
#2012 = CARTESIAN_POINT('',(3.143033754877,0.17626983261));
#2013 = ( GEOMETRIC_REPRESENTATION_CONTEXT(2) 
PARAMETRIC_REPRESENTATION_CONTEXT() REPRESENTATION_CONTEXT('2D SPACE',''
  ) );
#2014 = ORIENTED_EDGE('',*,*,#2015,.F.);
#2015 = EDGE_CURVE('',#2016,#1965,#2018,.T.);
#2016 = VERTEX_POINT('',#2017);
#2017 = CARTESIAN_POINT('',(2.782574385294,-2.395826063116,11.17));
#2018 = SURFACE_CURVE('',#2019,(#2024,#2031),.PCURVE_S1.);
#2019 = ELLIPSE('',#2020,0.298621104019,0.29366395415);
#2020 = AXIS2_PLACEMENT_3D('',#2021,#2022,#2023);
#2021 = CARTESIAN_POINT('',(2.512254608997,-2.512254608997,11.17));
#2022 = DIRECTION('',(0.,0.,1.));
#2023 = DIRECTION('',(0.707106781187,-0.707106781187,0.));
#2024 = PCURVE('',#618,#2025);
#2025 = DEFINITIONAL_REPRESENTATION('',(#2026),#2030);
#2026 = ELLIPSE('',#2027,0.298621104019,0.29366395415);
#2027 = AXIS2_PLACEMENT_2D('',#2028,#2029);
#2028 = CARTESIAN_POINT('',(2.512254608997,-2.512254608997));
#2029 = DIRECTION('',(0.707106781187,-0.707106781187));
#2030 = ( GEOMETRIC_REPRESENTATION_CONTEXT(2) 
PARAMETRIC_REPRESENTATION_CONTEXT() REPRESENTATION_CONTEXT('2D SPACE',''
  ) );
#2031 = PCURVE('',#1939,#2032);
#2032 = DEFINITIONAL_REPRESENTATION('',(#2033),#2043);
#2033 = B_SPLINE_CURVE_WITH_KNOTS('',8,(#2034,#2035,#2036,#2037,#2038,
    #2039,#2040,#2041,#2042),.UNSPECIFIED.,.F.,.F.,(9,9),(1.19780789725,
    2.583942654929),.PIECEWISE_BEZIER_KNOTS.);
#2034 = CARTESIAN_POINT('',(5.867276105495,-0.203690295917));
#2035 = CARTESIAN_POINT('',(5.694341025781,-0.212429712551));
#2036 = CARTESIAN_POINT('',(5.521239573928,-0.221846320788));
#2037 = CARTESIAN_POINT('',(5.347956327183,-0.231540449798));
#2038 = CARTESIAN_POINT('',(5.174486395674,-0.241068955302));
#2039 = CARTESIAN_POINT('',(5.0008370305,-0.249983156086));
#2040 = CARTESIAN_POINT('',(4.827027529274,-0.257875841674));
#2041 = CARTESIAN_POINT('',(4.653086930249,-0.264418935004));
#2042 = CARTESIAN_POINT('',(4.479050574319,-0.269385262877));
#2043 = ( GEOMETRIC_REPRESENTATION_CONTEXT(2) 
PARAMETRIC_REPRESENTATION_CONTEXT() REPRESENTATION_CONTEXT('2D SPACE',''
  ) );
#2044 = ORIENTED_EDGE('',*,*,#2045,.T.);
#2045 = EDGE_CURVE('',#2016,#2046,#2048,.T.);
#2046 = VERTEX_POINT('',#2047);
#2047 = CARTESIAN_POINT('',(3.351299213242,-1.500498689677,11.17));
#2048 = SURFACE_CURVE('',#2049,(#2054,#2061),.PCURVE_S1.);
#2049 = CIRCLE('',#2050,3.67188);
#2050 = AXIS2_PLACEMENT_3D('',#2051,#2052,#2053);
#2051 = CARTESIAN_POINT('',(0.,0.,11.17));
#2052 = DIRECTION('',(0.,0.,1.));
#2053 = DIRECTION('',(1.,0.,-0.));
#2054 = PCURVE('',#618,#2055);
#2055 = DEFINITIONAL_REPRESENTATION('',(#2056),#2060);
#2056 = CIRCLE('',#2057,3.67188);
#2057 = AXIS2_PLACEMENT_2D('',#2058,#2059);
#2058 = CARTESIAN_POINT('',(1.862043602377E-16,-2.22516850847E-16));
#2059 = DIRECTION('',(1.,0.));
#2060 = ( GEOMETRIC_REPRESENTATION_CONTEXT(2) 
PARAMETRIC_REPRESENTATION_CONTEXT() REPRESENTATION_CONTEXT('2D SPACE',''
  ) );
#2061 = PCURVE('',#551,#2062);
#2062 = DEFINITIONAL_REPRESENTATION('',(#2063),#2067);
#2063 = LINE('',#2064,#2065);
#2064 = CARTESIAN_POINT('',(6.28318530718,-0.32));
#2065 = VECTOR('',#2066,1.);
#2066 = DIRECTION('',(-1.,0.));
#2067 = ( GEOMETRIC_REPRESENTATION_CONTEXT(2) 
PARAMETRIC_REPRESENTATION_CONTEXT() REPRESENTATION_CONTEXT('2D SPACE',''
  ) );
#2068 = ORIENTED_EDGE('',*,*,#2069,.T.);
#2069 = EDGE_CURVE('',#2046,#1136,#2070,.T.);
#2070 = SURFACE_CURVE('',#2071,(#2075,#2082),.PCURVE_S1.);
#2071 = LINE('',#2072,#2073);
#2072 = CARTESIAN_POINT('',(2.952939560776,-0.255052419899,11.17));
#2073 = VECTOR('',#2074,1.);
#2074 = DIRECTION('',(-0.304648666743,0.952464797172,0.));
#2075 = PCURVE('',#618,#2076);
#2076 = DEFINITIONAL_REPRESENTATION('',(#2077),#2081);
#2077 = LINE('',#2078,#2079);
#2078 = CARTESIAN_POINT('',(2.952939560776,-0.255052419899));
#2079 = VECTOR('',#2080,1.);
#2080 = DIRECTION('',(-0.304648666743,0.952464797172));
#2081 = ( GEOMETRIC_REPRESENTATION_CONTEXT(2) 
PARAMETRIC_REPRESENTATION_CONTEXT() REPRESENTATION_CONTEXT('2D SPACE',''
  ) );
#2082 = PCURVE('',#2083,#2088);
#2083 = PLANE('',#2084);
#2084 = AXIS2_PLACEMENT_3D('',#2085,#2086,#2087);
#2085 = CARTESIAN_POINT('',(3.28,-1.35,11.15));
#2086 = DIRECTION('',(-0.639729113257,-0.204619238431,0.740862759838));
#2087 = DIRECTION('',(0.756877032285,-8.873457524317E-14,0.653557310417)
  );
#2088 = DEFINITIONAL_REPRESENTATION('',(#2089),#2093);
#2089 = LINE('',#2090,#2091);
#2090 = CARTESIAN_POINT('',(-0.234473388409,1.118615646325));
#2091 = VECTOR('',#2092,1.);
#2092 = DIRECTION('',(-0.230581578774,0.973052997287));
#2093 = ( GEOMETRIC_REPRESENTATION_CONTEXT(2) 
PARAMETRIC_REPRESENTATION_CONTEXT() REPRESENTATION_CONTEXT('2D SPACE',''
  ) );
#2094 = FACE_BOUND('',#2095,.T.);
#2095 = EDGE_LOOP('',(#2096));
#2096 = ORIENTED_EDGE('',*,*,#2097,.F.);
#2097 = EDGE_CURVE('',#2098,#2098,#2100,.T.);
#2098 = VERTEX_POINT('',#2099);
#2099 = CARTESIAN_POINT('',(2.95188,2.11650739468E-16,11.17));
#2100 = SURFACE_CURVE('',#2101,(#2106,#2113),.PCURVE_S1.);
#2101 = CIRCLE('',#2102,2.95188);
#2102 = AXIS2_PLACEMENT_3D('',#2103,#2104,#2105);
#2103 = CARTESIAN_POINT('',(1.741583227622E-14,2.11650739468E-16,11.17)
  );
#2104 = DIRECTION('',(0.,0.,1.));
#2105 = DIRECTION('',(1.,0.,-0.));
#2106 = PCURVE('',#618,#2107);
#2107 = DEFINITIONAL_REPRESENTATION('',(#2108),#2112);
#2108 = CIRCLE('',#2109,2.95188);
#2109 = AXIS2_PLACEMENT_2D('',#2110,#2111);
#2110 = CARTESIAN_POINT('',(1.760203663646E-14,-1.0866111379E-17));
#2111 = DIRECTION('',(1.,0.));
#2112 = ( GEOMETRIC_REPRESENTATION_CONTEXT(2) 
PARAMETRIC_REPRESENTATION_CONTEXT() REPRESENTATION_CONTEXT('2D SPACE',''
  ) );
#2113 = PCURVE('',#1047,#2114);
#2114 = DEFINITIONAL_REPRESENTATION('',(#2115),#2119);
#2115 = LINE('',#2116,#2117);
#2116 = CARTESIAN_POINT('',(6.28318530718,-0.32));
#2117 = VECTOR('',#2118,1.);
#2118 = DIRECTION('',(-1.,0.));
#2119 = ( GEOMETRIC_REPRESENTATION_CONTEXT(2) 
PARAMETRIC_REPRESENTATION_CONTEXT() REPRESENTATION_CONTEXT('2D SPACE',''
  ) );
#2120 = ADVANCED_FACE('',(#2121),#583,.T.);
#2121 = FACE_BOUND('',#2122,.T.);
#2122 = EDGE_LOOP('',(#2123,#2124,#2125));
#2123 = ORIENTED_EDGE('',*,*,#1660,.F.);
#2124 = ORIENTED_EDGE('',*,*,#566,.T.);
#2125 = ORIENTED_EDGE('',*,*,#2126,.F.);
#2126 = EDGE_CURVE('',#1661,#530,#2127,.T.);
#2127 = SURFACE_CURVE('',#2128,(#2133,#2140),.PCURVE_S1.);
#2128 = ELLIPSE('',#2129,4.956221582526,3.67188);
#2129 = AXIS2_PLACEMENT_3D('',#2130,#2131,#2132);
#2130 = CARTESIAN_POINT('',(0.,0.,8.690603174603));
#2131 = DIRECTION('',(0.639729113257,-0.204619238431,0.740862759838));
#2132 = DIRECTION('',(0.705645698282,-0.225702852024,-0.671656438281));
#2133 = PCURVE('',#583,#2134);
#2134 = DEFINITIONAL_REPRESENTATION('',(#2135),#2139);
#2135 = ELLIPSE('',#2136,4.956221582526,3.67188);
#2136 = AXIS2_PLACEMENT_2D('',#2137,#2138);
#2137 = CARTESIAN_POINT('',(4.089913440349,1.379181204637));
#2138 = DIRECTION('',(0.973052997288,-0.230581578774));
#2139 = ( GEOMETRIC_REPRESENTATION_CONTEXT(2) 
PARAMETRIC_REPRESENTATION_CONTEXT() REPRESENTATION_CONTEXT('2D SPACE',''
  ) );
#2140 = PCURVE('',#551,#2141);
#2141 = DEFINITIONAL_REPRESENTATION('',(#2142),#2149);
#2142 = B_SPLINE_CURVE_WITH_KNOTS('',5,(#2143,#2144,#2145,#2146,#2147,
    #2148),.UNSPECIFIED.,.F.,.F.,(6,6),(3.872131855429,3.933246654582),
  .PIECEWISE_BEZIER_KNOTS.);
#2143 = CARTESIAN_POINT('',(2.720622991812,-0.3200006));
#2144 = CARTESIAN_POINT('',(2.708400031981,-0.292850167552));
#2145 = CARTESIAN_POINT('',(2.69617707215,-0.265236705323));
#2146 = CARTESIAN_POINT('',(2.68395411232,-0.237168663902));
#2147 = CARTESIAN_POINT('',(2.671731152489,-0.20865478223));
#2148 = CARTESIAN_POINT('',(2.659508192659,-0.179704071285));
#2149 = ( GEOMETRIC_REPRESENTATION_CONTEXT(2) 
PARAMETRIC_REPRESENTATION_CONTEXT() REPRESENTATION_CONTEXT('2D SPACE',''
  ) );
#2150 = ADVANCED_FACE('',(#2151),#551,.T.);
#2151 = FACE_BOUND('',#2152,.T.);
#2152 = EDGE_LOOP('',(#2153,#2180,#2181,#2213,#2245,#2275,#2276,#2308,
    #2340,#2370,#2371,#2372,#2373,#2374));
#2153 = ORIENTED_EDGE('',*,*,#2154,.T.);
#2154 = EDGE_CURVE('',#2155,#2046,#2157,.T.);
#2155 = VERTEX_POINT('',#2156);
#2156 = CARTESIAN_POINT('',(3.285163448284,-1.64024505866,11.07429567565
    ));
#2157 = SURFACE_CURVE('',#2158,(#2163,#2173),.PCURVE_S1.);
#2158 = ELLIPSE('',#2159,4.956221582526,3.67188);
#2159 = AXIS2_PLACEMENT_3D('',#2160,#2161,#2162);
#2160 = CARTESIAN_POINT('',(0.,0.,8.690603174603));
#2161 = DIRECTION('',(-0.639729113257,-0.204619238431,0.740862759838));
#2162 = DIRECTION('',(-0.705645698282,-0.225702852024,-0.671656438281));
#2163 = PCURVE('',#551,#2164);
#2164 = DEFINITIONAL_REPRESENTATION('',(#2165),#2172);
#2165 = B_SPLINE_CURVE_WITH_KNOTS('',5,(#2166,#2167,#2168,#2169,#2170,
    #2171),.UNSPECIFIED.,.F.,.F.,(6,6),(2.349938652597,2.411053451751),
  .PIECEWISE_BEZIER_KNOTS.);
#2166 = CARTESIAN_POINT('',(0.482084460932,-0.179704071285));
#2167 = CARTESIAN_POINT('',(0.469861501101,-0.20865478223));
#2168 = CARTESIAN_POINT('',(0.457638541271,-0.237168663902));
#2169 = CARTESIAN_POINT('',(0.44541558144,-0.265236705323));
#2170 = CARTESIAN_POINT('',(0.433192621609,-0.292850167552));
#2171 = CARTESIAN_POINT('',(0.420969661779,-0.3200006));
#2172 = ( GEOMETRIC_REPRESENTATION_CONTEXT(2) 
PARAMETRIC_REPRESENTATION_CONTEXT() REPRESENTATION_CONTEXT('2D SPACE',''
  ) );
#2173 = PCURVE('',#2083,#2174);
#2174 = DEFINITIONAL_REPRESENTATION('',(#2175),#2179);
#2175 = ELLIPSE('',#2176,4.956221582526,3.67188);
#2176 = AXIS2_PLACEMENT_2D('',#2177,#2178);
#2177 = CARTESIAN_POINT('',(-4.089913440349,1.379181204637));
#2178 = DIRECTION('',(-0.973052997288,-0.230581578774));
#2179 = ( GEOMETRIC_REPRESENTATION_CONTEXT(2) 
PARAMETRIC_REPRESENTATION_CONTEXT() REPRESENTATION_CONTEXT('2D SPACE',''
  ) );
#2180 = ORIENTED_EDGE('',*,*,#2045,.F.);
#2181 = ORIENTED_EDGE('',*,*,#2182,.T.);
#2182 = EDGE_CURVE('',#2016,#2183,#2185,.T.);
#2183 = VERTEX_POINT('',#2184);
#2184 = CARTESIAN_POINT('',(2.794552647504,-2.381843453028,
    10.962612755697));
#2185 = SURFACE_CURVE('',#2186,(#2193,#2203),.PCURVE_S1.);
#2186 = B_SPLINE_CURVE_WITH_KNOTS('',5,(#2187,#2188,#2189,#2190,#2191,
    #2192),.UNSPECIFIED.,.F.,.F.,(6,6),(0.,1.),
  .PIECEWISE_BEZIER_KNOTS.);
#2187 = CARTESIAN_POINT('',(2.782574344075,-2.395826110989,11.1700006));
#2188 = CARTESIAN_POINT('',(2.785402432919,-2.392541495539,
    11.128834232346));
#2189 = CARTESIAN_POINT('',(2.787999932006,-2.389514892367,
    11.087488251189));
#2190 = CARTESIAN_POINT('',(2.790383018849,-2.38673063415,
    11.045989819676));
#2191 = CARTESIAN_POINT('',(2.792563919157,-2.38417677433,
    11.004359359403));
#2192 = CARTESIAN_POINT('',(2.794552647504,-2.381843453028,
    10.962612755697));
#2193 = PCURVE('',#551,#2194);
#2194 = DEFINITIONAL_REPRESENTATION('',(#2195),#2202);
#2195 = B_SPLINE_CURVE_WITH_KNOTS('',5,(#2196,#2197,#2198,#2199,#2200,
    #2201),.UNSPECIFIED.,.F.,.F.,(6,6),(0.,1.),
  .PIECEWISE_BEZIER_KNOTS.);
#2196 = CARTESIAN_POINT('',(0.710851677236,-0.3200006));
#2197 = CARTESIAN_POINT('',(0.709671253986,-0.278834232346));
#2198 = CARTESIAN_POINT('',(0.708585054515,-0.237488251189));
#2199 = CARTESIAN_POINT('',(0.707586967329,-0.195989819676));
#2200 = CARTESIAN_POINT('',(0.706672354068,-0.154359359403));
#2201 = CARTESIAN_POINT('',(0.705837400644,-0.112612755697));
#2202 = ( GEOMETRIC_REPRESENTATION_CONTEXT(2) 
PARAMETRIC_REPRESENTATION_CONTEXT() REPRESENTATION_CONTEXT('2D SPACE',''
  ) );
#2203 = PCURVE('',#1939,#2204);
#2204 = DEFINITIONAL_REPRESENTATION('',(#2205),#2212);
#2205 = B_SPLINE_CURVE_WITH_KNOTS('',5,(#2206,#2207,#2208,#2209,#2210,
    #2211),.UNSPECIFIED.,.F.,.F.,(6,6),(0.,1.),
  .PIECEWISE_BEZIER_KNOTS.);
#2206 = CARTESIAN_POINT('',(5.867276550363,-0.203690897912));
#2207 = CARTESIAN_POINT('',(5.837266822799,-0.163265895813));
#2208 = CARTESIAN_POINT('',(5.80793973351,-0.122660742352));
#2209 = CARTESIAN_POINT('',(5.779216895048,-8.190208469609E-02));
#2210 = CARTESIAN_POINT('',(5.751036855711,-4.100996991133E-02));
#2211 = CARTESIAN_POINT('',(5.723346120337,0.));
#2212 = ( GEOMETRIC_REPRESENTATION_CONTEXT(2) 
PARAMETRIC_REPRESENTATION_CONTEXT() REPRESENTATION_CONTEXT('2D SPACE',''
  ) );
#2213 = ORIENTED_EDGE('',*,*,#2214,.F.);
#2214 = EDGE_CURVE('',#2215,#2183,#2217,.T.);
#2215 = VERTEX_POINT('',#2216);
#2216 = CARTESIAN_POINT('',(2.381843453028,-2.794552647504,
    10.962612755697));
#2217 = SURFACE_CURVE('',#2218,(#2223,#2233),.PCURVE_S1.);
#2218 = ELLIPSE('',#2219,3.733811604964,3.67188);
#2219 = AXIS2_PLACEMENT_3D('',#2220,#2221,#2222);
#2220 = CARTESIAN_POINT('',(0.,0.,10.287520691643));
#2221 = DIRECTION('',(-0.128254195209,0.128254195209,0.983413302138));
#2222 = DIRECTION('',(-0.695378214651,0.695378214651,-0.181378822296));
#2223 = PCURVE('',#551,#2224);
#2224 = DEFINITIONAL_REPRESENTATION('',(#2225),#2232);
#2225 = B_SPLINE_CURVE_WITH_KNOTS('',5,(#2226,#2227,#2228,#2229,#2230,
    #2231),.UNSPECIFIED.,.F.,.F.,(6,6),(3.017919179968,3.26739440397),
  .PIECEWISE_BEZIER_KNOTS.);
#2226 = CARTESIAN_POINT('',(0.909071637019,-0.109582448158));
#2227 = CARTESIAN_POINT('',(0.859176592219,-0.113750808847));
#2228 = CARTESIAN_POINT('',(0.809281547419,-0.1158277893));
#2229 = CARTESIAN_POINT('',(0.759386502618,-0.115791737782));
#2230 = CARTESIAN_POINT('',(0.709491457818,-0.113642842237));
#2231 = CARTESIAN_POINT('',(0.659596413018,-0.109403124493));
#2232 = ( GEOMETRIC_REPRESENTATION_CONTEXT(2) 
PARAMETRIC_REPRESENTATION_CONTEXT() REPRESENTATION_CONTEXT('2D SPACE',''
  ) );
#2233 = PCURVE('',#2234,#2239);
#2234 = PLANE('',#2235);
#2235 = AXIS2_PLACEMENT_3D('',#2236,#2237,#2238);
#2236 = CARTESIAN_POINT('',(2.539842705208,-2.539842705208,10.95));
#2237 = DIRECTION('',(-0.128254195209,0.128254195209,0.983413302138));
#2238 = DIRECTION('',(0.991602623083,-4.640038353543E-14,0.129322225065)
  );
#2239 = DEFINITIONAL_REPRESENTATION('',(#2240),#2244);
#2240 = ELLIPSE('',#2241,3.733811604964,3.67188);
#2241 = AXIS2_PLACEMENT_2D('',#2242,#2243);
#2242 = CARTESIAN_POINT('',(-2.604187986918,2.560993107603));
#2243 = DIRECTION('',(-0.712995174561,0.701168939024));
#2244 = ( GEOMETRIC_REPRESENTATION_CONTEXT(2) 
PARAMETRIC_REPRESENTATION_CONTEXT() REPRESENTATION_CONTEXT('2D SPACE',''
  ) );
#2245 = ORIENTED_EDGE('',*,*,#2246,.T.);
#2246 = EDGE_CURVE('',#2215,#1899,#2247,.T.);
#2247 = SURFACE_CURVE('',#2248,(#2255,#2265),.PCURVE_S1.);
#2248 = B_SPLINE_CURVE_WITH_KNOTS('',5,(#2249,#2250,#2251,#2252,#2253,
    #2254),.UNSPECIFIED.,.F.,.F.,(6,6),(0.,1.),
  .PIECEWISE_BEZIER_KNOTS.);
#2249 = CARTESIAN_POINT('',(2.381843453028,-2.794552647504,
    10.962612755697));
#2250 = CARTESIAN_POINT('',(2.384176774346,-2.792563919142,
    11.004359359703));
#2251 = CARTESIAN_POINT('',(2.386730634158,-2.790383018843,
    11.045989819741));
#2252 = CARTESIAN_POINT('',(2.38951489237,-2.787999932004,
    11.087488251286));
#2253 = CARTESIAN_POINT('',(2.39254149557,-2.785402432892,11.12883423273
    ));
#2254 = CARTESIAN_POINT('',(2.395826110989,-2.782574344075,11.1700006));
#2255 = PCURVE('',#551,#2256);
#2256 = DEFINITIONAL_REPRESENTATION('',(#2257),#2264);
#2257 = B_SPLINE_CURVE_WITH_KNOTS('',5,(#2258,#2259,#2260,#2261,#2262,
    #2263),.UNSPECIFIED.,.F.,.F.,(6,6),(0.,1.),
  .PIECEWISE_BEZIER_KNOTS.);
#2258 = CARTESIAN_POINT('',(0.864958926152,-0.112612755697));
#2259 = CARTESIAN_POINT('',(0.864123972722,-0.154359359703));
#2260 = CARTESIAN_POINT('',(0.863209359464,-0.195989819741));
#2261 = CARTESIAN_POINT('',(0.86221127228,-0.237488251286));
#2262 = CARTESIAN_POINT('',(0.861125072798,-0.27883423273));
#2263 = CARTESIAN_POINT('',(0.85994464956,-0.3200006));
#2264 = ( GEOMETRIC_REPRESENTATION_CONTEXT(2) 
PARAMETRIC_REPRESENTATION_CONTEXT() REPRESENTATION_CONTEXT('2D SPACE',''
  ) );
#2265 = PCURVE('',#1939,#2266);
#2266 = DEFINITIONAL_REPRESENTATION('',(#2267),#2274);
#2267 = B_SPLINE_CURVE_WITH_KNOTS('',5,(#2268,#2269,#2270,#2271,#2272,
    #2273),.UNSPECIFIED.,.F.,.F.,(6,6),(0.,1.),
  .PIECEWISE_BEZIER_KNOTS.);
#2268 = CARTESIAN_POINT('',(2.113910496016,-6.377648497433E-14));
#2269 = CARTESIAN_POINT('',(2.086219760443,-4.100997020609E-02));
#2270 = CARTESIAN_POINT('',(2.058039721252,-8.190208475941E-02));
#2271 = CARTESIAN_POINT('',(2.029316882786,-0.122660742448));
#2272 = CARTESIAN_POINT('',(1.999989793274,-0.16326589619));
#2273 = CARTESIAN_POINT('',(1.969980065989,-0.203690897912));
#2274 = ( GEOMETRIC_REPRESENTATION_CONTEXT(2) 
PARAMETRIC_REPRESENTATION_CONTEXT() REPRESENTATION_CONTEXT('2D SPACE',''
  ) );
#2275 = ORIENTED_EDGE('',*,*,#1898,.F.);
#2276 = ORIENTED_EDGE('',*,*,#2277,.T.);
#2277 = EDGE_CURVE('',#1853,#2278,#2280,.T.);
#2278 = VERTEX_POINT('',#2279);
#2279 = CARTESIAN_POINT('',(-2.381843453028,-2.794552647504,
    10.962612755697));
#2280 = SURFACE_CURVE('',#2281,(#2288,#2298),.PCURVE_S1.);
#2281 = B_SPLINE_CURVE_WITH_KNOTS('',5,(#2282,#2283,#2284,#2285,#2286,
    #2287),.UNSPECIFIED.,.F.,.F.,(6,6),(0.,1.),
  .PIECEWISE_BEZIER_KNOTS.);
#2282 = CARTESIAN_POINT('',(-2.395826110989,-2.782574344075,11.1700006)
  );
#2283 = CARTESIAN_POINT('',(-2.392541495539,-2.785402432919,
    11.128834232346));
#2284 = CARTESIAN_POINT('',(-2.389514892367,-2.787999932006,
    11.087488251189));
#2285 = CARTESIAN_POINT('',(-2.38673063415,-2.790383018849,
    11.045989819676));
#2286 = CARTESIAN_POINT('',(-2.38417677433,-2.792563919157,
    11.004359359403));
#2287 = CARTESIAN_POINT('',(-2.381843453028,-2.794552647504,
    10.962612755697));
#2288 = PCURVE('',#551,#2289);
#2289 = DEFINITIONAL_REPRESENTATION('',(#2290),#2297);
#2290 = B_SPLINE_CURVE_WITH_KNOTS('',5,(#2291,#2292,#2293,#2294,#2295,
    #2296),.UNSPECIFIED.,.F.,.F.,(6,6),(0.,1.),
  .PIECEWISE_BEZIER_KNOTS.);
#2291 = CARTESIAN_POINT('',(2.281648004031,-0.3200006));
#2292 = CARTESIAN_POINT('',(2.280467580781,-0.278834232346));
#2293 = CARTESIAN_POINT('',(2.27938138131,-0.237488251189));
#2294 = CARTESIAN_POINT('',(2.278383294124,-0.195989819676));
#2295 = CARTESIAN_POINT('',(2.277468680863,-0.154359359403));
#2296 = CARTESIAN_POINT('',(2.276633727438,-0.112612755697));
#2297 = ( GEOMETRIC_REPRESENTATION_CONTEXT(2) 
PARAMETRIC_REPRESENTATION_CONTEXT() REPRESENTATION_CONTEXT('2D SPACE',''
  ) );
#2298 = PCURVE('',#1724,#2299);
#2299 = DEFINITIONAL_REPRESENTATION('',(#2300),#2307);
#2300 = B_SPLINE_CURVE_WITH_KNOTS('',5,(#2301,#2302,#2303,#2304,#2305,
    #2306),.UNSPECIFIED.,.F.,.F.,(6,6),(0.,1.),
  .PIECEWISE_BEZIER_KNOTS.);
#2301 = CARTESIAN_POINT('',(1.171612587601,-0.203690897912));
#2302 = CARTESIAN_POINT('',(1.141602860037,-0.163265895813));
#2303 = CARTESIAN_POINT('',(1.112275770747,-0.122660742352));
#2304 = CARTESIAN_POINT('',(1.083552932286,-8.190208469609E-02));
#2305 = CARTESIAN_POINT('',(1.055372892948,-4.100996991132E-02));
#2306 = CARTESIAN_POINT('',(1.027682157575,0.));
#2307 = ( GEOMETRIC_REPRESENTATION_CONTEXT(2) 
PARAMETRIC_REPRESENTATION_CONTEXT() REPRESENTATION_CONTEXT('2D SPACE',''
  ) );
#2308 = ORIENTED_EDGE('',*,*,#2309,.F.);
#2309 = EDGE_CURVE('',#2310,#2278,#2312,.T.);
#2310 = VERTEX_POINT('',#2311);
#2311 = CARTESIAN_POINT('',(-2.794552647504,-2.381843453028,
    10.962612755697));
#2312 = SURFACE_CURVE('',#2313,(#2318,#2328),.PCURVE_S1.);
#2313 = ELLIPSE('',#2314,3.733811604964,3.67188);
#2314 = AXIS2_PLACEMENT_3D('',#2315,#2316,#2317);
#2315 = CARTESIAN_POINT('',(0.,0.,10.287520691643));
#2316 = DIRECTION('',(0.128254195209,0.128254195209,0.983413302138));
#2317 = DIRECTION('',(0.695378214651,0.695378214651,-0.181378822296));
#2318 = PCURVE('',#551,#2319);
#2319 = DEFINITIONAL_REPRESENTATION('',(#2320),#2327);
#2320 = B_SPLINE_CURVE_WITH_KNOTS('',5,(#2321,#2322,#2323,#2324,#2325,
    #2326),.UNSPECIFIED.,.F.,.F.,(6,6),(3.01579090321,3.265266127211),
  .PIECEWISE_BEZIER_KNOTS.);
#2321 = CARTESIAN_POINT('',(2.481996240573,-0.109403124493));
#2322 = CARTESIAN_POINT('',(2.432101195772,-0.113642842237));
#2323 = CARTESIAN_POINT('',(2.382206150972,-0.115791737782));
#2324 = CARTESIAN_POINT('',(2.332311106172,-0.1158277893));
#2325 = CARTESIAN_POINT('',(2.282416061372,-0.113750808847));
#2326 = CARTESIAN_POINT('',(2.232521016571,-0.109582448158));
#2327 = ( GEOMETRIC_REPRESENTATION_CONTEXT(2) 
PARAMETRIC_REPRESENTATION_CONTEXT() REPRESENTATION_CONTEXT('2D SPACE',''
  ) );
#2328 = PCURVE('',#2329,#2334);
#2329 = PLANE('',#2330);
#2330 = AXIS2_PLACEMENT_3D('',#2331,#2332,#2333);
#2331 = CARTESIAN_POINT('',(-2.539842705208,-2.539842705208,10.95));
#2332 = DIRECTION('',(0.128254195209,0.128254195209,0.983413302138));
#2333 = DIRECTION('',(0.991602623083,4.640038353543E-14,-0.129322225065)
  );
#2334 = DEFINITIONAL_REPRESENTATION('',(#2335),#2339);
#2335 = ELLIPSE('',#2336,3.733811604964,3.67188);
#2336 = AXIS2_PLACEMENT_2D('',#2337,#2338);
#2337 = CARTESIAN_POINT('',(2.604187986918,2.560993107603));
#2338 = DIRECTION('',(0.712995174561,0.701168939024));
#2339 = ( GEOMETRIC_REPRESENTATION_CONTEXT(2) 
PARAMETRIC_REPRESENTATION_CONTEXT() REPRESENTATION_CONTEXT('2D SPACE',''
  ) );
#2340 = ORIENTED_EDGE('',*,*,#2341,.T.);
#2341 = EDGE_CURVE('',#2310,#1684,#2342,.T.);
#2342 = SURFACE_CURVE('',#2343,(#2350,#2360),.PCURVE_S1.);
#2343 = B_SPLINE_CURVE_WITH_KNOTS('',5,(#2344,#2345,#2346,#2347,#2348,
    #2349),.UNSPECIFIED.,.F.,.F.,(6,6),(0.,1.),
  .PIECEWISE_BEZIER_KNOTS.);
#2344 = CARTESIAN_POINT('',(-2.794552647504,-2.381843453028,
    10.962612755697));
#2345 = CARTESIAN_POINT('',(-2.792563919142,-2.384176774346,
    11.004359359703));
#2346 = CARTESIAN_POINT('',(-2.790383018843,-2.386730634158,
    11.04598981974));
#2347 = CARTESIAN_POINT('',(-2.787999932004,-2.38951489237,
    11.087488251286));
#2348 = CARTESIAN_POINT('',(-2.785402432892,-2.39254149557,
    11.12883423273));
#2349 = CARTESIAN_POINT('',(-2.782574344075,-2.395826110989,11.1700006)
  );
#2350 = PCURVE('',#551,#2351);
#2351 = DEFINITIONAL_REPRESENTATION('',(#2352),#2359);
#2352 = B_SPLINE_CURVE_WITH_KNOTS('',5,(#2353,#2354,#2355,#2356,#2357,
    #2358),.UNSPECIFIED.,.F.,.F.,(6,6),(0.,1.),
  .PIECEWISE_BEZIER_KNOTS.);
#2353 = CARTESIAN_POINT('',(2.435755252947,-0.112612755697));
#2354 = CARTESIAN_POINT('',(2.434920299517,-0.154359359703));
#2355 = CARTESIAN_POINT('',(2.434005686259,-0.19598981974));
#2356 = CARTESIAN_POINT('',(2.433007599075,-0.237488251286));
#2357 = CARTESIAN_POINT('',(2.431921399593,-0.27883423273));
#2358 = CARTESIAN_POINT('',(2.430740976354,-0.3200006));
#2359 = ( GEOMETRIC_REPRESENTATION_CONTEXT(2) 
PARAMETRIC_REPRESENTATION_CONTEXT() REPRESENTATION_CONTEXT('2D SPACE',''
  ) );
#2360 = PCURVE('',#1724,#2361);
#2361 = DEFINITIONAL_REPRESENTATION('',(#2362),#2369);
#2362 = B_SPLINE_CURVE_WITH_KNOTS('',5,(#2363,#2364,#2365,#2366,#2367,
    #2368),.UNSPECIFIED.,.F.,.F.,(6,6),(0.,1.),
  .PIECEWISE_BEZIER_KNOTS.);
#2363 = CARTESIAN_POINT('',(3.701431840433,3.903276799992E-14));
#2364 = CARTESIAN_POINT('',(3.673741104861,-4.1009970206E-02));
#2365 = CARTESIAN_POINT('',(3.64556106567,-8.190208475935E-02));
#2366 = CARTESIAN_POINT('',(3.616838227204,-0.122660742448));
#2367 = CARTESIAN_POINT('',(3.587511137692,-0.16326589619));
#2368 = CARTESIAN_POINT('',(3.557501410407,-0.203690897912));
#2369 = ( GEOMETRIC_REPRESENTATION_CONTEXT(2) 
PARAMETRIC_REPRESENTATION_CONTEXT() REPRESENTATION_CONTEXT('2D SPACE',''
  ) );
#2370 = ORIENTED_EDGE('',*,*,#1683,.F.);
#2371 = ORIENTED_EDGE('',*,*,#2126,.T.);
#2372 = ORIENTED_EDGE('',*,*,#529,.T.);
#2373 = ORIENTED_EDGE('',*,*,#1006,.T.);
#2374 = ORIENTED_EDGE('',*,*,#2375,.T.);
#2375 = EDGE_CURVE('',#756,#2155,#2376,.T.);
#2376 = SURFACE_CURVE('',#2377,(#2384,#2394),.PCURVE_S1.);
#2377 = B_SPLINE_CURVE_WITH_KNOTS('',5,(#2378,#2379,#2380,#2381,#2382,
    #2383),.UNSPECIFIED.,.F.,.F.,(6,6),(0.,1.),
  .PIECEWISE_BEZIER_KNOTS.);
#2378 = CARTESIAN_POINT('',(3.323591429749,-1.560910869492,10.8499994));
#2379 = CARTESIAN_POINT('',(3.313879839032,-1.581589410661,
    10.894132967173));
#2380 = CARTESIAN_POINT('',(3.305025980033,-1.600023871912,
    10.939019022815));
#2381 = CARTESIAN_POINT('',(3.297167107762,-1.616095980393,
    10.984278744596));
#2382 = CARTESIAN_POINT('',(3.290475846857,-1.629605125608,
    11.029532572522));
#2383 = CARTESIAN_POINT('',(3.285163448284,-1.64024505866,11.07429567565
    ));
#2384 = PCURVE('',#551,#2385);
#2385 = DEFINITIONAL_REPRESENTATION('',(#2386),#2393);
#2386 = B_SPLINE_CURVE_WITH_KNOTS('',5,(#2387,#2388,#2389,#2390,#2391,
    #2392),.UNSPECIFIED.,.F.,.F.,(6,6),(0.,1.),
  .PIECEWISE_BEZIER_KNOTS.);
#2387 = CARTESIAN_POINT('',(0.439070761881,5.999999963535E-07));
#2388 = CARTESIAN_POINT('',(0.445292507726,-4.41329671729E-02));
#2389 = CARTESIAN_POINT('',(0.450861768938,-8.901902281501E-02));
#2390 = CARTESIAN_POINT('',(0.455734005708,-0.134278744596));
#2391 = CARTESIAN_POINT('',(0.459839641017,-0.179532572522));
#2392 = CARTESIAN_POINT('',(0.463078424481,-0.22429567565));
#2393 = ( GEOMETRIC_REPRESENTATION_CONTEXT(2) 
PARAMETRIC_REPRESENTATION_CONTEXT() REPRESENTATION_CONTEXT('2D SPACE',''
  ) );
#2394 = PCURVE('',#772,#2395);
#2395 = DEFINITIONAL_REPRESENTATION('',(#2396),#2403);
#2396 = B_SPLINE_CURVE_WITH_KNOTS('',5,(#2397,#2398,#2399,#2400,#2401,
    #2402),.UNSPECIFIED.,.F.,.F.,(6,6),(0.,1.),
  .PIECEWISE_BEZIER_KNOTS.);
#2397 = CARTESIAN_POINT('',(2.133172299171,-4.044810061309));
#2398 = CARTESIAN_POINT('',(2.052612003184,-4.08795099235));
#2399 = CARTESIAN_POINT('',(1.971926618158,-4.130641516199));
#2400 = CARTESIAN_POINT('',(1.890505877765,-4.172488970574));
#2401 = CARTESIAN_POINT('',(1.807825463888,-4.213060671836));
#2402 = CARTESIAN_POINT('',(1.72328331586,-4.251799618985));
#2403 = ( GEOMETRIC_REPRESENTATION_CONTEXT(2) 
PARAMETRIC_REPRESENTATION_CONTEXT() REPRESENTATION_CONTEXT('2D SPACE',''
  ) );
#2404 = ADVANCED_FACE('',(#2405),#772,.T.);
#2405 = FACE_BOUND('',#2406,.T.);
#2406 = EDGE_LOOP('',(#2407,#2432,#2454,#2455,#2456,#2498,#2499,#2521,
    #2522));
#2407 = ORIENTED_EDGE('',*,*,#2408,.T.);
#2408 = EDGE_CURVE('',#2409,#2411,#2413,.T.);
#2409 = VERTEX_POINT('',#2410);
#2410 = CARTESIAN_POINT('',(6.31788835356,-0.48,8.274494070375));
#2411 = VERTEX_POINT('',#2412);
#2412 = CARTESIAN_POINT('',(3.507063109685,-1.35,11.346067193125));
#2413 = SEAM_CURVE('',#2414,(#2418,#2425),.PCURVE_S1.);
#2414 = LINE('',#2415,#2416);
#2415 = CARTESIAN_POINT('',(6.31788835356,-0.48,8.274494070375));
#2416 = VECTOR('',#2417,1.);
#2417 = DIRECTION('',(-0.660827572466,-0.204537791632,0.72212963605));
#2418 = PCURVE('',#772,#2419);
#2419 = DEFINITIONAL_REPRESENTATION('',(#2420),#2424);
#2420 = LINE('',#2421,#2422);
#2421 = CARTESIAN_POINT('',(0.,0.));
#2422 = VECTOR('',#2423,1.);
#2423 = DIRECTION('',(-0.,-1.));
#2424 = ( GEOMETRIC_REPRESENTATION_CONTEXT(2) 
PARAMETRIC_REPRESENTATION_CONTEXT() REPRESENTATION_CONTEXT('2D SPACE',''
  ) );
#2425 = PCURVE('',#772,#2426);
#2426 = DEFINITIONAL_REPRESENTATION('',(#2427),#2431);
#2427 = LINE('',#2428,#2429);
#2428 = CARTESIAN_POINT('',(6.283185307179,0.));
#2429 = VECTOR('',#2430,1.);
#2430 = DIRECTION('',(-0.,-1.));
#2431 = ( GEOMETRIC_REPRESENTATION_CONTEXT(2) 
PARAMETRIC_REPRESENTATION_CONTEXT() REPRESENTATION_CONTEXT('2D SPACE',''
  ) );
#2432 = ORIENTED_EDGE('',*,*,#2433,.F.);
#2433 = EDGE_CURVE('',#2155,#2411,#2434,.T.);
#2434 = SURFACE_CURVE('',#2435,(#2440,#2447),.PCURVE_S1.);
#2435 = CIRCLE('',#2436,0.3);
#2436 = AXIS2_PLACEMENT_3D('',#2437,#2438,#2439);
#2437 = CARTESIAN_POINT('',(3.28,-1.35,11.15));
#2438 = DIRECTION('',(-0.639729113257,-0.204619238431,0.740862759838));
#2439 = DIRECTION('',(0.756877032285,-8.873457524317E-14,0.653557310417)
  );
#2440 = PCURVE('',#772,#2441);
#2441 = DEFINITIONAL_REPRESENTATION('',(#2442),#2446);
#2442 = LINE('',#2443,#2444);
#2443 = CARTESIAN_POINT('',(6.28318530718,-4.251799618985));
#2444 = VECTOR('',#2445,1.);
#2445 = DIRECTION('',(-1.,-0.));
#2446 = ( GEOMETRIC_REPRESENTATION_CONTEXT(2) 
PARAMETRIC_REPRESENTATION_CONTEXT() REPRESENTATION_CONTEXT('2D SPACE',''
  ) );
#2447 = PCURVE('',#2083,#2448);
#2448 = DEFINITIONAL_REPRESENTATION('',(#2449),#2453);
#2449 = CIRCLE('',#2450,0.3);
#2450 = AXIS2_PLACEMENT_2D('',#2451,#2452);
#2451 = CARTESIAN_POINT('',(0.,0.));
#2452 = DIRECTION('',(1.,-1.387778780781E-17));
#2453 = ( GEOMETRIC_REPRESENTATION_CONTEXT(2) 
PARAMETRIC_REPRESENTATION_CONTEXT() REPRESENTATION_CONTEXT('2D SPACE',''
  ) );
#2454 = ORIENTED_EDGE('',*,*,#2375,.F.);
#2455 = ORIENTED_EDGE('',*,*,#753,.F.);
#2456 = ORIENTED_EDGE('',*,*,#2457,.F.);
#2457 = EDGE_CURVE('',#1134,#754,#2458,.T.);
#2458 = SURFACE_CURVE('',#2459,(#2470,#2484),.PCURVE_S1.);
#2459 = B_SPLINE_CURVE_WITH_KNOTS('',5,(#2460,#2461,#2462,#2463,#2464,
    #2465,#2466,#2467,#2468,#2469),.UNSPECIFIED.,.F.,.F.,(6,4,6),(0.,
    0.437487353593,1.),.UNSPECIFIED.);
#2460 = CARTESIAN_POINT('',(3.510796059894,-1.075645741046,11.1700006));
#2461 = CARTESIAN_POINT('',(3.515760892443,-1.059441042897,
    11.144102774307));
#2462 = CARTESIAN_POINT('',(3.520339465294,-1.044163248068,
    11.117511532302));
#2463 = CARTESIAN_POINT('',(3.524538234115,-1.029870064092,
    11.090332664027));
#2464 = CARTESIAN_POINT('',(3.528364140817,-1.016616421954,
    11.062664949246));
#2465 = CARTESIAN_POINT('',(3.536266658476,-0.988830074991,
    10.998531619261));
#2466 = CARTESIAN_POINT('',(3.540102238226,-0.975015081025,
    10.961813308862));
#2467 = CARTESIAN_POINT('',(3.543337252552,-0.963137610441,
    10.924661374857));
#2468 = CARTESIAN_POINT('',(3.545972036541,-0.953334284077,
    10.887298384035));
#2469 = CARTESIAN_POINT('',(3.547987146927,-0.945774782726,10.8499994));
#2470 = PCURVE('',#772,#2471);
#2471 = DEFINITIONAL_REPRESENTATION('',(#2472),#2483);
#2472 = B_SPLINE_CURVE_WITH_KNOTS('',5,(#2473,#2474,#2475,#2476,#2477,
    #2478,#2479,#2480,#2481,#2482),.UNSPECIFIED.,.F.,.F.,(6,4,6),(0.,
    0.437487353593,1.),.UNSPECIFIED.);
#2473 = CARTESIAN_POINT('',(5.374674439136,-4.062832200432));
#2474 = CARTESIAN_POINT('',(5.318135426215,-4.037153524898));
#2475 = CARTESIAN_POINT('',(5.261945890515,-4.011397886865));
#2476 = CARTESIAN_POINT('',(5.206000760817,-3.985651340432));
#2477 = CARTESIAN_POINT('',(5.150198194206,-3.959993866838));
#2478 = CARTESIAN_POINT('',(5.022716882565,-3.901738779219));
#2479 = CARTESIAN_POINT('',(4.951062518545,-3.869255004863));
#2480 = CARTESIAN_POINT('',(4.879221604761,-3.837230628671));
#2481 = CARTESIAN_POINT('',(4.806957073174,-3.805858282975));
#2482 = CARTESIAN_POINT('',(4.733975661266,-3.775388910534));
#2483 = ( GEOMETRIC_REPRESENTATION_CONTEXT(2) 
PARAMETRIC_REPRESENTATION_CONTEXT() REPRESENTATION_CONTEXT('2D SPACE',''
  ) );
#2484 = PCURVE('',#818,#2485);
#2485 = DEFINITIONAL_REPRESENTATION('',(#2486),#2497);
#2486 = B_SPLINE_CURVE_WITH_KNOTS('',5,(#2487,#2488,#2489,#2490,#2491,
    #2492,#2493,#2494,#2495,#2496),.UNSPECIFIED.,.F.,.F.,(6,4,6),(
    2.02713830085E-06,0.437487353593,0.999998190259),.UNSPECIFIED.);
#2487 = CARTESIAN_POINT('',(6.580486973887,-0.32));
#2488 = CARTESIAN_POINT('',(6.575871324024,-0.294102281455));
#2489 = CARTESIAN_POINT('',(6.571527846372,-0.267511154494));
#2490 = CARTESIAN_POINT('',(6.567470846846,-0.240332407625));
#2491 = CARTESIAN_POINT('',(6.563714017384,-0.212664819239));
#2492 = CARTESIAN_POINT('',(6.555846620576,-0.148531735326));
#2493 = CARTESIAN_POINT('',(6.551942015365,-0.111813545126));
#2494 = CARTESIAN_POINT('',(6.548589505952,-7.466173343796E-02));
#2495 = CARTESIAN_POINT('',(6.545824930894,-3.729886485886E-02));
#2496 = CARTESIAN_POINT('',(6.543694284513,-1.630650920028E-16));
#2497 = ( GEOMETRIC_REPRESENTATION_CONTEXT(2) 
PARAMETRIC_REPRESENTATION_CONTEXT() REPRESENTATION_CONTEXT('2D SPACE',''
  ) );
#2498 = ORIENTED_EDGE('',*,*,#1133,.T.);
#2499 = ORIENTED_EDGE('',*,*,#2500,.F.);
#2500 = EDGE_CURVE('',#2411,#1136,#2501,.T.);
#2501 = SURFACE_CURVE('',#2502,(#2507,#2514),.PCURVE_S1.);
#2502 = CIRCLE('',#2503,0.3);
#2503 = AXIS2_PLACEMENT_3D('',#2504,#2505,#2506);
#2504 = CARTESIAN_POINT('',(3.28,-1.35,11.15));
#2505 = DIRECTION('',(-0.639729113257,-0.204619238431,0.740862759838));
#2506 = DIRECTION('',(0.756877032285,-8.873457524317E-14,0.653557310417)
  );
#2507 = PCURVE('',#772,#2508);
#2508 = DEFINITIONAL_REPRESENTATION('',(#2509),#2513);
#2509 = LINE('',#2510,#2511);
#2510 = CARTESIAN_POINT('',(6.28318530718,-4.251799618985));
#2511 = VECTOR('',#2512,1.);
#2512 = DIRECTION('',(-1.,-0.));
#2513 = ( GEOMETRIC_REPRESENTATION_CONTEXT(2) 
PARAMETRIC_REPRESENTATION_CONTEXT() REPRESENTATION_CONTEXT('2D SPACE',''
  ) );
#2514 = PCURVE('',#2083,#2515);
#2515 = DEFINITIONAL_REPRESENTATION('',(#2516),#2520);
#2516 = CIRCLE('',#2517,0.3);
#2517 = AXIS2_PLACEMENT_2D('',#2518,#2519);
#2518 = CARTESIAN_POINT('',(0.,0.));
#2519 = DIRECTION('',(1.,-1.387778780781E-17));
#2520 = ( GEOMETRIC_REPRESENTATION_CONTEXT(2) 
PARAMETRIC_REPRESENTATION_CONTEXT() REPRESENTATION_CONTEXT('2D SPACE',''
  ) );
#2521 = ORIENTED_EDGE('',*,*,#2408,.F.);
#2522 = ORIENTED_EDGE('',*,*,#2523,.T.);
#2523 = EDGE_CURVE('',#2409,#2409,#2524,.T.);
#2524 = SURFACE_CURVE('',#2525,(#2530,#2537),.PCURVE_S1.);
#2525 = CIRCLE('',#2526,0.42);
#2526 = AXIS2_PLACEMENT_3D('',#2527,#2528,#2529);
#2527 = CARTESIAN_POINT('',(6.,-0.48,8.));
#2528 = DIRECTION('',(-0.639729113257,-0.204619238431,0.740862759838));
#2529 = DIRECTION('',(0.756877032285,-8.873457524317E-14,0.653557310417)
  );
#2530 = PCURVE('',#772,#2531);
#2531 = DEFINITIONAL_REPRESENTATION('',(#2532),#2536);
#2532 = LINE('',#2533,#2534);
#2533 = CARTESIAN_POINT('',(6.28318530718,4.421702856938E-16));
#2534 = VECTOR('',#2535,1.);
#2535 = DIRECTION('',(-1.,0.));
#2536 = ( GEOMETRIC_REPRESENTATION_CONTEXT(2) 
PARAMETRIC_REPRESENTATION_CONTEXT() REPRESENTATION_CONTEXT('2D SPACE',''
  ) );
#2537 = PCURVE('',#2538,#2543);
#2538 = PLANE('',#2539);
#2539 = AXIS2_PLACEMENT_3D('',#2540,#2541,#2542);
#2540 = CARTESIAN_POINT('',(6.,-0.48,8.));
#2541 = DIRECTION('',(-0.639729113257,-0.204619238431,0.740862759838));
#2542 = DIRECTION('',(0.756877032285,-8.873457524317E-14,0.653557310417)
  );
#2543 = DEFINITIONAL_REPRESENTATION('',(#2544),#2548);
#2544 = CIRCLE('',#2545,0.42);
#2545 = AXIS2_PLACEMENT_2D('',#2546,#2547);
#2546 = CARTESIAN_POINT('',(0.,0.));
#2547 = DIRECTION('',(1.,-1.387778780781E-17));
#2548 = ( GEOMETRIC_REPRESENTATION_CONTEXT(2) 
PARAMETRIC_REPRESENTATION_CONTEXT() REPRESENTATION_CONTEXT('2D SPACE',''
  ) );
#2549 = ADVANCED_FACE('',(#2550),#818,.T.);
#2550 = FACE_BOUND('',#2551,.T.);
#2551 = EDGE_LOOP('',(#2552,#2553,#2554,#2596));
#2552 = ORIENTED_EDGE('',*,*,#2457,.T.);
#2553 = ORIENTED_EDGE('',*,*,#797,.F.);
#2554 = ORIENTED_EDGE('',*,*,#2555,.T.);
#2555 = EDGE_CURVE('',#798,#1165,#2556,.T.);
#2556 = SURFACE_CURVE('',#2557,(#2568,#2582),.PCURVE_S1.);
#2557 = B_SPLINE_CURVE_WITH_KNOTS('',5,(#2558,#2559,#2560,#2561,#2562,
    #2563,#2564,#2565,#2566,#2567),.UNSPECIFIED.,.F.,.F.,(6,4,6),(0.,
    0.562556958106,1.),.UNSPECIFIED.);
#2558 = CARTESIAN_POINT('',(3.547987146927,0.945774782726,10.8499994));
#2559 = CARTESIAN_POINT('',(3.545971877602,0.953334880324,
    10.887301325951));
#2560 = CARTESIAN_POINT('',(3.543336837126,0.963139156137,
    10.924667265111));
#2561 = CARTESIAN_POINT('',(3.540101473368,0.975017889191,
    10.961822092295));
#2562 = CARTESIAN_POINT('',(3.536265449465,0.988834429599,
    10.998543192793));
#2563 = CARTESIAN_POINT('',(3.528362590425,1.016621792785,
    11.062676161005));
#2564 = CARTESIAN_POINT('',(3.524536958004,1.029874408133,11.09034092426
    ));
#2565 = CARTESIAN_POINT('',(3.520338537607,1.044166343577,
    11.117516920064));
#2566 = CARTESIAN_POINT('',(3.51576038946,1.059442684582,11.144105397993
    ));
#2567 = CARTESIAN_POINT('',(3.510796059894,1.075645741046,11.1700006));
#2568 = PCURVE('',#818,#2569);
#2569 = DEFINITIONAL_REPRESENTATION('',(#2570),#2581);
#2570 = B_SPLINE_CURVE_WITH_KNOTS('',5,(#2571,#2572,#2573,#2574,#2575,
    #2576,#2577,#2578,#2579,#2580),.UNSPECIFIED.,.F.,.F.,(6,4,6),(
    1.809741315845E-06,0.562556958106,0.999997972862),.UNSPECIFIED.);
#2571 = CARTESIAN_POINT('',(6.022676329846,-1.211940643692E-15));
#2572 = CARTESIAN_POINT('',(6.020545515412,-3.730180677462E-02));
#2573 = CARTESIAN_POINT('',(6.017780672513,-7.466762369097E-02));
#2574 = CARTESIAN_POINT('',(6.014427806364,-0.111822328558));
#2575 = CARTESIAN_POINT('',(6.010522763013,-0.148543308857));
#2576 = CARTESIAN_POINT('',(6.002655074571,-0.212676030998));
#2577 = CARTESIAN_POINT('',(5.998898534487,-0.24034066786));
#2578 = CARTESIAN_POINT('',(5.994841887929,-0.267516542258));
#2579 = CARTESIAN_POINT('',(5.990498822725,-0.294104905143));
#2580 = CARTESIAN_POINT('',(5.985883640472,-0.32));
#2581 = ( GEOMETRIC_REPRESENTATION_CONTEXT(2) 
PARAMETRIC_REPRESENTATION_CONTEXT() REPRESENTATION_CONTEXT('2D SPACE',''
  ) );
#2582 = PCURVE('',#847,#2583);
#2583 = DEFINITIONAL_REPRESENTATION('',(#2584),#2595);
#2584 = B_SPLINE_CURVE_WITH_KNOTS('',5,(#2585,#2586,#2587,#2588,#2589,
    #2590,#2591,#2592,#2593,#2594),.UNSPECIFIED.,.F.,.F.,(6,4,6),(0.,
    0.562556958106,1.),.UNSPECIFIED.);
#2585 = CARTESIAN_POINT('',(1.549209645915,-3.775388910534));
#2586 = CARTESIAN_POINT('',(1.476222477679,-3.805860686213));
#2587 = CARTESIAN_POINT('',(1.403952309926,-3.83723557458));
#2588 = CARTESIAN_POINT('',(1.332105804174,-3.869262576088));
#2589 = CARTESIAN_POINT('',(1.260445839164,-3.901749018094));
#2590 = CARTESIAN_POINT('',(1.132964500101,-3.960004264019));
#2591 = CARTESIAN_POINT('',(1.0771675434,-3.985659165371));
#2592 = CARTESIAN_POINT('',(1.021228031859,-4.011403105327));
#2593 = CARTESIAN_POINT('',(0.965044153045,-4.037156126382));
#2594 = CARTESIAN_POINT('',(0.908510868045,-4.062832200432));
#2595 = ( GEOMETRIC_REPRESENTATION_CONTEXT(2) 
PARAMETRIC_REPRESENTATION_CONTEXT() REPRESENTATION_CONTEXT('2D SPACE',''
  ) );
#2596 = ORIENTED_EDGE('',*,*,#1164,.F.);
#2597 = ADVANCED_FACE('',(#2598),#847,.T.);
#2598 = FACE_BOUND('',#2599,.T.);
#2599 = EDGE_LOOP('',(#2600,#2625,#2647,#2648,#2649,#2650,#2682,#2704,
    #2705));
#2600 = ORIENTED_EDGE('',*,*,#2601,.T.);
#2601 = EDGE_CURVE('',#2602,#2604,#2606,.T.);
#2602 = VERTEX_POINT('',#2603);
#2603 = CARTESIAN_POINT('',(6.31788835356,0.48,8.274494070375));
#2604 = VERTEX_POINT('',#2605);
#2605 = CARTESIAN_POINT('',(3.507063109685,1.35,11.346067193125));
#2606 = SEAM_CURVE('',#2607,(#2611,#2618),.PCURVE_S1.);
#2607 = LINE('',#2608,#2609);
#2608 = CARTESIAN_POINT('',(6.31788835356,0.48,8.274494070375));
#2609 = VECTOR('',#2610,1.);
#2610 = DIRECTION('',(-0.660827572466,0.204537791632,0.72212963605));
#2611 = PCURVE('',#847,#2612);
#2612 = DEFINITIONAL_REPRESENTATION('',(#2613),#2617);
#2613 = LINE('',#2614,#2615);
#2614 = CARTESIAN_POINT('',(0.,0.));
#2615 = VECTOR('',#2616,1.);
#2616 = DIRECTION('',(-0.,-1.));
#2617 = ( GEOMETRIC_REPRESENTATION_CONTEXT(2) 
PARAMETRIC_REPRESENTATION_CONTEXT() REPRESENTATION_CONTEXT('2D SPACE',''
  ) );
#2618 = PCURVE('',#847,#2619);
#2619 = DEFINITIONAL_REPRESENTATION('',(#2620),#2624);
#2620 = LINE('',#2621,#2622);
#2621 = CARTESIAN_POINT('',(6.283185307179,0.));
#2622 = VECTOR('',#2623,1.);
#2623 = DIRECTION('',(-0.,-1.));
#2624 = ( GEOMETRIC_REPRESENTATION_CONTEXT(2) 
PARAMETRIC_REPRESENTATION_CONTEXT() REPRESENTATION_CONTEXT('2D SPACE',''
  ) );
#2625 = ORIENTED_EDGE('',*,*,#2626,.F.);
#2626 = EDGE_CURVE('',#1189,#2604,#2627,.T.);
#2627 = SURFACE_CURVE('',#2628,(#2633,#2640),.PCURVE_S1.);
#2628 = CIRCLE('',#2629,0.3);
#2629 = AXIS2_PLACEMENT_3D('',#2630,#2631,#2632);
#2630 = CARTESIAN_POINT('',(3.28,1.35,11.15));
#2631 = DIRECTION('',(-0.639729113257,0.204619238431,0.740862759838));
#2632 = DIRECTION('',(0.756877032285,8.873457524317E-14,0.653557310417)
  );
#2633 = PCURVE('',#847,#2634);
#2634 = DEFINITIONAL_REPRESENTATION('',(#2635),#2639);
#2635 = LINE('',#2636,#2637);
#2636 = CARTESIAN_POINT('',(6.28318530718,-4.251799618985));
#2637 = VECTOR('',#2638,1.);
#2638 = DIRECTION('',(-1.,-0.));
#2639 = ( GEOMETRIC_REPRESENTATION_CONTEXT(2) 
PARAMETRIC_REPRESENTATION_CONTEXT() REPRESENTATION_CONTEXT('2D SPACE',''
  ) );
#2640 = PCURVE('',#1233,#2641);
#2641 = DEFINITIONAL_REPRESENTATION('',(#2642),#2646);
#2642 = CIRCLE('',#2643,0.3);
#2643 = AXIS2_PLACEMENT_2D('',#2644,#2645);
#2644 = CARTESIAN_POINT('',(0.,0.));
#2645 = DIRECTION('',(1.,1.387778780781E-17));
#2646 = ( GEOMETRIC_REPRESENTATION_CONTEXT(2) 
PARAMETRIC_REPRESENTATION_CONTEXT() REPRESENTATION_CONTEXT('2D SPACE',''
  ) );
#2647 = ORIENTED_EDGE('',*,*,#1188,.T.);
#2648 = ORIENTED_EDGE('',*,*,#2555,.F.);
#2649 = ORIENTED_EDGE('',*,*,#830,.F.);
#2650 = ORIENTED_EDGE('',*,*,#2651,.F.);
#2651 = EDGE_CURVE('',#2652,#831,#2654,.T.);
#2652 = VERTEX_POINT('',#2653);
#2653 = CARTESIAN_POINT('',(3.285163448284,1.64024505866,11.07429567565)
  );
#2654 = SURFACE_CURVE('',#2655,(#2662,#2672),.PCURVE_S1.);
#2655 = B_SPLINE_CURVE_WITH_KNOTS('',5,(#2656,#2657,#2658,#2659,#2660,
    #2661),.UNSPECIFIED.,.F.,.F.,(6,6),(0.,1.),
  .PIECEWISE_BEZIER_KNOTS.);
#2656 = CARTESIAN_POINT('',(3.285163448284,1.64024505866,11.07429567565)
  );
#2657 = CARTESIAN_POINT('',(3.290475864232,1.629605090807,
    11.029532426112));
#2658 = CARTESIAN_POINT('',(3.297167098859,1.616096011288,
    10.984278884148));
#2659 = CARTESIAN_POINT('',(3.305025942096,1.600023940451,
    10.939019159802));
#2660 = CARTESIAN_POINT('',(3.313879870249,1.581589344192,10.89413282531
    ));
#2661 = CARTESIAN_POINT('',(3.323591429749,1.560910869492,10.8499994));
#2662 = PCURVE('',#847,#2663);
#2663 = DEFINITIONAL_REPRESENTATION('',(#2664),#2671);
#2664 = B_SPLINE_CURVE_WITH_KNOTS('',5,(#2665,#2666,#2667,#2668,#2669,
    #2670),.UNSPECIFIED.,.F.,.F.,(6,6),(0.,1.),
  .PIECEWISE_BEZIER_KNOTS.);
#2665 = CARTESIAN_POINT('',(4.55990199132,-4.251799618985));
#2666 = CARTESIAN_POINT('',(4.475359566775,-4.21306054513));
#2667 = CARTESIAN_POINT('',(4.39267970499,-4.172489085981));
#2668 = CARTESIAN_POINT('',(4.311258925993,-4.130641655982));
#2669 = CARTESIAN_POINT('',(4.230573045043,-4.087950853678));
#2670 = CARTESIAN_POINT('',(4.150013008009,-4.044810061309));
#2671 = ( GEOMETRIC_REPRESENTATION_CONTEXT(2) 
PARAMETRIC_REPRESENTATION_CONTEXT() REPRESENTATION_CONTEXT('2D SPACE',''
  ) );
#2672 = PCURVE('',#889,#2673);
#2673 = DEFINITIONAL_REPRESENTATION('',(#2674),#2681);
#2674 = B_SPLINE_CURVE_WITH_KNOTS('',5,(#2675,#2676,#2677,#2678,#2679,
    #2680),.UNSPECIFIED.,.F.,.F.,(6,6),(0.,1.),
  .PIECEWISE_BEZIER_KNOTS.);
#2675 = CARTESIAN_POINT('',(5.820106882699,-0.22429567565));
#2676 = CARTESIAN_POINT('',(5.823345676757,-0.179532426112));
#2677 = CARTESIAN_POINT('',(5.827451292874,-0.134278884148));
#2678 = CARTESIAN_POINT('',(5.832323516911,-8.901915980224E-02));
#2679 = CARTESIAN_POINT('',(5.837892819453,-4.413282531023E-02));
#2680 = CARTESIAN_POINT('',(5.844114545299,5.999999999895E-07));
#2681 = ( GEOMETRIC_REPRESENTATION_CONTEXT(2) 
PARAMETRIC_REPRESENTATION_CONTEXT() REPRESENTATION_CONTEXT('2D SPACE',''
  ) );
#2682 = ORIENTED_EDGE('',*,*,#2683,.F.);
#2683 = EDGE_CURVE('',#2604,#2652,#2684,.T.);
#2684 = SURFACE_CURVE('',#2685,(#2690,#2697),.PCURVE_S1.);
#2685 = CIRCLE('',#2686,0.3);
#2686 = AXIS2_PLACEMENT_3D('',#2687,#2688,#2689);
#2687 = CARTESIAN_POINT('',(3.28,1.35,11.15));
#2688 = DIRECTION('',(-0.639729113257,0.204619238431,0.740862759838));
#2689 = DIRECTION('',(0.756877032285,8.873457524317E-14,0.653557310417)
  );
#2690 = PCURVE('',#847,#2691);
#2691 = DEFINITIONAL_REPRESENTATION('',(#2692),#2696);
#2692 = LINE('',#2693,#2694);
#2693 = CARTESIAN_POINT('',(6.28318530718,-4.251799618985));
#2694 = VECTOR('',#2695,1.);
#2695 = DIRECTION('',(-1.,-0.));
#2696 = ( GEOMETRIC_REPRESENTATION_CONTEXT(2) 
PARAMETRIC_REPRESENTATION_CONTEXT() REPRESENTATION_CONTEXT('2D SPACE',''
  ) );
#2697 = PCURVE('',#1233,#2698);
#2698 = DEFINITIONAL_REPRESENTATION('',(#2699),#2703);
#2699 = CIRCLE('',#2700,0.3);
#2700 = AXIS2_PLACEMENT_2D('',#2701,#2702);
#2701 = CARTESIAN_POINT('',(0.,0.));
#2702 = DIRECTION('',(1.,1.387778780781E-17));
#2703 = ( GEOMETRIC_REPRESENTATION_CONTEXT(2) 
PARAMETRIC_REPRESENTATION_CONTEXT() REPRESENTATION_CONTEXT('2D SPACE',''
  ) );
#2704 = ORIENTED_EDGE('',*,*,#2601,.F.);
#2705 = ORIENTED_EDGE('',*,*,#2706,.T.);
#2706 = EDGE_CURVE('',#2602,#2602,#2707,.T.);
#2707 = SURFACE_CURVE('',#2708,(#2713,#2720),.PCURVE_S1.);
#2708 = CIRCLE('',#2709,0.42);
#2709 = AXIS2_PLACEMENT_3D('',#2710,#2711,#2712);
#2710 = CARTESIAN_POINT('',(6.,0.48,8.));
#2711 = DIRECTION('',(-0.639729113257,0.204619238431,0.740862759838));
#2712 = DIRECTION('',(0.756877032285,8.873457524317E-14,0.653557310417)
  );
#2713 = PCURVE('',#847,#2714);
#2714 = DEFINITIONAL_REPRESENTATION('',(#2715),#2719);
#2715 = LINE('',#2716,#2717);
#2716 = CARTESIAN_POINT('',(6.28318530718,4.421702856938E-16));
#2717 = VECTOR('',#2718,1.);
#2718 = DIRECTION('',(-1.,0.));
#2719 = ( GEOMETRIC_REPRESENTATION_CONTEXT(2) 
PARAMETRIC_REPRESENTATION_CONTEXT() REPRESENTATION_CONTEXT('2D SPACE',''
  ) );
#2720 = PCURVE('',#2721,#2726);
#2721 = PLANE('',#2722);
#2722 = AXIS2_PLACEMENT_3D('',#2723,#2724,#2725);
#2723 = CARTESIAN_POINT('',(6.,0.48,8.));
#2724 = DIRECTION('',(-0.639729113257,0.204619238431,0.740862759838));
#2725 = DIRECTION('',(0.756877032285,8.873457524317E-14,0.653557310417)
  );
#2726 = DEFINITIONAL_REPRESENTATION('',(#2727),#2731);
#2727 = CIRCLE('',#2728,0.42);
#2728 = AXIS2_PLACEMENT_2D('',#2729,#2730);
#2729 = CARTESIAN_POINT('',(0.,0.));
#2730 = DIRECTION('',(1.,1.387778780781E-17));
#2731 = ( GEOMETRIC_REPRESENTATION_CONTEXT(2) 
PARAMETRIC_REPRESENTATION_CONTEXT() REPRESENTATION_CONTEXT('2D SPACE',''
  ) );
#2732 = ADVANCED_FACE('',(#2733),#889,.T.);
#2733 = FACE_BOUND('',#2734,.T.);
#2734 = EDGE_LOOP('',(#2735,#2767,#2792,#2793,#2825,#2857,#2887,#2888,
    #2920,#2952,#2982,#2983,#3008,#3009));
#2735 = ORIENTED_EDGE('',*,*,#2736,.T.);
#2736 = EDGE_CURVE('',#873,#2737,#2739,.T.);
#2737 = VERTEX_POINT('',#2738);
#2738 = CARTESIAN_POINT('',(-3.285163448284,1.64024505866,11.07429567565
    ));
#2739 = SURFACE_CURVE('',#2740,(#2747,#2757),.PCURVE_S1.);
#2740 = B_SPLINE_CURVE_WITH_KNOTS('',5,(#2741,#2742,#2743,#2744,#2745,
    #2746),.UNSPECIFIED.,.F.,.F.,(6,6),(0.,1.),
  .PIECEWISE_BEZIER_KNOTS.);
#2741 = CARTESIAN_POINT('',(-3.323591429749,1.560910869492,10.8499994));
#2742 = CARTESIAN_POINT('',(-3.313879839032,1.581589410661,
    10.894132967173));
#2743 = CARTESIAN_POINT('',(-3.305025980033,1.600023871912,
    10.939019022815));
#2744 = CARTESIAN_POINT('',(-3.297167107762,1.616095980393,
    10.984278744596));
#2745 = CARTESIAN_POINT('',(-3.290475846857,1.629605125608,
    11.029532572522));
#2746 = CARTESIAN_POINT('',(-3.285163448284,1.64024505866,11.07429567565
    ));
#2747 = PCURVE('',#889,#2748);
#2748 = DEFINITIONAL_REPRESENTATION('',(#2749),#2756);
#2749 = B_SPLINE_CURVE_WITH_KNOTS('',5,(#2750,#2751,#2752,#2753,#2754,
    #2755),.UNSPECIFIED.,.F.,.F.,(6,6),(0.,1.),
  .PIECEWISE_BEZIER_KNOTS.);
#2750 = CARTESIAN_POINT('',(3.580663415471,5.999999945772E-07));
#2751 = CARTESIAN_POINT('',(3.586885161316,-4.41329671729E-02));
#2752 = CARTESIAN_POINT('',(3.592454422527,-8.901902281502E-02));
#2753 = CARTESIAN_POINT('',(3.597326659298,-0.134278744596));
#2754 = CARTESIAN_POINT('',(3.601432294607,-0.179532572522));
#2755 = CARTESIAN_POINT('',(3.604671078071,-0.22429567565));
#2756 = ( GEOMETRIC_REPRESENTATION_CONTEXT(2) 
PARAMETRIC_REPRESENTATION_CONTEXT() REPRESENTATION_CONTEXT('2D SPACE',''
  ) );
#2757 = PCURVE('',#918,#2758);
#2758 = DEFINITIONAL_REPRESENTATION('',(#2759),#2766);
#2759 = B_SPLINE_CURVE_WITH_KNOTS('',5,(#2760,#2761,#2762,#2763,#2764,
    #2765),.UNSPECIFIED.,.F.,.F.,(6,6),(0.,1.),
  .PIECEWISE_BEZIER_KNOTS.);
#2760 = CARTESIAN_POINT('',(5.274764952761,-4.044810061309));
#2761 = CARTESIAN_POINT('',(5.194204656774,-4.08795099235));
#2762 = CARTESIAN_POINT('',(5.113519271747,-4.130641516199));
#2763 = CARTESIAN_POINT('',(5.032098531355,-4.172488970574));
#2764 = CARTESIAN_POINT('',(4.949418117478,-4.213060671836));
#2765 = CARTESIAN_POINT('',(4.86487596945,-4.251799618985));
#2766 = ( GEOMETRIC_REPRESENTATION_CONTEXT(2) 
PARAMETRIC_REPRESENTATION_CONTEXT() REPRESENTATION_CONTEXT('2D SPACE',''
  ) );
#2767 = ORIENTED_EDGE('',*,*,#2768,.T.);
#2768 = EDGE_CURVE('',#2737,#1579,#2769,.T.);
#2769 = SURFACE_CURVE('',#2770,(#2775,#2785),.PCURVE_S1.);
#2770 = ELLIPSE('',#2771,4.956221582526,3.67188);
#2771 = AXIS2_PLACEMENT_3D('',#2772,#2773,#2774);
#2772 = CARTESIAN_POINT('',(0.,0.,8.690603174603));
#2773 = DIRECTION('',(0.639729113257,0.204619238431,0.740862759838));
#2774 = DIRECTION('',(0.705645698282,0.225702852024,-0.671656438281));
#2775 = PCURVE('',#889,#2776);
#2776 = DEFINITIONAL_REPRESENTATION('',(#2777),#2784);
#2777 = B_SPLINE_CURVE_WITH_KNOTS('',5,(#2778,#2779,#2780,#2781,#2782,
    #2783),.UNSPECIFIED.,.F.,.F.,(6,6),(2.349938652597,2.411053451751),
  .PIECEWISE_BEZIER_KNOTS.);
#2778 = CARTESIAN_POINT('',(3.623677114522,-0.179704071285));
#2779 = CARTESIAN_POINT('',(3.611454154691,-0.20865478223));
#2780 = CARTESIAN_POINT('',(3.599231194861,-0.237168663902));
#2781 = CARTESIAN_POINT('',(3.58700823503,-0.265236705323));
#2782 = CARTESIAN_POINT('',(3.574785275199,-0.292850167552));
#2783 = CARTESIAN_POINT('',(3.562562315369,-0.3200006));
#2784 = ( GEOMETRIC_REPRESENTATION_CONTEXT(2) 
PARAMETRIC_REPRESENTATION_CONTEXT() REPRESENTATION_CONTEXT('2D SPACE',''
  ) );
#2785 = PCURVE('',#1618,#2786);
#2786 = DEFINITIONAL_REPRESENTATION('',(#2787),#2791);
#2787 = ELLIPSE('',#2788,4.956221582526,3.67188);
#2788 = AXIS2_PLACEMENT_2D('',#2789,#2790);
#2789 = CARTESIAN_POINT('',(4.089913440349,-1.379181204637));
#2790 = DIRECTION('',(0.973052997288,0.230581578774));
#2791 = ( GEOMETRIC_REPRESENTATION_CONTEXT(2) 
PARAMETRIC_REPRESENTATION_CONTEXT() REPRESENTATION_CONTEXT('2D SPACE',''
  ) );
#2792 = ORIENTED_EDGE('',*,*,#1578,.F.);
#2793 = ORIENTED_EDGE('',*,*,#2794,.T.);
#2794 = EDGE_CURVE('',#1549,#2795,#2797,.T.);
#2795 = VERTEX_POINT('',#2796);
#2796 = CARTESIAN_POINT('',(-2.794552647504,2.381843453028,
    10.962612755697));
#2797 = SURFACE_CURVE('',#2798,(#2805,#2815),.PCURVE_S1.);
#2798 = B_SPLINE_CURVE_WITH_KNOTS('',5,(#2799,#2800,#2801,#2802,#2803,
    #2804),.UNSPECIFIED.,.F.,.F.,(6,6),(0.,1.),
  .PIECEWISE_BEZIER_KNOTS.);
#2799 = CARTESIAN_POINT('',(-2.782574344075,2.395826110989,11.1700006));
#2800 = CARTESIAN_POINT('',(-2.785402432919,2.392541495539,
    11.128834232346));
#2801 = CARTESIAN_POINT('',(-2.787999932006,2.389514892367,
    11.087488251189));
#2802 = CARTESIAN_POINT('',(-2.790383018849,2.38673063415,
    11.045989819676));
#2803 = CARTESIAN_POINT('',(-2.792563919157,2.38417677433,
    11.004359359403));
#2804 = CARTESIAN_POINT('',(-2.794552647504,2.381843453028,
    10.962612755697));
#2805 = PCURVE('',#889,#2806);
#2806 = DEFINITIONAL_REPRESENTATION('',(#2807),#2814);
#2807 = B_SPLINE_CURVE_WITH_KNOTS('',5,(#2808,#2809,#2810,#2811,#2812,
    #2813),.UNSPECIFIED.,.F.,.F.,(6,6),(0.,1.),
  .PIECEWISE_BEZIER_KNOTS.);
#2808 = CARTESIAN_POINT('',(3.852444330826,-0.3200006));
#2809 = CARTESIAN_POINT('',(3.851263907576,-0.278834232346));
#2810 = CARTESIAN_POINT('',(3.850177708104,-0.237488251189));
#2811 = CARTESIAN_POINT('',(3.849179620919,-0.195989819676));
#2812 = CARTESIAN_POINT('',(3.848265007657,-0.154359359403));
#2813 = CARTESIAN_POINT('',(3.847430054233,-0.112612755697));
#2814 = ( GEOMETRIC_REPRESENTATION_CONTEXT(2) 
PARAMETRIC_REPRESENTATION_CONTEXT() REPRESENTATION_CONTEXT('2D SPACE',''
  ) );
#2815 = PCURVE('',#1433,#2816);
#2816 = DEFINITIONAL_REPRESENTATION('',(#2817),#2824);
#2817 = B_SPLINE_CURVE_WITH_KNOTS('',5,(#2818,#2819,#2820,#2821,#2822,
    #2823),.UNSPECIFIED.,.F.,.F.,(6,6),(0.,1.),
  .PIECEWISE_BEZIER_KNOTS.);
#2818 = CARTESIAN_POINT('',(2.725683896774,-0.203690897912));
#2819 = CARTESIAN_POINT('',(2.695674169209,-0.163265895813));
#2820 = CARTESIAN_POINT('',(2.66634707992,-0.122660742352));
#2821 = CARTESIAN_POINT('',(2.637624241458,-8.19020846961E-02));
#2822 = CARTESIAN_POINT('',(2.609444202121,-4.100996991133E-02));
#2823 = CARTESIAN_POINT('',(2.581753466747,0.));
#2824 = ( GEOMETRIC_REPRESENTATION_CONTEXT(2) 
PARAMETRIC_REPRESENTATION_CONTEXT() REPRESENTATION_CONTEXT('2D SPACE',''
  ) );
#2825 = ORIENTED_EDGE('',*,*,#2826,.F.);
#2826 = EDGE_CURVE('',#2827,#2795,#2829,.T.);
#2827 = VERTEX_POINT('',#2828);
#2828 = CARTESIAN_POINT('',(-2.381843453028,2.794552647504,
    10.962612755697));
#2829 = SURFACE_CURVE('',#2830,(#2835,#2845),.PCURVE_S1.);
#2830 = ELLIPSE('',#2831,3.733811604964,3.67188);
#2831 = AXIS2_PLACEMENT_3D('',#2832,#2833,#2834);
#2832 = CARTESIAN_POINT('',(0.,0.,10.287520691643));
#2833 = DIRECTION('',(0.128254195209,-0.128254195209,0.983413302138));
#2834 = DIRECTION('',(0.695378214651,-0.695378214651,-0.181378822296));
#2835 = PCURVE('',#889,#2836);
#2836 = DEFINITIONAL_REPRESENTATION('',(#2837),#2844);
#2837 = B_SPLINE_CURVE_WITH_KNOTS('',5,(#2838,#2839,#2840,#2841,#2842,
    #2843),.UNSPECIFIED.,.F.,.F.,(6,6),(3.017919179968,3.26739440397),
  .PIECEWISE_BEZIER_KNOTS.);
#2838 = CARTESIAN_POINT('',(4.050664290609,-0.109582448158));
#2839 = CARTESIAN_POINT('',(4.000769245809,-0.113750808847));
#2840 = CARTESIAN_POINT('',(3.950874201009,-0.1158277893));
#2841 = CARTESIAN_POINT('',(3.900979156208,-0.115791737782));
#2842 = CARTESIAN_POINT('',(3.851084111408,-0.113642842237));
#2843 = CARTESIAN_POINT('',(3.801189066608,-0.109403124493));
#2844 = ( GEOMETRIC_REPRESENTATION_CONTEXT(2) 
PARAMETRIC_REPRESENTATION_CONTEXT() REPRESENTATION_CONTEXT('2D SPACE',''
  ) );
#2845 = PCURVE('',#2846,#2851);
#2846 = PLANE('',#2847);
#2847 = AXIS2_PLACEMENT_3D('',#2848,#2849,#2850);
#2848 = CARTESIAN_POINT('',(-2.539842705208,2.539842705208,10.95));
#2849 = DIRECTION('',(0.128254195209,-0.128254195209,0.983413302138));
#2850 = DIRECTION('',(0.991602623083,-4.640038353543E-14,-0.129322225065
    ));
#2851 = DEFINITIONAL_REPRESENTATION('',(#2852),#2856);
#2852 = ELLIPSE('',#2853,3.733811604964,3.67188);
#2853 = AXIS2_PLACEMENT_2D('',#2854,#2855);
#2854 = CARTESIAN_POINT('',(2.604187986918,-2.560993107603));
#2855 = DIRECTION('',(0.712995174561,-0.701168939024));
#2856 = ( GEOMETRIC_REPRESENTATION_CONTEXT(2) 
PARAMETRIC_REPRESENTATION_CONTEXT() REPRESENTATION_CONTEXT('2D SPACE',''
  ) );
#2857 = ORIENTED_EDGE('',*,*,#2858,.T.);
#2858 = EDGE_CURVE('',#2827,#1393,#2859,.T.);
#2859 = SURFACE_CURVE('',#2860,(#2867,#2877),.PCURVE_S1.);
#2860 = B_SPLINE_CURVE_WITH_KNOTS('',5,(#2861,#2862,#2863,#2864,#2865,
    #2866),.UNSPECIFIED.,.F.,.F.,(6,6),(0.,1.),
  .PIECEWISE_BEZIER_KNOTS.);
#2861 = CARTESIAN_POINT('',(-2.381843453028,2.794552647504,
    10.962612755697));
#2862 = CARTESIAN_POINT('',(-2.384176774346,2.792563919142,
    11.004359359703));
#2863 = CARTESIAN_POINT('',(-2.386730634158,2.790383018843,
    11.045989819741));
#2864 = CARTESIAN_POINT('',(-2.38951489237,2.787999932004,
    11.087488251286));
#2865 = CARTESIAN_POINT('',(-2.39254149557,2.785402432892,11.12883423273
    ));
#2866 = CARTESIAN_POINT('',(-2.395826110989,2.782574344075,11.1700006));
#2867 = PCURVE('',#889,#2868);
#2868 = DEFINITIONAL_REPRESENTATION('',(#2869),#2876);
#2869 = B_SPLINE_CURVE_WITH_KNOTS('',5,(#2870,#2871,#2872,#2873,#2874,
    #2875),.UNSPECIFIED.,.F.,.F.,(6,6),(0.,1.),
  .PIECEWISE_BEZIER_KNOTS.);
#2870 = CARTESIAN_POINT('',(4.006551579742,-0.112612755697));
#2871 = CARTESIAN_POINT('',(4.005716626312,-0.154359359703));
#2872 = CARTESIAN_POINT('',(4.004802013054,-0.195989819741));
#2873 = CARTESIAN_POINT('',(4.00380392587,-0.237488251286));
#2874 = CARTESIAN_POINT('',(4.002717726388,-0.27883423273));
#2875 = CARTESIAN_POINT('',(4.001537303149,-0.3200006));
#2876 = ( GEOMETRIC_REPRESENTATION_CONTEXT(2) 
PARAMETRIC_REPRESENTATION_CONTEXT() REPRESENTATION_CONTEXT('2D SPACE',''
  ) );
#2877 = PCURVE('',#1433,#2878);
#2878 = DEFINITIONAL_REPRESENTATION('',(#2879),#2886);
#2879 = B_SPLINE_CURVE_WITH_KNOTS('',5,(#2880,#2881,#2882,#2883,#2884,
    #2885),.UNSPECIFIED.,.F.,.F.,(6,6),(0.,1.),
  .PIECEWISE_BEZIER_KNOTS.);
#2880 = CARTESIAN_POINT('',(5.255503149606,-1.081309028255E-13));
#2881 = CARTESIAN_POINT('',(5.227812414033,-4.100997020612E-02));
#2882 = CARTESIAN_POINT('',(5.199632374842,-8.190208475943E-02));
#2883 = CARTESIAN_POINT('',(5.170909536376,-0.122660742448));
#2884 = CARTESIAN_POINT('',(5.141582446864,-0.16326589619));
#2885 = CARTESIAN_POINT('',(5.111572719579,-0.203690897912));
#2886 = ( GEOMETRIC_REPRESENTATION_CONTEXT(2) 
PARAMETRIC_REPRESENTATION_CONTEXT() REPRESENTATION_CONTEXT('2D SPACE',''
  ) );
#2887 = ORIENTED_EDGE('',*,*,#1392,.F.);
#2888 = ORIENTED_EDGE('',*,*,#2889,.T.);
#2889 = EDGE_CURVE('',#1356,#2890,#2892,.T.);
#2890 = VERTEX_POINT('',#2891);
#2891 = CARTESIAN_POINT('',(2.381843453028,2.794552647504,
    10.962612755697));
#2892 = SURFACE_CURVE('',#2893,(#2900,#2910),.PCURVE_S1.);
#2893 = B_SPLINE_CURVE_WITH_KNOTS('',5,(#2894,#2895,#2896,#2897,#2898,
    #2899),.UNSPECIFIED.,.F.,.F.,(6,6),(0.,1.),
  .PIECEWISE_BEZIER_KNOTS.);
#2894 = CARTESIAN_POINT('',(2.395826110989,2.782574344075,11.1700006));
#2895 = CARTESIAN_POINT('',(2.392541495539,2.785402432919,
    11.128834232346));
#2896 = CARTESIAN_POINT('',(2.389514892367,2.787999932006,
    11.087488251189));
#2897 = CARTESIAN_POINT('',(2.38673063415,2.790383018849,11.045989819676
    ));
#2898 = CARTESIAN_POINT('',(2.38417677433,2.792563919157,11.004359359403
    ));
#2899 = CARTESIAN_POINT('',(2.381843453028,2.794552647504,
    10.962612755697));
#2900 = PCURVE('',#889,#2901);
#2901 = DEFINITIONAL_REPRESENTATION('',(#2902),#2909);
#2902 = B_SPLINE_CURVE_WITH_KNOTS('',5,(#2903,#2904,#2905,#2906,#2907,
    #2908),.UNSPECIFIED.,.F.,.F.,(6,6),(0.,1.),
  .PIECEWISE_BEZIER_KNOTS.);
#2903 = CARTESIAN_POINT('',(5.423240657621,-0.3200006));
#2904 = CARTESIAN_POINT('',(5.422060234371,-0.278834232346));
#2905 = CARTESIAN_POINT('',(5.420974034899,-0.237488251189));
#2906 = CARTESIAN_POINT('',(5.419975947714,-0.195989819676));
#2907 = CARTESIAN_POINT('',(5.419061334452,-0.154359359403));
#2908 = CARTESIAN_POINT('',(5.418226381028,-0.112612755697));
#2909 = ( GEOMETRIC_REPRESENTATION_CONTEXT(2) 
PARAMETRIC_REPRESENTATION_CONTEXT() REPRESENTATION_CONTEXT('2D SPACE',''
  ) );
#2910 = PCURVE('',#1286,#2911);
#2911 = DEFINITIONAL_REPRESENTATION('',(#2912),#2919);
#2912 = B_SPLINE_CURVE_WITH_KNOTS('',5,(#2913,#2914,#2915,#2916,#2917,
    #2918),.UNSPECIFIED.,.F.,.F.,(6,6),(0.,1.),
  .PIECEWISE_BEZIER_KNOTS.);
#2913 = CARTESIAN_POINT('',(4.313205241191,-0.203690897912));
#2914 = CARTESIAN_POINT('',(4.283195513626,-0.163265895813));
#2915 = CARTESIAN_POINT('',(4.253868424337,-0.122660742352));
#2916 = CARTESIAN_POINT('',(4.225145585876,-8.190208469611E-02));
#2917 = CARTESIAN_POINT('',(4.196965546538,-4.100996991133E-02));
#2918 = CARTESIAN_POINT('',(4.169274811164,0.));
#2919 = ( GEOMETRIC_REPRESENTATION_CONTEXT(2) 
PARAMETRIC_REPRESENTATION_CONTEXT() REPRESENTATION_CONTEXT('2D SPACE',''
  ) );
#2920 = ORIENTED_EDGE('',*,*,#2921,.F.);
#2921 = EDGE_CURVE('',#2922,#2890,#2924,.T.);
#2922 = VERTEX_POINT('',#2923);
#2923 = CARTESIAN_POINT('',(2.794552647504,2.381843453028,
    10.962612755697));
#2924 = SURFACE_CURVE('',#2925,(#2930,#2940),.PCURVE_S1.);
#2925 = ELLIPSE('',#2926,3.733811604964,3.67188);
#2926 = AXIS2_PLACEMENT_3D('',#2927,#2928,#2929);
#2927 = CARTESIAN_POINT('',(0.,0.,10.287520691643));
#2928 = DIRECTION('',(-0.128254195209,-0.128254195209,0.983413302138));
#2929 = DIRECTION('',(-0.695378214651,-0.695378214651,-0.181378822296));
#2930 = PCURVE('',#889,#2931);
#2931 = DEFINITIONAL_REPRESENTATION('',(#2932),#2939);
#2932 = B_SPLINE_CURVE_WITH_KNOTS('',5,(#2933,#2934,#2935,#2936,#2937,
    #2938),.UNSPECIFIED.,.F.,.F.,(6,6),(3.01579090321,3.265266127211),
  .PIECEWISE_BEZIER_KNOTS.);
#2933 = CARTESIAN_POINT('',(5.623588894162,-0.109403124493));
#2934 = CARTESIAN_POINT('',(5.573693849362,-0.113642842237));
#2935 = CARTESIAN_POINT('',(5.523798804562,-0.115791737782));
#2936 = CARTESIAN_POINT('',(5.473903759762,-0.1158277893));
#2937 = CARTESIAN_POINT('',(5.424008714961,-0.113750808847));
#2938 = CARTESIAN_POINT('',(5.374113670161,-0.109582448158));
#2939 = ( GEOMETRIC_REPRESENTATION_CONTEXT(2) 
PARAMETRIC_REPRESENTATION_CONTEXT() REPRESENTATION_CONTEXT('2D SPACE',''
  ) );
#2940 = PCURVE('',#2941,#2946);
#2941 = PLANE('',#2942);
#2942 = AXIS2_PLACEMENT_3D('',#2943,#2944,#2945);
#2943 = CARTESIAN_POINT('',(2.539842705208,2.539842705208,10.95));
#2944 = DIRECTION('',(-0.128254195209,-0.128254195209,0.983413302138));
#2945 = DIRECTION('',(0.991602623083,4.640038353543E-14,0.129322225065)
  );
#2946 = DEFINITIONAL_REPRESENTATION('',(#2947),#2951);
#2947 = ELLIPSE('',#2948,3.733811604964,3.67188);
#2948 = AXIS2_PLACEMENT_2D('',#2949,#2950);
#2949 = CARTESIAN_POINT('',(-2.604187986918,-2.560993107603));
#2950 = DIRECTION('',(-0.712995174561,-0.701168939024));
#2951 = ( GEOMETRIC_REPRESENTATION_CONTEXT(2) 
PARAMETRIC_REPRESENTATION_CONTEXT() REPRESENTATION_CONTEXT('2D SPACE',''
  ) );
#2952 = ORIENTED_EDGE('',*,*,#2953,.T.);
#2953 = EDGE_CURVE('',#2922,#1246,#2954,.T.);
#2954 = SURFACE_CURVE('',#2955,(#2962,#2972),.PCURVE_S1.);
#2955 = B_SPLINE_CURVE_WITH_KNOTS('',5,(#2956,#2957,#2958,#2959,#2960,
    #2961),.UNSPECIFIED.,.F.,.F.,(6,6),(0.,1.),
  .PIECEWISE_BEZIER_KNOTS.);
#2956 = CARTESIAN_POINT('',(2.794552647504,2.381843453028,
    10.962612755697));
#2957 = CARTESIAN_POINT('',(2.792563919142,2.384176774346,
    11.004359359703));
#2958 = CARTESIAN_POINT('',(2.790383018843,2.386730634158,
    11.045989819741));
#2959 = CARTESIAN_POINT('',(2.787999932004,2.38951489237,11.087488251286
    ));
#2960 = CARTESIAN_POINT('',(2.785402432892,2.39254149557,11.12883423273)
  );
#2961 = CARTESIAN_POINT('',(2.782574344075,2.395826110989,11.1700006));
#2962 = PCURVE('',#889,#2963);
#2963 = DEFINITIONAL_REPRESENTATION('',(#2964),#2971);
#2964 = B_SPLINE_CURVE_WITH_KNOTS('',5,(#2965,#2966,#2967,#2968,#2969,
    #2970),.UNSPECIFIED.,.F.,.F.,(6,6),(0.,1.),
  .PIECEWISE_BEZIER_KNOTS.);
#2965 = CARTESIAN_POINT('',(5.577347906537,-0.112612755697));
#2966 = CARTESIAN_POINT('',(5.576512953107,-0.154359359703));
#2967 = CARTESIAN_POINT('',(5.575598339849,-0.195989819741));
#2968 = CARTESIAN_POINT('',(5.574600252665,-0.237488251286));
#2969 = CARTESIAN_POINT('',(5.573514053183,-0.27883423273));
#2970 = CARTESIAN_POINT('',(5.572333629944,-0.3200006));
#2971 = ( GEOMETRIC_REPRESENTATION_CONTEXT(2) 
PARAMETRIC_REPRESENTATION_CONTEXT() REPRESENTATION_CONTEXT('2D SPACE',''
  ) );
#2972 = PCURVE('',#1286,#2973);
#2973 = DEFINITIONAL_REPRESENTATION('',(#2974),#2981);
#2974 = B_SPLINE_CURVE_WITH_KNOTS('',5,(#2975,#2976,#2977,#2978,#2979,
    #2980),.UNSPECIFIED.,.F.,.F.,(6,6),(0.,1.),
  .PIECEWISE_BEZIER_KNOTS.);
#2975 = CARTESIAN_POINT('',(0.559839186843,-8.684744731626E-14));
#2976 = CARTESIAN_POINT('',(0.532148451271,-4.10099702061E-02));
#2977 = CARTESIAN_POINT('',(0.50396841208,-8.190208475941E-02));
#2978 = CARTESIAN_POINT('',(0.475245573614,-0.122660742448));
#2979 = CARTESIAN_POINT('',(0.445918484102,-0.16326589619));
#2980 = CARTESIAN_POINT('',(0.415908756817,-0.203690897912));
#2981 = ( GEOMETRIC_REPRESENTATION_CONTEXT(2) 
PARAMETRIC_REPRESENTATION_CONTEXT() REPRESENTATION_CONTEXT('2D SPACE',''
  ) );
#2982 = ORIENTED_EDGE('',*,*,#1245,.F.);
#2983 = ORIENTED_EDGE('',*,*,#2984,.T.);
#2984 = EDGE_CURVE('',#1218,#2652,#2985,.T.);
#2985 = SURFACE_CURVE('',#2986,(#2991,#3001),.PCURVE_S1.);
#2986 = ELLIPSE('',#2987,4.956221582526,3.67188);
#2987 = AXIS2_PLACEMENT_3D('',#2988,#2989,#2990);
#2988 = CARTESIAN_POINT('',(0.,0.,8.690603174603));
#2989 = DIRECTION('',(-0.639729113257,0.204619238431,0.740862759838));
#2990 = DIRECTION('',(-0.705645698282,0.225702852024,-0.671656438281));
#2991 = PCURVE('',#889,#2992);
#2992 = DEFINITIONAL_REPRESENTATION('',(#2993),#3000);
#2993 = B_SPLINE_CURVE_WITH_KNOTS('',5,(#2994,#2995,#2996,#2997,#2998,
    #2999),.UNSPECIFIED.,.F.,.F.,(6,6),(3.872131855429,3.933246654582),
  .PIECEWISE_BEZIER_KNOTS.);
#2994 = CARTESIAN_POINT('',(5.862215645402,-0.3200006));
#2995 = CARTESIAN_POINT('',(5.849992685571,-0.292850167552));
#2996 = CARTESIAN_POINT('',(5.83776972574,-0.265236705323));
#2997 = CARTESIAN_POINT('',(5.82554676591,-0.237168663902));
#2998 = CARTESIAN_POINT('',(5.813323806079,-0.20865478223));
#2999 = CARTESIAN_POINT('',(5.801100846248,-0.179704071285));
#3000 = ( GEOMETRIC_REPRESENTATION_CONTEXT(2) 
PARAMETRIC_REPRESENTATION_CONTEXT() REPRESENTATION_CONTEXT('2D SPACE',''
  ) );
#3001 = PCURVE('',#1233,#3002);
#3002 = DEFINITIONAL_REPRESENTATION('',(#3003),#3007);
#3003 = ELLIPSE('',#3004,4.956221582526,3.67188);
#3004 = AXIS2_PLACEMENT_2D('',#3005,#3006);
#3005 = CARTESIAN_POINT('',(-4.089913440349,-1.379181204637));
#3006 = DIRECTION('',(-0.973052997288,0.230581578774));
#3007 = ( GEOMETRIC_REPRESENTATION_CONTEXT(2) 
PARAMETRIC_REPRESENTATION_CONTEXT() REPRESENTATION_CONTEXT('2D SPACE',''
  ) );
#3008 = ORIENTED_EDGE('',*,*,#2651,.T.);
#3009 = ORIENTED_EDGE('',*,*,#872,.T.);
#3010 = ADVANCED_FACE('',(#3011),#918,.T.);
#3011 = FACE_BOUND('',#3012,.T.);
#3012 = EDGE_LOOP('',(#3013,#3035,#3036,#3037,#3060,#3087,#3088,#3089,
    #3090));
#3013 = ORIENTED_EDGE('',*,*,#3014,.F.);
#3014 = EDGE_CURVE('',#2737,#1603,#3015,.T.);
#3015 = SURFACE_CURVE('',#3016,(#3021,#3028),.PCURVE_S1.);
#3016 = CIRCLE('',#3017,0.3);
#3017 = AXIS2_PLACEMENT_3D('',#3018,#3019,#3020);
#3018 = CARTESIAN_POINT('',(-3.28,1.35,11.15));
#3019 = DIRECTION('',(0.639729113257,0.204619238431,0.740862759838));
#3020 = DIRECTION('',(0.756877032285,-8.873457524317E-14,-0.653557310417
    ));
#3021 = PCURVE('',#918,#3022);
#3022 = DEFINITIONAL_REPRESENTATION('',(#3023),#3027);
#3023 = LINE('',#3024,#3025);
#3024 = CARTESIAN_POINT('',(6.28318530718,-4.251799618985));
#3025 = VECTOR('',#3026,1.);
#3026 = DIRECTION('',(-1.,-0.));
#3027 = ( GEOMETRIC_REPRESENTATION_CONTEXT(2) 
PARAMETRIC_REPRESENTATION_CONTEXT() REPRESENTATION_CONTEXT('2D SPACE',''
  ) );
#3028 = PCURVE('',#1618,#3029);
#3029 = DEFINITIONAL_REPRESENTATION('',(#3030),#3034);
#3030 = CIRCLE('',#3031,0.3);
#3031 = AXIS2_PLACEMENT_2D('',#3032,#3033);
#3032 = CARTESIAN_POINT('',(0.,0.));
#3033 = DIRECTION('',(1.,-1.387778780781E-17));
#3034 = ( GEOMETRIC_REPRESENTATION_CONTEXT(2) 
PARAMETRIC_REPRESENTATION_CONTEXT() REPRESENTATION_CONTEXT('2D SPACE',''
  ) );
#3035 = ORIENTED_EDGE('',*,*,#2736,.F.);
#3036 = ORIENTED_EDGE('',*,*,#901,.F.);
#3037 = ORIENTED_EDGE('',*,*,#3038,.F.);
#3038 = EDGE_CURVE('',#3039,#902,#3041,.T.);
#3039 = VERTEX_POINT('',#3040);
#3040 = CARTESIAN_POINT('',(-5.68211164644,0.48,7.725505929625));
#3041 = SEAM_CURVE('',#3042,(#3046,#3053),.PCURVE_S1.);
#3042 = LINE('',#3043,#3044);
#3043 = CARTESIAN_POINT('',(-5.68211164644,0.48,7.725505929625));
#3044 = VECTOR('',#3045,1.);
#3045 = DIRECTION('',(0.618121377509,0.204537791632,0.759006096458));
#3046 = PCURVE('',#918,#3047);
#3047 = DEFINITIONAL_REPRESENTATION('',(#3048),#3052);
#3048 = LINE('',#3049,#3050);
#3049 = CARTESIAN_POINT('',(6.28318530718,0.));
#3050 = VECTOR('',#3051,1.);
#3051 = DIRECTION('',(-0.,-1.));
#3052 = ( GEOMETRIC_REPRESENTATION_CONTEXT(2) 
PARAMETRIC_REPRESENTATION_CONTEXT() REPRESENTATION_CONTEXT('2D SPACE',''
  ) );
#3053 = PCURVE('',#918,#3054);
#3054 = DEFINITIONAL_REPRESENTATION('',(#3055),#3059);
#3055 = LINE('',#3056,#3057);
#3056 = CARTESIAN_POINT('',(-4.138911435803E-13,0.));
#3057 = VECTOR('',#3058,1.);
#3058 = DIRECTION('',(-0.,-1.));
#3059 = ( GEOMETRIC_REPRESENTATION_CONTEXT(2) 
PARAMETRIC_REPRESENTATION_CONTEXT() REPRESENTATION_CONTEXT('2D SPACE',''
  ) );
#3060 = ORIENTED_EDGE('',*,*,#3061,.T.);
#3061 = EDGE_CURVE('',#3039,#3039,#3062,.T.);
#3062 = SURFACE_CURVE('',#3063,(#3068,#3075),.PCURVE_S1.);
#3063 = CIRCLE('',#3064,0.42);
#3064 = AXIS2_PLACEMENT_3D('',#3065,#3066,#3067);
#3065 = CARTESIAN_POINT('',(-6.,0.48,8.));
#3066 = DIRECTION('',(0.639729113257,0.204619238431,0.740862759838));
#3067 = DIRECTION('',(0.756877032285,-8.873457524317E-14,-0.653557310417
    ));
#3068 = PCURVE('',#918,#3069);
#3069 = DEFINITIONAL_REPRESENTATION('',(#3070),#3074);
#3070 = LINE('',#3071,#3072);
#3071 = CARTESIAN_POINT('',(6.28318530718,4.421702856938E-16));
#3072 = VECTOR('',#3073,1.);
#3073 = DIRECTION('',(-1.,0.));
#3074 = ( GEOMETRIC_REPRESENTATION_CONTEXT(2) 
PARAMETRIC_REPRESENTATION_CONTEXT() REPRESENTATION_CONTEXT('2D SPACE',''
  ) );
#3075 = PCURVE('',#3076,#3081);
#3076 = PLANE('',#3077);
#3077 = AXIS2_PLACEMENT_3D('',#3078,#3079,#3080);
#3078 = CARTESIAN_POINT('',(-6.,0.48,8.));
#3079 = DIRECTION('',(0.639729113257,0.204619238431,0.740862759838));
#3080 = DIRECTION('',(0.756877032285,-8.873457524317E-14,-0.653557310417
    ));
#3081 = DEFINITIONAL_REPRESENTATION('',(#3082),#3086);
#3082 = CIRCLE('',#3083,0.42);
#3083 = AXIS2_PLACEMENT_2D('',#3084,#3085);
#3084 = CARTESIAN_POINT('',(0.,0.));
#3085 = DIRECTION('',(1.,-1.387778780781E-17));
#3086 = ( GEOMETRIC_REPRESENTATION_CONTEXT(2) 
PARAMETRIC_REPRESENTATION_CONTEXT() REPRESENTATION_CONTEXT('2D SPACE',''
  ) );
#3087 = ORIENTED_EDGE('',*,*,#3038,.T.);
#3088 = ORIENTED_EDGE('',*,*,#936,.F.);
#3089 = ORIENTED_EDGE('',*,*,#1087,.F.);
#3090 = ORIENTED_EDGE('',*,*,#1630,.T.);
#3091 = ADVANCED_FACE('',(#3092),#1047,.F.);
#3092 = FACE_BOUND('',#3093,.F.);
#3093 = EDGE_LOOP('',(#3094,#3095,#3116,#3117));
#3094 = ORIENTED_EDGE('',*,*,#1030,.T.);
#3095 = ORIENTED_EDGE('',*,*,#3096,.T.);
#3096 = EDGE_CURVE('',#1031,#2098,#3097,.T.);
#3097 = SEAM_CURVE('',#3098,(#3102,#3109),.PCURVE_S1.);
#3098 = LINE('',#3099,#3100);
#3099 = CARTESIAN_POINT('',(2.95188,2.11650739468E-16,10.85));
#3100 = VECTOR('',#3101,1.);
#3101 = DIRECTION('',(0.,0.,1.));
#3102 = PCURVE('',#1047,#3103);
#3103 = DEFINITIONAL_REPRESENTATION('',(#3104),#3108);
#3104 = LINE('',#3105,#3106);
#3105 = CARTESIAN_POINT('',(-4.138911435803E-13,0.));
#3106 = VECTOR('',#3107,1.);
#3107 = DIRECTION('',(-0.,-1.));
#3108 = ( GEOMETRIC_REPRESENTATION_CONTEXT(2) 
PARAMETRIC_REPRESENTATION_CONTEXT() REPRESENTATION_CONTEXT('2D SPACE',''
  ) );
#3109 = PCURVE('',#1047,#3110);
#3110 = DEFINITIONAL_REPRESENTATION('',(#3111),#3115);
#3111 = LINE('',#3112,#3113);
#3112 = CARTESIAN_POINT('',(6.28318530718,0.));
#3113 = VECTOR('',#3114,1.);
#3114 = DIRECTION('',(-0.,-1.));
#3115 = ( GEOMETRIC_REPRESENTATION_CONTEXT(2) 
PARAMETRIC_REPRESENTATION_CONTEXT() REPRESENTATION_CONTEXT('2D SPACE',''
  ) );
#3116 = ORIENTED_EDGE('',*,*,#2097,.F.);
#3117 = ORIENTED_EDGE('',*,*,#3096,.F.);
#3118 = ADVANCED_FACE('',(#3119),#2083,.T.);
#3119 = FACE_BOUND('',#3120,.T.);
#3120 = EDGE_LOOP('',(#3121,#3122,#3123,#3124));
#3121 = ORIENTED_EDGE('',*,*,#2433,.T.);
#3122 = ORIENTED_EDGE('',*,*,#2500,.T.);
#3123 = ORIENTED_EDGE('',*,*,#2069,.F.);
#3124 = ORIENTED_EDGE('',*,*,#2154,.F.);
#3125 = ADVANCED_FACE('',(#3126),#1939,.T.);
#3126 = FACE_BOUND('',#3127,.T.);
#3127 = EDGE_LOOP('',(#3128,#3159,#3191,#3214,#3249,#3292,#3327,#3350,
    #3372,#3373,#3374,#3572,#3573,#3574,#3596,#3597,#3643,#3752,#3794,
    #3837,#3881,#3882));
#3128 = ORIENTED_EDGE('',*,*,#3129,.F.);
#3129 = EDGE_CURVE('',#3130,#3132,#3134,.T.);
#3130 = VERTEX_POINT('',#3131);
#3131 = CARTESIAN_POINT('',(2.228715721486,-1.945873009012,14.42));
#3132 = VERTEX_POINT('',#3133);
#3133 = CARTESIAN_POINT('',(1.945873009012,-2.228715721486,14.42));
#3134 = SURFACE_CURVE('',#3135,(#3140,#3147),.PCURVE_S1.);
#3135 = CIRCLE('',#3136,0.2);
#3136 = AXIS2_PLACEMENT_3D('',#3137,#3138,#3139);
#3137 = CARTESIAN_POINT('',(2.087294365249,-2.087294365249,14.42));
#3138 = DIRECTION('',(-0.128254195209,0.128254195209,0.983413302138));
#3139 = DIRECTION('',(0.991602623083,-4.640385298238E-14,0.129322225065)
  );
#3140 = PCURVE('',#1939,#3141);
#3141 = DEFINITIONAL_REPRESENTATION('',(#3142),#3146);
#3142 = LINE('',#3143,#3144);
#3143 = CARTESIAN_POINT('',(6.28318530718,-3.528526604689));
#3144 = VECTOR('',#3145,1.);
#3145 = DIRECTION('',(-1.,-0.));
#3146 = ( GEOMETRIC_REPRESENTATION_CONTEXT(2) 
PARAMETRIC_REPRESENTATION_CONTEXT() REPRESENTATION_CONTEXT('2D SPACE',''
  ) );
#3147 = PCURVE('',#3148,#3153);
#3148 = PLANE('',#3149);
#3149 = AXIS2_PLACEMENT_3D('',#3150,#3151,#3152);
#3150 = CARTESIAN_POINT('',(2.087294365249,-2.087294365249,14.42));
#3151 = DIRECTION('',(-0.128254195209,0.128254195209,0.983413302138));
#3152 = DIRECTION('',(0.991602623083,-4.640038353543E-14,0.129322225065)
  );
#3153 = DEFINITIONAL_REPRESENTATION('',(#3154),#3158);
#3154 = CIRCLE('',#3155,0.2);
#3155 = AXIS2_PLACEMENT_2D('',#3156,#3157);
#3156 = CARTESIAN_POINT('',(0.,0.));
#3157 = DIRECTION('',(1.,-6.938893903907E-18));
#3158 = ( GEOMETRIC_REPRESENTATION_CONTEXT(2) 
PARAMETRIC_REPRESENTATION_CONTEXT() REPRESENTATION_CONTEXT('2D SPACE',''
  ) );
#3159 = ORIENTED_EDGE('',*,*,#3160,.F.);
#3160 = EDGE_CURVE('',#3161,#3130,#3163,.T.);
#3161 = VERTEX_POINT('',#3162);
#3162 = CARTESIAN_POINT('',(2.289742560402,-2.090680157026,14.42));
#3163 = SURFACE_CURVE('',#3164,(#3169,#3179),.PCURVE_S1.);
#3164 = ELLIPSE('',#3165,0.203378848075,0.200002732267);
#3165 = AXIS2_PLACEMENT_3D('',#3166,#3167,#3168);
#3166 = CARTESIAN_POINT('',(2.088046071027,-2.088046071027,14.42));
#3167 = DIRECTION('',(0.,0.,1.));
#3168 = DIRECTION('',(0.707106781187,-0.707106781187,0.));
#3169 = PCURVE('',#1939,#3170);
#3170 = DEFINITIONAL_REPRESENTATION('',(#3171),#3178);
#3171 = B_SPLINE_CURVE_WITH_KNOTS('',5,(#3172,#3173,#3174,#3175,#3176,
    #3177),.UNSPECIFIED.,.F.,.F.,(6,6),(0.780707566798,1.576023405995),
  .PIECEWISE_BEZIER_KNOTS.);
#3172 = CARTESIAN_POINT('',(6.28318530718,-3.502127532349));
#3173 = CARTESIAN_POINT('',(6.124712781421,-3.506257059301));
#3174 = CARTESIAN_POINT('',(5.966124805962,-3.511215275529));
#3175 = CARTESIAN_POINT('',(5.807390034807,-3.516785330669));
#3176 = CARTESIAN_POINT('',(5.648489975826,-3.522659064738));
#3177 = CARTESIAN_POINT('',(5.489424634971,-3.528526604689));
#3178 = ( GEOMETRIC_REPRESENTATION_CONTEXT(2) 
PARAMETRIC_REPRESENTATION_CONTEXT() REPRESENTATION_CONTEXT('2D SPACE',''
  ) );
#3179 = PCURVE('',#3180,#3185);
#3180 = PLANE('',#3181);
#3181 = AXIS2_PLACEMENT_3D('',#3182,#3183,#3184);
#3182 = CARTESIAN_POINT('',(2.087294365249,-2.087294365249,14.42));
#3183 = DIRECTION('',(0.,0.,1.));
#3184 = DIRECTION('',(1.,0.,-0.));
#3185 = DEFINITIONAL_REPRESENTATION('',(#3186),#3190);
#3186 = ELLIPSE('',#3187,0.203378848075,0.200002732267);
#3187 = AXIS2_PLACEMENT_2D('',#3188,#3189);
#3188 = CARTESIAN_POINT('',(7.517057780002E-04,-7.517057780002E-04));
#3189 = DIRECTION('',(0.707106781187,-0.707106781187));
#3190 = ( GEOMETRIC_REPRESENTATION_CONTEXT(2) 
PARAMETRIC_REPRESENTATION_CONTEXT() REPRESENTATION_CONTEXT('2D SPACE',''
  ) );
#3191 = ORIENTED_EDGE('',*,*,#3192,.F.);
#3192 = EDGE_CURVE('',#3193,#3161,#3195,.T.);
#3193 = VERTEX_POINT('',#3194);
#3194 = CARTESIAN_POINT('',(2.548276090317,-2.302746670592,12.8));
#3195 = SEAM_CURVE('',#3196,(#3200,#3207),.PCURVE_S1.);
#3196 = LINE('',#3197,#3198);
#3197 = CARTESIAN_POINT('',(2.837323492133,-2.539842705208,
    10.988796667519));
#3198 = VECTOR('',#3199,1.);
#3199 = DIRECTION('',(-0.156293897314,0.128202720574,0.979355032713));
#3200 = PCURVE('',#1939,#3201);
#3201 = DEFINITIONAL_REPRESENTATION('',(#3202),#3206);
#3202 = LINE('',#3203,#3204);
#3203 = CARTESIAN_POINT('',(6.28318530718,0.));
#3204 = VECTOR('',#3205,1.);
#3205 = DIRECTION('',(-0.,-1.));
#3206 = ( GEOMETRIC_REPRESENTATION_CONTEXT(2) 
PARAMETRIC_REPRESENTATION_CONTEXT() REPRESENTATION_CONTEXT('2D SPACE',''
  ) );
#3207 = PCURVE('',#1939,#3208);
#3208 = DEFINITIONAL_REPRESENTATION('',(#3209),#3213);
#3209 = LINE('',#3210,#3211);
#3210 = CARTESIAN_POINT('',(-4.138911435803E-13,0.));
#3211 = VECTOR('',#3212,1.);
#3212 = DIRECTION('',(-0.,-1.));
#3213 = ( GEOMETRIC_REPRESENTATION_CONTEXT(2) 
PARAMETRIC_REPRESENTATION_CONTEXT() REPRESENTATION_CONTEXT('2D SPACE',''
  ) );
#3214 = ORIENTED_EDGE('',*,*,#3215,.T.);
#3215 = EDGE_CURVE('',#3193,#3216,#3218,.T.);
#3216 = VERTEX_POINT('',#3217);
#3217 = CARTESIAN_POINT('',(2.287013910375,-2.050856920449,12.8));
#3218 = SURFACE_CURVE('',#3219,(#3224,#3237),.PCURVE_S1.);
#3219 = ELLIPSE('',#3220,0.250853449499,0.246689249021);
#3220 = AXIS2_PLACEMENT_3D('',#3221,#3222,#3223);
#3221 = CARTESIAN_POINT('',(2.299497711492,-2.299497711492,12.8));
#3222 = DIRECTION('',(0.,0.,1.));
#3223 = DIRECTION('',(0.707106781187,-0.707106781187,0.));
#3224 = PCURVE('',#1939,#3225);
#3225 = DEFINITIONAL_REPRESENTATION('',(#3226),#3236);
#3226 = B_SPLINE_CURVE_WITH_KNOTS('',8,(#3227,#3228,#3229,#3230,#3231,
    #3232,#3233,#3234,#3235),.UNSPECIFIED.,.F.,.F.,(9,9),(0.780707566799
    ,2.398026305576),.PIECEWISE_BEZIER_KNOTS.);
#3227 = CARTESIAN_POINT('',(6.28318530718,-1.848641553043));
#3228 = CARTESIAN_POINT('',(6.081771153268,-1.855115223767));
#3229 = CARTESIAN_POINT('',(5.880186420315,-1.863098990164));
#3230 = CARTESIAN_POINT('',(5.678384448292,-1.8721883187));
#3231 = CARTESIAN_POINT('',(5.476332923777,-1.881850850362));
#3232 = CARTESIAN_POINT('',(5.274020288496,-1.891470764422));
#3233 = CARTESIAN_POINT('',(5.07145898766,-1.900438137824));
#3234 = CARTESIAN_POINT('',(4.868682653062,-1.908228924016));
#3235 = CARTESIAN_POINT('',(4.665739771273,-1.914455422748));
#3236 = ( GEOMETRIC_REPRESENTATION_CONTEXT(2) 
PARAMETRIC_REPRESENTATION_CONTEXT() REPRESENTATION_CONTEXT('2D SPACE',''
  ) );
#3237 = PCURVE('',#3238,#3243);
#3238 = PLANE('',#3239);
#3239 = AXIS2_PLACEMENT_3D('',#3240,#3241,#3242);
#3240 = CARTESIAN_POINT('',(-1.935853047866E-16,4.365790631274E-16,12.8)
  );
#3241 = DIRECTION('',(0.,0.,1.));
#3242 = DIRECTION('',(1.,0.,-0.));
#3243 = DEFINITIONAL_REPRESENTATION('',(#3244),#3248);
#3244 = ELLIPSE('',#3245,0.250853449499,0.246689249021);
#3245 = AXIS2_PLACEMENT_2D('',#3246,#3247);
#3246 = CARTESIAN_POINT('',(2.299497711492,-2.299497711492));
#3247 = DIRECTION('',(0.707106781187,-0.707106781187));
#3248 = ( GEOMETRIC_REPRESENTATION_CONTEXT(2) 
PARAMETRIC_REPRESENTATION_CONTEXT() REPRESENTATION_CONTEXT('2D SPACE',''
  ) );
#3249 = ORIENTED_EDGE('',*,*,#3250,.T.);
#3250 = EDGE_CURVE('',#3216,#3251,#3253,.T.);
#3251 = VERTEX_POINT('',#3252);
#3252 = CARTESIAN_POINT('',(2.25408456877,-2.086995326117,12.55));
#3253 = SURFACE_CURVE('',#3254,(#3263,#3275),.PCURVE_S1.);
#3254 = B_SPLINE_CURVE_WITH_KNOTS('',7,(#3255,#3256,#3257,#3258,#3259,
    #3260,#3261,#3262),.UNSPECIFIED.,.F.,.F.,(8,8),(0.,1.),
  .PIECEWISE_BEZIER_KNOTS.);
#3255 = CARTESIAN_POINT('',(2.287013969064,-2.050856855001,12.8000006));
#3256 = CARTESIAN_POINT('',(2.283397920209,-2.054889293552,
    12.763032536267));
#3257 = CARTESIAN_POINT('',(2.279487920312,-2.05923284859,
    12.726346106071));
#3258 = CARTESIAN_POINT('',(2.275252586749,-2.063917731976,
    12.689979978456));
#3259 = CARTESIAN_POINT('',(2.270654346367,-2.0689798655,12.654007477381
    ));
#3260 = CARTESIAN_POINT('',(2.265642660251,-2.074467230459,
    12.618552412866));
#3261 = CARTESIAN_POINT('',(2.260155965274,-2.080437841497,
    12.583785097618));
#3262 = CARTESIAN_POINT('',(2.254084460946,-2.086995442573,12.5499994));
#3263 = PCURVE('',#1939,#3264);
#3264 = DEFINITIONAL_REPRESENTATION('',(#3265),#3274);
#3265 = B_SPLINE_CURVE_WITH_KNOTS('',7,(#3266,#3267,#3268,#3269,#3270,
    #3271,#3272,#3273),.UNSPECIFIED.,.F.,.F.,(8,8),(0.,1.),
  .PIECEWISE_BEZIER_KNOTS.);
#3266 = CARTESIAN_POINT('',(4.665740330469,-1.914456031771));
#3267 = CARTESIAN_POINT('',(4.631853697237,-1.878047742416));
#3268 = CARTESIAN_POINT('',(4.59719607755,-1.841914213687));
#3269 = CARTESIAN_POINT('',(4.561599569659,-1.806093623393));
#3270 = CARTESIAN_POINT('',(4.524878686245,-1.770658291083));
#3271 = CARTESIAN_POINT('',(4.486790922307,-1.735730301203));
#3272 = CARTESIAN_POINT('',(4.447044476134,-1.701477596644));
#3273 = CARTESIAN_POINT('',(4.405097334821,-1.668189948238));
#3274 = ( GEOMETRIC_REPRESENTATION_CONTEXT(2) 
PARAMETRIC_REPRESENTATION_CONTEXT() REPRESENTATION_CONTEXT('2D SPACE',''
  ) );
#3275 = PCURVE('',#3276,#3281);
#3276 = CYLINDRICAL_SURFACE('',#3277,3.07188);
#3277 = AXIS2_PLACEMENT_3D('',#3278,#3279,#3280);
#3278 = CARTESIAN_POINT('',(1.672306672652E-14,1.571716797605E-16,12.55)
  );
#3279 = DIRECTION('',(-0.,-0.,-1.));
#3280 = DIRECTION('',(1.,0.,0.));
#3281 = DEFINITIONAL_REPRESENTATION('',(#3282),#3291);
#3282 = B_SPLINE_CURVE_WITH_KNOTS('',7,(#3283,#3284,#3285,#3286,#3287,
    #3288,#3289,#3290),.UNSPECIFIED.,.F.,.F.,(8,8),(2.318603467218E-06,
    0.999997463001),.PIECEWISE_BEZIER_KNOTS.);
#3283 = CARTESIAN_POINT('',(0.731011090557,-0.25));
#3284 = CARTESIAN_POINT('',(0.73277427323,-0.213032119688));
#3285 = CARTESIAN_POINT('',(0.734676742194,-0.176345870624));
#3286 = CARTESIAN_POINT('',(0.736732649139,-0.139979921615));
#3287 = CARTESIAN_POINT('',(0.738958880112,-0.104007595811));
#3288 = CARTESIAN_POINT('',(0.741378075469,-6.855270138962E-02));
#3289 = CARTESIAN_POINT('',(0.744017716061,-3.378554851011E-02));
#3290 = CARTESIAN_POINT('',(0.746926906067,-2.927745043222E-15));
#3291 = ( GEOMETRIC_REPRESENTATION_CONTEXT(2) 
PARAMETRIC_REPRESENTATION_CONTEXT() REPRESENTATION_CONTEXT('2D SPACE',''
  ) );
#3292 = ORIENTED_EDGE('',*,*,#3293,.F.);
#3293 = EDGE_CURVE('',#3294,#3251,#3296,.T.);
#3294 = VERTEX_POINT('',#3295);
#3295 = CARTESIAN_POINT('',(2.588173239996,-2.335472984414,12.55));
#3296 = SURFACE_CURVE('',#3297,(#3302,#3315),.PCURVE_S1.);
#3297 = ELLIPSE('',#3298,0.25817977688,0.253893958396);
#3298 = AXIS2_PLACEMENT_3D('',#3299,#3300,#3301);
#3299 = CARTESIAN_POINT('',(2.332129137489,-2.332129137489,12.55));
#3300 = DIRECTION('',(0.,0.,1.));
#3301 = DIRECTION('',(0.707106781187,-0.707106781187,0.));
#3302 = PCURVE('',#1939,#3303);
#3303 = DEFINITIONAL_REPRESENTATION('',(#3304),#3314);
#3304 = B_SPLINE_CURVE_WITH_KNOTS('',8,(#3305,#3306,#3307,#3308,#3309,
    #3310,#3311,#3312,#3313),.UNSPECIFIED.,.F.,.F.,(9,9),(0.780707566798
    ,2.657560955566),.PIECEWISE_BEZIER_KNOTS.);
#3305 = CARTESIAN_POINT('',(6.28318530718,-1.593473963644));
#3306 = CARTESIAN_POINT('',(6.049449784543,-1.601205885991));
#3307 = CARTESIAN_POINT('',(5.815484543851,-1.611030841338));
#3308 = CARTESIAN_POINT('',(5.58121666467,-1.622298159545));
#3309 = CARTESIAN_POINT('',(5.34659924543,-1.63411857703));
#3310 = CARTESIAN_POINT('',(5.111624890947,-1.645460332516));
#3311 = CARTESIAN_POINT('',(4.876331481648,-1.655358367543));
#3312 = CARTESIAN_POINT('',(4.640791990745,-1.663078013139));
#3313 = CARTESIAN_POINT('',(4.405098059011,-1.668190478353));
#3314 = ( GEOMETRIC_REPRESENTATION_CONTEXT(2) 
PARAMETRIC_REPRESENTATION_CONTEXT() REPRESENTATION_CONTEXT('2D SPACE',''
  ) );
#3315 = PCURVE('',#3316,#3321);
#3316 = PLANE('',#3317);
#3317 = AXIS2_PLACEMENT_3D('',#3318,#3319,#3320);
#3318 = CARTESIAN_POINT('',(-1.935853047866E-16,4.365790631274E-16,12.55
    ));
#3319 = DIRECTION('',(0.,0.,1.));
#3320 = DIRECTION('',(1.,0.,-0.));
#3321 = DEFINITIONAL_REPRESENTATION('',(#3322),#3326);
#3322 = ELLIPSE('',#3323,0.25817977688,0.253893958396);
#3323 = AXIS2_PLACEMENT_2D('',#3324,#3325);
#3324 = CARTESIAN_POINT('',(2.332129137489,-2.332129137489));
#3325 = DIRECTION('',(0.707106781187,-0.707106781187));
#3326 = ( GEOMETRIC_REPRESENTATION_CONTEXT(2) 
PARAMETRIC_REPRESENTATION_CONTEXT() REPRESENTATION_CONTEXT('2D SPACE',''
  ) );
#3327 = ORIENTED_EDGE('',*,*,#3328,.F.);
#3328 = EDGE_CURVE('',#3329,#3294,#3331,.T.);
#3329 = VERTEX_POINT('',#3330);
#3330 = CARTESIAN_POINT('',(2.837323492133,-2.539842705208,
    10.988796667519));
#3331 = SEAM_CURVE('',#3332,(#3336,#3343),.PCURVE_S1.);
#3332 = LINE('',#3333,#3334);
#3333 = CARTESIAN_POINT('',(2.837323492133,-2.539842705208,
    10.988796667519));
#3334 = VECTOR('',#3335,1.);
#3335 = DIRECTION('',(-0.156293897314,0.128202720574,0.979355032713));
#3336 = PCURVE('',#1939,#3337);
#3337 = DEFINITIONAL_REPRESENTATION('',(#3338),#3342);
#3338 = LINE('',#3339,#3340);
#3339 = CARTESIAN_POINT('',(6.28318530718,0.));
#3340 = VECTOR('',#3341,1.);
#3341 = DIRECTION('',(-0.,-1.));
#3342 = ( GEOMETRIC_REPRESENTATION_CONTEXT(2) 
PARAMETRIC_REPRESENTATION_CONTEXT() REPRESENTATION_CONTEXT('2D SPACE',''
  ) );
#3343 = PCURVE('',#1939,#3344);
#3344 = DEFINITIONAL_REPRESENTATION('',(#3345),#3349);
#3345 = LINE('',#3346,#3347);
#3346 = CARTESIAN_POINT('',(-4.138911435803E-13,0.));
#3347 = VECTOR('',#3348,1.);
#3348 = DIRECTION('',(-0.,-1.));
#3349 = ( GEOMETRIC_REPRESENTATION_CONTEXT(2) 
PARAMETRIC_REPRESENTATION_CONTEXT() REPRESENTATION_CONTEXT('2D SPACE',''
  ) );
#3350 = ORIENTED_EDGE('',*,*,#3351,.T.);
#3351 = EDGE_CURVE('',#3329,#2183,#3352,.T.);
#3352 = SURFACE_CURVE('',#3353,(#3358,#3365),.PCURVE_S1.);
#3353 = CIRCLE('',#3354,0.3);
#3354 = AXIS2_PLACEMENT_3D('',#3355,#3356,#3357);
#3355 = CARTESIAN_POINT('',(2.539842705208,-2.539842705208,10.95));
#3356 = DIRECTION('',(-0.128254195209,0.128254195209,0.983413302138));
#3357 = DIRECTION('',(0.991602623083,-4.640385298238E-14,0.129322225065)
  );
#3358 = PCURVE('',#1939,#3359);
#3359 = DEFINITIONAL_REPRESENTATION('',(#3360),#3364);
#3360 = LINE('',#3361,#3362);
#3361 = CARTESIAN_POINT('',(6.28318530718,0.));
#3362 = VECTOR('',#3363,1.);
#3363 = DIRECTION('',(-1.,-0.));
#3364 = ( GEOMETRIC_REPRESENTATION_CONTEXT(2) 
PARAMETRIC_REPRESENTATION_CONTEXT() REPRESENTATION_CONTEXT('2D SPACE',''
  ) );
#3365 = PCURVE('',#2234,#3366);
#3366 = DEFINITIONAL_REPRESENTATION('',(#3367),#3371);
#3367 = CIRCLE('',#3368,0.3);
#3368 = AXIS2_PLACEMENT_2D('',#3369,#3370);
#3369 = CARTESIAN_POINT('',(0.,0.));
#3370 = DIRECTION('',(1.,-6.938893903907E-18));
#3371 = ( GEOMETRIC_REPRESENTATION_CONTEXT(2) 
PARAMETRIC_REPRESENTATION_CONTEXT() REPRESENTATION_CONTEXT('2D SPACE',''
  ) );
#3372 = ORIENTED_EDGE('',*,*,#2182,.F.);
#3373 = ORIENTED_EDGE('',*,*,#2015,.T.);
#3374 = ORIENTED_EDGE('',*,*,#3375,.T.);
#3375 = EDGE_CURVE('',#1965,#1923,#3376,.T.);
#3376 = SURFACE_CURVE('',#3377,(#3440,#3506),.PCURVE_S1.);
#3377 = B_SPLINE_CURVE_WITH_KNOTS('',6,(#3378,#3379,#3380,#3381,#3382,
    #3383,#3384,#3385,#3386,#3387,#3388,#3389,#3390,#3391,#3392,#3393,
    #3394,#3395,#3396,#3397,#3398,#3399,#3400,#3401,#3402,#3403,#3404,
    #3405,#3406,#3407,#3408,#3409,#3410,#3411,#3412,#3413,#3414,#3415,
    #3416,#3417,#3418,#3419,#3420,#3421,#3422,#3423,#3424,#3425,#3426,
    #3427,#3428,#3429,#3430,#3431,#3432,#3433,#3434,#3435,#3436,#3437,
    #3438,#3439),.UNSPECIFIED.,.F.,.F.,(7,5,5,5,5,5,5,5,5,5,5,5,7),(0.,
    0.158348092407,0.222200041243,0.260504249536,0.286462652597,
    0.35053299703,0.421254269772,0.500191007247,0.579136343504,
    0.648789924751,0.778312274532,0.842256681857,1.),.UNSPECIFIED.);
#3378 = CARTESIAN_POINT('',(2.483602903142,-2.237264039701,
    10.996705300447));
#3379 = CARTESIAN_POINT('',(2.474532080165,-2.233433816656,
    11.039912094782));
#3380 = CARTESIAN_POINT('',(2.465075069424,-2.229792610702,
    11.082513490676));
#3381 = CARTESIAN_POINT('',(2.455177863775,-2.226392116974,
    11.124384240386));
#3382 = CARTESIAN_POINT('',(2.444792444932,-2.223310230828,
    11.165286345038));
#3383 = CARTESIAN_POINT('',(2.433877933714,-2.220663151529,
    11.204866658554));
#3384 = CARTESIAN_POINT('',(2.41781367062,-2.217779333012,
    11.257950294748));
#3385 = CARTESIAN_POINT('',(2.413111530294,-2.217047041119,
    11.272916968698));
#3386 = CARTESIAN_POINT('',(2.408324013111,-2.216421463807,
    11.287565851678));
#3387 = CARTESIAN_POINT('',(2.403453209013,-2.2159140278,11.301863207113
    ));
#3388 = CARTESIAN_POINT('',(2.39850326502,-2.215536803166,
    11.315773229428));
#3389 = CARTESIAN_POINT('',(2.390467948169,-2.215161184124,
    11.337349777071));
#3390 = CARTESIAN_POINT('',(2.387428972788,-2.215071589219,
    11.345287589459));
#3391 = CARTESIAN_POINT('',(2.384365372952,-2.215035913327,
    11.353064929835));
#3392 = CARTESIAN_POINT('',(2.381278926998,-2.215056769396,
    11.360673934898));
#3393 = CARTESIAN_POINT('',(2.378171742291,-2.215136710549,
    11.368106875979));
#3394 = CARTESIAN_POINT('',(2.372928141906,-2.215374136548,
    11.380268930247));
#3395 = CARTESIAN_POINT('',(2.370801621083,-2.215498315598,
    11.385097377274));
#3396 = CARTESIAN_POINT('',(2.368667454497,-2.215651536307,
    11.389839152798));
#3397 = CARTESIAN_POINT('',(2.366526466243,-2.215834530487,
    11.394492005099));
#3398 = CARTESIAN_POINT('',(2.36437954276,-2.216047992691,11.39905377806
    ));
#3399 = CARTESIAN_POINT('',(2.356916304173,-2.216896269379,
    11.414551859381));
#3400 = CARTESIAN_POINT('',(2.351574337638,-2.217689468244,
    11.425014234541));
#3401 = CARTESIAN_POINT('',(2.346216541064,-2.218682298898,
    11.434878078943));
#3402 = CARTESIAN_POINT('',(2.340858870323,-2.219882546881,
    11.444117704339));
#3403 = CARTESIAN_POINT('',(2.335518429321,-2.221295661188,
    11.452713191926));
#3404 = CARTESIAN_POINT('',(2.324357820584,-2.224722958045,
    11.469411527029));
#3405 = CARTESIAN_POINT('',(2.318544966218,-2.226784273456,
    11.477370978975));
#3406 = CARTESIAN_POINT('',(2.312798872943,-2.229112624348,
    11.484509600181));
#3407 = CARTESIAN_POINT('',(2.307143044573,-2.231708153976,
    11.49081777132));
#3408 = CARTESIAN_POINT('',(2.30159995547,-2.234567535054,
    11.496291923414));
#3409 = CARTESIAN_POINT('',(2.290152610045,-2.241163086876,
    11.506109109225));
#3410 = CARTESIAN_POINT('',(2.284281156152,-2.244962555808,
    11.510246871619));
#3411 = CARTESIAN_POINT('',(2.278604566692,-2.249074073007,
    11.513343909385));
#3412 = CARTESIAN_POINT('',(2.273148759502,-2.253484528351,
    11.515402782251));
#3413 = CARTESIAN_POINT('',(2.267936630324,-2.258177211055,
    11.516426074825));
#3414 = CARTESIAN_POINT('',(2.258037946368,-2.268088739803,
    11.516400772728));
#3415 = CARTESIAN_POINT('',(2.25335158588,-2.273307505913,
    11.515351952635));
#3416 = CARTESIAN_POINT('',(2.248947854227,-2.278769571511,
    11.513267298984));
#3417 = CARTESIAN_POINT('',(2.244843418873,-2.284451987322,
    11.510144201677));
#3418 = CARTESIAN_POINT('',(2.241051338433,-2.290328782265,
    11.505980107223));
#3419 = CARTESIAN_POINT('',(2.234517542171,-2.301702920386,
    11.496183505818));
#3420 = CARTESIAN_POINT('',(2.231704711915,-2.307163541017,
    11.490781521732));
#3421 = CARTESIAN_POINT('',(2.229147818544,-2.312733352709,
    11.484570560483));
#3422 = CARTESIAN_POINT('',(2.226850033656,-2.318390888665,
    11.47755406979));
#3423 = CARTESIAN_POINT('',(2.224811265237,-2.324113707466,
    11.469741181666));
#3424 = CARTESIAN_POINT('',(2.219711600963,-2.34059945095,11.44517434346
    ));
#3425 = CARTESIAN_POINT('',(2.217276700316,-2.351471916927,
    11.426499413457));
#3426 = CARTESIAN_POINT('',(2.215705008434,-2.362338866691,
    11.405252555363));
#3427 = CARTESIAN_POINT('',(2.214921613304,-2.373063664667,
    11.381645845945));
#3428 = CARTESIAN_POINT('',(2.21482568673,-2.383549608612,
    11.355978322019));
#3429 = CARTESIAN_POINT('',(2.215554851729,-2.398756852747,
    11.315066003635));
#3430 = CARTESIAN_POINT('',(2.21593828606,-2.403710240841,
    11.301120004051));
#3431 = CARTESIAN_POINT('',(2.21645186746,-2.408584104864,
    11.286786858661));
#3432 = CARTESIAN_POINT('',(2.217083490504,-2.41337434031,
    11.272102474175));
#3433 = CARTESIAN_POINT('',(2.217821705174,-2.418078901792,
    11.257100653257));
#3434 = CARTESIAN_POINT('',(2.220714776816,-2.434090465942,
    11.204095465622));
#3435 = CARTESIAN_POINT('',(2.223358287599,-2.44495422178,
    11.164648907904));
#3436 = CARTESIAN_POINT('',(2.226431856812,-2.45529348289,
    11.123894990963));
#3437 = CARTESIAN_POINT('',(2.229820975765,-2.465148726419,
    11.082181654909));
#3438 = CARTESIAN_POINT('',(2.233448741088,-2.474567424551,
    11.039743739871));
#3439 = CARTESIAN_POINT('',(2.237264039701,-2.483602903142,
    10.996705300447));
#3440 = PCURVE('',#1939,#3441);
#3441 = DEFINITIONAL_REPRESENTATION('',(#3442),#3505);
#3442 = B_SPLINE_CURVE_WITH_KNOTS('',6,(#3443,#3444,#3445,#3446,#3447,
    #3448,#3449,#3450,#3451,#3452,#3453,#3454,#3455,#3456,#3457,#3458,
    #3459,#3460,#3461,#3462,#3463,#3464,#3465,#3466,#3467,#3468,#3469,
    #3470,#3471,#3472,#3473,#3474,#3475,#3476,#3477,#3478,#3479,#3480,
    #3481,#3482,#3483,#3484,#3485,#3486,#3487,#3488,#3489,#3490,#3491,
    #3492,#3493,#3494,#3495,#3496,#3497,#3498,#3499,#3500,#3501,#3502,
    #3503,#3504),.UNSPECIFIED.,.F.,.F.,(7,5,5,5,5,5,5,5,5,5,5,5,7),(0.,
    0.158348092407,0.222200041243,0.260504249536,0.286462652597,
    0.35053299703,0.421254269772,0.500191007247,0.579136343504,
    0.648789924751,0.778312274532,0.842256681857,1.),.UNSPECIFIED.);
#3443 = CARTESIAN_POINT('',(4.544389023899,-9.195058752474E-02));
#3444 = CARTESIAN_POINT('',(4.532055600813,-0.136095337092));
#3445 = CARTESIAN_POINT('',(4.518002836116,-0.179670017744));
#3446 = CARTESIAN_POINT('',(4.501946331561,-0.222551755712));
#3447 = CARTESIAN_POINT('',(4.483554397886,-0.264502667875));
#3448 = CARTESIAN_POINT('',(4.462440653887,-0.305165805567));
#3449 = CARTESIAN_POINT('',(4.428499030827,-0.359799130483));
#3450 = CARTESIAN_POINT('',(4.418247432269,-0.375214545465));
#3451 = CARTESIAN_POINT('',(4.407476630621,-0.390314703927));
#3452 = CARTESIAN_POINT('',(4.396167956288,-0.405064695303));
#3453 = CARTESIAN_POINT('',(4.384307489638,-0.419427228007));
#3454 = CARTESIAN_POINT('',(4.364438184894,-0.441724629787));
#3455 = CARTESIAN_POINT('',(4.356787028112,-0.449932032343));
#3456 = CARTESIAN_POINT('',(4.348933333305,-0.457977867439));
#3457 = CARTESIAN_POINT('',(4.340876632794,-0.465853838997));
#3458 = CARTESIAN_POINT('',(4.33261751554,-0.473551748816));
#3459 = CARTESIAN_POINT('',(4.318424440057,-0.486154137631));
#3460 = CARTESIAN_POINT('',(4.312599054572,-0.491159305399));
#3461 = CARTESIAN_POINT('',(4.306682004897,-0.496076495144));
#3462 = CARTESIAN_POINT('',(4.300674069593,-0.500903292944));
#3463 = CARTESIAN_POINT('',(4.294576271583,-0.505637375675));
#3464 = CARTESIAN_POINT('',(4.273120666206,-0.521726791619));
#3465 = CARTESIAN_POINT('',(4.257311143963,-0.532599029059));
#3466 = CARTESIAN_POINT('',(4.240981585931,-0.542859090046));
#3467 = CARTESIAN_POINT('',(4.2241594445,-0.552478667477));
#3468 = CARTESIAN_POINT('',(4.206879349939,-0.561435280433));
#3469 = CARTESIAN_POINT('',(4.169649883371,-0.578848474989));
#3470 = CARTESIAN_POINT('',(4.149608392386,-0.587157056519));
#3471 = CARTESIAN_POINT('',(4.129113580286,-0.594615611371));
#3472 = CARTESIAN_POINT('',(4.108224951679,-0.601211646934));
#3473 = CARTESIAN_POINT('',(4.087004601624,-0.606939197733));
#3474 = CARTESIAN_POINT('',(4.041529536914,-0.617215811734));
#3475 = CARTESIAN_POINT('',(4.017208515991,-0.621550683077));
#3476 = CARTESIAN_POINT('',(3.992637123836,-0.624797078297));
#3477 = CARTESIAN_POINT('',(3.967900382326,-0.62695587202));
#3478 = CARTESIAN_POINT('',(3.94308227264,-0.628028812739));
#3479 = CARTESIAN_POINT('',(3.893444253824,-0.628002282921));
#3480 = CARTESIAN_POINT('',(3.868625056109,-0.626902576036));
#3481 = CARTESIAN_POINT('',(3.843888875761,-0.624716764136));
#3482 = CARTESIAN_POINT('',(3.819319741325,-0.621443086087));
#3483 = CARTESIAN_POINT('',(3.795002725189,-0.617080686829));
#3484 = CARTESIAN_POINT('',(3.749865302421,-0.606825784542));
#3485 = CARTESIAN_POINT('',(3.728970102556,-0.60117381131));
#3486 = CARTESIAN_POINT('',(3.708397102583,-0.594679449984));
#3487 = CARTESIAN_POINT('',(3.688205602246,-0.587348437534));
#3488 = CARTESIAN_POINT('',(3.668452484724,-0.579192644507));
#3489 = CARTESIAN_POINT('',(3.613372104783,-0.553572976599));
#3490 = CARTESIAN_POINT('',(3.579233833449,-0.534125648866));
#3491 = CARTESIAN_POINT('',(3.547151825653,-0.512039050169));
#3492 = CARTESIAN_POINT('',(3.517349452158,-0.487548871487));
#3493 = CARTESIAN_POINT('',(3.489894255333,-0.460974523709));
#3494 = CARTESIAN_POINT('',(3.452338193159,-0.418696894261));
#3495 = CARTESIAN_POINT('',(3.440485207694,-0.404297742893));
#3496 = CARTESIAN_POINT('',(3.429185108124,-0.389511374577));
#3497 = CARTESIAN_POINT('',(3.418423771257,-0.374375179443));
#3498 = CARTESIAN_POINT('',(3.408182340853,-0.358924130321));
#3499 = CARTESIAN_POINT('',(3.374405070697,-0.304373524869));
#3500 = CARTESIAN_POINT('',(3.353415871237,-0.263848891676));
#3501 = CARTESIAN_POINT('',(3.335122769827,-0.222050695883));
#3502 = CARTESIAN_POINT('',(3.319144343392,-0.17933060128));
#3503 = CARTESIAN_POINT('',(3.305152958461,-0.135923327446));
#3504 = CARTESIAN_POINT('',(3.292867592454,-9.195058752474E-02));
#3505 = ( GEOMETRIC_REPRESENTATION_CONTEXT(2) 
PARAMETRIC_REPRESENTATION_CONTEXT() REPRESENTATION_CONTEXT('2D SPACE',''
  ) );
#3506 = PCURVE('',#1981,#3507);
#3507 = DEFINITIONAL_REPRESENTATION('',(#3508),#3571);
#3508 = B_SPLINE_CURVE_WITH_KNOTS('',6,(#3509,#3510,#3511,#3512,#3513,
    #3514,#3515,#3516,#3517,#3518,#3519,#3520,#3521,#3522,#3523,#3524,
    #3525,#3526,#3527,#3528,#3529,#3530,#3531,#3532,#3533,#3534,#3535,
    #3536,#3537,#3538,#3539,#3540,#3541,#3542,#3543,#3544,#3545,#3546,
    #3547,#3548,#3549,#3550,#3551,#3552,#3553,#3554,#3555,#3556,#3557,
    #3558,#3559,#3560,#3561,#3562,#3563,#3564,#3565,#3566,#3567,#3568,
    #3569,#3570),.UNSPECIFIED.,.F.,.F.,(7,5,5,5,5,5,5,5,5,5,5,5,7),(0.,
    0.158348092407,0.222200041243,0.260504249536,0.286462652597,
    0.35053299703,0.421254269772,0.500191007247,0.579136343504,
    0.648789924751,0.778312274532,0.842256681857,1.),.UNSPECIFIED.);
#3509 = CARTESIAN_POINT('',(1.444963174112,-6.000000034589E-07));
#3510 = CARTESIAN_POINT('',(1.47253872417,4.38967077112E-02));
#3511 = CARTESIAN_POINT('',(1.501958423421,8.720537922629E-02));
#3512 = CARTESIAN_POINT('',(1.53351784597,0.12980094292));
#3513 = CARTESIAN_POINT('',(1.567536827494,0.171444477416));
#3514 = CARTESIAN_POINT('',(1.604368842484,0.21177930013));
#3515 = CARTESIAN_POINT('',(1.660439784675,0.265928004477));
#3516 = CARTESIAN_POINT('',(1.677057765857,0.281201412711));
#3517 = CARTESIAN_POINT('',(1.694198641364,0.296157096231));
#3518 = CARTESIAN_POINT('',(1.711876619954,0.310760538429));
#3519 = CARTESIAN_POINT('',(1.730100492099,0.324974974947));
#3520 = CARTESIAN_POINT('',(1.760132217642,0.347034046438));
#3521 = CARTESIAN_POINT('',(1.771589726791,0.355151771786));
#3522 = CARTESIAN_POINT('',(1.783244409463,0.363107763074));
#3523 = CARTESIAN_POINT('',(1.795095483522,0.37089388839));
#3524 = CARTESIAN_POINT('',(1.807141102232,0.378502130966));
#3525 = CARTESIAN_POINT('',(1.827671425297,0.390954719553));
#3526 = CARTESIAN_POINT('',(1.836052504425,0.395899549786));
#3527 = CARTESIAN_POINT('',(1.844520665802,0.400756636978));
#3528 = CARTESIAN_POINT('',(1.853074755902,0.405523631616));
#3529 = CARTESIAN_POINT('',(1.861713393513,0.410198277564));
#3530 = CARTESIAN_POINT('',(1.891961501667,0.42608306723));
#3531 = CARTESIAN_POINT('',(1.913994071091,0.43681231758));
#3532 = CARTESIAN_POINT('',(1.936506961184,0.446933115821));
#3533 = CARTESIAN_POINT('',(1.959468825595,0.456418238945));
#3534 = CARTESIAN_POINT('',(1.982842688446,0.465246288233));
#3535 = CARTESIAN_POINT('',(2.032793908253,0.482403675194));
#3536 = CARTESIAN_POINT('',(2.059453498063,0.490586512062));
#3537 = CARTESIAN_POINT('',(2.086508786402,0.497929194812));
#3538 = CARTESIAN_POINT('',(2.113902844523,0.504420497135));
#3539 = CARTESIAN_POINT('',(2.141578794323,0.510055528177));
#3540 = CARTESIAN_POINT('',(2.200624220453,0.520163951436));
#3541 = CARTESIAN_POINT('',(2.23204950395,0.524426356797));
#3542 = CARTESIAN_POINT('',(2.263682215145,0.527617682933));
#3543 = CARTESIAN_POINT('',(2.295450524823,0.529739581085));
#3544 = CARTESIAN_POINT('',(2.327285230699,0.530794190534));
#3545 = CARTESIAN_POINT('',(2.390957672807,0.530768114029));
#3546 = CARTESIAN_POINT('',(2.422794524957,0.529687195761));
#3547 = CARTESIAN_POINT('',(2.454563627918,0.527538735159));
#3548 = CARTESIAN_POINT('',(2.486195721496,0.524320574355));
#3549 = CARTESIAN_POINT('',(2.517618899127,0.520031075642));
#3550 = CARTESIAN_POINT('',(2.576233155443,0.509943936892));
#3551 = CARTESIAN_POINT('',(2.603487178214,0.50438323237));
#3552 = CARTESIAN_POINT('',(2.630467360356,0.497991977458));
#3553 = CARTESIAN_POINT('',(2.657119375218,0.490774882756));
#3554 = CARTESIAN_POINT('',(2.683388826828,0.482742611744));
#3555 = CARTESIAN_POINT('',(2.757259987978,0.457499799928));
#3556 = CARTESIAN_POINT('',(2.803813857572,0.438326249806));
#3557 = CARTESIAN_POINT('',(2.848490623273,0.416533390231));
#3558 = CARTESIAN_POINT('',(2.891039039366,0.392347055907));
#3559 = CARTESIAN_POINT('',(2.931340025572,0.366078634479));
#3560 = CARTESIAN_POINT('',(2.988141938158,0.324252216759));
#3561 = CARTESIAN_POINT('',(3.006367343628,0.310001304148));
#3562 = CARTESIAN_POINT('',(3.02404559594,0.295361603624));
#3563 = CARTESIAN_POINT('',(3.041185684879,0.280369979684));
#3564 = CARTESIAN_POINT('',(3.057802008416,0.265061013214));
#3565 = CARTESIAN_POINT('',(3.113654610599,0.210993411742));
#3566 = CARTESIAN_POINT('',(3.150299400679,0.17079548879));
#3567 = CARTESIAN_POINT('',(3.184157189501,0.12930322572));
#3568 = CARTESIAN_POINT('',(3.21557709867,8.68680345522E-02));
#3569 = CARTESIAN_POINT('',(3.244875115162,4.372566222065E-02));
#3570 = CARTESIAN_POINT('',(3.272343217321,-6.E-07));
#3571 = ( GEOMETRIC_REPRESENTATION_CONTEXT(2) 
PARAMETRIC_REPRESENTATION_CONTEXT() REPRESENTATION_CONTEXT('2D SPACE',''
  ) );
#3572 = ORIENTED_EDGE('',*,*,#1922,.T.);
#3573 = ORIENTED_EDGE('',*,*,#2246,.F.);
#3574 = ORIENTED_EDGE('',*,*,#3575,.T.);
#3575 = EDGE_CURVE('',#2215,#3329,#3576,.T.);
#3576 = SURFACE_CURVE('',#3577,(#3582,#3589),.PCURVE_S1.);
#3577 = CIRCLE('',#3578,0.3);
#3578 = AXIS2_PLACEMENT_3D('',#3579,#3580,#3581);
#3579 = CARTESIAN_POINT('',(2.539842705208,-2.539842705208,10.95));
#3580 = DIRECTION('',(-0.128254195209,0.128254195209,0.983413302138));
#3581 = DIRECTION('',(0.991602623083,-4.640385298238E-14,0.129322225065)
  );
#3582 = PCURVE('',#1939,#3583);
#3583 = DEFINITIONAL_REPRESENTATION('',(#3584),#3588);
#3584 = LINE('',#3585,#3586);
#3585 = CARTESIAN_POINT('',(6.28318530718,0.));
#3586 = VECTOR('',#3587,1.);
#3587 = DIRECTION('',(-1.,-0.));
#3588 = ( GEOMETRIC_REPRESENTATION_CONTEXT(2) 
PARAMETRIC_REPRESENTATION_CONTEXT() REPRESENTATION_CONTEXT('2D SPACE',''
  ) );
#3589 = PCURVE('',#2234,#3590);
#3590 = DEFINITIONAL_REPRESENTATION('',(#3591),#3595);
#3591 = CIRCLE('',#3592,0.3);
#3592 = AXIS2_PLACEMENT_2D('',#3593,#3594);
#3593 = CARTESIAN_POINT('',(0.,0.));
#3594 = DIRECTION('',(1.,-6.938893903907E-18));
#3595 = ( GEOMETRIC_REPRESENTATION_CONTEXT(2) 
PARAMETRIC_REPRESENTATION_CONTEXT() REPRESENTATION_CONTEXT('2D SPACE',''
  ) );
#3596 = ORIENTED_EDGE('',*,*,#3328,.T.);
#3597 = ORIENTED_EDGE('',*,*,#3598,.F.);
#3598 = EDGE_CURVE('',#3599,#3294,#3601,.T.);
#3599 = VERTEX_POINT('',#3600);
#3600 = CARTESIAN_POINT('',(2.574955208978,-2.417391570713,12.55));
#3601 = SURFACE_CURVE('',#3602,(#3607,#3636),.PCURVE_S1.);
#3602 = ELLIPSE('',#3603,0.25817977688,0.253893958396);
#3603 = AXIS2_PLACEMENT_3D('',#3604,#3605,#3606);
#3604 = CARTESIAN_POINT('',(2.332129137489,-2.332129137489,12.55));
#3605 = DIRECTION('',(0.,0.,1.));
#3606 = DIRECTION('',(0.707106781187,-0.707106781187,0.));
#3607 = PCURVE('',#1939,#3608);
#3608 = DEFINITIONAL_REPRESENTATION('',(#3609),#3635);
#3609 = B_SPLINE_CURVE_WITH_KNOTS('',3,(#3610,#3611,#3612,#3613,#3614,
    #3615,#3616,#3617,#3618,#3619,#3620,#3621,#3622,#3623,#3624,#3625,
    #3626,#3627,#3628,#3629,#3630,#3631,#3632,#3633,#3634),
  .UNSPECIFIED.,.F.,.F.,(4,1,1,1,1,1,1,1,1,1,1,1,1,1,1,1,1,1,1,1,1,1,4),
  (0.454287560914,0.469124833909,0.483962106903,0.498799379898,
    0.513636652893,0.528473925888,0.543311198882,0.558148471877,
    0.572985744872,0.587823017866,0.602660290861,0.617497563856,
    0.632334836851,0.647172109845,0.66200938284,0.676846655835,
    0.69168392883,0.706521201824,0.721358474819,0.736195747814,
    0.751033020809,0.765870293803,0.780707566798),
  .QUASI_UNIFORM_KNOTS.);
#3610 = CARTESIAN_POINT('',(0.325036482331,-1.584662829216));
#3611 = CARTESIAN_POINT('',(0.320113913033,-1.584764460999));
#3612 = CARTESIAN_POINT('',(0.310268607657,-1.584970813009));
#3613 = CARTESIAN_POINT('',(0.295500134192,-1.585289535993));
#3614 = CARTESIAN_POINT('',(0.280731130225,-1.585617384376));
#3615 = CARTESIAN_POINT('',(0.26596158081,-1.585954285827));
#3616 = CARTESIAN_POINT('',(0.251191471108,-1.586300166223));
#3617 = CARTESIAN_POINT('',(0.2364207864,-1.586654949409));
#3618 = CARTESIAN_POINT('',(0.221649512093,-1.587018557286));
#3619 = CARTESIAN_POINT('',(0.206877633717,-1.58739090981));
#3620 = CARTESIAN_POINT('',(0.192105136934,-1.58777192501));
#3621 = CARTESIAN_POINT('',(0.177332007537,-1.588161519009));
#3622 = CARTESIAN_POINT('',(0.162558231456,-1.588559606042));
#3623 = CARTESIAN_POINT('',(0.147783794759,-1.588966098473));
#3624 = CARTESIAN_POINT('',(0.133008683655,-1.589380906818));
#3625 = CARTESIAN_POINT('',(0.118232884499,-1.589803939759));
#3626 = CARTESIAN_POINT('',(0.103456383792,-1.590235104171));
#3627 = CARTESIAN_POINT('',(8.867916818843E-02,-1.590674305136));
#3628 = CARTESIAN_POINT('',(7.390122449339E-02,-1.59112144597));
#3629 = CARTESIAN_POINT('',(5.912253967004E-02,-1.591576428234));
#3630 = CARTESIAN_POINT('',(4.43431008393E-02,-1.59203915178));
#3631 = CARTESIAN_POINT('',(2.956289528892E-02,-1.592509514707));
#3632 = CARTESIAN_POINT('',(1.478191045387E-02,-1.5929874136));
#3633 = CARTESIAN_POINT('',(4.927392819596E-03,-1.59331096638));
#3634 = CARTESIAN_POINT('',(0.,-1.593473963644));
#3635 = ( GEOMETRIC_REPRESENTATION_CONTEXT(2) 
PARAMETRIC_REPRESENTATION_CONTEXT() REPRESENTATION_CONTEXT('2D SPACE',''
  ) );
#3636 = PCURVE('',#3316,#3637);
#3637 = DEFINITIONAL_REPRESENTATION('',(#3638),#3642);
#3638 = ELLIPSE('',#3639,0.25817977688,0.253893958396);
#3639 = AXIS2_PLACEMENT_2D('',#3640,#3641);
#3640 = CARTESIAN_POINT('',(2.332129137489,-2.332129137489));
#3641 = DIRECTION('',(0.707106781187,-0.707106781187));
#3642 = ( GEOMETRIC_REPRESENTATION_CONTEXT(2) 
PARAMETRIC_REPRESENTATION_CONTEXT() REPRESENTATION_CONTEXT('2D SPACE',''
  ) );
#3643 = ORIENTED_EDGE('',*,*,#3644,.F.);
#3644 = EDGE_CURVE('',#3645,#3599,#3647,.T.);
#3645 = VERTEX_POINT('',#3646);
#3646 = CARTESIAN_POINT('',(2.417391570713,-2.574955208978,12.55));
#3647 = SURFACE_CURVE('',#3648,(#3679,#3713),.PCURVE_S1.);
#3648 = B_SPLINE_CURVE_WITH_KNOTS('',5,(#3649,#3650,#3651,#3652,#3653,
    #3654,#3655,#3656,#3657,#3658,#3659,#3660,#3661,#3662,#3663,#3664,
    #3665,#3666,#3667,#3668,#3669,#3670,#3671,#3672,#3673,#3674,#3675,
    #3676,#3677,#3678),.UNSPECIFIED.,.F.,.F.,(6,4,4,4,4,4,4,6),(0.,
    0.227377259818,0.324607496471,0.499595685766,0.619021179607,
    0.676630967805,0.77394523182,1.),.UNSPECIFIED.);
#3649 = CARTESIAN_POINT('',(2.417391366299,-2.574955400885,12.5499994));
#3650 = CARTESIAN_POINT('',(2.423391891457,-2.569322053719,
    12.567612234254));
#3651 = CARTESIAN_POINT('',(2.429691265953,-2.56337524395,
    12.584226952607));
#3652 = CARTESIAN_POINT('',(2.436311823487,-2.557087191303,
    12.599646559558));
#3653 = CARTESIAN_POINT('',(2.443262876109,-2.550440063541,
    12.613554129952));
#3654 = CARTESIAN_POINT('',(2.453628936063,-2.540452709373,
    12.630718795625));
#3655 = CARTESIAN_POINT('',(2.456790137896,-2.53739786687,
    12.635515197276));
#3656 = CARTESIAN_POINT('',(2.460005498845,-2.534280972389,
    12.639936219606));
#3657 = CARTESIAN_POINT('',(2.463271043697,-2.531105190458,
    12.643951640601));
#3658 = CARTESIAN_POINT('',(2.472537751395,-2.522063177345,
    12.653974100722));
#3659 = CARTESIAN_POINT('',(2.478640120422,-2.516074523812,
    12.659008691199));
#3660 = CARTESIAN_POINT('',(2.484848004935,-2.509944919032,
    12.662458235163));
#3661 = CARTESIAN_POINT('',(2.491105959915,-2.503726269869,
    12.66419060279));
#3662 = CARTESIAN_POINT('',(2.501600095604,-2.493232747872,
    12.664217649182));
#3663 = CARTESIAN_POINT('',(2.505848392326,-2.488966562238,
    12.66342924284));
#3664 = CARTESIAN_POINT('',(2.510066510666,-2.48471240429,12.66184101296
    ));
#3665 = CARTESIAN_POINT('',(2.514235836301,-2.480489623766,
    12.659480494832));
#3666 = CARTESIAN_POINT('',(2.520321129982,-2.47430105547,
    12.654903360335));
#3667 = CARTESIAN_POINT('',(2.522286500385,-2.472298303177,
    12.653244598379));
#3668 = CARTESIAN_POINT('',(2.524235367037,-2.470308414544,12.6514215874
    ));
#3669 = CARTESIAN_POINT('',(2.526166371467,-2.468332897976,
    12.649439937129));
#3670 = CARTESIAN_POINT('',(2.531308273306,-2.463062352476,
    12.64370087233));
#3671 = CARTESIAN_POINT('',(2.534484000757,-2.459796323578,
    12.639660606661));
#3672 = CARTESIAN_POINT('',(2.537600589034,-2.456580746305,
    12.635215188888));
#3673 = CARTESIAN_POINT('',(2.540654915701,-2.453419556135,
    12.630394926693));
#3674 = CARTESIAN_POINT('',(2.550593296482,-2.443102628611,
    12.613233098576));
#3675 = CARTESIAN_POINT('',(2.557195901051,-2.436197360385,
    12.59937973664));
#3676 = CARTESIAN_POINT('',(2.563443791279,-2.42961865418,
    12.584035398132));
#3677 = CARTESIAN_POINT('',(2.569354534417,-2.423357293687,
    12.567510682345));
#3678 = CARTESIAN_POINT('',(2.574955400885,-2.417391366299,12.5499994));
#3679 = PCURVE('',#1939,#3680);
#3680 = DEFINITIONAL_REPRESENTATION('',(#3681),#3712);
#3681 = B_SPLINE_CURVE_WITH_KNOTS('',5,(#3682,#3683,#3684,#3685,#3686,
    #3687,#3688,#3689,#3690,#3691,#3692,#3693,#3694,#3695,#3696,#3697,
    #3698,#3699,#3700,#3701,#3702,#3703,#3704,#3705,#3706,#3707,#3708,
    #3709,#3710,#3711),.UNSPECIFIED.,.F.,.F.,(6,4,4,4,4,4,4,6),(0.,
    0.227377259818,0.324607496471,0.499595685766,0.619021179607,
    0.676630967805,0.77394523182,1.),.UNSPECIFIED.);
#3682 = CARTESIAN_POINT('',(1.22903601634,-1.584662240772));
#3683 = CARTESIAN_POINT('',(1.194118669453,-1.601935844147));
#3684 = CARTESIAN_POINT('',(1.157834145795,-1.618229761281));
#3685 = CARTESIAN_POINT('',(1.120043269582,-1.633350962724));
#3686 = CARTESIAN_POINT('',(1.080669114643,-1.646988872812));
#3687 = CARTESIAN_POINT('',(1.022266896092,-1.663820262756));
#3688 = CARTESIAN_POINT('',(1.004495511485,-1.668523466911));
#3689 = CARTESIAN_POINT('',(0.986452590764,-1.672858530343));
#3690 = CARTESIAN_POINT('',(0.968153866096,-1.676795836291));
#3691 = CARTESIAN_POINT('',(0.916275995328,-1.686623238872));
#3692 = CARTESIAN_POINT('',(0.882168684828,-1.691559737628));
#3693 = CARTESIAN_POINT('',(0.847480847289,-1.694942025345));
#3694 = CARTESIAN_POINT('',(0.812459791824,-1.696640617577));
#3695 = CARTESIAN_POINT('',(0.753549220758,-1.696667136651));
#3696 = CARTESIAN_POINT('',(0.729649985467,-1.695894101694));
#3697 = CARTESIAN_POINT('',(0.705851463361,-1.694336837534));
#3698 = CARTESIAN_POINT('',(0.682242479848,-1.692022328421));
#3699 = CARTESIAN_POINT('',(0.647638732724,-1.687534358873));
#3700 = CARTESIAN_POINT('',(0.636439540044,-1.685907904685));
#3701 = CARTESIAN_POINT('',(0.625309661306,-1.68412039268));
#3702 = CARTESIAN_POINT('',(0.614255744808,-1.682177320311));
#3703 = CARTESIAN_POINT('',(0.584748225174,-1.676549946735));
#3704 = CARTESIAN_POINT('',(0.566445586945,-1.672588277272));
#3705 = CARTESIAN_POINT('',(0.54839993502,-1.668229290054));
#3706 = CARTESIAN_POINT('',(0.530626798007,-1.663502685784));
#3707 = CARTESIAN_POINT('',(0.472494416792,-1.646674065932));
#3708 = CARTESIAN_POINT('',(0.433374638842,-1.633089303409));
#3709 = CARTESIAN_POINT('',(0.395818906247,-1.618041905345));
#3710 = CARTESIAN_POINT('',(0.359751313621,-1.601836248172));
#3711 = CARTESIAN_POINT('',(0.325035292833,-1.584662240772));
#3712 = ( GEOMETRIC_REPRESENTATION_CONTEXT(2) 
PARAMETRIC_REPRESENTATION_CONTEXT() REPRESENTATION_CONTEXT('2D SPACE',''
  ) );
#3713 = PCURVE('',#3714,#3719);
#3714 = CYLINDRICAL_SURFACE('',#3715,3.53188);
#3715 = AXIS2_PLACEMENT_3D('',#3716,#3717,#3718);
#3716 = CARTESIAN_POINT('',(0.,0.,12.55));
#3717 = DIRECTION('',(-0.,-0.,-1.));
#3718 = DIRECTION('',(1.,0.,0.));
#3719 = DEFINITIONAL_REPRESENTATION('',(#3720),#3751);
#3720 = B_SPLINE_CURVE_WITH_KNOTS('',5,(#3721,#3722,#3723,#3724,#3725,
    #3726,#3727,#3728,#3729,#3730,#3731,#3732,#3733,#3734,#3735,#3736,
    #3737,#3738,#3739,#3740,#3741,#3742,#3743,#3744,#3745,#3746,#3747,
    #3748,#3749,#3750),.UNSPECIFIED.,.F.,.F.,(6,4,4,4,4,4,4,6),(0.,
    0.227377259818,0.324607496471,0.499595685766,0.619021179607,
    0.676630967805,0.77394523182,1.),.UNSPECIFIED.);
#3721 = CARTESIAN_POINT('',(0.816948806102,5.999999128647E-07));
#3722 = CARTESIAN_POINT('',(0.814618464708,-1.761223425355E-02));
#3723 = CARTESIAN_POINT('',(0.812165687469,-3.422695260662E-02));
#3724 = CARTESIAN_POINT('',(0.809580454632,-4.964655955772E-02));
#3725 = CARTESIAN_POINT('',(0.806857344168,-6.355412995242E-02));
#3726 = CARTESIAN_POINT('',(0.802781744713,-8.071879562511E-02));
#3727 = CARTESIAN_POINT('',(0.801537068924,-8.551519727568E-02));
#3728 = CARTESIAN_POINT('',(0.800269156484,-8.993621960637E-02));
#3729 = CARTESIAN_POINT('',(0.798979434927,-9.395164060114E-02));
#3730 = CARTESIAN_POINT('',(0.795313626476,-0.103974100722));
#3731 = CARTESIAN_POINT('',(0.792892823027,-0.109008691199));
#3732 = CARTESIAN_POINT('',(0.790422739172,-0.112458235163));
#3733 = CARTESIAN_POINT('',(0.787924836658,-0.11419060279));
#3734 = CARTESIAN_POINT('',(0.783722962563,-0.114217649182));
#3735 = CARTESIAN_POINT('',(0.782018304472,-0.11342924284));
#3736 = CARTESIAN_POINT('',(0.780322086085,-0.11184101296));
#3737 = CARTESIAN_POINT('',(0.778641897864,-0.109480494832));
#3738 = CARTESIAN_POINT('',(0.776184498899,-0.104903360335));
#3739 = CARTESIAN_POINT('',(0.775390018468,-0.103244598379));
#3740 = CARTESIAN_POINT('',(0.774601410185,-0.1014215874));
#3741 = CARTESIAN_POINT('',(0.773819247281,-9.943993712914E-02));
#3742 = CARTESIAN_POINT('',(0.771734444279,-9.370087232992E-02));
#3743 = CARTESIAN_POINT('',(0.770444635222,-8.966060666092E-02));
#3744 = CARTESIAN_POINT('',(0.769176739144,-8.521518888795E-02));
#3745 = CARTESIAN_POINT('',(0.767932167216,-8.039492669267E-02));
#3746 = CARTESIAN_POINT('',(0.763876206403,-6.323309857553E-02));
#3747 = CARTESIAN_POINT('',(0.761171176873,-4.937973663997E-02));
#3748 = CARTESIAN_POINT('',(0.758602366691,-3.40353981316E-02));
#3749 = CARTESIAN_POINT('',(0.756164425828,-1.751068234475E-02));
#3750 = CARTESIAN_POINT('',(0.753847520693,6.000000000034E-07));
#3751 = ( GEOMETRIC_REPRESENTATION_CONTEXT(2) 
PARAMETRIC_REPRESENTATION_CONTEXT() REPRESENTATION_CONTEXT('2D SPACE',''
  ) );
#3752 = ORIENTED_EDGE('',*,*,#3753,.F.);
#3753 = EDGE_CURVE('',#3754,#3645,#3756,.T.);
#3754 = VERTEX_POINT('',#3755);
#3755 = CARTESIAN_POINT('',(2.086995326117,-2.25408456877,12.55));
#3756 = SURFACE_CURVE('',#3757,(#3762,#3782),.PCURVE_S1.);
#3757 = ELLIPSE('',#3758,0.25817977688,0.253893958396);
#3758 = AXIS2_PLACEMENT_3D('',#3759,#3760,#3761);
#3759 = CARTESIAN_POINT('',(2.332129137489,-2.332129137489,12.55));
#3760 = DIRECTION('',(0.,0.,1.));
#3761 = DIRECTION('',(0.707106781187,-0.707106781187,0.));
#3762 = PCURVE('',#1939,#3763);
#3763 = DEFINITIONAL_REPRESENTATION('',(#3764),#3781);
#3764 = B_SPLINE_CURVE_WITH_KNOTS('',8,(#3765,#3766,#3767,#3768,#3769,
    #3770,#3771,#3772,#3773,#3774,#3775,#3776,#3777,#3778,#3779,#3780),
  .UNSPECIFIED.,.F.,.F.,(9,7,9),(3.625624351613,3.922300222753,
    5.828897746266),.UNSPECIFIED.);
#3765 = CARTESIAN_POINT('',(3.432158543464,-1.668190519179));
#3766 = CARTESIAN_POINT('',(3.394902196516,-1.667382381813));
#3767 = CARTESIAN_POINT('',(3.357649707925,-1.66650910058));
#3768 = CARTESIAN_POINT('',(3.320401439522,-1.665572369806));
#3769 = CARTESIAN_POINT('',(3.283157741533,-1.664574074619));
#3770 = CARTESIAN_POINT('',(3.245918951014,-1.663516283138));
#3771 = CARTESIAN_POINT('',(3.20868539042,-1.662401237079));
#3772 = CARTESIAN_POINT('',(3.17145736635,-1.661231340826));
#3773 = CARTESIAN_POINT('',(2.895025454849,-1.652154692226));
#3774 = CARTESIAN_POINT('',(2.656056358554,-1.642140336516));
#3775 = CARTESIAN_POINT('',(2.417404249154,-1.630648180099));
#3776 = CARTESIAN_POINT('',(2.17911645101,-1.618614402755));
#3777 = CARTESIAN_POINT('',(1.941195433893,-1.60712531033));
#3778 = CARTESIAN_POINT('',(1.703596916022,-1.597189084438));
#3779 = CARTESIAN_POINT('',(1.466242105316,-1.589560311366));
#3780 = CARTESIAN_POINT('',(1.229034807606,-1.584662889794));
#3781 = ( GEOMETRIC_REPRESENTATION_CONTEXT(2) 
PARAMETRIC_REPRESENTATION_CONTEXT() REPRESENTATION_CONTEXT('2D SPACE',''
  ) );
#3782 = PCURVE('',#3783,#3788);
#3783 = PLANE('',#3784);
#3784 = AXIS2_PLACEMENT_3D('',#3785,#3786,#3787);
#3785 = CARTESIAN_POINT('',(-1.935853047866E-16,4.365790631274E-16,12.55
    ));
#3786 = DIRECTION('',(0.,0.,1.));
#3787 = DIRECTION('',(1.,0.,-0.));
#3788 = DEFINITIONAL_REPRESENTATION('',(#3789),#3793);
#3789 = ELLIPSE('',#3790,0.25817977688,0.253893958396);
#3790 = AXIS2_PLACEMENT_2D('',#3791,#3792);
#3791 = CARTESIAN_POINT('',(2.332129137489,-2.332129137489));
#3792 = DIRECTION('',(0.707106781187,-0.707106781187));
#3793 = ( GEOMETRIC_REPRESENTATION_CONTEXT(2) 
PARAMETRIC_REPRESENTATION_CONTEXT() REPRESENTATION_CONTEXT('2D SPACE',''
  ) );
#3794 = ORIENTED_EDGE('',*,*,#3795,.T.);
#3795 = EDGE_CURVE('',#3754,#3796,#3798,.T.);
#3796 = VERTEX_POINT('',#3797);
#3797 = CARTESIAN_POINT('',(2.050856920449,-2.287013910375,12.8));
#3798 = SURFACE_CURVE('',#3799,(#3808,#3820),.PCURVE_S1.);
#3799 = B_SPLINE_CURVE_WITH_KNOTS('',7,(#3800,#3801,#3802,#3803,#3804,
    #3805,#3806,#3807),.UNSPECIFIED.,.F.,.F.,(8,8),(0.,1.),
  .PIECEWISE_BEZIER_KNOTS.);
#3800 = CARTESIAN_POINT('',(2.086995442573,-2.254084460946,12.5499994));
#3801 = CARTESIAN_POINT('',(2.080437862724,-2.260155945621,
    12.583784988255));
#3802 = CARTESIAN_POINT('',(2.074467208836,-2.265642680342,
    12.618552511125));
#3803 = CARTESIAN_POINT('',(2.068979822012,-2.270654386441,
    12.654007732384));
#3804 = CARTESIAN_POINT('',(2.063917712657,-2.275252603516,
    12.689980193254));
#3805 = CARTESIAN_POINT('',(2.059232857632,-2.279487912174,
    12.726346052807));
#3806 = CARTESIAN_POINT('',(2.054889321905,-2.283397894784,
    12.763032276333));
#3807 = CARTESIAN_POINT('',(2.050856855001,-2.287013969064,12.8000006));
#3808 = PCURVE('',#1939,#3809);
#3809 = DEFINITIONAL_REPRESENTATION('',(#3810),#3819);
#3810 = B_SPLINE_CURVE_WITH_KNOTS('',7,(#3811,#3812,#3813,#3814,#3815,
    #3816,#3817,#3818),.UNSPECIFIED.,.F.,.F.,(8,8),(0.,1.),
  .PIECEWISE_BEZIER_KNOTS.);
#3811 = CARTESIAN_POINT('',(3.432159281531,-1.668189948237));
#3812 = CARTESIAN_POINT('',(3.390212275999,-1.701477488894));
#3813 = CARTESIAN_POINT('',(3.350465564327,-1.735730398029));
#3814 = CARTESIAN_POINT('',(3.312377632199,-1.770658542295));
#3815 = CARTESIAN_POINT('',(3.275656878397,-1.806093834956));
#3816 = CARTESIAN_POINT('',(3.240060592399,-1.841914161191));
#3817 = CARTESIAN_POINT('',(3.205403157383,-1.878047486418));
#3818 = CARTESIAN_POINT('',(3.171516285884,-1.914456031771));
#3819 = ( GEOMETRIC_REPRESENTATION_CONTEXT(2) 
PARAMETRIC_REPRESENTATION_CONTEXT() REPRESENTATION_CONTEXT('2D SPACE',''
  ) );
#3820 = PCURVE('',#3821,#3826);
#3821 = CYLINDRICAL_SURFACE('',#3822,3.07188);
#3822 = AXIS2_PLACEMENT_3D('',#3823,#3824,#3825);
#3823 = CARTESIAN_POINT('',(1.672306672652E-14,1.571716797605E-16,12.55)
  );
#3824 = DIRECTION('',(-0.,-0.,-1.));
#3825 = DIRECTION('',(1.,0.,0.));
#3826 = DEFINITIONAL_REPRESENTATION('',(#3827),#3836);
#3827 = B_SPLINE_CURVE_WITH_KNOTS('',7,(#3828,#3829,#3830,#3831,#3832,
    #3833,#3834,#3835),.UNSPECIFIED.,.F.,.F.,(8,8),(0.,1.),
  .PIECEWISE_BEZIER_KNOTS.);
#3828 = CARTESIAN_POINT('',(0.823869369064,6.000000354334E-07));
#3829 = CARTESIAN_POINT('',(0.826778567882,-3.378498825549E-02));
#3830 = CARTESIAN_POINT('',(0.829418242487,-6.855251112483E-02));
#3831 = CARTESIAN_POINT('',(0.831837460173,-0.104007732384));
#3832 = CARTESIAN_POINT('',(0.834063690978,-0.139980193254));
#3833 = CARTESIAN_POINT('',(0.836119594825,-0.176346052807));
#3834 = CARTESIAN_POINT('',(0.838022063162,-0.213032276333));
#3835 = CARTESIAN_POINT('',(0.839785264856,-0.2500006));
#3836 = ( GEOMETRIC_REPRESENTATION_CONTEXT(2) 
PARAMETRIC_REPRESENTATION_CONTEXT() REPRESENTATION_CONTEXT('2D SPACE',''
  ) );
#3837 = ORIENTED_EDGE('',*,*,#3838,.T.);
#3838 = EDGE_CURVE('',#3796,#3193,#3839,.T.);
#3839 = SURFACE_CURVE('',#3840,(#3845,#3874),.PCURVE_S1.);
#3840 = ELLIPSE('',#3841,0.250853449499,0.246689249021);
#3841 = AXIS2_PLACEMENT_3D('',#3842,#3843,#3844);
#3842 = CARTESIAN_POINT('',(2.299497711492,-2.299497711492,12.8));
#3843 = DIRECTION('',(0.,0.,1.));
#3844 = DIRECTION('',(0.707106781187,-0.707106781187,0.));
#3845 = PCURVE('',#1939,#3846);
#3846 = DEFINITIONAL_REPRESENTATION('',(#3847),#3873);
#3847 = B_SPLINE_CURVE_WITH_KNOTS('',3,(#3848,#3849,#3850,#3851,#3852,
    #3853,#3854,#3855,#3856,#3857,#3858,#3859,#3860,#3861,#3862,#3863,
    #3864,#3865,#3866,#3867,#3868,#3869,#3870,#3871,#3872),
  .UNSPECIFIED.,.F.,.F.,(4,1,1,1,1,1,1,1,1,1,1,1,1,1,1,1,1,1,1,1,1,1,4),
  (3.885159001604,4.029646904893,4.174134808183,4.318622711473,
    4.463110614763,4.607598518052,4.752086421342,4.896574324632,
    5.041062227922,5.185550131211,5.330038034501,5.474525937791,
    5.619013841081,5.76350174437,5.90798964766,6.05247755095,
    6.19696545424,6.341453357529,6.485941260819,6.630429164109,
    6.774917067399,6.919404970688,7.063892873978),
  .QUASI_UNIFORM_KNOTS.);
#3848 = CARTESIAN_POINT('',(3.171516835872,-1.914455440856));
#3849 = CARTESIAN_POINT('',(3.123168690138,-1.912973063457));
#3850 = CARTESIAN_POINT('',(3.026497791258,-1.909771385221));
#3851 = CARTESIAN_POINT('',(2.881576387123,-1.904371304664));
#3852 = CARTESIAN_POINT('',(2.736749462187,-1.898482685451));
#3853 = CARTESIAN_POINT('',(2.592023861382,-1.892229191119));
#3854 = CARTESIAN_POINT('',(2.447404477669,-1.885740894954));
#3855 = CARTESIAN_POINT('',(2.302893924104,-1.879153083662));
#3856 = CARTESIAN_POINT('',(2.158492551877,-1.872603032136));
#3857 = CARTESIAN_POINT('',(2.014198436433,-1.866227251316));
#3858 = CARTESIAN_POINT('',(1.870007432042,-1.860158614104));
#3859 = CARTESIAN_POINT('',(1.725913265835,-1.854523594035));
#3860 = CARTESIAN_POINT('',(1.581907675843,-1.849439627426));
#3861 = CARTESIAN_POINT('',(1.437980587677,-1.845012666495));
#3862 = CARTESIAN_POINT('',(1.294120326316,-1.841334971168));
#3863 = CARTESIAN_POINT('',(1.150313858329,-1.83848318618));
#3864 = CARTESIAN_POINT('',(1.006547059531,-1.836516744516));
#3865 = CARTESIAN_POINT('',(0.862805003172,-1.835476625955));
#3866 = CARTESIAN_POINT('',(0.719072261856,-1.835384513644));
#3867 = CARTESIAN_POINT('',(0.575333222476,-1.836242302623));
#3868 = CARTESIAN_POINT('',(0.431572390169,-1.838032208066));
#3869 = CARTESIAN_POINT('',(0.287774743704,-1.840716584582));
#3870 = CARTESIAN_POINT('',(0.143925882247,-1.844240768396));
#3871 = CARTESIAN_POINT('',(4.798389872652E-02,-1.847097947717));
#3872 = CARTESIAN_POINT('',(0.,-1.848641553043));
#3873 = ( GEOMETRIC_REPRESENTATION_CONTEXT(2) 
PARAMETRIC_REPRESENTATION_CONTEXT() REPRESENTATION_CONTEXT('2D SPACE',''
  ) );
#3874 = PCURVE('',#3238,#3875);
#3875 = DEFINITIONAL_REPRESENTATION('',(#3876),#3880);
#3876 = ELLIPSE('',#3877,0.250853449499,0.246689249021);
#3877 = AXIS2_PLACEMENT_2D('',#3878,#3879);
#3878 = CARTESIAN_POINT('',(2.299497711492,-2.299497711492));
#3879 = DIRECTION('',(0.707106781187,-0.707106781187));
#3880 = ( GEOMETRIC_REPRESENTATION_CONTEXT(2) 
PARAMETRIC_REPRESENTATION_CONTEXT() REPRESENTATION_CONTEXT('2D SPACE',''
  ) );
#3881 = ORIENTED_EDGE('',*,*,#3192,.T.);
#3882 = ORIENTED_EDGE('',*,*,#3883,.F.);
#3883 = EDGE_CURVE('',#3132,#3161,#3884,.T.);
#3884 = SURFACE_CURVE('',#3885,(#3890,#3902),.PCURVE_S1.);
#3885 = ELLIPSE('',#3886,0.203378848075,0.200002732267);
#3886 = AXIS2_PLACEMENT_3D('',#3887,#3888,#3889);
#3887 = CARTESIAN_POINT('',(2.088046071027,-2.088046071027,14.42));
#3888 = DIRECTION('',(0.,0.,1.));
#3889 = DIRECTION('',(0.707106781187,-0.707106781187,0.));
#3890 = PCURVE('',#1939,#3891);
#3891 = DEFINITIONAL_REPRESENTATION('',(#3892),#3901);
#3892 = B_SPLINE_CURVE_WITH_KNOTS('',7,(#3893,#3894,#3895,#3896,#3897,
    #3898,#3899,#3900),.UNSPECIFIED.,.F.,.F.,(8,8),(4.707161901184,
    7.063892873977),.PIECEWISE_BEZIER_KNOTS.);
#3893 = CARTESIAN_POINT('',(2.347831981382,-3.528526604689));
#3894 = CARTESIAN_POINT('',(2.011151528684,-3.516107268106));
#3895 = CARTESIAN_POINT('',(1.675162376169,-3.503663550711));
#3896 = CARTESIAN_POINT('',(1.339862443665,-3.493485814191));
#3897 = CARTESIAN_POINT('',(1.005059730525,-3.487914324958));
#3898 = CARTESIAN_POINT('',(0.670368524246,-3.488113059991));
#3899 = CARTESIAN_POINT('',(0.33542569001,-3.493386904149));
#3900 = CARTESIAN_POINT('',(-4.138911435803E-13,-3.502127532349));
#3901 = ( GEOMETRIC_REPRESENTATION_CONTEXT(2) 
PARAMETRIC_REPRESENTATION_CONTEXT() REPRESENTATION_CONTEXT('2D SPACE',''
  ) );
#3902 = PCURVE('',#3180,#3903);
#3903 = DEFINITIONAL_REPRESENTATION('',(#3904),#3908);
#3904 = ELLIPSE('',#3905,0.203378848075,0.200002732267);
#3905 = AXIS2_PLACEMENT_2D('',#3906,#3907);
#3906 = CARTESIAN_POINT('',(7.517057780002E-04,-7.517057780002E-04));
#3907 = DIRECTION('',(0.707106781187,-0.707106781187));
#3908 = ( GEOMETRIC_REPRESENTATION_CONTEXT(2) 
PARAMETRIC_REPRESENTATION_CONTEXT() REPRESENTATION_CONTEXT('2D SPACE',''
  ) );
#3909 = ADVANCED_FACE('',(#3910),#1981,.T.);
#3910 = FACE_BOUND('',#3911,.T.);
#3911 = EDGE_LOOP('',(#3912,#3913));
#3912 = ORIENTED_EDGE('',*,*,#3375,.F.);
#3913 = ORIENTED_EDGE('',*,*,#1964,.T.);
#3914 = ADVANCED_FACE('',(#3915),#1724,.T.);
#3915 = FACE_BOUND('',#3916,.T.);
#3916 = EDGE_LOOP('',(#3917,#3918,#3919,#3942,#3988,#4092,#4134,#4177,
    #4223,#4246,#4275,#4310,#4332,#4333,#4370,#4408,#4436,#4437,#4438,
    #4693,#4694,#4695));
#3917 = ORIENTED_EDGE('',*,*,#2277,.F.);
#3918 = ORIENTED_EDGE('',*,*,#1852,.T.);
#3919 = ORIENTED_EDGE('',*,*,#3920,.T.);
#3920 = EDGE_CURVE('',#1823,#3921,#3923,.T.);
#3921 = VERTEX_POINT('',#3922);
#3922 = CARTESIAN_POINT('',(-2.076085009346,-2.326908699021,12.55));
#3923 = SEAM_CURVE('',#3924,(#3928,#3935),.PCURVE_S1.);
#3924 = LINE('',#3925,#3926);
#3925 = CARTESIAN_POINT('',(-2.242361918284,-2.539842705208,
    10.911203332481));
#3926 = VECTOR('',#3927,1.);
#3927 = DIRECTION('',(0.100111543835,0.128202720574,0.986682188563));
#3928 = PCURVE('',#1724,#3929);
#3929 = DEFINITIONAL_REPRESENTATION('',(#3930),#3934);
#3930 = LINE('',#3931,#3932);
#3931 = CARTESIAN_POINT('',(0.,0.));
#3932 = VECTOR('',#3933,1.);
#3933 = DIRECTION('',(-0.,-1.));
#3934 = ( GEOMETRIC_REPRESENTATION_CONTEXT(2) 
PARAMETRIC_REPRESENTATION_CONTEXT() REPRESENTATION_CONTEXT('2D SPACE',''
  ) );
#3935 = PCURVE('',#1724,#3936);
#3936 = DEFINITIONAL_REPRESENTATION('',(#3937),#3941);
#3937 = LINE('',#3938,#3939);
#3938 = CARTESIAN_POINT('',(6.283185307179,0.));
#3939 = VECTOR('',#3940,1.);
#3940 = DIRECTION('',(-0.,-1.));
#3941 = ( GEOMETRIC_REPRESENTATION_CONTEXT(2) 
PARAMETRIC_REPRESENTATION_CONTEXT() REPRESENTATION_CONTEXT('2D SPACE',''
  ) );
#3942 = ORIENTED_EDGE('',*,*,#3943,.F.);
#3943 = EDGE_CURVE('',#3944,#3921,#3946,.T.);
#3944 = VERTEX_POINT('',#3945);
#3945 = CARTESIAN_POINT('',(-2.417391570713,-2.574955208978,12.55));
#3946 = SURFACE_CURVE('',#3947,(#3952,#3981),.PCURVE_S1.);
#3947 = ELLIPSE('',#3948,0.25817977688,0.253893958396);
#3948 = AXIS2_PLACEMENT_3D('',#3949,#3950,#3951);
#3949 = CARTESIAN_POINT('',(-2.332129137489,-2.332129137489,12.55));
#3950 = DIRECTION('',(0.,0.,1.));
#3951 = DIRECTION('',(-0.707106781187,-0.707106781187,0.));
#3952 = PCURVE('',#1724,#3953);
#3953 = DEFINITIONAL_REPRESENTATION('',(#3954),#3980);
#3954 = B_SPLINE_CURVE_WITH_KNOTS('',3,(#3955,#3956,#3957,#3958,#3959,
    #3960,#3961,#3962,#3963,#3964,#3965,#3966,#3967,#3968,#3969,#3970,
    #3971,#3972,#3973,#3974,#3975,#3976,#3977,#3978,#3979),
  .UNSPECIFIED.,.F.,.F.,(4,1,1,1,1,1,1,1,1,1,1,1,1,1,1,1,1,1,1,1,1,1,4),
  (0.454287560914,0.54128427414,0.628280987365,0.715277700591,
    0.802274413817,0.889271127043,0.976267840269,1.063264553494,
    1.15026126672,1.237257979946,1.324254693172,1.411251406397,
    1.498248119623,1.585244832849,1.672241546075,1.759238259301,
    1.846234972526,1.933231685752,2.020228398978,2.107225112204,
    2.19422182543,2.281218538655,2.368215251881),.QUASI_UNIFORM_KNOTS.);
#3955 = CARTESIAN_POINT('',(1.912557826748,-1.584662829216));
#3956 = CARTESIAN_POINT('',(1.883694897472,-1.585258547572));
#3957 = CARTESIAN_POINT('',(1.825963258453,-1.586556863243));
#3958 = CARTESIAN_POINT('',(1.739345621745,-1.588807753778));
#3959 = CARTESIAN_POINT('',(1.652704905117,-1.591345703527));
#3960 = CARTESIAN_POINT('',(1.566038434186,-1.59415133755));
#3961 = CARTESIAN_POINT('',(1.479343709431,-1.597203482895));
#3962 = CARTESIAN_POINT('',(1.392618444485,-1.600479041352));
#3963 = CARTESIAN_POINT('',(1.305860578307,-1.603953241161));
#3964 = CARTESIAN_POINT('',(1.219068292392,-1.60759980375));
#3965 = CARTESIAN_POINT('',(1.132240024505,-1.611391148021));
#3966 = CARTESIAN_POINT('',(1.045374481079,-1.615298597485));
#3967 = CARTESIAN_POINT('',(0.958470647547,-1.619292597555));
#3968 = CARTESIAN_POINT('',(0.871527796702,-1.623342938986));
#3969 = CARTESIAN_POINT('',(0.784545494936,-1.627418986387));
#3970 = CARTESIAN_POINT('',(0.697523606307,-1.63148990995));
#3971 = CARTESIAN_POINT('',(0.610462294375,-1.635524918562));
#3972 = CARTESIAN_POINT('',(0.523362021813,-1.63949349299));
#3973 = CARTESIAN_POINT('',(0.436223547544,-1.643365615611));
#3974 = CARTESIAN_POINT('',(0.349047922313,-1.647112001609));
#3975 = CARTESIAN_POINT('',(0.261836479252,-1.650704304952));
#3976 = CARTESIAN_POINT('',(0.174590832401,-1.654115390739));
#3977 = CARTESIAN_POINT('',(8.731283499583E-02,-1.657319324161));
#3978 = CARTESIAN_POINT('',(2.910739674978E-02,-1.659301357286));
#3979 = CARTESIAN_POINT('',(0.,-1.660249833072));
#3980 = ( GEOMETRIC_REPRESENTATION_CONTEXT(2) 
PARAMETRIC_REPRESENTATION_CONTEXT() REPRESENTATION_CONTEXT('2D SPACE',''
  ) );
#3981 = PCURVE('',#3783,#3982);
#3982 = DEFINITIONAL_REPRESENTATION('',(#3983),#3987);
#3983 = ELLIPSE('',#3984,0.25817977688,0.253893958396);
#3984 = AXIS2_PLACEMENT_2D('',#3985,#3986);
#3985 = CARTESIAN_POINT('',(-2.332129137489,-2.332129137489));
#3986 = DIRECTION('',(-0.707106781187,-0.707106781187));
#3987 = ( GEOMETRIC_REPRESENTATION_CONTEXT(2) 
PARAMETRIC_REPRESENTATION_CONTEXT() REPRESENTATION_CONTEXT('2D SPACE',''
  ) );
#3988 = ORIENTED_EDGE('',*,*,#3989,.F.);
#3989 = EDGE_CURVE('',#3990,#3944,#3992,.T.);
#3990 = VERTEX_POINT('',#3991);
#3991 = CARTESIAN_POINT('',(-2.574955208978,-2.417391570713,12.55));
#3992 = SURFACE_CURVE('',#3993,(#4024,#4058),.PCURVE_S1.);
#3993 = B_SPLINE_CURVE_WITH_KNOTS('',5,(#3994,#3995,#3996,#3997,#3998,
    #3999,#4000,#4001,#4002,#4003,#4004,#4005,#4006,#4007,#4008,#4009,
    #4010,#4011,#4012,#4013,#4014,#4015,#4016,#4017,#4018,#4019,#4020,
    #4021,#4022,#4023),.UNSPECIFIED.,.F.,.F.,(6,4,4,4,4,4,4,6),(0.,
    0.227377259818,0.32460749647,0.499595685765,0.619021179605,
    0.676630967803,0.773945231818,1.),.UNSPECIFIED.);
#3994 = CARTESIAN_POINT('',(-2.574955400885,-2.417391366299,12.5499994)
  );
#3995 = CARTESIAN_POINT('',(-2.569322053719,-2.423391891457,
    12.567612234253));
#3996 = CARTESIAN_POINT('',(-2.56337524395,-2.429691265953,
    12.584226952606));
#3997 = CARTESIAN_POINT('',(-2.557087191303,-2.436311823487,
    12.599646559557));
#3998 = CARTESIAN_POINT('',(-2.550440063541,-2.443262876109,
    12.613554129952));
#3999 = CARTESIAN_POINT('',(-2.540452709373,-2.453628936063,
    12.630718795625));
#4000 = CARTESIAN_POINT('',(-2.53739786687,-2.456790137895,
    12.635515197275));
#4001 = CARTESIAN_POINT('',(-2.534280972389,-2.460005498845,
    12.639936219606));
#4002 = CARTESIAN_POINT('',(-2.531105190459,-2.463271043697,
    12.643951640601));
#4003 = CARTESIAN_POINT('',(-2.522063177345,-2.472537751394,
    12.653974100722));
#4004 = CARTESIAN_POINT('',(-2.516074523813,-2.478640120422,
    12.659008691199));
#4005 = CARTESIAN_POINT('',(-2.509944919032,-2.484848004935,
    12.662458235163));
#4006 = CARTESIAN_POINT('',(-2.50372626987,-2.491105959914,
    12.664190602789));
#4007 = CARTESIAN_POINT('',(-2.493232747873,-2.501600095603,
    12.664217649182));
#4008 = CARTESIAN_POINT('',(-2.488966562238,-2.505848392325,
    12.66342924284));
#4009 = CARTESIAN_POINT('',(-2.48471240429,-2.510066510666,
    12.66184101296));
#4010 = CARTESIAN_POINT('',(-2.480489623766,-2.514235836301,
    12.659480494832));
#4011 = CARTESIAN_POINT('',(-2.474301055471,-2.520321129982,
    12.654903360335));
#4012 = CARTESIAN_POINT('',(-2.472298303178,-2.522286500384,
    12.65324459838));
#4013 = CARTESIAN_POINT('',(-2.470308414544,-2.524235367037,
    12.651421587401));
#4014 = CARTESIAN_POINT('',(-2.468332897976,-2.526166371466,
    12.649439937129));
#4015 = CARTESIAN_POINT('',(-2.463062352476,-2.531308273305,
    12.64370087233));
#4016 = CARTESIAN_POINT('',(-2.459796323578,-2.534484000756,
    12.639660606661));
#4017 = CARTESIAN_POINT('',(-2.456580746306,-2.537600589033,
    12.635215188888));
#4018 = CARTESIAN_POINT('',(-2.453419556135,-2.5406549157,
    12.630394926693));
#4019 = CARTESIAN_POINT('',(-2.443102628612,-2.550593296482,
    12.613233098576));
#4020 = CARTESIAN_POINT('',(-2.436197360386,-2.557195901051,
    12.59937973664));
#4021 = CARTESIAN_POINT('',(-2.429618654181,-2.563443791279,
    12.584035398132));
#4022 = CARTESIAN_POINT('',(-2.423357293687,-2.569354534417,
    12.567510682345));
#4023 = CARTESIAN_POINT('',(-2.417391366299,-2.574955400885,12.5499994)
  );
#4024 = PCURVE('',#1724,#4025);
#4025 = DEFINITIONAL_REPRESENTATION('',(#4026),#4057);
#4026 = B_SPLINE_CURVE_WITH_KNOTS('',5,(#4027,#4028,#4029,#4030,#4031,
    #4032,#4033,#4034,#4035,#4036,#4037,#4038,#4039,#4040,#4041,#4042,
    #4043,#4044,#4045,#4046,#4047,#4048,#4049,#4050,#4051,#4052,#4053,
    #4054,#4055,#4056),.UNSPECIFIED.,.F.,.F.,(6,4,4,4,4,4,4,6),(0.,
    0.227377259818,0.32460749647,0.499595685765,0.619021179605,
    0.676630967803,0.773945231818,1.),.UNSPECIFIED.);
#4027 = CARTESIAN_POINT('',(2.816557360757,-1.584662240772));
#4028 = CARTESIAN_POINT('',(2.78164001387,-1.601935844147));
#4029 = CARTESIAN_POINT('',(2.745355490213,-1.618229761281));
#4030 = CARTESIAN_POINT('',(2.707564614,-1.633350962724));
#4031 = CARTESIAN_POINT('',(2.668190459061,-1.646988872812));
#4032 = CARTESIAN_POINT('',(2.60978824051,-1.663820262756));
#4033 = CARTESIAN_POINT('',(2.592016855904,-1.668523466911));
#4034 = CARTESIAN_POINT('',(2.573973935183,-1.672858530342));
#4035 = CARTESIAN_POINT('',(2.555675210514,-1.676795836291));
#4036 = CARTESIAN_POINT('',(2.503797339747,-1.686623238871));
#4037 = CARTESIAN_POINT('',(2.469690029246,-1.691559737628));
#4038 = CARTESIAN_POINT('',(2.435002191708,-1.694942025345));
#4039 = CARTESIAN_POINT('',(2.399981136242,-1.696640617577));
#4040 = CARTESIAN_POINT('',(2.341070565177,-1.69666713665));
#4041 = CARTESIAN_POINT('',(2.317171329886,-1.695894101694));
#4042 = CARTESIAN_POINT('',(2.29337280778,-1.694336837534));
#4043 = CARTESIAN_POINT('',(2.269763824267,-1.692022328421));
#4044 = CARTESIAN_POINT('',(2.235160077143,-1.687534358873));
#4045 = CARTESIAN_POINT('',(2.223960884464,-1.685907904685));
#4046 = CARTESIAN_POINT('',(2.212831005725,-1.68412039268));
#4047 = CARTESIAN_POINT('',(2.201777089228,-1.682177320312));
#4048 = CARTESIAN_POINT('',(2.172269569594,-1.676549946736));
#4049 = CARTESIAN_POINT('',(2.153966931364,-1.672588277272));
#4050 = CARTESIAN_POINT('',(2.135921279439,-1.668229290054));
#4051 = CARTESIAN_POINT('',(2.118148142426,-1.663502685785));
#4052 = CARTESIAN_POINT('',(2.060015761211,-1.646674065933));
#4053 = CARTESIAN_POINT('',(2.020895983261,-1.63308930341));
#4054 = CARTESIAN_POINT('',(1.983340250666,-1.618041905345));
#4055 = CARTESIAN_POINT('',(1.947272658038,-1.601836248173));
#4056 = CARTESIAN_POINT('',(1.912556637251,-1.584662240772));
#4057 = ( GEOMETRIC_REPRESENTATION_CONTEXT(2) 
PARAMETRIC_REPRESENTATION_CONTEXT() REPRESENTATION_CONTEXT('2D SPACE',''
  ) );
#4058 = PCURVE('',#3714,#4059);
#4059 = DEFINITIONAL_REPRESENTATION('',(#4060),#4091);
#4060 = B_SPLINE_CURVE_WITH_KNOTS('',5,(#4061,#4062,#4063,#4064,#4065,
    #4066,#4067,#4068,#4069,#4070,#4071,#4072,#4073,#4074,#4075,#4076,
    #4077,#4078,#4079,#4080,#4081,#4082,#4083,#4084,#4085,#4086,#4087,
    #4088,#4089,#4090),.UNSPECIFIED.,.F.,.F.,(6,4,4,4,4,4,4,6),(0.,
    0.227377259818,0.32460749647,0.499595685765,0.619021179605,
    0.676630967803,0.773945231818,1.),.UNSPECIFIED.);
#4061 = CARTESIAN_POINT('',(2.387745132897,6.000000514206E-07));
#4062 = CARTESIAN_POINT('',(2.385414791503,-1.761223425336E-02));
#4063 = CARTESIAN_POINT('',(2.382962014264,-3.422695260638E-02));
#4064 = CARTESIAN_POINT('',(2.380376781427,-4.964655955746E-02));
#4065 = CARTESIAN_POINT('',(2.377653670963,-6.355412995213E-02));
#4066 = CARTESIAN_POINT('',(2.373578071508,-8.071879562481E-02));
#4067 = CARTESIAN_POINT('',(2.372333395719,-8.551519727539E-02));
#4068 = CARTESIAN_POINT('',(2.371065483279,-8.993621960609E-02));
#4069 = CARTESIAN_POINT('',(2.369775761722,-9.395164060086E-02));
#4070 = CARTESIAN_POINT('',(2.366109953271,-0.103974100722));
#4071 = CARTESIAN_POINT('',(2.363689149822,-0.109008691199));
#4072 = CARTESIAN_POINT('',(2.361219065967,-0.112458235163));
#4073 = CARTESIAN_POINT('',(2.358721163453,-0.114190602789));
#4074 = CARTESIAN_POINT('',(2.354519289358,-0.114217649182));
#4075 = CARTESIAN_POINT('',(2.352814631267,-0.11342924284));
#4076 = CARTESIAN_POINT('',(2.35111841288,-0.11184101296));
#4077 = CARTESIAN_POINT('',(2.349438224659,-0.109480494832));
#4078 = CARTESIAN_POINT('',(2.346980825694,-0.104903360335));
#4079 = CARTESIAN_POINT('',(2.346186345263,-0.10324459838));
#4080 = CARTESIAN_POINT('',(2.34539773698,-0.101421587401));
#4081 = CARTESIAN_POINT('',(2.344615574076,-9.943993712943E-02));
#4082 = CARTESIAN_POINT('',(2.342530771074,-9.37008723303E-02));
#4083 = CARTESIAN_POINT('',(2.341240962017,-8.966060666136E-02));
#4084 = CARTESIAN_POINT('',(2.339973065939,-8.521518888845E-02));
#4085 = CARTESIAN_POINT('',(2.338728494011,-8.039492669323E-02));
#4086 = CARTESIAN_POINT('',(2.334672533198,-6.323309857611E-02));
#4087 = CARTESIAN_POINT('',(2.331967503668,-4.937973664049E-02));
#4088 = CARTESIAN_POINT('',(2.329398693486,-3.403539813181E-02));
#4089 = CARTESIAN_POINT('',(2.326960752622,-1.751068234491E-02));
#4090 = CARTESIAN_POINT('',(2.324643847488,6.000000000034E-07));
#4091 = ( GEOMETRIC_REPRESENTATION_CONTEXT(2) 
PARAMETRIC_REPRESENTATION_CONTEXT() REPRESENTATION_CONTEXT('2D SPACE',''
  ) );
#4092 = ORIENTED_EDGE('',*,*,#4093,.F.);
#4093 = EDGE_CURVE('',#4094,#3990,#4096,.T.);
#4094 = VERTEX_POINT('',#4095);
#4095 = CARTESIAN_POINT('',(-2.25408456877,-2.086995326117,12.55));
#4096 = SURFACE_CURVE('',#4097,(#4102,#4122),.PCURVE_S1.);
#4097 = ELLIPSE('',#4098,0.25817977688,0.253893958396);
#4098 = AXIS2_PLACEMENT_3D('',#4099,#4100,#4101);
#4099 = CARTESIAN_POINT('',(-2.332129137489,-2.332129137489,12.55));
#4100 = DIRECTION('',(0.,0.,1.));
#4101 = DIRECTION('',(-0.707106781187,-0.707106781187,0.));
#4102 = PCURVE('',#1724,#4103);
#4103 = DEFINITIONAL_REPRESENTATION('',(#4104),#4121);
#4104 = B_SPLINE_CURVE_WITH_KNOTS('',8,(#4105,#4106,#4107,#4108,#4109,
    #4110,#4111,#4112,#4113,#4114,#4115,#4116,#4117,#4118,#4119,#4120),
  .UNSPECIFIED.,.F.,.F.,(9,7,9),(3.625624351613,5.50980790343,
    5.828897746266),.UNSPECIFIED.);
#4105 = CARTESIAN_POINT('',(5.019679901886,-1.668190477977));
#4106 = CARTESIAN_POINT('',(4.783065452886,-1.663058043234));
#4107 = CARTESIAN_POINT('',(4.546606653363,-1.655298023884));
#4108 = CARTESIAN_POINT('',(4.310396222606,-1.645344259621));
#4109 = CARTESIAN_POINT('',(4.074507918986,-1.633941272335));
#4110 = CARTESIAN_POINT('',(3.838979789257,-1.622067273297));
#4111 = CARTESIAN_POINT('',(3.603803809862,-1.610766909927));
#4112 = CARTESIAN_POINT('',(3.368931915591,-1.600937757532));
#4113 = CARTESIAN_POINT('',(3.094552745495,-1.59192851255));
#4114 = CARTESIAN_POINT('',(3.054822276372,-1.59068467909));
#4115 = CARTESIAN_POINT('',(3.015098035264,-1.589504934025));
#4116 = CARTESIAN_POINT('',(2.975379638333,-1.588392229593));
#4117 = CARTESIAN_POINT('',(2.935666682025,-1.587349297756));
#4118 = CARTESIAN_POINT('',(2.895958744932,-1.58637863475));
#4119 = CARTESIAN_POINT('',(2.856255389861,-1.585482488034));
#4120 = CARTESIAN_POINT('',(2.81655616602,-1.584662845715));
#4121 = ( GEOMETRIC_REPRESENTATION_CONTEXT(2) 
PARAMETRIC_REPRESENTATION_CONTEXT() REPRESENTATION_CONTEXT('2D SPACE',''
  ) );
#4122 = PCURVE('',#4123,#4128);
#4123 = PLANE('',#4124);
#4124 = AXIS2_PLACEMENT_3D('',#4125,#4126,#4127);
#4125 = CARTESIAN_POINT('',(-1.935853047866E-16,4.365790631274E-16,12.55
    ));
#4126 = DIRECTION('',(0.,0.,1.));
#4127 = DIRECTION('',(1.,0.,-0.));
#4128 = DEFINITIONAL_REPRESENTATION('',(#4129),#4133);
#4129 = ELLIPSE('',#4130,0.25817977688,0.253893958396);
#4130 = AXIS2_PLACEMENT_2D('',#4131,#4132);
#4131 = CARTESIAN_POINT('',(-2.332129137489,-2.332129137489));
#4132 = DIRECTION('',(-0.707106781187,-0.707106781187));
#4133 = ( GEOMETRIC_REPRESENTATION_CONTEXT(2) 
PARAMETRIC_REPRESENTATION_CONTEXT() REPRESENTATION_CONTEXT('2D SPACE',''
  ) );
#4134 = ORIENTED_EDGE('',*,*,#4135,.T.);
#4135 = EDGE_CURVE('',#4094,#4136,#4138,.T.);
#4136 = VERTEX_POINT('',#4137);
#4137 = CARTESIAN_POINT('',(-2.287013910375,-2.050856920449,12.8));
#4138 = SURFACE_CURVE('',#4139,(#4148,#4160),.PCURVE_S1.);
#4139 = B_SPLINE_CURVE_WITH_KNOTS('',7,(#4140,#4141,#4142,#4143,#4144,
    #4145,#4146,#4147),.UNSPECIFIED.,.F.,.F.,(8,8),(0.,1.),
  .PIECEWISE_BEZIER_KNOTS.);
#4140 = CARTESIAN_POINT('',(-2.254084460946,-2.086995442573,12.5499994)
  );
#4141 = CARTESIAN_POINT('',(-2.260155945621,-2.080437862724,
    12.583784988256));
#4142 = CARTESIAN_POINT('',(-2.265642680342,-2.074467208836,
    12.618552511125));
#4143 = CARTESIAN_POINT('',(-2.270654386441,-2.068979822012,
    12.654007732384));
#4144 = CARTESIAN_POINT('',(-2.275252603516,-2.063917712657,
    12.689980193254));
#4145 = CARTESIAN_POINT('',(-2.279487912174,-2.059232857632,
    12.726346052807));
#4146 = CARTESIAN_POINT('',(-2.283397894784,-2.054889321905,
    12.763032276333));
#4147 = CARTESIAN_POINT('',(-2.287013969064,-2.050856855001,12.8000006)
  );
#4148 = PCURVE('',#1724,#4149);
#4149 = DEFINITIONAL_REPRESENTATION('',(#4150),#4159);
#4150 = B_SPLINE_CURVE_WITH_KNOTS('',7,(#4151,#4152,#4153,#4154,#4155,
    #4156,#4157,#4158),.UNSPECIFIED.,.F.,.F.,(8,8),(0.,1.),
  .PIECEWISE_BEZIER_KNOTS.);
#4151 = CARTESIAN_POINT('',(5.019680625949,-1.668189948238));
#4152 = CARTESIAN_POINT('',(4.977733620417,-1.701477488894));
#4153 = CARTESIAN_POINT('',(4.937986908745,-1.735730398029));
#4154 = CARTESIAN_POINT('',(4.899898976617,-1.770658542295));
#4155 = CARTESIAN_POINT('',(4.863178222815,-1.806093834955));
#4156 = CARTESIAN_POINT('',(4.827581936817,-1.841914161191));
#4157 = CARTESIAN_POINT('',(4.792924501801,-1.878047486418));
#4158 = CARTESIAN_POINT('',(4.759037630302,-1.914456031771));
#4159 = ( GEOMETRIC_REPRESENTATION_CONTEXT(2) 
PARAMETRIC_REPRESENTATION_CONTEXT() REPRESENTATION_CONTEXT('2D SPACE',''
  ) );
#4160 = PCURVE('',#4161,#4166);
#4161 = CYLINDRICAL_SURFACE('',#4162,3.07188);
#4162 = AXIS2_PLACEMENT_3D('',#4163,#4164,#4165);
#4163 = CARTESIAN_POINT('',(1.672306672652E-14,1.571716797605E-16,12.55)
  );
#4164 = DIRECTION('',(-0.,-0.,-1.));
#4165 = DIRECTION('',(1.,0.,0.));
#4166 = DEFINITIONAL_REPRESENTATION('',(#4167),#4176);
#4167 = B_SPLINE_CURVE_WITH_KNOTS('',7,(#4168,#4169,#4170,#4171,#4172,
    #4173,#4174,#4175),.UNSPECIFIED.,.F.,.F.,(8,8),(0.,1.),
  .PIECEWISE_BEZIER_KNOTS.);
#4168 = CARTESIAN_POINT('',(2.394665695859,5.999999999062E-07));
#4169 = CARTESIAN_POINT('',(2.397574894677,-3.378498825553E-02));
#4170 = CARTESIAN_POINT('',(2.400214569282,-6.855251112478E-02));
#4171 = CARTESIAN_POINT('',(2.402633786968,-0.104007732385));
#4172 = CARTESIAN_POINT('',(2.404860017773,-0.139980193254));
#4173 = CARTESIAN_POINT('',(2.406915921619,-0.176346052807));
#4174 = CARTESIAN_POINT('',(2.408818389957,-0.213032276333));
#4175 = CARTESIAN_POINT('',(2.41058159165,-0.2500006));
#4176 = ( GEOMETRIC_REPRESENTATION_CONTEXT(2) 
PARAMETRIC_REPRESENTATION_CONTEXT() REPRESENTATION_CONTEXT('2D SPACE',''
  ) );
#4177 = ORIENTED_EDGE('',*,*,#4178,.T.);
#4178 = EDGE_CURVE('',#4136,#4179,#4181,.T.);
#4179 = VERTEX_POINT('',#4180);
#4180 = CARTESIAN_POINT('',(-2.050719307757,-2.294425412594,12.8));
#4181 = SURFACE_CURVE('',#4182,(#4187,#4216),.PCURVE_S1.);
#4182 = ELLIPSE('',#4183,0.250853449499,0.246689249021);
#4183 = AXIS2_PLACEMENT_3D('',#4184,#4185,#4186);
#4184 = CARTESIAN_POINT('',(-2.299497711492,-2.299497711492,12.8));
#4185 = DIRECTION('',(0.,0.,1.));
#4186 = DIRECTION('',(-0.707106781187,-0.707106781187,0.));
#4187 = PCURVE('',#1724,#4188);
#4188 = DEFINITIONAL_REPRESENTATION('',(#4189),#4215);
#4189 = B_SPLINE_CURVE_WITH_KNOTS('',3,(#4190,#4191,#4192,#4193,#4194,
    #4195,#4196,#4197,#4198,#4199,#4200,#4201,#4202,#4203,#4204,#4205,
    #4206,#4207,#4208,#4209,#4210,#4211,#4212,#4213,#4214),
  .UNSPECIFIED.,.F.,.F.,(4,1,1,1,1,1,1,1,1,1,1,1,1,1,1,1,1,1,1,1,1,1,4),
  (3.885159001604,4.101806345125,4.318453688646,4.535101032167,
    4.751748375688,4.968395719209,5.18504306273,5.401690406251,
    5.618337749772,5.834985093293,6.051632436814,6.268279780335,
    6.484927123856,6.701574467377,6.918221810898,7.134869154419,
    7.35151649794,7.568163841461,7.784811184982,8.001458528503,
    8.218105872024,8.434753215545,8.651400559066),
  .QUASI_UNIFORM_KNOTS.);
#4190 = CARTESIAN_POINT('',(4.759038180289,-1.914455440856));
#4191 = CARTESIAN_POINT('',(4.686543648973,-1.912235702896));
#4192 = CARTESIAN_POINT('',(4.541613457572,-1.907254834993));
#4193 = CARTESIAN_POINT('',(4.324418892044,-1.89856667572));
#4194 = CARTESIAN_POINT('',(4.107453299406,-1.88905230967));
#4195 = CARTESIAN_POINT('',(3.890730428947,-1.879160725109));
#4196 = CARTESIAN_POINT('',(3.674253604615,-1.869353264998));
#4197 = CARTESIAN_POINT('',(3.458014399523,-1.860088754367));
#4198 = CARTESIAN_POINT('',(3.241993437487,-1.851800254673));
#4199 = CARTESIAN_POINT('',(3.026161266016,-1.844875297751));
#4200 = CARTESIAN_POINT('',(2.810479786843,-1.839637638806));
#4201 = CARTESIAN_POINT('',(2.594904028004,-1.836332154474));
#4202 = CARTESIAN_POINT('',(2.379384213837,-1.8351133849));
#4203 = CARTESIAN_POINT('',(2.163868032174,-1.836038311085));
#4204 = CARTESIAN_POINT('',(1.948303006294,-1.839063690026));
#4205 = CARTESIAN_POINT('',(1.732638873619,-1.844048077263));
#4206 = CARTESIAN_POINT('',(1.516829872952,-1.850758437388));
#4207 = CARTESIAN_POINT('',(1.300836847449,-1.858881047919));
#4208 = CARTESIAN_POINT('',(1.084629061549,-1.868036133823));
#4209 = CARTESIAN_POINT('',(0.868185687654,-1.877795745731));
#4210 = CARTESIAN_POINT('',(0.651496742212,-1.887703309915));
#4211 = CARTESIAN_POINT('',(0.434563964247,-1.897296683075));
#4212 = CARTESIAN_POINT('',(0.217399542789,-1.906123381875));
#4213 = CARTESIAN_POINT('',(7.248674710838E-02,-1.91123148521));
#4214 = CARTESIAN_POINT('',(0.,-1.913522534008));
#4215 = ( GEOMETRIC_REPRESENTATION_CONTEXT(2) 
PARAMETRIC_REPRESENTATION_CONTEXT() REPRESENTATION_CONTEXT('2D SPACE',''
  ) );
#4216 = PCURVE('',#3238,#4217);
#4217 = DEFINITIONAL_REPRESENTATION('',(#4218),#4222);
#4218 = ELLIPSE('',#4219,0.250853449499,0.246689249021);
#4219 = AXIS2_PLACEMENT_2D('',#4220,#4221);
#4220 = CARTESIAN_POINT('',(-2.299497711492,-2.299497711492));
#4221 = DIRECTION('',(-0.707106781187,-0.707106781187));
#4222 = ( GEOMETRIC_REPRESENTATION_CONTEXT(2) 
PARAMETRIC_REPRESENTATION_CONTEXT() REPRESENTATION_CONTEXT('2D SPACE',''
  ) );
#4223 = ORIENTED_EDGE('',*,*,#4224,.T.);
#4224 = EDGE_CURVE('',#4179,#4225,#4227,.T.);
#4225 = VERTEX_POINT('',#4226);
#4226 = CARTESIAN_POINT('',(-1.888973840632,-2.087294365249,
    14.394135554987));
#4227 = SEAM_CURVE('',#4228,(#4232,#4239),.PCURVE_S1.);
#4228 = LINE('',#4229,#4230);
#4229 = CARTESIAN_POINT('',(-2.242361918284,-2.539842705208,
    10.911203332481));
#4230 = VECTOR('',#4231,1.);
#4231 = DIRECTION('',(0.100111543835,0.128202720574,0.986682188563));
#4232 = PCURVE('',#1724,#4233);
#4233 = DEFINITIONAL_REPRESENTATION('',(#4234),#4238);
#4234 = LINE('',#4235,#4236);
#4235 = CARTESIAN_POINT('',(0.,0.));
#4236 = VECTOR('',#4237,1.);
#4237 = DIRECTION('',(-0.,-1.));
#4238 = ( GEOMETRIC_REPRESENTATION_CONTEXT(2) 
PARAMETRIC_REPRESENTATION_CONTEXT() REPRESENTATION_CONTEXT('2D SPACE',''
  ) );
#4239 = PCURVE('',#1724,#4240);
#4240 = DEFINITIONAL_REPRESENTATION('',(#4241),#4245);
#4241 = LINE('',#4242,#4243);
#4242 = CARTESIAN_POINT('',(6.283185307179,0.));
#4243 = VECTOR('',#4244,1.);
#4244 = DIRECTION('',(-0.,-1.));
#4245 = ( GEOMETRIC_REPRESENTATION_CONTEXT(2) 
PARAMETRIC_REPRESENTATION_CONTEXT() REPRESENTATION_CONTEXT('2D SPACE',''
  ) );
#4246 = ORIENTED_EDGE('',*,*,#4247,.F.);
#4247 = EDGE_CURVE('',#4248,#4225,#4250,.T.);
#4248 = VERTEX_POINT('',#4249);
#4249 = CARTESIAN_POINT('',(-1.945873009012,-2.228715721486,14.42));
#4250 = SURFACE_CURVE('',#4251,(#4256,#4263),.PCURVE_S1.);
#4251 = CIRCLE('',#4252,0.2);
#4252 = AXIS2_PLACEMENT_3D('',#4253,#4254,#4255);
#4253 = CARTESIAN_POINT('',(-2.087294365249,-2.087294365249,14.42));
#4254 = DIRECTION('',(0.128254195209,0.128254195209,0.983413302138));
#4255 = DIRECTION('',(0.991602623083,4.640385298238E-14,-0.129322225065)
  );
#4256 = PCURVE('',#1724,#4257);
#4257 = DEFINITIONAL_REPRESENTATION('',(#4258),#4262);
#4258 = LINE('',#4259,#4260);
#4259 = CARTESIAN_POINT('',(6.28318530718,-3.528526604689));
#4260 = VECTOR('',#4261,1.);
#4261 = DIRECTION('',(-1.,-0.));
#4262 = ( GEOMETRIC_REPRESENTATION_CONTEXT(2) 
PARAMETRIC_REPRESENTATION_CONTEXT() REPRESENTATION_CONTEXT('2D SPACE',''
  ) );
#4263 = PCURVE('',#4264,#4269);
#4264 = PLANE('',#4265);
#4265 = AXIS2_PLACEMENT_3D('',#4266,#4267,#4268);
#4266 = CARTESIAN_POINT('',(-2.087294365249,-2.087294365249,14.42));
#4267 = DIRECTION('',(0.128254195209,0.128254195209,0.983413302138));
#4268 = DIRECTION('',(0.991602623083,4.640038353543E-14,-0.129322225065)
  );
#4269 = DEFINITIONAL_REPRESENTATION('',(#4270),#4274);
#4270 = CIRCLE('',#4271,0.2);
#4271 = AXIS2_PLACEMENT_2D('',#4272,#4273);
#4272 = CARTESIAN_POINT('',(0.,0.));
#4273 = DIRECTION('',(1.,6.938893903907E-18));
#4274 = ( GEOMETRIC_REPRESENTATION_CONTEXT(2) 
PARAMETRIC_REPRESENTATION_CONTEXT() REPRESENTATION_CONTEXT('2D SPACE',''
  ) );
#4275 = ORIENTED_EDGE('',*,*,#4276,.F.);
#4276 = EDGE_CURVE('',#4277,#4248,#4279,.T.);
#4277 = VERTEX_POINT('',#4278);
#4278 = CARTESIAN_POINT('',(-2.228715721486,-1.945873009012,14.42));
#4279 = SURFACE_CURVE('',#4280,(#4285,#4298),.PCURVE_S1.);
#4280 = ELLIPSE('',#4281,0.203378848075,0.200002732267);
#4281 = AXIS2_PLACEMENT_3D('',#4282,#4283,#4284);
#4282 = CARTESIAN_POINT('',(-2.088046071027,-2.088046071027,14.42));
#4283 = DIRECTION('',(0.,0.,1.));
#4284 = DIRECTION('',(-0.707106781187,-0.707106781187,0.));
#4285 = PCURVE('',#1724,#4286);
#4286 = DEFINITIONAL_REPRESENTATION('',(#4287),#4297);
#4287 = B_SPLINE_CURVE_WITH_KNOTS('',8,(#4288,#4289,#4290,#4291,#4292,
    #4293,#4294,#4295,#4296),.UNSPECIFIED.,.F.,.F.,(9,9),(4.707161901184
    ,7.859208713175),.PIECEWISE_BEZIER_KNOTS.);
#4288 = CARTESIAN_POINT('',(3.935353325799,-3.528526604689));
#4289 = CARTESIAN_POINT('',(3.541342091655,-3.513992472709));
#4290 = CARTESIAN_POINT('',(3.148258337377,-3.499424011876));
#4291 = CARTESIAN_POINT('',(2.756098768208,-3.488260774449));
#4292 = CARTESIAN_POINT('',(2.364556998993,-3.483944011695));
#4293 = CARTESIAN_POINT('',(1.973015229838,-3.48826077446));
#4294 = CARTESIAN_POINT('',(1.580855660628,-3.499424011875));
#4295 = CARTESIAN_POINT('',(1.187771906353,-3.513992472709));
#4296 = CARTESIAN_POINT('',(0.793760672209,-3.528526604689));
#4297 = ( GEOMETRIC_REPRESENTATION_CONTEXT(2) 
PARAMETRIC_REPRESENTATION_CONTEXT() REPRESENTATION_CONTEXT('2D SPACE',''
  ) );
#4298 = PCURVE('',#4299,#4304);
#4299 = PLANE('',#4300);
#4300 = AXIS2_PLACEMENT_3D('',#4301,#4302,#4303);
#4301 = CARTESIAN_POINT('',(-2.087294365249,-2.087294365249,14.42));
#4302 = DIRECTION('',(0.,0.,1.));
#4303 = DIRECTION('',(1.,0.,-0.));
#4304 = DEFINITIONAL_REPRESENTATION('',(#4305),#4309);
#4305 = ELLIPSE('',#4306,0.203378848075,0.200002732267);
#4306 = AXIS2_PLACEMENT_2D('',#4307,#4308);
#4307 = CARTESIAN_POINT('',(-7.517057780002E-04,-7.517057780002E-04));
#4308 = DIRECTION('',(-0.707106781187,-0.707106781187));
#4309 = ( GEOMETRIC_REPRESENTATION_CONTEXT(2) 
PARAMETRIC_REPRESENTATION_CONTEXT() REPRESENTATION_CONTEXT('2D SPACE',''
  ) );
#4310 = ORIENTED_EDGE('',*,*,#4311,.F.);
#4311 = EDGE_CURVE('',#4225,#4277,#4312,.T.);
#4312 = SURFACE_CURVE('',#4313,(#4318,#4325),.PCURVE_S1.);
#4313 = CIRCLE('',#4314,0.2);
#4314 = AXIS2_PLACEMENT_3D('',#4315,#4316,#4317);
#4315 = CARTESIAN_POINT('',(-2.087294365249,-2.087294365249,14.42));
#4316 = DIRECTION('',(0.128254195209,0.128254195209,0.983413302138));
#4317 = DIRECTION('',(0.991602623083,4.640385298238E-14,-0.129322225065)
  );
#4318 = PCURVE('',#1724,#4319);
#4319 = DEFINITIONAL_REPRESENTATION('',(#4320),#4324);
#4320 = LINE('',#4321,#4322);
#4321 = CARTESIAN_POINT('',(6.28318530718,-3.528526604689));
#4322 = VECTOR('',#4323,1.);
#4323 = DIRECTION('',(-1.,-0.));
#4324 = ( GEOMETRIC_REPRESENTATION_CONTEXT(2) 
PARAMETRIC_REPRESENTATION_CONTEXT() REPRESENTATION_CONTEXT('2D SPACE',''
  ) );
#4325 = PCURVE('',#4264,#4326);
#4326 = DEFINITIONAL_REPRESENTATION('',(#4327),#4331);
#4327 = CIRCLE('',#4328,0.2);
#4328 = AXIS2_PLACEMENT_2D('',#4329,#4330);
#4329 = CARTESIAN_POINT('',(0.,0.));
#4330 = DIRECTION('',(1.,6.938893903907E-18));
#4331 = ( GEOMETRIC_REPRESENTATION_CONTEXT(2) 
PARAMETRIC_REPRESENTATION_CONTEXT() REPRESENTATION_CONTEXT('2D SPACE',''
  ) );
#4332 = ORIENTED_EDGE('',*,*,#4224,.F.);
#4333 = ORIENTED_EDGE('',*,*,#4334,.T.);
#4334 = EDGE_CURVE('',#4179,#4335,#4337,.T.);
#4335 = VERTEX_POINT('',#4336);
#4336 = CARTESIAN_POINT('',(-2.050856920449,-2.287013910375,12.8));
#4337 = SURFACE_CURVE('',#4338,(#4343,#4363),.PCURVE_S1.);
#4338 = ELLIPSE('',#4339,0.250853449499,0.246689249021);
#4339 = AXIS2_PLACEMENT_3D('',#4340,#4341,#4342);
#4340 = CARTESIAN_POINT('',(-2.299497711492,-2.299497711492,12.8));
#4341 = DIRECTION('',(0.,0.,1.));
#4342 = DIRECTION('',(-0.707106781187,-0.707106781187,0.));
#4343 = PCURVE('',#1724,#4344);
#4344 = DEFINITIONAL_REPRESENTATION('',(#4345),#4362);
#4345 = B_SPLINE_CURVE_WITH_KNOTS('',8,(#4346,#4347,#4348,#4349,#4350,
    #4351,#4352,#4353,#4354,#4355,#4356,#4357,#4358,#4359,#4360,#4361),
  .UNSPECIFIED.,.F.,.F.,(9,7,9),(2.368215251884,5.509807905473,
    8.651400559063),.UNSPECIFIED.);
#4346 = CARTESIAN_POINT('',(6.28318530718,-1.913522534009));
#4347 = CARTESIAN_POINT('',(5.889017304123,-1.926004061237));
#4348 = CARTESIAN_POINT('',(5.494200801373,-1.932746690399));
#4349 = CARTESIAN_POINT('',(5.099082357076,-1.930825064554));
#4350 = CARTESIAN_POINT('',(4.704219218256,-1.919163019049));
#4351 = CARTESIAN_POINT('',(4.310241904781,-1.900126511526));
#4352 = CARTESIAN_POINT('',(3.917389453034,-1.879109850434));
#4353 = CARTESIAN_POINT('',(3.525520223321,-1.860889226098));
#4354 = CARTESIAN_POINT('',(2.743059386929,-1.835926171642));
#4355 = CARTESIAN_POINT('',(2.35246780936,-1.829183542477));
#4356 = CARTESIAN_POINT('',(1.962169127264,-1.831105168323));
#4357 = CARTESIAN_POINT('',(1.571616816742,-1.842767213817));
#4358 = CARTESIAN_POINT('',(1.180214362615,-1.86180372135));
#4359 = CARTESIAN_POINT('',(0.787687527442,-1.882820382443));
#4360 = CARTESIAN_POINT('',(0.394168003058,-1.901041006781));
#4361 = CARTESIAN_POINT('',(-4.138911435803E-13,-1.913522534009));
#4362 = ( GEOMETRIC_REPRESENTATION_CONTEXT(2) 
PARAMETRIC_REPRESENTATION_CONTEXT() REPRESENTATION_CONTEXT('2D SPACE',''
  ) );
#4363 = PCURVE('',#3238,#4364);
#4364 = DEFINITIONAL_REPRESENTATION('',(#4365),#4369);
#4365 = ELLIPSE('',#4366,0.250853449499,0.246689249021);
#4366 = AXIS2_PLACEMENT_2D('',#4367,#4368);
#4367 = CARTESIAN_POINT('',(-2.299497711492,-2.299497711492));
#4368 = DIRECTION('',(-0.707106781187,-0.707106781187));
#4369 = ( GEOMETRIC_REPRESENTATION_CONTEXT(2) 
PARAMETRIC_REPRESENTATION_CONTEXT() REPRESENTATION_CONTEXT('2D SPACE',''
  ) );
#4370 = ORIENTED_EDGE('',*,*,#4371,.T.);
#4371 = EDGE_CURVE('',#4335,#4372,#4374,.T.);
#4372 = VERTEX_POINT('',#4373);
#4373 = CARTESIAN_POINT('',(-2.086995326117,-2.25408456877,12.55));
#4374 = SURFACE_CURVE('',#4375,(#4384,#4396),.PCURVE_S1.);
#4375 = B_SPLINE_CURVE_WITH_KNOTS('',7,(#4376,#4377,#4378,#4379,#4380,
    #4381,#4382,#4383),.UNSPECIFIED.,.F.,.F.,(8,8),(0.,1.),
  .PIECEWISE_BEZIER_KNOTS.);
#4376 = CARTESIAN_POINT('',(-2.050856855001,-2.287013969064,12.8000006)
  );
#4377 = CARTESIAN_POINT('',(-2.054889293552,-2.283397920209,
    12.763032536267));
#4378 = CARTESIAN_POINT('',(-2.05923284859,-2.279487920312,
    12.726346106071));
#4379 = CARTESIAN_POINT('',(-2.063917731976,-2.275252586749,
    12.689979978457));
#4380 = CARTESIAN_POINT('',(-2.0689798655,-2.270654346367,
    12.654007477381));
#4381 = CARTESIAN_POINT('',(-2.074467230459,-2.265642660251,
    12.618552412866));
#4382 = CARTESIAN_POINT('',(-2.080437841497,-2.260155965274,
    12.583785097618));
#4383 = CARTESIAN_POINT('',(-2.086995442573,-2.254084460946,12.5499994)
  );
#4384 = PCURVE('',#1724,#4385);
#4385 = DEFINITIONAL_REPRESENTATION('',(#4386),#4395);
#4386 = B_SPLINE_CURVE_WITH_KNOTS('',7,(#4387,#4388,#4389,#4390,#4391,
    #4392,#4393,#4394),.UNSPECIFIED.,.F.,.F.,(8,8),(0.,1.),
  .PIECEWISE_BEZIER_KNOTS.);
#4387 = CARTESIAN_POINT('',(6.253261674886,-1.914456031771));
#4388 = CARTESIAN_POINT('',(6.219375041654,-1.878047742416));
#4389 = CARTESIAN_POINT('',(6.184717421967,-1.841914213687));
#4390 = CARTESIAN_POINT('',(6.149120914076,-1.806093623394));
#4391 = CARTESIAN_POINT('',(6.112400030663,-1.770658291083));
#4392 = CARTESIAN_POINT('',(6.074312266724,-1.735730301204));
#4393 = CARTESIAN_POINT('',(6.034565820552,-1.701477596644));
#4394 = CARTESIAN_POINT('',(5.992618679239,-1.668189948238));
#4395 = ( GEOMETRIC_REPRESENTATION_CONTEXT(2) 
PARAMETRIC_REPRESENTATION_CONTEXT() REPRESENTATION_CONTEXT('2D SPACE',''
  ) );
#4396 = PCURVE('',#3821,#4397);
#4397 = DEFINITIONAL_REPRESENTATION('',(#4398),#4407);
#4398 = B_SPLINE_CURVE_WITH_KNOTS('',7,(#4399,#4400,#4401,#4402,#4403,
    #4404,#4405,#4406),.UNSPECIFIED.,.F.,.F.,(8,8),(0.,1.),
  .PIECEWISE_BEZIER_KNOTS.);
#4399 = CARTESIAN_POINT('',(2.301807388735,-0.2500006));
#4400 = CARTESIAN_POINT('',(2.303570578031,-0.213032536267));
#4401 = CARTESIAN_POINT('',(2.305473054807,-0.176346106071));
#4402 = CARTESIAN_POINT('',(2.307528970934,-0.139979978457));
#4403 = CARTESIAN_POINT('',(2.309755212671,-0.104007477381));
#4404 = CARTESIAN_POINT('',(2.312174420711,-6.855241286572E-02));
#4405 = CARTESIAN_POINT('',(2.314814076292,-3.378509761793E-02));
#4406 = CARTESIAN_POINT('',(2.317723284527,6.000000000173E-07));
#4407 = ( GEOMETRIC_REPRESENTATION_CONTEXT(2) 
PARAMETRIC_REPRESENTATION_CONTEXT() REPRESENTATION_CONTEXT('2D SPACE',''
  ) );
#4408 = ORIENTED_EDGE('',*,*,#4409,.F.);
#4409 = EDGE_CURVE('',#3921,#4372,#4410,.T.);
#4410 = SURFACE_CURVE('',#4411,(#4416,#4429),.PCURVE_S1.);
#4411 = ELLIPSE('',#4412,0.25817977688,0.253893958396);
#4412 = AXIS2_PLACEMENT_3D('',#4413,#4414,#4415);
#4413 = CARTESIAN_POINT('',(-2.332129137489,-2.332129137489,12.55));
#4414 = DIRECTION('',(0.,0.,1.));
#4415 = DIRECTION('',(-0.707106781187,-0.707106781187,0.));
#4416 = PCURVE('',#1724,#4417);
#4417 = DEFINITIONAL_REPRESENTATION('',(#4418),#4428);
#4418 = B_SPLINE_CURVE_WITH_KNOTS('',8,(#4419,#4420,#4421,#4422,#4423,
    #4424,#4425,#4426,#4427),.UNSPECIFIED.,.F.,.F.,(9,9),(2.368215251881
    ,2.657560955566),.PIECEWISE_BEZIER_KNOTS.);
#4419 = CARTESIAN_POINT('',(6.28318530718,-1.660249833072));
#4420 = CARTESIAN_POINT('',(6.246881803589,-1.661432975545));
#4421 = CARTESIAN_POINT('',(6.210572798968,-1.662566014872));
#4422 = CARTESIAN_POINT('',(6.174258564071,-1.663646598807));
#4423 = CARTESIAN_POINT('',(6.137939384814,-1.664672512053));
#4424 = CARTESIAN_POINT('',(6.101615561364,-1.665641687125));
#4425 = CARTESIAN_POINT('',(6.065287407025,-1.666552213953));
#4426 = CARTESIAN_POINT('',(6.028955246976,-1.667402348159));
#4427 = CARTESIAN_POINT('',(5.992619416891,-1.66819051796));
#4428 = ( GEOMETRIC_REPRESENTATION_CONTEXT(2) 
PARAMETRIC_REPRESENTATION_CONTEXT() REPRESENTATION_CONTEXT('2D SPACE',''
  ) );
#4429 = PCURVE('',#3783,#4430);
#4430 = DEFINITIONAL_REPRESENTATION('',(#4431),#4435);
#4431 = ELLIPSE('',#4432,0.25817977688,0.253893958396);
#4432 = AXIS2_PLACEMENT_2D('',#4433,#4434);
#4433 = CARTESIAN_POINT('',(-2.332129137489,-2.332129137489));
#4434 = DIRECTION('',(-0.707106781187,-0.707106781187));
#4435 = ( GEOMETRIC_REPRESENTATION_CONTEXT(2) 
PARAMETRIC_REPRESENTATION_CONTEXT() REPRESENTATION_CONTEXT('2D SPACE',''
  ) );
#4436 = ORIENTED_EDGE('',*,*,#3920,.F.);
#4437 = ORIENTED_EDGE('',*,*,#1822,.T.);
#4438 = ORIENTED_EDGE('',*,*,#4439,.T.);
#4439 = EDGE_CURVE('',#1794,#1708,#4440,.T.);
#4440 = SURFACE_CURVE('',#4441,(#4503,#4598),.PCURVE_S1.);
#4441 = B_SPLINE_CURVE_WITH_KNOTS('',6,(#4442,#4443,#4444,#4445,#4446,
    #4447,#4448,#4449,#4450,#4451,#4452,#4453,#4454,#4455,#4456,#4457,
    #4458,#4459,#4460,#4461,#4462,#4463,#4464,#4465,#4466,#4467,#4468,
    #4469,#4470,#4471,#4472,#4473,#4474,#4475,#4476,#4477,#4478,#4479,
    #4480,#4481,#4482,#4483,#4484,#4485,#4486,#4487,#4488,#4489,#4490,
    #4491,#4492,#4493,#4494,#4495,#4496,#4497,#4498,#4499,#4500,#4501,
    #4502),.UNSPECIFIED.,.F.,.F.,(7,4,5,5,5,5,5,5,5,5,5,5,7),(
    0.99027776762,1.,1.868496469043,2.268882775452,2.535390133791,
    3.185370931532,3.819125886113,4.534234724167,5.249358684316,
    5.883157841307,7.051328582083,7.628037412747,8.077539187123),
  .UNSPECIFIED.);
#4442 = CARTESIAN_POINT('',(-2.223199657853,-2.442975670997,
    11.169999999984));
#4443 = CARTESIAN_POINT('',(-2.223180464101,-2.442903652131,
    11.170271952871));
#4444 = CARTESIAN_POINT('',(-2.223161289596,-2.442831609768,
    11.170543848018));
#4445 = CARTESIAN_POINT('',(-2.223142134373,-2.442759543898,
    11.170815685321));
#4446 = CARTESIAN_POINT('',(-2.223122998471,-2.442687454509,
    11.171087464676));
#4447 = CARTESIAN_POINT('',(-2.221396179765,-2.436173415714,
    11.195632347562));
#4448 = CARTESIAN_POINT('',(-2.219828104756,-2.4294688827,11.21969664105
    ));
#4449 = CARTESIAN_POINT('',(-2.218458709796,-2.422644489257,
    11.242952449329));
#4450 = CARTESIAN_POINT('',(-2.217303514327,-2.415623022471,
    11.265569732694));
#4451 = CARTESIAN_POINT('',(-2.216400340342,-2.4084093521,
    11.287436159203));
#4452 = CARTESIAN_POINT('',(-2.215508734982,-2.397612297533,
    11.318111571664));
#4453 = CARTESIAN_POINT('',(-2.215289615945,-2.394167941021,
    11.327605880723));
#4454 = CARTESIAN_POINT('',(-2.215136766753,-2.390687754243,
    11.336903051309));
#4455 = CARTESIAN_POINT('',(-2.215054210446,-2.387173905858,
    11.345991047871));
#4456 = CARTESIAN_POINT('',(-2.215045943509,-2.383629135363,
    11.354857853809));
#4457 = CARTESIAN_POINT('',(-2.215162524577,-2.377678884156,
    11.369238228037));
#4458 = CARTESIAN_POINT('',(-2.215243771545,-2.375288782486,
    11.374881709452));
#4459 = CARTESIAN_POINT('',(-2.215360835647,-2.372887434871,
    11.380418402721));
#4460 = CARTESIAN_POINT('',(-2.215514825245,-2.370475935965,
    11.385844923208));
#4461 = CARTESIAN_POINT('',(-2.215706798185,-2.368055488293,
    11.391158014639));
#4462 = CARTESIAN_POINT('',(-2.216501055503,-2.359705579611,
    11.40902829902));
#4463 = CARTESIAN_POINT('',(-2.217296278434,-2.353737985988,
    11.421009552209));
#4464 = CARTESIAN_POINT('',(-2.218337881715,-2.347744218473,
    11.43225153962));
#4465 = CARTESIAN_POINT('',(-2.219637765638,-2.341746424768,
    11.442717001892));
#4466 = CARTESIAN_POINT('',(-2.221204247356,-2.335768684678,
    11.452377595143));
#4467 = CARTESIAN_POINT('',(-2.224831957173,-2.324052189767,
    11.469828427735));
#4468 = CARTESIAN_POINT('',(-2.226879983338,-2.318310774686,
    11.477659911217));
#4469 = CARTESIAN_POINT('',(-2.229188776141,-2.31263526909,
    11.484689551248));
#4470 = CARTESIAN_POINT('',(-2.231758403112,-2.307048335389,
    11.490908178887));
#4471 = CARTESIAN_POINT('',(-2.234585627134,-2.301571643461,
    11.496312368743));
#4472 = CARTESIAN_POINT('',(-2.241137970327,-2.290192738683,
    11.506078995773));
#4473 = CARTESIAN_POINT('',(-2.244931788457,-2.284326112933,
    11.510218644847));
#4474 = CARTESIAN_POINT('',(-2.24903708226,-2.278653829557,
    11.513319652053));
#4475 = CARTESIAN_POINT('',(-2.253440796194,-2.273201739615,
    11.515384566195));
#4476 = CARTESIAN_POINT('',(-2.258126286679,-2.267992684567,
    11.516415969844));
#4477 = CARTESIAN_POINT('',(-2.268022246251,-2.258099218823,
    11.516411057419));
#4478 = CARTESIAN_POINT('',(-2.273232589799,-2.25341495582,
    11.515374697675));
#4479 = CARTESIAN_POINT('',(-2.278685894828,-2.249012547226,
    11.513304778374));
#4480 = CARTESIAN_POINT('',(-2.284359309507,-2.244908628228,
    11.510198712005));
#4481 = CARTESIAN_POINT('',(-2.290226972462,-2.241116244392,
    11.506053950959));
#4482 = CARTESIAN_POINT('',(-2.301607896768,-2.23456654649,
    11.496277383237));
#4483 = CARTESIAN_POINT('',(-2.307085606438,-2.231740547525,
    11.49086829365));
#4484 = CARTESIAN_POINT('',(-2.312673478588,-2.22917219978,
    11.484644664995));
#4485 = CARTESIAN_POINT('',(-2.318349834127,-2.22686473028,
    11.477609939591));
#4486 = CARTESIAN_POINT('',(-2.324092003249,-2.224818059376,
    11.469773311374));
#4487 = CARTESIAN_POINT('',(-2.340539066174,-2.219730132475,
    11.445264721701));
#4488 = CARTESIAN_POINT('',(-2.351351521202,-2.217303586793,
    11.426706449522));
#4489 = CARTESIAN_POINT('',(-2.362159429448,-2.215730957177,
    11.405603423779));
#4490 = CARTESIAN_POINT('',(-2.372828261709,-2.214938904025,
    11.382163698746));
#4491 = CARTESIAN_POINT('',(-2.383262386042,-2.214828506799,
    11.356680646253));
#4492 = CARTESIAN_POINT('',(-2.398399010643,-2.215529904752,
    11.31606175869));
#4493 = CARTESIAN_POINT('',(-2.403330087981,-2.215903146792,
    11.302215898409));
#4494 = CARTESIAN_POINT('',(-2.408182752203,-2.216405722629,
    11.28798531732));
#4495 = CARTESIAN_POINT('',(-2.412952877782,-2.217025703994,
    11.273405402147));
#4496 = CARTESIAN_POINT('',(-2.417638367874,-2.217751791097,
    11.258509516184));
#4497 = CARTESIAN_POINT('',(-2.425824316409,-2.219214465906,
    11.231494382741));
#4498 = CARTESIAN_POINT('',(-2.429357669119,-2.219913316937,
    11.219489153187));
#4499 = CARTESIAN_POINT('',(-2.432838880078,-2.220665507228,
    11.20732507389));
#4500 = CARTESIAN_POINT('',(-2.436268424502,-2.221466600106,
    11.195014602016));
#4501 = CARTESIAN_POINT('',(-2.439647041529,-2.222312544124,
    11.182569348781));
#4502 = CARTESIAN_POINT('',(-2.442975672227,-2.223199656416,
    11.170000000208));
#4503 = PCURVE('',#1724,#4504);
#4504 = DEFINITIONAL_REPRESENTATION('',(#4505),#4597);
#4505 = B_SPLINE_CURVE_WITH_KNOTS('',3,(#4506,#4507,#4508,#4509,#4510,
    #4511,#4512,#4513,#4514,#4515,#4516,#4517,#4518,#4519,#4520,#4521,
    #4522,#4523,#4524,#4525,#4526,#4527,#4528,#4529,#4530,#4531,#4532,
    #4533,#4534,#4535,#4536,#4537,#4538,#4539,#4540,#4541,#4542,#4543,
    #4544,#4545,#4546,#4547,#4548,#4549,#4550,#4551,#4552,#4553,#4554,
    #4555,#4556,#4557,#4558,#4559,#4560,#4561,#4562,#4563,#4564,#4565,
    #4566,#4567,#4568,#4569,#4570,#4571,#4572,#4573,#4574,#4575,#4576,
    #4577,#4578,#4579,#4580,#4581,#4582,#4583,#4584,#4585,#4586,#4587,
    #4588,#4589,#4590,#4591,#4592,#4593,#4594,#4595,#4596),
  .UNSPECIFIED.,.F.,.F.,(4,1,1,1,1,1,1,1,1,1,1,1,1,1,1,1,1,1,1,1,1,1,1,1
    ,1,1,1,1,1,1,1,1,1,1,1,1,1,1,1,1,1,1,1,1,1,1,1,1,1,1,1,1,1,1,1,1,1,1
    ,1,1,1,1,1,1,1,1,1,1,1,1,1,1,1,1,1,1,1,1,1,1,1,1,1,1,1,1,1,1,4),(
    0.99027776762,1.070814829205,1.15135189079,1.231888952375,
    1.312426013961,1.392963075546,1.473500137131,1.554037198717,
    1.634574260302,1.715111321887,1.795648383472,1.876185445058,
    1.956722506643,2.037259568228,2.117796629813,2.198333691399,
    2.278870752984,2.359407814569,2.439944876154,2.52048193774,
    2.601018999325,2.68155606091,2.762093122495,2.842630184081,
    2.923167245666,3.003704307251,3.084241368837,3.164778430422,
    3.245315492007,3.325852553592,3.406389615178,3.486926676763,
    3.567463738348,3.648000799933,3.728537861519,3.809074923104,
    3.889611984689,3.970149046274,4.05068610786,4.131223169445,
    4.21176023103,4.292297292615,4.372834354201,4.453371415786,
    4.533908477371,4.614445538957,4.694982600542,4.775519662127,
    4.856056723712,4.936593785298,5.017130846883,5.097667908468,
    5.178204970053,5.258742031639,5.339279093224,5.419816154809,
    5.500353216394,5.58089027798,5.661427339565,5.74196440115,
    5.822501462735,5.903038524321,5.983575585906,6.064112647491,
    6.144649709077,6.225186770662,6.305723832247,6.386260893832,
    6.466797955418,6.547335017003,6.627872078588,6.708409140173,
    6.788946201759,6.869483263344,6.950020324929,7.030557386514,
    7.1110944481,7.191631509685,7.27216857127,7.352705632856,
    7.433242694441,7.513779756026,7.594316817611,7.674853879197,
    7.755390940782,7.835928002367,7.916465063952,7.997002125538,
    8.077539187123),.UNSPECIFIED.);
#4506 = CARTESIAN_POINT('',(6.06657194069,-0.269385329176));
#4507 = CARTESIAN_POINT('',(6.064354280947,-0.274010017954));
#4508 = CARTESIAN_POINT('',(6.059836372287,-0.283220479709));
#4509 = CARTESIAN_POINT('',(6.052804046823,-0.296911459074));
#4510 = CARTESIAN_POINT('',(6.045508524594,-0.310469993944));
#4511 = CARTESIAN_POINT('',(6.037942209031,-0.323887531859));
#4512 = CARTESIAN_POINT('',(6.030097683964,-0.337155018586));
#4513 = CARTESIAN_POINT('',(6.02196778583,-0.35026286392));
#4514 = CARTESIAN_POINT('',(6.013545667346,-0.363201002748));
#4515 = CARTESIAN_POINT('',(6.004824865508,-0.375958929478));
#4516 = CARTESIAN_POINT('',(5.995799359611,-0.388525744492));
#4517 = CARTESIAN_POINT('',(5.986463662498,-0.400890179934));
#4518 = CARTESIAN_POINT('',(5.976812785101,-0.413040696916));
#4519 = CARTESIAN_POINT('',(5.966842677515,-0.424965314961));
#4520 = CARTESIAN_POINT('',(5.956550088799,-0.436651651182));
#4521 = CARTESIAN_POINT('',(5.945932624181,-0.448087392561));
#4522 = CARTESIAN_POINT('',(5.934988940331,-0.459260175666));
#4523 = CARTESIAN_POINT('',(5.923718651566,-0.470157586896));
#4524 = CARTESIAN_POINT('',(5.912122469812,-0.480767289699));
#4525 = CARTESIAN_POINT('',(5.900202349708,-0.491077193145));
#4526 = CARTESIAN_POINT('',(5.887961452534,-0.50107548615));
#4527 = CARTESIAN_POINT('',(5.875403969452,-0.510750868517));
#4528 = CARTESIAN_POINT('',(5.862535319472,-0.520092494346));
#4529 = CARTESIAN_POINT('',(5.849362507357,-0.529089808287));
#4530 = CARTESIAN_POINT('',(5.835893401495,-0.537733156271));
#4531 = CARTESIAN_POINT('',(5.822136894896,-0.54601362327));
#4532 = CARTESIAN_POINT('',(5.808102847748,-0.553923065876));
#4533 = CARTESIAN_POINT('',(5.793802085985,-0.561454097142));
#4534 = CARTESIAN_POINT('',(5.779246415336,-0.568600067654));
#4535 = CARTESIAN_POINT('',(5.764448539389,-0.575355109538));
#4536 = CARTESIAN_POINT('',(5.749421031671,-0.581714466651));
#4537 = CARTESIAN_POINT('',(5.73417758949,-0.587673867974));
#4538 = CARTESIAN_POINT('',(5.718732074865,-0.593229867883));
#4539 = CARTESIAN_POINT('',(5.703098674046,-0.598379673182));
#4540 = CARTESIAN_POINT('',(5.687291794589,-0.603121092963));
#4541 = CARTESIAN_POINT('',(5.671326037493,-0.607452454333));
#4542 = CARTESIAN_POINT('',(5.655216150789,-0.611372531574));
#4543 = CARTESIAN_POINT('',(5.638977003919,-0.614880455453));
#4544 = CARTESIAN_POINT('',(5.622623100084,-0.61797578339));
#4545 = CARTESIAN_POINT('',(5.606168951824,-0.620658279376));
#4546 = CARTESIAN_POINT('',(5.589629047838,-0.622927852891));
#4547 = CARTESIAN_POINT('',(5.573017840034,-0.624784526169));
#4548 = CARTESIAN_POINT('',(5.556349728046,-0.626228393922));
#4549 = CARTESIAN_POINT('',(5.539639040055,-0.627259585094));
#4550 = CARTESIAN_POINT('',(5.522900036426,-0.627878223855));
#4551 = CARTESIAN_POINT('',(5.506146832382,-0.628084391378));
#4552 = CARTESIAN_POINT('',(5.48939362942,-0.627878085059));
#4553 = CARTESIAN_POINT('',(5.472654633076,-0.627259307285));
#4554 = CARTESIAN_POINT('',(5.45594395695,-0.626227977153));
#4555 = CARTESIAN_POINT('',(5.439275861532,-0.624783970451));
#4556 = CARTESIAN_POINT('',(5.422664674886,-0.622927158182));
#4557 = CARTESIAN_POINT('',(5.406124796784,-0.620657445566));
#4558 = CARTESIAN_POINT('',(5.389670679458,-0.617974810414));
#4559 = CARTESIAN_POINT('',(5.373316811804,-0.61487934332));
#4560 = CARTESIAN_POINT('',(5.357077707614,-0.611371281025));
#4561 = CARTESIAN_POINT('',(5.340967868032,-0.607451065414));
#4562 = CARTESIAN_POINT('',(5.325002161392,-0.603119565614));
#4563 = CARTESIAN_POINT('',(5.309195336713,-0.598378007601));
#4564 = CARTESIAN_POINT('',(5.293561997151,-0.593228065463));
#4565 = CARTESIAN_POINT('',(5.278116543518,-0.587671926918));
#4566 = CARTESIAN_POINT('',(5.262873187746,-0.581712398252));
#4567 = CARTESIAN_POINT('',(5.24784569478,-0.575352877009));
#4568 = CARTESIAN_POINT('',(5.233048121571,-0.56859781401));
#4569 = CARTESIAN_POINT('',(5.218491387388,-0.561451145608));
#4570 = CARTESIAN_POINT('',(5.204188870716,-0.553918953556));
#4571 = CARTESIAN_POINT('',(5.190153063106,-0.546008204959));
#4572 = CARTESIAN_POINT('',(5.176395152038,-0.537726496056));
#4573 = CARTESIAN_POINT('',(5.162925147427,-0.52908210481));
#4574 = CARTESIAN_POINT('',(5.149751864745,-0.52008395647));
#4575 = CARTESIAN_POINT('',(5.136882949717,-0.510741608192));
#4576 = CARTESIAN_POINT('',(5.124324895886,-0.501065224334));
#4577 = CARTESIAN_POINT('',(5.112083068644,-0.491065549846));
#4578 = CARTESIAN_POINT('',(5.100161733482,-0.480753880495));
#4579 = CARTESIAN_POINT('',(5.088564086831,-0.47014202759));
#4580 = CARTESIAN_POINT('',(5.077292300966,-0.459242287811));
#4581 = CARTESIAN_POINT('',(5.066347541125,-0.448067378072));
#4582 = CARTESIAN_POINT('',(5.055730112802,-0.43663048514));
#4583 = CARTESIAN_POINT('',(5.045439151125,-0.424944871192));
#4584 = CARTESIAN_POINT('',(5.035470287327,-0.413020766056));
#4585 = CARTESIAN_POINT('',(5.025820611793,-0.400870766628));
#4586 = CARTESIAN_POINT('',(5.016485892373,-0.388506685993));
#4587 = CARTESIAN_POINT('',(5.007461322293,-0.375940213878));
#4588 = CARTESIAN_POINT('',(4.998741429838,-0.363182671694));
#4589 = CARTESIAN_POINT('',(4.990320202897,-0.350245010646));
#4590 = CARTESIAN_POINT('',(4.982191191776,-0.337137743307));
#4591 = CARTESIAN_POINT('',(4.974348458942,-0.323872519606));
#4592 = CARTESIAN_POINT('',(4.966784194241,-0.310458013633));
#4593 = CARTESIAN_POINT('',(4.959490828925,-0.296903025968));
#4594 = CARTESIAN_POINT('',(4.952460672176,-0.283215936111));
#4595 = CARTESIAN_POINT('',(4.947944257354,-0.274008432031));
#4596 = CARTESIAN_POINT('',(4.945727359223,-0.269385329392));
#4597 = ( GEOMETRIC_REPRESENTATION_CONTEXT(2) 
PARAMETRIC_REPRESENTATION_CONTEXT() REPRESENTATION_CONTEXT('2D SPACE',''
  ) );
#4598 = PCURVE('',#1759,#4599);
#4599 = DEFINITIONAL_REPRESENTATION('',(#4600),#4692);
#4600 = B_SPLINE_CURVE_WITH_KNOTS('',3,(#4601,#4602,#4603,#4604,#4605,
    #4606,#4607,#4608,#4609,#4610,#4611,#4612,#4613,#4614,#4615,#4616,
    #4617,#4618,#4619,#4620,#4621,#4622,#4623,#4624,#4625,#4626,#4627,
    #4628,#4629,#4630,#4631,#4632,#4633,#4634,#4635,#4636,#4637,#4638,
    #4639,#4640,#4641,#4642,#4643,#4644,#4645,#4646,#4647,#4648,#4649,
    #4650,#4651,#4652,#4653,#4654,#4655,#4656,#4657,#4658,#4659,#4660,
    #4661,#4662,#4663,#4664,#4665,#4666,#4667,#4668,#4669,#4670,#4671,
    #4672,#4673,#4674,#4675,#4676,#4677,#4678,#4679,#4680,#4681,#4682,
    #4683,#4684,#4685,#4686,#4687,#4688,#4689,#4690,#4691),
  .UNSPECIFIED.,.F.,.F.,(4,1,1,1,1,1,1,1,1,1,1,1,1,1,1,1,1,1,1,1,1,1,1,1
    ,1,1,1,1,1,1,1,1,1,1,1,1,1,1,1,1,1,1,1,1,1,1,1,1,1,1,1,1,1,1,1,1,1,1
    ,1,1,1,1,1,1,1,1,1,1,1,1,1,1,1,1,1,1,1,1,1,1,1,1,1,1,1,1,1,1,4),(
    0.99027776762,1.070814829205,1.15135189079,1.231888952375,
    1.312426013961,1.392963075546,1.473500137131,1.554037198717,
    1.634574260302,1.715111321887,1.795648383472,1.876185445058,
    1.956722506643,2.037259568228,2.117796629813,2.198333691399,
    2.278870752984,2.359407814569,2.439944876154,2.52048193774,
    2.601018999325,2.68155606091,2.762093122495,2.842630184081,
    2.923167245666,3.003704307251,3.084241368837,3.164778430422,
    3.245315492007,3.325852553592,3.406389615178,3.486926676763,
    3.567463738348,3.648000799933,3.728537861519,3.809074923104,
    3.889611984689,3.970149046274,4.05068610786,4.131223169445,
    4.21176023103,4.292297292615,4.372834354201,4.453371415786,
    4.533908477371,4.614445538957,4.694982600542,4.775519662127,
    4.856056723712,4.936593785298,5.017130846883,5.097667908468,
    5.178204970053,5.258742031639,5.339279093224,5.419816154809,
    5.500353216394,5.58089027798,5.661427339565,5.74196440115,
    5.822501462735,5.903038524321,5.983575585906,6.064112647491,
    6.144649709077,6.225186770662,6.305723832247,6.386260893832,
    6.466797955418,6.547335017003,6.627872078588,6.708409140173,
    6.788946201759,6.869483263344,6.950020324929,7.030557386514,
    7.1110944481,7.191631509685,7.27216857127,7.352705632856,
    7.433242694441,7.513779756026,7.594316817611,7.674853879197,
    7.755390940782,7.835928002367,7.916465063952,7.997002125538,
    8.077539187123),.UNSPECIFIED.);
#4601 = CARTESIAN_POINT('',(-1.441101010586E-03,0.176269832598));
#4602 = CARTESIAN_POINT('',(2.532999294414E-03,0.180859049124));
#4603 = CARTESIAN_POINT('',(1.056673349741E-02,0.189997934088));
#4604 = CARTESIAN_POINT('',(2.288096357641E-02,0.20357968948));
#4605 = CARTESIAN_POINT('',(3.546594327441E-02,0.217027175141));
#4606 = CARTESIAN_POINT('',(4.832846845241E-02,0.230331888017));
#4607 = CARTESIAN_POINT('',(6.147503766141E-02,0.243484834975));
#4608 = CARTESIAN_POINT('',(7.491177210741E-02,0.256476500884));
#4609 = CARTESIAN_POINT('',(8.864436500641E-02,0.269296910176));
#4610 = CARTESIAN_POINT('',(0.102678020051,0.281935662239));
#4611 = CARTESIAN_POINT('',(0.117017404574,0.294381978576));
#4612 = CARTESIAN_POINT('',(0.13166655729,0.306624729596));
#4613 = CARTESIAN_POINT('',(0.146628967719,0.318652531693));
#4614 = CARTESIAN_POINT('',(0.161907010597,0.33045358054));
#4615 = CARTESIAN_POINT('',(0.177502145284,0.342015689091));
#4616 = CARTESIAN_POINT('',(0.193414976897,0.35332675823));
#4617 = CARTESIAN_POINT('',(0.209644999904,0.364374657779));
#4618 = CARTESIAN_POINT('',(0.226190726073,0.375147225913));
#4619 = CARTESIAN_POINT('',(0.243049559483,0.385632395936));
#4620 = CARTESIAN_POINT('',(0.260217665285,0.39581836416));
#4621 = CARTESIAN_POINT('',(0.277690038872,0.405693622031));
#4622 = CARTESIAN_POINT('',(0.295460776191,0.415247184522));
#4623 = CARTESIAN_POINT('',(0.313522829929,0.424468532672));
#4624 = CARTESIAN_POINT('',(0.331867527928,0.433347451265));
#4625 = CARTESIAN_POINT('',(0.350485605038,0.44187463045));
#4626 = CARTESIAN_POINT('',(0.369366965168,0.45004150311));
#4627 = CARTESIAN_POINT('',(0.38850075436,0.457840274829));
#4628 = CARTESIAN_POINT('',(0.407875350736,0.465263906626));
#4629 = CARTESIAN_POINT('',(0.42747833136,0.472306094014));
#4630 = CARTESIAN_POINT('',(0.447296569227,0.478961308004));
#4631 = CARTESIAN_POINT('',(0.467317569722,0.485225116908));
#4632 = CARTESIAN_POINT('',(0.487527761017,0.491093566765));
#4633 = CARTESIAN_POINT('',(0.50791374593,0.496563513301));
#4634 = CARTESIAN_POINT('',(0.528462048434,0.50163244925));
#4635 = CARTESIAN_POINT('',(0.549159215164,0.506298452508));
#4636 = CARTESIAN_POINT('',(0.569991817308,0.510560100743));
#4637 = CARTESIAN_POINT('',(0.590946478894,0.514416399371));
#4638 = CARTESIAN_POINT('',(0.612009879258,0.517866689596));
#4639 = CARTESIAN_POINT('',(0.633169354428,0.520910717269));
#4640 = CARTESIAN_POINT('',(0.654412378895,0.523548413482));
#4641 = CARTESIAN_POINT('',(0.675726584239,0.525779832947));
#4642 = CARTESIAN_POINT('',(0.697099753806,0.527605121116));
#4643 = CARTESIAN_POINT('',(0.718519821899,0.529024473705));
#4644 = CARTESIAN_POINT('',(0.739974879152,0.530038098297));
#4645 = CARTESIAN_POINT('',(0.761453149997,0.530646175225));
#4646 = CARTESIAN_POINT('',(0.782943075273,0.530848819267));
#4647 = CARTESIAN_POINT('',(0.804433000267,0.530646038804));
#4648 = CARTESIAN_POINT('',(0.825911265081,0.530037825225));
#4649 = CARTESIAN_POINT('',(0.847366312627,0.529024064024));
#4650 = CARTESIAN_POINT('',(0.868786367167,0.527604574815));
#4651 = CARTESIAN_POINT('',(0.890159519464,0.525779149954));
#4652 = CARTESIAN_POINT('',(0.911473703622,0.523547593649));
#4653 = CARTESIAN_POINT('',(0.932716702541,0.520909760485));
#4654 = CARTESIAN_POINT('',(0.953876147509,0.517865595817));
#4655 = CARTESIAN_POINT('',(0.974939511327,0.514415169274));
#4656 = CARTESIAN_POINT('',(0.995894132641,0.510558734305));
#4657 = CARTESIAN_POINT('',(1.016726692163,0.506296949603));
#4658 = CARTESIAN_POINT('',(1.037423812596,0.501630809997));
#4659 = CARTESIAN_POINT('',(1.057972062142,0.496561738998));
#4660 = CARTESIAN_POINT('',(1.078357996429,0.491091655558));
#4661 = CARTESIAN_POINT('',(1.098568104699,0.485223079844));
#4662 = CARTESIAN_POINT('',(1.11858912043,0.478959108733));
#4663 = CARTESIAN_POINT('',(1.13840698708,0.472303873431));
#4664 = CARTESIAN_POINT('',(1.15801143748,0.465260997484));
#4665 = CARTESIAN_POINT('',(1.177388465713,0.457836220584));
#4666 = CARTESIAN_POINT('',(1.196524730206,0.450036160018));
#4667 = CARTESIAN_POINT('',(1.215408114567,0.441868060892));
#4668 = CARTESIAN_POINT('',(1.234027548859,0.433339850357));
#4669 = CARTESIAN_POINT('',(1.252373030651,0.424460105889));
#4670 = CARTESIAN_POINT('',(1.270435592968,0.415238042082));
#4671 = CARTESIAN_POINT('',(1.288207285663,0.405683488028));
#4672 = CARTESIAN_POINT('',(1.305681151654,0.395806862571));
#4673 = CARTESIAN_POINT('',(1.322851200919,0.385619146188));
#4674 = CARTESIAN_POINT('',(1.339712384733,0.375131847195));
#4675 = CARTESIAN_POINT('',(1.356260553295,0.364356972754));
#4676 = CARTESIAN_POINT('',(1.372492457968,0.353306965065));
#4677 = CARTESIAN_POINT('',(1.388405566744,0.341994750717));
#4678 = CARTESIAN_POINT('',(1.403998554316,0.330433350965));
#4679 = CARTESIAN_POINT('',(1.419274970735,0.318632804733));
#4680 = CARTESIAN_POINT('',(1.434235801382,0.306605509773));
#4681 = CARTESIAN_POINT('',(1.448883689847,0.294363105232));
#4682 = CARTESIAN_POINT('',(1.463221866187,0.281917123764));
#4683 = CARTESIAN_POINT('',(1.477254334171,0.269278748066));
#4684 = CARTESIAN_POINT('',(1.490985733576,0.256458807836));
#4685 = CARTESIAN_POINT('',(1.504421250918,0.243467710635));
#4686 = CARTESIAN_POINT('',(1.517565041007,0.230317003431));
#4687 = CARTESIAN_POINT('',(1.530424256127,0.217015294061));
#4688 = CARTESIAN_POINT('',(1.54300565011,0.203571324377));
#4689 = CARTESIAN_POINT('',(1.555316181777,0.189993426021));
#4690 = CARTESIAN_POINT('',(1.563347286198,0.180857475395));
#4691 = CARTESIAN_POINT('',(1.567320022427,0.176269832836));
#4692 = ( GEOMETRIC_REPRESENTATION_CONTEXT(2) 
PARAMETRIC_REPRESENTATION_CONTEXT() REPRESENTATION_CONTEXT('2D SPACE',''
  ) );
#4693 = ORIENTED_EDGE('',*,*,#1707,.T.);
#4694 = ORIENTED_EDGE('',*,*,#2341,.F.);
#4695 = ORIENTED_EDGE('',*,*,#4696,.T.);
#4696 = EDGE_CURVE('',#2310,#2278,#4697,.T.);
#4697 = SURFACE_CURVE('',#4698,(#4703,#4710),.PCURVE_S1.);
#4698 = CIRCLE('',#4699,0.3);
#4699 = AXIS2_PLACEMENT_3D('',#4700,#4701,#4702);
#4700 = CARTESIAN_POINT('',(-2.539842705208,-2.539842705208,10.95));
#4701 = DIRECTION('',(0.128254195209,0.128254195209,0.983413302138));
#4702 = DIRECTION('',(0.991602623083,4.640385298238E-14,-0.129322225065)
  );
#4703 = PCURVE('',#1724,#4704);
#4704 = DEFINITIONAL_REPRESENTATION('',(#4705),#4709);
#4705 = LINE('',#4706,#4707);
#4706 = CARTESIAN_POINT('',(6.28318530718,0.));
#4707 = VECTOR('',#4708,1.);
#4708 = DIRECTION('',(-1.,-0.));
#4709 = ( GEOMETRIC_REPRESENTATION_CONTEXT(2) 
PARAMETRIC_REPRESENTATION_CONTEXT() REPRESENTATION_CONTEXT('2D SPACE',''
  ) );
#4710 = PCURVE('',#2329,#4711);
#4711 = DEFINITIONAL_REPRESENTATION('',(#4712),#4716);
#4712 = CIRCLE('',#4713,0.3);
#4713 = AXIS2_PLACEMENT_2D('',#4714,#4715);
#4714 = CARTESIAN_POINT('',(0.,0.));
#4715 = DIRECTION('',(1.,6.938893903907E-18));
#4716 = ( GEOMETRIC_REPRESENTATION_CONTEXT(2) 
PARAMETRIC_REPRESENTATION_CONTEXT() REPRESENTATION_CONTEXT('2D SPACE',''
  ) );
#4717 = ADVANCED_FACE('',(#4718),#1759,.T.);
#4718 = FACE_BOUND('',#4719,.T.);
#4719 = EDGE_LOOP('',(#4720,#4721,#4722));
#4720 = ORIENTED_EDGE('',*,*,#1793,.T.);
#4721 = ORIENTED_EDGE('',*,*,#1742,.T.);
#4722 = ORIENTED_EDGE('',*,*,#4439,.F.);
#4723 = ADVANCED_FACE('',(#4724),#1618,.T.);
#4724 = FACE_BOUND('',#4725,.T.);
#4725 = EDGE_LOOP('',(#4726,#4727,#4728));
#4726 = ORIENTED_EDGE('',*,*,#2768,.F.);
#4727 = ORIENTED_EDGE('',*,*,#3014,.T.);
#4728 = ORIENTED_EDGE('',*,*,#1602,.F.);
#4729 = ADVANCED_FACE('',(#4730),#1433,.T.);
#4730 = FACE_BOUND('',#4731,.T.);
#4731 = EDGE_LOOP('',(#4732,#4930,#4931,#4954,#5005,#5048,#5094,#5117,
    #5146,#5181,#5203,#5204,#5241,#5279,#5316,#5420,#5448,#5449,#5450,
    #5451,#5473,#5474));
#4732 = ORIENTED_EDGE('',*,*,#4733,.T.);
#4733 = EDGE_CURVE('',#1498,#1452,#4734,.T.);
#4734 = SURFACE_CURVE('',#4735,(#4798,#4864),.PCURVE_S1.);
#4735 = B_SPLINE_CURVE_WITH_KNOTS('',6,(#4736,#4737,#4738,#4739,#4740,
    #4741,#4742,#4743,#4744,#4745,#4746,#4747,#4748,#4749,#4750,#4751,
    #4752,#4753,#4754,#4755,#4756,#4757,#4758,#4759,#4760,#4761,#4762,
    #4763,#4764,#4765,#4766,#4767,#4768,#4769,#4770,#4771,#4772,#4773,
    #4774,#4775,#4776,#4777,#4778,#4779,#4780,#4781,#4782,#4783,#4784,
    #4785,#4786,#4787,#4788,#4789,#4790,#4791,#4792,#4793,#4794,#4795,
    #4796,#4797),.UNSPECIFIED.,.F.,.F.,(7,5,5,5,5,5,5,5,5,5,5,5,7),(0.,
    0.158088789116,0.222372498207,0.260768385691,0.286673958461,
    0.3508746411,0.420838356197,0.500243257891,0.578964334724,
    0.649655047806,0.778283496067,0.842684054008,1.),.UNSPECIFIED.);
#4736 = CARTESIAN_POINT('',(-2.483602903142,2.237264039701,
    10.996705300446));
#4737 = CARTESIAN_POINT('',(-2.474546933877,2.233440088748,
    11.039841342518));
#4738 = CARTESIAN_POINT('',(-2.465106025865,2.229804530688,
    11.082374035898));
#4739 = CARTESIAN_POINT('',(-2.455226459032,2.226408815479,
    11.12417863516));
#4740 = CARTESIAN_POINT('',(-2.444860445068,2.22333042047,
    11.165018472992));
#4741 = CARTESIAN_POINT('',(-2.433967274034,2.220684831995,
    11.204542598635));
#4742 = CARTESIAN_POINT('',(-2.417896622789,2.217791968912,
    11.257687711208));
#4743 = CARTESIAN_POINT('',(-2.413163851666,2.217053243978,
    11.27275999159));
#4744 = CARTESIAN_POINT('',(-2.408344521024,2.216422569004,
    11.287510501738));
#4745 = CARTESIAN_POINT('',(-2.403440751154,2.215911601817,
    11.301904822955));
#4746 = CARTESIAN_POINT('',(-2.398456774513,2.215532661526,
    11.315906410721));
#4747 = CARTESIAN_POINT('',(-2.39037871652,2.215158214115,
    11.337584291028));
#4748 = CARTESIAN_POINT('',(-2.387331844448,2.215069733029,
    11.34553714533));
#4749 = CARTESIAN_POINT('',(-2.38426026412,2.215035483597,
    11.353328595897));
#4750 = CARTESIAN_POINT('',(-2.381165772003,2.215058096947,
    11.360950723893));
#4751 = CARTESIAN_POINT('',(-2.378050496714,2.215140143023,
    11.368395748647));
#4752 = CARTESIAN_POINT('',(-2.372802671464,2.215381278497,
    11.380554512825));
#4753 = CARTESIAN_POINT('',(-2.370680101367,2.215506614943,
    11.385368922318));
#4754 = CARTESIAN_POINT('',(-2.36854994789,2.215660903447,
    11.390096925281));
#4755 = CARTESIAN_POINT('',(-2.366413031929,2.215844870396,
    11.394736286168));
#4756 = CARTESIAN_POINT('',(-2.364270236114,2.216059205048,
    11.399284864727));
#4757 = CARTESIAN_POINT('',(-2.356799873353,2.216912611126,
    11.414783115473));
#4758 = CARTESIAN_POINT('',(-2.35144666631,2.217711073839,
    11.425255824046));
#4759 = CARTESIAN_POINT('',(-2.34607780535,2.218710113791,
    11.435127141527));
#4760 = CARTESIAN_POINT('',(-2.340709361149,2.219917537876,
    11.44437128906));
#4761 = CARTESIAN_POINT('',(-2.335358553386,2.221338793759,
    11.45296830913));
#4762 = CARTESIAN_POINT('',(-2.324251860017,2.224762198347,
    11.469552182361));
#4763 = CARTESIAN_POINT('',(-2.318502302349,2.226805005662,
    11.477415344032));
#4764 = CARTESIAN_POINT('',(-2.312818278176,2.229109137887,
    11.484475139806));
#4765 = CARTESIAN_POINT('',(-2.307222538554,2.231674722234,
    11.490722258089));
#4766 = CARTESIAN_POINT('',(-2.301736847827,2.234498561287,
    11.496153187305));
#4767 = CARTESIAN_POINT('',(-2.290303365218,2.24106536297,
    11.506003241495));
#4768 = CARTESIAN_POINT('',(-2.284393073449,2.244880959611,
    11.510186921783));
#4769 = CARTESIAN_POINT('',(-2.278679567451,2.249012521235,
    11.513317451277));
#4770 = CARTESIAN_POINT('',(-2.27318926107,2.253446737733,
    11.515397439259));
#4771 = CARTESIAN_POINT('',(-2.267945475135,2.258166608361,
    11.516429537561));
#4772 = CARTESIAN_POINT('',(-2.258033244994,2.268095185515,
    11.516397336674));
#4773 = CARTESIAN_POINT('',(-2.253360371444,2.273299195587,
    11.515351017372));
#4774 = CARTESIAN_POINT('',(-2.248968514212,2.278745121197,
    11.513274735145));
#4775 = CARTESIAN_POINT('',(-2.244874199996,2.284410212045,
    11.510165910162));
#4776 = CARTESIAN_POINT('',(-2.241090388779,2.290268729666,
    11.506022012831));
#4777 = CARTESIAN_POINT('',(-2.234514233117,2.301701660615,
    11.496193285899));
#4778 = CARTESIAN_POINT('',(-2.231660097691,2.307244128708,
    11.490708767611));
#4779 = CARTESIAN_POINT('',(-2.229069635087,2.312898970754,
    11.484390987932));
#4780 = CARTESIAN_POINT('',(-2.22674613792,2.31864372878,11.477243558237
    ));
#4781 = CARTESIAN_POINT('',(-2.224689431276,2.324454922818,
    11.469276147525));
#4782 = CARTESIAN_POINT('',(-2.219631457479,2.340959971142,
    11.444553389835));
#4783 = CARTESIAN_POINT('',(-2.217236006671,2.351757220862,
    11.425939782153));
#4784 = CARTESIAN_POINT('',(-2.215690462605,2.362546354485,
    11.404793730455));
#4785 = CARTESIAN_POINT('',(-2.214921067111,2.373193988366,
    11.381324328276));
#4786 = CARTESIAN_POINT('',(-2.214829049375,2.383605648794,
    11.355824686583));
#4787 = CARTESIAN_POINT('',(-2.21555557666,2.398779011724,11.31500782269
    ));
#4788 = CARTESIAN_POINT('',(-2.21594246339,2.403767398578,
    11.300960189629));
#4789 = CARTESIAN_POINT('',(-2.216461294193,2.408675083572,
    11.286520064284));
#4790 = CARTESIAN_POINT('',(-2.217099704119,2.413497889427,
    11.271724122353));
#4791 = CARTESIAN_POINT('',(-2.217846005243,2.418233753672,
    11.256606867959));
#4792 = CARTESIAN_POINT('',(-2.220750580357,2.434237450592,
    11.203561541883));
#4793 = CARTESIAN_POINT('',(-2.223391577995,2.445066123976,
    11.164207680609));
#4794 = CARTESIAN_POINT('',(-2.226459370854,2.455373471271,
    11.123556376913));
#4795 = CARTESIAN_POINT('',(-2.22984060851,2.465199692145,
    11.081952004799));
#4796 = CARTESIAN_POINT('',(-2.233459068992,2.474591883331,
    11.039627236054));
#4797 = CARTESIAN_POINT('',(-2.237264039701,2.483602903142,
    10.996705300447));
#4798 = PCURVE('',#1433,#4799);
#4799 = DEFINITIONAL_REPRESENTATION('',(#4800),#4863);
#4800 = B_SPLINE_CURVE_WITH_KNOTS('',6,(#4801,#4802,#4803,#4804,#4805,
    #4806,#4807,#4808,#4809,#4810,#4811,#4812,#4813,#4814,#4815,#4816,
    #4817,#4818,#4819,#4820,#4821,#4822,#4823,#4824,#4825,#4826,#4827,
    #4828,#4829,#4830,#4831,#4832,#4833,#4834,#4835,#4836,#4837,#4838,
    #4839,#4840,#4841,#4842,#4843,#4844,#4845,#4846,#4847,#4848,#4849,
    #4850,#4851,#4852,#4853,#4854,#4855,#4856,#4857,#4858,#4859,#4860,
    #4861,#4862),.UNSPECIFIED.,.F.,.F.,(7,5,5,5,5,5,5,5,5,5,5,5,7),(0.,
    0.158088789116,0.222372498207,0.260768385691,0.286673958461,
    0.3508746411,0.420838356197,0.500243257891,0.578964334724,
    0.649655047806,0.778283496067,0.842684054008,1.),.UNSPECIFIED.);
#4801 = CARTESIAN_POINT('',(1.402796370309,-9.195058752413E-02));
#4802 = CARTESIAN_POINT('',(1.390483143528,-0.136023048901));
#4803 = CARTESIAN_POINT('',(1.376456180673,-0.179527376979));
#4804 = CARTESIAN_POINT('',(1.360432505619,-0.222341186598));
#4805 = CARTESIAN_POINT('',(1.342082137894,-0.264227928233));
#4806 = CARTESIAN_POINT('',(1.321020786029,-0.30483288185));
#4807 = CARTESIAN_POINT('',(1.287088031236,-0.359528642766));
#4808 = CARTESIAN_POINT('',(1.276774249448,-0.375052666111));
#4809 = CARTESIAN_POINT('',(1.265934392411,-0.390257500088));
#4810 = CARTESIAN_POINT('',(1.254549377644,-0.405107529791));
#4811 = CARTESIAN_POINT('',(1.242604998543,-0.419564694047));
#4812 = CARTESIAN_POINT('',(1.222621758462,-0.441967079181));
#4813 = CARTESIAN_POINT('',(1.214947245927,-0.450190144088));
#4814 = CARTESIAN_POINT('',(1.207069207507,-0.458250695914));
#4815 = CARTESIAN_POINT('',(1.198987188646,-0.466140379316));
#4816 = CARTESIAN_POINT('',(1.190701802858,-0.473850940064));
#4817 = CARTESIAN_POINT('',(1.176488534128,-0.486450159462));
#4818 = CARTESIAN_POINT('',(1.170670534879,-0.491440867395));
#4819 = CARTESIAN_POINT('',(1.164761272371,-0.496343861373));
#4820 = CARTESIAN_POINT('',(1.158761527356,-0.501156744486));
#4821 = CARTESIAN_POINT('',(1.152672322943,-0.505877210382));
#4822 = CARTESIAN_POINT('',(1.131185740193,-0.52196704878));
#4823 = CARTESIAN_POINT('',(1.115334293908,-0.532850214768));
#4824 = CARTESIAN_POINT('',(1.09896108244,-0.543118247565));
#4825 = CARTESIAN_POINT('',(1.082093819606,-0.552742733502));
#4826 = CARTESIAN_POINT('',(1.064767436348,-0.561701138912));
#4827 = CARTESIAN_POINT('',(1.027687976709,-0.578995354467));
#4828 = CARTESIAN_POINT('',(1.007855468979,-0.587203498535));
#4829 = CARTESIAN_POINT('',(0.987579826212,-0.594579680931));
#4830 = CARTESIAN_POINT('',(0.966918665414,-0.601111810276));
#4831 = CARTESIAN_POINT('',(0.945932082737,-0.606794051954));
#4832 = CARTESIAN_POINT('',(0.900561749737,-0.617104898517));
#4833 = CARTESIAN_POINT('',(0.876101591852,-0.621487838803));
#4834 = CARTESIAN_POINT('',(0.851386775311,-0.624769334152));
#4835 = CARTESIAN_POINT('',(0.826503861576,-0.62695026996));
#4836 = CARTESIAN_POINT('',(0.801538348803,-0.628032443496));
#4837 = CARTESIAN_POINT('',(0.751823668661,-0.627998680142));
#4838 = CARTESIAN_POINT('',(0.727075198492,-0.626901595335));
#4839 = CARTESIAN_POINT('',(0.702409264655,-0.624724563082));
#4840 = CARTESIAN_POINT('',(0.67790917648,-0.621465844547));
#4841 = CARTESIAN_POINT('',(0.653659276599,-0.617124590989));
#4842 = CARTESIAN_POINT('',(0.608268003061,-0.606835988375));
#4843 = CARTESIAN_POINT('',(0.587061725375,-0.601097650192));
#4844 = CARTESIAN_POINT('',(0.566187636031,-0.594491642097));
#4845 = CARTESIAN_POINT('',(0.545707738304,-0.5870239736));
#4846 = CARTESIAN_POINT('',(0.52568142904,-0.578707187163));
#4847 = CARTESIAN_POINT('',(0.470648863131,-0.552926363055));
#4848 = CARTESIAN_POINT('',(0.436800259309,-0.533543927701));
#4849 = CARTESIAN_POINT('',(0.404984074912,-0.511563090035));
#4850 = CARTESIAN_POINT('',(0.375417203553,-0.487216042224));
#4851 = CARTESIAN_POINT('',(0.348164963215,-0.460815817915));
#4852 = CARTESIAN_POINT('',(0.310689936403,-0.418636743387));
#4853 = CARTESIAN_POINT('',(0.298755122986,-0.404132712785));
#4854 = CARTESIAN_POINT('',(0.287381083365,-0.38923612802));
#4855 = CARTESIAN_POINT('',(0.276553346814,-0.373985178072));
#4856 = CARTESIAN_POINT('',(0.26625258888,-0.358415558302));
#4857 = CARTESIAN_POINT('',(0.232528551432,-0.30382501381));
#4858 = CARTESIAN_POINT('',(0.21162530559,-0.263396361326));
#4859 = CARTESIAN_POINT('',(0.19340045719,-0.221703910685));
#4860 = CARTESIAN_POINT('',(0.177475987262,-0.179095705757));
#4861 = CARTESIAN_POINT('',(0.163527048738,-0.135804294505));
#4862 = CARTESIAN_POINT('',(0.151274938864,-9.195058752473E-02));
#4863 = ( GEOMETRIC_REPRESENTATION_CONTEXT(2) 
PARAMETRIC_REPRESENTATION_CONTEXT() REPRESENTATION_CONTEXT('2D SPACE',''
  ) );
#4864 = PCURVE('',#1514,#4865);
#4865 = DEFINITIONAL_REPRESENTATION('',(#4866),#4929);
#4866 = B_SPLINE_CURVE_WITH_KNOTS('',6,(#4867,#4868,#4869,#4870,#4871,
    #4872,#4873,#4874,#4875,#4876,#4877,#4878,#4879,#4880,#4881,#4882,
    #4883,#4884,#4885,#4886,#4887,#4888,#4889,#4890,#4891,#4892,#4893,
    #4894,#4895,#4896,#4897,#4898,#4899,#4900,#4901,#4902,#4903,#4904,
    #4905,#4906,#4907,#4908,#4909,#4910,#4911,#4912,#4913,#4914,#4915,
    #4916,#4917,#4918,#4919,#4920,#4921,#4922,#4923,#4924,#4925,#4926,
    #4927,#4928),.UNSPECIFIED.,.F.,.F.,(7,5,5,5,5,5,5,5,5,5,5,5,7),(0.,
    0.158088789116,0.222372498207,0.260768385691,0.286673958461,
    0.3508746411,0.420838356197,0.500243257891,0.578964334724,
    0.649655047806,0.778283496067,0.842684054008,1.),.UNSPECIFIED.);
#4867 = CARTESIAN_POINT('',(3.010842089858,-6.000006091966E-07));
#4868 = CARTESIAN_POINT('',(3.038372484226,4.382482471263E-02));
#4869 = CARTESIAN_POINT('',(3.067741038148,8.706360921867E-02));
#4870 = CARTESIAN_POINT('',(3.099241810777,0.12959177881));
#4871 = CARTESIAN_POINT('',(3.133193016447,0.171171750298));
#4872 = CARTESIAN_POINT('',(3.169946295323,0.211449063678));
#4873 = CARTESIAN_POINT('',(3.22602501685,0.265660022396));
#4874 = CARTESIAN_POINT('',(3.242748185995,0.281041111727));
#4875 = CARTESIAN_POINT('',(3.260001216735,0.296100505915));
#4876 = CARTESIAN_POINT('',(3.277798642319,0.31080299129));
#4877 = CARTESIAN_POINT('',(3.296149433842,0.325111044775));
#4878 = CARTESIAN_POINT('',(3.326346910334,0.34727385974));
#4879 = CARTESIAN_POINT('',(3.337836758275,0.355407027695));
#4880 = CARTESIAN_POINT('',(3.349524716206,0.363377518427));
#4881 = CARTESIAN_POINT('',(3.361409979438,0.371177142226));
#4882 = CARTESIAN_POINT('',(3.373490667735,0.37879782791));
#4883 = CARTESIAN_POINT('',(3.394044482367,0.3912471786));
#4884 = CARTESIAN_POINT('',(3.402412752156,0.396177682833));
#4885 = CARTESIAN_POINT('',(3.410867707308,0.401020709603));
#4886 = CARTESIAN_POINT('',(3.419408194783,0.405773926092));
#4887 = CARTESIAN_POINT('',(3.428032835869,0.410435092592));
#4888 = CARTESIAN_POINT('',(3.458318686767,0.426320190391));
#4889 = CARTESIAN_POINT('',(3.480405129883,0.437060141547));
#4890 = CARTESIAN_POINT('',(3.502973392916,0.447188715833));
#4891 = CARTESIAN_POINT('',(3.525991861096,0.456678590556));
#4892 = CARTESIAN_POINT('',(3.549423267496,0.465508320467));
#4893 = CARTESIAN_POINT('',(3.599162675109,0.482548307799));
#4894 = CARTESIAN_POINT('',(3.62554161518,0.490632193664));
#4895 = CARTESIAN_POINT('',(3.652307338042,0.497893789922));
#4896 = CARTESIAN_POINT('',(3.679404723613,0.504322230269));
#4897 = CARTESIAN_POINT('',(3.706778704494,0.509912721555));
#4898 = CARTESIAN_POINT('',(3.765695813838,0.520054893365));
#4899 = CARTESIAN_POINT('',(3.797303244069,0.524364580005));
#4900 = CARTESIAN_POINT('',(3.829121675123,0.527590413823));
#4901 = CARTESIAN_POINT('',(3.861077957896,0.529734074666));
#4902 = CARTESIAN_POINT('',(3.893101637655,0.530797759252));
#4903 = CARTESIAN_POINT('',(3.956872418778,0.53076457281));
#4904 = CARTESIAN_POINT('',(3.988618646237,0.529686231842));
#4905 = CARTESIAN_POINT('',(4.020297514831,0.527546399986));
#4906 = CARTESIAN_POINT('',(4.05184035698,0.524342945419));
#4907 = CARTESIAN_POINT('',(4.083175889519,0.520074244845));
#4908 = CARTESIAN_POINT('',(4.142116611241,0.509953988598));
#4909 = CARTESIAN_POINT('',(4.169776440522,0.504308318707));
#4910 = CARTESIAN_POINT('',(4.19715393585,0.497807169523));
#4911 = CARTESIAN_POINT('',(4.224192280933,0.490455475366));
#4912 = CARTESIAN_POINT('',(4.250834626818,0.482264512523));
#4913 = CARTESIAN_POINT('',(4.324681270199,0.456862279299));
#4914 = CARTESIAN_POINT('',(4.370864523191,0.437752252634));
#4915 = CARTESIAN_POINT('',(4.415191491731,0.416063319285));
#4916 = CARTESIAN_POINT('',(4.457417577094,0.392018037159));
#4917 = CARTESIAN_POINT('',(4.497426982096,0.365921597314));
#4918 = CARTESIAN_POINT('',(4.554104261302,0.324192720429));
#4919 = CARTESIAN_POINT('',(4.572457026039,0.309837983143));
#4920 = CARTESIAN_POINT('',(4.590254801427,0.295089094376));
#4921 = CARTESIAN_POINT('',(4.607506817184,0.279983707086));
#4922 = CARTESIAN_POINT('',(4.62422785192,0.264557118013));
#4923 = CARTESIAN_POINT('',(4.680029254616,0.210449320631));
#4924 = CARTESIAN_POINT('',(4.71654471683,0.170346269313));
#4925 = CARTESIAN_POINT('',(4.750291103736,0.128958752649));
#4926 = CARTESIAN_POINT('',(4.781614546068,8.663457243141E-02));
#4927 = CARTESIAN_POINT('',(4.810828386271,4.360729648712E-02));
#4928 = CARTESIAN_POINT('',(4.838222133068,-6.000000037082E-07));
#4929 = ( GEOMETRIC_REPRESENTATION_CONTEXT(2) 
PARAMETRIC_REPRESENTATION_CONTEXT() REPRESENTATION_CONTEXT('2D SPACE',''
  ) );
#4930 = ORIENTED_EDGE('',*,*,#1451,.T.);
#4931 = ORIENTED_EDGE('',*,*,#4932,.T.);
#4932 = EDGE_CURVE('',#1417,#4933,#4935,.T.);
#4933 = VERTEX_POINT('',#4934);
#4934 = CARTESIAN_POINT('',(-2.076085009346,2.326908699021,12.55));
#4935 = SEAM_CURVE('',#4936,(#4940,#4947),.PCURVE_S1.);
#4936 = LINE('',#4937,#4938);
#4937 = CARTESIAN_POINT('',(-2.242361918284,2.539842705208,
    10.911203332481));
#4938 = VECTOR('',#4939,1.);
#4939 = DIRECTION('',(0.100111543835,-0.128202720574,0.986682188563));
#4940 = PCURVE('',#1433,#4941);
#4941 = DEFINITIONAL_REPRESENTATION('',(#4942),#4946);
#4942 = LINE('',#4943,#4944);
#4943 = CARTESIAN_POINT('',(0.,0.));
#4944 = VECTOR('',#4945,1.);
#4945 = DIRECTION('',(-0.,-1.));
#4946 = ( GEOMETRIC_REPRESENTATION_CONTEXT(2) 
PARAMETRIC_REPRESENTATION_CONTEXT() REPRESENTATION_CONTEXT('2D SPACE',''
  ) );
#4947 = PCURVE('',#1433,#4948);
#4948 = DEFINITIONAL_REPRESENTATION('',(#4949),#4953);
#4949 = LINE('',#4950,#4951);
#4950 = CARTESIAN_POINT('',(6.283185307179,0.));
#4951 = VECTOR('',#4952,1.);
#4952 = DIRECTION('',(-0.,-1.));
#4953 = ( GEOMETRIC_REPRESENTATION_CONTEXT(2) 
PARAMETRIC_REPRESENTATION_CONTEXT() REPRESENTATION_CONTEXT('2D SPACE',''
  ) );
#4954 = ORIENTED_EDGE('',*,*,#4955,.F.);
#4955 = EDGE_CURVE('',#4956,#4933,#4958,.T.);
#4956 = VERTEX_POINT('',#4957);
#4957 = CARTESIAN_POINT('',(-2.086995326117,2.25408456877,12.55));
#4958 = SURFACE_CURVE('',#4959,(#4964,#4993),.PCURVE_S1.);
#4959 = ELLIPSE('',#4960,0.25817977688,0.253893958396);
#4960 = AXIS2_PLACEMENT_3D('',#4961,#4962,#4963);
#4961 = CARTESIAN_POINT('',(-2.332129137489,2.332129137489,12.55));
#4962 = DIRECTION('',(0.,0.,1.));
#4963 = DIRECTION('',(-0.707106781187,0.707106781187,0.));
#4964 = PCURVE('',#1433,#4965);
#4965 = DEFINITIONAL_REPRESENTATION('',(#4966),#4992);
#4966 = B_SPLINE_CURVE_WITH_KNOTS('',3,(#4967,#4968,#4969,#4970,#4971,
    #4972,#4973,#4974,#4975,#4976,#4977,#4978,#4979,#4980,#4981,#4982,
    #4983,#4984,#4985,#4986,#4987,#4988,#4989,#4990,#4991),
  .UNSPECIFIED.,.F.,.F.,(4,1,1,1,1,1,1,1,1,1,1,1,1,1,1,1,1,1,1,1,1,1,4),
  (3.625624351613,3.638776429054,3.651928506494,3.665080583934,
    3.678232661374,3.691384738814,3.704536816255,3.717688893695,
    3.730840971135,3.743993048575,3.757145126016,3.770297203456,
    3.783449280896,3.796601358336,3.809753435777,3.822905513217,
    3.836057590657,3.849209668097,3.862361745537,3.875513822978,
    3.888665900418,3.901817977858,3.914970055298),
  .QUASI_UNIFORM_KNOTS.);
#4967 = CARTESIAN_POINT('',(0.290565883004,-1.668190539393));
#4968 = CARTESIAN_POINT('',(0.286161539931,-1.668095004381));
#4969 = CARTESIAN_POINT('',(0.277352995364,-1.667901544059));
#4970 = CARTESIAN_POINT('',(0.264140613728,-1.667604234227));
#4971 = CARTESIAN_POINT('',(0.25092867781,-1.667299856111));
#4972 = CARTESIAN_POINT('',(0.237717198005,-1.666988462458));
#4973 = CARTESIAN_POINT('',(0.224506184636,-1.666670107106));
#4974 = CARTESIAN_POINT('',(0.21129564794,-1.666344845128));
#4975 = CARTESIAN_POINT('',(0.19808559807,-1.666012732784));
#4976 = CARTESIAN_POINT('',(0.184876045093,-1.665673827523));
#4977 = CARTESIAN_POINT('',(0.171666998987,-1.665328187966));
#4978 = CARTESIAN_POINT('',(0.158458469641,-1.664975873899));
#4979 = CARTESIAN_POINT('',(0.145250466852,-1.664616946265));
#4980 = CARTESIAN_POINT('',(0.132043000323,-1.664251467149));
#4981 = CARTESIAN_POINT('',(0.118836079662,-1.66387949977));
#4982 = CARTESIAN_POINT('',(0.105629714382,-1.663501108467));
#4983 = CARTESIAN_POINT('',(9.242391389347E-02,-1.663116358694));
#4984 = CARTESIAN_POINT('',(7.921868751112E-02,-1.662725317003));
#4985 = CARTESIAN_POINT('',(6.601404444571E-02,-1.662328051033));
#4986 = CARTESIAN_POINT('',(5.28099938049E-02,-1.661924629503));
#4987 = CARTESIAN_POINT('',(3.960654459229E-02,-1.661515122188));
#4988 = CARTESIAN_POINT('',(2.640370570183E-02,-1.661099599945));
#4989 = CARTESIAN_POINT('',(1.320148593119E-02,-1.660678134569));
#4990 = CARTESIAN_POINT('',(4.400424593489E-03,-1.660393244363));
#4991 = CARTESIAN_POINT('',(0.,-1.660249833072));
#4992 = ( GEOMETRIC_REPRESENTATION_CONTEXT(2) 
PARAMETRIC_REPRESENTATION_CONTEXT() REPRESENTATION_CONTEXT('2D SPACE',''
  ) );
#4993 = PCURVE('',#4994,#4999);
#4994 = PLANE('',#4995);
#4995 = AXIS2_PLACEMENT_3D('',#4996,#4997,#4998);
#4996 = CARTESIAN_POINT('',(-1.935853047866E-16,4.365790631274E-16,12.55
    ));
#4997 = DIRECTION('',(0.,0.,1.));
#4998 = DIRECTION('',(1.,0.,-0.));
#4999 = DEFINITIONAL_REPRESENTATION('',(#5000),#5004);
#5000 = ELLIPSE('',#5001,0.25817977688,0.253893958396);
#5001 = AXIS2_PLACEMENT_2D('',#5002,#5003);
#5002 = CARTESIAN_POINT('',(-2.332129137489,2.332129137489));
#5003 = DIRECTION('',(-0.707106781187,0.707106781187));
#5004 = ( GEOMETRIC_REPRESENTATION_CONTEXT(2) 
PARAMETRIC_REPRESENTATION_CONTEXT() REPRESENTATION_CONTEXT('2D SPACE',''
  ) );
#5005 = ORIENTED_EDGE('',*,*,#5006,.T.);
#5006 = EDGE_CURVE('',#4956,#5007,#5009,.T.);
#5007 = VERTEX_POINT('',#5008);
#5008 = CARTESIAN_POINT('',(-2.050856920449,2.287013910375,12.8));
#5009 = SURFACE_CURVE('',#5010,(#5019,#5031),.PCURVE_S1.);
#5010 = B_SPLINE_CURVE_WITH_KNOTS('',7,(#5011,#5012,#5013,#5014,#5015,
    #5016,#5017,#5018),.UNSPECIFIED.,.F.,.F.,(8,8),(0.,1.),
  .PIECEWISE_BEZIER_KNOTS.);
#5011 = CARTESIAN_POINT('',(-2.086995442573,2.254084460946,12.5499994));
#5012 = CARTESIAN_POINT('',(-2.080437862724,2.260155945621,
    12.583784988255));
#5013 = CARTESIAN_POINT('',(-2.074467208836,2.265642680342,
    12.618552511125));
#5014 = CARTESIAN_POINT('',(-2.068979822012,2.270654386441,
    12.654007732384));
#5015 = CARTESIAN_POINT('',(-2.063917712658,2.275252603516,
    12.689980193254));
#5016 = CARTESIAN_POINT('',(-2.059232857632,2.279487912174,
    12.726346052807));
#5017 = CARTESIAN_POINT('',(-2.054889321905,2.283397894784,
    12.763032276333));
#5018 = CARTESIAN_POINT('',(-2.050856855001,2.287013969064,12.8000006));
#5019 = PCURVE('',#1433,#5020);
#5020 = DEFINITIONAL_REPRESENTATION('',(#5021),#5030);
#5021 = B_SPLINE_CURVE_WITH_KNOTS('',7,(#5022,#5023,#5024,#5025,#5026,
    #5027,#5028,#5029),.UNSPECIFIED.,.F.,.F.,(8,8),(0.,1.),
  .PIECEWISE_BEZIER_KNOTS.);
#5022 = CARTESIAN_POINT('',(0.290566627942,-1.668189948237));
#5023 = CARTESIAN_POINT('',(0.24861962241,-1.701477488894));
#5024 = CARTESIAN_POINT('',(0.208872910738,-1.735730398029));
#5025 = CARTESIAN_POINT('',(0.170784978609,-1.770658542295));
#5026 = CARTESIAN_POINT('',(0.134064224808,-1.806093834955));
#5027 = CARTESIAN_POINT('',(9.846793880959E-02,-1.841914161191));
#5028 = CARTESIAN_POINT('',(6.381050379359E-02,-1.878047486418));
#5029 = CARTESIAN_POINT('',(2.992363229359E-02,-1.914456031771));
#5030 = ( GEOMETRIC_REPRESENTATION_CONTEXT(2) 
PARAMETRIC_REPRESENTATION_CONTEXT() REPRESENTATION_CONTEXT('2D SPACE',''
  ) );
#5031 = PCURVE('',#5032,#5037);
#5032 = CYLINDRICAL_SURFACE('',#5033,3.07188);
#5033 = AXIS2_PLACEMENT_3D('',#5034,#5035,#5036);
#5034 = CARTESIAN_POINT('',(1.672306672652E-14,1.571716797605E-16,12.55)
  );
#5035 = DIRECTION('',(-0.,-0.,-1.));
#5036 = DIRECTION('',(1.,0.,0.));
#5037 = DEFINITIONAL_REPRESENTATION('',(#5038),#5047);
#5038 = B_SPLINE_CURVE_WITH_KNOTS('',7,(#5039,#5040,#5041,#5042,#5043,
    #5044,#5045,#5046),.UNSPECIFIED.,.F.,.F.,(8,8),(0.,1.),
  .PIECEWISE_BEZIER_KNOTS.);
#5039 = CARTESIAN_POINT('',(3.965462022654,6.000001508966E-07));
#5040 = CARTESIAN_POINT('',(3.968371221472,-3.378498825539E-02));
#5041 = CARTESIAN_POINT('',(3.971010896077,-6.855251112469E-02));
#5042 = CARTESIAN_POINT('',(3.973430113763,-0.104007732384));
#5043 = CARTESIAN_POINT('',(3.975656344568,-0.139980193254));
#5044 = CARTESIAN_POINT('',(3.977712248414,-0.176346052807));
#5045 = CARTESIAN_POINT('',(3.979614716752,-0.213032276333));
#5046 = CARTESIAN_POINT('',(3.981377918445,-0.2500006));
#5047 = ( GEOMETRIC_REPRESENTATION_CONTEXT(2) 
PARAMETRIC_REPRESENTATION_CONTEXT() REPRESENTATION_CONTEXT('2D SPACE',''
  ) );
#5048 = ORIENTED_EDGE('',*,*,#5049,.T.);
#5049 = EDGE_CURVE('',#5007,#5050,#5052,.T.);
#5050 = VERTEX_POINT('',#5051);
#5051 = CARTESIAN_POINT('',(-2.050719307757,2.294425412594,12.8));
#5052 = SURFACE_CURVE('',#5053,(#5058,#5087),.PCURVE_S1.);
#5053 = ELLIPSE('',#5054,0.250853449499,0.246689249021);
#5054 = AXIS2_PLACEMENT_3D('',#5055,#5056,#5057);
#5055 = CARTESIAN_POINT('',(-2.299497711492,2.299497711492,12.8));
#5056 = DIRECTION('',(0.,0.,1.));
#5057 = DIRECTION('',(-0.707106781187,0.707106781187,0.));
#5058 = PCURVE('',#1433,#5059);
#5059 = DEFINITIONAL_REPRESENTATION('',(#5060),#5086);
#5060 = B_SPLINE_CURVE_WITH_KNOTS('',3,(#5061,#5062,#5063,#5064,#5065,
    #5066,#5067,#5068,#5069,#5070,#5071,#5072,#5073,#5074,#5075,#5076,
    #5077,#5078,#5079,#5080,#5081,#5082,#5083,#5084,#5085),
  .UNSPECIFIED.,.F.,.F.,(4,1,1,1,1,1,1,1,1,1,1,1,1,1,1,1,1,1,1,1,1,1,4),
  (3.885159001604,3.886514049499,3.887869097394,3.889224145289,
    3.890579193184,3.891934241079,3.893289288974,3.894644336869,
    3.895999384764,3.897354432659,3.898709480553,3.900064528448,
    3.901419576343,3.902774624238,3.904129672133,3.905484720028,
    3.906839767923,3.908194815818,3.909549863713,3.910904911608,
    3.912259959503,3.913615007398,3.914970055293),
  .QUASI_UNIFORM_KNOTS.);
#5061 = CARTESIAN_POINT('',(2.99241822821E-02,-1.914455440856));
#5062 = CARTESIAN_POINT('',(2.947076131924E-02,-1.914441529302));
#5063 = CARTESIAN_POINT('',(2.856392157587E-02,-1.914413685697));
#5064 = CARTESIAN_POINT('',(2.720366851741E-02,-1.914371858874));
#5065 = CARTESIAN_POINT('',(2.584342202513E-02,-1.91432997071));
#5066 = CARTESIAN_POINT('',(2.448318210858E-02,-1.914288021283));
#5067 = CARTESIAN_POINT('',(2.31229487773E-02,-1.91424601067));
#5068 = CARTESIAN_POINT('',(2.17627220408E-02,-1.914203938948));
#5069 = CARTESIAN_POINT('',(2.040250190862E-02,-1.914161806195));
#5070 = CARTESIAN_POINT('',(1.904228839025E-02,-1.914119612487));
#5071 = CARTESIAN_POINT('',(1.768208149519E-02,-1.914077357903));
#5072 = CARTESIAN_POINT('',(1.632188123291E-02,-1.914035042519));
#5073 = CARTESIAN_POINT('',(1.496168761288E-02,-1.913992666414));
#5074 = CARTESIAN_POINT('',(1.360150064455E-02,-1.913950229665));
#5075 = CARTESIAN_POINT('',(1.224132033737E-02,-1.91390773235));
#5076 = CARTESIAN_POINT('',(1.088114670075E-02,-1.913865174548));
#5077 = CARTESIAN_POINT('',(9.52097974413E-03,-1.913822556336));
#5078 = CARTESIAN_POINT('',(8.160819476902E-03,-1.913779877793));
#5079 = CARTESIAN_POINT('',(6.80066590845E-03,-1.913737138997));
#5080 = CARTESIAN_POINT('',(5.440519048157E-03,-1.913694340026));
#5081 = CARTESIAN_POINT('',(4.080378905419E-03,-1.91365148096));
#5082 = CARTESIAN_POINT('',(2.720245489439E-03,-1.913608561876));
#5083 = CARTESIAN_POINT('',(1.360118810132E-03,-1.913565582854));
#5084 = CARTESIAN_POINT('',(4.533721865068E-04,-1.913536890266));
#5085 = CARTESIAN_POINT('',(0.,-1.913522534008));
#5086 = ( GEOMETRIC_REPRESENTATION_CONTEXT(2) 
PARAMETRIC_REPRESENTATION_CONTEXT() REPRESENTATION_CONTEXT('2D SPACE',''
  ) );
#5087 = PCURVE('',#3238,#5088);
#5088 = DEFINITIONAL_REPRESENTATION('',(#5089),#5093);
#5089 = ELLIPSE('',#5090,0.250853449499,0.246689249021);
#5090 = AXIS2_PLACEMENT_2D('',#5091,#5092);
#5091 = CARTESIAN_POINT('',(-2.299497711492,2.299497711492));
#5092 = DIRECTION('',(-0.707106781187,0.707106781187));
#5093 = ( GEOMETRIC_REPRESENTATION_CONTEXT(2) 
PARAMETRIC_REPRESENTATION_CONTEXT() REPRESENTATION_CONTEXT('2D SPACE',''
  ) );
#5094 = ORIENTED_EDGE('',*,*,#5095,.T.);
#5095 = EDGE_CURVE('',#5050,#5096,#5098,.T.);
#5096 = VERTEX_POINT('',#5097);
#5097 = CARTESIAN_POINT('',(-1.888973840632,2.087294365249,
    14.394135554987));
#5098 = SEAM_CURVE('',#5099,(#5103,#5110),.PCURVE_S1.);
#5099 = LINE('',#5100,#5101);
#5100 = CARTESIAN_POINT('',(-2.242361918284,2.539842705208,
    10.911203332481));
#5101 = VECTOR('',#5102,1.);
#5102 = DIRECTION('',(0.100111543835,-0.128202720574,0.986682188563));
#5103 = PCURVE('',#1433,#5104);
#5104 = DEFINITIONAL_REPRESENTATION('',(#5105),#5109);
#5105 = LINE('',#5106,#5107);
#5106 = CARTESIAN_POINT('',(0.,0.));
#5107 = VECTOR('',#5108,1.);
#5108 = DIRECTION('',(-0.,-1.));
#5109 = ( GEOMETRIC_REPRESENTATION_CONTEXT(2) 
PARAMETRIC_REPRESENTATION_CONTEXT() REPRESENTATION_CONTEXT('2D SPACE',''
  ) );
#5110 = PCURVE('',#1433,#5111);
#5111 = DEFINITIONAL_REPRESENTATION('',(#5112),#5116);
#5112 = LINE('',#5113,#5114);
#5113 = CARTESIAN_POINT('',(6.283185307179,0.));
#5114 = VECTOR('',#5115,1.);
#5115 = DIRECTION('',(-0.,-1.));
#5116 = ( GEOMETRIC_REPRESENTATION_CONTEXT(2) 
PARAMETRIC_REPRESENTATION_CONTEXT() REPRESENTATION_CONTEXT('2D SPACE',''
  ) );
#5117 = ORIENTED_EDGE('',*,*,#5118,.F.);
#5118 = EDGE_CURVE('',#5119,#5096,#5121,.T.);
#5119 = VERTEX_POINT('',#5120);
#5120 = CARTESIAN_POINT('',(-2.228715721486,1.945873009012,14.42));
#5121 = SURFACE_CURVE('',#5122,(#5127,#5134),.PCURVE_S1.);
#5122 = CIRCLE('',#5123,0.2);
#5123 = AXIS2_PLACEMENT_3D('',#5124,#5125,#5126);
#5124 = CARTESIAN_POINT('',(-2.087294365249,2.087294365249,14.42));
#5125 = DIRECTION('',(0.128254195209,-0.128254195209,0.983413302138));
#5126 = DIRECTION('',(0.991602623083,-4.640385298238E-14,-0.129322225065
    ));
#5127 = PCURVE('',#1433,#5128);
#5128 = DEFINITIONAL_REPRESENTATION('',(#5129),#5133);
#5129 = LINE('',#5130,#5131);
#5130 = CARTESIAN_POINT('',(6.28318530718,-3.528526604689));
#5131 = VECTOR('',#5132,1.);
#5132 = DIRECTION('',(-1.,-0.));
#5133 = ( GEOMETRIC_REPRESENTATION_CONTEXT(2) 
PARAMETRIC_REPRESENTATION_CONTEXT() REPRESENTATION_CONTEXT('2D SPACE',''
  ) );
#5134 = PCURVE('',#5135,#5140);
#5135 = PLANE('',#5136);
#5136 = AXIS2_PLACEMENT_3D('',#5137,#5138,#5139);
#5137 = CARTESIAN_POINT('',(-2.087294365249,2.087294365249,14.42));
#5138 = DIRECTION('',(0.128254195209,-0.128254195209,0.983413302138));
#5139 = DIRECTION('',(0.991602623083,-4.640038353543E-14,-0.129322225065
    ));
#5140 = DEFINITIONAL_REPRESENTATION('',(#5141),#5145);
#5141 = CIRCLE('',#5142,0.2);
#5142 = AXIS2_PLACEMENT_2D('',#5143,#5144);
#5143 = CARTESIAN_POINT('',(0.,0.));
#5144 = DIRECTION('',(1.,-6.938893903907E-18));
#5145 = ( GEOMETRIC_REPRESENTATION_CONTEXT(2) 
PARAMETRIC_REPRESENTATION_CONTEXT() REPRESENTATION_CONTEXT('2D SPACE',''
  ) );
#5146 = ORIENTED_EDGE('',*,*,#5147,.F.);
#5147 = EDGE_CURVE('',#5148,#5119,#5150,.T.);
#5148 = VERTEX_POINT('',#5149);
#5149 = CARTESIAN_POINT('',(-1.945873009012,2.228715721486,14.42));
#5150 = SURFACE_CURVE('',#5151,(#5156,#5169),.PCURVE_S1.);
#5151 = ELLIPSE('',#5152,0.203378848075,0.200002732267);
#5152 = AXIS2_PLACEMENT_3D('',#5153,#5154,#5155);
#5153 = CARTESIAN_POINT('',(-2.088046071027,2.088046071027,14.42));
#5154 = DIRECTION('',(0.,0.,1.));
#5155 = DIRECTION('',(-0.707106781187,0.707106781187,0.));
#5156 = PCURVE('',#1433,#5157);
#5157 = DEFINITIONAL_REPRESENTATION('',(#5158),#5168);
#5158 = B_SPLINE_CURVE_WITH_KNOTS('',8,(#5159,#5160,#5161,#5162,#5163,
    #5164,#5165,#5166,#5167),.UNSPECIFIED.,.F.,.F.,(9,9),(4.707161901184
    ,7.859208713175),.PIECEWISE_BEZIER_KNOTS.);
#5159 = CARTESIAN_POINT('',(5.489424634971,-3.528526604689));
#5160 = CARTESIAN_POINT('',(5.095413400827,-3.513992472709));
#5161 = CARTESIAN_POINT('',(4.70232964655,-3.499424011874));
#5162 = CARTESIAN_POINT('',(4.310170077371,-3.488260774456));
#5163 = CARTESIAN_POINT('',(3.91862830818,-3.483944011681));
#5164 = CARTESIAN_POINT('',(3.52708653899,-3.48826077446));
#5165 = CARTESIAN_POINT('',(3.134926969804,-3.499424011874));
#5166 = CARTESIAN_POINT('',(2.741843215526,-3.513992472709));
#5167 = CARTESIAN_POINT('',(2.347831981382,-3.528526604689));
#5168 = ( GEOMETRIC_REPRESENTATION_CONTEXT(2) 
PARAMETRIC_REPRESENTATION_CONTEXT() REPRESENTATION_CONTEXT('2D SPACE',''
  ) );
#5169 = PCURVE('',#5170,#5175);
#5170 = PLANE('',#5171);
#5171 = AXIS2_PLACEMENT_3D('',#5172,#5173,#5174);
#5172 = CARTESIAN_POINT('',(-2.087294365249,2.087294365249,14.42));
#5173 = DIRECTION('',(0.,0.,1.));
#5174 = DIRECTION('',(1.,0.,-0.));
#5175 = DEFINITIONAL_REPRESENTATION('',(#5176),#5180);
#5176 = ELLIPSE('',#5177,0.203378848075,0.200002732267);
#5177 = AXIS2_PLACEMENT_2D('',#5178,#5179);
#5178 = CARTESIAN_POINT('',(-7.517057780002E-04,7.517057780002E-04));
#5179 = DIRECTION('',(-0.707106781187,0.707106781187));
#5180 = ( GEOMETRIC_REPRESENTATION_CONTEXT(2) 
PARAMETRIC_REPRESENTATION_CONTEXT() REPRESENTATION_CONTEXT('2D SPACE',''
  ) );
#5181 = ORIENTED_EDGE('',*,*,#5182,.F.);
#5182 = EDGE_CURVE('',#5096,#5148,#5183,.T.);
#5183 = SURFACE_CURVE('',#5184,(#5189,#5196),.PCURVE_S1.);
#5184 = CIRCLE('',#5185,0.2);
#5185 = AXIS2_PLACEMENT_3D('',#5186,#5187,#5188);
#5186 = CARTESIAN_POINT('',(-2.087294365249,2.087294365249,14.42));
#5187 = DIRECTION('',(0.128254195209,-0.128254195209,0.983413302138));
#5188 = DIRECTION('',(0.991602623083,-4.640385298238E-14,-0.129322225065
    ));
#5189 = PCURVE('',#1433,#5190);
#5190 = DEFINITIONAL_REPRESENTATION('',(#5191),#5195);
#5191 = LINE('',#5192,#5193);
#5192 = CARTESIAN_POINT('',(6.28318530718,-3.528526604689));
#5193 = VECTOR('',#5194,1.);
#5194 = DIRECTION('',(-1.,-0.));
#5195 = ( GEOMETRIC_REPRESENTATION_CONTEXT(2) 
PARAMETRIC_REPRESENTATION_CONTEXT() REPRESENTATION_CONTEXT('2D SPACE',''
  ) );
#5196 = PCURVE('',#5135,#5197);
#5197 = DEFINITIONAL_REPRESENTATION('',(#5198),#5202);
#5198 = CIRCLE('',#5199,0.2);
#5199 = AXIS2_PLACEMENT_2D('',#5200,#5201);
#5200 = CARTESIAN_POINT('',(0.,0.));
#5201 = DIRECTION('',(1.,-6.938893903907E-18));
#5202 = ( GEOMETRIC_REPRESENTATION_CONTEXT(2) 
PARAMETRIC_REPRESENTATION_CONTEXT() REPRESENTATION_CONTEXT('2D SPACE',''
  ) );
#5203 = ORIENTED_EDGE('',*,*,#5095,.F.);
#5204 = ORIENTED_EDGE('',*,*,#5205,.T.);
#5205 = EDGE_CURVE('',#5050,#5206,#5208,.T.);
#5206 = VERTEX_POINT('',#5207);
#5207 = CARTESIAN_POINT('',(-2.287013910375,2.050856920449,12.8));
#5208 = SURFACE_CURVE('',#5209,(#5214,#5234),.PCURVE_S1.);
#5209 = ELLIPSE('',#5210,0.250853449499,0.246689249021);
#5210 = AXIS2_PLACEMENT_3D('',#5211,#5212,#5213);
#5211 = CARTESIAN_POINT('',(-2.299497711492,2.299497711492,12.8));
#5212 = DIRECTION('',(0.,0.,1.));
#5213 = DIRECTION('',(-0.707106781187,0.707106781187,0.));
#5214 = PCURVE('',#1433,#5215);
#5215 = DEFINITIONAL_REPRESENTATION('',(#5216),#5233);
#5216 = B_SPLINE_CURVE_WITH_KNOTS('',8,(#5217,#5218,#5219,#5220,#5221,
    #5222,#5223,#5224,#5225,#5226,#5227,#5228,#5229,#5230,#5231,#5232),
  .UNSPECIFIED.,.F.,.F.,(9,7,9),(3.914970055293,7.056562701985,
    8.681211612756),.UNSPECIFIED.);
#5217 = CARTESIAN_POINT('',(6.28318530718,-1.913522534009));
#5218 = CARTESIAN_POINT('',(5.889017304123,-1.901041006781));
#5219 = CARTESIAN_POINT('',(5.495497779739,-1.882820382443));
#5220 = CARTESIAN_POINT('',(5.102970944562,-1.86180372135));
#5221 = CARTESIAN_POINT('',(4.711568490464,-1.842767213819));
#5222 = CARTESIAN_POINT('',(4.321016179916,-1.831105168318));
#5223 = CARTESIAN_POINT('',(3.930717497824,-1.829183542477));
#5224 = CARTESIAN_POINT('',(3.540125920251,-1.835926171642));
#5225 = CARTESIAN_POINT('',(2.946573895066,-1.854862418465));
#5226 = CARTESIAN_POINT('',(2.744081447105,-1.86285197724));
#5227 = CARTESIAN_POINT('',(2.54137052545,-1.871969343601));
#5228 = CARTESIAN_POINT('',(2.338407999924,-1.88167637714));
#5229 = CARTESIAN_POINT('',(2.135181823058,-1.891348768203));
#5230 = CARTESIAN_POINT('',(1.931704414099,-1.9003674851));
#5231 = CARTESIAN_POINT('',(1.728009795627,-1.90820070131));
#5232 = CARTESIAN_POINT('',(1.524147116622,-1.914455420661));
#5233 = ( GEOMETRIC_REPRESENTATION_CONTEXT(2) 
PARAMETRIC_REPRESENTATION_CONTEXT() REPRESENTATION_CONTEXT('2D SPACE',''
  ) );
#5234 = PCURVE('',#3238,#5235);
#5235 = DEFINITIONAL_REPRESENTATION('',(#5236),#5240);
#5236 = ELLIPSE('',#5237,0.250853449499,0.246689249021);
#5237 = AXIS2_PLACEMENT_2D('',#5238,#5239);
#5238 = CARTESIAN_POINT('',(-2.299497711492,2.299497711492));
#5239 = DIRECTION('',(-0.707106781187,0.707106781187));
#5240 = ( GEOMETRIC_REPRESENTATION_CONTEXT(2) 
PARAMETRIC_REPRESENTATION_CONTEXT() REPRESENTATION_CONTEXT('2D SPACE',''
  ) );
#5241 = ORIENTED_EDGE('',*,*,#5242,.T.);
#5242 = EDGE_CURVE('',#5206,#5243,#5245,.T.);
#5243 = VERTEX_POINT('',#5244);
#5244 = CARTESIAN_POINT('',(-2.25408456877,2.086995326117,12.55));
#5245 = SURFACE_CURVE('',#5246,(#5255,#5267),.PCURVE_S1.);
#5246 = B_SPLINE_CURVE_WITH_KNOTS('',7,(#5247,#5248,#5249,#5250,#5251,
    #5252,#5253,#5254),.UNSPECIFIED.,.F.,.F.,(8,8),(0.,1.),
  .PIECEWISE_BEZIER_KNOTS.);
#5247 = CARTESIAN_POINT('',(-2.287013969064,2.050856855001,12.8000006));
#5248 = CARTESIAN_POINT('',(-2.283397920209,2.054889293552,
    12.763032536267));
#5249 = CARTESIAN_POINT('',(-2.279487920312,2.05923284859,
    12.726346106071));
#5250 = CARTESIAN_POINT('',(-2.275252586749,2.063917731976,
    12.689979978456));
#5251 = CARTESIAN_POINT('',(-2.270654346367,2.0689798655,12.654007477381
    ));
#5252 = CARTESIAN_POINT('',(-2.265642660251,2.074467230459,
    12.618552412865));
#5253 = CARTESIAN_POINT('',(-2.260155965274,2.080437841497,
    12.583785097618));
#5254 = CARTESIAN_POINT('',(-2.254084460946,2.086995442573,12.5499994));
#5255 = PCURVE('',#1433,#5256);
#5256 = DEFINITIONAL_REPRESENTATION('',(#5257),#5266);
#5257 = B_SPLINE_CURVE_WITH_KNOTS('',7,(#5258,#5259,#5260,#5261,#5262,
    #5263,#5264,#5265),.UNSPECIFIED.,.F.,.F.,(8,8),(0.,1.),
  .PIECEWISE_BEZIER_KNOTS.);
#5258 = CARTESIAN_POINT('',(1.524147676879,-1.914456031771));
#5259 = CARTESIAN_POINT('',(1.490261043647,-1.878047742416));
#5260 = CARTESIAN_POINT('',(1.45560342396,-1.841914213687));
#5261 = CARTESIAN_POINT('',(1.420006916069,-1.806093623393));
#5262 = CARTESIAN_POINT('',(1.383286032655,-1.770658291083));
#5263 = CARTESIAN_POINT('',(1.345198268718,-1.735730301203));
#5264 = CARTESIAN_POINT('',(1.305451822544,-1.701477596644));
#5265 = CARTESIAN_POINT('',(1.263504681231,-1.668189948238));
#5266 = ( GEOMETRIC_REPRESENTATION_CONTEXT(2) 
PARAMETRIC_REPRESENTATION_CONTEXT() REPRESENTATION_CONTEXT('2D SPACE',''
  ) );
#5267 = PCURVE('',#4161,#5268);
#5268 = DEFINITIONAL_REPRESENTATION('',(#5269),#5278);
#5269 = B_SPLINE_CURVE_WITH_KNOTS('',7,(#5270,#5271,#5272,#5273,#5274,
    #5275,#5276,#5277),.UNSPECIFIED.,.F.,.F.,(8,8),(0.,1.),
  .PIECEWISE_BEZIER_KNOTS.);
#5270 = CARTESIAN_POINT('',(3.87260371553,-0.2500006));
#5271 = CARTESIAN_POINT('',(3.874366904826,-0.213032536267));
#5272 = CARTESIAN_POINT('',(3.876269381602,-0.176346106071));
#5273 = CARTESIAN_POINT('',(3.878325297729,-0.139979978456));
#5274 = CARTESIAN_POINT('',(3.880551539466,-0.104007477381));
#5275 = CARTESIAN_POINT('',(3.882970747506,-6.855241286536E-02));
#5276 = CARTESIAN_POINT('',(3.885610403087,-3.378509761796E-02));
#5277 = CARTESIAN_POINT('',(3.888519611322,6.000000000173E-07));
#5278 = ( GEOMETRIC_REPRESENTATION_CONTEXT(2) 
PARAMETRIC_REPRESENTATION_CONTEXT() REPRESENTATION_CONTEXT('2D SPACE',''
  ) );
#5279 = ORIENTED_EDGE('',*,*,#5280,.F.);
#5280 = EDGE_CURVE('',#5281,#5243,#5283,.T.);
#5281 = VERTEX_POINT('',#5282);
#5282 = CARTESIAN_POINT('',(-2.574955208978,2.417391570713,12.55));
#5283 = SURFACE_CURVE('',#5284,(#5289,#5309),.PCURVE_S1.);
#5284 = ELLIPSE('',#5285,0.25817977688,0.253893958396);
#5285 = AXIS2_PLACEMENT_3D('',#5286,#5287,#5288);
#5286 = CARTESIAN_POINT('',(-2.332129137489,2.332129137489,12.55));
#5287 = DIRECTION('',(0.,0.,1.));
#5288 = DIRECTION('',(-0.707106781187,0.707106781187,0.));
#5289 = PCURVE('',#1433,#5290);
#5290 = DEFINITIONAL_REPRESENTATION('',(#5291),#5308);
#5291 = B_SPLINE_CURVE_WITH_KNOTS('',8,(#5292,#5293,#5294,#5295,#5296,
    #5297,#5298,#5299,#5300,#5301,#5302,#5303,#5304,#5305,#5306,#5307),
  .UNSPECIFIED.,.F.,.F.,(9,7,9),(0.454287560914,0.773377403746,
    2.657560955566),.UNSPECIFIED.);
#5292 = CARTESIAN_POINT('',(3.46662914116,-1.584662845715));
#5293 = CARTESIAN_POINT('',(3.426929917318,-1.585482488034));
#5294 = CARTESIAN_POINT('',(3.387226562247,-1.58637863475));
#5295 = CARTESIAN_POINT('',(3.347518625155,-1.587349297756));
#5296 = CARTESIAN_POINT('',(3.307805668846,-1.588392229592));
#5297 = CARTESIAN_POINT('',(3.268087271916,-1.589504934025));
#5298 = CARTESIAN_POINT('',(3.228363030807,-1.59068467909));
#5299 = CARTESIAN_POINT('',(3.188632561684,-1.59192851255));
#5300 = CARTESIAN_POINT('',(2.914253391585,-1.600937757532));
#5301 = CARTESIAN_POINT('',(2.679381497312,-1.610766909927));
#5302 = CARTESIAN_POINT('',(2.444205517924,-1.622067273297));
#5303 = CARTESIAN_POINT('',(2.208677388197,-1.633941272336));
#5304 = CARTESIAN_POINT('',(1.972789084578,-1.645344259621));
#5305 = CARTESIAN_POINT('',(1.736578653823,-1.655298023885));
#5306 = CARTESIAN_POINT('',(1.500119854298,-1.663058043235));
#5307 = CARTESIAN_POINT('',(1.263505405293,-1.668190477977));
#5308 = ( GEOMETRIC_REPRESENTATION_CONTEXT(2) 
PARAMETRIC_REPRESENTATION_CONTEXT() REPRESENTATION_CONTEXT('2D SPACE',''
  ) );
#5309 = PCURVE('',#4123,#5310);
#5310 = DEFINITIONAL_REPRESENTATION('',(#5311),#5315);
#5311 = ELLIPSE('',#5312,0.25817977688,0.253893958396);
#5312 = AXIS2_PLACEMENT_2D('',#5313,#5314);
#5313 = CARTESIAN_POINT('',(-2.332129137489,2.332129137489));
#5314 = DIRECTION('',(-0.707106781187,0.707106781187));
#5315 = ( GEOMETRIC_REPRESENTATION_CONTEXT(2) 
PARAMETRIC_REPRESENTATION_CONTEXT() REPRESENTATION_CONTEXT('2D SPACE',''
  ) );
#5316 = ORIENTED_EDGE('',*,*,#5317,.F.);
#5317 = EDGE_CURVE('',#5318,#5281,#5320,.T.);
#5318 = VERTEX_POINT('',#5319);
#5319 = CARTESIAN_POINT('',(-2.417391570713,2.574955208978,12.55));
#5320 = SURFACE_CURVE('',#5321,(#5352,#5386),.PCURVE_S1.);
#5321 = B_SPLINE_CURVE_WITH_KNOTS('',5,(#5322,#5323,#5324,#5325,#5326,
    #5327,#5328,#5329,#5330,#5331,#5332,#5333,#5334,#5335,#5336,#5337,
    #5338,#5339,#5340,#5341,#5342,#5343,#5344,#5345,#5346,#5347,#5348,
    #5349,#5350,#5351),.UNSPECIFIED.,.F.,.F.,(6,4,4,4,4,4,4,6),(0.,
    0.227377259818,0.32460749647,0.499595685765,0.619021179605,
    0.676630967803,0.773945231818,1.),.UNSPECIFIED.);
#5322 = CARTESIAN_POINT('',(-2.417391366299,2.574955400885,12.5499994));
#5323 = CARTESIAN_POINT('',(-2.423391891457,2.569322053719,
    12.567612234254));
#5324 = CARTESIAN_POINT('',(-2.429691265953,2.56337524395,
    12.584226952606));
#5325 = CARTESIAN_POINT('',(-2.436311823487,2.557087191303,
    12.599646559558));
#5326 = CARTESIAN_POINT('',(-2.443262876109,2.550440063541,
    12.613554129952));
#5327 = CARTESIAN_POINT('',(-2.453628936063,2.540452709373,
    12.630718795625));
#5328 = CARTESIAN_POINT('',(-2.456790137895,2.53739786687,
    12.635515197275));
#5329 = CARTESIAN_POINT('',(-2.460005498845,2.534280972389,
    12.639936219606));
#5330 = CARTESIAN_POINT('',(-2.463271043697,2.531105190458,
    12.643951640601));
#5331 = CARTESIAN_POINT('',(-2.472537751394,2.522063177345,
    12.653974100722));
#5332 = CARTESIAN_POINT('',(-2.478640120422,2.516074523813,
    12.659008691199));
#5333 = CARTESIAN_POINT('',(-2.484848004935,2.509944919032,
    12.662458235163));
#5334 = CARTESIAN_POINT('',(-2.491105959914,2.50372626987,12.66419060279
    ));
#5335 = CARTESIAN_POINT('',(-2.501600095603,2.493232747873,
    12.664217649182));
#5336 = CARTESIAN_POINT('',(-2.505848392326,2.488966562238,
    12.66342924284));
#5337 = CARTESIAN_POINT('',(-2.510066510666,2.48471240429,12.66184101296
    ));
#5338 = CARTESIAN_POINT('',(-2.514235836301,2.480489623766,
    12.659480494832));
#5339 = CARTESIAN_POINT('',(-2.520321129982,2.474301055471,
    12.654903360335));
#5340 = CARTESIAN_POINT('',(-2.522286500384,2.472298303178,
    12.65324459838));
#5341 = CARTESIAN_POINT('',(-2.524235367037,2.470308414544,
    12.651421587401));
#5342 = CARTESIAN_POINT('',(-2.526166371466,2.468332897976,
    12.64943993713));
#5343 = CARTESIAN_POINT('',(-2.531308273305,2.463062352476,
    12.64370087233));
#5344 = CARTESIAN_POINT('',(-2.534484000756,2.459796323578,
    12.639660606661));
#5345 = CARTESIAN_POINT('',(-2.537600589033,2.456580746306,
    12.635215188889));
#5346 = CARTESIAN_POINT('',(-2.540654915701,2.453419556135,
    12.630394926693));
#5347 = CARTESIAN_POINT('',(-2.550593296482,2.443102628612,
    12.613233098576));
#5348 = CARTESIAN_POINT('',(-2.557195901051,2.436197360386,
    12.59937973664));
#5349 = CARTESIAN_POINT('',(-2.563443791279,2.429618654181,
    12.584035398132));
#5350 = CARTESIAN_POINT('',(-2.569354534417,2.423357293687,
    12.567510682345));
#5351 = CARTESIAN_POINT('',(-2.574955400885,2.417391366299,12.5499994));
#5352 = PCURVE('',#1433,#5353);
#5353 = DEFINITIONAL_REPRESENTATION('',(#5354),#5385);
#5354 = B_SPLINE_CURVE_WITH_KNOTS('',5,(#5355,#5356,#5357,#5358,#5359,
    #5360,#5361,#5362,#5363,#5364,#5365,#5366,#5367,#5368,#5369,#5370,
    #5371,#5372,#5373,#5374,#5375,#5376,#5377,#5378,#5379,#5380,#5381,
    #5382,#5383,#5384),.UNSPECIFIED.,.F.,.F.,(6,4,4,4,4,4,4,6),(0.,
    0.227377259818,0.32460749647,0.499595685765,0.619021179605,
    0.676630967803,0.773945231818,1.),.UNSPECIFIED.);
#5355 = CARTESIAN_POINT('',(4.37062866993,-1.584662240772));
#5356 = CARTESIAN_POINT('',(4.335711323043,-1.601935844147));
#5357 = CARTESIAN_POINT('',(4.299426799385,-1.618229761281));
#5358 = CARTESIAN_POINT('',(4.261635923172,-1.633350962724));
#5359 = CARTESIAN_POINT('',(4.222261768234,-1.646988872812));
#5360 = CARTESIAN_POINT('',(4.163859549683,-1.663820262756));
#5361 = CARTESIAN_POINT('',(4.146088165076,-1.668523466911));
#5362 = CARTESIAN_POINT('',(4.128045244355,-1.672858530342));
#5363 = CARTESIAN_POINT('',(4.109746519686,-1.676795836291));
#5364 = CARTESIAN_POINT('',(4.057868648919,-1.686623238871));
#5365 = CARTESIAN_POINT('',(4.023761338419,-1.691559737628));
#5366 = CARTESIAN_POINT('',(3.98907350088,-1.694942025345));
#5367 = CARTESIAN_POINT('',(3.954052445415,-1.696640617577));
#5368 = CARTESIAN_POINT('',(3.895141874349,-1.696667136651));
#5369 = CARTESIAN_POINT('',(3.871242639058,-1.695894101694));
#5370 = CARTESIAN_POINT('',(3.847444116953,-1.694336837534));
#5371 = CARTESIAN_POINT('',(3.823835133439,-1.692022328421));
#5372 = CARTESIAN_POINT('',(3.789231386315,-1.687534358873));
#5373 = CARTESIAN_POINT('',(3.778032193636,-1.685907904686));
#5374 = CARTESIAN_POINT('',(3.766902314897,-1.68412039268));
#5375 = CARTESIAN_POINT('',(3.7558483984,-1.682177320312));
#5376 = CARTESIAN_POINT('',(3.726340878766,-1.676549946736));
#5377 = CARTESIAN_POINT('',(3.708038240537,-1.672588277272));
#5378 = CARTESIAN_POINT('',(3.689992588612,-1.668229290055));
#5379 = CARTESIAN_POINT('',(3.672219451599,-1.663502685785));
#5380 = CARTESIAN_POINT('',(3.614087070383,-1.646674065933));
#5381 = CARTESIAN_POINT('',(3.574967292433,-1.63308930341));
#5382 = CARTESIAN_POINT('',(3.537411559838,-1.618041905345));
#5383 = CARTESIAN_POINT('',(3.501343967211,-1.601836248173));
#5384 = CARTESIAN_POINT('',(3.466627946423,-1.584662240772));
#5385 = ( GEOMETRIC_REPRESENTATION_CONTEXT(2) 
PARAMETRIC_REPRESENTATION_CONTEXT() REPRESENTATION_CONTEXT('2D SPACE',''
  ) );
#5386 = PCURVE('',#3714,#5387);
#5387 = DEFINITIONAL_REPRESENTATION('',(#5388),#5419);
#5388 = B_SPLINE_CURVE_WITH_KNOTS('',5,(#5389,#5390,#5391,#5392,#5393,
    #5394,#5395,#5396,#5397,#5398,#5399,#5400,#5401,#5402,#5403,#5404,
    #5405,#5406,#5407,#5408,#5409,#5410,#5411,#5412,#5413,#5414,#5415,
    #5416,#5417,#5418),.UNSPECIFIED.,.F.,.F.,(6,4,4,4,4,4,4,6),(0.,
    0.227377259818,0.32460749647,0.499595685765,0.619021179605,
    0.676630967803,0.773945231818,1.),.UNSPECIFIED.);
#5389 = CARTESIAN_POINT('',(3.958541459692,5.99999903983E-07));
#5390 = CARTESIAN_POINT('',(3.956211118298,-1.76122342535E-02));
#5391 = CARTESIAN_POINT('',(3.953758341059,-3.42269526065E-02));
#5392 = CARTESIAN_POINT('',(3.951173108222,-4.96465595576E-02));
#5393 = CARTESIAN_POINT('',(3.948449997758,-6.355412995225E-02));
#5394 = CARTESIAN_POINT('',(3.944374398303,-8.071879562492E-02));
#5395 = CARTESIAN_POINT('',(3.943129722514,-8.551519727549E-02));
#5396 = CARTESIAN_POINT('',(3.941861810074,-8.993621960619E-02));
#5397 = CARTESIAN_POINT('',(3.940572088517,-9.395164060097E-02));
#5398 = CARTESIAN_POINT('',(3.936906280066,-0.103974100722));
#5399 = CARTESIAN_POINT('',(3.934485476617,-0.109008691199));
#5400 = CARTESIAN_POINT('',(3.932015392762,-0.112458235163));
#5401 = CARTESIAN_POINT('',(3.929517490248,-0.11419060279));
#5402 = CARTESIAN_POINT('',(3.925315616153,-0.114217649182));
#5403 = CARTESIAN_POINT('',(3.923610958062,-0.11342924284));
#5404 = CARTESIAN_POINT('',(3.921914739675,-0.11184101296));
#5405 = CARTESIAN_POINT('',(3.920234551454,-0.109480494832));
#5406 = CARTESIAN_POINT('',(3.917777152489,-0.104903360335));
#5407 = CARTESIAN_POINT('',(3.916982672058,-0.10324459838));
#5408 = CARTESIAN_POINT('',(3.916194063775,-0.101421587401));
#5409 = CARTESIAN_POINT('',(3.91541190087,-9.94399371295E-02));
#5410 = CARTESIAN_POINT('',(3.913327097868,-9.370087233036E-02));
#5411 = CARTESIAN_POINT('',(3.912037288812,-8.966060666142E-02));
#5412 = CARTESIAN_POINT('',(3.910769392734,-8.521518888851E-02));
#5413 = CARTESIAN_POINT('',(3.909524820806,-8.039492669328E-02));
#5414 = CARTESIAN_POINT('',(3.905468859993,-6.323309857615E-02));
#5415 = CARTESIAN_POINT('',(3.902763830463,-4.937973664049E-02));
#5416 = CARTESIAN_POINT('',(3.900195020281,-3.403539813196E-02));
#5417 = CARTESIAN_POINT('',(3.897757079417,-1.751068234494E-02));
#5418 = CARTESIAN_POINT('',(3.895440174283,6.000000000034E-07));
#5419 = ( GEOMETRIC_REPRESENTATION_CONTEXT(2) 
PARAMETRIC_REPRESENTATION_CONTEXT() REPRESENTATION_CONTEXT('2D SPACE',''
  ) );
#5420 = ORIENTED_EDGE('',*,*,#5421,.F.);
#5421 = EDGE_CURVE('',#4933,#5318,#5422,.T.);
#5422 = SURFACE_CURVE('',#5423,(#5428,#5441),.PCURVE_S1.);
#5423 = ELLIPSE('',#5424,0.25817977688,0.253893958396);
#5424 = AXIS2_PLACEMENT_3D('',#5425,#5426,#5427);
#5425 = CARTESIAN_POINT('',(-2.332129137489,2.332129137489,12.55));
#5426 = DIRECTION('',(0.,0.,1.));
#5427 = DIRECTION('',(-0.707106781187,0.707106781187,0.));
#5428 = PCURVE('',#1433,#5429);
#5429 = DEFINITIONAL_REPRESENTATION('',(#5430),#5440);
#5430 = B_SPLINE_CURVE_WITH_KNOTS('',8,(#5431,#5432,#5433,#5434,#5435,
    #5436,#5437,#5438,#5439),.UNSPECIFIED.,.F.,.F.,(9,9),(3.914970055298
    ,5.828897746266),.PIECEWISE_BEZIER_KNOTS.);
#5431 = CARTESIAN_POINT('',(6.28318530718,-1.660249833072));
#5432 = CARTESIAN_POINT('',(6.043049444857,-1.652423730632));
#5433 = CARTESIAN_POINT('',(5.803154266419,-1.642405343108));
#5434 = CARTESIAN_POINT('',(5.563577602596,-1.630879572254));
#5435 = CARTESIAN_POINT('',(5.324368008937,-1.61879121489));
#5436 = CARTESIAN_POINT('',(5.08552853429,-1.607240018091));
#5437 = CARTESIAN_POINT('',(4.847014654796,-1.597247789574));
#5438 = CARTESIAN_POINT('',(4.60874673327,-1.589579142768));
#5439 = CARTESIAN_POINT('',(4.370627461176,-1.584662889856));
#5440 = ( GEOMETRIC_REPRESENTATION_CONTEXT(2) 
PARAMETRIC_REPRESENTATION_CONTEXT() REPRESENTATION_CONTEXT('2D SPACE',''
  ) );
#5441 = PCURVE('',#4994,#5442);
#5442 = DEFINITIONAL_REPRESENTATION('',(#5443),#5447);
#5443 = ELLIPSE('',#5444,0.25817977688,0.253893958396);
#5444 = AXIS2_PLACEMENT_2D('',#5445,#5446);
#5445 = CARTESIAN_POINT('',(-2.332129137489,2.332129137489));
#5446 = DIRECTION('',(-0.707106781187,0.707106781187));
#5447 = ( GEOMETRIC_REPRESENTATION_CONTEXT(2) 
PARAMETRIC_REPRESENTATION_CONTEXT() REPRESENTATION_CONTEXT('2D SPACE',''
  ) );
#5448 = ORIENTED_EDGE('',*,*,#4932,.F.);
#5449 = ORIENTED_EDGE('',*,*,#1416,.T.);
#5450 = ORIENTED_EDGE('',*,*,#2858,.F.);
#5451 = ORIENTED_EDGE('',*,*,#5452,.T.);
#5452 = EDGE_CURVE('',#2827,#2795,#5453,.T.);
#5453 = SURFACE_CURVE('',#5454,(#5459,#5466),.PCURVE_S1.);
#5454 = CIRCLE('',#5455,0.3);
#5455 = AXIS2_PLACEMENT_3D('',#5456,#5457,#5458);
#5456 = CARTESIAN_POINT('',(-2.539842705208,2.539842705208,10.95));
#5457 = DIRECTION('',(0.128254195209,-0.128254195209,0.983413302138));
#5458 = DIRECTION('',(0.991602623083,-4.640385298238E-14,-0.129322225065
    ));
#5459 = PCURVE('',#1433,#5460);
#5460 = DEFINITIONAL_REPRESENTATION('',(#5461),#5465);
#5461 = LINE('',#5462,#5463);
#5462 = CARTESIAN_POINT('',(6.28318530718,0.));
#5463 = VECTOR('',#5464,1.);
#5464 = DIRECTION('',(-1.,-0.));
#5465 = ( GEOMETRIC_REPRESENTATION_CONTEXT(2) 
PARAMETRIC_REPRESENTATION_CONTEXT() REPRESENTATION_CONTEXT('2D SPACE',''
  ) );
#5466 = PCURVE('',#2846,#5467);
#5467 = DEFINITIONAL_REPRESENTATION('',(#5468),#5472);
#5468 = CIRCLE('',#5469,0.3);
#5469 = AXIS2_PLACEMENT_2D('',#5470,#5471);
#5470 = CARTESIAN_POINT('',(0.,0.));
#5471 = DIRECTION('',(1.,-6.938893903907E-18));
#5472 = ( GEOMETRIC_REPRESENTATION_CONTEXT(2) 
PARAMETRIC_REPRESENTATION_CONTEXT() REPRESENTATION_CONTEXT('2D SPACE',''
  ) );
#5473 = ORIENTED_EDGE('',*,*,#2794,.F.);
#5474 = ORIENTED_EDGE('',*,*,#1548,.T.);
#5475 = ADVANCED_FACE('',(#5476),#1514,.T.);
#5476 = FACE_BOUND('',#5477,.T.);
#5477 = EDGE_LOOP('',(#5478,#5479));
#5478 = ORIENTED_EDGE('',*,*,#1497,.T.);
#5479 = ORIENTED_EDGE('',*,*,#4733,.F.);
#5480 = ADVANCED_FACE('',(#5481),#1286,.T.);
#5481 = FACE_BOUND('',#5482,.T.);
#5482 = EDGE_LOOP('',(#5483,#5514,#5548,#5571,#5608,#5646,#5683,#5787,
    #5817,#5840,#5862,#5863,#5864,#6062,#6063,#6064,#6086,#6087,#6117,
    #6155,#6183,#6184));
#5483 = ORIENTED_EDGE('',*,*,#5484,.F.);
#5484 = EDGE_CURVE('',#5485,#5487,#5489,.T.);
#5485 = VERTEX_POINT('',#5486);
#5486 = CARTESIAN_POINT('',(1.945873009012,2.228715721486,14.42));
#5487 = VERTEX_POINT('',#5488);
#5488 = CARTESIAN_POINT('',(2.228715721486,1.945873009012,14.42));
#5489 = SURFACE_CURVE('',#5490,(#5495,#5502),.PCURVE_S1.);
#5490 = CIRCLE('',#5491,0.2);
#5491 = AXIS2_PLACEMENT_3D('',#5492,#5493,#5494);
#5492 = CARTESIAN_POINT('',(2.087294365249,2.087294365249,14.42));
#5493 = DIRECTION('',(-0.128254195209,-0.128254195209,0.983413302138));
#5494 = DIRECTION('',(0.991602623083,4.640385298238E-14,0.129322225065)
  );
#5495 = PCURVE('',#1286,#5496);
#5496 = DEFINITIONAL_REPRESENTATION('',(#5497),#5501);
#5497 = LINE('',#5498,#5499);
#5498 = CARTESIAN_POINT('',(6.28318530718,-3.528526604689));
#5499 = VECTOR('',#5500,1.);
#5500 = DIRECTION('',(-1.,-0.));
#5501 = ( GEOMETRIC_REPRESENTATION_CONTEXT(2) 
PARAMETRIC_REPRESENTATION_CONTEXT() REPRESENTATION_CONTEXT('2D SPACE',''
  ) );
#5502 = PCURVE('',#5503,#5508);
#5503 = PLANE('',#5504);
#5504 = AXIS2_PLACEMENT_3D('',#5505,#5506,#5507);
#5505 = CARTESIAN_POINT('',(2.087294365249,2.087294365249,14.42));
#5506 = DIRECTION('',(-0.128254195209,-0.128254195209,0.983413302138));
#5507 = DIRECTION('',(0.991602623083,4.640038353543E-14,0.129322225065)
  );
#5508 = DEFINITIONAL_REPRESENTATION('',(#5509),#5513);
#5509 = CIRCLE('',#5510,0.2);
#5510 = AXIS2_PLACEMENT_2D('',#5511,#5512);
#5511 = CARTESIAN_POINT('',(0.,0.));
#5512 = DIRECTION('',(1.,6.938893903907E-18));
#5513 = ( GEOMETRIC_REPRESENTATION_CONTEXT(2) 
PARAMETRIC_REPRESENTATION_CONTEXT() REPRESENTATION_CONTEXT('2D SPACE',''
  ) );
#5514 = ORIENTED_EDGE('',*,*,#5515,.F.);
#5515 = EDGE_CURVE('',#5516,#5485,#5518,.T.);
#5516 = VERTEX_POINT('',#5517);
#5517 = CARTESIAN_POINT('',(2.289742560402,2.090680157026,14.42));
#5518 = SURFACE_CURVE('',#5519,(#5524,#5536),.PCURVE_S1.);
#5519 = ELLIPSE('',#5520,0.203378848075,0.200002732267);
#5520 = AXIS2_PLACEMENT_3D('',#5521,#5522,#5523);
#5521 = CARTESIAN_POINT('',(2.088046071027,2.088046071027,14.42));
#5522 = DIRECTION('',(0.,0.,1.));
#5523 = DIRECTION('',(0.707106781187,0.707106781187,-0.));
#5524 = PCURVE('',#1286,#5525);
#5525 = DEFINITIONAL_REPRESENTATION('',(#5526),#5535);
#5526 = B_SPLINE_CURVE_WITH_KNOTS('',7,(#5527,#5528,#5529,#5530,#5531,
    #5532,#5533,#5534),.UNSPECIFIED.,.F.,.F.,(8,8),(5.502477740382,
    7.859208713175),.PIECEWISE_BEZIER_KNOTS.);
#5527 = CARTESIAN_POINT('',(6.28318530718,-3.502127532349));
#5528 = CARTESIAN_POINT('',(5.947759617171,-3.493386904149));
#5529 = CARTESIAN_POINT('',(5.612816782934,-3.48811305999));
#5530 = CARTESIAN_POINT('',(5.278125576654,-3.487914324961));
#5531 = CARTESIAN_POINT('',(4.943322863516,-3.493485814189));
#5532 = CARTESIAN_POINT('',(4.608022931012,-3.503663550712));
#5533 = CARTESIAN_POINT('',(4.272033778496,-3.516107268106));
#5534 = CARTESIAN_POINT('',(3.935353325799,-3.528526604689));
#5535 = ( GEOMETRIC_REPRESENTATION_CONTEXT(2) 
PARAMETRIC_REPRESENTATION_CONTEXT() REPRESENTATION_CONTEXT('2D SPACE',''
  ) );
#5536 = PCURVE('',#5537,#5542);
#5537 = PLANE('',#5538);
#5538 = AXIS2_PLACEMENT_3D('',#5539,#5540,#5541);
#5539 = CARTESIAN_POINT('',(2.087294365249,2.087294365249,14.42));
#5540 = DIRECTION('',(0.,0.,1.));
#5541 = DIRECTION('',(1.,0.,-0.));
#5542 = DEFINITIONAL_REPRESENTATION('',(#5543),#5547);
#5543 = ELLIPSE('',#5544,0.203378848075,0.200002732267);
#5544 = AXIS2_PLACEMENT_2D('',#5545,#5546);
#5545 = CARTESIAN_POINT('',(7.517057780002E-04,7.517057780002E-04));
#5546 = DIRECTION('',(0.707106781187,0.707106781187));
#5547 = ( GEOMETRIC_REPRESENTATION_CONTEXT(2) 
PARAMETRIC_REPRESENTATION_CONTEXT() REPRESENTATION_CONTEXT('2D SPACE',''
  ) );
#5548 = ORIENTED_EDGE('',*,*,#5549,.F.);
#5549 = EDGE_CURVE('',#5550,#5516,#5552,.T.);
#5550 = VERTEX_POINT('',#5551);
#5551 = CARTESIAN_POINT('',(2.548276090317,2.302746670592,12.8));
#5552 = SEAM_CURVE('',#5553,(#5557,#5564),.PCURVE_S1.);
#5553 = LINE('',#5554,#5555);
#5554 = CARTESIAN_POINT('',(2.837323492133,2.539842705208,
    10.988796667519));
#5555 = VECTOR('',#5556,1.);
#5556 = DIRECTION('',(-0.156293897314,-0.128202720574,0.979355032713));
#5557 = PCURVE('',#1286,#5558);
#5558 = DEFINITIONAL_REPRESENTATION('',(#5559),#5563);
#5559 = LINE('',#5560,#5561);
#5560 = CARTESIAN_POINT('',(6.28318530718,0.));
#5561 = VECTOR('',#5562,1.);
#5562 = DIRECTION('',(-0.,-1.));
#5563 = ( GEOMETRIC_REPRESENTATION_CONTEXT(2) 
PARAMETRIC_REPRESENTATION_CONTEXT() REPRESENTATION_CONTEXT('2D SPACE',''
  ) );
#5564 = PCURVE('',#1286,#5565);
#5565 = DEFINITIONAL_REPRESENTATION('',(#5566),#5570);
#5566 = LINE('',#5567,#5568);
#5567 = CARTESIAN_POINT('',(-4.138911435803E-13,0.));
#5568 = VECTOR('',#5569,1.);
#5569 = DIRECTION('',(-0.,-1.));
#5570 = ( GEOMETRIC_REPRESENTATION_CONTEXT(2) 
PARAMETRIC_REPRESENTATION_CONTEXT() REPRESENTATION_CONTEXT('2D SPACE',''
  ) );
#5571 = ORIENTED_EDGE('',*,*,#5572,.T.);
#5572 = EDGE_CURVE('',#5550,#5573,#5575,.T.);
#5573 = VERTEX_POINT('',#5574);
#5574 = CARTESIAN_POINT('',(2.050856920449,2.287013910375,12.8));
#5575 = SURFACE_CURVE('',#5576,(#5581,#5601),.PCURVE_S1.);
#5576 = ELLIPSE('',#5577,0.250853449499,0.246689249021);
#5577 = AXIS2_PLACEMENT_3D('',#5578,#5579,#5580);
#5578 = CARTESIAN_POINT('',(2.299497711492,2.299497711492,12.8));
#5579 = DIRECTION('',(0.,0.,1.));
#5580 = DIRECTION('',(0.707106781187,0.707106781187,-0.));
#5581 = PCURVE('',#1286,#5582);
#5582 = DEFINITIONAL_REPRESENTATION('',(#5583),#5600);
#5583 = B_SPLINE_CURVE_WITH_KNOTS('',8,(#5584,#5585,#5586,#5587,#5588,
    #5589,#5590,#5591,#5592,#5593,#5594,#5595,#5596,#5597,#5598,#5599),
  .UNSPECIFIED.,.F.,.F.,(9,7,9),(5.502477740382,8.644070393971,
    11.785663047561),.UNSPECIFIED.);
#5584 = CARTESIAN_POINT('',(6.28318530718,-1.848641553043));
#5585 = CARTESIAN_POINT('',(5.891944417253,-1.836066643852));
#5586 = CARTESIAN_POINT('',(5.501347180779,-1.829189409778));
#5587 = CARTESIAN_POINT('',(5.111050061941,-1.830957223947));
#5588 = CARTESIAN_POINT('',(4.72050734583,-1.842481431879));
#5589 = CARTESIAN_POINT('',(4.329120719933,-1.861435274706));
#5590 = CARTESIAN_POINT('',(3.936611592757,-1.882440985807));
#5591 = CARTESIAN_POINT('',(3.543107512706,-1.900713770645));
#5592 = CARTESIAN_POINT('',(2.754792764603,-1.925863589026));
#5593 = CARTESIAN_POINT('',(2.359982073262,-1.932740823101));
#5594 = CARTESIAN_POINT('',(1.964862086975,-1.930973008922));
#5595 = CARTESIAN_POINT('',(1.569989011284,-1.919448800987));
#5596 = CARTESIAN_POINT('',(1.175995535952,-1.900494958167));
#5597 = CARTESIAN_POINT('',(0.78312540674,-1.879489247072));
#5598 = CARTESIAN_POINT('',(0.391240889927,-1.861216462233));
#5599 = CARTESIAN_POINT('',(-4.138911435803E-13,-1.848641553043));
#5600 = ( GEOMETRIC_REPRESENTATION_CONTEXT(2) 
PARAMETRIC_REPRESENTATION_CONTEXT() REPRESENTATION_CONTEXT('2D SPACE',''
  ) );
#5601 = PCURVE('',#3238,#5602);
#5602 = DEFINITIONAL_REPRESENTATION('',(#5603),#5607);
#5603 = ELLIPSE('',#5604,0.250853449499,0.246689249021);
#5604 = AXIS2_PLACEMENT_2D('',#5605,#5606);
#5605 = CARTESIAN_POINT('',(2.299497711492,2.299497711492));
#5606 = DIRECTION('',(0.707106781187,0.707106781187));
#5607 = ( GEOMETRIC_REPRESENTATION_CONTEXT(2) 
PARAMETRIC_REPRESENTATION_CONTEXT() REPRESENTATION_CONTEXT('2D SPACE',''
  ) );
#5608 = ORIENTED_EDGE('',*,*,#5609,.T.);
#5609 = EDGE_CURVE('',#5573,#5610,#5612,.T.);
#5610 = VERTEX_POINT('',#5611);
#5611 = CARTESIAN_POINT('',(2.086995326117,2.25408456877,12.55));
#5612 = SURFACE_CURVE('',#5613,(#5622,#5634),.PCURVE_S1.);
#5613 = B_SPLINE_CURVE_WITH_KNOTS('',7,(#5614,#5615,#5616,#5617,#5618,
    #5619,#5620,#5621),.UNSPECIFIED.,.F.,.F.,(8,8),(0.,1.),
  .PIECEWISE_BEZIER_KNOTS.);
#5614 = CARTESIAN_POINT('',(2.050856855001,2.287013969064,12.8000006));
#5615 = CARTESIAN_POINT('',(2.054889293552,2.283397920209,
    12.763032536267));
#5616 = CARTESIAN_POINT('',(2.05923284859,2.279487920312,12.726346106071
    ));
#5617 = CARTESIAN_POINT('',(2.063917731976,2.275252586749,
    12.689979978457));
#5618 = CARTESIAN_POINT('',(2.0689798655,2.270654346367,12.654007477381)
  );
#5619 = CARTESIAN_POINT('',(2.074467230459,2.265642660251,
    12.618552412866));
#5620 = CARTESIAN_POINT('',(2.080437841497,2.260155965274,
    12.583785097618));
#5621 = CARTESIAN_POINT('',(2.086995442573,2.254084460946,12.5499994));
#5622 = PCURVE('',#1286,#5623);
#5623 = DEFINITIONAL_REPRESENTATION('',(#5624),#5633);
#5624 = B_SPLINE_CURVE_WITH_KNOTS('',7,(#5625,#5626,#5627,#5628,#5629,
    #5630,#5631,#5632),.UNSPECIFIED.,.F.,.F.,(8,8),(0.,1.),
  .PIECEWISE_BEZIER_KNOTS.);
#5625 = CARTESIAN_POINT('',(3.111669021296,-1.914456031771));
#5626 = CARTESIAN_POINT('',(3.077782388065,-1.878047742416));
#5627 = CARTESIAN_POINT('',(3.043124768377,-1.841914213687));
#5628 = CARTESIAN_POINT('',(3.007528260486,-1.806093623394));
#5629 = CARTESIAN_POINT('',(2.970807377073,-1.770658291083));
#5630 = CARTESIAN_POINT('',(2.932719613135,-1.735730301204));
#5631 = CARTESIAN_POINT('',(2.892973166962,-1.701477596644));
#5632 = CARTESIAN_POINT('',(2.851026025649,-1.668189948238));
#5633 = ( GEOMETRIC_REPRESENTATION_CONTEXT(2) 
PARAMETRIC_REPRESENTATION_CONTEXT() REPRESENTATION_CONTEXT('2D SPACE',''
  ) );
#5634 = PCURVE('',#5032,#5635);
#5635 = DEFINITIONAL_REPRESENTATION('',(#5636),#5645);
#5636 = B_SPLINE_CURVE_WITH_KNOTS('',7,(#5637,#5638,#5639,#5640,#5641,
    #5642,#5643,#5644),.UNSPECIFIED.,.F.,.F.,(8,8),(0.,1.),
  .PIECEWISE_BEZIER_KNOTS.);
#5637 = CARTESIAN_POINT('',(5.443400042325,-0.2500006));
#5638 = CARTESIAN_POINT('',(5.445163231621,-0.213032536267));
#5639 = CARTESIAN_POINT('',(5.447065708397,-0.176346106071));
#5640 = CARTESIAN_POINT('',(5.449121624524,-0.139979978457));
#5641 = CARTESIAN_POINT('',(5.451347866261,-0.104007477381));
#5642 = CARTESIAN_POINT('',(5.453767074301,-6.855241286566E-02));
#5643 = CARTESIAN_POINT('',(5.456406729882,-3.378509761793E-02));
#5644 = CARTESIAN_POINT('',(5.459315938116,6.000000000173E-07));
#5645 = ( GEOMETRIC_REPRESENTATION_CONTEXT(2) 
PARAMETRIC_REPRESENTATION_CONTEXT() REPRESENTATION_CONTEXT('2D SPACE',''
  ) );
#5646 = ORIENTED_EDGE('',*,*,#5647,.F.);
#5647 = EDGE_CURVE('',#5648,#5610,#5650,.T.);
#5648 = VERTEX_POINT('',#5649);
#5649 = CARTESIAN_POINT('',(2.417391570713,2.574955208978,12.55));
#5650 = SURFACE_CURVE('',#5651,(#5656,#5676),.PCURVE_S1.);
#5651 = ELLIPSE('',#5652,0.25817977688,0.253893958396);
#5652 = AXIS2_PLACEMENT_3D('',#5653,#5654,#5655);
#5653 = CARTESIAN_POINT('',(2.332129137489,2.332129137489,12.55));
#5654 = DIRECTION('',(0.,0.,1.));
#5655 = DIRECTION('',(0.707106781187,0.707106781187,-0.));
#5656 = PCURVE('',#1286,#5657);
#5657 = DEFINITIONAL_REPRESENTATION('',(#5658),#5675);
#5658 = B_SPLINE_CURVE_WITH_KNOTS('',8,(#5659,#5660,#5661,#5662,#5663,
    #5664,#5665,#5666,#5667,#5668,#5669,#5670,#5671,#5672,#5673,#5674),
  .UNSPECIFIED.,.F.,.F.,(9,7,9),(0.454287560914,2.360885084422,
    2.657560955566),.UNSPECIFIED.);
#5659 = CARTESIAN_POINT('',(5.054150499574,-1.584662889794));
#5660 = CARTESIAN_POINT('',(4.816943201871,-1.589560311367));
#5661 = CARTESIAN_POINT('',(4.57958839117,-1.597189084438));
#5662 = CARTESIAN_POINT('',(4.341989873298,-1.607125310331));
#5663 = CARTESIAN_POINT('',(4.104068856172,-1.618614402756));
#5664 = CARTESIAN_POINT('',(3.865781058021,-1.630648180101));
#5665 = CARTESIAN_POINT('',(3.627128948638,-1.642140336516));
#5666 = CARTESIAN_POINT('',(3.38815985233,-1.652154692226));
#5667 = CARTESIAN_POINT('',(3.11172794083,-1.661231340826));
#5668 = CARTESIAN_POINT('',(3.074499916759,-1.662401237079));
#5669 = CARTESIAN_POINT('',(3.037266356166,-1.663516283138));
#5670 = CARTESIAN_POINT('',(3.000027565647,-1.664574074619));
#5671 = CARTESIAN_POINT('',(2.962783867658,-1.665572369806));
#5672 = CARTESIAN_POINT('',(2.925535599254,-1.66650910058));
#5673 = CARTESIAN_POINT('',(2.888283110664,-1.667382381813));
#5674 = CARTESIAN_POINT('',(2.851026763715,-1.668190519179));
#5675 = ( GEOMETRIC_REPRESENTATION_CONTEXT(2) 
PARAMETRIC_REPRESENTATION_CONTEXT() REPRESENTATION_CONTEXT('2D SPACE',''
  ) );
#5676 = PCURVE('',#4994,#5677);
#5677 = DEFINITIONAL_REPRESENTATION('',(#5678),#5682);
#5678 = ELLIPSE('',#5679,0.25817977688,0.253893958396);
#5679 = AXIS2_PLACEMENT_2D('',#5680,#5681);
#5680 = CARTESIAN_POINT('',(2.332129137489,2.332129137489));
#5681 = DIRECTION('',(0.707106781187,0.707106781187));
#5682 = ( GEOMETRIC_REPRESENTATION_CONTEXT(2) 
PARAMETRIC_REPRESENTATION_CONTEXT() REPRESENTATION_CONTEXT('2D SPACE',''
  ) );
#5683 = ORIENTED_EDGE('',*,*,#5684,.F.);
#5684 = EDGE_CURVE('',#5685,#5648,#5687,.T.);
#5685 = VERTEX_POINT('',#5686);
#5686 = CARTESIAN_POINT('',(2.574955208978,2.417391570713,12.55));
#5687 = SURFACE_CURVE('',#5688,(#5719,#5753),.PCURVE_S1.);
#5688 = B_SPLINE_CURVE_WITH_KNOTS('',5,(#5689,#5690,#5691,#5692,#5693,
    #5694,#5695,#5696,#5697,#5698,#5699,#5700,#5701,#5702,#5703,#5704,
    #5705,#5706,#5707,#5708,#5709,#5710,#5711,#5712,#5713,#5714,#5715,
    #5716,#5717,#5718),.UNSPECIFIED.,.F.,.F.,(6,4,4,4,4,4,4,6),(0.,
    0.227377259818,0.32460749647,0.499595685765,0.619021179606,
    0.676630967804,0.773945231819,1.),.UNSPECIFIED.);
#5689 = CARTESIAN_POINT('',(2.574955400885,2.417391366299,12.5499994));
#5690 = CARTESIAN_POINT('',(2.569322053719,2.423391891457,
    12.567612234254));
#5691 = CARTESIAN_POINT('',(2.56337524395,2.429691265953,12.584226952607
    ));
#5692 = CARTESIAN_POINT('',(2.557087191303,2.436311823487,
    12.599646559558));
#5693 = CARTESIAN_POINT('',(2.550440063541,2.443262876109,
    12.613554129952));
#5694 = CARTESIAN_POINT('',(2.540452709373,2.453628936063,
    12.630718795625));
#5695 = CARTESIAN_POINT('',(2.53739786687,2.456790137896,12.635515197276
    ));
#5696 = CARTESIAN_POINT('',(2.534280972389,2.460005498845,
    12.639936219606));
#5697 = CARTESIAN_POINT('',(2.531105190458,2.463271043697,
    12.643951640601));
#5698 = CARTESIAN_POINT('',(2.522063177345,2.472537751394,
    12.653974100722));
#5699 = CARTESIAN_POINT('',(2.516074523812,2.478640120422,
    12.659008691199));
#5700 = CARTESIAN_POINT('',(2.509944919032,2.484848004935,
    12.662458235163));
#5701 = CARTESIAN_POINT('',(2.503726269869,2.491105959914,12.66419060279
    ));
#5702 = CARTESIAN_POINT('',(2.493232747873,2.501600095604,
    12.664217649182));
#5703 = CARTESIAN_POINT('',(2.488966562238,2.505848392326,12.66342924284
    ));
#5704 = CARTESIAN_POINT('',(2.48471240429,2.510066510666,12.66184101296)
  );
#5705 = CARTESIAN_POINT('',(2.480489623766,2.514235836301,
    12.659480494832));
#5706 = CARTESIAN_POINT('',(2.47430105547,2.520321129982,12.654903360335
    ));
#5707 = CARTESIAN_POINT('',(2.472298303177,2.522286500385,
    12.653244598379));
#5708 = CARTESIAN_POINT('',(2.470308414544,2.524235367037,12.6514215874)
  );
#5709 = CARTESIAN_POINT('',(2.468332897976,2.526166371467,
    12.649439937129));
#5710 = CARTESIAN_POINT('',(2.463062352476,2.531308273305,12.64370087233
    ));
#5711 = CARTESIAN_POINT('',(2.459796323578,2.534484000757,
    12.639660606661));
#5712 = CARTESIAN_POINT('',(2.456580746305,2.537600589034,
    12.635215188888));
#5713 = CARTESIAN_POINT('',(2.453419556135,2.540654915701,
    12.630394926693));
#5714 = CARTESIAN_POINT('',(2.443102628612,2.550593296482,
    12.613233098576));
#5715 = CARTESIAN_POINT('',(2.436197360385,2.557195901051,12.59937973664
    ));
#5716 = CARTESIAN_POINT('',(2.42961865418,2.563443791279,12.584035398132
    ));
#5717 = CARTESIAN_POINT('',(2.423357293687,2.569354534417,
    12.567510682345));
#5718 = CARTESIAN_POINT('',(2.417391366299,2.574955400885,12.5499994));
#5719 = PCURVE('',#1286,#5720);
#5720 = DEFINITIONAL_REPRESENTATION('',(#5721),#5752);
#5721 = B_SPLINE_CURVE_WITH_KNOTS('',5,(#5722,#5723,#5724,#5725,#5726,
    #5727,#5728,#5729,#5730,#5731,#5732,#5733,#5734,#5735,#5736,#5737,
    #5738,#5739,#5740,#5741,#5742,#5743,#5744,#5745,#5746,#5747,#5748,
    #5749,#5750,#5751),.UNSPECIFIED.,.F.,.F.,(6,4,4,4,4,4,4,6),(0.,
    0.227377259818,0.32460749647,0.499595685765,0.619021179606,
    0.676630967804,0.773945231819,1.),.UNSPECIFIED.);
#5722 = CARTESIAN_POINT('',(5.958150014347,-1.584662240772));
#5723 = CARTESIAN_POINT('',(5.92323266746,-1.601935844147));
#5724 = CARTESIAN_POINT('',(5.886948143802,-1.618229761281));
#5725 = CARTESIAN_POINT('',(5.849157267589,-1.633350962724));
#5726 = CARTESIAN_POINT('',(5.809783112651,-1.646988872812));
#5727 = CARTESIAN_POINT('',(5.7513808941,-1.663820262756));
#5728 = CARTESIAN_POINT('',(5.733609509493,-1.668523466911));
#5729 = CARTESIAN_POINT('',(5.715566588772,-1.672858530343));
#5730 = CARTESIAN_POINT('',(5.697267864103,-1.676795836291));
#5731 = CARTESIAN_POINT('',(5.645389993336,-1.686623238871));
#5732 = CARTESIAN_POINT('',(5.611282682835,-1.691559737628));
#5733 = CARTESIAN_POINT('',(5.576594845297,-1.694942025345));
#5734 = CARTESIAN_POINT('',(5.541573789831,-1.696640617577));
#5735 = CARTESIAN_POINT('',(5.482663218766,-1.696667136651));
#5736 = CARTESIAN_POINT('',(5.458763983475,-1.695894101694));
#5737 = CARTESIAN_POINT('',(5.434965461369,-1.694336837534));
#5738 = CARTESIAN_POINT('',(5.411356477856,-1.692022328421));
#5739 = CARTESIAN_POINT('',(5.376752730732,-1.687534358873));
#5740 = CARTESIAN_POINT('',(5.365553538052,-1.685907904685));
#5741 = CARTESIAN_POINT('',(5.354423659314,-1.68412039268));
#5742 = CARTESIAN_POINT('',(5.343369742817,-1.682177320312));
#5743 = CARTESIAN_POINT('',(5.313862223183,-1.676549946735));
#5744 = CARTESIAN_POINT('',(5.295559584953,-1.672588277272));
#5745 = CARTESIAN_POINT('',(5.277513933028,-1.668229290054));
#5746 = CARTESIAN_POINT('',(5.259740796015,-1.663502685784));
#5747 = CARTESIAN_POINT('',(5.2016084148,-1.646674065933));
#5748 = CARTESIAN_POINT('',(5.16248863685,-1.63308930341));
#5749 = CARTESIAN_POINT('',(5.124932904255,-1.618041905345));
#5750 = CARTESIAN_POINT('',(5.088865311628,-1.601836248173));
#5751 = CARTESIAN_POINT('',(5.054149290841,-1.584662240772));
#5752 = ( GEOMETRIC_REPRESENTATION_CONTEXT(2) 
PARAMETRIC_REPRESENTATION_CONTEXT() REPRESENTATION_CONTEXT('2D SPACE',''
  ) );
#5753 = PCURVE('',#3714,#5754);
#5754 = DEFINITIONAL_REPRESENTATION('',(#5755),#5786);
#5755 = B_SPLINE_CURVE_WITH_KNOTS('',5,(#5756,#5757,#5758,#5759,#5760,
    #5761,#5762,#5763,#5764,#5765,#5766,#5767,#5768,#5769,#5770,#5771,
    #5772,#5773,#5774,#5775,#5776,#5777,#5778,#5779,#5780,#5781,#5782,
    #5783,#5784,#5785),.UNSPECIFIED.,.F.,.F.,(6,4,4,4,4,4,4,6),(0.,
    0.227377259818,0.32460749647,0.499595685765,0.619021179606,
    0.676630967804,0.773945231819,1.),.UNSPECIFIED.);
#5756 = CARTESIAN_POINT('',(5.529337786487,5.999999217465E-07));
#5757 = CARTESIAN_POINT('',(5.527007445093,-1.761223425351E-02));
#5758 = CARTESIAN_POINT('',(5.524554667854,-3.422695260654E-02));
#5759 = CARTESIAN_POINT('',(5.521969435017,-4.964655955766E-02));
#5760 = CARTESIAN_POINT('',(5.519246324553,-6.355412995232E-02));
#5761 = CARTESIAN_POINT('',(5.515170725098,-8.071879562499E-02));
#5762 = CARTESIAN_POINT('',(5.513926049309,-8.551519727557E-02));
#5763 = CARTESIAN_POINT('',(5.512658136869,-8.993621960628E-02));
#5764 = CARTESIAN_POINT('',(5.511368415312,-9.395164060105E-02));
#5765 = CARTESIAN_POINT('',(5.507702606861,-0.103974100722));
#5766 = CARTESIAN_POINT('',(5.505281803411,-0.109008691199));
#5767 = CARTESIAN_POINT('',(5.502811719557,-0.112458235163));
#5768 = CARTESIAN_POINT('',(5.500313817043,-0.11419060279));
#5769 = CARTESIAN_POINT('',(5.496111942948,-0.114217649182));
#5770 = CARTESIAN_POINT('',(5.494407284857,-0.11342924284));
#5771 = CARTESIAN_POINT('',(5.49271106647,-0.11184101296));
#5772 = CARTESIAN_POINT('',(5.491030878249,-0.109480494832));
#5773 = CARTESIAN_POINT('',(5.488573479284,-0.104903360335));
#5774 = CARTESIAN_POINT('',(5.487778998853,-0.103244598379));
#5775 = CARTESIAN_POINT('',(5.48699039057,-0.1014215874));
#5776 = CARTESIAN_POINT('',(5.486208227665,-9.943993712932E-02));
#5777 = CARTESIAN_POINT('',(5.484123424663,-9.370087233014E-02));
#5778 = CARTESIAN_POINT('',(5.482833615607,-8.966060666115E-02));
#5779 = CARTESIAN_POINT('',(5.481565719528,-8.521518888821E-02));
#5780 = CARTESIAN_POINT('',(5.480321147601,-8.039492669296E-02));
#5781 = CARTESIAN_POINT('',(5.476265186788,-6.323309857583E-02));
#5782 = CARTESIAN_POINT('',(5.473560157257,-4.937973664021E-02));
#5783 = CARTESIAN_POINT('',(5.470991347076,-3.403539813176E-02));
#5784 = CARTESIAN_POINT('',(5.468553406212,-1.751068234483E-02));
#5785 = CARTESIAN_POINT('',(5.466236501078,6.000000000034E-07));
#5786 = ( GEOMETRIC_REPRESENTATION_CONTEXT(2) 
PARAMETRIC_REPRESENTATION_CONTEXT() REPRESENTATION_CONTEXT('2D SPACE',''
  ) );
#5787 = ORIENTED_EDGE('',*,*,#5788,.F.);
#5788 = EDGE_CURVE('',#5789,#5685,#5791,.T.);
#5789 = VERTEX_POINT('',#5790);
#5790 = CARTESIAN_POINT('',(2.588173239996,2.335472984414,12.55));
#5791 = SURFACE_CURVE('',#5792,(#5797,#5810),.PCURVE_S1.);
#5792 = ELLIPSE('',#5793,0.25817977688,0.253893958396);
#5793 = AXIS2_PLACEMENT_3D('',#5794,#5795,#5796);
#5794 = CARTESIAN_POINT('',(2.332129137489,2.332129137489,12.55));
#5795 = DIRECTION('',(0.,0.,1.));
#5796 = DIRECTION('',(0.707106781187,0.707106781187,-0.));
#5797 = PCURVE('',#1286,#5798);
#5798 = DEFINITIONAL_REPRESENTATION('',(#5799),#5809);
#5799 = B_SPLINE_CURVE_WITH_KNOTS('',8,(#5800,#5801,#5802,#5803,#5804,
    #5805,#5806,#5807,#5808),.UNSPECIFIED.,.F.,.F.,(9,9),(5.502477740381
    ,5.828897746266),.PIECEWISE_BEZIER_KNOTS.);
#5800 = CARTESIAN_POINT('',(6.28318530718,-1.593473963644));
#5801 = CARTESIAN_POINT('',(6.242534315732,-1.592129237324));
#5802 = CARTESIAN_POINT('',(6.201890273022,-1.590847818281));
#5803 = CARTESIAN_POINT('',(6.161252793702,-1.58963310917));
#5804 = CARTESIAN_POINT('',(6.120621468861,-1.588488292411));
#5805 = CARTESIAN_POINT('',(6.079995867834,-1.587416310219));
#5806 = CARTESIAN_POINT('',(6.039375540298,-1.586419847215));
#5807 = CARTESIAN_POINT('',(5.998760018573,-1.585501315778));
#5808 = CARTESIAN_POINT('',(5.958148820083,-1.584662844225));
#5809 = ( GEOMETRIC_REPRESENTATION_CONTEXT(2) 
PARAMETRIC_REPRESENTATION_CONTEXT() REPRESENTATION_CONTEXT('2D SPACE',''
  ) );
#5810 = PCURVE('',#3316,#5811);
#5811 = DEFINITIONAL_REPRESENTATION('',(#5812),#5816);
#5812 = ELLIPSE('',#5813,0.25817977688,0.253893958396);
#5813 = AXIS2_PLACEMENT_2D('',#5814,#5815);
#5814 = CARTESIAN_POINT('',(2.332129137489,2.332129137489));
#5815 = DIRECTION('',(0.707106781187,0.707106781187));
#5816 = ( GEOMETRIC_REPRESENTATION_CONTEXT(2) 
PARAMETRIC_REPRESENTATION_CONTEXT() REPRESENTATION_CONTEXT('2D SPACE',''
  ) );
#5817 = ORIENTED_EDGE('',*,*,#5818,.F.);
#5818 = EDGE_CURVE('',#5819,#5789,#5821,.T.);
#5819 = VERTEX_POINT('',#5820);
#5820 = CARTESIAN_POINT('',(2.837323492133,2.539842705208,
    10.988796667519));
#5821 = SEAM_CURVE('',#5822,(#5826,#5833),.PCURVE_S1.);
#5822 = LINE('',#5823,#5824);
#5823 = CARTESIAN_POINT('',(2.837323492133,2.539842705208,
    10.988796667519));
#5824 = VECTOR('',#5825,1.);
#5825 = DIRECTION('',(-0.156293897314,-0.128202720574,0.979355032713));
#5826 = PCURVE('',#1286,#5827);
#5827 = DEFINITIONAL_REPRESENTATION('',(#5828),#5832);
#5828 = LINE('',#5829,#5830);
#5829 = CARTESIAN_POINT('',(6.28318530718,0.));
#5830 = VECTOR('',#5831,1.);
#5831 = DIRECTION('',(-0.,-1.));
#5832 = ( GEOMETRIC_REPRESENTATION_CONTEXT(2) 
PARAMETRIC_REPRESENTATION_CONTEXT() REPRESENTATION_CONTEXT('2D SPACE',''
  ) );
#5833 = PCURVE('',#1286,#5834);
#5834 = DEFINITIONAL_REPRESENTATION('',(#5835),#5839);
#5835 = LINE('',#5836,#5837);
#5836 = CARTESIAN_POINT('',(-4.138911435803E-13,0.));
#5837 = VECTOR('',#5838,1.);
#5838 = DIRECTION('',(-0.,-1.));
#5839 = ( GEOMETRIC_REPRESENTATION_CONTEXT(2) 
PARAMETRIC_REPRESENTATION_CONTEXT() REPRESENTATION_CONTEXT('2D SPACE',''
  ) );
#5840 = ORIENTED_EDGE('',*,*,#5841,.T.);
#5841 = EDGE_CURVE('',#5819,#2890,#5842,.T.);
#5842 = SURFACE_CURVE('',#5843,(#5848,#5855),.PCURVE_S1.);
#5843 = CIRCLE('',#5844,0.3);
#5844 = AXIS2_PLACEMENT_3D('',#5845,#5846,#5847);
#5845 = CARTESIAN_POINT('',(2.539842705208,2.539842705208,10.95));
#5846 = DIRECTION('',(-0.128254195209,-0.128254195209,0.983413302138));
#5847 = DIRECTION('',(0.991602623083,4.640385298238E-14,0.129322225065)
  );
#5848 = PCURVE('',#1286,#5849);
#5849 = DEFINITIONAL_REPRESENTATION('',(#5850),#5854);
#5850 = LINE('',#5851,#5852);
#5851 = CARTESIAN_POINT('',(6.28318530718,0.));
#5852 = VECTOR('',#5853,1.);
#5853 = DIRECTION('',(-1.,-0.));
#5854 = ( GEOMETRIC_REPRESENTATION_CONTEXT(2) 
PARAMETRIC_REPRESENTATION_CONTEXT() REPRESENTATION_CONTEXT('2D SPACE',''
  ) );
#5855 = PCURVE('',#2941,#5856);
#5856 = DEFINITIONAL_REPRESENTATION('',(#5857),#5861);
#5857 = CIRCLE('',#5858,0.3);
#5858 = AXIS2_PLACEMENT_2D('',#5859,#5860);
#5859 = CARTESIAN_POINT('',(0.,0.));
#5860 = DIRECTION('',(1.,6.938893903907E-18));
#5861 = ( GEOMETRIC_REPRESENTATION_CONTEXT(2) 
PARAMETRIC_REPRESENTATION_CONTEXT() REPRESENTATION_CONTEXT('2D SPACE',''
  ) );
#5862 = ORIENTED_EDGE('',*,*,#2889,.F.);
#5863 = ORIENTED_EDGE('',*,*,#1355,.T.);
#5864 = ORIENTED_EDGE('',*,*,#5865,.T.);
#5865 = EDGE_CURVE('',#1305,#1270,#5866,.T.);
#5866 = SURFACE_CURVE('',#5867,(#5930,#5996),.PCURVE_S1.);
#5867 = B_SPLINE_CURVE_WITH_KNOTS('',6,(#5868,#5869,#5870,#5871,#5872,
    #5873,#5874,#5875,#5876,#5877,#5878,#5879,#5880,#5881,#5882,#5883,
    #5884,#5885,#5886,#5887,#5888,#5889,#5890,#5891,#5892,#5893,#5894,
    #5895,#5896,#5897,#5898,#5899,#5900,#5901,#5902,#5903,#5904,#5905,
    #5906,#5907,#5908,#5909,#5910,#5911,#5912,#5913,#5914,#5915,#5916,
    #5917,#5918,#5919,#5920,#5921,#5922,#5923,#5924,#5925,#5926,#5927,
    #5928,#5929),.UNSPECIFIED.,.F.,.F.,(7,5,5,5,5,5,5,5,5,5,5,5,7),(0.,
    0.158088789116,0.222372498207,0.260768385691,0.286673958461,
    0.3508746411,0.420838356197,0.500243257891,0.578964334724,
    0.649655047807,0.778283496067,0.842684054008,1.),.UNSPECIFIED.);
#5868 = CARTESIAN_POINT('',(2.237264039701,2.483602903142,
    10.996705300447));
#5869 = CARTESIAN_POINT('',(2.233440088748,2.474546933877,
    11.039841342518));
#5870 = CARTESIAN_POINT('',(2.229804530688,2.465106025865,
    11.082374035899));
#5871 = CARTESIAN_POINT('',(2.226408815479,2.455226459032,
    11.124178635161));
#5872 = CARTESIAN_POINT('',(2.22333042047,2.444860445068,11.165018472993
    ));
#5873 = CARTESIAN_POINT('',(2.220684831995,2.433967274034,
    11.204542598635));
#5874 = CARTESIAN_POINT('',(2.217791968912,2.417896622789,
    11.257687711208));
#5875 = CARTESIAN_POINT('',(2.217053243978,2.413163851666,
    11.272759991591));
#5876 = CARTESIAN_POINT('',(2.216422569004,2.408344521024,
    11.287510501739));
#5877 = CARTESIAN_POINT('',(2.215911601817,2.403440751154,
    11.301904822955));
#5878 = CARTESIAN_POINT('',(2.215532661526,2.398456774513,
    11.315906410722));
#5879 = CARTESIAN_POINT('',(2.215158214115,2.390378716519,
    11.337584291028));
#5880 = CARTESIAN_POINT('',(2.215069733029,2.387331844447,
    11.345537145331));
#5881 = CARTESIAN_POINT('',(2.215035483597,2.38426026412,11.353328595897
    ));
#5882 = CARTESIAN_POINT('',(2.215058096947,2.381165772003,
    11.360950723894));
#5883 = CARTESIAN_POINT('',(2.215140143023,2.378050496714,
    11.368395748647));
#5884 = CARTESIAN_POINT('',(2.215381278497,2.372802671464,
    11.380554512825));
#5885 = CARTESIAN_POINT('',(2.215506614943,2.370680101367,
    11.385368922318));
#5886 = CARTESIAN_POINT('',(2.215660903447,2.36854994789,11.390096925282
    ));
#5887 = CARTESIAN_POINT('',(2.215844870396,2.366413031929,
    11.394736286168));
#5888 = CARTESIAN_POINT('',(2.216059205048,2.364270236114,
    11.399284864728));
#5889 = CARTESIAN_POINT('',(2.216912611126,2.356799873353,
    11.414783115474));
#5890 = CARTESIAN_POINT('',(2.217711073839,2.35144666631,11.425255824047
    ));
#5891 = CARTESIAN_POINT('',(2.218710113791,2.34607780535,11.435127141527
    ));
#5892 = CARTESIAN_POINT('',(2.219917537876,2.340709361149,11.44437128906
    ));
#5893 = CARTESIAN_POINT('',(2.221338793759,2.335358553386,
    11.452968309131));
#5894 = CARTESIAN_POINT('',(2.224762198347,2.324251860017,
    11.469552182361));
#5895 = CARTESIAN_POINT('',(2.226805005662,2.318502302349,
    11.477415344032));
#5896 = CARTESIAN_POINT('',(2.229109137887,2.312818278176,
    11.484475139807));
#5897 = CARTESIAN_POINT('',(2.231674722234,2.307222538554,
    11.490722258089));
#5898 = CARTESIAN_POINT('',(2.234498561287,2.301736847826,
    11.496153187305));
#5899 = CARTESIAN_POINT('',(2.24106536297,2.290303365218,11.506003241495
    ));
#5900 = CARTESIAN_POINT('',(2.244880959611,2.284393073449,
    11.510186921784));
#5901 = CARTESIAN_POINT('',(2.249012521235,2.278679567451,
    11.513317451277));
#5902 = CARTESIAN_POINT('',(2.253446737733,2.27318926107,11.51539743926)
  );
#5903 = CARTESIAN_POINT('',(2.258166608361,2.267945475135,
    11.516429537562));
#5904 = CARTESIAN_POINT('',(2.268095185515,2.258033244994,
    11.516397336674));
#5905 = CARTESIAN_POINT('',(2.273299195587,2.253360371444,
    11.515351017373));
#5906 = CARTESIAN_POINT('',(2.278745121197,2.248968514212,
    11.513274735145));
#5907 = CARTESIAN_POINT('',(2.284410212045,2.244874199996,
    11.510165910162));
#5908 = CARTESIAN_POINT('',(2.290268729666,2.241090388779,
    11.506022012831));
#5909 = CARTESIAN_POINT('',(2.301701660615,2.234514233117,
    11.496193285899));
#5910 = CARTESIAN_POINT('',(2.307244128708,2.231660097691,
    11.490708767612));
#5911 = CARTESIAN_POINT('',(2.312898970754,2.229069635087,
    11.484390987933));
#5912 = CARTESIAN_POINT('',(2.31864372878,2.22674613792,11.477243558237)
  );
#5913 = CARTESIAN_POINT('',(2.324454922818,2.224689431276,
    11.469276147525));
#5914 = CARTESIAN_POINT('',(2.340959971142,2.219631457479,
    11.444553389835));
#5915 = CARTESIAN_POINT('',(2.351757220862,2.217236006671,
    11.425939782153));
#5916 = CARTESIAN_POINT('',(2.362546354485,2.215690462605,
    11.404793730455));
#5917 = CARTESIAN_POINT('',(2.373193988366,2.214921067111,
    11.381324328276));
#5918 = CARTESIAN_POINT('',(2.383605648794,2.214829049375,
    11.355824686583));
#5919 = CARTESIAN_POINT('',(2.398779011724,2.21555557666,11.31500782269)
  );
#5920 = CARTESIAN_POINT('',(2.403767398578,2.21594246339,11.300960189629
    ));
#5921 = CARTESIAN_POINT('',(2.408675083572,2.216461294193,
    11.286520064285));
#5922 = CARTESIAN_POINT('',(2.413497889427,2.217099704119,
    11.271724122353));
#5923 = CARTESIAN_POINT('',(2.418233753672,2.217846005243,
    11.256606867959));
#5924 = CARTESIAN_POINT('',(2.434237450592,2.220750580357,
    11.203561541883));
#5925 = CARTESIAN_POINT('',(2.445066123976,2.223391577995,
    11.164207680609));
#5926 = CARTESIAN_POINT('',(2.455373471271,2.226459370854,
    11.123556376913));
#5927 = CARTESIAN_POINT('',(2.465199692146,2.22984060851,11.0819520048)
  );
#5928 = CARTESIAN_POINT('',(2.474591883331,2.233459068992,
    11.039627236055));
#5929 = CARTESIAN_POINT('',(2.483602903142,2.237264039701,
    10.996705300447));
#5930 = PCURVE('',#1286,#5931);
#5931 = DEFINITIONAL_REPRESENTATION('',(#5932),#5995);
#5932 = B_SPLINE_CURVE_WITH_KNOTS('',6,(#5933,#5934,#5935,#5936,#5937,
    #5938,#5939,#5940,#5941,#5942,#5943,#5944,#5945,#5946,#5947,#5948,
    #5949,#5950,#5951,#5952,#5953,#5954,#5955,#5956,#5957,#5958,#5959,
    #5960,#5961,#5962,#5963,#5964,#5965,#5966,#5967,#5968,#5969,#5970,
    #5971,#5972,#5973,#5974,#5975,#5976,#5977,#5978,#5979,#5980,#5981,
    #5982,#5983,#5984,#5985,#5986,#5987,#5988,#5989,#5990,#5991,#5992,
    #5993,#5994),.UNSPECIFIED.,.F.,.F.,(7,5,5,5,5,5,5,5,5,5,5,5,7),(0.,
    0.158088789116,0.222372498207,0.260768385691,0.286673958461,
    0.3508746411,0.420838356197,0.500243257891,0.578964334724,
    0.649655047807,0.778283496067,0.842684054008,1.),.UNSPECIFIED.);
#5933 = CARTESIAN_POINT('',(2.990317714727,-9.195058752474E-02));
#5934 = CARTESIAN_POINT('',(2.978004487946,-0.136023048901));
#5935 = CARTESIAN_POINT('',(2.96397752509,-0.17952737698));
#5936 = CARTESIAN_POINT('',(2.947953850036,-0.222341186599));
#5937 = CARTESIAN_POINT('',(2.929603482311,-0.264227928233));
#5938 = CARTESIAN_POINT('',(2.908542130446,-0.30483288185));
#5939 = CARTESIAN_POINT('',(2.874609375653,-0.359528642766));
#5940 = CARTESIAN_POINT('',(2.864295593865,-0.375052666112));
#5941 = CARTESIAN_POINT('',(2.853455736828,-0.390257500088));
#5942 = CARTESIAN_POINT('',(2.842070722061,-0.405107529792));
#5943 = CARTESIAN_POINT('',(2.830126342961,-0.419564694047));
#5944 = CARTESIAN_POINT('',(2.810143102879,-0.441967079181));
#5945 = CARTESIAN_POINT('',(2.802468590344,-0.450190144088));
#5946 = CARTESIAN_POINT('',(2.794590551924,-0.458250695914));
#5947 = CARTESIAN_POINT('',(2.786508533063,-0.466140379316));
#5948 = CARTESIAN_POINT('',(2.778223147275,-0.473850940065));
#5949 = CARTESIAN_POINT('',(2.764009878546,-0.486450159463));
#5950 = CARTESIAN_POINT('',(2.758191879296,-0.491440867395));
#5951 = CARTESIAN_POINT('',(2.752282616788,-0.496343861374));
#5952 = CARTESIAN_POINT('',(2.746282871773,-0.501156744487));
#5953 = CARTESIAN_POINT('',(2.74019366736,-0.505877210382));
#5954 = CARTESIAN_POINT('',(2.71870708461,-0.52196704878));
#5955 = CARTESIAN_POINT('',(2.702855638326,-0.532850214768));
#5956 = CARTESIAN_POINT('',(2.686482426858,-0.543118247565));
#5957 = CARTESIAN_POINT('',(2.669615164024,-0.552742733502));
#5958 = CARTESIAN_POINT('',(2.652288780765,-0.561701138912));
#5959 = CARTESIAN_POINT('',(2.615209321127,-0.578995354467));
#5960 = CARTESIAN_POINT('',(2.595376813396,-0.587203498535));
#5961 = CARTESIAN_POINT('',(2.57510117063,-0.594579680931));
#5962 = CARTESIAN_POINT('',(2.554440009832,-0.601111810276));
#5963 = CARTESIAN_POINT('',(2.533453427155,-0.606794051955));
#5964 = CARTESIAN_POINT('',(2.488083094154,-0.617104898518));
#5965 = CARTESIAN_POINT('',(2.463622936269,-0.621487838803));
#5966 = CARTESIAN_POINT('',(2.438908119728,-0.624769334152));
#5967 = CARTESIAN_POINT('',(2.414025205993,-0.62695026996));
#5968 = CARTESIAN_POINT('',(2.389059693221,-0.628032443496));
#5969 = CARTESIAN_POINT('',(2.339345013078,-0.627998680142));
#5970 = CARTESIAN_POINT('',(2.314596542909,-0.626901595335));
#5971 = CARTESIAN_POINT('',(2.289930609072,-0.624724563082));
#5972 = CARTESIAN_POINT('',(2.265430520897,-0.621465844547));
#5973 = CARTESIAN_POINT('',(2.241180621016,-0.617124590989));
#5974 = CARTESIAN_POINT('',(2.195789347478,-0.606835988375));
#5975 = CARTESIAN_POINT('',(2.174583069792,-0.601097650193));
#5976 = CARTESIAN_POINT('',(2.153708980448,-0.594491642097));
#5977 = CARTESIAN_POINT('',(2.133229082721,-0.5870239736));
#5978 = CARTESIAN_POINT('',(2.113202773457,-0.578707187163));
#5979 = CARTESIAN_POINT('',(2.058170207549,-0.552926363055));
#5980 = CARTESIAN_POINT('',(2.024321603726,-0.533543927701));
#5981 = CARTESIAN_POINT('',(1.992505419329,-0.511563090035));
#5982 = CARTESIAN_POINT('',(1.96293854797,-0.487216042224));
#5983 = CARTESIAN_POINT('',(1.935686307632,-0.460815817915));
#5984 = CARTESIAN_POINT('',(1.898211280821,-0.418636743387));
#5985 = CARTESIAN_POINT('',(1.886276467403,-0.404132712785));
#5986 = CARTESIAN_POINT('',(1.874902427782,-0.38923612802));
#5987 = CARTESIAN_POINT('',(1.864074691231,-0.373985178072));
#5988 = CARTESIAN_POINT('',(1.853773933297,-0.358415558302));
#5989 = CARTESIAN_POINT('',(1.82004989585,-0.30382501381));
#5990 = CARTESIAN_POINT('',(1.799146650007,-0.263396361326));
#5991 = CARTESIAN_POINT('',(1.780921801609,-0.221703910685));
#5992 = CARTESIAN_POINT('',(1.764997331679,-0.179095705757));
#5993 = CARTESIAN_POINT('',(1.751048393156,-0.135804294505));
#5994 = CARTESIAN_POINT('',(1.738796283281,-9.195058752474E-02));
#5995 = ( GEOMETRIC_REPRESENTATION_CONTEXT(2) 
PARAMETRIC_REPRESENTATION_CONTEXT() REPRESENTATION_CONTEXT('2D SPACE',''
  ) );
#5996 = PCURVE('',#1321,#5997);
#5997 = DEFINITIONAL_REPRESENTATION('',(#5998),#6061);
#5998 = B_SPLINE_CURVE_WITH_KNOTS('',6,(#5999,#6000,#6001,#6002,#6003,
    #6004,#6005,#6006,#6007,#6008,#6009,#6010,#6011,#6012,#6013,#6014,
    #6015,#6016,#6017,#6018,#6019,#6020,#6021,#6022,#6023,#6024,#6025,
    #6026,#6027,#6028,#6029,#6030,#6031,#6032,#6033,#6034,#6035,#6036,
    #6037,#6038,#6039,#6040,#6041,#6042,#6043,#6044,#6045,#6046,#6047,
    #6048,#6049,#6050,#6051,#6052,#6053,#6054,#6055,#6056,#6057,#6058,
    #6059,#6060),.UNSPECIFIED.,.F.,.F.,(7,5,5,5,5,5,5,5,5,5,5,5,7),(0.,
    0.158088789116,0.222372498207,0.260768385691,0.286673958461,
    0.3508746411,0.420838356197,0.500243257891,0.578964334724,
    0.649655047807,0.778283496067,0.842684054008,1.),.UNSPECIFIED.);
#5999 = CARTESIAN_POINT('',(3.010842089858,-5.999999981299E-07));
#6000 = CARTESIAN_POINT('',(3.038372484227,4.382482471322E-02));
#6001 = CARTESIAN_POINT('',(3.067741038148,8.706360921922E-02));
#6002 = CARTESIAN_POINT('',(3.099241810778,0.129591778811));
#6003 = CARTESIAN_POINT('',(3.133193016447,0.171171750298));
#6004 = CARTESIAN_POINT('',(3.169946295323,0.211449063678));
#6005 = CARTESIAN_POINT('',(3.22602501685,0.265660022396));
#6006 = CARTESIAN_POINT('',(3.242748185996,0.281041111727));
#6007 = CARTESIAN_POINT('',(3.260001216735,0.296100505916));
#6008 = CARTESIAN_POINT('',(3.277798642319,0.31080299129));
#6009 = CARTESIAN_POINT('',(3.296149433842,0.325111044775));
#6010 = CARTESIAN_POINT('',(3.326346910334,0.347273859741));
#6011 = CARTESIAN_POINT('',(3.337836758276,0.355407027696));
#6012 = CARTESIAN_POINT('',(3.349524716206,0.363377518427));
#6013 = CARTESIAN_POINT('',(3.361409979438,0.371177142226));
#6014 = CARTESIAN_POINT('',(3.373490667735,0.378797827911));
#6015 = CARTESIAN_POINT('',(3.394044482368,0.3912471786));
#6016 = CARTESIAN_POINT('',(3.402412752156,0.396177682833));
#6017 = CARTESIAN_POINT('',(3.410867707308,0.401020709603));
#6018 = CARTESIAN_POINT('',(3.419408194783,0.405773926093));
#6019 = CARTESIAN_POINT('',(3.428032835869,0.410435092592));
#6020 = CARTESIAN_POINT('',(3.458318686767,0.426320190392));
#6021 = CARTESIAN_POINT('',(3.480405129883,0.437060141548));
#6022 = CARTESIAN_POINT('',(3.502973392916,0.447188715833));
#6023 = CARTESIAN_POINT('',(3.525991861096,0.456678590557));
#6024 = CARTESIAN_POINT('',(3.549423267496,0.465508320467));
#6025 = CARTESIAN_POINT('',(3.599162675109,0.482548307799));
#6026 = CARTESIAN_POINT('',(3.62554161518,0.490632193664));
#6027 = CARTESIAN_POINT('',(3.652307338042,0.497893789923));
#6028 = CARTESIAN_POINT('',(3.679404723613,0.504322230269));
#6029 = CARTESIAN_POINT('',(3.706778704494,0.509912721556));
#6030 = CARTESIAN_POINT('',(3.765695813838,0.520054893365));
#6031 = CARTESIAN_POINT('',(3.797303244069,0.524364580005));
#6032 = CARTESIAN_POINT('',(3.829121675124,0.527590413823));
#6033 = CARTESIAN_POINT('',(3.861077957896,0.529734074666));
#6034 = CARTESIAN_POINT('',(3.893101637655,0.530797759252));
#6035 = CARTESIAN_POINT('',(3.956872418778,0.53076457281));
#6036 = CARTESIAN_POINT('',(3.988618646237,0.529686231843));
#6037 = CARTESIAN_POINT('',(4.020297514831,0.527546399986));
#6038 = CARTESIAN_POINT('',(4.05184035698,0.524342945419));
#6039 = CARTESIAN_POINT('',(4.08317588952,0.520074244845));
#6040 = CARTESIAN_POINT('',(4.142116611241,0.509953988598));
#6041 = CARTESIAN_POINT('',(4.169776440522,0.504308318707));
#6042 = CARTESIAN_POINT('',(4.19715393585,0.497807169523));
#6043 = CARTESIAN_POINT('',(4.224192280934,0.490455475367));
#6044 = CARTESIAN_POINT('',(4.250834626818,0.482264512523));
#6045 = CARTESIAN_POINT('',(4.324681270199,0.456862279299));
#6046 = CARTESIAN_POINT('',(4.370864523192,0.437752252634));
#6047 = CARTESIAN_POINT('',(4.415191491731,0.416063319285));
#6048 = CARTESIAN_POINT('',(4.457417577094,0.392018037159));
#6049 = CARTESIAN_POINT('',(4.497426982096,0.365921597314));
#6050 = CARTESIAN_POINT('',(4.554104261303,0.324192720429));
#6051 = CARTESIAN_POINT('',(4.57245702604,0.309837983143));
#6052 = CARTESIAN_POINT('',(4.590254801427,0.295089094376));
#6053 = CARTESIAN_POINT('',(4.607506817184,0.279983707086));
#6054 = CARTESIAN_POINT('',(4.62422785192,0.264557118014));
#6055 = CARTESIAN_POINT('',(4.680029254616,0.210449320632));
#6056 = CARTESIAN_POINT('',(4.71654471683,0.170346269313));
#6057 = CARTESIAN_POINT('',(4.750291103735,0.128958752648));
#6058 = CARTESIAN_POINT('',(4.781614546069,8.663457243167E-02));
#6059 = CARTESIAN_POINT('',(4.810828386271,4.360729648724E-02));
#6060 = CARTESIAN_POINT('',(4.838222133068,-6.E-07));
#6061 = ( GEOMETRIC_REPRESENTATION_CONTEXT(2) 
PARAMETRIC_REPRESENTATION_CONTEXT() REPRESENTATION_CONTEXT('2D SPACE',''
  ) );
#6062 = ORIENTED_EDGE('',*,*,#1269,.T.);
#6063 = ORIENTED_EDGE('',*,*,#2953,.F.);
#6064 = ORIENTED_EDGE('',*,*,#6065,.T.);
#6065 = EDGE_CURVE('',#2922,#5819,#6066,.T.);
#6066 = SURFACE_CURVE('',#6067,(#6072,#6079),.PCURVE_S1.);
#6067 = CIRCLE('',#6068,0.3);
#6068 = AXIS2_PLACEMENT_3D('',#6069,#6070,#6071);
#6069 = CARTESIAN_POINT('',(2.539842705208,2.539842705208,10.95));
#6070 = DIRECTION('',(-0.128254195209,-0.128254195209,0.983413302138));
#6071 = DIRECTION('',(0.991602623083,4.640385298238E-14,0.129322225065)
  );
#6072 = PCURVE('',#1286,#6073);
#6073 = DEFINITIONAL_REPRESENTATION('',(#6074),#6078);
#6074 = LINE('',#6075,#6076);
#6075 = CARTESIAN_POINT('',(6.28318530718,0.));
#6076 = VECTOR('',#6077,1.);
#6077 = DIRECTION('',(-1.,-0.));
#6078 = ( GEOMETRIC_REPRESENTATION_CONTEXT(2) 
PARAMETRIC_REPRESENTATION_CONTEXT() REPRESENTATION_CONTEXT('2D SPACE',''
  ) );
#6079 = PCURVE('',#2941,#6080);
#6080 = DEFINITIONAL_REPRESENTATION('',(#6081),#6085);
#6081 = CIRCLE('',#6082,0.3);
#6082 = AXIS2_PLACEMENT_2D('',#6083,#6084);
#6083 = CARTESIAN_POINT('',(0.,0.));
#6084 = DIRECTION('',(1.,6.938893903907E-18));
#6085 = ( GEOMETRIC_REPRESENTATION_CONTEXT(2) 
PARAMETRIC_REPRESENTATION_CONTEXT() REPRESENTATION_CONTEXT('2D SPACE',''
  ) );
#6086 = ORIENTED_EDGE('',*,*,#5818,.T.);
#6087 = ORIENTED_EDGE('',*,*,#6088,.F.);
#6088 = EDGE_CURVE('',#6089,#5789,#6091,.T.);
#6089 = VERTEX_POINT('',#6090);
#6090 = CARTESIAN_POINT('',(2.25408456877,2.086995326117,12.55));
#6091 = SURFACE_CURVE('',#6092,(#6097,#6110),.PCURVE_S1.);
#6092 = ELLIPSE('',#6093,0.25817977688,0.253893958396);
#6093 = AXIS2_PLACEMENT_3D('',#6094,#6095,#6096);
#6094 = CARTESIAN_POINT('',(2.332129137489,2.332129137489,12.55));
#6095 = DIRECTION('',(0.,0.,1.));
#6096 = DIRECTION('',(0.707106781187,0.707106781187,-0.));
#6097 = PCURVE('',#1286,#6098);
#6098 = DEFINITIONAL_REPRESENTATION('',(#6099),#6109);
#6099 = B_SPLINE_CURVE_WITH_KNOTS('',8,(#6100,#6101,#6102,#6103,#6104,
    #6105,#6106,#6107,#6108),.UNSPECIFIED.,.F.,.F.,(9,9),(3.625624351612
    ,5.502477740382),.PIECEWISE_BEZIER_KNOTS.);
#6100 = CARTESIAN_POINT('',(1.878087220677,-1.668190477757));
#6101 = CARTESIAN_POINT('',(1.642393292403,-1.663078012351));
#6102 = CARTESIAN_POINT('',(1.406853804961,-1.655358366677));
#6103 = CARTESIAN_POINT('',(1.171560399117,-1.64546033169));
#6104 = CARTESIAN_POINT('',(0.936586048076,-1.634118576341));
#6105 = CARTESIAN_POINT('',(0.701968632266,-1.622298159052));
#6106 = CARTESIAN_POINT('',(0.467700756511,-1.611030841052));
#6107 = CARTESIAN_POINT('',(0.233735519227,-1.601205885878));
#6108 = CARTESIAN_POINT('',(-4.138911435803E-13,-1.593473963644));
#6109 = ( GEOMETRIC_REPRESENTATION_CONTEXT(2) 
PARAMETRIC_REPRESENTATION_CONTEXT() REPRESENTATION_CONTEXT('2D SPACE',''
  ) );
#6110 = PCURVE('',#3316,#6111);
#6111 = DEFINITIONAL_REPRESENTATION('',(#6112),#6116);
#6112 = ELLIPSE('',#6113,0.25817977688,0.253893958396);
#6113 = AXIS2_PLACEMENT_2D('',#6114,#6115);
#6114 = CARTESIAN_POINT('',(2.332129137489,2.332129137489));
#6115 = DIRECTION('',(0.707106781187,0.707106781187));
#6116 = ( GEOMETRIC_REPRESENTATION_CONTEXT(2) 
PARAMETRIC_REPRESENTATION_CONTEXT() REPRESENTATION_CONTEXT('2D SPACE',''
  ) );
#6117 = ORIENTED_EDGE('',*,*,#6118,.T.);
#6118 = EDGE_CURVE('',#6089,#6119,#6121,.T.);
#6119 = VERTEX_POINT('',#6120);
#6120 = CARTESIAN_POINT('',(2.287013910375,2.050856920449,12.8));
#6121 = SURFACE_CURVE('',#6122,(#6131,#6143),.PCURVE_S1.);
#6122 = B_SPLINE_CURVE_WITH_KNOTS('',7,(#6123,#6124,#6125,#6126,#6127,
    #6128,#6129,#6130),.UNSPECIFIED.,.F.,.F.,(8,8),(0.,1.),
  .PIECEWISE_BEZIER_KNOTS.);
#6123 = CARTESIAN_POINT('',(2.254084460946,2.086995442573,12.5499994));
#6124 = CARTESIAN_POINT('',(2.260155945621,2.080437862724,
    12.583784988255));
#6125 = CARTESIAN_POINT('',(2.265642680342,2.074467208836,
    12.618552511125));
#6126 = CARTESIAN_POINT('',(2.270654386441,2.068979822012,
    12.654007732384));
#6127 = CARTESIAN_POINT('',(2.275252603516,2.063917712657,
    12.689980193254));
#6128 = CARTESIAN_POINT('',(2.279487912174,2.059232857632,
    12.726346052807));
#6129 = CARTESIAN_POINT('',(2.283397894784,2.054889321905,
    12.763032276333));
#6130 = CARTESIAN_POINT('',(2.287013969064,2.050856855001,12.8000006));
#6131 = PCURVE('',#1286,#6132);
#6132 = DEFINITIONAL_REPRESENTATION('',(#6133),#6142);
#6133 = B_SPLINE_CURVE_WITH_KNOTS('',7,(#6134,#6135,#6136,#6137,#6138,
    #6139,#6140,#6141),.UNSPECIFIED.,.F.,.F.,(8,8),(0.,1.),
  .PIECEWISE_BEZIER_KNOTS.);
#6134 = CARTESIAN_POINT('',(1.878087972359,-1.668189948237));
#6135 = CARTESIAN_POINT('',(1.836140966827,-1.701477488894));
#6136 = CARTESIAN_POINT('',(1.796394255155,-1.735730398029));
#6137 = CARTESIAN_POINT('',(1.758306323026,-1.770658542295));
#6138 = CARTESIAN_POINT('',(1.721585569225,-1.806093834955));
#6139 = CARTESIAN_POINT('',(1.685989283227,-1.841914161191));
#6140 = CARTESIAN_POINT('',(1.651331848211,-1.878047486418));
#6141 = CARTESIAN_POINT('',(1.617444976712,-1.914456031771));
#6142 = ( GEOMETRIC_REPRESENTATION_CONTEXT(2) 
PARAMETRIC_REPRESENTATION_CONTEXT() REPRESENTATION_CONTEXT('2D SPACE',''
  ) );
#6143 = PCURVE('',#3276,#6144);
#6144 = DEFINITIONAL_REPRESENTATION('',(#6145),#6154);
#6145 = B_SPLINE_CURVE_WITH_KNOTS('',7,(#6146,#6147,#6148,#6149,#6150,
    #6151,#6152,#6153),.UNSPECIFIED.,.F.,.F.,(8,8),(2.537007004219E-06,
    0.999997681413),.PIECEWISE_BEZIER_KNOTS.);
#6146 = CARTESIAN_POINT('',(-0.746926906066,3.678326203189E-16));
#6147 = CARTESIAN_POINT('',(-0.744017725477,-3.378543915337E-02));
#6148 = CARTESIAN_POINT('',(-0.741378065861,-6.85527996524E-02));
#6149 = CARTESIAN_POINT('',(-0.738958860858,-0.104007850816));
#6150 = CARTESIAN_POINT('',(-0.736732640816,-0.139980136414));
#6151 = CARTESIAN_POINT('',(-0.734676746151,-0.176345817366));
#6152 = CARTESIAN_POINT('',(-0.732774285626,-0.21303185976));
#6153 = CARTESIAN_POINT('',(-0.731011090556,-0.25));
#6154 = ( GEOMETRIC_REPRESENTATION_CONTEXT(2) 
PARAMETRIC_REPRESENTATION_CONTEXT() REPRESENTATION_CONTEXT('2D SPACE',''
  ) );
#6155 = ORIENTED_EDGE('',*,*,#6156,.T.);
#6156 = EDGE_CURVE('',#6119,#5550,#6157,.T.);
#6157 = SURFACE_CURVE('',#6158,(#6163,#6176),.PCURVE_S1.);
#6158 = ELLIPSE('',#6159,0.250853449499,0.246689249021);
#6159 = AXIS2_PLACEMENT_3D('',#6160,#6161,#6162);
#6160 = CARTESIAN_POINT('',(2.299497711492,2.299497711492,12.8));
#6161 = DIRECTION('',(0.,0.,1.));
#6162 = DIRECTION('',(0.707106781187,0.707106781187,-0.));
#6163 = PCURVE('',#1286,#6164);
#6164 = DEFINITIONAL_REPRESENTATION('',(#6165),#6175);
#6165 = B_SPLINE_CURVE_WITH_KNOTS('',8,(#6166,#6167,#6168,#6169,#6170,
    #6171,#6172,#6173,#6174),.UNSPECIFIED.,.F.,.F.,(9,9),(3.885159001605
    ,5.502477740382),.PIECEWISE_BEZIER_KNOTS.);
#6166 = CARTESIAN_POINT('',(1.617445526669,-1.914455422462));
#6167 = CARTESIAN_POINT('',(1.414502646041,-1.908228923703));
#6168 = CARTESIAN_POINT('',(1.211726312604,-1.900438137515));
#6169 = CARTESIAN_POINT('',(1.009165012927,-1.891470764146));
#6170 = CARTESIAN_POINT('',(0.806852378801,-1.881850850142));
#6171 = CARTESIAN_POINT('',(0.604800855441,-1.872188318545));
#6172 = CARTESIAN_POINT('',(0.402998884571,-1.863098990073));
#6173 = CARTESIAN_POINT('',(0.201414152765,-1.85511522373));
#6174 = CARTESIAN_POINT('',(-4.138911435803E-13,-1.848641553043));
#6175 = ( GEOMETRIC_REPRESENTATION_CONTEXT(2) 
PARAMETRIC_REPRESENTATION_CONTEXT() REPRESENTATION_CONTEXT('2D SPACE',''
  ) );
#6176 = PCURVE('',#3238,#6177);
#6177 = DEFINITIONAL_REPRESENTATION('',(#6178),#6182);
#6178 = ELLIPSE('',#6179,0.250853449499,0.246689249021);
#6179 = AXIS2_PLACEMENT_2D('',#6180,#6181);
#6180 = CARTESIAN_POINT('',(2.299497711492,2.299497711492));
#6181 = DIRECTION('',(0.707106781187,0.707106781187));
#6182 = ( GEOMETRIC_REPRESENTATION_CONTEXT(2) 
PARAMETRIC_REPRESENTATION_CONTEXT() REPRESENTATION_CONTEXT('2D SPACE',''
  ) );
#6183 = ORIENTED_EDGE('',*,*,#5549,.T.);
#6184 = ORIENTED_EDGE('',*,*,#6185,.F.);
#6185 = EDGE_CURVE('',#5487,#5516,#6186,.T.);
#6186 = SURFACE_CURVE('',#6187,(#6192,#6202),.PCURVE_S1.);
#6187 = ELLIPSE('',#6188,0.203378848075,0.200002732267);
#6188 = AXIS2_PLACEMENT_3D('',#6189,#6190,#6191);
#6189 = CARTESIAN_POINT('',(2.088046071027,2.088046071027,14.42));
#6190 = DIRECTION('',(0.,0.,1.));
#6191 = DIRECTION('',(0.707106781187,0.707106781187,-0.));
#6192 = PCURVE('',#1286,#6193);
#6193 = DEFINITIONAL_REPRESENTATION('',(#6194),#6201);
#6194 = B_SPLINE_CURVE_WITH_KNOTS('',5,(#6195,#6196,#6197,#6198,#6199,
    #6200),.UNSPECIFIED.,.F.,.F.,(6,6),(4.707161901184,5.502477740382),
  .PIECEWISE_BEZIER_KNOTS.);
#6195 = CARTESIAN_POINT('',(0.793760672209,-3.528526604689));
#6196 = CARTESIAN_POINT('',(0.634695331355,-3.522659064738));
#6197 = CARTESIAN_POINT('',(0.475795272373,-3.516785330669));
#6198 = CARTESIAN_POINT('',(0.317060501218,-3.511215275529));
#6199 = CARTESIAN_POINT('',(0.15847252576,-3.506257059301));
#6200 = CARTESIAN_POINT('',(-4.138911435803E-13,-3.502127532349));
#6201 = ( GEOMETRIC_REPRESENTATION_CONTEXT(2) 
PARAMETRIC_REPRESENTATION_CONTEXT() REPRESENTATION_CONTEXT('2D SPACE',''
  ) );
#6202 = PCURVE('',#5537,#6203);
#6203 = DEFINITIONAL_REPRESENTATION('',(#6204),#6208);
#6204 = ELLIPSE('',#6205,0.203378848075,0.200002732267);
#6205 = AXIS2_PLACEMENT_2D('',#6206,#6207);
#6206 = CARTESIAN_POINT('',(7.517057780002E-04,7.517057780002E-04));
#6207 = DIRECTION('',(0.707106781187,0.707106781187));
#6208 = ( GEOMETRIC_REPRESENTATION_CONTEXT(2) 
PARAMETRIC_REPRESENTATION_CONTEXT() REPRESENTATION_CONTEXT('2D SPACE',''
  ) );
#6209 = ADVANCED_FACE('',(#6210),#1321,.T.);
#6210 = FACE_BOUND('',#6211,.T.);
#6211 = EDGE_LOOP('',(#6212,#6213));
#6212 = ORIENTED_EDGE('',*,*,#1304,.T.);
#6213 = ORIENTED_EDGE('',*,*,#5865,.F.);
#6214 = ADVANCED_FACE('',(#6215),#1233,.T.);
#6215 = FACE_BOUND('',#6216,.T.);
#6216 = EDGE_LOOP('',(#6217,#6218,#6219,#6220));
#6217 = ORIENTED_EDGE('',*,*,#2626,.T.);
#6218 = ORIENTED_EDGE('',*,*,#2683,.T.);
#6219 = ORIENTED_EDGE('',*,*,#2984,.F.);
#6220 = ORIENTED_EDGE('',*,*,#1217,.F.);
#6221 = ADVANCED_FACE('',(#6222),#2234,.F.);
#6222 = FACE_BOUND('',#6223,.F.);
#6223 = EDGE_LOOP('',(#6224,#6225,#6226));
#6224 = ORIENTED_EDGE('',*,*,#3575,.T.);
#6225 = ORIENTED_EDGE('',*,*,#3351,.T.);
#6226 = ORIENTED_EDGE('',*,*,#2214,.F.);
#6227 = ADVANCED_FACE('',(#6228),#2329,.F.);
#6228 = FACE_BOUND('',#6229,.F.);
#6229 = EDGE_LOOP('',(#6230,#6231));
#6230 = ORIENTED_EDGE('',*,*,#2309,.F.);
#6231 = ORIENTED_EDGE('',*,*,#4696,.T.);
#6232 = ADVANCED_FACE('',(#6233),#2538,.F.);
#6233 = FACE_BOUND('',#6234,.T.);
#6234 = EDGE_LOOP('',(#6235));
#6235 = ORIENTED_EDGE('',*,*,#2523,.F.);
#6236 = ADVANCED_FACE('',(#6237),#2721,.F.);
#6237 = FACE_BOUND('',#6238,.T.);
#6238 = EDGE_LOOP('',(#6239));
#6239 = ORIENTED_EDGE('',*,*,#2706,.F.);
#6240 = ADVANCED_FACE('',(#6241),#2846,.F.);
#6241 = FACE_BOUND('',#6242,.F.);
#6242 = EDGE_LOOP('',(#6243,#6244));
#6243 = ORIENTED_EDGE('',*,*,#2826,.F.);
#6244 = ORIENTED_EDGE('',*,*,#5452,.T.);
#6245 = ADVANCED_FACE('',(#6246),#2941,.F.);
#6246 = FACE_BOUND('',#6247,.F.);
#6247 = EDGE_LOOP('',(#6248,#6249,#6250));
#6248 = ORIENTED_EDGE('',*,*,#6065,.T.);
#6249 = ORIENTED_EDGE('',*,*,#5841,.T.);
#6250 = ORIENTED_EDGE('',*,*,#2921,.F.);
#6251 = ADVANCED_FACE('',(#6252),#3076,.F.);
#6252 = FACE_BOUND('',#6253,.T.);
#6253 = EDGE_LOOP('',(#6254));
#6254 = ORIENTED_EDGE('',*,*,#3061,.F.);
#6255 = ADVANCED_FACE('',(#6256),#3148,.T.);
#6256 = FACE_BOUND('',#6257,.T.);
#6257 = EDGE_LOOP('',(#6258,#6279));
#6258 = ORIENTED_EDGE('',*,*,#6259,.T.);
#6259 = EDGE_CURVE('',#3132,#3130,#6260,.T.);
#6260 = SURFACE_CURVE('',#6261,(#6265,#6272),.PCURVE_S1.);
#6261 = LINE('',#6262,#6263);
#6262 = CARTESIAN_POINT('',(2.087294365249,-2.087294365249,14.42));
#6263 = VECTOR('',#6264,1.);
#6264 = DIRECTION('',(0.707106781187,0.707106781187,-0.));
#6265 = PCURVE('',#3148,#6266);
#6266 = DEFINITIONAL_REPRESENTATION('',(#6267),#6271);
#6267 = LINE('',#6268,#6269);
#6268 = CARTESIAN_POINT('',(0.,0.));
#6269 = VECTOR('',#6270,1.);
#6270 = DIRECTION('',(0.701168939024,0.712995174561));
#6271 = ( GEOMETRIC_REPRESENTATION_CONTEXT(2) 
PARAMETRIC_REPRESENTATION_CONTEXT() REPRESENTATION_CONTEXT('2D SPACE',''
  ) );
#6272 = PCURVE('',#3180,#6273);
#6273 = DEFINITIONAL_REPRESENTATION('',(#6274),#6278);
#6274 = LINE('',#6275,#6276);
#6275 = CARTESIAN_POINT('',(0.,0.));
#6276 = VECTOR('',#6277,1.);
#6277 = DIRECTION('',(0.707106781187,0.707106781187));
#6278 = ( GEOMETRIC_REPRESENTATION_CONTEXT(2) 
PARAMETRIC_REPRESENTATION_CONTEXT() REPRESENTATION_CONTEXT('2D SPACE',''
  ) );
#6279 = ORIENTED_EDGE('',*,*,#3129,.T.);
#6280 = ADVANCED_FACE('',(#6281,#6312),#3180,.F.);
#6281 = FACE_BOUND('',#6282,.F.);
#6282 = EDGE_LOOP('',(#6283));
#6283 = ORIENTED_EDGE('',*,*,#6284,.T.);
#6284 = EDGE_CURVE('',#6285,#6285,#6287,.T.);
#6285 = VERTEX_POINT('',#6286);
#6286 = CARTESIAN_POINT('',(2.367294365249,-2.087294365249,14.42));
#6287 = SURFACE_CURVE('',#6288,(#6293,#6300),.PCURVE_S1.);
#6288 = CIRCLE('',#6289,0.28);
#6289 = AXIS2_PLACEMENT_3D('',#6290,#6291,#6292);
#6290 = CARTESIAN_POINT('',(2.087294365249,-2.087294365249,14.42));
#6291 = DIRECTION('',(0.,0.,1.));
#6292 = DIRECTION('',(1.,0.,-0.));
#6293 = PCURVE('',#3180,#6294);
#6294 = DEFINITIONAL_REPRESENTATION('',(#6295),#6299);
#6295 = CIRCLE('',#6296,0.28);
#6296 = AXIS2_PLACEMENT_2D('',#6297,#6298);
#6297 = CARTESIAN_POINT('',(0.,0.));
#6298 = DIRECTION('',(1.,0.));
#6299 = ( GEOMETRIC_REPRESENTATION_CONTEXT(2) 
PARAMETRIC_REPRESENTATION_CONTEXT() REPRESENTATION_CONTEXT('2D SPACE',''
  ) );
#6300 = PCURVE('',#6301,#6306);
#6301 = SPHERICAL_SURFACE('',#6302,0.28);
#6302 = AXIS2_PLACEMENT_3D('',#6303,#6304,#6305);
#6303 = CARTESIAN_POINT('',(2.087294365249,-2.087294365249,14.42));
#6304 = DIRECTION('',(0.,0.,1.));
#6305 = DIRECTION('',(1.,0.,-0.));
#6306 = DEFINITIONAL_REPRESENTATION('',(#6307),#6311);
#6307 = LINE('',#6308,#6309);
#6308 = CARTESIAN_POINT('',(0.,0.));
#6309 = VECTOR('',#6310,1.);
#6310 = DIRECTION('',(1.,0.));
#6311 = ( GEOMETRIC_REPRESENTATION_CONTEXT(2) 
PARAMETRIC_REPRESENTATION_CONTEXT() REPRESENTATION_CONTEXT('2D SPACE',''
  ) );
#6312 = FACE_BOUND('',#6313,.F.);
#6313 = EDGE_LOOP('',(#6314,#6315,#6316));
#6314 = ORIENTED_EDGE('',*,*,#3160,.F.);
#6315 = ORIENTED_EDGE('',*,*,#3883,.F.);
#6316 = ORIENTED_EDGE('',*,*,#6259,.T.);
#6317 = ADVANCED_FACE('',(#6318,#6344),#3238,.T.);
#6318 = FACE_BOUND('',#6319,.T.);
#6319 = EDGE_LOOP('',(#6320));
#6320 = ORIENTED_EDGE('',*,*,#6321,.T.);
#6321 = EDGE_CURVE('',#6322,#6322,#6324,.T.);
#6322 = VERTEX_POINT('',#6323);
#6323 = CARTESIAN_POINT('',(3.53188,0.,12.8));
#6324 = SURFACE_CURVE('',#6325,(#6330,#6337),.PCURVE_S1.);
#6325 = CIRCLE('',#6326,3.53188);
#6326 = AXIS2_PLACEMENT_3D('',#6327,#6328,#6329);
#6327 = CARTESIAN_POINT('',(0.,0.,12.8));
#6328 = DIRECTION('',(0.,0.,1.));
#6329 = DIRECTION('',(1.,0.,-0.));
#6330 = PCURVE('',#3238,#6331);
#6331 = DEFINITIONAL_REPRESENTATION('',(#6332),#6336);
#6332 = CIRCLE('',#6333,3.53188);
#6333 = AXIS2_PLACEMENT_2D('',#6334,#6335);
#6334 = CARTESIAN_POINT('',(1.935853047866E-16,-4.365790631274E-16));
#6335 = DIRECTION('',(1.,0.));
#6336 = ( GEOMETRIC_REPRESENTATION_CONTEXT(2) 
PARAMETRIC_REPRESENTATION_CONTEXT() REPRESENTATION_CONTEXT('2D SPACE',''
  ) );
#6337 = PCURVE('',#3714,#6338);
#6338 = DEFINITIONAL_REPRESENTATION('',(#6339),#6343);
#6339 = LINE('',#6340,#6341);
#6340 = CARTESIAN_POINT('',(6.28318530718,-0.25));
#6341 = VECTOR('',#6342,1.);
#6342 = DIRECTION('',(-1.,0.));
#6343 = ( GEOMETRIC_REPRESENTATION_CONTEXT(2) 
PARAMETRIC_REPRESENTATION_CONTEXT() REPRESENTATION_CONTEXT('2D SPACE',''
  ) );
#6344 = FACE_BOUND('',#6345,.T.);
#6345 = EDGE_LOOP('',(#6346,#6372,#6373,#6374,#6396,#6397,#6398,#6420,
    #6421,#6422,#6444,#6445));
#6346 = ORIENTED_EDGE('',*,*,#6347,.T.);
#6347 = EDGE_CURVE('',#6119,#3216,#6348,.T.);
#6348 = SURFACE_CURVE('',#6349,(#6354,#6365),.PCURVE_S1.);
#6349 = CIRCLE('',#6350,3.07188);
#6350 = AXIS2_PLACEMENT_3D('',#6351,#6352,#6353);
#6351 = CARTESIAN_POINT('',(1.672306672652E-14,1.571716797605E-16,12.8)
  );
#6352 = DIRECTION('',(0.,0.,-1.));
#6353 = DIRECTION('',(0.744499755972,0.667622732805,0.));
#6354 = PCURVE('',#3238,#6355);
#6355 = DEFINITIONAL_REPRESENTATION('',(#6356),#6364);
#6356 = ( BOUNDED_CURVE() B_SPLINE_CURVE(2,(#6357,#6358,#6359,#6360,
#6361,#6362,#6363),.UNSPECIFIED.,.T.,.F.) B_SPLINE_CURVE_WITH_KNOTS((1,2
    ,2,2,2,1),(-2.094395102393,0.,2.094395102393,4.188790204786,
6.28318530718,8.377580409573),.UNSPECIFIED.) CURVE() 
GEOMETRIC_REPRESENTATION_ITEM() RATIONAL_B_SPLINE_CURVE((1.,0.5,1.,0.5,
1.,0.5,1.)) REPRESENTATION_ITEM('') );
#6357 = CARTESIAN_POINT('',(2.287013910375,2.050856920449));
#6358 = CARTESIAN_POINT('',(5.839202295646,-1.910367369937));
#6359 = CARTESIAN_POINT('',(0.632587237448,-3.006040605417));
#6360 = CARTESIAN_POINT('',(-4.57402782075,-4.101713840897));
#6361 = CARTESIAN_POINT('',(-2.919601147823,0.955183684969));
#6362 = CARTESIAN_POINT('',(-1.265174474896,6.012081210835));
#6363 = CARTESIAN_POINT('',(2.287013910375,2.050856920449));
#6364 = ( GEOMETRIC_REPRESENTATION_CONTEXT(2) 
PARAMETRIC_REPRESENTATION_CONTEXT() REPRESENTATION_CONTEXT('2D SPACE',''
  ) );
#6365 = PCURVE('',#3276,#6366);
#6366 = DEFINITIONAL_REPRESENTATION('',(#6367),#6371);
#6367 = LINE('',#6368,#6369);
#6368 = CARTESIAN_POINT('',(-0.731011090556,-0.25));
#6369 = VECTOR('',#6370,1.);
#6370 = DIRECTION('',(1.,-0.));
#6371 = ( GEOMETRIC_REPRESENTATION_CONTEXT(2) 
PARAMETRIC_REPRESENTATION_CONTEXT() REPRESENTATION_CONTEXT('2D SPACE',''
  ) );
#6372 = ORIENTED_EDGE('',*,*,#3215,.F.);
#6373 = ORIENTED_EDGE('',*,*,#3838,.F.);
#6374 = ORIENTED_EDGE('',*,*,#6375,.F.);
#6375 = EDGE_CURVE('',#4335,#3796,#6376,.T.);
#6376 = SURFACE_CURVE('',#6377,(#6382,#6389),.PCURVE_S1.);
#6377 = CIRCLE('',#6378,3.07188);
#6378 = AXIS2_PLACEMENT_3D('',#6379,#6380,#6381);
#6379 = CARTESIAN_POINT('',(1.672306672652E-14,1.571716797605E-16,12.8)
  );
#6380 = DIRECTION('',(0.,0.,1.));
#6381 = DIRECTION('',(1.,0.,-0.));
#6382 = PCURVE('',#3238,#6383);
#6383 = DEFINITIONAL_REPRESENTATION('',(#6384),#6388);
#6384 = CIRCLE('',#6385,3.07188);
#6385 = AXIS2_PLACEMENT_2D('',#6386,#6387);
#6386 = CARTESIAN_POINT('',(1.691665203131E-14,-2.794073833669E-16));
#6387 = DIRECTION('',(1.,0.));
#6388 = ( GEOMETRIC_REPRESENTATION_CONTEXT(2) 
PARAMETRIC_REPRESENTATION_CONTEXT() REPRESENTATION_CONTEXT('2D SPACE',''
  ) );
#6389 = PCURVE('',#3821,#6390);
#6390 = DEFINITIONAL_REPRESENTATION('',(#6391),#6395);
#6391 = LINE('',#6392,#6393);
#6392 = CARTESIAN_POINT('',(6.28318530718,-0.25));
#6393 = VECTOR('',#6394,1.);
#6394 = DIRECTION('',(-1.,0.));
#6395 = ( GEOMETRIC_REPRESENTATION_CONTEXT(2) 
PARAMETRIC_REPRESENTATION_CONTEXT() REPRESENTATION_CONTEXT('2D SPACE',''
  ) );
#6396 = ORIENTED_EDGE('',*,*,#4334,.F.);
#6397 = ORIENTED_EDGE('',*,*,#4178,.F.);
#6398 = ORIENTED_EDGE('',*,*,#6399,.F.);
#6399 = EDGE_CURVE('',#5206,#4136,#6400,.T.);
#6400 = SURFACE_CURVE('',#6401,(#6406,#6413),.PCURVE_S1.);
#6401 = CIRCLE('',#6402,3.07188);
#6402 = AXIS2_PLACEMENT_3D('',#6403,#6404,#6405);
#6403 = CARTESIAN_POINT('',(1.672306672652E-14,1.571716797605E-16,12.8)
  );
#6404 = DIRECTION('',(0.,0.,1.));
#6405 = DIRECTION('',(1.,0.,-0.));
#6406 = PCURVE('',#3238,#6407);
#6407 = DEFINITIONAL_REPRESENTATION('',(#6408),#6412);
#6408 = CIRCLE('',#6409,3.07188);
#6409 = AXIS2_PLACEMENT_2D('',#6410,#6411);
#6410 = CARTESIAN_POINT('',(1.691665203131E-14,-2.794073833669E-16));
#6411 = DIRECTION('',(1.,0.));
#6412 = ( GEOMETRIC_REPRESENTATION_CONTEXT(2) 
PARAMETRIC_REPRESENTATION_CONTEXT() REPRESENTATION_CONTEXT('2D SPACE',''
  ) );
#6413 = PCURVE('',#4161,#6414);
#6414 = DEFINITIONAL_REPRESENTATION('',(#6415),#6419);
#6415 = LINE('',#6416,#6417);
#6416 = CARTESIAN_POINT('',(6.28318530718,-0.25));
#6417 = VECTOR('',#6418,1.);
#6418 = DIRECTION('',(-1.,0.));
#6419 = ( GEOMETRIC_REPRESENTATION_CONTEXT(2) 
PARAMETRIC_REPRESENTATION_CONTEXT() REPRESENTATION_CONTEXT('2D SPACE',''
  ) );
#6420 = ORIENTED_EDGE('',*,*,#5205,.F.);
#6421 = ORIENTED_EDGE('',*,*,#5049,.F.);
#6422 = ORIENTED_EDGE('',*,*,#6423,.F.);
#6423 = EDGE_CURVE('',#5573,#5007,#6424,.T.);
#6424 = SURFACE_CURVE('',#6425,(#6430,#6437),.PCURVE_S1.);
#6425 = CIRCLE('',#6426,3.07188);
#6426 = AXIS2_PLACEMENT_3D('',#6427,#6428,#6429);
#6427 = CARTESIAN_POINT('',(1.672306672652E-14,1.571716797605E-16,12.8)
  );
#6428 = DIRECTION('',(0.,0.,1.));
#6429 = DIRECTION('',(1.,0.,-0.));
#6430 = PCURVE('',#3238,#6431);
#6431 = DEFINITIONAL_REPRESENTATION('',(#6432),#6436);
#6432 = CIRCLE('',#6433,3.07188);
#6433 = AXIS2_PLACEMENT_2D('',#6434,#6435);
#6434 = CARTESIAN_POINT('',(1.691665203131E-14,-2.794073833669E-16));
#6435 = DIRECTION('',(1.,0.));
#6436 = ( GEOMETRIC_REPRESENTATION_CONTEXT(2) 
PARAMETRIC_REPRESENTATION_CONTEXT() REPRESENTATION_CONTEXT('2D SPACE',''
  ) );
#6437 = PCURVE('',#5032,#6438);
#6438 = DEFINITIONAL_REPRESENTATION('',(#6439),#6443);
#6439 = LINE('',#6440,#6441);
#6440 = CARTESIAN_POINT('',(6.28318530718,-0.25));
#6441 = VECTOR('',#6442,1.);
#6442 = DIRECTION('',(-1.,0.));
#6443 = ( GEOMETRIC_REPRESENTATION_CONTEXT(2) 
PARAMETRIC_REPRESENTATION_CONTEXT() REPRESENTATION_CONTEXT('2D SPACE',''
  ) );
#6444 = ORIENTED_EDGE('',*,*,#5572,.F.);
#6445 = ORIENTED_EDGE('',*,*,#6156,.F.);
#6446 = ADVANCED_FACE('',(#6447),#3821,.F.);
#6447 = FACE_BOUND('',#6448,.F.);
#6448 = EDGE_LOOP('',(#6449,#6450,#6451,#6473));
#6449 = ORIENTED_EDGE('',*,*,#6375,.F.);
#6450 = ORIENTED_EDGE('',*,*,#4371,.T.);
#6451 = ORIENTED_EDGE('',*,*,#6452,.T.);
#6452 = EDGE_CURVE('',#4372,#3754,#6453,.T.);
#6453 = SURFACE_CURVE('',#6454,(#6459,#6466),.PCURVE_S1.);
#6454 = CIRCLE('',#6455,3.07188);
#6455 = AXIS2_PLACEMENT_3D('',#6456,#6457,#6458);
#6456 = CARTESIAN_POINT('',(1.672306672652E-14,1.571716797605E-16,12.55)
  );
#6457 = DIRECTION('',(0.,0.,1.));
#6458 = DIRECTION('',(1.,0.,-0.));
#6459 = PCURVE('',#3821,#6460);
#6460 = DEFINITIONAL_REPRESENTATION('',(#6461),#6465);
#6461 = LINE('',#6462,#6463);
#6462 = CARTESIAN_POINT('',(6.28318530718,0.));
#6463 = VECTOR('',#6464,1.);
#6464 = DIRECTION('',(-1.,0.));
#6465 = ( GEOMETRIC_REPRESENTATION_CONTEXT(2) 
PARAMETRIC_REPRESENTATION_CONTEXT() REPRESENTATION_CONTEXT('2D SPACE',''
  ) );
#6466 = PCURVE('',#3783,#6467);
#6467 = DEFINITIONAL_REPRESENTATION('',(#6468),#6472);
#6468 = CIRCLE('',#6469,3.07188);
#6469 = AXIS2_PLACEMENT_2D('',#6470,#6471);
#6470 = CARTESIAN_POINT('',(1.691665203131E-14,-2.794073833669E-16));
#6471 = DIRECTION('',(1.,0.));
#6472 = ( GEOMETRIC_REPRESENTATION_CONTEXT(2) 
PARAMETRIC_REPRESENTATION_CONTEXT() REPRESENTATION_CONTEXT('2D SPACE',''
  ) );
#6473 = ORIENTED_EDGE('',*,*,#3795,.T.);
#6474 = ADVANCED_FACE('',(#6475),#3783,.F.);
#6475 = FACE_BOUND('',#6476,.F.);
#6476 = EDGE_LOOP('',(#6477,#6499,#6500,#6501,#6502));
#6477 = ORIENTED_EDGE('',*,*,#6478,.T.);
#6478 = EDGE_CURVE('',#3944,#3645,#6479,.T.);
#6479 = SURFACE_CURVE('',#6480,(#6485,#6492),.PCURVE_S1.);
#6480 = CIRCLE('',#6481,3.53188);
#6481 = AXIS2_PLACEMENT_3D('',#6482,#6483,#6484);
#6482 = CARTESIAN_POINT('',(0.,0.,12.55));
#6483 = DIRECTION('',(0.,0.,1.));
#6484 = DIRECTION('',(1.,0.,-0.));
#6485 = PCURVE('',#3783,#6486);
#6486 = DEFINITIONAL_REPRESENTATION('',(#6487),#6491);
#6487 = CIRCLE('',#6488,3.53188);
#6488 = AXIS2_PLACEMENT_2D('',#6489,#6490);
#6489 = CARTESIAN_POINT('',(1.935853047866E-16,-4.365790631274E-16));
#6490 = DIRECTION('',(1.,0.));
#6491 = ( GEOMETRIC_REPRESENTATION_CONTEXT(2) 
PARAMETRIC_REPRESENTATION_CONTEXT() REPRESENTATION_CONTEXT('2D SPACE',''
  ) );
#6492 = PCURVE('',#3714,#6493);
#6493 = DEFINITIONAL_REPRESENTATION('',(#6494),#6498);
#6494 = LINE('',#6495,#6496);
#6495 = CARTESIAN_POINT('',(6.28318530718,0.));
#6496 = VECTOR('',#6497,1.);
#6497 = DIRECTION('',(-1.,0.));
#6498 = ( GEOMETRIC_REPRESENTATION_CONTEXT(2) 
PARAMETRIC_REPRESENTATION_CONTEXT() REPRESENTATION_CONTEXT('2D SPACE',''
  ) );
#6499 = ORIENTED_EDGE('',*,*,#3753,.F.);
#6500 = ORIENTED_EDGE('',*,*,#6452,.F.);
#6501 = ORIENTED_EDGE('',*,*,#4409,.F.);
#6502 = ORIENTED_EDGE('',*,*,#3943,.F.);
#6503 = ADVANCED_FACE('',(#6504),#3714,.T.);
#6504 = FACE_BOUND('',#6505,.T.);
#6505 = EDGE_LOOP('',(#6506,#6507,#6529,#6530,#6552,#6553,#6554,#6555,
    #6579,#6600,#6601,#6602));
#6506 = ORIENTED_EDGE('',*,*,#5684,.T.);
#6507 = ORIENTED_EDGE('',*,*,#6508,.T.);
#6508 = EDGE_CURVE('',#5648,#5318,#6509,.T.);
#6509 = SURFACE_CURVE('',#6510,(#6515,#6522),.PCURVE_S1.);
#6510 = CIRCLE('',#6511,3.53188);
#6511 = AXIS2_PLACEMENT_3D('',#6512,#6513,#6514);
#6512 = CARTESIAN_POINT('',(0.,0.,12.55));
#6513 = DIRECTION('',(0.,0.,1.));
#6514 = DIRECTION('',(1.,0.,-0.));
#6515 = PCURVE('',#3714,#6516);
#6516 = DEFINITIONAL_REPRESENTATION('',(#6517),#6521);
#6517 = LINE('',#6518,#6519);
#6518 = CARTESIAN_POINT('',(6.28318530718,0.));
#6519 = VECTOR('',#6520,1.);
#6520 = DIRECTION('',(-1.,0.));
#6521 = ( GEOMETRIC_REPRESENTATION_CONTEXT(2) 
PARAMETRIC_REPRESENTATION_CONTEXT() REPRESENTATION_CONTEXT('2D SPACE',''
  ) );
#6522 = PCURVE('',#4994,#6523);
#6523 = DEFINITIONAL_REPRESENTATION('',(#6524),#6528);
#6524 = CIRCLE('',#6525,3.53188);
#6525 = AXIS2_PLACEMENT_2D('',#6526,#6527);
#6526 = CARTESIAN_POINT('',(1.935853047866E-16,-4.365790631274E-16));
#6527 = DIRECTION('',(1.,0.));
#6528 = ( GEOMETRIC_REPRESENTATION_CONTEXT(2) 
PARAMETRIC_REPRESENTATION_CONTEXT() REPRESENTATION_CONTEXT('2D SPACE',''
  ) );
#6529 = ORIENTED_EDGE('',*,*,#5317,.T.);
#6530 = ORIENTED_EDGE('',*,*,#6531,.T.);
#6531 = EDGE_CURVE('',#5281,#3990,#6532,.T.);
#6532 = SURFACE_CURVE('',#6533,(#6538,#6545),.PCURVE_S1.);
#6533 = CIRCLE('',#6534,3.53188);
#6534 = AXIS2_PLACEMENT_3D('',#6535,#6536,#6537);
#6535 = CARTESIAN_POINT('',(0.,0.,12.55));
#6536 = DIRECTION('',(0.,0.,1.));
#6537 = DIRECTION('',(1.,0.,-0.));
#6538 = PCURVE('',#3714,#6539);
#6539 = DEFINITIONAL_REPRESENTATION('',(#6540),#6544);
#6540 = LINE('',#6541,#6542);
#6541 = CARTESIAN_POINT('',(6.28318530718,0.));
#6542 = VECTOR('',#6543,1.);
#6543 = DIRECTION('',(-1.,0.));
#6544 = ( GEOMETRIC_REPRESENTATION_CONTEXT(2) 
PARAMETRIC_REPRESENTATION_CONTEXT() REPRESENTATION_CONTEXT('2D SPACE',''
  ) );
#6545 = PCURVE('',#4123,#6546);
#6546 = DEFINITIONAL_REPRESENTATION('',(#6547),#6551);
#6547 = CIRCLE('',#6548,3.53188);
#6548 = AXIS2_PLACEMENT_2D('',#6549,#6550);
#6549 = CARTESIAN_POINT('',(1.935853047866E-16,-4.365790631274E-16));
#6550 = DIRECTION('',(1.,0.));
#6551 = ( GEOMETRIC_REPRESENTATION_CONTEXT(2) 
PARAMETRIC_REPRESENTATION_CONTEXT() REPRESENTATION_CONTEXT('2D SPACE',''
  ) );
#6552 = ORIENTED_EDGE('',*,*,#3989,.T.);
#6553 = ORIENTED_EDGE('',*,*,#6478,.T.);
#6554 = ORIENTED_EDGE('',*,*,#3644,.T.);
#6555 = ORIENTED_EDGE('',*,*,#6556,.T.);
#6556 = EDGE_CURVE('',#3599,#6557,#6559,.T.);
#6557 = VERTEX_POINT('',#6558);
#6558 = CARTESIAN_POINT('',(3.53188,0.,12.55));
#6559 = SURFACE_CURVE('',#6560,(#6565,#6572),.PCURVE_S1.);
#6560 = CIRCLE('',#6561,3.53188);
#6561 = AXIS2_PLACEMENT_3D('',#6562,#6563,#6564);
#6562 = CARTESIAN_POINT('',(0.,0.,12.55));
#6563 = DIRECTION('',(0.,0.,1.));
#6564 = DIRECTION('',(1.,0.,-0.));
#6565 = PCURVE('',#3714,#6566);
#6566 = DEFINITIONAL_REPRESENTATION('',(#6567),#6571);
#6567 = LINE('',#6568,#6569);
#6568 = CARTESIAN_POINT('',(6.28318530718,0.));
#6569 = VECTOR('',#6570,1.);
#6570 = DIRECTION('',(-1.,0.));
#6571 = ( GEOMETRIC_REPRESENTATION_CONTEXT(2) 
PARAMETRIC_REPRESENTATION_CONTEXT() REPRESENTATION_CONTEXT('2D SPACE',''
  ) );
#6572 = PCURVE('',#3316,#6573);
#6573 = DEFINITIONAL_REPRESENTATION('',(#6574),#6578);
#6574 = CIRCLE('',#6575,3.53188);
#6575 = AXIS2_PLACEMENT_2D('',#6576,#6577);
#6576 = CARTESIAN_POINT('',(1.935853047866E-16,-4.365790631274E-16));
#6577 = DIRECTION('',(1.,0.));
#6578 = ( GEOMETRIC_REPRESENTATION_CONTEXT(2) 
PARAMETRIC_REPRESENTATION_CONTEXT() REPRESENTATION_CONTEXT('2D SPACE',''
  ) );
#6579 = ORIENTED_EDGE('',*,*,#6580,.T.);
#6580 = EDGE_CURVE('',#6557,#6322,#6581,.T.);
#6581 = SEAM_CURVE('',#6582,(#6586,#6593),.PCURVE_S1.);
#6582 = LINE('',#6583,#6584);
#6583 = CARTESIAN_POINT('',(3.53188,0.,12.55));
#6584 = VECTOR('',#6585,1.);
#6585 = DIRECTION('',(0.,0.,1.));
#6586 = PCURVE('',#3714,#6587);
#6587 = DEFINITIONAL_REPRESENTATION('',(#6588),#6592);
#6588 = LINE('',#6589,#6590);
#6589 = CARTESIAN_POINT('',(-4.138911435803E-13,0.));
#6590 = VECTOR('',#6591,1.);
#6591 = DIRECTION('',(-0.,-1.));
#6592 = ( GEOMETRIC_REPRESENTATION_CONTEXT(2) 
PARAMETRIC_REPRESENTATION_CONTEXT() REPRESENTATION_CONTEXT('2D SPACE',''
  ) );
#6593 = PCURVE('',#3714,#6594);
#6594 = DEFINITIONAL_REPRESENTATION('',(#6595),#6599);
#6595 = LINE('',#6596,#6597);
#6596 = CARTESIAN_POINT('',(6.28318530718,0.));
#6597 = VECTOR('',#6598,1.);
#6598 = DIRECTION('',(-0.,-1.));
#6599 = ( GEOMETRIC_REPRESENTATION_CONTEXT(2) 
PARAMETRIC_REPRESENTATION_CONTEXT() REPRESENTATION_CONTEXT('2D SPACE',''
  ) );
#6600 = ORIENTED_EDGE('',*,*,#6321,.F.);
#6601 = ORIENTED_EDGE('',*,*,#6580,.F.);
#6602 = ORIENTED_EDGE('',*,*,#6603,.T.);
#6603 = EDGE_CURVE('',#6557,#5685,#6604,.T.);
#6604 = SURFACE_CURVE('',#6605,(#6610,#6617),.PCURVE_S1.);
#6605 = CIRCLE('',#6606,3.53188);
#6606 = AXIS2_PLACEMENT_3D('',#6607,#6608,#6609);
#6607 = CARTESIAN_POINT('',(0.,0.,12.55));
#6608 = DIRECTION('',(0.,0.,1.));
#6609 = DIRECTION('',(1.,0.,-0.));
#6610 = PCURVE('',#3714,#6611);
#6611 = DEFINITIONAL_REPRESENTATION('',(#6612),#6616);
#6612 = LINE('',#6613,#6614);
#6613 = CARTESIAN_POINT('',(6.28318530718,0.));
#6614 = VECTOR('',#6615,1.);
#6615 = DIRECTION('',(-1.,0.));
#6616 = ( GEOMETRIC_REPRESENTATION_CONTEXT(2) 
PARAMETRIC_REPRESENTATION_CONTEXT() REPRESENTATION_CONTEXT('2D SPACE',''
  ) );
#6617 = PCURVE('',#3316,#6618);
#6618 = DEFINITIONAL_REPRESENTATION('',(#6619),#6623);
#6619 = CIRCLE('',#6620,3.53188);
#6620 = AXIS2_PLACEMENT_2D('',#6621,#6622);
#6621 = CARTESIAN_POINT('',(1.935853047866E-16,-4.365790631274E-16));
#6622 = DIRECTION('',(1.,0.));
#6623 = ( GEOMETRIC_REPRESENTATION_CONTEXT(2) 
PARAMETRIC_REPRESENTATION_CONTEXT() REPRESENTATION_CONTEXT('2D SPACE',''
  ) );
#6624 = ADVANCED_FACE('',(#6625),#3316,.F.);
#6625 = FACE_BOUND('',#6626,.F.);
#6626 = EDGE_LOOP('',(#6627,#6628,#6629,#6630,#6631,#6653,#6654));
#6627 = ORIENTED_EDGE('',*,*,#6556,.T.);
#6628 = ORIENTED_EDGE('',*,*,#6603,.T.);
#6629 = ORIENTED_EDGE('',*,*,#5788,.F.);
#6630 = ORIENTED_EDGE('',*,*,#6088,.F.);
#6631 = ORIENTED_EDGE('',*,*,#6632,.F.);
#6632 = EDGE_CURVE('',#3251,#6089,#6633,.T.);
#6633 = SURFACE_CURVE('',#6634,(#6639,#6646),.PCURVE_S1.);
#6634 = CIRCLE('',#6635,3.07188);
#6635 = AXIS2_PLACEMENT_3D('',#6636,#6637,#6638);
#6636 = CARTESIAN_POINT('',(1.672306672652E-14,1.571716797605E-16,12.55)
  );
#6637 = DIRECTION('',(0.,0.,1.));
#6638 = DIRECTION('',(0.733780150517,-0.679386996275,0.));
#6639 = PCURVE('',#3316,#6640);
#6640 = DEFINITIONAL_REPRESENTATION('',(#6641),#6645);
#6641 = CIRCLE('',#6642,3.07188);
#6642 = AXIS2_PLACEMENT_2D('',#6643,#6644);
#6643 = CARTESIAN_POINT('',(1.691665203131E-14,-2.794073833669E-16));
#6644 = DIRECTION('',(0.733780150517,-0.679386996275));
#6645 = ( GEOMETRIC_REPRESENTATION_CONTEXT(2) 
PARAMETRIC_REPRESENTATION_CONTEXT() REPRESENTATION_CONTEXT('2D SPACE',''
  ) );
#6646 = PCURVE('',#3276,#6647);
#6647 = DEFINITIONAL_REPRESENTATION('',(#6648),#6652);
#6648 = LINE('',#6649,#6650);
#6649 = CARTESIAN_POINT('',(0.746926906067,0.));
#6650 = VECTOR('',#6651,1.);
#6651 = DIRECTION('',(-1.,0.));
#6652 = ( GEOMETRIC_REPRESENTATION_CONTEXT(2) 
PARAMETRIC_REPRESENTATION_CONTEXT() REPRESENTATION_CONTEXT('2D SPACE',''
  ) );
#6653 = ORIENTED_EDGE('',*,*,#3293,.F.);
#6654 = ORIENTED_EDGE('',*,*,#3598,.F.);
#6655 = ADVANCED_FACE('',(#6656),#3276,.F.);
#6656 = FACE_BOUND('',#6657,.F.);
#6657 = EDGE_LOOP('',(#6658,#6659,#6660,#6661));
#6658 = ORIENTED_EDGE('',*,*,#3250,.T.);
#6659 = ORIENTED_EDGE('',*,*,#6632,.T.);
#6660 = ORIENTED_EDGE('',*,*,#6118,.T.);
#6661 = ORIENTED_EDGE('',*,*,#6347,.T.);
#6662 = ADVANCED_FACE('',(#6663),#4264,.T.);
#6663 = FACE_BOUND('',#6664,.T.);
#6664 = EDGE_LOOP('',(#6665,#6666,#6667));
#6665 = ORIENTED_EDGE('',*,*,#4247,.T.);
#6666 = ORIENTED_EDGE('',*,*,#4311,.T.);
#6667 = ORIENTED_EDGE('',*,*,#6668,.T.);
#6668 = EDGE_CURVE('',#4277,#4248,#6669,.T.);
#6669 = SURFACE_CURVE('',#6670,(#6674,#6681),.PCURVE_S1.);
#6670 = LINE('',#6671,#6672);
#6671 = CARTESIAN_POINT('',(-2.087294365249,-2.087294365249,14.42));
#6672 = VECTOR('',#6673,1.);
#6673 = DIRECTION('',(0.707106781187,-0.707106781187,0.));
#6674 = PCURVE('',#4264,#6675);
#6675 = DEFINITIONAL_REPRESENTATION('',(#6676),#6680);
#6676 = LINE('',#6677,#6678);
#6677 = CARTESIAN_POINT('',(0.,0.));
#6678 = VECTOR('',#6679,1.);
#6679 = DIRECTION('',(0.701168939024,-0.712995174561));
#6680 = ( GEOMETRIC_REPRESENTATION_CONTEXT(2) 
PARAMETRIC_REPRESENTATION_CONTEXT() REPRESENTATION_CONTEXT('2D SPACE',''
  ) );
#6681 = PCURVE('',#4299,#6682);
#6682 = DEFINITIONAL_REPRESENTATION('',(#6683),#6687);
#6683 = LINE('',#6684,#6685);
#6684 = CARTESIAN_POINT('',(0.,0.));
#6685 = VECTOR('',#6686,1.);
#6686 = DIRECTION('',(0.707106781187,-0.707106781187));
#6687 = ( GEOMETRIC_REPRESENTATION_CONTEXT(2) 
PARAMETRIC_REPRESENTATION_CONTEXT() REPRESENTATION_CONTEXT('2D SPACE',''
  ) );
#6688 = ADVANCED_FACE('',(#6689,#6720),#4299,.F.);
#6689 = FACE_BOUND('',#6690,.F.);
#6690 = EDGE_LOOP('',(#6691));
#6691 = ORIENTED_EDGE('',*,*,#6692,.T.);
#6692 = EDGE_CURVE('',#6693,#6693,#6695,.T.);
#6693 = VERTEX_POINT('',#6694);
#6694 = CARTESIAN_POINT('',(-1.807294365249,-2.087294365249,14.42));
#6695 = SURFACE_CURVE('',#6696,(#6701,#6708),.PCURVE_S1.);
#6696 = CIRCLE('',#6697,0.28);
#6697 = AXIS2_PLACEMENT_3D('',#6698,#6699,#6700);
#6698 = CARTESIAN_POINT('',(-2.087294365249,-2.087294365249,14.42));
#6699 = DIRECTION('',(0.,0.,1.));
#6700 = DIRECTION('',(1.,0.,-0.));
#6701 = PCURVE('',#4299,#6702);
#6702 = DEFINITIONAL_REPRESENTATION('',(#6703),#6707);
#6703 = CIRCLE('',#6704,0.28);
#6704 = AXIS2_PLACEMENT_2D('',#6705,#6706);
#6705 = CARTESIAN_POINT('',(0.,0.));
#6706 = DIRECTION('',(1.,0.));
#6707 = ( GEOMETRIC_REPRESENTATION_CONTEXT(2) 
PARAMETRIC_REPRESENTATION_CONTEXT() REPRESENTATION_CONTEXT('2D SPACE',''
  ) );
#6708 = PCURVE('',#6709,#6714);
#6709 = SPHERICAL_SURFACE('',#6710,0.28);
#6710 = AXIS2_PLACEMENT_3D('',#6711,#6712,#6713);
#6711 = CARTESIAN_POINT('',(-2.087294365249,-2.087294365249,14.42));
#6712 = DIRECTION('',(0.,0.,1.));
#6713 = DIRECTION('',(1.,0.,-0.));
#6714 = DEFINITIONAL_REPRESENTATION('',(#6715),#6719);
#6715 = LINE('',#6716,#6717);
#6716 = CARTESIAN_POINT('',(0.,0.));
#6717 = VECTOR('',#6718,1.);
#6718 = DIRECTION('',(1.,0.));
#6719 = ( GEOMETRIC_REPRESENTATION_CONTEXT(2) 
PARAMETRIC_REPRESENTATION_CONTEXT() REPRESENTATION_CONTEXT('2D SPACE',''
  ) );
#6720 = FACE_BOUND('',#6721,.F.);
#6721 = EDGE_LOOP('',(#6722,#6723));
#6722 = ORIENTED_EDGE('',*,*,#4276,.F.);
#6723 = ORIENTED_EDGE('',*,*,#6668,.T.);
#6724 = ADVANCED_FACE('',(#6725),#4161,.F.);
#6725 = FACE_BOUND('',#6726,.F.);
#6726 = EDGE_LOOP('',(#6727,#6728,#6729,#6730));
#6727 = ORIENTED_EDGE('',*,*,#4135,.T.);
#6728 = ORIENTED_EDGE('',*,*,#6399,.F.);
#6729 = ORIENTED_EDGE('',*,*,#5242,.T.);
#6730 = ORIENTED_EDGE('',*,*,#6731,.T.);
#6731 = EDGE_CURVE('',#5243,#4094,#6732,.T.);
#6732 = SURFACE_CURVE('',#6733,(#6738,#6745),.PCURVE_S1.);
#6733 = CIRCLE('',#6734,3.07188);
#6734 = AXIS2_PLACEMENT_3D('',#6735,#6736,#6737);
#6735 = CARTESIAN_POINT('',(1.672306672652E-14,1.571716797605E-16,12.55)
  );
#6736 = DIRECTION('',(0.,0.,1.));
#6737 = DIRECTION('',(1.,0.,-0.));
#6738 = PCURVE('',#4161,#6739);
#6739 = DEFINITIONAL_REPRESENTATION('',(#6740),#6744);
#6740 = LINE('',#6741,#6742);
#6741 = CARTESIAN_POINT('',(6.28318530718,0.));
#6742 = VECTOR('',#6743,1.);
#6743 = DIRECTION('',(-1.,0.));
#6744 = ( GEOMETRIC_REPRESENTATION_CONTEXT(2) 
PARAMETRIC_REPRESENTATION_CONTEXT() REPRESENTATION_CONTEXT('2D SPACE',''
  ) );
#6745 = PCURVE('',#4123,#6746);
#6746 = DEFINITIONAL_REPRESENTATION('',(#6747),#6751);
#6747 = CIRCLE('',#6748,3.07188);
#6748 = AXIS2_PLACEMENT_2D('',#6749,#6750);
#6749 = CARTESIAN_POINT('',(1.691665203131E-14,-2.794073833669E-16));
#6750 = DIRECTION('',(1.,0.));
#6751 = ( GEOMETRIC_REPRESENTATION_CONTEXT(2) 
PARAMETRIC_REPRESENTATION_CONTEXT() REPRESENTATION_CONTEXT('2D SPACE',''
  ) );
#6752 = ADVANCED_FACE('',(#6753),#4123,.F.);
#6753 = FACE_BOUND('',#6754,.F.);
#6754 = EDGE_LOOP('',(#6755,#6756,#6757,#6758));
#6755 = ORIENTED_EDGE('',*,*,#5280,.F.);
#6756 = ORIENTED_EDGE('',*,*,#6531,.T.);
#6757 = ORIENTED_EDGE('',*,*,#4093,.F.);
#6758 = ORIENTED_EDGE('',*,*,#6731,.F.);
#6759 = ADVANCED_FACE('',(#6760),#4994,.F.);
#6760 = FACE_BOUND('',#6761,.F.);
#6761 = EDGE_LOOP('',(#6762,#6763,#6764,#6765,#6766));
#6762 = ORIENTED_EDGE('',*,*,#5647,.F.);
#6763 = ORIENTED_EDGE('',*,*,#6508,.T.);
#6764 = ORIENTED_EDGE('',*,*,#5421,.F.);
#6765 = ORIENTED_EDGE('',*,*,#4955,.F.);
#6766 = ORIENTED_EDGE('',*,*,#6767,.F.);
#6767 = EDGE_CURVE('',#5610,#4956,#6768,.T.);
#6768 = SURFACE_CURVE('',#6769,(#6774,#6781),.PCURVE_S1.);
#6769 = CIRCLE('',#6770,3.07188);
#6770 = AXIS2_PLACEMENT_3D('',#6771,#6772,#6773);
#6771 = CARTESIAN_POINT('',(1.672306672652E-14,1.571716797605E-16,12.55)
  );
#6772 = DIRECTION('',(0.,0.,1.));
#6773 = DIRECTION('',(1.,0.,-0.));
#6774 = PCURVE('',#4994,#6775);
#6775 = DEFINITIONAL_REPRESENTATION('',(#6776),#6780);
#6776 = CIRCLE('',#6777,3.07188);
#6777 = AXIS2_PLACEMENT_2D('',#6778,#6779);
#6778 = CARTESIAN_POINT('',(1.691665203131E-14,-2.794073833669E-16));
#6779 = DIRECTION('',(1.,0.));
#6780 = ( GEOMETRIC_REPRESENTATION_CONTEXT(2) 
PARAMETRIC_REPRESENTATION_CONTEXT() REPRESENTATION_CONTEXT('2D SPACE',''
  ) );
#6781 = PCURVE('',#5032,#6782);
#6782 = DEFINITIONAL_REPRESENTATION('',(#6783),#6787);
#6783 = LINE('',#6784,#6785);
#6784 = CARTESIAN_POINT('',(6.28318530718,0.));
#6785 = VECTOR('',#6786,1.);
#6786 = DIRECTION('',(-1.,0.));
#6787 = ( GEOMETRIC_REPRESENTATION_CONTEXT(2) 
PARAMETRIC_REPRESENTATION_CONTEXT() REPRESENTATION_CONTEXT('2D SPACE',''
  ) );
#6788 = ADVANCED_FACE('',(#6789),#5135,.T.);
#6789 = FACE_BOUND('',#6790,.T.);
#6790 = EDGE_LOOP('',(#6791,#6792,#6793));
#6791 = ORIENTED_EDGE('',*,*,#5118,.T.);
#6792 = ORIENTED_EDGE('',*,*,#5182,.T.);
#6793 = ORIENTED_EDGE('',*,*,#6794,.T.);
#6794 = EDGE_CURVE('',#5148,#5119,#6795,.T.);
#6795 = SURFACE_CURVE('',#6796,(#6800,#6807),.PCURVE_S1.);
#6796 = LINE('',#6797,#6798);
#6797 = CARTESIAN_POINT('',(-2.087294365249,2.087294365249,14.42));
#6798 = VECTOR('',#6799,1.);
#6799 = DIRECTION('',(-0.707106781187,-0.707106781187,0.));
#6800 = PCURVE('',#5135,#6801);
#6801 = DEFINITIONAL_REPRESENTATION('',(#6802),#6806);
#6802 = LINE('',#6803,#6804);
#6803 = CARTESIAN_POINT('',(0.,0.));
#6804 = VECTOR('',#6805,1.);
#6805 = DIRECTION('',(-0.701168939024,-0.712995174561));
#6806 = ( GEOMETRIC_REPRESENTATION_CONTEXT(2) 
PARAMETRIC_REPRESENTATION_CONTEXT() REPRESENTATION_CONTEXT('2D SPACE',''
  ) );
#6807 = PCURVE('',#5170,#6808);
#6808 = DEFINITIONAL_REPRESENTATION('',(#6809),#6813);
#6809 = LINE('',#6810,#6811);
#6810 = CARTESIAN_POINT('',(0.,0.));
#6811 = VECTOR('',#6812,1.);
#6812 = DIRECTION('',(-0.707106781187,-0.707106781187));
#6813 = ( GEOMETRIC_REPRESENTATION_CONTEXT(2) 
PARAMETRIC_REPRESENTATION_CONTEXT() REPRESENTATION_CONTEXT('2D SPACE',''
  ) );
#6814 = ADVANCED_FACE('',(#6815,#6846),#5170,.F.);
#6815 = FACE_BOUND('',#6816,.F.);
#6816 = EDGE_LOOP('',(#6817));
#6817 = ORIENTED_EDGE('',*,*,#6818,.T.);
#6818 = EDGE_CURVE('',#6819,#6819,#6821,.T.);
#6819 = VERTEX_POINT('',#6820);
#6820 = CARTESIAN_POINT('',(-1.807294365249,2.087294365249,14.42));
#6821 = SURFACE_CURVE('',#6822,(#6827,#6834),.PCURVE_S1.);
#6822 = CIRCLE('',#6823,0.28);
#6823 = AXIS2_PLACEMENT_3D('',#6824,#6825,#6826);
#6824 = CARTESIAN_POINT('',(-2.087294365249,2.087294365249,14.42));
#6825 = DIRECTION('',(0.,0.,1.));
#6826 = DIRECTION('',(1.,0.,-0.));
#6827 = PCURVE('',#5170,#6828);
#6828 = DEFINITIONAL_REPRESENTATION('',(#6829),#6833);
#6829 = CIRCLE('',#6830,0.28);
#6830 = AXIS2_PLACEMENT_2D('',#6831,#6832);
#6831 = CARTESIAN_POINT('',(0.,0.));
#6832 = DIRECTION('',(1.,0.));
#6833 = ( GEOMETRIC_REPRESENTATION_CONTEXT(2) 
PARAMETRIC_REPRESENTATION_CONTEXT() REPRESENTATION_CONTEXT('2D SPACE',''
  ) );
#6834 = PCURVE('',#6835,#6840);
#6835 = SPHERICAL_SURFACE('',#6836,0.28);
#6836 = AXIS2_PLACEMENT_3D('',#6837,#6838,#6839);
#6837 = CARTESIAN_POINT('',(-2.087294365249,2.087294365249,14.42));
#6838 = DIRECTION('',(0.,0.,1.));
#6839 = DIRECTION('',(1.,0.,-0.));
#6840 = DEFINITIONAL_REPRESENTATION('',(#6841),#6845);
#6841 = LINE('',#6842,#6843);
#6842 = CARTESIAN_POINT('',(0.,0.));
#6843 = VECTOR('',#6844,1.);
#6844 = DIRECTION('',(1.,0.));
#6845 = ( GEOMETRIC_REPRESENTATION_CONTEXT(2) 
PARAMETRIC_REPRESENTATION_CONTEXT() REPRESENTATION_CONTEXT('2D SPACE',''
  ) );
#6846 = FACE_BOUND('',#6847,.F.);
#6847 = EDGE_LOOP('',(#6848,#6849));
#6848 = ORIENTED_EDGE('',*,*,#5147,.F.);
#6849 = ORIENTED_EDGE('',*,*,#6794,.T.);
#6850 = ADVANCED_FACE('',(#6851),#5032,.F.);
#6851 = FACE_BOUND('',#6852,.F.);
#6852 = EDGE_LOOP('',(#6853,#6854,#6855,#6856));
#6853 = ORIENTED_EDGE('',*,*,#5006,.T.);
#6854 = ORIENTED_EDGE('',*,*,#6423,.F.);
#6855 = ORIENTED_EDGE('',*,*,#5609,.T.);
#6856 = ORIENTED_EDGE('',*,*,#6767,.T.);
#6857 = ADVANCED_FACE('',(#6858),#5503,.T.);
#6858 = FACE_BOUND('',#6859,.T.);
#6859 = EDGE_LOOP('',(#6860,#6881));
#6860 = ORIENTED_EDGE('',*,*,#6861,.T.);
#6861 = EDGE_CURVE('',#5487,#5485,#6862,.T.);
#6862 = SURFACE_CURVE('',#6863,(#6867,#6874),.PCURVE_S1.);
#6863 = LINE('',#6864,#6865);
#6864 = CARTESIAN_POINT('',(2.087294365249,2.087294365249,14.42));
#6865 = VECTOR('',#6866,1.);
#6866 = DIRECTION('',(-0.707106781187,0.707106781187,0.));
#6867 = PCURVE('',#5503,#6868);
#6868 = DEFINITIONAL_REPRESENTATION('',(#6869),#6873);
#6869 = LINE('',#6870,#6871);
#6870 = CARTESIAN_POINT('',(0.,0.));
#6871 = VECTOR('',#6872,1.);
#6872 = DIRECTION('',(-0.701168939024,0.712995174561));
#6873 = ( GEOMETRIC_REPRESENTATION_CONTEXT(2) 
PARAMETRIC_REPRESENTATION_CONTEXT() REPRESENTATION_CONTEXT('2D SPACE',''
  ) );
#6874 = PCURVE('',#5537,#6875);
#6875 = DEFINITIONAL_REPRESENTATION('',(#6876),#6880);
#6876 = LINE('',#6877,#6878);
#6877 = CARTESIAN_POINT('',(0.,0.));
#6878 = VECTOR('',#6879,1.);
#6879 = DIRECTION('',(-0.707106781187,0.707106781187));
#6880 = ( GEOMETRIC_REPRESENTATION_CONTEXT(2) 
PARAMETRIC_REPRESENTATION_CONTEXT() REPRESENTATION_CONTEXT('2D SPACE',''
  ) );
#6881 = ORIENTED_EDGE('',*,*,#5484,.T.);
#6882 = ADVANCED_FACE('',(#6883,#6914),#5537,.F.);
#6883 = FACE_BOUND('',#6884,.F.);
#6884 = EDGE_LOOP('',(#6885));
#6885 = ORIENTED_EDGE('',*,*,#6886,.T.);
#6886 = EDGE_CURVE('',#6887,#6887,#6889,.T.);
#6887 = VERTEX_POINT('',#6888);
#6888 = CARTESIAN_POINT('',(2.367294365249,2.087294365249,14.42));
#6889 = SURFACE_CURVE('',#6890,(#6895,#6902),.PCURVE_S1.);
#6890 = CIRCLE('',#6891,0.28);
#6891 = AXIS2_PLACEMENT_3D('',#6892,#6893,#6894);
#6892 = CARTESIAN_POINT('',(2.087294365249,2.087294365249,14.42));
#6893 = DIRECTION('',(0.,0.,1.));
#6894 = DIRECTION('',(1.,0.,-0.));
#6895 = PCURVE('',#5537,#6896);
#6896 = DEFINITIONAL_REPRESENTATION('',(#6897),#6901);
#6897 = CIRCLE('',#6898,0.28);
#6898 = AXIS2_PLACEMENT_2D('',#6899,#6900);
#6899 = CARTESIAN_POINT('',(0.,0.));
#6900 = DIRECTION('',(1.,0.));
#6901 = ( GEOMETRIC_REPRESENTATION_CONTEXT(2) 
PARAMETRIC_REPRESENTATION_CONTEXT() REPRESENTATION_CONTEXT('2D SPACE',''
  ) );
#6902 = PCURVE('',#6903,#6908);
#6903 = SPHERICAL_SURFACE('',#6904,0.28);
#6904 = AXIS2_PLACEMENT_3D('',#6905,#6906,#6907);
#6905 = CARTESIAN_POINT('',(2.087294365249,2.087294365249,14.42));
#6906 = DIRECTION('',(0.,0.,1.));
#6907 = DIRECTION('',(1.,0.,-0.));
#6908 = DEFINITIONAL_REPRESENTATION('',(#6909),#6913);
#6909 = LINE('',#6910,#6911);
#6910 = CARTESIAN_POINT('',(0.,0.));
#6911 = VECTOR('',#6912,1.);
#6912 = DIRECTION('',(1.,0.));
#6913 = ( GEOMETRIC_REPRESENTATION_CONTEXT(2) 
PARAMETRIC_REPRESENTATION_CONTEXT() REPRESENTATION_CONTEXT('2D SPACE',''
  ) );
#6914 = FACE_BOUND('',#6915,.F.);
#6915 = EDGE_LOOP('',(#6916,#6917,#6918));
#6916 = ORIENTED_EDGE('',*,*,#6185,.F.);
#6917 = ORIENTED_EDGE('',*,*,#6861,.T.);
#6918 = ORIENTED_EDGE('',*,*,#5515,.F.);
#6919 = ADVANCED_FACE('',(#6920),#6301,.T.);
#6920 = FACE_BOUND('',#6921,.T.);
#6921 = EDGE_LOOP('',(#6922,#6946,#6947));
#6922 = ORIENTED_EDGE('',*,*,#6923,.F.);
#6923 = EDGE_CURVE('',#6285,#6924,#6926,.T.);
#6924 = VERTEX_POINT('',#6925);
#6925 = CARTESIAN_POINT('',(2.087294365249,-2.087294365249,14.7));
#6926 = SEAM_CURVE('',#6927,(#6932,#6939),.PCURVE_S1.);
#6927 = CIRCLE('',#6928,0.28);
#6928 = AXIS2_PLACEMENT_3D('',#6929,#6930,#6931);
#6929 = CARTESIAN_POINT('',(2.087294365249,-2.087294365249,14.42));
#6930 = DIRECTION('',(-2.449293598295E-16,-1.,0.));
#6931 = DIRECTION('',(1.,-2.449293598295E-16,0.));
#6932 = PCURVE('',#6301,#6933);
#6933 = DEFINITIONAL_REPRESENTATION('',(#6934),#6938);
#6934 = LINE('',#6935,#6936);
#6935 = CARTESIAN_POINT('',(0.,-4.138911435803E-13));
#6936 = VECTOR('',#6937,1.);
#6937 = DIRECTION('',(0.,1.));
#6938 = ( GEOMETRIC_REPRESENTATION_CONTEXT(2) 
PARAMETRIC_REPRESENTATION_CONTEXT() REPRESENTATION_CONTEXT('2D SPACE',''
  ) );
#6939 = PCURVE('',#6301,#6940);
#6940 = DEFINITIONAL_REPRESENTATION('',(#6941),#6945);
#6941 = LINE('',#6942,#6943);
#6942 = CARTESIAN_POINT('',(6.28318530718,-4.138911435803E-13));
#6943 = VECTOR('',#6944,1.);
#6944 = DIRECTION('',(0.,1.));
#6945 = ( GEOMETRIC_REPRESENTATION_CONTEXT(2) 
PARAMETRIC_REPRESENTATION_CONTEXT() REPRESENTATION_CONTEXT('2D SPACE',''
  ) );
#6946 = ORIENTED_EDGE('',*,*,#6284,.T.);
#6947 = ORIENTED_EDGE('',*,*,#6923,.T.);
#6948 = ADVANCED_FACE('',(#6949),#6709,.T.);
#6949 = FACE_BOUND('',#6950,.T.);
#6950 = EDGE_LOOP('',(#6951,#6975,#6976));
#6951 = ORIENTED_EDGE('',*,*,#6952,.F.);
#6952 = EDGE_CURVE('',#6693,#6953,#6955,.T.);
#6953 = VERTEX_POINT('',#6954);
#6954 = CARTESIAN_POINT('',(-2.087294365249,-2.087294365249,14.7));
#6955 = SEAM_CURVE('',#6956,(#6961,#6968),.PCURVE_S1.);
#6956 = CIRCLE('',#6957,0.28);
#6957 = AXIS2_PLACEMENT_3D('',#6958,#6959,#6960);
#6958 = CARTESIAN_POINT('',(-2.087294365249,-2.087294365249,14.42));
#6959 = DIRECTION('',(-2.449293598295E-16,-1.,0.));
#6960 = DIRECTION('',(1.,-2.449293598295E-16,0.));
#6961 = PCURVE('',#6709,#6962);
#6962 = DEFINITIONAL_REPRESENTATION('',(#6963),#6967);
#6963 = LINE('',#6964,#6965);
#6964 = CARTESIAN_POINT('',(0.,-4.138911435803E-13));
#6965 = VECTOR('',#6966,1.);
#6966 = DIRECTION('',(0.,1.));
#6967 = ( GEOMETRIC_REPRESENTATION_CONTEXT(2) 
PARAMETRIC_REPRESENTATION_CONTEXT() REPRESENTATION_CONTEXT('2D SPACE',''
  ) );
#6968 = PCURVE('',#6709,#6969);
#6969 = DEFINITIONAL_REPRESENTATION('',(#6970),#6974);
#6970 = LINE('',#6971,#6972);
#6971 = CARTESIAN_POINT('',(6.28318530718,-4.138911435803E-13));
#6972 = VECTOR('',#6973,1.);
#6973 = DIRECTION('',(0.,1.));
#6974 = ( GEOMETRIC_REPRESENTATION_CONTEXT(2) 
PARAMETRIC_REPRESENTATION_CONTEXT() REPRESENTATION_CONTEXT('2D SPACE',''
  ) );
#6975 = ORIENTED_EDGE('',*,*,#6692,.T.);
#6976 = ORIENTED_EDGE('',*,*,#6952,.T.);
#6977 = ADVANCED_FACE('',(#6978),#6835,.T.);
#6978 = FACE_BOUND('',#6979,.T.);
#6979 = EDGE_LOOP('',(#6980,#7004,#7005));
#6980 = ORIENTED_EDGE('',*,*,#6981,.F.);
#6981 = EDGE_CURVE('',#6819,#6982,#6984,.T.);
#6982 = VERTEX_POINT('',#6983);
#6983 = CARTESIAN_POINT('',(-2.087294365249,2.087294365249,14.7));
#6984 = SEAM_CURVE('',#6985,(#6990,#6997),.PCURVE_S1.);
#6985 = CIRCLE('',#6986,0.28);
#6986 = AXIS2_PLACEMENT_3D('',#6987,#6988,#6989);
#6987 = CARTESIAN_POINT('',(-2.087294365249,2.087294365249,14.42));
#6988 = DIRECTION('',(-2.449293598295E-16,-1.,0.));
#6989 = DIRECTION('',(1.,-2.449293598295E-16,0.));
#6990 = PCURVE('',#6835,#6991);
#6991 = DEFINITIONAL_REPRESENTATION('',(#6992),#6996);
#6992 = LINE('',#6993,#6994);
#6993 = CARTESIAN_POINT('',(0.,-4.138911435803E-13));
#6994 = VECTOR('',#6995,1.);
#6995 = DIRECTION('',(0.,1.));
#6996 = ( GEOMETRIC_REPRESENTATION_CONTEXT(2) 
PARAMETRIC_REPRESENTATION_CONTEXT() REPRESENTATION_CONTEXT('2D SPACE',''
  ) );
#6997 = PCURVE('',#6835,#6998);
#6998 = DEFINITIONAL_REPRESENTATION('',(#6999),#7003);
#6999 = LINE('',#7000,#7001);
#7000 = CARTESIAN_POINT('',(6.28318530718,-4.138911435803E-13));
#7001 = VECTOR('',#7002,1.);
#7002 = DIRECTION('',(0.,1.));
#7003 = ( GEOMETRIC_REPRESENTATION_CONTEXT(2) 
PARAMETRIC_REPRESENTATION_CONTEXT() REPRESENTATION_CONTEXT('2D SPACE',''
  ) );
#7004 = ORIENTED_EDGE('',*,*,#6818,.T.);
#7005 = ORIENTED_EDGE('',*,*,#6981,.T.);
#7006 = ADVANCED_FACE('',(#7007),#6903,.T.);
#7007 = FACE_BOUND('',#7008,.T.);
#7008 = EDGE_LOOP('',(#7009,#7033,#7034));
#7009 = ORIENTED_EDGE('',*,*,#7010,.F.);
#7010 = EDGE_CURVE('',#6887,#7011,#7013,.T.);
#7011 = VERTEX_POINT('',#7012);
#7012 = CARTESIAN_POINT('',(2.087294365249,2.087294365249,14.7));
#7013 = SEAM_CURVE('',#7014,(#7019,#7026),.PCURVE_S1.);
#7014 = CIRCLE('',#7015,0.28);
#7015 = AXIS2_PLACEMENT_3D('',#7016,#7017,#7018);
#7016 = CARTESIAN_POINT('',(2.087294365249,2.087294365249,14.42));
#7017 = DIRECTION('',(-2.449293598295E-16,-1.,0.));
#7018 = DIRECTION('',(1.,-2.449293598295E-16,0.));
#7019 = PCURVE('',#6903,#7020);
#7020 = DEFINITIONAL_REPRESENTATION('',(#7021),#7025);
#7021 = LINE('',#7022,#7023);
#7022 = CARTESIAN_POINT('',(0.,-4.138911435803E-13));
#7023 = VECTOR('',#7024,1.);
#7024 = DIRECTION('',(0.,1.));
#7025 = ( GEOMETRIC_REPRESENTATION_CONTEXT(2) 
PARAMETRIC_REPRESENTATION_CONTEXT() REPRESENTATION_CONTEXT('2D SPACE',''
  ) );
#7026 = PCURVE('',#6903,#7027);
#7027 = DEFINITIONAL_REPRESENTATION('',(#7028),#7032);
#7028 = LINE('',#7029,#7030);
#7029 = CARTESIAN_POINT('',(6.28318530718,-4.138911435803E-13));
#7030 = VECTOR('',#7031,1.);
#7031 = DIRECTION('',(0.,1.));
#7032 = ( GEOMETRIC_REPRESENTATION_CONTEXT(2) 
PARAMETRIC_REPRESENTATION_CONTEXT() REPRESENTATION_CONTEXT('2D SPACE',''
  ) );
#7033 = ORIENTED_EDGE('',*,*,#6886,.T.);
#7034 = ORIENTED_EDGE('',*,*,#7010,.T.);
#7035 = ( GEOMETRIC_REPRESENTATION_CONTEXT(3) 
GLOBAL_UNCERTAINTY_ASSIGNED_CONTEXT((#7039)) 
GLOBAL_UNIT_ASSIGNED_CONTEXT((#7036,#7037,#7038)) REPRESENTATION_CONTEXT
('Context #1','3D Context with UNIT and UNCERTAINTY') );
#7036 = ( LENGTH_UNIT() NAMED_UNIT(*) SI_UNIT(.MILLI.,.METRE.) );
#7037 = ( NAMED_UNIT(*) PLANE_ANGLE_UNIT() SI_UNIT($,.RADIAN.) );
#7038 = ( NAMED_UNIT(*) SI_UNIT($,.STERADIAN.) SOLID_ANGLE_UNIT() );
#7039 = UNCERTAINTY_MEASURE_WITH_UNIT(LENGTH_MEASURE(1.E-07),#7036,
  'distance_accuracy_value','confusion accuracy');
#7040 = CONTEXT_DEPENDENT_SHAPE_REPRESENTATION(#7041,#7043);
#7041 = ( REPRESENTATION_RELATIONSHIP('','',#36,#10) 
REPRESENTATION_RELATIONSHIP_WITH_TRANSFORMATION(#7042) 
SHAPE_REPRESENTATION_RELATIONSHIP() );
#7042 = ITEM_DEFINED_TRANSFORMATION('','',#11,#15);
#7043 = PRODUCT_DEFINITION_SHAPE('Placement','Placement of an item',
  #7044);
#7044 = NEXT_ASSEMBLY_USAGE_OCCURRENCE('1','','',#5,#31,$);
#7045 = PRODUCT_RELATED_PRODUCT_CATEGORY('part',$,(#33));
#7046 = SHAPE_DEFINITION_REPRESENTATION(#7047,#7053);
#7047 = PRODUCT_DEFINITION_SHAPE('','',#7048);
#7048 = PRODUCT_DEFINITION('design','',#7049,#7052);
#7049 = PRODUCT_DEFINITION_FORMATION('','',#7050);
#7050 = PRODUCT('Open CASCADE STEP translator 7.7 3.2',
  'Open CASCADE STEP translator 7.7 3.2','',(#7051));
#7051 = PRODUCT_CONTEXT('',#2,'mechanical');
#7052 = PRODUCT_DEFINITION_CONTEXT('part definition',#2,'design');
#7053 = ADVANCED_BREP_SHAPE_REPRESENTATION('',(#11,#7054),#9104);
#7054 = MANIFOLD_SOLID_BREP('',#7055);
#7055 = CLOSED_SHELL('',(#7056,#7172,#7569,#7621,#7699,#7746,#7798,#7850
    ,#7902,#7954,#8006,#8058,#8110,#8162,#8214,#8266,#8318,#8370,#8401,
    #8448,#8759,#8785,#8811,#8837,#8863,#8889,#8915,#8941,#8967,#8993,
    #9019,#9045,#9071,#9097));
#7056 = ADVANCED_FACE('',(#7057),#7071,.T.);
#7057 = FACE_BOUND('',#7058,.T.);
#7058 = EDGE_LOOP('',(#7059,#7093,#7120,#7147));
#7059 = ORIENTED_EDGE('',*,*,#7060,.T.);
#7060 = EDGE_CURVE('',#7061,#7063,#7065,.T.);
#7061 = VERTEX_POINT('',#7062);
#7062 = CARTESIAN_POINT('',(0.4552632,0.,11.3));
#7063 = VERTEX_POINT('',#7064);
#7064 = CARTESIAN_POINT('',(0.420608352386,0.174221684006,11.3));
#7065 = SURFACE_CURVE('',#7066,(#7070,#7081),.PCURVE_S1.);
#7066 = LINE('',#7067,#7068);
#7067 = CARTESIAN_POINT('',(0.4552632,0.,11.3));
#7068 = VECTOR('',#7069,1.);
#7069 = DIRECTION('',(-0.195090322016,0.980785280403,0.));
#7070 = PCURVE('',#7071,#7076);
#7071 = B_SPLINE_SURFACE_WITH_KNOTS('',1,1,(
    (#7072,#7073)
    ,(#7074,#7075
    )),.UNSPECIFIED.,.F.,.F.,.F.,(2,2),(2,2),(0.,1.268820632716),(0.,1.)
  ,.PIECEWISE_BEZIER_KNOTS.);
#7072 = CARTESIAN_POINT('',(0.4552632,0.,11.3));
#7073 = CARTESIAN_POINT('',(3.25188,0.,13.02));
#7074 = CARTESIAN_POINT('',(0.420608352386,0.174221684006,11.3));
#7075 = CARTESIAN_POINT('',(3.004345374183,1.244440600039,13.02));
#7076 = DEFINITIONAL_REPRESENTATION('',(#7077),#7080);
#7077 = B_SPLINE_CURVE_WITH_KNOTS('',1,(#7078,#7079),.UNSPECIFIED.,.F.,
  .F.,(2,2),(0.,0.17763488858),.PIECEWISE_BEZIER_KNOTS.);
#7078 = CARTESIAN_POINT('',(0.,0.));
#7079 = CARTESIAN_POINT('',(1.268820632716,0.));
#7080 = ( GEOMETRIC_REPRESENTATION_CONTEXT(2) 
PARAMETRIC_REPRESENTATION_CONTEXT() REPRESENTATION_CONTEXT('2D SPACE',''
  ) );
#7081 = PCURVE('',#7082,#7087);
#7082 = PLANE('',#7083);
#7083 = AXIS2_PLACEMENT_3D('',#7084,#7085,#7086);
#7084 = CARTESIAN_POINT('',(0.4552632,0.,11.3));
#7085 = DIRECTION('',(0.,0.,-1.));
#7086 = DIRECTION('',(-1.,6.096599860395E-17,0.));
#7087 = DEFINITIONAL_REPRESENTATION('',(#7088),#7092);
#7088 = LINE('',#7089,#7090);
#7089 = CARTESIAN_POINT('',(0.,0.));
#7090 = VECTOR('',#7091,1.);
#7091 = DIRECTION('',(0.195090322016,0.980785280403));
#7092 = ( GEOMETRIC_REPRESENTATION_CONTEXT(2) 
PARAMETRIC_REPRESENTATION_CONTEXT() REPRESENTATION_CONTEXT('2D SPACE',''
  ) );
#7093 = ORIENTED_EDGE('',*,*,#7094,.T.);
#7094 = EDGE_CURVE('',#7063,#7095,#7097,.T.);
#7095 = VERTEX_POINT('',#7096);
#7096 = CARTESIAN_POINT('',(3.004345374183,1.244440600039,13.02));
#7097 = SURFACE_CURVE('',#7098,(#7101,#7108),.PCURVE_S1.);
#7098 = B_SPLINE_CURVE_WITH_KNOTS('',1,(#7099,#7100),.UNSPECIFIED.,.F.,
  .F.,(2,2),(0.,1.),.PIECEWISE_BEZIER_KNOTS.);
#7099 = CARTESIAN_POINT('',(0.420608352386,0.174221684006,11.3));
#7100 = CARTESIAN_POINT('',(3.004345374183,1.244440600039,13.02));
#7101 = PCURVE('',#7071,#7102);
#7102 = DEFINITIONAL_REPRESENTATION('',(#7103),#7107);
#7103 = LINE('',#7104,#7105);
#7104 = CARTESIAN_POINT('',(1.268820632716,0.));
#7105 = VECTOR('',#7106,1.);
#7106 = DIRECTION('',(0.,1.));
#7107 = ( GEOMETRIC_REPRESENTATION_CONTEXT(2) 
PARAMETRIC_REPRESENTATION_CONTEXT() REPRESENTATION_CONTEXT('2D SPACE',''
  ) );
#7108 = PCURVE('',#7109,#7114);
#7109 = B_SPLINE_SURFACE_WITH_KNOTS('',1,1,(
    (#7110,#7111)
    ,(#7112,#7113
    )),.UNSPECIFIED.,.F.,.F.,.F.,(2,2),(2,2),(0.,1.268820632716),(0.,1.)
  ,.PIECEWISE_BEZIER_KNOTS.);
#7110 = CARTESIAN_POINT('',(0.420608352386,0.174221684006,11.3));
#7111 = CARTESIAN_POINT('',(3.004345374183,1.244440600039,13.02));
#7112 = CARTESIAN_POINT('',(0.321919695945,0.321919695945,11.3));
#7113 = CARTESIAN_POINT('',(2.299426399605,2.299426399605,13.02));
#7114 = DEFINITIONAL_REPRESENTATION('',(#7115),#7119);
#7115 = LINE('',#7116,#7117);
#7116 = CARTESIAN_POINT('',(0.,0.));
#7117 = VECTOR('',#7118,1.);
#7118 = DIRECTION('',(0.,1.));
#7119 = ( GEOMETRIC_REPRESENTATION_CONTEXT(2) 
PARAMETRIC_REPRESENTATION_CONTEXT() REPRESENTATION_CONTEXT('2D SPACE',''
  ) );
#7120 = ORIENTED_EDGE('',*,*,#7121,.F.);
#7121 = EDGE_CURVE('',#7122,#7095,#7124,.T.);
#7122 = VERTEX_POINT('',#7123);
#7123 = CARTESIAN_POINT('',(3.25188,0.,13.02));
#7124 = SURFACE_CURVE('',#7125,(#7129,#7136),.PCURVE_S1.);
#7125 = LINE('',#7126,#7127);
#7126 = CARTESIAN_POINT('',(3.25188,0.,13.02));
#7127 = VECTOR('',#7128,1.);
#7128 = DIRECTION('',(-0.195090322016,0.980785280403,0.));
#7129 = PCURVE('',#7071,#7130);
#7130 = DEFINITIONAL_REPRESENTATION('',(#7131),#7135);
#7131 = LINE('',#7132,#7133);
#7132 = CARTESIAN_POINT('',(0.,1.));
#7133 = VECTOR('',#7134,1.);
#7134 = DIRECTION('',(1.,0.));
#7135 = ( GEOMETRIC_REPRESENTATION_CONTEXT(2) 
PARAMETRIC_REPRESENTATION_CONTEXT() REPRESENTATION_CONTEXT('2D SPACE',''
  ) );
#7136 = PCURVE('',#7137,#7142);
#7137 = B_SPLINE_SURFACE_WITH_KNOTS('',1,1,(
    (#7138,#7139)
    ,(#7140,#7141
    )),.UNSPECIFIED.,.F.,.F.,.F.,(2,2),(2,2),(0.,1.268820632716),(0.,1.)
  ,.PIECEWISE_BEZIER_KNOTS.);
#7138 = CARTESIAN_POINT('',(3.25188,0.,13.02));
#7139 = CARTESIAN_POINT('',(1.7560152,0.,14.22));
#7140 = CARTESIAN_POINT('',(3.004345374183,1.244440600039,13.02));
#7141 = CARTESIAN_POINT('',(1.622346502059,0.671997924021,14.22));
#7142 = DEFINITIONAL_REPRESENTATION('',(#7143),#7146);
#7143 = B_SPLINE_CURVE_WITH_KNOTS('',1,(#7144,#7145),.UNSPECIFIED.,.F.,
  .F.,(2,2),(0.,1.268820632716),.PIECEWISE_BEZIER_KNOTS.);
#7144 = CARTESIAN_POINT('',(0.,0.));
#7145 = CARTESIAN_POINT('',(1.268820632716,0.));
#7146 = ( GEOMETRIC_REPRESENTATION_CONTEXT(2) 
PARAMETRIC_REPRESENTATION_CONTEXT() REPRESENTATION_CONTEXT('2D SPACE',''
  ) );
#7147 = ORIENTED_EDGE('',*,*,#7148,.F.);
#7148 = EDGE_CURVE('',#7061,#7122,#7149,.T.);
#7149 = SURFACE_CURVE('',#7150,(#7153,#7160),.PCURVE_S1.);
#7150 = B_SPLINE_CURVE_WITH_KNOTS('',1,(#7151,#7152),.UNSPECIFIED.,.F.,
  .F.,(2,2),(0.,1.),.PIECEWISE_BEZIER_KNOTS.);
#7151 = CARTESIAN_POINT('',(0.4552632,0.,11.3));
#7152 = CARTESIAN_POINT('',(3.25188,0.,13.02));
#7153 = PCURVE('',#7071,#7154);
#7154 = DEFINITIONAL_REPRESENTATION('',(#7155),#7159);
#7155 = LINE('',#7156,#7157);
#7156 = CARTESIAN_POINT('',(0.,0.));
#7157 = VECTOR('',#7158,1.);
#7158 = DIRECTION('',(0.,1.));
#7159 = ( GEOMETRIC_REPRESENTATION_CONTEXT(2) 
PARAMETRIC_REPRESENTATION_CONTEXT() REPRESENTATION_CONTEXT('2D SPACE',''
  ) );
#7160 = PCURVE('',#7161,#7166);
#7161 = B_SPLINE_SURFACE_WITH_KNOTS('',1,1,(
    (#7162,#7163)
    ,(#7164,#7165
    )),.UNSPECIFIED.,.F.,.F.,.F.,(2,2),(2,2),(0.,1.268820632716),(0.,1.)
  ,.PIECEWISE_BEZIER_KNOTS.);
#7162 = CARTESIAN_POINT('',(0.420608352386,-0.174221684006,11.3));
#7163 = CARTESIAN_POINT('',(3.004345374183,-1.244440600039,13.02));
#7164 = CARTESIAN_POINT('',(0.4552632,2.775557561563E-17,11.3));
#7165 = CARTESIAN_POINT('',(3.25188,2.22044604925E-16,13.02));
#7166 = DEFINITIONAL_REPRESENTATION('',(#7167),#7171);
#7167 = LINE('',#7168,#7169);
#7168 = CARTESIAN_POINT('',(1.268820632716,0.));
#7169 = VECTOR('',#7170,1.);
#7170 = DIRECTION('',(0.,1.));
#7171 = ( GEOMETRIC_REPRESENTATION_CONTEXT(2) 
PARAMETRIC_REPRESENTATION_CONTEXT() REPRESENTATION_CONTEXT('2D SPACE',''
  ) );
#7172 = ADVANCED_FACE('',(#7173),#7082,.T.);
#7173 = FACE_BOUND('',#7174,.F.);
#7174 = EDGE_LOOP('',(#7175,#7176,#7198,#7225,#7252,#7279,#7306,#7333,
    #7360,#7387,#7414,#7441,#7468,#7495,#7522,#7549));
#7175 = ORIENTED_EDGE('',*,*,#7060,.T.);
#7176 = ORIENTED_EDGE('',*,*,#7177,.T.);
#7177 = EDGE_CURVE('',#7063,#7178,#7180,.T.);
#7178 = VERTEX_POINT('',#7179);
#7179 = CARTESIAN_POINT('',(0.321919695945,0.321919695945,11.3));
#7180 = SURFACE_CURVE('',#7181,(#7185,#7192),.PCURVE_S1.);
#7181 = LINE('',#7182,#7183);
#7182 = CARTESIAN_POINT('',(0.420608352386,0.174221684006,11.3));
#7183 = VECTOR('',#7184,1.);
#7184 = DIRECTION('',(-0.55557023302,0.831469612303,0.));
#7185 = PCURVE('',#7082,#7186);
#7186 = DEFINITIONAL_REPRESENTATION('',(#7187),#7191);
#7187 = LINE('',#7188,#7189);
#7188 = CARTESIAN_POINT('',(3.4654847614E-02,0.174221684006));
#7189 = VECTOR('',#7190,1.);
#7190 = DIRECTION('',(0.55557023302,0.831469612303));
#7191 = ( GEOMETRIC_REPRESENTATION_CONTEXT(2) 
PARAMETRIC_REPRESENTATION_CONTEXT() REPRESENTATION_CONTEXT('2D SPACE',''
  ) );
#7192 = PCURVE('',#7109,#7193);
#7193 = DEFINITIONAL_REPRESENTATION('',(#7194),#7197);
#7194 = B_SPLINE_CURVE_WITH_KNOTS('',1,(#7195,#7196),.UNSPECIFIED.,.F.,
  .F.,(2,2),(0.,0.17763488858),.PIECEWISE_BEZIER_KNOTS.);
#7195 = CARTESIAN_POINT('',(0.,0.));
#7196 = CARTESIAN_POINT('',(1.268820632716,0.));
#7197 = ( GEOMETRIC_REPRESENTATION_CONTEXT(2) 
PARAMETRIC_REPRESENTATION_CONTEXT() REPRESENTATION_CONTEXT('2D SPACE',''
  ) );
#7198 = ORIENTED_EDGE('',*,*,#7199,.T.);
#7199 = EDGE_CURVE('',#7178,#7200,#7202,.T.);
#7200 = VERTEX_POINT('',#7201);
#7201 = CARTESIAN_POINT('',(0.174221684006,0.420608352386,11.3));
#7202 = SURFACE_CURVE('',#7203,(#7207,#7214),.PCURVE_S1.);
#7203 = LINE('',#7204,#7205);
#7204 = CARTESIAN_POINT('',(0.321919695945,0.321919695945,11.3));
#7205 = VECTOR('',#7206,1.);
#7206 = DIRECTION('',(-0.831469612303,0.55557023302,0.));
#7207 = PCURVE('',#7082,#7208);
#7208 = DEFINITIONAL_REPRESENTATION('',(#7209),#7213);
#7209 = LINE('',#7210,#7211);
#7210 = CARTESIAN_POINT('',(0.133343504055,0.321919695945));
#7211 = VECTOR('',#7212,1.);
#7212 = DIRECTION('',(0.831469612303,0.55557023302));
#7213 = ( GEOMETRIC_REPRESENTATION_CONTEXT(2) 
PARAMETRIC_REPRESENTATION_CONTEXT() REPRESENTATION_CONTEXT('2D SPACE',''
  ) );
#7214 = PCURVE('',#7215,#7220);
#7215 = B_SPLINE_SURFACE_WITH_KNOTS('',1,1,(
    (#7216,#7217)
    ,(#7218,#7219
    )),.UNSPECIFIED.,.F.,.F.,.F.,(2,2),(2,2),(0.,1.268820632716),(0.,1.)
  ,.PIECEWISE_BEZIER_KNOTS.);
#7216 = CARTESIAN_POINT('',(0.321919695945,0.321919695945,11.3));
#7217 = CARTESIAN_POINT('',(2.299426399605,2.299426399605,13.02));
#7218 = CARTESIAN_POINT('',(0.174221684006,0.420608352386,11.3));
#7219 = CARTESIAN_POINT('',(1.244440600039,3.004345374183,13.02));
#7220 = DEFINITIONAL_REPRESENTATION('',(#7221),#7224);
#7221 = B_SPLINE_CURVE_WITH_KNOTS('',1,(#7222,#7223),.UNSPECIFIED.,.F.,
  .F.,(2,2),(0.,0.17763488858),.PIECEWISE_BEZIER_KNOTS.);
#7222 = CARTESIAN_POINT('',(0.,0.));
#7223 = CARTESIAN_POINT('',(1.268820632716,0.));
#7224 = ( GEOMETRIC_REPRESENTATION_CONTEXT(2) 
PARAMETRIC_REPRESENTATION_CONTEXT() REPRESENTATION_CONTEXT('2D SPACE',''
  ) );
#7225 = ORIENTED_EDGE('',*,*,#7226,.T.);
#7226 = EDGE_CURVE('',#7200,#7227,#7229,.T.);
#7227 = VERTEX_POINT('',#7228);
#7228 = CARTESIAN_POINT('',(2.787683103248E-17,0.4552632,11.3));
#7229 = SURFACE_CURVE('',#7230,(#7234,#7241),.PCURVE_S1.);
#7230 = LINE('',#7231,#7232);
#7231 = CARTESIAN_POINT('',(0.174221684006,0.420608352386,11.3));
#7232 = VECTOR('',#7233,1.);
#7233 = DIRECTION('',(-0.980785280403,0.195090322016,0.));
#7234 = PCURVE('',#7082,#7235);
#7235 = DEFINITIONAL_REPRESENTATION('',(#7236),#7240);
#7236 = LINE('',#7237,#7238);
#7237 = CARTESIAN_POINT('',(0.281041515994,0.420608352386));
#7238 = VECTOR('',#7239,1.);
#7239 = DIRECTION('',(0.980785280403,0.195090322016));
#7240 = ( GEOMETRIC_REPRESENTATION_CONTEXT(2) 
PARAMETRIC_REPRESENTATION_CONTEXT() REPRESENTATION_CONTEXT('2D SPACE',''
  ) );
#7241 = PCURVE('',#7242,#7247);
#7242 = B_SPLINE_SURFACE_WITH_KNOTS('',1,1,(
    (#7243,#7244)
    ,(#7245,#7246
    )),.UNSPECIFIED.,.F.,.F.,.F.,(2,2),(2,2),(0.,1.268820632716),(0.,1.)
  ,.PIECEWISE_BEZIER_KNOTS.);
#7243 = CARTESIAN_POINT('',(0.174221684006,0.420608352386,11.3));
#7244 = CARTESIAN_POINT('',(1.244440600039,3.004345374183,13.02));
#7245 = CARTESIAN_POINT('',(2.775557561563E-17,0.4552632,11.3));
#7246 = CARTESIAN_POINT('',(2.22044604925E-16,3.25188,13.02));
#7247 = DEFINITIONAL_REPRESENTATION('',(#7248),#7251);
#7248 = B_SPLINE_CURVE_WITH_KNOTS('',1,(#7249,#7250),.UNSPECIFIED.,.F.,
  .F.,(2,2),(0.,0.17763488858),.PIECEWISE_BEZIER_KNOTS.);
#7249 = CARTESIAN_POINT('',(0.,0.));
#7250 = CARTESIAN_POINT('',(1.268820632716,0.));
#7251 = ( GEOMETRIC_REPRESENTATION_CONTEXT(2) 
PARAMETRIC_REPRESENTATION_CONTEXT() REPRESENTATION_CONTEXT('2D SPACE',''
  ) );
#7252 = ORIENTED_EDGE('',*,*,#7253,.T.);
#7253 = EDGE_CURVE('',#7227,#7254,#7256,.T.);
#7254 = VERTEX_POINT('',#7255);
#7255 = CARTESIAN_POINT('',(-0.174221684006,0.420608352386,11.3));
#7256 = SURFACE_CURVE('',#7257,(#7261,#7268),.PCURVE_S1.);
#7257 = LINE('',#7258,#7259);
#7258 = CARTESIAN_POINT('',(2.787683103248E-17,0.4552632,11.3));
#7259 = VECTOR('',#7260,1.);
#7260 = DIRECTION('',(-0.980785280403,-0.195090322016,0.));
#7261 = PCURVE('',#7082,#7262);
#7262 = DEFINITIONAL_REPRESENTATION('',(#7263),#7267);
#7263 = LINE('',#7264,#7265);
#7264 = CARTESIAN_POINT('',(0.4552632,0.4552632));
#7265 = VECTOR('',#7266,1.);
#7266 = DIRECTION('',(0.980785280403,-0.195090322016));
#7267 = ( GEOMETRIC_REPRESENTATION_CONTEXT(2) 
PARAMETRIC_REPRESENTATION_CONTEXT() REPRESENTATION_CONTEXT('2D SPACE',''
  ) );
#7268 = PCURVE('',#7269,#7274);
#7269 = B_SPLINE_SURFACE_WITH_KNOTS('',1,1,(
    (#7270,#7271)
    ,(#7272,#7273
    )),.UNSPECIFIED.,.F.,.F.,.F.,(2,2),(2,2),(0.,1.268820632716),(0.,1.)
  ,.PIECEWISE_BEZIER_KNOTS.);
#7270 = CARTESIAN_POINT('',(2.787683103248E-17,0.4552632,11.3));
#7271 = CARTESIAN_POINT('',(1.991202216606E-16,3.25188,13.02));
#7272 = CARTESIAN_POINT('',(-0.174221684006,0.420608352386,11.3));
#7273 = CARTESIAN_POINT('',(-1.244440600039,3.004345374183,13.02));
#7274 = DEFINITIONAL_REPRESENTATION('',(#7275),#7278);
#7275 = B_SPLINE_CURVE_WITH_KNOTS('',1,(#7276,#7277),.UNSPECIFIED.,.F.,
  .F.,(2,2),(0.,0.17763488858),.PIECEWISE_BEZIER_KNOTS.);
#7276 = CARTESIAN_POINT('',(0.,0.));
#7277 = CARTESIAN_POINT('',(1.268820632716,0.));
#7278 = ( GEOMETRIC_REPRESENTATION_CONTEXT(2) 
PARAMETRIC_REPRESENTATION_CONTEXT() REPRESENTATION_CONTEXT('2D SPACE',''
  ) );
#7279 = ORIENTED_EDGE('',*,*,#7280,.T.);
#7280 = EDGE_CURVE('',#7254,#7281,#7283,.T.);
#7281 = VERTEX_POINT('',#7282);
#7282 = CARTESIAN_POINT('',(-0.321919695945,0.321919695945,11.3));
#7283 = SURFACE_CURVE('',#7284,(#7288,#7295),.PCURVE_S1.);
#7284 = LINE('',#7285,#7286);
#7285 = CARTESIAN_POINT('',(-0.174221684006,0.420608352386,11.3));
#7286 = VECTOR('',#7287,1.);
#7287 = DIRECTION('',(-0.831469612303,-0.55557023302,0.));
#7288 = PCURVE('',#7082,#7289);
#7289 = DEFINITIONAL_REPRESENTATION('',(#7290),#7294);
#7290 = LINE('',#7291,#7292);
#7291 = CARTESIAN_POINT('',(0.629484884006,0.420608352386));
#7292 = VECTOR('',#7293,1.);
#7293 = DIRECTION('',(0.831469612303,-0.55557023302));
#7294 = ( GEOMETRIC_REPRESENTATION_CONTEXT(2) 
PARAMETRIC_REPRESENTATION_CONTEXT() REPRESENTATION_CONTEXT('2D SPACE',''
  ) );
#7295 = PCURVE('',#7296,#7301);
#7296 = B_SPLINE_SURFACE_WITH_KNOTS('',1,1,(
    (#7297,#7298)
    ,(#7299,#7300
    )),.UNSPECIFIED.,.F.,.F.,.F.,(2,2),(2,2),(0.,1.268820632716),(0.,1.)
  ,.PIECEWISE_BEZIER_KNOTS.);
#7297 = CARTESIAN_POINT('',(-0.174221684006,0.420608352386,11.3));
#7298 = CARTESIAN_POINT('',(-1.244440600039,3.004345374183,13.02));
#7299 = CARTESIAN_POINT('',(-0.321919695945,0.321919695945,11.3));
#7300 = CARTESIAN_POINT('',(-2.299426399605,2.299426399605,13.02));
#7301 = DEFINITIONAL_REPRESENTATION('',(#7302),#7305);
#7302 = B_SPLINE_CURVE_WITH_KNOTS('',1,(#7303,#7304),.UNSPECIFIED.,.F.,
  .F.,(2,2),(0.,0.17763488858),.PIECEWISE_BEZIER_KNOTS.);
#7303 = CARTESIAN_POINT('',(0.,0.));
#7304 = CARTESIAN_POINT('',(1.268820632716,0.));
#7305 = ( GEOMETRIC_REPRESENTATION_CONTEXT(2) 
PARAMETRIC_REPRESENTATION_CONTEXT() REPRESENTATION_CONTEXT('2D SPACE',''
  ) );
#7306 = ORIENTED_EDGE('',*,*,#7307,.T.);
#7307 = EDGE_CURVE('',#7281,#7308,#7310,.T.);
#7308 = VERTEX_POINT('',#7309);
#7309 = CARTESIAN_POINT('',(-0.420608352386,0.174221684006,11.3));
#7310 = SURFACE_CURVE('',#7311,(#7315,#7322),.PCURVE_S1.);
#7311 = LINE('',#7312,#7313);
#7312 = CARTESIAN_POINT('',(-0.321919695945,0.321919695945,11.3));
#7313 = VECTOR('',#7314,1.);
#7314 = DIRECTION('',(-0.55557023302,-0.831469612303,0.));
#7315 = PCURVE('',#7082,#7316);
#7316 = DEFINITIONAL_REPRESENTATION('',(#7317),#7321);
#7317 = LINE('',#7318,#7319);
#7318 = CARTESIAN_POINT('',(0.777182895945,0.321919695945));
#7319 = VECTOR('',#7320,1.);
#7320 = DIRECTION('',(0.55557023302,-0.831469612303));
#7321 = ( GEOMETRIC_REPRESENTATION_CONTEXT(2) 
PARAMETRIC_REPRESENTATION_CONTEXT() REPRESENTATION_CONTEXT('2D SPACE',''
  ) );
#7322 = PCURVE('',#7323,#7328);
#7323 = B_SPLINE_SURFACE_WITH_KNOTS('',1,1,(
    (#7324,#7325)
    ,(#7326,#7327
    )),.UNSPECIFIED.,.F.,.F.,.F.,(2,2),(2,2),(0.,1.268820632716),(0.,1.)
  ,.PIECEWISE_BEZIER_KNOTS.);
#7324 = CARTESIAN_POINT('',(-0.321919695945,0.321919695945,11.3));
#7325 = CARTESIAN_POINT('',(-2.299426399605,2.299426399605,13.02));
#7326 = CARTESIAN_POINT('',(-0.420608352386,0.174221684006,11.3));
#7327 = CARTESIAN_POINT('',(-3.004345374183,1.244440600039,13.02));
#7328 = DEFINITIONAL_REPRESENTATION('',(#7329),#7332);
#7329 = B_SPLINE_CURVE_WITH_KNOTS('',1,(#7330,#7331),.UNSPECIFIED.,.F.,
  .F.,(2,2),(0.,0.17763488858),.PIECEWISE_BEZIER_KNOTS.);
#7330 = CARTESIAN_POINT('',(0.,0.));
#7331 = CARTESIAN_POINT('',(1.268820632716,0.));
#7332 = ( GEOMETRIC_REPRESENTATION_CONTEXT(2) 
PARAMETRIC_REPRESENTATION_CONTEXT() REPRESENTATION_CONTEXT('2D SPACE',''
  ) );
#7333 = ORIENTED_EDGE('',*,*,#7334,.T.);
#7334 = EDGE_CURVE('',#7308,#7335,#7337,.T.);
#7335 = VERTEX_POINT('',#7336);
#7336 = CARTESIAN_POINT('',(-0.4552632,5.575366206496E-17,11.3));
#7337 = SURFACE_CURVE('',#7338,(#7342,#7349),.PCURVE_S1.);
#7338 = LINE('',#7339,#7340);
#7339 = CARTESIAN_POINT('',(-0.420608352386,0.174221684006,11.3));
#7340 = VECTOR('',#7341,1.);
#7341 = DIRECTION('',(-0.195090322016,-0.980785280403,0.));
#7342 = PCURVE('',#7082,#7343);
#7343 = DEFINITIONAL_REPRESENTATION('',(#7344),#7348);
#7344 = LINE('',#7345,#7346);
#7345 = CARTESIAN_POINT('',(0.875871552386,0.174221684006));
#7346 = VECTOR('',#7347,1.);
#7347 = DIRECTION('',(0.195090322016,-0.980785280403));
#7348 = ( GEOMETRIC_REPRESENTATION_CONTEXT(2) 
PARAMETRIC_REPRESENTATION_CONTEXT() REPRESENTATION_CONTEXT('2D SPACE',''
  ) );
#7349 = PCURVE('',#7350,#7355);
#7350 = B_SPLINE_SURFACE_WITH_KNOTS('',1,1,(
    (#7351,#7352)
    ,(#7353,#7354
    )),.UNSPECIFIED.,.F.,.F.,.F.,(2,2),(2,2),(0.,1.268820632716),(0.,1.)
  ,.PIECEWISE_BEZIER_KNOTS.);
#7351 = CARTESIAN_POINT('',(-0.420608352386,0.174221684006,11.3));
#7352 = CARTESIAN_POINT('',(-3.004345374183,1.244440600039,13.02));
#7353 = CARTESIAN_POINT('',(-0.4552632,5.551115123126E-17,11.3));
#7354 = CARTESIAN_POINT('',(-3.25188,4.440892098501E-16,13.02));
#7355 = DEFINITIONAL_REPRESENTATION('',(#7356),#7359);
#7356 = B_SPLINE_CURVE_WITH_KNOTS('',1,(#7357,#7358),.UNSPECIFIED.,.F.,
  .F.,(2,2),(0.,0.17763488858),.PIECEWISE_BEZIER_KNOTS.);
#7357 = CARTESIAN_POINT('',(0.,0.));
#7358 = CARTESIAN_POINT('',(1.268820632716,0.));
#7359 = ( GEOMETRIC_REPRESENTATION_CONTEXT(2) 
PARAMETRIC_REPRESENTATION_CONTEXT() REPRESENTATION_CONTEXT('2D SPACE',''
  ) );
#7360 = ORIENTED_EDGE('',*,*,#7361,.T.);
#7361 = EDGE_CURVE('',#7335,#7362,#7364,.T.);
#7362 = VERTEX_POINT('',#7363);
#7363 = CARTESIAN_POINT('',(-0.420608352386,-0.174221684006,11.3));
#7364 = SURFACE_CURVE('',#7365,(#7369,#7376),.PCURVE_S1.);
#7365 = LINE('',#7366,#7367);
#7366 = CARTESIAN_POINT('',(-0.4552632,5.575366206496E-17,11.3));
#7367 = VECTOR('',#7368,1.);
#7368 = DIRECTION('',(0.195090322016,-0.980785280403,0.));
#7369 = PCURVE('',#7082,#7370);
#7370 = DEFINITIONAL_REPRESENTATION('',(#7371),#7375);
#7371 = LINE('',#7372,#7373);
#7372 = CARTESIAN_POINT('',(0.9105264,2.425108337004E-19));
#7373 = VECTOR('',#7374,1.);
#7374 = DIRECTION('',(-0.195090322016,-0.980785280403));
#7375 = ( GEOMETRIC_REPRESENTATION_CONTEXT(2) 
PARAMETRIC_REPRESENTATION_CONTEXT() REPRESENTATION_CONTEXT('2D SPACE',''
  ) );
#7376 = PCURVE('',#7377,#7382);
#7377 = B_SPLINE_SURFACE_WITH_KNOTS('',1,1,(
    (#7378,#7379)
    ,(#7380,#7381
    )),.UNSPECIFIED.,.F.,.F.,.F.,(2,2),(2,2),(0.,1.268820632716),(0.,1.)
  ,.PIECEWISE_BEZIER_KNOTS.);
#7378 = CARTESIAN_POINT('',(-0.4552632,5.575366206496E-17,11.3));
#7379 = CARTESIAN_POINT('',(-3.25188,3.982404433211E-16,13.02));
#7380 = CARTESIAN_POINT('',(-0.420608352386,-0.174221684006,11.3));
#7381 = CARTESIAN_POINT('',(-3.004345374183,-1.244440600039,13.02));
#7382 = DEFINITIONAL_REPRESENTATION('',(#7383),#7386);
#7383 = B_SPLINE_CURVE_WITH_KNOTS('',1,(#7384,#7385),.UNSPECIFIED.,.F.,
  .F.,(2,2),(0.,0.17763488858),.PIECEWISE_BEZIER_KNOTS.);
#7384 = CARTESIAN_POINT('',(0.,0.));
#7385 = CARTESIAN_POINT('',(1.268820632716,0.));
#7386 = ( GEOMETRIC_REPRESENTATION_CONTEXT(2) 
PARAMETRIC_REPRESENTATION_CONTEXT() REPRESENTATION_CONTEXT('2D SPACE',''
  ) );
#7387 = ORIENTED_EDGE('',*,*,#7388,.T.);
#7388 = EDGE_CURVE('',#7362,#7389,#7391,.T.);
#7389 = VERTEX_POINT('',#7390);
#7390 = CARTESIAN_POINT('',(-0.321919695945,-0.321919695945,11.3));
#7391 = SURFACE_CURVE('',#7392,(#7396,#7403),.PCURVE_S1.);
#7392 = LINE('',#7393,#7394);
#7393 = CARTESIAN_POINT('',(-0.420608352386,-0.174221684006,11.3));
#7394 = VECTOR('',#7395,1.);
#7395 = DIRECTION('',(0.55557023302,-0.831469612303,0.));
#7396 = PCURVE('',#7082,#7397);
#7397 = DEFINITIONAL_REPRESENTATION('',(#7398),#7402);
#7398 = LINE('',#7399,#7400);
#7399 = CARTESIAN_POINT('',(0.875871552386,-0.174221684006));
#7400 = VECTOR('',#7401,1.);
#7401 = DIRECTION('',(-0.55557023302,-0.831469612303));
#7402 = ( GEOMETRIC_REPRESENTATION_CONTEXT(2) 
PARAMETRIC_REPRESENTATION_CONTEXT() REPRESENTATION_CONTEXT('2D SPACE',''
  ) );
#7403 = PCURVE('',#7404,#7409);
#7404 = B_SPLINE_SURFACE_WITH_KNOTS('',1,1,(
    (#7405,#7406)
    ,(#7407,#7408
    )),.UNSPECIFIED.,.F.,.F.,.F.,(2,2),(2,2),(0.,1.268820632716),(0.,1.)
  ,.PIECEWISE_BEZIER_KNOTS.);
#7405 = CARTESIAN_POINT('',(-0.420608352386,-0.174221684006,11.3));
#7406 = CARTESIAN_POINT('',(-3.004345374183,-1.244440600039,13.02));
#7407 = CARTESIAN_POINT('',(-0.321919695945,-0.321919695945,11.3));
#7408 = CARTESIAN_POINT('',(-2.299426399605,-2.299426399605,13.02));
#7409 = DEFINITIONAL_REPRESENTATION('',(#7410),#7413);
#7410 = B_SPLINE_CURVE_WITH_KNOTS('',1,(#7411,#7412),.UNSPECIFIED.,.F.,
  .F.,(2,2),(0.,0.17763488858),.PIECEWISE_BEZIER_KNOTS.);
#7411 = CARTESIAN_POINT('',(0.,0.));
#7412 = CARTESIAN_POINT('',(1.268820632716,0.));
#7413 = ( GEOMETRIC_REPRESENTATION_CONTEXT(2) 
PARAMETRIC_REPRESENTATION_CONTEXT() REPRESENTATION_CONTEXT('2D SPACE',''
  ) );
#7414 = ORIENTED_EDGE('',*,*,#7415,.T.);
#7415 = EDGE_CURVE('',#7389,#7416,#7418,.T.);
#7416 = VERTEX_POINT('',#7417);
#7417 = CARTESIAN_POINT('',(-0.174221684006,-0.420608352386,11.3));
#7418 = SURFACE_CURVE('',#7419,(#7423,#7430),.PCURVE_S1.);
#7419 = LINE('',#7420,#7421);
#7420 = CARTESIAN_POINT('',(-0.321919695945,-0.321919695945,11.3));
#7421 = VECTOR('',#7422,1.);
#7422 = DIRECTION('',(0.831469612303,-0.55557023302,0.));
#7423 = PCURVE('',#7082,#7424);
#7424 = DEFINITIONAL_REPRESENTATION('',(#7425),#7429);
#7425 = LINE('',#7426,#7427);
#7426 = CARTESIAN_POINT('',(0.777182895945,-0.321919695945));
#7427 = VECTOR('',#7428,1.);
#7428 = DIRECTION('',(-0.831469612303,-0.55557023302));
#7429 = ( GEOMETRIC_REPRESENTATION_CONTEXT(2) 
PARAMETRIC_REPRESENTATION_CONTEXT() REPRESENTATION_CONTEXT('2D SPACE',''
  ) );
#7430 = PCURVE('',#7431,#7436);
#7431 = B_SPLINE_SURFACE_WITH_KNOTS('',1,1,(
    (#7432,#7433)
    ,(#7434,#7435
    )),.UNSPECIFIED.,.F.,.F.,.F.,(2,2),(2,2),(0.,1.268820632716),(0.,1.)
  ,.PIECEWISE_BEZIER_KNOTS.);
#7432 = CARTESIAN_POINT('',(-0.321919695945,-0.321919695945,11.3));
#7433 = CARTESIAN_POINT('',(-2.299426399605,-2.299426399605,13.02));
#7434 = CARTESIAN_POINT('',(-0.174221684006,-0.420608352386,11.3));
#7435 = CARTESIAN_POINT('',(-1.244440600039,-3.004345374183,13.02));
#7436 = DEFINITIONAL_REPRESENTATION('',(#7437),#7440);
#7437 = B_SPLINE_CURVE_WITH_KNOTS('',1,(#7438,#7439),.UNSPECIFIED.,.F.,
  .F.,(2,2),(0.,0.17763488858),.PIECEWISE_BEZIER_KNOTS.);
#7438 = CARTESIAN_POINT('',(0.,0.));
#7439 = CARTESIAN_POINT('',(1.268820632716,0.));
#7440 = ( GEOMETRIC_REPRESENTATION_CONTEXT(2) 
PARAMETRIC_REPRESENTATION_CONTEXT() REPRESENTATION_CONTEXT('2D SPACE',''
  ) );
#7441 = ORIENTED_EDGE('',*,*,#7442,.T.);
#7442 = EDGE_CURVE('',#7416,#7443,#7445,.T.);
#7443 = VERTEX_POINT('',#7444);
#7444 = CARTESIAN_POINT('',(-8.363049309744E-17,-0.4552632,11.3));
#7445 = SURFACE_CURVE('',#7446,(#7450,#7457),.PCURVE_S1.);
#7446 = LINE('',#7447,#7448);
#7447 = CARTESIAN_POINT('',(-0.174221684006,-0.420608352386,11.3));
#7448 = VECTOR('',#7449,1.);
#7449 = DIRECTION('',(0.980785280403,-0.195090322016,0.));
#7450 = PCURVE('',#7082,#7451);
#7451 = DEFINITIONAL_REPRESENTATION('',(#7452),#7456);
#7452 = LINE('',#7453,#7454);
#7453 = CARTESIAN_POINT('',(0.629484884006,-0.420608352386));
#7454 = VECTOR('',#7455,1.);
#7455 = DIRECTION('',(-0.980785280403,-0.195090322016));
#7456 = ( GEOMETRIC_REPRESENTATION_CONTEXT(2) 
PARAMETRIC_REPRESENTATION_CONTEXT() REPRESENTATION_CONTEXT('2D SPACE',''
  ) );
#7457 = PCURVE('',#7458,#7463);
#7458 = B_SPLINE_SURFACE_WITH_KNOTS('',1,1,(
    (#7459,#7460)
    ,(#7461,#7462
    )),.UNSPECIFIED.,.F.,.F.,.F.,(2,2),(2,2),(0.,1.268820632716),(0.,1.)
  ,.PIECEWISE_BEZIER_KNOTS.);
#7459 = CARTESIAN_POINT('',(-0.174221684006,-0.420608352386,11.3));
#7460 = CARTESIAN_POINT('',(-1.244440600039,-3.004345374183,13.02));
#7461 = CARTESIAN_POINT('',(-8.326672684689E-17,-0.4552632,11.3));
#7462 = CARTESIAN_POINT('',(-4.440892098501E-16,-3.25188,13.02));
#7463 = DEFINITIONAL_REPRESENTATION('',(#7464),#7467);
#7464 = B_SPLINE_CURVE_WITH_KNOTS('',1,(#7465,#7466),.UNSPECIFIED.,.F.,
  .F.,(2,2),(0.,0.17763488858),.PIECEWISE_BEZIER_KNOTS.);
#7465 = CARTESIAN_POINT('',(0.,0.));
#7466 = CARTESIAN_POINT('',(1.268820632716,0.));
#7467 = ( GEOMETRIC_REPRESENTATION_CONTEXT(2) 
PARAMETRIC_REPRESENTATION_CONTEXT() REPRESENTATION_CONTEXT('2D SPACE',''
  ) );
#7468 = ORIENTED_EDGE('',*,*,#7469,.T.);
#7469 = EDGE_CURVE('',#7443,#7470,#7472,.T.);
#7470 = VERTEX_POINT('',#7471);
#7471 = CARTESIAN_POINT('',(0.174221684006,-0.420608352386,11.3));
#7472 = SURFACE_CURVE('',#7473,(#7477,#7484),.PCURVE_S1.);
#7473 = LINE('',#7474,#7475);
#7474 = CARTESIAN_POINT('',(-8.363049309744E-17,-0.4552632,11.3));
#7475 = VECTOR('',#7476,1.);
#7476 = DIRECTION('',(0.980785280403,0.195090322016,0.));
#7477 = PCURVE('',#7082,#7478);
#7478 = DEFINITIONAL_REPRESENTATION('',(#7479),#7483);
#7479 = LINE('',#7480,#7481);
#7480 = CARTESIAN_POINT('',(0.4552632,-0.4552632));
#7481 = VECTOR('',#7482,1.);
#7482 = DIRECTION('',(-0.980785280403,0.195090322016));
#7483 = ( GEOMETRIC_REPRESENTATION_CONTEXT(2) 
PARAMETRIC_REPRESENTATION_CONTEXT() REPRESENTATION_CONTEXT('2D SPACE',''
  ) );
#7484 = PCURVE('',#7485,#7490);
#7485 = B_SPLINE_SURFACE_WITH_KNOTS('',1,1,(
    (#7486,#7487)
    ,(#7488,#7489
    )),.UNSPECIFIED.,.F.,.F.,.F.,(2,2),(2,2),(0.,1.268820632716),(0.,1.)
  ,.PIECEWISE_BEZIER_KNOTS.);
#7486 = CARTESIAN_POINT('',(-8.363049309744E-17,-0.4552632,11.3));
#7487 = CARTESIAN_POINT('',(-5.973606649817E-16,-3.25188,13.02));
#7488 = CARTESIAN_POINT('',(0.174221684006,-0.420608352386,11.3));
#7489 = CARTESIAN_POINT('',(1.244440600039,-3.004345374183,13.02));
#7490 = DEFINITIONAL_REPRESENTATION('',(#7491),#7494);
#7491 = B_SPLINE_CURVE_WITH_KNOTS('',1,(#7492,#7493),.UNSPECIFIED.,.F.,
  .F.,(2,2),(0.,0.17763488858),.PIECEWISE_BEZIER_KNOTS.);
#7492 = CARTESIAN_POINT('',(0.,0.));
#7493 = CARTESIAN_POINT('',(1.268820632716,0.));
#7494 = ( GEOMETRIC_REPRESENTATION_CONTEXT(2) 
PARAMETRIC_REPRESENTATION_CONTEXT() REPRESENTATION_CONTEXT('2D SPACE',''
  ) );
#7495 = ORIENTED_EDGE('',*,*,#7496,.T.);
#7496 = EDGE_CURVE('',#7470,#7497,#7499,.T.);
#7497 = VERTEX_POINT('',#7498);
#7498 = CARTESIAN_POINT('',(0.321919695945,-0.321919695945,11.3));
#7499 = SURFACE_CURVE('',#7500,(#7504,#7511),.PCURVE_S1.);
#7500 = LINE('',#7501,#7502);
#7501 = CARTESIAN_POINT('',(0.174221684006,-0.420608352386,11.3));
#7502 = VECTOR('',#7503,1.);
#7503 = DIRECTION('',(0.831469612303,0.55557023302,0.));
#7504 = PCURVE('',#7082,#7505);
#7505 = DEFINITIONAL_REPRESENTATION('',(#7506),#7510);
#7506 = LINE('',#7507,#7508);
#7507 = CARTESIAN_POINT('',(0.281041515994,-0.420608352386));
#7508 = VECTOR('',#7509,1.);
#7509 = DIRECTION('',(-0.831469612303,0.55557023302));
#7510 = ( GEOMETRIC_REPRESENTATION_CONTEXT(2) 
PARAMETRIC_REPRESENTATION_CONTEXT() REPRESENTATION_CONTEXT('2D SPACE',''
  ) );
#7511 = PCURVE('',#7512,#7517);
#7512 = B_SPLINE_SURFACE_WITH_KNOTS('',1,1,(
    (#7513,#7514)
    ,(#7515,#7516
    )),.UNSPECIFIED.,.F.,.F.,.F.,(2,2),(2,2),(0.,1.268820632716),(0.,1.)
  ,.PIECEWISE_BEZIER_KNOTS.);
#7513 = CARTESIAN_POINT('',(0.174221684006,-0.420608352386,11.3));
#7514 = CARTESIAN_POINT('',(1.244440600039,-3.004345374183,13.02));
#7515 = CARTESIAN_POINT('',(0.321919695945,-0.321919695945,11.3));
#7516 = CARTESIAN_POINT('',(2.299426399605,-2.299426399605,13.02));
#7517 = DEFINITIONAL_REPRESENTATION('',(#7518),#7521);
#7518 = B_SPLINE_CURVE_WITH_KNOTS('',1,(#7519,#7520),.UNSPECIFIED.,.F.,
  .F.,(2,2),(0.,0.17763488858),.PIECEWISE_BEZIER_KNOTS.);
#7519 = CARTESIAN_POINT('',(0.,0.));
#7520 = CARTESIAN_POINT('',(1.268820632716,0.));
#7521 = ( GEOMETRIC_REPRESENTATION_CONTEXT(2) 
PARAMETRIC_REPRESENTATION_CONTEXT() REPRESENTATION_CONTEXT('2D SPACE',''
  ) );
#7522 = ORIENTED_EDGE('',*,*,#7523,.T.);
#7523 = EDGE_CURVE('',#7497,#7524,#7526,.T.);
#7524 = VERTEX_POINT('',#7525);
#7525 = CARTESIAN_POINT('',(0.420608352386,-0.174221684006,11.3));
#7526 = SURFACE_CURVE('',#7527,(#7531,#7538),.PCURVE_S1.);
#7527 = LINE('',#7528,#7529);
#7528 = CARTESIAN_POINT('',(0.321919695945,-0.321919695945,11.3));
#7529 = VECTOR('',#7530,1.);
#7530 = DIRECTION('',(0.55557023302,0.831469612303,0.));
#7531 = PCURVE('',#7082,#7532);
#7532 = DEFINITIONAL_REPRESENTATION('',(#7533),#7537);
#7533 = LINE('',#7534,#7535);
#7534 = CARTESIAN_POINT('',(0.133343504055,-0.321919695945));
#7535 = VECTOR('',#7536,1.);
#7536 = DIRECTION('',(-0.55557023302,0.831469612303));
#7537 = ( GEOMETRIC_REPRESENTATION_CONTEXT(2) 
PARAMETRIC_REPRESENTATION_CONTEXT() REPRESENTATION_CONTEXT('2D SPACE',''
  ) );
#7538 = PCURVE('',#7539,#7544);
#7539 = B_SPLINE_SURFACE_WITH_KNOTS('',1,1,(
    (#7540,#7541)
    ,(#7542,#7543
    )),.UNSPECIFIED.,.F.,.F.,.F.,(2,2),(2,2),(0.,1.268820632716),(0.,1.)
  ,.PIECEWISE_BEZIER_KNOTS.);
#7540 = CARTESIAN_POINT('',(0.321919695945,-0.321919695945,11.3));
#7541 = CARTESIAN_POINT('',(2.299426399605,-2.299426399605,13.02));
#7542 = CARTESIAN_POINT('',(0.420608352386,-0.174221684006,11.3));
#7543 = CARTESIAN_POINT('',(3.004345374183,-1.244440600039,13.02));
#7544 = DEFINITIONAL_REPRESENTATION('',(#7545),#7548);
#7545 = B_SPLINE_CURVE_WITH_KNOTS('',1,(#7546,#7547),.UNSPECIFIED.,.F.,
  .F.,(2,2),(0.,0.17763488858),.PIECEWISE_BEZIER_KNOTS.);
#7546 = CARTESIAN_POINT('',(0.,0.));
#7547 = CARTESIAN_POINT('',(1.268820632716,0.));
#7548 = ( GEOMETRIC_REPRESENTATION_CONTEXT(2) 
PARAMETRIC_REPRESENTATION_CONTEXT() REPRESENTATION_CONTEXT('2D SPACE',''
  ) );
#7549 = ORIENTED_EDGE('',*,*,#7550,.T.);
#7550 = EDGE_CURVE('',#7524,#7061,#7551,.T.);
#7551 = SURFACE_CURVE('',#7552,(#7556,#7563),.PCURVE_S1.);
#7552 = LINE('',#7553,#7554);
#7553 = CARTESIAN_POINT('',(0.420608352386,-0.174221684006,11.3));
#7554 = VECTOR('',#7555,1.);
#7555 = DIRECTION('',(0.195090322016,0.980785280403,0.));
#7556 = PCURVE('',#7082,#7557);
#7557 = DEFINITIONAL_REPRESENTATION('',(#7558),#7562);
#7558 = LINE('',#7559,#7560);
#7559 = CARTESIAN_POINT('',(3.4654847614E-02,-0.174221684006));
#7560 = VECTOR('',#7561,1.);
#7561 = DIRECTION('',(-0.195090322016,0.980785280403));
#7562 = ( GEOMETRIC_REPRESENTATION_CONTEXT(2) 
PARAMETRIC_REPRESENTATION_CONTEXT() REPRESENTATION_CONTEXT('2D SPACE',''
  ) );
#7563 = PCURVE('',#7161,#7564);
#7564 = DEFINITIONAL_REPRESENTATION('',(#7565),#7568);
#7565 = B_SPLINE_CURVE_WITH_KNOTS('',1,(#7566,#7567),.UNSPECIFIED.,.F.,
  .F.,(2,2),(0.,0.17763488858),.PIECEWISE_BEZIER_KNOTS.);
#7566 = CARTESIAN_POINT('',(0.,0.));
#7567 = CARTESIAN_POINT('',(1.268820632716,0.));
#7568 = ( GEOMETRIC_REPRESENTATION_CONTEXT(2) 
PARAMETRIC_REPRESENTATION_CONTEXT() REPRESENTATION_CONTEXT('2D SPACE',''
  ) );
#7569 = ADVANCED_FACE('',(#7570),#7109,.T.);
#7570 = FACE_BOUND('',#7571,.T.);
#7571 = EDGE_LOOP('',(#7572,#7573,#7595,#7620));
#7572 = ORIENTED_EDGE('',*,*,#7177,.T.);
#7573 = ORIENTED_EDGE('',*,*,#7574,.T.);
#7574 = EDGE_CURVE('',#7178,#7575,#7577,.T.);
#7575 = VERTEX_POINT('',#7576);
#7576 = CARTESIAN_POINT('',(2.299426399605,2.299426399605,13.02));
#7577 = SURFACE_CURVE('',#7578,(#7581,#7588),.PCURVE_S1.);
#7578 = B_SPLINE_CURVE_WITH_KNOTS('',1,(#7579,#7580),.UNSPECIFIED.,.F.,
  .F.,(2,2),(0.,1.),.PIECEWISE_BEZIER_KNOTS.);
#7579 = CARTESIAN_POINT('',(0.321919695945,0.321919695945,11.3));
#7580 = CARTESIAN_POINT('',(2.299426399605,2.299426399605,13.02));
#7581 = PCURVE('',#7109,#7582);
#7582 = DEFINITIONAL_REPRESENTATION('',(#7583),#7587);
#7583 = LINE('',#7584,#7585);
#7584 = CARTESIAN_POINT('',(1.268820632716,0.));
#7585 = VECTOR('',#7586,1.);
#7586 = DIRECTION('',(0.,1.));
#7587 = ( GEOMETRIC_REPRESENTATION_CONTEXT(2) 
PARAMETRIC_REPRESENTATION_CONTEXT() REPRESENTATION_CONTEXT('2D SPACE',''
  ) );
#7588 = PCURVE('',#7215,#7589);
#7589 = DEFINITIONAL_REPRESENTATION('',(#7590),#7594);
#7590 = LINE('',#7591,#7592);
#7591 = CARTESIAN_POINT('',(0.,0.));
#7592 = VECTOR('',#7593,1.);
#7593 = DIRECTION('',(0.,1.));
#7594 = ( GEOMETRIC_REPRESENTATION_CONTEXT(2) 
PARAMETRIC_REPRESENTATION_CONTEXT() REPRESENTATION_CONTEXT('2D SPACE',''
  ) );
#7595 = ORIENTED_EDGE('',*,*,#7596,.F.);
#7596 = EDGE_CURVE('',#7095,#7575,#7597,.T.);
#7597 = SURFACE_CURVE('',#7598,(#7602,#7609),.PCURVE_S1.);
#7598 = LINE('',#7599,#7600);
#7599 = CARTESIAN_POINT('',(3.004345374183,1.244440600039,13.02));
#7600 = VECTOR('',#7601,1.);
#7601 = DIRECTION('',(-0.55557023302,0.831469612303,0.));
#7602 = PCURVE('',#7109,#7603);
#7603 = DEFINITIONAL_REPRESENTATION('',(#7604),#7608);
#7604 = LINE('',#7605,#7606);
#7605 = CARTESIAN_POINT('',(0.,1.));
#7606 = VECTOR('',#7607,1.);
#7607 = DIRECTION('',(1.,0.));
#7608 = ( GEOMETRIC_REPRESENTATION_CONTEXT(2) 
PARAMETRIC_REPRESENTATION_CONTEXT() REPRESENTATION_CONTEXT('2D SPACE',''
  ) );
#7609 = PCURVE('',#7610,#7615);
#7610 = B_SPLINE_SURFACE_WITH_KNOTS('',1,1,(
    (#7611,#7612)
    ,(#7613,#7614
    )),.UNSPECIFIED.,.F.,.F.,.F.,(2,2),(2,2),(0.,1.268820632716),(0.,1.)
  ,.PIECEWISE_BEZIER_KNOTS.);
#7611 = CARTESIAN_POINT('',(3.004345374183,1.244440600039,13.02));
#7612 = CARTESIAN_POINT('',(1.622346502059,0.671997924021,14.22));
#7613 = CARTESIAN_POINT('',(2.299426399605,2.299426399605,13.02));
#7614 = CARTESIAN_POINT('',(1.241690255787,1.241690255787,14.22));
#7615 = DEFINITIONAL_REPRESENTATION('',(#7616),#7619);
#7616 = B_SPLINE_CURVE_WITH_KNOTS('',1,(#7617,#7618),.UNSPECIFIED.,.F.,
  .F.,(2,2),(0.,1.268820632716),.PIECEWISE_BEZIER_KNOTS.);
#7617 = CARTESIAN_POINT('',(0.,0.));
#7618 = CARTESIAN_POINT('',(1.268820632716,0.));
#7619 = ( GEOMETRIC_REPRESENTATION_CONTEXT(2) 
PARAMETRIC_REPRESENTATION_CONTEXT() REPRESENTATION_CONTEXT('2D SPACE',''
  ) );
#7620 = ORIENTED_EDGE('',*,*,#7094,.F.);
#7621 = ADVANCED_FACE('',(#7622),#7137,.T.);
#7622 = FACE_BOUND('',#7623,.T.);
#7623 = EDGE_LOOP('',(#7624,#7625,#7647,#7674));
#7624 = ORIENTED_EDGE('',*,*,#7121,.T.);
#7625 = ORIENTED_EDGE('',*,*,#7626,.T.);
#7626 = EDGE_CURVE('',#7095,#7627,#7629,.T.);
#7627 = VERTEX_POINT('',#7628);
#7628 = CARTESIAN_POINT('',(1.622346502059,0.671997924021,14.22));
#7629 = SURFACE_CURVE('',#7630,(#7633,#7640),.PCURVE_S1.);
#7630 = B_SPLINE_CURVE_WITH_KNOTS('',1,(#7631,#7632),.UNSPECIFIED.,.F.,
  .F.,(2,2),(0.,1.),.PIECEWISE_BEZIER_KNOTS.);
#7631 = CARTESIAN_POINT('',(3.004345374183,1.244440600039,13.02));
#7632 = CARTESIAN_POINT('',(1.622346502059,0.671997924021,14.22));
#7633 = PCURVE('',#7137,#7634);
#7634 = DEFINITIONAL_REPRESENTATION('',(#7635),#7639);
#7635 = LINE('',#7636,#7637);
#7636 = CARTESIAN_POINT('',(1.268820632716,0.));
#7637 = VECTOR('',#7638,1.);
#7638 = DIRECTION('',(0.,1.));
#7639 = ( GEOMETRIC_REPRESENTATION_CONTEXT(2) 
PARAMETRIC_REPRESENTATION_CONTEXT() REPRESENTATION_CONTEXT('2D SPACE',''
  ) );
#7640 = PCURVE('',#7610,#7641);
#7641 = DEFINITIONAL_REPRESENTATION('',(#7642),#7646);
#7642 = LINE('',#7643,#7644);
#7643 = CARTESIAN_POINT('',(0.,0.));
#7644 = VECTOR('',#7645,1.);
#7645 = DIRECTION('',(0.,1.));
#7646 = ( GEOMETRIC_REPRESENTATION_CONTEXT(2) 
PARAMETRIC_REPRESENTATION_CONTEXT() REPRESENTATION_CONTEXT('2D SPACE',''
  ) );
#7647 = ORIENTED_EDGE('',*,*,#7648,.F.);
#7648 = EDGE_CURVE('',#7649,#7627,#7651,.T.);
#7649 = VERTEX_POINT('',#7650);
#7650 = CARTESIAN_POINT('',(1.7560152,0.,14.22));
#7651 = SURFACE_CURVE('',#7652,(#7656,#7662),.PCURVE_S1.);
#7652 = LINE('',#7653,#7654);
#7653 = CARTESIAN_POINT('',(1.7560152,0.,14.22));
#7654 = VECTOR('',#7655,1.);
#7655 = DIRECTION('',(-0.195090322016,0.980785280403,0.));
#7656 = PCURVE('',#7137,#7657);
#7657 = DEFINITIONAL_REPRESENTATION('',(#7658),#7661);
#7658 = B_SPLINE_CURVE_WITH_KNOTS('',1,(#7659,#7660),.UNSPECIFIED.,.F.,
  .F.,(2,2),(0.,0.685163141666),.PIECEWISE_BEZIER_KNOTS.);
#7659 = CARTESIAN_POINT('',(0.,1.));
#7660 = CARTESIAN_POINT('',(1.268820632716,1.));
#7661 = ( GEOMETRIC_REPRESENTATION_CONTEXT(2) 
PARAMETRIC_REPRESENTATION_CONTEXT() REPRESENTATION_CONTEXT('2D SPACE',''
  ) );
#7662 = PCURVE('',#7663,#7668);
#7663 = PLANE('',#7664);
#7664 = AXIS2_PLACEMENT_3D('',#7665,#7666,#7667);
#7665 = CARTESIAN_POINT('',(1.7560152,0.,14.22));
#7666 = DIRECTION('',(0.,0.,-1.));
#7667 = DIRECTION('',(-1.,6.322399855224E-17,0.));
#7668 = DEFINITIONAL_REPRESENTATION('',(#7669),#7673);
#7669 = LINE('',#7670,#7671);
#7670 = CARTESIAN_POINT('',(0.,0.));
#7671 = VECTOR('',#7672,1.);
#7672 = DIRECTION('',(0.195090322016,0.980785280403));
#7673 = ( GEOMETRIC_REPRESENTATION_CONTEXT(2) 
PARAMETRIC_REPRESENTATION_CONTEXT() REPRESENTATION_CONTEXT('2D SPACE',''
  ) );
#7674 = ORIENTED_EDGE('',*,*,#7675,.F.);
#7675 = EDGE_CURVE('',#7122,#7649,#7676,.T.);
#7676 = SURFACE_CURVE('',#7677,(#7680,#7687),.PCURVE_S1.);
#7677 = B_SPLINE_CURVE_WITH_KNOTS('',1,(#7678,#7679),.UNSPECIFIED.,.F.,
  .F.,(2,2),(0.,1.),.PIECEWISE_BEZIER_KNOTS.);
#7678 = CARTESIAN_POINT('',(3.25188,0.,13.02));
#7679 = CARTESIAN_POINT('',(1.7560152,0.,14.22));
#7680 = PCURVE('',#7137,#7681);
#7681 = DEFINITIONAL_REPRESENTATION('',(#7682),#7686);
#7682 = LINE('',#7683,#7684);
#7683 = CARTESIAN_POINT('',(0.,0.));
#7684 = VECTOR('',#7685,1.);
#7685 = DIRECTION('',(0.,1.));
#7686 = ( GEOMETRIC_REPRESENTATION_CONTEXT(2) 
PARAMETRIC_REPRESENTATION_CONTEXT() REPRESENTATION_CONTEXT('2D SPACE',''
  ) );
#7687 = PCURVE('',#7688,#7693);
#7688 = B_SPLINE_SURFACE_WITH_KNOTS('',1,1,(
    (#7689,#7690)
    ,(#7691,#7692
    )),.UNSPECIFIED.,.F.,.F.,.F.,(2,2),(2,2),(0.,1.268820632716),(0.,1.)
  ,.PIECEWISE_BEZIER_KNOTS.);
#7689 = CARTESIAN_POINT('',(3.004345374183,-1.244440600039,13.02));
#7690 = CARTESIAN_POINT('',(1.622346502059,-0.671997924021,14.22));
#7691 = CARTESIAN_POINT('',(3.25188,2.22044604925E-16,13.02));
#7692 = CARTESIAN_POINT('',(1.7560152,0.,14.22));
#7693 = DEFINITIONAL_REPRESENTATION('',(#7694),#7698);
#7694 = LINE('',#7695,#7696);
#7695 = CARTESIAN_POINT('',(1.268820632716,0.));
#7696 = VECTOR('',#7697,1.);
#7697 = DIRECTION('',(0.,1.));
#7698 = ( GEOMETRIC_REPRESENTATION_CONTEXT(2) 
PARAMETRIC_REPRESENTATION_CONTEXT() REPRESENTATION_CONTEXT('2D SPACE',''
  ) );
#7699 = ADVANCED_FACE('',(#7700),#7161,.T.);
#7700 = FACE_BOUND('',#7701,.T.);
#7701 = EDGE_LOOP('',(#7702,#7703,#7704,#7726));
#7702 = ORIENTED_EDGE('',*,*,#7550,.T.);
#7703 = ORIENTED_EDGE('',*,*,#7148,.T.);
#7704 = ORIENTED_EDGE('',*,*,#7705,.F.);
#7705 = EDGE_CURVE('',#7706,#7122,#7708,.T.);
#7706 = VERTEX_POINT('',#7707);
#7707 = CARTESIAN_POINT('',(3.004345374183,-1.244440600039,13.02));
#7708 = SURFACE_CURVE('',#7709,(#7713,#7720),.PCURVE_S1.);
#7709 = LINE('',#7710,#7711);
#7710 = CARTESIAN_POINT('',(3.004345374183,-1.244440600039,13.02));
#7711 = VECTOR('',#7712,1.);
#7712 = DIRECTION('',(0.195090322016,0.980785280403,0.));
#7713 = PCURVE('',#7161,#7714);
#7714 = DEFINITIONAL_REPRESENTATION('',(#7715),#7719);
#7715 = LINE('',#7716,#7717);
#7716 = CARTESIAN_POINT('',(0.,1.));
#7717 = VECTOR('',#7718,1.);
#7718 = DIRECTION('',(1.,0.));
#7719 = ( GEOMETRIC_REPRESENTATION_CONTEXT(2) 
PARAMETRIC_REPRESENTATION_CONTEXT() REPRESENTATION_CONTEXT('2D SPACE',''
  ) );
#7720 = PCURVE('',#7688,#7721);
#7721 = DEFINITIONAL_REPRESENTATION('',(#7722),#7725);
#7722 = B_SPLINE_CURVE_WITH_KNOTS('',1,(#7723,#7724),.UNSPECIFIED.,.F.,
  .F.,(2,2),(0.,1.268820632716),.PIECEWISE_BEZIER_KNOTS.);
#7723 = CARTESIAN_POINT('',(0.,0.));
#7724 = CARTESIAN_POINT('',(1.268820632716,0.));
#7725 = ( GEOMETRIC_REPRESENTATION_CONTEXT(2) 
PARAMETRIC_REPRESENTATION_CONTEXT() REPRESENTATION_CONTEXT('2D SPACE',''
  ) );
#7726 = ORIENTED_EDGE('',*,*,#7727,.F.);
#7727 = EDGE_CURVE('',#7524,#7706,#7728,.T.);
#7728 = SURFACE_CURVE('',#7729,(#7732,#7739),.PCURVE_S1.);
#7729 = B_SPLINE_CURVE_WITH_KNOTS('',1,(#7730,#7731),.UNSPECIFIED.,.F.,
  .F.,(2,2),(0.,1.),.PIECEWISE_BEZIER_KNOTS.);
#7730 = CARTESIAN_POINT('',(0.420608352386,-0.174221684006,11.3));
#7731 = CARTESIAN_POINT('',(3.004345374183,-1.244440600039,13.02));
#7732 = PCURVE('',#7161,#7733);
#7733 = DEFINITIONAL_REPRESENTATION('',(#7734),#7738);
#7734 = LINE('',#7735,#7736);
#7735 = CARTESIAN_POINT('',(0.,0.));
#7736 = VECTOR('',#7737,1.);
#7737 = DIRECTION('',(0.,1.));
#7738 = ( GEOMETRIC_REPRESENTATION_CONTEXT(2) 
PARAMETRIC_REPRESENTATION_CONTEXT() REPRESENTATION_CONTEXT('2D SPACE',''
  ) );
#7739 = PCURVE('',#7539,#7740);
#7740 = DEFINITIONAL_REPRESENTATION('',(#7741),#7745);
#7741 = LINE('',#7742,#7743);
#7742 = CARTESIAN_POINT('',(1.268820632716,0.));
#7743 = VECTOR('',#7744,1.);
#7744 = DIRECTION('',(0.,1.));
#7745 = ( GEOMETRIC_REPRESENTATION_CONTEXT(2) 
PARAMETRIC_REPRESENTATION_CONTEXT() REPRESENTATION_CONTEXT('2D SPACE',''
  ) );
#7746 = ADVANCED_FACE('',(#7747),#7215,.T.);
#7747 = FACE_BOUND('',#7748,.T.);
#7748 = EDGE_LOOP('',(#7749,#7750,#7772,#7797));
#7749 = ORIENTED_EDGE('',*,*,#7199,.T.);
#7750 = ORIENTED_EDGE('',*,*,#7751,.T.);
#7751 = EDGE_CURVE('',#7200,#7752,#7754,.T.);
#7752 = VERTEX_POINT('',#7753);
#7753 = CARTESIAN_POINT('',(1.244440600039,3.004345374183,13.02));
#7754 = SURFACE_CURVE('',#7755,(#7758,#7765),.PCURVE_S1.);
#7755 = B_SPLINE_CURVE_WITH_KNOTS('',1,(#7756,#7757),.UNSPECIFIED.,.F.,
  .F.,(2,2),(0.,1.),.PIECEWISE_BEZIER_KNOTS.);
#7756 = CARTESIAN_POINT('',(0.174221684006,0.420608352386,11.3));
#7757 = CARTESIAN_POINT('',(1.244440600039,3.004345374183,13.02));
#7758 = PCURVE('',#7215,#7759);
#7759 = DEFINITIONAL_REPRESENTATION('',(#7760),#7764);
#7760 = LINE('',#7761,#7762);
#7761 = CARTESIAN_POINT('',(1.268820632716,0.));
#7762 = VECTOR('',#7763,1.);
#7763 = DIRECTION('',(0.,1.));
#7764 = ( GEOMETRIC_REPRESENTATION_CONTEXT(2) 
PARAMETRIC_REPRESENTATION_CONTEXT() REPRESENTATION_CONTEXT('2D SPACE',''
  ) );
#7765 = PCURVE('',#7242,#7766);
#7766 = DEFINITIONAL_REPRESENTATION('',(#7767),#7771);
#7767 = LINE('',#7768,#7769);
#7768 = CARTESIAN_POINT('',(0.,0.));
#7769 = VECTOR('',#7770,1.);
#7770 = DIRECTION('',(0.,1.));
#7771 = ( GEOMETRIC_REPRESENTATION_CONTEXT(2) 
PARAMETRIC_REPRESENTATION_CONTEXT() REPRESENTATION_CONTEXT('2D SPACE',''
  ) );
#7772 = ORIENTED_EDGE('',*,*,#7773,.F.);
#7773 = EDGE_CURVE('',#7575,#7752,#7774,.T.);
#7774 = SURFACE_CURVE('',#7775,(#7779,#7786),.PCURVE_S1.);
#7775 = LINE('',#7776,#7777);
#7776 = CARTESIAN_POINT('',(2.299426399605,2.299426399605,13.02));
#7777 = VECTOR('',#7778,1.);
#7778 = DIRECTION('',(-0.831469612303,0.55557023302,0.));
#7779 = PCURVE('',#7215,#7780);
#7780 = DEFINITIONAL_REPRESENTATION('',(#7781),#7785);
#7781 = LINE('',#7782,#7783);
#7782 = CARTESIAN_POINT('',(0.,1.));
#7783 = VECTOR('',#7784,1.);
#7784 = DIRECTION('',(1.,0.));
#7785 = ( GEOMETRIC_REPRESENTATION_CONTEXT(2) 
PARAMETRIC_REPRESENTATION_CONTEXT() REPRESENTATION_CONTEXT('2D SPACE',''
  ) );
#7786 = PCURVE('',#7787,#7792);
#7787 = B_SPLINE_SURFACE_WITH_KNOTS('',1,1,(
    (#7788,#7789)
    ,(#7790,#7791
    )),.UNSPECIFIED.,.F.,.F.,.F.,(2,2),(2,2),(0.,1.268820632716),(0.,1.)
  ,.PIECEWISE_BEZIER_KNOTS.);
#7788 = CARTESIAN_POINT('',(2.299426399605,2.299426399605,13.02));
#7789 = CARTESIAN_POINT('',(1.241690255787,1.241690255787,14.22));
#7790 = CARTESIAN_POINT('',(1.244440600039,3.004345374183,13.02));
#7791 = CARTESIAN_POINT('',(0.671997924021,1.622346502059,14.22));
#7792 = DEFINITIONAL_REPRESENTATION('',(#7793),#7796);
#7793 = B_SPLINE_CURVE_WITH_KNOTS('',1,(#7794,#7795),.UNSPECIFIED.,.F.,
  .F.,(2,2),(0.,1.268820632716),.PIECEWISE_BEZIER_KNOTS.);
#7794 = CARTESIAN_POINT('',(0.,0.));
#7795 = CARTESIAN_POINT('',(1.268820632716,0.));
#7796 = ( GEOMETRIC_REPRESENTATION_CONTEXT(2) 
PARAMETRIC_REPRESENTATION_CONTEXT() REPRESENTATION_CONTEXT('2D SPACE',''
  ) );
#7797 = ORIENTED_EDGE('',*,*,#7574,.F.);
#7798 = ADVANCED_FACE('',(#7799),#7242,.T.);
#7799 = FACE_BOUND('',#7800,.T.);
#7800 = EDGE_LOOP('',(#7801,#7802,#7824,#7849));
#7801 = ORIENTED_EDGE('',*,*,#7226,.T.);
#7802 = ORIENTED_EDGE('',*,*,#7803,.T.);
#7803 = EDGE_CURVE('',#7227,#7804,#7806,.T.);
#7804 = VERTEX_POINT('',#7805);
#7805 = CARTESIAN_POINT('',(1.991202216606E-16,3.25188,13.02));
#7806 = SURFACE_CURVE('',#7807,(#7810,#7817),.PCURVE_S1.);
#7807 = B_SPLINE_CURVE_WITH_KNOTS('',1,(#7808,#7809),.UNSPECIFIED.,.F.,
  .F.,(2,2),(0.,1.),.PIECEWISE_BEZIER_KNOTS.);
#7808 = CARTESIAN_POINT('',(2.775557561563E-17,0.4552632,11.3));
#7809 = CARTESIAN_POINT('',(2.22044604925E-16,3.25188,13.02));
#7810 = PCURVE('',#7242,#7811);
#7811 = DEFINITIONAL_REPRESENTATION('',(#7812),#7816);
#7812 = LINE('',#7813,#7814);
#7813 = CARTESIAN_POINT('',(1.268820632716,0.));
#7814 = VECTOR('',#7815,1.);
#7815 = DIRECTION('',(0.,1.));
#7816 = ( GEOMETRIC_REPRESENTATION_CONTEXT(2) 
PARAMETRIC_REPRESENTATION_CONTEXT() REPRESENTATION_CONTEXT('2D SPACE',''
  ) );
#7817 = PCURVE('',#7269,#7818);
#7818 = DEFINITIONAL_REPRESENTATION('',(#7819),#7823);
#7819 = LINE('',#7820,#7821);
#7820 = CARTESIAN_POINT('',(0.,0.));
#7821 = VECTOR('',#7822,1.);
#7822 = DIRECTION('',(0.,1.));
#7823 = ( GEOMETRIC_REPRESENTATION_CONTEXT(2) 
PARAMETRIC_REPRESENTATION_CONTEXT() REPRESENTATION_CONTEXT('2D SPACE',''
  ) );
#7824 = ORIENTED_EDGE('',*,*,#7825,.F.);
#7825 = EDGE_CURVE('',#7752,#7804,#7826,.T.);
#7826 = SURFACE_CURVE('',#7827,(#7831,#7838),.PCURVE_S1.);
#7827 = LINE('',#7828,#7829);
#7828 = CARTESIAN_POINT('',(1.244440600039,3.004345374183,13.02));
#7829 = VECTOR('',#7830,1.);
#7830 = DIRECTION('',(-0.980785280403,0.195090322016,0.));
#7831 = PCURVE('',#7242,#7832);
#7832 = DEFINITIONAL_REPRESENTATION('',(#7833),#7837);
#7833 = LINE('',#7834,#7835);
#7834 = CARTESIAN_POINT('',(0.,1.));
#7835 = VECTOR('',#7836,1.);
#7836 = DIRECTION('',(1.,0.));
#7837 = ( GEOMETRIC_REPRESENTATION_CONTEXT(2) 
PARAMETRIC_REPRESENTATION_CONTEXT() REPRESENTATION_CONTEXT('2D SPACE',''
  ) );
#7838 = PCURVE('',#7839,#7844);
#7839 = B_SPLINE_SURFACE_WITH_KNOTS('',1,1,(
    (#7840,#7841)
    ,(#7842,#7843
    )),.UNSPECIFIED.,.F.,.F.,.F.,(2,2),(2,2),(0.,1.268820632716),(0.,1.)
  ,.PIECEWISE_BEZIER_KNOTS.);
#7840 = CARTESIAN_POINT('',(1.244440600039,3.004345374183,13.02));
#7841 = CARTESIAN_POINT('',(0.671997924021,1.622346502059,14.22));
#7842 = CARTESIAN_POINT('',(2.22044604925E-16,3.25188,13.02));
#7843 = CARTESIAN_POINT('',(1.110223024625E-16,1.7560152,14.22));
#7844 = DEFINITIONAL_REPRESENTATION('',(#7845),#7848);
#7845 = B_SPLINE_CURVE_WITH_KNOTS('',1,(#7846,#7847),.UNSPECIFIED.,.F.,
  .F.,(2,2),(0.,1.268820632716),.PIECEWISE_BEZIER_KNOTS.);
#7846 = CARTESIAN_POINT('',(0.,0.));
#7847 = CARTESIAN_POINT('',(1.268820632716,0.));
#7848 = ( GEOMETRIC_REPRESENTATION_CONTEXT(2) 
PARAMETRIC_REPRESENTATION_CONTEXT() REPRESENTATION_CONTEXT('2D SPACE',''
  ) );
#7849 = ORIENTED_EDGE('',*,*,#7751,.F.);
#7850 = ADVANCED_FACE('',(#7851),#7269,.T.);
#7851 = FACE_BOUND('',#7852,.T.);
#7852 = EDGE_LOOP('',(#7853,#7854,#7876,#7901));
#7853 = ORIENTED_EDGE('',*,*,#7253,.T.);
#7854 = ORIENTED_EDGE('',*,*,#7855,.T.);
#7855 = EDGE_CURVE('',#7254,#7856,#7858,.T.);
#7856 = VERTEX_POINT('',#7857);
#7857 = CARTESIAN_POINT('',(-1.244440600039,3.004345374183,13.02));
#7858 = SURFACE_CURVE('',#7859,(#7862,#7869),.PCURVE_S1.);
#7859 = B_SPLINE_CURVE_WITH_KNOTS('',1,(#7860,#7861),.UNSPECIFIED.,.F.,
  .F.,(2,2),(0.,1.),.PIECEWISE_BEZIER_KNOTS.);
#7860 = CARTESIAN_POINT('',(-0.174221684006,0.420608352386,11.3));
#7861 = CARTESIAN_POINT('',(-1.244440600039,3.004345374183,13.02));
#7862 = PCURVE('',#7269,#7863);
#7863 = DEFINITIONAL_REPRESENTATION('',(#7864),#7868);
#7864 = LINE('',#7865,#7866);
#7865 = CARTESIAN_POINT('',(1.268820632716,0.));
#7866 = VECTOR('',#7867,1.);
#7867 = DIRECTION('',(0.,1.));
#7868 = ( GEOMETRIC_REPRESENTATION_CONTEXT(2) 
PARAMETRIC_REPRESENTATION_CONTEXT() REPRESENTATION_CONTEXT('2D SPACE',''
  ) );
#7869 = PCURVE('',#7296,#7870);
#7870 = DEFINITIONAL_REPRESENTATION('',(#7871),#7875);
#7871 = LINE('',#7872,#7873);
#7872 = CARTESIAN_POINT('',(0.,0.));
#7873 = VECTOR('',#7874,1.);
#7874 = DIRECTION('',(0.,1.));
#7875 = ( GEOMETRIC_REPRESENTATION_CONTEXT(2) 
PARAMETRIC_REPRESENTATION_CONTEXT() REPRESENTATION_CONTEXT('2D SPACE',''
  ) );
#7876 = ORIENTED_EDGE('',*,*,#7877,.F.);
#7877 = EDGE_CURVE('',#7804,#7856,#7878,.T.);
#7878 = SURFACE_CURVE('',#7879,(#7883,#7890),.PCURVE_S1.);
#7879 = LINE('',#7880,#7881);
#7880 = CARTESIAN_POINT('',(1.991202216606E-16,3.25188,13.02));
#7881 = VECTOR('',#7882,1.);
#7882 = DIRECTION('',(-0.980785280403,-0.195090322016,0.));
#7883 = PCURVE('',#7269,#7884);
#7884 = DEFINITIONAL_REPRESENTATION('',(#7885),#7889);
#7885 = LINE('',#7886,#7887);
#7886 = CARTESIAN_POINT('',(0.,1.));
#7887 = VECTOR('',#7888,1.);
#7888 = DIRECTION('',(1.,0.));
#7889 = ( GEOMETRIC_REPRESENTATION_CONTEXT(2) 
PARAMETRIC_REPRESENTATION_CONTEXT() REPRESENTATION_CONTEXT('2D SPACE',''
  ) );
#7890 = PCURVE('',#7891,#7896);
#7891 = B_SPLINE_SURFACE_WITH_KNOTS('',1,1,(
    (#7892,#7893)
    ,(#7894,#7895
    )),.UNSPECIFIED.,.F.,.F.,.F.,(2,2),(2,2),(0.,1.268820632716),(0.,1.)
  ,.PIECEWISE_BEZIER_KNOTS.);
#7892 = CARTESIAN_POINT('',(1.991202216606E-16,3.25188,13.02));
#7893 = CARTESIAN_POINT('',(1.075249196967E-16,1.7560152,14.22));
#7894 = CARTESIAN_POINT('',(-1.244440600039,3.004345374183,13.02));
#7895 = CARTESIAN_POINT('',(-0.671997924021,1.622346502059,14.22));
#7896 = DEFINITIONAL_REPRESENTATION('',(#7897),#7900);
#7897 = B_SPLINE_CURVE_WITH_KNOTS('',1,(#7898,#7899),.UNSPECIFIED.,.F.,
  .F.,(2,2),(0.,1.268820632716),.PIECEWISE_BEZIER_KNOTS.);
#7898 = CARTESIAN_POINT('',(0.,0.));
#7899 = CARTESIAN_POINT('',(1.268820632716,0.));
#7900 = ( GEOMETRIC_REPRESENTATION_CONTEXT(2) 
PARAMETRIC_REPRESENTATION_CONTEXT() REPRESENTATION_CONTEXT('2D SPACE',''
  ) );
#7901 = ORIENTED_EDGE('',*,*,#7803,.F.);
#7902 = ADVANCED_FACE('',(#7903),#7296,.T.);
#7903 = FACE_BOUND('',#7904,.T.);
#7904 = EDGE_LOOP('',(#7905,#7906,#7928,#7953));
#7905 = ORIENTED_EDGE('',*,*,#7280,.T.);
#7906 = ORIENTED_EDGE('',*,*,#7907,.T.);
#7907 = EDGE_CURVE('',#7281,#7908,#7910,.T.);
#7908 = VERTEX_POINT('',#7909);
#7909 = CARTESIAN_POINT('',(-2.299426399605,2.299426399605,13.02));
#7910 = SURFACE_CURVE('',#7911,(#7914,#7921),.PCURVE_S1.);
#7911 = B_SPLINE_CURVE_WITH_KNOTS('',1,(#7912,#7913),.UNSPECIFIED.,.F.,
  .F.,(2,2),(0.,1.),.PIECEWISE_BEZIER_KNOTS.);
#7912 = CARTESIAN_POINT('',(-0.321919695945,0.321919695945,11.3));
#7913 = CARTESIAN_POINT('',(-2.299426399605,2.299426399605,13.02));
#7914 = PCURVE('',#7296,#7915);
#7915 = DEFINITIONAL_REPRESENTATION('',(#7916),#7920);
#7916 = LINE('',#7917,#7918);
#7917 = CARTESIAN_POINT('',(1.268820632716,0.));
#7918 = VECTOR('',#7919,1.);
#7919 = DIRECTION('',(0.,1.));
#7920 = ( GEOMETRIC_REPRESENTATION_CONTEXT(2) 
PARAMETRIC_REPRESENTATION_CONTEXT() REPRESENTATION_CONTEXT('2D SPACE',''
  ) );
#7921 = PCURVE('',#7323,#7922);
#7922 = DEFINITIONAL_REPRESENTATION('',(#7923),#7927);
#7923 = LINE('',#7924,#7925);
#7924 = CARTESIAN_POINT('',(0.,0.));
#7925 = VECTOR('',#7926,1.);
#7926 = DIRECTION('',(0.,1.));
#7927 = ( GEOMETRIC_REPRESENTATION_CONTEXT(2) 
PARAMETRIC_REPRESENTATION_CONTEXT() REPRESENTATION_CONTEXT('2D SPACE',''
  ) );
#7928 = ORIENTED_EDGE('',*,*,#7929,.F.);
#7929 = EDGE_CURVE('',#7856,#7908,#7930,.T.);
#7930 = SURFACE_CURVE('',#7931,(#7935,#7942),.PCURVE_S1.);
#7931 = LINE('',#7932,#7933);
#7932 = CARTESIAN_POINT('',(-1.244440600039,3.004345374183,13.02));
#7933 = VECTOR('',#7934,1.);
#7934 = DIRECTION('',(-0.831469612303,-0.55557023302,0.));
#7935 = PCURVE('',#7296,#7936);
#7936 = DEFINITIONAL_REPRESENTATION('',(#7937),#7941);
#7937 = LINE('',#7938,#7939);
#7938 = CARTESIAN_POINT('',(0.,1.));
#7939 = VECTOR('',#7940,1.);
#7940 = DIRECTION('',(1.,0.));
#7941 = ( GEOMETRIC_REPRESENTATION_CONTEXT(2) 
PARAMETRIC_REPRESENTATION_CONTEXT() REPRESENTATION_CONTEXT('2D SPACE',''
  ) );
#7942 = PCURVE('',#7943,#7948);
#7943 = B_SPLINE_SURFACE_WITH_KNOTS('',1,1,(
    (#7944,#7945)
    ,(#7946,#7947
    )),.UNSPECIFIED.,.F.,.F.,.F.,(2,2),(2,2),(0.,1.268820632716),(0.,1.)
  ,.PIECEWISE_BEZIER_KNOTS.);
#7944 = CARTESIAN_POINT('',(-1.244440600039,3.004345374183,13.02));
#7945 = CARTESIAN_POINT('',(-0.671997924021,1.622346502059,14.22));
#7946 = CARTESIAN_POINT('',(-2.299426399605,2.299426399605,13.02));
#7947 = CARTESIAN_POINT('',(-1.241690255787,1.241690255787,14.22));
#7948 = DEFINITIONAL_REPRESENTATION('',(#7949),#7952);
#7949 = B_SPLINE_CURVE_WITH_KNOTS('',1,(#7950,#7951),.UNSPECIFIED.,.F.,
  .F.,(2,2),(0.,1.268820632716),.PIECEWISE_BEZIER_KNOTS.);
#7950 = CARTESIAN_POINT('',(0.,0.));
#7951 = CARTESIAN_POINT('',(1.268820632716,0.));
#7952 = ( GEOMETRIC_REPRESENTATION_CONTEXT(2) 
PARAMETRIC_REPRESENTATION_CONTEXT() REPRESENTATION_CONTEXT('2D SPACE',''
  ) );
#7953 = ORIENTED_EDGE('',*,*,#7855,.F.);
#7954 = ADVANCED_FACE('',(#7955),#7323,.T.);
#7955 = FACE_BOUND('',#7956,.T.);
#7956 = EDGE_LOOP('',(#7957,#7958,#7980,#8005));
#7957 = ORIENTED_EDGE('',*,*,#7307,.T.);
#7958 = ORIENTED_EDGE('',*,*,#7959,.T.);
#7959 = EDGE_CURVE('',#7308,#7960,#7962,.T.);
#7960 = VERTEX_POINT('',#7961);
#7961 = CARTESIAN_POINT('',(-3.004345374183,1.244440600039,13.02));
#7962 = SURFACE_CURVE('',#7963,(#7966,#7973),.PCURVE_S1.);
#7963 = B_SPLINE_CURVE_WITH_KNOTS('',1,(#7964,#7965),.UNSPECIFIED.,.F.,
  .F.,(2,2),(0.,1.),.PIECEWISE_BEZIER_KNOTS.);
#7964 = CARTESIAN_POINT('',(-0.420608352386,0.174221684006,11.3));
#7965 = CARTESIAN_POINT('',(-3.004345374183,1.244440600039,13.02));
#7966 = PCURVE('',#7323,#7967);
#7967 = DEFINITIONAL_REPRESENTATION('',(#7968),#7972);
#7968 = LINE('',#7969,#7970);
#7969 = CARTESIAN_POINT('',(1.268820632716,0.));
#7970 = VECTOR('',#7971,1.);
#7971 = DIRECTION('',(0.,1.));
#7972 = ( GEOMETRIC_REPRESENTATION_CONTEXT(2) 
PARAMETRIC_REPRESENTATION_CONTEXT() REPRESENTATION_CONTEXT('2D SPACE',''
  ) );
#7973 = PCURVE('',#7350,#7974);
#7974 = DEFINITIONAL_REPRESENTATION('',(#7975),#7979);
#7975 = LINE('',#7976,#7977);
#7976 = CARTESIAN_POINT('',(0.,0.));
#7977 = VECTOR('',#7978,1.);
#7978 = DIRECTION('',(0.,1.));
#7979 = ( GEOMETRIC_REPRESENTATION_CONTEXT(2) 
PARAMETRIC_REPRESENTATION_CONTEXT() REPRESENTATION_CONTEXT('2D SPACE',''
  ) );
#7980 = ORIENTED_EDGE('',*,*,#7981,.F.);
#7981 = EDGE_CURVE('',#7908,#7960,#7982,.T.);
#7982 = SURFACE_CURVE('',#7983,(#7987,#7994),.PCURVE_S1.);
#7983 = LINE('',#7984,#7985);
#7984 = CARTESIAN_POINT('',(-2.299426399605,2.299426399605,13.02));
#7985 = VECTOR('',#7986,1.);
#7986 = DIRECTION('',(-0.55557023302,-0.831469612303,0.));
#7987 = PCURVE('',#7323,#7988);
#7988 = DEFINITIONAL_REPRESENTATION('',(#7989),#7993);
#7989 = LINE('',#7990,#7991);
#7990 = CARTESIAN_POINT('',(0.,1.));
#7991 = VECTOR('',#7992,1.);
#7992 = DIRECTION('',(1.,0.));
#7993 = ( GEOMETRIC_REPRESENTATION_CONTEXT(2) 
PARAMETRIC_REPRESENTATION_CONTEXT() REPRESENTATION_CONTEXT('2D SPACE',''
  ) );
#7994 = PCURVE('',#7995,#8000);
#7995 = B_SPLINE_SURFACE_WITH_KNOTS('',1,1,(
    (#7996,#7997)
    ,(#7998,#7999
    )),.UNSPECIFIED.,.F.,.F.,.F.,(2,2),(2,2),(0.,1.268820632716),(0.,1.)
  ,.PIECEWISE_BEZIER_KNOTS.);
#7996 = CARTESIAN_POINT('',(-2.299426399605,2.299426399605,13.02));
#7997 = CARTESIAN_POINT('',(-1.241690255787,1.241690255787,14.22));
#7998 = CARTESIAN_POINT('',(-3.004345374183,1.244440600039,13.02));
#7999 = CARTESIAN_POINT('',(-1.622346502059,0.671997924021,14.22));
#8000 = DEFINITIONAL_REPRESENTATION('',(#8001),#8004);
#8001 = B_SPLINE_CURVE_WITH_KNOTS('',1,(#8002,#8003),.UNSPECIFIED.,.F.,
  .F.,(2,2),(0.,1.268820632716),.PIECEWISE_BEZIER_KNOTS.);
#8002 = CARTESIAN_POINT('',(0.,0.));
#8003 = CARTESIAN_POINT('',(1.268820632716,0.));
#8004 = ( GEOMETRIC_REPRESENTATION_CONTEXT(2) 
PARAMETRIC_REPRESENTATION_CONTEXT() REPRESENTATION_CONTEXT('2D SPACE',''
  ) );
#8005 = ORIENTED_EDGE('',*,*,#7907,.F.);
#8006 = ADVANCED_FACE('',(#8007),#7350,.T.);
#8007 = FACE_BOUND('',#8008,.T.);
#8008 = EDGE_LOOP('',(#8009,#8010,#8032,#8057));
#8009 = ORIENTED_EDGE('',*,*,#7334,.T.);
#8010 = ORIENTED_EDGE('',*,*,#8011,.T.);
#8011 = EDGE_CURVE('',#7335,#8012,#8014,.T.);
#8012 = VERTEX_POINT('',#8013);
#8013 = CARTESIAN_POINT('',(-3.25188,3.982404433211E-16,13.02));
#8014 = SURFACE_CURVE('',#8015,(#8018,#8025),.PCURVE_S1.);
#8015 = B_SPLINE_CURVE_WITH_KNOTS('',1,(#8016,#8017),.UNSPECIFIED.,.F.,
  .F.,(2,2),(0.,1.),.PIECEWISE_BEZIER_KNOTS.);
#8016 = CARTESIAN_POINT('',(-0.4552632,5.551115123126E-17,11.3));
#8017 = CARTESIAN_POINT('',(-3.25188,4.440892098501E-16,13.02));
#8018 = PCURVE('',#7350,#8019);
#8019 = DEFINITIONAL_REPRESENTATION('',(#8020),#8024);
#8020 = LINE('',#8021,#8022);
#8021 = CARTESIAN_POINT('',(1.268820632716,0.));
#8022 = VECTOR('',#8023,1.);
#8023 = DIRECTION('',(0.,1.));
#8024 = ( GEOMETRIC_REPRESENTATION_CONTEXT(2) 
PARAMETRIC_REPRESENTATION_CONTEXT() REPRESENTATION_CONTEXT('2D SPACE',''
  ) );
#8025 = PCURVE('',#7377,#8026);
#8026 = DEFINITIONAL_REPRESENTATION('',(#8027),#8031);
#8027 = LINE('',#8028,#8029);
#8028 = CARTESIAN_POINT('',(0.,0.));
#8029 = VECTOR('',#8030,1.);
#8030 = DIRECTION('',(0.,1.));
#8031 = ( GEOMETRIC_REPRESENTATION_CONTEXT(2) 
PARAMETRIC_REPRESENTATION_CONTEXT() REPRESENTATION_CONTEXT('2D SPACE',''
  ) );
#8032 = ORIENTED_EDGE('',*,*,#8033,.F.);
#8033 = EDGE_CURVE('',#7960,#8012,#8034,.T.);
#8034 = SURFACE_CURVE('',#8035,(#8039,#8046),.PCURVE_S1.);
#8035 = LINE('',#8036,#8037);
#8036 = CARTESIAN_POINT('',(-3.004345374183,1.244440600039,13.02));
#8037 = VECTOR('',#8038,1.);
#8038 = DIRECTION('',(-0.195090322016,-0.980785280403,0.));
#8039 = PCURVE('',#7350,#8040);
#8040 = DEFINITIONAL_REPRESENTATION('',(#8041),#8045);
#8041 = LINE('',#8042,#8043);
#8042 = CARTESIAN_POINT('',(0.,1.));
#8043 = VECTOR('',#8044,1.);
#8044 = DIRECTION('',(1.,0.));
#8045 = ( GEOMETRIC_REPRESENTATION_CONTEXT(2) 
PARAMETRIC_REPRESENTATION_CONTEXT() REPRESENTATION_CONTEXT('2D SPACE',''
  ) );
#8046 = PCURVE('',#8047,#8052);
#8047 = B_SPLINE_SURFACE_WITH_KNOTS('',1,1,(
    (#8048,#8049)
    ,(#8050,#8051
    )),.UNSPECIFIED.,.F.,.F.,.F.,(2,2),(2,2),(0.,1.268820632716),(0.,1.)
  ,.PIECEWISE_BEZIER_KNOTS.);
#8048 = CARTESIAN_POINT('',(-3.004345374183,1.244440600039,13.02));
#8049 = CARTESIAN_POINT('',(-1.622346502059,0.671997924021,14.22));
#8050 = CARTESIAN_POINT('',(-3.25188,4.440892098501E-16,13.02));
#8051 = CARTESIAN_POINT('',(-1.7560152,2.22044604925E-16,14.22));
#8052 = DEFINITIONAL_REPRESENTATION('',(#8053),#8056);
#8053 = B_SPLINE_CURVE_WITH_KNOTS('',1,(#8054,#8055),.UNSPECIFIED.,.F.,
  .F.,(2,2),(0.,1.268820632716),.PIECEWISE_BEZIER_KNOTS.);
#8054 = CARTESIAN_POINT('',(0.,0.));
#8055 = CARTESIAN_POINT('',(1.268820632716,0.));
#8056 = ( GEOMETRIC_REPRESENTATION_CONTEXT(2) 
PARAMETRIC_REPRESENTATION_CONTEXT() REPRESENTATION_CONTEXT('2D SPACE',''
  ) );
#8057 = ORIENTED_EDGE('',*,*,#7959,.F.);
#8058 = ADVANCED_FACE('',(#8059),#7377,.T.);
#8059 = FACE_BOUND('',#8060,.T.);
#8060 = EDGE_LOOP('',(#8061,#8062,#8084,#8109));
#8061 = ORIENTED_EDGE('',*,*,#7361,.T.);
#8062 = ORIENTED_EDGE('',*,*,#8063,.T.);
#8063 = EDGE_CURVE('',#7362,#8064,#8066,.T.);
#8064 = VERTEX_POINT('',#8065);
#8065 = CARTESIAN_POINT('',(-3.004345374183,-1.244440600039,13.02));
#8066 = SURFACE_CURVE('',#8067,(#8070,#8077),.PCURVE_S1.);
#8067 = B_SPLINE_CURVE_WITH_KNOTS('',1,(#8068,#8069),.UNSPECIFIED.,.F.,
  .F.,(2,2),(0.,1.),.PIECEWISE_BEZIER_KNOTS.);
#8068 = CARTESIAN_POINT('',(-0.420608352386,-0.174221684006,11.3));
#8069 = CARTESIAN_POINT('',(-3.004345374183,-1.244440600039,13.02));
#8070 = PCURVE('',#7377,#8071);
#8071 = DEFINITIONAL_REPRESENTATION('',(#8072),#8076);
#8072 = LINE('',#8073,#8074);
#8073 = CARTESIAN_POINT('',(1.268820632716,0.));
#8074 = VECTOR('',#8075,1.);
#8075 = DIRECTION('',(0.,1.));
#8076 = ( GEOMETRIC_REPRESENTATION_CONTEXT(2) 
PARAMETRIC_REPRESENTATION_CONTEXT() REPRESENTATION_CONTEXT('2D SPACE',''
  ) );
#8077 = PCURVE('',#7404,#8078);
#8078 = DEFINITIONAL_REPRESENTATION('',(#8079),#8083);
#8079 = LINE('',#8080,#8081);
#8080 = CARTESIAN_POINT('',(0.,0.));
#8081 = VECTOR('',#8082,1.);
#8082 = DIRECTION('',(0.,1.));
#8083 = ( GEOMETRIC_REPRESENTATION_CONTEXT(2) 
PARAMETRIC_REPRESENTATION_CONTEXT() REPRESENTATION_CONTEXT('2D SPACE',''
  ) );
#8084 = ORIENTED_EDGE('',*,*,#8085,.F.);
#8085 = EDGE_CURVE('',#8012,#8064,#8086,.T.);
#8086 = SURFACE_CURVE('',#8087,(#8091,#8098),.PCURVE_S1.);
#8087 = LINE('',#8088,#8089);
#8088 = CARTESIAN_POINT('',(-3.25188,3.982404433211E-16,13.02));
#8089 = VECTOR('',#8090,1.);
#8090 = DIRECTION('',(0.195090322016,-0.980785280403,0.));
#8091 = PCURVE('',#7377,#8092);
#8092 = DEFINITIONAL_REPRESENTATION('',(#8093),#8097);
#8093 = LINE('',#8094,#8095);
#8094 = CARTESIAN_POINT('',(0.,1.));
#8095 = VECTOR('',#8096,1.);
#8096 = DIRECTION('',(1.,0.));
#8097 = ( GEOMETRIC_REPRESENTATION_CONTEXT(2) 
PARAMETRIC_REPRESENTATION_CONTEXT() REPRESENTATION_CONTEXT('2D SPACE',''
  ) );
#8098 = PCURVE('',#8099,#8104);
#8099 = B_SPLINE_SURFACE_WITH_KNOTS('',1,1,(
    (#8100,#8101)
    ,(#8102,#8103
    )),.UNSPECIFIED.,.F.,.F.,.F.,(2,2),(2,2),(0.,1.268820632716),(0.,1.)
  ,.PIECEWISE_BEZIER_KNOTS.);
#8100 = CARTESIAN_POINT('',(-3.25188,3.982404433211E-16,13.02));
#8101 = CARTESIAN_POINT('',(-1.7560152,2.150498393934E-16,14.22));
#8102 = CARTESIAN_POINT('',(-3.004345374183,-1.244440600039,13.02));
#8103 = CARTESIAN_POINT('',(-1.622346502059,-0.671997924021,14.22));
#8104 = DEFINITIONAL_REPRESENTATION('',(#8105),#8108);
#8105 = B_SPLINE_CURVE_WITH_KNOTS('',1,(#8106,#8107),.UNSPECIFIED.,.F.,
  .F.,(2,2),(0.,1.268820632716),.PIECEWISE_BEZIER_KNOTS.);
#8106 = CARTESIAN_POINT('',(0.,0.));
#8107 = CARTESIAN_POINT('',(1.268820632716,0.));
#8108 = ( GEOMETRIC_REPRESENTATION_CONTEXT(2) 
PARAMETRIC_REPRESENTATION_CONTEXT() REPRESENTATION_CONTEXT('2D SPACE',''
  ) );
#8109 = ORIENTED_EDGE('',*,*,#8011,.F.);
#8110 = ADVANCED_FACE('',(#8111),#7404,.T.);
#8111 = FACE_BOUND('',#8112,.T.);
#8112 = EDGE_LOOP('',(#8113,#8114,#8136,#8161));
#8113 = ORIENTED_EDGE('',*,*,#7388,.T.);
#8114 = ORIENTED_EDGE('',*,*,#8115,.T.);
#8115 = EDGE_CURVE('',#7389,#8116,#8118,.T.);
#8116 = VERTEX_POINT('',#8117);
#8117 = CARTESIAN_POINT('',(-2.299426399605,-2.299426399605,13.02));
#8118 = SURFACE_CURVE('',#8119,(#8122,#8129),.PCURVE_S1.);
#8119 = B_SPLINE_CURVE_WITH_KNOTS('',1,(#8120,#8121),.UNSPECIFIED.,.F.,
  .F.,(2,2),(0.,1.),.PIECEWISE_BEZIER_KNOTS.);
#8120 = CARTESIAN_POINT('',(-0.321919695945,-0.321919695945,11.3));
#8121 = CARTESIAN_POINT('',(-2.299426399605,-2.299426399605,13.02));
#8122 = PCURVE('',#7404,#8123);
#8123 = DEFINITIONAL_REPRESENTATION('',(#8124),#8128);
#8124 = LINE('',#8125,#8126);
#8125 = CARTESIAN_POINT('',(1.268820632716,0.));
#8126 = VECTOR('',#8127,1.);
#8127 = DIRECTION('',(0.,1.));
#8128 = ( GEOMETRIC_REPRESENTATION_CONTEXT(2) 
PARAMETRIC_REPRESENTATION_CONTEXT() REPRESENTATION_CONTEXT('2D SPACE',''
  ) );
#8129 = PCURVE('',#7431,#8130);
#8130 = DEFINITIONAL_REPRESENTATION('',(#8131),#8135);
#8131 = LINE('',#8132,#8133);
#8132 = CARTESIAN_POINT('',(0.,0.));
#8133 = VECTOR('',#8134,1.);
#8134 = DIRECTION('',(0.,1.));
#8135 = ( GEOMETRIC_REPRESENTATION_CONTEXT(2) 
PARAMETRIC_REPRESENTATION_CONTEXT() REPRESENTATION_CONTEXT('2D SPACE',''
  ) );
#8136 = ORIENTED_EDGE('',*,*,#8137,.F.);
#8137 = EDGE_CURVE('',#8064,#8116,#8138,.T.);
#8138 = SURFACE_CURVE('',#8139,(#8143,#8150),.PCURVE_S1.);
#8139 = LINE('',#8140,#8141);
#8140 = CARTESIAN_POINT('',(-3.004345374183,-1.244440600039,13.02));
#8141 = VECTOR('',#8142,1.);
#8142 = DIRECTION('',(0.55557023302,-0.831469612303,0.));
#8143 = PCURVE('',#7404,#8144);
#8144 = DEFINITIONAL_REPRESENTATION('',(#8145),#8149);
#8145 = LINE('',#8146,#8147);
#8146 = CARTESIAN_POINT('',(0.,1.));
#8147 = VECTOR('',#8148,1.);
#8148 = DIRECTION('',(1.,0.));
#8149 = ( GEOMETRIC_REPRESENTATION_CONTEXT(2) 
PARAMETRIC_REPRESENTATION_CONTEXT() REPRESENTATION_CONTEXT('2D SPACE',''
  ) );
#8150 = PCURVE('',#8151,#8156);
#8151 = B_SPLINE_SURFACE_WITH_KNOTS('',1,1,(
    (#8152,#8153)
    ,(#8154,#8155
    )),.UNSPECIFIED.,.F.,.F.,.F.,(2,2),(2,2),(0.,1.268820632716),(0.,1.)
  ,.PIECEWISE_BEZIER_KNOTS.);
#8152 = CARTESIAN_POINT('',(-3.004345374183,-1.244440600039,13.02));
#8153 = CARTESIAN_POINT('',(-1.622346502059,-0.671997924021,14.22));
#8154 = CARTESIAN_POINT('',(-2.299426399605,-2.299426399605,13.02));
#8155 = CARTESIAN_POINT('',(-1.241690255787,-1.241690255787,14.22));
#8156 = DEFINITIONAL_REPRESENTATION('',(#8157),#8160);
#8157 = B_SPLINE_CURVE_WITH_KNOTS('',1,(#8158,#8159),.UNSPECIFIED.,.F.,
  .F.,(2,2),(0.,1.268820632716),.PIECEWISE_BEZIER_KNOTS.);
#8158 = CARTESIAN_POINT('',(0.,0.));
#8159 = CARTESIAN_POINT('',(1.268820632716,0.));
#8160 = ( GEOMETRIC_REPRESENTATION_CONTEXT(2) 
PARAMETRIC_REPRESENTATION_CONTEXT() REPRESENTATION_CONTEXT('2D SPACE',''
  ) );
#8161 = ORIENTED_EDGE('',*,*,#8063,.F.);
#8162 = ADVANCED_FACE('',(#8163),#7431,.T.);
#8163 = FACE_BOUND('',#8164,.T.);
#8164 = EDGE_LOOP('',(#8165,#8166,#8188,#8213));
#8165 = ORIENTED_EDGE('',*,*,#7415,.T.);
#8166 = ORIENTED_EDGE('',*,*,#8167,.T.);
#8167 = EDGE_CURVE('',#7416,#8168,#8170,.T.);
#8168 = VERTEX_POINT('',#8169);
#8169 = CARTESIAN_POINT('',(-1.244440600039,-3.004345374183,13.02));
#8170 = SURFACE_CURVE('',#8171,(#8174,#8181),.PCURVE_S1.);
#8171 = B_SPLINE_CURVE_WITH_KNOTS('',1,(#8172,#8173),.UNSPECIFIED.,.F.,
  .F.,(2,2),(0.,1.),.PIECEWISE_BEZIER_KNOTS.);
#8172 = CARTESIAN_POINT('',(-0.174221684006,-0.420608352386,11.3));
#8173 = CARTESIAN_POINT('',(-1.244440600039,-3.004345374183,13.02));
#8174 = PCURVE('',#7431,#8175);
#8175 = DEFINITIONAL_REPRESENTATION('',(#8176),#8180);
#8176 = LINE('',#8177,#8178);
#8177 = CARTESIAN_POINT('',(1.268820632716,0.));
#8178 = VECTOR('',#8179,1.);
#8179 = DIRECTION('',(0.,1.));
#8180 = ( GEOMETRIC_REPRESENTATION_CONTEXT(2) 
PARAMETRIC_REPRESENTATION_CONTEXT() REPRESENTATION_CONTEXT('2D SPACE',''
  ) );
#8181 = PCURVE('',#7458,#8182);
#8182 = DEFINITIONAL_REPRESENTATION('',(#8183),#8187);
#8183 = LINE('',#8184,#8185);
#8184 = CARTESIAN_POINT('',(0.,0.));
#8185 = VECTOR('',#8186,1.);
#8186 = DIRECTION('',(0.,1.));
#8187 = ( GEOMETRIC_REPRESENTATION_CONTEXT(2) 
PARAMETRIC_REPRESENTATION_CONTEXT() REPRESENTATION_CONTEXT('2D SPACE',''
  ) );
#8188 = ORIENTED_EDGE('',*,*,#8189,.F.);
#8189 = EDGE_CURVE('',#8116,#8168,#8190,.T.);
#8190 = SURFACE_CURVE('',#8191,(#8195,#8202),.PCURVE_S1.);
#8191 = LINE('',#8192,#8193);
#8192 = CARTESIAN_POINT('',(-2.299426399605,-2.299426399605,13.02));
#8193 = VECTOR('',#8194,1.);
#8194 = DIRECTION('',(0.831469612303,-0.55557023302,0.));
#8195 = PCURVE('',#7431,#8196);
#8196 = DEFINITIONAL_REPRESENTATION('',(#8197),#8201);
#8197 = LINE('',#8198,#8199);
#8198 = CARTESIAN_POINT('',(0.,1.));
#8199 = VECTOR('',#8200,1.);
#8200 = DIRECTION('',(1.,0.));
#8201 = ( GEOMETRIC_REPRESENTATION_CONTEXT(2) 
PARAMETRIC_REPRESENTATION_CONTEXT() REPRESENTATION_CONTEXT('2D SPACE',''
  ) );
#8202 = PCURVE('',#8203,#8208);
#8203 = B_SPLINE_SURFACE_WITH_KNOTS('',1,1,(
    (#8204,#8205)
    ,(#8206,#8207
    )),.UNSPECIFIED.,.F.,.F.,.F.,(2,2),(2,2),(0.,1.268820632716),(0.,1.)
  ,.PIECEWISE_BEZIER_KNOTS.);
#8204 = CARTESIAN_POINT('',(-2.299426399605,-2.299426399605,13.02));
#8205 = CARTESIAN_POINT('',(-1.241690255787,-1.241690255787,14.22));
#8206 = CARTESIAN_POINT('',(-1.244440600039,-3.004345374183,13.02));
#8207 = CARTESIAN_POINT('',(-0.671997924021,-1.622346502059,14.22));
#8208 = DEFINITIONAL_REPRESENTATION('',(#8209),#8212);
#8209 = B_SPLINE_CURVE_WITH_KNOTS('',1,(#8210,#8211),.UNSPECIFIED.,.F.,
  .F.,(2,2),(0.,1.268820632716),.PIECEWISE_BEZIER_KNOTS.);
#8210 = CARTESIAN_POINT('',(0.,0.));
#8211 = CARTESIAN_POINT('',(1.268820632716,0.));
#8212 = ( GEOMETRIC_REPRESENTATION_CONTEXT(2) 
PARAMETRIC_REPRESENTATION_CONTEXT() REPRESENTATION_CONTEXT('2D SPACE',''
  ) );
#8213 = ORIENTED_EDGE('',*,*,#8115,.F.);
#8214 = ADVANCED_FACE('',(#8215),#7458,.T.);
#8215 = FACE_BOUND('',#8216,.T.);
#8216 = EDGE_LOOP('',(#8217,#8218,#8240,#8265));
#8217 = ORIENTED_EDGE('',*,*,#7442,.T.);
#8218 = ORIENTED_EDGE('',*,*,#8219,.T.);
#8219 = EDGE_CURVE('',#7443,#8220,#8222,.T.);
#8220 = VERTEX_POINT('',#8221);
#8221 = CARTESIAN_POINT('',(-5.973606649817E-16,-3.25188,13.02));
#8222 = SURFACE_CURVE('',#8223,(#8226,#8233),.PCURVE_S1.);
#8223 = B_SPLINE_CURVE_WITH_KNOTS('',1,(#8224,#8225),.UNSPECIFIED.,.F.,
  .F.,(2,2),(0.,1.),.PIECEWISE_BEZIER_KNOTS.);
#8224 = CARTESIAN_POINT('',(-8.326672684689E-17,-0.4552632,11.3));
#8225 = CARTESIAN_POINT('',(-4.440892098501E-16,-3.25188,13.02));
#8226 = PCURVE('',#7458,#8227);
#8227 = DEFINITIONAL_REPRESENTATION('',(#8228),#8232);
#8228 = LINE('',#8229,#8230);
#8229 = CARTESIAN_POINT('',(1.268820632716,0.));
#8230 = VECTOR('',#8231,1.);
#8231 = DIRECTION('',(0.,1.));
#8232 = ( GEOMETRIC_REPRESENTATION_CONTEXT(2) 
PARAMETRIC_REPRESENTATION_CONTEXT() REPRESENTATION_CONTEXT('2D SPACE',''
  ) );
#8233 = PCURVE('',#7485,#8234);
#8234 = DEFINITIONAL_REPRESENTATION('',(#8235),#8239);
#8235 = LINE('',#8236,#8237);
#8236 = CARTESIAN_POINT('',(0.,0.));
#8237 = VECTOR('',#8238,1.);
#8238 = DIRECTION('',(0.,1.));
#8239 = ( GEOMETRIC_REPRESENTATION_CONTEXT(2) 
PARAMETRIC_REPRESENTATION_CONTEXT() REPRESENTATION_CONTEXT('2D SPACE',''
  ) );
#8240 = ORIENTED_EDGE('',*,*,#8241,.F.);
#8241 = EDGE_CURVE('',#8168,#8220,#8242,.T.);
#8242 = SURFACE_CURVE('',#8243,(#8247,#8254),.PCURVE_S1.);
#8243 = LINE('',#8244,#8245);
#8244 = CARTESIAN_POINT('',(-1.244440600039,-3.004345374183,13.02));
#8245 = VECTOR('',#8246,1.);
#8246 = DIRECTION('',(0.980785280403,-0.195090322016,0.));
#8247 = PCURVE('',#7458,#8248);
#8248 = DEFINITIONAL_REPRESENTATION('',(#8249),#8253);
#8249 = LINE('',#8250,#8251);
#8250 = CARTESIAN_POINT('',(0.,1.));
#8251 = VECTOR('',#8252,1.);
#8252 = DIRECTION('',(1.,0.));
#8253 = ( GEOMETRIC_REPRESENTATION_CONTEXT(2) 
PARAMETRIC_REPRESENTATION_CONTEXT() REPRESENTATION_CONTEXT('2D SPACE',''
  ) );
#8254 = PCURVE('',#8255,#8260);
#8255 = B_SPLINE_SURFACE_WITH_KNOTS('',1,1,(
    (#8256,#8257)
    ,(#8258,#8259
    )),.UNSPECIFIED.,.F.,.F.,.F.,(2,2),(2,2),(0.,1.268820632716),(0.,1.)
  ,.PIECEWISE_BEZIER_KNOTS.);
#8256 = CARTESIAN_POINT('',(-1.244440600039,-3.004345374183,13.02));
#8257 = CARTESIAN_POINT('',(-0.671997924021,-1.622346502059,14.22));
#8258 = CARTESIAN_POINT('',(-4.440892098501E-16,-3.25188,13.02));
#8259 = CARTESIAN_POINT('',(-3.330669073875E-16,-1.7560152,14.22));
#8260 = DEFINITIONAL_REPRESENTATION('',(#8261),#8264);
#8261 = B_SPLINE_CURVE_WITH_KNOTS('',1,(#8262,#8263),.UNSPECIFIED.,.F.,
  .F.,(2,2),(0.,1.268820632716),.PIECEWISE_BEZIER_KNOTS.);
#8262 = CARTESIAN_POINT('',(0.,0.));
#8263 = CARTESIAN_POINT('',(1.268820632716,0.));
#8264 = ( GEOMETRIC_REPRESENTATION_CONTEXT(2) 
PARAMETRIC_REPRESENTATION_CONTEXT() REPRESENTATION_CONTEXT('2D SPACE',''
  ) );
#8265 = ORIENTED_EDGE('',*,*,#8167,.F.);
#8266 = ADVANCED_FACE('',(#8267),#7485,.T.);
#8267 = FACE_BOUND('',#8268,.T.);
#8268 = EDGE_LOOP('',(#8269,#8270,#8292,#8317));
#8269 = ORIENTED_EDGE('',*,*,#7469,.T.);
#8270 = ORIENTED_EDGE('',*,*,#8271,.T.);
#8271 = EDGE_CURVE('',#7470,#8272,#8274,.T.);
#8272 = VERTEX_POINT('',#8273);
#8273 = CARTESIAN_POINT('',(1.244440600039,-3.004345374183,13.02));
#8274 = SURFACE_CURVE('',#8275,(#8278,#8285),.PCURVE_S1.);
#8275 = B_SPLINE_CURVE_WITH_KNOTS('',1,(#8276,#8277),.UNSPECIFIED.,.F.,
  .F.,(2,2),(0.,1.),.PIECEWISE_BEZIER_KNOTS.);
#8276 = CARTESIAN_POINT('',(0.174221684006,-0.420608352386,11.3));
#8277 = CARTESIAN_POINT('',(1.244440600039,-3.004345374183,13.02));
#8278 = PCURVE('',#7485,#8279);
#8279 = DEFINITIONAL_REPRESENTATION('',(#8280),#8284);
#8280 = LINE('',#8281,#8282);
#8281 = CARTESIAN_POINT('',(1.268820632716,0.));
#8282 = VECTOR('',#8283,1.);
#8283 = DIRECTION('',(0.,1.));
#8284 = ( GEOMETRIC_REPRESENTATION_CONTEXT(2) 
PARAMETRIC_REPRESENTATION_CONTEXT() REPRESENTATION_CONTEXT('2D SPACE',''
  ) );
#8285 = PCURVE('',#7512,#8286);
#8286 = DEFINITIONAL_REPRESENTATION('',(#8287),#8291);
#8287 = LINE('',#8288,#8289);
#8288 = CARTESIAN_POINT('',(0.,0.));
#8289 = VECTOR('',#8290,1.);
#8290 = DIRECTION('',(0.,1.));
#8291 = ( GEOMETRIC_REPRESENTATION_CONTEXT(2) 
PARAMETRIC_REPRESENTATION_CONTEXT() REPRESENTATION_CONTEXT('2D SPACE',''
  ) );
#8292 = ORIENTED_EDGE('',*,*,#8293,.F.);
#8293 = EDGE_CURVE('',#8220,#8272,#8294,.T.);
#8294 = SURFACE_CURVE('',#8295,(#8299,#8306),.PCURVE_S1.);
#8295 = LINE('',#8296,#8297);
#8296 = CARTESIAN_POINT('',(-5.973606649817E-16,-3.25188,13.02));
#8297 = VECTOR('',#8298,1.);
#8298 = DIRECTION('',(0.980785280403,0.195090322016,0.));
#8299 = PCURVE('',#7485,#8300);
#8300 = DEFINITIONAL_REPRESENTATION('',(#8301),#8305);
#8301 = LINE('',#8302,#8303);
#8302 = CARTESIAN_POINT('',(0.,1.));
#8303 = VECTOR('',#8304,1.);
#8304 = DIRECTION('',(1.,0.));
#8305 = ( GEOMETRIC_REPRESENTATION_CONTEXT(2) 
PARAMETRIC_REPRESENTATION_CONTEXT() REPRESENTATION_CONTEXT('2D SPACE',''
  ) );
#8306 = PCURVE('',#8307,#8312);
#8307 = B_SPLINE_SURFACE_WITH_KNOTS('',1,1,(
    (#8308,#8309)
    ,(#8310,#8311
    )),.UNSPECIFIED.,.F.,.F.,.F.,(2,2),(2,2),(0.,1.268820632716),(0.,1.)
  ,.PIECEWISE_BEZIER_KNOTS.);
#8308 = CARTESIAN_POINT('',(-5.973606649817E-16,-3.25188,13.02));
#8309 = CARTESIAN_POINT('',(-3.225747590901E-16,-1.7560152,14.22));
#8310 = CARTESIAN_POINT('',(1.244440600039,-3.004345374183,13.02));
#8311 = CARTESIAN_POINT('',(0.671997924021,-1.622346502059,14.22));
#8312 = DEFINITIONAL_REPRESENTATION('',(#8313),#8316);
#8313 = B_SPLINE_CURVE_WITH_KNOTS('',1,(#8314,#8315),.UNSPECIFIED.,.F.,
  .F.,(2,2),(0.,1.268820632716),.PIECEWISE_BEZIER_KNOTS.);
#8314 = CARTESIAN_POINT('',(0.,0.));
#8315 = CARTESIAN_POINT('',(1.268820632716,0.));
#8316 = ( GEOMETRIC_REPRESENTATION_CONTEXT(2) 
PARAMETRIC_REPRESENTATION_CONTEXT() REPRESENTATION_CONTEXT('2D SPACE',''
  ) );
#8317 = ORIENTED_EDGE('',*,*,#8219,.F.);
#8318 = ADVANCED_FACE('',(#8319),#7512,.T.);
#8319 = FACE_BOUND('',#8320,.T.);
#8320 = EDGE_LOOP('',(#8321,#8322,#8344,#8369));
#8321 = ORIENTED_EDGE('',*,*,#7496,.T.);
#8322 = ORIENTED_EDGE('',*,*,#8323,.T.);
#8323 = EDGE_CURVE('',#7497,#8324,#8326,.T.);
#8324 = VERTEX_POINT('',#8325);
#8325 = CARTESIAN_POINT('',(2.299426399605,-2.299426399605,13.02));
#8326 = SURFACE_CURVE('',#8327,(#8330,#8337),.PCURVE_S1.);
#8327 = B_SPLINE_CURVE_WITH_KNOTS('',1,(#8328,#8329),.UNSPECIFIED.,.F.,
  .F.,(2,2),(0.,1.),.PIECEWISE_BEZIER_KNOTS.);
#8328 = CARTESIAN_POINT('',(0.321919695945,-0.321919695945,11.3));
#8329 = CARTESIAN_POINT('',(2.299426399605,-2.299426399605,13.02));
#8330 = PCURVE('',#7512,#8331);
#8331 = DEFINITIONAL_REPRESENTATION('',(#8332),#8336);
#8332 = LINE('',#8333,#8334);
#8333 = CARTESIAN_POINT('',(1.268820632716,0.));
#8334 = VECTOR('',#8335,1.);
#8335 = DIRECTION('',(0.,1.));
#8336 = ( GEOMETRIC_REPRESENTATION_CONTEXT(2) 
PARAMETRIC_REPRESENTATION_CONTEXT() REPRESENTATION_CONTEXT('2D SPACE',''
  ) );
#8337 = PCURVE('',#7539,#8338);
#8338 = DEFINITIONAL_REPRESENTATION('',(#8339),#8343);
#8339 = LINE('',#8340,#8341);
#8340 = CARTESIAN_POINT('',(0.,0.));
#8341 = VECTOR('',#8342,1.);
#8342 = DIRECTION('',(0.,1.));
#8343 = ( GEOMETRIC_REPRESENTATION_CONTEXT(2) 
PARAMETRIC_REPRESENTATION_CONTEXT() REPRESENTATION_CONTEXT('2D SPACE',''
  ) );
#8344 = ORIENTED_EDGE('',*,*,#8345,.F.);
#8345 = EDGE_CURVE('',#8272,#8324,#8346,.T.);
#8346 = SURFACE_CURVE('',#8347,(#8351,#8358),.PCURVE_S1.);
#8347 = LINE('',#8348,#8349);
#8348 = CARTESIAN_POINT('',(1.244440600039,-3.004345374183,13.02));
#8349 = VECTOR('',#8350,1.);
#8350 = DIRECTION('',(0.831469612303,0.55557023302,0.));
#8351 = PCURVE('',#7512,#8352);
#8352 = DEFINITIONAL_REPRESENTATION('',(#8353),#8357);
#8353 = LINE('',#8354,#8355);
#8354 = CARTESIAN_POINT('',(0.,1.));
#8355 = VECTOR('',#8356,1.);
#8356 = DIRECTION('',(1.,0.));
#8357 = ( GEOMETRIC_REPRESENTATION_CONTEXT(2) 
PARAMETRIC_REPRESENTATION_CONTEXT() REPRESENTATION_CONTEXT('2D SPACE',''
  ) );
#8358 = PCURVE('',#8359,#8364);
#8359 = B_SPLINE_SURFACE_WITH_KNOTS('',1,1,(
    (#8360,#8361)
    ,(#8362,#8363
    )),.UNSPECIFIED.,.F.,.F.,.F.,(2,2),(2,2),(0.,1.268820632716),(0.,1.)
  ,.PIECEWISE_BEZIER_KNOTS.);
#8360 = CARTESIAN_POINT('',(1.244440600039,-3.004345374183,13.02));
#8361 = CARTESIAN_POINT('',(0.671997924021,-1.622346502059,14.22));
#8362 = CARTESIAN_POINT('',(2.299426399605,-2.299426399605,13.02));
#8363 = CARTESIAN_POINT('',(1.241690255787,-1.241690255787,14.22));
#8364 = DEFINITIONAL_REPRESENTATION('',(#8365),#8368);
#8365 = B_SPLINE_CURVE_WITH_KNOTS('',1,(#8366,#8367),.UNSPECIFIED.,.F.,
  .F.,(2,2),(0.,1.268820632716),.PIECEWISE_BEZIER_KNOTS.);
#8366 = CARTESIAN_POINT('',(0.,0.));
#8367 = CARTESIAN_POINT('',(1.268820632716,0.));
#8368 = ( GEOMETRIC_REPRESENTATION_CONTEXT(2) 
PARAMETRIC_REPRESENTATION_CONTEXT() REPRESENTATION_CONTEXT('2D SPACE',''
  ) );
#8369 = ORIENTED_EDGE('',*,*,#8271,.F.);
#8370 = ADVANCED_FACE('',(#8371),#7539,.T.);
#8371 = FACE_BOUND('',#8372,.T.);
#8372 = EDGE_LOOP('',(#8373,#8374,#8375,#8400));
#8373 = ORIENTED_EDGE('',*,*,#7523,.T.);
#8374 = ORIENTED_EDGE('',*,*,#7727,.T.);
#8375 = ORIENTED_EDGE('',*,*,#8376,.F.);
#8376 = EDGE_CURVE('',#8324,#7706,#8377,.T.);
#8377 = SURFACE_CURVE('',#8378,(#8382,#8389),.PCURVE_S1.);
#8378 = LINE('',#8379,#8380);
#8379 = CARTESIAN_POINT('',(2.299426399605,-2.299426399605,13.02));
#8380 = VECTOR('',#8381,1.);
#8381 = DIRECTION('',(0.55557023302,0.831469612303,0.));
#8382 = PCURVE('',#7539,#8383);
#8383 = DEFINITIONAL_REPRESENTATION('',(#8384),#8388);
#8384 = LINE('',#8385,#8386);
#8385 = CARTESIAN_POINT('',(0.,1.));
#8386 = VECTOR('',#8387,1.);
#8387 = DIRECTION('',(1.,0.));
#8388 = ( GEOMETRIC_REPRESENTATION_CONTEXT(2) 
PARAMETRIC_REPRESENTATION_CONTEXT() REPRESENTATION_CONTEXT('2D SPACE',''
  ) );
#8389 = PCURVE('',#8390,#8395);
#8390 = B_SPLINE_SURFACE_WITH_KNOTS('',1,1,(
    (#8391,#8392)
    ,(#8393,#8394
    )),.UNSPECIFIED.,.F.,.F.,.F.,(2,2),(2,2),(0.,1.268820632716),(0.,1.)
  ,.PIECEWISE_BEZIER_KNOTS.);
#8391 = CARTESIAN_POINT('',(2.299426399605,-2.299426399605,13.02));
#8392 = CARTESIAN_POINT('',(1.241690255787,-1.241690255787,14.22));
#8393 = CARTESIAN_POINT('',(3.004345374183,-1.244440600039,13.02));
#8394 = CARTESIAN_POINT('',(1.622346502059,-0.671997924021,14.22));
#8395 = DEFINITIONAL_REPRESENTATION('',(#8396),#8399);
#8396 = B_SPLINE_CURVE_WITH_KNOTS('',1,(#8397,#8398),.UNSPECIFIED.,.F.,
  .F.,(2,2),(0.,1.268820632716),.PIECEWISE_BEZIER_KNOTS.);
#8397 = CARTESIAN_POINT('',(0.,0.));
#8398 = CARTESIAN_POINT('',(1.268820632716,0.));
#8399 = ( GEOMETRIC_REPRESENTATION_CONTEXT(2) 
PARAMETRIC_REPRESENTATION_CONTEXT() REPRESENTATION_CONTEXT('2D SPACE',''
  ) );
#8400 = ORIENTED_EDGE('',*,*,#8323,.F.);
#8401 = ADVANCED_FACE('',(#8402),#7610,.T.);
#8402 = FACE_BOUND('',#8403,.T.);
#8403 = EDGE_LOOP('',(#8404,#8405,#8427,#8447));
#8404 = ORIENTED_EDGE('',*,*,#7596,.T.);
#8405 = ORIENTED_EDGE('',*,*,#8406,.T.);
#8406 = EDGE_CURVE('',#7575,#8407,#8409,.T.);
#8407 = VERTEX_POINT('',#8408);
#8408 = CARTESIAN_POINT('',(1.241690255787,1.241690255787,14.22));
#8409 = SURFACE_CURVE('',#8410,(#8413,#8420),.PCURVE_S1.);
#8410 = B_SPLINE_CURVE_WITH_KNOTS('',1,(#8411,#8412),.UNSPECIFIED.,.F.,
  .F.,(2,2),(0.,1.),.PIECEWISE_BEZIER_KNOTS.);
#8411 = CARTESIAN_POINT('',(2.299426399605,2.299426399605,13.02));
#8412 = CARTESIAN_POINT('',(1.241690255787,1.241690255787,14.22));
#8413 = PCURVE('',#7610,#8414);
#8414 = DEFINITIONAL_REPRESENTATION('',(#8415),#8419);
#8415 = LINE('',#8416,#8417);
#8416 = CARTESIAN_POINT('',(1.268820632716,0.));
#8417 = VECTOR('',#8418,1.);
#8418 = DIRECTION('',(0.,1.));
#8419 = ( GEOMETRIC_REPRESENTATION_CONTEXT(2) 
PARAMETRIC_REPRESENTATION_CONTEXT() REPRESENTATION_CONTEXT('2D SPACE',''
  ) );
#8420 = PCURVE('',#7787,#8421);
#8421 = DEFINITIONAL_REPRESENTATION('',(#8422),#8426);
#8422 = LINE('',#8423,#8424);
#8423 = CARTESIAN_POINT('',(0.,0.));
#8424 = VECTOR('',#8425,1.);
#8425 = DIRECTION('',(0.,1.));
#8426 = ( GEOMETRIC_REPRESENTATION_CONTEXT(2) 
PARAMETRIC_REPRESENTATION_CONTEXT() REPRESENTATION_CONTEXT('2D SPACE',''
  ) );
#8427 = ORIENTED_EDGE('',*,*,#8428,.F.);
#8428 = EDGE_CURVE('',#7627,#8407,#8429,.T.);
#8429 = SURFACE_CURVE('',#8430,(#8434,#8440),.PCURVE_S1.);
#8430 = LINE('',#8431,#8432);
#8431 = CARTESIAN_POINT('',(1.622346502059,0.671997924021,14.22));
#8432 = VECTOR('',#8433,1.);
#8433 = DIRECTION('',(-0.55557023302,0.831469612303,0.));
#8434 = PCURVE('',#7610,#8435);
#8435 = DEFINITIONAL_REPRESENTATION('',(#8436),#8439);
#8436 = B_SPLINE_CURVE_WITH_KNOTS('',1,(#8437,#8438),.UNSPECIFIED.,.F.,
  .F.,(2,2),(0.,0.685163141666),.PIECEWISE_BEZIER_KNOTS.);
#8437 = CARTESIAN_POINT('',(0.,1.));
#8438 = CARTESIAN_POINT('',(1.268820632716,1.));
#8439 = ( GEOMETRIC_REPRESENTATION_CONTEXT(2) 
PARAMETRIC_REPRESENTATION_CONTEXT() REPRESENTATION_CONTEXT('2D SPACE',''
  ) );
#8440 = PCURVE('',#7663,#8441);
#8441 = DEFINITIONAL_REPRESENTATION('',(#8442),#8446);
#8442 = LINE('',#8443,#8444);
#8443 = CARTESIAN_POINT('',(0.133668697941,0.671997924021));
#8444 = VECTOR('',#8445,1.);
#8445 = DIRECTION('',(0.55557023302,0.831469612303));
#8446 = ( GEOMETRIC_REPRESENTATION_CONTEXT(2) 
PARAMETRIC_REPRESENTATION_CONTEXT() REPRESENTATION_CONTEXT('2D SPACE',''
  ) );
#8447 = ORIENTED_EDGE('',*,*,#7626,.F.);
#8448 = ADVANCED_FACE('',(#8449),#7663,.F.);
#8449 = FACE_BOUND('',#8450,.T.);
#8450 = EDGE_LOOP('',(#8451,#8452,#8453,#8475,#8497,#8519,#8541,#8563,
    #8585,#8607,#8629,#8651,#8673,#8695,#8717,#8739));
#8451 = ORIENTED_EDGE('',*,*,#7648,.T.);
#8452 = ORIENTED_EDGE('',*,*,#8428,.T.);
#8453 = ORIENTED_EDGE('',*,*,#8454,.T.);
#8454 = EDGE_CURVE('',#8407,#8455,#8457,.T.);
#8455 = VERTEX_POINT('',#8456);
#8456 = CARTESIAN_POINT('',(0.671997924021,1.622346502059,14.22));
#8457 = SURFACE_CURVE('',#8458,(#8462,#8469),.PCURVE_S1.);
#8458 = LINE('',#8459,#8460);
#8459 = CARTESIAN_POINT('',(1.241690255787,1.241690255787,14.22));
#8460 = VECTOR('',#8461,1.);
#8461 = DIRECTION('',(-0.831469612303,0.55557023302,0.));
#8462 = PCURVE('',#7663,#8463);
#8463 = DEFINITIONAL_REPRESENTATION('',(#8464),#8468);
#8464 = LINE('',#8465,#8466);
#8465 = CARTESIAN_POINT('',(0.514324944213,1.241690255787));
#8466 = VECTOR('',#8467,1.);
#8467 = DIRECTION('',(0.831469612303,0.55557023302));
#8468 = ( GEOMETRIC_REPRESENTATION_CONTEXT(2) 
PARAMETRIC_REPRESENTATION_CONTEXT() REPRESENTATION_CONTEXT('2D SPACE',''
  ) );
#8469 = PCURVE('',#7787,#8470);
#8470 = DEFINITIONAL_REPRESENTATION('',(#8471),#8474);
#8471 = B_SPLINE_CURVE_WITH_KNOTS('',1,(#8472,#8473),.UNSPECIFIED.,.F.,
  .F.,(2,2),(0.,0.685163141666),.PIECEWISE_BEZIER_KNOTS.);
#8472 = CARTESIAN_POINT('',(0.,1.));
#8473 = CARTESIAN_POINT('',(1.268820632716,1.));
#8474 = ( GEOMETRIC_REPRESENTATION_CONTEXT(2) 
PARAMETRIC_REPRESENTATION_CONTEXT() REPRESENTATION_CONTEXT('2D SPACE',''
  ) );
#8475 = ORIENTED_EDGE('',*,*,#8476,.T.);
#8476 = EDGE_CURVE('',#8455,#8477,#8479,.T.);
#8477 = VERTEX_POINT('',#8478);
#8478 = CARTESIAN_POINT('',(1.075249196967E-16,1.7560152,14.22));
#8479 = SURFACE_CURVE('',#8480,(#8484,#8491),.PCURVE_S1.);
#8480 = LINE('',#8481,#8482);
#8481 = CARTESIAN_POINT('',(0.671997924021,1.622346502059,14.22));
#8482 = VECTOR('',#8483,1.);
#8483 = DIRECTION('',(-0.980785280403,0.195090322016,0.));
#8484 = PCURVE('',#7663,#8485);
#8485 = DEFINITIONAL_REPRESENTATION('',(#8486),#8490);
#8486 = LINE('',#8487,#8488);
#8487 = CARTESIAN_POINT('',(1.084017275979,1.622346502059));
#8488 = VECTOR('',#8489,1.);
#8489 = DIRECTION('',(0.980785280403,0.195090322016));
#8490 = ( GEOMETRIC_REPRESENTATION_CONTEXT(2) 
PARAMETRIC_REPRESENTATION_CONTEXT() REPRESENTATION_CONTEXT('2D SPACE',''
  ) );
#8491 = PCURVE('',#7839,#8492);
#8492 = DEFINITIONAL_REPRESENTATION('',(#8493),#8496);
#8493 = B_SPLINE_CURVE_WITH_KNOTS('',1,(#8494,#8495),.UNSPECIFIED.,.F.,
  .F.,(2,2),(0.,0.685163141666),.PIECEWISE_BEZIER_KNOTS.);
#8494 = CARTESIAN_POINT('',(0.,1.));
#8495 = CARTESIAN_POINT('',(1.268820632716,1.));
#8496 = ( GEOMETRIC_REPRESENTATION_CONTEXT(2) 
PARAMETRIC_REPRESENTATION_CONTEXT() REPRESENTATION_CONTEXT('2D SPACE',''
  ) );
#8497 = ORIENTED_EDGE('',*,*,#8498,.T.);
#8498 = EDGE_CURVE('',#8477,#8499,#8501,.T.);
#8499 = VERTEX_POINT('',#8500);
#8500 = CARTESIAN_POINT('',(-0.671997924021,1.622346502059,14.22));
#8501 = SURFACE_CURVE('',#8502,(#8506,#8513),.PCURVE_S1.);
#8502 = LINE('',#8503,#8504);
#8503 = CARTESIAN_POINT('',(1.075249196967E-16,1.7560152,14.22));
#8504 = VECTOR('',#8505,1.);
#8505 = DIRECTION('',(-0.980785280403,-0.195090322016,0.));
#8506 = PCURVE('',#7663,#8507);
#8507 = DEFINITIONAL_REPRESENTATION('',(#8508),#8512);
#8508 = LINE('',#8509,#8510);
#8509 = CARTESIAN_POINT('',(1.7560152,1.7560152));
#8510 = VECTOR('',#8511,1.);
#8511 = DIRECTION('',(0.980785280403,-0.195090322016));
#8512 = ( GEOMETRIC_REPRESENTATION_CONTEXT(2) 
PARAMETRIC_REPRESENTATION_CONTEXT() REPRESENTATION_CONTEXT('2D SPACE',''
  ) );
#8513 = PCURVE('',#7891,#8514);
#8514 = DEFINITIONAL_REPRESENTATION('',(#8515),#8518);
#8515 = B_SPLINE_CURVE_WITH_KNOTS('',1,(#8516,#8517),.UNSPECIFIED.,.F.,
  .F.,(2,2),(0.,0.685163141666),.PIECEWISE_BEZIER_KNOTS.);
#8516 = CARTESIAN_POINT('',(0.,1.));
#8517 = CARTESIAN_POINT('',(1.268820632716,1.));
#8518 = ( GEOMETRIC_REPRESENTATION_CONTEXT(2) 
PARAMETRIC_REPRESENTATION_CONTEXT() REPRESENTATION_CONTEXT('2D SPACE',''
  ) );
#8519 = ORIENTED_EDGE('',*,*,#8520,.T.);
#8520 = EDGE_CURVE('',#8499,#8521,#8523,.T.);
#8521 = VERTEX_POINT('',#8522);
#8522 = CARTESIAN_POINT('',(-1.241690255787,1.241690255787,14.22));
#8523 = SURFACE_CURVE('',#8524,(#8528,#8535),.PCURVE_S1.);
#8524 = LINE('',#8525,#8526);
#8525 = CARTESIAN_POINT('',(-0.671997924021,1.622346502059,14.22));
#8526 = VECTOR('',#8527,1.);
#8527 = DIRECTION('',(-0.831469612303,-0.55557023302,0.));
#8528 = PCURVE('',#7663,#8529);
#8529 = DEFINITIONAL_REPRESENTATION('',(#8530),#8534);
#8530 = LINE('',#8531,#8532);
#8531 = CARTESIAN_POINT('',(2.428013124021,1.622346502059));
#8532 = VECTOR('',#8533,1.);
#8533 = DIRECTION('',(0.831469612303,-0.55557023302));
#8534 = ( GEOMETRIC_REPRESENTATION_CONTEXT(2) 
PARAMETRIC_REPRESENTATION_CONTEXT() REPRESENTATION_CONTEXT('2D SPACE',''
  ) );
#8535 = PCURVE('',#7943,#8536);
#8536 = DEFINITIONAL_REPRESENTATION('',(#8537),#8540);
#8537 = B_SPLINE_CURVE_WITH_KNOTS('',1,(#8538,#8539),.UNSPECIFIED.,.F.,
  .F.,(2,2),(0.,0.685163141666),.PIECEWISE_BEZIER_KNOTS.);
#8538 = CARTESIAN_POINT('',(0.,1.));
#8539 = CARTESIAN_POINT('',(1.268820632716,1.));
#8540 = ( GEOMETRIC_REPRESENTATION_CONTEXT(2) 
PARAMETRIC_REPRESENTATION_CONTEXT() REPRESENTATION_CONTEXT('2D SPACE',''
  ) );
#8541 = ORIENTED_EDGE('',*,*,#8542,.T.);
#8542 = EDGE_CURVE('',#8521,#8543,#8545,.T.);
#8543 = VERTEX_POINT('',#8544);
#8544 = CARTESIAN_POINT('',(-1.622346502059,0.671997924021,14.22));
#8545 = SURFACE_CURVE('',#8546,(#8550,#8557),.PCURVE_S1.);
#8546 = LINE('',#8547,#8548);
#8547 = CARTESIAN_POINT('',(-1.241690255787,1.241690255787,14.22));
#8548 = VECTOR('',#8549,1.);
#8549 = DIRECTION('',(-0.55557023302,-0.831469612303,0.));
#8550 = PCURVE('',#7663,#8551);
#8551 = DEFINITIONAL_REPRESENTATION('',(#8552),#8556);
#8552 = LINE('',#8553,#8554);
#8553 = CARTESIAN_POINT('',(2.997705455787,1.241690255787));
#8554 = VECTOR('',#8555,1.);
#8555 = DIRECTION('',(0.55557023302,-0.831469612303));
#8556 = ( GEOMETRIC_REPRESENTATION_CONTEXT(2) 
PARAMETRIC_REPRESENTATION_CONTEXT() REPRESENTATION_CONTEXT('2D SPACE',''
  ) );
#8557 = PCURVE('',#7995,#8558);
#8558 = DEFINITIONAL_REPRESENTATION('',(#8559),#8562);
#8559 = B_SPLINE_CURVE_WITH_KNOTS('',1,(#8560,#8561),.UNSPECIFIED.,.F.,
  .F.,(2,2),(0.,0.685163141666),.PIECEWISE_BEZIER_KNOTS.);
#8560 = CARTESIAN_POINT('',(0.,1.));
#8561 = CARTESIAN_POINT('',(1.268820632716,1.));
#8562 = ( GEOMETRIC_REPRESENTATION_CONTEXT(2) 
PARAMETRIC_REPRESENTATION_CONTEXT() REPRESENTATION_CONTEXT('2D SPACE',''
  ) );
#8563 = ORIENTED_EDGE('',*,*,#8564,.T.);
#8564 = EDGE_CURVE('',#8543,#8565,#8567,.T.);
#8565 = VERTEX_POINT('',#8566);
#8566 = CARTESIAN_POINT('',(-1.7560152,2.150498393934E-16,14.22));
#8567 = SURFACE_CURVE('',#8568,(#8572,#8579),.PCURVE_S1.);
#8568 = LINE('',#8569,#8570);
#8569 = CARTESIAN_POINT('',(-1.622346502059,0.671997924021,14.22));
#8570 = VECTOR('',#8571,1.);
#8571 = DIRECTION('',(-0.195090322016,-0.980785280403,0.));
#8572 = PCURVE('',#7663,#8573);
#8573 = DEFINITIONAL_REPRESENTATION('',(#8574),#8578);
#8574 = LINE('',#8575,#8576);
#8575 = CARTESIAN_POINT('',(3.378361702059,0.671997924021));
#8576 = VECTOR('',#8577,1.);
#8577 = DIRECTION('',(0.195090322016,-0.980785280403));
#8578 = ( GEOMETRIC_REPRESENTATION_CONTEXT(2) 
PARAMETRIC_REPRESENTATION_CONTEXT() REPRESENTATION_CONTEXT('2D SPACE',''
  ) );
#8579 = PCURVE('',#8047,#8580);
#8580 = DEFINITIONAL_REPRESENTATION('',(#8581),#8584);
#8581 = B_SPLINE_CURVE_WITH_KNOTS('',1,(#8582,#8583),.UNSPECIFIED.,.F.,
  .F.,(2,2),(0.,0.685163141666),.PIECEWISE_BEZIER_KNOTS.);
#8582 = CARTESIAN_POINT('',(0.,1.));
#8583 = CARTESIAN_POINT('',(1.268820632716,1.));
#8584 = ( GEOMETRIC_REPRESENTATION_CONTEXT(2) 
PARAMETRIC_REPRESENTATION_CONTEXT() REPRESENTATION_CONTEXT('2D SPACE',''
  ) );
#8585 = ORIENTED_EDGE('',*,*,#8586,.T.);
#8586 = EDGE_CURVE('',#8565,#8587,#8589,.T.);
#8587 = VERTEX_POINT('',#8588);
#8588 = CARTESIAN_POINT('',(-1.622346502059,-0.671997924021,14.22));
#8589 = SURFACE_CURVE('',#8590,(#8594,#8601),.PCURVE_S1.);
#8590 = LINE('',#8591,#8592);
#8591 = CARTESIAN_POINT('',(-1.7560152,2.150498393934E-16,14.22));
#8592 = VECTOR('',#8593,1.);
#8593 = DIRECTION('',(0.195090322016,-0.980785280403,0.));
#8594 = PCURVE('',#7663,#8595);
#8595 = DEFINITIONAL_REPRESENTATION('',(#8596),#8600);
#8596 = LINE('',#8597,#8598);
#8597 = CARTESIAN_POINT('',(3.5120304,-6.994765531623E-18));
#8598 = VECTOR('',#8599,1.);
#8599 = DIRECTION('',(-0.195090322016,-0.980785280403));
#8600 = ( GEOMETRIC_REPRESENTATION_CONTEXT(2) 
PARAMETRIC_REPRESENTATION_CONTEXT() REPRESENTATION_CONTEXT('2D SPACE',''
  ) );
#8601 = PCURVE('',#8099,#8602);
#8602 = DEFINITIONAL_REPRESENTATION('',(#8603),#8606);
#8603 = B_SPLINE_CURVE_WITH_KNOTS('',1,(#8604,#8605),.UNSPECIFIED.,.F.,
  .F.,(2,2),(0.,0.685163141666),.PIECEWISE_BEZIER_KNOTS.);
#8604 = CARTESIAN_POINT('',(0.,1.));
#8605 = CARTESIAN_POINT('',(1.268820632716,1.));
#8606 = ( GEOMETRIC_REPRESENTATION_CONTEXT(2) 
PARAMETRIC_REPRESENTATION_CONTEXT() REPRESENTATION_CONTEXT('2D SPACE',''
  ) );
#8607 = ORIENTED_EDGE('',*,*,#8608,.T.);
#8608 = EDGE_CURVE('',#8587,#8609,#8611,.T.);
#8609 = VERTEX_POINT('',#8610);
#8610 = CARTESIAN_POINT('',(-1.241690255787,-1.241690255787,14.22));
#8611 = SURFACE_CURVE('',#8612,(#8616,#8623),.PCURVE_S1.);
#8612 = LINE('',#8613,#8614);
#8613 = CARTESIAN_POINT('',(-1.622346502059,-0.671997924021,14.22));
#8614 = VECTOR('',#8615,1.);
#8615 = DIRECTION('',(0.55557023302,-0.831469612303,0.));
#8616 = PCURVE('',#7663,#8617);
#8617 = DEFINITIONAL_REPRESENTATION('',(#8618),#8622);
#8618 = LINE('',#8619,#8620);
#8619 = CARTESIAN_POINT('',(3.378361702059,-0.671997924021));
#8620 = VECTOR('',#8621,1.);
#8621 = DIRECTION('',(-0.55557023302,-0.831469612303));
#8622 = ( GEOMETRIC_REPRESENTATION_CONTEXT(2) 
PARAMETRIC_REPRESENTATION_CONTEXT() REPRESENTATION_CONTEXT('2D SPACE',''
  ) );
#8623 = PCURVE('',#8151,#8624);
#8624 = DEFINITIONAL_REPRESENTATION('',(#8625),#8628);
#8625 = B_SPLINE_CURVE_WITH_KNOTS('',1,(#8626,#8627),.UNSPECIFIED.,.F.,
  .F.,(2,2),(0.,0.685163141666),.PIECEWISE_BEZIER_KNOTS.);
#8626 = CARTESIAN_POINT('',(0.,1.));
#8627 = CARTESIAN_POINT('',(1.268820632716,1.));
#8628 = ( GEOMETRIC_REPRESENTATION_CONTEXT(2) 
PARAMETRIC_REPRESENTATION_CONTEXT() REPRESENTATION_CONTEXT('2D SPACE',''
  ) );
#8629 = ORIENTED_EDGE('',*,*,#8630,.T.);
#8630 = EDGE_CURVE('',#8609,#8631,#8633,.T.);
#8631 = VERTEX_POINT('',#8632);
#8632 = CARTESIAN_POINT('',(-0.671997924021,-1.622346502059,14.22));
#8633 = SURFACE_CURVE('',#8634,(#8638,#8645),.PCURVE_S1.);
#8634 = LINE('',#8635,#8636);
#8635 = CARTESIAN_POINT('',(-1.241690255787,-1.241690255787,14.22));
#8636 = VECTOR('',#8637,1.);
#8637 = DIRECTION('',(0.831469612303,-0.55557023302,0.));
#8638 = PCURVE('',#7663,#8639);
#8639 = DEFINITIONAL_REPRESENTATION('',(#8640),#8644);
#8640 = LINE('',#8641,#8642);
#8641 = CARTESIAN_POINT('',(2.997705455787,-1.241690255787));
#8642 = VECTOR('',#8643,1.);
#8643 = DIRECTION('',(-0.831469612303,-0.55557023302));
#8644 = ( GEOMETRIC_REPRESENTATION_CONTEXT(2) 
PARAMETRIC_REPRESENTATION_CONTEXT() REPRESENTATION_CONTEXT('2D SPACE',''
  ) );
#8645 = PCURVE('',#8203,#8646);
#8646 = DEFINITIONAL_REPRESENTATION('',(#8647),#8650);
#8647 = B_SPLINE_CURVE_WITH_KNOTS('',1,(#8648,#8649),.UNSPECIFIED.,.F.,
  .F.,(2,2),(0.,0.685163141666),.PIECEWISE_BEZIER_KNOTS.);
#8648 = CARTESIAN_POINT('',(0.,1.));
#8649 = CARTESIAN_POINT('',(1.268820632716,1.));
#8650 = ( GEOMETRIC_REPRESENTATION_CONTEXT(2) 
PARAMETRIC_REPRESENTATION_CONTEXT() REPRESENTATION_CONTEXT('2D SPACE',''
  ) );
#8651 = ORIENTED_EDGE('',*,*,#8652,.T.);
#8652 = EDGE_CURVE('',#8631,#8653,#8655,.T.);
#8653 = VERTEX_POINT('',#8654);
#8654 = CARTESIAN_POINT('',(-3.225747590901E-16,-1.7560152,14.22));
#8655 = SURFACE_CURVE('',#8656,(#8660,#8667),.PCURVE_S1.);
#8656 = LINE('',#8657,#8658);
#8657 = CARTESIAN_POINT('',(-0.671997924021,-1.622346502059,14.22));
#8658 = VECTOR('',#8659,1.);
#8659 = DIRECTION('',(0.980785280403,-0.195090322016,0.));
#8660 = PCURVE('',#7663,#8661);
#8661 = DEFINITIONAL_REPRESENTATION('',(#8662),#8666);
#8662 = LINE('',#8663,#8664);
#8663 = CARTESIAN_POINT('',(2.428013124021,-1.622346502059));
#8664 = VECTOR('',#8665,1.);
#8665 = DIRECTION('',(-0.980785280403,-0.195090322016));
#8666 = ( GEOMETRIC_REPRESENTATION_CONTEXT(2) 
PARAMETRIC_REPRESENTATION_CONTEXT() REPRESENTATION_CONTEXT('2D SPACE',''
  ) );
#8667 = PCURVE('',#8255,#8668);
#8668 = DEFINITIONAL_REPRESENTATION('',(#8669),#8672);
#8669 = B_SPLINE_CURVE_WITH_KNOTS('',1,(#8670,#8671),.UNSPECIFIED.,.F.,
  .F.,(2,2),(0.,0.685163141666),.PIECEWISE_BEZIER_KNOTS.);
#8670 = CARTESIAN_POINT('',(0.,1.));
#8671 = CARTESIAN_POINT('',(1.268820632716,1.));
#8672 = ( GEOMETRIC_REPRESENTATION_CONTEXT(2) 
PARAMETRIC_REPRESENTATION_CONTEXT() REPRESENTATION_CONTEXT('2D SPACE',''
  ) );
#8673 = ORIENTED_EDGE('',*,*,#8674,.T.);
#8674 = EDGE_CURVE('',#8653,#8675,#8677,.T.);
#8675 = VERTEX_POINT('',#8676);
#8676 = CARTESIAN_POINT('',(0.671997924021,-1.622346502059,14.22));
#8677 = SURFACE_CURVE('',#8678,(#8682,#8689),.PCURVE_S1.);
#8678 = LINE('',#8679,#8680);
#8679 = CARTESIAN_POINT('',(-3.225747590901E-16,-1.7560152,14.22));
#8680 = VECTOR('',#8681,1.);
#8681 = DIRECTION('',(0.980785280403,0.195090322016,0.));
#8682 = PCURVE('',#7663,#8683);
#8683 = DEFINITIONAL_REPRESENTATION('',(#8684),#8688);
#8684 = LINE('',#8685,#8686);
#8685 = CARTESIAN_POINT('',(1.7560152,-1.7560152));
#8686 = VECTOR('',#8687,1.);
#8687 = DIRECTION('',(-0.980785280403,0.195090322016));
#8688 = ( GEOMETRIC_REPRESENTATION_CONTEXT(2) 
PARAMETRIC_REPRESENTATION_CONTEXT() REPRESENTATION_CONTEXT('2D SPACE',''
  ) );
#8689 = PCURVE('',#8307,#8690);
#8690 = DEFINITIONAL_REPRESENTATION('',(#8691),#8694);
#8691 = B_SPLINE_CURVE_WITH_KNOTS('',1,(#8692,#8693),.UNSPECIFIED.,.F.,
  .F.,(2,2),(0.,0.685163141666),.PIECEWISE_BEZIER_KNOTS.);
#8692 = CARTESIAN_POINT('',(0.,1.));
#8693 = CARTESIAN_POINT('',(1.268820632716,1.));
#8694 = ( GEOMETRIC_REPRESENTATION_CONTEXT(2) 
PARAMETRIC_REPRESENTATION_CONTEXT() REPRESENTATION_CONTEXT('2D SPACE',''
  ) );
#8695 = ORIENTED_EDGE('',*,*,#8696,.T.);
#8696 = EDGE_CURVE('',#8675,#8697,#8699,.T.);
#8697 = VERTEX_POINT('',#8698);
#8698 = CARTESIAN_POINT('',(1.241690255787,-1.241690255787,14.22));
#8699 = SURFACE_CURVE('',#8700,(#8704,#8711),.PCURVE_S1.);
#8700 = LINE('',#8701,#8702);
#8701 = CARTESIAN_POINT('',(0.671997924021,-1.622346502059,14.22));
#8702 = VECTOR('',#8703,1.);
#8703 = DIRECTION('',(0.831469612303,0.55557023302,0.));
#8704 = PCURVE('',#7663,#8705);
#8705 = DEFINITIONAL_REPRESENTATION('',(#8706),#8710);
#8706 = LINE('',#8707,#8708);
#8707 = CARTESIAN_POINT('',(1.084017275979,-1.622346502059));
#8708 = VECTOR('',#8709,1.);
#8709 = DIRECTION('',(-0.831469612303,0.55557023302));
#8710 = ( GEOMETRIC_REPRESENTATION_CONTEXT(2) 
PARAMETRIC_REPRESENTATION_CONTEXT() REPRESENTATION_CONTEXT('2D SPACE',''
  ) );
#8711 = PCURVE('',#8359,#8712);
#8712 = DEFINITIONAL_REPRESENTATION('',(#8713),#8716);
#8713 = B_SPLINE_CURVE_WITH_KNOTS('',1,(#8714,#8715),.UNSPECIFIED.,.F.,
  .F.,(2,2),(0.,0.685163141666),.PIECEWISE_BEZIER_KNOTS.);
#8714 = CARTESIAN_POINT('',(0.,1.));
#8715 = CARTESIAN_POINT('',(1.268820632716,1.));
#8716 = ( GEOMETRIC_REPRESENTATION_CONTEXT(2) 
PARAMETRIC_REPRESENTATION_CONTEXT() REPRESENTATION_CONTEXT('2D SPACE',''
  ) );
#8717 = ORIENTED_EDGE('',*,*,#8718,.T.);
#8718 = EDGE_CURVE('',#8697,#8719,#8721,.T.);
#8719 = VERTEX_POINT('',#8720);
#8720 = CARTESIAN_POINT('',(1.622346502059,-0.671997924021,14.22));
#8721 = SURFACE_CURVE('',#8722,(#8726,#8733),.PCURVE_S1.);
#8722 = LINE('',#8723,#8724);
#8723 = CARTESIAN_POINT('',(1.241690255787,-1.241690255787,14.22));
#8724 = VECTOR('',#8725,1.);
#8725 = DIRECTION('',(0.55557023302,0.831469612303,0.));
#8726 = PCURVE('',#7663,#8727);
#8727 = DEFINITIONAL_REPRESENTATION('',(#8728),#8732);
#8728 = LINE('',#8729,#8730);
#8729 = CARTESIAN_POINT('',(0.514324944213,-1.241690255787));
#8730 = VECTOR('',#8731,1.);
#8731 = DIRECTION('',(-0.55557023302,0.831469612303));
#8732 = ( GEOMETRIC_REPRESENTATION_CONTEXT(2) 
PARAMETRIC_REPRESENTATION_CONTEXT() REPRESENTATION_CONTEXT('2D SPACE',''
  ) );
#8733 = PCURVE('',#8390,#8734);
#8734 = DEFINITIONAL_REPRESENTATION('',(#8735),#8738);
#8735 = B_SPLINE_CURVE_WITH_KNOTS('',1,(#8736,#8737),.UNSPECIFIED.,.F.,
  .F.,(2,2),(0.,0.685163141666),.PIECEWISE_BEZIER_KNOTS.);
#8736 = CARTESIAN_POINT('',(0.,1.));
#8737 = CARTESIAN_POINT('',(1.268820632716,1.));
#8738 = ( GEOMETRIC_REPRESENTATION_CONTEXT(2) 
PARAMETRIC_REPRESENTATION_CONTEXT() REPRESENTATION_CONTEXT('2D SPACE',''
  ) );
#8739 = ORIENTED_EDGE('',*,*,#8740,.T.);
#8740 = EDGE_CURVE('',#8719,#7649,#8741,.T.);
#8741 = SURFACE_CURVE('',#8742,(#8746,#8753),.PCURVE_S1.);
#8742 = LINE('',#8743,#8744);
#8743 = CARTESIAN_POINT('',(1.622346502059,-0.671997924021,14.22));
#8744 = VECTOR('',#8745,1.);
#8745 = DIRECTION('',(0.195090322016,0.980785280403,0.));
#8746 = PCURVE('',#7663,#8747);
#8747 = DEFINITIONAL_REPRESENTATION('',(#8748),#8752);
#8748 = LINE('',#8749,#8750);
#8749 = CARTESIAN_POINT('',(0.133668697941,-0.671997924021));
#8750 = VECTOR('',#8751,1.);
#8751 = DIRECTION('',(-0.195090322016,0.980785280403));
#8752 = ( GEOMETRIC_REPRESENTATION_CONTEXT(2) 
PARAMETRIC_REPRESENTATION_CONTEXT() REPRESENTATION_CONTEXT('2D SPACE',''
  ) );
#8753 = PCURVE('',#7688,#8754);
#8754 = DEFINITIONAL_REPRESENTATION('',(#8755),#8758);
#8755 = B_SPLINE_CURVE_WITH_KNOTS('',1,(#8756,#8757),.UNSPECIFIED.,.F.,
  .F.,(2,2),(0.,0.685163141666),.PIECEWISE_BEZIER_KNOTS.);
#8756 = CARTESIAN_POINT('',(0.,1.));
#8757 = CARTESIAN_POINT('',(1.268820632716,1.));
#8758 = ( GEOMETRIC_REPRESENTATION_CONTEXT(2) 
PARAMETRIC_REPRESENTATION_CONTEXT() REPRESENTATION_CONTEXT('2D SPACE',''
  ) );
#8759 = ADVANCED_FACE('',(#8760),#7688,.T.);
#8760 = FACE_BOUND('',#8761,.T.);
#8761 = EDGE_LOOP('',(#8762,#8763,#8764,#8765));
#8762 = ORIENTED_EDGE('',*,*,#7705,.T.);
#8763 = ORIENTED_EDGE('',*,*,#7675,.T.);
#8764 = ORIENTED_EDGE('',*,*,#8740,.F.);
#8765 = ORIENTED_EDGE('',*,*,#8766,.F.);
#8766 = EDGE_CURVE('',#7706,#8719,#8767,.T.);
#8767 = SURFACE_CURVE('',#8768,(#8771,#8778),.PCURVE_S1.);
#8768 = B_SPLINE_CURVE_WITH_KNOTS('',1,(#8769,#8770),.UNSPECIFIED.,.F.,
  .F.,(2,2),(0.,1.),.PIECEWISE_BEZIER_KNOTS.);
#8769 = CARTESIAN_POINT('',(3.004345374183,-1.244440600039,13.02));
#8770 = CARTESIAN_POINT('',(1.622346502059,-0.671997924021,14.22));
#8771 = PCURVE('',#7688,#8772);
#8772 = DEFINITIONAL_REPRESENTATION('',(#8773),#8777);
#8773 = LINE('',#8774,#8775);
#8774 = CARTESIAN_POINT('',(0.,0.));
#8775 = VECTOR('',#8776,1.);
#8776 = DIRECTION('',(0.,1.));
#8777 = ( GEOMETRIC_REPRESENTATION_CONTEXT(2) 
PARAMETRIC_REPRESENTATION_CONTEXT() REPRESENTATION_CONTEXT('2D SPACE',''
  ) );
#8778 = PCURVE('',#8390,#8779);
#8779 = DEFINITIONAL_REPRESENTATION('',(#8780),#8784);
#8780 = LINE('',#8781,#8782);
#8781 = CARTESIAN_POINT('',(1.268820632716,0.));
#8782 = VECTOR('',#8783,1.);
#8783 = DIRECTION('',(0.,1.));
#8784 = ( GEOMETRIC_REPRESENTATION_CONTEXT(2) 
PARAMETRIC_REPRESENTATION_CONTEXT() REPRESENTATION_CONTEXT('2D SPACE',''
  ) );
#8785 = ADVANCED_FACE('',(#8786),#7787,.T.);
#8786 = FACE_BOUND('',#8787,.T.);
#8787 = EDGE_LOOP('',(#8788,#8789,#8809,#8810));
#8788 = ORIENTED_EDGE('',*,*,#7773,.T.);
#8789 = ORIENTED_EDGE('',*,*,#8790,.T.);
#8790 = EDGE_CURVE('',#7752,#8455,#8791,.T.);
#8791 = SURFACE_CURVE('',#8792,(#8795,#8802),.PCURVE_S1.);
#8792 = B_SPLINE_CURVE_WITH_KNOTS('',1,(#8793,#8794),.UNSPECIFIED.,.F.,
  .F.,(2,2),(0.,1.),.PIECEWISE_BEZIER_KNOTS.);
#8793 = CARTESIAN_POINT('',(1.244440600039,3.004345374183,13.02));
#8794 = CARTESIAN_POINT('',(0.671997924021,1.622346502059,14.22));
#8795 = PCURVE('',#7787,#8796);
#8796 = DEFINITIONAL_REPRESENTATION('',(#8797),#8801);
#8797 = LINE('',#8798,#8799);
#8798 = CARTESIAN_POINT('',(1.268820632716,0.));
#8799 = VECTOR('',#8800,1.);
#8800 = DIRECTION('',(0.,1.));
#8801 = ( GEOMETRIC_REPRESENTATION_CONTEXT(2) 
PARAMETRIC_REPRESENTATION_CONTEXT() REPRESENTATION_CONTEXT('2D SPACE',''
  ) );
#8802 = PCURVE('',#7839,#8803);
#8803 = DEFINITIONAL_REPRESENTATION('',(#8804),#8808);
#8804 = LINE('',#8805,#8806);
#8805 = CARTESIAN_POINT('',(0.,0.));
#8806 = VECTOR('',#8807,1.);
#8807 = DIRECTION('',(0.,1.));
#8808 = ( GEOMETRIC_REPRESENTATION_CONTEXT(2) 
PARAMETRIC_REPRESENTATION_CONTEXT() REPRESENTATION_CONTEXT('2D SPACE',''
  ) );
#8809 = ORIENTED_EDGE('',*,*,#8454,.F.);
#8810 = ORIENTED_EDGE('',*,*,#8406,.F.);
#8811 = ADVANCED_FACE('',(#8812),#7839,.T.);
#8812 = FACE_BOUND('',#8813,.T.);
#8813 = EDGE_LOOP('',(#8814,#8815,#8835,#8836));
#8814 = ORIENTED_EDGE('',*,*,#7825,.T.);
#8815 = ORIENTED_EDGE('',*,*,#8816,.T.);
#8816 = EDGE_CURVE('',#7804,#8477,#8817,.T.);
#8817 = SURFACE_CURVE('',#8818,(#8821,#8828),.PCURVE_S1.);
#8818 = B_SPLINE_CURVE_WITH_KNOTS('',1,(#8819,#8820),.UNSPECIFIED.,.F.,
  .F.,(2,2),(0.,1.),.PIECEWISE_BEZIER_KNOTS.);
#8819 = CARTESIAN_POINT('',(2.22044604925E-16,3.25188,13.02));
#8820 = CARTESIAN_POINT('',(1.110223024625E-16,1.7560152,14.22));
#8821 = PCURVE('',#7839,#8822);
#8822 = DEFINITIONAL_REPRESENTATION('',(#8823),#8827);
#8823 = LINE('',#8824,#8825);
#8824 = CARTESIAN_POINT('',(1.268820632716,0.));
#8825 = VECTOR('',#8826,1.);
#8826 = DIRECTION('',(0.,1.));
#8827 = ( GEOMETRIC_REPRESENTATION_CONTEXT(2) 
PARAMETRIC_REPRESENTATION_CONTEXT() REPRESENTATION_CONTEXT('2D SPACE',''
  ) );
#8828 = PCURVE('',#7891,#8829);
#8829 = DEFINITIONAL_REPRESENTATION('',(#8830),#8834);
#8830 = LINE('',#8831,#8832);
#8831 = CARTESIAN_POINT('',(0.,0.));
#8832 = VECTOR('',#8833,1.);
#8833 = DIRECTION('',(0.,1.));
#8834 = ( GEOMETRIC_REPRESENTATION_CONTEXT(2) 
PARAMETRIC_REPRESENTATION_CONTEXT() REPRESENTATION_CONTEXT('2D SPACE',''
  ) );
#8835 = ORIENTED_EDGE('',*,*,#8476,.F.);
#8836 = ORIENTED_EDGE('',*,*,#8790,.F.);
#8837 = ADVANCED_FACE('',(#8838),#7891,.T.);
#8838 = FACE_BOUND('',#8839,.T.);
#8839 = EDGE_LOOP('',(#8840,#8841,#8861,#8862));
#8840 = ORIENTED_EDGE('',*,*,#7877,.T.);
#8841 = ORIENTED_EDGE('',*,*,#8842,.T.);
#8842 = EDGE_CURVE('',#7856,#8499,#8843,.T.);
#8843 = SURFACE_CURVE('',#8844,(#8847,#8854),.PCURVE_S1.);
#8844 = B_SPLINE_CURVE_WITH_KNOTS('',1,(#8845,#8846),.UNSPECIFIED.,.F.,
  .F.,(2,2),(0.,1.),.PIECEWISE_BEZIER_KNOTS.);
#8845 = CARTESIAN_POINT('',(-1.244440600039,3.004345374183,13.02));
#8846 = CARTESIAN_POINT('',(-0.671997924021,1.622346502059,14.22));
#8847 = PCURVE('',#7891,#8848);
#8848 = DEFINITIONAL_REPRESENTATION('',(#8849),#8853);
#8849 = LINE('',#8850,#8851);
#8850 = CARTESIAN_POINT('',(1.268820632716,0.));
#8851 = VECTOR('',#8852,1.);
#8852 = DIRECTION('',(0.,1.));
#8853 = ( GEOMETRIC_REPRESENTATION_CONTEXT(2) 
PARAMETRIC_REPRESENTATION_CONTEXT() REPRESENTATION_CONTEXT('2D SPACE',''
  ) );
#8854 = PCURVE('',#7943,#8855);
#8855 = DEFINITIONAL_REPRESENTATION('',(#8856),#8860);
#8856 = LINE('',#8857,#8858);
#8857 = CARTESIAN_POINT('',(0.,0.));
#8858 = VECTOR('',#8859,1.);
#8859 = DIRECTION('',(0.,1.));
#8860 = ( GEOMETRIC_REPRESENTATION_CONTEXT(2) 
PARAMETRIC_REPRESENTATION_CONTEXT() REPRESENTATION_CONTEXT('2D SPACE',''
  ) );
#8861 = ORIENTED_EDGE('',*,*,#8498,.F.);
#8862 = ORIENTED_EDGE('',*,*,#8816,.F.);
#8863 = ADVANCED_FACE('',(#8864),#7943,.T.);
#8864 = FACE_BOUND('',#8865,.T.);
#8865 = EDGE_LOOP('',(#8866,#8867,#8887,#8888));
#8866 = ORIENTED_EDGE('',*,*,#7929,.T.);
#8867 = ORIENTED_EDGE('',*,*,#8868,.T.);
#8868 = EDGE_CURVE('',#7908,#8521,#8869,.T.);
#8869 = SURFACE_CURVE('',#8870,(#8873,#8880),.PCURVE_S1.);
#8870 = B_SPLINE_CURVE_WITH_KNOTS('',1,(#8871,#8872),.UNSPECIFIED.,.F.,
  .F.,(2,2),(0.,1.),.PIECEWISE_BEZIER_KNOTS.);
#8871 = CARTESIAN_POINT('',(-2.299426399605,2.299426399605,13.02));
#8872 = CARTESIAN_POINT('',(-1.241690255787,1.241690255787,14.22));
#8873 = PCURVE('',#7943,#8874);
#8874 = DEFINITIONAL_REPRESENTATION('',(#8875),#8879);
#8875 = LINE('',#8876,#8877);
#8876 = CARTESIAN_POINT('',(1.268820632716,0.));
#8877 = VECTOR('',#8878,1.);
#8878 = DIRECTION('',(0.,1.));
#8879 = ( GEOMETRIC_REPRESENTATION_CONTEXT(2) 
PARAMETRIC_REPRESENTATION_CONTEXT() REPRESENTATION_CONTEXT('2D SPACE',''
  ) );
#8880 = PCURVE('',#7995,#8881);
#8881 = DEFINITIONAL_REPRESENTATION('',(#8882),#8886);
#8882 = LINE('',#8883,#8884);
#8883 = CARTESIAN_POINT('',(0.,0.));
#8884 = VECTOR('',#8885,1.);
#8885 = DIRECTION('',(0.,1.));
#8886 = ( GEOMETRIC_REPRESENTATION_CONTEXT(2) 
PARAMETRIC_REPRESENTATION_CONTEXT() REPRESENTATION_CONTEXT('2D SPACE',''
  ) );
#8887 = ORIENTED_EDGE('',*,*,#8520,.F.);
#8888 = ORIENTED_EDGE('',*,*,#8842,.F.);
#8889 = ADVANCED_FACE('',(#8890),#7995,.T.);
#8890 = FACE_BOUND('',#8891,.T.);
#8891 = EDGE_LOOP('',(#8892,#8893,#8913,#8914));
#8892 = ORIENTED_EDGE('',*,*,#7981,.T.);
#8893 = ORIENTED_EDGE('',*,*,#8894,.T.);
#8894 = EDGE_CURVE('',#7960,#8543,#8895,.T.);
#8895 = SURFACE_CURVE('',#8896,(#8899,#8906),.PCURVE_S1.);
#8896 = B_SPLINE_CURVE_WITH_KNOTS('',1,(#8897,#8898),.UNSPECIFIED.,.F.,
  .F.,(2,2),(0.,1.),.PIECEWISE_BEZIER_KNOTS.);
#8897 = CARTESIAN_POINT('',(-3.004345374183,1.244440600039,13.02));
#8898 = CARTESIAN_POINT('',(-1.622346502059,0.671997924021,14.22));
#8899 = PCURVE('',#7995,#8900);
#8900 = DEFINITIONAL_REPRESENTATION('',(#8901),#8905);
#8901 = LINE('',#8902,#8903);
#8902 = CARTESIAN_POINT('',(1.268820632716,0.));
#8903 = VECTOR('',#8904,1.);
#8904 = DIRECTION('',(0.,1.));
#8905 = ( GEOMETRIC_REPRESENTATION_CONTEXT(2) 
PARAMETRIC_REPRESENTATION_CONTEXT() REPRESENTATION_CONTEXT('2D SPACE',''
  ) );
#8906 = PCURVE('',#8047,#8907);
#8907 = DEFINITIONAL_REPRESENTATION('',(#8908),#8912);
#8908 = LINE('',#8909,#8910);
#8909 = CARTESIAN_POINT('',(0.,0.));
#8910 = VECTOR('',#8911,1.);
#8911 = DIRECTION('',(0.,1.));
#8912 = ( GEOMETRIC_REPRESENTATION_CONTEXT(2) 
PARAMETRIC_REPRESENTATION_CONTEXT() REPRESENTATION_CONTEXT('2D SPACE',''
  ) );
#8913 = ORIENTED_EDGE('',*,*,#8542,.F.);
#8914 = ORIENTED_EDGE('',*,*,#8868,.F.);
#8915 = ADVANCED_FACE('',(#8916),#8047,.T.);
#8916 = FACE_BOUND('',#8917,.T.);
#8917 = EDGE_LOOP('',(#8918,#8919,#8939,#8940));
#8918 = ORIENTED_EDGE('',*,*,#8033,.T.);
#8919 = ORIENTED_EDGE('',*,*,#8920,.T.);
#8920 = EDGE_CURVE('',#8012,#8565,#8921,.T.);
#8921 = SURFACE_CURVE('',#8922,(#8925,#8932),.PCURVE_S1.);
#8922 = B_SPLINE_CURVE_WITH_KNOTS('',1,(#8923,#8924),.UNSPECIFIED.,.F.,
  .F.,(2,2),(0.,1.),.PIECEWISE_BEZIER_KNOTS.);
#8923 = CARTESIAN_POINT('',(-3.25188,4.440892098501E-16,13.02));
#8924 = CARTESIAN_POINT('',(-1.7560152,2.22044604925E-16,14.22));
#8925 = PCURVE('',#8047,#8926);
#8926 = DEFINITIONAL_REPRESENTATION('',(#8927),#8931);
#8927 = LINE('',#8928,#8929);
#8928 = CARTESIAN_POINT('',(1.268820632716,0.));
#8929 = VECTOR('',#8930,1.);
#8930 = DIRECTION('',(0.,1.));
#8931 = ( GEOMETRIC_REPRESENTATION_CONTEXT(2) 
PARAMETRIC_REPRESENTATION_CONTEXT() REPRESENTATION_CONTEXT('2D SPACE',''
  ) );
#8932 = PCURVE('',#8099,#8933);
#8933 = DEFINITIONAL_REPRESENTATION('',(#8934),#8938);
#8934 = LINE('',#8935,#8936);
#8935 = CARTESIAN_POINT('',(0.,0.));
#8936 = VECTOR('',#8937,1.);
#8937 = DIRECTION('',(0.,1.));
#8938 = ( GEOMETRIC_REPRESENTATION_CONTEXT(2) 
PARAMETRIC_REPRESENTATION_CONTEXT() REPRESENTATION_CONTEXT('2D SPACE',''
  ) );
#8939 = ORIENTED_EDGE('',*,*,#8564,.F.);
#8940 = ORIENTED_EDGE('',*,*,#8894,.F.);
#8941 = ADVANCED_FACE('',(#8942),#8099,.T.);
#8942 = FACE_BOUND('',#8943,.T.);
#8943 = EDGE_LOOP('',(#8944,#8945,#8965,#8966));
#8944 = ORIENTED_EDGE('',*,*,#8085,.T.);
#8945 = ORIENTED_EDGE('',*,*,#8946,.T.);
#8946 = EDGE_CURVE('',#8064,#8587,#8947,.T.);
#8947 = SURFACE_CURVE('',#8948,(#8951,#8958),.PCURVE_S1.);
#8948 = B_SPLINE_CURVE_WITH_KNOTS('',1,(#8949,#8950),.UNSPECIFIED.,.F.,
  .F.,(2,2),(0.,1.),.PIECEWISE_BEZIER_KNOTS.);
#8949 = CARTESIAN_POINT('',(-3.004345374183,-1.244440600039,13.02));
#8950 = CARTESIAN_POINT('',(-1.622346502059,-0.671997924021,14.22));
#8951 = PCURVE('',#8099,#8952);
#8952 = DEFINITIONAL_REPRESENTATION('',(#8953),#8957);
#8953 = LINE('',#8954,#8955);
#8954 = CARTESIAN_POINT('',(1.268820632716,0.));
#8955 = VECTOR('',#8956,1.);
#8956 = DIRECTION('',(0.,1.));
#8957 = ( GEOMETRIC_REPRESENTATION_CONTEXT(2) 
PARAMETRIC_REPRESENTATION_CONTEXT() REPRESENTATION_CONTEXT('2D SPACE',''
  ) );
#8958 = PCURVE('',#8151,#8959);
#8959 = DEFINITIONAL_REPRESENTATION('',(#8960),#8964);
#8960 = LINE('',#8961,#8962);
#8961 = CARTESIAN_POINT('',(0.,0.));
#8962 = VECTOR('',#8963,1.);
#8963 = DIRECTION('',(0.,1.));
#8964 = ( GEOMETRIC_REPRESENTATION_CONTEXT(2) 
PARAMETRIC_REPRESENTATION_CONTEXT() REPRESENTATION_CONTEXT('2D SPACE',''
  ) );
#8965 = ORIENTED_EDGE('',*,*,#8586,.F.);
#8966 = ORIENTED_EDGE('',*,*,#8920,.F.);
#8967 = ADVANCED_FACE('',(#8968),#8151,.T.);
#8968 = FACE_BOUND('',#8969,.T.);
#8969 = EDGE_LOOP('',(#8970,#8971,#8991,#8992));
#8970 = ORIENTED_EDGE('',*,*,#8137,.T.);
#8971 = ORIENTED_EDGE('',*,*,#8972,.T.);
#8972 = EDGE_CURVE('',#8116,#8609,#8973,.T.);
#8973 = SURFACE_CURVE('',#8974,(#8977,#8984),.PCURVE_S1.);
#8974 = B_SPLINE_CURVE_WITH_KNOTS('',1,(#8975,#8976),.UNSPECIFIED.,.F.,
  .F.,(2,2),(0.,1.),.PIECEWISE_BEZIER_KNOTS.);
#8975 = CARTESIAN_POINT('',(-2.299426399605,-2.299426399605,13.02));
#8976 = CARTESIAN_POINT('',(-1.241690255787,-1.241690255787,14.22));
#8977 = PCURVE('',#8151,#8978);
#8978 = DEFINITIONAL_REPRESENTATION('',(#8979),#8983);
#8979 = LINE('',#8980,#8981);
#8980 = CARTESIAN_POINT('',(1.268820632716,0.));
#8981 = VECTOR('',#8982,1.);
#8982 = DIRECTION('',(0.,1.));
#8983 = ( GEOMETRIC_REPRESENTATION_CONTEXT(2) 
PARAMETRIC_REPRESENTATION_CONTEXT() REPRESENTATION_CONTEXT('2D SPACE',''
  ) );
#8984 = PCURVE('',#8203,#8985);
#8985 = DEFINITIONAL_REPRESENTATION('',(#8986),#8990);
#8986 = LINE('',#8987,#8988);
#8987 = CARTESIAN_POINT('',(0.,0.));
#8988 = VECTOR('',#8989,1.);
#8989 = DIRECTION('',(0.,1.));
#8990 = ( GEOMETRIC_REPRESENTATION_CONTEXT(2) 
PARAMETRIC_REPRESENTATION_CONTEXT() REPRESENTATION_CONTEXT('2D SPACE',''
  ) );
#8991 = ORIENTED_EDGE('',*,*,#8608,.F.);
#8992 = ORIENTED_EDGE('',*,*,#8946,.F.);
#8993 = ADVANCED_FACE('',(#8994),#8203,.T.);
#8994 = FACE_BOUND('',#8995,.T.);
#8995 = EDGE_LOOP('',(#8996,#8997,#9017,#9018));
#8996 = ORIENTED_EDGE('',*,*,#8189,.T.);
#8997 = ORIENTED_EDGE('',*,*,#8998,.T.);
#8998 = EDGE_CURVE('',#8168,#8631,#8999,.T.);
#8999 = SURFACE_CURVE('',#9000,(#9003,#9010),.PCURVE_S1.);
#9000 = B_SPLINE_CURVE_WITH_KNOTS('',1,(#9001,#9002),.UNSPECIFIED.,.F.,
  .F.,(2,2),(0.,1.),.PIECEWISE_BEZIER_KNOTS.);
#9001 = CARTESIAN_POINT('',(-1.244440600039,-3.004345374183,13.02));
#9002 = CARTESIAN_POINT('',(-0.671997924021,-1.622346502059,14.22));
#9003 = PCURVE('',#8203,#9004);
#9004 = DEFINITIONAL_REPRESENTATION('',(#9005),#9009);
#9005 = LINE('',#9006,#9007);
#9006 = CARTESIAN_POINT('',(1.268820632716,0.));
#9007 = VECTOR('',#9008,1.);
#9008 = DIRECTION('',(0.,1.));
#9009 = ( GEOMETRIC_REPRESENTATION_CONTEXT(2) 
PARAMETRIC_REPRESENTATION_CONTEXT() REPRESENTATION_CONTEXT('2D SPACE',''
  ) );
#9010 = PCURVE('',#8255,#9011);
#9011 = DEFINITIONAL_REPRESENTATION('',(#9012),#9016);
#9012 = LINE('',#9013,#9014);
#9013 = CARTESIAN_POINT('',(0.,0.));
#9014 = VECTOR('',#9015,1.);
#9015 = DIRECTION('',(0.,1.));
#9016 = ( GEOMETRIC_REPRESENTATION_CONTEXT(2) 
PARAMETRIC_REPRESENTATION_CONTEXT() REPRESENTATION_CONTEXT('2D SPACE',''
  ) );
#9017 = ORIENTED_EDGE('',*,*,#8630,.F.);
#9018 = ORIENTED_EDGE('',*,*,#8972,.F.);
#9019 = ADVANCED_FACE('',(#9020),#8255,.T.);
#9020 = FACE_BOUND('',#9021,.T.);
#9021 = EDGE_LOOP('',(#9022,#9023,#9043,#9044));
#9022 = ORIENTED_EDGE('',*,*,#8241,.T.);
#9023 = ORIENTED_EDGE('',*,*,#9024,.T.);
#9024 = EDGE_CURVE('',#8220,#8653,#9025,.T.);
#9025 = SURFACE_CURVE('',#9026,(#9029,#9036),.PCURVE_S1.);
#9026 = B_SPLINE_CURVE_WITH_KNOTS('',1,(#9027,#9028),.UNSPECIFIED.,.F.,
  .F.,(2,2),(0.,1.),.PIECEWISE_BEZIER_KNOTS.);
#9027 = CARTESIAN_POINT('',(-4.440892098501E-16,-3.25188,13.02));
#9028 = CARTESIAN_POINT('',(-3.330669073875E-16,-1.7560152,14.22));
#9029 = PCURVE('',#8255,#9030);
#9030 = DEFINITIONAL_REPRESENTATION('',(#9031),#9035);
#9031 = LINE('',#9032,#9033);
#9032 = CARTESIAN_POINT('',(1.268820632716,0.));
#9033 = VECTOR('',#9034,1.);
#9034 = DIRECTION('',(0.,1.));
#9035 = ( GEOMETRIC_REPRESENTATION_CONTEXT(2) 
PARAMETRIC_REPRESENTATION_CONTEXT() REPRESENTATION_CONTEXT('2D SPACE',''
  ) );
#9036 = PCURVE('',#8307,#9037);
#9037 = DEFINITIONAL_REPRESENTATION('',(#9038),#9042);
#9038 = LINE('',#9039,#9040);
#9039 = CARTESIAN_POINT('',(0.,0.));
#9040 = VECTOR('',#9041,1.);
#9041 = DIRECTION('',(0.,1.));
#9042 = ( GEOMETRIC_REPRESENTATION_CONTEXT(2) 
PARAMETRIC_REPRESENTATION_CONTEXT() REPRESENTATION_CONTEXT('2D SPACE',''
  ) );
#9043 = ORIENTED_EDGE('',*,*,#8652,.F.);
#9044 = ORIENTED_EDGE('',*,*,#8998,.F.);
#9045 = ADVANCED_FACE('',(#9046),#8307,.T.);
#9046 = FACE_BOUND('',#9047,.T.);
#9047 = EDGE_LOOP('',(#9048,#9049,#9069,#9070));
#9048 = ORIENTED_EDGE('',*,*,#8293,.T.);
#9049 = ORIENTED_EDGE('',*,*,#9050,.T.);
#9050 = EDGE_CURVE('',#8272,#8675,#9051,.T.);
#9051 = SURFACE_CURVE('',#9052,(#9055,#9062),.PCURVE_S1.);
#9052 = B_SPLINE_CURVE_WITH_KNOTS('',1,(#9053,#9054),.UNSPECIFIED.,.F.,
  .F.,(2,2),(0.,1.),.PIECEWISE_BEZIER_KNOTS.);
#9053 = CARTESIAN_POINT('',(1.244440600039,-3.004345374183,13.02));
#9054 = CARTESIAN_POINT('',(0.671997924021,-1.622346502059,14.22));
#9055 = PCURVE('',#8307,#9056);
#9056 = DEFINITIONAL_REPRESENTATION('',(#9057),#9061);
#9057 = LINE('',#9058,#9059);
#9058 = CARTESIAN_POINT('',(1.268820632716,0.));
#9059 = VECTOR('',#9060,1.);
#9060 = DIRECTION('',(0.,1.));
#9061 = ( GEOMETRIC_REPRESENTATION_CONTEXT(2) 
PARAMETRIC_REPRESENTATION_CONTEXT() REPRESENTATION_CONTEXT('2D SPACE',''
  ) );
#9062 = PCURVE('',#8359,#9063);
#9063 = DEFINITIONAL_REPRESENTATION('',(#9064),#9068);
#9064 = LINE('',#9065,#9066);
#9065 = CARTESIAN_POINT('',(0.,0.));
#9066 = VECTOR('',#9067,1.);
#9067 = DIRECTION('',(0.,1.));
#9068 = ( GEOMETRIC_REPRESENTATION_CONTEXT(2) 
PARAMETRIC_REPRESENTATION_CONTEXT() REPRESENTATION_CONTEXT('2D SPACE',''
  ) );
#9069 = ORIENTED_EDGE('',*,*,#8674,.F.);
#9070 = ORIENTED_EDGE('',*,*,#9024,.F.);
#9071 = ADVANCED_FACE('',(#9072),#8359,.T.);
#9072 = FACE_BOUND('',#9073,.T.);
#9073 = EDGE_LOOP('',(#9074,#9075,#9095,#9096));
#9074 = ORIENTED_EDGE('',*,*,#8345,.T.);
#9075 = ORIENTED_EDGE('',*,*,#9076,.T.);
#9076 = EDGE_CURVE('',#8324,#8697,#9077,.T.);
#9077 = SURFACE_CURVE('',#9078,(#9081,#9088),.PCURVE_S1.);
#9078 = B_SPLINE_CURVE_WITH_KNOTS('',1,(#9079,#9080),.UNSPECIFIED.,.F.,
  .F.,(2,2),(0.,1.),.PIECEWISE_BEZIER_KNOTS.);
#9079 = CARTESIAN_POINT('',(2.299426399605,-2.299426399605,13.02));
#9080 = CARTESIAN_POINT('',(1.241690255787,-1.241690255787,14.22));
#9081 = PCURVE('',#8359,#9082);
#9082 = DEFINITIONAL_REPRESENTATION('',(#9083),#9087);
#9083 = LINE('',#9084,#9085);
#9084 = CARTESIAN_POINT('',(1.268820632716,0.));
#9085 = VECTOR('',#9086,1.);
#9086 = DIRECTION('',(0.,1.));
#9087 = ( GEOMETRIC_REPRESENTATION_CONTEXT(2) 
PARAMETRIC_REPRESENTATION_CONTEXT() REPRESENTATION_CONTEXT('2D SPACE',''
  ) );
#9088 = PCURVE('',#8390,#9089);
#9089 = DEFINITIONAL_REPRESENTATION('',(#9090),#9094);
#9090 = LINE('',#9091,#9092);
#9091 = CARTESIAN_POINT('',(0.,0.));
#9092 = VECTOR('',#9093,1.);
#9093 = DIRECTION('',(0.,1.));
#9094 = ( GEOMETRIC_REPRESENTATION_CONTEXT(2) 
PARAMETRIC_REPRESENTATION_CONTEXT() REPRESENTATION_CONTEXT('2D SPACE',''
  ) );
#9095 = ORIENTED_EDGE('',*,*,#8696,.F.);
#9096 = ORIENTED_EDGE('',*,*,#9050,.F.);
#9097 = ADVANCED_FACE('',(#9098),#8390,.T.);
#9098 = FACE_BOUND('',#9099,.T.);
#9099 = EDGE_LOOP('',(#9100,#9101,#9102,#9103));
#9100 = ORIENTED_EDGE('',*,*,#8376,.T.);
#9101 = ORIENTED_EDGE('',*,*,#8766,.T.);
#9102 = ORIENTED_EDGE('',*,*,#8718,.F.);
#9103 = ORIENTED_EDGE('',*,*,#9076,.F.);
#9104 = ( GEOMETRIC_REPRESENTATION_CONTEXT(3) 
GLOBAL_UNCERTAINTY_ASSIGNED_CONTEXT((#9108)) 
GLOBAL_UNIT_ASSIGNED_CONTEXT((#9105,#9106,#9107)) REPRESENTATION_CONTEXT
('Context #1','3D Context with UNIT and UNCERTAINTY') );
#9105 = ( LENGTH_UNIT() NAMED_UNIT(*) SI_UNIT(.MILLI.,.METRE.) );
#9106 = ( NAMED_UNIT(*) PLANE_ANGLE_UNIT() SI_UNIT($,.RADIAN.) );
#9107 = ( NAMED_UNIT(*) SI_UNIT($,.STERADIAN.) SOLID_ANGLE_UNIT() );
#9108 = UNCERTAINTY_MEASURE_WITH_UNIT(LENGTH_MEASURE(1.E-07),#9105,
  'distance_accuracy_value','confusion accuracy');
#9109 = CONTEXT_DEPENDENT_SHAPE_REPRESENTATION(#9110,#9112);
#9110 = ( REPRESENTATION_RELATIONSHIP('','',#7053,#10) 
REPRESENTATION_RELATIONSHIP_WITH_TRANSFORMATION(#9111) 
SHAPE_REPRESENTATION_RELATIONSHIP() );
#9111 = ITEM_DEFINED_TRANSFORMATION('','',#11,#19);
#9112 = PRODUCT_DEFINITION_SHAPE('Placement','Placement of an item',
  #9113);
#9113 = NEXT_ASSEMBLY_USAGE_OCCURRENCE('2','','',#5,#7048,$);
#9114 = PRODUCT_RELATED_PRODUCT_CATEGORY('part',$,(#7050));
ENDSEC;
END-ISO-10303-21;
