ISO-10303-21;
HEADER;
FILE_DESCRIPTION(('Open CASCADE Model'),'2;1');
FILE_NAME('Open CASCADE Shape Model','2026-08-24T13:04:11',('Author'),(
    'Open CASCADE'),'Open CASCADE STEP processor 7.7','Open CASCADE 7.7'
  ,'Unknown');
FILE_SCHEMA(('AUTOMOTIVE_DESIGN { 1 0 10303 214 1 1 1 1 }'));
ENDSEC;
DATA;
#1 = APPLICATION_PROTOCOL_DEFINITION('international standard',
  'automotive_design',2000,#2);
#2 = APPLICATION_CONTEXT(
  'core data for automotive mechanical design processes');
#3 = SHAPE_DEFINITION_REPRESENTATION(#4,#10);
#4 = PRODUCT_DEFINITION_SHAPE('','',#5);
#5 = PRODUCT_DEFINITION('design','',#6,#9);
#6 = PRODUCT_DEFINITION_FORMATION('','',#7);
#7 = PRODUCT('Open CASCADE STEP translator 7.7 1',
  'Open CASCADE STEP translator 7.7 1','',(#8));
#8 = PRODUCT_CONTEXT('',#2,'mechanical');
#9 = PRODUCT_DEFINITION_CONTEXT('part definition',#2,'design');
#10 = SHAPE_REPRESENTATION('',(#11,#15,#19),#23);
#11 = AXIS2_PLACEMENT_3D('',#12,#13,#14);
#12 = CARTESIAN_POINT('',(0.,0.,0.));
#13 = DIRECTION('',(0.,0.,1.));
#14 = DIRECTION('',(1.,0.,-0.));
#15 = AXIS2_PLACEMENT_3D('',#16,#17,#18);
#16 = CARTESIAN_POINT('',(0.,0.,0.));
#17 = DIRECTION('',(0.,0.,1.));
#18 = DIRECTION('',(1.,0.,-0.));
#19 = AXIS2_PLACEMENT_3D('',#20,#21,#22);
#20 = CARTESIAN_POINT('',(0.,0.,0.));
#21 = DIRECTION('',(0.,0.,1.));
#22 = DIRECTION('',(1.,0.,-0.));
#23 = ( GEOMETRIC_REPRESENTATION_CONTEXT(3) 
GLOBAL_UNCERTAINTY_ASSIGNED_CONTEXT((#27)) GLOBAL_UNIT_ASSIGNED_CONTEXT(
(#24,#25,#26)) REPRESENTATION_CONTEXT('Context #1',
  '3D Context with UNIT and UNCERTAINTY') );
#24 = ( LENGTH_UNIT() NAMED_UNIT(*) SI_UNIT(.MILLI.,.METRE.) );
#25 = ( NAMED_UNIT(*) PLANE_ANGLE_UNIT() SI_UNIT($,.RADIAN.) );
#26 = ( NAMED_UNIT(*) SI_UNIT($,.STERADIAN.) SOLID_ANGLE_UNIT() );
#27 = UNCERTAINTY_MEASURE_WITH_UNIT(LENGTH_MEASURE(1.E-07),#24,
  'distance_accuracy_value','confusion accuracy');
#28 = PRODUCT_RELATED_PRODUCT_CATEGORY('part',$,(#7));
#29 = SHAPE_DEFINITION_REPRESENTATION(#30,#36);
#30 = PRODUCT_DEFINITION_SHAPE('','',#31);
#31 = PRODUCT_DEFINITION('design','',#32,#35);
#32 = PRODUCT_DEFINITION_FORMATION('','',#33);
#33 = PRODUCT('Open CASCADE STEP translator 7.7 1.1',
  'Open CASCADE STEP translator 7.7 1.1','',(#34));
#34 = PRODUCT_CONTEXT('',#2,'mechanical');
#35 = PRODUCT_DEFINITION_CONTEXT('part definition',#2,'design');
#36 = ADVANCED_BREP_SHAPE_REPRESENTATION('',(#11,#37),#1687);
#37 = MANIFOLD_SOLID_BREP('',#38);
#38 = CLOSED_SHELL('',(#39,#445,#521,#753,#955,#982,#1031,#1059,#1087,
    #1094,#1121,#1148,#1175,#1202,#1537,#1564,#1571,#1624,#1652,#1680));
#39 = ADVANCED_FACE('',(#40,#161,#313),#54,.T.);
#40 = FACE_BOUND('',#41,.T.);
#41 = EDGE_LOOP('',(#42,#77,#106,#134));
#42 = ORIENTED_EDGE('',*,*,#43,.T.);
#43 = EDGE_CURVE('',#44,#46,#48,.T.);
#44 = VERTEX_POINT('',#45);
#45 = CARTESIAN_POINT('',(-5.,100.,-58.));
#46 = VERTEX_POINT('',#47);
#47 = CARTESIAN_POINT('',(-5.,-99.,-58.));
#48 = SURFACE_CURVE('',#49,(#53,#65),.PCURVE_S1.);
#49 = LINE('',#50,#51);
#50 = CARTESIAN_POINT('',(-5.,100.,-58.));
#51 = VECTOR('',#52,1.);
#52 = DIRECTION('',(-0.,-1.,-0.));
#53 = PCURVE('',#54,#59);
#54 = CYLINDRICAL_SURFACE('',#55,58.235849056604);
#55 = AXIS2_PLACEMENT_3D('',#56,#57,#58);
#56 = CARTESIAN_POINT('',(0.235849056604,100.,5.329070518201E-15));
#57 = DIRECTION('',(0.,1.,0.));
#58 = DIRECTION('',(-8.990766240078E-02,0.,-0.995950105297));
#59 = DEFINITIONAL_REPRESENTATION('',(#60),#64);
#60 = LINE('',#61,#62);
#61 = CARTESIAN_POINT('',(0.,0.));
#62 = VECTOR('',#63,1.);
#63 = DIRECTION('',(0.,-1.));
#64 = ( GEOMETRIC_REPRESENTATION_CONTEXT(2) 
PARAMETRIC_REPRESENTATION_CONTEXT() REPRESENTATION_CONTEXT('2D SPACE',''
  ) );
#65 = PCURVE('',#66,#71);
#66 = PLANE('',#67);
#67 = AXIS2_PLACEMENT_3D('',#68,#69,#70);
#68 = CARTESIAN_POINT('',(-5.,100.,-52.));
#69 = DIRECTION('',(1.,-0.,8.881784197001E-16));
#70 = DIRECTION('',(8.881784197001E-16,0.,-1.));
#71 = DEFINITIONAL_REPRESENTATION('',(#72),#76);
#72 = LINE('',#73,#74);
#73 = CARTESIAN_POINT('',(6.,0.));
#74 = VECTOR('',#75,1.);
#75 = DIRECTION('',(0.,-1.));
#76 = ( GEOMETRIC_REPRESENTATION_CONTEXT(2) 
PARAMETRIC_REPRESENTATION_CONTEXT() REPRESENTATION_CONTEXT('2D SPACE',''
  ) );
#77 = ORIENTED_EDGE('',*,*,#78,.T.);
#78 = EDGE_CURVE('',#46,#79,#81,.T.);
#79 = VERTEX_POINT('',#80);
#80 = CARTESIAN_POINT('',(-5.,-99.,58.));
#81 = SURFACE_CURVE('',#82,(#87,#94),.PCURVE_S1.);
#82 = CIRCLE('',#83,58.235849056604);
#83 = AXIS2_PLACEMENT_3D('',#84,#85,#86);
#84 = CARTESIAN_POINT('',(0.235849056604,-99.,5.329070518201E-15));
#85 = DIRECTION('',(0.,1.,0.));
#86 = DIRECTION('',(-8.990766240078E-02,0.,-0.995950105297));
#87 = PCURVE('',#54,#88);
#88 = DEFINITIONAL_REPRESENTATION('',(#89),#93);
#89 = LINE('',#90,#91);
#90 = CARTESIAN_POINT('',(0.,-199.));
#91 = VECTOR('',#92,1.);
#92 = DIRECTION('',(1.,0.));
#93 = ( GEOMETRIC_REPRESENTATION_CONTEXT(2) 
PARAMETRIC_REPRESENTATION_CONTEXT() REPRESENTATION_CONTEXT('2D SPACE',''
  ) );
#94 = PCURVE('',#95,#100);
#95 = PLANE('',#96);
#96 = AXIS2_PLACEMENT_3D('',#97,#98,#99);
#97 = CARTESIAN_POINT('',(-32.97763549872,-99.,5.05903415205E-15));
#98 = DIRECTION('',(0.,1.,0.));
#99 = DIRECTION('',(0.,0.,1.));
#100 = DEFINITIONAL_REPRESENTATION('',(#101),#105);
#101 = CIRCLE('',#102,58.235849056604);
#102 = AXIS2_PLACEMENT_2D('',#103,#104);
#103 = CARTESIAN_POINT('',(2.700363661508E-16,33.213484555325));
#104 = DIRECTION('',(-0.995950105297,-8.990766240078E-02));
#105 = ( GEOMETRIC_REPRESENTATION_CONTEXT(2) 
PARAMETRIC_REPRESENTATION_CONTEXT() REPRESENTATION_CONTEXT('2D SPACE',''
  ) );
#106 = ORIENTED_EDGE('',*,*,#107,.F.);
#107 = EDGE_CURVE('',#108,#79,#110,.T.);
#108 = VERTEX_POINT('',#109);
#109 = CARTESIAN_POINT('',(-5.,100.,58.));
#110 = SURFACE_CURVE('',#111,(#115,#122),.PCURVE_S1.);
#111 = LINE('',#112,#113);
#112 = CARTESIAN_POINT('',(-5.,100.,58.));
#113 = VECTOR('',#114,1.);
#114 = DIRECTION('',(-0.,-1.,-0.));
#115 = PCURVE('',#54,#116);
#116 = DEFINITIONAL_REPRESENTATION('',(#117),#121);
#117 = LINE('',#118,#119);
#118 = CARTESIAN_POINT('',(2.961534190492,0.));
#119 = VECTOR('',#120,1.);
#120 = DIRECTION('',(0.,-1.));
#121 = ( GEOMETRIC_REPRESENTATION_CONTEXT(2) 
PARAMETRIC_REPRESENTATION_CONTEXT() REPRESENTATION_CONTEXT('2D SPACE',''
  ) );
#122 = PCURVE('',#123,#128);
#123 = PLANE('',#124);
#124 = AXIS2_PLACEMENT_3D('',#125,#126,#127);
#125 = CARTESIAN_POINT('',(-5.,100.,58.));
#126 = DIRECTION('',(1.,-0.,2.960594732334E-15));
#127 = DIRECTION('',(2.960594732334E-15,0.,-1.));
#128 = DEFINITIONAL_REPRESENTATION('',(#129),#133);
#129 = LINE('',#130,#131);
#130 = CARTESIAN_POINT('',(0.,0.));
#131 = VECTOR('',#132,1.);
#132 = DIRECTION('',(0.,-1.));
#133 = ( GEOMETRIC_REPRESENTATION_CONTEXT(2) 
PARAMETRIC_REPRESENTATION_CONTEXT() REPRESENTATION_CONTEXT('2D SPACE',''
  ) );
#134 = ORIENTED_EDGE('',*,*,#135,.F.);
#135 = EDGE_CURVE('',#44,#108,#136,.T.);
#136 = SURFACE_CURVE('',#137,(#142,#149),.PCURVE_S1.);
#137 = CIRCLE('',#138,58.235849056604);
#138 = AXIS2_PLACEMENT_3D('',#139,#140,#141);
#139 = CARTESIAN_POINT('',(0.235849056604,100.,5.329070518201E-15));
#140 = DIRECTION('',(0.,1.,0.));
#141 = DIRECTION('',(-8.990766240078E-02,0.,-0.995950105297));
#142 = PCURVE('',#54,#143);
#143 = DEFINITIONAL_REPRESENTATION('',(#144),#148);
#144 = LINE('',#145,#146);
#145 = CARTESIAN_POINT('',(0.,0.));
#146 = VECTOR('',#147,1.);
#147 = DIRECTION('',(1.,0.));
#148 = ( GEOMETRIC_REPRESENTATION_CONTEXT(2) 
PARAMETRIC_REPRESENTATION_CONTEXT() REPRESENTATION_CONTEXT('2D SPACE',''
  ) );
#149 = PCURVE('',#150,#155);
#150 = PLANE('',#151);
#151 = AXIS2_PLACEMENT_3D('',#152,#153,#154);
#152 = CARTESIAN_POINT('',(-32.97763549872,100.,5.05903415205E-15));
#153 = DIRECTION('',(0.,1.,0.));
#154 = DIRECTION('',(0.,0.,1.));
#155 = DEFINITIONAL_REPRESENTATION('',(#156),#160);
#156 = CIRCLE('',#157,58.235849056604);
#157 = AXIS2_PLACEMENT_2D('',#158,#159);
#158 = CARTESIAN_POINT('',(2.700363661508E-16,33.213484555325));
#159 = DIRECTION('',(-0.995950105297,-8.990766240078E-02));
#160 = ( GEOMETRIC_REPRESENTATION_CONTEXT(2) 
PARAMETRIC_REPRESENTATION_CONTEXT() REPRESENTATION_CONTEXT('2D SPACE',''
  ) );
#161 = FACE_BOUND('',#162,.T.);
#162 = EDGE_LOOP('',(#163,#214,#240,#289));
#163 = ORIENTED_EDGE('',*,*,#164,.F.);
#164 = EDGE_CURVE('',#165,#167,#169,.T.);
#165 = VERTEX_POINT('',#166);
#166 = CARTESIAN_POINT('',(-47.74762846788,-87.86446366815,-33.));
#167 = VERTEX_POINT('',#168);
#168 = CARTESIAN_POINT('',(-53.26568470966,-84.63313082008,-23.));
#169 = SURFACE_CURVE('',#170,(#181,#195),.PCURVE_S1.);
#170 = B_SPLINE_CURVE_WITH_KNOTS('',5,(#171,#172,#173,#174,#175,#176,
    #177,#178,#179,#180),.UNSPECIFIED.,.F.,.F.,(6,4,6),(0.,
    0.305021780724,1.),.UNSPECIFIED.);
#171 = CARTESIAN_POINT('',(-47.74762805524,-87.86446389239,-33.0000006)
  );
#172 = CARTESIAN_POINT('',(-48.14900068609,-87.64634851058,
    -32.41638683952));
#173 = CARTESIAN_POINT('',(-48.54032202317,-87.43072660324,
    -31.8283843754));
#174 = CARTESIAN_POINT('',(-48.92166534901,-87.21781862785,
    -31.23610885004));
#175 = CARTESIAN_POINT('',(-49.29309169973,-87.0078422534,
    -30.63967132798));
#176 = CARTESIAN_POINT('',(-50.47844365875,-86.3297598798,
    -28.67098230292));
#177 = CARTESIAN_POINT('',(-51.25108304329,-85.87479950905,
    -27.2816101699));
#178 = CARTESIAN_POINT('',(-51.97300551531,-85.43874979603,
    -25.87252416979));
#179 = CARTESIAN_POINT('',(-52.64449868615,-85.02408763306,
    -24.44497417561));
#180 = CARTESIAN_POINT('',(-53.2656849676,-84.63313065775,-22.9999994));
#181 = PCURVE('',#54,#182);
#182 = DEFINITIONAL_REPRESENTATION('',(#183),#194);
#183 = B_SPLINE_CURVE_WITH_KNOTS('',5,(#184,#185,#186,#187,#188,#189,
    #190,#191,#192,#193),.UNSPECIFIED.,.F.,.F.,(6,4,6),(0.,
    0.305021780724,1.),.UNSPECIFIED.);
#184 = CARTESIAN_POINT('',(0.87831900299,-187.8644638923));
#185 = CARTESIAN_POINT('',(0.890481809764,-187.6463485105));
#186 = CARTESIAN_POINT('',(0.902608908741,-187.4307266032));
#187 = CARTESIAN_POINT('',(0.914703116393,-187.2178186278));
#188 = CARTESIAN_POINT('',(0.926767085644,-187.0078422534));
#189 = CARTESIAN_POINT('',(0.966227284833,-186.3297598798));
#190 = CARTESIAN_POINT('',(0.993509686478,-185.874799509));
#191 = CARTESIAN_POINT('',(1.020675840918,-185.438749796));
#192 = CARTESIAN_POINT('',(1.047750227036,-185.024087633));
#193 = CARTESIAN_POINT('',(1.074758326934,-184.6331306577));
#194 = ( GEOMETRIC_REPRESENTATION_CONTEXT(2) 
PARAMETRIC_REPRESENTATION_CONTEXT() REPRESENTATION_CONTEXT('2D SPACE',''
  ) );
#195 = PCURVE('',#196,#201);
#196 = CYLINDRICAL_SURFACE('',#197,100.);
#197 = AXIS2_PLACEMENT_3D('',#198,#199,#200);
#198 = CARTESIAN_POINT('',(0.,0.,-33.));
#199 = DIRECTION('',(-0.,-0.,-1.));
#200 = DIRECTION('',(1.,0.,0.));
#201 = DEFINITIONAL_REPRESENTATION('',(#202),#213);
#202 = B_SPLINE_CURVE_WITH_KNOTS('',5,(#203,#204,#205,#206,#207,#208,
    #209,#210,#211,#212),.UNSPECIFIED.,.F.,.F.,(6,4,6),(0.,
    0.305021780724,1.),.UNSPECIFIED.);
#203 = CARTESIAN_POINT('',(-4.214608803936,5.999999999062E-07));
#204 = CARTESIAN_POINT('',(-4.210040715621,-0.583613160473));
#205 = CARTESIAN_POINT('',(-4.205572847699,-1.171615624598));
#206 = CARTESIAN_POINT('',(-4.201205412369,-1.763891149956));
#207 = CARTESIAN_POINT('',(-4.196938763199,-2.360328672016));
#208 = CARTESIAN_POINT('',(-4.18328279391,-4.329017697079));
#209 = CARTESIAN_POINT('',(-4.174317115821,-5.718389830096));
#210 = CARTESIAN_POINT('',(-4.165883786253,-7.127475830208));
#211 = CARTESIAN_POINT('',(-4.15799200321,-8.555025824387));
#212 = CARTESIAN_POINT('',(-4.15065225013,-10.0000006));
#213 = ( GEOMETRIC_REPRESENTATION_CONTEXT(2) 
PARAMETRIC_REPRESENTATION_CONTEXT() REPRESENTATION_CONTEXT('2D SPACE',''
  ) );
#214 = ORIENTED_EDGE('',*,*,#215,.T.);
#215 = EDGE_CURVE('',#165,#216,#218,.T.);
#216 = VERTEX_POINT('',#217);
#217 = CARTESIAN_POINT('',(-47.74762846788,-86.72464456942,-33.));
#218 = SURFACE_CURVE('',#219,(#223,#229),.PCURVE_S1.);
#219 = LINE('',#220,#221);
#220 = CARTESIAN_POINT('',(-47.74762846788,100.,-33.));
#221 = VECTOR('',#222,1.);
#222 = DIRECTION('',(0.,1.,0.));
#223 = PCURVE('',#54,#224);
#224 = DEFINITIONAL_REPRESENTATION('',(#225),#228);
#225 = B_SPLINE_CURVE_WITH_KNOTS('',1,(#226,#227),.UNSPECIFIED.,.F.,.F.,
  (2,2),(-199.0000006,6.000000070117E-07),.PIECEWISE_BEZIER_KNOTS.);
#226 = CARTESIAN_POINT('',(0.878319015494,-199.0000006));
#227 = CARTESIAN_POINT('',(0.878319015494,6.000000070117E-07));
#228 = ( GEOMETRIC_REPRESENTATION_CONTEXT(2) 
PARAMETRIC_REPRESENTATION_CONTEXT() REPRESENTATION_CONTEXT('2D SPACE',''
  ) );
#229 = PCURVE('',#230,#235);
#230 = PLANE('',#231);
#231 = AXIS2_PLACEMENT_3D('',#232,#233,#234);
#232 = CARTESIAN_POINT('',(-3.500646739301E-15,6.419784220745E-15,-33.)
  );
#233 = DIRECTION('',(0.,0.,1.));
#234 = DIRECTION('',(1.,0.,0.));
#235 = DEFINITIONAL_REPRESENTATION('',(#236),#239);
#236 = B_SPLINE_CURVE_WITH_KNOTS('',1,(#237,#238),.UNSPECIFIED.,.F.,.F.,
  (2,2),(-199.0000006,6.000000070117E-07),.PIECEWISE_BEZIER_KNOTS.);
#237 = CARTESIAN_POINT('',(-47.74762846788,-99.0000006));
#238 = CARTESIAN_POINT('',(-47.74762846788,100.0000006));
#239 = ( GEOMETRIC_REPRESENTATION_CONTEXT(2) 
PARAMETRIC_REPRESENTATION_CONTEXT() REPRESENTATION_CONTEXT('2D SPACE',''
  ) );
#240 = ORIENTED_EDGE('',*,*,#241,.T.);
#241 = EDGE_CURVE('',#216,#242,#244,.T.);
#242 = VERTEX_POINT('',#243);
#243 = CARTESIAN_POINT('',(-53.26568470966,-83.44918712851,-23.));
#244 = SURFACE_CURVE('',#245,(#256,#270),.PCURVE_S1.);
#245 = B_SPLINE_CURVE_WITH_KNOTS('',5,(#246,#247,#248,#249,#250,#251,
    #252,#253,#254,#255),.UNSPECIFIED.,.F.,.F.,(6,4,6),(0.,
    0.378026506202,1.),.UNSPECIFIED.);
#246 = CARTESIAN_POINT('',(-47.74762805524,-86.7246447966,-33.0000006));
#247 = CARTESIAN_POINT('',(-48.24496651198,-86.45082722485,
    -32.2768482357));
#248 = CARTESIAN_POINT('',(-48.7268928592,-86.18084934694,
    -31.54692799486));
#249 = CARTESIAN_POINT('',(-49.1935359768,-85.91514243056,
    -30.81047200942));
#250 = CARTESIAN_POINT('',(-49.6450061874,-85.65412593859,
    -30.06768593514));
#251 = CARTESIAN_POINT('',(-50.79939367568,-84.97714058079,
    -28.08651008841));
#252 = CARTESIAN_POINT('',(-51.47659921526,-84.56985549721,
    -26.83756430484));
#253 = CARTESIAN_POINT('',(-52.1132826707,-84.17824763332,
    -25.57292946935));
#254 = CARTESIAN_POINT('',(-52.70962072594,-83.80412322863,
    -24.2934903009));
#255 = CARTESIAN_POINT('',(-53.2656849676,-83.44918696387,-22.9999994));
#256 = PCURVE('',#54,#257);
#257 = DEFINITIONAL_REPRESENTATION('',(#258),#269);
#258 = B_SPLINE_CURVE_WITH_KNOTS('',5,(#259,#260,#261,#262,#263,#264,
    #265,#266,#267,#268),.UNSPECIFIED.,.F.,.F.,(6,4,6),(0.,
    0.378026506202,1.),.UNSPECIFIED.);
#259 = CARTESIAN_POINT('',(0.87831900299,-186.7246447966));
#260 = CARTESIAN_POINT('',(0.893389865041,-186.4508272248));
#261 = CARTESIAN_POINT('',(0.908406522177,-186.1808493469));
#262 = CARTESIAN_POINT('',(0.923374049405,-185.9151424305));
#263 = CARTESIAN_POINT('',(0.938297473744,-185.6541259385));
#264 = CARTESIAN_POINT('',(0.97767116906,-184.9771405807));
#265 = CARTESIAN_POINT('',(1.00205578468,-184.5698554972));
#266 = CARTESIAN_POINT('',(1.026353457588,-184.1782476333));
#267 = CARTESIAN_POINT('',(1.050581620144,-183.8041232286));
#268 = CARTESIAN_POINT('',(1.074758326934,-183.4491869638));
#269 = ( GEOMETRIC_REPRESENTATION_CONTEXT(2) 
PARAMETRIC_REPRESENTATION_CONTEXT() REPRESENTATION_CONTEXT('2D SPACE',''
  ) );
#270 = PCURVE('',#271,#276);
#271 = CYLINDRICAL_SURFACE('',#272,99.);
#272 = AXIS2_PLACEMENT_3D('',#273,#274,#275);
#273 = CARTESIAN_POINT('',(0.,0.,-33.));
#274 = DIRECTION('',(-0.,-0.,-1.));
#275 = DIRECTION('',(1.,0.,0.));
#276 = DEFINITIONAL_REPRESENTATION('',(#277),#288);
#277 = B_SPLINE_CURVE_WITH_KNOTS('',5,(#278,#279,#280,#281,#282,#283,
    #284,#285,#286,#287),.UNSPECIFIED.,.F.,.F.,(6,4,6),(0.,
    0.378026506202,1.),.UNSPECIFIED.);
#278 = CARTESIAN_POINT('',(-4.209111437031,5.999999999062E-07));
#279 = CARTESIAN_POINT('',(-4.203376752757,-0.723151764291));
#280 = CARTESIAN_POINT('',(-4.197797147678,-1.453072005131));
#281 = CARTESIAN_POINT('',(-4.192373195573,-2.189527990578));
#282 = CARTESIAN_POINT('',(-4.187105689047,-2.932314064859));
#283 = CARTESIAN_POINT('',(-4.173587987427,-4.913489911587));
#284 = CARTESIAN_POINT('',(-4.165606195212,-6.162435695154));
#285 = CARTESIAN_POINT('',(-4.158056350839,-7.427070530647));
#286 = CARTESIAN_POINT('',(-4.150945656291,-8.706509699098));
#287 = CARTESIAN_POINT('',(-4.144282149289,-10.0000006));
#288 = ( GEOMETRIC_REPRESENTATION_CONTEXT(2) 
PARAMETRIC_REPRESENTATION_CONTEXT() REPRESENTATION_CONTEXT('2D SPACE',''
  ) );
#289 = ORIENTED_EDGE('',*,*,#290,.F.);
#290 = EDGE_CURVE('',#167,#242,#291,.T.);
#291 = SURFACE_CURVE('',#292,(#296,#302),.PCURVE_S1.);
#292 = LINE('',#293,#294);
#293 = CARTESIAN_POINT('',(-53.26568470966,100.,-23.));
#294 = VECTOR('',#295,1.);
#295 = DIRECTION('',(0.,1.,0.));
#296 = PCURVE('',#54,#297);
#297 = DEFINITIONAL_REPRESENTATION('',(#298),#301);
#298 = B_SPLINE_CURVE_WITH_KNOTS('',1,(#299,#300),.UNSPECIFIED.,.F.,.F.,
  (2,2),(-199.0000006,6.000000070117E-07),.PIECEWISE_BEZIER_KNOTS.);
#299 = CARTESIAN_POINT('',(1.074758315719,-199.0000006));
#300 = CARTESIAN_POINT('',(1.074758315719,6.000000070117E-07));
#301 = ( GEOMETRIC_REPRESENTATION_CONTEXT(2) 
PARAMETRIC_REPRESENTATION_CONTEXT() REPRESENTATION_CONTEXT('2D SPACE',''
  ) );
#302 = PCURVE('',#303,#308);
#303 = PLANE('',#304);
#304 = AXIS2_PLACEMENT_3D('',#305,#306,#307);
#305 = CARTESIAN_POINT('',(-3.500646739301E-15,6.419784220745E-15,-23.)
  );
#306 = DIRECTION('',(0.,0.,1.));
#307 = DIRECTION('',(1.,0.,0.));
#308 = DEFINITIONAL_REPRESENTATION('',(#309),#312);
#309 = B_SPLINE_CURVE_WITH_KNOTS('',1,(#310,#311),.UNSPECIFIED.,.F.,.F.,
  (2,2),(-199.0000006,6.000000070117E-07),.PIECEWISE_BEZIER_KNOTS.);
#310 = CARTESIAN_POINT('',(-53.26568470966,-99.0000006));
#311 = CARTESIAN_POINT('',(-53.26568470966,100.0000006));
#312 = ( GEOMETRIC_REPRESENTATION_CONTEXT(2) 
PARAMETRIC_REPRESENTATION_CONTEXT() REPRESENTATION_CONTEXT('2D SPACE',''
  ) );
#313 = FACE_BOUND('',#314,.T.);
#314 = EDGE_LOOP('',(#315,#338,#382,#403));
#315 = ORIENTED_EDGE('',*,*,#316,.T.);
#316 = EDGE_CURVE('',#317,#319,#321,.T.);
#317 = VERTEX_POINT('',#318);
#318 = CARTESIAN_POINT('',(-47.74762846788,86.724644569421,-33.));
#319 = VERTEX_POINT('',#320);
#320 = CARTESIAN_POINT('',(-47.74762846788,87.864463668154,-33.));
#321 = SURFACE_CURVE('',#322,(#326,#332),.PCURVE_S1.);
#322 = LINE('',#323,#324);
#323 = CARTESIAN_POINT('',(-47.74762846788,100.,-33.));
#324 = VECTOR('',#325,1.);
#325 = DIRECTION('',(0.,1.,0.));
#326 = PCURVE('',#54,#327);
#327 = DEFINITIONAL_REPRESENTATION('',(#328),#331);
#328 = B_SPLINE_CURVE_WITH_KNOTS('',1,(#329,#330),.UNSPECIFIED.,.F.,.F.,
  (2,2),(-199.0000006,6.000000070117E-07),.PIECEWISE_BEZIER_KNOTS.);
#329 = CARTESIAN_POINT('',(0.878319015494,-199.0000006));
#330 = CARTESIAN_POINT('',(0.878319015494,6.000000070117E-07));
#331 = ( GEOMETRIC_REPRESENTATION_CONTEXT(2) 
PARAMETRIC_REPRESENTATION_CONTEXT() REPRESENTATION_CONTEXT('2D SPACE',''
  ) );
#332 = PCURVE('',#230,#333);
#333 = DEFINITIONAL_REPRESENTATION('',(#334),#337);
#334 = B_SPLINE_CURVE_WITH_KNOTS('',1,(#335,#336),.UNSPECIFIED.,.F.,.F.,
  (2,2),(-199.0000006,6.000000070117E-07),.PIECEWISE_BEZIER_KNOTS.);
#335 = CARTESIAN_POINT('',(-47.74762846788,-99.0000006));
#336 = CARTESIAN_POINT('',(-47.74762846788,100.0000006));
#337 = ( GEOMETRIC_REPRESENTATION_CONTEXT(2) 
PARAMETRIC_REPRESENTATION_CONTEXT() REPRESENTATION_CONTEXT('2D SPACE',''
  ) );
#338 = ORIENTED_EDGE('',*,*,#339,.T.);
#339 = EDGE_CURVE('',#319,#340,#342,.T.);
#340 = VERTEX_POINT('',#341);
#341 = CARTESIAN_POINT('',(-53.26568470966,84.633130820089,-23.));
#342 = SURFACE_CURVE('',#343,(#354,#368),.PCURVE_S1.);
#343 = B_SPLINE_CURVE_WITH_KNOTS('',5,(#344,#345,#346,#347,#348,#349,
    #350,#351,#352,#353),.UNSPECIFIED.,.F.,.F.,(6,4,6),(0.,0.37797500623
    ,1.),.UNSPECIFIED.);
#344 = CARTESIAN_POINT('',(-47.74762805524,87.864463892394,-33.0000006)
  );
#345 = CARTESIAN_POINT('',(-48.24499789784,87.594181354968,
    -32.27680259925));
#346 = CARTESIAN_POINT('',(-48.72693998691,87.327724119623,
    -31.54685578487));
#347 = CARTESIAN_POINT('',(-49.1935829286,87.06551749309,-30.81039598712
    ));
#348 = CARTESIAN_POINT('',(-49.64503722145,86.807974478789,
    -30.06763267408));
#349 = CARTESIAN_POINT('',(-50.79949989162,86.13999723743,
    -28.08632779913));
#350 = CARTESIAN_POINT('',(-51.47675195755,85.738195897275,
    -26.83727650696));
#351 = CARTESIAN_POINT('',(-52.11342784394,85.351954813066,
    -25.57262701607));
#352 = CARTESIAN_POINT('',(-52.70971168678,84.983044425519,
    -24.29327871201));
#353 = CARTESIAN_POINT('',(-53.2656849676,84.633130657751,-22.9999994));
#354 = PCURVE('',#54,#355);
#355 = DEFINITIONAL_REPRESENTATION('',(#356),#367);
#356 = B_SPLINE_CURVE_WITH_KNOTS('',5,(#357,#358,#359,#360,#361,#362,
    #363,#364,#365,#366),.UNSPECIFIED.,.F.,.F.,(6,4,6),(0.,0.37797500623
    ,1.),.UNSPECIFIED.);
#357 = CARTESIAN_POINT('',(0.87831900299,-12.1355361076));
#358 = CARTESIAN_POINT('',(0.893390816128,-12.40581864503));
#359 = CARTESIAN_POINT('',(0.908408002349,-12.67227588037));
#360 = CARTESIAN_POINT('',(0.923375583286,-12.93448250691));
#361 = CARTESIAN_POINT('',(0.938298532249,-13.19202552121));
#362 = CARTESIAN_POINT('',(0.97767479186,-13.86000276257));
#363 = CARTESIAN_POINT('',(1.002061375112,-14.26180410272));
#364 = CARTESIAN_POINT('',(1.026359213524,-14.64804518693));
#365 = CARTESIAN_POINT('',(1.050585574963,-15.01695557448));
#366 = CARTESIAN_POINT('',(1.074758326934,-15.36686934224));
#367 = ( GEOMETRIC_REPRESENTATION_CONTEXT(2) 
PARAMETRIC_REPRESENTATION_CONTEXT() REPRESENTATION_CONTEXT('2D SPACE',''
  ) );
#368 = PCURVE('',#196,#369);
#369 = DEFINITIONAL_REPRESENTATION('',(#370),#381);
#370 = B_SPLINE_CURVE_WITH_KNOTS('',5,(#371,#372,#373,#374,#375,#376,
    #377,#378,#379,#380),.UNSPECIFIED.,.F.,.F.,(6,4,6),(0.,0.37797500623
    ,1.),.UNSPECIFIED.);
#371 = CARTESIAN_POINT('',(-2.068576503243,5.999999999062E-07));
#372 = CARTESIAN_POINT('',(-2.074237151707,-0.723197400748));
#373 = CARTESIAN_POINT('',(-2.079743981607,-1.453144215123));
#374 = CARTESIAN_POINT('',(-2.085096464147,-2.189604012872));
#375 = CARTESIAN_POINT('',(-2.090293861966,-2.93236732592));
#376 = CARTESIAN_POINT('',(-2.103631694068,-4.913672200862));
#377 = CARTESIAN_POINT('',(-2.111505960186,-6.162723493034));
#378 = CARTESIAN_POINT('',(-2.118952278315,-7.427372983925));
#379 = CARTESIAN_POINT('',(-2.125963841466,-8.70672128799));
#380 = CARTESIAN_POINT('',(-2.13253305705,-10.0000006));
#381 = ( GEOMETRIC_REPRESENTATION_CONTEXT(2) 
PARAMETRIC_REPRESENTATION_CONTEXT() REPRESENTATION_CONTEXT('2D SPACE',''
  ) );
#382 = ORIENTED_EDGE('',*,*,#383,.F.);
#383 = EDGE_CURVE('',#384,#340,#386,.T.);
#384 = VERTEX_POINT('',#385);
#385 = CARTESIAN_POINT('',(-53.26568470966,83.449187128517,-23.));
#386 = SURFACE_CURVE('',#387,(#391,#397),.PCURVE_S1.);
#387 = LINE('',#388,#389);
#388 = CARTESIAN_POINT('',(-53.26568470966,100.,-23.));
#389 = VECTOR('',#390,1.);
#390 = DIRECTION('',(0.,1.,0.));
#391 = PCURVE('',#54,#392);
#392 = DEFINITIONAL_REPRESENTATION('',(#393),#396);
#393 = B_SPLINE_CURVE_WITH_KNOTS('',1,(#394,#395),.UNSPECIFIED.,.F.,.F.,
  (2,2),(-199.0000006,6.000000070117E-07),.PIECEWISE_BEZIER_KNOTS.);
#394 = CARTESIAN_POINT('',(1.074758315719,-199.0000006));
#395 = CARTESIAN_POINT('',(1.074758315719,6.000000070117E-07));
#396 = ( GEOMETRIC_REPRESENTATION_CONTEXT(2) 
PARAMETRIC_REPRESENTATION_CONTEXT() REPRESENTATION_CONTEXT('2D SPACE',''
  ) );
#397 = PCURVE('',#303,#398);
#398 = DEFINITIONAL_REPRESENTATION('',(#399),#402);
#399 = B_SPLINE_CURVE_WITH_KNOTS('',1,(#400,#401),.UNSPECIFIED.,.F.,.F.,
  (2,2),(-199.0000006,6.000000070117E-07),.PIECEWISE_BEZIER_KNOTS.);
#400 = CARTESIAN_POINT('',(-53.26568470966,-99.0000006));
#401 = CARTESIAN_POINT('',(-53.26568470966,100.0000006));
#402 = ( GEOMETRIC_REPRESENTATION_CONTEXT(2) 
PARAMETRIC_REPRESENTATION_CONTEXT() REPRESENTATION_CONTEXT('2D SPACE',''
  ) );
#403 = ORIENTED_EDGE('',*,*,#404,.F.);
#404 = EDGE_CURVE('',#317,#384,#405,.T.);
#405 = SURFACE_CURVE('',#406,(#417,#431),.PCURVE_S1.);
#406 = B_SPLINE_CURVE_WITH_KNOTS('',5,(#407,#408,#409,#410,#411,#412,
    #413,#414,#415,#416),.UNSPECIFIED.,.F.,.F.,(6,4,6),(0.,
    0.378026505057,1.),.UNSPECIFIED.);
#407 = CARTESIAN_POINT('',(-47.74762805524,86.724644796608,-33.0000006)
  );
#408 = CARTESIAN_POINT('',(-48.24496651442,86.450827223505,
    -32.27684823215));
#409 = CARTESIAN_POINT('',(-48.72689285737,86.180849347996,
    -31.54692799789));
#410 = CARTESIAN_POINT('',(-49.19353597481,85.915142431673,
    -30.8104720124));
#411 = CARTESIAN_POINT('',(-49.64500618953,85.654125937345,
    -30.06768593149));
#412 = CARTESIAN_POINT('',(-50.79939367568,84.977140580795,
    -28.08651008841));
#413 = CARTESIAN_POINT('',(-51.47659921526,84.569855497213,
    -26.83756430484));
#414 = CARTESIAN_POINT('',(-52.1132826707,84.178247633328,
    -25.57292946935));
#415 = CARTESIAN_POINT('',(-52.70962072594,83.804123228631,
    -24.2934903009));
#416 = CARTESIAN_POINT('',(-53.2656849676,83.449186963876,-22.9999994));
#417 = PCURVE('',#54,#418);
#418 = DEFINITIONAL_REPRESENTATION('',(#419),#430);
#419 = B_SPLINE_CURVE_WITH_KNOTS('',5,(#420,#421,#422,#423,#424,#425,
    #426,#427,#428,#429),.UNSPECIFIED.,.F.,.F.,(6,4,6),(0.,
    0.378026505057,1.),.UNSPECIFIED.);
#420 = CARTESIAN_POINT('',(0.87831900299,-13.27535520339));
#421 = CARTESIAN_POINT('',(0.893389865115,-13.54917277649));
#422 = CARTESIAN_POINT('',(0.908406522116,-13.819150652));
#423 = CARTESIAN_POINT('',(0.923374049344,-14.08485756832));
#424 = CARTESIAN_POINT('',(0.938297473817,-14.34587406265));
#425 = CARTESIAN_POINT('',(0.97767116906,-15.0228594192));
#426 = CARTESIAN_POINT('',(1.00205578468,-15.43014450278));
#427 = CARTESIAN_POINT('',(1.026353457588,-15.82175236667));
#428 = CARTESIAN_POINT('',(1.050581620144,-16.19587677136));
#429 = CARTESIAN_POINT('',(1.074758326934,-16.55081303612));
#430 = ( GEOMETRIC_REPRESENTATION_CONTEXT(2) 
PARAMETRIC_REPRESENTATION_CONTEXT() REPRESENTATION_CONTEXT('2D SPACE',''
  ) );
#431 = PCURVE('',#271,#432);
#432 = DEFINITIONAL_REPRESENTATION('',(#433),#444);
#433 = B_SPLINE_CURVE_WITH_KNOTS('',5,(#434,#435,#436,#437,#438,#439,
    #440,#441,#442,#443),.UNSPECIFIED.,.F.,.F.,(6,4,6),(0.,
    0.378026505057,1.),.UNSPECIFIED.);
#434 = CARTESIAN_POINT('',(-2.074073870148,5.999999999062E-07));
#435 = CARTESIAN_POINT('',(-2.079808554451,-0.723151767846));
#436 = CARTESIAN_POINT('',(-2.08538815948,-1.453072002107));
#437 = CARTESIAN_POINT('',(-2.090812111584,-2.1895279876));
#438 = CARTESIAN_POINT('',(-2.096079618157,-2.932314068507));
#439 = CARTESIAN_POINT('',(-2.109597319752,-4.913489911588));
#440 = CARTESIAN_POINT('',(-2.117579111967,-6.162435695153));
#441 = CARTESIAN_POINT('',(-2.12512895634,-7.427070530647));
#442 = CARTESIAN_POINT('',(-2.132239650888,-8.706509699099));
#443 = CARTESIAN_POINT('',(-2.13890315789,-10.0000006));
#444 = ( GEOMETRIC_REPRESENTATION_CONTEXT(2) 
PARAMETRIC_REPRESENTATION_CONTEXT() REPRESENTATION_CONTEXT('2D SPACE',''
  ) );
#445 = ADVANCED_FACE('',(#446),#66,.T.);
#446 = FACE_BOUND('',#447,.T.);
#447 = EDGE_LOOP('',(#448,#478,#499,#500));
#448 = ORIENTED_EDGE('',*,*,#449,.T.);
#449 = EDGE_CURVE('',#450,#452,#454,.T.);
#450 = VERTEX_POINT('',#451);
#451 = CARTESIAN_POINT('',(-5.,100.,-52.));
#452 = VERTEX_POINT('',#453);
#453 = CARTESIAN_POINT('',(-5.,-99.,-52.));
#454 = SURFACE_CURVE('',#455,(#459,#466),.PCURVE_S1.);
#455 = LINE('',#456,#457);
#456 = CARTESIAN_POINT('',(-5.,100.,-52.));
#457 = VECTOR('',#458,1.);
#458 = DIRECTION('',(-0.,-1.,-0.));
#459 = PCURVE('',#66,#460);
#460 = DEFINITIONAL_REPRESENTATION('',(#461),#465);
#461 = LINE('',#462,#463);
#462 = CARTESIAN_POINT('',(0.,0.));
#463 = VECTOR('',#464,1.);
#464 = DIRECTION('',(0.,-1.));
#465 = ( GEOMETRIC_REPRESENTATION_CONTEXT(2) 
PARAMETRIC_REPRESENTATION_CONTEXT() REPRESENTATION_CONTEXT('2D SPACE',''
  ) );
#466 = PCURVE('',#467,#472);
#467 = CYLINDRICAL_SURFACE('',#468,39.385911186616);
#468 = AXIS2_PLACEMENT_3D('',#469,#470,#471);
#469 = CARTESIAN_POINT('',(0.5,100.,-13.));
#470 = DIRECTION('',(-0.,1.,-0.));
#471 = DIRECTION('',(-0.545880477365,-0.,-0.837863058281));
#472 = DEFINITIONAL_REPRESENTATION('',(#473),#477);
#473 = LINE('',#474,#475);
#474 = CARTESIAN_POINT('',(-0.437337891748,0.));
#475 = VECTOR('',#476,1.);
#476 = DIRECTION('',(-0.,-1.));
#477 = ( GEOMETRIC_REPRESENTATION_CONTEXT(2) 
PARAMETRIC_REPRESENTATION_CONTEXT() REPRESENTATION_CONTEXT('2D SPACE',''
  ) );
#478 = ORIENTED_EDGE('',*,*,#479,.T.);
#479 = EDGE_CURVE('',#452,#46,#480,.T.);
#480 = SURFACE_CURVE('',#481,(#485,#492),.PCURVE_S1.);
#481 = LINE('',#482,#483);
#482 = CARTESIAN_POINT('',(-5.,-99.,-52.));
#483 = VECTOR('',#484,1.);
#484 = DIRECTION('',(8.881784197001E-16,0.,-1.));
#485 = PCURVE('',#66,#486);
#486 = DEFINITIONAL_REPRESENTATION('',(#487),#491);
#487 = LINE('',#488,#489);
#488 = CARTESIAN_POINT('',(0.,-199.));
#489 = VECTOR('',#490,1.);
#490 = DIRECTION('',(1.,0.));
#491 = ( GEOMETRIC_REPRESENTATION_CONTEXT(2) 
PARAMETRIC_REPRESENTATION_CONTEXT() REPRESENTATION_CONTEXT('2D SPACE',''
  ) );
#492 = PCURVE('',#95,#493);
#493 = DEFINITIONAL_REPRESENTATION('',(#494),#498);
#494 = LINE('',#495,#496);
#495 = CARTESIAN_POINT('',(-52.,27.977635498721));
#496 = VECTOR('',#497,1.);
#497 = DIRECTION('',(-1.,8.881784197001E-16));
#498 = ( GEOMETRIC_REPRESENTATION_CONTEXT(2) 
PARAMETRIC_REPRESENTATION_CONTEXT() REPRESENTATION_CONTEXT('2D SPACE',''
  ) );
#499 = ORIENTED_EDGE('',*,*,#43,.F.);
#500 = ORIENTED_EDGE('',*,*,#501,.F.);
#501 = EDGE_CURVE('',#450,#44,#502,.T.);
#502 = SURFACE_CURVE('',#503,(#507,#514),.PCURVE_S1.);
#503 = LINE('',#504,#505);
#504 = CARTESIAN_POINT('',(-5.,100.,-52.));
#505 = VECTOR('',#506,1.);
#506 = DIRECTION('',(8.881784197001E-16,0.,-1.));
#507 = PCURVE('',#66,#508);
#508 = DEFINITIONAL_REPRESENTATION('',(#509),#513);
#509 = LINE('',#510,#511);
#510 = CARTESIAN_POINT('',(0.,0.));
#511 = VECTOR('',#512,1.);
#512 = DIRECTION('',(1.,0.));
#513 = ( GEOMETRIC_REPRESENTATION_CONTEXT(2) 
PARAMETRIC_REPRESENTATION_CONTEXT() REPRESENTATION_CONTEXT('2D SPACE',''
  ) );
#514 = PCURVE('',#150,#515);
#515 = DEFINITIONAL_REPRESENTATION('',(#516),#520);
#516 = LINE('',#517,#518);
#517 = CARTESIAN_POINT('',(-52.,27.977635498721));
#518 = VECTOR('',#519,1.);
#519 = DIRECTION('',(-1.,8.881784197001E-16));
#520 = ( GEOMETRIC_REPRESENTATION_CONTEXT(2) 
PARAMETRIC_REPRESENTATION_CONTEXT() REPRESENTATION_CONTEXT('2D SPACE',''
  ) );
#521 = ADVANCED_FACE('',(#522),#150,.T.);
#522 = FACE_BOUND('',#523,.T.);
#523 = EDGE_LOOP('',(#524,#525,#548,#581,#609,#637,#670,#698,#726,#752)
  );
#524 = ORIENTED_EDGE('',*,*,#135,.T.);
#525 = ORIENTED_EDGE('',*,*,#526,.T.);
#526 = EDGE_CURVE('',#108,#527,#529,.T.);
#527 = VERTEX_POINT('',#528);
#528 = CARTESIAN_POINT('',(-5.,100.,52.));
#529 = SURFACE_CURVE('',#530,(#534,#541),.PCURVE_S1.);
#530 = LINE('',#531,#532);
#531 = CARTESIAN_POINT('',(-5.,100.,58.));
#532 = VECTOR('',#533,1.);
#533 = DIRECTION('',(2.960594732334E-15,0.,-1.));
#534 = PCURVE('',#150,#535);
#535 = DEFINITIONAL_REPRESENTATION('',(#536),#540);
#536 = LINE('',#537,#538);
#537 = CARTESIAN_POINT('',(58.,27.977635498721));
#538 = VECTOR('',#539,1.);
#539 = DIRECTION('',(-1.,2.960594732334E-15));
#540 = ( GEOMETRIC_REPRESENTATION_CONTEXT(2) 
PARAMETRIC_REPRESENTATION_CONTEXT() REPRESENTATION_CONTEXT('2D SPACE',''
  ) );
#541 = PCURVE('',#123,#542);
#542 = DEFINITIONAL_REPRESENTATION('',(#543),#547);
#543 = LINE('',#544,#545);
#544 = CARTESIAN_POINT('',(0.,0.));
#545 = VECTOR('',#546,1.);
#546 = DIRECTION('',(1.,0.));
#547 = ( GEOMETRIC_REPRESENTATION_CONTEXT(2) 
PARAMETRIC_REPRESENTATION_CONTEXT() REPRESENTATION_CONTEXT('2D SPACE',''
  ) );
#548 = ORIENTED_EDGE('',*,*,#549,.T.);
#549 = EDGE_CURVE('',#527,#550,#552,.T.);
#550 = VERTEX_POINT('',#551);
#551 = CARTESIAN_POINT('',(-21.,100.,46.));
#552 = SURFACE_CURVE('',#553,(#558,#569),.PCURVE_S1.);
#553 = CIRCLE('',#554,39.385911186616);
#554 = AXIS2_PLACEMENT_3D('',#555,#556,#557);
#555 = CARTESIAN_POINT('',(0.5,100.,13.));
#556 = DIRECTION('',(0.,-1.,0.));
#557 = DIRECTION('',(-0.139643843047,0.,0.99020179615));
#558 = PCURVE('',#150,#559);
#559 = DEFINITIONAL_REPRESENTATION('',(#560),#568);
#560 = ( BOUNDED_CURVE() B_SPLINE_CURVE(2,(#561,#562,#563,#564,#565,#566
,#567),.UNSPECIFIED.,.T.,.F.) B_SPLINE_CURVE_WITH_KNOTS((1,2,2,2,2,1),(
    -2.094395102393,0.,2.094395102393,4.188790204786,6.28318530718,
8.377580409573),.UNSPECIFIED.) CURVE() GEOMETRIC_REPRESENTATION_ITEM() 
RATIONAL_B_SPLINE_CURVE((1.,0.5,1.,0.5,1.,0.5,1.)) REPRESENTATION_ITEM(
  '') );
#561 = CARTESIAN_POINT('',(52.,27.977635498721));
#562 = CARTESIAN_POINT('',(42.473720558371,-39.57234599646));
#563 = CARTESIAN_POINT('',(-11.26313972081,2.452644751128));
#564 = CARTESIAN_POINT('',(-65.,44.477635498721));
#565 = CARTESIAN_POINT('',(-1.736860279186,70.002626246314));
#566 = CARTESIAN_POINT('',(61.526279441629,95.527616993907));
#567 = CARTESIAN_POINT('',(52.,27.977635498721));
#568 = ( GEOMETRIC_REPRESENTATION_CONTEXT(2) 
PARAMETRIC_REPRESENTATION_CONTEXT() REPRESENTATION_CONTEXT('2D SPACE',''
  ) );
#569 = PCURVE('',#570,#575);
#570 = CYLINDRICAL_SURFACE('',#571,39.385911186616);
#571 = AXIS2_PLACEMENT_3D('',#572,#573,#574);
#572 = CARTESIAN_POINT('',(0.5,100.,13.));
#573 = DIRECTION('',(-0.,1.,-0.));
#574 = DIRECTION('',(-0.139643843047,0.,0.99020179615));
#575 = DEFINITIONAL_REPRESENTATION('',(#576),#580);
#576 = LINE('',#577,#578);
#577 = CARTESIAN_POINT('',(-0.,0.));
#578 = VECTOR('',#579,1.);
#579 = DIRECTION('',(-1.,0.));
#580 = ( GEOMETRIC_REPRESENTATION_CONTEXT(2) 
PARAMETRIC_REPRESENTATION_CONTEXT() REPRESENTATION_CONTEXT('2D SPACE',''
  ) );
#581 = ORIENTED_EDGE('',*,*,#582,.T.);
#582 = EDGE_CURVE('',#550,#583,#585,.T.);
#583 = VERTEX_POINT('',#584);
#584 = CARTESIAN_POINT('',(-23.,100.,46.));
#585 = SURFACE_CURVE('',#586,(#590,#597),.PCURVE_S1.);
#586 = LINE('',#587,#588);
#587 = CARTESIAN_POINT('',(-21.,100.,46.));
#588 = VECTOR('',#589,1.);
#589 = DIRECTION('',(-1.,0.,0.));
#590 = PCURVE('',#150,#591);
#591 = DEFINITIONAL_REPRESENTATION('',(#592),#596);
#592 = LINE('',#593,#594);
#593 = CARTESIAN_POINT('',(46.,11.977635498721));
#594 = VECTOR('',#595,1.);
#595 = DIRECTION('',(0.,-1.));
#596 = ( GEOMETRIC_REPRESENTATION_CONTEXT(2) 
PARAMETRIC_REPRESENTATION_CONTEXT() REPRESENTATION_CONTEXT('2D SPACE',''
  ) );
#597 = PCURVE('',#598,#603);
#598 = PLANE('',#599);
#599 = AXIS2_PLACEMENT_3D('',#600,#601,#602);
#600 = CARTESIAN_POINT('',(-21.,100.,46.));
#601 = DIRECTION('',(0.,0.,-1.));
#602 = DIRECTION('',(-1.,0.,0.));
#603 = DEFINITIONAL_REPRESENTATION('',(#604),#608);
#604 = LINE('',#605,#606);
#605 = CARTESIAN_POINT('',(0.,0.));
#606 = VECTOR('',#607,1.);
#607 = DIRECTION('',(1.,0.));
#608 = ( GEOMETRIC_REPRESENTATION_CONTEXT(2) 
PARAMETRIC_REPRESENTATION_CONTEXT() REPRESENTATION_CONTEXT('2D SPACE',''
  ) );
#609 = ORIENTED_EDGE('',*,*,#610,.T.);
#610 = EDGE_CURVE('',#583,#611,#613,.T.);
#611 = VERTEX_POINT('',#612);
#612 = CARTESIAN_POINT('',(-23.,100.,45.));
#613 = SURFACE_CURVE('',#614,(#618,#625),.PCURVE_S1.);
#614 = LINE('',#615,#616);
#615 = CARTESIAN_POINT('',(-23.,100.,46.));
#616 = VECTOR('',#617,1.);
#617 = DIRECTION('',(0.,0.,-1.));
#618 = PCURVE('',#150,#619);
#619 = DEFINITIONAL_REPRESENTATION('',(#620),#624);
#620 = LINE('',#621,#622);
#621 = CARTESIAN_POINT('',(46.,9.977635498721));
#622 = VECTOR('',#623,1.);
#623 = DIRECTION('',(-1.,0.));
#624 = ( GEOMETRIC_REPRESENTATION_CONTEXT(2) 
PARAMETRIC_REPRESENTATION_CONTEXT() REPRESENTATION_CONTEXT('2D SPACE',''
  ) );
#625 = PCURVE('',#626,#631);
#626 = PLANE('',#627);
#627 = AXIS2_PLACEMENT_3D('',#628,#629,#630);
#628 = CARTESIAN_POINT('',(-23.,100.,46.));
#629 = DIRECTION('',(1.,-0.,0.));
#630 = DIRECTION('',(0.,0.,-1.));
#631 = DEFINITIONAL_REPRESENTATION('',(#632),#636);
#632 = LINE('',#633,#634);
#633 = CARTESIAN_POINT('',(0.,0.));
#634 = VECTOR('',#635,1.);
#635 = DIRECTION('',(1.,0.));
#636 = ( GEOMETRIC_REPRESENTATION_CONTEXT(2) 
PARAMETRIC_REPRESENTATION_CONTEXT() REPRESENTATION_CONTEXT('2D SPACE',''
  ) );
#637 = ORIENTED_EDGE('',*,*,#638,.T.);
#638 = EDGE_CURVE('',#611,#639,#641,.T.);
#639 = VERTEX_POINT('',#640);
#640 = CARTESIAN_POINT('',(-23.,100.,-45.));
#641 = SURFACE_CURVE('',#642,(#647,#658),.PCURVE_S1.);
#642 = CIRCLE('',#643,51.);
#643 = AXIS2_PLACEMENT_3D('',#644,#645,#646);
#644 = CARTESIAN_POINT('',(1.,100.,0.));
#645 = DIRECTION('',(-0.,-1.,0.));
#646 = DIRECTION('',(-0.470588235294,0.,0.882352941176));
#647 = PCURVE('',#150,#648);
#648 = DEFINITIONAL_REPRESENTATION('',(#649),#657);
#649 = ( BOUNDED_CURVE() B_SPLINE_CURVE(2,(#650,#651,#652,#653,#654,#655
,#656),.UNSPECIFIED.,.T.,.F.) B_SPLINE_CURVE_WITH_KNOTS((1,2,2,2,2,1),(
    -2.094395102393,0.,2.094395102393,4.188790204786,6.28318530718,
8.377580409573),.UNSPECIFIED.) CURVE() GEOMETRIC_REPRESENTATION_ITEM() 
RATIONAL_B_SPLINE_CURVE((1.,0.5,1.,0.5,1.,0.5,1.)) REPRESENTATION_ITEM(
  '') );
#650 = CARTESIAN_POINT('',(45.,9.977635498721));
#651 = CARTESIAN_POINT('',(3.430780618347,-67.96465084187));
#652 = CARTESIAN_POINT('',(-43.28460969082,7.006492328421));
#653 = CARTESIAN_POINT('',(-90.,81.977635498721));
#654 = CARTESIAN_POINT('',(-1.715390309174,84.948778669021));
#655 = CARTESIAN_POINT('',(86.569219381653,87.919921839321));
#656 = CARTESIAN_POINT('',(45.,9.977635498721));
#657 = ( GEOMETRIC_REPRESENTATION_CONTEXT(2) 
PARAMETRIC_REPRESENTATION_CONTEXT() REPRESENTATION_CONTEXT('2D SPACE',''
  ) );
#658 = PCURVE('',#659,#664);
#659 = CYLINDRICAL_SURFACE('',#660,51.);
#660 = AXIS2_PLACEMENT_3D('',#661,#662,#663);
#661 = CARTESIAN_POINT('',(1.,100.,0.));
#662 = DIRECTION('',(0.,1.,-0.));
#663 = DIRECTION('',(-0.470588235294,0.,0.882352941176));
#664 = DEFINITIONAL_REPRESENTATION('',(#665),#669);
#665 = LINE('',#666,#667);
#666 = CARTESIAN_POINT('',(-0.,0.));
#667 = VECTOR('',#668,1.);
#668 = DIRECTION('',(-1.,0.));
#669 = ( GEOMETRIC_REPRESENTATION_CONTEXT(2) 
PARAMETRIC_REPRESENTATION_CONTEXT() REPRESENTATION_CONTEXT('2D SPACE',''
  ) );
#670 = ORIENTED_EDGE('',*,*,#671,.T.);
#671 = EDGE_CURVE('',#639,#672,#674,.T.);
#672 = VERTEX_POINT('',#673);
#673 = CARTESIAN_POINT('',(-23.,100.,-46.));
#674 = SURFACE_CURVE('',#675,(#679,#686),.PCURVE_S1.);
#675 = LINE('',#676,#677);
#676 = CARTESIAN_POINT('',(-23.,100.,-45.));
#677 = VECTOR('',#678,1.);
#678 = DIRECTION('',(0.,0.,-1.));
#679 = PCURVE('',#150,#680);
#680 = DEFINITIONAL_REPRESENTATION('',(#681),#685);
#681 = LINE('',#682,#683);
#682 = CARTESIAN_POINT('',(-45.,9.977635498721));
#683 = VECTOR('',#684,1.);
#684 = DIRECTION('',(-1.,0.));
#685 = ( GEOMETRIC_REPRESENTATION_CONTEXT(2) 
PARAMETRIC_REPRESENTATION_CONTEXT() REPRESENTATION_CONTEXT('2D SPACE',''
  ) );
#686 = PCURVE('',#687,#692);
#687 = PLANE('',#688);
#688 = AXIS2_PLACEMENT_3D('',#689,#690,#691);
#689 = CARTESIAN_POINT('',(-23.,100.,-45.));
#690 = DIRECTION('',(1.,-0.,0.));
#691 = DIRECTION('',(0.,0.,-1.));
#692 = DEFINITIONAL_REPRESENTATION('',(#693),#697);
#693 = LINE('',#694,#695);
#694 = CARTESIAN_POINT('',(0.,0.));
#695 = VECTOR('',#696,1.);
#696 = DIRECTION('',(1.,0.));
#697 = ( GEOMETRIC_REPRESENTATION_CONTEXT(2) 
PARAMETRIC_REPRESENTATION_CONTEXT() REPRESENTATION_CONTEXT('2D SPACE',''
  ) );
#698 = ORIENTED_EDGE('',*,*,#699,.T.);
#699 = EDGE_CURVE('',#672,#700,#702,.T.);
#700 = VERTEX_POINT('',#701);
#701 = CARTESIAN_POINT('',(-21.,100.,-46.));
#702 = SURFACE_CURVE('',#703,(#707,#714),.PCURVE_S1.);
#703 = LINE('',#704,#705);
#704 = CARTESIAN_POINT('',(-23.,100.,-46.));
#705 = VECTOR('',#706,1.);
#706 = DIRECTION('',(1.,0.,0.));
#707 = PCURVE('',#150,#708);
#708 = DEFINITIONAL_REPRESENTATION('',(#709),#713);
#709 = LINE('',#710,#711);
#710 = CARTESIAN_POINT('',(-46.,9.977635498721));
#711 = VECTOR('',#712,1.);
#712 = DIRECTION('',(0.,1.));
#713 = ( GEOMETRIC_REPRESENTATION_CONTEXT(2) 
PARAMETRIC_REPRESENTATION_CONTEXT() REPRESENTATION_CONTEXT('2D SPACE',''
  ) );
#714 = PCURVE('',#715,#720);
#715 = PLANE('',#716);
#716 = AXIS2_PLACEMENT_3D('',#717,#718,#719);
#717 = CARTESIAN_POINT('',(-23.,100.,-46.));
#718 = DIRECTION('',(0.,0.,1.));
#719 = DIRECTION('',(1.,0.,-0.));
#720 = DEFINITIONAL_REPRESENTATION('',(#721),#725);
#721 = LINE('',#722,#723);
#722 = CARTESIAN_POINT('',(0.,0.));
#723 = VECTOR('',#724,1.);
#724 = DIRECTION('',(1.,0.));
#725 = ( GEOMETRIC_REPRESENTATION_CONTEXT(2) 
PARAMETRIC_REPRESENTATION_CONTEXT() REPRESENTATION_CONTEXT('2D SPACE',''
  ) );
#726 = ORIENTED_EDGE('',*,*,#727,.T.);
#727 = EDGE_CURVE('',#700,#450,#728,.T.);
#728 = SURFACE_CURVE('',#729,(#734,#745),.PCURVE_S1.);
#729 = CIRCLE('',#730,39.385911186616);
#730 = AXIS2_PLACEMENT_3D('',#731,#732,#733);
#731 = CARTESIAN_POINT('',(0.5,100.,-13.));
#732 = DIRECTION('',(0.,-1.,0.));
#733 = DIRECTION('',(-0.545880477365,-0.,-0.837863058281));
#734 = PCURVE('',#150,#735);
#735 = DEFINITIONAL_REPRESENTATION('',(#736),#744);
#736 = ( BOUNDED_CURVE() B_SPLINE_CURVE(2,(#737,#738,#739,#740,#741,#742
,#743),.UNSPECIFIED.,.T.,.F.) B_SPLINE_CURVE_WITH_KNOTS((1,2,2,2,2,1),(
    -2.094395102393,0.,2.094395102393,4.188790204786,6.28318530718,
8.377580409573),.UNSPECIFIED.) CURVE() GEOMETRIC_REPRESENTATION_ITEM() 
RATIONAL_B_SPLINE_CURVE((1.,0.5,1.,0.5,1.,0.5,1.)) REPRESENTATION_ITEM(
  '') );
#737 = CARTESIAN_POINT('',(-46.,11.977635498721));
#738 = CARTESIAN_POINT('',(-83.23909236273,69.135312148494));
#739 = CARTESIAN_POINT('',(-15.11954618136,72.806473823608));
#740 = CARTESIAN_POINT('',(53.,76.477635498721));
#741 = CARTESIAN_POINT('',(22.119546181366,15.648797173835));
#742 = CARTESIAN_POINT('',(-8.760907637269,-45.18004115105));
#743 = CARTESIAN_POINT('',(-46.,11.977635498721));
#744 = ( GEOMETRIC_REPRESENTATION_CONTEXT(2) 
PARAMETRIC_REPRESENTATION_CONTEXT() REPRESENTATION_CONTEXT('2D SPACE',''
  ) );
#745 = PCURVE('',#467,#746);
#746 = DEFINITIONAL_REPRESENTATION('',(#747),#751);
#747 = LINE('',#748,#749);
#748 = CARTESIAN_POINT('',(-0.,0.));
#749 = VECTOR('',#750,1.);
#750 = DIRECTION('',(-1.,0.));
#751 = ( GEOMETRIC_REPRESENTATION_CONTEXT(2) 
PARAMETRIC_REPRESENTATION_CONTEXT() REPRESENTATION_CONTEXT('2D SPACE',''
  ) );
#752 = ORIENTED_EDGE('',*,*,#501,.T.);
#753 = ADVANCED_FACE('',(#754),#95,.F.);
#754 = FACE_BOUND('',#755,.F.);
#755 = EDGE_LOOP('',(#756,#757,#780,#808,#831,#854,#882,#905,#928,#954)
  );
#756 = ORIENTED_EDGE('',*,*,#78,.T.);
#757 = ORIENTED_EDGE('',*,*,#758,.T.);
#758 = EDGE_CURVE('',#79,#759,#761,.T.);
#759 = VERTEX_POINT('',#760);
#760 = CARTESIAN_POINT('',(-5.,-99.,52.));
#761 = SURFACE_CURVE('',#762,(#766,#773),.PCURVE_S1.);
#762 = LINE('',#763,#764);
#763 = CARTESIAN_POINT('',(-5.,-99.,58.));
#764 = VECTOR('',#765,1.);
#765 = DIRECTION('',(2.960594732334E-15,0.,-1.));
#766 = PCURVE('',#95,#767);
#767 = DEFINITIONAL_REPRESENTATION('',(#768),#772);
#768 = LINE('',#769,#770);
#769 = CARTESIAN_POINT('',(58.,27.977635498721));
#770 = VECTOR('',#771,1.);
#771 = DIRECTION('',(-1.,2.960594732334E-15));
#772 = ( GEOMETRIC_REPRESENTATION_CONTEXT(2) 
PARAMETRIC_REPRESENTATION_CONTEXT() REPRESENTATION_CONTEXT('2D SPACE',''
  ) );
#773 = PCURVE('',#123,#774);
#774 = DEFINITIONAL_REPRESENTATION('',(#775),#779);
#775 = LINE('',#776,#777);
#776 = CARTESIAN_POINT('',(0.,-199.));
#777 = VECTOR('',#778,1.);
#778 = DIRECTION('',(1.,0.));
#779 = ( GEOMETRIC_REPRESENTATION_CONTEXT(2) 
PARAMETRIC_REPRESENTATION_CONTEXT() REPRESENTATION_CONTEXT('2D SPACE',''
  ) );
#780 = ORIENTED_EDGE('',*,*,#781,.T.);
#781 = EDGE_CURVE('',#759,#782,#784,.T.);
#782 = VERTEX_POINT('',#783);
#783 = CARTESIAN_POINT('',(-21.,-99.,46.));
#784 = SURFACE_CURVE('',#785,(#790,#801),.PCURVE_S1.);
#785 = CIRCLE('',#786,39.385911186616);
#786 = AXIS2_PLACEMENT_3D('',#787,#788,#789);
#787 = CARTESIAN_POINT('',(0.5,-99.,13.));
#788 = DIRECTION('',(0.,-1.,0.));
#789 = DIRECTION('',(-0.139643843047,0.,0.99020179615));
#790 = PCURVE('',#95,#791);
#791 = DEFINITIONAL_REPRESENTATION('',(#792),#800);
#792 = ( BOUNDED_CURVE() B_SPLINE_CURVE(2,(#793,#794,#795,#796,#797,#798
,#799),.UNSPECIFIED.,.T.,.F.) B_SPLINE_CURVE_WITH_KNOTS((1,2,2,2,2,1),(
    -2.094395102393,0.,2.094395102393,4.188790204786,6.28318530718,
8.377580409573),.UNSPECIFIED.) CURVE() GEOMETRIC_REPRESENTATION_ITEM() 
RATIONAL_B_SPLINE_CURVE((1.,0.5,1.,0.5,1.,0.5,1.)) REPRESENTATION_ITEM(
  '') );
#793 = CARTESIAN_POINT('',(52.,27.977635498721));
#794 = CARTESIAN_POINT('',(42.473720558371,-39.57234599646));
#795 = CARTESIAN_POINT('',(-11.26313972081,2.452644751128));
#796 = CARTESIAN_POINT('',(-65.,44.477635498721));
#797 = CARTESIAN_POINT('',(-1.736860279186,70.002626246314));
#798 = CARTESIAN_POINT('',(61.526279441629,95.527616993907));
#799 = CARTESIAN_POINT('',(52.,27.977635498721));
#800 = ( GEOMETRIC_REPRESENTATION_CONTEXT(2) 
PARAMETRIC_REPRESENTATION_CONTEXT() REPRESENTATION_CONTEXT('2D SPACE',''
  ) );
#801 = PCURVE('',#570,#802);
#802 = DEFINITIONAL_REPRESENTATION('',(#803),#807);
#803 = LINE('',#804,#805);
#804 = CARTESIAN_POINT('',(-0.,-199.));
#805 = VECTOR('',#806,1.);
#806 = DIRECTION('',(-1.,0.));
#807 = ( GEOMETRIC_REPRESENTATION_CONTEXT(2) 
PARAMETRIC_REPRESENTATION_CONTEXT() REPRESENTATION_CONTEXT('2D SPACE',''
  ) );
#808 = ORIENTED_EDGE('',*,*,#809,.T.);
#809 = EDGE_CURVE('',#782,#810,#812,.T.);
#810 = VERTEX_POINT('',#811);
#811 = CARTESIAN_POINT('',(-23.,-99.,46.));
#812 = SURFACE_CURVE('',#813,(#817,#824),.PCURVE_S1.);
#813 = LINE('',#814,#815);
#814 = CARTESIAN_POINT('',(-21.,-99.,46.));
#815 = VECTOR('',#816,1.);
#816 = DIRECTION('',(-1.,0.,0.));
#817 = PCURVE('',#95,#818);
#818 = DEFINITIONAL_REPRESENTATION('',(#819),#823);
#819 = LINE('',#820,#821);
#820 = CARTESIAN_POINT('',(46.,11.977635498721));
#821 = VECTOR('',#822,1.);
#822 = DIRECTION('',(0.,-1.));
#823 = ( GEOMETRIC_REPRESENTATION_CONTEXT(2) 
PARAMETRIC_REPRESENTATION_CONTEXT() REPRESENTATION_CONTEXT('2D SPACE',''
  ) );
#824 = PCURVE('',#598,#825);
#825 = DEFINITIONAL_REPRESENTATION('',(#826),#830);
#826 = LINE('',#827,#828);
#827 = CARTESIAN_POINT('',(0.,-199.));
#828 = VECTOR('',#829,1.);
#829 = DIRECTION('',(1.,0.));
#830 = ( GEOMETRIC_REPRESENTATION_CONTEXT(2) 
PARAMETRIC_REPRESENTATION_CONTEXT() REPRESENTATION_CONTEXT('2D SPACE',''
  ) );
#831 = ORIENTED_EDGE('',*,*,#832,.T.);
#832 = EDGE_CURVE('',#810,#833,#835,.T.);
#833 = VERTEX_POINT('',#834);
#834 = CARTESIAN_POINT('',(-23.,-99.,45.));
#835 = SURFACE_CURVE('',#836,(#840,#847),.PCURVE_S1.);
#836 = LINE('',#837,#838);
#837 = CARTESIAN_POINT('',(-23.,-99.,46.));
#838 = VECTOR('',#839,1.);
#839 = DIRECTION('',(0.,0.,-1.));
#840 = PCURVE('',#95,#841);
#841 = DEFINITIONAL_REPRESENTATION('',(#842),#846);
#842 = LINE('',#843,#844);
#843 = CARTESIAN_POINT('',(46.,9.977635498721));
#844 = VECTOR('',#845,1.);
#845 = DIRECTION('',(-1.,0.));
#846 = ( GEOMETRIC_REPRESENTATION_CONTEXT(2) 
PARAMETRIC_REPRESENTATION_CONTEXT() REPRESENTATION_CONTEXT('2D SPACE',''
  ) );
#847 = PCURVE('',#626,#848);
#848 = DEFINITIONAL_REPRESENTATION('',(#849),#853);
#849 = LINE('',#850,#851);
#850 = CARTESIAN_POINT('',(0.,-199.));
#851 = VECTOR('',#852,1.);
#852 = DIRECTION('',(1.,0.));
#853 = ( GEOMETRIC_REPRESENTATION_CONTEXT(2) 
PARAMETRIC_REPRESENTATION_CONTEXT() REPRESENTATION_CONTEXT('2D SPACE',''
  ) );
#854 = ORIENTED_EDGE('',*,*,#855,.T.);
#855 = EDGE_CURVE('',#833,#856,#858,.T.);
#856 = VERTEX_POINT('',#857);
#857 = CARTESIAN_POINT('',(-23.,-99.,-45.));
#858 = SURFACE_CURVE('',#859,(#864,#875),.PCURVE_S1.);
#859 = CIRCLE('',#860,51.);
#860 = AXIS2_PLACEMENT_3D('',#861,#862,#863);
#861 = CARTESIAN_POINT('',(1.,-99.,0.));
#862 = DIRECTION('',(-0.,-1.,0.));
#863 = DIRECTION('',(-0.470588235294,0.,0.882352941176));
#864 = PCURVE('',#95,#865);
#865 = DEFINITIONAL_REPRESENTATION('',(#866),#874);
#866 = ( BOUNDED_CURVE() B_SPLINE_CURVE(2,(#867,#868,#869,#870,#871,#872
,#873),.UNSPECIFIED.,.T.,.F.) B_SPLINE_CURVE_WITH_KNOTS((1,2,2,2,2,1),(
    -2.094395102393,0.,2.094395102393,4.188790204786,6.28318530718,
8.377580409573),.UNSPECIFIED.) CURVE() GEOMETRIC_REPRESENTATION_ITEM() 
RATIONAL_B_SPLINE_CURVE((1.,0.5,1.,0.5,1.,0.5,1.)) REPRESENTATION_ITEM(
  '') );
#867 = CARTESIAN_POINT('',(45.,9.977635498721));
#868 = CARTESIAN_POINT('',(3.430780618347,-67.96465084187));
#869 = CARTESIAN_POINT('',(-43.28460969082,7.006492328421));
#870 = CARTESIAN_POINT('',(-90.,81.977635498721));
#871 = CARTESIAN_POINT('',(-1.715390309174,84.948778669021));
#872 = CARTESIAN_POINT('',(86.569219381653,87.919921839321));
#873 = CARTESIAN_POINT('',(45.,9.977635498721));
#874 = ( GEOMETRIC_REPRESENTATION_CONTEXT(2) 
PARAMETRIC_REPRESENTATION_CONTEXT() REPRESENTATION_CONTEXT('2D SPACE',''
  ) );
#875 = PCURVE('',#659,#876);
#876 = DEFINITIONAL_REPRESENTATION('',(#877),#881);
#877 = LINE('',#878,#879);
#878 = CARTESIAN_POINT('',(-0.,-199.));
#879 = VECTOR('',#880,1.);
#880 = DIRECTION('',(-1.,0.));
#881 = ( GEOMETRIC_REPRESENTATION_CONTEXT(2) 
PARAMETRIC_REPRESENTATION_CONTEXT() REPRESENTATION_CONTEXT('2D SPACE',''
  ) );
#882 = ORIENTED_EDGE('',*,*,#883,.T.);
#883 = EDGE_CURVE('',#856,#884,#886,.T.);
#884 = VERTEX_POINT('',#885);
#885 = CARTESIAN_POINT('',(-23.,-99.,-46.));
#886 = SURFACE_CURVE('',#887,(#891,#898),.PCURVE_S1.);
#887 = LINE('',#888,#889);
#888 = CARTESIAN_POINT('',(-23.,-99.,-45.));
#889 = VECTOR('',#890,1.);
#890 = DIRECTION('',(0.,0.,-1.));
#891 = PCURVE('',#95,#892);
#892 = DEFINITIONAL_REPRESENTATION('',(#893),#897);
#893 = LINE('',#894,#895);
#894 = CARTESIAN_POINT('',(-45.,9.977635498721));
#895 = VECTOR('',#896,1.);
#896 = DIRECTION('',(-1.,0.));
#897 = ( GEOMETRIC_REPRESENTATION_CONTEXT(2) 
PARAMETRIC_REPRESENTATION_CONTEXT() REPRESENTATION_CONTEXT('2D SPACE',''
  ) );
#898 = PCURVE('',#687,#899);
#899 = DEFINITIONAL_REPRESENTATION('',(#900),#904);
#900 = LINE('',#901,#902);
#901 = CARTESIAN_POINT('',(0.,-199.));
#902 = VECTOR('',#903,1.);
#903 = DIRECTION('',(1.,0.));
#904 = ( GEOMETRIC_REPRESENTATION_CONTEXT(2) 
PARAMETRIC_REPRESENTATION_CONTEXT() REPRESENTATION_CONTEXT('2D SPACE',''
  ) );
#905 = ORIENTED_EDGE('',*,*,#906,.T.);
#906 = EDGE_CURVE('',#884,#907,#909,.T.);
#907 = VERTEX_POINT('',#908);
#908 = CARTESIAN_POINT('',(-21.,-99.,-46.));
#909 = SURFACE_CURVE('',#910,(#914,#921),.PCURVE_S1.);
#910 = LINE('',#911,#912);
#911 = CARTESIAN_POINT('',(-23.,-99.,-46.));
#912 = VECTOR('',#913,1.);
#913 = DIRECTION('',(1.,0.,0.));
#914 = PCURVE('',#95,#915);
#915 = DEFINITIONAL_REPRESENTATION('',(#916),#920);
#916 = LINE('',#917,#918);
#917 = CARTESIAN_POINT('',(-46.,9.977635498721));
#918 = VECTOR('',#919,1.);
#919 = DIRECTION('',(0.,1.));
#920 = ( GEOMETRIC_REPRESENTATION_CONTEXT(2) 
PARAMETRIC_REPRESENTATION_CONTEXT() REPRESENTATION_CONTEXT('2D SPACE',''
  ) );
#921 = PCURVE('',#715,#922);
#922 = DEFINITIONAL_REPRESENTATION('',(#923),#927);
#923 = LINE('',#924,#925);
#924 = CARTESIAN_POINT('',(0.,-199.));
#925 = VECTOR('',#926,1.);
#926 = DIRECTION('',(1.,0.));
#927 = ( GEOMETRIC_REPRESENTATION_CONTEXT(2) 
PARAMETRIC_REPRESENTATION_CONTEXT() REPRESENTATION_CONTEXT('2D SPACE',''
  ) );
#928 = ORIENTED_EDGE('',*,*,#929,.T.);
#929 = EDGE_CURVE('',#907,#452,#930,.T.);
#930 = SURFACE_CURVE('',#931,(#936,#947),.PCURVE_S1.);
#931 = CIRCLE('',#932,39.385911186616);
#932 = AXIS2_PLACEMENT_3D('',#933,#934,#935);
#933 = CARTESIAN_POINT('',(0.5,-99.,-13.));
#934 = DIRECTION('',(0.,-1.,0.));
#935 = DIRECTION('',(-0.545880477365,-0.,-0.837863058281));
#936 = PCURVE('',#95,#937);
#937 = DEFINITIONAL_REPRESENTATION('',(#938),#946);
#938 = ( BOUNDED_CURVE() B_SPLINE_CURVE(2,(#939,#940,#941,#942,#943,#944
,#945),.UNSPECIFIED.,.T.,.F.) B_SPLINE_CURVE_WITH_KNOTS((1,2,2,2,2,1),(
    -2.094395102393,0.,2.094395102393,4.188790204786,6.28318530718,
8.377580409573),.UNSPECIFIED.) CURVE() GEOMETRIC_REPRESENTATION_ITEM() 
RATIONAL_B_SPLINE_CURVE((1.,0.5,1.,0.5,1.,0.5,1.)) REPRESENTATION_ITEM(
  '') );
#939 = CARTESIAN_POINT('',(-46.,11.977635498721));
#940 = CARTESIAN_POINT('',(-83.23909236273,69.135312148494));
#941 = CARTESIAN_POINT('',(-15.11954618136,72.806473823608));
#942 = CARTESIAN_POINT('',(53.,76.477635498721));
#943 = CARTESIAN_POINT('',(22.119546181366,15.648797173835));
#944 = CARTESIAN_POINT('',(-8.760907637269,-45.18004115105));
#945 = CARTESIAN_POINT('',(-46.,11.977635498721));
#946 = ( GEOMETRIC_REPRESENTATION_CONTEXT(2) 
PARAMETRIC_REPRESENTATION_CONTEXT() REPRESENTATION_CONTEXT('2D SPACE',''
  ) );
#947 = PCURVE('',#467,#948);
#948 = DEFINITIONAL_REPRESENTATION('',(#949),#953);
#949 = LINE('',#950,#951);
#950 = CARTESIAN_POINT('',(-0.,-199.));
#951 = VECTOR('',#952,1.);
#952 = DIRECTION('',(-1.,0.));
#953 = ( GEOMETRIC_REPRESENTATION_CONTEXT(2) 
PARAMETRIC_REPRESENTATION_CONTEXT() REPRESENTATION_CONTEXT('2D SPACE',''
  ) );
#954 = ORIENTED_EDGE('',*,*,#479,.T.);
#955 = ADVANCED_FACE('',(#956),#123,.T.);
#956 = FACE_BOUND('',#957,.T.);
#957 = EDGE_LOOP('',(#958,#959,#960,#981));
#958 = ORIENTED_EDGE('',*,*,#107,.T.);
#959 = ORIENTED_EDGE('',*,*,#758,.T.);
#960 = ORIENTED_EDGE('',*,*,#961,.F.);
#961 = EDGE_CURVE('',#527,#759,#962,.T.);
#962 = SURFACE_CURVE('',#963,(#967,#974),.PCURVE_S1.);
#963 = LINE('',#964,#965);
#964 = CARTESIAN_POINT('',(-5.,100.,52.));
#965 = VECTOR('',#966,1.);
#966 = DIRECTION('',(-0.,-1.,-0.));
#967 = PCURVE('',#123,#968);
#968 = DEFINITIONAL_REPRESENTATION('',(#969),#973);
#969 = LINE('',#970,#971);
#970 = CARTESIAN_POINT('',(6.,0.));
#971 = VECTOR('',#972,1.);
#972 = DIRECTION('',(0.,-1.));
#973 = ( GEOMETRIC_REPRESENTATION_CONTEXT(2) 
PARAMETRIC_REPRESENTATION_CONTEXT() REPRESENTATION_CONTEXT('2D SPACE',''
  ) );
#974 = PCURVE('',#570,#975);
#975 = DEFINITIONAL_REPRESENTATION('',(#976),#980);
#976 = LINE('',#977,#978);
#977 = CARTESIAN_POINT('',(-0.,0.));
#978 = VECTOR('',#979,1.);
#979 = DIRECTION('',(-0.,-1.));
#980 = ( GEOMETRIC_REPRESENTATION_CONTEXT(2) 
PARAMETRIC_REPRESENTATION_CONTEXT() REPRESENTATION_CONTEXT('2D SPACE',''
  ) );
#981 = ORIENTED_EDGE('',*,*,#526,.F.);
#982 = ADVANCED_FACE('',(#983),#196,.T.);
#983 = FACE_BOUND('',#984,.F.);
#984 = EDGE_LOOP('',(#985,#1007,#1008,#1030));
#985 = ORIENTED_EDGE('',*,*,#986,.F.);
#986 = EDGE_CURVE('',#319,#165,#987,.T.);
#987 = SURFACE_CURVE('',#988,(#993,#1000),.PCURVE_S1.);
#988 = CIRCLE('',#989,100.);
#989 = AXIS2_PLACEMENT_3D('',#990,#991,#992);
#990 = CARTESIAN_POINT('',(0.,0.,-33.));
#991 = DIRECTION('',(0.,0.,1.));
#992 = DIRECTION('',(1.,0.,0.));
#993 = PCURVE('',#196,#994);
#994 = DEFINITIONAL_REPRESENTATION('',(#995),#999);
#995 = LINE('',#996,#997);
#996 = CARTESIAN_POINT('',(-0.,0.));
#997 = VECTOR('',#998,1.);
#998 = DIRECTION('',(-1.,0.));
#999 = ( GEOMETRIC_REPRESENTATION_CONTEXT(2) 
PARAMETRIC_REPRESENTATION_CONTEXT() REPRESENTATION_CONTEXT('2D SPACE',''
  ) );
#1000 = PCURVE('',#230,#1001);
#1001 = DEFINITIONAL_REPRESENTATION('',(#1002),#1006);
#1002 = CIRCLE('',#1003,100.);
#1003 = AXIS2_PLACEMENT_2D('',#1004,#1005);
#1004 = CARTESIAN_POINT('',(3.500646739301E-15,-6.419784220745E-15));
#1005 = DIRECTION('',(1.,0.));
#1006 = ( GEOMETRIC_REPRESENTATION_CONTEXT(2) 
PARAMETRIC_REPRESENTATION_CONTEXT() REPRESENTATION_CONTEXT('2D SPACE',''
  ) );
#1007 = ORIENTED_EDGE('',*,*,#339,.T.);
#1008 = ORIENTED_EDGE('',*,*,#1009,.T.);
#1009 = EDGE_CURVE('',#340,#167,#1010,.T.);
#1010 = SURFACE_CURVE('',#1011,(#1016,#1023),.PCURVE_S1.);
#1011 = CIRCLE('',#1012,100.);
#1012 = AXIS2_PLACEMENT_3D('',#1013,#1014,#1015);
#1013 = CARTESIAN_POINT('',(0.,0.,-23.));
#1014 = DIRECTION('',(0.,0.,1.));
#1015 = DIRECTION('',(1.,0.,0.));
#1016 = PCURVE('',#196,#1017);
#1017 = DEFINITIONAL_REPRESENTATION('',(#1018),#1022);
#1018 = LINE('',#1019,#1020);
#1019 = CARTESIAN_POINT('',(-0.,-10.));
#1020 = VECTOR('',#1021,1.);
#1021 = DIRECTION('',(-1.,0.));
#1022 = ( GEOMETRIC_REPRESENTATION_CONTEXT(2) 
PARAMETRIC_REPRESENTATION_CONTEXT() REPRESENTATION_CONTEXT('2D SPACE',''
  ) );
#1023 = PCURVE('',#303,#1024);
#1024 = DEFINITIONAL_REPRESENTATION('',(#1025),#1029);
#1025 = CIRCLE('',#1026,100.);
#1026 = AXIS2_PLACEMENT_2D('',#1027,#1028);
#1027 = CARTESIAN_POINT('',(3.500646739301E-15,-6.419784220745E-15));
#1028 = DIRECTION('',(1.,0.));
#1029 = ( GEOMETRIC_REPRESENTATION_CONTEXT(2) 
PARAMETRIC_REPRESENTATION_CONTEXT() REPRESENTATION_CONTEXT('2D SPACE',''
  ) );
#1030 = ORIENTED_EDGE('',*,*,#164,.F.);
#1031 = ADVANCED_FACE('',(#1032),#303,.T.);
#1032 = FACE_BOUND('',#1033,.T.);
#1033 = EDGE_LOOP('',(#1034,#1035,#1036,#1037));
#1034 = ORIENTED_EDGE('',*,*,#383,.T.);
#1035 = ORIENTED_EDGE('',*,*,#1009,.T.);
#1036 = ORIENTED_EDGE('',*,*,#290,.T.);
#1037 = ORIENTED_EDGE('',*,*,#1038,.F.);
#1038 = EDGE_CURVE('',#384,#242,#1039,.T.);
#1039 = SURFACE_CURVE('',#1040,(#1045,#1052),.PCURVE_S1.);
#1040 = CIRCLE('',#1041,99.);
#1041 = AXIS2_PLACEMENT_3D('',#1042,#1043,#1044);
#1042 = CARTESIAN_POINT('',(0.,0.,-23.));
#1043 = DIRECTION('',(0.,0.,1.));
#1044 = DIRECTION('',(1.,0.,0.));
#1045 = PCURVE('',#303,#1046);
#1046 = DEFINITIONAL_REPRESENTATION('',(#1047),#1051);
#1047 = CIRCLE('',#1048,99.);
#1048 = AXIS2_PLACEMENT_2D('',#1049,#1050);
#1049 = CARTESIAN_POINT('',(3.500646739301E-15,-6.419784220745E-15));
#1050 = DIRECTION('',(1.,0.));
#1051 = ( GEOMETRIC_REPRESENTATION_CONTEXT(2) 
PARAMETRIC_REPRESENTATION_CONTEXT() REPRESENTATION_CONTEXT('2D SPACE',''
  ) );
#1052 = PCURVE('',#271,#1053);
#1053 = DEFINITIONAL_REPRESENTATION('',(#1054),#1058);
#1054 = LINE('',#1055,#1056);
#1055 = CARTESIAN_POINT('',(-0.,-10.));
#1056 = VECTOR('',#1057,1.);
#1057 = DIRECTION('',(-1.,0.));
#1058 = ( GEOMETRIC_REPRESENTATION_CONTEXT(2) 
PARAMETRIC_REPRESENTATION_CONTEXT() REPRESENTATION_CONTEXT('2D SPACE',''
  ) );
#1059 = ADVANCED_FACE('',(#1060),#271,.F.);
#1060 = FACE_BOUND('',#1061,.T.);
#1061 = EDGE_LOOP('',(#1062,#1084,#1085,#1086));
#1062 = ORIENTED_EDGE('',*,*,#1063,.F.);
#1063 = EDGE_CURVE('',#317,#216,#1064,.T.);
#1064 = SURFACE_CURVE('',#1065,(#1070,#1077),.PCURVE_S1.);
#1065 = CIRCLE('',#1066,99.);
#1066 = AXIS2_PLACEMENT_3D('',#1067,#1068,#1069);
#1067 = CARTESIAN_POINT('',(0.,0.,-33.));
#1068 = DIRECTION('',(0.,0.,1.));
#1069 = DIRECTION('',(1.,0.,0.));
#1070 = PCURVE('',#271,#1071);
#1071 = DEFINITIONAL_REPRESENTATION('',(#1072),#1076);
#1072 = LINE('',#1073,#1074);
#1073 = CARTESIAN_POINT('',(-0.,0.));
#1074 = VECTOR('',#1075,1.);
#1075 = DIRECTION('',(-1.,0.));
#1076 = ( GEOMETRIC_REPRESENTATION_CONTEXT(2) 
PARAMETRIC_REPRESENTATION_CONTEXT() REPRESENTATION_CONTEXT('2D SPACE',''
  ) );
#1077 = PCURVE('',#230,#1078);
#1078 = DEFINITIONAL_REPRESENTATION('',(#1079),#1083);
#1079 = CIRCLE('',#1080,99.);
#1080 = AXIS2_PLACEMENT_2D('',#1081,#1082);
#1081 = CARTESIAN_POINT('',(3.500646739301E-15,-6.419784220745E-15));
#1082 = DIRECTION('',(1.,0.));
#1083 = ( GEOMETRIC_REPRESENTATION_CONTEXT(2) 
PARAMETRIC_REPRESENTATION_CONTEXT() REPRESENTATION_CONTEXT('2D SPACE',''
  ) );
#1084 = ORIENTED_EDGE('',*,*,#404,.T.);
#1085 = ORIENTED_EDGE('',*,*,#1038,.T.);
#1086 = ORIENTED_EDGE('',*,*,#241,.F.);
#1087 = ADVANCED_FACE('',(#1088),#230,.F.);
#1088 = FACE_BOUND('',#1089,.F.);
#1089 = EDGE_LOOP('',(#1090,#1091,#1092,#1093));
#1090 = ORIENTED_EDGE('',*,*,#316,.T.);
#1091 = ORIENTED_EDGE('',*,*,#986,.T.);
#1092 = ORIENTED_EDGE('',*,*,#215,.T.);
#1093 = ORIENTED_EDGE('',*,*,#1063,.F.);
#1094 = ADVANCED_FACE('',(#1095),#467,.F.);
#1095 = FACE_BOUND('',#1096,.T.);
#1096 = EDGE_LOOP('',(#1097,#1118,#1119,#1120));
#1097 = ORIENTED_EDGE('',*,*,#1098,.T.);
#1098 = EDGE_CURVE('',#700,#907,#1099,.T.);
#1099 = SURFACE_CURVE('',#1100,(#1104,#1111),.PCURVE_S1.);
#1100 = LINE('',#1101,#1102);
#1101 = CARTESIAN_POINT('',(-21.,100.,-46.));
#1102 = VECTOR('',#1103,1.);
#1103 = DIRECTION('',(-0.,-1.,-0.));
#1104 = PCURVE('',#467,#1105);
#1105 = DEFINITIONAL_REPRESENTATION('',(#1106),#1110);
#1106 = LINE('',#1107,#1108);
#1107 = CARTESIAN_POINT('',(-0.,0.));
#1108 = VECTOR('',#1109,1.);
#1109 = DIRECTION('',(-0.,-1.));
#1110 = ( GEOMETRIC_REPRESENTATION_CONTEXT(2) 
PARAMETRIC_REPRESENTATION_CONTEXT() REPRESENTATION_CONTEXT('2D SPACE',''
  ) );
#1111 = PCURVE('',#715,#1112);
#1112 = DEFINITIONAL_REPRESENTATION('',(#1113),#1117);
#1113 = LINE('',#1114,#1115);
#1114 = CARTESIAN_POINT('',(2.,0.));
#1115 = VECTOR('',#1116,1.);
#1116 = DIRECTION('',(0.,-1.));
#1117 = ( GEOMETRIC_REPRESENTATION_CONTEXT(2) 
PARAMETRIC_REPRESENTATION_CONTEXT() REPRESENTATION_CONTEXT('2D SPACE',''
  ) );
#1118 = ORIENTED_EDGE('',*,*,#929,.T.);
#1119 = ORIENTED_EDGE('',*,*,#449,.F.);
#1120 = ORIENTED_EDGE('',*,*,#727,.F.);
#1121 = ADVANCED_FACE('',(#1122),#570,.F.);
#1122 = FACE_BOUND('',#1123,.T.);
#1123 = EDGE_LOOP('',(#1124,#1125,#1126,#1147));
#1124 = ORIENTED_EDGE('',*,*,#961,.T.);
#1125 = ORIENTED_EDGE('',*,*,#781,.T.);
#1126 = ORIENTED_EDGE('',*,*,#1127,.F.);
#1127 = EDGE_CURVE('',#550,#782,#1128,.T.);
#1128 = SURFACE_CURVE('',#1129,(#1133,#1140),.PCURVE_S1.);
#1129 = LINE('',#1130,#1131);
#1130 = CARTESIAN_POINT('',(-21.,100.,46.));
#1131 = VECTOR('',#1132,1.);
#1132 = DIRECTION('',(-0.,-1.,-0.));
#1133 = PCURVE('',#570,#1134);
#1134 = DEFINITIONAL_REPRESENTATION('',(#1135),#1139);
#1135 = LINE('',#1136,#1137);
#1136 = CARTESIAN_POINT('',(-0.437337891748,0.));
#1137 = VECTOR('',#1138,1.);
#1138 = DIRECTION('',(-0.,-1.));
#1139 = ( GEOMETRIC_REPRESENTATION_CONTEXT(2) 
PARAMETRIC_REPRESENTATION_CONTEXT() REPRESENTATION_CONTEXT('2D SPACE',''
  ) );
#1140 = PCURVE('',#598,#1141);
#1141 = DEFINITIONAL_REPRESENTATION('',(#1142),#1146);
#1142 = LINE('',#1143,#1144);
#1143 = CARTESIAN_POINT('',(0.,0.));
#1144 = VECTOR('',#1145,1.);
#1145 = DIRECTION('',(0.,-1.));
#1146 = ( GEOMETRIC_REPRESENTATION_CONTEXT(2) 
PARAMETRIC_REPRESENTATION_CONTEXT() REPRESENTATION_CONTEXT('2D SPACE',''
  ) );
#1147 = ORIENTED_EDGE('',*,*,#549,.F.);
#1148 = ADVANCED_FACE('',(#1149),#598,.T.);
#1149 = FACE_BOUND('',#1150,.T.);
#1150 = EDGE_LOOP('',(#1151,#1152,#1153,#1174));
#1151 = ORIENTED_EDGE('',*,*,#1127,.T.);
#1152 = ORIENTED_EDGE('',*,*,#809,.T.);
#1153 = ORIENTED_EDGE('',*,*,#1154,.F.);
#1154 = EDGE_CURVE('',#583,#810,#1155,.T.);
#1155 = SURFACE_CURVE('',#1156,(#1160,#1167),.PCURVE_S1.);
#1156 = LINE('',#1157,#1158);
#1157 = CARTESIAN_POINT('',(-23.,100.,46.));
#1158 = VECTOR('',#1159,1.);
#1159 = DIRECTION('',(-0.,-1.,-0.));
#1160 = PCURVE('',#598,#1161);
#1161 = DEFINITIONAL_REPRESENTATION('',(#1162),#1166);
#1162 = LINE('',#1163,#1164);
#1163 = CARTESIAN_POINT('',(2.,0.));
#1164 = VECTOR('',#1165,1.);
#1165 = DIRECTION('',(0.,-1.));
#1166 = ( GEOMETRIC_REPRESENTATION_CONTEXT(2) 
PARAMETRIC_REPRESENTATION_CONTEXT() REPRESENTATION_CONTEXT('2D SPACE',''
  ) );
#1167 = PCURVE('',#626,#1168);
#1168 = DEFINITIONAL_REPRESENTATION('',(#1169),#1173);
#1169 = LINE('',#1170,#1171);
#1170 = CARTESIAN_POINT('',(0.,0.));
#1171 = VECTOR('',#1172,1.);
#1172 = DIRECTION('',(0.,-1.));
#1173 = ( GEOMETRIC_REPRESENTATION_CONTEXT(2) 
PARAMETRIC_REPRESENTATION_CONTEXT() REPRESENTATION_CONTEXT('2D SPACE',''
  ) );
#1174 = ORIENTED_EDGE('',*,*,#582,.F.);
#1175 = ADVANCED_FACE('',(#1176),#626,.T.);
#1176 = FACE_BOUND('',#1177,.T.);
#1177 = EDGE_LOOP('',(#1178,#1179,#1180,#1201));
#1178 = ORIENTED_EDGE('',*,*,#1154,.T.);
#1179 = ORIENTED_EDGE('',*,*,#832,.T.);
#1180 = ORIENTED_EDGE('',*,*,#1181,.F.);
#1181 = EDGE_CURVE('',#611,#833,#1182,.T.);
#1182 = SURFACE_CURVE('',#1183,(#1187,#1194),.PCURVE_S1.);
#1183 = LINE('',#1184,#1185);
#1184 = CARTESIAN_POINT('',(-23.,100.,45.));
#1185 = VECTOR('',#1186,1.);
#1186 = DIRECTION('',(-0.,-1.,-0.));
#1187 = PCURVE('',#626,#1188);
#1188 = DEFINITIONAL_REPRESENTATION('',(#1189),#1193);
#1189 = LINE('',#1190,#1191);
#1190 = CARTESIAN_POINT('',(1.,0.));
#1191 = VECTOR('',#1192,1.);
#1192 = DIRECTION('',(0.,-1.));
#1193 = ( GEOMETRIC_REPRESENTATION_CONTEXT(2) 
PARAMETRIC_REPRESENTATION_CONTEXT() REPRESENTATION_CONTEXT('2D SPACE',''
  ) );
#1194 = PCURVE('',#659,#1195);
#1195 = DEFINITIONAL_REPRESENTATION('',(#1196),#1200);
#1196 = LINE('',#1197,#1198);
#1197 = CARTESIAN_POINT('',(-0.,0.));
#1198 = VECTOR('',#1199,1.);
#1199 = DIRECTION('',(-0.,-1.));
#1200 = ( GEOMETRIC_REPRESENTATION_CONTEXT(2) 
PARAMETRIC_REPRESENTATION_CONTEXT() REPRESENTATION_CONTEXT('2D SPACE',''
  ) );
#1201 = ORIENTED_EDGE('',*,*,#610,.F.);
#1202 = ADVANCED_FACE('',(#1203,#1229,#1393),#659,.F.);
#1203 = FACE_BOUND('',#1204,.T.);
#1204 = EDGE_LOOP('',(#1205,#1206,#1207,#1228));
#1205 = ORIENTED_EDGE('',*,*,#1181,.T.);
#1206 = ORIENTED_EDGE('',*,*,#855,.T.);
#1207 = ORIENTED_EDGE('',*,*,#1208,.F.);
#1208 = EDGE_CURVE('',#639,#856,#1209,.T.);
#1209 = SURFACE_CURVE('',#1210,(#1214,#1221),.PCURVE_S1.);
#1210 = LINE('',#1211,#1212);
#1211 = CARTESIAN_POINT('',(-23.,100.,-45.));
#1212 = VECTOR('',#1213,1.);
#1213 = DIRECTION('',(-0.,-1.,-0.));
#1214 = PCURVE('',#659,#1215);
#1215 = DEFINITIONAL_REPRESENTATION('',(#1216),#1220);
#1216 = LINE('',#1217,#1218);
#1217 = CARTESIAN_POINT('',(-2.161678001082,0.));
#1218 = VECTOR('',#1219,1.);
#1219 = DIRECTION('',(-0.,-1.));
#1220 = ( GEOMETRIC_REPRESENTATION_CONTEXT(2) 
PARAMETRIC_REPRESENTATION_CONTEXT() REPRESENTATION_CONTEXT('2D SPACE',''
  ) );
#1221 = PCURVE('',#687,#1222);
#1222 = DEFINITIONAL_REPRESENTATION('',(#1223),#1227);
#1223 = LINE('',#1224,#1225);
#1224 = CARTESIAN_POINT('',(0.,0.));
#1225 = VECTOR('',#1226,1.);
#1226 = DIRECTION('',(0.,-1.));
#1227 = ( GEOMETRIC_REPRESENTATION_CONTEXT(2) 
PARAMETRIC_REPRESENTATION_CONTEXT() REPRESENTATION_CONTEXT('2D SPACE',''
  ) );
#1228 = ORIENTED_EDGE('',*,*,#638,.F.);
#1229 = FACE_BOUND('',#1230,.T.);
#1230 = EDGE_LOOP('',(#1231,#1282,#1308,#1369));
#1231 = ORIENTED_EDGE('',*,*,#1232,.F.);
#1232 = EDGE_CURVE('',#1233,#1235,#1237,.T.);
#1233 = VERTEX_POINT('',#1234);
#1234 = CARTESIAN_POINT('',(-44.51922670696,-89.54350034153,-23.));
#1235 = VERTEX_POINT('',#1236);
#1236 = CARTESIAN_POINT('',(-37.88444419044,-92.54603658926,-33.));
#1237 = SURFACE_CURVE('',#1238,(#1249,#1263),.PCURVE_S1.);
#1238 = B_SPLINE_CURVE_WITH_KNOTS('',5,(#1239,#1240,#1241,#1242,#1243,
    #1244,#1245,#1246,#1247,#1248),.UNSPECIFIED.,.F.,.F.,(6,4,6),(0.,
    0.619505175525,1.),.UNSPECIFIED.);
#1239 = CARTESIAN_POINT('',(-44.51922701013,-89.5435001908,-22.9999994)
  );
#1240 = CARTESIAN_POINT('',(-43.86140192028,-89.87055759246,
    -24.30189898169));
#1241 = CARTESIAN_POINT('',(-43.15376877521,-90.21484463591,
    -25.58673981446));
#1242 = CARTESIAN_POINT('',(-42.39581200676,-90.57447261113,
    -26.85324191877));
#1243 = CARTESIAN_POINT('',(-41.58685775117,-90.9473559876,
    -28.09983454617));
#1244 = CARTESIAN_POINT('',(-40.19737314688,-91.56694974778,
    -30.0769326777));
#1245 = CARTESIAN_POINT('',(-39.64911345333,-91.80684116234,
    -30.82101388358));
#1246 = CARTESIAN_POINT('',(-39.08104950964,-92.0503582813,
    -31.55652405816));
#1247 = CARTESIAN_POINT('',(-38.49292102626,-92.29695183949,
    -32.28302173262));
#1248 = CARTESIAN_POINT('',(-37.88444368124,-92.5460367977,-33.0000006)
  );
#1249 = PCURVE('',#659,#1250);
#1250 = DEFINITIONAL_REPRESENTATION('',(#1251),#1262);
#1251 = B_SPLINE_CURVE_WITH_KNOTS('',5,(#1252,#1253,#1254,#1255,#1256,
    #1257,#1258,#1259,#1260,#1261),.UNSPECIFIED.,.F.,.F.,(6,4,6),(0.,
    0.619505175525,1.),.UNSPECIFIED.);
#1252 = CARTESIAN_POINT('',(-1.548702458908,-189.5435001908));
#1253 = CARTESIAN_POINT('',(-1.577303550517,-189.8705575924));
#1254 = CARTESIAN_POINT('',(-1.606046540732,-190.2148446359));
#1255 = CARTESIAN_POINT('',(-1.634962343968,-190.5744726111));
#1256 = CARTESIAN_POINT('',(-1.664081035021,-190.9473559876));
#1257 = CARTESIAN_POINT('',(-1.711463843315,-191.5669497477));
#1258 = CARTESIAN_POINT('',(-1.729581934465,-191.8068411623));
#1259 = CARTESIAN_POINT('',(-1.747797961884,-192.0503582813));
#1260 = CARTESIAN_POINT('',(-1.766120816965,-192.2969518394));
#1261 = CARTESIAN_POINT('',(-1.784559524055,-192.5460367977));
#1262 = ( GEOMETRIC_REPRESENTATION_CONTEXT(2) 
PARAMETRIC_REPRESENTATION_CONTEXT() REPRESENTATION_CONTEXT('2D SPACE',''
  ) );
#1263 = PCURVE('',#1264,#1269);
#1264 = CYLINDRICAL_SURFACE('',#1265,100.);
#1265 = AXIS2_PLACEMENT_3D('',#1266,#1267,#1268);
#1266 = CARTESIAN_POINT('',(0.,0.,-33.));
#1267 = DIRECTION('',(-0.,-0.,-1.));
#1268 = DIRECTION('',(1.,0.,0.));
#1269 = DEFINITIONAL_REPRESENTATION('',(#1270),#1281);
#1270 = B_SPLINE_CURVE_WITH_KNOTS('',5,(#1271,#1272,#1273,#1274,#1275,
    #1276,#1277,#1278,#1279,#1280),.UNSPECIFIED.,.F.,.F.,(6,4,6),(
    5.710165205356E-08,0.619505175525,0.999999936317),.UNSPECIFIED.);
#1271 = CARTESIAN_POINT('',(-4.251000011828,-10.));
#1272 = CARTESIAN_POINT('',(-4.258346441721,-8.698100544593));
#1273 = CARTESIAN_POINT('',(-4.266215574701,-7.41325983532));
#1274 = CARTESIAN_POINT('',(-4.274604448798,-6.146757851421));
#1275 = CARTESIAN_POINT('',(-4.283511331941,-4.90016534093));
#1276 = CARTESIAN_POINT('',(-4.298725020954,-2.923067448206));
#1277 = CARTESIAN_POINT('',(-4.304709327809,-2.17898636549));
#1278 = CARTESIAN_POINT('',(-4.310889670114,-1.443476311143));
#1279 = CARTESIAN_POINT('',(-4.317266774119,-0.716978753747));
#1280 = CARTESIAN_POINT('',(-4.32384163407,-7.387648200654E-15));
#1281 = ( GEOMETRIC_REPRESENTATION_CONTEXT(2) 
PARAMETRIC_REPRESENTATION_CONTEXT() REPRESENTATION_CONTEXT('2D SPACE',''
  ) );
#1282 = ORIENTED_EDGE('',*,*,#1283,.T.);
#1283 = EDGE_CURVE('',#1233,#1284,#1286,.T.);
#1284 = VERTEX_POINT('',#1285);
#1285 = CARTESIAN_POINT('',(-44.51922670696,-88.42532699071,-23.));
#1286 = SURFACE_CURVE('',#1287,(#1291,#1297),.PCURVE_S1.);
#1287 = LINE('',#1288,#1289);
#1288 = CARTESIAN_POINT('',(-44.51922670696,100.,-23.));
#1289 = VECTOR('',#1290,1.);
#1290 = DIRECTION('',(0.,1.,-0.));
#1291 = PCURVE('',#659,#1292);
#1292 = DEFINITIONAL_REPRESENTATION('',(#1293),#1296);
#1293 = B_SPLINE_CURVE_WITH_KNOTS('',1,(#1294,#1295),.UNSPECIFIED.,.F.,
  .F.,(2,2),(-199.0000006,6.000000070117E-07),.PIECEWISE_BEZIER_KNOTS.);
#1294 = CARTESIAN_POINT('',(-1.548702472089,-199.0000006));
#1295 = CARTESIAN_POINT('',(-1.548702472089,6.000000070117E-07));
#1296 = ( GEOMETRIC_REPRESENTATION_CONTEXT(2) 
PARAMETRIC_REPRESENTATION_CONTEXT() REPRESENTATION_CONTEXT('2D SPACE',''
  ) );
#1297 = PCURVE('',#1298,#1303);
#1298 = PLANE('',#1299);
#1299 = AXIS2_PLACEMENT_3D('',#1300,#1301,#1302);
#1300 = CARTESIAN_POINT('',(-3.500646739301E-15,6.419784220745E-15,-23.)
  );
#1301 = DIRECTION('',(0.,0.,1.));
#1302 = DIRECTION('',(1.,0.,0.));
#1303 = DEFINITIONAL_REPRESENTATION('',(#1304),#1307);
#1304 = B_SPLINE_CURVE_WITH_KNOTS('',1,(#1305,#1306),.UNSPECIFIED.,.F.,
  .F.,(2,2),(-199.0000006,6.000000070117E-07),.PIECEWISE_BEZIER_KNOTS.);
#1305 = CARTESIAN_POINT('',(-44.51922670696,-99.0000006));
#1306 = CARTESIAN_POINT('',(-44.51922670696,100.0000006));
#1307 = ( GEOMETRIC_REPRESENTATION_CONTEXT(2) 
PARAMETRIC_REPRESENTATION_CONTEXT() REPRESENTATION_CONTEXT('2D SPACE',''
  ) );
#1308 = ORIENTED_EDGE('',*,*,#1309,.T.);
#1309 = EDGE_CURVE('',#1284,#1310,#1312,.T.);
#1310 = VERTEX_POINT('',#1311);
#1311 = CARTESIAN_POINT('',(-37.88444419044,-91.46457723283,-33.));
#1312 = SURFACE_CURVE('',#1313,(#1328,#1346),.PCURVE_S1.);
#1313 = B_SPLINE_CURVE_WITH_KNOTS('',4,(#1314,#1315,#1316,#1317,#1318,
    #1319,#1320,#1321,#1322,#1323,#1324,#1325,#1326,#1327),
  .UNSPECIFIED.,.F.,.F.,(5,3,3,3,5),(0.,0.340792455984,0.610080123032,
    0.802688927896,1.),.UNSPECIFIED.);
#1314 = CARTESIAN_POINT('',(-44.51922701013,-88.42532683807,-22.9999994)
  );
#1315 = CARTESIAN_POINT('',(-44.06682520396,-88.65309618231,
    -23.89534640225));
#1316 = CARTESIAN_POINT('',(-43.58929488039,-88.88964851731,
    -24.78208816218));
#1317 = CARTESIAN_POINT('',(-43.08644184039,-89.13417459318,
    -25.65965312822));
#1318 = CARTESIAN_POINT('',(-42.14043854243,-89.58458195099,
    -27.21299365874));
#1319 = CARTESIAN_POINT('',(-41.70689304514,-89.78780941345,
    -27.89248408937));
#1320 = CARTESIAN_POINT('',(-41.25722263528,-89.99501724452,
    -28.56550551911));
#1321 = CARTESIAN_POINT('',(-40.45793480436,-90.35645696954,
    -29.70821074225));
#1322 = CARTESIAN_POINT('',(-40.11628728734,-90.50897294114,
    -30.18122488835));
#1323 = CARTESIAN_POINT('',(-39.76622107345,-90.66311510881,
    -30.65062170172));
#1324 = CARTESIAN_POINT('',(-39.04032881451,-90.97809108024,
    -31.59326716348));
#1325 = CARTESIAN_POINT('',(-38.66408258673,-91.13899630401,
    -32.0663298697));
#1326 = CARTESIAN_POINT('',(-38.27882260331,-91.30122648887,
    -32.5352974271));
#1327 = CARTESIAN_POINT('',(-37.88444368124,-91.46457744374,-33.0000006)
  );
#1328 = PCURVE('',#659,#1329);
#1329 = DEFINITIONAL_REPRESENTATION('',(#1330),#1345);
#1330 = B_SPLINE_CURVE_WITH_KNOTS('',4,(#1331,#1332,#1333,#1334,#1335,
    #1336,#1337,#1338,#1339,#1340,#1341,#1342,#1343,#1344),
  .UNSPECIFIED.,.F.,.F.,(5,3,3,3,5),(0.,0.340792455984,0.610080123032,
    0.802688927896,1.),.UNSPECIFIED.);
#1331 = CARTESIAN_POINT('',(-1.548702458908,-188.425326838));
#1332 = CARTESIAN_POINT('',(-1.568372103167,-188.6530961823));
#1333 = CARTESIAN_POINT('',(-1.588113366291,-188.8896485173));
#1334 = CARTESIAN_POINT('',(-1.607938190025,-189.1341745931));
#1335 = CARTESIAN_POINT('',(-1.643599617722,-189.5845819509));
#1336 = CARTESIAN_POINT('',(-1.659400491345,-189.7878094134));
#1337 = CARTESIAN_POINT('',(-1.675267865645,-189.9950172445));
#1338 = CARTESIAN_POINT('',(-1.702611045178,-190.3564569695));
#1339 = CARTESIAN_POINT('',(-1.714050794445,-190.5089729411));
#1340 = CARTESIAN_POINT('',(-1.725530985525,-190.6631151088));
#1341 = CARTESIAN_POINT('',(-1.748859375496,-190.9780910802));
#1342 = CARTESIAN_POINT('',(-1.760709714584,-191.138996304));
#1343 = CARTESIAN_POINT('',(-1.772608647846,-191.3012264888));
#1344 = CARTESIAN_POINT('',(-1.784559524055,-191.4645774437));
#1345 = ( GEOMETRIC_REPRESENTATION_CONTEXT(2) 
PARAMETRIC_REPRESENTATION_CONTEXT() REPRESENTATION_CONTEXT('2D SPACE',''
  ) );
#1346 = PCURVE('',#1347,#1352);
#1347 = CYLINDRICAL_SURFACE('',#1348,99.);
#1348 = AXIS2_PLACEMENT_3D('',#1349,#1350,#1351);
#1349 = CARTESIAN_POINT('',(0.,0.,-33.));
#1350 = DIRECTION('',(-0.,-0.,-1.));
#1351 = DIRECTION('',(1.,0.,0.));
#1352 = DEFINITIONAL_REPRESENTATION('',(#1353),#1368);
#1353 = B_SPLINE_CURVE_WITH_KNOTS('',4,(#1354,#1355,#1356,#1357,#1358,
    #1359,#1360,#1361,#1362,#1363,#1364,#1365,#1366,#1367),
  .UNSPECIFIED.,.F.,.F.,(5,3,3,3,5),(5.709392412864E-08,0.340792455984,
    0.610080123032,0.802688927896,0.999999936311),.UNSPECIFIED.);
#1354 = CARTESIAN_POINT('',(-4.245971686305,-10.));
#1355 = CARTESIAN_POINT('',(-4.251087887267,-9.104653152075));
#1356 = CARTESIAN_POINT('',(-4.256470696709,-8.217911543773));
#1357 = CARTESIAN_POINT('',(-4.262118534937,-7.340346726412));
#1358 = CARTESIAN_POINT('',(-4.272701910495,-5.787006341254));
#1359 = CARTESIAN_POINT('',(-4.277538331539,-5.107515910628));
#1360 = CARTESIAN_POINT('',(-4.282539364257,-4.434494480889));
#1361 = CARTESIAN_POINT('',(-4.291400084728,-3.291789257747));
#1362 = CARTESIAN_POINT('',(-4.295179278979,-2.818775111644));
#1363 = CARTESIAN_POINT('',(-4.299042858446,-2.349378298276));
#1364 = CARTESIAN_POINT('',(-4.307035618853,-1.406732990485));
#1365 = CARTESIAN_POINT('',(-4.311168980807,-0.933670435695));
#1366 = CARTESIAN_POINT('',(-4.315391369345,-0.464703027026));
#1367 = CARTESIAN_POINT('',(-4.319703189263,-1.8773072372E-14));
#1368 = ( GEOMETRIC_REPRESENTATION_CONTEXT(2) 
PARAMETRIC_REPRESENTATION_CONTEXT() REPRESENTATION_CONTEXT('2D SPACE',''
  ) );
#1369 = ORIENTED_EDGE('',*,*,#1370,.F.);
#1370 = EDGE_CURVE('',#1235,#1310,#1371,.T.);
#1371 = SURFACE_CURVE('',#1372,(#1376,#1382),.PCURVE_S1.);
#1372 = LINE('',#1373,#1374);
#1373 = CARTESIAN_POINT('',(-37.88444419044,100.,-33.));
#1374 = VECTOR('',#1375,1.);
#1375 = DIRECTION('',(0.,1.,-0.));
#1376 = PCURVE('',#659,#1377);
#1377 = DEFINITIONAL_REPRESENTATION('',(#1378),#1381);
#1378 = B_SPLINE_CURVE_WITH_KNOTS('',1,(#1379,#1380),.UNSPECIFIED.,.F.,
  .F.,(2,2),(-199.0000006,6.000000070117E-07),.PIECEWISE_BEZIER_KNOTS.);
#1379 = CARTESIAN_POINT('',(-1.784559508624,-199.0000006));
#1380 = CARTESIAN_POINT('',(-1.784559508624,6.000000070117E-07));
#1381 = ( GEOMETRIC_REPRESENTATION_CONTEXT(2) 
PARAMETRIC_REPRESENTATION_CONTEXT() REPRESENTATION_CONTEXT('2D SPACE',''
  ) );
#1382 = PCURVE('',#1383,#1388);
#1383 = PLANE('',#1384);
#1384 = AXIS2_PLACEMENT_3D('',#1385,#1386,#1387);
#1385 = CARTESIAN_POINT('',(-3.500646739301E-15,6.419784220745E-15,-33.)
  );
#1386 = DIRECTION('',(0.,0.,1.));
#1387 = DIRECTION('',(1.,0.,0.));
#1388 = DEFINITIONAL_REPRESENTATION('',(#1389),#1392);
#1389 = B_SPLINE_CURVE_WITH_KNOTS('',1,(#1390,#1391),.UNSPECIFIED.,.F.,
  .F.,(2,2),(-199.0000006,6.000000070117E-07),.PIECEWISE_BEZIER_KNOTS.);
#1390 = CARTESIAN_POINT('',(-37.88444419044,-99.0000006));
#1391 = CARTESIAN_POINT('',(-37.88444419044,100.0000006));
#1392 = ( GEOMETRIC_REPRESENTATION_CONTEXT(2) 
PARAMETRIC_REPRESENTATION_CONTEXT() REPRESENTATION_CONTEXT('2D SPACE',''
  ) );
#1393 = FACE_BOUND('',#1394,.T.);
#1394 = EDGE_LOOP('',(#1395,#1418,#1462,#1483));
#1395 = ORIENTED_EDGE('',*,*,#1396,.T.);
#1396 = EDGE_CURVE('',#1397,#1399,#1401,.T.);
#1397 = VERTEX_POINT('',#1398);
#1398 = CARTESIAN_POINT('',(-44.51922670696,88.42532699071,-23.));
#1399 = VERTEX_POINT('',#1400);
#1400 = CARTESIAN_POINT('',(-44.51922670696,89.543500341532,-23.));
#1401 = SURFACE_CURVE('',#1402,(#1406,#1412),.PCURVE_S1.);
#1402 = LINE('',#1403,#1404);
#1403 = CARTESIAN_POINT('',(-44.51922670696,100.,-23.));
#1404 = VECTOR('',#1405,1.);
#1405 = DIRECTION('',(0.,1.,-0.));
#1406 = PCURVE('',#659,#1407);
#1407 = DEFINITIONAL_REPRESENTATION('',(#1408),#1411);
#1408 = B_SPLINE_CURVE_WITH_KNOTS('',1,(#1409,#1410),.UNSPECIFIED.,.F.,
  .F.,(2,2),(-199.0000006,6.000000070117E-07),.PIECEWISE_BEZIER_KNOTS.);
#1409 = CARTESIAN_POINT('',(-1.548702472089,-199.0000006));
#1410 = CARTESIAN_POINT('',(-1.548702472089,6.000000070117E-07));
#1411 = ( GEOMETRIC_REPRESENTATION_CONTEXT(2) 
PARAMETRIC_REPRESENTATION_CONTEXT() REPRESENTATION_CONTEXT('2D SPACE',''
  ) );
#1412 = PCURVE('',#1298,#1413);
#1413 = DEFINITIONAL_REPRESENTATION('',(#1414),#1417);
#1414 = B_SPLINE_CURVE_WITH_KNOTS('',1,(#1415,#1416),.UNSPECIFIED.,.F.,
  .F.,(2,2),(-199.0000006,6.000000070117E-07),.PIECEWISE_BEZIER_KNOTS.);
#1415 = CARTESIAN_POINT('',(-44.51922670696,-99.0000006));
#1416 = CARTESIAN_POINT('',(-44.51922670696,100.0000006));
#1417 = ( GEOMETRIC_REPRESENTATION_CONTEXT(2) 
PARAMETRIC_REPRESENTATION_CONTEXT() REPRESENTATION_CONTEXT('2D SPACE',''
  ) );
#1418 = ORIENTED_EDGE('',*,*,#1419,.T.);
#1419 = EDGE_CURVE('',#1399,#1420,#1422,.T.);
#1420 = VERTEX_POINT('',#1421);
#1421 = CARTESIAN_POINT('',(-37.88444419044,92.546036589261,-33.));
#1422 = SURFACE_CURVE('',#1423,(#1434,#1448),.PCURVE_S1.);
#1423 = B_SPLINE_CURVE_WITH_KNOTS('',5,(#1424,#1425,#1426,#1427,#1428,
    #1429,#1430,#1431,#1432,#1433),.UNSPECIFIED.,.F.,.F.,(6,4,6),(0.,
    0.619505175524,1.),.UNSPECIFIED.);
#1424 = CARTESIAN_POINT('',(-44.51922701013,89.543500190803,-22.9999994)
  );
#1425 = CARTESIAN_POINT('',(-43.86140192028,89.870557592464,
    -24.30189898169));
#1426 = CARTESIAN_POINT('',(-43.15376877521,90.214844635918,
    -25.58673981446));
#1427 = CARTESIAN_POINT('',(-42.39581200677,90.574472611137,
    -26.85324191877));
#1428 = CARTESIAN_POINT('',(-41.58685775116,90.947355987603,
    -28.09983454617));
#1429 = CARTESIAN_POINT('',(-40.19737314688,91.566949747785,
    -30.0769326777));
#1430 = CARTESIAN_POINT('',(-39.64911345333,91.806841162348,
    -30.82101388358));
#1431 = CARTESIAN_POINT('',(-39.08104950964,92.050358281308,
    -31.55652405816));
#1432 = CARTESIAN_POINT('',(-38.49292102626,92.296951839494,
    -32.28302173262));
#1433 = CARTESIAN_POINT('',(-37.88444368124,92.546036797707,-33.0000006)
  );
#1434 = PCURVE('',#659,#1435);
#1435 = DEFINITIONAL_REPRESENTATION('',(#1436),#1447);
#1436 = B_SPLINE_CURVE_WITH_KNOTS('',5,(#1437,#1438,#1439,#1440,#1441,
    #1442,#1443,#1444,#1445,#1446),.UNSPECIFIED.,.F.,.F.,(6,4,6),(0.,
    0.619505175524,1.),.UNSPECIFIED.);
#1437 = CARTESIAN_POINT('',(-1.548702458908,-10.45649980919));
#1438 = CARTESIAN_POINT('',(-1.577303550517,-10.12944240753));
#1439 = CARTESIAN_POINT('',(-1.606046540732,-9.785155364082));
#1440 = CARTESIAN_POINT('',(-1.634962343968,-9.425527388863));
#1441 = CARTESIAN_POINT('',(-1.664081035021,-9.052644012397));
#1442 = CARTESIAN_POINT('',(-1.711463843315,-8.433050252215));
#1443 = CARTESIAN_POINT('',(-1.729581934465,-8.193158837652));
#1444 = CARTESIAN_POINT('',(-1.747797961884,-7.949641718692));
#1445 = CARTESIAN_POINT('',(-1.766120816965,-7.703048160506));
#1446 = CARTESIAN_POINT('',(-1.784559524055,-7.453963202293));
#1447 = ( GEOMETRIC_REPRESENTATION_CONTEXT(2) 
PARAMETRIC_REPRESENTATION_CONTEXT() REPRESENTATION_CONTEXT('2D SPACE',''
  ) );
#1448 = PCURVE('',#1264,#1449);
#1449 = DEFINITIONAL_REPRESENTATION('',(#1450),#1461);
#1450 = B_SPLINE_CURVE_WITH_KNOTS('',5,(#1451,#1452,#1453,#1454,#1455,
    #1456,#1457,#1458,#1459,#1460),.UNSPECIFIED.,.F.,.F.,(6,4,6),(
    5.710165463813E-08,0.619505175524,0.999999936317),.UNSPECIFIED.);
#1451 = CARTESIAN_POINT('',(-8.315370602531,-10.));
#1452 = CARTESIAN_POINT('',(-8.308024172639,-8.69810054459));
#1453 = CARTESIAN_POINT('',(-8.300155039658,-7.413259835322));
#1454 = CARTESIAN_POINT('',(-8.291766165561,-6.146757851423));
#1455 = CARTESIAN_POINT('',(-8.282859282419,-4.900165340929));
#1456 = CARTESIAN_POINT('',(-8.267645593405,-2.923067448206));
#1457 = CARTESIAN_POINT('',(-8.26166128655,-2.178986365491));
#1458 = CARTESIAN_POINT('',(-8.255480944245,-1.443476311144));
#1459 = CARTESIAN_POINT('',(-8.24910384024,-0.716978753747));
#1460 = CARTESIAN_POINT('',(-8.24252898029,-1.15713476121E-14));
#1461 = ( GEOMETRIC_REPRESENTATION_CONTEXT(2) 
PARAMETRIC_REPRESENTATION_CONTEXT() REPRESENTATION_CONTEXT('2D SPACE',''
  ) );
#1462 = ORIENTED_EDGE('',*,*,#1463,.F.);
#1463 = EDGE_CURVE('',#1464,#1420,#1466,.T.);
#1464 = VERTEX_POINT('',#1465);
#1465 = CARTESIAN_POINT('',(-37.88444419044,91.464577232833,-33.));
#1466 = SURFACE_CURVE('',#1467,(#1471,#1477),.PCURVE_S1.);
#1467 = LINE('',#1468,#1469);
#1468 = CARTESIAN_POINT('',(-37.88444419044,100.,-33.));
#1469 = VECTOR('',#1470,1.);
#1470 = DIRECTION('',(0.,1.,-0.));
#1471 = PCURVE('',#659,#1472);
#1472 = DEFINITIONAL_REPRESENTATION('',(#1473),#1476);
#1473 = B_SPLINE_CURVE_WITH_KNOTS('',1,(#1474,#1475),.UNSPECIFIED.,.F.,
  .F.,(2,2),(-199.0000006,6.000000070117E-07),.PIECEWISE_BEZIER_KNOTS.);
#1474 = CARTESIAN_POINT('',(-1.784559508624,-199.0000006));
#1475 = CARTESIAN_POINT('',(-1.784559508624,6.000000070117E-07));
#1476 = ( GEOMETRIC_REPRESENTATION_CONTEXT(2) 
PARAMETRIC_REPRESENTATION_CONTEXT() REPRESENTATION_CONTEXT('2D SPACE',''
  ) );
#1477 = PCURVE('',#1383,#1478);
#1478 = DEFINITIONAL_REPRESENTATION('',(#1479),#1482);
#1479 = B_SPLINE_CURVE_WITH_KNOTS('',1,(#1480,#1481),.UNSPECIFIED.,.F.,
  .F.,(2,2),(-199.0000006,6.000000070117E-07),.PIECEWISE_BEZIER_KNOTS.);
#1480 = CARTESIAN_POINT('',(-37.88444419044,-99.0000006));
#1481 = CARTESIAN_POINT('',(-37.88444419044,100.0000006));
#1482 = ( GEOMETRIC_REPRESENTATION_CONTEXT(2) 
PARAMETRIC_REPRESENTATION_CONTEXT() REPRESENTATION_CONTEXT('2D SPACE',''
  ) );
#1483 = ORIENTED_EDGE('',*,*,#1484,.T.);
#1484 = EDGE_CURVE('',#1464,#1397,#1485,.T.);
#1485 = SURFACE_CURVE('',#1486,(#1501,#1519),.PCURVE_S1.);
#1486 = B_SPLINE_CURVE_WITH_KNOTS('',4,(#1487,#1488,#1489,#1490,#1491,
    #1492,#1493,#1494,#1495,#1496,#1497,#1498,#1499,#1500),
  .UNSPECIFIED.,.F.,.F.,(5,3,3,3,5),(0.,0.188343503797,0.380236123134,
    0.638614925793,1.),.UNSPECIFIED.);
#1487 = CARTESIAN_POINT('',(-37.88444368124,91.464577443743,-33.0000006)
  );
#1488 = CARTESIAN_POINT('',(-38.26089837382,91.308650668613,
    -32.55641784164));
#1489 = CARTESIAN_POINT('',(-38.62904419446,91.153745096746,
    -32.10894950204));
#1490 = CARTESIAN_POINT('',(-38.98897261775,91.000038341113,
    -31.65774281672));
#1491 = CARTESIAN_POINT('',(-39.69918257479,90.692488430296,
    -30.73954661976));
#1492 = CARTESIAN_POINT('',(-40.0491544643,90.538697350436,
    -30.27242010165));
#1493 = CARTESIAN_POINT('',(-40.39076265285,90.386503525511,
    -29.80169017239));
#1494 = CARTESIAN_POINT('',(-41.172878478,90.033530004152,
    -28.68897756775));
#1495 = CARTESIAN_POINT('',(-41.60664378333,89.834186793593,
    -28.04416944255));
#1496 = CARTESIAN_POINT('',(-42.02554578383,89.638460550872,
    -27.39337075575));
#1497 = CARTESIAN_POINT('',(-42.9950089614,89.178588621173,
    -25.81863459798));
#1498 = CARTESIAN_POINT('',(-43.53149278208,88.918268313968,
    -24.88922079355));
#1499 = CARTESIAN_POINT('',(-44.03948774323,88.666859689493,
    -23.94944988545));
#1500 = CARTESIAN_POINT('',(-44.51922701013,88.425326838074,-22.9999994)
  );
#1501 = PCURVE('',#659,#1502);
#1502 = DEFINITIONAL_REPRESENTATION('',(#1503),#1518);
#1503 = B_SPLINE_CURVE_WITH_KNOTS('',4,(#1504,#1505,#1506,#1507,#1508,
    #1509,#1510,#1511,#1512,#1513,#1514,#1515,#1516,#1517),
  .UNSPECIFIED.,.F.,.F.,(5,3,3,3,5),(0.,0.188343503797,0.380236123134,
    0.638614925793,1.),.UNSPECIFIED.);
#1504 = CARTESIAN_POINT('',(-1.784559524055,-8.535422556257));
#1505 = CARTESIAN_POINT('',(-1.773151806305,-8.691349331387));
#1506 = CARTESIAN_POINT('',(-1.761791417131,-8.846254903254));
#1507 = CARTESIAN_POINT('',(-1.750475444086,-8.999961658887));
#1508 = CARTESIAN_POINT('',(-1.727714441877,-9.307511569704));
#1509 = CARTESIAN_POINT('',(-1.716271000525,-9.461302649564));
#1510 = CARTESIAN_POINT('',(-1.704867969612,-9.613496474489));
#1511 = CARTESIAN_POINT('',(-1.678199612512,-9.966469995848));
#1512 = CARTESIAN_POINT('',(-1.662964980467,-10.1658132064));
#1513 = CARTESIAN_POINT('',(-1.647792301823,-10.36153944912));
#1514 = CARTESIAN_POINT('',(-1.611532883556,-10.82141137882));
#1515 = CARTESIAN_POINT('',(-1.590499392192,-11.08173168603));
#1516 = CARTESIAN_POINT('',(-1.569560688448,-11.3331403105));
#1517 = CARTESIAN_POINT('',(-1.548702458908,-11.57467316192));
#1518 = ( GEOMETRIC_REPRESENTATION_CONTEXT(2) 
PARAMETRIC_REPRESENTATION_CONTEXT() REPRESENTATION_CONTEXT('2D SPACE',''
  ) );
#1519 = PCURVE('',#1347,#1520);
#1520 = DEFINITIONAL_REPRESENTATION('',(#1521),#1536);
#1521 = B_SPLINE_CURVE_WITH_KNOTS('',4,(#1522,#1523,#1524,#1525,#1526,
    #1527,#1528,#1529,#1530,#1531,#1532,#1533,#1534,#1535),
  .UNSPECIFIED.,.F.,.F.,(5,3,3,3,5),(6.368941617516E-08,0.188343503797,
    0.380236123134,0.638614925793,0.999999942906),.UNSPECIFIED.);
#1522 = CARTESIAN_POINT('',(-8.246667425096,-3.129370767518E-14));
#1523 = CARTESIAN_POINT('',(-8.250783275934,-0.443582612301));
#1524 = CARTESIAN_POINT('',(-8.254817639884,-0.891050803117));
#1525 = CARTESIAN_POINT('',(-8.258770868974,-1.342257337072));
#1526 = CARTESIAN_POINT('',(-8.26658845652,-2.26045338024));
#1527 = CARTESIAN_POINT('',(-8.270449736067,-2.727579898344));
#1528 = CARTESIAN_POINT('',(-8.274227242179,-3.198309827603));
#1529 = CARTESIAN_POINT('',(-8.282894682696,-4.311022432243));
#1530 = CARTESIAN_POINT('',(-8.28771657368,-4.955830557446));
#1531 = CARTESIAN_POINT('',(-8.2923869169,-5.606629244244));
#1532 = CARTESIAN_POINT('',(-8.303225356431,-7.181365256952));
#1533 = CARTESIAN_POINT('',(-8.309248422039,-8.110778912778));
#1534 = CARTESIAN_POINT('',(-8.314973568365,-9.050549669136));
#1535 = CARTESIAN_POINT('',(-8.320398928054,-10.));
#1536 = ( GEOMETRIC_REPRESENTATION_CONTEXT(2) 
PARAMETRIC_REPRESENTATION_CONTEXT() REPRESENTATION_CONTEXT('2D SPACE',''
  ) );
#1537 = ADVANCED_FACE('',(#1538),#687,.T.);
#1538 = FACE_BOUND('',#1539,.T.);
#1539 = EDGE_LOOP('',(#1540,#1541,#1542,#1563));
#1540 = ORIENTED_EDGE('',*,*,#1208,.T.);
#1541 = ORIENTED_EDGE('',*,*,#883,.T.);
#1542 = ORIENTED_EDGE('',*,*,#1543,.F.);
#1543 = EDGE_CURVE('',#672,#884,#1544,.T.);
#1544 = SURFACE_CURVE('',#1545,(#1549,#1556),.PCURVE_S1.);
#1545 = LINE('',#1546,#1547);
#1546 = CARTESIAN_POINT('',(-23.,100.,-46.));
#1547 = VECTOR('',#1548,1.);
#1548 = DIRECTION('',(-0.,-1.,-0.));
#1549 = PCURVE('',#687,#1550);
#1550 = DEFINITIONAL_REPRESENTATION('',(#1551),#1555);
#1551 = LINE('',#1552,#1553);
#1552 = CARTESIAN_POINT('',(1.,0.));
#1553 = VECTOR('',#1554,1.);
#1554 = DIRECTION('',(0.,-1.));
#1555 = ( GEOMETRIC_REPRESENTATION_CONTEXT(2) 
PARAMETRIC_REPRESENTATION_CONTEXT() REPRESENTATION_CONTEXT('2D SPACE',''
  ) );
#1556 = PCURVE('',#715,#1557);
#1557 = DEFINITIONAL_REPRESENTATION('',(#1558),#1562);
#1558 = LINE('',#1559,#1560);
#1559 = CARTESIAN_POINT('',(0.,0.));
#1560 = VECTOR('',#1561,1.);
#1561 = DIRECTION('',(0.,-1.));
#1562 = ( GEOMETRIC_REPRESENTATION_CONTEXT(2) 
PARAMETRIC_REPRESENTATION_CONTEXT() REPRESENTATION_CONTEXT('2D SPACE',''
  ) );
#1563 = ORIENTED_EDGE('',*,*,#671,.F.);
#1564 = ADVANCED_FACE('',(#1565),#715,.T.);
#1565 = FACE_BOUND('',#1566,.T.);
#1566 = EDGE_LOOP('',(#1567,#1568,#1569,#1570));
#1567 = ORIENTED_EDGE('',*,*,#1543,.T.);
#1568 = ORIENTED_EDGE('',*,*,#906,.T.);
#1569 = ORIENTED_EDGE('',*,*,#1098,.F.);
#1570 = ORIENTED_EDGE('',*,*,#699,.F.);
#1571 = ADVANCED_FACE('',(#1572),#1264,.T.);
#1572 = FACE_BOUND('',#1573,.F.);
#1573 = EDGE_LOOP('',(#1574,#1600,#1601,#1623));
#1574 = ORIENTED_EDGE('',*,*,#1575,.F.);
#1575 = EDGE_CURVE('',#1399,#1233,#1576,.T.);
#1576 = SURFACE_CURVE('',#1577,(#1582,#1589),.PCURVE_S1.);
#1577 = CIRCLE('',#1578,100.);
#1578 = AXIS2_PLACEMENT_3D('',#1579,#1580,#1581);
#1579 = CARTESIAN_POINT('',(0.,0.,-23.));
#1580 = DIRECTION('',(0.,0.,-1.));
#1581 = DIRECTION('',(-0.44519226707,0.895435003415,0.));
#1582 = PCURVE('',#1264,#1583);
#1583 = DEFINITIONAL_REPRESENTATION('',(#1584),#1588);
#1584 = LINE('',#1585,#1586);
#1585 = CARTESIAN_POINT('',(-8.315370602531,-10.));
#1586 = VECTOR('',#1587,1.);
#1587 = DIRECTION('',(1.,-0.));
#1588 = ( GEOMETRIC_REPRESENTATION_CONTEXT(2) 
PARAMETRIC_REPRESENTATION_CONTEXT() REPRESENTATION_CONTEXT('2D SPACE',''
  ) );
#1589 = PCURVE('',#1298,#1590);
#1590 = DEFINITIONAL_REPRESENTATION('',(#1591),#1599);
#1591 = ( BOUNDED_CURVE() B_SPLINE_CURVE(2,(#1592,#1593,#1594,#1595,
#1596,#1597,#1598),.UNSPECIFIED.,.T.,.F.) B_SPLINE_CURVE_WITH_KNOTS((1,2
    ,2,2,2,1),(-2.094395102393,0.,2.094395102393,4.188790204786,
6.28318530718,8.377580409573),.UNSPECIFIED.) CURVE() 
GEOMETRIC_REPRESENTATION_ITEM() RATIONAL_B_SPLINE_CURVE((1.,0.5,1.,0.5,
1.,0.5,1.)) REPRESENTATION_ITEM('') );
#1592 = CARTESIAN_POINT('',(-44.51922670696,89.543500341532));
#1593 = CARTESIAN_POINT('',(110.57466537213,166.65306291167));
#1594 = CARTESIAN_POINT('',(99.806559393029,-6.216968885696));
#1595 = CARTESIAN_POINT('',(89.038453413928,-179.087000683));
#1596 = CARTESIAN_POINT('',(-55.28733268606,-83.32653145583));
#1597 = CARTESIAN_POINT('',(-199.613118786,12.433937771393));
#1598 = CARTESIAN_POINT('',(-44.51922670696,89.543500341532));
#1599 = ( GEOMETRIC_REPRESENTATION_CONTEXT(2) 
PARAMETRIC_REPRESENTATION_CONTEXT() REPRESENTATION_CONTEXT('2D SPACE',''
  ) );
#1600 = ORIENTED_EDGE('',*,*,#1419,.T.);
#1601 = ORIENTED_EDGE('',*,*,#1602,.F.);
#1602 = EDGE_CURVE('',#1235,#1420,#1603,.T.);
#1603 = SURFACE_CURVE('',#1604,(#1609,#1616),.PCURVE_S1.);
#1604 = CIRCLE('',#1605,100.);
#1605 = AXIS2_PLACEMENT_3D('',#1606,#1607,#1608);
#1606 = CARTESIAN_POINT('',(0.,0.,-33.));
#1607 = DIRECTION('',(0.,0.,1.));
#1608 = DIRECTION('',(-0.378844441904,-0.925460365893,0.));
#1609 = PCURVE('',#1264,#1610);
#1610 = DEFINITIONAL_REPRESENTATION('',(#1611),#1615);
#1611 = LINE('',#1612,#1613);
#1612 = CARTESIAN_POINT('',(-4.32384163407,0.));
#1613 = VECTOR('',#1614,1.);
#1614 = DIRECTION('',(-1.,0.));
#1615 = ( GEOMETRIC_REPRESENTATION_CONTEXT(2) 
PARAMETRIC_REPRESENTATION_CONTEXT() REPRESENTATION_CONTEXT('2D SPACE',''
  ) );
#1616 = PCURVE('',#1383,#1617);
#1617 = DEFINITIONAL_REPRESENTATION('',(#1618),#1622);
#1618 = CIRCLE('',#1619,100.);
#1619 = AXIS2_PLACEMENT_2D('',#1620,#1621);
#1620 = CARTESIAN_POINT('',(3.500646739301E-15,-6.419784220745E-15));
#1621 = DIRECTION('',(-0.378844441904,-0.925460365893));
#1622 = ( GEOMETRIC_REPRESENTATION_CONTEXT(2) 
PARAMETRIC_REPRESENTATION_CONTEXT() REPRESENTATION_CONTEXT('2D SPACE',''
  ) );
#1623 = ORIENTED_EDGE('',*,*,#1232,.F.);
#1624 = ADVANCED_FACE('',(#1625),#1383,.F.);
#1625 = FACE_BOUND('',#1626,.F.);
#1626 = EDGE_LOOP('',(#1627,#1628,#1629,#1651));
#1627 = ORIENTED_EDGE('',*,*,#1602,.T.);
#1628 = ORIENTED_EDGE('',*,*,#1463,.F.);
#1629 = ORIENTED_EDGE('',*,*,#1630,.F.);
#1630 = EDGE_CURVE('',#1310,#1464,#1631,.T.);
#1631 = SURFACE_CURVE('',#1632,(#1637,#1644),.PCURVE_S1.);
#1632 = CIRCLE('',#1633,99.);
#1633 = AXIS2_PLACEMENT_3D('',#1634,#1635,#1636);
#1634 = CARTESIAN_POINT('',(0.,0.,-33.));
#1635 = DIRECTION('',(0.,0.,1.));
#1636 = DIRECTION('',(-0.382671153439,-0.923884618513,0.));
#1637 = PCURVE('',#1383,#1638);
#1638 = DEFINITIONAL_REPRESENTATION('',(#1639),#1643);
#1639 = CIRCLE('',#1640,99.);
#1640 = AXIS2_PLACEMENT_2D('',#1641,#1642);
#1641 = CARTESIAN_POINT('',(3.500646739301E-15,-6.419784220745E-15));
#1642 = DIRECTION('',(-0.382671153439,-0.923884618513));
#1643 = ( GEOMETRIC_REPRESENTATION_CONTEXT(2) 
PARAMETRIC_REPRESENTATION_CONTEXT() REPRESENTATION_CONTEXT('2D SPACE',''
  ) );
#1644 = PCURVE('',#1347,#1645);
#1645 = DEFINITIONAL_REPRESENTATION('',(#1646),#1650);
#1646 = LINE('',#1647,#1648);
#1647 = CARTESIAN_POINT('',(-4.319703189263,0.));
#1648 = VECTOR('',#1649,1.);
#1649 = DIRECTION('',(-1.,0.));
#1650 = ( GEOMETRIC_REPRESENTATION_CONTEXT(2) 
PARAMETRIC_REPRESENTATION_CONTEXT() REPRESENTATION_CONTEXT('2D SPACE',''
  ) );
#1651 = ORIENTED_EDGE('',*,*,#1370,.F.);
#1652 = ADVANCED_FACE('',(#1653),#1347,.F.);
#1653 = FACE_BOUND('',#1654,.T.);
#1654 = EDGE_LOOP('',(#1655,#1677,#1678,#1679));
#1655 = ORIENTED_EDGE('',*,*,#1656,.T.);
#1656 = EDGE_CURVE('',#1284,#1397,#1657,.T.);
#1657 = SURFACE_CURVE('',#1658,(#1663,#1670),.PCURVE_S1.);
#1658 = CIRCLE('',#1659,99.);
#1659 = AXIS2_PLACEMENT_3D('',#1660,#1661,#1662);
#1660 = CARTESIAN_POINT('',(0.,0.,-23.));
#1661 = DIRECTION('',(0.,0.,1.));
#1662 = DIRECTION('',(-0.449689158656,-0.893185121118,0.));
#1663 = PCURVE('',#1347,#1664);
#1664 = DEFINITIONAL_REPRESENTATION('',(#1665),#1669);
#1665 = LINE('',#1666,#1667);
#1666 = CARTESIAN_POINT('',(-4.245971686305,-10.));
#1667 = VECTOR('',#1668,1.);
#1668 = DIRECTION('',(-1.,0.));
#1669 = ( GEOMETRIC_REPRESENTATION_CONTEXT(2) 
PARAMETRIC_REPRESENTATION_CONTEXT() REPRESENTATION_CONTEXT('2D SPACE',''
  ) );
#1670 = PCURVE('',#1298,#1671);
#1671 = DEFINITIONAL_REPRESENTATION('',(#1672),#1676);
#1672 = CIRCLE('',#1673,99.);
#1673 = AXIS2_PLACEMENT_2D('',#1674,#1675);
#1674 = CARTESIAN_POINT('',(3.500646739301E-15,-6.419784220745E-15));
#1675 = DIRECTION('',(-0.449689158656,-0.893185121118));
#1676 = ( GEOMETRIC_REPRESENTATION_CONTEXT(2) 
PARAMETRIC_REPRESENTATION_CONTEXT() REPRESENTATION_CONTEXT('2D SPACE',''
  ) );
#1677 = ORIENTED_EDGE('',*,*,#1484,.F.);
#1678 = ORIENTED_EDGE('',*,*,#1630,.F.);
#1679 = ORIENTED_EDGE('',*,*,#1309,.F.);
#1680 = ADVANCED_FACE('',(#1681),#1298,.T.);
#1681 = FACE_BOUND('',#1682,.T.);
#1682 = EDGE_LOOP('',(#1683,#1684,#1685,#1686));
#1683 = ORIENTED_EDGE('',*,*,#1283,.F.);
#1684 = ORIENTED_EDGE('',*,*,#1575,.F.);
#1685 = ORIENTED_EDGE('',*,*,#1396,.F.);
#1686 = ORIENTED_EDGE('',*,*,#1656,.F.);
#1687 = ( GEOMETRIC_REPRESENTATION_CONTEXT(3) 
GLOBAL_UNCERTAINTY_ASSIGNED_CONTEXT((#1691)) 
GLOBAL_UNIT_ASSIGNED_CONTEXT((#1688,#1689,#1690)) REPRESENTATION_CONTEXT
('Context #1','3D Context with UNIT and UNCERTAINTY') );
#1688 = ( LENGTH_UNIT() NAMED_UNIT(*) SI_UNIT(.MILLI.,.METRE.) );
#1689 = ( NAMED_UNIT(*) PLANE_ANGLE_UNIT() SI_UNIT($,.RADIAN.) );
#1690 = ( NAMED_UNIT(*) SI_UNIT($,.STERADIAN.) SOLID_ANGLE_UNIT() );
#1691 = UNCERTAINTY_MEASURE_WITH_UNIT(LENGTH_MEASURE(1.E-07),#1688,
  'distance_accuracy_value','confusion accuracy');
#1692 = CONTEXT_DEPENDENT_SHAPE_REPRESENTATION(#1693,#1695);
#1693 = ( REPRESENTATION_RELATIONSHIP('','',#36,#10) 
REPRESENTATION_RELATIONSHIP_WITH_TRANSFORMATION(#1694) 
SHAPE_REPRESENTATION_RELATIONSHIP() );
#1694 = ITEM_DEFINED_TRANSFORMATION('','',#11,#15);
#1695 = PRODUCT_DEFINITION_SHAPE('Placement','Placement of an item',
  #1696);
#1696 = NEXT_ASSEMBLY_USAGE_OCCURRENCE('1','','',#5,#31,$);
#1697 = PRODUCT_RELATED_PRODUCT_CATEGORY('part',$,(#33));
#1698 = SHAPE_DEFINITION_REPRESENTATION(#1699,#1705);
#1699 = PRODUCT_DEFINITION_SHAPE('','',#1700);
#1700 = PRODUCT_DEFINITION('design','',#1701,#1704);
#1701 = PRODUCT_DEFINITION_FORMATION('','',#1702);
#1702 = PRODUCT('Open CASCADE STEP translator 7.7 1.2',
  'Open CASCADE STEP translator 7.7 1.2','',(#1703));
#1703 = PRODUCT_CONTEXT('',#2,'mechanical');
#1704 = PRODUCT_DEFINITION_CONTEXT('part definition',#2,'design');
#1705 = ADVANCED_BREP_SHAPE_REPRESENTATION('',(#11,#1706),#2206);
#1706 = MANIFOLD_SOLID_BREP('',#1707);
#1707 = CLOSED_SHELL('',(#1708,#1828,#1904,#1990,#2068,#2139,#2188,#2197
    ));
#1708 = ADVANCED_FACE('',(#1709),#1723,.T.);
#1709 = FACE_BOUND('',#1710,.T.);
#1710 = EDGE_LOOP('',(#1711,#1746,#1774,#1802));
#1711 = ORIENTED_EDGE('',*,*,#1712,.T.);
#1712 = EDGE_CURVE('',#1713,#1715,#1717,.T.);
#1713 = VERTEX_POINT('',#1714);
#1714 = CARTESIAN_POINT('',(-3.,100.,-59.));
#1715 = VERTEX_POINT('',#1716);
#1716 = CARTESIAN_POINT('',(-3.,-99.,-59.));
#1717 = SURFACE_CURVE('',#1718,(#1722,#1734),.PCURVE_S1.);
#1718 = LINE('',#1719,#1720);
#1719 = CARTESIAN_POINT('',(-3.,100.,-59.));
#1720 = VECTOR('',#1721,1.);
#1721 = DIRECTION('',(-0.,-1.,-0.));
#1722 = PCURVE('',#1723,#1728);
#1723 = PLANE('',#1724);
#1724 = AXIS2_PLACEMENT_3D('',#1725,#1726,#1727);
#1725 = CARTESIAN_POINT('',(-3.,100.,-59.));
#1726 = DIRECTION('',(0.,0.,1.));
#1727 = DIRECTION('',(1.,0.,-0.));
#1728 = DEFINITIONAL_REPRESENTATION('',(#1729),#1733);
#1729 = LINE('',#1730,#1731);
#1730 = CARTESIAN_POINT('',(8.881784197001E-16,0.));
#1731 = VECTOR('',#1732,1.);
#1732 = DIRECTION('',(0.,-1.));
#1733 = ( GEOMETRIC_REPRESENTATION_CONTEXT(2) 
PARAMETRIC_REPRESENTATION_CONTEXT() REPRESENTATION_CONTEXT('2D SPACE',''
  ) );
#1734 = PCURVE('',#1735,#1740);
#1735 = CYLINDRICAL_SURFACE('',#1736,8.062257748299);
#1736 = AXIS2_PLACEMENT_3D('',#1737,#1738,#1739);
#1737 = CARTESIAN_POINT('',(1.,100.,-52.));
#1738 = DIRECTION('',(0.,1.,0.));
#1739 = DIRECTION('',(0.496138938357,0.,-0.868243142124));
#1740 = DEFINITIONAL_REPRESENTATION('',(#1741),#1745);
#1741 = LINE('',#1742,#1743);
#1742 = CARTESIAN_POINT('',(1.038292228493,0.));
#1743 = VECTOR('',#1744,1.);
#1744 = DIRECTION('',(0.,-1.));
#1745 = ( GEOMETRIC_REPRESENTATION_CONTEXT(2) 
PARAMETRIC_REPRESENTATION_CONTEXT() REPRESENTATION_CONTEXT('2D SPACE',''
  ) );
#1746 = ORIENTED_EDGE('',*,*,#1747,.T.);
#1747 = EDGE_CURVE('',#1715,#1748,#1750,.T.);
#1748 = VERTEX_POINT('',#1749);
#1749 = CARTESIAN_POINT('',(3.,-99.,-59.));
#1750 = SURFACE_CURVE('',#1751,(#1755,#1762),.PCURVE_S1.);
#1751 = LINE('',#1752,#1753);
#1752 = CARTESIAN_POINT('',(-3.,-99.,-59.));
#1753 = VECTOR('',#1754,1.);
#1754 = DIRECTION('',(1.,0.,0.));
#1755 = PCURVE('',#1723,#1756);
#1756 = DEFINITIONAL_REPRESENTATION('',(#1757),#1761);
#1757 = LINE('',#1758,#1759);
#1758 = CARTESIAN_POINT('',(0.,-199.));
#1759 = VECTOR('',#1760,1.);
#1760 = DIRECTION('',(1.,0.));
#1761 = ( GEOMETRIC_REPRESENTATION_CONTEXT(2) 
PARAMETRIC_REPRESENTATION_CONTEXT() REPRESENTATION_CONTEXT('2D SPACE',''
  ) );
#1762 = PCURVE('',#1763,#1768);
#1763 = PLANE('',#1764);
#1764 = AXIS2_PLACEMENT_3D('',#1765,#1766,#1767);
#1765 = CARTESIAN_POINT('',(9.630744484762,-99.,-56.70789773637));
#1766 = DIRECTION('',(0.,1.,0.));
#1767 = DIRECTION('',(0.,0.,1.));
#1768 = DEFINITIONAL_REPRESENTATION('',(#1769),#1773);
#1769 = LINE('',#1770,#1771);
#1770 = CARTESIAN_POINT('',(-2.292102263625,-12.63074448476));
#1771 = VECTOR('',#1772,1.);
#1772 = DIRECTION('',(0.,1.));
#1773 = ( GEOMETRIC_REPRESENTATION_CONTEXT(2) 
PARAMETRIC_REPRESENTATION_CONTEXT() REPRESENTATION_CONTEXT('2D SPACE',''
  ) );
#1774 = ORIENTED_EDGE('',*,*,#1775,.F.);
#1775 = EDGE_CURVE('',#1776,#1748,#1778,.T.);
#1776 = VERTEX_POINT('',#1777);
#1777 = CARTESIAN_POINT('',(3.,100.,-59.));
#1778 = SURFACE_CURVE('',#1779,(#1783,#1790),.PCURVE_S1.);
#1779 = LINE('',#1780,#1781);
#1780 = CARTESIAN_POINT('',(3.,100.,-59.));
#1781 = VECTOR('',#1782,1.);
#1782 = DIRECTION('',(-0.,-1.,-0.));
#1783 = PCURVE('',#1723,#1784);
#1784 = DEFINITIONAL_REPRESENTATION('',(#1785),#1789);
#1785 = LINE('',#1786,#1787);
#1786 = CARTESIAN_POINT('',(6.,0.));
#1787 = VECTOR('',#1788,1.);
#1788 = DIRECTION('',(0.,-1.));
#1789 = ( GEOMETRIC_REPRESENTATION_CONTEXT(2) 
PARAMETRIC_REPRESENTATION_CONTEXT() REPRESENTATION_CONTEXT('2D SPACE',''
  ) );
#1790 = PCURVE('',#1791,#1796);
#1791 = PLANE('',#1792);
#1792 = AXIS2_PLACEMENT_3D('',#1793,#1794,#1795);
#1793 = CARTESIAN_POINT('',(3.,100.,-59.));
#1794 = DIRECTION('',(-1.,0.,0.));
#1795 = DIRECTION('',(0.,0.,1.));
#1796 = DEFINITIONAL_REPRESENTATION('',(#1797),#1801);
#1797 = LINE('',#1798,#1799);
#1798 = CARTESIAN_POINT('',(0.,0.));
#1799 = VECTOR('',#1800,1.);
#1800 = DIRECTION('',(0.,-1.));
#1801 = ( GEOMETRIC_REPRESENTATION_CONTEXT(2) 
PARAMETRIC_REPRESENTATION_CONTEXT() REPRESENTATION_CONTEXT('2D SPACE',''
  ) );
#1802 = ORIENTED_EDGE('',*,*,#1803,.F.);
#1803 = EDGE_CURVE('',#1713,#1776,#1804,.T.);
#1804 = SURFACE_CURVE('',#1805,(#1809,#1816),.PCURVE_S1.);
#1805 = LINE('',#1806,#1807);
#1806 = CARTESIAN_POINT('',(-3.,100.,-59.));
#1807 = VECTOR('',#1808,1.);
#1808 = DIRECTION('',(1.,0.,0.));
#1809 = PCURVE('',#1723,#1810);
#1810 = DEFINITIONAL_REPRESENTATION('',(#1811),#1815);
#1811 = LINE('',#1812,#1813);
#1812 = CARTESIAN_POINT('',(0.,0.));
#1813 = VECTOR('',#1814,1.);
#1814 = DIRECTION('',(1.,0.));
#1815 = ( GEOMETRIC_REPRESENTATION_CONTEXT(2) 
PARAMETRIC_REPRESENTATION_CONTEXT() REPRESENTATION_CONTEXT('2D SPACE',''
  ) );
#1816 = PCURVE('',#1817,#1822);
#1817 = PLANE('',#1818);
#1818 = AXIS2_PLACEMENT_3D('',#1819,#1820,#1821);
#1819 = CARTESIAN_POINT('',(9.630744484762,100.,-56.70789773637));
#1820 = DIRECTION('',(0.,1.,0.));
#1821 = DIRECTION('',(0.,0.,1.));
#1822 = DEFINITIONAL_REPRESENTATION('',(#1823),#1827);
#1823 = LINE('',#1824,#1825);
#1824 = CARTESIAN_POINT('',(-2.292102263625,-12.63074448476));
#1825 = VECTOR('',#1826,1.);
#1826 = DIRECTION('',(0.,1.));
#1827 = ( GEOMETRIC_REPRESENTATION_CONTEXT(2) 
PARAMETRIC_REPRESENTATION_CONTEXT() REPRESENTATION_CONTEXT('2D SPACE',''
  ) );
#1828 = ADVANCED_FACE('',(#1829),#1791,.T.);
#1829 = FACE_BOUND('',#1830,.T.);
#1830 = EDGE_LOOP('',(#1831,#1832,#1855,#1883));
#1831 = ORIENTED_EDGE('',*,*,#1775,.T.);
#1832 = ORIENTED_EDGE('',*,*,#1833,.T.);
#1833 = EDGE_CURVE('',#1748,#1834,#1836,.T.);
#1834 = VERTEX_POINT('',#1835);
#1835 = CARTESIAN_POINT('',(3.,-99.,-58.));
#1836 = SURFACE_CURVE('',#1837,(#1841,#1848),.PCURVE_S1.);
#1837 = LINE('',#1838,#1839);
#1838 = CARTESIAN_POINT('',(3.,-99.,-59.));
#1839 = VECTOR('',#1840,1.);
#1840 = DIRECTION('',(0.,0.,1.));
#1841 = PCURVE('',#1791,#1842);
#1842 = DEFINITIONAL_REPRESENTATION('',(#1843),#1847);
#1843 = LINE('',#1844,#1845);
#1844 = CARTESIAN_POINT('',(0.,-199.));
#1845 = VECTOR('',#1846,1.);
#1846 = DIRECTION('',(1.,0.));
#1847 = ( GEOMETRIC_REPRESENTATION_CONTEXT(2) 
PARAMETRIC_REPRESENTATION_CONTEXT() REPRESENTATION_CONTEXT('2D SPACE',''
  ) );
#1848 = PCURVE('',#1763,#1849);
#1849 = DEFINITIONAL_REPRESENTATION('',(#1850),#1854);
#1850 = LINE('',#1851,#1852);
#1851 = CARTESIAN_POINT('',(-2.292102263625,-6.630744484762));
#1852 = VECTOR('',#1853,1.);
#1853 = DIRECTION('',(1.,0.));
#1854 = ( GEOMETRIC_REPRESENTATION_CONTEXT(2) 
PARAMETRIC_REPRESENTATION_CONTEXT() REPRESENTATION_CONTEXT('2D SPACE',''
  ) );
#1855 = ORIENTED_EDGE('',*,*,#1856,.F.);
#1856 = EDGE_CURVE('',#1857,#1834,#1859,.T.);
#1857 = VERTEX_POINT('',#1858);
#1858 = CARTESIAN_POINT('',(3.,100.,-58.));
#1859 = SURFACE_CURVE('',#1860,(#1864,#1871),.PCURVE_S1.);
#1860 = LINE('',#1861,#1862);
#1861 = CARTESIAN_POINT('',(3.,100.,-58.));
#1862 = VECTOR('',#1863,1.);
#1863 = DIRECTION('',(-0.,-1.,-0.));
#1864 = PCURVE('',#1791,#1865);
#1865 = DEFINITIONAL_REPRESENTATION('',(#1866),#1870);
#1866 = LINE('',#1867,#1868);
#1867 = CARTESIAN_POINT('',(1.,0.));
#1868 = VECTOR('',#1869,1.);
#1869 = DIRECTION('',(0.,-1.));
#1870 = ( GEOMETRIC_REPRESENTATION_CONTEXT(2) 
PARAMETRIC_REPRESENTATION_CONTEXT() REPRESENTATION_CONTEXT('2D SPACE',''
  ) );
#1871 = PCURVE('',#1872,#1877);
#1872 = CYLINDRICAL_SURFACE('',#1873,57.336201478647);
#1873 = AXIS2_PLACEMENT_3D('',#1874,#1875,#1876);
#1874 = CARTESIAN_POINT('',(-3.2,100.,-1.));
#1875 = DIRECTION('',(-0.,1.,-0.));
#1876 = DIRECTION('',(0.108134125389,0.,-0.994136314057));
#1877 = DEFINITIONAL_REPRESENTATION('',(#1878),#1882);
#1878 = LINE('',#1879,#1880);
#1879 = CARTESIAN_POINT('',(-0.,0.));
#1880 = VECTOR('',#1881,1.);
#1881 = DIRECTION('',(-0.,-1.));
#1882 = ( GEOMETRIC_REPRESENTATION_CONTEXT(2) 
PARAMETRIC_REPRESENTATION_CONTEXT() REPRESENTATION_CONTEXT('2D SPACE',''
  ) );
#1883 = ORIENTED_EDGE('',*,*,#1884,.F.);
#1884 = EDGE_CURVE('',#1776,#1857,#1885,.T.);
#1885 = SURFACE_CURVE('',#1886,(#1890,#1897),.PCURVE_S1.);
#1886 = LINE('',#1887,#1888);
#1887 = CARTESIAN_POINT('',(3.,100.,-59.));
#1888 = VECTOR('',#1889,1.);
#1889 = DIRECTION('',(0.,0.,1.));
#1890 = PCURVE('',#1791,#1891);
#1891 = DEFINITIONAL_REPRESENTATION('',(#1892),#1896);
#1892 = LINE('',#1893,#1894);
#1893 = CARTESIAN_POINT('',(0.,0.));
#1894 = VECTOR('',#1895,1.);
#1895 = DIRECTION('',(1.,0.));
#1896 = ( GEOMETRIC_REPRESENTATION_CONTEXT(2) 
PARAMETRIC_REPRESENTATION_CONTEXT() REPRESENTATION_CONTEXT('2D SPACE',''
  ) );
#1897 = PCURVE('',#1817,#1898);
#1898 = DEFINITIONAL_REPRESENTATION('',(#1899),#1903);
#1899 = LINE('',#1900,#1901);
#1900 = CARTESIAN_POINT('',(-2.292102263625,-6.630744484762));
#1901 = VECTOR('',#1902,1.);
#1902 = DIRECTION('',(1.,0.));
#1903 = ( GEOMETRIC_REPRESENTATION_CONTEXT(2) 
PARAMETRIC_REPRESENTATION_CONTEXT() REPRESENTATION_CONTEXT('2D SPACE',''
  ) );
#1904 = ADVANCED_FACE('',(#1905),#1872,.F.);
#1905 = FACE_BOUND('',#1906,.T.);
#1906 = EDGE_LOOP('',(#1907,#1908,#1936,#1964));
#1907 = ORIENTED_EDGE('',*,*,#1856,.T.);
#1908 = ORIENTED_EDGE('',*,*,#1909,.T.);
#1909 = EDGE_CURVE('',#1834,#1910,#1912,.T.);
#1910 = VERTEX_POINT('',#1911);
#1911 = CARTESIAN_POINT('',(23.,-99.,-52.));
#1912 = SURFACE_CURVE('',#1913,(#1918,#1925),.PCURVE_S1.);
#1913 = CIRCLE('',#1914,57.336201478647);
#1914 = AXIS2_PLACEMENT_3D('',#1915,#1916,#1917);
#1915 = CARTESIAN_POINT('',(-3.2,-99.,-1.));
#1916 = DIRECTION('',(0.,-1.,0.));
#1917 = DIRECTION('',(0.108134125389,0.,-0.994136314057));
#1918 = PCURVE('',#1872,#1919);
#1919 = DEFINITIONAL_REPRESENTATION('',(#1920),#1924);
#1920 = LINE('',#1921,#1922);
#1921 = CARTESIAN_POINT('',(-0.,-199.));
#1922 = VECTOR('',#1923,1.);
#1923 = DIRECTION('',(-1.,0.));
#1924 = ( GEOMETRIC_REPRESENTATION_CONTEXT(2) 
PARAMETRIC_REPRESENTATION_CONTEXT() REPRESENTATION_CONTEXT('2D SPACE',''
  ) );
#1925 = PCURVE('',#1763,#1926);
#1926 = DEFINITIONAL_REPRESENTATION('',(#1927),#1935);
#1927 = ( BOUNDED_CURVE() B_SPLINE_CURVE(2,(#1928,#1929,#1930,#1931,
#1932,#1933,#1934),.UNSPECIFIED.,.T.,.F.) B_SPLINE_CURVE_WITH_KNOTS((1,2
    ,2,2,2,1),(-2.094395102393,0.,2.094395102393,4.188790204786,
6.28318530718,8.377580409573),.UNSPECIFIED.) CURVE() 
GEOMETRIC_REPRESENTATION_ITEM() RATIONAL_B_SPLINE_CURVE((1.,0.5,1.,0.5,
1.,0.5,1.)) REPRESENTATION_ITEM('') );
#1928 = CARTESIAN_POINT('',(-1.292102263625,-6.630744484762));
#1929 = CARTESIAN_POINT('',(9.446612743302,92.096151546664));
#1930 = CARTESIAN_POINT('',(89.577255239839,33.432703530951));
#1931 = CARTESIAN_POINT('',(169.70789773637,-25.23074448476));
#1932 = CARTESIAN_POINT('',(78.838540232912,-65.29419250047));
#1933 = CARTESIAN_POINT('',(-12.03081727055,-105.3576405161));
#1934 = CARTESIAN_POINT('',(-1.292102263625,-6.630744484762));
#1935 = ( GEOMETRIC_REPRESENTATION_CONTEXT(2) 
PARAMETRIC_REPRESENTATION_CONTEXT() REPRESENTATION_CONTEXT('2D SPACE',''
  ) );
#1936 = ORIENTED_EDGE('',*,*,#1937,.F.);
#1937 = EDGE_CURVE('',#1938,#1910,#1940,.T.);
#1938 = VERTEX_POINT('',#1939);
#1939 = CARTESIAN_POINT('',(23.,100.,-52.));
#1940 = SURFACE_CURVE('',#1941,(#1945,#1952),.PCURVE_S1.);
#1941 = LINE('',#1942,#1943);
#1942 = CARTESIAN_POINT('',(23.,100.,-52.));
#1943 = VECTOR('',#1944,1.);
#1944 = DIRECTION('',(-0.,-1.,-0.));
#1945 = PCURVE('',#1872,#1946);
#1946 = DEFINITIONAL_REPRESENTATION('',(#1947),#1951);
#1947 = LINE('',#1948,#1949);
#1948 = CARTESIAN_POINT('',(-0.366221634525,0.));
#1949 = VECTOR('',#1950,1.);
#1950 = DIRECTION('',(-0.,-1.));
#1951 = ( GEOMETRIC_REPRESENTATION_CONTEXT(2) 
PARAMETRIC_REPRESENTATION_CONTEXT() REPRESENTATION_CONTEXT('2D SPACE',''
  ) );
#1952 = PCURVE('',#1953,#1958);
#1953 = CYLINDRICAL_SURFACE('',#1954,119.13391624554);
#1954 = AXIS2_PLACEMENT_3D('',#1955,#1956,#1957);
#1955 = CARTESIAN_POINT('',(-26.2,100.,56.5));
#1956 = DIRECTION('',(0.,1.,0.));
#1957 = DIRECTION('',(0.412980631801,0.,-0.910739807935));
#1958 = DEFINITIONAL_REPRESENTATION('',(#1959),#1963);
#1959 = LINE('',#1960,#1961);
#1960 = CARTESIAN_POINT('',(0.,0.));
#1961 = VECTOR('',#1962,1.);
#1962 = DIRECTION('',(0.,-1.));
#1963 = ( GEOMETRIC_REPRESENTATION_CONTEXT(2) 
PARAMETRIC_REPRESENTATION_CONTEXT() REPRESENTATION_CONTEXT('2D SPACE',''
  ) );
#1964 = ORIENTED_EDGE('',*,*,#1965,.F.);
#1965 = EDGE_CURVE('',#1857,#1938,#1966,.T.);
#1966 = SURFACE_CURVE('',#1967,(#1972,#1979),.PCURVE_S1.);
#1967 = CIRCLE('',#1968,57.336201478647);
#1968 = AXIS2_PLACEMENT_3D('',#1969,#1970,#1971);
#1969 = CARTESIAN_POINT('',(-3.2,100.,-1.));
#1970 = DIRECTION('',(0.,-1.,0.));
#1971 = DIRECTION('',(0.108134125389,0.,-0.994136314057));
#1972 = PCURVE('',#1872,#1973);
#1973 = DEFINITIONAL_REPRESENTATION('',(#1974),#1978);
#1974 = LINE('',#1975,#1976);
#1975 = CARTESIAN_POINT('',(-0.,0.));
#1976 = VECTOR('',#1977,1.);
#1977 = DIRECTION('',(-1.,0.));
#1978 = ( GEOMETRIC_REPRESENTATION_CONTEXT(2) 
PARAMETRIC_REPRESENTATION_CONTEXT() REPRESENTATION_CONTEXT('2D SPACE',''
  ) );
#1979 = PCURVE('',#1817,#1980);
#1980 = DEFINITIONAL_REPRESENTATION('',(#1981),#1989);
#1981 = ( BOUNDED_CURVE() B_SPLINE_CURVE(2,(#1982,#1983,#1984,#1985,
#1986,#1987,#1988),.UNSPECIFIED.,.T.,.F.) B_SPLINE_CURVE_WITH_KNOTS((1,2
    ,2,2,2,1),(-2.094395102393,0.,2.094395102393,4.188790204786,
6.28318530718,8.377580409573),.UNSPECIFIED.) CURVE() 
GEOMETRIC_REPRESENTATION_ITEM() RATIONAL_B_SPLINE_CURVE((1.,0.5,1.,0.5,
1.,0.5,1.)) REPRESENTATION_ITEM('') );
#1982 = CARTESIAN_POINT('',(-1.292102263625,-6.630744484762));
#1983 = CARTESIAN_POINT('',(9.446612743302,92.096151546664));
#1984 = CARTESIAN_POINT('',(89.577255239839,33.432703530951));
#1985 = CARTESIAN_POINT('',(169.70789773637,-25.23074448476));
#1986 = CARTESIAN_POINT('',(78.838540232912,-65.29419250047));
#1987 = CARTESIAN_POINT('',(-12.03081727055,-105.3576405161));
#1988 = CARTESIAN_POINT('',(-1.292102263625,-6.630744484762));
#1989 = ( GEOMETRIC_REPRESENTATION_CONTEXT(2) 
PARAMETRIC_REPRESENTATION_CONTEXT() REPRESENTATION_CONTEXT('2D SPACE',''
  ) );
#1990 = ADVANCED_FACE('',(#1991),#1953,.T.);
#1991 = FACE_BOUND('',#1992,.T.);
#1992 = EDGE_LOOP('',(#1993,#1994,#2018,#2046));
#1993 = ORIENTED_EDGE('',*,*,#1937,.T.);
#1994 = ORIENTED_EDGE('',*,*,#1995,.T.);
#1995 = EDGE_CURVE('',#1910,#1996,#1998,.T.);
#1996 = VERTEX_POINT('',#1997);
#1997 = CARTESIAN_POINT('',(3.,-99.,-59.));
#1998 = SURFACE_CURVE('',#1999,(#2004,#2011),.PCURVE_S1.);
#1999 = CIRCLE('',#2000,119.13391624554);
#2000 = AXIS2_PLACEMENT_3D('',#2001,#2002,#2003);
#2001 = CARTESIAN_POINT('',(-26.2,-99.,56.5));
#2002 = DIRECTION('',(0.,1.,0.));
#2003 = DIRECTION('',(0.412980631801,0.,-0.910739807935));
#2004 = PCURVE('',#1953,#2005);
#2005 = DEFINITIONAL_REPRESENTATION('',(#2006),#2010);
#2006 = LINE('',#2007,#2008);
#2007 = CARTESIAN_POINT('',(0.,-199.));
#2008 = VECTOR('',#2009,1.);
#2009 = DIRECTION('',(1.,0.));
#2010 = ( GEOMETRIC_REPRESENTATION_CONTEXT(2) 
PARAMETRIC_REPRESENTATION_CONTEXT() REPRESENTATION_CONTEXT('2D SPACE',''
  ) );
#2011 = PCURVE('',#1763,#2012);
#2012 = DEFINITIONAL_REPRESENTATION('',(#2013),#2017);
#2013 = CIRCLE('',#2014,119.13391624554);
#2014 = AXIS2_PLACEMENT_2D('',#2015,#2016);
#2015 = CARTESIAN_POINT('',(113.20789773637,-35.83074448476));
#2016 = DIRECTION('',(-0.910739807935,0.412980631801));
#2017 = ( GEOMETRIC_REPRESENTATION_CONTEXT(2) 
PARAMETRIC_REPRESENTATION_CONTEXT() REPRESENTATION_CONTEXT('2D SPACE',''
  ) );
#2018 = ORIENTED_EDGE('',*,*,#2019,.F.);
#2019 = EDGE_CURVE('',#2020,#1996,#2022,.T.);
#2020 = VERTEX_POINT('',#2021);
#2021 = CARTESIAN_POINT('',(3.,100.,-59.));
#2022 = SURFACE_CURVE('',#2023,(#2027,#2034),.PCURVE_S1.);
#2023 = LINE('',#2024,#2025);
#2024 = CARTESIAN_POINT('',(3.,100.,-59.));
#2025 = VECTOR('',#2026,1.);
#2026 = DIRECTION('',(-0.,-1.,-0.));
#2027 = PCURVE('',#1953,#2028);
#2028 = DEFINITIONAL_REPRESENTATION('',(#2029),#2033);
#2029 = LINE('',#2030,#2031);
#2030 = CARTESIAN_POINT('',(0.178099165269,0.));
#2031 = VECTOR('',#2032,1.);
#2032 = DIRECTION('',(0.,-1.));
#2033 = ( GEOMETRIC_REPRESENTATION_CONTEXT(2) 
PARAMETRIC_REPRESENTATION_CONTEXT() REPRESENTATION_CONTEXT('2D SPACE',''
  ) );
#2034 = PCURVE('',#2035,#2040);
#2035 = PLANE('',#2036);
#2036 = AXIS2_PLACEMENT_3D('',#2037,#2038,#2039);
#2037 = CARTESIAN_POINT('',(3.,100.,-59.));
#2038 = DIRECTION('',(0.,0.,1.));
#2039 = DIRECTION('',(1.,0.,-0.));
#2040 = DEFINITIONAL_REPRESENTATION('',(#2041),#2045);
#2041 = LINE('',#2042,#2043);
#2042 = CARTESIAN_POINT('',(0.,0.));
#2043 = VECTOR('',#2044,1.);
#2044 = DIRECTION('',(0.,-1.));
#2045 = ( GEOMETRIC_REPRESENTATION_CONTEXT(2) 
PARAMETRIC_REPRESENTATION_CONTEXT() REPRESENTATION_CONTEXT('2D SPACE',''
  ) );
#2046 = ORIENTED_EDGE('',*,*,#2047,.F.);
#2047 = EDGE_CURVE('',#1938,#2020,#2048,.T.);
#2048 = SURFACE_CURVE('',#2049,(#2054,#2061),.PCURVE_S1.);
#2049 = CIRCLE('',#2050,119.13391624554);
#2050 = AXIS2_PLACEMENT_3D('',#2051,#2052,#2053);
#2051 = CARTESIAN_POINT('',(-26.2,100.,56.5));
#2052 = DIRECTION('',(0.,1.,0.));
#2053 = DIRECTION('',(0.412980631801,0.,-0.910739807935));
#2054 = PCURVE('',#1953,#2055);
#2055 = DEFINITIONAL_REPRESENTATION('',(#2056),#2060);
#2056 = LINE('',#2057,#2058);
#2057 = CARTESIAN_POINT('',(0.,0.));
#2058 = VECTOR('',#2059,1.);
#2059 = DIRECTION('',(1.,0.));
#2060 = ( GEOMETRIC_REPRESENTATION_CONTEXT(2) 
PARAMETRIC_REPRESENTATION_CONTEXT() REPRESENTATION_CONTEXT('2D SPACE',''
  ) );
#2061 = PCURVE('',#1817,#2062);
#2062 = DEFINITIONAL_REPRESENTATION('',(#2063),#2067);
#2063 = CIRCLE('',#2064,119.13391624554);
#2064 = AXIS2_PLACEMENT_2D('',#2065,#2066);
#2065 = CARTESIAN_POINT('',(113.20789773637,-35.83074448476));
#2066 = DIRECTION('',(-0.910739807935,0.412980631801));
#2067 = ( GEOMETRIC_REPRESENTATION_CONTEXT(2) 
PARAMETRIC_REPRESENTATION_CONTEXT() REPRESENTATION_CONTEXT('2D SPACE',''
  ) );
#2068 = ADVANCED_FACE('',(#2069),#2035,.T.);
#2069 = FACE_BOUND('',#2070,.T.);
#2070 = EDGE_LOOP('',(#2071,#2072,#2095,#2118));
#2071 = ORIENTED_EDGE('',*,*,#2019,.T.);
#2072 = ORIENTED_EDGE('',*,*,#2073,.T.);
#2073 = EDGE_CURVE('',#1996,#2074,#2076,.T.);
#2074 = VERTEX_POINT('',#2075);
#2075 = CARTESIAN_POINT('',(5.,-99.,-59.));
#2076 = SURFACE_CURVE('',#2077,(#2081,#2088),.PCURVE_S1.);
#2077 = LINE('',#2078,#2079);
#2078 = CARTESIAN_POINT('',(3.,-99.,-59.));
#2079 = VECTOR('',#2080,1.);
#2080 = DIRECTION('',(1.,0.,0.));
#2081 = PCURVE('',#2035,#2082);
#2082 = DEFINITIONAL_REPRESENTATION('',(#2083),#2087);
#2083 = LINE('',#2084,#2085);
#2084 = CARTESIAN_POINT('',(0.,-199.));
#2085 = VECTOR('',#2086,1.);
#2086 = DIRECTION('',(1.,0.));
#2087 = ( GEOMETRIC_REPRESENTATION_CONTEXT(2) 
PARAMETRIC_REPRESENTATION_CONTEXT() REPRESENTATION_CONTEXT('2D SPACE',''
  ) );
#2088 = PCURVE('',#1763,#2089);
#2089 = DEFINITIONAL_REPRESENTATION('',(#2090),#2094);
#2090 = LINE('',#2091,#2092);
#2091 = CARTESIAN_POINT('',(-2.292102263625,-6.630744484762));
#2092 = VECTOR('',#2093,1.);
#2093 = DIRECTION('',(0.,1.));
#2094 = ( GEOMETRIC_REPRESENTATION_CONTEXT(2) 
PARAMETRIC_REPRESENTATION_CONTEXT() REPRESENTATION_CONTEXT('2D SPACE',''
  ) );
#2095 = ORIENTED_EDGE('',*,*,#2096,.F.);
#2096 = EDGE_CURVE('',#2097,#2074,#2099,.T.);
#2097 = VERTEX_POINT('',#2098);
#2098 = CARTESIAN_POINT('',(5.,100.,-59.));
#2099 = SURFACE_CURVE('',#2100,(#2104,#2111),.PCURVE_S1.);
#2100 = LINE('',#2101,#2102);
#2101 = CARTESIAN_POINT('',(5.,100.,-59.));
#2102 = VECTOR('',#2103,1.);
#2103 = DIRECTION('',(-0.,-1.,-0.));
#2104 = PCURVE('',#2035,#2105);
#2105 = DEFINITIONAL_REPRESENTATION('',(#2106),#2110);
#2106 = LINE('',#2107,#2108);
#2107 = CARTESIAN_POINT('',(2.,0.));
#2108 = VECTOR('',#2109,1.);
#2109 = DIRECTION('',(0.,-1.));
#2110 = ( GEOMETRIC_REPRESENTATION_CONTEXT(2) 
PARAMETRIC_REPRESENTATION_CONTEXT() REPRESENTATION_CONTEXT('2D SPACE',''
  ) );
#2111 = PCURVE('',#1735,#2112);
#2112 = DEFINITIONAL_REPRESENTATION('',(#2113),#2117);
#2113 = LINE('',#2114,#2115);
#2114 = CARTESIAN_POINT('',(0.,0.));
#2115 = VECTOR('',#2116,1.);
#2116 = DIRECTION('',(0.,-1.));
#2117 = ( GEOMETRIC_REPRESENTATION_CONTEXT(2) 
PARAMETRIC_REPRESENTATION_CONTEXT() REPRESENTATION_CONTEXT('2D SPACE',''
  ) );
#2118 = ORIENTED_EDGE('',*,*,#2119,.F.);
#2119 = EDGE_CURVE('',#2020,#2097,#2120,.T.);
#2120 = SURFACE_CURVE('',#2121,(#2125,#2132),.PCURVE_S1.);
#2121 = LINE('',#2122,#2123);
#2122 = CARTESIAN_POINT('',(3.,100.,-59.));
#2123 = VECTOR('',#2124,1.);
#2124 = DIRECTION('',(1.,0.,0.));
#2125 = PCURVE('',#2035,#2126);
#2126 = DEFINITIONAL_REPRESENTATION('',(#2127),#2131);
#2127 = LINE('',#2128,#2129);
#2128 = CARTESIAN_POINT('',(0.,0.));
#2129 = VECTOR('',#2130,1.);
#2130 = DIRECTION('',(1.,0.));
#2131 = ( GEOMETRIC_REPRESENTATION_CONTEXT(2) 
PARAMETRIC_REPRESENTATION_CONTEXT() REPRESENTATION_CONTEXT('2D SPACE',''
  ) );
#2132 = PCURVE('',#1817,#2133);
#2133 = DEFINITIONAL_REPRESENTATION('',(#2134),#2138);
#2134 = LINE('',#2135,#2136);
#2135 = CARTESIAN_POINT('',(-2.292102263625,-6.630744484762));
#2136 = VECTOR('',#2137,1.);
#2137 = DIRECTION('',(0.,1.));
#2138 = ( GEOMETRIC_REPRESENTATION_CONTEXT(2) 
PARAMETRIC_REPRESENTATION_CONTEXT() REPRESENTATION_CONTEXT('2D SPACE',''
  ) );
#2139 = ADVANCED_FACE('',(#2140),#1735,.T.);
#2140 = FACE_BOUND('',#2141,.T.);
#2141 = EDGE_LOOP('',(#2142,#2143,#2165,#2166));
#2142 = ORIENTED_EDGE('',*,*,#2096,.T.);
#2143 = ORIENTED_EDGE('',*,*,#2144,.T.);
#2144 = EDGE_CURVE('',#2074,#1715,#2145,.T.);
#2145 = SURFACE_CURVE('',#2146,(#2151,#2158),.PCURVE_S1.);
#2146 = CIRCLE('',#2147,8.062257748299);
#2147 = AXIS2_PLACEMENT_3D('',#2148,#2149,#2150);
#2148 = CARTESIAN_POINT('',(1.,-99.,-52.));
#2149 = DIRECTION('',(0.,1.,0.));
#2150 = DIRECTION('',(0.496138938357,0.,-0.868243142124));
#2151 = PCURVE('',#1735,#2152);
#2152 = DEFINITIONAL_REPRESENTATION('',(#2153),#2157);
#2153 = LINE('',#2154,#2155);
#2154 = CARTESIAN_POINT('',(0.,-199.));
#2155 = VECTOR('',#2156,1.);
#2156 = DIRECTION('',(1.,0.));
#2157 = ( GEOMETRIC_REPRESENTATION_CONTEXT(2) 
PARAMETRIC_REPRESENTATION_CONTEXT() REPRESENTATION_CONTEXT('2D SPACE',''
  ) );
#2158 = PCURVE('',#1763,#2159);
#2159 = DEFINITIONAL_REPRESENTATION('',(#2160),#2164);
#2160 = CIRCLE('',#2161,8.062257748299);
#2161 = AXIS2_PLACEMENT_2D('',#2162,#2163);
#2162 = CARTESIAN_POINT('',(4.707897736375,-8.630744484762));
#2163 = DIRECTION('',(-0.868243142124,0.496138938357));
#2164 = ( GEOMETRIC_REPRESENTATION_CONTEXT(2) 
PARAMETRIC_REPRESENTATION_CONTEXT() REPRESENTATION_CONTEXT('2D SPACE',''
  ) );
#2165 = ORIENTED_EDGE('',*,*,#1712,.F.);
#2166 = ORIENTED_EDGE('',*,*,#2167,.F.);
#2167 = EDGE_CURVE('',#2097,#1713,#2168,.T.);
#2168 = SURFACE_CURVE('',#2169,(#2174,#2181),.PCURVE_S1.);
#2169 = CIRCLE('',#2170,8.062257748299);
#2170 = AXIS2_PLACEMENT_3D('',#2171,#2172,#2173);
#2171 = CARTESIAN_POINT('',(1.,100.,-52.));
#2172 = DIRECTION('',(0.,1.,0.));
#2173 = DIRECTION('',(0.496138938357,0.,-0.868243142124));
#2174 = PCURVE('',#1735,#2175);
#2175 = DEFINITIONAL_REPRESENTATION('',(#2176),#2180);
#2176 = LINE('',#2177,#2178);
#2177 = CARTESIAN_POINT('',(0.,0.));
#2178 = VECTOR('',#2179,1.);
#2179 = DIRECTION('',(1.,0.));
#2180 = ( GEOMETRIC_REPRESENTATION_CONTEXT(2) 
PARAMETRIC_REPRESENTATION_CONTEXT() REPRESENTATION_CONTEXT('2D SPACE',''
  ) );
#2181 = PCURVE('',#1817,#2182);
#2182 = DEFINITIONAL_REPRESENTATION('',(#2183),#2187);
#2183 = CIRCLE('',#2184,8.062257748299);
#2184 = AXIS2_PLACEMENT_2D('',#2185,#2186);
#2185 = CARTESIAN_POINT('',(4.707897736375,-8.630744484762));
#2186 = DIRECTION('',(-0.868243142124,0.496138938357));
#2187 = ( GEOMETRIC_REPRESENTATION_CONTEXT(2) 
PARAMETRIC_REPRESENTATION_CONTEXT() REPRESENTATION_CONTEXT('2D SPACE',''
  ) );
#2188 = ADVANCED_FACE('',(#2189),#1817,.T.);
#2189 = FACE_BOUND('',#2190,.T.);
#2190 = EDGE_LOOP('',(#2191,#2192,#2193,#2194,#2195,#2196));
#2191 = ORIENTED_EDGE('',*,*,#1803,.T.);
#2192 = ORIENTED_EDGE('',*,*,#1884,.T.);
#2193 = ORIENTED_EDGE('',*,*,#1965,.T.);
#2194 = ORIENTED_EDGE('',*,*,#2047,.T.);
#2195 = ORIENTED_EDGE('',*,*,#2119,.T.);
#2196 = ORIENTED_EDGE('',*,*,#2167,.T.);
#2197 = ADVANCED_FACE('',(#2198),#1763,.F.);
#2198 = FACE_BOUND('',#2199,.F.);
#2199 = EDGE_LOOP('',(#2200,#2201,#2202,#2203,#2204,#2205));
#2200 = ORIENTED_EDGE('',*,*,#1747,.T.);
#2201 = ORIENTED_EDGE('',*,*,#1833,.T.);
#2202 = ORIENTED_EDGE('',*,*,#1909,.T.);
#2203 = ORIENTED_EDGE('',*,*,#1995,.T.);
#2204 = ORIENTED_EDGE('',*,*,#2073,.T.);
#2205 = ORIENTED_EDGE('',*,*,#2144,.T.);
#2206 = ( GEOMETRIC_REPRESENTATION_CONTEXT(3) 
GLOBAL_UNCERTAINTY_ASSIGNED_CONTEXT((#2210)) 
GLOBAL_UNIT_ASSIGNED_CONTEXT((#2207,#2208,#2209)) REPRESENTATION_CONTEXT
('Context #1','3D Context with UNIT and UNCERTAINTY') );
#2207 = ( LENGTH_UNIT() NAMED_UNIT(*) SI_UNIT(.MILLI.,.METRE.) );
#2208 = ( NAMED_UNIT(*) PLANE_ANGLE_UNIT() SI_UNIT($,.RADIAN.) );
#2209 = ( NAMED_UNIT(*) SI_UNIT($,.STERADIAN.) SOLID_ANGLE_UNIT() );
#2210 = UNCERTAINTY_MEASURE_WITH_UNIT(LENGTH_MEASURE(1.E-07),#2207,
  'distance_accuracy_value','confusion accuracy');
#2211 = CONTEXT_DEPENDENT_SHAPE_REPRESENTATION(#2212,#2214);
#2212 = ( REPRESENTATION_RELATIONSHIP('','',#1705,#10) 
REPRESENTATION_RELATIONSHIP_WITH_TRANSFORMATION(#2213) 
SHAPE_REPRESENTATION_RELATIONSHIP() );
#2213 = ITEM_DEFINED_TRANSFORMATION('','',#11,#19);
#2214 = PRODUCT_DEFINITION_SHAPE('Placement','Placement of an item',
  #2215);
#2215 = NEXT_ASSEMBLY_USAGE_OCCURRENCE('2','','',#5,#1700,$);
#2216 = PRODUCT_RELATED_PRODUCT_CATEGORY('part',$,(#1702));
ENDSEC;
END-ISO-10303-21;
