ISO-10303-21;
HEADER;
FILE_DESCRIPTION(('Open CASCADE Model'),'2;1');
FILE_NAME('Open CASCADE Shape Model','2026-08-26T11:46:51',('Author'),(
    'Open CASCADE'),'Open CASCADE STEP processor 7.7','Open CASCADE 7.7'
  ,'Unknown');
FILE_SCHEMA(('AUTOMOTIVE_DESIGN { 1 0 10303 214 1 1 1 1 }'));
ENDSEC;
DATA;
#1 = APPLICATION_PROTOCOL_DEFINITION('international standard',
  'automotive_design',2000,#2);
#2 = APPLICATION_CONTEXT(
  'core data for automotive mechanical design processes');
#3 = SHAPE_DEFINITION_REPRESENTATION(#4,#10);
#4 = PRODUCT_DEFINITION_SHAPE('','',#5);
#5 = PRODUCT_DEFINITION('design','',#6,#9);
#6 = PRODUCT_DEFINITION_FORMATION('','',#7);
#7 = PRODUCT('Open CASCADE STEP translator 7.7 1',
  'Open CASCADE STEP translator 7.7 1','',(#8));
#8 = PRODUCT_CONTEXT('',#2,'mechanical');
#9 = PRODUCT_DEFINITION_CONTEXT('part definition',#2,'design');
#10 = ADVANCED_BREP_SHAPE_REPRESENTATION('',(#11,#15),#2909);
#11 = AXIS2_PLACEMENT_3D('',#12,#13,#14);
#12 = CARTESIAN_POINT('',(0.,0.,0.));
#13 = DIRECTION('',(0.,0.,1.));
#14 = DIRECTION('',(1.,0.,-0.));
#15 = MANIFOLD_SOLID_BREP('',#16);
#16 = CLOSED_SHELL('',(#17,#1603,#1843,#1869,#1874,#1954,#2142,#2230,
    #2367,#2372,#2378,#2437,#2616,#2646,#2701,#2756,#2811,#2838,#2893,
    #2897,#2901,#2905));
#17 = ADVANCED_FACE('',(#18),#94,.T.);
#18 = FACE_BOUND('',#19,.T.);
#19 = EDGE_LOOP('',(#20,#241,#265,#287,#288,#518,#558,#582,#796,#820,
    #860,#1074,#1096,#1097,#1098,#1328,#1361,#1362,#1569,#1570));
#20 = ORIENTED_EDGE('',*,*,#21,.T.);
#21 = EDGE_CURVE('',#22,#24,#26,.T.);
#22 = VERTEX_POINT('',#23);
#23 = CARTESIAN_POINT('',(-3.16532447656,-0.206262135153,10.40524335742)
  );
#24 = VERTEX_POINT('',#25);
#25 = CARTESIAN_POINT('',(-6.500241951221,1.191845754418E-15,
    8.749677398373));
#26 = SURFACE_CURVE('',#27,(#93,#167),.PCURVE_S1.);
#27 = B_SPLINE_CURVE_WITH_KNOTS('',8,(#28,#29,#30,#31,#32,#33,#34,#35,
    #36,#37,#38,#39,#40,#41,#42,#43,#44,#45,#46,#47,#48,#49,#50,#51,#52,
    #53,#54,#55,#56,#57,#58,#59,#60,#61,#62,#63,#64,#65,#66,#67,#68,#69,
    #70,#71,#72,#73,#74,#75,#76,#77,#78,#79,#80,#81,#82,#83,#84,#85,#86,
    #87,#88,#89,#90,#91,#92),.UNSPECIFIED.,.F.,.F.,(9,7,7,7,7,7,7,7,7,9)
  ,(0.,5.836111512271E-02,0.207068108217,0.428906371125,0.513337974791,
    0.66272187954,0.743734719803,0.793454773969,0.898020573762,1.),
  .UNSPECIFIED.);
#28 = CARTESIAN_POINT('',(-3.165323954353,-0.206261324561,
    10.405243715765));
#29 = CARTESIAN_POINT('',(-3.180565940639,-0.229920633821,
    10.394784500931));
#30 = CARTESIAN_POINT('',(-3.197375414798,-0.252674106948,
    10.383231629977));
#31 = CARTESIAN_POINT('',(-3.215536783088,-0.274519006336,
    10.370726533692));
#32 = CARTESIAN_POINT('',(-3.234854943731,-0.295470364866,
    10.357397128901));
#33 = CARTESIAN_POINT('',(-3.255160172513,-0.315556416459,10.34335479833
    ));
#34 = CARTESIAN_POINT('',(-3.27631140073,-0.334815080675,10.328692205237
    ));
#35 = CARTESIAN_POINT('',(-3.298197885454,-0.353291501355,
    10.313481942782));
#36 = CARTESIAN_POINT('',(-3.378175834617,-0.416252124002,
    10.257756549388));
#37 = CARTESIAN_POINT('',(-3.439697369635,-0.456588473826,
    10.214635361266));
#38 = CARTESIAN_POINT('',(-3.50397441774,-0.492961920296,10.169275914363
    ));
#39 = CARTESIAN_POINT('',(-3.570207587324,-0.525869479162,
    10.122199880374));
#40 = CARTESIAN_POINT('',(-3.637792455807,-0.555774445119,
    10.073811460675));
#41 = CARTESIAN_POINT('',(-3.706375581723,-0.583031348027,
    10.024351940808));
#42 = CARTESIAN_POINT('',(-3.775768486323,-0.607967804382,9.973951425814
    ));
#43 = CARTESIAN_POINT('',(-3.950683709122,-0.665014501699,9.846023546788
    ));
#44 = CARTESIAN_POINT('',(-4.056825783203,-0.694504167162,9.767611973307
    ));
#45 = CARTESIAN_POINT('',(-4.16389327883,-0.720162042255,9.687743223497)
  );
#46 = CARTESIAN_POINT('',(-4.27158009856,-0.742514524222,9.606679632856)
  );
#47 = CARTESIAN_POINT('',(-4.37969800314,-0.761969792405,9.524647453707)
  );
#48 = CARTESIAN_POINT('',(-4.488153702322,-0.778866586412,9.441847169724
    ));
#49 = CARTESIAN_POINT('',(-4.596968418272,-0.793464716601,9.358470556325
    ));
#50 = CARTESIAN_POINT('',(-4.747954324333,-0.810711480848,9.242939752487
    ));
#51 = CARTESIAN_POINT('',(-4.789648761889,-0.815159918076,9.211052801804
    ));
#52 = CARTESIAN_POINT('',(-4.831422131551,-0.819312657141,9.179145028649
    ));
#53 = CARTESIAN_POINT('',(-4.873284493438,-0.823178221984,9.14723657607)
  );
#54 = CARTESIAN_POINT('',(-4.915248411383,-0.826763380166,9.11535122949)
  );
#55 = CARTESIAN_POINT('',(-4.957329972124,-0.830072817642,9.083517667772
    ));
#56 = CARTESIAN_POINT('',(-4.999550521377,-0.833108365235,9.051771540454
    ));
#57 = CARTESIAN_POINT('',(-5.116936791009,-0.840749973208,8.964225539474
    ));
#58 = CARTESIAN_POINT('',(-5.192009839686,-0.844738192671,8.909043980164
    ));
#59 = CARTESIAN_POINT('',(-5.267794908291,-0.847870962729,8.854504055877
    ));
#60 = CARTESIAN_POINT('',(-5.344708211825,-0.850086509381,8.800787184803
    ));
#61 = CARTESIAN_POINT('',(-5.423032973488,-0.851261257569,8.748559613141
    ));
#62 = CARTESIAN_POINT('',(-5.502874614825,-0.851077429662,8.698868385821
    ));
#63 = CARTESIAN_POINT('',(-5.58450737147,-0.849084354351,8.653767670326)
  );
#64 = CARTESIAN_POINT('',(-5.713880680363,-0.840539975966,8.596156639));
#65 = CARTESIAN_POINT('',(-5.760247747327,-0.836478281641,8.578081104267
    ));
#66 = CARTESIAN_POINT('',(-5.806932312137,-0.831106610656,8.563016002253
    ));
#67 = CARTESIAN_POINT('',(-5.853364630587,-0.824133131822,8.551690537073
    ));
#68 = CARTESIAN_POINT('',(-5.898963602343,-0.815234003733,8.544649993005
    ));
#69 = CARTESIAN_POINT('',(-5.943180145893,-0.804124838175,8.541806891273
    ));
#70 = CARTESIAN_POINT('',(-5.985478256497,-0.790779933765,8.542617352088
    ));
#71 = CARTESIAN_POINT('',(-6.049843598041,-0.766059078031,8.54858611855)
  );
#72 = CARTESIAN_POINT('',(-6.0734904976,-0.755884476745,8.551951224344)
  );
#73 = CARTESIAN_POINT('',(-6.096281443217,-0.744951054055,8.556254588383
    ));
#74 = CARTESIAN_POINT('',(-6.118216026259,-0.733282880664,8.561333429177
    ));
#75 = CARTESIAN_POINT('',(-6.139308028415,-0.720909536207,8.567035152557
    ));
#76 = CARTESIAN_POINT('',(-6.159579376736,-0.707861665252,8.573226537496
    ));
#77 = CARTESIAN_POINT('',(-6.179057019516,-0.694166654067,8.579795958047
    ));
#78 = CARTESIAN_POINT('',(-6.237133551169,-0.649723483314,8.601060458224
    ));
#79 = CARTESIAN_POINT('',(-6.273069180451,-0.616870475718,8.616705623825
    ));
#80 = CARTESIAN_POINT('',(-6.305896644997,-0.581478150506,8.632706702635
    ));
#81 = CARTESIAN_POINT('',(-6.335770166405,-0.543770394958,8.648476090428
    ));
#82 = CARTESIAN_POINT('',(-6.362780726696,-0.503982842379,8.663594052605
    ));
#83 = CARTESIAN_POINT('',(-6.386992229613,-0.462345877877,8.677750850911
    ));
#84 = CARTESIAN_POINT('',(-6.408446222447,-0.419071817152,8.690719154955
    ));
#85 = CARTESIAN_POINT('',(-6.445425027571,-0.33073045825,8.713639702176)
  );
#86 = CARTESIAN_POINT('',(-6.461069780035,-0.285766495154,8.723650155143
    ));
#87 = CARTESIAN_POINT('',(-6.474115401483,-0.239668124712,8.732186396288
    ));
#88 = CARTESIAN_POINT('',(-6.484560908625,-0.192655046158,8.739127418905
    ));
#89 = CARTESIAN_POINT('',(-6.492400154111,-0.144952445925,8.744388488553
    ));
#90 = CARTESIAN_POINT('',(-6.497627871325,-9.678895194479E-02,
    8.747914512673));
#91 = CARTESIAN_POINT('',(-6.500241951221,-4.839476969485E-02,
    8.749677398373));
#92 = CARTESIAN_POINT('',(-6.500241951221,9.992007221626E-16,
    8.749677398373));
#93 = PCURVE('',#94,#99);
#94 = TOROIDAL_SURFACE('',#95,10.,0.9);
#95 = AXIS2_PLACEMENT_3D('',#96,#97,#98);
#96 = CARTESIAN_POINT('',(0.,0.,0.));
#97 = DIRECTION('',(0.,-1.,1.110223024625E-16));
#98 = DIRECTION('',(1.,0.,0.));
#99 = DEFINITIONAL_REPRESENTATION('',(#100),#166);
#100 = B_SPLINE_CURVE_WITH_KNOTS('',8,(#101,#102,#103,#104,#105,#106,
    #107,#108,#109,#110,#111,#112,#113,#114,#115,#116,#117,#118,#119,
    #120,#121,#122,#123,#124,#125,#126,#127,#128,#129,#130,#131,#132,
    #133,#134,#135,#136,#137,#138,#139,#140,#141,#142,#143,#144,#145,
    #146,#147,#148,#149,#150,#151,#152,#153,#154,#155,#156,#157,#158,
    #159,#160,#161,#162,#163,#164,#165),.UNSPECIFIED.,.F.,.F.,(9,7,7,7,7
    ,7,7,7,7,9),(0.,5.836111512271E-02,0.207068108217,0.428906371125,
    0.513337974791,0.66272187954,0.743734719803,0.793454773969,
    0.898020573762,1.),.UNSPECIFIED.);
#101 = CARTESIAN_POINT('',(1.86610615836,0.231234406342));
#102 = CARTESIAN_POINT('',(1.867726802733,0.258241337848));
#103 = CARTESIAN_POINT('',(1.869516493673,0.284410519644));
#104 = CARTESIAN_POINT('',(1.871453168989,0.3097475607));
#105 = CARTESIAN_POINT('',(1.873516875124,0.3342713018));
#106 = CARTESIAN_POINT('',(1.875690242912,0.358010895));
#107 = CARTESIAN_POINT('',(1.877958827798,0.381003842275));
#108 = CARTESIAN_POINT('',(1.880311314548,0.403294993375));
#109 = CARTESIAN_POINT('',(1.888926942666,0.480080133973));
#110 = CARTESIAN_POINT('',(1.895588343132,0.530845834428));
#111 = CARTESIAN_POINT('',(1.902589098545,0.578169749872));
#112 = CARTESIAN_POINT('',(1.909848093504,0.622493532428));
#113 = CARTESIAN_POINT('',(1.917302910175,0.664222220136));
#114 = CARTESIAN_POINT('',(1.924916734112,0.703652350068));
#115 = CARTESIAN_POINT('',(1.932670196951,0.74107228151));
#116 = CARTESIAN_POINT('',(1.952340205915,0.829946298058));
#117 = CARTESIAN_POINT('',(1.964387839017,0.879068469614));
#118 = CARTESIAN_POINT('',(1.976654602008,0.924776775514));
#119 = CARTESIAN_POINT('',(1.989105858701,0.967413134629));
#120 = CARTESIAN_POINT('',(2.001716469511,1.007175949944));
#121 = CARTESIAN_POINT('',(2.014469016223,1.044172694217));
#122 = CARTESIAN_POINT('',(2.027354616984,1.078382356977));
#123 = CARTESIAN_POINT('',(2.045326937821,1.121440988484));
#124 = CARTESIAN_POINT('',(2.050299648916,1.132871071615));
#125 = CARTESIAN_POINT('',(2.055290151214,1.143847439251));
#126 = CARTESIAN_POINT('',(2.060298058542,1.154351049086));
#127 = CARTESIAN_POINT('',(2.065322958286,1.164356944854));
#128 = CARTESIAN_POINT('',(2.070364415993,1.173832545032));
#129 = CARTESIAN_POINT('',(2.07542198658,1.182734609745));
#130 = CARTESIAN_POINT('',(2.089471269526,1.205637394182));
#131 = CARTESIAN_POINT('',(2.098442497982,1.218204919016));
#132 = CARTESIAN_POINT('',(2.107463136621,1.228514061547));
#133 = CARTESIAN_POINT('',(2.116554789686,1.236132612977));
#134 = CARTESIAN_POINT('',(2.125700678825,1.240241222937));
#135 = CARTESIAN_POINT('',(2.134847018207,1.239686073254));
#136 = CARTESIAN_POINT('',(2.14389173844,1.232377006485));
#137 = CARTESIAN_POINT('',(2.157441159725,1.205143073151));
#138 = CARTESIAN_POINT('',(2.1621516512,1.192478837665));
#139 = CARTESIAN_POINT('',(2.166714463806,1.176237244769));
#140 = CARTESIAN_POINT('',(2.171039800188,1.156028849796));
#141 = CARTESIAN_POINT('',(2.175046893151,1.131644852873));
#142 = CARTESIAN_POINT('',(2.178695084825,1.103391625583));
#143 = CARTESIAN_POINT('',(2.181972989619,1.071995208043));
#144 = CARTESIAN_POINT('',(2.186674848449,1.017876997616));
#145 = CARTESIAN_POINT('',(2.188331407588,0.996424769839));
#146 = CARTESIAN_POINT('',(2.189863628366,0.974242131638));
#147 = CARTESIAN_POINT('',(2.191281102052,0.951459382702));
#148 = CARTESIAN_POINT('',(2.192594008747,0.928189148747));
#149 = CARTESIAN_POINT('',(2.193812067121,0.904521571191));
#150 = CARTESIAN_POINT('',(2.194944132946,0.880522964552));
#151 = CARTESIAN_POINT('',(2.198215763711,0.805164327772));
#152 = CARTESIAN_POINT('',(2.20008603658,0.752894774045));
#153 = CARTESIAN_POINT('',(2.201687394563,0.699834474806));
#154 = CARTESIAN_POINT('',(2.203068212483,0.646239813542));
#155 = CARTESIAN_POINT('',(2.204261873386,0.592279009646));
#156 = CARTESIAN_POINT('',(2.205292958534,0.538057035756));
#157 = CARTESIAN_POINT('',(2.206179261046,0.483623063575));
#158 = CARTESIAN_POINT('',(2.207670109924,0.375685924879));
#159 = CARTESIAN_POINT('',(2.208280537787,0.322232759507));
#160 = CARTESIAN_POINT('',(2.208777193897,0.268662981502));
#161 = CARTESIAN_POINT('',(2.20916786985,0.215008821406));
#162 = CARTESIAN_POINT('',(2.209457639929,0.161295251451));
#163 = CARTESIAN_POINT('',(2.209649716577,0.107543239797));
#164 = CARTESIAN_POINT('',(2.209745779684,5.377196632761E-02));
#165 = CARTESIAN_POINT('',(2.209745779684,0.));
#166 = ( GEOMETRIC_REPRESENTATION_CONTEXT(2) 
PARAMETRIC_REPRESENTATION_CONTEXT() REPRESENTATION_CONTEXT('2D SPACE',''
  ) );
#167 = PCURVE('',#168,#173);
#168 = CYLINDRICAL_SURFACE('',#169,0.85);
#169 = AXIS2_PLACEMENT_3D('',#170,#171,#172);
#170 = CARTESIAN_POINT('',(-6.,0.,8.));
#171 = DIRECTION('',(0.6,0.,0.8));
#172 = DIRECTION('',(0.8,0.,-0.6));
#173 = DEFINITIONAL_REPRESENTATION('',(#174),#240);
#174 = B_SPLINE_CURVE_WITH_KNOTS('',8,(#175,#176,#177,#178,#179,#180,
    #181,#182,#183,#184,#185,#186,#187,#188,#189,#190,#191,#192,#193,
    #194,#195,#196,#197,#198,#199,#200,#201,#202,#203,#204,#205,#206,
    #207,#208,#209,#210,#211,#212,#213,#214,#215,#216,#217,#218,#219,
    #220,#221,#222,#223,#224,#225,#226,#227,#228,#229,#230,#231,#232,
    #233,#234,#235,#236,#237,#238,#239),.UNSPECIFIED.,.F.,.F.,(9,7,7,7,7
    ,7,7,7,7,9),(0.,5.836111512271E-02,0.207068108217,0.428906371125,
    0.513337974791,0.66272187954,0.743734719803,0.793454773969,
    0.898020573762,1.),.UNSPECIFIED.);
#175 = CARTESIAN_POINT('',(6.038078045619,3.6250006));
#176 = CARTESIAN_POINT('',(6.009385996147,3.607488036362));
#177 = CARTESIAN_POINT('',(5.981557136392,3.588160055103));
#178 = CARTESIAN_POINT('',(5.954583548282,3.567259157101));
#179 = CARTESIAN_POINT('',(5.928443946047,3.545004736882));
#180 = CARTESIAN_POINT('',(5.903106573086,3.521587735156));
#181 = CARTESIAN_POINT('',(5.878531071459,3.497166923752));
#182 = CARTESIAN_POINT('',(5.854669323989,3.471866822953));
#183 = CARTESIAN_POINT('',(5.772340195116,3.37929973874));
#184 = CARTESIAN_POINT('',(5.717656879739,3.307889867232));
#185 = CARTESIAN_POINT('',(5.66641172875,3.233036080847));
#186 = CARTESIAN_POINT('',(5.618125490007,3.155635351904));
#187 = CARTESIAN_POINT('',(5.572355868813,3.076373695057));
#188 = CARTESIAN_POINT('',(5.528771303804,2.995656203613));
#189 = CARTESIAN_POINT('',(5.487041394293,2.913700048857));
#190 = CARTESIAN_POINT('',(5.386899880157,2.706408611957));
#191 = CARTESIAN_POINT('',(5.330584423891,2.579994108724));
#192 = CARTESIAN_POINT('',(5.277080053563,2.4518586115));
#193 = CARTESIAN_POINT('',(5.225881873509,2.322395647149));
#194 = CARTESIAN_POINT('',(5.176564659546,2.191899161081));
#195 = CARTESIAN_POINT('',(5.128728557388,2.060585514386));
#196 = CARTESIAN_POINT('',(5.081969629409,1.928595394096));
#197 = CARTESIAN_POINT('',(5.018107356053,1.74557920739));
#198 = CARTESIAN_POINT('',(5.000578235132,1.69505298431));
#199 = CARTESIAN_POINT('',(4.983094849013,1.644462743988));
#200 = CARTESIAN_POINT('',(4.965623489533,1.593818564793));
#201 = CARTESIAN_POINT('',(4.94812650094,1.543131936762));
#202 = CARTESIAN_POINT('',(4.930560259328,1.492416150944));
#203 = CARTESIAN_POINT('',(4.912871884676,1.441686919537));
#204 = CARTESIAN_POINT('',(4.863364754162,1.301218356974));
#205 = CARTESIAN_POINT('',(4.831334165799,1.212029280319));
#206 = CARTESIAN_POINT('',(4.798336416082,1.122926299727));
#207 = CARTESIAN_POINT('',(4.763808548357,1.033804820748));
#208 = CARTESIAN_POINT('',(4.727004562119,0.94502790642));
#209 = CARTESIAN_POINT('',(4.686990099756,0.857369939762));
#210 = CARTESIAN_POINT('',(4.642047837266,0.772309713378));
#211 = CARTESIAN_POINT('',(4.560330704003,0.648596902983));
#212 = CARTESIAN_POINT('',(4.529096945178,0.606316235018));
#213 = CARTESIAN_POINT('',(4.495232625081,0.56625341452));
#214 = CARTESIAN_POINT('',(4.45865173844,0.529333651306));
#215 = CARTESIAN_POINT('',(4.419372120808,0.496341832998));
#216 = CARTESIAN_POINT('',(4.377755391942,0.467537425482));
#217 = CARTESIAN_POINT('',(4.334485244477,0.442806927772));
#218 = CARTESIAN_POINT('',(4.263464854035,0.408962736015));
#219 = CARTESIAN_POINT('',(4.236091712056,0.397466680915));
#220 = CARTESIAN_POINT('',(4.208453742253,0.387234804776));
#221 = CARTESIAN_POINT('',(4.180634200304,0.378137127587));
#222 = CARTESIAN_POINT('',(4.15269922135,0.370043304996));
#223 = CARTESIAN_POINT('',(4.124696391132,0.362833603955));
#224 = CARTESIAN_POINT('',(4.096654272995,0.356402554729));
#225 = CARTESIAN_POINT('',(4.009546218597,0.338568235878));
#226 = CARTESIAN_POINT('',(3.950462302896,0.32952299079));
#227 = CARTESIAN_POINT('',(3.891410490646,0.322627375109));
#228 = CARTESIAN_POINT('',(3.832448721884,0.3173187725));
#229 = CARTESIAN_POINT('',(3.77360680815,0.313206806067));
#230 = CARTESIAN_POINT('',(3.714884973665,0.310005342961));
#231 = CARTESIAN_POINT('',(3.656253252209,0.307507590496));
#232 = CARTESIAN_POINT('',(3.540490996159,0.303656745199));
#233 = CARTESIAN_POINT('',(3.483401799976,0.302278256094));
#234 = CARTESIAN_POINT('',(3.426365561317,0.30127987614));
#235 = CARTESIAN_POINT('',(3.369370552242,0.300565389949));
#236 = CARTESIAN_POINT('',(3.312406158336,0.300070698376));
#237 = CARTESIAN_POINT('',(3.255462022905,0.299754887344));
#238 = CARTESIAN_POINT('',(3.19852767676,0.299596747966));
#239 = CARTESIAN_POINT('',(3.14159265359,0.299596747966));
#240 = ( GEOMETRIC_REPRESENTATION_CONTEXT(2) 
PARAMETRIC_REPRESENTATION_CONTEXT() REPRESENTATION_CONTEXT('2D SPACE',''
  ) );
#241 = ORIENTED_EDGE('',*,*,#242,.T.);
#242 = EDGE_CURVE('',#24,#243,#245,.T.);
#243 = VERTEX_POINT('',#244);
#244 = CARTESIAN_POINT('',(10.9,2.204364238465E-16,-2.669730022141E-15)
  );
#245 = SEAM_CURVE('',#246,(#251,#258),.PCURVE_S1.);
#246 = CIRCLE('',#247,10.9);
#247 = AXIS2_PLACEMENT_3D('',#248,#249,#250);
#248 = CARTESIAN_POINT('',(0.,2.204364238465E-16,-2.447335932204E-32));
#249 = DIRECTION('',(0.,-1.,1.110223024625E-16));
#250 = DIRECTION('',(1.,0.,0.));
#251 = PCURVE('',#94,#252);
#252 = DEFINITIONAL_REPRESENTATION('',(#253),#257);
#253 = LINE('',#254,#255);
#254 = CARTESIAN_POINT('',(0.,0.));
#255 = VECTOR('',#256,1.);
#256 = DIRECTION('',(1.,0.));
#257 = ( GEOMETRIC_REPRESENTATION_CONTEXT(2) 
PARAMETRIC_REPRESENTATION_CONTEXT() REPRESENTATION_CONTEXT('2D SPACE',''
  ) );
#258 = PCURVE('',#94,#259);
#259 = DEFINITIONAL_REPRESENTATION('',(#260),#264);
#260 = LINE('',#261,#262);
#261 = CARTESIAN_POINT('',(0.,6.28318530718));
#262 = VECTOR('',#263,1.);
#263 = DIRECTION('',(1.,0.));
#264 = ( GEOMETRIC_REPRESENTATION_CONTEXT(2) 
PARAMETRIC_REPRESENTATION_CONTEXT() REPRESENTATION_CONTEXT('2D SPACE',''
  ) );
#265 = ORIENTED_EDGE('',*,*,#266,.T.);
#266 = EDGE_CURVE('',#243,#243,#267,.T.);
#267 = SEAM_CURVE('',#268,(#273,#280),.PCURVE_S1.);
#268 = CIRCLE('',#269,0.9);
#269 = AXIS2_PLACEMENT_3D('',#270,#271,#272);
#270 = CARTESIAN_POINT('',(10.,-2.719262146894E-31,-2.449293598295E-15)
  );
#271 = DIRECTION('',(-2.449293598295E-16,-1.110223024625E-16,-1.));
#272 = DIRECTION('',(1.,-2.719262146894E-32,-2.449293598295E-16));
#273 = PCURVE('',#94,#274);
#274 = DEFINITIONAL_REPRESENTATION('',(#275),#279);
#275 = LINE('',#276,#277);
#276 = CARTESIAN_POINT('',(0.,-0.));
#277 = VECTOR('',#278,1.);
#278 = DIRECTION('',(0.,1.));
#279 = ( GEOMETRIC_REPRESENTATION_CONTEXT(2) 
PARAMETRIC_REPRESENTATION_CONTEXT() REPRESENTATION_CONTEXT('2D SPACE',''
  ) );
#280 = PCURVE('',#94,#281);
#281 = DEFINITIONAL_REPRESENTATION('',(#282),#286);
#282 = LINE('',#283,#284);
#283 = CARTESIAN_POINT('',(6.28318530718,-0.));
#284 = VECTOR('',#285,1.);
#285 = DIRECTION('',(0.,1.));
#286 = ( GEOMETRIC_REPRESENTATION_CONTEXT(2) 
PARAMETRIC_REPRESENTATION_CONTEXT() REPRESENTATION_CONTEXT('2D SPACE',''
  ) );
#287 = ORIENTED_EDGE('',*,*,#242,.F.);
#288 = ORIENTED_EDGE('',*,*,#289,.T.);
#289 = EDGE_CURVE('',#24,#290,#292,.T.);
#290 = VERTEX_POINT('',#291);
#291 = CARTESIAN_POINT('',(-3.16532447656,0.206262135153,10.40524335742)
  );
#292 = SURFACE_CURVE('',#293,(#366,#442),.PCURVE_S1.);
#293 = B_SPLINE_CURVE_WITH_KNOTS('',8,(#294,#295,#296,#297,#298,#299,
    #300,#301,#302,#303,#304,#305,#306,#307,#308,#309,#310,#311,#312,
    #313,#314,#315,#316,#317,#318,#319,#320,#321,#322,#323,#324,#325,
    #326,#327,#328,#329,#330,#331,#332,#333,#334,#335,#336,#337,#338,
    #339,#340,#341,#342,#343,#344,#345,#346,#347,#348,#349,#350,#351,
    #352,#353,#354,#355,#356,#357,#358,#359,#360,#361,#362,#363,#364,
    #365),.UNSPECIFIED.,.F.,.F.,(9,7,7,7,7,7,7,7,7,7,9),(0.,
    0.10115847487,0.205801277751,0.255403372954,0.322912523057,
    0.453000973139,0.567973327502,0.735172825141,0.855005790151,
    0.944745894648,1.),.UNSPECIFIED.);
#294 = CARTESIAN_POINT('',(-6.500241951221,9.714093305716E-16,
    8.749677398373));
#295 = CARTESIAN_POINT('',(-6.500241951221,4.793816826824E-02,
    8.749677398373));
#296 = CARTESIAN_POINT('',(-6.497676970347,9.587579718312E-02,
    8.747947616727));
#297 = CARTESIAN_POINT('',(-6.492547415795,0.143589206152,8.744487819379
    ));
#298 = CARTESIAN_POINT('',(-6.484855340825,0.190854625624,8.739325036839
    ));
#299 = CARTESIAN_POINT('',(-6.474605818927,0.237449803727,8.732512319236
    ));
#300 = CARTESIAN_POINT('',(-6.46180478917,0.28315578257,8.724131227172)
  );
#301 = CARTESIAN_POINT('',(-6.446453372743,0.327758844213,8.714298058378
    ));
#302 = CARTESIAN_POINT('',(-6.410006889751,0.415837630336,8.691666395552
    ));
#303 = CARTESIAN_POINT('',(-6.388745841596,0.459188617458,8.678785920226
    ));
#304 = CARTESIAN_POINT('',(-6.364732314269,0.500916871693,8.664705925088
    ));
#305 = CARTESIAN_POINT('',(-6.337926512496,0.540809880836,8.649650387312
    ));
#306 = CARTESIAN_POINT('',(-6.308266508472,0.578637940655,8.633924232014
    ));
#307 = CARTESIAN_POINT('',(-6.275663660995,0.614166509821,8.617939931734
    ));
#308 = CARTESIAN_POINT('',(-6.239967071799,0.647172591338,8.602274055586
    ));
#309 = CARTESIAN_POINT('',(-6.182330325201,0.691821674431,8.580920869413
    ));
#310 = CARTESIAN_POINT('',(-6.163042413547,0.70556052531,8.574323443639)
  );
#311 = CARTESIAN_POINT('',(-6.142970241249,0.718660368057,8.568087423524
    ));
#312 = CARTESIAN_POINT('',(-6.122087004546,0.731094349111,8.562321286867
    ));
#313 = CARTESIAN_POINT('',(-6.10037041223,0.742832322926,8.557154565293)
  );
#314 = CARTESIAN_POINT('',(-6.077805542274,0.753844960171,8.552736037376
    ));
#315 = CARTESIAN_POINT('',(-6.054390420537,0.764108003394,8.54922546794)
  );
#316 = CARTESIAN_POINT('',(-5.997145039346,0.786534489328,8.543449071297
    ));
#317 = CARTESIAN_POINT('',(-5.962501347639,0.798087586447,8.542079760969
    ));
#318 = CARTESIAN_POINT('',(-5.926443879609,0.80813517418,8.543101292458)
  );
#319 = CARTESIAN_POINT('',(-5.889241327118,0.816659162217,8.546871514574
    ));
#320 = CARTESIAN_POINT('',(-5.851198972836,0.823752950095,8.553553186772
    ));
#321 = CARTESIAN_POINT('',(-5.81266452421,0.829573078871,8.563051363682)
  );
#322 = CARTESIAN_POINT('',(-5.774027568072,0.834286581208,8.575032697482
    ));
#323 = CARTESIAN_POINT('',(-5.661840700976,0.845322121078,8.616056845815
    ));
#324 = CARTESIAN_POINT('',(-5.589145188093,0.849082284428,8.650611838977
    ));
#325 = CARTESIAN_POINT('',(-5.517910877772,0.850774358698,8.690426712813
    ));
#326 = CARTESIAN_POINT('',(-5.448080657059,0.851108738347,8.733301389131
    ));
#327 = CARTESIAN_POINT('',(-5.379658971479,0.850380006084,8.778115273456
    ));
#328 = CARTESIAN_POINT('',(-5.312440575929,0.848822150077,8.824083812071
    ));
#329 = CARTESIAN_POINT('',(-5.24602705792,0.846523481168,8.870961266329)
  );
#330 = CARTESIAN_POINT('',(-5.121245394595,0.840836385778,8.961106386984
    ));
#331 = CARTESIAN_POINT('',(-5.063177372884,0.837620809225,9.003916557913
    ));
#332 = CARTESIAN_POINT('',(-5.005463375658,0.833893616301,9.04705427022)
  );
#333 = CARTESIAN_POINT('',(-4.948027378934,0.82966461553,9.090390383202)
  );
#334 = CARTESIAN_POINT('',(-4.890818368521,0.824929042156,9.133833207792
    ));
#335 = CARTESIAN_POINT('',(-4.833797722042,0.819674319634,9.177312967901
    ));
#336 = CARTESIAN_POINT('',(-4.776933268416,0.813882153255,9.220774412591
    ));
#337 = CARTESIAN_POINT('',(-4.637695235864,0.79828240336,9.327296993082)
  );
#338 = CARTESIAN_POINT('',(-4.555488110441,0.787848660901,9.390276851257
    ));
#339 = CARTESIAN_POINT('',(-4.473507887957,0.776146641351,9.452984739939
    ));
#340 = CARTESIAN_POINT('',(-4.391735882698,0.763073748853,9.51532048065)
  );
#341 = CARTESIAN_POINT('',(-4.310187586763,0.748505371433,9.577193486841
    ));
#342 = CARTESIAN_POINT('',(-4.228906860641,0.732293712269,9.638514258209
    ));
#343 = CARTESIAN_POINT('',(-4.147967955288,0.714258488724,9.69919020271)
  );
#344 = CARTESIAN_POINT('',(-4.00979566483,0.679763914629,9.802065167229)
  );
#345 = CARTESIAN_POINT('',(-3.952357435925,0.664309019717,9.844617872646
    ));
#346 = CARTESIAN_POINT('',(-3.89519781945,0.647713610283,9.886742438531)
  );
#347 = CARTESIAN_POINT('',(-3.838372951829,0.629876636711,9.928392624186
    ));
#348 = CARTESIAN_POINT('',(-3.781962866723,0.610684056283,9.969508127974
    ));
#349 = CARTESIAN_POINT('',(-3.72607484685,0.590003438609,10.010012495101
    ));
#350 = CARTESIAN_POINT('',(-3.670850970164,0.567671853156,10.04980840752
    ));
#351 = CARTESIAN_POINT('',(-3.575762590561,0.52535810841,10.117948047785
    ));
#352 = CARTESIAN_POINT('',(-3.535550084057,0.506205523839,
    10.146639043838));
#353 = CARTESIAN_POINT('',(-3.495901389966,0.485924682157,
    10.174805350725));
#354 = CARTESIAN_POINT('',(-3.456919672572,0.464410915531,
    10.202378692862));
#355 = CARTESIAN_POINT('',(-3.418750545187,0.441552242095,
    10.229262657387));
#356 = CARTESIAN_POINT('',(-3.381586903158,0.417225702817,
    10.255330269262));
#357 = CARTESIAN_POINT('',(-3.345680246038,0.391287284439,
    10.280416996565));
#358 = CARTESIAN_POINT('',(-3.290226153545,0.346480577742,
    10.319019905981));
#359 = CARTESIAN_POINT('',(-3.269707883536,0.328736359186,
    10.333268563206));
#360 = CARTESIAN_POINT('',(-3.249877239015,0.310279706779,
    10.347007452478));
#361 = CARTESIAN_POINT('',(-3.230832896185,0.291072800992,
    10.360171891151));
#362 = CARTESIAN_POINT('',(-3.212698477053,0.271084270359,
    10.372680690112));
#363 = CARTESIAN_POINT('',(-3.195621034914,0.250291255757,
    10.384437341362));
#364 = CARTESIAN_POINT('',(-3.17976819558,0.228682337401,10.395331922166
    ));
#365 = CARTESIAN_POINT('',(-3.165323954353,0.206261324561,
    10.405243715765));
#366 = PCURVE('',#94,#367);
#367 = DEFINITIONAL_REPRESENTATION('',(#368),#441);
#368 = B_SPLINE_CURVE_WITH_KNOTS('',8,(#369,#370,#371,#372,#373,#374,
    #375,#376,#377,#378,#379,#380,#381,#382,#383,#384,#385,#386,#387,
    #388,#389,#390,#391,#392,#393,#394,#395,#396,#397,#398,#399,#400,
    #401,#402,#403,#404,#405,#406,#407,#408,#409,#410,#411,#412,#413,
    #414,#415,#416,#417,#418,#419,#420,#421,#422,#423,#424,#425,#426,
    #427,#428,#429,#430,#431,#432,#433,#434,#435,#436,#437,#438,#439,
    #440),.UNSPECIFIED.,.F.,.F.,(9,7,7,7,7,7,7,7,7,7,9),(0.,
    0.10115847487,0.205801277751,0.255403372954,0.322912523057,
    0.453000973139,0.567973327502,0.735172825141,0.855005790151,
    0.944745894648,1.),.UNSPECIFIED.);
#369 = CARTESIAN_POINT('',(2.209745779684,6.28318530718));
#370 = CARTESIAN_POINT('',(2.209745779684,6.22992067577));
#371 = CARTESIAN_POINT('',(2.209651521331,6.176656680903));
#372 = CARTESIAN_POINT('',(2.209463050323,6.12341141367));
#373 = CARTESIAN_POINT('',(2.209178752064,6.070203522965));
#374 = CARTESIAN_POINT('',(2.208795533409,6.01705335965));
#375 = CARTESIAN_POINT('',(2.208308511613,5.963985085257));
#376 = CARTESIAN_POINT('',(2.207710210504,5.911029745264));
#377 = CARTESIAN_POINT('',(2.206243484733,5.803610196935));
#378 = CARTESIAN_POINT('',(2.205367012934,5.749197079421));
#379 = CARTESIAN_POINT('',(2.204346862946,5.694992461848));
#380 = CARTESIAN_POINT('',(2.203165586624,5.641044795796));
#381 = CARTESIAN_POINT('',(2.201799051532,5.587456656001));
#382 = CARTESIAN_POINT('',(2.20021449785,5.534391917597));
#383 = CARTESIAN_POINT('',(2.198364472294,5.482100008212));
#384 = CARTESIAN_POINT('',(2.195133088647,5.406741518104));
#385 = CARTESIAN_POINT('',(2.194017733836,5.382785607837));
#386 = CARTESIAN_POINT('',(2.192818138965,5.359150310495));
#387 = CARTESIAN_POINT('',(2.191525645779,5.335899299442));
#388 = CARTESIAN_POINT('',(2.190130723189,5.313119252939));
#389 = CARTESIAN_POINT('',(2.188623321854,5.290918751423));
#390 = CARTESIAN_POINT('',(2.186993831972,5.269424010789));
#391 = CARTESIAN_POINT('',(2.182840365016,5.220663027891));
#392 = CARTESIAN_POINT('',(2.180198195411,5.194025134915));
#393 = CARTESIAN_POINT('',(2.177301034961,5.169384513224));
#394 = CARTESIAN_POINT('',(2.174149495248,5.147185957584));
#395 = CARTESIAN_POINT('',(2.170759196868,5.127710355576));
#396 = CARTESIAN_POINT('',(2.167164633803,5.111035792706));
#397 = CARTESIAN_POINT('',(2.163417539109,5.097055270444));
#398 = CARTESIAN_POINT('',(2.152178384356,5.063422316094));
#399 = CARTESIAN_POINT('',(2.144436520194,5.050529769606));
#400 = CARTESIAN_POINT('',(2.136517767462,5.044597670659));
#401 = CARTESIAN_POINT('',(2.128551157942,5.043476529655));
#402 = CARTESIAN_POINT('',(2.120603714184,5.046036832336));
#403 = CARTESIAN_POINT('',(2.112705698912,5.051366442995));
#404 = CARTESIAN_POINT('',(2.104840588537,5.058973964579));
#405 = CARTESIAN_POINT('',(2.08998906861,5.077094548049));
#406 = CARTESIAN_POINT('',(2.083046987436,5.087118404938));
#407 = CARTESIAN_POINT('',(2.076132505962,5.098411439878));
#408 = CARTESIAN_POINT('',(2.069247367529,5.110809974872));
#409 = CARTESIAN_POINT('',(2.062393012357,5.124204245785));
#410 = CARTESIAN_POINT('',(2.055570529193,5.138515531764));
#411 = CARTESIAN_POINT('',(2.048780640729,5.15368607567));
#412 = CARTESIAN_POINT('',(2.032197418912,5.192943703473));
#413 = CARTESIAN_POINT('',(2.022443296055,5.217944073018));
#414 = CARTESIAN_POINT('',(2.012763476123,5.24456972011));
#415 = CARTESIAN_POINT('',(2.003162082183,5.272783085872));
#416 = CARTESIAN_POINT('',(1.99364510703,5.302593234509));
#417 = CARTESIAN_POINT('',(1.984220393911,5.334046900904));
#418 = CARTESIAN_POINT('',(1.974897937268,5.367235354368));
#419 = CARTESIAN_POINT('',(1.959091832892,5.427453110166));
#420 = CARTESIAN_POINT('',(1.952553859226,5.453557512009));
#421 = CARTESIAN_POINT('',(1.946080484177,5.480684841844));
#422 = CARTESIAN_POINT('',(1.939677933947,5.508908316902));
#423 = CARTESIAN_POINT('',(1.93335482377,5.538313724793));
#424 = CARTESIAN_POINT('',(1.927122443677,5.569005324063));
#425 = CARTESIAN_POINT('',(1.920995473428,5.601119500823));
#426 = CARTESIAN_POINT('',(1.910498109487,5.660103303689));
#427 = CARTESIAN_POINT('',(1.906075909312,5.686248927749));
#428 = CARTESIAN_POINT('',(1.901732332481,5.713371720207));
#429 = CARTESIAN_POINT('',(1.897477903476,5.741567478217));
#430 = CARTESIAN_POINT('',(1.893327549364,5.770937104474));
#431 = CARTESIAN_POINT('',(1.88930099206,5.801592503102));
#432 = CARTESIAN_POINT('',(1.885423848363,5.833670396484));
#433 = CARTESIAN_POINT('',(1.879454742939,5.888093518028));
#434 = CARTESIAN_POINT('',(1.877250746761,5.909428929897));
#435 = CARTESIAN_POINT('',(1.875124893716,5.93140437561));
#436 = CARTESIAN_POINT('',(1.873087266901,5.954057567477));
#437 = CARTESIAN_POINT('',(1.871150523118,5.977419752757));
#438 = CARTESIAN_POINT('',(1.86932971217,6.00151480053));
#439 = CARTESIAN_POINT('',(1.867641980386,6.026357475797));
#440 = CARTESIAN_POINT('',(1.86610615836,6.051950900837));
#441 = ( GEOMETRIC_REPRESENTATION_CONTEXT(2) 
PARAMETRIC_REPRESENTATION_CONTEXT() REPRESENTATION_CONTEXT('2D SPACE',''
  ) );
#442 = PCURVE('',#168,#443);
#443 = DEFINITIONAL_REPRESENTATION('',(#444),#517);
#444 = B_SPLINE_CURVE_WITH_KNOTS('',8,(#445,#446,#447,#448,#449,#450,
    #451,#452,#453,#454,#455,#456,#457,#458,#459,#460,#461,#462,#463,
    #464,#465,#466,#467,#468,#469,#470,#471,#472,#473,#474,#475,#476,
    #477,#478,#479,#480,#481,#482,#483,#484,#485,#486,#487,#488,#489,
    #490,#491,#492,#493,#494,#495,#496,#497,#498,#499,#500,#501,#502,
    #503,#504,#505,#506,#507,#508,#509,#510,#511,#512,#513,#514,#515,
    #516),.UNSPECIFIED.,.F.,.F.,(9,7,7,7,7,7,7,7,7,7,9),(0.,
    0.10115847487,0.205801277751,0.255403372954,0.322912523057,
    0.453000973139,0.567973327502,0.735172825141,0.855005790151,
    0.944745894648,1.),.UNSPECIFIED.);
#445 = CARTESIAN_POINT('',(3.14159265359,0.299596747966));
#446 = CARTESIAN_POINT('',(3.085194808568,0.299596747966));
#447 = CARTESIAN_POINT('',(3.028797585062,0.299751911174));
#448 = CARTESIAN_POINT('',(2.972390844316,0.300061806026));
#449 = CARTESIAN_POINT('',(2.915964434993,0.300546824976));
#450 = CARTESIAN_POINT('',(2.859508296705,0.301246364032));
#451 = CARTESIAN_POINT('',(2.803012108819,0.302222108236));
#452 = CARTESIAN_POINT('',(2.746464484538,0.303566423056));
#453 = CARTESIAN_POINT('',(2.631288951311,0.307328982591));
#454 = CARTESIAN_POINT('',(2.572699620348,0.309781231223));
#455 = CARTESIAN_POINT('',(2.514021277769,0.312925351509));
#456 = CARTESIAN_POINT('',(2.455224498167,0.316964402352));
#457 = CARTESIAN_POINT('',(2.396308827107,0.322179480528));
#458 = CARTESIAN_POINT('',(2.337302173263,0.32895374879));
#459 = CARTESIAN_POINT('',(2.278259260712,0.33783900139));
#460 = CARTESIAN_POINT('',(2.191285842563,0.35533850041));
#461 = CARTESIAN_POINT('',(2.163343637405,0.361633306783));
#462 = CARTESIAN_POINT('',(2.135437206144,0.36868779407));
#463 = CARTESIAN_POINT('',(2.107593392037,0.376604826767));
#464 = CARTESIAN_POINT('',(2.079857288145,0.385501404897));
#465 = CARTESIAN_POINT('',(2.052291849054,0.395505504536));
#466 = CARTESIAN_POINT('',(2.024976652313,0.40674612203));
#467 = CARTESIAN_POINT('',(1.961298112765,0.43647223343));
#468 = CARTESIAN_POINT('',(1.925111389991,0.456163000192));
#469 = CARTESIAN_POINT('',(1.889908485913,0.478614706201));
#470 = CARTESIAN_POINT('',(1.856090516079,0.503952415388));
#471 = CARTESIAN_POINT('',(1.8239430057,0.532123165716));
#472 = CARTESIAN_POINT('',(1.793622610142,0.56284237642));
#473 = CARTESIAN_POINT('',(1.765181713794,0.595609617143));
#474 = CARTESIAN_POINT('',(1.687460252342,0.695741056067));
#475 = CARTESIAN_POINT('',(1.643312266021,0.767002358326));
#476 = CARTESIAN_POINT('',(1.604383812138,0.841594843587));
#477 = CARTESIAN_POINT('',(1.568980026892,0.91779271707));
#478 = CARTESIAN_POINT('',(1.536244568049,0.994696835877));
#479 = CARTESIAN_POINT('',(1.505401320552,1.071802704099));
#480 = CARTESIAN_POINT('',(1.475875617065,1.149152778312));
#481 = CARTESIAN_POINT('',(1.421651536008,1.29613787283));
#482 = CARTESIAN_POINT('',(1.396938068358,1.365226822601));
#483 = CARTESIAN_POINT('',(1.372685647941,1.434365390781));
#484 = CARTESIAN_POINT('',(1.348714391628,1.503495879201));
#485 = CARTESIAN_POINT('',(1.324893247134,1.572575545121));
#486 = CARTESIAN_POINT('',(1.301115924176,1.641571741096));
#487 = CARTESIAN_POINT('',(1.277289215352,1.710459569023));
#488 = CARTESIAN_POINT('',(1.218496210125,1.879220452947));
#489 = CARTESIAN_POINT('',(1.183394205518,1.978928614741));
#490 = CARTESIAN_POINT('',(1.147782442803,2.078283059177));
#491 = CARTESIAN_POINT('',(1.111470977479,2.177214854901));
#492 = CARTESIAN_POINT('',(1.074285034683,2.275642237415));
#493 = CARTESIAN_POINT('',(1.036048420152,2.373467290182));
#494 = CARTESIAN_POINT('',(0.996569395667,2.470571388995));
#495 = CARTESIAN_POINT('',(0.926250592972,2.635774734885));
#496 = CARTESIAN_POINT('',(0.896139075888,2.704279836562));
#497 = CARTESIAN_POINT('',(0.86518251175,2.772275259154));
#498 = CARTESIAN_POINT('',(0.833280885454,2.839690328251));
#499 = CARTESIAN_POINT('',(0.800325220445,2.906428782346));
#500 = CARTESIAN_POINT('',(0.766190052771,2.972365087971));
#501 = CARTESIAN_POINT('',(0.730718199088,3.037336143917));
#502 = CARTESIAN_POINT('',(0.665974121591,3.148900883891));
#503 = CARTESIAN_POINT('',(0.637399354499,3.195981184636));
#504 = CARTESIAN_POINT('',(0.607874478043,3.2423034466));
#505 = CARTESIAN_POINT('',(0.57729432618,3.287751150746));
#506 = CARTESIAN_POINT('',(0.545549204551,3.332159798797));
#507 = CARTESIAN_POINT('',(0.512518189732,3.375312073514));
#508 = CARTESIAN_POINT('',(0.478054129298,3.416925449629));
#509 = CARTESIAN_POINT('',(0.419736946597,3.481080232658));
#510 = CARTESIAN_POINT('',(0.396909428166,3.504790120443));
#511 = CARTESIAN_POINT('',(0.373430417458,3.527679618574));
#512 = CARTESIAN_POINT('',(0.34925943188,3.54963777521));
#513 = CARTESIAN_POINT('',(0.324362800286,3.570525465858));
#514 = CARTESIAN_POINT('',(0.298714457287,3.590177252141));
#515 = CARTESIAN_POINT('',(0.272297607759,3.608404620385));
#516 = CARTESIAN_POINT('',(0.24510726156,3.6250006));
#517 = ( GEOMETRIC_REPRESENTATION_CONTEXT(2) 
PARAMETRIC_REPRESENTATION_CONTEXT() REPRESENTATION_CONTEXT('2D SPACE',''
  ) );
#518 = ORIENTED_EDGE('',*,*,#519,.T.);
#519 = EDGE_CURVE('',#290,#520,#522,.T.);
#520 = VERTEX_POINT('',#521);
#521 = CARTESIAN_POINT('',(-3.189061328523,1.377626989039E-15,
    10.423045996393));
#522 = SURFACE_CURVE('',#523,(#531,#542),.PCURVE_S1.);
#523 = B_SPLINE_CURVE_WITH_KNOTS('',6,(#524,#525,#526,#527,#528,#529,
    #530),.UNSPECIFIED.,.F.,.F.,(7,7),(0.,1.),.PIECEWISE_BEZIER_KNOTS.);
#524 = CARTESIAN_POINT('',(-3.009,0.541326802453,10.288));
#525 = CARTESIAN_POINT('',(-3.065545032648,0.466180341682,
    10.330408774486));
#526 = CARTESIAN_POINT('',(-3.113370603143,0.38274140005,10.366277952357
    ));
#527 = CARTESIAN_POINT('',(-3.150752982466,0.292287912472,10.39431473685
    ));
#528 = CARTESIAN_POINT('',(-3.176300382879,0.196669364154,
    10.413475287159));
#529 = CARTESIAN_POINT('',(-3.189061328523,9.830361751884E-02,
    10.423045996393));
#530 = CARTESIAN_POINT('',(-3.189061328523,1.157190565192E-15,
    10.423045996393));
#531 = PCURVE('',#94,#532);
#532 = DEFINITIONAL_REPRESENTATION('',(#533),#541);
#533 = B_SPLINE_CURVE_WITH_KNOTS('',6,(#534,#535,#536,#537,#538,#539,
    #540),.UNSPECIFIED.,.F.,.F.,(7,7),(0.,1.),.PIECEWISE_BEZIER_KNOTS.);
#534 = CARTESIAN_POINT('',(1.855336774142,5.637840140951));
#535 = CARTESIAN_POINT('',(1.85928924631,5.742354951462));
#536 = CARTESIAN_POINT('',(1.862582187315,5.848533129425));
#537 = CARTESIAN_POINT('',(1.865124872097,5.956070482089));
#538 = CARTESIAN_POINT('',(1.866851662681,6.064664972846));
#539 = CARTESIAN_POINT('',(1.867714298641,6.173959065492));
#540 = CARTESIAN_POINT('',(1.867714298641,6.28318530718));
#541 = ( GEOMETRIC_REPRESENTATION_CONTEXT(2) 
PARAMETRIC_REPRESENTATION_CONTEXT() REPRESENTATION_CONTEXT('2D SPACE',''
  ) );
#542 = PCURVE('',#543,#548);
#543 = PLANE('',#544);
#544 = AXIS2_PLACEMENT_3D('',#545,#546,#547);
#545 = CARTESIAN_POINT('',(-3.825,0.,10.9));
#546 = DIRECTION('',(0.6,0.,0.8));
#547 = DIRECTION('',(0.8,0.,-0.6));
#548 = DEFINITIONAL_REPRESENTATION('',(#549),#557);
#549 = B_SPLINE_CURVE_WITH_KNOTS('',6,(#550,#551,#552,#553,#554,#555,
    #556),.UNSPECIFIED.,.F.,.F.,(7,7),(0.,1.),.PIECEWISE_BEZIER_KNOTS.);
#550 = CARTESIAN_POINT('',(1.02,0.541326802453));
#551 = CARTESIAN_POINT('',(0.94931870919,0.466180341682));
#552 = CARTESIAN_POINT('',(0.889536746071,0.38274140005));
#553 = CARTESIAN_POINT('',(0.842808771917,0.292287912472));
#554 = CARTESIAN_POINT('',(0.810874521401,0.196669364154));
#555 = CARTESIAN_POINT('',(0.794923339346,9.830361751884E-02));
#556 = CARTESIAN_POINT('',(0.794923339346,1.157190565192E-15));
#557 = ( GEOMETRIC_REPRESENTATION_CONTEXT(2) 
PARAMETRIC_REPRESENTATION_CONTEXT() REPRESENTATION_CONTEXT('2D SPACE',''
  ) );
#558 = ORIENTED_EDGE('',*,*,#559,.F.);
#559 = EDGE_CURVE('',#560,#520,#562,.T.);
#560 = VERTEX_POINT('',#561);
#561 = CARTESIAN_POINT('',(-2.078460969083,1.408375060195E-15,10.7));
#562 = SEAM_CURVE('',#563,(#568,#575),.PCURVE_S1.);
#563 = CIRCLE('',#564,10.9);
#564 = AXIS2_PLACEMENT_3D('',#565,#566,#567);
#565 = CARTESIAN_POINT('',(0.,2.204364238465E-16,-2.447335932204E-32));
#566 = DIRECTION('',(0.,-1.,1.110223024625E-16));
#567 = DIRECTION('',(1.,0.,0.));
#568 = PCURVE('',#94,#569);
#569 = DEFINITIONAL_REPRESENTATION('',(#570),#574);
#570 = LINE('',#571,#572);
#571 = CARTESIAN_POINT('',(0.,0.));
#572 = VECTOR('',#573,1.);
#573 = DIRECTION('',(1.,0.));
#574 = ( GEOMETRIC_REPRESENTATION_CONTEXT(2) 
PARAMETRIC_REPRESENTATION_CONTEXT() REPRESENTATION_CONTEXT('2D SPACE',''
  ) );
#575 = PCURVE('',#94,#576);
#576 = DEFINITIONAL_REPRESENTATION('',(#577),#581);
#577 = LINE('',#578,#579);
#578 = CARTESIAN_POINT('',(0.,6.28318530718));
#579 = VECTOR('',#580,1.);
#580 = DIRECTION('',(1.,0.));
#581 = ( GEOMETRIC_REPRESENTATION_CONTEXT(2) 
PARAMETRIC_REPRESENTATION_CONTEXT() REPRESENTATION_CONTEXT('2D SPACE',''
  ) );
#582 = ORIENTED_EDGE('',*,*,#583,.T.);
#583 = EDGE_CURVE('',#560,#584,#586,.T.);
#584 = VERTEX_POINT('',#585);
#585 = CARTESIAN_POINT('',(2.078460969083,1.408375060195E-15,10.7));
#586 = SURFACE_CURVE('',#587,(#653,#722),.PCURVE_S1.);
#587 = B_SPLINE_CURVE_WITH_KNOTS('',8,(#588,#589,#590,#591,#592,#593,
    #594,#595,#596,#597,#598,#599,#600,#601,#602,#603,#604,#605,#606,
    #607,#608,#609,#610,#611,#612,#613,#614,#615,#616,#617,#618,#619,
    #620,#621,#622,#623,#624,#625,#626,#627,#628,#629,#630,#631,#632,
    #633,#634,#635,#636,#637,#638,#639,#640,#641,#642,#643,#644,#645,
    #646,#647,#648,#649,#650,#651,#652),.UNSPECIFIED.,.F.,.F.,(9,7,7,7,7
    ,7,7,7,7,9),(0.,4.086344264432E-02,0.1195437345,0.232990406052,
    0.504255791957,0.693895316564,0.789345547362,0.849943768165,
    0.941973265962,1.),.UNSPECIFIED.);
#588 = CARTESIAN_POINT('',(-2.078460969083,1.187938636349E-15,10.7));
#589 = CARTESIAN_POINT('',(-2.078460969083,1.663565805651E-02,10.7));
#590 = CARTESIAN_POINT('',(-2.076617975085,3.327779505005E-02,10.7));
#591 = CARTESIAN_POINT('',(-2.072929661091,4.979729783787E-02,10.7));
#592 = CARTESIAN_POINT('',(-2.067460486588,6.608881099093E-02,10.7));
#593 = CARTESIAN_POINT('',(-2.060319473448,8.206799345488E-02,10.7));
#594 = CARTESIAN_POINT('',(-2.051642320577,9.766910177752E-02,10.7));
#595 = CARTESIAN_POINT('',(-2.041577856303,0.112842899902,10.7));
#596 = CARTESIAN_POINT('',(-2.008523177315,0.15588202694,10.7));
#597 = CARTESIAN_POINT('',(-1.982226023051,0.182450483026,10.7));
#598 = CARTESIAN_POINT('',(-1.952322406384,0.207259418131,10.7));
#599 = CARTESIAN_POINT('',(-1.919613485443,0.230367433487,10.7));
#600 = CARTESIAN_POINT('',(-1.884747114308,0.251875832841,10.7));
#601 = CARTESIAN_POINT('',(-1.848202329649,0.271915081029,10.7));
#602 = CARTESIAN_POINT('',(-1.81027774554,0.290634465518,10.7));
#603 = CARTESIAN_POINT('',(-1.714571403819,0.333514894318,10.7));
#604 = CARTESIAN_POINT('',(-1.655654402958,0.356320818045,10.7));
#605 = CARTESIAN_POINT('',(-1.594952374819,0.377013206467,10.7));
#606 = CARTESIAN_POINT('',(-1.53289092131,0.395842967542,10.7));
#607 = CARTESIAN_POINT('',(-1.469785295275,0.413014141627,10.7));
#608 = CARTESIAN_POINT('',(-1.405856298717,0.428704803128,10.7));
#609 = CARTESIAN_POINT('',(-1.341224033402,0.44305968618,10.7));
#610 = CARTESIAN_POINT('',(-1.119786820824,0.487647474966,10.7));
#611 = CARTESIAN_POINT('',(-0.960401213698,0.512074151875,10.7));
#612 = CARTESIAN_POINT('',(-0.798954838924,0.531178401975,10.7));
#613 = CARTESIAN_POINT('',(-0.636189318804,0.545650400736,10.7));
#614 = CARTESIAN_POINT('',(-0.472688532445,0.556107844014,10.7));
#615 = CARTESIAN_POINT('',(-0.308787980292,0.562839138611,10.7));
#616 = CARTESIAN_POINT('',(-0.144670490797,0.566037193962,10.7));
#617 = CARTESIAN_POINT('',(0.134583872913,0.565401435269,10.7));
#618 = CARTESIAN_POINT('',(0.249445125259,0.563394327204,10.7));
#619 = CARTESIAN_POINT('',(0.364208269347,0.559640332771,10.7));
#620 = CARTESIAN_POINT('',(0.478786314263,0.554090709703,10.7));
#621 = CARTESIAN_POINT('',(0.593067566474,0.546658939303,10.7));
#622 = CARTESIAN_POINT('',(0.70691469747,0.537215745079,10.7));
#623 = CARTESIAN_POINT('',(0.820160622711,0.525569525652,10.7));
#624 = CARTESIAN_POINT('',(0.989195292202,0.504316539674,10.7));
#625 = CARTESIAN_POINT('',(1.045574947913,0.496570902698,10.7));
#626 = CARTESIAN_POINT('',(1.101715822967,0.488158647811,10.7));
#627 = CARTESIAN_POINT('',(1.157582936564,0.479036755299,10.7));
#628 = CARTESIAN_POINT('',(1.213130779605,0.469155865844,10.7));
#629 = CARTESIAN_POINT('',(1.268302523351,0.458458424913,10.7));
#630 = CARTESIAN_POINT('',(1.323028320285,0.446874934625,10.7));
#631 = CARTESIAN_POINT('',(1.411628929524,0.426346525968,10.7));
#632 = CARTESIAN_POINT('',(1.445817017072,0.417983543296,10.7));
#633 = CARTESIAN_POINT('',(1.479765910968,0.409206548662,10.7));
#634 = CARTESIAN_POINT('',(1.513448643473,0.399991146113,10.7));
#635 = CARTESIAN_POINT('',(1.546831581042,0.390310359273,10.7));
#636 = CARTESIAN_POINT('',(1.579873677379,0.380133630431,10.7));
#637 = CARTESIAN_POINT('',(1.61252572651,0.369425819636,10.7));
#638 = CARTESIAN_POINT('',(1.693637120431,0.341016041079,10.7));
#639 = CARTESIAN_POINT('',(1.741373934271,0.322615023953,10.7));
#640 = CARTESIAN_POINT('',(1.787893607744,0.302757530931,10.7));
#641 = CARTESIAN_POINT('',(1.832956220271,0.281256405008,10.7));
#642 = CARTESIAN_POINT('',(1.876108692816,0.257915339602,10.7));
#643 = CARTESIAN_POINT('',(1.916704435785,0.232544837054,10.7));
#644 = CARTESIAN_POINT('',(1.953893152929,0.204958320896,10.7));
#645 = CARTESIAN_POINT('',(2.007078323455,0.155955656162,10.7));
#646 = CARTESIAN_POINT('',(2.02583357541,0.136020161677,10.7));
#647 = CARTESIAN_POINT('',(2.042404451686,0.115106950384,10.7));
#648 = CARTESIAN_POINT('',(2.056363651982,9.326984968377E-02,10.7));
#649 = CARTESIAN_POINT('',(2.067272999048,7.061835441381E-02,10.7));
#650 = CARTESIAN_POINT('',(2.074731544293,4.732932471851E-02,10.7));
#651 = CARTESIAN_POINT('',(2.078460969083,2.366472025502E-02,10.7));
#652 = CARTESIAN_POINT('',(2.078460969083,1.187938636349E-15,10.7));
#653 = PCURVE('',#94,#654);
#654 = DEFINITIONAL_REPRESENTATION('',(#655),#721);
#655 = B_SPLINE_CURVE_WITH_KNOTS('',8,(#656,#657,#658,#659,#660,#661,
    #662,#663,#664,#665,#666,#667,#668,#669,#670,#671,#672,#673,#674,
    #675,#676,#677,#678,#679,#680,#681,#682,#683,#684,#685,#686,#687,
    #688,#689,#690,#691,#692,#693,#694,#695,#696,#697,#698,#699,#700,
    #701,#702,#703,#704,#705,#706,#707,#708,#709,#710,#711,#712,#713,
    #714,#715,#716,#717,#718,#719,#720),.UNSPECIFIED.,.F.,.F.,(9,7,7,7,7
    ,7,7,7,7,9),(0.,4.086344264432E-02,0.1195437345,0.232990406052,
    0.504255791957,0.693895316564,0.789345547362,0.849943768165,
    0.941973265962,1.),.UNSPECIFIED.);
#656 = CARTESIAN_POINT('',(1.762655712996,6.28318530718));
#657 = CARTESIAN_POINT('',(1.762655712996,6.264701242672));
#658 = CARTESIAN_POINT('',(1.762489732829,6.246209985642));
#659 = CARTESIAN_POINT('',(1.762157565709,6.227845343926));
#660 = CARTESIAN_POINT('',(1.761664952117,6.209714766641));
#661 = CARTESIAN_POINT('',(1.761021593341,6.191903747916));
#662 = CARTESIAN_POINT('',(1.76023955975,6.174479255354));
#663 = CARTESIAN_POINT('',(1.759332093785,6.157492183243));
#664 = CARTESIAN_POINT('',(1.756350228801,6.109183285866));
#665 = CARTESIAN_POINT('',(1.753976294724,6.079196374494));
#666 = CARTESIAN_POINT('',(1.751274133858,6.051002781229));
#667 = CARTESIAN_POINT('',(1.748314938263,6.024541833522));
#668 = CARTESIAN_POINT('',(1.745156384617,5.999716178488));
#669 = CARTESIAN_POINT('',(1.741841250759,5.976399188302));
#670 = CARTESIAN_POINT('',(1.738396227795,5.954441093925));
#671 = CARTESIAN_POINT('',(1.729690232257,5.903730198378));
#672 = CARTESIAN_POINT('',(1.724320806831,5.87638619201));
#673 = CARTESIAN_POINT('',(1.718777899557,5.851240635371));
#674 = CARTESIAN_POINT('',(1.71309977926,5.828058514609));
#675 = CARTESIAN_POINT('',(1.707315111651,5.80665317386));
#676 = CARTESIAN_POINT('',(1.701444222319,5.786861342896));
#677 = CARTESIAN_POINT('',(1.695498379459,5.768551131549));
#678 = CARTESIAN_POINT('',(1.675093459574,5.711078237319));
#679 = CARTESIAN_POINT('',(1.660350026446,5.678489186307));
#680 = CARTESIAN_POINT('',(1.645364865983,5.652310492247));
#681 = CARTESIAN_POINT('',(1.630214958744,5.632045422427));
#682 = CARTESIAN_POINT('',(1.614964594019,5.61720258318));
#683 = CARTESIAN_POINT('',(1.599655907804,5.607576978636));
#684 = CARTESIAN_POINT('',(1.584316883502,5.603008974522));
#685 = CARTESIAN_POINT('',(1.558218433165,5.603917177735));
#686 = CARTESIAN_POINT('',(1.547484257821,5.606784144274));
#687 = CARTESIAN_POINT('',(1.536763509482,5.612143869406));
#688 = CARTESIAN_POINT('',(1.526068077731,5.62003411705));
#689 = CARTESIAN_POINT('',(1.51541208752,5.63051916612));
#690 = CARTESIAN_POINT('',(1.504811884997,5.643694523461));
#691 = CARTESIAN_POINT('',(1.494286279672,5.659708125965));
#692 = CARTESIAN_POINT('',(1.478607751917,5.688406450447));
#693 = CARTESIAN_POINT('',(1.473383840825,5.698792657898));
#694 = CARTESIAN_POINT('',(1.468187925132,5.709986900055));
#695 = CARTESIAN_POINT('',(1.463023576609,5.722025190465));
#696 = CARTESIAN_POINT('',(1.457895301091,5.734949144432));
#697 = CARTESIAN_POINT('',(1.45280859536,5.74880796551));
#698 = CARTESIAN_POINT('',(1.44777008313,5.763662584485));
#699 = CARTESIAN_POINT('',(1.43962459766,5.789704983066));
#700 = CARTESIAN_POINT('',(1.436484464128,5.800249900044));
#701 = CARTESIAN_POINT('',(1.433369290193,5.811247553991));
#702 = CARTESIAN_POINT('',(1.430281567006,5.822720139034));
#703 = CARTESIAN_POINT('',(1.427224377951,5.8346923362));
#704 = CARTESIAN_POINT('',(1.424201460366,5.847192458416));
#705 = CARTESIAN_POINT('',(1.421217267263,5.860253595493));
#706 = CARTESIAN_POINT('',(1.413811738773,5.894661738347));
#707 = CARTESIAN_POINT('',(1.409460338784,5.916734538736));
#708 = CARTESIAN_POINT('',(1.405226735119,5.940323712699));
#709 = CARTESIAN_POINT('',(1.401132426724,5.965614482786));
#710 = CARTESIAN_POINT('',(1.397218061968,5.992796539032));
#711 = CARTESIAN_POINT('',(1.393541372053,6.022050449297));
#712 = CARTESIAN_POINT('',(1.390177910564,6.053560262142));
#713 = CARTESIAN_POINT('',(1.385372950694,6.109065912926));
#714 = CARTESIAN_POINT('',(1.383679992331,6.13154267304));
#715 = CARTESIAN_POINT('',(1.382185406902,6.155020417162));
#716 = CARTESIAN_POINT('',(1.380927268224,6.179441319717));
#717 = CARTESIAN_POINT('',(1.379944524275,6.20469276942));
#718 = CARTESIAN_POINT('',(1.379272812368,6.230597168792));
#719 = CARTESIAN_POINT('',(1.378936940594,6.256891173563));
#720 = CARTESIAN_POINT('',(1.378936940594,6.28318530718));
#721 = ( GEOMETRIC_REPRESENTATION_CONTEXT(2) 
PARAMETRIC_REPRESENTATION_CONTEXT() REPRESENTATION_CONTEXT('2D SPACE',''
  ) );
#722 = PCURVE('',#723,#728);
#723 = PLANE('',#724);
#724 = AXIS2_PLACEMENT_3D('',#725,#726,#727);
#725 = CARTESIAN_POINT('',(-2.167100051568E-16,8.791798344647E-17,10.7)
  );
#726 = DIRECTION('',(0.,0.,1.));
#727 = DIRECTION('',(1.,0.,-0.));
#728 = DEFINITIONAL_REPRESENTATION('',(#729),#795);
#729 = B_SPLINE_CURVE_WITH_KNOTS('',8,(#730,#731,#732,#733,#734,#735,
    #736,#737,#738,#739,#740,#741,#742,#743,#744,#745,#746,#747,#748,
    #749,#750,#751,#752,#753,#754,#755,#756,#757,#758,#759,#760,#761,
    #762,#763,#764,#765,#766,#767,#768,#769,#770,#771,#772,#773,#774,
    #775,#776,#777,#778,#779,#780,#781,#782,#783,#784,#785,#786,#787,
    #788,#789,#790,#791,#792,#793,#794),.UNSPECIFIED.,.F.,.F.,(9,7,7,7,7
    ,7,7,7,7,9),(0.,4.086344264432E-02,0.1195437345,0.232990406052,
    0.504255791957,0.693895316564,0.789345547362,0.849943768165,
    0.941973265962,1.),.UNSPECIFIED.);
#730 = CARTESIAN_POINT('',(-2.078460969083,1.100020652902E-15));
#731 = CARTESIAN_POINT('',(-2.078460969083,1.663565805651E-02));
#732 = CARTESIAN_POINT('',(-2.076617975085,3.327779505005E-02));
#733 = CARTESIAN_POINT('',(-2.072929661091,4.979729783787E-02));
#734 = CARTESIAN_POINT('',(-2.067460486588,6.608881099093E-02));
#735 = CARTESIAN_POINT('',(-2.060319473448,8.206799345488E-02));
#736 = CARTESIAN_POINT('',(-2.051642320577,9.766910177752E-02));
#737 = CARTESIAN_POINT('',(-2.041577856303,0.112842899902));
#738 = CARTESIAN_POINT('',(-2.008523177315,0.15588202694));
#739 = CARTESIAN_POINT('',(-1.982226023051,0.182450483026));
#740 = CARTESIAN_POINT('',(-1.952322406384,0.207259418131));
#741 = CARTESIAN_POINT('',(-1.919613485443,0.230367433487));
#742 = CARTESIAN_POINT('',(-1.884747114308,0.251875832841));
#743 = CARTESIAN_POINT('',(-1.848202329649,0.271915081029));
#744 = CARTESIAN_POINT('',(-1.81027774554,0.290634465518));
#745 = CARTESIAN_POINT('',(-1.714571403819,0.333514894318));
#746 = CARTESIAN_POINT('',(-1.655654402958,0.356320818045));
#747 = CARTESIAN_POINT('',(-1.594952374819,0.377013206467));
#748 = CARTESIAN_POINT('',(-1.53289092131,0.395842967542));
#749 = CARTESIAN_POINT('',(-1.469785295275,0.413014141627));
#750 = CARTESIAN_POINT('',(-1.405856298717,0.428704803128));
#751 = CARTESIAN_POINT('',(-1.341224033402,0.44305968618));
#752 = CARTESIAN_POINT('',(-1.119786820824,0.487647474966));
#753 = CARTESIAN_POINT('',(-0.960401213698,0.512074151875));
#754 = CARTESIAN_POINT('',(-0.798954838924,0.531178401975));
#755 = CARTESIAN_POINT('',(-0.636189318804,0.545650400736));
#756 = CARTESIAN_POINT('',(-0.472688532445,0.556107844014));
#757 = CARTESIAN_POINT('',(-0.308787980292,0.562839138611));
#758 = CARTESIAN_POINT('',(-0.144670490797,0.566037193962));
#759 = CARTESIAN_POINT('',(0.134583872913,0.565401435269));
#760 = CARTESIAN_POINT('',(0.249445125259,0.563394327204));
#761 = CARTESIAN_POINT('',(0.364208269347,0.559640332771));
#762 = CARTESIAN_POINT('',(0.478786314263,0.554090709703));
#763 = CARTESIAN_POINT('',(0.593067566474,0.546658939303));
#764 = CARTESIAN_POINT('',(0.70691469747,0.537215745079));
#765 = CARTESIAN_POINT('',(0.820160622711,0.525569525652));
#766 = CARTESIAN_POINT('',(0.989195292202,0.504316539674));
#767 = CARTESIAN_POINT('',(1.045574947913,0.496570902698));
#768 = CARTESIAN_POINT('',(1.101715822967,0.488158647811));
#769 = CARTESIAN_POINT('',(1.157582936564,0.479036755299));
#770 = CARTESIAN_POINT('',(1.213130779605,0.469155865844));
#771 = CARTESIAN_POINT('',(1.268302523351,0.458458424913));
#772 = CARTESIAN_POINT('',(1.323028320285,0.446874934625));
#773 = CARTESIAN_POINT('',(1.411628929524,0.426346525968));
#774 = CARTESIAN_POINT('',(1.445817017072,0.417983543296));
#775 = CARTESIAN_POINT('',(1.479765910968,0.409206548662));
#776 = CARTESIAN_POINT('',(1.513448643473,0.399991146113));
#777 = CARTESIAN_POINT('',(1.546831581042,0.390310359273));
#778 = CARTESIAN_POINT('',(1.579873677379,0.380133630431));
#779 = CARTESIAN_POINT('',(1.61252572651,0.369425819636));
#780 = CARTESIAN_POINT('',(1.693637120431,0.341016041079));
#781 = CARTESIAN_POINT('',(1.741373934271,0.322615023953));
#782 = CARTESIAN_POINT('',(1.787893607744,0.302757530931));
#783 = CARTESIAN_POINT('',(1.832956220271,0.281256405008));
#784 = CARTESIAN_POINT('',(1.876108692816,0.257915339602));
#785 = CARTESIAN_POINT('',(1.916704435785,0.232544837054));
#786 = CARTESIAN_POINT('',(1.953893152929,0.204958320896));
#787 = CARTESIAN_POINT('',(2.007078323455,0.155955656162));
#788 = CARTESIAN_POINT('',(2.02583357541,0.136020161677));
#789 = CARTESIAN_POINT('',(2.042404451686,0.115106950384));
#790 = CARTESIAN_POINT('',(2.056363651982,9.326984968377E-02));
#791 = CARTESIAN_POINT('',(2.067272999048,7.061835441381E-02));
#792 = CARTESIAN_POINT('',(2.074731544293,4.732932471851E-02));
#793 = CARTESIAN_POINT('',(2.078460969083,2.366472025502E-02));
#794 = CARTESIAN_POINT('',(2.078460969083,1.100020652902E-15));
#795 = ( GEOMETRIC_REPRESENTATION_CONTEXT(2) 
PARAMETRIC_REPRESENTATION_CONTEXT() REPRESENTATION_CONTEXT('2D SPACE',''
  ) );
#796 = ORIENTED_EDGE('',*,*,#797,.F.);
#797 = EDGE_CURVE('',#798,#584,#800,.T.);
#798 = VERTEX_POINT('',#799);
#799 = CARTESIAN_POINT('',(3.189061328523,1.377626989039E-15,
    10.423045996393));
#800 = SEAM_CURVE('',#801,(#806,#813),.PCURVE_S1.);
#801 = CIRCLE('',#802,10.9);
#802 = AXIS2_PLACEMENT_3D('',#803,#804,#805);
#803 = CARTESIAN_POINT('',(0.,2.204364238465E-16,-2.447335932204E-32));
#804 = DIRECTION('',(0.,-1.,1.110223024625E-16));
#805 = DIRECTION('',(1.,0.,0.));
#806 = PCURVE('',#94,#807);
#807 = DEFINITIONAL_REPRESENTATION('',(#808),#812);
#808 = LINE('',#809,#810);
#809 = CARTESIAN_POINT('',(0.,0.));
#810 = VECTOR('',#811,1.);
#811 = DIRECTION('',(1.,0.));
#812 = ( GEOMETRIC_REPRESENTATION_CONTEXT(2) 
PARAMETRIC_REPRESENTATION_CONTEXT() REPRESENTATION_CONTEXT('2D SPACE',''
  ) );
#813 = PCURVE('',#94,#814);
#814 = DEFINITIONAL_REPRESENTATION('',(#815),#819);
#815 = LINE('',#816,#817);
#816 = CARTESIAN_POINT('',(0.,6.28318530718));
#817 = VECTOR('',#818,1.);
#818 = DIRECTION('',(1.,0.));
#819 = ( GEOMETRIC_REPRESENTATION_CONTEXT(2) 
PARAMETRIC_REPRESENTATION_CONTEXT() REPRESENTATION_CONTEXT('2D SPACE',''
  ) );
#820 = ORIENTED_EDGE('',*,*,#821,.F.);
#821 = EDGE_CURVE('',#822,#798,#824,.T.);
#822 = VERTEX_POINT('',#823);
#823 = CARTESIAN_POINT('',(3.16532447656,0.206262135153,10.40524335742)
  );
#824 = SURFACE_CURVE('',#825,(#833,#844),.PCURVE_S1.);
#825 = B_SPLINE_CURVE_WITH_KNOTS('',6,(#826,#827,#828,#829,#830,#831,
    #832),.UNSPECIFIED.,.F.,.F.,(7,7),(0.,1.),.PIECEWISE_BEZIER_KNOTS.);
#826 = CARTESIAN_POINT('',(3.009,0.541326802453,10.288));
#827 = CARTESIAN_POINT('',(3.065545032648,0.466180341682,10.330408774486
    ));
#828 = CARTESIAN_POINT('',(3.113370603143,0.38274140005,10.366277952357)
  );
#829 = CARTESIAN_POINT('',(3.150752982466,0.292287912472,10.39431473685)
  );
#830 = CARTESIAN_POINT('',(3.176300382879,0.196669364154,10.413475287159
    ));
#831 = CARTESIAN_POINT('',(3.189061328523,9.830361751884E-02,
    10.423045996393));
#832 = CARTESIAN_POINT('',(3.189061328523,1.157190565192E-15,
    10.423045996393));
#833 = PCURVE('',#94,#834);
#834 = DEFINITIONAL_REPRESENTATION('',(#835),#843);
#835 = B_SPLINE_CURVE_WITH_KNOTS('',6,(#836,#837,#838,#839,#840,#841,
    #842),.UNSPECIFIED.,.F.,.F.,(7,7),(0.,1.),.PIECEWISE_BEZIER_KNOTS.);
#836 = CARTESIAN_POINT('',(1.286255879447,5.637840140951));
#837 = CARTESIAN_POINT('',(1.28230340728,5.742354951462));
#838 = CARTESIAN_POINT('',(1.279010466275,5.848533129425));
#839 = CARTESIAN_POINT('',(1.276467781493,5.956070482089));
#840 = CARTESIAN_POINT('',(1.274740990909,6.064664972846));
#841 = CARTESIAN_POINT('',(1.273878354949,6.173959065492));
#842 = CARTESIAN_POINT('',(1.273878354949,6.28318530718));
#843 = ( GEOMETRIC_REPRESENTATION_CONTEXT(2) 
PARAMETRIC_REPRESENTATION_CONTEXT() REPRESENTATION_CONTEXT('2D SPACE',''
  ) );
#844 = PCURVE('',#845,#850);
#845 = PLANE('',#846);
#846 = AXIS2_PLACEMENT_3D('',#847,#848,#849);
#847 = CARTESIAN_POINT('',(3.825,0.,10.9));
#848 = DIRECTION('',(-0.6,0.,0.8));
#849 = DIRECTION('',(0.8,0.,0.6));
#850 = DEFINITIONAL_REPRESENTATION('',(#851),#859);
#851 = B_SPLINE_CURVE_WITH_KNOTS('',6,(#852,#853,#854,#855,#856,#857,
    #858),.UNSPECIFIED.,.F.,.F.,(7,7),(0.,1.),.PIECEWISE_BEZIER_KNOTS.);
#852 = CARTESIAN_POINT('',(-1.02,0.541326802453));
#853 = CARTESIAN_POINT('',(-0.94931870919,0.466180341682));
#854 = CARTESIAN_POINT('',(-0.889536746071,0.38274140005));
#855 = CARTESIAN_POINT('',(-0.842808771917,0.292287912472));
#856 = CARTESIAN_POINT('',(-0.810874521401,0.196669364154));
#857 = CARTESIAN_POINT('',(-0.794923339346,9.830361751884E-02));
#858 = CARTESIAN_POINT('',(-0.794923339346,1.157190565192E-15));
#859 = ( GEOMETRIC_REPRESENTATION_CONTEXT(2) 
PARAMETRIC_REPRESENTATION_CONTEXT() REPRESENTATION_CONTEXT('2D SPACE',''
  ) );
#860 = ORIENTED_EDGE('',*,*,#861,.T.);
#861 = EDGE_CURVE('',#822,#862,#864,.T.);
#862 = VERTEX_POINT('',#863);
#863 = CARTESIAN_POINT('',(6.50024195122,4.918278992815E-16,
    8.749677398373));
#864 = SURFACE_CURVE('',#865,(#931,#1000),.PCURVE_S1.);
#865 = B_SPLINE_CURVE_WITH_KNOTS('',8,(#866,#867,#868,#869,#870,#871,
    #872,#873,#874,#875,#876,#877,#878,#879,#880,#881,#882,#883,#884,
    #885,#886,#887,#888,#889,#890,#891,#892,#893,#894,#895,#896,#897,
    #898,#899,#900,#901,#902,#903,#904,#905,#906,#907,#908,#909,#910,
    #911,#912,#913,#914,#915,#916,#917,#918,#919,#920,#921,#922,#923,
    #924,#925,#926,#927,#928,#929,#930),.UNSPECIFIED.,.F.,.F.,(9,7,7,7,7
    ,7,7,7,7,9),(0.,5.836111512243E-02,0.207068108216,0.428906371125,
    0.513337974792,0.662721879542,0.743734719804,0.793454773969,
    0.898020573763,1.),.UNSPECIFIED.);
#866 = CARTESIAN_POINT('',(3.165323954353,0.206261324561,10.405243715765
    ));
#867 = CARTESIAN_POINT('',(3.180565940639,0.229920633821,10.394784500931
    ));
#868 = CARTESIAN_POINT('',(3.197375414798,0.252674106949,10.383231629976
    ));
#869 = CARTESIAN_POINT('',(3.215536783088,0.274519006337,10.370726533692
    ));
#870 = CARTESIAN_POINT('',(3.234854943731,0.295470364866,10.3573971289)
  );
#871 = CARTESIAN_POINT('',(3.255160172514,0.315556416459,10.34335479833)
  );
#872 = CARTESIAN_POINT('',(3.27631140073,0.334815080676,10.328692205237)
  );
#873 = CARTESIAN_POINT('',(3.298197885454,0.353291501356,10.313481942781
    ));
#874 = CARTESIAN_POINT('',(3.378175834618,0.416252124003,10.257756549387
    ));
#875 = CARTESIAN_POINT('',(3.439697369634,0.456588473826,10.214635361266
    ));
#876 = CARTESIAN_POINT('',(3.503974417745,0.492961920299,10.169275914359
    ));
#877 = CARTESIAN_POINT('',(3.570207587319,0.52586947916,10.122199880377)
  );
#878 = CARTESIAN_POINT('',(3.637792455813,0.555774445122,10.073811460671
    ));
#879 = CARTESIAN_POINT('',(3.706375581721,0.583031348027,10.024351940809
    ));
#880 = CARTESIAN_POINT('',(3.775768486325,0.607967804383,9.973951425812)
  );
#881 = CARTESIAN_POINT('',(3.950683709124,0.6650145017,9.846023546787));
#882 = CARTESIAN_POINT('',(4.056825783204,0.694504167162,9.767611973305)
  );
#883 = CARTESIAN_POINT('',(4.163893278832,0.720162042255,9.687743223496)
  );
#884 = CARTESIAN_POINT('',(4.271580098562,0.742514524222,9.606679632854)
  );
#885 = CARTESIAN_POINT('',(4.379698003143,0.761969792405,9.524647453706)
  );
#886 = CARTESIAN_POINT('',(4.488153702324,0.778866586412,9.441847169722)
  );
#887 = CARTESIAN_POINT('',(4.596968418275,0.793464716601,9.358470556323)
  );
#888 = CARTESIAN_POINT('',(4.747954324336,0.810711480849,9.242939752485)
  );
#889 = CARTESIAN_POINT('',(4.789648761891,0.815159918077,9.211052801802)
  );
#890 = CARTESIAN_POINT('',(4.831422131554,0.819312657142,9.179145028647)
  );
#891 = CARTESIAN_POINT('',(4.873284493441,0.823178221985,9.147236576068)
  );
#892 = CARTESIAN_POINT('',(4.915248411386,0.826763380166,9.115351229487)
  );
#893 = CARTESIAN_POINT('',(4.957329972127,0.830072817642,9.08351766777)
  );
#894 = CARTESIAN_POINT('',(4.99955052138,0.833108365235,9.051771540451)
  );
#895 = CARTESIAN_POINT('',(5.116936791013,0.840749973208,8.964225539471)
  );
#896 = CARTESIAN_POINT('',(5.192009839691,0.844738192671,8.90904398016)
  );
#897 = CARTESIAN_POINT('',(5.267794908294,0.847870962729,8.854504055875)
  );
#898 = CARTESIAN_POINT('',(5.344708211831,0.850086509381,8.800787184799)
  );
#899 = CARTESIAN_POINT('',(5.423032973492,0.851261257569,8.748559613139)
  );
#900 = CARTESIAN_POINT('',(5.502874614831,0.851077429662,8.698868385817)
  );
#901 = CARTESIAN_POINT('',(5.584507371476,0.84908435435,8.653767670323)
  );
#902 = CARTESIAN_POINT('',(5.713880680368,0.840539975966,8.596156638998)
  );
#903 = CARTESIAN_POINT('',(5.760247747332,0.83647828164,8.578081104266)
  );
#904 = CARTESIAN_POINT('',(5.806932312141,0.831106610656,8.563016002252)
  );
#905 = CARTESIAN_POINT('',(5.853364630592,0.824133131821,8.551690537072)
  );
#906 = CARTESIAN_POINT('',(5.898963602346,0.815234003733,8.544649993005)
  );
#907 = CARTESIAN_POINT('',(5.943180145896,0.804124838174,8.541806891273)
  );
#908 = CARTESIAN_POINT('',(5.985478256499,0.790779933764,8.542617352088)
  );
#909 = CARTESIAN_POINT('',(6.049843598042,0.76605907803,8.54858611855));
#910 = CARTESIAN_POINT('',(6.073490497601,0.755884476745,8.551951224344)
  );
#911 = CARTESIAN_POINT('',(6.096281443219,0.744951054054,8.556254588383)
  );
#912 = CARTESIAN_POINT('',(6.11821602626,0.733282880664,8.561333429177)
  );
#913 = CARTESIAN_POINT('',(6.139308028416,0.720909536206,8.567035152557)
  );
#914 = CARTESIAN_POINT('',(6.159579376737,0.707861665251,8.573226537496)
  );
#915 = CARTESIAN_POINT('',(6.179057019517,0.694166654066,8.579795958048)
  );
#916 = CARTESIAN_POINT('',(6.23713355117,0.649723483313,8.601060458224)
  );
#917 = CARTESIAN_POINT('',(6.273069180452,0.616870475718,8.616705623826)
  );
#918 = CARTESIAN_POINT('',(6.305896644998,0.581478150505,8.632706702635)
  );
#919 = CARTESIAN_POINT('',(6.335770166405,0.543770394957,8.648476090428)
  );
#920 = CARTESIAN_POINT('',(6.362780726696,0.503982842378,8.663594052606)
  );
#921 = CARTESIAN_POINT('',(6.386992229614,0.462345877876,8.677750850911)
  );
#922 = CARTESIAN_POINT('',(6.408446222447,0.419071817151,8.690719154955)
  );
#923 = CARTESIAN_POINT('',(6.445425027571,0.33073045825,8.713639702177)
  );
#924 = CARTESIAN_POINT('',(6.461069780035,0.285766495154,8.723650155143)
  );
#925 = CARTESIAN_POINT('',(6.474115401483,0.239668124711,8.732186396288)
  );
#926 = CARTESIAN_POINT('',(6.484560908625,0.192655046157,8.739127418905)
  );
#927 = CARTESIAN_POINT('',(6.492400154111,0.144952445925,8.744388488553)
  );
#928 = CARTESIAN_POINT('',(6.497627871325,9.67889519445E-02,
    8.747914512673));
#929 = CARTESIAN_POINT('',(6.500241951221,4.839476969473E-02,
    8.749677398373));
#930 = CARTESIAN_POINT('',(6.500241951221,9.714093305716E-16,
    8.749677398373));
#931 = PCURVE('',#94,#932);
#932 = DEFINITIONAL_REPRESENTATION('',(#933),#999);
#933 = B_SPLINE_CURVE_WITH_KNOTS('',8,(#934,#935,#936,#937,#938,#939,
    #940,#941,#942,#943,#944,#945,#946,#947,#948,#949,#950,#951,#952,
    #953,#954,#955,#956,#957,#958,#959,#960,#961,#962,#963,#964,#965,
    #966,#967,#968,#969,#970,#971,#972,#973,#974,#975,#976,#977,#978,
    #979,#980,#981,#982,#983,#984,#985,#986,#987,#988,#989,#990,#991,
    #992,#993,#994,#995,#996,#997,#998),.UNSPECIFIED.,.F.,.F.,(9,7,7,7,7
    ,7,7,7,7,9),(0.,5.836111512243E-02,0.207068108216,0.428906371125,
    0.513337974792,0.662721879542,0.743734719804,0.793454773969,
    0.898020573763,1.),.UNSPECIFIED.);
#934 = CARTESIAN_POINT('',(1.27548649523,6.051950900837));
#935 = CARTESIAN_POINT('',(1.273865850857,6.024943969331));
#936 = CARTESIAN_POINT('',(1.272076159916,5.998774787535));
#937 = CARTESIAN_POINT('',(1.270139484601,5.973437746479));
#938 = CARTESIAN_POINT('',(1.268075778466,5.948914005379));
#939 = CARTESIAN_POINT('',(1.265902410678,5.925174412179));
#940 = CARTESIAN_POINT('',(1.263633825791,5.902181464904));
#941 = CARTESIAN_POINT('',(1.261281339042,5.879890313804));
#942 = CARTESIAN_POINT('',(1.252665710924,5.803105173206));
#943 = CARTESIAN_POINT('',(1.246004310457,5.752339472753));
#944 = CARTESIAN_POINT('',(1.239003555044,5.705015557304));
#945 = CARTESIAN_POINT('',(1.231744560086,5.660691774755));
#946 = CARTESIAN_POINT('',(1.224289743414,5.618963087039));
#947 = CARTESIAN_POINT('',(1.216675919478,5.579532957113));
#948 = CARTESIAN_POINT('',(1.208922456639,5.542113025668));
#949 = CARTESIAN_POINT('',(1.189252447675,5.45323900912));
#950 = CARTESIAN_POINT('',(1.177204814573,5.404116837564));
#951 = CARTESIAN_POINT('',(1.164938051582,5.358408531665));
#952 = CARTESIAN_POINT('',(1.152486794889,5.31577217255));
#953 = CARTESIAN_POINT('',(1.139876184079,5.276009357235));
#954 = CARTESIAN_POINT('',(1.127123637366,5.239012612962));
#955 = CARTESIAN_POINT('',(1.114238036606,5.204802950202));
#956 = CARTESIAN_POINT('',(1.096265715769,5.161744318695));
#957 = CARTESIAN_POINT('',(1.091293004673,5.150314235564));
#958 = CARTESIAN_POINT('',(1.086302502376,5.139337867928));
#959 = CARTESIAN_POINT('',(1.081294595048,5.128834258093));
#960 = CARTESIAN_POINT('',(1.076269695304,5.118828362325));
#961 = CARTESIAN_POINT('',(1.071228237596,5.109352762146));
#962 = CARTESIAN_POINT('',(1.066170667009,5.100450697434));
#963 = CARTESIAN_POINT('',(1.052121384063,5.077547912997));
#964 = CARTESIAN_POINT('',(1.043150155607,5.064980388163));
#965 = CARTESIAN_POINT('',(1.034129516969,5.054671245631));
#966 = CARTESIAN_POINT('',(1.025037863903,5.047052694203));
#967 = CARTESIAN_POINT('',(1.015891974764,5.042944084242));
#968 = CARTESIAN_POINT('',(1.006745635382,5.043499233926));
#969 = CARTESIAN_POINT('',(0.997700915149,5.050808300695));
#970 = CARTESIAN_POINT('',(0.984151493864,5.07804223403));
#971 = CARTESIAN_POINT('',(0.97944100239,5.090706469517));
#972 = CARTESIAN_POINT('',(0.974878189784,5.106948062412));
#973 = CARTESIAN_POINT('',(0.970552853401,5.127156457386));
#974 = CARTESIAN_POINT('',(0.966545760438,5.151540454308));
#975 = CARTESIAN_POINT('',(0.962897568764,5.179793681598));
#976 = CARTESIAN_POINT('',(0.959619663971,5.211190099138));
#977 = CARTESIAN_POINT('',(0.95491780514,5.265308309565));
#978 = CARTESIAN_POINT('',(0.953261246001,5.286760537342));
#979 = CARTESIAN_POINT('',(0.951729025224,5.308943175542));
#980 = CARTESIAN_POINT('',(0.950311551538,5.331725924479));
#981 = CARTESIAN_POINT('',(0.948998644843,5.354996158433));
#982 = CARTESIAN_POINT('',(0.947780586469,5.37866373599));
#983 = CARTESIAN_POINT('',(0.946648520644,5.402662342629));
#984 = CARTESIAN_POINT('',(0.943376889879,5.478020979409));
#985 = CARTESIAN_POINT('',(0.94150661701,5.530290533136));
#986 = CARTESIAN_POINT('',(0.939905259027,5.583350832375));
#987 = CARTESIAN_POINT('',(0.938524441107,5.636945493639));
#988 = CARTESIAN_POINT('',(0.937330780204,5.690906297535));
#989 = CARTESIAN_POINT('',(0.936299695056,5.745128271424));
#990 = CARTESIAN_POINT('',(0.935413392543,5.799562243606));
#991 = CARTESIAN_POINT('',(0.933922543666,5.907499382301));
#992 = CARTESIAN_POINT('',(0.933312115803,5.960952547674));
#993 = CARTESIAN_POINT('',(0.932815459693,6.014522325679));
#994 = CARTESIAN_POINT('',(0.93242478374,6.068176485774));
#995 = CARTESIAN_POINT('',(0.932135013661,6.121890055729));
#996 = CARTESIAN_POINT('',(0.931942937013,6.175642067383));
#997 = CARTESIAN_POINT('',(0.931846873906,6.229413340852));
#998 = CARTESIAN_POINT('',(0.931846873906,6.28318530718));
#999 = ( GEOMETRIC_REPRESENTATION_CONTEXT(2) 
PARAMETRIC_REPRESENTATION_CONTEXT() REPRESENTATION_CONTEXT('2D SPACE',''
  ) );
#1000 = PCURVE('',#1001,#1006);
#1001 = CYLINDRICAL_SURFACE('',#1002,0.85);
#1002 = AXIS2_PLACEMENT_3D('',#1003,#1004,#1005);
#1003 = CARTESIAN_POINT('',(6.,0.,8.));
#1004 = DIRECTION('',(-0.6,0.,0.8));
#1005 = DIRECTION('',(0.8,0.,0.6));
#1006 = DEFINITIONAL_REPRESENTATION('',(#1007),#1073);
#1007 = B_SPLINE_CURVE_WITH_KNOTS('',8,(#1008,#1009,#1010,#1011,#1012,
    #1013,#1014,#1015,#1016,#1017,#1018,#1019,#1020,#1021,#1022,#1023,
    #1024,#1025,#1026,#1027,#1028,#1029,#1030,#1031,#1032,#1033,#1034,
    #1035,#1036,#1037,#1038,#1039,#1040,#1041,#1042,#1043,#1044,#1045,
    #1046,#1047,#1048,#1049,#1050,#1051,#1052,#1053,#1054,#1055,#1056,
    #1057,#1058,#1059,#1060,#1061,#1062,#1063,#1064,#1065,#1066,#1067,
    #1068,#1069,#1070,#1071,#1072),.UNSPECIFIED.,.F.,.F.,(9,7,7,7,7,7,7,
    7,7,9),(2.499392393596E-07,5.836111512243E-02,0.207068108216,
    0.428906371125,0.513337974792,0.662721879542,0.743734719804,
    0.793454773969,0.898020573763,1.),.UNSPECIFIED.);
#1008 = CARTESIAN_POINT('',(9.17966971619,3.625));
#1009 = CARTESIAN_POINT('',(9.150977815471,3.607487456939));
#1010 = CARTESIAN_POINT('',(9.123149096874,3.588159518037));
#1011 = CARTESIAN_POINT('',(9.09617564214,3.567258680563));
#1012 = CARTESIAN_POINT('',(9.070036165593,3.545004335736));
#1013 = CARTESIAN_POINT('',(9.044698910932,3.5215874214));
#1014 = CARTESIAN_POINT('',(9.020123520665,3.497166707049));
#1015 = CARTESIAN_POINT('',(8.996261878204,3.47186671122));
#1016 = CARTESIAN_POINT('',(8.913932848704,3.379299738739));
#1017 = CARTESIAN_POINT('',(8.859249533329,3.307889867233));
#1018 = CARTESIAN_POINT('',(8.808004382336,3.23303608084));
#1019 = CARTESIAN_POINT('',(8.759718143599,3.155635351911));
#1020 = CARTESIAN_POINT('',(8.713948522399,3.076373695048));
#1021 = CARTESIAN_POINT('',(8.670363957394,2.995656203615));
#1022 = CARTESIAN_POINT('',(8.628634047882,2.913700048855));
#1023 = CARTESIAN_POINT('',(8.528492533746,2.706408611955));
#1024 = CARTESIAN_POINT('',(8.472177077479,2.579994108722));
#1025 = CARTESIAN_POINT('',(8.418672707152,2.451858611497));
#1026 = CARTESIAN_POINT('',(8.367474527098,2.322395647146));
#1027 = CARTESIAN_POINT('',(8.318157313135,2.191899161079));
#1028 = CARTESIAN_POINT('',(8.270321210977,2.060585514383));
#1029 = CARTESIAN_POINT('',(8.223562282998,1.928595394093));
#1030 = CARTESIAN_POINT('',(8.159700009642,1.745579207387));
#1031 = CARTESIAN_POINT('',(8.14217088872,1.695052984307));
#1032 = CARTESIAN_POINT('',(8.124687502602,1.644462743985));
#1033 = CARTESIAN_POINT('',(8.107216143122,1.59381856479));
#1034 = CARTESIAN_POINT('',(8.089719154528,1.543131936758));
#1035 = CARTESIAN_POINT('',(8.072152912916,1.492416150939));
#1036 = CARTESIAN_POINT('',(8.054464538264,1.441686919533));
#1037 = CARTESIAN_POINT('',(8.00495740775,1.301218356969));
#1038 = CARTESIAN_POINT('',(7.972926819387,1.212029280314));
#1039 = CARTESIAN_POINT('',(7.939929069671,1.122926299724));
#1040 = CARTESIAN_POINT('',(7.905401201944,1.033804820741));
#1041 = CARTESIAN_POINT('',(7.868597215708,0.945027906416));
#1042 = CARTESIAN_POINT('',(7.828582753343,0.857369939755));
#1043 = CARTESIAN_POINT('',(7.783640490853,0.772309713373));
#1044 = CARTESIAN_POINT('',(7.701923357589,0.648596902978));
#1045 = CARTESIAN_POINT('',(7.670689598764,0.606316235013));
#1046 = CARTESIAN_POINT('',(7.636825278667,0.566253414517));
#1047 = CARTESIAN_POINT('',(7.600244392027,0.529333651302));
#1048 = CARTESIAN_POINT('',(7.560964774394,0.496341832996));
#1049 = CARTESIAN_POINT('',(7.519348045529,0.467537425481));
#1050 = CARTESIAN_POINT('',(7.476077898064,0.442806927771));
#1051 = CARTESIAN_POINT('',(7.405057507623,0.408962736014));
#1052 = CARTESIAN_POINT('',(7.377684365644,0.397466680915));
#1053 = CARTESIAN_POINT('',(7.350046395841,0.387234804775));
#1054 = CARTESIAN_POINT('',(7.322226853892,0.378137127586));
#1055 = CARTESIAN_POINT('',(7.294291874938,0.370043304996));
#1056 = CARTESIAN_POINT('',(7.26628904472,0.362833603955));
#1057 = CARTESIAN_POINT('',(7.238246926583,0.356402554728));
#1058 = CARTESIAN_POINT('',(7.151138872186,0.338568235877));
#1059 = CARTESIAN_POINT('',(7.092054956485,0.329522990789));
#1060 = CARTESIAN_POINT('',(7.033003144235,0.322627375109));
#1061 = CARTESIAN_POINT('',(6.974041375473,0.3173187725));
#1062 = CARTESIAN_POINT('',(6.915199461739,0.313206806067));
#1063 = CARTESIAN_POINT('',(6.856477627253,0.310005342961));
#1064 = CARTESIAN_POINT('',(6.797845905797,0.307507590496));
#1065 = CARTESIAN_POINT('',(6.682083649748,0.303656745199));
#1066 = CARTESIAN_POINT('',(6.624994453565,0.302278256094));
#1067 = CARTESIAN_POINT('',(6.567958214906,0.30127987614));
#1068 = CARTESIAN_POINT('',(6.510963205831,0.300565389949));
#1069 = CARTESIAN_POINT('',(6.453998811925,0.300070698376));
#1070 = CARTESIAN_POINT('',(6.397054676494,0.299754887344));
#1071 = CARTESIAN_POINT('',(6.34012033035,0.299596747966));
#1072 = CARTESIAN_POINT('',(6.28318530718,0.299596747966));
#1073 = ( GEOMETRIC_REPRESENTATION_CONTEXT(2) 
PARAMETRIC_REPRESENTATION_CONTEXT() REPRESENTATION_CONTEXT('2D SPACE',''
  ) );
#1074 = ORIENTED_EDGE('',*,*,#1075,.F.);
#1075 = EDGE_CURVE('',#243,#862,#1076,.T.);
#1076 = SEAM_CURVE('',#1077,(#1082,#1089),.PCURVE_S1.);
#1077 = CIRCLE('',#1078,10.9);
#1078 = AXIS2_PLACEMENT_3D('',#1079,#1080,#1081);
#1079 = CARTESIAN_POINT('',(0.,2.204364238465E-16,-2.447335932204E-32));
#1080 = DIRECTION('',(0.,-1.,1.110223024625E-16));
#1081 = DIRECTION('',(1.,0.,0.));
#1082 = PCURVE('',#94,#1083);
#1083 = DEFINITIONAL_REPRESENTATION('',(#1084),#1088);
#1084 = LINE('',#1085,#1086);
#1085 = CARTESIAN_POINT('',(0.,0.));
#1086 = VECTOR('',#1087,1.);
#1087 = DIRECTION('',(1.,0.));
#1088 = ( GEOMETRIC_REPRESENTATION_CONTEXT(2) 
PARAMETRIC_REPRESENTATION_CONTEXT() REPRESENTATION_CONTEXT('2D SPACE',''
  ) );
#1089 = PCURVE('',#94,#1090);
#1090 = DEFINITIONAL_REPRESENTATION('',(#1091),#1095);
#1091 = LINE('',#1092,#1093);
#1092 = CARTESIAN_POINT('',(0.,6.28318530718));
#1093 = VECTOR('',#1094,1.);
#1094 = DIRECTION('',(1.,0.));
#1095 = ( GEOMETRIC_REPRESENTATION_CONTEXT(2) 
PARAMETRIC_REPRESENTATION_CONTEXT() REPRESENTATION_CONTEXT('2D SPACE',''
  ) );
#1096 = ORIENTED_EDGE('',*,*,#266,.F.);
#1097 = ORIENTED_EDGE('',*,*,#1075,.T.);
#1098 = ORIENTED_EDGE('',*,*,#1099,.T.);
#1099 = EDGE_CURVE('',#862,#1100,#1102,.T.);
#1100 = VERTEX_POINT('',#1101);
#1101 = CARTESIAN_POINT('',(3.16532447656,-0.206262135153,10.40524335742
    ));
#1102 = SURFACE_CURVE('',#1103,(#1176,#1252),.PCURVE_S1.);
#1103 = B_SPLINE_CURVE_WITH_KNOTS('',8,(#1104,#1105,#1106,#1107,#1108,
    #1109,#1110,#1111,#1112,#1113,#1114,#1115,#1116,#1117,#1118,#1119,
    #1120,#1121,#1122,#1123,#1124,#1125,#1126,#1127,#1128,#1129,#1130,
    #1131,#1132,#1133,#1134,#1135,#1136,#1137,#1138,#1139,#1140,#1141,
    #1142,#1143,#1144,#1145,#1146,#1147,#1148,#1149,#1150,#1151,#1152,
    #1153,#1154,#1155,#1156,#1157,#1158,#1159,#1160,#1161,#1162,#1163,
    #1164,#1165,#1166,#1167,#1168,#1169,#1170,#1171,#1172,#1173,#1174,
    #1175),.UNSPECIFIED.,.F.,.F.,(9,7,7,7,7,7,7,7,7,7,9),(0.,
    0.101158474875,0.205801277756,0.25540337296,0.322912523071,
    0.453000974184,0.567973328046,0.735172825501,0.855005790419,
    0.944745894849,1.),.UNSPECIFIED.);
#1104 = CARTESIAN_POINT('',(6.500241951221,9.992007221626E-16,
    8.749677398373));
#1105 = CARTESIAN_POINT('',(6.500241951221,-4.793816827076E-02,
    8.749677398373));
#1106 = CARTESIAN_POINT('',(6.497676970347,-9.587579718814E-02,
    8.747947616727));
#1107 = CARTESIAN_POINT('',(6.492547415794,-0.143589206159,
    8.744487819378));
#1108 = CARTESIAN_POINT('',(6.484855340823,-0.190854625634,
    8.739325036838));
#1109 = CARTESIAN_POINT('',(6.474605818924,-0.237449803739,
    8.732512319234));
#1110 = CARTESIAN_POINT('',(6.461804789166,-0.283155782584,
    8.724131227169));
#1111 = CARTESIAN_POINT('',(6.446453372737,-0.327758844229,
    8.714298058374));
#1112 = CARTESIAN_POINT('',(6.410006889742,-0.415837630354,
    8.691666395546));
#1113 = CARTESIAN_POINT('',(6.388745841587,-0.459188617475,
    8.678785920221));
#1114 = CARTESIAN_POINT('',(6.364732314258,-0.50091687171,8.664705925082
    ));
#1115 = CARTESIAN_POINT('',(6.337926512484,-0.540809880853,
    8.649650387305));
#1116 = CARTESIAN_POINT('',(6.308266508459,-0.578637940671,
    8.633924232007));
#1117 = CARTESIAN_POINT('',(6.275663660981,-0.614166509836,
    8.617939931727));
#1118 = CARTESIAN_POINT('',(6.239967071783,-0.647172591352,8.60227405558
    ));
#1119 = CARTESIAN_POINT('',(6.182330325183,-0.691821674444,
    8.580920869407));
#1120 = CARTESIAN_POINT('',(6.163042413528,-0.705560525323,
    8.574323443633));
#1121 = CARTESIAN_POINT('',(6.142970241229,-0.71866036807,8.568087423518
    ));
#1122 = CARTESIAN_POINT('',(6.122087004525,-0.731094349123,
    8.562321286862));
#1123 = CARTESIAN_POINT('',(6.100370412207,-0.742832322937,
    8.557154565288));
#1124 = CARTESIAN_POINT('',(6.077805542251,-0.753844960182,
    8.552736037371));
#1125 = CARTESIAN_POINT('',(6.054390420512,-0.764108003404,
    8.549225467936));
#1126 = CARTESIAN_POINT('',(5.997145039315,-0.786534489339,
    8.543449071295));
#1127 = CARTESIAN_POINT('',(5.962501347601,-0.798087586459,
    8.542079760969));
#1128 = CARTESIAN_POINT('',(5.926443879565,-0.808135174191,
    8.543101292461));
#1129 = CARTESIAN_POINT('',(5.889241327068,-0.816659162228,8.54687151458
    ));
#1130 = CARTESIAN_POINT('',(5.851198972779,-0.823752950105,
    8.553553186783));
#1131 = CARTESIAN_POINT('',(5.812664524147,-0.82957307888,8.563051363698
    ));
#1132 = CARTESIAN_POINT('',(5.774027568003,-0.834286581217,
    8.575032697504));
#1133 = CARTESIAN_POINT('',(5.661840700317,-0.84532212114,8.616056846063
    ));
#1134 = CARTESIAN_POINT('',(5.589145186878,-0.849082284489,8.65061183956
    ));
#1135 = CARTESIAN_POINT('',(5.517910876022,-0.850774358739,
    8.690426713793));
#1136 = CARTESIAN_POINT('',(5.448080654795,-0.851108738357,
    8.733301390523));
#1137 = CARTESIAN_POINT('',(5.379658968711,-0.850380006054,
    8.778115275268));
#1138 = CARTESIAN_POINT('',(5.312440572675,-0.848822150002,
    8.824083814297));
#1139 = CARTESIAN_POINT('',(5.246027054182,-0.846523481038,
    8.870961268968));
#1140 = CARTESIAN_POINT('',(5.121245390649,-0.840836385562,
    8.961106389889));
#1141 = CARTESIAN_POINT('',(5.063177369211,-0.837620808993,
    9.003916560653));
#1142 = CARTESIAN_POINT('',(5.005463372252,-0.833893616058,
    9.047054272784));
#1143 = CARTESIAN_POINT('',(4.94802737579,-0.82966461528,9.090390385584)
  );
#1144 = CARTESIAN_POINT('',(4.890818365634,-0.824929041903,
    9.133833209989));
#1145 = CARTESIAN_POINT('',(4.83379771941,-0.819674319381,9.17731296991)
  );
#1146 = CARTESIAN_POINT('',(4.776933266037,-0.813882153008,9.22077441441
    ));
#1147 = CARTESIAN_POINT('',(4.637695233832,-0.798282403104,
    9.327296994638));
#1148 = CARTESIAN_POINT('',(4.555488108504,-0.78784866063,9.39027685274)
  );
#1149 = CARTESIAN_POINT('',(4.473507886113,-0.776146641066,
    9.452984741346));
#1150 = CARTESIAN_POINT('',(4.391735880948,-0.763073748554,
    9.515320481981));
#1151 = CARTESIAN_POINT('',(4.310187585105,-0.748505371121,
    9.577193488095));
#1152 = CARTESIAN_POINT('',(4.228906859078,-0.732293711945,
    9.638514259386));
#1153 = CARTESIAN_POINT('',(4.147967953819,-0.71425848839,9.69919020381)
  );
#1154 = CARTESIAN_POINT('',(4.009795663504,-0.679763914274,
    9.802065168212));
#1155 = CARTESIAN_POINT('',(3.952357434648,-0.664309019352,
    9.844617873589));
#1156 = CARTESIAN_POINT('',(3.895197818223,-0.647713609906,
    9.886742439432));
#1157 = CARTESIAN_POINT('',(3.838372950651,-0.629876636323,
    9.928392625046));
#1158 = CARTESIAN_POINT('',(3.781962865596,-0.610684055885,
    9.969508128793));
#1159 = CARTESIAN_POINT('',(3.726074845776,-0.5900034382,10.010012495878
    ));
#1160 = CARTESIAN_POINT('',(3.670850969143,-0.567671852736,
    10.049808408255));
#1161 = CARTESIAN_POINT('',(3.575762589635,-0.525358107971,
    10.117948048446));
#1162 = CARTESIAN_POINT('',(3.535550083172,-0.506205523392,
    10.146639044467));
#1163 = CARTESIAN_POINT('',(3.495901389124,-0.485924681702,
    10.174805351322));
#1164 = CARTESIAN_POINT('',(3.456919671773,-0.464410915068,
    10.202378693426));
#1165 = CARTESIAN_POINT('',(3.418750544432,-0.441552241624,
    10.229262657918));
#1166 = CARTESIAN_POINT('',(3.381586902449,-0.417225702339,
    10.255330269759));
#1167 = CARTESIAN_POINT('',(3.345680245377,-0.391287283952,
    10.280416997027));
#1168 = CARTESIAN_POINT('',(3.290226153026,-0.346480577293,
    10.319019906342));
#1169 = CARTESIAN_POINT('',(3.269707883106,-0.328736358786,
    10.333268563504));
#1170 = CARTESIAN_POINT('',(3.249877238671,-0.310279706432,
    10.347007452716));
#1171 = CARTESIAN_POINT('',(3.230832895923,-0.291072800703,
    10.360171891332));
#1172 = CARTESIAN_POINT('',(3.212698476868,-0.271084270134,
    10.372680690239));
#1173 = CARTESIAN_POINT('',(3.1956210348,-0.250291255601,10.384437341441
    ));
#1174 = CARTESIAN_POINT('',(3.179768195528,-0.22868233732,
    10.395331922202));
#1175 = CARTESIAN_POINT('',(3.165323954353,-0.206261324561,
    10.405243715765));
#1176 = PCURVE('',#94,#1177);
#1177 = DEFINITIONAL_REPRESENTATION('',(#1178),#1251);
#1178 = B_SPLINE_CURVE_WITH_KNOTS('',8,(#1179,#1180,#1181,#1182,#1183,
    #1184,#1185,#1186,#1187,#1188,#1189,#1190,#1191,#1192,#1193,#1194,
    #1195,#1196,#1197,#1198,#1199,#1200,#1201,#1202,#1203,#1204,#1205,
    #1206,#1207,#1208,#1209,#1210,#1211,#1212,#1213,#1214,#1215,#1216,
    #1217,#1218,#1219,#1220,#1221,#1222,#1223,#1224,#1225,#1226,#1227,
    #1228,#1229,#1230,#1231,#1232,#1233,#1234,#1235,#1236,#1237,#1238,
    #1239,#1240,#1241,#1242,#1243,#1244,#1245,#1246,#1247,#1248,#1249,
    #1250),.UNSPECIFIED.,.F.,.F.,(9,7,7,7,7,7,7,7,7,7,9),(0.,
    0.101158474875,0.205801277756,0.25540337296,0.322912523071,
    0.453000974184,0.567973328046,0.735172825501,0.855005790419,
    0.944745894849,1.),.UNSPECIFIED.);
#1179 = CARTESIAN_POINT('',(0.931846873906,0.));
#1180 = CARTESIAN_POINT('',(0.931846873906,5.326463141196E-02));
#1181 = CARTESIAN_POINT('',(0.931941132259,0.106528626282));
#1182 = CARTESIAN_POINT('',(0.932129603267,0.159773893518));
#1183 = CARTESIAN_POINT('',(0.932413901526,0.212981784225));
#1184 = CARTESIAN_POINT('',(0.932797120181,0.266131947544));
#1185 = CARTESIAN_POINT('',(0.933284141977,0.319200221939));
#1186 = CARTESIAN_POINT('',(0.933882443086,0.372155561935));
#1187 = CARTESIAN_POINT('',(0.935349168857,0.479575110267));
#1188 = CARTESIAN_POINT('',(0.936225640656,0.53398822778));
#1189 = CARTESIAN_POINT('',(0.937245790644,0.588192845355));
#1190 = CARTESIAN_POINT('',(0.938427066966,0.642140511406));
#1191 = CARTESIAN_POINT('',(0.939793602058,0.695728651201));
#1192 = CARTESIAN_POINT('',(0.94137815574,0.748793389605));
#1193 = CARTESIAN_POINT('',(0.943228181297,0.80108529899));
#1194 = CARTESIAN_POINT('',(0.946459564944,0.876443789098));
#1195 = CARTESIAN_POINT('',(0.947574919755,0.900399699365));
#1196 = CARTESIAN_POINT('',(0.948774514626,0.924034996708));
#1197 = CARTESIAN_POINT('',(0.950067007812,0.947286007761));
#1198 = CARTESIAN_POINT('',(0.951461930402,0.970066054263));
#1199 = CARTESIAN_POINT('',(0.952969331737,0.992266555779));
#1200 = CARTESIAN_POINT('',(0.95459882162,1.013761296413));
#1201 = CARTESIAN_POINT('',(0.958752288576,1.062522279313));
#1202 = CARTESIAN_POINT('',(0.961394458181,1.089160172292));
#1203 = CARTESIAN_POINT('',(0.964291618632,1.113800793984));
#1204 = CARTESIAN_POINT('',(0.967443158346,1.135999349624));
#1205 = CARTESIAN_POINT('',(0.970833456727,1.155474951632));
#1206 = CARTESIAN_POINT('',(0.974428019793,1.1721495145));
#1207 = CARTESIAN_POINT('',(0.978175114487,1.18613003676));
#1208 = CARTESIAN_POINT('',(0.9894142693,1.219762991275));
#1209 = CARTESIAN_POINT('',(0.997156133526,1.232655537783));
#1210 = CARTESIAN_POINT('',(1.005074886323,1.238587636664));
#1211 = CARTESIAN_POINT('',(1.013041495906,1.239708777559));
#1212 = CARTESIAN_POINT('',(1.020988939727,1.237148474741));
#1213 = CARTESIAN_POINT('',(1.02888695506,1.231818863926));
#1214 = CARTESIAN_POINT('',(1.036752065496,1.224211342172));
#1215 = CARTESIAN_POINT('',(1.051603585451,1.206090758457));
#1216 = CARTESIAN_POINT('',(1.058545666593,1.196066901535));
#1217 = CARTESIAN_POINT('',(1.065460148036,1.184773866582));
#1218 = CARTESIAN_POINT('',(1.072345286437,1.172375331591));
#1219 = CARTESIAN_POINT('',(1.079199641578,1.158981060692));
#1220 = CARTESIAN_POINT('',(1.086022124712,1.144669774738));
#1221 = CARTESIAN_POINT('',(1.092812013145,1.129499230867));
#1222 = CARTESIAN_POINT('',(1.109395234919,1.090241603092));
#1223 = CARTESIAN_POINT('',(1.119149357764,1.06524123354));
#1224 = CARTESIAN_POINT('',(1.128829177684,1.038615586444));
#1225 = CARTESIAN_POINT('',(1.138430571612,1.010402220682));
#1226 = CARTESIAN_POINT('',(1.147947546752,0.980592072048));
#1227 = CARTESIAN_POINT('',(1.15737225986,0.949138405658));
#1228 = CARTESIAN_POINT('',(1.166694716491,0.915949952202));
#1229 = CARTESIAN_POINT('',(1.182500820848,0.855732196413));
#1230 = CARTESIAN_POINT('',(1.189038794509,0.829627794569));
#1231 = CARTESIAN_POINT('',(1.195512169552,0.802500464734));
#1232 = CARTESIAN_POINT('',(1.201914719776,0.774276989676));
#1233 = CARTESIAN_POINT('',(1.208237829946,0.744871581786));
#1234 = CARTESIAN_POINT('',(1.214470210032,0.714179982516));
#1235 = CARTESIAN_POINT('',(1.220597180275,0.682065805757));
#1236 = CARTESIAN_POINT('',(1.231094544205,0.623082002891));
#1237 = CARTESIAN_POINT('',(1.235516744374,0.596936378832));
#1238 = CARTESIAN_POINT('',(1.239860321201,0.569813586374));
#1239 = CARTESIAN_POINT('',(1.244114750201,0.541617828363));
#1240 = CARTESIAN_POINT('',(1.248265104308,0.512248202106));
#1241 = CARTESIAN_POINT('',(1.252291661607,0.481592803478));
#1242 = CARTESIAN_POINT('',(1.256168805299,0.449514910096));
#1243 = CARTESIAN_POINT('',(1.262137910707,0.395091788612));
#1244 = CARTESIAN_POINT('',(1.264341906875,0.373756376806));
#1245 = CARTESIAN_POINT('',(1.266467759911,0.35178093116));
#1246 = CARTESIAN_POINT('',(1.268505386716,0.329127739365));
#1247 = CARTESIAN_POINT('',(1.270442130491,0.305765554161));
#1248 = CARTESIAN_POINT('',(1.272262941432,0.281670506471));
#1249 = CARTESIAN_POINT('',(1.273950673209,0.25682783129));
#1250 = CARTESIAN_POINT('',(1.27548649523,0.231234406342));
#1251 = ( GEOMETRIC_REPRESENTATION_CONTEXT(2) 
PARAMETRIC_REPRESENTATION_CONTEXT() REPRESENTATION_CONTEXT('2D SPACE',''
  ) );
#1252 = PCURVE('',#1001,#1253);
#1253 = DEFINITIONAL_REPRESENTATION('',(#1254),#1327);
#1254 = B_SPLINE_CURVE_WITH_KNOTS('',8,(#1255,#1256,#1257,#1258,#1259,
    #1260,#1261,#1262,#1263,#1264,#1265,#1266,#1267,#1268,#1269,#1270,
    #1271,#1272,#1273,#1274,#1275,#1276,#1277,#1278,#1279,#1280,#1281,
    #1282,#1283,#1284,#1285,#1286,#1287,#1288,#1289,#1290,#1291,#1292,
    #1293,#1294,#1295,#1296,#1297,#1298,#1299,#1300,#1301,#1302,#1303,
    #1304,#1305,#1306,#1307,#1308,#1309,#1310,#1311,#1312,#1313,#1314,
    #1315,#1316,#1317,#1318,#1319,#1320,#1321,#1322,#1323,#1324,#1325,
    #1326),.UNSPECIFIED.,.F.,.F.,(9,7,7,7,7,7,7,7,7,7,9),(0.,
    0.101158474875,0.205801277756,0.25540337296,0.322912523071,
    0.453000974184,0.567973328046,0.735172825501,0.855005790419,
    0.944745894849,0.999999750298),.UNSPECIFIED.);
#1255 = CARTESIAN_POINT('',(6.28318530718,0.299596747966));
#1256 = CARTESIAN_POINT('',(6.226787462155,0.299596747966));
#1257 = CARTESIAN_POINT('',(6.170390238646,0.299751911174));
#1258 = CARTESIAN_POINT('',(6.113983497896,0.300061806026));
#1259 = CARTESIAN_POINT('',(6.05755708857,0.300546824976));
#1260 = CARTESIAN_POINT('',(6.00110095028,0.301246364033));
#1261 = CARTESIAN_POINT('',(5.944604762391,0.302222108236));
#1262 = CARTESIAN_POINT('',(5.888057138107,0.303566423057));
#1263 = CARTESIAN_POINT('',(5.772881604877,0.307328982592));
#1264 = CARTESIAN_POINT('',(5.714292273914,0.309781231225));
#1265 = CARTESIAN_POINT('',(5.655613931334,0.312925351511));
#1266 = CARTESIAN_POINT('',(5.596817151732,0.316964402354));
#1267 = CARTESIAN_POINT('',(5.537901480672,0.32217948053));
#1268 = CARTESIAN_POINT('',(5.478894826828,0.328953748793));
#1269 = CARTESIAN_POINT('',(5.419851914277,0.337839001394));
#1270 = CARTESIAN_POINT('',(5.332878496126,0.355338500415));
#1271 = CARTESIAN_POINT('',(5.304936290968,0.36163330679));
#1272 = CARTESIAN_POINT('',(5.277029859706,0.368687794077));
#1273 = CARTESIAN_POINT('',(5.2491860456,0.376604826775));
#1274 = CARTESIAN_POINT('',(5.221449941707,0.385501404906));
#1275 = CARTESIAN_POINT('',(5.193884502616,0.395505504547));
#1276 = CARTESIAN_POINT('',(5.166569305874,0.406746122042));
#1277 = CARTESIAN_POINT('',(5.102890766321,0.436472233448));
#1278 = CARTESIAN_POINT('',(5.066704043542,0.456163000214));
#1279 = CARTESIAN_POINT('',(5.031501139461,0.47861470623));
#1280 = CARTESIAN_POINT('',(4.997683169623,0.503952415423));
#1281 = CARTESIAN_POINT('',(4.965535659242,0.532123165759));
#1282 = CARTESIAN_POINT('',(4.935215263682,0.562842376471));
#1283 = CARTESIAN_POINT('',(4.906774367334,0.595609617201));
#1284 = CARTESIAN_POINT('',(4.829052905481,0.69574105666));
#1285 = CARTESIAN_POINT('',(4.784904918877,0.767002359521));
#1286 = CARTESIAN_POINT('',(4.745976464772,0.841594845421));
#1287 = CARTESIAN_POINT('',(4.710572679335,0.917792719542));
#1288 = CARTESIAN_POINT('',(4.677837220314,0.994696838988));
#1289 = CARTESIAN_POINT('',(4.646993972649,1.071802707832));
#1290 = CARTESIAN_POINT('',(4.617468268993,1.149152782665));
#1291 = CARTESIAN_POINT('',(4.563244187916,1.296137877521));
#1292 = CARTESIAN_POINT('',(4.538530720402,1.365226826995));
#1293 = CARTESIAN_POINT('',(4.514278300107,1.434365394876));
#1294 = CARTESIAN_POINT('',(4.490307043907,1.503495882993));
#1295 = CARTESIAN_POINT('',(4.466485899521,1.57257554861));
#1296 = CARTESIAN_POINT('',(4.442708576666,1.641571744282));
#1297 = CARTESIAN_POINT('',(4.418881867944,1.710459571906));
#1298 = CARTESIAN_POINT('',(4.360088862848,1.879220455411));
#1299 = CARTESIAN_POINT('',(4.324986858269,1.978928617089));
#1300 = CARTESIAN_POINT('',(4.289375095579,2.078283061409));
#1301 = CARTESIAN_POINT('',(4.253063630279,2.177214857016));
#1302 = CARTESIAN_POINT('',(4.215877687506,2.275642239413));
#1303 = CARTESIAN_POINT('',(4.177641072997,2.373467292062));
#1304 = CARTESIAN_POINT('',(4.138162048535,2.470571390757));
#1305 = CARTESIAN_POINT('',(4.067843245869,2.635774736468));
#1306 = CARTESIAN_POINT('',(4.03773172879,2.704279838082));
#1307 = CARTESIAN_POINT('',(4.006775164658,2.772275260612));
#1308 = CARTESIAN_POINT('',(3.974873538368,2.839690329646));
#1309 = CARTESIAN_POINT('',(3.941917873363,2.906428783677));
#1310 = CARTESIAN_POINT('',(3.907782705694,2.972365089237));
#1311 = CARTESIAN_POINT('',(3.872310852015,3.037336145118));
#1312 = CARTESIAN_POINT('',(3.807566774525,3.148900884976));
#1313 = CARTESIAN_POINT('',(3.778992007436,3.19598118567));
#1314 = CARTESIAN_POINT('',(3.749467130982,3.242303447583));
#1315 = CARTESIAN_POINT('',(3.718886979121,3.287751151677));
#1316 = CARTESIAN_POINT('',(3.687141857494,3.332159799675));
#1317 = CARTESIAN_POINT('',(3.654110842677,3.375312074337));
#1318 = CARTESIAN_POINT('',(3.619646782244,3.416925450395));
#1319 = CARTESIAN_POINT('',(3.561329700041,3.481080122773));
#1320 = CARTESIAN_POINT('',(3.538502287569,3.504789906642));
#1321 = CARTESIAN_POINT('',(3.515023388928,3.527679308646));
#1322 = CARTESIAN_POINT('',(3.49085252204,3.549637378582));
#1323 = CARTESIAN_POINT('',(3.465956016157,3.570524994096));
#1324 = CARTESIAN_POINT('',(3.44030780614,3.590176719415));
#1325 = CARTESIAN_POINT('',(3.413891096924,3.608404043838));
#1326 = CARTESIAN_POINT('',(3.38670089817,3.625));
#1327 = ( GEOMETRIC_REPRESENTATION_CONTEXT(2) 
PARAMETRIC_REPRESENTATION_CONTEXT() REPRESENTATION_CONTEXT('2D SPACE',''
  ) );
#1328 = ORIENTED_EDGE('',*,*,#1329,.F.);
#1329 = EDGE_CURVE('',#798,#1100,#1330,.T.);
#1330 = SURFACE_CURVE('',#1331,(#1339,#1350),.PCURVE_S1.);
#1331 = B_SPLINE_CURVE_WITH_KNOTS('',6,(#1332,#1333,#1334,#1335,#1336,
    #1337,#1338),.UNSPECIFIED.,.F.,.F.,(7,7),(0.,1.),
  .PIECEWISE_BEZIER_KNOTS.);
#1332 = CARTESIAN_POINT('',(3.189061328523,1.110223024625E-15,
    10.423045996393));
#1333 = CARTESIAN_POINT('',(3.189061328523,-9.830362612827E-02,
    10.423045996393));
#1334 = CARTESIAN_POINT('',(3.17630038112,-0.196669355138,10.41347528584
    ));
#1335 = CARTESIAN_POINT('',(3.150752986604,-0.292287911677,
    10.394314739953));
#1336 = CARTESIAN_POINT('',(3.113370600686,-0.382741402444,
    10.366277950515));
#1337 = CARTESIAN_POINT('',(3.065545033186,-0.466180340968,
    10.330408774889));
#1338 = CARTESIAN_POINT('',(3.009,-0.541326802453,10.288));
#1339 = PCURVE('',#94,#1340);
#1340 = DEFINITIONAL_REPRESENTATION('',(#1341),#1349);
#1341 = B_SPLINE_CURVE_WITH_KNOTS('',6,(#1342,#1343,#1344,#1345,#1346,
    #1347,#1348),.UNSPECIFIED.,.F.,.F.,(7,7),(0.,1.),
  .PIECEWISE_BEZIER_KNOTS.);
#1342 = CARTESIAN_POINT('',(1.273878354949,0.));
#1343 = CARTESIAN_POINT('',(1.273878354949,0.109226251254));
#1344 = CARTESIAN_POINT('',(1.274740991029,0.218520324662));
#1345 = CARTESIAN_POINT('',(1.27646778121,0.327114823332));
#1346 = CARTESIAN_POINT('',(1.279010466444,0.434652181039));
#1347 = CARTESIAN_POINT('',(1.282303407242,0.540830354724));
#1348 = CARTESIAN_POINT('',(1.286255879447,0.645345166228));
#1349 = ( GEOMETRIC_REPRESENTATION_CONTEXT(2) 
PARAMETRIC_REPRESENTATION_CONTEXT() REPRESENTATION_CONTEXT('2D SPACE',''
  ) );
#1350 = PCURVE('',#845,#1351);
#1351 = DEFINITIONAL_REPRESENTATION('',(#1352),#1360);
#1352 = B_SPLINE_CURVE_WITH_KNOTS('',6,(#1353,#1354,#1355,#1356,#1357,
    #1358,#1359),.UNSPECIFIED.,.F.,.F.,(7,7),(0.,1.),
  .PIECEWISE_BEZIER_KNOTS.);
#1353 = CARTESIAN_POINT('',(-0.794923339346,1.110223024625E-15));
#1354 = CARTESIAN_POINT('',(-0.794923339346,-9.830362612827E-02));
#1355 = CARTESIAN_POINT('',(-0.810874523601,-0.196669355138));
#1356 = CARTESIAN_POINT('',(-0.842808766745,-0.292287911677));
#1357 = CARTESIAN_POINT('',(-0.889536749142,-0.382741402444));
#1358 = CARTESIAN_POINT('',(-0.949318708518,-0.466180340968));
#1359 = CARTESIAN_POINT('',(-1.02,-0.541326802453));
#1360 = ( GEOMETRIC_REPRESENTATION_CONTEXT(2) 
PARAMETRIC_REPRESENTATION_CONTEXT() REPRESENTATION_CONTEXT('2D SPACE',''
  ) );
#1361 = ORIENTED_EDGE('',*,*,#797,.T.);
#1362 = ORIENTED_EDGE('',*,*,#1363,.T.);
#1363 = EDGE_CURVE('',#584,#560,#1364,.T.);
#1364 = SURFACE_CURVE('',#1365,(#1431,#1500),.PCURVE_S1.);
#1365 = B_SPLINE_CURVE_WITH_KNOTS('',8,(#1366,#1367,#1368,#1369,#1370,
    #1371,#1372,#1373,#1374,#1375,#1376,#1377,#1378,#1379,#1380,#1381,
    #1382,#1383,#1384,#1385,#1386,#1387,#1388,#1389,#1390,#1391,#1392,
    #1393,#1394,#1395,#1396,#1397,#1398,#1399,#1400,#1401,#1402,#1403,
    #1404,#1405,#1406,#1407,#1408,#1409,#1410,#1411,#1412,#1413,#1414,
    #1415,#1416,#1417,#1418,#1419,#1420,#1421,#1422,#1423,#1424,#1425,
    #1426,#1427,#1428,#1429,#1430),.UNSPECIFIED.,.F.,.F.,(9,7,7,7,7,7,7,
    7,7,9),(0.,4.08634426447E-02,0.119543734501,0.232990406054,
    0.504255791958,0.693895316564,0.789345547362,0.849943768165,
    0.941973265962,1.),.UNSPECIFIED.);
#1366 = CARTESIAN_POINT('',(2.078460969083,1.198141008072E-15,10.7));
#1367 = CARTESIAN_POINT('',(2.078460969083,-1.66356580565E-02,10.7));
#1368 = CARTESIAN_POINT('',(2.076617975085,-3.327779505007E-02,10.7));
#1369 = CARTESIAN_POINT('',(2.072929661091,-4.979729783787E-02,10.7));
#1370 = CARTESIAN_POINT('',(2.067460486588,-6.608881099091E-02,10.7));
#1371 = CARTESIAN_POINT('',(2.060319473448,-8.206799345489E-02,10.7));
#1372 = CARTESIAN_POINT('',(2.051642320577,-9.766910177755E-02,10.7));
#1373 = CARTESIAN_POINT('',(2.041577856303,-0.112842899902,10.7));
#1374 = CARTESIAN_POINT('',(2.008523177315,-0.15588202694,10.7));
#1375 = CARTESIAN_POINT('',(1.982226023051,-0.182450483026,10.7));
#1376 = CARTESIAN_POINT('',(1.952322406384,-0.207259418131,10.7));
#1377 = CARTESIAN_POINT('',(1.919613485444,-0.230367433487,10.7));
#1378 = CARTESIAN_POINT('',(1.884747114308,-0.251875832841,10.7));
#1379 = CARTESIAN_POINT('',(1.848202329649,-0.271915081029,10.7));
#1380 = CARTESIAN_POINT('',(1.81027774554,-0.290634465518,10.7));
#1381 = CARTESIAN_POINT('',(1.714571403819,-0.333514894318,10.7));
#1382 = CARTESIAN_POINT('',(1.655654402957,-0.356320818045,10.7));
#1383 = CARTESIAN_POINT('',(1.594952374818,-0.377013206467,10.7));
#1384 = CARTESIAN_POINT('',(1.53289092131,-0.395842967542,10.7));
#1385 = CARTESIAN_POINT('',(1.469785295275,-0.413014141627,10.7));
#1386 = CARTESIAN_POINT('',(1.405856298717,-0.428704803128,10.7));
#1387 = CARTESIAN_POINT('',(1.341224033402,-0.44305968618,10.7));
#1388 = CARTESIAN_POINT('',(1.119786820824,-0.487647474966,10.7));
#1389 = CARTESIAN_POINT('',(0.960401213696,-0.512074151875,10.7));
#1390 = CARTESIAN_POINT('',(0.798954838928,-0.531178401975,10.7));
#1391 = CARTESIAN_POINT('',(0.636189318797,-0.545650400737,10.7));
#1392 = CARTESIAN_POINT('',(0.47268853245,-0.556107844014,10.7));
#1393 = CARTESIAN_POINT('',(0.308787980289,-0.562839138611,10.7));
#1394 = CARTESIAN_POINT('',(0.144670490798,-0.566037193962,10.7));
#1395 = CARTESIAN_POINT('',(-0.134583872913,-0.565401435269,10.7));
#1396 = CARTESIAN_POINT('',(-0.249445125259,-0.563394327204,10.7));
#1397 = CARTESIAN_POINT('',(-0.364208269348,-0.559640332771,10.7));
#1398 = CARTESIAN_POINT('',(-0.478786314263,-0.554090709703,10.7));
#1399 = CARTESIAN_POINT('',(-0.593067566474,-0.546658939303,10.7));
#1400 = CARTESIAN_POINT('',(-0.706914697471,-0.537215745079,10.7));
#1401 = CARTESIAN_POINT('',(-0.820160622712,-0.525569525652,10.7));
#1402 = CARTESIAN_POINT('',(-0.989195292202,-0.504316539674,10.7));
#1403 = CARTESIAN_POINT('',(-1.045574947913,-0.496570902698,10.7));
#1404 = CARTESIAN_POINT('',(-1.101715822968,-0.488158647811,10.7));
#1405 = CARTESIAN_POINT('',(-1.157582936564,-0.479036755299,10.7));
#1406 = CARTESIAN_POINT('',(-1.213130779605,-0.469155865844,10.7));
#1407 = CARTESIAN_POINT('',(-1.268302523351,-0.458458424913,10.7));
#1408 = CARTESIAN_POINT('',(-1.323028320286,-0.446874934625,10.7));
#1409 = CARTESIAN_POINT('',(-1.411628929524,-0.426346525968,10.7));
#1410 = CARTESIAN_POINT('',(-1.445817017072,-0.417983543296,10.7));
#1411 = CARTESIAN_POINT('',(-1.479765910968,-0.409206548662,10.7));
#1412 = CARTESIAN_POINT('',(-1.513448643474,-0.399991146113,10.7));
#1413 = CARTESIAN_POINT('',(-1.546831581042,-0.390310359273,10.7));
#1414 = CARTESIAN_POINT('',(-1.579873677379,-0.380133630431,10.7));
#1415 = CARTESIAN_POINT('',(-1.61252572651,-0.369425819636,10.7));
#1416 = CARTESIAN_POINT('',(-1.693637120431,-0.341016041079,10.7));
#1417 = CARTESIAN_POINT('',(-1.741373934271,-0.322615023953,10.7));
#1418 = CARTESIAN_POINT('',(-1.787893607745,-0.302757530931,10.7));
#1419 = CARTESIAN_POINT('',(-1.832956220271,-0.281256405008,10.7));
#1420 = CARTESIAN_POINT('',(-1.876108692816,-0.257915339602,10.7));
#1421 = CARTESIAN_POINT('',(-1.916704435786,-0.232544837054,10.7));
#1422 = CARTESIAN_POINT('',(-1.953893152929,-0.204958320896,10.7));
#1423 = CARTESIAN_POINT('',(-2.007078323455,-0.155955656162,10.7));
#1424 = CARTESIAN_POINT('',(-2.02583357541,-0.136020161677,10.7));
#1425 = CARTESIAN_POINT('',(-2.042404451685,-0.115106950384,10.7));
#1426 = CARTESIAN_POINT('',(-2.056363651982,-9.326984968374E-02,10.7));
#1427 = CARTESIAN_POINT('',(-2.067272999048,-7.061835441363E-02,10.7));
#1428 = CARTESIAN_POINT('',(-2.074731544293,-4.732932471861E-02,10.7));
#1429 = CARTESIAN_POINT('',(-2.078460969083,-2.366472025497E-02,10.7));
#1430 = CARTESIAN_POINT('',(-2.078460969083,1.198141008072E-15,10.7));
#1431 = PCURVE('',#94,#1432);
#1432 = DEFINITIONAL_REPRESENTATION('',(#1433),#1499);
#1433 = B_SPLINE_CURVE_WITH_KNOTS('',8,(#1434,#1435,#1436,#1437,#1438,
    #1439,#1440,#1441,#1442,#1443,#1444,#1445,#1446,#1447,#1448,#1449,
    #1450,#1451,#1452,#1453,#1454,#1455,#1456,#1457,#1458,#1459,#1460,
    #1461,#1462,#1463,#1464,#1465,#1466,#1467,#1468,#1469,#1470,#1471,
    #1472,#1473,#1474,#1475,#1476,#1477,#1478,#1479,#1480,#1481,#1482,
    #1483,#1484,#1485,#1486,#1487,#1488,#1489,#1490,#1491,#1492,#1493,
    #1494,#1495,#1496,#1497,#1498),.UNSPECIFIED.,.F.,.F.,(9,7,7,7,7,7,7,
    7,7,9),(0.,4.08634426447E-02,0.119543734501,0.232990406054,
    0.504255791958,0.693895316564,0.789345547362,0.849943768165,
    0.941973265962,1.),.UNSPECIFIED.);
#1434 = CARTESIAN_POINT('',(1.378936940594,0.));
#1435 = CARTESIAN_POINT('',(1.378936940594,1.848406450722E-02));
#1436 = CARTESIAN_POINT('',(1.379102920761,3.69753215375E-02));
#1437 = CARTESIAN_POINT('',(1.379435087881,5.533996325379E-02));
#1438 = CARTESIAN_POINT('',(1.379927701473,7.347054053839E-02));
#1439 = CARTESIAN_POINT('',(1.380571060249,9.128155926367E-02));
#1440 = CARTESIAN_POINT('',(1.381353093839,0.108706051825));
#1441 = CARTESIAN_POINT('',(1.382260559805,0.125693123937));
#1442 = CARTESIAN_POINT('',(1.385242424788,0.174002021313));
#1443 = CARTESIAN_POINT('',(1.387616358866,0.203988932686));
#1444 = CARTESIAN_POINT('',(1.390318519731,0.23218252595));
#1445 = CARTESIAN_POINT('',(1.393277715327,0.258643473657));
#1446 = CARTESIAN_POINT('',(1.396436268973,0.283469128692));
#1447 = CARTESIAN_POINT('',(1.399751402831,0.306786118878));
#1448 = CARTESIAN_POINT('',(1.403196425795,0.328744213254));
#1449 = CARTESIAN_POINT('',(1.411902421333,0.379455108802));
#1450 = CARTESIAN_POINT('',(1.417271846759,0.40679911517));
#1451 = CARTESIAN_POINT('',(1.422814754033,0.431944671809));
#1452 = CARTESIAN_POINT('',(1.42849287433,0.45512679257));
#1453 = CARTESIAN_POINT('',(1.434277541938,0.47653213332));
#1454 = CARTESIAN_POINT('',(1.440148431271,0.496323964284));
#1455 = CARTESIAN_POINT('',(1.446094274131,0.51463417563));
#1456 = CARTESIAN_POINT('',(1.466499194016,0.57210706986));
#1457 = CARTESIAN_POINT('',(1.481242627144,0.604696120873));
#1458 = CARTESIAN_POINT('',(1.496227787606,0.630874814932));
#1459 = CARTESIAN_POINT('',(1.511377694847,0.651139884753));
#1460 = CARTESIAN_POINT('',(1.52662805957,0.665982724));
#1461 = CARTESIAN_POINT('',(1.541936745786,0.675608328544));
#1462 = CARTESIAN_POINT('',(1.557275770088,0.680176332657));
#1463 = CARTESIAN_POINT('',(1.583374220425,0.679268129444));
#1464 = CARTESIAN_POINT('',(1.594108395769,0.676401162905));
#1465 = CARTESIAN_POINT('',(1.604829144107,0.671041437773));
#1466 = CARTESIAN_POINT('',(1.615524575859,0.66315119013));
#1467 = CARTESIAN_POINT('',(1.62618056607,0.652666141059));
#1468 = CARTESIAN_POINT('',(1.636780768592,0.639490783719));
#1469 = CARTESIAN_POINT('',(1.647306373917,0.623477181214));
#1470 = CARTESIAN_POINT('',(1.662984901673,0.594778856732));
#1471 = CARTESIAN_POINT('',(1.668208812765,0.584392649281));
#1472 = CARTESIAN_POINT('',(1.673404728458,0.573198407125));
#1473 = CARTESIAN_POINT('',(1.678569076981,0.561160116714));
#1474 = CARTESIAN_POINT('',(1.683697352499,0.548236162747));
#1475 = CARTESIAN_POINT('',(1.68878405823,0.53437734167));
#1476 = CARTESIAN_POINT('',(1.69382257046,0.519522722694));
#1477 = CARTESIAN_POINT('',(1.70196805593,0.493480324114));
#1478 = CARTESIAN_POINT('',(1.705108189462,0.482935407135));
#1479 = CARTESIAN_POINT('',(1.708223363397,0.471937753188));
#1480 = CARTESIAN_POINT('',(1.711311086584,0.460465168146));
#1481 = CARTESIAN_POINT('',(1.714368275639,0.448492970979));
#1482 = CARTESIAN_POINT('',(1.717391193224,0.435992848763));
#1483 = CARTESIAN_POINT('',(1.720375386327,0.422931711687));
#1484 = CARTESIAN_POINT('',(1.727780914817,0.388523568833));
#1485 = CARTESIAN_POINT('',(1.732132314805,0.366450768443));
#1486 = CARTESIAN_POINT('',(1.736365918471,0.34286159448));
#1487 = CARTESIAN_POINT('',(1.740460226866,0.317570824393));
#1488 = CARTESIAN_POINT('',(1.744374591622,0.290388768148));
#1489 = CARTESIAN_POINT('',(1.748051281537,0.261134857883));
#1490 = CARTESIAN_POINT('',(1.751414743026,0.229625045037));
#1491 = CARTESIAN_POINT('',(1.756219702895,0.174119394253));
#1492 = CARTESIAN_POINT('',(1.757912661259,0.151642634139));
#1493 = CARTESIAN_POINT('',(1.759407246688,0.128164890018));
#1494 = CARTESIAN_POINT('',(1.760665385366,0.103743987462));
#1495 = CARTESIAN_POINT('',(1.761648129315,7.849253775984E-02));
#1496 = CARTESIAN_POINT('',(1.762319841222,5.258813838755E-02));
#1497 = CARTESIAN_POINT('',(1.762655712996,2.629413361663E-02));
#1498 = CARTESIAN_POINT('',(1.762655712996,0.));
#1499 = ( GEOMETRIC_REPRESENTATION_CONTEXT(2) 
PARAMETRIC_REPRESENTATION_CONTEXT() REPRESENTATION_CONTEXT('2D SPACE',''
  ) );
#1500 = PCURVE('',#723,#1501);
#1501 = DEFINITIONAL_REPRESENTATION('',(#1502),#1568);
#1502 = B_SPLINE_CURVE_WITH_KNOTS('',8,(#1503,#1504,#1505,#1506,#1507,
    #1508,#1509,#1510,#1511,#1512,#1513,#1514,#1515,#1516,#1517,#1518,
    #1519,#1520,#1521,#1522,#1523,#1524,#1525,#1526,#1527,#1528,#1529,
    #1530,#1531,#1532,#1533,#1534,#1535,#1536,#1537,#1538,#1539,#1540,
    #1541,#1542,#1543,#1544,#1545,#1546,#1547,#1548,#1549,#1550,#1551,
    #1552,#1553,#1554,#1555,#1556,#1557,#1558,#1559,#1560,#1561,#1562,
    #1563,#1564,#1565,#1566,#1567),.UNSPECIFIED.,.F.,.F.,(9,7,7,7,7,7,7,
    7,7,9),(0.,4.08634426447E-02,0.119543734501,0.232990406054,
    0.504255791958,0.693895316564,0.789345547362,0.849943768165,
    0.941973265962,1.),.UNSPECIFIED.);
#1503 = CARTESIAN_POINT('',(2.078460969083,1.110223024625E-15));
#1504 = CARTESIAN_POINT('',(2.078460969083,-1.66356580565E-02));
#1505 = CARTESIAN_POINT('',(2.076617975085,-3.327779505007E-02));
#1506 = CARTESIAN_POINT('',(2.072929661091,-4.979729783787E-02));
#1507 = CARTESIAN_POINT('',(2.067460486588,-6.608881099091E-02));
#1508 = CARTESIAN_POINT('',(2.060319473448,-8.206799345489E-02));
#1509 = CARTESIAN_POINT('',(2.051642320577,-9.766910177755E-02));
#1510 = CARTESIAN_POINT('',(2.041577856303,-0.112842899902));
#1511 = CARTESIAN_POINT('',(2.008523177315,-0.15588202694));
#1512 = CARTESIAN_POINT('',(1.982226023051,-0.182450483026));
#1513 = CARTESIAN_POINT('',(1.952322406384,-0.207259418131));
#1514 = CARTESIAN_POINT('',(1.919613485444,-0.230367433487));
#1515 = CARTESIAN_POINT('',(1.884747114308,-0.251875832841));
#1516 = CARTESIAN_POINT('',(1.848202329649,-0.271915081029));
#1517 = CARTESIAN_POINT('',(1.81027774554,-0.290634465518));
#1518 = CARTESIAN_POINT('',(1.714571403819,-0.333514894318));
#1519 = CARTESIAN_POINT('',(1.655654402957,-0.356320818045));
#1520 = CARTESIAN_POINT('',(1.594952374818,-0.377013206467));
#1521 = CARTESIAN_POINT('',(1.53289092131,-0.395842967542));
#1522 = CARTESIAN_POINT('',(1.469785295275,-0.413014141627));
#1523 = CARTESIAN_POINT('',(1.405856298717,-0.428704803128));
#1524 = CARTESIAN_POINT('',(1.341224033402,-0.44305968618));
#1525 = CARTESIAN_POINT('',(1.119786820824,-0.487647474966));
#1526 = CARTESIAN_POINT('',(0.960401213696,-0.512074151875));
#1527 = CARTESIAN_POINT('',(0.798954838928,-0.531178401975));
#1528 = CARTESIAN_POINT('',(0.636189318797,-0.545650400737));
#1529 = CARTESIAN_POINT('',(0.47268853245,-0.556107844014));
#1530 = CARTESIAN_POINT('',(0.308787980289,-0.562839138611));
#1531 = CARTESIAN_POINT('',(0.144670490798,-0.566037193962));
#1532 = CARTESIAN_POINT('',(-0.134583872913,-0.565401435269));
#1533 = CARTESIAN_POINT('',(-0.249445125259,-0.563394327204));
#1534 = CARTESIAN_POINT('',(-0.364208269348,-0.559640332771));
#1535 = CARTESIAN_POINT('',(-0.478786314263,-0.554090709703));
#1536 = CARTESIAN_POINT('',(-0.593067566474,-0.546658939303));
#1537 = CARTESIAN_POINT('',(-0.706914697471,-0.537215745079));
#1538 = CARTESIAN_POINT('',(-0.820160622712,-0.525569525652));
#1539 = CARTESIAN_POINT('',(-0.989195292202,-0.504316539674));
#1540 = CARTESIAN_POINT('',(-1.045574947913,-0.496570902698));
#1541 = CARTESIAN_POINT('',(-1.101715822968,-0.488158647811));
#1542 = CARTESIAN_POINT('',(-1.157582936564,-0.479036755299));
#1543 = CARTESIAN_POINT('',(-1.213130779605,-0.469155865844));
#1544 = CARTESIAN_POINT('',(-1.268302523351,-0.458458424913));
#1545 = CARTESIAN_POINT('',(-1.323028320286,-0.446874934625));
#1546 = CARTESIAN_POINT('',(-1.411628929524,-0.426346525968));
#1547 = CARTESIAN_POINT('',(-1.445817017072,-0.417983543296));
#1548 = CARTESIAN_POINT('',(-1.479765910968,-0.409206548662));
#1549 = CARTESIAN_POINT('',(-1.513448643474,-0.399991146113));
#1550 = CARTESIAN_POINT('',(-1.546831581042,-0.390310359273));
#1551 = CARTESIAN_POINT('',(-1.579873677379,-0.380133630431));
#1552 = CARTESIAN_POINT('',(-1.61252572651,-0.369425819636));
#1553 = CARTESIAN_POINT('',(-1.693637120431,-0.341016041079));
#1554 = CARTESIAN_POINT('',(-1.741373934271,-0.322615023953));
#1555 = CARTESIAN_POINT('',(-1.787893607745,-0.302757530931));
#1556 = CARTESIAN_POINT('',(-1.832956220271,-0.281256405008));
#1557 = CARTESIAN_POINT('',(-1.876108692816,-0.257915339602));
#1558 = CARTESIAN_POINT('',(-1.916704435786,-0.232544837054));
#1559 = CARTESIAN_POINT('',(-1.953893152929,-0.204958320896));
#1560 = CARTESIAN_POINT('',(-2.007078323455,-0.155955656162));
#1561 = CARTESIAN_POINT('',(-2.02583357541,-0.136020161677));
#1562 = CARTESIAN_POINT('',(-2.042404451685,-0.115106950384));
#1563 = CARTESIAN_POINT('',(-2.056363651982,-9.326984968374E-02));
#1564 = CARTESIAN_POINT('',(-2.067272999048,-7.061835441363E-02));
#1565 = CARTESIAN_POINT('',(-2.074731544293,-4.732932471861E-02));
#1566 = CARTESIAN_POINT('',(-2.078460969083,-2.366472025497E-02));
#1567 = CARTESIAN_POINT('',(-2.078460969083,1.110223024625E-15));
#1568 = ( GEOMETRIC_REPRESENTATION_CONTEXT(2) 
PARAMETRIC_REPRESENTATION_CONTEXT() REPRESENTATION_CONTEXT('2D SPACE',''
  ) );
#1569 = ORIENTED_EDGE('',*,*,#559,.T.);
#1570 = ORIENTED_EDGE('',*,*,#1571,.T.);
#1571 = EDGE_CURVE('',#520,#22,#1572,.T.);
#1572 = SURFACE_CURVE('',#1573,(#1581,#1592),.PCURVE_S1.);
#1573 = B_SPLINE_CURVE_WITH_KNOTS('',6,(#1574,#1575,#1576,#1577,#1578,
    #1579,#1580),.UNSPECIFIED.,.F.,.F.,(7,7),(0.,1.),
  .PIECEWISE_BEZIER_KNOTS.);
#1574 = CARTESIAN_POINT('',(-3.189061328523,1.110223024625E-15,
    10.423045996393));
#1575 = CARTESIAN_POINT('',(-3.189061328523,-9.830362612827E-02,
    10.423045996393));
#1576 = CARTESIAN_POINT('',(-3.17630038112,-0.196669355138,
    10.41347528584));
#1577 = CARTESIAN_POINT('',(-3.150752986604,-0.292287911677,
    10.394314739953));
#1578 = CARTESIAN_POINT('',(-3.113370600686,-0.382741402444,
    10.366277950515));
#1579 = CARTESIAN_POINT('',(-3.065545033186,-0.466180340968,
    10.330408774889));
#1580 = CARTESIAN_POINT('',(-3.009,-0.541326802453,10.288));
#1581 = PCURVE('',#94,#1582);
#1582 = DEFINITIONAL_REPRESENTATION('',(#1583),#1591);
#1583 = B_SPLINE_CURVE_WITH_KNOTS('',6,(#1584,#1585,#1586,#1587,#1588,
    #1589,#1590),.UNSPECIFIED.,.F.,.F.,(7,7),(0.,1.),
  .PIECEWISE_BEZIER_KNOTS.);
#1584 = CARTESIAN_POINT('',(1.867714298641,0.));
#1585 = CARTESIAN_POINT('',(1.867714298641,0.109226251254));
#1586 = CARTESIAN_POINT('',(1.86685166256,0.218520324662));
#1587 = CARTESIAN_POINT('',(1.86512487238,0.327114823332));
#1588 = CARTESIAN_POINT('',(1.862582187146,0.434652181039));
#1589 = CARTESIAN_POINT('',(1.859289246348,0.540830354724));
#1590 = CARTESIAN_POINT('',(1.855336774142,0.645345166228));
#1591 = ( GEOMETRIC_REPRESENTATION_CONTEXT(2) 
PARAMETRIC_REPRESENTATION_CONTEXT() REPRESENTATION_CONTEXT('2D SPACE',''
  ) );
#1592 = PCURVE('',#543,#1593);
#1593 = DEFINITIONAL_REPRESENTATION('',(#1594),#1602);
#1594 = B_SPLINE_CURVE_WITH_KNOTS('',6,(#1595,#1596,#1597,#1598,#1599,
    #1600,#1601),.UNSPECIFIED.,.F.,.F.,(7,7),(0.,1.),
  .PIECEWISE_BEZIER_KNOTS.);
#1595 = CARTESIAN_POINT('',(0.794923339346,1.110223024625E-15));
#1596 = CARTESIAN_POINT('',(0.794923339346,-9.830362612827E-02));
#1597 = CARTESIAN_POINT('',(0.810874523601,-0.196669355138));
#1598 = CARTESIAN_POINT('',(0.842808766745,-0.292287911677));
#1599 = CARTESIAN_POINT('',(0.889536749142,-0.382741402444));
#1600 = CARTESIAN_POINT('',(0.949318708518,-0.466180340968));
#1601 = CARTESIAN_POINT('',(1.02,-0.541326802453));
#1602 = ( GEOMETRIC_REPRESENTATION_CONTEXT(2) 
PARAMETRIC_REPRESENTATION_CONTEXT() REPRESENTATION_CONTEXT('2D SPACE',''
  ) );
#1603 = ADVANCED_FACE('',(#1604),#168,.T.);
#1604 = FACE_BOUND('',#1605,.T.);
#1605 = EDGE_LOOP('',(#1606,#1630,#1631,#1632,#1656,#1698,#1741,#1770,
    #1808));
#1606 = ORIENTED_EDGE('',*,*,#1607,.F.);
#1607 = EDGE_CURVE('',#290,#1608,#1610,.T.);
#1608 = VERTEX_POINT('',#1609);
#1609 = CARTESIAN_POINT('',(-3.491666666667,0.74087035903,10.65));
#1610 = SURFACE_CURVE('',#1611,(#1616,#1623),.PCURVE_S1.);
#1611 = CIRCLE('',#1612,0.85);
#1612 = AXIS2_PLACEMENT_3D('',#1613,#1614,#1615);
#1613 = CARTESIAN_POINT('',(-3.825,0.,10.9));
#1614 = DIRECTION('',(0.6,0.,0.8));
#1615 = DIRECTION('',(0.8,0.,-0.6));
#1616 = PCURVE('',#168,#1617);
#1617 = DEFINITIONAL_REPRESENTATION('',(#1618),#1622);
#1618 = LINE('',#1619,#1620);
#1619 = CARTESIAN_POINT('',(0.,3.625));
#1620 = VECTOR('',#1621,1.);
#1621 = DIRECTION('',(1.,0.));
#1622 = ( GEOMETRIC_REPRESENTATION_CONTEXT(2) 
PARAMETRIC_REPRESENTATION_CONTEXT() REPRESENTATION_CONTEXT('2D SPACE',''
  ) );
#1623 = PCURVE('',#543,#1624);
#1624 = DEFINITIONAL_REPRESENTATION('',(#1625),#1629);
#1625 = CIRCLE('',#1626,0.85);
#1626 = AXIS2_PLACEMENT_2D('',#1627,#1628);
#1627 = CARTESIAN_POINT('',(0.,0.));
#1628 = DIRECTION('',(1.,0.));
#1629 = ( GEOMETRIC_REPRESENTATION_CONTEXT(2) 
PARAMETRIC_REPRESENTATION_CONTEXT() REPRESENTATION_CONTEXT('2D SPACE',''
  ) );
#1630 = ORIENTED_EDGE('',*,*,#289,.F.);
#1631 = ORIENTED_EDGE('',*,*,#21,.F.);
#1632 = ORIENTED_EDGE('',*,*,#1633,.F.);
#1633 = EDGE_CURVE('',#1634,#22,#1636,.T.);
#1634 = VERTEX_POINT('',#1635);
#1635 = CARTESIAN_POINT('',(-3.491666666667,-0.74087035903,10.65));
#1636 = SURFACE_CURVE('',#1637,(#1642,#1649),.PCURVE_S1.);
#1637 = CIRCLE('',#1638,0.85);
#1638 = AXIS2_PLACEMENT_3D('',#1639,#1640,#1641);
#1639 = CARTESIAN_POINT('',(-3.825,0.,10.9));
#1640 = DIRECTION('',(0.6,0.,0.8));
#1641 = DIRECTION('',(0.8,0.,-0.6));
#1642 = PCURVE('',#168,#1643);
#1643 = DEFINITIONAL_REPRESENTATION('',(#1644),#1648);
#1644 = LINE('',#1645,#1646);
#1645 = CARTESIAN_POINT('',(0.,3.625));
#1646 = VECTOR('',#1647,1.);
#1647 = DIRECTION('',(1.,0.));
#1648 = ( GEOMETRIC_REPRESENTATION_CONTEXT(2) 
PARAMETRIC_REPRESENTATION_CONTEXT() REPRESENTATION_CONTEXT('2D SPACE',''
  ) );
#1649 = PCURVE('',#543,#1650);
#1650 = DEFINITIONAL_REPRESENTATION('',(#1651),#1655);
#1651 = CIRCLE('',#1652,0.85);
#1652 = AXIS2_PLACEMENT_2D('',#1653,#1654);
#1653 = CARTESIAN_POINT('',(0.,0.));
#1654 = DIRECTION('',(1.,0.));
#1655 = ( GEOMETRIC_REPRESENTATION_CONTEXT(2) 
PARAMETRIC_REPRESENTATION_CONTEXT() REPRESENTATION_CONTEXT('2D SPACE',''
  ) );
#1656 = ORIENTED_EDGE('',*,*,#1657,.F.);
#1657 = EDGE_CURVE('',#1658,#1634,#1660,.T.);
#1658 = VERTEX_POINT('',#1659);
#1659 = CARTESIAN_POINT('',(-4.35103103741,-0.805700882148,10.65));
#1660 = SURFACE_CURVE('',#1661,(#1666,#1686),.PCURVE_S1.);
#1661 = ELLIPSE('',#1662,1.0625,0.85);
#1662 = AXIS2_PLACEMENT_3D('',#1663,#1664,#1665);
#1663 = CARTESIAN_POINT('',(-4.0125,0.,10.65));
#1664 = DIRECTION('',(0.,0.,1.));
#1665 = DIRECTION('',(1.,0.,-0.));
#1666 = PCURVE('',#168,#1667);
#1667 = DEFINITIONAL_REPRESENTATION('',(#1668),#1685);
#1668 = B_SPLINE_CURVE_WITH_KNOTS('',8,(#1669,#1670,#1671,#1672,#1673,
    #1674,#1675,#1676,#1677,#1678,#1679,#1680,#1681,#1682,#1683,#1684),
  .UNSPECIFIED.,.F.,.F.,(9,7,9),(1.058480547641,3.14159265359,
    5.224704759538),.UNSPECIFIED.);
#1669 = CARTESIAN_POINT('',(1.058480547641,3.6250006));
#1670 = CARTESIAN_POINT('',(1.318869560885,3.480314811569));
#1671 = CARTESIAN_POINT('',(1.579258574125,3.311413371924));
#1672 = CARTESIAN_POINT('',(1.839647587378,3.133249025293));
#1673 = CARTESIAN_POINT('',(2.100036600608,2.964255120543));
#1674 = CARTESIAN_POINT('',(2.360425613862,2.823194306666));
#1675 = CARTESIAN_POINT('',(2.6208146271,2.724399332999));
#1676 = CARTESIAN_POINT('',(2.881203640346,2.675));
#1677 = CARTESIAN_POINT('',(3.401981666833,2.675));
#1678 = CARTESIAN_POINT('',(3.662370680075,2.724399332993));
#1679 = CARTESIAN_POINT('',(3.922759693307,2.823194306693));
#1680 = CARTESIAN_POINT('',(4.183148706561,2.964255120514));
#1681 = CARTESIAN_POINT('',(4.44353771979,3.133249025321));
#1682 = CARTESIAN_POINT('',(4.70392673305,3.311413371918));
#1683 = CARTESIAN_POINT('',(4.964315746295,3.480314811569));
#1684 = CARTESIAN_POINT('',(5.224704759538,3.6250006));
#1685 = ( GEOMETRIC_REPRESENTATION_CONTEXT(2) 
PARAMETRIC_REPRESENTATION_CONTEXT() REPRESENTATION_CONTEXT('2D SPACE',''
  ) );
#1686 = PCURVE('',#1687,#1692);
#1687 = PLANE('',#1688);
#1688 = AXIS2_PLACEMENT_3D('',#1689,#1690,#1691);
#1689 = CARTESIAN_POINT('',(-3.09026018653E-16,2.829036251052E-16,10.65)
  );
#1690 = DIRECTION('',(0.,0.,1.));
#1691 = DIRECTION('',(1.,0.,-0.));
#1692 = DEFINITIONAL_REPRESENTATION('',(#1693),#1697);
#1693 = ELLIPSE('',#1694,1.0625,0.85);
#1694 = AXIS2_PLACEMENT_2D('',#1695,#1696);
#1695 = CARTESIAN_POINT('',(-4.0125,-2.829036251052E-16));
#1696 = DIRECTION('',(1.,0.));
#1697 = ( GEOMETRIC_REPRESENTATION_CONTEXT(2) 
PARAMETRIC_REPRESENTATION_CONTEXT() REPRESENTATION_CONTEXT('2D SPACE',''
  ) );
#1698 = ORIENTED_EDGE('',*,*,#1699,.F.);
#1699 = EDGE_CURVE('',#1700,#1658,#1702,.T.);
#1700 = VERTEX_POINT('',#1701);
#1701 = CARTESIAN_POINT('',(-4.402103211169,-0.449569036096,
    11.332827408377));
#1702 = SURFACE_CURVE('',#1703,(#1712,#1724),.PCURVE_S1.);
#1703 = B_SPLINE_CURVE_WITH_KNOTS('',7,(#1704,#1705,#1706,#1707,#1708,
    #1709,#1710,#1711),.UNSPECIFIED.,.F.,.F.,(8,8),(0.,1.),
  .PIECEWISE_BEZIER_KNOTS.);
#1704 = CARTESIAN_POINT('',(-4.402103303908,-0.449568128014,
    11.332828227931));
#1705 = CARTESIAN_POINT('',(-4.393318664164,-0.535585995452,
    11.255196320045));
#1706 = CARTESIAN_POINT('',(-4.383987504109,-0.607549474752,
    11.165201659009));
#1707 = CARTESIAN_POINT('',(-4.375150621188,-0.666549324659,
    11.067965823898));
#1708 = CARTESIAN_POINT('',(-4.367344814911,-0.714363346561,
    10.966678599688));
#1709 = CARTESIAN_POINT('',(-4.360706126992,-0.752667701058,
    10.863085754291));
#1710 = CARTESIAN_POINT('',(-4.355264781606,-0.782837373124,
    10.757719662897));
#1711 = CARTESIAN_POINT('',(-4.351031013828,-0.805701009498,10.6499994)
  );
#1712 = PCURVE('',#168,#1713);
#1713 = DEFINITIONAL_REPRESENTATION('',(#1714),#1723);
#1714 = B_SPLINE_CURVE_WITH_KNOTS('',7,(#1715,#1716,#1717,#1718,#1719,
    #1720,#1721,#1722),.UNSPECIFIED.,.F.,.F.,(8,8),(0.,1.),
  .PIECEWISE_BEZIER_KNOTS.);
#1715 = CARTESIAN_POINT('',(3.698900906706,3.6250006));
#1716 = CARTESIAN_POINT('',(3.818141691776,3.568165857538));
#1717 = CARTESIAN_POINT('',(3.928237622777,3.501768824742));
#1718 = CARTESIAN_POINT('',(4.03061549854,3.429282286405));
#1719 = CARTESIAN_POINT('',(4.126456554441,3.352935990804));
#1720 = CARTESIAN_POINT('',(4.217033480421,3.274044927237));
#1721 = CARTESIAN_POINT('',(4.303696541063,3.193016861354));
#1722 = CARTESIAN_POINT('',(4.388118890245,3.109380911703));
#1723 = ( GEOMETRIC_REPRESENTATION_CONTEXT(2) 
PARAMETRIC_REPRESENTATION_CONTEXT() REPRESENTATION_CONTEXT('2D SPACE',''
  ) );
#1724 = PCURVE('',#1725,#1730);
#1725 = CYLINDRICAL_SURFACE('',#1726,4.425);
#1726 = AXIS2_PLACEMENT_3D('',#1727,#1728,#1729);
#1727 = CARTESIAN_POINT('',(0.,0.,10.65));
#1728 = DIRECTION('',(-0.,-0.,-1.));
#1729 = DIRECTION('',(1.,0.,0.));
#1730 = DEFINITIONAL_REPRESENTATION('',(#1731),#1740);
#1731 = B_SPLINE_CURVE_WITH_KNOTS('',7,(#1732,#1733,#1734,#1735,#1736,
    #1737,#1738,#1739),.UNSPECIFIED.,.F.,.F.,(8,8),(0.,1.),
  .PIECEWISE_BEZIER_KNOTS.);
#1732 = CARTESIAN_POINT('',(-3.243365569024,-0.682828227931));
#1733 = CARTESIAN_POINT('',(-3.262905743686,-0.605196320045));
#1734 = CARTESIAN_POINT('',(-3.279298761467,-0.515201659009));
#1735 = CARTESIAN_POINT('',(-3.292778193785,-0.417965823898));
#1736 = CARTESIAN_POINT('',(-3.303725636652,-0.316678599688));
#1737 = CARTESIAN_POINT('',(-3.312510662783,-0.213085754291));
#1738 = CARTESIAN_POINT('',(-3.319438603019,-0.107719662897));
#1739 = CARTESIAN_POINT('',(-3.324693365926,6.000000000173E-07));
#1740 = ( GEOMETRIC_REPRESENTATION_CONTEXT(2) 
PARAMETRIC_REPRESENTATION_CONTEXT() REPRESENTATION_CONTEXT('2D SPACE',''
  ) );
#1741 = ORIENTED_EDGE('',*,*,#1742,.F.);
#1742 = EDGE_CURVE('',#1743,#1700,#1745,.T.);
#1743 = VERTEX_POINT('',#1744);
#1744 = CARTESIAN_POINT('',(-4.402103211169,0.449569036096,
    11.332827408377));
#1745 = SURFACE_CURVE('',#1746,(#1751,#1758),.PCURVE_S1.);
#1746 = CIRCLE('',#1747,0.85);
#1747 = AXIS2_PLACEMENT_3D('',#1748,#1749,#1750);
#1748 = CARTESIAN_POINT('',(-3.825,0.,10.9));
#1749 = DIRECTION('',(0.6,0.,0.8));
#1750 = DIRECTION('',(0.8,0.,-0.6));
#1751 = PCURVE('',#168,#1752);
#1752 = DEFINITIONAL_REPRESENTATION('',(#1753),#1757);
#1753 = LINE('',#1754,#1755);
#1754 = CARTESIAN_POINT('',(0.,3.625));
#1755 = VECTOR('',#1756,1.);
#1756 = DIRECTION('',(1.,0.));
#1757 = ( GEOMETRIC_REPRESENTATION_CONTEXT(2) 
PARAMETRIC_REPRESENTATION_CONTEXT() REPRESENTATION_CONTEXT('2D SPACE',''
  ) );
#1758 = PCURVE('',#1759,#1764);
#1759 = PLANE('',#1760);
#1760 = AXIS2_PLACEMENT_3D('',#1761,#1762,#1763);
#1761 = CARTESIAN_POINT('',(-3.825,0.,10.9));
#1762 = DIRECTION('',(0.6,0.,0.8));
#1763 = DIRECTION('',(0.8,0.,-0.6));
#1764 = DEFINITIONAL_REPRESENTATION('',(#1765),#1769);
#1765 = CIRCLE('',#1766,0.85);
#1766 = AXIS2_PLACEMENT_2D('',#1767,#1768);
#1767 = CARTESIAN_POINT('',(0.,0.));
#1768 = DIRECTION('',(1.,0.));
#1769 = ( GEOMETRIC_REPRESENTATION_CONTEXT(2) 
PARAMETRIC_REPRESENTATION_CONTEXT() REPRESENTATION_CONTEXT('2D SPACE',''
  ) );
#1770 = ORIENTED_EDGE('',*,*,#1771,.F.);
#1771 = EDGE_CURVE('',#1772,#1743,#1774,.T.);
#1772 = VERTEX_POINT('',#1773);
#1773 = CARTESIAN_POINT('',(-4.35103103741,0.805700882148,10.65));
#1774 = SURFACE_CURVE('',#1775,(#1784,#1796),.PCURVE_S1.);
#1775 = B_SPLINE_CURVE_WITH_KNOTS('',7,(#1776,#1777,#1778,#1779,#1780,
    #1781,#1782,#1783),.UNSPECIFIED.,.F.,.F.,(8,8),(0.,1.),
  .PIECEWISE_BEZIER_KNOTS.);
#1776 = CARTESIAN_POINT('',(-4.351031013828,0.805701009498,10.6499994));
#1777 = CARTESIAN_POINT('',(-4.355264813677,0.782837199932,
    10.757720478877));
#1778 = CARTESIAN_POINT('',(-4.360706173886,0.752667432876,
    10.863086463229));
#1779 = CARTESIAN_POINT('',(-4.36734484279,0.714363171256,
    10.966678764725));
#1780 = CARTESIAN_POINT('',(-4.375150595582,0.666549426417,
    11.067965367516));
#1781 = CARTESIAN_POINT('',(-4.383987424729,0.607549962544,
    11.165200835106));
#1782 = CARTESIAN_POINT('',(-4.393318597138,0.535586651758,
    11.255195727723));
#1783 = CARTESIAN_POINT('',(-4.402103303908,0.449568128014,
    11.332828227931));
#1784 = PCURVE('',#168,#1785);
#1785 = DEFINITIONAL_REPRESENTATION('',(#1786),#1795);
#1786 = B_SPLINE_CURVE_WITH_KNOTS('',7,(#1787,#1788,#1789,#1790,#1791,
    #1792,#1793,#1794),.UNSPECIFIED.,.F.,.F.,(8,8),(0.,1.),
  .PIECEWISE_BEZIER_KNOTS.);
#1787 = CARTESIAN_POINT('',(1.895066416934,3.109380911703));
#1788 = CARTESIAN_POINT('',(1.979489405615,3.193017494895));
#1789 = CARTESIAN_POINT('',(2.06615244293,3.274045466251));
#1790 = CARTESIAN_POINT('',(2.156728977886,3.352936106106));
#1791 = CARTESIAN_POINT('',(2.252569462814,3.429281936664));
#1792 = CARTESIAN_POINT('',(2.354946849788,3.501768213247));
#1793 = CARTESIAN_POINT('',(2.465042705611,3.568165423895));
#1794 = CARTESIAN_POINT('',(2.584284400474,3.6250006));
#1795 = ( GEOMETRIC_REPRESENTATION_CONTEXT(2) 
PARAMETRIC_REPRESENTATION_CONTEXT() REPRESENTATION_CONTEXT('2D SPACE',''
  ) );
#1796 = PCURVE('',#1725,#1797);
#1797 = DEFINITIONAL_REPRESENTATION('',(#1798),#1807);
#1798 = B_SPLINE_CURVE_WITH_KNOTS('',7,(#1799,#1800,#1801,#1802,#1803,
    #1804,#1805,#1806),.UNSPECIFIED.,.F.,.F.,(8,8),(0.,1.),
  .PIECEWISE_BEZIER_KNOTS.);
#1799 = CARTESIAN_POINT('',(-2.958491941254,6.000000000173E-07));
#1800 = CARTESIAN_POINT('',(-2.963746743965,-0.107720478877));
#1801 = CARTESIAN_POINT('',(-2.970674705925,-0.213086463229));
#1802 = CARTESIAN_POINT('',(-2.979459710633,-0.316678764725));
#1803 = CARTESIAN_POINT('',(-2.990407089714,-0.417965367516));
#1804 = CARTESIAN_POINT('',(-3.003886434208,-0.515200835106));
#1805 = CARTESIAN_POINT('',(-3.020279414404,-0.605195727723));
#1806 = CARTESIAN_POINT('',(-3.039819738155,-0.682828227931));
#1807 = ( GEOMETRIC_REPRESENTATION_CONTEXT(2) 
PARAMETRIC_REPRESENTATION_CONTEXT() REPRESENTATION_CONTEXT('2D SPACE',''
  ) );
#1808 = ORIENTED_EDGE('',*,*,#1809,.F.);
#1809 = EDGE_CURVE('',#1608,#1772,#1810,.T.);
#1810 = SURFACE_CURVE('',#1811,(#1816,#1836),.PCURVE_S1.);
#1811 = ELLIPSE('',#1812,1.0625,0.85);
#1812 = AXIS2_PLACEMENT_3D('',#1813,#1814,#1815);
#1813 = CARTESIAN_POINT('',(-4.0125,0.,10.65));
#1814 = DIRECTION('',(0.,0.,1.));
#1815 = DIRECTION('',(1.,0.,-0.));
#1816 = PCURVE('',#168,#1817);
#1817 = DEFINITIONAL_REPRESENTATION('',(#1818),#1835);
#1818 = B_SPLINE_CURVE_WITH_KNOTS('',8,(#1819,#1820,#1821,#1822,#1823,
    #1824,#1825,#1826,#1827,#1828,#1829,#1830,#1831,#1832,#1833,#1834),
  .UNSPECIFIED.,.F.,.F.,(9,7,9),(1.058480547641,3.14159265359,
    5.224704759538),.UNSPECIFIED.);
#1819 = CARTESIAN_POINT('',(1.058480547641,3.6250006));
#1820 = CARTESIAN_POINT('',(1.318869560885,3.480314811569));
#1821 = CARTESIAN_POINT('',(1.579258574125,3.311413371924));
#1822 = CARTESIAN_POINT('',(1.839647587378,3.133249025293));
#1823 = CARTESIAN_POINT('',(2.100036600608,2.964255120543));
#1824 = CARTESIAN_POINT('',(2.360425613862,2.823194306666));
#1825 = CARTESIAN_POINT('',(2.6208146271,2.724399332999));
#1826 = CARTESIAN_POINT('',(2.881203640346,2.675));
#1827 = CARTESIAN_POINT('',(3.401981666833,2.675));
#1828 = CARTESIAN_POINT('',(3.662370680075,2.724399332993));
#1829 = CARTESIAN_POINT('',(3.922759693307,2.823194306693));
#1830 = CARTESIAN_POINT('',(4.183148706561,2.964255120514));
#1831 = CARTESIAN_POINT('',(4.44353771979,3.133249025321));
#1832 = CARTESIAN_POINT('',(4.70392673305,3.311413371918));
#1833 = CARTESIAN_POINT('',(4.964315746295,3.480314811569));
#1834 = CARTESIAN_POINT('',(5.224704759538,3.6250006));
#1835 = ( GEOMETRIC_REPRESENTATION_CONTEXT(2) 
PARAMETRIC_REPRESENTATION_CONTEXT() REPRESENTATION_CONTEXT('2D SPACE',''
  ) );
#1836 = PCURVE('',#1687,#1837);
#1837 = DEFINITIONAL_REPRESENTATION('',(#1838),#1842);
#1838 = ELLIPSE('',#1839,1.0625,0.85);
#1839 = AXIS2_PLACEMENT_2D('',#1840,#1841);
#1840 = CARTESIAN_POINT('',(-4.0125,-2.829036251052E-16));
#1841 = DIRECTION('',(1.,0.));
#1842 = ( GEOMETRIC_REPRESENTATION_CONTEXT(2) 
PARAMETRIC_REPRESENTATION_CONTEXT() REPRESENTATION_CONTEXT('2D SPACE',''
  ) );
#1843 = ADVANCED_FACE('',(#1844),#543,.T.);
#1844 = FACE_BOUND('',#1845,.T.);
#1845 = EDGE_LOOP('',(#1846,#1847,#1848,#1867,#1868));
#1846 = ORIENTED_EDGE('',*,*,#519,.F.);
#1847 = ORIENTED_EDGE('',*,*,#1607,.T.);
#1848 = ORIENTED_EDGE('',*,*,#1849,.T.);
#1849 = EDGE_CURVE('',#1608,#1634,#1850,.T.);
#1850 = SURFACE_CURVE('',#1851,(#1855,#1861),.PCURVE_S1.);
#1851 = LINE('',#1852,#1853);
#1852 = CARTESIAN_POINT('',(-3.491666666667,1.414518125526E-16,10.65));
#1853 = VECTOR('',#1854,1.);
#1854 = DIRECTION('',(0.,-1.,0.));
#1855 = PCURVE('',#543,#1856);
#1856 = DEFINITIONAL_REPRESENTATION('',(#1857),#1860);
#1857 = B_SPLINE_CURVE_WITH_KNOTS('',1,(#1858,#1859),.UNSPECIFIED.,.F.,
  .F.,(2,2),(-0.85,0.85),.PIECEWISE_BEZIER_KNOTS.);
#1858 = CARTESIAN_POINT('',(0.416666666667,0.85));
#1859 = CARTESIAN_POINT('',(0.416666666667,-0.85));
#1860 = ( GEOMETRIC_REPRESENTATION_CONTEXT(2) 
PARAMETRIC_REPRESENTATION_CONTEXT() REPRESENTATION_CONTEXT('2D SPACE',''
  ) );
#1861 = PCURVE('',#1687,#1862);
#1862 = DEFINITIONAL_REPRESENTATION('',(#1863),#1866);
#1863 = B_SPLINE_CURVE_WITH_KNOTS('',1,(#1864,#1865),.UNSPECIFIED.,.F.,
  .F.,(2,2),(-0.85,0.85),.PIECEWISE_BEZIER_KNOTS.);
#1864 = CARTESIAN_POINT('',(-3.491666666667,0.85));
#1865 = CARTESIAN_POINT('',(-3.491666666667,-0.85));
#1866 = ( GEOMETRIC_REPRESENTATION_CONTEXT(2) 
PARAMETRIC_REPRESENTATION_CONTEXT() REPRESENTATION_CONTEXT('2D SPACE',''
  ) );
#1867 = ORIENTED_EDGE('',*,*,#1633,.T.);
#1868 = ORIENTED_EDGE('',*,*,#1571,.F.);
#1869 = ADVANCED_FACE('',(#1870),#723,.T.);
#1870 = FACE_BOUND('',#1871,.T.);
#1871 = EDGE_LOOP('',(#1872,#1873));
#1872 = ORIENTED_EDGE('',*,*,#1363,.F.);
#1873 = ORIENTED_EDGE('',*,*,#583,.F.);
#1874 = ADVANCED_FACE('',(#1875),#845,.T.);
#1875 = FACE_BOUND('',#1876,.T.);
#1876 = EDGE_LOOP('',(#1877,#1878,#1879,#1907,#1928));
#1877 = ORIENTED_EDGE('',*,*,#821,.T.);
#1878 = ORIENTED_EDGE('',*,*,#1329,.T.);
#1879 = ORIENTED_EDGE('',*,*,#1880,.F.);
#1880 = EDGE_CURVE('',#1881,#1100,#1883,.T.);
#1881 = VERTEX_POINT('',#1882);
#1882 = CARTESIAN_POINT('',(3.491666666667,-0.74087035903,10.65));
#1883 = SURFACE_CURVE('',#1884,(#1889,#1900),.PCURVE_S1.);
#1884 = CIRCLE('',#1885,0.85);
#1885 = AXIS2_PLACEMENT_3D('',#1886,#1887,#1888);
#1886 = CARTESIAN_POINT('',(3.825,0.,10.9));
#1887 = DIRECTION('',(0.6,-1.110223024625E-16,-0.8));
#1888 = DIRECTION('',(-0.776088851105,0.242661335474,-0.582066638329));
#1889 = PCURVE('',#845,#1890);
#1890 = DEFINITIONAL_REPRESENTATION('',(#1891),#1899);
#1891 = ( BOUNDED_CURVE() B_SPLINE_CURVE(2,(#1892,#1893,#1894,#1895,
#1896,#1897,#1898),.UNSPECIFIED.,.T.,.F.) B_SPLINE_CURVE_WITH_KNOTS((1,2
    ,2,2,2,1),(-2.094395102393,0.,2.094395102393,4.188790204786,
6.28318530718,8.377580409573),.UNSPECIFIED.) CURVE() 
GEOMETRIC_REPRESENTATION_ITEM() RATIONAL_B_SPLINE_CURVE((1.,0.5,1.,0.5,
1.,0.5,1.)) REPRESENTATION_ITEM('') );
#1892 = CARTESIAN_POINT('',(-0.824594404299,0.206262135153));
#1893 = CARTESIAN_POINT('',(-0.467337906536,1.634501539037));
#1894 = CARTESIAN_POINT('',(0.590925451031,0.610988634365));
#1895 = CARTESIAN_POINT('',(1.649188808599,-0.412524270307));
#1896 = CARTESIAN_POINT('',(0.233668953268,-0.817250769518));
#1897 = CARTESIAN_POINT('',(-1.181850902063,-1.22197726873));
#1898 = CARTESIAN_POINT('',(-0.824594404299,0.206262135153));
#1899 = ( GEOMETRIC_REPRESENTATION_CONTEXT(2) 
PARAMETRIC_REPRESENTATION_CONTEXT() REPRESENTATION_CONTEXT('2D SPACE',''
  ) );
#1900 = PCURVE('',#1001,#1901);
#1901 = DEFINITIONAL_REPRESENTATION('',(#1902),#1906);
#1902 = LINE('',#1903,#1904);
#1903 = CARTESIAN_POINT('',(9.17966971619,3.625));
#1904 = VECTOR('',#1905,1.);
#1905 = DIRECTION('',(-1.,-0.));
#1906 = ( GEOMETRIC_REPRESENTATION_CONTEXT(2) 
PARAMETRIC_REPRESENTATION_CONTEXT() REPRESENTATION_CONTEXT('2D SPACE',''
  ) );
#1907 = ORIENTED_EDGE('',*,*,#1908,.T.);
#1908 = EDGE_CURVE('',#1881,#1909,#1911,.T.);
#1909 = VERTEX_POINT('',#1910);
#1910 = CARTESIAN_POINT('',(3.491666666667,0.74087035903,10.65));
#1911 = SURFACE_CURVE('',#1912,(#1916,#1922),.PCURVE_S1.);
#1912 = LINE('',#1913,#1914);
#1913 = CARTESIAN_POINT('',(3.491666666667,1.414518125526E-16,10.65));
#1914 = VECTOR('',#1915,1.);
#1915 = DIRECTION('',(0.,1.,-0.));
#1916 = PCURVE('',#845,#1917);
#1917 = DEFINITIONAL_REPRESENTATION('',(#1918),#1921);
#1918 = B_SPLINE_CURVE_WITH_KNOTS('',1,(#1919,#1920),.UNSPECIFIED.,.F.,
  .F.,(2,2),(-0.85,0.85),.PIECEWISE_BEZIER_KNOTS.);
#1919 = CARTESIAN_POINT('',(-0.416666666667,-0.85));
#1920 = CARTESIAN_POINT('',(-0.416666666667,0.85));
#1921 = ( GEOMETRIC_REPRESENTATION_CONTEXT(2) 
PARAMETRIC_REPRESENTATION_CONTEXT() REPRESENTATION_CONTEXT('2D SPACE',''
  ) );
#1922 = PCURVE('',#1687,#1923);
#1923 = DEFINITIONAL_REPRESENTATION('',(#1924),#1927);
#1924 = B_SPLINE_CURVE_WITH_KNOTS('',1,(#1925,#1926),.UNSPECIFIED.,.F.,
  .F.,(2,2),(-0.85,0.85),.PIECEWISE_BEZIER_KNOTS.);
#1925 = CARTESIAN_POINT('',(3.491666666667,-0.85));
#1926 = CARTESIAN_POINT('',(3.491666666667,0.85));
#1927 = ( GEOMETRIC_REPRESENTATION_CONTEXT(2) 
PARAMETRIC_REPRESENTATION_CONTEXT() REPRESENTATION_CONTEXT('2D SPACE',''
  ) );
#1928 = ORIENTED_EDGE('',*,*,#1929,.F.);
#1929 = EDGE_CURVE('',#822,#1909,#1930,.T.);
#1930 = SURFACE_CURVE('',#1931,(#1936,#1947),.PCURVE_S1.);
#1931 = CIRCLE('',#1932,0.85);
#1932 = AXIS2_PLACEMENT_3D('',#1933,#1934,#1935);
#1933 = CARTESIAN_POINT('',(3.825,0.,10.9));
#1934 = DIRECTION('',(0.6,-1.110223024625E-16,-0.8));
#1935 = DIRECTION('',(-0.776088851105,0.242661335474,-0.582066638329));
#1936 = PCURVE('',#845,#1937);
#1937 = DEFINITIONAL_REPRESENTATION('',(#1938),#1946);
#1938 = ( BOUNDED_CURVE() B_SPLINE_CURVE(2,(#1939,#1940,#1941,#1942,
#1943,#1944,#1945),.UNSPECIFIED.,.T.,.F.) B_SPLINE_CURVE_WITH_KNOTS((1,2
    ,2,2,2,1),(-2.094395102393,0.,2.094395102393,4.188790204786,
6.28318530718,8.377580409573),.UNSPECIFIED.) CURVE() 
GEOMETRIC_REPRESENTATION_ITEM() RATIONAL_B_SPLINE_CURVE((1.,0.5,1.,0.5,
1.,0.5,1.)) REPRESENTATION_ITEM('') );
#1939 = CARTESIAN_POINT('',(-0.824594404299,0.206262135153));
#1940 = CARTESIAN_POINT('',(-0.467337906536,1.634501539037));
#1941 = CARTESIAN_POINT('',(0.590925451031,0.610988634365));
#1942 = CARTESIAN_POINT('',(1.649188808599,-0.412524270307));
#1943 = CARTESIAN_POINT('',(0.233668953268,-0.817250769518));
#1944 = CARTESIAN_POINT('',(-1.181850902063,-1.22197726873));
#1945 = CARTESIAN_POINT('',(-0.824594404299,0.206262135153));
#1946 = ( GEOMETRIC_REPRESENTATION_CONTEXT(2) 
PARAMETRIC_REPRESENTATION_CONTEXT() REPRESENTATION_CONTEXT('2D SPACE',''
  ) );
#1947 = PCURVE('',#1001,#1948);
#1948 = DEFINITIONAL_REPRESENTATION('',(#1949),#1953);
#1949 = LINE('',#1950,#1951);
#1950 = CARTESIAN_POINT('',(9.17966971619,3.625));
#1951 = VECTOR('',#1952,1.);
#1952 = DIRECTION('',(-1.,-0.));
#1953 = ( GEOMETRIC_REPRESENTATION_CONTEXT(2) 
PARAMETRIC_REPRESENTATION_CONTEXT() REPRESENTATION_CONTEXT('2D SPACE',''
  ) );
#1954 = ADVANCED_FACE('',(#1955),#1001,.T.);
#1955 = FACE_BOUND('',#1956,.T.);
#1956 = EDGE_LOOP('',(#1957,#1958,#1959,#1996,#2034,#2067,#2105,#2140,
    #2141));
#1957 = ORIENTED_EDGE('',*,*,#861,.F.);
#1958 = ORIENTED_EDGE('',*,*,#1929,.T.);
#1959 = ORIENTED_EDGE('',*,*,#1960,.F.);
#1960 = EDGE_CURVE('',#1961,#1909,#1963,.T.);
#1961 = VERTEX_POINT('',#1962);
#1962 = CARTESIAN_POINT('',(4.35103103741,0.805700882148,10.65));
#1963 = SURFACE_CURVE('',#1964,(#1969,#1989),.PCURVE_S1.);
#1964 = ELLIPSE('',#1965,1.0625,0.85);
#1965 = AXIS2_PLACEMENT_3D('',#1966,#1967,#1968);
#1966 = CARTESIAN_POINT('',(4.0125,0.,10.65));
#1967 = DIRECTION('',(0.,0.,1.));
#1968 = DIRECTION('',(-1.,0.,0.));
#1969 = PCURVE('',#1001,#1970);
#1970 = DEFINITIONAL_REPRESENTATION('',(#1971),#1988);
#1971 = B_SPLINE_CURVE_WITH_KNOTS('',8,(#1972,#1973,#1974,#1975,#1976,
    #1977,#1978,#1979,#1980,#1981,#1982,#1983,#1984,#1985,#1986,#1987),
  .UNSPECIFIED.,.F.,.F.,(9,7,9),(1.058480547641,3.14159265359,
    5.224704759538),.UNSPECIFIED.);
#1972 = CARTESIAN_POINT('',(4.200073201231,3.6250006));
#1973 = CARTESIAN_POINT('',(4.460462214475,3.480314811569));
#1974 = CARTESIAN_POINT('',(4.720851227717,3.311413371921));
#1975 = CARTESIAN_POINT('',(4.981240240968,3.133249025312));
#1976 = CARTESIAN_POINT('',(5.241629254201,2.964255120529));
#1977 = CARTESIAN_POINT('',(5.502018267456,2.823194306686));
#1978 = CARTESIAN_POINT('',(5.762407280691,2.724399332993));
#1979 = CARTESIAN_POINT('',(6.022796293936,2.675));
#1980 = CARTESIAN_POINT('',(6.543574320423,2.675));
#1981 = CARTESIAN_POINT('',(6.803963333666,2.724399332991));
#1982 = CARTESIAN_POINT('',(7.064352346915,2.823194306698));
#1983 = CARTESIAN_POINT('',(7.324741360143,2.964255120502));
#1984 = CARTESIAN_POINT('',(7.585130373403,3.133249025326));
#1985 = CARTESIAN_POINT('',(7.845519386639,3.311413371915));
#1986 = CARTESIAN_POINT('',(8.105908399885,3.480314811569));
#1987 = CARTESIAN_POINT('',(8.366297413128,3.6250006));
#1988 = ( GEOMETRIC_REPRESENTATION_CONTEXT(2) 
PARAMETRIC_REPRESENTATION_CONTEXT() REPRESENTATION_CONTEXT('2D SPACE',''
  ) );
#1989 = PCURVE('',#1687,#1990);
#1990 = DEFINITIONAL_REPRESENTATION('',(#1991),#1995);
#1991 = ELLIPSE('',#1992,1.0625,0.85);
#1992 = AXIS2_PLACEMENT_2D('',#1993,#1994);
#1993 = CARTESIAN_POINT('',(4.0125,-2.829036251052E-16));
#1994 = DIRECTION('',(-1.,0.));
#1995 = ( GEOMETRIC_REPRESENTATION_CONTEXT(2) 
PARAMETRIC_REPRESENTATION_CONTEXT() REPRESENTATION_CONTEXT('2D SPACE',''
  ) );
#1996 = ORIENTED_EDGE('',*,*,#1997,.F.);
#1997 = EDGE_CURVE('',#1998,#1961,#2000,.T.);
#1998 = VERTEX_POINT('',#1999);
#1999 = CARTESIAN_POINT('',(4.402103211169,0.449569036096,
    11.332827408377));
#2000 = SURFACE_CURVE('',#2001,(#2010,#2022),.PCURVE_S1.);
#2001 = B_SPLINE_CURVE_WITH_KNOTS('',7,(#2002,#2003,#2004,#2005,#2006,
    #2007,#2008,#2009),.UNSPECIFIED.,.F.,.F.,(8,8),(0.,1.),
  .PIECEWISE_BEZIER_KNOTS.);
#2002 = CARTESIAN_POINT('',(4.402103303908,0.449568128014,
    11.332828227931));
#2003 = CARTESIAN_POINT('',(4.393318664164,0.535585995452,
    11.255196320045));
#2004 = CARTESIAN_POINT('',(4.383987504109,0.607549474752,
    11.165201659009));
#2005 = CARTESIAN_POINT('',(4.375150621188,0.666549324659,
    11.067965823898));
#2006 = CARTESIAN_POINT('',(4.367344814911,0.714363346561,
    10.966678599688));
#2007 = CARTESIAN_POINT('',(4.360706126992,0.752667701058,
    10.863085754291));
#2008 = CARTESIAN_POINT('',(4.355264781606,0.782837373124,
    10.757719662897));
#2009 = CARTESIAN_POINT('',(4.351031013828,0.805701009498,10.6499994));
#2010 = PCURVE('',#1001,#2011);
#2011 = DEFINITIONAL_REPRESENTATION('',(#2012),#2021);
#2012 = B_SPLINE_CURVE_WITH_KNOTS('',7,(#2013,#2014,#2015,#2016,#2017,
    #2018,#2019,#2020),.UNSPECIFIED.,.F.,.F.,(8,8),(0.,1.),
  .PIECEWISE_BEZIER_KNOTS.);
#2013 = CARTESIAN_POINT('',(6.840493560296,3.6250006));
#2014 = CARTESIAN_POINT('',(6.959734345365,3.568165857538));
#2015 = CARTESIAN_POINT('',(7.069830276367,3.501768824742));
#2016 = CARTESIAN_POINT('',(7.172208152129,3.429282286405));
#2017 = CARTESIAN_POINT('',(7.268049208031,3.352935990804));
#2018 = CARTESIAN_POINT('',(7.358626134011,3.274044927237));
#2019 = CARTESIAN_POINT('',(7.445289194653,3.193016861354));
#2020 = CARTESIAN_POINT('',(7.529711543835,3.109380911703));
#2021 = ( GEOMETRIC_REPRESENTATION_CONTEXT(2) 
PARAMETRIC_REPRESENTATION_CONTEXT() REPRESENTATION_CONTEXT('2D SPACE',''
  ) );
#2022 = PCURVE('',#1725,#2023);
#2023 = DEFINITIONAL_REPRESENTATION('',(#2024),#2033);
#2024 = B_SPLINE_CURVE_WITH_KNOTS('',7,(#2025,#2026,#2027,#2028,#2029,
    #2030,#2031,#2032),.UNSPECIFIED.,.F.,.F.,(8,8),(0.,1.),
  .PIECEWISE_BEZIER_KNOTS.);
#2025 = CARTESIAN_POINT('',(-0.101772915435,-0.682828227931));
#2026 = CARTESIAN_POINT('',(-0.121313090097,-0.605196320045));
#2027 = CARTESIAN_POINT('',(-0.137706107877,-0.515201659009));
#2028 = CARTESIAN_POINT('',(-0.151185540195,-0.417965823898));
#2029 = CARTESIAN_POINT('',(-0.162132983062,-0.316678599688));
#2030 = CARTESIAN_POINT('',(-0.170918009193,-0.213085754291));
#2031 = CARTESIAN_POINT('',(-0.17784594943,-0.107719662897));
#2032 = CARTESIAN_POINT('',(-0.183100712336,6.000000000173E-07));
#2033 = ( GEOMETRIC_REPRESENTATION_CONTEXT(2) 
PARAMETRIC_REPRESENTATION_CONTEXT() REPRESENTATION_CONTEXT('2D SPACE',''
  ) );
#2034 = ORIENTED_EDGE('',*,*,#2035,.T.);
#2035 = EDGE_CURVE('',#1998,#2036,#2038,.T.);
#2036 = VERTEX_POINT('',#2037);
#2037 = CARTESIAN_POINT('',(4.402103211169,-0.449569036096,
    11.332827408377));
#2038 = SURFACE_CURVE('',#2039,(#2044,#2051),.PCURVE_S1.);
#2039 = CIRCLE('',#2040,0.85);
#2040 = AXIS2_PLACEMENT_3D('',#2041,#2042,#2043);
#2041 = CARTESIAN_POINT('',(3.825,0.,10.9));
#2042 = DIRECTION('',(0.6,-1.110223024625E-16,-0.8));
#2043 = DIRECTION('',(-0.776088851105,0.242661335474,-0.582066638329));
#2044 = PCURVE('',#1001,#2045);
#2045 = DEFINITIONAL_REPRESENTATION('',(#2046),#2050);
#2046 = LINE('',#2047,#2048);
#2047 = CARTESIAN_POINT('',(9.17966971619,3.625));
#2048 = VECTOR('',#2049,1.);
#2049 = DIRECTION('',(-1.,-0.));
#2050 = ( GEOMETRIC_REPRESENTATION_CONTEXT(2) 
PARAMETRIC_REPRESENTATION_CONTEXT() REPRESENTATION_CONTEXT('2D SPACE',''
  ) );
#2051 = PCURVE('',#2052,#2057);
#2052 = PLANE('',#2053);
#2053 = AXIS2_PLACEMENT_3D('',#2054,#2055,#2056);
#2054 = CARTESIAN_POINT('',(3.825,0.,10.9));
#2055 = DIRECTION('',(-0.6,0.,0.8));
#2056 = DIRECTION('',(0.8,0.,0.6));
#2057 = DEFINITIONAL_REPRESENTATION('',(#2058),#2066);
#2058 = ( BOUNDED_CURVE() B_SPLINE_CURVE(2,(#2059,#2060,#2061,#2062,
#2063,#2064,#2065),.UNSPECIFIED.,.T.,.F.) B_SPLINE_CURVE_WITH_KNOTS((1,2
    ,2,2,2,1),(-2.094395102393,0.,2.094395102393,4.188790204786,
6.28318530718,8.377580409573),.UNSPECIFIED.) CURVE() 
GEOMETRIC_REPRESENTATION_ITEM() RATIONAL_B_SPLINE_CURVE((1.,0.5,1.,0.5,
1.,0.5,1.)) REPRESENTATION_ITEM('') );
#2059 = CARTESIAN_POINT('',(-0.824594404299,0.206262135153));
#2060 = CARTESIAN_POINT('',(-0.467337906536,1.634501539037));
#2061 = CARTESIAN_POINT('',(0.590925451031,0.610988634365));
#2062 = CARTESIAN_POINT('',(1.649188808599,-0.412524270307));
#2063 = CARTESIAN_POINT('',(0.233668953268,-0.817250769518));
#2064 = CARTESIAN_POINT('',(-1.181850902063,-1.22197726873));
#2065 = CARTESIAN_POINT('',(-0.824594404299,0.206262135153));
#2066 = ( GEOMETRIC_REPRESENTATION_CONTEXT(2) 
PARAMETRIC_REPRESENTATION_CONTEXT() REPRESENTATION_CONTEXT('2D SPACE',''
  ) );
#2067 = ORIENTED_EDGE('',*,*,#2068,.F.);
#2068 = EDGE_CURVE('',#2069,#2036,#2071,.T.);
#2069 = VERTEX_POINT('',#2070);
#2070 = CARTESIAN_POINT('',(4.35103103741,-0.805700882148,10.65));
#2071 = SURFACE_CURVE('',#2072,(#2081,#2093),.PCURVE_S1.);
#2072 = B_SPLINE_CURVE_WITH_KNOTS('',7,(#2073,#2074,#2075,#2076,#2077,
    #2078,#2079,#2080),.UNSPECIFIED.,.F.,.F.,(8,8),(0.,1.),
  .PIECEWISE_BEZIER_KNOTS.);
#2073 = CARTESIAN_POINT('',(4.351031013828,-0.805701009498,10.6499994));
#2074 = CARTESIAN_POINT('',(4.355264813677,-0.782837199932,
    10.757720478877));
#2075 = CARTESIAN_POINT('',(4.360706173886,-0.752667432876,
    10.863086463229));
#2076 = CARTESIAN_POINT('',(4.36734484279,-0.714363171256,
    10.966678764725));
#2077 = CARTESIAN_POINT('',(4.375150595582,-0.666549426416,
    11.067965367516));
#2078 = CARTESIAN_POINT('',(4.383987424729,-0.607549962544,
    11.165200835106));
#2079 = CARTESIAN_POINT('',(4.393318597138,-0.535586651758,
    11.255195727723));
#2080 = CARTESIAN_POINT('',(4.402103303908,-0.449568128014,
    11.332828227931));
#2081 = PCURVE('',#1001,#2082);
#2082 = DEFINITIONAL_REPRESENTATION('',(#2083),#2092);
#2083 = B_SPLINE_CURVE_WITH_KNOTS('',7,(#2084,#2085,#2086,#2087,#2088,
    #2089,#2090,#2091),.UNSPECIFIED.,.F.,.F.,(8,8),(0.,1.),
  .PIECEWISE_BEZIER_KNOTS.);
#2084 = CARTESIAN_POINT('',(5.036659070524,3.109380911703));
#2085 = CARTESIAN_POINT('',(5.121082059205,3.193017494895));
#2086 = CARTESIAN_POINT('',(5.20774509652,3.274045466252));
#2087 = CARTESIAN_POINT('',(5.298321631476,3.352936106106));
#2088 = CARTESIAN_POINT('',(5.394162116404,3.429281936664));
#2089 = CARTESIAN_POINT('',(5.496539503378,3.501768213247));
#2090 = CARTESIAN_POINT('',(5.606635359201,3.568165423895));
#2091 = CARTESIAN_POINT('',(5.725877054063,3.6250006));
#2092 = ( GEOMETRIC_REPRESENTATION_CONTEXT(2) 
PARAMETRIC_REPRESENTATION_CONTEXT() REPRESENTATION_CONTEXT('2D SPACE',''
  ) );
#2093 = PCURVE('',#1725,#2094);
#2094 = DEFINITIONAL_REPRESENTATION('',(#2095),#2104);
#2095 = B_SPLINE_CURVE_WITH_KNOTS('',7,(#2096,#2097,#2098,#2099,#2100,
    #2101,#2102,#2103),.UNSPECIFIED.,.F.,.F.,(8,8),(0.,1.),
  .PIECEWISE_BEZIER_KNOTS.);
#2096 = CARTESIAN_POINT('',(-6.100084594844,6.000000000173E-07));
#2097 = CARTESIAN_POINT('',(-6.105339397555,-0.107720478877));
#2098 = CARTESIAN_POINT('',(-6.112267359515,-0.213086463229));
#2099 = CARTESIAN_POINT('',(-6.121052364223,-0.316678764725));
#2100 = CARTESIAN_POINT('',(-6.131999743304,-0.417965367516));
#2101 = CARTESIAN_POINT('',(-6.145479087798,-0.515200835105));
#2102 = CARTESIAN_POINT('',(-6.161872067994,-0.605195727723));
#2103 = CARTESIAN_POINT('',(-6.181412391745,-0.682828227931));
#2104 = ( GEOMETRIC_REPRESENTATION_CONTEXT(2) 
PARAMETRIC_REPRESENTATION_CONTEXT() REPRESENTATION_CONTEXT('2D SPACE',''
  ) );
#2105 = ORIENTED_EDGE('',*,*,#2106,.F.);
#2106 = EDGE_CURVE('',#1881,#2069,#2107,.T.);
#2107 = SURFACE_CURVE('',#2108,(#2113,#2133),.PCURVE_S1.);
#2108 = ELLIPSE('',#2109,1.0625,0.85);
#2109 = AXIS2_PLACEMENT_3D('',#2110,#2111,#2112);
#2110 = CARTESIAN_POINT('',(4.0125,0.,10.65));
#2111 = DIRECTION('',(0.,0.,1.));
#2112 = DIRECTION('',(-1.,0.,0.));
#2113 = PCURVE('',#1001,#2114);
#2114 = DEFINITIONAL_REPRESENTATION('',(#2115),#2132);
#2115 = B_SPLINE_CURVE_WITH_KNOTS('',8,(#2116,#2117,#2118,#2119,#2120,
    #2121,#2122,#2123,#2124,#2125,#2126,#2127,#2128,#2129,#2130,#2131),
  .UNSPECIFIED.,.F.,.F.,(9,7,9),(1.058480547641,3.14159265359,
    5.224704759538),.UNSPECIFIED.);
#2116 = CARTESIAN_POINT('',(4.200073201231,3.6250006));
#2117 = CARTESIAN_POINT('',(4.460462214475,3.480314811569));
#2118 = CARTESIAN_POINT('',(4.720851227717,3.311413371921));
#2119 = CARTESIAN_POINT('',(4.981240240968,3.133249025312));
#2120 = CARTESIAN_POINT('',(5.241629254201,2.964255120529));
#2121 = CARTESIAN_POINT('',(5.502018267456,2.823194306686));
#2122 = CARTESIAN_POINT('',(5.762407280691,2.724399332993));
#2123 = CARTESIAN_POINT('',(6.022796293936,2.675));
#2124 = CARTESIAN_POINT('',(6.543574320423,2.675));
#2125 = CARTESIAN_POINT('',(6.803963333666,2.724399332991));
#2126 = CARTESIAN_POINT('',(7.064352346915,2.823194306698));
#2127 = CARTESIAN_POINT('',(7.324741360143,2.964255120502));
#2128 = CARTESIAN_POINT('',(7.585130373403,3.133249025326));
#2129 = CARTESIAN_POINT('',(7.845519386639,3.311413371915));
#2130 = CARTESIAN_POINT('',(8.105908399885,3.480314811569));
#2131 = CARTESIAN_POINT('',(8.366297413128,3.6250006));
#2132 = ( GEOMETRIC_REPRESENTATION_CONTEXT(2) 
PARAMETRIC_REPRESENTATION_CONTEXT() REPRESENTATION_CONTEXT('2D SPACE',''
  ) );
#2133 = PCURVE('',#1687,#2134);
#2134 = DEFINITIONAL_REPRESENTATION('',(#2135),#2139);
#2135 = ELLIPSE('',#2136,1.0625,0.85);
#2136 = AXIS2_PLACEMENT_2D('',#2137,#2138);
#2137 = CARTESIAN_POINT('',(4.0125,-2.829036251052E-16));
#2138 = DIRECTION('',(-1.,0.));
#2139 = ( GEOMETRIC_REPRESENTATION_CONTEXT(2) 
PARAMETRIC_REPRESENTATION_CONTEXT() REPRESENTATION_CONTEXT('2D SPACE',''
  ) );
#2140 = ORIENTED_EDGE('',*,*,#1880,.T.);
#2141 = ORIENTED_EDGE('',*,*,#1099,.F.);
#2142 = ADVANCED_FACE('',(#2143,#2195),#1687,.F.);
#2143 = FACE_BOUND('',#2144,.F.);
#2144 = EDGE_LOOP('',(#2145,#2146,#2168,#2169,#2170,#2171,#2193,#2194));
#2145 = ORIENTED_EDGE('',*,*,#1960,.F.);
#2146 = ORIENTED_EDGE('',*,*,#2147,.T.);
#2147 = EDGE_CURVE('',#1961,#1772,#2148,.T.);
#2148 = SURFACE_CURVE('',#2149,(#2154,#2161),.PCURVE_S1.);
#2149 = CIRCLE('',#2150,4.425);
#2150 = AXIS2_PLACEMENT_3D('',#2151,#2152,#2153);
#2151 = CARTESIAN_POINT('',(0.,0.,10.65));
#2152 = DIRECTION('',(0.,0.,1.));
#2153 = DIRECTION('',(1.,0.,0.));
#2154 = PCURVE('',#1687,#2155);
#2155 = DEFINITIONAL_REPRESENTATION('',(#2156),#2160);
#2156 = CIRCLE('',#2157,4.425);
#2157 = AXIS2_PLACEMENT_2D('',#2158,#2159);
#2158 = CARTESIAN_POINT('',(3.09026018653E-16,-2.829036251052E-16));
#2159 = DIRECTION('',(1.,0.));
#2160 = ( GEOMETRIC_REPRESENTATION_CONTEXT(2) 
PARAMETRIC_REPRESENTATION_CONTEXT() REPRESENTATION_CONTEXT('2D SPACE',''
  ) );
#2161 = PCURVE('',#1725,#2162);
#2162 = DEFINITIONAL_REPRESENTATION('',(#2163),#2167);
#2163 = LINE('',#2164,#2165);
#2164 = CARTESIAN_POINT('',(-0.,0.));
#2165 = VECTOR('',#2166,1.);
#2166 = DIRECTION('',(-1.,0.));
#2167 = ( GEOMETRIC_REPRESENTATION_CONTEXT(2) 
PARAMETRIC_REPRESENTATION_CONTEXT() REPRESENTATION_CONTEXT('2D SPACE',''
  ) );
#2168 = ORIENTED_EDGE('',*,*,#1809,.F.);
#2169 = ORIENTED_EDGE('',*,*,#1849,.T.);
#2170 = ORIENTED_EDGE('',*,*,#1657,.F.);
#2171 = ORIENTED_EDGE('',*,*,#2172,.T.);
#2172 = EDGE_CURVE('',#1658,#2069,#2173,.T.);
#2173 = SURFACE_CURVE('',#2174,(#2179,#2186),.PCURVE_S1.);
#2174 = CIRCLE('',#2175,4.425);
#2175 = AXIS2_PLACEMENT_3D('',#2176,#2177,#2178);
#2176 = CARTESIAN_POINT('',(0.,0.,10.65));
#2177 = DIRECTION('',(0.,0.,1.));
#2178 = DIRECTION('',(1.,0.,0.));
#2179 = PCURVE('',#1687,#2180);
#2180 = DEFINITIONAL_REPRESENTATION('',(#2181),#2185);
#2181 = CIRCLE('',#2182,4.425);
#2182 = AXIS2_PLACEMENT_2D('',#2183,#2184);
#2183 = CARTESIAN_POINT('',(3.09026018653E-16,-2.829036251052E-16));
#2184 = DIRECTION('',(1.,0.));
#2185 = ( GEOMETRIC_REPRESENTATION_CONTEXT(2) 
PARAMETRIC_REPRESENTATION_CONTEXT() REPRESENTATION_CONTEXT('2D SPACE',''
  ) );
#2186 = PCURVE('',#1725,#2187);
#2187 = DEFINITIONAL_REPRESENTATION('',(#2188),#2192);
#2188 = LINE('',#2189,#2190);
#2189 = CARTESIAN_POINT('',(-0.,0.));
#2190 = VECTOR('',#2191,1.);
#2191 = DIRECTION('',(-1.,0.));
#2192 = ( GEOMETRIC_REPRESENTATION_CONTEXT(2) 
PARAMETRIC_REPRESENTATION_CONTEXT() REPRESENTATION_CONTEXT('2D SPACE',''
  ) );
#2193 = ORIENTED_EDGE('',*,*,#2106,.F.);
#2194 = ORIENTED_EDGE('',*,*,#1908,.T.);
#2195 = FACE_BOUND('',#2196,.F.);
#2196 = EDGE_LOOP('',(#2197));
#2197 = ORIENTED_EDGE('',*,*,#2198,.T.);
#2198 = EDGE_CURVE('',#2199,#2199,#2201,.T.);
#2199 = VERTEX_POINT('',#2200);
#2200 = CARTESIAN_POINT('',(2.995,0.,10.65));
#2201 = SURFACE_CURVE('',#2202,(#2207,#2218),.PCURVE_S1.);
#2202 = CIRCLE('',#2203,2.995);
#2203 = AXIS2_PLACEMENT_3D('',#2204,#2205,#2206);
#2204 = CARTESIAN_POINT('',(0.,0.,10.65));
#2205 = DIRECTION('',(0.,0.,-1.));
#2206 = DIRECTION('',(1.,0.,0.));
#2207 = PCURVE('',#1687,#2208);
#2208 = DEFINITIONAL_REPRESENTATION('',(#2209),#2217);
#2209 = ( BOUNDED_CURVE() B_SPLINE_CURVE(2,(#2210,#2211,#2212,#2213,
#2214,#2215,#2216),.UNSPECIFIED.,.T.,.F.) B_SPLINE_CURVE_WITH_KNOTS((1,2
    ,2,2,2,1),(-2.094395102393,0.,2.094395102393,4.188790204786,
6.28318530718,8.377580409573),.UNSPECIFIED.) CURVE() 
GEOMETRIC_REPRESENTATION_ITEM() RATIONAL_B_SPLINE_CURVE((1.,0.5,1.,0.5,
1.,0.5,1.)) REPRESENTATION_ITEM('') );
#2210 = CARTESIAN_POINT('',(2.995,-2.829036251052E-16));
#2211 = CARTESIAN_POINT('',(2.995,-5.187492168669));
#2212 = CARTESIAN_POINT('',(-1.4975,-2.593746084334));
#2213 = CARTESIAN_POINT('',(-5.99,-1.016467057794E-15));
#2214 = CARTESIAN_POINT('',(-1.4975,2.593746084334));
#2215 = CARTESIAN_POINT('',(2.995,5.187492168669));
#2216 = CARTESIAN_POINT('',(2.995,-2.829036251052E-16));
#2217 = ( GEOMETRIC_REPRESENTATION_CONTEXT(2) 
PARAMETRIC_REPRESENTATION_CONTEXT() REPRESENTATION_CONTEXT('2D SPACE',''
  ) );
#2218 = PCURVE('',#2219,#2224);
#2219 = CYLINDRICAL_SURFACE('',#2220,2.995);
#2220 = AXIS2_PLACEMENT_3D('',#2221,#2222,#2223);
#2221 = CARTESIAN_POINT('',(0.,0.,10.4));
#2222 = DIRECTION('',(-0.,-0.,-1.));
#2223 = DIRECTION('',(1.,0.,0.));
#2224 = DEFINITIONAL_REPRESENTATION('',(#2225),#2229);
#2225 = LINE('',#2226,#2227);
#2226 = CARTESIAN_POINT('',(-6.28318530718,-0.25));
#2227 = VECTOR('',#2228,1.);
#2228 = DIRECTION('',(1.,-0.));
#2229 = ( GEOMETRIC_REPRESENTATION_CONTEXT(2) 
PARAMETRIC_REPRESENTATION_CONTEXT() REPRESENTATION_CONTEXT('2D SPACE',''
  ) );
#2230 = ADVANCED_FACE('',(#2231),#1725,.T.);
#2231 = FACE_BOUND('',#2232,.F.);
#2232 = EDGE_LOOP('',(#2233,#2260,#2283,#2310,#2311,#2336,#2337,#2338,
    #2339,#2364,#2365,#2366));
#2233 = ORIENTED_EDGE('',*,*,#2234,.F.);
#2234 = EDGE_CURVE('',#2235,#1998,#2237,.T.);
#2235 = VERTEX_POINT('',#2236);
#2236 = CARTESIAN_POINT('',(4.425,0.,11.35));
#2237 = SURFACE_CURVE('',#2238,(#2243,#2253),.PCURVE_S1.);
#2238 = ELLIPSE('',#2239,5.53125,4.425);
#2239 = AXIS2_PLACEMENT_3D('',#2240,#2241,#2242);
#2240 = CARTESIAN_POINT('',(0.,0.,8.03125));
#2241 = DIRECTION('',(-0.6,0.,0.8));
#2242 = DIRECTION('',(-0.8,0.,-0.6));
#2243 = PCURVE('',#1725,#2244);
#2244 = DEFINITIONAL_REPRESENTATION('',(#2245),#2252);
#2245 = B_SPLINE_CURVE_WITH_KNOTS('',5,(#2246,#2247,#2248,#2249,#2250,
    #2251),.UNSPECIFIED.,.F.,.F.,(6,6),(3.14159265359,3.374192850729),
  .PIECEWISE_BEZIER_KNOTS.);
#2246 = CARTESIAN_POINT('',(8.881784197001E-16,-0.7));
#2247 = CARTESIAN_POINT('',(-4.652003942775E-02,-0.7));
#2248 = CARTESIAN_POINT('',(-9.30400788555E-02,-0.691022323929));
#2249 = CARTESIAN_POINT('',(-0.139560118283,-0.673066867395));
#2250 = CARTESIAN_POINT('',(-0.186080157711,-0.64621494696));
#2251 = CARTESIAN_POINT('',(-0.232600197139,-0.610627116798));
#2252 = ( GEOMETRIC_REPRESENTATION_CONTEXT(2) 
PARAMETRIC_REPRESENTATION_CONTEXT() REPRESENTATION_CONTEXT('2D SPACE',''
  ) );
#2253 = PCURVE('',#2052,#2254);
#2254 = DEFINITIONAL_REPRESENTATION('',(#2255),#2259);
#2255 = ELLIPSE('',#2256,5.53125,4.425);
#2256 = AXIS2_PLACEMENT_2D('',#2257,#2258);
#2257 = CARTESIAN_POINT('',(-4.78125,0.));
#2258 = DIRECTION('',(-1.,0.));
#2259 = ( GEOMETRIC_REPRESENTATION_CONTEXT(2) 
PARAMETRIC_REPRESENTATION_CONTEXT() REPRESENTATION_CONTEXT('2D SPACE',''
  ) );
#2260 = ORIENTED_EDGE('',*,*,#2261,.T.);
#2261 = EDGE_CURVE('',#2235,#2262,#2264,.T.);
#2262 = VERTEX_POINT('',#2263);
#2263 = CARTESIAN_POINT('',(4.425,0.,11.9));
#2264 = SEAM_CURVE('',#2265,(#2269,#2276),.PCURVE_S1.);
#2265 = LINE('',#2266,#2267);
#2266 = CARTESIAN_POINT('',(4.425,0.,10.65));
#2267 = VECTOR('',#2268,1.);
#2268 = DIRECTION('',(0.,0.,1.));
#2269 = PCURVE('',#1725,#2270);
#2270 = DEFINITIONAL_REPRESENTATION('',(#2271),#2275);
#2271 = LINE('',#2272,#2273);
#2272 = CARTESIAN_POINT('',(-6.28318530718,0.));
#2273 = VECTOR('',#2274,1.);
#2274 = DIRECTION('',(-0.,-1.));
#2275 = ( GEOMETRIC_REPRESENTATION_CONTEXT(2) 
PARAMETRIC_REPRESENTATION_CONTEXT() REPRESENTATION_CONTEXT('2D SPACE',''
  ) );
#2276 = PCURVE('',#1725,#2277);
#2277 = DEFINITIONAL_REPRESENTATION('',(#2278),#2282);
#2278 = LINE('',#2279,#2280);
#2279 = CARTESIAN_POINT('',(-0.,0.));
#2280 = VECTOR('',#2281,1.);
#2281 = DIRECTION('',(-0.,-1.));
#2282 = ( GEOMETRIC_REPRESENTATION_CONTEXT(2) 
PARAMETRIC_REPRESENTATION_CONTEXT() REPRESENTATION_CONTEXT('2D SPACE',''
  ) );
#2283 = ORIENTED_EDGE('',*,*,#2284,.T.);
#2284 = EDGE_CURVE('',#2262,#2262,#2285,.T.);
#2285 = SURFACE_CURVE('',#2286,(#2291,#2298),.PCURVE_S1.);
#2286 = CIRCLE('',#2287,4.425);
#2287 = AXIS2_PLACEMENT_3D('',#2288,#2289,#2290);
#2288 = CARTESIAN_POINT('',(0.,0.,11.9));
#2289 = DIRECTION('',(0.,0.,1.));
#2290 = DIRECTION('',(1.,0.,0.));
#2291 = PCURVE('',#1725,#2292);
#2292 = DEFINITIONAL_REPRESENTATION('',(#2293),#2297);
#2293 = LINE('',#2294,#2295);
#2294 = CARTESIAN_POINT('',(-0.,-1.25));
#2295 = VECTOR('',#2296,1.);
#2296 = DIRECTION('',(-1.,0.));
#2297 = ( GEOMETRIC_REPRESENTATION_CONTEXT(2) 
PARAMETRIC_REPRESENTATION_CONTEXT() REPRESENTATION_CONTEXT('2D SPACE',''
  ) );
#2298 = PCURVE('',#2299,#2304);
#2299 = PLANE('',#2300);
#2300 = AXIS2_PLACEMENT_3D('',#2301,#2302,#2303);
#2301 = CARTESIAN_POINT('',(-3.09026018653E-16,2.829036251052E-16,11.9)
  );
#2302 = DIRECTION('',(0.,0.,1.));
#2303 = DIRECTION('',(1.,0.,-0.));
#2304 = DEFINITIONAL_REPRESENTATION('',(#2305),#2309);
#2305 = CIRCLE('',#2306,4.425);
#2306 = AXIS2_PLACEMENT_2D('',#2307,#2308);
#2307 = CARTESIAN_POINT('',(3.09026018653E-16,-2.829036251052E-16));
#2308 = DIRECTION('',(1.,0.));
#2309 = ( GEOMETRIC_REPRESENTATION_CONTEXT(2) 
PARAMETRIC_REPRESENTATION_CONTEXT() REPRESENTATION_CONTEXT('2D SPACE',''
  ) );
#2310 = ORIENTED_EDGE('',*,*,#2261,.F.);
#2311 = ORIENTED_EDGE('',*,*,#2312,.F.);
#2312 = EDGE_CURVE('',#2036,#2235,#2313,.T.);
#2313 = SURFACE_CURVE('',#2314,(#2319,#2329),.PCURVE_S1.);
#2314 = ELLIPSE('',#2315,5.53125,4.425);
#2315 = AXIS2_PLACEMENT_3D('',#2316,#2317,#2318);
#2316 = CARTESIAN_POINT('',(0.,0.,8.03125));
#2317 = DIRECTION('',(-0.6,0.,0.8));
#2318 = DIRECTION('',(-0.8,0.,-0.6));
#2319 = PCURVE('',#1725,#2320);
#2320 = DEFINITIONAL_REPRESENTATION('',(#2321),#2328);
#2321 = B_SPLINE_CURVE_WITH_KNOTS('',5,(#2322,#2323,#2324,#2325,#2326,
    #2327),.UNSPECIFIED.,.F.,.F.,(6,6),(2.908992456451,3.14159265359),
  .PIECEWISE_BEZIER_KNOTS.);
#2322 = CARTESIAN_POINT('',(-6.050585110041,-0.610627116798));
#2323 = CARTESIAN_POINT('',(-6.097105149469,-0.64621494696));
#2324 = CARTESIAN_POINT('',(-6.143625188896,-0.673066867395));
#2325 = CARTESIAN_POINT('',(-6.190145228324,-0.691022323929));
#2326 = CARTESIAN_POINT('',(-6.236665267752,-0.7));
#2327 = CARTESIAN_POINT('',(-6.28318530718,-0.7));
#2328 = ( GEOMETRIC_REPRESENTATION_CONTEXT(2) 
PARAMETRIC_REPRESENTATION_CONTEXT() REPRESENTATION_CONTEXT('2D SPACE',''
  ) );
#2329 = PCURVE('',#2052,#2330);
#2330 = DEFINITIONAL_REPRESENTATION('',(#2331),#2335);
#2331 = ELLIPSE('',#2332,5.53125,4.425);
#2332 = AXIS2_PLACEMENT_2D('',#2333,#2334);
#2333 = CARTESIAN_POINT('',(-4.78125,0.));
#2334 = DIRECTION('',(-1.,0.));
#2335 = ( GEOMETRIC_REPRESENTATION_CONTEXT(2) 
PARAMETRIC_REPRESENTATION_CONTEXT() REPRESENTATION_CONTEXT('2D SPACE',''
  ) );
#2336 = ORIENTED_EDGE('',*,*,#2068,.F.);
#2337 = ORIENTED_EDGE('',*,*,#2172,.F.);
#2338 = ORIENTED_EDGE('',*,*,#1699,.F.);
#2339 = ORIENTED_EDGE('',*,*,#2340,.F.);
#2340 = EDGE_CURVE('',#1743,#1700,#2341,.T.);
#2341 = SURFACE_CURVE('',#2342,(#2347,#2357),.PCURVE_S1.);
#2342 = ELLIPSE('',#2343,5.53125,4.425);
#2343 = AXIS2_PLACEMENT_3D('',#2344,#2345,#2346);
#2344 = CARTESIAN_POINT('',(0.,0.,8.03125));
#2345 = DIRECTION('',(0.6,0.,0.8));
#2346 = DIRECTION('',(0.8,0.,-0.6));
#2347 = PCURVE('',#1725,#2348);
#2348 = DEFINITIONAL_REPRESENTATION('',(#2349),#2356);
#2349 = B_SPLINE_CURVE_WITH_KNOTS('',5,(#2350,#2351,#2352,#2353,#2354,
    #2355),.UNSPECIFIED.,.F.,.F.,(6,6),(2.908992456451,3.374192850729),
  .PIECEWISE_BEZIER_KNOTS.);
#2350 = CARTESIAN_POINT('',(-2.908992456451,-0.610627116798));
#2351 = CARTESIAN_POINT('',(-3.002032535307,-0.681802777123));
#2352 = CARTESIAN_POINT('',(-3.095072614162,-0.718035754837));
#2353 = CARTESIAN_POINT('',(-3.188112693018,-0.718035754837));
#2354 = CARTESIAN_POINT('',(-3.281152771873,-0.681802777123));
#2355 = CARTESIAN_POINT('',(-3.374192850729,-0.610627116798));
#2356 = ( GEOMETRIC_REPRESENTATION_CONTEXT(2) 
PARAMETRIC_REPRESENTATION_CONTEXT() REPRESENTATION_CONTEXT('2D SPACE',''
  ) );
#2357 = PCURVE('',#1759,#2358);
#2358 = DEFINITIONAL_REPRESENTATION('',(#2359),#2363);
#2359 = ELLIPSE('',#2360,5.53125,4.425);
#2360 = AXIS2_PLACEMENT_2D('',#2361,#2362);
#2361 = CARTESIAN_POINT('',(4.78125,0.));
#2362 = DIRECTION('',(1.,0.));
#2363 = ( GEOMETRIC_REPRESENTATION_CONTEXT(2) 
PARAMETRIC_REPRESENTATION_CONTEXT() REPRESENTATION_CONTEXT('2D SPACE',''
  ) );
#2364 = ORIENTED_EDGE('',*,*,#1771,.F.);
#2365 = ORIENTED_EDGE('',*,*,#2147,.F.);
#2366 = ORIENTED_EDGE('',*,*,#1997,.F.);
#2367 = ADVANCED_FACE('',(#2368),#1759,.T.);
#2368 = FACE_BOUND('',#2369,.T.);
#2369 = EDGE_LOOP('',(#2370,#2371));
#2370 = ORIENTED_EDGE('',*,*,#2340,.F.);
#2371 = ORIENTED_EDGE('',*,*,#1742,.T.);
#2372 = ADVANCED_FACE('',(#2373),#2052,.T.);
#2373 = FACE_BOUND('',#2374,.T.);
#2374 = EDGE_LOOP('',(#2375,#2376,#2377));
#2375 = ORIENTED_EDGE('',*,*,#2312,.F.);
#2376 = ORIENTED_EDGE('',*,*,#2035,.F.);
#2377 = ORIENTED_EDGE('',*,*,#2234,.F.);
#2378 = ADVANCED_FACE('',(#2379),#2219,.F.);
#2379 = FACE_BOUND('',#2380,.T.);
#2380 = EDGE_LOOP('',(#2381,#2404,#2405,#2406));
#2381 = ORIENTED_EDGE('',*,*,#2382,.F.);
#2382 = EDGE_CURVE('',#2199,#2383,#2385,.T.);
#2383 = VERTEX_POINT('',#2384);
#2384 = CARTESIAN_POINT('',(2.995,0.,10.7));
#2385 = SEAM_CURVE('',#2386,(#2390,#2397),.PCURVE_S1.);
#2386 = LINE('',#2387,#2388);
#2387 = CARTESIAN_POINT('',(2.995,0.,10.4));
#2388 = VECTOR('',#2389,1.);
#2389 = DIRECTION('',(0.,0.,1.));
#2390 = PCURVE('',#2219,#2391);
#2391 = DEFINITIONAL_REPRESENTATION('',(#2392),#2396);
#2392 = LINE('',#2393,#2394);
#2393 = CARTESIAN_POINT('',(-6.28318530718,0.));
#2394 = VECTOR('',#2395,1.);
#2395 = DIRECTION('',(-0.,-1.));
#2396 = ( GEOMETRIC_REPRESENTATION_CONTEXT(2) 
PARAMETRIC_REPRESENTATION_CONTEXT() REPRESENTATION_CONTEXT('2D SPACE',''
  ) );
#2397 = PCURVE('',#2219,#2398);
#2398 = DEFINITIONAL_REPRESENTATION('',(#2399),#2403);
#2399 = LINE('',#2400,#2401);
#2400 = CARTESIAN_POINT('',(-0.,0.));
#2401 = VECTOR('',#2402,1.);
#2402 = DIRECTION('',(-0.,-1.));
#2403 = ( GEOMETRIC_REPRESENTATION_CONTEXT(2) 
PARAMETRIC_REPRESENTATION_CONTEXT() REPRESENTATION_CONTEXT('2D SPACE',''
  ) );
#2404 = ORIENTED_EDGE('',*,*,#2198,.T.);
#2405 = ORIENTED_EDGE('',*,*,#2382,.T.);
#2406 = ORIENTED_EDGE('',*,*,#2407,.F.);
#2407 = EDGE_CURVE('',#2383,#2383,#2408,.T.);
#2408 = SURFACE_CURVE('',#2409,(#2414,#2421),.PCURVE_S1.);
#2409 = CIRCLE('',#2410,2.995);
#2410 = AXIS2_PLACEMENT_3D('',#2411,#2412,#2413);
#2411 = CARTESIAN_POINT('',(0.,0.,10.7));
#2412 = DIRECTION('',(0.,0.,-1.));
#2413 = DIRECTION('',(1.,0.,0.));
#2414 = PCURVE('',#2219,#2415);
#2415 = DEFINITIONAL_REPRESENTATION('',(#2416),#2420);
#2416 = LINE('',#2417,#2418);
#2417 = CARTESIAN_POINT('',(-6.28318530718,-0.3));
#2418 = VECTOR('',#2419,1.);
#2419 = DIRECTION('',(1.,-0.));
#2420 = ( GEOMETRIC_REPRESENTATION_CONTEXT(2) 
PARAMETRIC_REPRESENTATION_CONTEXT() REPRESENTATION_CONTEXT('2D SPACE',''
  ) );
#2421 = PCURVE('',#2422,#2427);
#2422 = PLANE('',#2423);
#2423 = AXIS2_PLACEMENT_3D('',#2424,#2425,#2426);
#2424 = CARTESIAN_POINT('',(-2.167100051568E-16,8.791798344647E-17,10.7)
  );
#2425 = DIRECTION('',(0.,0.,1.));
#2426 = DIRECTION('',(1.,0.,-0.));
#2427 = DEFINITIONAL_REPRESENTATION('',(#2428),#2436);
#2428 = ( BOUNDED_CURVE() B_SPLINE_CURVE(2,(#2429,#2430,#2431,#2432,
#2433,#2434,#2435),.UNSPECIFIED.,.T.,.F.) B_SPLINE_CURVE_WITH_KNOTS((1,2
    ,2,2,2,1),(-2.094395102393,0.,2.094395102393,4.188790204786,
6.28318530718,8.377580409573),.UNSPECIFIED.) CURVE() 
GEOMETRIC_REPRESENTATION_ITEM() RATIONAL_B_SPLINE_CURVE((1.,0.5,1.,0.5,
1.,0.5,1.)) REPRESENTATION_ITEM('') );
#2429 = CARTESIAN_POINT('',(2.995,-8.791798344647E-17));
#2430 = CARTESIAN_POINT('',(2.995,-5.187492168669));
#2431 = CARTESIAN_POINT('',(-1.4975,-2.593746084334));
#2432 = CARTESIAN_POINT('',(-5.99,-8.214814161357E-16));
#2433 = CARTESIAN_POINT('',(-1.4975,2.593746084334));
#2434 = CARTESIAN_POINT('',(2.995,5.187492168669));
#2435 = CARTESIAN_POINT('',(2.995,-8.791798344647E-17));
#2436 = ( GEOMETRIC_REPRESENTATION_CONTEXT(2) 
PARAMETRIC_REPRESENTATION_CONTEXT() REPRESENTATION_CONTEXT('2D SPACE',''
  ) );
#2437 = ADVANCED_FACE('',(#2438,#2441,#2476,#2511,#2546,#2581),#2299,.T.
  );
#2438 = FACE_BOUND('',#2439,.T.);
#2439 = EDGE_LOOP('',(#2440));
#2440 = ORIENTED_EDGE('',*,*,#2284,.T.);
#2441 = FACE_BOUND('',#2442,.T.);
#2442 = EDGE_LOOP('',(#2443));
#2443 = ORIENTED_EDGE('',*,*,#2444,.T.);
#2444 = EDGE_CURVE('',#2445,#2445,#2447,.T.);
#2445 = VERTEX_POINT('',#2446);
#2446 = CARTESIAN_POINT('',(-2.210492420861,-2.598617420861,11.9));
#2447 = SURFACE_CURVE('',#2448,(#2453,#2464),.PCURVE_S1.);
#2448 = CIRCLE('',#2449,0.388125);
#2449 = AXIS2_PLACEMENT_3D('',#2450,#2451,#2452);
#2450 = CARTESIAN_POINT('',(-2.598617420861,-2.598617420861,11.9));
#2451 = DIRECTION('',(0.,0.,-1.));
#2452 = DIRECTION('',(1.,0.,0.));
#2453 = PCURVE('',#2299,#2454);
#2454 = DEFINITIONAL_REPRESENTATION('',(#2455),#2463);
#2455 = ( BOUNDED_CURVE() B_SPLINE_CURVE(2,(#2456,#2457,#2458,#2459,
#2460,#2461,#2462),.UNSPECIFIED.,.T.,.F.) B_SPLINE_CURVE_WITH_KNOTS((1,2
    ,2,2,2,1),(-2.094395102393,0.,2.094395102393,4.188790204786,
6.28318530718,8.377580409573),.UNSPECIFIED.) CURVE() 
GEOMETRIC_REPRESENTATION_ITEM() RATIONAL_B_SPLINE_CURVE((1.,0.5,1.,0.5,
1.,0.5,1.)) REPRESENTATION_ITEM('') );
#2456 = CARTESIAN_POINT('',(-2.210492420861,-2.598617420861));
#2457 = CARTESIAN_POINT('',(-2.210492420861,-3.270869640548));
#2458 = CARTESIAN_POINT('',(-2.792679920861,-2.934743530704));
#2459 = CARTESIAN_POINT('',(-3.374867420861,-2.598617420861));
#2460 = CARTESIAN_POINT('',(-2.792679920861,-2.262491311017));
#2461 = CARTESIAN_POINT('',(-2.210492420861,-1.926365201173));
#2462 = CARTESIAN_POINT('',(-2.210492420861,-2.598617420861));
#2463 = ( GEOMETRIC_REPRESENTATION_CONTEXT(2) 
PARAMETRIC_REPRESENTATION_CONTEXT() REPRESENTATION_CONTEXT('2D SPACE',''
  ) );
#2464 = PCURVE('',#2465,#2470);
#2465 = CYLINDRICAL_SURFACE('',#2466,0.388125);
#2466 = AXIS2_PLACEMENT_3D('',#2467,#2468,#2469);
#2467 = CARTESIAN_POINT('',(-2.598617420861,-2.598617420861,10.8));
#2468 = DIRECTION('',(-0.,-0.,-1.));
#2469 = DIRECTION('',(1.,0.,0.));
#2470 = DEFINITIONAL_REPRESENTATION('',(#2471),#2475);
#2471 = LINE('',#2472,#2473);
#2472 = CARTESIAN_POINT('',(-6.28318530718,-1.1));
#2473 = VECTOR('',#2474,1.);
#2474 = DIRECTION('',(1.,-0.));
#2475 = ( GEOMETRIC_REPRESENTATION_CONTEXT(2) 
PARAMETRIC_REPRESENTATION_CONTEXT() REPRESENTATION_CONTEXT('2D SPACE',''
  ) );
#2476 = FACE_BOUND('',#2477,.T.);
#2477 = EDGE_LOOP('',(#2478));
#2478 = ORIENTED_EDGE('',*,*,#2479,.T.);
#2479 = EDGE_CURVE('',#2480,#2480,#2482,.T.);
#2480 = VERTEX_POINT('',#2481);
#2481 = CARTESIAN_POINT('',(2.986742420861,-2.598617420861,11.9));
#2482 = SURFACE_CURVE('',#2483,(#2488,#2499),.PCURVE_S1.);
#2483 = CIRCLE('',#2484,0.388125);
#2484 = AXIS2_PLACEMENT_3D('',#2485,#2486,#2487);
#2485 = CARTESIAN_POINT('',(2.598617420861,-2.598617420861,11.9));
#2486 = DIRECTION('',(0.,0.,-1.));
#2487 = DIRECTION('',(1.,0.,0.));
#2488 = PCURVE('',#2299,#2489);
#2489 = DEFINITIONAL_REPRESENTATION('',(#2490),#2498);
#2490 = ( BOUNDED_CURVE() B_SPLINE_CURVE(2,(#2491,#2492,#2493,#2494,
#2495,#2496,#2497),.UNSPECIFIED.,.T.,.F.) B_SPLINE_CURVE_WITH_KNOTS((1,2
    ,2,2,2,1),(-2.094395102393,0.,2.094395102393,4.188790204786,
6.28318530718,8.377580409573),.UNSPECIFIED.) CURVE() 
GEOMETRIC_REPRESENTATION_ITEM() RATIONAL_B_SPLINE_CURVE((1.,0.5,1.,0.5,
1.,0.5,1.)) REPRESENTATION_ITEM('') );
#2491 = CARTESIAN_POINT('',(2.986742420861,-2.598617420861));
#2492 = CARTESIAN_POINT('',(2.986742420861,-3.270869640548));
#2493 = CARTESIAN_POINT('',(2.404554920861,-2.934743530704));
#2494 = CARTESIAN_POINT('',(1.822367420861,-2.598617420861));
#2495 = CARTESIAN_POINT('',(2.404554920861,-2.262491311017));
#2496 = CARTESIAN_POINT('',(2.986742420861,-1.926365201173));
#2497 = CARTESIAN_POINT('',(2.986742420861,-2.598617420861));
#2498 = ( GEOMETRIC_REPRESENTATION_CONTEXT(2) 
PARAMETRIC_REPRESENTATION_CONTEXT() REPRESENTATION_CONTEXT('2D SPACE',''
  ) );
#2499 = PCURVE('',#2500,#2505);
#2500 = CYLINDRICAL_SURFACE('',#2501,0.388125);
#2501 = AXIS2_PLACEMENT_3D('',#2502,#2503,#2504);
#2502 = CARTESIAN_POINT('',(2.598617420861,-2.598617420861,10.8));
#2503 = DIRECTION('',(-0.,-0.,-1.));
#2504 = DIRECTION('',(1.,0.,0.));
#2505 = DEFINITIONAL_REPRESENTATION('',(#2506),#2510);
#2506 = LINE('',#2507,#2508);
#2507 = CARTESIAN_POINT('',(-6.28318530718,-1.1));
#2508 = VECTOR('',#2509,1.);
#2509 = DIRECTION('',(1.,-0.));
#2510 = ( GEOMETRIC_REPRESENTATION_CONTEXT(2) 
PARAMETRIC_REPRESENTATION_CONTEXT() REPRESENTATION_CONTEXT('2D SPACE',''
  ) );
#2511 = FACE_BOUND('',#2512,.T.);
#2512 = EDGE_LOOP('',(#2513));
#2513 = ORIENTED_EDGE('',*,*,#2514,.T.);
#2514 = EDGE_CURVE('',#2515,#2515,#2517,.T.);
#2515 = VERTEX_POINT('',#2516);
#2516 = CARTESIAN_POINT('',(-2.210492420861,2.598617420861,11.9));
#2517 = SURFACE_CURVE('',#2518,(#2523,#2534),.PCURVE_S1.);
#2518 = CIRCLE('',#2519,0.388125);
#2519 = AXIS2_PLACEMENT_3D('',#2520,#2521,#2522);
#2520 = CARTESIAN_POINT('',(-2.598617420861,2.598617420861,11.9));
#2521 = DIRECTION('',(0.,0.,-1.));
#2522 = DIRECTION('',(1.,0.,0.));
#2523 = PCURVE('',#2299,#2524);
#2524 = DEFINITIONAL_REPRESENTATION('',(#2525),#2533);
#2525 = ( BOUNDED_CURVE() B_SPLINE_CURVE(2,(#2526,#2527,#2528,#2529,
#2530,#2531,#2532),.UNSPECIFIED.,.T.,.F.) B_SPLINE_CURVE_WITH_KNOTS((1,2
    ,2,2,2,1),(-2.094395102393,0.,2.094395102393,4.188790204786,
6.28318530718,8.377580409573),.UNSPECIFIED.) CURVE() 
GEOMETRIC_REPRESENTATION_ITEM() RATIONAL_B_SPLINE_CURVE((1.,0.5,1.,0.5,
1.,0.5,1.)) REPRESENTATION_ITEM('') );
#2526 = CARTESIAN_POINT('',(-2.210492420861,2.598617420861));
#2527 = CARTESIAN_POINT('',(-2.210492420861,1.926365201173));
#2528 = CARTESIAN_POINT('',(-2.792679920861,2.262491311017));
#2529 = CARTESIAN_POINT('',(-3.374867420861,2.598617420861));
#2530 = CARTESIAN_POINT('',(-2.792679920861,2.934743530704));
#2531 = CARTESIAN_POINT('',(-2.210492420861,3.270869640548));
#2532 = CARTESIAN_POINT('',(-2.210492420861,2.598617420861));
#2533 = ( GEOMETRIC_REPRESENTATION_CONTEXT(2) 
PARAMETRIC_REPRESENTATION_CONTEXT() REPRESENTATION_CONTEXT('2D SPACE',''
  ) );
#2534 = PCURVE('',#2535,#2540);
#2535 = CYLINDRICAL_SURFACE('',#2536,0.388125);
#2536 = AXIS2_PLACEMENT_3D('',#2537,#2538,#2539);
#2537 = CARTESIAN_POINT('',(-2.598617420861,2.598617420861,10.8));
#2538 = DIRECTION('',(-0.,-0.,-1.));
#2539 = DIRECTION('',(1.,0.,0.));
#2540 = DEFINITIONAL_REPRESENTATION('',(#2541),#2545);
#2541 = LINE('',#2542,#2543);
#2542 = CARTESIAN_POINT('',(-6.28318530718,-1.1));
#2543 = VECTOR('',#2544,1.);
#2544 = DIRECTION('',(1.,-0.));
#2545 = ( GEOMETRIC_REPRESENTATION_CONTEXT(2) 
PARAMETRIC_REPRESENTATION_CONTEXT() REPRESENTATION_CONTEXT('2D SPACE',''
  ) );
#2546 = FACE_BOUND('',#2547,.T.);
#2547 = EDGE_LOOP('',(#2548));
#2548 = ORIENTED_EDGE('',*,*,#2549,.T.);
#2549 = EDGE_CURVE('',#2550,#2550,#2552,.T.);
#2550 = VERTEX_POINT('',#2551);
#2551 = CARTESIAN_POINT('',(3.155,0.,11.9));
#2552 = SURFACE_CURVE('',#2553,(#2558,#2569),.PCURVE_S1.);
#2553 = CIRCLE('',#2554,3.155);
#2554 = AXIS2_PLACEMENT_3D('',#2555,#2556,#2557);
#2555 = CARTESIAN_POINT('',(0.,0.,11.9));
#2556 = DIRECTION('',(0.,0.,-1.));
#2557 = DIRECTION('',(1.,0.,0.));
#2558 = PCURVE('',#2299,#2559);
#2559 = DEFINITIONAL_REPRESENTATION('',(#2560),#2568);
#2560 = ( BOUNDED_CURVE() B_SPLINE_CURVE(2,(#2561,#2562,#2563,#2564,
#2565,#2566,#2567),.UNSPECIFIED.,.T.,.F.) B_SPLINE_CURVE_WITH_KNOTS((1,2
    ,2,2,2,1),(-2.094395102393,0.,2.094395102393,4.188790204786,
6.28318530718,8.377580409573),.UNSPECIFIED.) CURVE() 
GEOMETRIC_REPRESENTATION_ITEM() RATIONAL_B_SPLINE_CURVE((1.,0.5,1.,0.5,
1.,0.5,1.)) REPRESENTATION_ITEM('') );
#2561 = CARTESIAN_POINT('',(3.155,-2.829036251052E-16));
#2562 = CARTESIAN_POINT('',(3.155,-5.46462029788));
#2563 = CARTESIAN_POINT('',(-1.5775,-2.73231014894));
#2564 = CARTESIAN_POINT('',(-6.31,-1.055655755367E-15));
#2565 = CARTESIAN_POINT('',(-1.5775,2.73231014894));
#2566 = CARTESIAN_POINT('',(3.155,5.46462029788));
#2567 = CARTESIAN_POINT('',(3.155,-2.829036251052E-16));
#2568 = ( GEOMETRIC_REPRESENTATION_CONTEXT(2) 
PARAMETRIC_REPRESENTATION_CONTEXT() REPRESENTATION_CONTEXT('2D SPACE',''
  ) );
#2569 = PCURVE('',#2570,#2575);
#2570 = CYLINDRICAL_SURFACE('',#2571,3.155);
#2571 = AXIS2_PLACEMENT_3D('',#2572,#2573,#2574);
#2572 = CARTESIAN_POINT('',(0.,0.,10.7));
#2573 = DIRECTION('',(-0.,-0.,-1.));
#2574 = DIRECTION('',(1.,0.,0.));
#2575 = DEFINITIONAL_REPRESENTATION('',(#2576),#2580);
#2576 = LINE('',#2577,#2578);
#2577 = CARTESIAN_POINT('',(-6.28318530718,-1.2));
#2578 = VECTOR('',#2579,1.);
#2579 = DIRECTION('',(1.,-0.));
#2580 = ( GEOMETRIC_REPRESENTATION_CONTEXT(2) 
PARAMETRIC_REPRESENTATION_CONTEXT() REPRESENTATION_CONTEXT('2D SPACE',''
  ) );
#2581 = FACE_BOUND('',#2582,.T.);
#2582 = EDGE_LOOP('',(#2583));
#2583 = ORIENTED_EDGE('',*,*,#2584,.T.);
#2584 = EDGE_CURVE('',#2585,#2585,#2587,.T.);
#2585 = VERTEX_POINT('',#2586);
#2586 = CARTESIAN_POINT('',(2.986742420861,2.598617420861,11.9));
#2587 = SURFACE_CURVE('',#2588,(#2593,#2604),.PCURVE_S1.);
#2588 = CIRCLE('',#2589,0.388125);
#2589 = AXIS2_PLACEMENT_3D('',#2590,#2591,#2592);
#2590 = CARTESIAN_POINT('',(2.598617420861,2.598617420861,11.9));
#2591 = DIRECTION('',(0.,0.,-1.));
#2592 = DIRECTION('',(1.,0.,0.));
#2593 = PCURVE('',#2299,#2594);
#2594 = DEFINITIONAL_REPRESENTATION('',(#2595),#2603);
#2595 = ( BOUNDED_CURVE() B_SPLINE_CURVE(2,(#2596,#2597,#2598,#2599,
#2600,#2601,#2602),.UNSPECIFIED.,.T.,.F.) B_SPLINE_CURVE_WITH_KNOTS((1,2
    ,2,2,2,1),(-2.094395102393,0.,2.094395102393,4.188790204786,
6.28318530718,8.377580409573),.UNSPECIFIED.) CURVE() 
GEOMETRIC_REPRESENTATION_ITEM() RATIONAL_B_SPLINE_CURVE((1.,0.5,1.,0.5,
1.,0.5,1.)) REPRESENTATION_ITEM('') );
#2596 = CARTESIAN_POINT('',(2.986742420861,2.598617420861));
#2597 = CARTESIAN_POINT('',(2.986742420861,1.926365201173));
#2598 = CARTESIAN_POINT('',(2.404554920861,2.262491311017));
#2599 = CARTESIAN_POINT('',(1.822367420861,2.598617420861));
#2600 = CARTESIAN_POINT('',(2.404554920861,2.934743530704));
#2601 = CARTESIAN_POINT('',(2.986742420861,3.270869640548));
#2602 = CARTESIAN_POINT('',(2.986742420861,2.598617420861));
#2603 = ( GEOMETRIC_REPRESENTATION_CONTEXT(2) 
PARAMETRIC_REPRESENTATION_CONTEXT() REPRESENTATION_CONTEXT('2D SPACE',''
  ) );
#2604 = PCURVE('',#2605,#2610);
#2605 = CYLINDRICAL_SURFACE('',#2606,0.388125);
#2606 = AXIS2_PLACEMENT_3D('',#2607,#2608,#2609);
#2607 = CARTESIAN_POINT('',(2.598617420861,2.598617420861,10.8));
#2608 = DIRECTION('',(-0.,-0.,-1.));
#2609 = DIRECTION('',(1.,0.,0.));
#2610 = DEFINITIONAL_REPRESENTATION('',(#2611),#2615);
#2611 = LINE('',#2612,#2613);
#2612 = CARTESIAN_POINT('',(-6.28318530718,-1.1));
#2613 = VECTOR('',#2614,1.);
#2614 = DIRECTION('',(1.,-0.));
#2615 = ( GEOMETRIC_REPRESENTATION_CONTEXT(2) 
PARAMETRIC_REPRESENTATION_CONTEXT() REPRESENTATION_CONTEXT('2D SPACE',''
  ) );
#2616 = ADVANCED_FACE('',(#2617,#2643),#2422,.T.);
#2617 = FACE_BOUND('',#2618,.T.);
#2618 = EDGE_LOOP('',(#2619));
#2619 = ORIENTED_EDGE('',*,*,#2620,.T.);
#2620 = EDGE_CURVE('',#2621,#2621,#2623,.T.);
#2621 = VERTEX_POINT('',#2622);
#2622 = CARTESIAN_POINT('',(3.155,0.,10.7));
#2623 = SURFACE_CURVE('',#2624,(#2629,#2636),.PCURVE_S1.);
#2624 = CIRCLE('',#2625,3.155);
#2625 = AXIS2_PLACEMENT_3D('',#2626,#2627,#2628);
#2626 = CARTESIAN_POINT('',(0.,0.,10.7));
#2627 = DIRECTION('',(0.,0.,1.));
#2628 = DIRECTION('',(1.,0.,0.));
#2629 = PCURVE('',#2422,#2630);
#2630 = DEFINITIONAL_REPRESENTATION('',(#2631),#2635);
#2631 = CIRCLE('',#2632,3.155);
#2632 = AXIS2_PLACEMENT_2D('',#2633,#2634);
#2633 = CARTESIAN_POINT('',(2.167100051568E-16,-8.791798344647E-17));
#2634 = DIRECTION('',(1.,0.));
#2635 = ( GEOMETRIC_REPRESENTATION_CONTEXT(2) 
PARAMETRIC_REPRESENTATION_CONTEXT() REPRESENTATION_CONTEXT('2D SPACE',''
  ) );
#2636 = PCURVE('',#2570,#2637);
#2637 = DEFINITIONAL_REPRESENTATION('',(#2638),#2642);
#2638 = LINE('',#2639,#2640);
#2639 = CARTESIAN_POINT('',(-0.,0.));
#2640 = VECTOR('',#2641,1.);
#2641 = DIRECTION('',(-1.,0.));
#2642 = ( GEOMETRIC_REPRESENTATION_CONTEXT(2) 
PARAMETRIC_REPRESENTATION_CONTEXT() REPRESENTATION_CONTEXT('2D SPACE',''
  ) );
#2643 = FACE_BOUND('',#2644,.T.);
#2644 = EDGE_LOOP('',(#2645));
#2645 = ORIENTED_EDGE('',*,*,#2407,.T.);
#2646 = ADVANCED_FACE('',(#2647),#2465,.T.);
#2647 = FACE_BOUND('',#2648,.F.);
#2648 = EDGE_LOOP('',(#2649,#2650,#2673,#2700));
#2649 = ORIENTED_EDGE('',*,*,#2444,.T.);
#2650 = ORIENTED_EDGE('',*,*,#2651,.T.);
#2651 = EDGE_CURVE('',#2445,#2652,#2654,.T.);
#2652 = VERTEX_POINT('',#2653);
#2653 = CARTESIAN_POINT('',(-2.210492420861,-2.598617420861,15.2));
#2654 = SEAM_CURVE('',#2655,(#2659,#2666),.PCURVE_S1.);
#2655 = LINE('',#2656,#2657);
#2656 = CARTESIAN_POINT('',(-2.210492420861,-2.598617420861,10.8));
#2657 = VECTOR('',#2658,1.);
#2658 = DIRECTION('',(0.,0.,1.));
#2659 = PCURVE('',#2465,#2660);
#2660 = DEFINITIONAL_REPRESENTATION('',(#2661),#2665);
#2661 = LINE('',#2662,#2663);
#2662 = CARTESIAN_POINT('',(-6.28318530718,0.));
#2663 = VECTOR('',#2664,1.);
#2664 = DIRECTION('',(-0.,-1.));
#2665 = ( GEOMETRIC_REPRESENTATION_CONTEXT(2) 
PARAMETRIC_REPRESENTATION_CONTEXT() REPRESENTATION_CONTEXT('2D SPACE',''
  ) );
#2666 = PCURVE('',#2465,#2667);
#2667 = DEFINITIONAL_REPRESENTATION('',(#2668),#2672);
#2668 = LINE('',#2669,#2670);
#2669 = CARTESIAN_POINT('',(-0.,0.));
#2670 = VECTOR('',#2671,1.);
#2671 = DIRECTION('',(-0.,-1.));
#2672 = ( GEOMETRIC_REPRESENTATION_CONTEXT(2) 
PARAMETRIC_REPRESENTATION_CONTEXT() REPRESENTATION_CONTEXT('2D SPACE',''
  ) );
#2673 = ORIENTED_EDGE('',*,*,#2674,.T.);
#2674 = EDGE_CURVE('',#2652,#2652,#2675,.T.);
#2675 = SURFACE_CURVE('',#2676,(#2681,#2688),.PCURVE_S1.);
#2676 = CIRCLE('',#2677,0.388125);
#2677 = AXIS2_PLACEMENT_3D('',#2678,#2679,#2680);
#2678 = CARTESIAN_POINT('',(-2.598617420861,-2.598617420861,15.2));
#2679 = DIRECTION('',(0.,0.,1.));
#2680 = DIRECTION('',(1.,0.,0.));
#2681 = PCURVE('',#2465,#2682);
#2682 = DEFINITIONAL_REPRESENTATION('',(#2683),#2687);
#2683 = LINE('',#2684,#2685);
#2684 = CARTESIAN_POINT('',(-0.,-4.4));
#2685 = VECTOR('',#2686,1.);
#2686 = DIRECTION('',(-1.,0.));
#2687 = ( GEOMETRIC_REPRESENTATION_CONTEXT(2) 
PARAMETRIC_REPRESENTATION_CONTEXT() REPRESENTATION_CONTEXT('2D SPACE',''
  ) );
#2688 = PCURVE('',#2689,#2694);
#2689 = PLANE('',#2690);
#2690 = AXIS2_PLACEMENT_3D('',#2691,#2692,#2693);
#2691 = CARTESIAN_POINT('',(-2.598617420861,-2.598617420861,15.2));
#2692 = DIRECTION('',(0.,0.,1.));
#2693 = DIRECTION('',(1.,0.,-0.));
#2694 = DEFINITIONAL_REPRESENTATION('',(#2695),#2699);
#2695 = CIRCLE('',#2696,0.388125);
#2696 = AXIS2_PLACEMENT_2D('',#2697,#2698);
#2697 = CARTESIAN_POINT('',(0.,0.));
#2698 = DIRECTION('',(1.,0.));
#2699 = ( GEOMETRIC_REPRESENTATION_CONTEXT(2) 
PARAMETRIC_REPRESENTATION_CONTEXT() REPRESENTATION_CONTEXT('2D SPACE',''
  ) );
#2700 = ORIENTED_EDGE('',*,*,#2651,.F.);
#2701 = ADVANCED_FACE('',(#2702),#2500,.T.);
#2702 = FACE_BOUND('',#2703,.F.);
#2703 = EDGE_LOOP('',(#2704,#2705,#2728,#2755));
#2704 = ORIENTED_EDGE('',*,*,#2479,.T.);
#2705 = ORIENTED_EDGE('',*,*,#2706,.T.);
#2706 = EDGE_CURVE('',#2480,#2707,#2709,.T.);
#2707 = VERTEX_POINT('',#2708);
#2708 = CARTESIAN_POINT('',(2.986742420861,-2.598617420861,15.2));
#2709 = SEAM_CURVE('',#2710,(#2714,#2721),.PCURVE_S1.);
#2710 = LINE('',#2711,#2712);
#2711 = CARTESIAN_POINT('',(2.986742420861,-2.598617420861,10.8));
#2712 = VECTOR('',#2713,1.);
#2713 = DIRECTION('',(0.,0.,1.));
#2714 = PCURVE('',#2500,#2715);
#2715 = DEFINITIONAL_REPRESENTATION('',(#2716),#2720);
#2716 = LINE('',#2717,#2718);
#2717 = CARTESIAN_POINT('',(-6.28318530718,0.));
#2718 = VECTOR('',#2719,1.);
#2719 = DIRECTION('',(-0.,-1.));
#2720 = ( GEOMETRIC_REPRESENTATION_CONTEXT(2) 
PARAMETRIC_REPRESENTATION_CONTEXT() REPRESENTATION_CONTEXT('2D SPACE',''
  ) );
#2721 = PCURVE('',#2500,#2722);
#2722 = DEFINITIONAL_REPRESENTATION('',(#2723),#2727);
#2723 = LINE('',#2724,#2725);
#2724 = CARTESIAN_POINT('',(-0.,0.));
#2725 = VECTOR('',#2726,1.);
#2726 = DIRECTION('',(-0.,-1.));
#2727 = ( GEOMETRIC_REPRESENTATION_CONTEXT(2) 
PARAMETRIC_REPRESENTATION_CONTEXT() REPRESENTATION_CONTEXT('2D SPACE',''
  ) );
#2728 = ORIENTED_EDGE('',*,*,#2729,.T.);
#2729 = EDGE_CURVE('',#2707,#2707,#2730,.T.);
#2730 = SURFACE_CURVE('',#2731,(#2736,#2743),.PCURVE_S1.);
#2731 = CIRCLE('',#2732,0.388125);
#2732 = AXIS2_PLACEMENT_3D('',#2733,#2734,#2735);
#2733 = CARTESIAN_POINT('',(2.598617420861,-2.598617420861,15.2));
#2734 = DIRECTION('',(0.,0.,1.));
#2735 = DIRECTION('',(1.,0.,0.));
#2736 = PCURVE('',#2500,#2737);
#2737 = DEFINITIONAL_REPRESENTATION('',(#2738),#2742);
#2738 = LINE('',#2739,#2740);
#2739 = CARTESIAN_POINT('',(-0.,-4.4));
#2740 = VECTOR('',#2741,1.);
#2741 = DIRECTION('',(-1.,0.));
#2742 = ( GEOMETRIC_REPRESENTATION_CONTEXT(2) 
PARAMETRIC_REPRESENTATION_CONTEXT() REPRESENTATION_CONTEXT('2D SPACE',''
  ) );
#2743 = PCURVE('',#2744,#2749);
#2744 = PLANE('',#2745);
#2745 = AXIS2_PLACEMENT_3D('',#2746,#2747,#2748);
#2746 = CARTESIAN_POINT('',(2.598617420861,-2.598617420861,15.2));
#2747 = DIRECTION('',(0.,0.,1.));
#2748 = DIRECTION('',(1.,0.,-0.));
#2749 = DEFINITIONAL_REPRESENTATION('',(#2750),#2754);
#2750 = CIRCLE('',#2751,0.388125);
#2751 = AXIS2_PLACEMENT_2D('',#2752,#2753);
#2752 = CARTESIAN_POINT('',(0.,0.));
#2753 = DIRECTION('',(1.,0.));
#2754 = ( GEOMETRIC_REPRESENTATION_CONTEXT(2) 
PARAMETRIC_REPRESENTATION_CONTEXT() REPRESENTATION_CONTEXT('2D SPACE',''
  ) );
#2755 = ORIENTED_EDGE('',*,*,#2706,.F.);
#2756 = ADVANCED_FACE('',(#2757),#2535,.T.);
#2757 = FACE_BOUND('',#2758,.F.);
#2758 = EDGE_LOOP('',(#2759,#2760,#2783,#2810));
#2759 = ORIENTED_EDGE('',*,*,#2514,.T.);
#2760 = ORIENTED_EDGE('',*,*,#2761,.T.);
#2761 = EDGE_CURVE('',#2515,#2762,#2764,.T.);
#2762 = VERTEX_POINT('',#2763);
#2763 = CARTESIAN_POINT('',(-2.210492420861,2.598617420861,15.2));
#2764 = SEAM_CURVE('',#2765,(#2769,#2776),.PCURVE_S1.);
#2765 = LINE('',#2766,#2767);
#2766 = CARTESIAN_POINT('',(-2.210492420861,2.598617420861,10.8));
#2767 = VECTOR('',#2768,1.);
#2768 = DIRECTION('',(0.,0.,1.));
#2769 = PCURVE('',#2535,#2770);
#2770 = DEFINITIONAL_REPRESENTATION('',(#2771),#2775);
#2771 = LINE('',#2772,#2773);
#2772 = CARTESIAN_POINT('',(-6.28318530718,0.));
#2773 = VECTOR('',#2774,1.);
#2774 = DIRECTION('',(-0.,-1.));
#2775 = ( GEOMETRIC_REPRESENTATION_CONTEXT(2) 
PARAMETRIC_REPRESENTATION_CONTEXT() REPRESENTATION_CONTEXT('2D SPACE',''
  ) );
#2776 = PCURVE('',#2535,#2777);
#2777 = DEFINITIONAL_REPRESENTATION('',(#2778),#2782);
#2778 = LINE('',#2779,#2780);
#2779 = CARTESIAN_POINT('',(-0.,0.));
#2780 = VECTOR('',#2781,1.);
#2781 = DIRECTION('',(-0.,-1.));
#2782 = ( GEOMETRIC_REPRESENTATION_CONTEXT(2) 
PARAMETRIC_REPRESENTATION_CONTEXT() REPRESENTATION_CONTEXT('2D SPACE',''
  ) );
#2783 = ORIENTED_EDGE('',*,*,#2784,.T.);
#2784 = EDGE_CURVE('',#2762,#2762,#2785,.T.);
#2785 = SURFACE_CURVE('',#2786,(#2791,#2798),.PCURVE_S1.);
#2786 = CIRCLE('',#2787,0.388125);
#2787 = AXIS2_PLACEMENT_3D('',#2788,#2789,#2790);
#2788 = CARTESIAN_POINT('',(-2.598617420861,2.598617420861,15.2));
#2789 = DIRECTION('',(0.,0.,1.));
#2790 = DIRECTION('',(1.,0.,0.));
#2791 = PCURVE('',#2535,#2792);
#2792 = DEFINITIONAL_REPRESENTATION('',(#2793),#2797);
#2793 = LINE('',#2794,#2795);
#2794 = CARTESIAN_POINT('',(-0.,-4.4));
#2795 = VECTOR('',#2796,1.);
#2796 = DIRECTION('',(-1.,0.));
#2797 = ( GEOMETRIC_REPRESENTATION_CONTEXT(2) 
PARAMETRIC_REPRESENTATION_CONTEXT() REPRESENTATION_CONTEXT('2D SPACE',''
  ) );
#2798 = PCURVE('',#2799,#2804);
#2799 = PLANE('',#2800);
#2800 = AXIS2_PLACEMENT_3D('',#2801,#2802,#2803);
#2801 = CARTESIAN_POINT('',(-2.598617420861,2.598617420861,15.2));
#2802 = DIRECTION('',(0.,0.,1.));
#2803 = DIRECTION('',(1.,0.,-0.));
#2804 = DEFINITIONAL_REPRESENTATION('',(#2805),#2809);
#2805 = CIRCLE('',#2806,0.388125);
#2806 = AXIS2_PLACEMENT_2D('',#2807,#2808);
#2807 = CARTESIAN_POINT('',(0.,0.));
#2808 = DIRECTION('',(1.,0.));
#2809 = ( GEOMETRIC_REPRESENTATION_CONTEXT(2) 
PARAMETRIC_REPRESENTATION_CONTEXT() REPRESENTATION_CONTEXT('2D SPACE',''
  ) );
#2810 = ORIENTED_EDGE('',*,*,#2761,.F.);
#2811 = ADVANCED_FACE('',(#2812),#2570,.F.);
#2812 = FACE_BOUND('',#2813,.T.);
#2813 = EDGE_LOOP('',(#2814,#2815,#2836,#2837));
#2814 = ORIENTED_EDGE('',*,*,#2620,.F.);
#2815 = ORIENTED_EDGE('',*,*,#2816,.T.);
#2816 = EDGE_CURVE('',#2621,#2550,#2817,.T.);
#2817 = SEAM_CURVE('',#2818,(#2822,#2829),.PCURVE_S1.);
#2818 = LINE('',#2819,#2820);
#2819 = CARTESIAN_POINT('',(3.155,0.,10.7));
#2820 = VECTOR('',#2821,1.);
#2821 = DIRECTION('',(0.,0.,1.));
#2822 = PCURVE('',#2570,#2823);
#2823 = DEFINITIONAL_REPRESENTATION('',(#2824),#2828);
#2824 = LINE('',#2825,#2826);
#2825 = CARTESIAN_POINT('',(-6.28318530718,0.));
#2826 = VECTOR('',#2827,1.);
#2827 = DIRECTION('',(-0.,-1.));
#2828 = ( GEOMETRIC_REPRESENTATION_CONTEXT(2) 
PARAMETRIC_REPRESENTATION_CONTEXT() REPRESENTATION_CONTEXT('2D SPACE',''
  ) );
#2829 = PCURVE('',#2570,#2830);
#2830 = DEFINITIONAL_REPRESENTATION('',(#2831),#2835);
#2831 = LINE('',#2832,#2833);
#2832 = CARTESIAN_POINT('',(-0.,0.));
#2833 = VECTOR('',#2834,1.);
#2834 = DIRECTION('',(-0.,-1.));
#2835 = ( GEOMETRIC_REPRESENTATION_CONTEXT(2) 
PARAMETRIC_REPRESENTATION_CONTEXT() REPRESENTATION_CONTEXT('2D SPACE',''
  ) );
#2836 = ORIENTED_EDGE('',*,*,#2549,.F.);
#2837 = ORIENTED_EDGE('',*,*,#2816,.F.);
#2838 = ADVANCED_FACE('',(#2839),#2605,.T.);
#2839 = FACE_BOUND('',#2840,.F.);
#2840 = EDGE_LOOP('',(#2841,#2842,#2865,#2892));
#2841 = ORIENTED_EDGE('',*,*,#2584,.T.);
#2842 = ORIENTED_EDGE('',*,*,#2843,.T.);
#2843 = EDGE_CURVE('',#2585,#2844,#2846,.T.);
#2844 = VERTEX_POINT('',#2845);
#2845 = CARTESIAN_POINT('',(2.986742420861,2.598617420861,15.2));
#2846 = SEAM_CURVE('',#2847,(#2851,#2858),.PCURVE_S1.);
#2847 = LINE('',#2848,#2849);
#2848 = CARTESIAN_POINT('',(2.986742420861,2.598617420861,10.8));
#2849 = VECTOR('',#2850,1.);
#2850 = DIRECTION('',(0.,0.,1.));
#2851 = PCURVE('',#2605,#2852);
#2852 = DEFINITIONAL_REPRESENTATION('',(#2853),#2857);
#2853 = LINE('',#2854,#2855);
#2854 = CARTESIAN_POINT('',(-6.28318530718,0.));
#2855 = VECTOR('',#2856,1.);
#2856 = DIRECTION('',(-0.,-1.));
#2857 = ( GEOMETRIC_REPRESENTATION_CONTEXT(2) 
PARAMETRIC_REPRESENTATION_CONTEXT() REPRESENTATION_CONTEXT('2D SPACE',''
  ) );
#2858 = PCURVE('',#2605,#2859);
#2859 = DEFINITIONAL_REPRESENTATION('',(#2860),#2864);
#2860 = LINE('',#2861,#2862);
#2861 = CARTESIAN_POINT('',(-0.,0.));
#2862 = VECTOR('',#2863,1.);
#2863 = DIRECTION('',(-0.,-1.));
#2864 = ( GEOMETRIC_REPRESENTATION_CONTEXT(2) 
PARAMETRIC_REPRESENTATION_CONTEXT() REPRESENTATION_CONTEXT('2D SPACE',''
  ) );
#2865 = ORIENTED_EDGE('',*,*,#2866,.T.);
#2866 = EDGE_CURVE('',#2844,#2844,#2867,.T.);
#2867 = SURFACE_CURVE('',#2868,(#2873,#2880),.PCURVE_S1.);
#2868 = CIRCLE('',#2869,0.388125);
#2869 = AXIS2_PLACEMENT_3D('',#2870,#2871,#2872);
#2870 = CARTESIAN_POINT('',(2.598617420861,2.598617420861,15.2));
#2871 = DIRECTION('',(0.,0.,1.));
#2872 = DIRECTION('',(1.,0.,0.));
#2873 = PCURVE('',#2605,#2874);
#2874 = DEFINITIONAL_REPRESENTATION('',(#2875),#2879);
#2875 = LINE('',#2876,#2877);
#2876 = CARTESIAN_POINT('',(-0.,-4.4));
#2877 = VECTOR('',#2878,1.);
#2878 = DIRECTION('',(-1.,0.));
#2879 = ( GEOMETRIC_REPRESENTATION_CONTEXT(2) 
PARAMETRIC_REPRESENTATION_CONTEXT() REPRESENTATION_CONTEXT('2D SPACE',''
  ) );
#2880 = PCURVE('',#2881,#2886);
#2881 = PLANE('',#2882);
#2882 = AXIS2_PLACEMENT_3D('',#2883,#2884,#2885);
#2883 = CARTESIAN_POINT('',(2.598617420861,2.598617420861,15.2));
#2884 = DIRECTION('',(0.,0.,1.));
#2885 = DIRECTION('',(1.,0.,-0.));
#2886 = DEFINITIONAL_REPRESENTATION('',(#2887),#2891);
#2887 = CIRCLE('',#2888,0.388125);
#2888 = AXIS2_PLACEMENT_2D('',#2889,#2890);
#2889 = CARTESIAN_POINT('',(0.,0.));
#2890 = DIRECTION('',(1.,0.));
#2891 = ( GEOMETRIC_REPRESENTATION_CONTEXT(2) 
PARAMETRIC_REPRESENTATION_CONTEXT() REPRESENTATION_CONTEXT('2D SPACE',''
  ) );
#2892 = ORIENTED_EDGE('',*,*,#2843,.F.);
#2893 = ADVANCED_FACE('',(#2894),#2689,.T.);
#2894 = FACE_BOUND('',#2895,.T.);
#2895 = EDGE_LOOP('',(#2896));
#2896 = ORIENTED_EDGE('',*,*,#2674,.T.);
#2897 = ADVANCED_FACE('',(#2898),#2744,.T.);
#2898 = FACE_BOUND('',#2899,.T.);
#2899 = EDGE_LOOP('',(#2900));
#2900 = ORIENTED_EDGE('',*,*,#2729,.T.);
#2901 = ADVANCED_FACE('',(#2902),#2799,.T.);
#2902 = FACE_BOUND('',#2903,.T.);
#2903 = EDGE_LOOP('',(#2904));
#2904 = ORIENTED_EDGE('',*,*,#2784,.T.);
#2905 = ADVANCED_FACE('',(#2906),#2881,.T.);
#2906 = FACE_BOUND('',#2907,.T.);
#2907 = EDGE_LOOP('',(#2908));
#2908 = ORIENTED_EDGE('',*,*,#2866,.T.);
#2909 = ( GEOMETRIC_REPRESENTATION_CONTEXT(3) 
GLOBAL_UNCERTAINTY_ASSIGNED_CONTEXT((#2913)) 
GLOBAL_UNIT_ASSIGNED_CONTEXT((#2910,#2911,#2912)) REPRESENTATION_CONTEXT
('Context #1','3D Context with UNIT and UNCERTAINTY') );
#2910 = ( LENGTH_UNIT() NAMED_UNIT(*) SI_UNIT(.MILLI.,.METRE.) );
#2911 = ( NAMED_UNIT(*) PLANE_ANGLE_UNIT() SI_UNIT($,.RADIAN.) );
#2912 = ( NAMED_UNIT(*) SI_UNIT($,.STERADIAN.) SOLID_ANGLE_UNIT() );
#2913 = UNCERTAINTY_MEASURE_WITH_UNIT(LENGTH_MEASURE(2.E-07),#2910,
  'distance_accuracy_value','confusion accuracy');
#2914 = PRODUCT_RELATED_PRODUCT_CATEGORY('part',$,(#7));
ENDSEC;
END-ISO-10303-21;
