ISO-10303-21;
HEADER;
FILE_DESCRIPTION(('Open CASCADE Model'),'2;1');
FILE_NAME('Open CASCADE Shape Model','2026-08-26T11:46:51',('Author'),(
    'Open CASCADE'),'Open CASCADE STEP processor 7.7','Open CASCADE 7.7'
  ,'Unknown');
FILE_SCHEMA(('AUTOMOTIVE_DESIGN { 1 0 10303 214 1 1 1 1 }'));
ENDSEC;
DATA;
#1 = APPLICATION_PROTOCOL_DEFINITION('international standard',
  'automotive_design',2000,#2);
#2 = APPLICATION_CONTEXT(
  'core data for automotive mechanical design processes');
#3 = SHAPE_DEFINITION_REPRESENTATION(#4,#10);
#4 = PRODUCT_DEFINITION_SHAPE('','',#5);
#5 = PRODUCT_DEFINITION('design','',#6,#9);
#6 = PRODUCT_DEFINITION_FORMATION('','',#7);
#7 = PRODUCT('Open CASCADE STEP translator 7.7 3',
  'Open CASCADE STEP translator 7.7 3','',(#8));
#8 = PRODUCT_CONTEXT('',#2,'mechanical');
#9 = PRODUCT_DEFINITION_CONTEXT('part definition',#2,'design');
#10 = SHAPE_REPRESENTATION('',(#11,#15,#19),#23);
#11 = AXIS2_PLACEMENT_3D('',#12,#13,#14);
#12 = CARTESIAN_POINT('',(0.,0.,0.));
#13 = DIRECTION('',(0.,0.,1.));
#14 = DIRECTION('',(1.,0.,-0.));
#15 = AXIS2_PLACEMENT_3D('',#16,#17,#18);
#16 = CARTESIAN_POINT('',(0.,0.,0.));
#17 = DIRECTION('',(0.,0.,1.));
#18 = DIRECTION('',(1.,0.,-0.));
#19 = AXIS2_PLACEMENT_3D('',#20,#21,#22);
#20 = CARTESIAN_POINT('',(0.,0.,0.));
#21 = DIRECTION('',(0.,0.,1.));
#22 = DIRECTION('',(1.,0.,-0.));
#23 = ( GEOMETRIC_REPRESENTATION_CONTEXT(3) 
GLOBAL_UNCERTAINTY_ASSIGNED_CONTEXT((#27)) GLOBAL_UNIT_ASSIGNED_CONTEXT(
(#24,#25,#26)) REPRESENTATION_CONTEXT('Context #1',
  '3D Context with UNIT and UNCERTAINTY') );
#24 = ( LENGTH_UNIT() NAMED_UNIT(*) SI_UNIT(.MILLI.,.METRE.) );
#25 = ( NAMED_UNIT(*) PLANE_ANGLE_UNIT() SI_UNIT($,.RADIAN.) );
#26 = ( NAMED_UNIT(*) SI_UNIT($,.STERADIAN.) SOLID_ANGLE_UNIT() );
#27 = UNCERTAINTY_MEASURE_WITH_UNIT(LENGTH_MEASURE(2.E-07),#24,
  'distance_accuracy_value','confusion accuracy');
#28 = PRODUCT_RELATED_PRODUCT_CATEGORY('part',$,(#7));
#29 = SHAPE_DEFINITION_REPRESENTATION(#30,#36);
#30 = PRODUCT_DEFINITION_SHAPE('','',#31);
#31 = PRODUCT_DEFINITION('design','',#32,#35);
#32 = PRODUCT_DEFINITION_FORMATION('','',#33);
#33 = PRODUCT('Open CASCADE STEP translator 7.7 3.1',
  'Open CASCADE STEP translator 7.7 3.1','',(#34));
#34 = PRODUCT_CONTEXT('',#2,'mechanical');
#35 = PRODUCT_DEFINITION_CONTEXT('part definition',#2,'design');
#36 = ADVANCED_BREP_SHAPE_REPRESENTATION('',(#11,#37),#2931);
#37 = MANIFOLD_SOLID_BREP('',#38);
#38 = CLOSED_SHELL('',(#39,#1625,#1865,#1891,#1896,#1976,#2164,#2252,
    #2389,#2394,#2400,#2459,#2638,#2668,#2723,#2778,#2833,#2860,#2915,
    #2919,#2923,#2927));
#39 = ADVANCED_FACE('',(#40),#116,.T.);
#40 = FACE_BOUND('',#41,.T.);
#41 = EDGE_LOOP('',(#42,#263,#287,#309,#310,#540,#580,#604,#818,#842,
    #882,#1096,#1118,#1119,#1120,#1350,#1383,#1384,#1591,#1592));
#42 = ORIENTED_EDGE('',*,*,#43,.T.);
#43 = EDGE_CURVE('',#44,#46,#48,.T.);
#44 = VERTEX_POINT('',#45);
#45 = CARTESIAN_POINT('',(-3.16532447656,-0.206262135153,10.40524335742)
  );
#46 = VERTEX_POINT('',#47);
#47 = CARTESIAN_POINT('',(-6.500241951221,1.191845754418E-15,
    8.749677398373));
#48 = SURFACE_CURVE('',#49,(#115,#189),.PCURVE_S1.);
#49 = B_SPLINE_CURVE_WITH_KNOTS('',8,(#50,#51,#52,#53,#54,#55,#56,#57,
    #58,#59,#60,#61,#62,#63,#64,#65,#66,#67,#68,#69,#70,#71,#72,#73,#74,
    #75,#76,#77,#78,#79,#80,#81,#82,#83,#84,#85,#86,#87,#88,#89,#90,#91,
    #92,#93,#94,#95,#96,#97,#98,#99,#100,#101,#102,#103,#104,#105,#106,
    #107,#108,#109,#110,#111,#112,#113,#114),.UNSPECIFIED.,.F.,.F.,(9,7,
    7,7,7,7,7,7,7,9),(0.,5.836111512271E-02,0.207068108217,
    0.428906371125,0.513337974791,0.66272187954,0.743734719803,
    0.793454773969,0.898020573762,1.),.UNSPECIFIED.);
#50 = CARTESIAN_POINT('',(-3.165323954353,-0.206261324561,
    10.405243715765));
#51 = CARTESIAN_POINT('',(-3.180565940639,-0.229920633821,
    10.394784500931));
#52 = CARTESIAN_POINT('',(-3.197375414798,-0.252674106948,
    10.383231629977));
#53 = CARTESIAN_POINT('',(-3.215536783088,-0.274519006336,
    10.370726533692));
#54 = CARTESIAN_POINT('',(-3.234854943731,-0.295470364866,
    10.357397128901));
#55 = CARTESIAN_POINT('',(-3.255160172513,-0.315556416459,10.34335479833
    ));
#56 = CARTESIAN_POINT('',(-3.27631140073,-0.334815080675,10.328692205237
    ));
#57 = CARTESIAN_POINT('',(-3.298197885454,-0.353291501355,
    10.313481942782));
#58 = CARTESIAN_POINT('',(-3.378175834617,-0.416252124002,
    10.257756549388));
#59 = CARTESIAN_POINT('',(-3.439697369635,-0.456588473826,
    10.214635361266));
#60 = CARTESIAN_POINT('',(-3.50397441774,-0.492961920296,10.169275914363
    ));
#61 = CARTESIAN_POINT('',(-3.570207587324,-0.525869479162,
    10.122199880374));
#62 = CARTESIAN_POINT('',(-3.637792455807,-0.555774445119,
    10.073811460675));
#63 = CARTESIAN_POINT('',(-3.706375581723,-0.583031348027,
    10.024351940808));
#64 = CARTESIAN_POINT('',(-3.775768486323,-0.607967804382,9.973951425814
    ));
#65 = CARTESIAN_POINT('',(-3.950683709122,-0.665014501699,9.846023546788
    ));
#66 = CARTESIAN_POINT('',(-4.056825783203,-0.694504167162,9.767611973307
    ));
#67 = CARTESIAN_POINT('',(-4.16389327883,-0.720162042255,9.687743223497)
  );
#68 = CARTESIAN_POINT('',(-4.27158009856,-0.742514524222,9.606679632856)
  );
#69 = CARTESIAN_POINT('',(-4.37969800314,-0.761969792405,9.524647453707)
  );
#70 = CARTESIAN_POINT('',(-4.488153702322,-0.778866586412,9.441847169724
    ));
#71 = CARTESIAN_POINT('',(-4.596968418272,-0.793464716601,9.358470556325
    ));
#72 = CARTESIAN_POINT('',(-4.747954324333,-0.810711480848,9.242939752487
    ));
#73 = CARTESIAN_POINT('',(-4.789648761889,-0.815159918076,9.211052801804
    ));
#74 = CARTESIAN_POINT('',(-4.831422131551,-0.819312657141,9.179145028649
    ));
#75 = CARTESIAN_POINT('',(-4.873284493438,-0.823178221984,9.14723657607)
  );
#76 = CARTESIAN_POINT('',(-4.915248411383,-0.826763380166,9.11535122949)
  );
#77 = CARTESIAN_POINT('',(-4.957329972124,-0.830072817642,9.083517667772
    ));
#78 = CARTESIAN_POINT('',(-4.999550521377,-0.833108365235,9.051771540454
    ));
#79 = CARTESIAN_POINT('',(-5.116936791009,-0.840749973208,8.964225539474
    ));
#80 = CARTESIAN_POINT('',(-5.192009839686,-0.844738192671,8.909043980164
    ));
#81 = CARTESIAN_POINT('',(-5.267794908291,-0.847870962729,8.854504055877
    ));
#82 = CARTESIAN_POINT('',(-5.344708211825,-0.850086509381,8.800787184803
    ));
#83 = CARTESIAN_POINT('',(-5.423032973488,-0.851261257569,8.748559613141
    ));
#84 = CARTESIAN_POINT('',(-5.502874614825,-0.851077429662,8.698868385821
    ));
#85 = CARTESIAN_POINT('',(-5.58450737147,-0.849084354351,8.653767670326)
  );
#86 = CARTESIAN_POINT('',(-5.713880680363,-0.840539975966,8.596156639));
#87 = CARTESIAN_POINT('',(-5.760247747327,-0.836478281641,8.578081104267
    ));
#88 = CARTESIAN_POINT('',(-5.806932312137,-0.831106610656,8.563016002253
    ));
#89 = CARTESIAN_POINT('',(-5.853364630587,-0.824133131822,8.551690537073
    ));
#90 = CARTESIAN_POINT('',(-5.898963602343,-0.815234003733,8.544649993005
    ));
#91 = CARTESIAN_POINT('',(-5.943180145893,-0.804124838175,8.541806891273
    ));
#92 = CARTESIAN_POINT('',(-5.985478256497,-0.790779933765,8.542617352088
    ));
#93 = CARTESIAN_POINT('',(-6.049843598041,-0.766059078031,8.54858611855)
  );
#94 = CARTESIAN_POINT('',(-6.0734904976,-0.755884476745,8.551951224344)
  );
#95 = CARTESIAN_POINT('',(-6.096281443217,-0.744951054055,8.556254588383
    ));
#96 = CARTESIAN_POINT('',(-6.118216026259,-0.733282880664,8.561333429177
    ));
#97 = CARTESIAN_POINT('',(-6.139308028415,-0.720909536207,8.567035152557
    ));
#98 = CARTESIAN_POINT('',(-6.159579376736,-0.707861665252,8.573226537496
    ));
#99 = CARTESIAN_POINT('',(-6.179057019516,-0.694166654067,8.579795958047
    ));
#100 = CARTESIAN_POINT('',(-6.237133551169,-0.649723483314,
    8.601060458224));
#101 = CARTESIAN_POINT('',(-6.273069180451,-0.616870475718,
    8.616705623825));
#102 = CARTESIAN_POINT('',(-6.305896644997,-0.581478150506,
    8.632706702635));
#103 = CARTESIAN_POINT('',(-6.335770166405,-0.543770394958,
    8.648476090428));
#104 = CARTESIAN_POINT('',(-6.362780726696,-0.503982842379,
    8.663594052605));
#105 = CARTESIAN_POINT('',(-6.386992229613,-0.462345877877,
    8.677750850911));
#106 = CARTESIAN_POINT('',(-6.408446222447,-0.419071817152,
    8.690719154955));
#107 = CARTESIAN_POINT('',(-6.445425027571,-0.33073045825,8.713639702176
    ));
#108 = CARTESIAN_POINT('',(-6.461069780035,-0.285766495154,
    8.723650155143));
#109 = CARTESIAN_POINT('',(-6.474115401483,-0.239668124712,
    8.732186396288));
#110 = CARTESIAN_POINT('',(-6.484560908625,-0.192655046158,
    8.739127418905));
#111 = CARTESIAN_POINT('',(-6.492400154111,-0.144952445925,
    8.744388488553));
#112 = CARTESIAN_POINT('',(-6.497627871325,-9.678895194479E-02,
    8.747914512673));
#113 = CARTESIAN_POINT('',(-6.500241951221,-4.839476969485E-02,
    8.749677398373));
#114 = CARTESIAN_POINT('',(-6.500241951221,9.992007221626E-16,
    8.749677398373));
#115 = PCURVE('',#116,#121);
#116 = TOROIDAL_SURFACE('',#117,10.,0.9);
#117 = AXIS2_PLACEMENT_3D('',#118,#119,#120);
#118 = CARTESIAN_POINT('',(0.,0.,0.));
#119 = DIRECTION('',(0.,-1.,1.110223024625E-16));
#120 = DIRECTION('',(1.,0.,0.));
#121 = DEFINITIONAL_REPRESENTATION('',(#122),#188);
#122 = B_SPLINE_CURVE_WITH_KNOTS('',8,(#123,#124,#125,#126,#127,#128,
    #129,#130,#131,#132,#133,#134,#135,#136,#137,#138,#139,#140,#141,
    #142,#143,#144,#145,#146,#147,#148,#149,#150,#151,#152,#153,#154,
    #155,#156,#157,#158,#159,#160,#161,#162,#163,#164,#165,#166,#167,
    #168,#169,#170,#171,#172,#173,#174,#175,#176,#177,#178,#179,#180,
    #181,#182,#183,#184,#185,#186,#187),.UNSPECIFIED.,.F.,.F.,(9,7,7,7,7
    ,7,7,7,7,9),(0.,5.836111512271E-02,0.207068108217,0.428906371125,
    0.513337974791,0.66272187954,0.743734719803,0.793454773969,
    0.898020573762,1.),.UNSPECIFIED.);
#123 = CARTESIAN_POINT('',(1.86610615836,0.231234406342));
#124 = CARTESIAN_POINT('',(1.867726802733,0.258241337848));
#125 = CARTESIAN_POINT('',(1.869516493673,0.284410519644));
#126 = CARTESIAN_POINT('',(1.871453168989,0.3097475607));
#127 = CARTESIAN_POINT('',(1.873516875124,0.3342713018));
#128 = CARTESIAN_POINT('',(1.875690242912,0.358010895));
#129 = CARTESIAN_POINT('',(1.877958827798,0.381003842275));
#130 = CARTESIAN_POINT('',(1.880311314548,0.403294993375));
#131 = CARTESIAN_POINT('',(1.888926942666,0.480080133973));
#132 = CARTESIAN_POINT('',(1.895588343132,0.530845834428));
#133 = CARTESIAN_POINT('',(1.902589098545,0.578169749872));
#134 = CARTESIAN_POINT('',(1.909848093504,0.622493532428));
#135 = CARTESIAN_POINT('',(1.917302910175,0.664222220136));
#136 = CARTESIAN_POINT('',(1.924916734112,0.703652350068));
#137 = CARTESIAN_POINT('',(1.932670196951,0.74107228151));
#138 = CARTESIAN_POINT('',(1.952340205915,0.829946298058));
#139 = CARTESIAN_POINT('',(1.964387839017,0.879068469614));
#140 = CARTESIAN_POINT('',(1.976654602008,0.924776775514));
#141 = CARTESIAN_POINT('',(1.989105858701,0.967413134629));
#142 = CARTESIAN_POINT('',(2.001716469511,1.007175949944));
#143 = CARTESIAN_POINT('',(2.014469016223,1.044172694217));
#144 = CARTESIAN_POINT('',(2.027354616984,1.078382356977));
#145 = CARTESIAN_POINT('',(2.045326937821,1.121440988484));
#146 = CARTESIAN_POINT('',(2.050299648916,1.132871071615));
#147 = CARTESIAN_POINT('',(2.055290151214,1.143847439251));
#148 = CARTESIAN_POINT('',(2.060298058542,1.154351049086));
#149 = CARTESIAN_POINT('',(2.065322958286,1.164356944854));
#150 = CARTESIAN_POINT('',(2.070364415993,1.173832545032));
#151 = CARTESIAN_POINT('',(2.07542198658,1.182734609745));
#152 = CARTESIAN_POINT('',(2.089471269526,1.205637394182));
#153 = CARTESIAN_POINT('',(2.098442497982,1.218204919016));
#154 = CARTESIAN_POINT('',(2.107463136621,1.228514061547));
#155 = CARTESIAN_POINT('',(2.116554789686,1.236132612977));
#156 = CARTESIAN_POINT('',(2.125700678825,1.240241222937));
#157 = CARTESIAN_POINT('',(2.134847018207,1.239686073254));
#158 = CARTESIAN_POINT('',(2.14389173844,1.232377006485));
#159 = CARTESIAN_POINT('',(2.157441159725,1.205143073151));
#160 = CARTESIAN_POINT('',(2.1621516512,1.192478837665));
#161 = CARTESIAN_POINT('',(2.166714463806,1.176237244769));
#162 = CARTESIAN_POINT('',(2.171039800188,1.156028849796));
#163 = CARTESIAN_POINT('',(2.175046893151,1.131644852873));
#164 = CARTESIAN_POINT('',(2.178695084825,1.103391625583));
#165 = CARTESIAN_POINT('',(2.181972989619,1.071995208043));
#166 = CARTESIAN_POINT('',(2.186674848449,1.017876997616));
#167 = CARTESIAN_POINT('',(2.188331407588,0.996424769839));
#168 = CARTESIAN_POINT('',(2.189863628366,0.974242131638));
#169 = CARTESIAN_POINT('',(2.191281102052,0.951459382702));
#170 = CARTESIAN_POINT('',(2.192594008747,0.928189148747));
#171 = CARTESIAN_POINT('',(2.193812067121,0.904521571191));
#172 = CARTESIAN_POINT('',(2.194944132946,0.880522964552));
#173 = CARTESIAN_POINT('',(2.198215763711,0.805164327772));
#174 = CARTESIAN_POINT('',(2.20008603658,0.752894774045));
#175 = CARTESIAN_POINT('',(2.201687394563,0.699834474806));
#176 = CARTESIAN_POINT('',(2.203068212483,0.646239813542));
#177 = CARTESIAN_POINT('',(2.204261873386,0.592279009646));
#178 = CARTESIAN_POINT('',(2.205292958534,0.538057035756));
#179 = CARTESIAN_POINT('',(2.206179261046,0.483623063575));
#180 = CARTESIAN_POINT('',(2.207670109924,0.375685924879));
#181 = CARTESIAN_POINT('',(2.208280537787,0.322232759507));
#182 = CARTESIAN_POINT('',(2.208777193897,0.268662981502));
#183 = CARTESIAN_POINT('',(2.20916786985,0.215008821406));
#184 = CARTESIAN_POINT('',(2.209457639929,0.161295251451));
#185 = CARTESIAN_POINT('',(2.209649716577,0.107543239797));
#186 = CARTESIAN_POINT('',(2.209745779684,5.377196632761E-02));
#187 = CARTESIAN_POINT('',(2.209745779684,0.));
#188 = ( GEOMETRIC_REPRESENTATION_CONTEXT(2) 
PARAMETRIC_REPRESENTATION_CONTEXT() REPRESENTATION_CONTEXT('2D SPACE',''
  ) );
#189 = PCURVE('',#190,#195);
#190 = CYLINDRICAL_SURFACE('',#191,0.85);
#191 = AXIS2_PLACEMENT_3D('',#192,#193,#194);
#192 = CARTESIAN_POINT('',(-6.,0.,8.));
#193 = DIRECTION('',(0.6,0.,0.8));
#194 = DIRECTION('',(0.8,0.,-0.6));
#195 = DEFINITIONAL_REPRESENTATION('',(#196),#262);
#196 = B_SPLINE_CURVE_WITH_KNOTS('',8,(#197,#198,#199,#200,#201,#202,
    #203,#204,#205,#206,#207,#208,#209,#210,#211,#212,#213,#214,#215,
    #216,#217,#218,#219,#220,#221,#222,#223,#224,#225,#226,#227,#228,
    #229,#230,#231,#232,#233,#234,#235,#236,#237,#238,#239,#240,#241,
    #242,#243,#244,#245,#246,#247,#248,#249,#250,#251,#252,#253,#254,
    #255,#256,#257,#258,#259,#260,#261),.UNSPECIFIED.,.F.,.F.,(9,7,7,7,7
    ,7,7,7,7,9),(0.,5.836111512271E-02,0.207068108217,0.428906371125,
    0.513337974791,0.66272187954,0.743734719803,0.793454773969,
    0.898020573762,1.),.UNSPECIFIED.);
#197 = CARTESIAN_POINT('',(6.038078045619,3.6250006));
#198 = CARTESIAN_POINT('',(6.009385996147,3.607488036362));
#199 = CARTESIAN_POINT('',(5.981557136392,3.588160055103));
#200 = CARTESIAN_POINT('',(5.954583548282,3.567259157101));
#201 = CARTESIAN_POINT('',(5.928443946047,3.545004736882));
#202 = CARTESIAN_POINT('',(5.903106573086,3.521587735156));
#203 = CARTESIAN_POINT('',(5.878531071459,3.497166923752));
#204 = CARTESIAN_POINT('',(5.854669323989,3.471866822953));
#205 = CARTESIAN_POINT('',(5.772340195116,3.37929973874));
#206 = CARTESIAN_POINT('',(5.717656879739,3.307889867232));
#207 = CARTESIAN_POINT('',(5.66641172875,3.233036080847));
#208 = CARTESIAN_POINT('',(5.618125490007,3.155635351904));
#209 = CARTESIAN_POINT('',(5.572355868813,3.076373695057));
#210 = CARTESIAN_POINT('',(5.528771303804,2.995656203613));
#211 = CARTESIAN_POINT('',(5.487041394293,2.913700048857));
#212 = CARTESIAN_POINT('',(5.386899880157,2.706408611957));
#213 = CARTESIAN_POINT('',(5.330584423891,2.579994108724));
#214 = CARTESIAN_POINT('',(5.277080053563,2.4518586115));
#215 = CARTESIAN_POINT('',(5.225881873509,2.322395647149));
#216 = CARTESIAN_POINT('',(5.176564659546,2.191899161081));
#217 = CARTESIAN_POINT('',(5.128728557388,2.060585514386));
#218 = CARTESIAN_POINT('',(5.081969629409,1.928595394096));
#219 = CARTESIAN_POINT('',(5.018107356053,1.74557920739));
#220 = CARTESIAN_POINT('',(5.000578235132,1.69505298431));
#221 = CARTESIAN_POINT('',(4.983094849013,1.644462743988));
#222 = CARTESIAN_POINT('',(4.965623489533,1.593818564793));
#223 = CARTESIAN_POINT('',(4.94812650094,1.543131936762));
#224 = CARTESIAN_POINT('',(4.930560259328,1.492416150944));
#225 = CARTESIAN_POINT('',(4.912871884676,1.441686919537));
#226 = CARTESIAN_POINT('',(4.863364754162,1.301218356974));
#227 = CARTESIAN_POINT('',(4.831334165799,1.212029280319));
#228 = CARTESIAN_POINT('',(4.798336416082,1.122926299727));
#229 = CARTESIAN_POINT('',(4.763808548357,1.033804820748));
#230 = CARTESIAN_POINT('',(4.727004562119,0.94502790642));
#231 = CARTESIAN_POINT('',(4.686990099756,0.857369939762));
#232 = CARTESIAN_POINT('',(4.642047837266,0.772309713378));
#233 = CARTESIAN_POINT('',(4.560330704003,0.648596902983));
#234 = CARTESIAN_POINT('',(4.529096945178,0.606316235018));
#235 = CARTESIAN_POINT('',(4.495232625081,0.56625341452));
#236 = CARTESIAN_POINT('',(4.45865173844,0.529333651306));
#237 = CARTESIAN_POINT('',(4.419372120808,0.496341832998));
#238 = CARTESIAN_POINT('',(4.377755391942,0.467537425482));
#239 = CARTESIAN_POINT('',(4.334485244477,0.442806927772));
#240 = CARTESIAN_POINT('',(4.263464854035,0.408962736015));
#241 = CARTESIAN_POINT('',(4.236091712056,0.397466680915));
#242 = CARTESIAN_POINT('',(4.208453742253,0.387234804776));
#243 = CARTESIAN_POINT('',(4.180634200304,0.378137127587));
#244 = CARTESIAN_POINT('',(4.15269922135,0.370043304996));
#245 = CARTESIAN_POINT('',(4.124696391132,0.362833603955));
#246 = CARTESIAN_POINT('',(4.096654272995,0.356402554729));
#247 = CARTESIAN_POINT('',(4.009546218597,0.338568235878));
#248 = CARTESIAN_POINT('',(3.950462302896,0.32952299079));
#249 = CARTESIAN_POINT('',(3.891410490646,0.322627375109));
#250 = CARTESIAN_POINT('',(3.832448721884,0.3173187725));
#251 = CARTESIAN_POINT('',(3.77360680815,0.313206806067));
#252 = CARTESIAN_POINT('',(3.714884973665,0.310005342961));
#253 = CARTESIAN_POINT('',(3.656253252209,0.307507590496));
#254 = CARTESIAN_POINT('',(3.540490996159,0.303656745199));
#255 = CARTESIAN_POINT('',(3.483401799976,0.302278256094));
#256 = CARTESIAN_POINT('',(3.426365561317,0.30127987614));
#257 = CARTESIAN_POINT('',(3.369370552242,0.300565389949));
#258 = CARTESIAN_POINT('',(3.312406158336,0.300070698376));
#259 = CARTESIAN_POINT('',(3.255462022905,0.299754887344));
#260 = CARTESIAN_POINT('',(3.19852767676,0.299596747966));
#261 = CARTESIAN_POINT('',(3.14159265359,0.299596747966));
#262 = ( GEOMETRIC_REPRESENTATION_CONTEXT(2) 
PARAMETRIC_REPRESENTATION_CONTEXT() REPRESENTATION_CONTEXT('2D SPACE',''
  ) );
#263 = ORIENTED_EDGE('',*,*,#264,.T.);
#264 = EDGE_CURVE('',#46,#265,#267,.T.);
#265 = VERTEX_POINT('',#266);
#266 = CARTESIAN_POINT('',(10.9,2.204364238465E-16,-2.669730022141E-15)
  );
#267 = SEAM_CURVE('',#268,(#273,#280),.PCURVE_S1.);
#268 = CIRCLE('',#269,10.9);
#269 = AXIS2_PLACEMENT_3D('',#270,#271,#272);
#270 = CARTESIAN_POINT('',(0.,2.204364238465E-16,-2.447335932204E-32));
#271 = DIRECTION('',(0.,-1.,1.110223024625E-16));
#272 = DIRECTION('',(1.,0.,0.));
#273 = PCURVE('',#116,#274);
#274 = DEFINITIONAL_REPRESENTATION('',(#275),#279);
#275 = LINE('',#276,#277);
#276 = CARTESIAN_POINT('',(0.,0.));
#277 = VECTOR('',#278,1.);
#278 = DIRECTION('',(1.,0.));
#279 = ( GEOMETRIC_REPRESENTATION_CONTEXT(2) 
PARAMETRIC_REPRESENTATION_CONTEXT() REPRESENTATION_CONTEXT('2D SPACE',''
  ) );
#280 = PCURVE('',#116,#281);
#281 = DEFINITIONAL_REPRESENTATION('',(#282),#286);
#282 = LINE('',#283,#284);
#283 = CARTESIAN_POINT('',(0.,6.28318530718));
#284 = VECTOR('',#285,1.);
#285 = DIRECTION('',(1.,0.));
#286 = ( GEOMETRIC_REPRESENTATION_CONTEXT(2) 
PARAMETRIC_REPRESENTATION_CONTEXT() REPRESENTATION_CONTEXT('2D SPACE',''
  ) );
#287 = ORIENTED_EDGE('',*,*,#288,.T.);
#288 = EDGE_CURVE('',#265,#265,#289,.T.);
#289 = SEAM_CURVE('',#290,(#295,#302),.PCURVE_S1.);
#290 = CIRCLE('',#291,0.9);
#291 = AXIS2_PLACEMENT_3D('',#292,#293,#294);
#292 = CARTESIAN_POINT('',(10.,-2.719262146894E-31,-2.449293598295E-15)
  );
#293 = DIRECTION('',(-2.449293598295E-16,-1.110223024625E-16,-1.));
#294 = DIRECTION('',(1.,-2.719262146894E-32,-2.449293598295E-16));
#295 = PCURVE('',#116,#296);
#296 = DEFINITIONAL_REPRESENTATION('',(#297),#301);
#297 = LINE('',#298,#299);
#298 = CARTESIAN_POINT('',(0.,-0.));
#299 = VECTOR('',#300,1.);
#300 = DIRECTION('',(0.,1.));
#301 = ( GEOMETRIC_REPRESENTATION_CONTEXT(2) 
PARAMETRIC_REPRESENTATION_CONTEXT() REPRESENTATION_CONTEXT('2D SPACE',''
  ) );
#302 = PCURVE('',#116,#303);
#303 = DEFINITIONAL_REPRESENTATION('',(#304),#308);
#304 = LINE('',#305,#306);
#305 = CARTESIAN_POINT('',(6.28318530718,-0.));
#306 = VECTOR('',#307,1.);
#307 = DIRECTION('',(0.,1.));
#308 = ( GEOMETRIC_REPRESENTATION_CONTEXT(2) 
PARAMETRIC_REPRESENTATION_CONTEXT() REPRESENTATION_CONTEXT('2D SPACE',''
  ) );
#309 = ORIENTED_EDGE('',*,*,#264,.F.);
#310 = ORIENTED_EDGE('',*,*,#311,.T.);
#311 = EDGE_CURVE('',#46,#312,#314,.T.);
#312 = VERTEX_POINT('',#313);
#313 = CARTESIAN_POINT('',(-3.16532447656,0.206262135153,10.40524335742)
  );
#314 = SURFACE_CURVE('',#315,(#388,#464),.PCURVE_S1.);
#315 = B_SPLINE_CURVE_WITH_KNOTS('',8,(#316,#317,#318,#319,#320,#321,
    #322,#323,#324,#325,#326,#327,#328,#329,#330,#331,#332,#333,#334,
    #335,#336,#337,#338,#339,#340,#341,#342,#343,#344,#345,#346,#347,
    #348,#349,#350,#351,#352,#353,#354,#355,#356,#357,#358,#359,#360,
    #361,#362,#363,#364,#365,#366,#367,#368,#369,#370,#371,#372,#373,
    #374,#375,#376,#377,#378,#379,#380,#381,#382,#383,#384,#385,#386,
    #387),.UNSPECIFIED.,.F.,.F.,(9,7,7,7,7,7,7,7,7,7,9),(0.,
    0.10115847487,0.205801277751,0.255403372954,0.322912523057,
    0.453000973139,0.567973327502,0.735172825141,0.855005790151,
    0.944745894648,1.),.UNSPECIFIED.);
#316 = CARTESIAN_POINT('',(-6.500241951221,9.714093305716E-16,
    8.749677398373));
#317 = CARTESIAN_POINT('',(-6.500241951221,4.793816826824E-02,
    8.749677398373));
#318 = CARTESIAN_POINT('',(-6.497676970347,9.587579718312E-02,
    8.747947616727));
#319 = CARTESIAN_POINT('',(-6.492547415795,0.143589206152,8.744487819379
    ));
#320 = CARTESIAN_POINT('',(-6.484855340825,0.190854625624,8.739325036839
    ));
#321 = CARTESIAN_POINT('',(-6.474605818927,0.237449803727,8.732512319236
    ));
#322 = CARTESIAN_POINT('',(-6.46180478917,0.28315578257,8.724131227172)
  );
#323 = CARTESIAN_POINT('',(-6.446453372743,0.327758844213,8.714298058378
    ));
#324 = CARTESIAN_POINT('',(-6.410006889751,0.415837630336,8.691666395552
    ));
#325 = CARTESIAN_POINT('',(-6.388745841596,0.459188617458,8.678785920226
    ));
#326 = CARTESIAN_POINT('',(-6.364732314269,0.500916871693,8.664705925088
    ));
#327 = CARTESIAN_POINT('',(-6.337926512496,0.540809880836,8.649650387312
    ));
#328 = CARTESIAN_POINT('',(-6.308266508472,0.578637940655,8.633924232014
    ));
#329 = CARTESIAN_POINT('',(-6.275663660995,0.614166509821,8.617939931734
    ));
#330 = CARTESIAN_POINT('',(-6.239967071799,0.647172591338,8.602274055586
    ));
#331 = CARTESIAN_POINT('',(-6.182330325201,0.691821674431,8.580920869413
    ));
#332 = CARTESIAN_POINT('',(-6.163042413547,0.70556052531,8.574323443639)
  );
#333 = CARTESIAN_POINT('',(-6.142970241249,0.718660368057,8.568087423524
    ));
#334 = CARTESIAN_POINT('',(-6.122087004546,0.731094349111,8.562321286867
    ));
#335 = CARTESIAN_POINT('',(-6.10037041223,0.742832322926,8.557154565293)
  );
#336 = CARTESIAN_POINT('',(-6.077805542274,0.753844960171,8.552736037376
    ));
#337 = CARTESIAN_POINT('',(-6.054390420537,0.764108003394,8.54922546794)
  );
#338 = CARTESIAN_POINT('',(-5.997145039346,0.786534489328,8.543449071297
    ));
#339 = CARTESIAN_POINT('',(-5.962501347639,0.798087586447,8.542079760969
    ));
#340 = CARTESIAN_POINT('',(-5.926443879609,0.80813517418,8.543101292458)
  );
#341 = CARTESIAN_POINT('',(-5.889241327118,0.816659162217,8.546871514574
    ));
#342 = CARTESIAN_POINT('',(-5.851198972836,0.823752950095,8.553553186772
    ));
#343 = CARTESIAN_POINT('',(-5.81266452421,0.829573078871,8.563051363682)
  );
#344 = CARTESIAN_POINT('',(-5.774027568072,0.834286581208,8.575032697482
    ));
#345 = CARTESIAN_POINT('',(-5.661840700976,0.845322121078,8.616056845815
    ));
#346 = CARTESIAN_POINT('',(-5.589145188093,0.849082284428,8.650611838977
    ));
#347 = CARTESIAN_POINT('',(-5.517910877772,0.850774358698,8.690426712813
    ));
#348 = CARTESIAN_POINT('',(-5.448080657059,0.851108738347,8.733301389131
    ));
#349 = CARTESIAN_POINT('',(-5.379658971479,0.850380006084,8.778115273456
    ));
#350 = CARTESIAN_POINT('',(-5.312440575929,0.848822150077,8.824083812071
    ));
#351 = CARTESIAN_POINT('',(-5.24602705792,0.846523481168,8.870961266329)
  );
#352 = CARTESIAN_POINT('',(-5.121245394595,0.840836385778,8.961106386984
    ));
#353 = CARTESIAN_POINT('',(-5.063177372884,0.837620809225,9.003916557913
    ));
#354 = CARTESIAN_POINT('',(-5.005463375658,0.833893616301,9.04705427022)
  );
#355 = CARTESIAN_POINT('',(-4.948027378934,0.82966461553,9.090390383202)
  );
#356 = CARTESIAN_POINT('',(-4.890818368521,0.824929042156,9.133833207792
    ));
#357 = CARTESIAN_POINT('',(-4.833797722042,0.819674319634,9.177312967901
    ));
#358 = CARTESIAN_POINT('',(-4.776933268416,0.813882153255,9.220774412591
    ));
#359 = CARTESIAN_POINT('',(-4.637695235864,0.79828240336,9.327296993082)
  );
#360 = CARTESIAN_POINT('',(-4.555488110441,0.787848660901,9.390276851257
    ));
#361 = CARTESIAN_POINT('',(-4.473507887957,0.776146641351,9.452984739939
    ));
#362 = CARTESIAN_POINT('',(-4.391735882698,0.763073748853,9.51532048065)
  );
#363 = CARTESIAN_POINT('',(-4.310187586763,0.748505371433,9.577193486841
    ));
#364 = CARTESIAN_POINT('',(-4.228906860641,0.732293712269,9.638514258209
    ));
#365 = CARTESIAN_POINT('',(-4.147967955288,0.714258488724,9.69919020271)
  );
#366 = CARTESIAN_POINT('',(-4.00979566483,0.679763914629,9.802065167229)
  );
#367 = CARTESIAN_POINT('',(-3.952357435925,0.664309019717,9.844617872646
    ));
#368 = CARTESIAN_POINT('',(-3.89519781945,0.647713610283,9.886742438531)
  );
#369 = CARTESIAN_POINT('',(-3.838372951829,0.629876636711,9.928392624186
    ));
#370 = CARTESIAN_POINT('',(-3.781962866723,0.610684056283,9.969508127974
    ));
#371 = CARTESIAN_POINT('',(-3.72607484685,0.590003438609,10.010012495101
    ));
#372 = CARTESIAN_POINT('',(-3.670850970164,0.567671853156,10.04980840752
    ));
#373 = CARTESIAN_POINT('',(-3.575762590561,0.52535810841,10.117948047785
    ));
#374 = CARTESIAN_POINT('',(-3.535550084057,0.506205523839,
    10.146639043838));
#375 = CARTESIAN_POINT('',(-3.495901389966,0.485924682157,
    10.174805350725));
#376 = CARTESIAN_POINT('',(-3.456919672572,0.464410915531,
    10.202378692862));
#377 = CARTESIAN_POINT('',(-3.418750545187,0.441552242095,
    10.229262657387));
#378 = CARTESIAN_POINT('',(-3.381586903158,0.417225702817,
    10.255330269262));
#379 = CARTESIAN_POINT('',(-3.345680246038,0.391287284439,
    10.280416996565));
#380 = CARTESIAN_POINT('',(-3.290226153545,0.346480577742,
    10.319019905981));
#381 = CARTESIAN_POINT('',(-3.269707883536,0.328736359186,
    10.333268563206));
#382 = CARTESIAN_POINT('',(-3.249877239015,0.310279706779,
    10.347007452478));
#383 = CARTESIAN_POINT('',(-3.230832896185,0.291072800992,
    10.360171891151));
#384 = CARTESIAN_POINT('',(-3.212698477053,0.271084270359,
    10.372680690112));
#385 = CARTESIAN_POINT('',(-3.195621034914,0.250291255757,
    10.384437341362));
#386 = CARTESIAN_POINT('',(-3.17976819558,0.228682337401,10.395331922166
    ));
#387 = CARTESIAN_POINT('',(-3.165323954353,0.206261324561,
    10.405243715765));
#388 = PCURVE('',#116,#389);
#389 = DEFINITIONAL_REPRESENTATION('',(#390),#463);
#390 = B_SPLINE_CURVE_WITH_KNOTS('',8,(#391,#392,#393,#394,#395,#396,
    #397,#398,#399,#400,#401,#402,#403,#404,#405,#406,#407,#408,#409,
    #410,#411,#412,#413,#414,#415,#416,#417,#418,#419,#420,#421,#422,
    #423,#424,#425,#426,#427,#428,#429,#430,#431,#432,#433,#434,#435,
    #436,#437,#438,#439,#440,#441,#442,#443,#444,#445,#446,#447,#448,
    #449,#450,#451,#452,#453,#454,#455,#456,#457,#458,#459,#460,#461,
    #462),.UNSPECIFIED.,.F.,.F.,(9,7,7,7,7,7,7,7,7,7,9),(0.,
    0.10115847487,0.205801277751,0.255403372954,0.322912523057,
    0.453000973139,0.567973327502,0.735172825141,0.855005790151,
    0.944745894648,1.),.UNSPECIFIED.);
#391 = CARTESIAN_POINT('',(2.209745779684,6.28318530718));
#392 = CARTESIAN_POINT('',(2.209745779684,6.22992067577));
#393 = CARTESIAN_POINT('',(2.209651521331,6.176656680903));
#394 = CARTESIAN_POINT('',(2.209463050323,6.12341141367));
#395 = CARTESIAN_POINT('',(2.209178752064,6.070203522965));
#396 = CARTESIAN_POINT('',(2.208795533409,6.01705335965));
#397 = CARTESIAN_POINT('',(2.208308511613,5.963985085257));
#398 = CARTESIAN_POINT('',(2.207710210504,5.911029745264));
#399 = CARTESIAN_POINT('',(2.206243484733,5.803610196935));
#400 = CARTESIAN_POINT('',(2.205367012934,5.749197079421));
#401 = CARTESIAN_POINT('',(2.204346862946,5.694992461848));
#402 = CARTESIAN_POINT('',(2.203165586624,5.641044795796));
#403 = CARTESIAN_POINT('',(2.201799051532,5.587456656001));
#404 = CARTESIAN_POINT('',(2.20021449785,5.534391917597));
#405 = CARTESIAN_POINT('',(2.198364472294,5.482100008212));
#406 = CARTESIAN_POINT('',(2.195133088647,5.406741518104));
#407 = CARTESIAN_POINT('',(2.194017733836,5.382785607837));
#408 = CARTESIAN_POINT('',(2.192818138965,5.359150310495));
#409 = CARTESIAN_POINT('',(2.191525645779,5.335899299442));
#410 = CARTESIAN_POINT('',(2.190130723189,5.313119252939));
#411 = CARTESIAN_POINT('',(2.188623321854,5.290918751423));
#412 = CARTESIAN_POINT('',(2.186993831972,5.269424010789));
#413 = CARTESIAN_POINT('',(2.182840365016,5.220663027891));
#414 = CARTESIAN_POINT('',(2.180198195411,5.194025134915));
#415 = CARTESIAN_POINT('',(2.177301034961,5.169384513224));
#416 = CARTESIAN_POINT('',(2.174149495248,5.147185957584));
#417 = CARTESIAN_POINT('',(2.170759196868,5.127710355576));
#418 = CARTESIAN_POINT('',(2.167164633803,5.111035792706));
#419 = CARTESIAN_POINT('',(2.163417539109,5.097055270444));
#420 = CARTESIAN_POINT('',(2.152178384356,5.063422316094));
#421 = CARTESIAN_POINT('',(2.144436520194,5.050529769606));
#422 = CARTESIAN_POINT('',(2.136517767462,5.044597670659));
#423 = CARTESIAN_POINT('',(2.128551157942,5.043476529655));
#424 = CARTESIAN_POINT('',(2.120603714184,5.046036832336));
#425 = CARTESIAN_POINT('',(2.112705698912,5.051366442995));
#426 = CARTESIAN_POINT('',(2.104840588537,5.058973964579));
#427 = CARTESIAN_POINT('',(2.08998906861,5.077094548049));
#428 = CARTESIAN_POINT('',(2.083046987436,5.087118404938));
#429 = CARTESIAN_POINT('',(2.076132505962,5.098411439878));
#430 = CARTESIAN_POINT('',(2.069247367529,5.110809974872));
#431 = CARTESIAN_POINT('',(2.062393012357,5.124204245785));
#432 = CARTESIAN_POINT('',(2.055570529193,5.138515531764));
#433 = CARTESIAN_POINT('',(2.048780640729,5.15368607567));
#434 = CARTESIAN_POINT('',(2.032197418912,5.192943703473));
#435 = CARTESIAN_POINT('',(2.022443296055,5.217944073018));
#436 = CARTESIAN_POINT('',(2.012763476123,5.24456972011));
#437 = CARTESIAN_POINT('',(2.003162082183,5.272783085872));
#438 = CARTESIAN_POINT('',(1.99364510703,5.302593234509));
#439 = CARTESIAN_POINT('',(1.984220393911,5.334046900904));
#440 = CARTESIAN_POINT('',(1.974897937268,5.367235354368));
#441 = CARTESIAN_POINT('',(1.959091832892,5.427453110166));
#442 = CARTESIAN_POINT('',(1.952553859226,5.453557512009));
#443 = CARTESIAN_POINT('',(1.946080484177,5.480684841844));
#444 = CARTESIAN_POINT('',(1.939677933947,5.508908316902));
#445 = CARTESIAN_POINT('',(1.93335482377,5.538313724793));
#446 = CARTESIAN_POINT('',(1.927122443677,5.569005324063));
#447 = CARTESIAN_POINT('',(1.920995473428,5.601119500823));
#448 = CARTESIAN_POINT('',(1.910498109487,5.660103303689));
#449 = CARTESIAN_POINT('',(1.906075909312,5.686248927749));
#450 = CARTESIAN_POINT('',(1.901732332481,5.713371720207));
#451 = CARTESIAN_POINT('',(1.897477903476,5.741567478217));
#452 = CARTESIAN_POINT('',(1.893327549364,5.770937104474));
#453 = CARTESIAN_POINT('',(1.88930099206,5.801592503102));
#454 = CARTESIAN_POINT('',(1.885423848363,5.833670396484));
#455 = CARTESIAN_POINT('',(1.879454742939,5.888093518028));
#456 = CARTESIAN_POINT('',(1.877250746761,5.909428929897));
#457 = CARTESIAN_POINT('',(1.875124893716,5.93140437561));
#458 = CARTESIAN_POINT('',(1.873087266901,5.954057567477));
#459 = CARTESIAN_POINT('',(1.871150523118,5.977419752757));
#460 = CARTESIAN_POINT('',(1.86932971217,6.00151480053));
#461 = CARTESIAN_POINT('',(1.867641980386,6.026357475797));
#462 = CARTESIAN_POINT('',(1.86610615836,6.051950900837));
#463 = ( GEOMETRIC_REPRESENTATION_CONTEXT(2) 
PARAMETRIC_REPRESENTATION_CONTEXT() REPRESENTATION_CONTEXT('2D SPACE',''
  ) );
#464 = PCURVE('',#190,#465);
#465 = DEFINITIONAL_REPRESENTATION('',(#466),#539);
#466 = B_SPLINE_CURVE_WITH_KNOTS('',8,(#467,#468,#469,#470,#471,#472,
    #473,#474,#475,#476,#477,#478,#479,#480,#481,#482,#483,#484,#485,
    #486,#487,#488,#489,#490,#491,#492,#493,#494,#495,#496,#497,#498,
    #499,#500,#501,#502,#503,#504,#505,#506,#507,#508,#509,#510,#511,
    #512,#513,#514,#515,#516,#517,#518,#519,#520,#521,#522,#523,#524,
    #525,#526,#527,#528,#529,#530,#531,#532,#533,#534,#535,#536,#537,
    #538),.UNSPECIFIED.,.F.,.F.,(9,7,7,7,7,7,7,7,7,7,9),(0.,
    0.10115847487,0.205801277751,0.255403372954,0.322912523057,
    0.453000973139,0.567973327502,0.735172825141,0.855005790151,
    0.944745894648,1.),.UNSPECIFIED.);
#467 = CARTESIAN_POINT('',(3.14159265359,0.299596747966));
#468 = CARTESIAN_POINT('',(3.085194808568,0.299596747966));
#469 = CARTESIAN_POINT('',(3.028797585062,0.299751911174));
#470 = CARTESIAN_POINT('',(2.972390844316,0.300061806026));
#471 = CARTESIAN_POINT('',(2.915964434993,0.300546824976));
#472 = CARTESIAN_POINT('',(2.859508296705,0.301246364032));
#473 = CARTESIAN_POINT('',(2.803012108819,0.302222108236));
#474 = CARTESIAN_POINT('',(2.746464484538,0.303566423056));
#475 = CARTESIAN_POINT('',(2.631288951311,0.307328982591));
#476 = CARTESIAN_POINT('',(2.572699620348,0.309781231223));
#477 = CARTESIAN_POINT('',(2.514021277769,0.312925351509));
#478 = CARTESIAN_POINT('',(2.455224498167,0.316964402352));
#479 = CARTESIAN_POINT('',(2.396308827107,0.322179480528));
#480 = CARTESIAN_POINT('',(2.337302173263,0.32895374879));
#481 = CARTESIAN_POINT('',(2.278259260712,0.33783900139));
#482 = CARTESIAN_POINT('',(2.191285842563,0.35533850041));
#483 = CARTESIAN_POINT('',(2.163343637405,0.361633306783));
#484 = CARTESIAN_POINT('',(2.135437206144,0.36868779407));
#485 = CARTESIAN_POINT('',(2.107593392037,0.376604826767));
#486 = CARTESIAN_POINT('',(2.079857288145,0.385501404897));
#487 = CARTESIAN_POINT('',(2.052291849054,0.395505504536));
#488 = CARTESIAN_POINT('',(2.024976652313,0.40674612203));
#489 = CARTESIAN_POINT('',(1.961298112765,0.43647223343));
#490 = CARTESIAN_POINT('',(1.925111389991,0.456163000192));
#491 = CARTESIAN_POINT('',(1.889908485913,0.478614706201));
#492 = CARTESIAN_POINT('',(1.856090516079,0.503952415388));
#493 = CARTESIAN_POINT('',(1.8239430057,0.532123165716));
#494 = CARTESIAN_POINT('',(1.793622610142,0.56284237642));
#495 = CARTESIAN_POINT('',(1.765181713794,0.595609617143));
#496 = CARTESIAN_POINT('',(1.687460252342,0.695741056067));
#497 = CARTESIAN_POINT('',(1.643312266021,0.767002358326));
#498 = CARTESIAN_POINT('',(1.604383812138,0.841594843587));
#499 = CARTESIAN_POINT('',(1.568980026892,0.91779271707));
#500 = CARTESIAN_POINT('',(1.536244568049,0.994696835877));
#501 = CARTESIAN_POINT('',(1.505401320552,1.071802704099));
#502 = CARTESIAN_POINT('',(1.475875617065,1.149152778312));
#503 = CARTESIAN_POINT('',(1.421651536008,1.29613787283));
#504 = CARTESIAN_POINT('',(1.396938068358,1.365226822601));
#505 = CARTESIAN_POINT('',(1.372685647941,1.434365390781));
#506 = CARTESIAN_POINT('',(1.348714391628,1.503495879201));
#507 = CARTESIAN_POINT('',(1.324893247134,1.572575545121));
#508 = CARTESIAN_POINT('',(1.301115924176,1.641571741096));
#509 = CARTESIAN_POINT('',(1.277289215352,1.710459569023));
#510 = CARTESIAN_POINT('',(1.218496210125,1.879220452947));
#511 = CARTESIAN_POINT('',(1.183394205518,1.978928614741));
#512 = CARTESIAN_POINT('',(1.147782442803,2.078283059177));
#513 = CARTESIAN_POINT('',(1.111470977479,2.177214854901));
#514 = CARTESIAN_POINT('',(1.074285034683,2.275642237415));
#515 = CARTESIAN_POINT('',(1.036048420152,2.373467290182));
#516 = CARTESIAN_POINT('',(0.996569395667,2.470571388995));
#517 = CARTESIAN_POINT('',(0.926250592972,2.635774734885));
#518 = CARTESIAN_POINT('',(0.896139075888,2.704279836562));
#519 = CARTESIAN_POINT('',(0.86518251175,2.772275259154));
#520 = CARTESIAN_POINT('',(0.833280885454,2.839690328251));
#521 = CARTESIAN_POINT('',(0.800325220445,2.906428782346));
#522 = CARTESIAN_POINT('',(0.766190052771,2.972365087971));
#523 = CARTESIAN_POINT('',(0.730718199088,3.037336143917));
#524 = CARTESIAN_POINT('',(0.665974121591,3.148900883891));
#525 = CARTESIAN_POINT('',(0.637399354499,3.195981184636));
#526 = CARTESIAN_POINT('',(0.607874478043,3.2423034466));
#527 = CARTESIAN_POINT('',(0.57729432618,3.287751150746));
#528 = CARTESIAN_POINT('',(0.545549204551,3.332159798797));
#529 = CARTESIAN_POINT('',(0.512518189732,3.375312073514));
#530 = CARTESIAN_POINT('',(0.478054129298,3.416925449629));
#531 = CARTESIAN_POINT('',(0.419736946597,3.481080232658));
#532 = CARTESIAN_POINT('',(0.396909428166,3.504790120443));
#533 = CARTESIAN_POINT('',(0.373430417458,3.527679618574));
#534 = CARTESIAN_POINT('',(0.34925943188,3.54963777521));
#535 = CARTESIAN_POINT('',(0.324362800286,3.570525465858));
#536 = CARTESIAN_POINT('',(0.298714457287,3.590177252141));
#537 = CARTESIAN_POINT('',(0.272297607759,3.608404620385));
#538 = CARTESIAN_POINT('',(0.24510726156,3.6250006));
#539 = ( GEOMETRIC_REPRESENTATION_CONTEXT(2) 
PARAMETRIC_REPRESENTATION_CONTEXT() REPRESENTATION_CONTEXT('2D SPACE',''
  ) );
#540 = ORIENTED_EDGE('',*,*,#541,.T.);
#541 = EDGE_CURVE('',#312,#542,#544,.T.);
#542 = VERTEX_POINT('',#543);
#543 = CARTESIAN_POINT('',(-3.189061328523,1.377626989039E-15,
    10.423045996393));
#544 = SURFACE_CURVE('',#545,(#553,#564),.PCURVE_S1.);
#545 = B_SPLINE_CURVE_WITH_KNOTS('',6,(#546,#547,#548,#549,#550,#551,
    #552),.UNSPECIFIED.,.F.,.F.,(7,7),(0.,1.),.PIECEWISE_BEZIER_KNOTS.);
#546 = CARTESIAN_POINT('',(-3.009,0.541326802453,10.288));
#547 = CARTESIAN_POINT('',(-3.065545032648,0.466180341682,
    10.330408774486));
#548 = CARTESIAN_POINT('',(-3.113370603143,0.38274140005,10.366277952357
    ));
#549 = CARTESIAN_POINT('',(-3.150752982466,0.292287912472,10.39431473685
    ));
#550 = CARTESIAN_POINT('',(-3.176300382879,0.196669364154,
    10.413475287159));
#551 = CARTESIAN_POINT('',(-3.189061328523,9.830361751884E-02,
    10.423045996393));
#552 = CARTESIAN_POINT('',(-3.189061328523,1.157190565192E-15,
    10.423045996393));
#553 = PCURVE('',#116,#554);
#554 = DEFINITIONAL_REPRESENTATION('',(#555),#563);
#555 = B_SPLINE_CURVE_WITH_KNOTS('',6,(#556,#557,#558,#559,#560,#561,
    #562),.UNSPECIFIED.,.F.,.F.,(7,7),(0.,1.),.PIECEWISE_BEZIER_KNOTS.);
#556 = CARTESIAN_POINT('',(1.855336774142,5.637840140951));
#557 = CARTESIAN_POINT('',(1.85928924631,5.742354951462));
#558 = CARTESIAN_POINT('',(1.862582187315,5.848533129425));
#559 = CARTESIAN_POINT('',(1.865124872097,5.956070482089));
#560 = CARTESIAN_POINT('',(1.866851662681,6.064664972846));
#561 = CARTESIAN_POINT('',(1.867714298641,6.173959065492));
#562 = CARTESIAN_POINT('',(1.867714298641,6.28318530718));
#563 = ( GEOMETRIC_REPRESENTATION_CONTEXT(2) 
PARAMETRIC_REPRESENTATION_CONTEXT() REPRESENTATION_CONTEXT('2D SPACE',''
  ) );
#564 = PCURVE('',#565,#570);
#565 = PLANE('',#566);
#566 = AXIS2_PLACEMENT_3D('',#567,#568,#569);
#567 = CARTESIAN_POINT('',(-3.825,0.,10.9));
#568 = DIRECTION('',(0.6,0.,0.8));
#569 = DIRECTION('',(0.8,0.,-0.6));
#570 = DEFINITIONAL_REPRESENTATION('',(#571),#579);
#571 = B_SPLINE_CURVE_WITH_KNOTS('',6,(#572,#573,#574,#575,#576,#577,
    #578),.UNSPECIFIED.,.F.,.F.,(7,7),(0.,1.),.PIECEWISE_BEZIER_KNOTS.);
#572 = CARTESIAN_POINT('',(1.02,0.541326802453));
#573 = CARTESIAN_POINT('',(0.94931870919,0.466180341682));
#574 = CARTESIAN_POINT('',(0.889536746071,0.38274140005));
#575 = CARTESIAN_POINT('',(0.842808771917,0.292287912472));
#576 = CARTESIAN_POINT('',(0.810874521401,0.196669364154));
#577 = CARTESIAN_POINT('',(0.794923339346,9.830361751884E-02));
#578 = CARTESIAN_POINT('',(0.794923339346,1.157190565192E-15));
#579 = ( GEOMETRIC_REPRESENTATION_CONTEXT(2) 
PARAMETRIC_REPRESENTATION_CONTEXT() REPRESENTATION_CONTEXT('2D SPACE',''
  ) );
#580 = ORIENTED_EDGE('',*,*,#581,.F.);
#581 = EDGE_CURVE('',#582,#542,#584,.T.);
#582 = VERTEX_POINT('',#583);
#583 = CARTESIAN_POINT('',(-2.078460969083,1.408375060195E-15,10.7));
#584 = SEAM_CURVE('',#585,(#590,#597),.PCURVE_S1.);
#585 = CIRCLE('',#586,10.9);
#586 = AXIS2_PLACEMENT_3D('',#587,#588,#589);
#587 = CARTESIAN_POINT('',(0.,2.204364238465E-16,-2.447335932204E-32));
#588 = DIRECTION('',(0.,-1.,1.110223024625E-16));
#589 = DIRECTION('',(1.,0.,0.));
#590 = PCURVE('',#116,#591);
#591 = DEFINITIONAL_REPRESENTATION('',(#592),#596);
#592 = LINE('',#593,#594);
#593 = CARTESIAN_POINT('',(0.,0.));
#594 = VECTOR('',#595,1.);
#595 = DIRECTION('',(1.,0.));
#596 = ( GEOMETRIC_REPRESENTATION_CONTEXT(2) 
PARAMETRIC_REPRESENTATION_CONTEXT() REPRESENTATION_CONTEXT('2D SPACE',''
  ) );
#597 = PCURVE('',#116,#598);
#598 = DEFINITIONAL_REPRESENTATION('',(#599),#603);
#599 = LINE('',#600,#601);
#600 = CARTESIAN_POINT('',(0.,6.28318530718));
#601 = VECTOR('',#602,1.);
#602 = DIRECTION('',(1.,0.));
#603 = ( GEOMETRIC_REPRESENTATION_CONTEXT(2) 
PARAMETRIC_REPRESENTATION_CONTEXT() REPRESENTATION_CONTEXT('2D SPACE',''
  ) );
#604 = ORIENTED_EDGE('',*,*,#605,.T.);
#605 = EDGE_CURVE('',#582,#606,#608,.T.);
#606 = VERTEX_POINT('',#607);
#607 = CARTESIAN_POINT('',(2.078460969083,1.408375060195E-15,10.7));
#608 = SURFACE_CURVE('',#609,(#675,#744),.PCURVE_S1.);
#609 = B_SPLINE_CURVE_WITH_KNOTS('',8,(#610,#611,#612,#613,#614,#615,
    #616,#617,#618,#619,#620,#621,#622,#623,#624,#625,#626,#627,#628,
    #629,#630,#631,#632,#633,#634,#635,#636,#637,#638,#639,#640,#641,
    #642,#643,#644,#645,#646,#647,#648,#649,#650,#651,#652,#653,#654,
    #655,#656,#657,#658,#659,#660,#661,#662,#663,#664,#665,#666,#667,
    #668,#669,#670,#671,#672,#673,#674),.UNSPECIFIED.,.F.,.F.,(9,7,7,7,7
    ,7,7,7,7,9),(0.,4.086344264432E-02,0.1195437345,0.232990406052,
    0.504255791957,0.693895316564,0.789345547362,0.849943768165,
    0.941973265962,1.),.UNSPECIFIED.);
#610 = CARTESIAN_POINT('',(-2.078460969083,1.187938636349E-15,10.7));
#611 = CARTESIAN_POINT('',(-2.078460969083,1.663565805651E-02,10.7));
#612 = CARTESIAN_POINT('',(-2.076617975085,3.327779505005E-02,10.7));
#613 = CARTESIAN_POINT('',(-2.072929661091,4.979729783787E-02,10.7));
#614 = CARTESIAN_POINT('',(-2.067460486588,6.608881099093E-02,10.7));
#615 = CARTESIAN_POINT('',(-2.060319473448,8.206799345488E-02,10.7));
#616 = CARTESIAN_POINT('',(-2.051642320577,9.766910177752E-02,10.7));
#617 = CARTESIAN_POINT('',(-2.041577856303,0.112842899902,10.7));
#618 = CARTESIAN_POINT('',(-2.008523177315,0.15588202694,10.7));
#619 = CARTESIAN_POINT('',(-1.982226023051,0.182450483026,10.7));
#620 = CARTESIAN_POINT('',(-1.952322406384,0.207259418131,10.7));
#621 = CARTESIAN_POINT('',(-1.919613485443,0.230367433487,10.7));
#622 = CARTESIAN_POINT('',(-1.884747114308,0.251875832841,10.7));
#623 = CARTESIAN_POINT('',(-1.848202329649,0.271915081029,10.7));
#624 = CARTESIAN_POINT('',(-1.81027774554,0.290634465518,10.7));
#625 = CARTESIAN_POINT('',(-1.714571403819,0.333514894318,10.7));
#626 = CARTESIAN_POINT('',(-1.655654402958,0.356320818045,10.7));
#627 = CARTESIAN_POINT('',(-1.594952374819,0.377013206467,10.7));
#628 = CARTESIAN_POINT('',(-1.53289092131,0.395842967542,10.7));
#629 = CARTESIAN_POINT('',(-1.469785295275,0.413014141627,10.7));
#630 = CARTESIAN_POINT('',(-1.405856298717,0.428704803128,10.7));
#631 = CARTESIAN_POINT('',(-1.341224033402,0.44305968618,10.7));
#632 = CARTESIAN_POINT('',(-1.119786820824,0.487647474966,10.7));
#633 = CARTESIAN_POINT('',(-0.960401213698,0.512074151875,10.7));
#634 = CARTESIAN_POINT('',(-0.798954838924,0.531178401975,10.7));
#635 = CARTESIAN_POINT('',(-0.636189318804,0.545650400736,10.7));
#636 = CARTESIAN_POINT('',(-0.472688532445,0.556107844014,10.7));
#637 = CARTESIAN_POINT('',(-0.308787980292,0.562839138611,10.7));
#638 = CARTESIAN_POINT('',(-0.144670490797,0.566037193962,10.7));
#639 = CARTESIAN_POINT('',(0.134583872913,0.565401435269,10.7));
#640 = CARTESIAN_POINT('',(0.249445125259,0.563394327204,10.7));
#641 = CARTESIAN_POINT('',(0.364208269347,0.559640332771,10.7));
#642 = CARTESIAN_POINT('',(0.478786314263,0.554090709703,10.7));
#643 = CARTESIAN_POINT('',(0.593067566474,0.546658939303,10.7));
#644 = CARTESIAN_POINT('',(0.70691469747,0.537215745079,10.7));
#645 = CARTESIAN_POINT('',(0.820160622711,0.525569525652,10.7));
#646 = CARTESIAN_POINT('',(0.989195292202,0.504316539674,10.7));
#647 = CARTESIAN_POINT('',(1.045574947913,0.496570902698,10.7));
#648 = CARTESIAN_POINT('',(1.101715822967,0.488158647811,10.7));
#649 = CARTESIAN_POINT('',(1.157582936564,0.479036755299,10.7));
#650 = CARTESIAN_POINT('',(1.213130779605,0.469155865844,10.7));
#651 = CARTESIAN_POINT('',(1.268302523351,0.458458424913,10.7));
#652 = CARTESIAN_POINT('',(1.323028320285,0.446874934625,10.7));
#653 = CARTESIAN_POINT('',(1.411628929524,0.426346525968,10.7));
#654 = CARTESIAN_POINT('',(1.445817017072,0.417983543296,10.7));
#655 = CARTESIAN_POINT('',(1.479765910968,0.409206548662,10.7));
#656 = CARTESIAN_POINT('',(1.513448643473,0.399991146113,10.7));
#657 = CARTESIAN_POINT('',(1.546831581042,0.390310359273,10.7));
#658 = CARTESIAN_POINT('',(1.579873677379,0.380133630431,10.7));
#659 = CARTESIAN_POINT('',(1.61252572651,0.369425819636,10.7));
#660 = CARTESIAN_POINT('',(1.693637120431,0.341016041079,10.7));
#661 = CARTESIAN_POINT('',(1.741373934271,0.322615023953,10.7));
#662 = CARTESIAN_POINT('',(1.787893607744,0.302757530931,10.7));
#663 = CARTESIAN_POINT('',(1.832956220271,0.281256405008,10.7));
#664 = CARTESIAN_POINT('',(1.876108692816,0.257915339602,10.7));
#665 = CARTESIAN_POINT('',(1.916704435785,0.232544837054,10.7));
#666 = CARTESIAN_POINT('',(1.953893152929,0.204958320896,10.7));
#667 = CARTESIAN_POINT('',(2.007078323455,0.155955656162,10.7));
#668 = CARTESIAN_POINT('',(2.02583357541,0.136020161677,10.7));
#669 = CARTESIAN_POINT('',(2.042404451686,0.115106950384,10.7));
#670 = CARTESIAN_POINT('',(2.056363651982,9.326984968377E-02,10.7));
#671 = CARTESIAN_POINT('',(2.067272999048,7.061835441381E-02,10.7));
#672 = CARTESIAN_POINT('',(2.074731544293,4.732932471851E-02,10.7));
#673 = CARTESIAN_POINT('',(2.078460969083,2.366472025502E-02,10.7));
#674 = CARTESIAN_POINT('',(2.078460969083,1.187938636349E-15,10.7));
#675 = PCURVE('',#116,#676);
#676 = DEFINITIONAL_REPRESENTATION('',(#677),#743);
#677 = B_SPLINE_CURVE_WITH_KNOTS('',8,(#678,#679,#680,#681,#682,#683,
    #684,#685,#686,#687,#688,#689,#690,#691,#692,#693,#694,#695,#696,
    #697,#698,#699,#700,#701,#702,#703,#704,#705,#706,#707,#708,#709,
    #710,#711,#712,#713,#714,#715,#716,#717,#718,#719,#720,#721,#722,
    #723,#724,#725,#726,#727,#728,#729,#730,#731,#732,#733,#734,#735,
    #736,#737,#738,#739,#740,#741,#742),.UNSPECIFIED.,.F.,.F.,(9,7,7,7,7
    ,7,7,7,7,9),(0.,4.086344264432E-02,0.1195437345,0.232990406052,
    0.504255791957,0.693895316564,0.789345547362,0.849943768165,
    0.941973265962,1.),.UNSPECIFIED.);
#678 = CARTESIAN_POINT('',(1.762655712996,6.28318530718));
#679 = CARTESIAN_POINT('',(1.762655712996,6.264701242672));
#680 = CARTESIAN_POINT('',(1.762489732829,6.246209985642));
#681 = CARTESIAN_POINT('',(1.762157565709,6.227845343926));
#682 = CARTESIAN_POINT('',(1.761664952117,6.209714766641));
#683 = CARTESIAN_POINT('',(1.761021593341,6.191903747916));
#684 = CARTESIAN_POINT('',(1.76023955975,6.174479255354));
#685 = CARTESIAN_POINT('',(1.759332093785,6.157492183243));
#686 = CARTESIAN_POINT('',(1.756350228801,6.109183285866));
#687 = CARTESIAN_POINT('',(1.753976294724,6.079196374494));
#688 = CARTESIAN_POINT('',(1.751274133858,6.051002781229));
#689 = CARTESIAN_POINT('',(1.748314938263,6.024541833522));
#690 = CARTESIAN_POINT('',(1.745156384617,5.999716178488));
#691 = CARTESIAN_POINT('',(1.741841250759,5.976399188302));
#692 = CARTESIAN_POINT('',(1.738396227795,5.954441093925));
#693 = CARTESIAN_POINT('',(1.729690232257,5.903730198378));
#694 = CARTESIAN_POINT('',(1.724320806831,5.87638619201));
#695 = CARTESIAN_POINT('',(1.718777899557,5.851240635371));
#696 = CARTESIAN_POINT('',(1.71309977926,5.828058514609));
#697 = CARTESIAN_POINT('',(1.707315111651,5.80665317386));
#698 = CARTESIAN_POINT('',(1.701444222319,5.786861342896));
#699 = CARTESIAN_POINT('',(1.695498379459,5.768551131549));
#700 = CARTESIAN_POINT('',(1.675093459574,5.711078237319));
#701 = CARTESIAN_POINT('',(1.660350026446,5.678489186307));
#702 = CARTESIAN_POINT('',(1.645364865983,5.652310492247));
#703 = CARTESIAN_POINT('',(1.630214958744,5.632045422427));
#704 = CARTESIAN_POINT('',(1.614964594019,5.61720258318));
#705 = CARTESIAN_POINT('',(1.599655907804,5.607576978636));
#706 = CARTESIAN_POINT('',(1.584316883502,5.603008974522));
#707 = CARTESIAN_POINT('',(1.558218433165,5.603917177735));
#708 = CARTESIAN_POINT('',(1.547484257821,5.606784144274));
#709 = CARTESIAN_POINT('',(1.536763509482,5.612143869406));
#710 = CARTESIAN_POINT('',(1.526068077731,5.62003411705));
#711 = CARTESIAN_POINT('',(1.51541208752,5.63051916612));
#712 = CARTESIAN_POINT('',(1.504811884997,5.643694523461));
#713 = CARTESIAN_POINT('',(1.494286279672,5.659708125965));
#714 = CARTESIAN_POINT('',(1.478607751917,5.688406450447));
#715 = CARTESIAN_POINT('',(1.473383840825,5.698792657898));
#716 = CARTESIAN_POINT('',(1.468187925132,5.709986900055));
#717 = CARTESIAN_POINT('',(1.463023576609,5.722025190465));
#718 = CARTESIAN_POINT('',(1.457895301091,5.734949144432));
#719 = CARTESIAN_POINT('',(1.45280859536,5.74880796551));
#720 = CARTESIAN_POINT('',(1.44777008313,5.763662584485));
#721 = CARTESIAN_POINT('',(1.43962459766,5.789704983066));
#722 = CARTESIAN_POINT('',(1.436484464128,5.800249900044));
#723 = CARTESIAN_POINT('',(1.433369290193,5.811247553991));
#724 = CARTESIAN_POINT('',(1.430281567006,5.822720139034));
#725 = CARTESIAN_POINT('',(1.427224377951,5.8346923362));
#726 = CARTESIAN_POINT('',(1.424201460366,5.847192458416));
#727 = CARTESIAN_POINT('',(1.421217267263,5.860253595493));
#728 = CARTESIAN_POINT('',(1.413811738773,5.894661738347));
#729 = CARTESIAN_POINT('',(1.409460338784,5.916734538736));
#730 = CARTESIAN_POINT('',(1.405226735119,5.940323712699));
#731 = CARTESIAN_POINT('',(1.401132426724,5.965614482786));
#732 = CARTESIAN_POINT('',(1.397218061968,5.992796539032));
#733 = CARTESIAN_POINT('',(1.393541372053,6.022050449297));
#734 = CARTESIAN_POINT('',(1.390177910564,6.053560262142));
#735 = CARTESIAN_POINT('',(1.385372950694,6.109065912926));
#736 = CARTESIAN_POINT('',(1.383679992331,6.13154267304));
#737 = CARTESIAN_POINT('',(1.382185406902,6.155020417162));
#738 = CARTESIAN_POINT('',(1.380927268224,6.179441319717));
#739 = CARTESIAN_POINT('',(1.379944524275,6.20469276942));
#740 = CARTESIAN_POINT('',(1.379272812368,6.230597168792));
#741 = CARTESIAN_POINT('',(1.378936940594,6.256891173563));
#742 = CARTESIAN_POINT('',(1.378936940594,6.28318530718));
#743 = ( GEOMETRIC_REPRESENTATION_CONTEXT(2) 
PARAMETRIC_REPRESENTATION_CONTEXT() REPRESENTATION_CONTEXT('2D SPACE',''
  ) );
#744 = PCURVE('',#745,#750);
#745 = PLANE('',#746);
#746 = AXIS2_PLACEMENT_3D('',#747,#748,#749);
#747 = CARTESIAN_POINT('',(-2.167100051568E-16,8.791798344647E-17,10.7)
  );
#748 = DIRECTION('',(0.,0.,1.));
#749 = DIRECTION('',(1.,0.,-0.));
#750 = DEFINITIONAL_REPRESENTATION('',(#751),#817);
#751 = B_SPLINE_CURVE_WITH_KNOTS('',8,(#752,#753,#754,#755,#756,#757,
    #758,#759,#760,#761,#762,#763,#764,#765,#766,#767,#768,#769,#770,
    #771,#772,#773,#774,#775,#776,#777,#778,#779,#780,#781,#782,#783,
    #784,#785,#786,#787,#788,#789,#790,#791,#792,#793,#794,#795,#796,
    #797,#798,#799,#800,#801,#802,#803,#804,#805,#806,#807,#808,#809,
    #810,#811,#812,#813,#814,#815,#816),.UNSPECIFIED.,.F.,.F.,(9,7,7,7,7
    ,7,7,7,7,9),(0.,4.086344264432E-02,0.1195437345,0.232990406052,
    0.504255791957,0.693895316564,0.789345547362,0.849943768165,
    0.941973265962,1.),.UNSPECIFIED.);
#752 = CARTESIAN_POINT('',(-2.078460969083,1.100020652902E-15));
#753 = CARTESIAN_POINT('',(-2.078460969083,1.663565805651E-02));
#754 = CARTESIAN_POINT('',(-2.076617975085,3.327779505005E-02));
#755 = CARTESIAN_POINT('',(-2.072929661091,4.979729783787E-02));
#756 = CARTESIAN_POINT('',(-2.067460486588,6.608881099093E-02));
#757 = CARTESIAN_POINT('',(-2.060319473448,8.206799345488E-02));
#758 = CARTESIAN_POINT('',(-2.051642320577,9.766910177752E-02));
#759 = CARTESIAN_POINT('',(-2.041577856303,0.112842899902));
#760 = CARTESIAN_POINT('',(-2.008523177315,0.15588202694));
#761 = CARTESIAN_POINT('',(-1.982226023051,0.182450483026));
#762 = CARTESIAN_POINT('',(-1.952322406384,0.207259418131));
#763 = CARTESIAN_POINT('',(-1.919613485443,0.230367433487));
#764 = CARTESIAN_POINT('',(-1.884747114308,0.251875832841));
#765 = CARTESIAN_POINT('',(-1.848202329649,0.271915081029));
#766 = CARTESIAN_POINT('',(-1.81027774554,0.290634465518));
#767 = CARTESIAN_POINT('',(-1.714571403819,0.333514894318));
#768 = CARTESIAN_POINT('',(-1.655654402958,0.356320818045));
#769 = CARTESIAN_POINT('',(-1.594952374819,0.377013206467));
#770 = CARTESIAN_POINT('',(-1.53289092131,0.395842967542));
#771 = CARTESIAN_POINT('',(-1.469785295275,0.413014141627));
#772 = CARTESIAN_POINT('',(-1.405856298717,0.428704803128));
#773 = CARTESIAN_POINT('',(-1.341224033402,0.44305968618));
#774 = CARTESIAN_POINT('',(-1.119786820824,0.487647474966));
#775 = CARTESIAN_POINT('',(-0.960401213698,0.512074151875));
#776 = CARTESIAN_POINT('',(-0.798954838924,0.531178401975));
#777 = CARTESIAN_POINT('',(-0.636189318804,0.545650400736));
#778 = CARTESIAN_POINT('',(-0.472688532445,0.556107844014));
#779 = CARTESIAN_POINT('',(-0.308787980292,0.562839138611));
#780 = CARTESIAN_POINT('',(-0.144670490797,0.566037193962));
#781 = CARTESIAN_POINT('',(0.134583872913,0.565401435269));
#782 = CARTESIAN_POINT('',(0.249445125259,0.563394327204));
#783 = CARTESIAN_POINT('',(0.364208269347,0.559640332771));
#784 = CARTESIAN_POINT('',(0.478786314263,0.554090709703));
#785 = CARTESIAN_POINT('',(0.593067566474,0.546658939303));
#786 = CARTESIAN_POINT('',(0.70691469747,0.537215745079));
#787 = CARTESIAN_POINT('',(0.820160622711,0.525569525652));
#788 = CARTESIAN_POINT('',(0.989195292202,0.504316539674));
#789 = CARTESIAN_POINT('',(1.045574947913,0.496570902698));
#790 = CARTESIAN_POINT('',(1.101715822967,0.488158647811));
#791 = CARTESIAN_POINT('',(1.157582936564,0.479036755299));
#792 = CARTESIAN_POINT('',(1.213130779605,0.469155865844));
#793 = CARTESIAN_POINT('',(1.268302523351,0.458458424913));
#794 = CARTESIAN_POINT('',(1.323028320285,0.446874934625));
#795 = CARTESIAN_POINT('',(1.411628929524,0.426346525968));
#796 = CARTESIAN_POINT('',(1.445817017072,0.417983543296));
#797 = CARTESIAN_POINT('',(1.479765910968,0.409206548662));
#798 = CARTESIAN_POINT('',(1.513448643473,0.399991146113));
#799 = CARTESIAN_POINT('',(1.546831581042,0.390310359273));
#800 = CARTESIAN_POINT('',(1.579873677379,0.380133630431));
#801 = CARTESIAN_POINT('',(1.61252572651,0.369425819636));
#802 = CARTESIAN_POINT('',(1.693637120431,0.341016041079));
#803 = CARTESIAN_POINT('',(1.741373934271,0.322615023953));
#804 = CARTESIAN_POINT('',(1.787893607744,0.302757530931));
#805 = CARTESIAN_POINT('',(1.832956220271,0.281256405008));
#806 = CARTESIAN_POINT('',(1.876108692816,0.257915339602));
#807 = CARTESIAN_POINT('',(1.916704435785,0.232544837054));
#808 = CARTESIAN_POINT('',(1.953893152929,0.204958320896));
#809 = CARTESIAN_POINT('',(2.007078323455,0.155955656162));
#810 = CARTESIAN_POINT('',(2.02583357541,0.136020161677));
#811 = CARTESIAN_POINT('',(2.042404451686,0.115106950384));
#812 = CARTESIAN_POINT('',(2.056363651982,9.326984968377E-02));
#813 = CARTESIAN_POINT('',(2.067272999048,7.061835441381E-02));
#814 = CARTESIAN_POINT('',(2.074731544293,4.732932471851E-02));
#815 = CARTESIAN_POINT('',(2.078460969083,2.366472025502E-02));
#816 = CARTESIAN_POINT('',(2.078460969083,1.100020652902E-15));
#817 = ( GEOMETRIC_REPRESENTATION_CONTEXT(2) 
PARAMETRIC_REPRESENTATION_CONTEXT() REPRESENTATION_CONTEXT('2D SPACE',''
  ) );
#818 = ORIENTED_EDGE('',*,*,#819,.F.);
#819 = EDGE_CURVE('',#820,#606,#822,.T.);
#820 = VERTEX_POINT('',#821);
#821 = CARTESIAN_POINT('',(3.189061328523,1.377626989039E-15,
    10.423045996393));
#822 = SEAM_CURVE('',#823,(#828,#835),.PCURVE_S1.);
#823 = CIRCLE('',#824,10.9);
#824 = AXIS2_PLACEMENT_3D('',#825,#826,#827);
#825 = CARTESIAN_POINT('',(0.,2.204364238465E-16,-2.447335932204E-32));
#826 = DIRECTION('',(0.,-1.,1.110223024625E-16));
#827 = DIRECTION('',(1.,0.,0.));
#828 = PCURVE('',#116,#829);
#829 = DEFINITIONAL_REPRESENTATION('',(#830),#834);
#830 = LINE('',#831,#832);
#831 = CARTESIAN_POINT('',(0.,0.));
#832 = VECTOR('',#833,1.);
#833 = DIRECTION('',(1.,0.));
#834 = ( GEOMETRIC_REPRESENTATION_CONTEXT(2) 
PARAMETRIC_REPRESENTATION_CONTEXT() REPRESENTATION_CONTEXT('2D SPACE',''
  ) );
#835 = PCURVE('',#116,#836);
#836 = DEFINITIONAL_REPRESENTATION('',(#837),#841);
#837 = LINE('',#838,#839);
#838 = CARTESIAN_POINT('',(0.,6.28318530718));
#839 = VECTOR('',#840,1.);
#840 = DIRECTION('',(1.,0.));
#841 = ( GEOMETRIC_REPRESENTATION_CONTEXT(2) 
PARAMETRIC_REPRESENTATION_CONTEXT() REPRESENTATION_CONTEXT('2D SPACE',''
  ) );
#842 = ORIENTED_EDGE('',*,*,#843,.F.);
#843 = EDGE_CURVE('',#844,#820,#846,.T.);
#844 = VERTEX_POINT('',#845);
#845 = CARTESIAN_POINT('',(3.16532447656,0.206262135153,10.40524335742)
  );
#846 = SURFACE_CURVE('',#847,(#855,#866),.PCURVE_S1.);
#847 = B_SPLINE_CURVE_WITH_KNOTS('',6,(#848,#849,#850,#851,#852,#853,
    #854),.UNSPECIFIED.,.F.,.F.,(7,7),(0.,1.),.PIECEWISE_BEZIER_KNOTS.);
#848 = CARTESIAN_POINT('',(3.009,0.541326802453,10.288));
#849 = CARTESIAN_POINT('',(3.065545032648,0.466180341682,10.330408774486
    ));
#850 = CARTESIAN_POINT('',(3.113370603143,0.38274140005,10.366277952357)
  );
#851 = CARTESIAN_POINT('',(3.150752982466,0.292287912472,10.39431473685)
  );
#852 = CARTESIAN_POINT('',(3.176300382879,0.196669364154,10.413475287159
    ));
#853 = CARTESIAN_POINT('',(3.189061328523,9.830361751884E-02,
    10.423045996393));
#854 = CARTESIAN_POINT('',(3.189061328523,1.157190565192E-15,
    10.423045996393));
#855 = PCURVE('',#116,#856);
#856 = DEFINITIONAL_REPRESENTATION('',(#857),#865);
#857 = B_SPLINE_CURVE_WITH_KNOTS('',6,(#858,#859,#860,#861,#862,#863,
    #864),.UNSPECIFIED.,.F.,.F.,(7,7),(0.,1.),.PIECEWISE_BEZIER_KNOTS.);
#858 = CARTESIAN_POINT('',(1.286255879447,5.637840140951));
#859 = CARTESIAN_POINT('',(1.28230340728,5.742354951462));
#860 = CARTESIAN_POINT('',(1.279010466275,5.848533129425));
#861 = CARTESIAN_POINT('',(1.276467781493,5.956070482089));
#862 = CARTESIAN_POINT('',(1.274740990909,6.064664972846));
#863 = CARTESIAN_POINT('',(1.273878354949,6.173959065492));
#864 = CARTESIAN_POINT('',(1.273878354949,6.28318530718));
#865 = ( GEOMETRIC_REPRESENTATION_CONTEXT(2) 
PARAMETRIC_REPRESENTATION_CONTEXT() REPRESENTATION_CONTEXT('2D SPACE',''
  ) );
#866 = PCURVE('',#867,#872);
#867 = PLANE('',#868);
#868 = AXIS2_PLACEMENT_3D('',#869,#870,#871);
#869 = CARTESIAN_POINT('',(3.825,0.,10.9));
#870 = DIRECTION('',(-0.6,0.,0.8));
#871 = DIRECTION('',(0.8,0.,0.6));
#872 = DEFINITIONAL_REPRESENTATION('',(#873),#881);
#873 = B_SPLINE_CURVE_WITH_KNOTS('',6,(#874,#875,#876,#877,#878,#879,
    #880),.UNSPECIFIED.,.F.,.F.,(7,7),(0.,1.),.PIECEWISE_BEZIER_KNOTS.);
#874 = CARTESIAN_POINT('',(-1.02,0.541326802453));
#875 = CARTESIAN_POINT('',(-0.94931870919,0.466180341682));
#876 = CARTESIAN_POINT('',(-0.889536746071,0.38274140005));
#877 = CARTESIAN_POINT('',(-0.842808771917,0.292287912472));
#878 = CARTESIAN_POINT('',(-0.810874521401,0.196669364154));
#879 = CARTESIAN_POINT('',(-0.794923339346,9.830361751884E-02));
#880 = CARTESIAN_POINT('',(-0.794923339346,1.157190565192E-15));
#881 = ( GEOMETRIC_REPRESENTATION_CONTEXT(2) 
PARAMETRIC_REPRESENTATION_CONTEXT() REPRESENTATION_CONTEXT('2D SPACE',''
  ) );
#882 = ORIENTED_EDGE('',*,*,#883,.T.);
#883 = EDGE_CURVE('',#844,#884,#886,.T.);
#884 = VERTEX_POINT('',#885);
#885 = CARTESIAN_POINT('',(6.50024195122,4.918278992815E-16,
    8.749677398373));
#886 = SURFACE_CURVE('',#887,(#953,#1022),.PCURVE_S1.);
#887 = B_SPLINE_CURVE_WITH_KNOTS('',8,(#888,#889,#890,#891,#892,#893,
    #894,#895,#896,#897,#898,#899,#900,#901,#902,#903,#904,#905,#906,
    #907,#908,#909,#910,#911,#912,#913,#914,#915,#916,#917,#918,#919,
    #920,#921,#922,#923,#924,#925,#926,#927,#928,#929,#930,#931,#932,
    #933,#934,#935,#936,#937,#938,#939,#940,#941,#942,#943,#944,#945,
    #946,#947,#948,#949,#950,#951,#952),.UNSPECIFIED.,.F.,.F.,(9,7,7,7,7
    ,7,7,7,7,9),(0.,5.836111512243E-02,0.207068108216,0.428906371125,
    0.513337974792,0.662721879542,0.743734719804,0.793454773969,
    0.898020573763,1.),.UNSPECIFIED.);
#888 = CARTESIAN_POINT('',(3.165323954353,0.206261324561,10.405243715765
    ));
#889 = CARTESIAN_POINT('',(3.180565940639,0.229920633821,10.394784500931
    ));
#890 = CARTESIAN_POINT('',(3.197375414798,0.252674106949,10.383231629976
    ));
#891 = CARTESIAN_POINT('',(3.215536783088,0.274519006337,10.370726533692
    ));
#892 = CARTESIAN_POINT('',(3.234854943731,0.295470364866,10.3573971289)
  );
#893 = CARTESIAN_POINT('',(3.255160172514,0.315556416459,10.34335479833)
  );
#894 = CARTESIAN_POINT('',(3.27631140073,0.334815080676,10.328692205237)
  );
#895 = CARTESIAN_POINT('',(3.298197885454,0.353291501356,10.313481942781
    ));
#896 = CARTESIAN_POINT('',(3.378175834618,0.416252124003,10.257756549387
    ));
#897 = CARTESIAN_POINT('',(3.439697369634,0.456588473826,10.214635361266
    ));
#898 = CARTESIAN_POINT('',(3.503974417745,0.492961920299,10.169275914359
    ));
#899 = CARTESIAN_POINT('',(3.570207587319,0.52586947916,10.122199880377)
  );
#900 = CARTESIAN_POINT('',(3.637792455813,0.555774445122,10.073811460671
    ));
#901 = CARTESIAN_POINT('',(3.706375581721,0.583031348027,10.024351940809
    ));
#902 = CARTESIAN_POINT('',(3.775768486325,0.607967804383,9.973951425812)
  );
#903 = CARTESIAN_POINT('',(3.950683709124,0.6650145017,9.846023546787));
#904 = CARTESIAN_POINT('',(4.056825783204,0.694504167162,9.767611973305)
  );
#905 = CARTESIAN_POINT('',(4.163893278832,0.720162042255,9.687743223496)
  );
#906 = CARTESIAN_POINT('',(4.271580098562,0.742514524222,9.606679632854)
  );
#907 = CARTESIAN_POINT('',(4.379698003143,0.761969792405,9.524647453706)
  );
#908 = CARTESIAN_POINT('',(4.488153702324,0.778866586412,9.441847169722)
  );
#909 = CARTESIAN_POINT('',(4.596968418275,0.793464716601,9.358470556323)
  );
#910 = CARTESIAN_POINT('',(4.747954324336,0.810711480849,9.242939752485)
  );
#911 = CARTESIAN_POINT('',(4.789648761891,0.815159918077,9.211052801802)
  );
#912 = CARTESIAN_POINT('',(4.831422131554,0.819312657142,9.179145028647)
  );
#913 = CARTESIAN_POINT('',(4.873284493441,0.823178221985,9.147236576068)
  );
#914 = CARTESIAN_POINT('',(4.915248411386,0.826763380166,9.115351229487)
  );
#915 = CARTESIAN_POINT('',(4.957329972127,0.830072817642,9.08351766777)
  );
#916 = CARTESIAN_POINT('',(4.99955052138,0.833108365235,9.051771540451)
  );
#917 = CARTESIAN_POINT('',(5.116936791013,0.840749973208,8.964225539471)
  );
#918 = CARTESIAN_POINT('',(5.192009839691,0.844738192671,8.90904398016)
  );
#919 = CARTESIAN_POINT('',(5.267794908294,0.847870962729,8.854504055875)
  );
#920 = CARTESIAN_POINT('',(5.344708211831,0.850086509381,8.800787184799)
  );
#921 = CARTESIAN_POINT('',(5.423032973492,0.851261257569,8.748559613139)
  );
#922 = CARTESIAN_POINT('',(5.502874614831,0.851077429662,8.698868385817)
  );
#923 = CARTESIAN_POINT('',(5.584507371476,0.84908435435,8.653767670323)
  );
#924 = CARTESIAN_POINT('',(5.713880680368,0.840539975966,8.596156638998)
  );
#925 = CARTESIAN_POINT('',(5.760247747332,0.83647828164,8.578081104266)
  );
#926 = CARTESIAN_POINT('',(5.806932312141,0.831106610656,8.563016002252)
  );
#927 = CARTESIAN_POINT('',(5.853364630592,0.824133131821,8.551690537072)
  );
#928 = CARTESIAN_POINT('',(5.898963602346,0.815234003733,8.544649993005)
  );
#929 = CARTESIAN_POINT('',(5.943180145896,0.804124838174,8.541806891273)
  );
#930 = CARTESIAN_POINT('',(5.985478256499,0.790779933764,8.542617352088)
  );
#931 = CARTESIAN_POINT('',(6.049843598042,0.76605907803,8.54858611855));
#932 = CARTESIAN_POINT('',(6.073490497601,0.755884476745,8.551951224344)
  );
#933 = CARTESIAN_POINT('',(6.096281443219,0.744951054054,8.556254588383)
  );
#934 = CARTESIAN_POINT('',(6.11821602626,0.733282880664,8.561333429177)
  );
#935 = CARTESIAN_POINT('',(6.139308028416,0.720909536206,8.567035152557)
  );
#936 = CARTESIAN_POINT('',(6.159579376737,0.707861665251,8.573226537496)
  );
#937 = CARTESIAN_POINT('',(6.179057019517,0.694166654066,8.579795958048)
  );
#938 = CARTESIAN_POINT('',(6.23713355117,0.649723483313,8.601060458224)
  );
#939 = CARTESIAN_POINT('',(6.273069180452,0.616870475718,8.616705623826)
  );
#940 = CARTESIAN_POINT('',(6.305896644998,0.581478150505,8.632706702635)
  );
#941 = CARTESIAN_POINT('',(6.335770166405,0.543770394957,8.648476090428)
  );
#942 = CARTESIAN_POINT('',(6.362780726696,0.503982842378,8.663594052606)
  );
#943 = CARTESIAN_POINT('',(6.386992229614,0.462345877876,8.677750850911)
  );
#944 = CARTESIAN_POINT('',(6.408446222447,0.419071817151,8.690719154955)
  );
#945 = CARTESIAN_POINT('',(6.445425027571,0.33073045825,8.713639702177)
  );
#946 = CARTESIAN_POINT('',(6.461069780035,0.285766495154,8.723650155143)
  );
#947 = CARTESIAN_POINT('',(6.474115401483,0.239668124711,8.732186396288)
  );
#948 = CARTESIAN_POINT('',(6.484560908625,0.192655046157,8.739127418905)
  );
#949 = CARTESIAN_POINT('',(6.492400154111,0.144952445925,8.744388488553)
  );
#950 = CARTESIAN_POINT('',(6.497627871325,9.67889519445E-02,
    8.747914512673));
#951 = CARTESIAN_POINT('',(6.500241951221,4.839476969473E-02,
    8.749677398373));
#952 = CARTESIAN_POINT('',(6.500241951221,9.714093305716E-16,
    8.749677398373));
#953 = PCURVE('',#116,#954);
#954 = DEFINITIONAL_REPRESENTATION('',(#955),#1021);
#955 = B_SPLINE_CURVE_WITH_KNOTS('',8,(#956,#957,#958,#959,#960,#961,
    #962,#963,#964,#965,#966,#967,#968,#969,#970,#971,#972,#973,#974,
    #975,#976,#977,#978,#979,#980,#981,#982,#983,#984,#985,#986,#987,
    #988,#989,#990,#991,#992,#993,#994,#995,#996,#997,#998,#999,#1000,
    #1001,#1002,#1003,#1004,#1005,#1006,#1007,#1008,#1009,#1010,#1011,
    #1012,#1013,#1014,#1015,#1016,#1017,#1018,#1019,#1020),
  .UNSPECIFIED.,.F.,.F.,(9,7,7,7,7,7,7,7,7,9),(0.,5.836111512243E-02,
    0.207068108216,0.428906371125,0.513337974792,0.662721879542,
    0.743734719804,0.793454773969,0.898020573763,1.),.UNSPECIFIED.);
#956 = CARTESIAN_POINT('',(1.27548649523,6.051950900837));
#957 = CARTESIAN_POINT('',(1.273865850857,6.024943969331));
#958 = CARTESIAN_POINT('',(1.272076159916,5.998774787535));
#959 = CARTESIAN_POINT('',(1.270139484601,5.973437746479));
#960 = CARTESIAN_POINT('',(1.268075778466,5.948914005379));
#961 = CARTESIAN_POINT('',(1.265902410678,5.925174412179));
#962 = CARTESIAN_POINT('',(1.263633825791,5.902181464904));
#963 = CARTESIAN_POINT('',(1.261281339042,5.879890313804));
#964 = CARTESIAN_POINT('',(1.252665710924,5.803105173206));
#965 = CARTESIAN_POINT('',(1.246004310457,5.752339472753));
#966 = CARTESIAN_POINT('',(1.239003555044,5.705015557304));
#967 = CARTESIAN_POINT('',(1.231744560086,5.660691774755));
#968 = CARTESIAN_POINT('',(1.224289743414,5.618963087039));
#969 = CARTESIAN_POINT('',(1.216675919478,5.579532957113));
#970 = CARTESIAN_POINT('',(1.208922456639,5.542113025668));
#971 = CARTESIAN_POINT('',(1.189252447675,5.45323900912));
#972 = CARTESIAN_POINT('',(1.177204814573,5.404116837564));
#973 = CARTESIAN_POINT('',(1.164938051582,5.358408531665));
#974 = CARTESIAN_POINT('',(1.152486794889,5.31577217255));
#975 = CARTESIAN_POINT('',(1.139876184079,5.276009357235));
#976 = CARTESIAN_POINT('',(1.127123637366,5.239012612962));
#977 = CARTESIAN_POINT('',(1.114238036606,5.204802950202));
#978 = CARTESIAN_POINT('',(1.096265715769,5.161744318695));
#979 = CARTESIAN_POINT('',(1.091293004673,5.150314235564));
#980 = CARTESIAN_POINT('',(1.086302502376,5.139337867928));
#981 = CARTESIAN_POINT('',(1.081294595048,5.128834258093));
#982 = CARTESIAN_POINT('',(1.076269695304,5.118828362325));
#983 = CARTESIAN_POINT('',(1.071228237596,5.109352762146));
#984 = CARTESIAN_POINT('',(1.066170667009,5.100450697434));
#985 = CARTESIAN_POINT('',(1.052121384063,5.077547912997));
#986 = CARTESIAN_POINT('',(1.043150155607,5.064980388163));
#987 = CARTESIAN_POINT('',(1.034129516969,5.054671245631));
#988 = CARTESIAN_POINT('',(1.025037863903,5.047052694203));
#989 = CARTESIAN_POINT('',(1.015891974764,5.042944084242));
#990 = CARTESIAN_POINT('',(1.006745635382,5.043499233926));
#991 = CARTESIAN_POINT('',(0.997700915149,5.050808300695));
#992 = CARTESIAN_POINT('',(0.984151493864,5.07804223403));
#993 = CARTESIAN_POINT('',(0.97944100239,5.090706469517));
#994 = CARTESIAN_POINT('',(0.974878189784,5.106948062412));
#995 = CARTESIAN_POINT('',(0.970552853401,5.127156457386));
#996 = CARTESIAN_POINT('',(0.966545760438,5.151540454308));
#997 = CARTESIAN_POINT('',(0.962897568764,5.179793681598));
#998 = CARTESIAN_POINT('',(0.959619663971,5.211190099138));
#999 = CARTESIAN_POINT('',(0.95491780514,5.265308309565));
#1000 = CARTESIAN_POINT('',(0.953261246001,5.286760537342));
#1001 = CARTESIAN_POINT('',(0.951729025224,5.308943175542));
#1002 = CARTESIAN_POINT('',(0.950311551538,5.331725924479));
#1003 = CARTESIAN_POINT('',(0.948998644843,5.354996158433));
#1004 = CARTESIAN_POINT('',(0.947780586469,5.37866373599));
#1005 = CARTESIAN_POINT('',(0.946648520644,5.402662342629));
#1006 = CARTESIAN_POINT('',(0.943376889879,5.478020979409));
#1007 = CARTESIAN_POINT('',(0.94150661701,5.530290533136));
#1008 = CARTESIAN_POINT('',(0.939905259027,5.583350832375));
#1009 = CARTESIAN_POINT('',(0.938524441107,5.636945493639));
#1010 = CARTESIAN_POINT('',(0.937330780204,5.690906297535));
#1011 = CARTESIAN_POINT('',(0.936299695056,5.745128271424));
#1012 = CARTESIAN_POINT('',(0.935413392543,5.799562243606));
#1013 = CARTESIAN_POINT('',(0.933922543666,5.907499382301));
#1014 = CARTESIAN_POINT('',(0.933312115803,5.960952547674));
#1015 = CARTESIAN_POINT('',(0.932815459693,6.014522325679));
#1016 = CARTESIAN_POINT('',(0.93242478374,6.068176485774));
#1017 = CARTESIAN_POINT('',(0.932135013661,6.121890055729));
#1018 = CARTESIAN_POINT('',(0.931942937013,6.175642067383));
#1019 = CARTESIAN_POINT('',(0.931846873906,6.229413340852));
#1020 = CARTESIAN_POINT('',(0.931846873906,6.28318530718));
#1021 = ( GEOMETRIC_REPRESENTATION_CONTEXT(2) 
PARAMETRIC_REPRESENTATION_CONTEXT() REPRESENTATION_CONTEXT('2D SPACE',''
  ) );
#1022 = PCURVE('',#1023,#1028);
#1023 = CYLINDRICAL_SURFACE('',#1024,0.85);
#1024 = AXIS2_PLACEMENT_3D('',#1025,#1026,#1027);
#1025 = CARTESIAN_POINT('',(6.,0.,8.));
#1026 = DIRECTION('',(-0.6,0.,0.8));
#1027 = DIRECTION('',(0.8,0.,0.6));
#1028 = DEFINITIONAL_REPRESENTATION('',(#1029),#1095);
#1029 = B_SPLINE_CURVE_WITH_KNOTS('',8,(#1030,#1031,#1032,#1033,#1034,
    #1035,#1036,#1037,#1038,#1039,#1040,#1041,#1042,#1043,#1044,#1045,
    #1046,#1047,#1048,#1049,#1050,#1051,#1052,#1053,#1054,#1055,#1056,
    #1057,#1058,#1059,#1060,#1061,#1062,#1063,#1064,#1065,#1066,#1067,
    #1068,#1069,#1070,#1071,#1072,#1073,#1074,#1075,#1076,#1077,#1078,
    #1079,#1080,#1081,#1082,#1083,#1084,#1085,#1086,#1087,#1088,#1089,
    #1090,#1091,#1092,#1093,#1094),.UNSPECIFIED.,.F.,.F.,(9,7,7,7,7,7,7,
    7,7,9),(2.499392393596E-07,5.836111512243E-02,0.207068108216,
    0.428906371125,0.513337974792,0.662721879542,0.743734719804,
    0.793454773969,0.898020573763,1.),.UNSPECIFIED.);
#1030 = CARTESIAN_POINT('',(9.17966971619,3.625));
#1031 = CARTESIAN_POINT('',(9.150977815471,3.607487456939));
#1032 = CARTESIAN_POINT('',(9.123149096874,3.588159518037));
#1033 = CARTESIAN_POINT('',(9.09617564214,3.567258680563));
#1034 = CARTESIAN_POINT('',(9.070036165593,3.545004335736));
#1035 = CARTESIAN_POINT('',(9.044698910932,3.5215874214));
#1036 = CARTESIAN_POINT('',(9.020123520665,3.497166707049));
#1037 = CARTESIAN_POINT('',(8.996261878204,3.47186671122));
#1038 = CARTESIAN_POINT('',(8.913932848704,3.379299738739));
#1039 = CARTESIAN_POINT('',(8.859249533329,3.307889867233));
#1040 = CARTESIAN_POINT('',(8.808004382336,3.23303608084));
#1041 = CARTESIAN_POINT('',(8.759718143599,3.155635351911));
#1042 = CARTESIAN_POINT('',(8.713948522399,3.076373695048));
#1043 = CARTESIAN_POINT('',(8.670363957394,2.995656203615));
#1044 = CARTESIAN_POINT('',(8.628634047882,2.913700048855));
#1045 = CARTESIAN_POINT('',(8.528492533746,2.706408611955));
#1046 = CARTESIAN_POINT('',(8.472177077479,2.579994108722));
#1047 = CARTESIAN_POINT('',(8.418672707152,2.451858611497));
#1048 = CARTESIAN_POINT('',(8.367474527098,2.322395647146));
#1049 = CARTESIAN_POINT('',(8.318157313135,2.191899161079));
#1050 = CARTESIAN_POINT('',(8.270321210977,2.060585514383));
#1051 = CARTESIAN_POINT('',(8.223562282998,1.928595394093));
#1052 = CARTESIAN_POINT('',(8.159700009642,1.745579207387));
#1053 = CARTESIAN_POINT('',(8.14217088872,1.695052984307));
#1054 = CARTESIAN_POINT('',(8.124687502602,1.644462743985));
#1055 = CARTESIAN_POINT('',(8.107216143122,1.59381856479));
#1056 = CARTESIAN_POINT('',(8.089719154528,1.543131936758));
#1057 = CARTESIAN_POINT('',(8.072152912916,1.492416150939));
#1058 = CARTESIAN_POINT('',(8.054464538264,1.441686919533));
#1059 = CARTESIAN_POINT('',(8.00495740775,1.301218356969));
#1060 = CARTESIAN_POINT('',(7.972926819387,1.212029280314));
#1061 = CARTESIAN_POINT('',(7.939929069671,1.122926299724));
#1062 = CARTESIAN_POINT('',(7.905401201944,1.033804820741));
#1063 = CARTESIAN_POINT('',(7.868597215708,0.945027906416));
#1064 = CARTESIAN_POINT('',(7.828582753343,0.857369939755));
#1065 = CARTESIAN_POINT('',(7.783640490853,0.772309713373));
#1066 = CARTESIAN_POINT('',(7.701923357589,0.648596902978));
#1067 = CARTESIAN_POINT('',(7.670689598764,0.606316235013));
#1068 = CARTESIAN_POINT('',(7.636825278667,0.566253414517));
#1069 = CARTESIAN_POINT('',(7.600244392027,0.529333651302));
#1070 = CARTESIAN_POINT('',(7.560964774394,0.496341832996));
#1071 = CARTESIAN_POINT('',(7.519348045529,0.467537425481));
#1072 = CARTESIAN_POINT('',(7.476077898064,0.442806927771));
#1073 = CARTESIAN_POINT('',(7.405057507623,0.408962736014));
#1074 = CARTESIAN_POINT('',(7.377684365644,0.397466680915));
#1075 = CARTESIAN_POINT('',(7.350046395841,0.387234804775));
#1076 = CARTESIAN_POINT('',(7.322226853892,0.378137127586));
#1077 = CARTESIAN_POINT('',(7.294291874938,0.370043304996));
#1078 = CARTESIAN_POINT('',(7.26628904472,0.362833603955));
#1079 = CARTESIAN_POINT('',(7.238246926583,0.356402554728));
#1080 = CARTESIAN_POINT('',(7.151138872186,0.338568235877));
#1081 = CARTESIAN_POINT('',(7.092054956485,0.329522990789));
#1082 = CARTESIAN_POINT('',(7.033003144235,0.322627375109));
#1083 = CARTESIAN_POINT('',(6.974041375473,0.3173187725));
#1084 = CARTESIAN_POINT('',(6.915199461739,0.313206806067));
#1085 = CARTESIAN_POINT('',(6.856477627253,0.310005342961));
#1086 = CARTESIAN_POINT('',(6.797845905797,0.307507590496));
#1087 = CARTESIAN_POINT('',(6.682083649748,0.303656745199));
#1088 = CARTESIAN_POINT('',(6.624994453565,0.302278256094));
#1089 = CARTESIAN_POINT('',(6.567958214906,0.30127987614));
#1090 = CARTESIAN_POINT('',(6.510963205831,0.300565389949));
#1091 = CARTESIAN_POINT('',(6.453998811925,0.300070698376));
#1092 = CARTESIAN_POINT('',(6.397054676494,0.299754887344));
#1093 = CARTESIAN_POINT('',(6.34012033035,0.299596747966));
#1094 = CARTESIAN_POINT('',(6.28318530718,0.299596747966));
#1095 = ( GEOMETRIC_REPRESENTATION_CONTEXT(2) 
PARAMETRIC_REPRESENTATION_CONTEXT() REPRESENTATION_CONTEXT('2D SPACE',''
  ) );
#1096 = ORIENTED_EDGE('',*,*,#1097,.F.);
#1097 = EDGE_CURVE('',#265,#884,#1098,.T.);
#1098 = SEAM_CURVE('',#1099,(#1104,#1111),.PCURVE_S1.);
#1099 = CIRCLE('',#1100,10.9);
#1100 = AXIS2_PLACEMENT_3D('',#1101,#1102,#1103);
#1101 = CARTESIAN_POINT('',(0.,2.204364238465E-16,-2.447335932204E-32));
#1102 = DIRECTION('',(0.,-1.,1.110223024625E-16));
#1103 = DIRECTION('',(1.,0.,0.));
#1104 = PCURVE('',#116,#1105);
#1105 = DEFINITIONAL_REPRESENTATION('',(#1106),#1110);
#1106 = LINE('',#1107,#1108);
#1107 = CARTESIAN_POINT('',(0.,0.));
#1108 = VECTOR('',#1109,1.);
#1109 = DIRECTION('',(1.,0.));
#1110 = ( GEOMETRIC_REPRESENTATION_CONTEXT(2) 
PARAMETRIC_REPRESENTATION_CONTEXT() REPRESENTATION_CONTEXT('2D SPACE',''
  ) );
#1111 = PCURVE('',#116,#1112);
#1112 = DEFINITIONAL_REPRESENTATION('',(#1113),#1117);
#1113 = LINE('',#1114,#1115);
#1114 = CARTESIAN_POINT('',(0.,6.28318530718));
#1115 = VECTOR('',#1116,1.);
#1116 = DIRECTION('',(1.,0.));
#1117 = ( GEOMETRIC_REPRESENTATION_CONTEXT(2) 
PARAMETRIC_REPRESENTATION_CONTEXT() REPRESENTATION_CONTEXT('2D SPACE',''
  ) );
#1118 = ORIENTED_EDGE('',*,*,#288,.F.);
#1119 = ORIENTED_EDGE('',*,*,#1097,.T.);
#1120 = ORIENTED_EDGE('',*,*,#1121,.T.);
#1121 = EDGE_CURVE('',#884,#1122,#1124,.T.);
#1122 = VERTEX_POINT('',#1123);
#1123 = CARTESIAN_POINT('',(3.16532447656,-0.206262135153,10.40524335742
    ));
#1124 = SURFACE_CURVE('',#1125,(#1198,#1274),.PCURVE_S1.);
#1125 = B_SPLINE_CURVE_WITH_KNOTS('',8,(#1126,#1127,#1128,#1129,#1130,
    #1131,#1132,#1133,#1134,#1135,#1136,#1137,#1138,#1139,#1140,#1141,
    #1142,#1143,#1144,#1145,#1146,#1147,#1148,#1149,#1150,#1151,#1152,
    #1153,#1154,#1155,#1156,#1157,#1158,#1159,#1160,#1161,#1162,#1163,
    #1164,#1165,#1166,#1167,#1168,#1169,#1170,#1171,#1172,#1173,#1174,
    #1175,#1176,#1177,#1178,#1179,#1180,#1181,#1182,#1183,#1184,#1185,
    #1186,#1187,#1188,#1189,#1190,#1191,#1192,#1193,#1194,#1195,#1196,
    #1197),.UNSPECIFIED.,.F.,.F.,(9,7,7,7,7,7,7,7,7,7,9),(0.,
    0.101158474875,0.205801277756,0.25540337296,0.322912523071,
    0.453000974184,0.567973328046,0.735172825501,0.855005790419,
    0.944745894849,1.),.UNSPECIFIED.);
#1126 = CARTESIAN_POINT('',(6.500241951221,9.992007221626E-16,
    8.749677398373));
#1127 = CARTESIAN_POINT('',(6.500241951221,-4.793816827076E-02,
    8.749677398373));
#1128 = CARTESIAN_POINT('',(6.497676970347,-9.587579718814E-02,
    8.747947616727));
#1129 = CARTESIAN_POINT('',(6.492547415794,-0.143589206159,
    8.744487819378));
#1130 = CARTESIAN_POINT('',(6.484855340823,-0.190854625634,
    8.739325036838));
#1131 = CARTESIAN_POINT('',(6.474605818924,-0.237449803739,
    8.732512319234));
#1132 = CARTESIAN_POINT('',(6.461804789166,-0.283155782584,
    8.724131227169));
#1133 = CARTESIAN_POINT('',(6.446453372737,-0.327758844229,
    8.714298058374));
#1134 = CARTESIAN_POINT('',(6.410006889742,-0.415837630354,
    8.691666395546));
#1135 = CARTESIAN_POINT('',(6.388745841587,-0.459188617475,
    8.678785920221));
#1136 = CARTESIAN_POINT('',(6.364732314258,-0.50091687171,8.664705925082
    ));
#1137 = CARTESIAN_POINT('',(6.337926512484,-0.540809880853,
    8.649650387305));
#1138 = CARTESIAN_POINT('',(6.308266508459,-0.578637940671,
    8.633924232007));
#1139 = CARTESIAN_POINT('',(6.275663660981,-0.614166509836,
    8.617939931727));
#1140 = CARTESIAN_POINT('',(6.239967071783,-0.647172591352,8.60227405558
    ));
#1141 = CARTESIAN_POINT('',(6.182330325183,-0.691821674444,
    8.580920869407));
#1142 = CARTESIAN_POINT('',(6.163042413528,-0.705560525323,
    8.574323443633));
#1143 = CARTESIAN_POINT('',(6.142970241229,-0.71866036807,8.568087423518
    ));
#1144 = CARTESIAN_POINT('',(6.122087004525,-0.731094349123,
    8.562321286862));
#1145 = CARTESIAN_POINT('',(6.100370412207,-0.742832322937,
    8.557154565288));
#1146 = CARTESIAN_POINT('',(6.077805542251,-0.753844960182,
    8.552736037371));
#1147 = CARTESIAN_POINT('',(6.054390420512,-0.764108003404,
    8.549225467936));
#1148 = CARTESIAN_POINT('',(5.997145039315,-0.786534489339,
    8.543449071295));
#1149 = CARTESIAN_POINT('',(5.962501347601,-0.798087586459,
    8.542079760969));
#1150 = CARTESIAN_POINT('',(5.926443879565,-0.808135174191,
    8.543101292461));
#1151 = CARTESIAN_POINT('',(5.889241327068,-0.816659162228,8.54687151458
    ));
#1152 = CARTESIAN_POINT('',(5.851198972779,-0.823752950105,
    8.553553186783));
#1153 = CARTESIAN_POINT('',(5.812664524147,-0.82957307888,8.563051363698
    ));
#1154 = CARTESIAN_POINT('',(5.774027568003,-0.834286581217,
    8.575032697504));
#1155 = CARTESIAN_POINT('',(5.661840700317,-0.84532212114,8.616056846063
    ));
#1156 = CARTESIAN_POINT('',(5.589145186878,-0.849082284489,8.65061183956
    ));
#1157 = CARTESIAN_POINT('',(5.517910876022,-0.850774358739,
    8.690426713793));
#1158 = CARTESIAN_POINT('',(5.448080654795,-0.851108738357,
    8.733301390523));
#1159 = CARTESIAN_POINT('',(5.379658968711,-0.850380006054,
    8.778115275268));
#1160 = CARTESIAN_POINT('',(5.312440572675,-0.848822150002,
    8.824083814297));
#1161 = CARTESIAN_POINT('',(5.246027054182,-0.846523481038,
    8.870961268968));
#1162 = CARTESIAN_POINT('',(5.121245390649,-0.840836385562,
    8.961106389889));
#1163 = CARTESIAN_POINT('',(5.063177369211,-0.837620808993,
    9.003916560653));
#1164 = CARTESIAN_POINT('',(5.005463372252,-0.833893616058,
    9.047054272784));
#1165 = CARTESIAN_POINT('',(4.94802737579,-0.82966461528,9.090390385584)
  );
#1166 = CARTESIAN_POINT('',(4.890818365634,-0.824929041903,
    9.133833209989));
#1167 = CARTESIAN_POINT('',(4.83379771941,-0.819674319381,9.17731296991)
  );
#1168 = CARTESIAN_POINT('',(4.776933266037,-0.813882153008,9.22077441441
    ));
#1169 = CARTESIAN_POINT('',(4.637695233832,-0.798282403104,
    9.327296994638));
#1170 = CARTESIAN_POINT('',(4.555488108504,-0.78784866063,9.39027685274)
  );
#1171 = CARTESIAN_POINT('',(4.473507886113,-0.776146641066,
    9.452984741346));
#1172 = CARTESIAN_POINT('',(4.391735880948,-0.763073748554,
    9.515320481981));
#1173 = CARTESIAN_POINT('',(4.310187585105,-0.748505371121,
    9.577193488095));
#1174 = CARTESIAN_POINT('',(4.228906859078,-0.732293711945,
    9.638514259386));
#1175 = CARTESIAN_POINT('',(4.147967953819,-0.71425848839,9.69919020381)
  );
#1176 = CARTESIAN_POINT('',(4.009795663504,-0.679763914274,
    9.802065168212));
#1177 = CARTESIAN_POINT('',(3.952357434648,-0.664309019352,
    9.844617873589));
#1178 = CARTESIAN_POINT('',(3.895197818223,-0.647713609906,
    9.886742439432));
#1179 = CARTESIAN_POINT('',(3.838372950651,-0.629876636323,
    9.928392625046));
#1180 = CARTESIAN_POINT('',(3.781962865596,-0.610684055885,
    9.969508128793));
#1181 = CARTESIAN_POINT('',(3.726074845776,-0.5900034382,10.010012495878
    ));
#1182 = CARTESIAN_POINT('',(3.670850969143,-0.567671852736,
    10.049808408255));
#1183 = CARTESIAN_POINT('',(3.575762589635,-0.525358107971,
    10.117948048446));
#1184 = CARTESIAN_POINT('',(3.535550083172,-0.506205523392,
    10.146639044467));
#1185 = CARTESIAN_POINT('',(3.495901389124,-0.485924681702,
    10.174805351322));
#1186 = CARTESIAN_POINT('',(3.456919671773,-0.464410915068,
    10.202378693426));
#1187 = CARTESIAN_POINT('',(3.418750544432,-0.441552241624,
    10.229262657918));
#1188 = CARTESIAN_POINT('',(3.381586902449,-0.417225702339,
    10.255330269759));
#1189 = CARTESIAN_POINT('',(3.345680245377,-0.391287283952,
    10.280416997027));
#1190 = CARTESIAN_POINT('',(3.290226153026,-0.346480577293,
    10.319019906342));
#1191 = CARTESIAN_POINT('',(3.269707883106,-0.328736358786,
    10.333268563504));
#1192 = CARTESIAN_POINT('',(3.249877238671,-0.310279706432,
    10.347007452716));
#1193 = CARTESIAN_POINT('',(3.230832895923,-0.291072800703,
    10.360171891332));
#1194 = CARTESIAN_POINT('',(3.212698476868,-0.271084270134,
    10.372680690239));
#1195 = CARTESIAN_POINT('',(3.1956210348,-0.250291255601,10.384437341441
    ));
#1196 = CARTESIAN_POINT('',(3.179768195528,-0.22868233732,
    10.395331922202));
#1197 = CARTESIAN_POINT('',(3.165323954353,-0.206261324561,
    10.405243715765));
#1198 = PCURVE('',#116,#1199);
#1199 = DEFINITIONAL_REPRESENTATION('',(#1200),#1273);
#1200 = B_SPLINE_CURVE_WITH_KNOTS('',8,(#1201,#1202,#1203,#1204,#1205,
    #1206,#1207,#1208,#1209,#1210,#1211,#1212,#1213,#1214,#1215,#1216,
    #1217,#1218,#1219,#1220,#1221,#1222,#1223,#1224,#1225,#1226,#1227,
    #1228,#1229,#1230,#1231,#1232,#1233,#1234,#1235,#1236,#1237,#1238,
    #1239,#1240,#1241,#1242,#1243,#1244,#1245,#1246,#1247,#1248,#1249,
    #1250,#1251,#1252,#1253,#1254,#1255,#1256,#1257,#1258,#1259,#1260,
    #1261,#1262,#1263,#1264,#1265,#1266,#1267,#1268,#1269,#1270,#1271,
    #1272),.UNSPECIFIED.,.F.,.F.,(9,7,7,7,7,7,7,7,7,7,9),(0.,
    0.101158474875,0.205801277756,0.25540337296,0.322912523071,
    0.453000974184,0.567973328046,0.735172825501,0.855005790419,
    0.944745894849,1.),.UNSPECIFIED.);
#1201 = CARTESIAN_POINT('',(0.931846873906,0.));
#1202 = CARTESIAN_POINT('',(0.931846873906,5.326463141196E-02));
#1203 = CARTESIAN_POINT('',(0.931941132259,0.106528626282));
#1204 = CARTESIAN_POINT('',(0.932129603267,0.159773893518));
#1205 = CARTESIAN_POINT('',(0.932413901526,0.212981784225));
#1206 = CARTESIAN_POINT('',(0.932797120181,0.266131947544));
#1207 = CARTESIAN_POINT('',(0.933284141977,0.319200221939));
#1208 = CARTESIAN_POINT('',(0.933882443086,0.372155561935));
#1209 = CARTESIAN_POINT('',(0.935349168857,0.479575110267));
#1210 = CARTESIAN_POINT('',(0.936225640656,0.53398822778));
#1211 = CARTESIAN_POINT('',(0.937245790644,0.588192845355));
#1212 = CARTESIAN_POINT('',(0.938427066966,0.642140511406));
#1213 = CARTESIAN_POINT('',(0.939793602058,0.695728651201));
#1214 = CARTESIAN_POINT('',(0.94137815574,0.748793389605));
#1215 = CARTESIAN_POINT('',(0.943228181297,0.80108529899));
#1216 = CARTESIAN_POINT('',(0.946459564944,0.876443789098));
#1217 = CARTESIAN_POINT('',(0.947574919755,0.900399699365));
#1218 = CARTESIAN_POINT('',(0.948774514626,0.924034996708));
#1219 = CARTESIAN_POINT('',(0.950067007812,0.947286007761));
#1220 = CARTESIAN_POINT('',(0.951461930402,0.970066054263));
#1221 = CARTESIAN_POINT('',(0.952969331737,0.992266555779));
#1222 = CARTESIAN_POINT('',(0.95459882162,1.013761296413));
#1223 = CARTESIAN_POINT('',(0.958752288576,1.062522279313));
#1224 = CARTESIAN_POINT('',(0.961394458181,1.089160172292));
#1225 = CARTESIAN_POINT('',(0.964291618632,1.113800793984));
#1226 = CARTESIAN_POINT('',(0.967443158346,1.135999349624));
#1227 = CARTESIAN_POINT('',(0.970833456727,1.155474951632));
#1228 = CARTESIAN_POINT('',(0.974428019793,1.1721495145));
#1229 = CARTESIAN_POINT('',(0.978175114487,1.18613003676));
#1230 = CARTESIAN_POINT('',(0.9894142693,1.219762991275));
#1231 = CARTESIAN_POINT('',(0.997156133526,1.232655537783));
#1232 = CARTESIAN_POINT('',(1.005074886323,1.238587636664));
#1233 = CARTESIAN_POINT('',(1.013041495906,1.239708777559));
#1234 = CARTESIAN_POINT('',(1.020988939727,1.237148474741));
#1235 = CARTESIAN_POINT('',(1.02888695506,1.231818863926));
#1236 = CARTESIAN_POINT('',(1.036752065496,1.224211342172));
#1237 = CARTESIAN_POINT('',(1.051603585451,1.206090758457));
#1238 = CARTESIAN_POINT('',(1.058545666593,1.196066901535));
#1239 = CARTESIAN_POINT('',(1.065460148036,1.184773866582));
#1240 = CARTESIAN_POINT('',(1.072345286437,1.172375331591));
#1241 = CARTESIAN_POINT('',(1.079199641578,1.158981060692));
#1242 = CARTESIAN_POINT('',(1.086022124712,1.144669774738));
#1243 = CARTESIAN_POINT('',(1.092812013145,1.129499230867));
#1244 = CARTESIAN_POINT('',(1.109395234919,1.090241603092));
#1245 = CARTESIAN_POINT('',(1.119149357764,1.06524123354));
#1246 = CARTESIAN_POINT('',(1.128829177684,1.038615586444));
#1247 = CARTESIAN_POINT('',(1.138430571612,1.010402220682));
#1248 = CARTESIAN_POINT('',(1.147947546752,0.980592072048));
#1249 = CARTESIAN_POINT('',(1.15737225986,0.949138405658));
#1250 = CARTESIAN_POINT('',(1.166694716491,0.915949952202));
#1251 = CARTESIAN_POINT('',(1.182500820848,0.855732196413));
#1252 = CARTESIAN_POINT('',(1.189038794509,0.829627794569));
#1253 = CARTESIAN_POINT('',(1.195512169552,0.802500464734));
#1254 = CARTESIAN_POINT('',(1.201914719776,0.774276989676));
#1255 = CARTESIAN_POINT('',(1.208237829946,0.744871581786));
#1256 = CARTESIAN_POINT('',(1.214470210032,0.714179982516));
#1257 = CARTESIAN_POINT('',(1.220597180275,0.682065805757));
#1258 = CARTESIAN_POINT('',(1.231094544205,0.623082002891));
#1259 = CARTESIAN_POINT('',(1.235516744374,0.596936378832));
#1260 = CARTESIAN_POINT('',(1.239860321201,0.569813586374));
#1261 = CARTESIAN_POINT('',(1.244114750201,0.541617828363));
#1262 = CARTESIAN_POINT('',(1.248265104308,0.512248202106));
#1263 = CARTESIAN_POINT('',(1.252291661607,0.481592803478));
#1264 = CARTESIAN_POINT('',(1.256168805299,0.449514910096));
#1265 = CARTESIAN_POINT('',(1.262137910707,0.395091788612));
#1266 = CARTESIAN_POINT('',(1.264341906875,0.373756376806));
#1267 = CARTESIAN_POINT('',(1.266467759911,0.35178093116));
#1268 = CARTESIAN_POINT('',(1.268505386716,0.329127739365));
#1269 = CARTESIAN_POINT('',(1.270442130491,0.305765554161));
#1270 = CARTESIAN_POINT('',(1.272262941432,0.281670506471));
#1271 = CARTESIAN_POINT('',(1.273950673209,0.25682783129));
#1272 = CARTESIAN_POINT('',(1.27548649523,0.231234406342));
#1273 = ( GEOMETRIC_REPRESENTATION_CONTEXT(2) 
PARAMETRIC_REPRESENTATION_CONTEXT() REPRESENTATION_CONTEXT('2D SPACE',''
  ) );
#1274 = PCURVE('',#1023,#1275);
#1275 = DEFINITIONAL_REPRESENTATION('',(#1276),#1349);
#1276 = B_SPLINE_CURVE_WITH_KNOTS('',8,(#1277,#1278,#1279,#1280,#1281,
    #1282,#1283,#1284,#1285,#1286,#1287,#1288,#1289,#1290,#1291,#1292,
    #1293,#1294,#1295,#1296,#1297,#1298,#1299,#1300,#1301,#1302,#1303,
    #1304,#1305,#1306,#1307,#1308,#1309,#1310,#1311,#1312,#1313,#1314,
    #1315,#1316,#1317,#1318,#1319,#1320,#1321,#1322,#1323,#1324,#1325,
    #1326,#1327,#1328,#1329,#1330,#1331,#1332,#1333,#1334,#1335,#1336,
    #1337,#1338,#1339,#1340,#1341,#1342,#1343,#1344,#1345,#1346,#1347,
    #1348),.UNSPECIFIED.,.F.,.F.,(9,7,7,7,7,7,7,7,7,7,9),(0.,
    0.101158474875,0.205801277756,0.25540337296,0.322912523071,
    0.453000974184,0.567973328046,0.735172825501,0.855005790419,
    0.944745894849,0.999999750298),.UNSPECIFIED.);
#1277 = CARTESIAN_POINT('',(6.28318530718,0.299596747966));
#1278 = CARTESIAN_POINT('',(6.226787462155,0.299596747966));
#1279 = CARTESIAN_POINT('',(6.170390238646,0.299751911174));
#1280 = CARTESIAN_POINT('',(6.113983497896,0.300061806026));
#1281 = CARTESIAN_POINT('',(6.05755708857,0.300546824976));
#1282 = CARTESIAN_POINT('',(6.00110095028,0.301246364033));
#1283 = CARTESIAN_POINT('',(5.944604762391,0.302222108236));
#1284 = CARTESIAN_POINT('',(5.888057138107,0.303566423057));
#1285 = CARTESIAN_POINT('',(5.772881604877,0.307328982592));
#1286 = CARTESIAN_POINT('',(5.714292273914,0.309781231225));
#1287 = CARTESIAN_POINT('',(5.655613931334,0.312925351511));
#1288 = CARTESIAN_POINT('',(5.596817151732,0.316964402354));
#1289 = CARTESIAN_POINT('',(5.537901480672,0.32217948053));
#1290 = CARTESIAN_POINT('',(5.478894826828,0.328953748793));
#1291 = CARTESIAN_POINT('',(5.419851914277,0.337839001394));
#1292 = CARTESIAN_POINT('',(5.332878496126,0.355338500415));
#1293 = CARTESIAN_POINT('',(5.304936290968,0.36163330679));
#1294 = CARTESIAN_POINT('',(5.277029859706,0.368687794077));
#1295 = CARTESIAN_POINT('',(5.2491860456,0.376604826775));
#1296 = CARTESIAN_POINT('',(5.221449941707,0.385501404906));
#1297 = CARTESIAN_POINT('',(5.193884502616,0.395505504547));
#1298 = CARTESIAN_POINT('',(5.166569305874,0.406746122042));
#1299 = CARTESIAN_POINT('',(5.102890766321,0.436472233448));
#1300 = CARTESIAN_POINT('',(5.066704043542,0.456163000214));
#1301 = CARTESIAN_POINT('',(5.031501139461,0.47861470623));
#1302 = CARTESIAN_POINT('',(4.997683169623,0.503952415423));
#1303 = CARTESIAN_POINT('',(4.965535659242,0.532123165759));
#1304 = CARTESIAN_POINT('',(4.935215263682,0.562842376471));
#1305 = CARTESIAN_POINT('',(4.906774367334,0.595609617201));
#1306 = CARTESIAN_POINT('',(4.829052905481,0.69574105666));
#1307 = CARTESIAN_POINT('',(4.784904918877,0.767002359521));
#1308 = CARTESIAN_POINT('',(4.745976464772,0.841594845421));
#1309 = CARTESIAN_POINT('',(4.710572679335,0.917792719542));
#1310 = CARTESIAN_POINT('',(4.677837220314,0.994696838988));
#1311 = CARTESIAN_POINT('',(4.646993972649,1.071802707832));
#1312 = CARTESIAN_POINT('',(4.617468268993,1.149152782665));
#1313 = CARTESIAN_POINT('',(4.563244187916,1.296137877521));
#1314 = CARTESIAN_POINT('',(4.538530720402,1.365226826995));
#1315 = CARTESIAN_POINT('',(4.514278300107,1.434365394876));
#1316 = CARTESIAN_POINT('',(4.490307043907,1.503495882993));
#1317 = CARTESIAN_POINT('',(4.466485899521,1.57257554861));
#1318 = CARTESIAN_POINT('',(4.442708576666,1.641571744282));
#1319 = CARTESIAN_POINT('',(4.418881867944,1.710459571906));
#1320 = CARTESIAN_POINT('',(4.360088862848,1.879220455411));
#1321 = CARTESIAN_POINT('',(4.324986858269,1.978928617089));
#1322 = CARTESIAN_POINT('',(4.289375095579,2.078283061409));
#1323 = CARTESIAN_POINT('',(4.253063630279,2.177214857016));
#1324 = CARTESIAN_POINT('',(4.215877687506,2.275642239413));
#1325 = CARTESIAN_POINT('',(4.177641072997,2.373467292062));
#1326 = CARTESIAN_POINT('',(4.138162048535,2.470571390757));
#1327 = CARTESIAN_POINT('',(4.067843245869,2.635774736468));
#1328 = CARTESIAN_POINT('',(4.03773172879,2.704279838082));
#1329 = CARTESIAN_POINT('',(4.006775164658,2.772275260612));
#1330 = CARTESIAN_POINT('',(3.974873538368,2.839690329646));
#1331 = CARTESIAN_POINT('',(3.941917873363,2.906428783677));
#1332 = CARTESIAN_POINT('',(3.907782705694,2.972365089237));
#1333 = CARTESIAN_POINT('',(3.872310852015,3.037336145118));
#1334 = CARTESIAN_POINT('',(3.807566774525,3.148900884976));
#1335 = CARTESIAN_POINT('',(3.778992007436,3.19598118567));
#1336 = CARTESIAN_POINT('',(3.749467130982,3.242303447583));
#1337 = CARTESIAN_POINT('',(3.718886979121,3.287751151677));
#1338 = CARTESIAN_POINT('',(3.687141857494,3.332159799675));
#1339 = CARTESIAN_POINT('',(3.654110842677,3.375312074337));
#1340 = CARTESIAN_POINT('',(3.619646782244,3.416925450395));
#1341 = CARTESIAN_POINT('',(3.561329700041,3.481080122773));
#1342 = CARTESIAN_POINT('',(3.538502287569,3.504789906642));
#1343 = CARTESIAN_POINT('',(3.515023388928,3.527679308646));
#1344 = CARTESIAN_POINT('',(3.49085252204,3.549637378582));
#1345 = CARTESIAN_POINT('',(3.465956016157,3.570524994096));
#1346 = CARTESIAN_POINT('',(3.44030780614,3.590176719415));
#1347 = CARTESIAN_POINT('',(3.413891096924,3.608404043838));
#1348 = CARTESIAN_POINT('',(3.38670089817,3.625));
#1349 = ( GEOMETRIC_REPRESENTATION_CONTEXT(2) 
PARAMETRIC_REPRESENTATION_CONTEXT() REPRESENTATION_CONTEXT('2D SPACE',''
  ) );
#1350 = ORIENTED_EDGE('',*,*,#1351,.F.);
#1351 = EDGE_CURVE('',#820,#1122,#1352,.T.);
#1352 = SURFACE_CURVE('',#1353,(#1361,#1372),.PCURVE_S1.);
#1353 = B_SPLINE_CURVE_WITH_KNOTS('',6,(#1354,#1355,#1356,#1357,#1358,
    #1359,#1360),.UNSPECIFIED.,.F.,.F.,(7,7),(0.,1.),
  .PIECEWISE_BEZIER_KNOTS.);
#1354 = CARTESIAN_POINT('',(3.189061328523,1.110223024625E-15,
    10.423045996393));
#1355 = CARTESIAN_POINT('',(3.189061328523,-9.830362612827E-02,
    10.423045996393));
#1356 = CARTESIAN_POINT('',(3.17630038112,-0.196669355138,10.41347528584
    ));
#1357 = CARTESIAN_POINT('',(3.150752986604,-0.292287911677,
    10.394314739953));
#1358 = CARTESIAN_POINT('',(3.113370600686,-0.382741402444,
    10.366277950515));
#1359 = CARTESIAN_POINT('',(3.065545033186,-0.466180340968,
    10.330408774889));
#1360 = CARTESIAN_POINT('',(3.009,-0.541326802453,10.288));
#1361 = PCURVE('',#116,#1362);
#1362 = DEFINITIONAL_REPRESENTATION('',(#1363),#1371);
#1363 = B_SPLINE_CURVE_WITH_KNOTS('',6,(#1364,#1365,#1366,#1367,#1368,
    #1369,#1370),.UNSPECIFIED.,.F.,.F.,(7,7),(0.,1.),
  .PIECEWISE_BEZIER_KNOTS.);
#1364 = CARTESIAN_POINT('',(1.273878354949,0.));
#1365 = CARTESIAN_POINT('',(1.273878354949,0.109226251254));
#1366 = CARTESIAN_POINT('',(1.274740991029,0.218520324662));
#1367 = CARTESIAN_POINT('',(1.27646778121,0.327114823332));
#1368 = CARTESIAN_POINT('',(1.279010466444,0.434652181039));
#1369 = CARTESIAN_POINT('',(1.282303407242,0.540830354724));
#1370 = CARTESIAN_POINT('',(1.286255879447,0.645345166228));
#1371 = ( GEOMETRIC_REPRESENTATION_CONTEXT(2) 
PARAMETRIC_REPRESENTATION_CONTEXT() REPRESENTATION_CONTEXT('2D SPACE',''
  ) );
#1372 = PCURVE('',#867,#1373);
#1373 = DEFINITIONAL_REPRESENTATION('',(#1374),#1382);
#1374 = B_SPLINE_CURVE_WITH_KNOTS('',6,(#1375,#1376,#1377,#1378,#1379,
    #1380,#1381),.UNSPECIFIED.,.F.,.F.,(7,7),(0.,1.),
  .PIECEWISE_BEZIER_KNOTS.);
#1375 = CARTESIAN_POINT('',(-0.794923339346,1.110223024625E-15));
#1376 = CARTESIAN_POINT('',(-0.794923339346,-9.830362612827E-02));
#1377 = CARTESIAN_POINT('',(-0.810874523601,-0.196669355138));
#1378 = CARTESIAN_POINT('',(-0.842808766745,-0.292287911677));
#1379 = CARTESIAN_POINT('',(-0.889536749142,-0.382741402444));
#1380 = CARTESIAN_POINT('',(-0.949318708518,-0.466180340968));
#1381 = CARTESIAN_POINT('',(-1.02,-0.541326802453));
#1382 = ( GEOMETRIC_REPRESENTATION_CONTEXT(2) 
PARAMETRIC_REPRESENTATION_CONTEXT() REPRESENTATION_CONTEXT('2D SPACE',''
  ) );
#1383 = ORIENTED_EDGE('',*,*,#819,.T.);
#1384 = ORIENTED_EDGE('',*,*,#1385,.T.);
#1385 = EDGE_CURVE('',#606,#582,#1386,.T.);
#1386 = SURFACE_CURVE('',#1387,(#1453,#1522),.PCURVE_S1.);
#1387 = B_SPLINE_CURVE_WITH_KNOTS('',8,(#1388,#1389,#1390,#1391,#1392,
    #1393,#1394,#1395,#1396,#1397,#1398,#1399,#1400,#1401,#1402,#1403,
    #1404,#1405,#1406,#1407,#1408,#1409,#1410,#1411,#1412,#1413,#1414,
    #1415,#1416,#1417,#1418,#1419,#1420,#1421,#1422,#1423,#1424,#1425,
    #1426,#1427,#1428,#1429,#1430,#1431,#1432,#1433,#1434,#1435,#1436,
    #1437,#1438,#1439,#1440,#1441,#1442,#1443,#1444,#1445,#1446,#1447,
    #1448,#1449,#1450,#1451,#1452),.UNSPECIFIED.,.F.,.F.,(9,7,7,7,7,7,7,
    7,7,9),(0.,4.08634426447E-02,0.119543734501,0.232990406054,
    0.504255791958,0.693895316564,0.789345547362,0.849943768165,
    0.941973265962,1.),.UNSPECIFIED.);
#1388 = CARTESIAN_POINT('',(2.078460969083,1.198141008072E-15,10.7));
#1389 = CARTESIAN_POINT('',(2.078460969083,-1.66356580565E-02,10.7));
#1390 = CARTESIAN_POINT('',(2.076617975085,-3.327779505007E-02,10.7));
#1391 = CARTESIAN_POINT('',(2.072929661091,-4.979729783787E-02,10.7));
#1392 = CARTESIAN_POINT('',(2.067460486588,-6.608881099091E-02,10.7));
#1393 = CARTESIAN_POINT('',(2.060319473448,-8.206799345489E-02,10.7));
#1394 = CARTESIAN_POINT('',(2.051642320577,-9.766910177755E-02,10.7));
#1395 = CARTESIAN_POINT('',(2.041577856303,-0.112842899902,10.7));
#1396 = CARTESIAN_POINT('',(2.008523177315,-0.15588202694,10.7));
#1397 = CARTESIAN_POINT('',(1.982226023051,-0.182450483026,10.7));
#1398 = CARTESIAN_POINT('',(1.952322406384,-0.207259418131,10.7));
#1399 = CARTESIAN_POINT('',(1.919613485444,-0.230367433487,10.7));
#1400 = CARTESIAN_POINT('',(1.884747114308,-0.251875832841,10.7));
#1401 = CARTESIAN_POINT('',(1.848202329649,-0.271915081029,10.7));
#1402 = CARTESIAN_POINT('',(1.81027774554,-0.290634465518,10.7));
#1403 = CARTESIAN_POINT('',(1.714571403819,-0.333514894318,10.7));
#1404 = CARTESIAN_POINT('',(1.655654402957,-0.356320818045,10.7));
#1405 = CARTESIAN_POINT('',(1.594952374818,-0.377013206467,10.7));
#1406 = CARTESIAN_POINT('',(1.53289092131,-0.395842967542,10.7));
#1407 = CARTESIAN_POINT('',(1.469785295275,-0.413014141627,10.7));
#1408 = CARTESIAN_POINT('',(1.405856298717,-0.428704803128,10.7));
#1409 = CARTESIAN_POINT('',(1.341224033402,-0.44305968618,10.7));
#1410 = CARTESIAN_POINT('',(1.119786820824,-0.487647474966,10.7));
#1411 = CARTESIAN_POINT('',(0.960401213696,-0.512074151875,10.7));
#1412 = CARTESIAN_POINT('',(0.798954838928,-0.531178401975,10.7));
#1413 = CARTESIAN_POINT('',(0.636189318797,-0.545650400737,10.7));
#1414 = CARTESIAN_POINT('',(0.47268853245,-0.556107844014,10.7));
#1415 = CARTESIAN_POINT('',(0.308787980289,-0.562839138611,10.7));
#1416 = CARTESIAN_POINT('',(0.144670490798,-0.566037193962,10.7));
#1417 = CARTESIAN_POINT('',(-0.134583872913,-0.565401435269,10.7));
#1418 = CARTESIAN_POINT('',(-0.249445125259,-0.563394327204,10.7));
#1419 = CARTESIAN_POINT('',(-0.364208269348,-0.559640332771,10.7));
#1420 = CARTESIAN_POINT('',(-0.478786314263,-0.554090709703,10.7));
#1421 = CARTESIAN_POINT('',(-0.593067566474,-0.546658939303,10.7));
#1422 = CARTESIAN_POINT('',(-0.706914697471,-0.537215745079,10.7));
#1423 = CARTESIAN_POINT('',(-0.820160622712,-0.525569525652,10.7));
#1424 = CARTESIAN_POINT('',(-0.989195292202,-0.504316539674,10.7));
#1425 = CARTESIAN_POINT('',(-1.045574947913,-0.496570902698,10.7));
#1426 = CARTESIAN_POINT('',(-1.101715822968,-0.488158647811,10.7));
#1427 = CARTESIAN_POINT('',(-1.157582936564,-0.479036755299,10.7));
#1428 = CARTESIAN_POINT('',(-1.213130779605,-0.469155865844,10.7));
#1429 = CARTESIAN_POINT('',(-1.268302523351,-0.458458424913,10.7));
#1430 = CARTESIAN_POINT('',(-1.323028320286,-0.446874934625,10.7));
#1431 = CARTESIAN_POINT('',(-1.411628929524,-0.426346525968,10.7));
#1432 = CARTESIAN_POINT('',(-1.445817017072,-0.417983543296,10.7));
#1433 = CARTESIAN_POINT('',(-1.479765910968,-0.409206548662,10.7));
#1434 = CARTESIAN_POINT('',(-1.513448643474,-0.399991146113,10.7));
#1435 = CARTESIAN_POINT('',(-1.546831581042,-0.390310359273,10.7));
#1436 = CARTESIAN_POINT('',(-1.579873677379,-0.380133630431,10.7));
#1437 = CARTESIAN_POINT('',(-1.61252572651,-0.369425819636,10.7));
#1438 = CARTESIAN_POINT('',(-1.693637120431,-0.341016041079,10.7));
#1439 = CARTESIAN_POINT('',(-1.741373934271,-0.322615023953,10.7));
#1440 = CARTESIAN_POINT('',(-1.787893607745,-0.302757530931,10.7));
#1441 = CARTESIAN_POINT('',(-1.832956220271,-0.281256405008,10.7));
#1442 = CARTESIAN_POINT('',(-1.876108692816,-0.257915339602,10.7));
#1443 = CARTESIAN_POINT('',(-1.916704435786,-0.232544837054,10.7));
#1444 = CARTESIAN_POINT('',(-1.953893152929,-0.204958320896,10.7));
#1445 = CARTESIAN_POINT('',(-2.007078323455,-0.155955656162,10.7));
#1446 = CARTESIAN_POINT('',(-2.02583357541,-0.136020161677,10.7));
#1447 = CARTESIAN_POINT('',(-2.042404451685,-0.115106950384,10.7));
#1448 = CARTESIAN_POINT('',(-2.056363651982,-9.326984968374E-02,10.7));
#1449 = CARTESIAN_POINT('',(-2.067272999048,-7.061835441363E-02,10.7));
#1450 = CARTESIAN_POINT('',(-2.074731544293,-4.732932471861E-02,10.7));
#1451 = CARTESIAN_POINT('',(-2.078460969083,-2.366472025497E-02,10.7));
#1452 = CARTESIAN_POINT('',(-2.078460969083,1.198141008072E-15,10.7));
#1453 = PCURVE('',#116,#1454);
#1454 = DEFINITIONAL_REPRESENTATION('',(#1455),#1521);
#1455 = B_SPLINE_CURVE_WITH_KNOTS('',8,(#1456,#1457,#1458,#1459,#1460,
    #1461,#1462,#1463,#1464,#1465,#1466,#1467,#1468,#1469,#1470,#1471,
    #1472,#1473,#1474,#1475,#1476,#1477,#1478,#1479,#1480,#1481,#1482,
    #1483,#1484,#1485,#1486,#1487,#1488,#1489,#1490,#1491,#1492,#1493,
    #1494,#1495,#1496,#1497,#1498,#1499,#1500,#1501,#1502,#1503,#1504,
    #1505,#1506,#1507,#1508,#1509,#1510,#1511,#1512,#1513,#1514,#1515,
    #1516,#1517,#1518,#1519,#1520),.UNSPECIFIED.,.F.,.F.,(9,7,7,7,7,7,7,
    7,7,9),(0.,4.08634426447E-02,0.119543734501,0.232990406054,
    0.504255791958,0.693895316564,0.789345547362,0.849943768165,
    0.941973265962,1.),.UNSPECIFIED.);
#1456 = CARTESIAN_POINT('',(1.378936940594,0.));
#1457 = CARTESIAN_POINT('',(1.378936940594,1.848406450722E-02));
#1458 = CARTESIAN_POINT('',(1.379102920761,3.69753215375E-02));
#1459 = CARTESIAN_POINT('',(1.379435087881,5.533996325379E-02));
#1460 = CARTESIAN_POINT('',(1.379927701473,7.347054053839E-02));
#1461 = CARTESIAN_POINT('',(1.380571060249,9.128155926367E-02));
#1462 = CARTESIAN_POINT('',(1.381353093839,0.108706051825));
#1463 = CARTESIAN_POINT('',(1.382260559805,0.125693123937));
#1464 = CARTESIAN_POINT('',(1.385242424788,0.174002021313));
#1465 = CARTESIAN_POINT('',(1.387616358866,0.203988932686));
#1466 = CARTESIAN_POINT('',(1.390318519731,0.23218252595));
#1467 = CARTESIAN_POINT('',(1.393277715327,0.258643473657));
#1468 = CARTESIAN_POINT('',(1.396436268973,0.283469128692));
#1469 = CARTESIAN_POINT('',(1.399751402831,0.306786118878));
#1470 = CARTESIAN_POINT('',(1.403196425795,0.328744213254));
#1471 = CARTESIAN_POINT('',(1.411902421333,0.379455108802));
#1472 = CARTESIAN_POINT('',(1.417271846759,0.40679911517));
#1473 = CARTESIAN_POINT('',(1.422814754033,0.431944671809));
#1474 = CARTESIAN_POINT('',(1.42849287433,0.45512679257));
#1475 = CARTESIAN_POINT('',(1.434277541938,0.47653213332));
#1476 = CARTESIAN_POINT('',(1.440148431271,0.496323964284));
#1477 = CARTESIAN_POINT('',(1.446094274131,0.51463417563));
#1478 = CARTESIAN_POINT('',(1.466499194016,0.57210706986));
#1479 = CARTESIAN_POINT('',(1.481242627144,0.604696120873));
#1480 = CARTESIAN_POINT('',(1.496227787606,0.630874814932));
#1481 = CARTESIAN_POINT('',(1.511377694847,0.651139884753));
#1482 = CARTESIAN_POINT('',(1.52662805957,0.665982724));
#1483 = CARTESIAN_POINT('',(1.541936745786,0.675608328544));
#1484 = CARTESIAN_POINT('',(1.557275770088,0.680176332657));
#1485 = CARTESIAN_POINT('',(1.583374220425,0.679268129444));
#1486 = CARTESIAN_POINT('',(1.594108395769,0.676401162905));
#1487 = CARTESIAN_POINT('',(1.604829144107,0.671041437773));
#1488 = CARTESIAN_POINT('',(1.615524575859,0.66315119013));
#1489 = CARTESIAN_POINT('',(1.62618056607,0.652666141059));
#1490 = CARTESIAN_POINT('',(1.636780768592,0.639490783719));
#1491 = CARTESIAN_POINT('',(1.647306373917,0.623477181214));
#1492 = CARTESIAN_POINT('',(1.662984901673,0.594778856732));
#1493 = CARTESIAN_POINT('',(1.668208812765,0.584392649281));
#1494 = CARTESIAN_POINT('',(1.673404728458,0.573198407125));
#1495 = CARTESIAN_POINT('',(1.678569076981,0.561160116714));
#1496 = CARTESIAN_POINT('',(1.683697352499,0.548236162747));
#1497 = CARTESIAN_POINT('',(1.68878405823,0.53437734167));
#1498 = CARTESIAN_POINT('',(1.69382257046,0.519522722694));
#1499 = CARTESIAN_POINT('',(1.70196805593,0.493480324114));
#1500 = CARTESIAN_POINT('',(1.705108189462,0.482935407135));
#1501 = CARTESIAN_POINT('',(1.708223363397,0.471937753188));
#1502 = CARTESIAN_POINT('',(1.711311086584,0.460465168146));
#1503 = CARTESIAN_POINT('',(1.714368275639,0.448492970979));
#1504 = CARTESIAN_POINT('',(1.717391193224,0.435992848763));
#1505 = CARTESIAN_POINT('',(1.720375386327,0.422931711687));
#1506 = CARTESIAN_POINT('',(1.727780914817,0.388523568833));
#1507 = CARTESIAN_POINT('',(1.732132314805,0.366450768443));
#1508 = CARTESIAN_POINT('',(1.736365918471,0.34286159448));
#1509 = CARTESIAN_POINT('',(1.740460226866,0.317570824393));
#1510 = CARTESIAN_POINT('',(1.744374591622,0.290388768148));
#1511 = CARTESIAN_POINT('',(1.748051281537,0.261134857883));
#1512 = CARTESIAN_POINT('',(1.751414743026,0.229625045037));
#1513 = CARTESIAN_POINT('',(1.756219702895,0.174119394253));
#1514 = CARTESIAN_POINT('',(1.757912661259,0.151642634139));
#1515 = CARTESIAN_POINT('',(1.759407246688,0.128164890018));
#1516 = CARTESIAN_POINT('',(1.760665385366,0.103743987462));
#1517 = CARTESIAN_POINT('',(1.761648129315,7.849253775984E-02));
#1518 = CARTESIAN_POINT('',(1.762319841222,5.258813838755E-02));
#1519 = CARTESIAN_POINT('',(1.762655712996,2.629413361663E-02));
#1520 = CARTESIAN_POINT('',(1.762655712996,0.));
#1521 = ( GEOMETRIC_REPRESENTATION_CONTEXT(2) 
PARAMETRIC_REPRESENTATION_CONTEXT() REPRESENTATION_CONTEXT('2D SPACE',''
  ) );
#1522 = PCURVE('',#745,#1523);
#1523 = DEFINITIONAL_REPRESENTATION('',(#1524),#1590);
#1524 = B_SPLINE_CURVE_WITH_KNOTS('',8,(#1525,#1526,#1527,#1528,#1529,
    #1530,#1531,#1532,#1533,#1534,#1535,#1536,#1537,#1538,#1539,#1540,
    #1541,#1542,#1543,#1544,#1545,#1546,#1547,#1548,#1549,#1550,#1551,
    #1552,#1553,#1554,#1555,#1556,#1557,#1558,#1559,#1560,#1561,#1562,
    #1563,#1564,#1565,#1566,#1567,#1568,#1569,#1570,#1571,#1572,#1573,
    #1574,#1575,#1576,#1577,#1578,#1579,#1580,#1581,#1582,#1583,#1584,
    #1585,#1586,#1587,#1588,#1589),.UNSPECIFIED.,.F.,.F.,(9,7,7,7,7,7,7,
    7,7,9),(0.,4.08634426447E-02,0.119543734501,0.232990406054,
    0.504255791958,0.693895316564,0.789345547362,0.849943768165,
    0.941973265962,1.),.UNSPECIFIED.);
#1525 = CARTESIAN_POINT('',(2.078460969083,1.110223024625E-15));
#1526 = CARTESIAN_POINT('',(2.078460969083,-1.66356580565E-02));
#1527 = CARTESIAN_POINT('',(2.076617975085,-3.327779505007E-02));
#1528 = CARTESIAN_POINT('',(2.072929661091,-4.979729783787E-02));
#1529 = CARTESIAN_POINT('',(2.067460486588,-6.608881099091E-02));
#1530 = CARTESIAN_POINT('',(2.060319473448,-8.206799345489E-02));
#1531 = CARTESIAN_POINT('',(2.051642320577,-9.766910177755E-02));
#1532 = CARTESIAN_POINT('',(2.041577856303,-0.112842899902));
#1533 = CARTESIAN_POINT('',(2.008523177315,-0.15588202694));
#1534 = CARTESIAN_POINT('',(1.982226023051,-0.182450483026));
#1535 = CARTESIAN_POINT('',(1.952322406384,-0.207259418131));
#1536 = CARTESIAN_POINT('',(1.919613485444,-0.230367433487));
#1537 = CARTESIAN_POINT('',(1.884747114308,-0.251875832841));
#1538 = CARTESIAN_POINT('',(1.848202329649,-0.271915081029));
#1539 = CARTESIAN_POINT('',(1.81027774554,-0.290634465518));
#1540 = CARTESIAN_POINT('',(1.714571403819,-0.333514894318));
#1541 = CARTESIAN_POINT('',(1.655654402957,-0.356320818045));
#1542 = CARTESIAN_POINT('',(1.594952374818,-0.377013206467));
#1543 = CARTESIAN_POINT('',(1.53289092131,-0.395842967542));
#1544 = CARTESIAN_POINT('',(1.469785295275,-0.413014141627));
#1545 = CARTESIAN_POINT('',(1.405856298717,-0.428704803128));
#1546 = CARTESIAN_POINT('',(1.341224033402,-0.44305968618));
#1547 = CARTESIAN_POINT('',(1.119786820824,-0.487647474966));
#1548 = CARTESIAN_POINT('',(0.960401213696,-0.512074151875));
#1549 = CARTESIAN_POINT('',(0.798954838928,-0.531178401975));
#1550 = CARTESIAN_POINT('',(0.636189318797,-0.545650400737));
#1551 = CARTESIAN_POINT('',(0.47268853245,-0.556107844014));
#1552 = CARTESIAN_POINT('',(0.308787980289,-0.562839138611));
#1553 = CARTESIAN_POINT('',(0.144670490798,-0.566037193962));
#1554 = CARTESIAN_POINT('',(-0.134583872913,-0.565401435269));
#1555 = CARTESIAN_POINT('',(-0.249445125259,-0.563394327204));
#1556 = CARTESIAN_POINT('',(-0.364208269348,-0.559640332771));
#1557 = CARTESIAN_POINT('',(-0.478786314263,-0.554090709703));
#1558 = CARTESIAN_POINT('',(-0.593067566474,-0.546658939303));
#1559 = CARTESIAN_POINT('',(-0.706914697471,-0.537215745079));
#1560 = CARTESIAN_POINT('',(-0.820160622712,-0.525569525652));
#1561 = CARTESIAN_POINT('',(-0.989195292202,-0.504316539674));
#1562 = CARTESIAN_POINT('',(-1.045574947913,-0.496570902698));
#1563 = CARTESIAN_POINT('',(-1.101715822968,-0.488158647811));
#1564 = CARTESIAN_POINT('',(-1.157582936564,-0.479036755299));
#1565 = CARTESIAN_POINT('',(-1.213130779605,-0.469155865844));
#1566 = CARTESIAN_POINT('',(-1.268302523351,-0.458458424913));
#1567 = CARTESIAN_POINT('',(-1.323028320286,-0.446874934625));
#1568 = CARTESIAN_POINT('',(-1.411628929524,-0.426346525968));
#1569 = CARTESIAN_POINT('',(-1.445817017072,-0.417983543296));
#1570 = CARTESIAN_POINT('',(-1.479765910968,-0.409206548662));
#1571 = CARTESIAN_POINT('',(-1.513448643474,-0.399991146113));
#1572 = CARTESIAN_POINT('',(-1.546831581042,-0.390310359273));
#1573 = CARTESIAN_POINT('',(-1.579873677379,-0.380133630431));
#1574 = CARTESIAN_POINT('',(-1.61252572651,-0.369425819636));
#1575 = CARTESIAN_POINT('',(-1.693637120431,-0.341016041079));
#1576 = CARTESIAN_POINT('',(-1.741373934271,-0.322615023953));
#1577 = CARTESIAN_POINT('',(-1.787893607745,-0.302757530931));
#1578 = CARTESIAN_POINT('',(-1.832956220271,-0.281256405008));
#1579 = CARTESIAN_POINT('',(-1.876108692816,-0.257915339602));
#1580 = CARTESIAN_POINT('',(-1.916704435786,-0.232544837054));
#1581 = CARTESIAN_POINT('',(-1.953893152929,-0.204958320896));
#1582 = CARTESIAN_POINT('',(-2.007078323455,-0.155955656162));
#1583 = CARTESIAN_POINT('',(-2.02583357541,-0.136020161677));
#1584 = CARTESIAN_POINT('',(-2.042404451685,-0.115106950384));
#1585 = CARTESIAN_POINT('',(-2.056363651982,-9.326984968374E-02));
#1586 = CARTESIAN_POINT('',(-2.067272999048,-7.061835441363E-02));
#1587 = CARTESIAN_POINT('',(-2.074731544293,-4.732932471861E-02));
#1588 = CARTESIAN_POINT('',(-2.078460969083,-2.366472025497E-02));
#1589 = CARTESIAN_POINT('',(-2.078460969083,1.110223024625E-15));
#1590 = ( GEOMETRIC_REPRESENTATION_CONTEXT(2) 
PARAMETRIC_REPRESENTATION_CONTEXT() REPRESENTATION_CONTEXT('2D SPACE',''
  ) );
#1591 = ORIENTED_EDGE('',*,*,#581,.T.);
#1592 = ORIENTED_EDGE('',*,*,#1593,.T.);
#1593 = EDGE_CURVE('',#542,#44,#1594,.T.);
#1594 = SURFACE_CURVE('',#1595,(#1603,#1614),.PCURVE_S1.);
#1595 = B_SPLINE_CURVE_WITH_KNOTS('',6,(#1596,#1597,#1598,#1599,#1600,
    #1601,#1602),.UNSPECIFIED.,.F.,.F.,(7,7),(0.,1.),
  .PIECEWISE_BEZIER_KNOTS.);
#1596 = CARTESIAN_POINT('',(-3.189061328523,1.110223024625E-15,
    10.423045996393));
#1597 = CARTESIAN_POINT('',(-3.189061328523,-9.830362612827E-02,
    10.423045996393));
#1598 = CARTESIAN_POINT('',(-3.17630038112,-0.196669355138,
    10.41347528584));
#1599 = CARTESIAN_POINT('',(-3.150752986604,-0.292287911677,
    10.394314739953));
#1600 = CARTESIAN_POINT('',(-3.113370600686,-0.382741402444,
    10.366277950515));
#1601 = CARTESIAN_POINT('',(-3.065545033186,-0.466180340968,
    10.330408774889));
#1602 = CARTESIAN_POINT('',(-3.009,-0.541326802453,10.288));
#1603 = PCURVE('',#116,#1604);
#1604 = DEFINITIONAL_REPRESENTATION('',(#1605),#1613);
#1605 = B_SPLINE_CURVE_WITH_KNOTS('',6,(#1606,#1607,#1608,#1609,#1610,
    #1611,#1612),.UNSPECIFIED.,.F.,.F.,(7,7),(0.,1.),
  .PIECEWISE_BEZIER_KNOTS.);
#1606 = CARTESIAN_POINT('',(1.867714298641,0.));
#1607 = CARTESIAN_POINT('',(1.867714298641,0.109226251254));
#1608 = CARTESIAN_POINT('',(1.86685166256,0.218520324662));
#1609 = CARTESIAN_POINT('',(1.86512487238,0.327114823332));
#1610 = CARTESIAN_POINT('',(1.862582187146,0.434652181039));
#1611 = CARTESIAN_POINT('',(1.859289246348,0.540830354724));
#1612 = CARTESIAN_POINT('',(1.855336774142,0.645345166228));
#1613 = ( GEOMETRIC_REPRESENTATION_CONTEXT(2) 
PARAMETRIC_REPRESENTATION_CONTEXT() REPRESENTATION_CONTEXT('2D SPACE',''
  ) );
#1614 = PCURVE('',#565,#1615);
#1615 = DEFINITIONAL_REPRESENTATION('',(#1616),#1624);
#1616 = B_SPLINE_CURVE_WITH_KNOTS('',6,(#1617,#1618,#1619,#1620,#1621,
    #1622,#1623),.UNSPECIFIED.,.F.,.F.,(7,7),(0.,1.),
  .PIECEWISE_BEZIER_KNOTS.);
#1617 = CARTESIAN_POINT('',(0.794923339346,1.110223024625E-15));
#1618 = CARTESIAN_POINT('',(0.794923339346,-9.830362612827E-02));
#1619 = CARTESIAN_POINT('',(0.810874523601,-0.196669355138));
#1620 = CARTESIAN_POINT('',(0.842808766745,-0.292287911677));
#1621 = CARTESIAN_POINT('',(0.889536749142,-0.382741402444));
#1622 = CARTESIAN_POINT('',(0.949318708518,-0.466180340968));
#1623 = CARTESIAN_POINT('',(1.02,-0.541326802453));
#1624 = ( GEOMETRIC_REPRESENTATION_CONTEXT(2) 
PARAMETRIC_REPRESENTATION_CONTEXT() REPRESENTATION_CONTEXT('2D SPACE',''
  ) );
#1625 = ADVANCED_FACE('',(#1626),#190,.T.);
#1626 = FACE_BOUND('',#1627,.T.);
#1627 = EDGE_LOOP('',(#1628,#1652,#1653,#1654,#1678,#1720,#1763,#1792,
    #1830));
#1628 = ORIENTED_EDGE('',*,*,#1629,.F.);
#1629 = EDGE_CURVE('',#312,#1630,#1632,.T.);
#1630 = VERTEX_POINT('',#1631);
#1631 = CARTESIAN_POINT('',(-3.491666666667,0.74087035903,10.65));
#1632 = SURFACE_CURVE('',#1633,(#1638,#1645),.PCURVE_S1.);
#1633 = CIRCLE('',#1634,0.85);
#1634 = AXIS2_PLACEMENT_3D('',#1635,#1636,#1637);
#1635 = CARTESIAN_POINT('',(-3.825,0.,10.9));
#1636 = DIRECTION('',(0.6,0.,0.8));
#1637 = DIRECTION('',(0.8,0.,-0.6));
#1638 = PCURVE('',#190,#1639);
#1639 = DEFINITIONAL_REPRESENTATION('',(#1640),#1644);
#1640 = LINE('',#1641,#1642);
#1641 = CARTESIAN_POINT('',(0.,3.625));
#1642 = VECTOR('',#1643,1.);
#1643 = DIRECTION('',(1.,0.));
#1644 = ( GEOMETRIC_REPRESENTATION_CONTEXT(2) 
PARAMETRIC_REPRESENTATION_CONTEXT() REPRESENTATION_CONTEXT('2D SPACE',''
  ) );
#1645 = PCURVE('',#565,#1646);
#1646 = DEFINITIONAL_REPRESENTATION('',(#1647),#1651);
#1647 = CIRCLE('',#1648,0.85);
#1648 = AXIS2_PLACEMENT_2D('',#1649,#1650);
#1649 = CARTESIAN_POINT('',(0.,0.));
#1650 = DIRECTION('',(1.,0.));
#1651 = ( GEOMETRIC_REPRESENTATION_CONTEXT(2) 
PARAMETRIC_REPRESENTATION_CONTEXT() REPRESENTATION_CONTEXT('2D SPACE',''
  ) );
#1652 = ORIENTED_EDGE('',*,*,#311,.F.);
#1653 = ORIENTED_EDGE('',*,*,#43,.F.);
#1654 = ORIENTED_EDGE('',*,*,#1655,.F.);
#1655 = EDGE_CURVE('',#1656,#44,#1658,.T.);
#1656 = VERTEX_POINT('',#1657);
#1657 = CARTESIAN_POINT('',(-3.491666666667,-0.74087035903,10.65));
#1658 = SURFACE_CURVE('',#1659,(#1664,#1671),.PCURVE_S1.);
#1659 = CIRCLE('',#1660,0.85);
#1660 = AXIS2_PLACEMENT_3D('',#1661,#1662,#1663);
#1661 = CARTESIAN_POINT('',(-3.825,0.,10.9));
#1662 = DIRECTION('',(0.6,0.,0.8));
#1663 = DIRECTION('',(0.8,0.,-0.6));
#1664 = PCURVE('',#190,#1665);
#1665 = DEFINITIONAL_REPRESENTATION('',(#1666),#1670);
#1666 = LINE('',#1667,#1668);
#1667 = CARTESIAN_POINT('',(0.,3.625));
#1668 = VECTOR('',#1669,1.);
#1669 = DIRECTION('',(1.,0.));
#1670 = ( GEOMETRIC_REPRESENTATION_CONTEXT(2) 
PARAMETRIC_REPRESENTATION_CONTEXT() REPRESENTATION_CONTEXT('2D SPACE',''
  ) );
#1671 = PCURVE('',#565,#1672);
#1672 = DEFINITIONAL_REPRESENTATION('',(#1673),#1677);
#1673 = CIRCLE('',#1674,0.85);
#1674 = AXIS2_PLACEMENT_2D('',#1675,#1676);
#1675 = CARTESIAN_POINT('',(0.,0.));
#1676 = DIRECTION('',(1.,0.));
#1677 = ( GEOMETRIC_REPRESENTATION_CONTEXT(2) 
PARAMETRIC_REPRESENTATION_CONTEXT() REPRESENTATION_CONTEXT('2D SPACE',''
  ) );
#1678 = ORIENTED_EDGE('',*,*,#1679,.F.);
#1679 = EDGE_CURVE('',#1680,#1656,#1682,.T.);
#1680 = VERTEX_POINT('',#1681);
#1681 = CARTESIAN_POINT('',(-4.35103103741,-0.805700882148,10.65));
#1682 = SURFACE_CURVE('',#1683,(#1688,#1708),.PCURVE_S1.);
#1683 = ELLIPSE('',#1684,1.0625,0.85);
#1684 = AXIS2_PLACEMENT_3D('',#1685,#1686,#1687);
#1685 = CARTESIAN_POINT('',(-4.0125,0.,10.65));
#1686 = DIRECTION('',(0.,0.,1.));
#1687 = DIRECTION('',(1.,0.,-0.));
#1688 = PCURVE('',#190,#1689);
#1689 = DEFINITIONAL_REPRESENTATION('',(#1690),#1707);
#1690 = B_SPLINE_CURVE_WITH_KNOTS('',8,(#1691,#1692,#1693,#1694,#1695,
    #1696,#1697,#1698,#1699,#1700,#1701,#1702,#1703,#1704,#1705,#1706),
  .UNSPECIFIED.,.F.,.F.,(9,7,9),(1.058480547641,3.14159265359,
    5.224704759538),.UNSPECIFIED.);
#1691 = CARTESIAN_POINT('',(1.058480547641,3.6250006));
#1692 = CARTESIAN_POINT('',(1.318869560885,3.480314811569));
#1693 = CARTESIAN_POINT('',(1.579258574125,3.311413371924));
#1694 = CARTESIAN_POINT('',(1.839647587378,3.133249025293));
#1695 = CARTESIAN_POINT('',(2.100036600608,2.964255120543));
#1696 = CARTESIAN_POINT('',(2.360425613862,2.823194306666));
#1697 = CARTESIAN_POINT('',(2.6208146271,2.724399332999));
#1698 = CARTESIAN_POINT('',(2.881203640346,2.675));
#1699 = CARTESIAN_POINT('',(3.401981666833,2.675));
#1700 = CARTESIAN_POINT('',(3.662370680075,2.724399332993));
#1701 = CARTESIAN_POINT('',(3.922759693307,2.823194306693));
#1702 = CARTESIAN_POINT('',(4.183148706561,2.964255120514));
#1703 = CARTESIAN_POINT('',(4.44353771979,3.133249025321));
#1704 = CARTESIAN_POINT('',(4.70392673305,3.311413371918));
#1705 = CARTESIAN_POINT('',(4.964315746295,3.480314811569));
#1706 = CARTESIAN_POINT('',(5.224704759538,3.6250006));
#1707 = ( GEOMETRIC_REPRESENTATION_CONTEXT(2) 
PARAMETRIC_REPRESENTATION_CONTEXT() REPRESENTATION_CONTEXT('2D SPACE',''
  ) );
#1708 = PCURVE('',#1709,#1714);
#1709 = PLANE('',#1710);
#1710 = AXIS2_PLACEMENT_3D('',#1711,#1712,#1713);
#1711 = CARTESIAN_POINT('',(-3.09026018653E-16,2.829036251052E-16,10.65)
  );
#1712 = DIRECTION('',(0.,0.,1.));
#1713 = DIRECTION('',(1.,0.,-0.));
#1714 = DEFINITIONAL_REPRESENTATION('',(#1715),#1719);
#1715 = ELLIPSE('',#1716,1.0625,0.85);
#1716 = AXIS2_PLACEMENT_2D('',#1717,#1718);
#1717 = CARTESIAN_POINT('',(-4.0125,-2.829036251052E-16));
#1718 = DIRECTION('',(1.,0.));
#1719 = ( GEOMETRIC_REPRESENTATION_CONTEXT(2) 
PARAMETRIC_REPRESENTATION_CONTEXT() REPRESENTATION_CONTEXT('2D SPACE',''
  ) );
#1720 = ORIENTED_EDGE('',*,*,#1721,.F.);
#1721 = EDGE_CURVE('',#1722,#1680,#1724,.T.);
#1722 = VERTEX_POINT('',#1723);
#1723 = CARTESIAN_POINT('',(-4.402103211169,-0.449569036096,
    11.332827408377));
#1724 = SURFACE_CURVE('',#1725,(#1734,#1746),.PCURVE_S1.);
#1725 = B_SPLINE_CURVE_WITH_KNOTS('',7,(#1726,#1727,#1728,#1729,#1730,
    #1731,#1732,#1733),.UNSPECIFIED.,.F.,.F.,(8,8),(0.,1.),
  .PIECEWISE_BEZIER_KNOTS.);
#1726 = CARTESIAN_POINT('',(-4.402103303908,-0.449568128014,
    11.332828227931));
#1727 = CARTESIAN_POINT('',(-4.393318664164,-0.535585995452,
    11.255196320045));
#1728 = CARTESIAN_POINT('',(-4.383987504109,-0.607549474752,
    11.165201659009));
#1729 = CARTESIAN_POINT('',(-4.375150621188,-0.666549324659,
    11.067965823898));
#1730 = CARTESIAN_POINT('',(-4.367344814911,-0.714363346561,
    10.966678599688));
#1731 = CARTESIAN_POINT('',(-4.360706126992,-0.752667701058,
    10.863085754291));
#1732 = CARTESIAN_POINT('',(-4.355264781606,-0.782837373124,
    10.757719662897));
#1733 = CARTESIAN_POINT('',(-4.351031013828,-0.805701009498,10.6499994)
  );
#1734 = PCURVE('',#190,#1735);
#1735 = DEFINITIONAL_REPRESENTATION('',(#1736),#1745);
#1736 = B_SPLINE_CURVE_WITH_KNOTS('',7,(#1737,#1738,#1739,#1740,#1741,
    #1742,#1743,#1744),.UNSPECIFIED.,.F.,.F.,(8,8),(0.,1.),
  .PIECEWISE_BEZIER_KNOTS.);
#1737 = CARTESIAN_POINT('',(3.698900906706,3.6250006));
#1738 = CARTESIAN_POINT('',(3.818141691776,3.568165857538));
#1739 = CARTESIAN_POINT('',(3.928237622777,3.501768824742));
#1740 = CARTESIAN_POINT('',(4.03061549854,3.429282286405));
#1741 = CARTESIAN_POINT('',(4.126456554441,3.352935990804));
#1742 = CARTESIAN_POINT('',(4.217033480421,3.274044927237));
#1743 = CARTESIAN_POINT('',(4.303696541063,3.193016861354));
#1744 = CARTESIAN_POINT('',(4.388118890245,3.109380911703));
#1745 = ( GEOMETRIC_REPRESENTATION_CONTEXT(2) 
PARAMETRIC_REPRESENTATION_CONTEXT() REPRESENTATION_CONTEXT('2D SPACE',''
  ) );
#1746 = PCURVE('',#1747,#1752);
#1747 = CYLINDRICAL_SURFACE('',#1748,4.425);
#1748 = AXIS2_PLACEMENT_3D('',#1749,#1750,#1751);
#1749 = CARTESIAN_POINT('',(0.,0.,10.65));
#1750 = DIRECTION('',(-0.,-0.,-1.));
#1751 = DIRECTION('',(1.,0.,0.));
#1752 = DEFINITIONAL_REPRESENTATION('',(#1753),#1762);
#1753 = B_SPLINE_CURVE_WITH_KNOTS('',7,(#1754,#1755,#1756,#1757,#1758,
    #1759,#1760,#1761),.UNSPECIFIED.,.F.,.F.,(8,8),(0.,1.),
  .PIECEWISE_BEZIER_KNOTS.);
#1754 = CARTESIAN_POINT('',(-3.243365569024,-0.682828227931));
#1755 = CARTESIAN_POINT('',(-3.262905743686,-0.605196320045));
#1756 = CARTESIAN_POINT('',(-3.279298761467,-0.515201659009));
#1757 = CARTESIAN_POINT('',(-3.292778193785,-0.417965823898));
#1758 = CARTESIAN_POINT('',(-3.303725636652,-0.316678599688));
#1759 = CARTESIAN_POINT('',(-3.312510662783,-0.213085754291));
#1760 = CARTESIAN_POINT('',(-3.319438603019,-0.107719662897));
#1761 = CARTESIAN_POINT('',(-3.324693365926,6.000000000173E-07));
#1762 = ( GEOMETRIC_REPRESENTATION_CONTEXT(2) 
PARAMETRIC_REPRESENTATION_CONTEXT() REPRESENTATION_CONTEXT('2D SPACE',''
  ) );
#1763 = ORIENTED_EDGE('',*,*,#1764,.F.);
#1764 = EDGE_CURVE('',#1765,#1722,#1767,.T.);
#1765 = VERTEX_POINT('',#1766);
#1766 = CARTESIAN_POINT('',(-4.402103211169,0.449569036096,
    11.332827408377));
#1767 = SURFACE_CURVE('',#1768,(#1773,#1780),.PCURVE_S1.);
#1768 = CIRCLE('',#1769,0.85);
#1769 = AXIS2_PLACEMENT_3D('',#1770,#1771,#1772);
#1770 = CARTESIAN_POINT('',(-3.825,0.,10.9));
#1771 = DIRECTION('',(0.6,0.,0.8));
#1772 = DIRECTION('',(0.8,0.,-0.6));
#1773 = PCURVE('',#190,#1774);
#1774 = DEFINITIONAL_REPRESENTATION('',(#1775),#1779);
#1775 = LINE('',#1776,#1777);
#1776 = CARTESIAN_POINT('',(0.,3.625));
#1777 = VECTOR('',#1778,1.);
#1778 = DIRECTION('',(1.,0.));
#1779 = ( GEOMETRIC_REPRESENTATION_CONTEXT(2) 
PARAMETRIC_REPRESENTATION_CONTEXT() REPRESENTATION_CONTEXT('2D SPACE',''
  ) );
#1780 = PCURVE('',#1781,#1786);
#1781 = PLANE('',#1782);
#1782 = AXIS2_PLACEMENT_3D('',#1783,#1784,#1785);
#1783 = CARTESIAN_POINT('',(-3.825,0.,10.9));
#1784 = DIRECTION('',(0.6,0.,0.8));
#1785 = DIRECTION('',(0.8,0.,-0.6));
#1786 = DEFINITIONAL_REPRESENTATION('',(#1787),#1791);
#1787 = CIRCLE('',#1788,0.85);
#1788 = AXIS2_PLACEMENT_2D('',#1789,#1790);
#1789 = CARTESIAN_POINT('',(0.,0.));
#1790 = DIRECTION('',(1.,0.));
#1791 = ( GEOMETRIC_REPRESENTATION_CONTEXT(2) 
PARAMETRIC_REPRESENTATION_CONTEXT() REPRESENTATION_CONTEXT('2D SPACE',''
  ) );
#1792 = ORIENTED_EDGE('',*,*,#1793,.F.);
#1793 = EDGE_CURVE('',#1794,#1765,#1796,.T.);
#1794 = VERTEX_POINT('',#1795);
#1795 = CARTESIAN_POINT('',(-4.35103103741,0.805700882148,10.65));
#1796 = SURFACE_CURVE('',#1797,(#1806,#1818),.PCURVE_S1.);
#1797 = B_SPLINE_CURVE_WITH_KNOTS('',7,(#1798,#1799,#1800,#1801,#1802,
    #1803,#1804,#1805),.UNSPECIFIED.,.F.,.F.,(8,8),(0.,1.),
  .PIECEWISE_BEZIER_KNOTS.);
#1798 = CARTESIAN_POINT('',(-4.351031013828,0.805701009498,10.6499994));
#1799 = CARTESIAN_POINT('',(-4.355264813677,0.782837199932,
    10.757720478877));
#1800 = CARTESIAN_POINT('',(-4.360706173886,0.752667432876,
    10.863086463229));
#1801 = CARTESIAN_POINT('',(-4.36734484279,0.714363171256,
    10.966678764725));
#1802 = CARTESIAN_POINT('',(-4.375150595582,0.666549426417,
    11.067965367516));
#1803 = CARTESIAN_POINT('',(-4.383987424729,0.607549962544,
    11.165200835106));
#1804 = CARTESIAN_POINT('',(-4.393318597138,0.535586651758,
    11.255195727723));
#1805 = CARTESIAN_POINT('',(-4.402103303908,0.449568128014,
    11.332828227931));
#1806 = PCURVE('',#190,#1807);
#1807 = DEFINITIONAL_REPRESENTATION('',(#1808),#1817);
#1808 = B_SPLINE_CURVE_WITH_KNOTS('',7,(#1809,#1810,#1811,#1812,#1813,
    #1814,#1815,#1816),.UNSPECIFIED.,.F.,.F.,(8,8),(0.,1.),
  .PIECEWISE_BEZIER_KNOTS.);
#1809 = CARTESIAN_POINT('',(1.895066416934,3.109380911703));
#1810 = CARTESIAN_POINT('',(1.979489405615,3.193017494895));
#1811 = CARTESIAN_POINT('',(2.06615244293,3.274045466251));
#1812 = CARTESIAN_POINT('',(2.156728977886,3.352936106106));
#1813 = CARTESIAN_POINT('',(2.252569462814,3.429281936664));
#1814 = CARTESIAN_POINT('',(2.354946849788,3.501768213247));
#1815 = CARTESIAN_POINT('',(2.465042705611,3.568165423895));
#1816 = CARTESIAN_POINT('',(2.584284400474,3.6250006));
#1817 = ( GEOMETRIC_REPRESENTATION_CONTEXT(2) 
PARAMETRIC_REPRESENTATION_CONTEXT() REPRESENTATION_CONTEXT('2D SPACE',''
  ) );
#1818 = PCURVE('',#1747,#1819);
#1819 = DEFINITIONAL_REPRESENTATION('',(#1820),#1829);
#1820 = B_SPLINE_CURVE_WITH_KNOTS('',7,(#1821,#1822,#1823,#1824,#1825,
    #1826,#1827,#1828),.UNSPECIFIED.,.F.,.F.,(8,8),(0.,1.),
  .PIECEWISE_BEZIER_KNOTS.);
#1821 = CARTESIAN_POINT('',(-2.958491941254,6.000000000173E-07));
#1822 = CARTESIAN_POINT('',(-2.963746743965,-0.107720478877));
#1823 = CARTESIAN_POINT('',(-2.970674705925,-0.213086463229));
#1824 = CARTESIAN_POINT('',(-2.979459710633,-0.316678764725));
#1825 = CARTESIAN_POINT('',(-2.990407089714,-0.417965367516));
#1826 = CARTESIAN_POINT('',(-3.003886434208,-0.515200835106));
#1827 = CARTESIAN_POINT('',(-3.020279414404,-0.605195727723));
#1828 = CARTESIAN_POINT('',(-3.039819738155,-0.682828227931));
#1829 = ( GEOMETRIC_REPRESENTATION_CONTEXT(2) 
PARAMETRIC_REPRESENTATION_CONTEXT() REPRESENTATION_CONTEXT('2D SPACE',''
  ) );
#1830 = ORIENTED_EDGE('',*,*,#1831,.F.);
#1831 = EDGE_CURVE('',#1630,#1794,#1832,.T.);
#1832 = SURFACE_CURVE('',#1833,(#1838,#1858),.PCURVE_S1.);
#1833 = ELLIPSE('',#1834,1.0625,0.85);
#1834 = AXIS2_PLACEMENT_3D('',#1835,#1836,#1837);
#1835 = CARTESIAN_POINT('',(-4.0125,0.,10.65));
#1836 = DIRECTION('',(0.,0.,1.));
#1837 = DIRECTION('',(1.,0.,-0.));
#1838 = PCURVE('',#190,#1839);
#1839 = DEFINITIONAL_REPRESENTATION('',(#1840),#1857);
#1840 = B_SPLINE_CURVE_WITH_KNOTS('',8,(#1841,#1842,#1843,#1844,#1845,
    #1846,#1847,#1848,#1849,#1850,#1851,#1852,#1853,#1854,#1855,#1856),
  .UNSPECIFIED.,.F.,.F.,(9,7,9),(1.058480547641,3.14159265359,
    5.224704759538),.UNSPECIFIED.);
#1841 = CARTESIAN_POINT('',(1.058480547641,3.6250006));
#1842 = CARTESIAN_POINT('',(1.318869560885,3.480314811569));
#1843 = CARTESIAN_POINT('',(1.579258574125,3.311413371924));
#1844 = CARTESIAN_POINT('',(1.839647587378,3.133249025293));
#1845 = CARTESIAN_POINT('',(2.100036600608,2.964255120543));
#1846 = CARTESIAN_POINT('',(2.360425613862,2.823194306666));
#1847 = CARTESIAN_POINT('',(2.6208146271,2.724399332999));
#1848 = CARTESIAN_POINT('',(2.881203640346,2.675));
#1849 = CARTESIAN_POINT('',(3.401981666833,2.675));
#1850 = CARTESIAN_POINT('',(3.662370680075,2.724399332993));
#1851 = CARTESIAN_POINT('',(3.922759693307,2.823194306693));
#1852 = CARTESIAN_POINT('',(4.183148706561,2.964255120514));
#1853 = CARTESIAN_POINT('',(4.44353771979,3.133249025321));
#1854 = CARTESIAN_POINT('',(4.70392673305,3.311413371918));
#1855 = CARTESIAN_POINT('',(4.964315746295,3.480314811569));
#1856 = CARTESIAN_POINT('',(5.224704759538,3.6250006));
#1857 = ( GEOMETRIC_REPRESENTATION_CONTEXT(2) 
PARAMETRIC_REPRESENTATION_CONTEXT() REPRESENTATION_CONTEXT('2D SPACE',''
  ) );
#1858 = PCURVE('',#1709,#1859);
#1859 = DEFINITIONAL_REPRESENTATION('',(#1860),#1864);
#1860 = ELLIPSE('',#1861,1.0625,0.85);
#1861 = AXIS2_PLACEMENT_2D('',#1862,#1863);
#1862 = CARTESIAN_POINT('',(-4.0125,-2.829036251052E-16));
#1863 = DIRECTION('',(1.,0.));
#1864 = ( GEOMETRIC_REPRESENTATION_CONTEXT(2) 
PARAMETRIC_REPRESENTATION_CONTEXT() REPRESENTATION_CONTEXT('2D SPACE',''
  ) );
#1865 = ADVANCED_FACE('',(#1866),#565,.T.);
#1866 = FACE_BOUND('',#1867,.T.);
#1867 = EDGE_LOOP('',(#1868,#1869,#1870,#1889,#1890));
#1868 = ORIENTED_EDGE('',*,*,#541,.F.);
#1869 = ORIENTED_EDGE('',*,*,#1629,.T.);
#1870 = ORIENTED_EDGE('',*,*,#1871,.T.);
#1871 = EDGE_CURVE('',#1630,#1656,#1872,.T.);
#1872 = SURFACE_CURVE('',#1873,(#1877,#1883),.PCURVE_S1.);
#1873 = LINE('',#1874,#1875);
#1874 = CARTESIAN_POINT('',(-3.491666666667,1.414518125526E-16,10.65));
#1875 = VECTOR('',#1876,1.);
#1876 = DIRECTION('',(0.,-1.,0.));
#1877 = PCURVE('',#565,#1878);
#1878 = DEFINITIONAL_REPRESENTATION('',(#1879),#1882);
#1879 = B_SPLINE_CURVE_WITH_KNOTS('',1,(#1880,#1881),.UNSPECIFIED.,.F.,
  .F.,(2,2),(-0.85,0.85),.PIECEWISE_BEZIER_KNOTS.);
#1880 = CARTESIAN_POINT('',(0.416666666667,0.85));
#1881 = CARTESIAN_POINT('',(0.416666666667,-0.85));
#1882 = ( GEOMETRIC_REPRESENTATION_CONTEXT(2) 
PARAMETRIC_REPRESENTATION_CONTEXT() REPRESENTATION_CONTEXT('2D SPACE',''
  ) );
#1883 = PCURVE('',#1709,#1884);
#1884 = DEFINITIONAL_REPRESENTATION('',(#1885),#1888);
#1885 = B_SPLINE_CURVE_WITH_KNOTS('',1,(#1886,#1887),.UNSPECIFIED.,.F.,
  .F.,(2,2),(-0.85,0.85),.PIECEWISE_BEZIER_KNOTS.);
#1886 = CARTESIAN_POINT('',(-3.491666666667,0.85));
#1887 = CARTESIAN_POINT('',(-3.491666666667,-0.85));
#1888 = ( GEOMETRIC_REPRESENTATION_CONTEXT(2) 
PARAMETRIC_REPRESENTATION_CONTEXT() REPRESENTATION_CONTEXT('2D SPACE',''
  ) );
#1889 = ORIENTED_EDGE('',*,*,#1655,.T.);
#1890 = ORIENTED_EDGE('',*,*,#1593,.F.);
#1891 = ADVANCED_FACE('',(#1892),#745,.T.);
#1892 = FACE_BOUND('',#1893,.T.);
#1893 = EDGE_LOOP('',(#1894,#1895));
#1894 = ORIENTED_EDGE('',*,*,#1385,.F.);
#1895 = ORIENTED_EDGE('',*,*,#605,.F.);
#1896 = ADVANCED_FACE('',(#1897),#867,.T.);
#1897 = FACE_BOUND('',#1898,.T.);
#1898 = EDGE_LOOP('',(#1899,#1900,#1901,#1929,#1950));
#1899 = ORIENTED_EDGE('',*,*,#843,.T.);
#1900 = ORIENTED_EDGE('',*,*,#1351,.T.);
#1901 = ORIENTED_EDGE('',*,*,#1902,.F.);
#1902 = EDGE_CURVE('',#1903,#1122,#1905,.T.);
#1903 = VERTEX_POINT('',#1904);
#1904 = CARTESIAN_POINT('',(3.491666666667,-0.74087035903,10.65));
#1905 = SURFACE_CURVE('',#1906,(#1911,#1922),.PCURVE_S1.);
#1906 = CIRCLE('',#1907,0.85);
#1907 = AXIS2_PLACEMENT_3D('',#1908,#1909,#1910);
#1908 = CARTESIAN_POINT('',(3.825,0.,10.9));
#1909 = DIRECTION('',(0.6,-1.110223024625E-16,-0.8));
#1910 = DIRECTION('',(-0.776088851105,0.242661335474,-0.582066638329));
#1911 = PCURVE('',#867,#1912);
#1912 = DEFINITIONAL_REPRESENTATION('',(#1913),#1921);
#1913 = ( BOUNDED_CURVE() B_SPLINE_CURVE(2,(#1914,#1915,#1916,#1917,
#1918,#1919,#1920),.UNSPECIFIED.,.T.,.F.) B_SPLINE_CURVE_WITH_KNOTS((1,2
    ,2,2,2,1),(-2.094395102393,0.,2.094395102393,4.188790204786,
6.28318530718,8.377580409573),.UNSPECIFIED.) CURVE() 
GEOMETRIC_REPRESENTATION_ITEM() RATIONAL_B_SPLINE_CURVE((1.,0.5,1.,0.5,
1.,0.5,1.)) REPRESENTATION_ITEM('') );
#1914 = CARTESIAN_POINT('',(-0.824594404299,0.206262135153));
#1915 = CARTESIAN_POINT('',(-0.467337906536,1.634501539037));
#1916 = CARTESIAN_POINT('',(0.590925451031,0.610988634365));
#1917 = CARTESIAN_POINT('',(1.649188808599,-0.412524270307));
#1918 = CARTESIAN_POINT('',(0.233668953268,-0.817250769518));
#1919 = CARTESIAN_POINT('',(-1.181850902063,-1.22197726873));
#1920 = CARTESIAN_POINT('',(-0.824594404299,0.206262135153));
#1921 = ( GEOMETRIC_REPRESENTATION_CONTEXT(2) 
PARAMETRIC_REPRESENTATION_CONTEXT() REPRESENTATION_CONTEXT('2D SPACE',''
  ) );
#1922 = PCURVE('',#1023,#1923);
#1923 = DEFINITIONAL_REPRESENTATION('',(#1924),#1928);
#1924 = LINE('',#1925,#1926);
#1925 = CARTESIAN_POINT('',(9.17966971619,3.625));
#1926 = VECTOR('',#1927,1.);
#1927 = DIRECTION('',(-1.,-0.));
#1928 = ( GEOMETRIC_REPRESENTATION_CONTEXT(2) 
PARAMETRIC_REPRESENTATION_CONTEXT() REPRESENTATION_CONTEXT('2D SPACE',''
  ) );
#1929 = ORIENTED_EDGE('',*,*,#1930,.T.);
#1930 = EDGE_CURVE('',#1903,#1931,#1933,.T.);
#1931 = VERTEX_POINT('',#1932);
#1932 = CARTESIAN_POINT('',(3.491666666667,0.74087035903,10.65));
#1933 = SURFACE_CURVE('',#1934,(#1938,#1944),.PCURVE_S1.);
#1934 = LINE('',#1935,#1936);
#1935 = CARTESIAN_POINT('',(3.491666666667,1.414518125526E-16,10.65));
#1936 = VECTOR('',#1937,1.);
#1937 = DIRECTION('',(0.,1.,-0.));
#1938 = PCURVE('',#867,#1939);
#1939 = DEFINITIONAL_REPRESENTATION('',(#1940),#1943);
#1940 = B_SPLINE_CURVE_WITH_KNOTS('',1,(#1941,#1942),.UNSPECIFIED.,.F.,
  .F.,(2,2),(-0.85,0.85),.PIECEWISE_BEZIER_KNOTS.);
#1941 = CARTESIAN_POINT('',(-0.416666666667,-0.85));
#1942 = CARTESIAN_POINT('',(-0.416666666667,0.85));
#1943 = ( GEOMETRIC_REPRESENTATION_CONTEXT(2) 
PARAMETRIC_REPRESENTATION_CONTEXT() REPRESENTATION_CONTEXT('2D SPACE',''
  ) );
#1944 = PCURVE('',#1709,#1945);
#1945 = DEFINITIONAL_REPRESENTATION('',(#1946),#1949);
#1946 = B_SPLINE_CURVE_WITH_KNOTS('',1,(#1947,#1948),.UNSPECIFIED.,.F.,
  .F.,(2,2),(-0.85,0.85),.PIECEWISE_BEZIER_KNOTS.);
#1947 = CARTESIAN_POINT('',(3.491666666667,-0.85));
#1948 = CARTESIAN_POINT('',(3.491666666667,0.85));
#1949 = ( GEOMETRIC_REPRESENTATION_CONTEXT(2) 
PARAMETRIC_REPRESENTATION_CONTEXT() REPRESENTATION_CONTEXT('2D SPACE',''
  ) );
#1950 = ORIENTED_EDGE('',*,*,#1951,.F.);
#1951 = EDGE_CURVE('',#844,#1931,#1952,.T.);
#1952 = SURFACE_CURVE('',#1953,(#1958,#1969),.PCURVE_S1.);
#1953 = CIRCLE('',#1954,0.85);
#1954 = AXIS2_PLACEMENT_3D('',#1955,#1956,#1957);
#1955 = CARTESIAN_POINT('',(3.825,0.,10.9));
#1956 = DIRECTION('',(0.6,-1.110223024625E-16,-0.8));
#1957 = DIRECTION('',(-0.776088851105,0.242661335474,-0.582066638329));
#1958 = PCURVE('',#867,#1959);
#1959 = DEFINITIONAL_REPRESENTATION('',(#1960),#1968);
#1960 = ( BOUNDED_CURVE() B_SPLINE_CURVE(2,(#1961,#1962,#1963,#1964,
#1965,#1966,#1967),.UNSPECIFIED.,.T.,.F.) B_SPLINE_CURVE_WITH_KNOTS((1,2
    ,2,2,2,1),(-2.094395102393,0.,2.094395102393,4.188790204786,
6.28318530718,8.377580409573),.UNSPECIFIED.) CURVE() 
GEOMETRIC_REPRESENTATION_ITEM() RATIONAL_B_SPLINE_CURVE((1.,0.5,1.,0.5,
1.,0.5,1.)) REPRESENTATION_ITEM('') );
#1961 = CARTESIAN_POINT('',(-0.824594404299,0.206262135153));
#1962 = CARTESIAN_POINT('',(-0.467337906536,1.634501539037));
#1963 = CARTESIAN_POINT('',(0.590925451031,0.610988634365));
#1964 = CARTESIAN_POINT('',(1.649188808599,-0.412524270307));
#1965 = CARTESIAN_POINT('',(0.233668953268,-0.817250769518));
#1966 = CARTESIAN_POINT('',(-1.181850902063,-1.22197726873));
#1967 = CARTESIAN_POINT('',(-0.824594404299,0.206262135153));
#1968 = ( GEOMETRIC_REPRESENTATION_CONTEXT(2) 
PARAMETRIC_REPRESENTATION_CONTEXT() REPRESENTATION_CONTEXT('2D SPACE',''
  ) );
#1969 = PCURVE('',#1023,#1970);
#1970 = DEFINITIONAL_REPRESENTATION('',(#1971),#1975);
#1971 = LINE('',#1972,#1973);
#1972 = CARTESIAN_POINT('',(9.17966971619,3.625));
#1973 = VECTOR('',#1974,1.);
#1974 = DIRECTION('',(-1.,-0.));
#1975 = ( GEOMETRIC_REPRESENTATION_CONTEXT(2) 
PARAMETRIC_REPRESENTATION_CONTEXT() REPRESENTATION_CONTEXT('2D SPACE',''
  ) );
#1976 = ADVANCED_FACE('',(#1977),#1023,.T.);
#1977 = FACE_BOUND('',#1978,.T.);
#1978 = EDGE_LOOP('',(#1979,#1980,#1981,#2018,#2056,#2089,#2127,#2162,
    #2163));
#1979 = ORIENTED_EDGE('',*,*,#883,.F.);
#1980 = ORIENTED_EDGE('',*,*,#1951,.T.);
#1981 = ORIENTED_EDGE('',*,*,#1982,.F.);
#1982 = EDGE_CURVE('',#1983,#1931,#1985,.T.);
#1983 = VERTEX_POINT('',#1984);
#1984 = CARTESIAN_POINT('',(4.35103103741,0.805700882148,10.65));
#1985 = SURFACE_CURVE('',#1986,(#1991,#2011),.PCURVE_S1.);
#1986 = ELLIPSE('',#1987,1.0625,0.85);
#1987 = AXIS2_PLACEMENT_3D('',#1988,#1989,#1990);
#1988 = CARTESIAN_POINT('',(4.0125,0.,10.65));
#1989 = DIRECTION('',(0.,0.,1.));
#1990 = DIRECTION('',(-1.,0.,0.));
#1991 = PCURVE('',#1023,#1992);
#1992 = DEFINITIONAL_REPRESENTATION('',(#1993),#2010);
#1993 = B_SPLINE_CURVE_WITH_KNOTS('',8,(#1994,#1995,#1996,#1997,#1998,
    #1999,#2000,#2001,#2002,#2003,#2004,#2005,#2006,#2007,#2008,#2009),
  .UNSPECIFIED.,.F.,.F.,(9,7,9),(1.058480547641,3.14159265359,
    5.224704759538),.UNSPECIFIED.);
#1994 = CARTESIAN_POINT('',(4.200073201231,3.6250006));
#1995 = CARTESIAN_POINT('',(4.460462214475,3.480314811569));
#1996 = CARTESIAN_POINT('',(4.720851227717,3.311413371921));
#1997 = CARTESIAN_POINT('',(4.981240240968,3.133249025312));
#1998 = CARTESIAN_POINT('',(5.241629254201,2.964255120529));
#1999 = CARTESIAN_POINT('',(5.502018267456,2.823194306686));
#2000 = CARTESIAN_POINT('',(5.762407280691,2.724399332993));
#2001 = CARTESIAN_POINT('',(6.022796293936,2.675));
#2002 = CARTESIAN_POINT('',(6.543574320423,2.675));
#2003 = CARTESIAN_POINT('',(6.803963333666,2.724399332991));
#2004 = CARTESIAN_POINT('',(7.064352346915,2.823194306698));
#2005 = CARTESIAN_POINT('',(7.324741360143,2.964255120502));
#2006 = CARTESIAN_POINT('',(7.585130373403,3.133249025326));
#2007 = CARTESIAN_POINT('',(7.845519386639,3.311413371915));
#2008 = CARTESIAN_POINT('',(8.105908399885,3.480314811569));
#2009 = CARTESIAN_POINT('',(8.366297413128,3.6250006));
#2010 = ( GEOMETRIC_REPRESENTATION_CONTEXT(2) 
PARAMETRIC_REPRESENTATION_CONTEXT() REPRESENTATION_CONTEXT('2D SPACE',''
  ) );
#2011 = PCURVE('',#1709,#2012);
#2012 = DEFINITIONAL_REPRESENTATION('',(#2013),#2017);
#2013 = ELLIPSE('',#2014,1.0625,0.85);
#2014 = AXIS2_PLACEMENT_2D('',#2015,#2016);
#2015 = CARTESIAN_POINT('',(4.0125,-2.829036251052E-16));
#2016 = DIRECTION('',(-1.,0.));
#2017 = ( GEOMETRIC_REPRESENTATION_CONTEXT(2) 
PARAMETRIC_REPRESENTATION_CONTEXT() REPRESENTATION_CONTEXT('2D SPACE',''
  ) );
#2018 = ORIENTED_EDGE('',*,*,#2019,.F.);
#2019 = EDGE_CURVE('',#2020,#1983,#2022,.T.);
#2020 = VERTEX_POINT('',#2021);
#2021 = CARTESIAN_POINT('',(4.402103211169,0.449569036096,
    11.332827408377));
#2022 = SURFACE_CURVE('',#2023,(#2032,#2044),.PCURVE_S1.);
#2023 = B_SPLINE_CURVE_WITH_KNOTS('',7,(#2024,#2025,#2026,#2027,#2028,
    #2029,#2030,#2031),.UNSPECIFIED.,.F.,.F.,(8,8),(0.,1.),
  .PIECEWISE_BEZIER_KNOTS.);
#2024 = CARTESIAN_POINT('',(4.402103303908,0.449568128014,
    11.332828227931));
#2025 = CARTESIAN_POINT('',(4.393318664164,0.535585995452,
    11.255196320045));
#2026 = CARTESIAN_POINT('',(4.383987504109,0.607549474752,
    11.165201659009));
#2027 = CARTESIAN_POINT('',(4.375150621188,0.666549324659,
    11.067965823898));
#2028 = CARTESIAN_POINT('',(4.367344814911,0.714363346561,
    10.966678599688));
#2029 = CARTESIAN_POINT('',(4.360706126992,0.752667701058,
    10.863085754291));
#2030 = CARTESIAN_POINT('',(4.355264781606,0.782837373124,
    10.757719662897));
#2031 = CARTESIAN_POINT('',(4.351031013828,0.805701009498,10.6499994));
#2032 = PCURVE('',#1023,#2033);
#2033 = DEFINITIONAL_REPRESENTATION('',(#2034),#2043);
#2034 = B_SPLINE_CURVE_WITH_KNOTS('',7,(#2035,#2036,#2037,#2038,#2039,
    #2040,#2041,#2042),.UNSPECIFIED.,.F.,.F.,(8,8),(0.,1.),
  .PIECEWISE_BEZIER_KNOTS.);
#2035 = CARTESIAN_POINT('',(6.840493560296,3.6250006));
#2036 = CARTESIAN_POINT('',(6.959734345365,3.568165857538));
#2037 = CARTESIAN_POINT('',(7.069830276367,3.501768824742));
#2038 = CARTESIAN_POINT('',(7.172208152129,3.429282286405));
#2039 = CARTESIAN_POINT('',(7.268049208031,3.352935990804));
#2040 = CARTESIAN_POINT('',(7.358626134011,3.274044927237));
#2041 = CARTESIAN_POINT('',(7.445289194653,3.193016861354));
#2042 = CARTESIAN_POINT('',(7.529711543835,3.109380911703));
#2043 = ( GEOMETRIC_REPRESENTATION_CONTEXT(2) 
PARAMETRIC_REPRESENTATION_CONTEXT() REPRESENTATION_CONTEXT('2D SPACE',''
  ) );
#2044 = PCURVE('',#1747,#2045);
#2045 = DEFINITIONAL_REPRESENTATION('',(#2046),#2055);
#2046 = B_SPLINE_CURVE_WITH_KNOTS('',7,(#2047,#2048,#2049,#2050,#2051,
    #2052,#2053,#2054),.UNSPECIFIED.,.F.,.F.,(8,8),(0.,1.),
  .PIECEWISE_BEZIER_KNOTS.);
#2047 = CARTESIAN_POINT('',(-0.101772915435,-0.682828227931));
#2048 = CARTESIAN_POINT('',(-0.121313090097,-0.605196320045));
#2049 = CARTESIAN_POINT('',(-0.137706107877,-0.515201659009));
#2050 = CARTESIAN_POINT('',(-0.151185540195,-0.417965823898));
#2051 = CARTESIAN_POINT('',(-0.162132983062,-0.316678599688));
#2052 = CARTESIAN_POINT('',(-0.170918009193,-0.213085754291));
#2053 = CARTESIAN_POINT('',(-0.17784594943,-0.107719662897));
#2054 = CARTESIAN_POINT('',(-0.183100712336,6.000000000173E-07));
#2055 = ( GEOMETRIC_REPRESENTATION_CONTEXT(2) 
PARAMETRIC_REPRESENTATION_CONTEXT() REPRESENTATION_CONTEXT('2D SPACE',''
  ) );
#2056 = ORIENTED_EDGE('',*,*,#2057,.T.);
#2057 = EDGE_CURVE('',#2020,#2058,#2060,.T.);
#2058 = VERTEX_POINT('',#2059);
#2059 = CARTESIAN_POINT('',(4.402103211169,-0.449569036096,
    11.332827408377));
#2060 = SURFACE_CURVE('',#2061,(#2066,#2073),.PCURVE_S1.);
#2061 = CIRCLE('',#2062,0.85);
#2062 = AXIS2_PLACEMENT_3D('',#2063,#2064,#2065);
#2063 = CARTESIAN_POINT('',(3.825,0.,10.9));
#2064 = DIRECTION('',(0.6,-1.110223024625E-16,-0.8));
#2065 = DIRECTION('',(-0.776088851105,0.242661335474,-0.582066638329));
#2066 = PCURVE('',#1023,#2067);
#2067 = DEFINITIONAL_REPRESENTATION('',(#2068),#2072);
#2068 = LINE('',#2069,#2070);
#2069 = CARTESIAN_POINT('',(9.17966971619,3.625));
#2070 = VECTOR('',#2071,1.);
#2071 = DIRECTION('',(-1.,-0.));
#2072 = ( GEOMETRIC_REPRESENTATION_CONTEXT(2) 
PARAMETRIC_REPRESENTATION_CONTEXT() REPRESENTATION_CONTEXT('2D SPACE',''
  ) );
#2073 = PCURVE('',#2074,#2079);
#2074 = PLANE('',#2075);
#2075 = AXIS2_PLACEMENT_3D('',#2076,#2077,#2078);
#2076 = CARTESIAN_POINT('',(3.825,0.,10.9));
#2077 = DIRECTION('',(-0.6,0.,0.8));
#2078 = DIRECTION('',(0.8,0.,0.6));
#2079 = DEFINITIONAL_REPRESENTATION('',(#2080),#2088);
#2080 = ( BOUNDED_CURVE() B_SPLINE_CURVE(2,(#2081,#2082,#2083,#2084,
#2085,#2086,#2087),.UNSPECIFIED.,.T.,.F.) B_SPLINE_CURVE_WITH_KNOTS((1,2
    ,2,2,2,1),(-2.094395102393,0.,2.094395102393,4.188790204786,
6.28318530718,8.377580409573),.UNSPECIFIED.) CURVE() 
GEOMETRIC_REPRESENTATION_ITEM() RATIONAL_B_SPLINE_CURVE((1.,0.5,1.,0.5,
1.,0.5,1.)) REPRESENTATION_ITEM('') );
#2081 = CARTESIAN_POINT('',(-0.824594404299,0.206262135153));
#2082 = CARTESIAN_POINT('',(-0.467337906536,1.634501539037));
#2083 = CARTESIAN_POINT('',(0.590925451031,0.610988634365));
#2084 = CARTESIAN_POINT('',(1.649188808599,-0.412524270307));
#2085 = CARTESIAN_POINT('',(0.233668953268,-0.817250769518));
#2086 = CARTESIAN_POINT('',(-1.181850902063,-1.22197726873));
#2087 = CARTESIAN_POINT('',(-0.824594404299,0.206262135153));
#2088 = ( GEOMETRIC_REPRESENTATION_CONTEXT(2) 
PARAMETRIC_REPRESENTATION_CONTEXT() REPRESENTATION_CONTEXT('2D SPACE',''
  ) );
#2089 = ORIENTED_EDGE('',*,*,#2090,.F.);
#2090 = EDGE_CURVE('',#2091,#2058,#2093,.T.);
#2091 = VERTEX_POINT('',#2092);
#2092 = CARTESIAN_POINT('',(4.35103103741,-0.805700882148,10.65));
#2093 = SURFACE_CURVE('',#2094,(#2103,#2115),.PCURVE_S1.);
#2094 = B_SPLINE_CURVE_WITH_KNOTS('',7,(#2095,#2096,#2097,#2098,#2099,
    #2100,#2101,#2102),.UNSPECIFIED.,.F.,.F.,(8,8),(0.,1.),
  .PIECEWISE_BEZIER_KNOTS.);
#2095 = CARTESIAN_POINT('',(4.351031013828,-0.805701009498,10.6499994));
#2096 = CARTESIAN_POINT('',(4.355264813677,-0.782837199932,
    10.757720478877));
#2097 = CARTESIAN_POINT('',(4.360706173886,-0.752667432876,
    10.863086463229));
#2098 = CARTESIAN_POINT('',(4.36734484279,-0.714363171256,
    10.966678764725));
#2099 = CARTESIAN_POINT('',(4.375150595582,-0.666549426416,
    11.067965367516));
#2100 = CARTESIAN_POINT('',(4.383987424729,-0.607549962544,
    11.165200835106));
#2101 = CARTESIAN_POINT('',(4.393318597138,-0.535586651758,
    11.255195727723));
#2102 = CARTESIAN_POINT('',(4.402103303908,-0.449568128014,
    11.332828227931));
#2103 = PCURVE('',#1023,#2104);
#2104 = DEFINITIONAL_REPRESENTATION('',(#2105),#2114);
#2105 = B_SPLINE_CURVE_WITH_KNOTS('',7,(#2106,#2107,#2108,#2109,#2110,
    #2111,#2112,#2113),.UNSPECIFIED.,.F.,.F.,(8,8),(0.,1.),
  .PIECEWISE_BEZIER_KNOTS.);
#2106 = CARTESIAN_POINT('',(5.036659070524,3.109380911703));
#2107 = CARTESIAN_POINT('',(5.121082059205,3.193017494895));
#2108 = CARTESIAN_POINT('',(5.20774509652,3.274045466252));
#2109 = CARTESIAN_POINT('',(5.298321631476,3.352936106106));
#2110 = CARTESIAN_POINT('',(5.394162116404,3.429281936664));
#2111 = CARTESIAN_POINT('',(5.496539503378,3.501768213247));
#2112 = CARTESIAN_POINT('',(5.606635359201,3.568165423895));
#2113 = CARTESIAN_POINT('',(5.725877054063,3.6250006));
#2114 = ( GEOMETRIC_REPRESENTATION_CONTEXT(2) 
PARAMETRIC_REPRESENTATION_CONTEXT() REPRESENTATION_CONTEXT('2D SPACE',''
  ) );
#2115 = PCURVE('',#1747,#2116);
#2116 = DEFINITIONAL_REPRESENTATION('',(#2117),#2126);
#2117 = B_SPLINE_CURVE_WITH_KNOTS('',7,(#2118,#2119,#2120,#2121,#2122,
    #2123,#2124,#2125),.UNSPECIFIED.,.F.,.F.,(8,8),(0.,1.),
  .PIECEWISE_BEZIER_KNOTS.);
#2118 = CARTESIAN_POINT('',(-6.100084594844,6.000000000173E-07));
#2119 = CARTESIAN_POINT('',(-6.105339397555,-0.107720478877));
#2120 = CARTESIAN_POINT('',(-6.112267359515,-0.213086463229));
#2121 = CARTESIAN_POINT('',(-6.121052364223,-0.316678764725));
#2122 = CARTESIAN_POINT('',(-6.131999743304,-0.417965367516));
#2123 = CARTESIAN_POINT('',(-6.145479087798,-0.515200835105));
#2124 = CARTESIAN_POINT('',(-6.161872067994,-0.605195727723));
#2125 = CARTESIAN_POINT('',(-6.181412391745,-0.682828227931));
#2126 = ( GEOMETRIC_REPRESENTATION_CONTEXT(2) 
PARAMETRIC_REPRESENTATION_CONTEXT() REPRESENTATION_CONTEXT('2D SPACE',''
  ) );
#2127 = ORIENTED_EDGE('',*,*,#2128,.F.);
#2128 = EDGE_CURVE('',#1903,#2091,#2129,.T.);
#2129 = SURFACE_CURVE('',#2130,(#2135,#2155),.PCURVE_S1.);
#2130 = ELLIPSE('',#2131,1.0625,0.85);
#2131 = AXIS2_PLACEMENT_3D('',#2132,#2133,#2134);
#2132 = CARTESIAN_POINT('',(4.0125,0.,10.65));
#2133 = DIRECTION('',(0.,0.,1.));
#2134 = DIRECTION('',(-1.,0.,0.));
#2135 = PCURVE('',#1023,#2136);
#2136 = DEFINITIONAL_REPRESENTATION('',(#2137),#2154);
#2137 = B_SPLINE_CURVE_WITH_KNOTS('',8,(#2138,#2139,#2140,#2141,#2142,
    #2143,#2144,#2145,#2146,#2147,#2148,#2149,#2150,#2151,#2152,#2153),
  .UNSPECIFIED.,.F.,.F.,(9,7,9),(1.058480547641,3.14159265359,
    5.224704759538),.UNSPECIFIED.);
#2138 = CARTESIAN_POINT('',(4.200073201231,3.6250006));
#2139 = CARTESIAN_POINT('',(4.460462214475,3.480314811569));
#2140 = CARTESIAN_POINT('',(4.720851227717,3.311413371921));
#2141 = CARTESIAN_POINT('',(4.981240240968,3.133249025312));
#2142 = CARTESIAN_POINT('',(5.241629254201,2.964255120529));
#2143 = CARTESIAN_POINT('',(5.502018267456,2.823194306686));
#2144 = CARTESIAN_POINT('',(5.762407280691,2.724399332993));
#2145 = CARTESIAN_POINT('',(6.022796293936,2.675));
#2146 = CARTESIAN_POINT('',(6.543574320423,2.675));
#2147 = CARTESIAN_POINT('',(6.803963333666,2.724399332991));
#2148 = CARTESIAN_POINT('',(7.064352346915,2.823194306698));
#2149 = CARTESIAN_POINT('',(7.324741360143,2.964255120502));
#2150 = CARTESIAN_POINT('',(7.585130373403,3.133249025326));
#2151 = CARTESIAN_POINT('',(7.845519386639,3.311413371915));
#2152 = CARTESIAN_POINT('',(8.105908399885,3.480314811569));
#2153 = CARTESIAN_POINT('',(8.366297413128,3.6250006));
#2154 = ( GEOMETRIC_REPRESENTATION_CONTEXT(2) 
PARAMETRIC_REPRESENTATION_CONTEXT() REPRESENTATION_CONTEXT('2D SPACE',''
  ) );
#2155 = PCURVE('',#1709,#2156);
#2156 = DEFINITIONAL_REPRESENTATION('',(#2157),#2161);
#2157 = ELLIPSE('',#2158,1.0625,0.85);
#2158 = AXIS2_PLACEMENT_2D('',#2159,#2160);
#2159 = CARTESIAN_POINT('',(4.0125,-2.829036251052E-16));
#2160 = DIRECTION('',(-1.,0.));
#2161 = ( GEOMETRIC_REPRESENTATION_CONTEXT(2) 
PARAMETRIC_REPRESENTATION_CONTEXT() REPRESENTATION_CONTEXT('2D SPACE',''
  ) );
#2162 = ORIENTED_EDGE('',*,*,#1902,.T.);
#2163 = ORIENTED_EDGE('',*,*,#1121,.F.);
#2164 = ADVANCED_FACE('',(#2165,#2217),#1709,.F.);
#2165 = FACE_BOUND('',#2166,.F.);
#2166 = EDGE_LOOP('',(#2167,#2168,#2190,#2191,#2192,#2193,#2215,#2216));
#2167 = ORIENTED_EDGE('',*,*,#1982,.F.);
#2168 = ORIENTED_EDGE('',*,*,#2169,.T.);
#2169 = EDGE_CURVE('',#1983,#1794,#2170,.T.);
#2170 = SURFACE_CURVE('',#2171,(#2176,#2183),.PCURVE_S1.);
#2171 = CIRCLE('',#2172,4.425);
#2172 = AXIS2_PLACEMENT_3D('',#2173,#2174,#2175);
#2173 = CARTESIAN_POINT('',(0.,0.,10.65));
#2174 = DIRECTION('',(0.,0.,1.));
#2175 = DIRECTION('',(1.,0.,0.));
#2176 = PCURVE('',#1709,#2177);
#2177 = DEFINITIONAL_REPRESENTATION('',(#2178),#2182);
#2178 = CIRCLE('',#2179,4.425);
#2179 = AXIS2_PLACEMENT_2D('',#2180,#2181);
#2180 = CARTESIAN_POINT('',(3.09026018653E-16,-2.829036251052E-16));
#2181 = DIRECTION('',(1.,0.));
#2182 = ( GEOMETRIC_REPRESENTATION_CONTEXT(2) 
PARAMETRIC_REPRESENTATION_CONTEXT() REPRESENTATION_CONTEXT('2D SPACE',''
  ) );
#2183 = PCURVE('',#1747,#2184);
#2184 = DEFINITIONAL_REPRESENTATION('',(#2185),#2189);
#2185 = LINE('',#2186,#2187);
#2186 = CARTESIAN_POINT('',(-0.,0.));
#2187 = VECTOR('',#2188,1.);
#2188 = DIRECTION('',(-1.,0.));
#2189 = ( GEOMETRIC_REPRESENTATION_CONTEXT(2) 
PARAMETRIC_REPRESENTATION_CONTEXT() REPRESENTATION_CONTEXT('2D SPACE',''
  ) );
#2190 = ORIENTED_EDGE('',*,*,#1831,.F.);
#2191 = ORIENTED_EDGE('',*,*,#1871,.T.);
#2192 = ORIENTED_EDGE('',*,*,#1679,.F.);
#2193 = ORIENTED_EDGE('',*,*,#2194,.T.);
#2194 = EDGE_CURVE('',#1680,#2091,#2195,.T.);
#2195 = SURFACE_CURVE('',#2196,(#2201,#2208),.PCURVE_S1.);
#2196 = CIRCLE('',#2197,4.425);
#2197 = AXIS2_PLACEMENT_3D('',#2198,#2199,#2200);
#2198 = CARTESIAN_POINT('',(0.,0.,10.65));
#2199 = DIRECTION('',(0.,0.,1.));
#2200 = DIRECTION('',(1.,0.,0.));
#2201 = PCURVE('',#1709,#2202);
#2202 = DEFINITIONAL_REPRESENTATION('',(#2203),#2207);
#2203 = CIRCLE('',#2204,4.425);
#2204 = AXIS2_PLACEMENT_2D('',#2205,#2206);
#2205 = CARTESIAN_POINT('',(3.09026018653E-16,-2.829036251052E-16));
#2206 = DIRECTION('',(1.,0.));
#2207 = ( GEOMETRIC_REPRESENTATION_CONTEXT(2) 
PARAMETRIC_REPRESENTATION_CONTEXT() REPRESENTATION_CONTEXT('2D SPACE',''
  ) );
#2208 = PCURVE('',#1747,#2209);
#2209 = DEFINITIONAL_REPRESENTATION('',(#2210),#2214);
#2210 = LINE('',#2211,#2212);
#2211 = CARTESIAN_POINT('',(-0.,0.));
#2212 = VECTOR('',#2213,1.);
#2213 = DIRECTION('',(-1.,0.));
#2214 = ( GEOMETRIC_REPRESENTATION_CONTEXT(2) 
PARAMETRIC_REPRESENTATION_CONTEXT() REPRESENTATION_CONTEXT('2D SPACE',''
  ) );
#2215 = ORIENTED_EDGE('',*,*,#2128,.F.);
#2216 = ORIENTED_EDGE('',*,*,#1930,.T.);
#2217 = FACE_BOUND('',#2218,.F.);
#2218 = EDGE_LOOP('',(#2219));
#2219 = ORIENTED_EDGE('',*,*,#2220,.T.);
#2220 = EDGE_CURVE('',#2221,#2221,#2223,.T.);
#2221 = VERTEX_POINT('',#2222);
#2222 = CARTESIAN_POINT('',(2.995,0.,10.65));
#2223 = SURFACE_CURVE('',#2224,(#2229,#2240),.PCURVE_S1.);
#2224 = CIRCLE('',#2225,2.995);
#2225 = AXIS2_PLACEMENT_3D('',#2226,#2227,#2228);
#2226 = CARTESIAN_POINT('',(0.,0.,10.65));
#2227 = DIRECTION('',(0.,0.,-1.));
#2228 = DIRECTION('',(1.,0.,0.));
#2229 = PCURVE('',#1709,#2230);
#2230 = DEFINITIONAL_REPRESENTATION('',(#2231),#2239);
#2231 = ( BOUNDED_CURVE() B_SPLINE_CURVE(2,(#2232,#2233,#2234,#2235,
#2236,#2237,#2238),.UNSPECIFIED.,.T.,.F.) B_SPLINE_CURVE_WITH_KNOTS((1,2
    ,2,2,2,1),(-2.094395102393,0.,2.094395102393,4.188790204786,
6.28318530718,8.377580409573),.UNSPECIFIED.) CURVE() 
GEOMETRIC_REPRESENTATION_ITEM() RATIONAL_B_SPLINE_CURVE((1.,0.5,1.,0.5,
1.,0.5,1.)) REPRESENTATION_ITEM('') );
#2232 = CARTESIAN_POINT('',(2.995,-2.829036251052E-16));
#2233 = CARTESIAN_POINT('',(2.995,-5.187492168669));
#2234 = CARTESIAN_POINT('',(-1.4975,-2.593746084334));
#2235 = CARTESIAN_POINT('',(-5.99,-1.016467057794E-15));
#2236 = CARTESIAN_POINT('',(-1.4975,2.593746084334));
#2237 = CARTESIAN_POINT('',(2.995,5.187492168669));
#2238 = CARTESIAN_POINT('',(2.995,-2.829036251052E-16));
#2239 = ( GEOMETRIC_REPRESENTATION_CONTEXT(2) 
PARAMETRIC_REPRESENTATION_CONTEXT() REPRESENTATION_CONTEXT('2D SPACE',''
  ) );
#2240 = PCURVE('',#2241,#2246);
#2241 = CYLINDRICAL_SURFACE('',#2242,2.995);
#2242 = AXIS2_PLACEMENT_3D('',#2243,#2244,#2245);
#2243 = CARTESIAN_POINT('',(0.,0.,10.4));
#2244 = DIRECTION('',(-0.,-0.,-1.));
#2245 = DIRECTION('',(1.,0.,0.));
#2246 = DEFINITIONAL_REPRESENTATION('',(#2247),#2251);
#2247 = LINE('',#2248,#2249);
#2248 = CARTESIAN_POINT('',(-6.28318530718,-0.25));
#2249 = VECTOR('',#2250,1.);
#2250 = DIRECTION('',(1.,-0.));
#2251 = ( GEOMETRIC_REPRESENTATION_CONTEXT(2) 
PARAMETRIC_REPRESENTATION_CONTEXT() REPRESENTATION_CONTEXT('2D SPACE',''
  ) );
#2252 = ADVANCED_FACE('',(#2253),#1747,.T.);
#2253 = FACE_BOUND('',#2254,.F.);
#2254 = EDGE_LOOP('',(#2255,#2282,#2305,#2332,#2333,#2358,#2359,#2360,
    #2361,#2386,#2387,#2388));
#2255 = ORIENTED_EDGE('',*,*,#2256,.F.);
#2256 = EDGE_CURVE('',#2257,#2020,#2259,.T.);
#2257 = VERTEX_POINT('',#2258);
#2258 = CARTESIAN_POINT('',(4.425,0.,11.35));
#2259 = SURFACE_CURVE('',#2260,(#2265,#2275),.PCURVE_S1.);
#2260 = ELLIPSE('',#2261,5.53125,4.425);
#2261 = AXIS2_PLACEMENT_3D('',#2262,#2263,#2264);
#2262 = CARTESIAN_POINT('',(0.,0.,8.03125));
#2263 = DIRECTION('',(-0.6,0.,0.8));
#2264 = DIRECTION('',(-0.8,0.,-0.6));
#2265 = PCURVE('',#1747,#2266);
#2266 = DEFINITIONAL_REPRESENTATION('',(#2267),#2274);
#2267 = B_SPLINE_CURVE_WITH_KNOTS('',5,(#2268,#2269,#2270,#2271,#2272,
    #2273),.UNSPECIFIED.,.F.,.F.,(6,6),(3.14159265359,3.374192850729),
  .PIECEWISE_BEZIER_KNOTS.);
#2268 = CARTESIAN_POINT('',(8.881784197001E-16,-0.7));
#2269 = CARTESIAN_POINT('',(-4.652003942775E-02,-0.7));
#2270 = CARTESIAN_POINT('',(-9.30400788555E-02,-0.691022323929));
#2271 = CARTESIAN_POINT('',(-0.139560118283,-0.673066867395));
#2272 = CARTESIAN_POINT('',(-0.186080157711,-0.64621494696));
#2273 = CARTESIAN_POINT('',(-0.232600197139,-0.610627116798));
#2274 = ( GEOMETRIC_REPRESENTATION_CONTEXT(2) 
PARAMETRIC_REPRESENTATION_CONTEXT() REPRESENTATION_CONTEXT('2D SPACE',''
  ) );
#2275 = PCURVE('',#2074,#2276);
#2276 = DEFINITIONAL_REPRESENTATION('',(#2277),#2281);
#2277 = ELLIPSE('',#2278,5.53125,4.425);
#2278 = AXIS2_PLACEMENT_2D('',#2279,#2280);
#2279 = CARTESIAN_POINT('',(-4.78125,0.));
#2280 = DIRECTION('',(-1.,0.));
#2281 = ( GEOMETRIC_REPRESENTATION_CONTEXT(2) 
PARAMETRIC_REPRESENTATION_CONTEXT() REPRESENTATION_CONTEXT('2D SPACE',''
  ) );
#2282 = ORIENTED_EDGE('',*,*,#2283,.T.);
#2283 = EDGE_CURVE('',#2257,#2284,#2286,.T.);
#2284 = VERTEX_POINT('',#2285);
#2285 = CARTESIAN_POINT('',(4.425,0.,11.9));
#2286 = SEAM_CURVE('',#2287,(#2291,#2298),.PCURVE_S1.);
#2287 = LINE('',#2288,#2289);
#2288 = CARTESIAN_POINT('',(4.425,0.,10.65));
#2289 = VECTOR('',#2290,1.);
#2290 = DIRECTION('',(0.,0.,1.));
#2291 = PCURVE('',#1747,#2292);
#2292 = DEFINITIONAL_REPRESENTATION('',(#2293),#2297);
#2293 = LINE('',#2294,#2295);
#2294 = CARTESIAN_POINT('',(-6.28318530718,0.));
#2295 = VECTOR('',#2296,1.);
#2296 = DIRECTION('',(-0.,-1.));
#2297 = ( GEOMETRIC_REPRESENTATION_CONTEXT(2) 
PARAMETRIC_REPRESENTATION_CONTEXT() REPRESENTATION_CONTEXT('2D SPACE',''
  ) );
#2298 = PCURVE('',#1747,#2299);
#2299 = DEFINITIONAL_REPRESENTATION('',(#2300),#2304);
#2300 = LINE('',#2301,#2302);
#2301 = CARTESIAN_POINT('',(-0.,0.));
#2302 = VECTOR('',#2303,1.);
#2303 = DIRECTION('',(-0.,-1.));
#2304 = ( GEOMETRIC_REPRESENTATION_CONTEXT(2) 
PARAMETRIC_REPRESENTATION_CONTEXT() REPRESENTATION_CONTEXT('2D SPACE',''
  ) );
#2305 = ORIENTED_EDGE('',*,*,#2306,.T.);
#2306 = EDGE_CURVE('',#2284,#2284,#2307,.T.);
#2307 = SURFACE_CURVE('',#2308,(#2313,#2320),.PCURVE_S1.);
#2308 = CIRCLE('',#2309,4.425);
#2309 = AXIS2_PLACEMENT_3D('',#2310,#2311,#2312);
#2310 = CARTESIAN_POINT('',(0.,0.,11.9));
#2311 = DIRECTION('',(0.,0.,1.));
#2312 = DIRECTION('',(1.,0.,0.));
#2313 = PCURVE('',#1747,#2314);
#2314 = DEFINITIONAL_REPRESENTATION('',(#2315),#2319);
#2315 = LINE('',#2316,#2317);
#2316 = CARTESIAN_POINT('',(-0.,-1.25));
#2317 = VECTOR('',#2318,1.);
#2318 = DIRECTION('',(-1.,0.));
#2319 = ( GEOMETRIC_REPRESENTATION_CONTEXT(2) 
PARAMETRIC_REPRESENTATION_CONTEXT() REPRESENTATION_CONTEXT('2D SPACE',''
  ) );
#2320 = PCURVE('',#2321,#2326);
#2321 = PLANE('',#2322);
#2322 = AXIS2_PLACEMENT_3D('',#2323,#2324,#2325);
#2323 = CARTESIAN_POINT('',(-3.09026018653E-16,2.829036251052E-16,11.9)
  );
#2324 = DIRECTION('',(0.,0.,1.));
#2325 = DIRECTION('',(1.,0.,-0.));
#2326 = DEFINITIONAL_REPRESENTATION('',(#2327),#2331);
#2327 = CIRCLE('',#2328,4.425);
#2328 = AXIS2_PLACEMENT_2D('',#2329,#2330);
#2329 = CARTESIAN_POINT('',(3.09026018653E-16,-2.829036251052E-16));
#2330 = DIRECTION('',(1.,0.));
#2331 = ( GEOMETRIC_REPRESENTATION_CONTEXT(2) 
PARAMETRIC_REPRESENTATION_CONTEXT() REPRESENTATION_CONTEXT('2D SPACE',''
  ) );
#2332 = ORIENTED_EDGE('',*,*,#2283,.F.);
#2333 = ORIENTED_EDGE('',*,*,#2334,.F.);
#2334 = EDGE_CURVE('',#2058,#2257,#2335,.T.);
#2335 = SURFACE_CURVE('',#2336,(#2341,#2351),.PCURVE_S1.);
#2336 = ELLIPSE('',#2337,5.53125,4.425);
#2337 = AXIS2_PLACEMENT_3D('',#2338,#2339,#2340);
#2338 = CARTESIAN_POINT('',(0.,0.,8.03125));
#2339 = DIRECTION('',(-0.6,0.,0.8));
#2340 = DIRECTION('',(-0.8,0.,-0.6));
#2341 = PCURVE('',#1747,#2342);
#2342 = DEFINITIONAL_REPRESENTATION('',(#2343),#2350);
#2343 = B_SPLINE_CURVE_WITH_KNOTS('',5,(#2344,#2345,#2346,#2347,#2348,
    #2349),.UNSPECIFIED.,.F.,.F.,(6,6),(2.908992456451,3.14159265359),
  .PIECEWISE_BEZIER_KNOTS.);
#2344 = CARTESIAN_POINT('',(-6.050585110041,-0.610627116798));
#2345 = CARTESIAN_POINT('',(-6.097105149469,-0.64621494696));
#2346 = CARTESIAN_POINT('',(-6.143625188896,-0.673066867395));
#2347 = CARTESIAN_POINT('',(-6.190145228324,-0.691022323929));
#2348 = CARTESIAN_POINT('',(-6.236665267752,-0.7));
#2349 = CARTESIAN_POINT('',(-6.28318530718,-0.7));
#2350 = ( GEOMETRIC_REPRESENTATION_CONTEXT(2) 
PARAMETRIC_REPRESENTATION_CONTEXT() REPRESENTATION_CONTEXT('2D SPACE',''
  ) );
#2351 = PCURVE('',#2074,#2352);
#2352 = DEFINITIONAL_REPRESENTATION('',(#2353),#2357);
#2353 = ELLIPSE('',#2354,5.53125,4.425);
#2354 = AXIS2_PLACEMENT_2D('',#2355,#2356);
#2355 = CARTESIAN_POINT('',(-4.78125,0.));
#2356 = DIRECTION('',(-1.,0.));
#2357 = ( GEOMETRIC_REPRESENTATION_CONTEXT(2) 
PARAMETRIC_REPRESENTATION_CONTEXT() REPRESENTATION_CONTEXT('2D SPACE',''
  ) );
#2358 = ORIENTED_EDGE('',*,*,#2090,.F.);
#2359 = ORIENTED_EDGE('',*,*,#2194,.F.);
#2360 = ORIENTED_EDGE('',*,*,#1721,.F.);
#2361 = ORIENTED_EDGE('',*,*,#2362,.F.);
#2362 = EDGE_CURVE('',#1765,#1722,#2363,.T.);
#2363 = SURFACE_CURVE('',#2364,(#2369,#2379),.PCURVE_S1.);
#2364 = ELLIPSE('',#2365,5.53125,4.425);
#2365 = AXIS2_PLACEMENT_3D('',#2366,#2367,#2368);
#2366 = CARTESIAN_POINT('',(0.,0.,8.03125));
#2367 = DIRECTION('',(0.6,0.,0.8));
#2368 = DIRECTION('',(0.8,0.,-0.6));
#2369 = PCURVE('',#1747,#2370);
#2370 = DEFINITIONAL_REPRESENTATION('',(#2371),#2378);
#2371 = B_SPLINE_CURVE_WITH_KNOTS('',5,(#2372,#2373,#2374,#2375,#2376,
    #2377),.UNSPECIFIED.,.F.,.F.,(6,6),(2.908992456451,3.374192850729),
  .PIECEWISE_BEZIER_KNOTS.);
#2372 = CARTESIAN_POINT('',(-2.908992456451,-0.610627116798));
#2373 = CARTESIAN_POINT('',(-3.002032535307,-0.681802777123));
#2374 = CARTESIAN_POINT('',(-3.095072614162,-0.718035754837));
#2375 = CARTESIAN_POINT('',(-3.188112693018,-0.718035754837));
#2376 = CARTESIAN_POINT('',(-3.281152771873,-0.681802777123));
#2377 = CARTESIAN_POINT('',(-3.374192850729,-0.610627116798));
#2378 = ( GEOMETRIC_REPRESENTATION_CONTEXT(2) 
PARAMETRIC_REPRESENTATION_CONTEXT() REPRESENTATION_CONTEXT('2D SPACE',''
  ) );
#2379 = PCURVE('',#1781,#2380);
#2380 = DEFINITIONAL_REPRESENTATION('',(#2381),#2385);
#2381 = ELLIPSE('',#2382,5.53125,4.425);
#2382 = AXIS2_PLACEMENT_2D('',#2383,#2384);
#2383 = CARTESIAN_POINT('',(4.78125,0.));
#2384 = DIRECTION('',(1.,0.));
#2385 = ( GEOMETRIC_REPRESENTATION_CONTEXT(2) 
PARAMETRIC_REPRESENTATION_CONTEXT() REPRESENTATION_CONTEXT('2D SPACE',''
  ) );
#2386 = ORIENTED_EDGE('',*,*,#1793,.F.);
#2387 = ORIENTED_EDGE('',*,*,#2169,.F.);
#2388 = ORIENTED_EDGE('',*,*,#2019,.F.);
#2389 = ADVANCED_FACE('',(#2390),#1781,.T.);
#2390 = FACE_BOUND('',#2391,.T.);
#2391 = EDGE_LOOP('',(#2392,#2393));
#2392 = ORIENTED_EDGE('',*,*,#2362,.F.);
#2393 = ORIENTED_EDGE('',*,*,#1764,.T.);
#2394 = ADVANCED_FACE('',(#2395),#2074,.T.);
#2395 = FACE_BOUND('',#2396,.T.);
#2396 = EDGE_LOOP('',(#2397,#2398,#2399));
#2397 = ORIENTED_EDGE('',*,*,#2334,.F.);
#2398 = ORIENTED_EDGE('',*,*,#2057,.F.);
#2399 = ORIENTED_EDGE('',*,*,#2256,.F.);
#2400 = ADVANCED_FACE('',(#2401),#2241,.F.);
#2401 = FACE_BOUND('',#2402,.T.);
#2402 = EDGE_LOOP('',(#2403,#2426,#2427,#2428));
#2403 = ORIENTED_EDGE('',*,*,#2404,.F.);
#2404 = EDGE_CURVE('',#2221,#2405,#2407,.T.);
#2405 = VERTEX_POINT('',#2406);
#2406 = CARTESIAN_POINT('',(2.995,0.,10.7));
#2407 = SEAM_CURVE('',#2408,(#2412,#2419),.PCURVE_S1.);
#2408 = LINE('',#2409,#2410);
#2409 = CARTESIAN_POINT('',(2.995,0.,10.4));
#2410 = VECTOR('',#2411,1.);
#2411 = DIRECTION('',(0.,0.,1.));
#2412 = PCURVE('',#2241,#2413);
#2413 = DEFINITIONAL_REPRESENTATION('',(#2414),#2418);
#2414 = LINE('',#2415,#2416);
#2415 = CARTESIAN_POINT('',(-6.28318530718,0.));
#2416 = VECTOR('',#2417,1.);
#2417 = DIRECTION('',(-0.,-1.));
#2418 = ( GEOMETRIC_REPRESENTATION_CONTEXT(2) 
PARAMETRIC_REPRESENTATION_CONTEXT() REPRESENTATION_CONTEXT('2D SPACE',''
  ) );
#2419 = PCURVE('',#2241,#2420);
#2420 = DEFINITIONAL_REPRESENTATION('',(#2421),#2425);
#2421 = LINE('',#2422,#2423);
#2422 = CARTESIAN_POINT('',(-0.,0.));
#2423 = VECTOR('',#2424,1.);
#2424 = DIRECTION('',(-0.,-1.));
#2425 = ( GEOMETRIC_REPRESENTATION_CONTEXT(2) 
PARAMETRIC_REPRESENTATION_CONTEXT() REPRESENTATION_CONTEXT('2D SPACE',''
  ) );
#2426 = ORIENTED_EDGE('',*,*,#2220,.T.);
#2427 = ORIENTED_EDGE('',*,*,#2404,.T.);
#2428 = ORIENTED_EDGE('',*,*,#2429,.F.);
#2429 = EDGE_CURVE('',#2405,#2405,#2430,.T.);
#2430 = SURFACE_CURVE('',#2431,(#2436,#2443),.PCURVE_S1.);
#2431 = CIRCLE('',#2432,2.995);
#2432 = AXIS2_PLACEMENT_3D('',#2433,#2434,#2435);
#2433 = CARTESIAN_POINT('',(0.,0.,10.7));
#2434 = DIRECTION('',(0.,0.,-1.));
#2435 = DIRECTION('',(1.,0.,0.));
#2436 = PCURVE('',#2241,#2437);
#2437 = DEFINITIONAL_REPRESENTATION('',(#2438),#2442);
#2438 = LINE('',#2439,#2440);
#2439 = CARTESIAN_POINT('',(-6.28318530718,-0.3));
#2440 = VECTOR('',#2441,1.);
#2441 = DIRECTION('',(1.,-0.));
#2442 = ( GEOMETRIC_REPRESENTATION_CONTEXT(2) 
PARAMETRIC_REPRESENTATION_CONTEXT() REPRESENTATION_CONTEXT('2D SPACE',''
  ) );
#2443 = PCURVE('',#2444,#2449);
#2444 = PLANE('',#2445);
#2445 = AXIS2_PLACEMENT_3D('',#2446,#2447,#2448);
#2446 = CARTESIAN_POINT('',(-2.167100051568E-16,8.791798344647E-17,10.7)
  );
#2447 = DIRECTION('',(0.,0.,1.));
#2448 = DIRECTION('',(1.,0.,-0.));
#2449 = DEFINITIONAL_REPRESENTATION('',(#2450),#2458);
#2450 = ( BOUNDED_CURVE() B_SPLINE_CURVE(2,(#2451,#2452,#2453,#2454,
#2455,#2456,#2457),.UNSPECIFIED.,.T.,.F.) B_SPLINE_CURVE_WITH_KNOTS((1,2
    ,2,2,2,1),(-2.094395102393,0.,2.094395102393,4.188790204786,
6.28318530718,8.377580409573),.UNSPECIFIED.) CURVE() 
GEOMETRIC_REPRESENTATION_ITEM() RATIONAL_B_SPLINE_CURVE((1.,0.5,1.,0.5,
1.,0.5,1.)) REPRESENTATION_ITEM('') );
#2451 = CARTESIAN_POINT('',(2.995,-8.791798344647E-17));
#2452 = CARTESIAN_POINT('',(2.995,-5.187492168669));
#2453 = CARTESIAN_POINT('',(-1.4975,-2.593746084334));
#2454 = CARTESIAN_POINT('',(-5.99,-8.214814161357E-16));
#2455 = CARTESIAN_POINT('',(-1.4975,2.593746084334));
#2456 = CARTESIAN_POINT('',(2.995,5.187492168669));
#2457 = CARTESIAN_POINT('',(2.995,-8.791798344647E-17));
#2458 = ( GEOMETRIC_REPRESENTATION_CONTEXT(2) 
PARAMETRIC_REPRESENTATION_CONTEXT() REPRESENTATION_CONTEXT('2D SPACE',''
  ) );
#2459 = ADVANCED_FACE('',(#2460,#2463,#2498,#2533,#2568,#2603),#2321,.T.
  );
#2460 = FACE_BOUND('',#2461,.T.);
#2461 = EDGE_LOOP('',(#2462));
#2462 = ORIENTED_EDGE('',*,*,#2306,.T.);
#2463 = FACE_BOUND('',#2464,.T.);
#2464 = EDGE_LOOP('',(#2465));
#2465 = ORIENTED_EDGE('',*,*,#2466,.T.);
#2466 = EDGE_CURVE('',#2467,#2467,#2469,.T.);
#2467 = VERTEX_POINT('',#2468);
#2468 = CARTESIAN_POINT('',(-2.210492420861,-2.598617420861,11.9));
#2469 = SURFACE_CURVE('',#2470,(#2475,#2486),.PCURVE_S1.);
#2470 = CIRCLE('',#2471,0.388125);
#2471 = AXIS2_PLACEMENT_3D('',#2472,#2473,#2474);
#2472 = CARTESIAN_POINT('',(-2.598617420861,-2.598617420861,11.9));
#2473 = DIRECTION('',(0.,0.,-1.));
#2474 = DIRECTION('',(1.,0.,0.));
#2475 = PCURVE('',#2321,#2476);
#2476 = DEFINITIONAL_REPRESENTATION('',(#2477),#2485);
#2477 = ( BOUNDED_CURVE() B_SPLINE_CURVE(2,(#2478,#2479,#2480,#2481,
#2482,#2483,#2484),.UNSPECIFIED.,.T.,.F.) B_SPLINE_CURVE_WITH_KNOTS((1,2
    ,2,2,2,1),(-2.094395102393,0.,2.094395102393,4.188790204786,
6.28318530718,8.377580409573),.UNSPECIFIED.) CURVE() 
GEOMETRIC_REPRESENTATION_ITEM() RATIONAL_B_SPLINE_CURVE((1.,0.5,1.,0.5,
1.,0.5,1.)) REPRESENTATION_ITEM('') );
#2478 = CARTESIAN_POINT('',(-2.210492420861,-2.598617420861));
#2479 = CARTESIAN_POINT('',(-2.210492420861,-3.270869640548));
#2480 = CARTESIAN_POINT('',(-2.792679920861,-2.934743530704));
#2481 = CARTESIAN_POINT('',(-3.374867420861,-2.598617420861));
#2482 = CARTESIAN_POINT('',(-2.792679920861,-2.262491311017));
#2483 = CARTESIAN_POINT('',(-2.210492420861,-1.926365201173));
#2484 = CARTESIAN_POINT('',(-2.210492420861,-2.598617420861));
#2485 = ( GEOMETRIC_REPRESENTATION_CONTEXT(2) 
PARAMETRIC_REPRESENTATION_CONTEXT() REPRESENTATION_CONTEXT('2D SPACE',''
  ) );
#2486 = PCURVE('',#2487,#2492);
#2487 = CYLINDRICAL_SURFACE('',#2488,0.388125);
#2488 = AXIS2_PLACEMENT_3D('',#2489,#2490,#2491);
#2489 = CARTESIAN_POINT('',(-2.598617420861,-2.598617420861,10.8));
#2490 = DIRECTION('',(-0.,-0.,-1.));
#2491 = DIRECTION('',(1.,0.,0.));
#2492 = DEFINITIONAL_REPRESENTATION('',(#2493),#2497);
#2493 = LINE('',#2494,#2495);
#2494 = CARTESIAN_POINT('',(-6.28318530718,-1.1));
#2495 = VECTOR('',#2496,1.);
#2496 = DIRECTION('',(1.,-0.));
#2497 = ( GEOMETRIC_REPRESENTATION_CONTEXT(2) 
PARAMETRIC_REPRESENTATION_CONTEXT() REPRESENTATION_CONTEXT('2D SPACE',''
  ) );
#2498 = FACE_BOUND('',#2499,.T.);
#2499 = EDGE_LOOP('',(#2500));
#2500 = ORIENTED_EDGE('',*,*,#2501,.T.);
#2501 = EDGE_CURVE('',#2502,#2502,#2504,.T.);
#2502 = VERTEX_POINT('',#2503);
#2503 = CARTESIAN_POINT('',(2.986742420861,-2.598617420861,11.9));
#2504 = SURFACE_CURVE('',#2505,(#2510,#2521),.PCURVE_S1.);
#2505 = CIRCLE('',#2506,0.388125);
#2506 = AXIS2_PLACEMENT_3D('',#2507,#2508,#2509);
#2507 = CARTESIAN_POINT('',(2.598617420861,-2.598617420861,11.9));
#2508 = DIRECTION('',(0.,0.,-1.));
#2509 = DIRECTION('',(1.,0.,0.));
#2510 = PCURVE('',#2321,#2511);
#2511 = DEFINITIONAL_REPRESENTATION('',(#2512),#2520);
#2512 = ( BOUNDED_CURVE() B_SPLINE_CURVE(2,(#2513,#2514,#2515,#2516,
#2517,#2518,#2519),.UNSPECIFIED.,.T.,.F.) B_SPLINE_CURVE_WITH_KNOTS((1,2
    ,2,2,2,1),(-2.094395102393,0.,2.094395102393,4.188790204786,
6.28318530718,8.377580409573),.UNSPECIFIED.) CURVE() 
GEOMETRIC_REPRESENTATION_ITEM() RATIONAL_B_SPLINE_CURVE((1.,0.5,1.,0.5,
1.,0.5,1.)) REPRESENTATION_ITEM('') );
#2513 = CARTESIAN_POINT('',(2.986742420861,-2.598617420861));
#2514 = CARTESIAN_POINT('',(2.986742420861,-3.270869640548));
#2515 = CARTESIAN_POINT('',(2.404554920861,-2.934743530704));
#2516 = CARTESIAN_POINT('',(1.822367420861,-2.598617420861));
#2517 = CARTESIAN_POINT('',(2.404554920861,-2.262491311017));
#2518 = CARTESIAN_POINT('',(2.986742420861,-1.926365201173));
#2519 = CARTESIAN_POINT('',(2.986742420861,-2.598617420861));
#2520 = ( GEOMETRIC_REPRESENTATION_CONTEXT(2) 
PARAMETRIC_REPRESENTATION_CONTEXT() REPRESENTATION_CONTEXT('2D SPACE',''
  ) );
#2521 = PCURVE('',#2522,#2527);
#2522 = CYLINDRICAL_SURFACE('',#2523,0.388125);
#2523 = AXIS2_PLACEMENT_3D('',#2524,#2525,#2526);
#2524 = CARTESIAN_POINT('',(2.598617420861,-2.598617420861,10.8));
#2525 = DIRECTION('',(-0.,-0.,-1.));
#2526 = DIRECTION('',(1.,0.,0.));
#2527 = DEFINITIONAL_REPRESENTATION('',(#2528),#2532);
#2528 = LINE('',#2529,#2530);
#2529 = CARTESIAN_POINT('',(-6.28318530718,-1.1));
#2530 = VECTOR('',#2531,1.);
#2531 = DIRECTION('',(1.,-0.));
#2532 = ( GEOMETRIC_REPRESENTATION_CONTEXT(2) 
PARAMETRIC_REPRESENTATION_CONTEXT() REPRESENTATION_CONTEXT('2D SPACE',''
  ) );
#2533 = FACE_BOUND('',#2534,.T.);
#2534 = EDGE_LOOP('',(#2535));
#2535 = ORIENTED_EDGE('',*,*,#2536,.T.);
#2536 = EDGE_CURVE('',#2537,#2537,#2539,.T.);
#2537 = VERTEX_POINT('',#2538);
#2538 = CARTESIAN_POINT('',(-2.210492420861,2.598617420861,11.9));
#2539 = SURFACE_CURVE('',#2540,(#2545,#2556),.PCURVE_S1.);
#2540 = CIRCLE('',#2541,0.388125);
#2541 = AXIS2_PLACEMENT_3D('',#2542,#2543,#2544);
#2542 = CARTESIAN_POINT('',(-2.598617420861,2.598617420861,11.9));
#2543 = DIRECTION('',(0.,0.,-1.));
#2544 = DIRECTION('',(1.,0.,0.));
#2545 = PCURVE('',#2321,#2546);
#2546 = DEFINITIONAL_REPRESENTATION('',(#2547),#2555);
#2547 = ( BOUNDED_CURVE() B_SPLINE_CURVE(2,(#2548,#2549,#2550,#2551,
#2552,#2553,#2554),.UNSPECIFIED.,.T.,.F.) B_SPLINE_CURVE_WITH_KNOTS((1,2
    ,2,2,2,1),(-2.094395102393,0.,2.094395102393,4.188790204786,
6.28318530718,8.377580409573),.UNSPECIFIED.) CURVE() 
GEOMETRIC_REPRESENTATION_ITEM() RATIONAL_B_SPLINE_CURVE((1.,0.5,1.,0.5,
1.,0.5,1.)) REPRESENTATION_ITEM('') );
#2548 = CARTESIAN_POINT('',(-2.210492420861,2.598617420861));
#2549 = CARTESIAN_POINT('',(-2.210492420861,1.926365201173));
#2550 = CARTESIAN_POINT('',(-2.792679920861,2.262491311017));
#2551 = CARTESIAN_POINT('',(-3.374867420861,2.598617420861));
#2552 = CARTESIAN_POINT('',(-2.792679920861,2.934743530704));
#2553 = CARTESIAN_POINT('',(-2.210492420861,3.270869640548));
#2554 = CARTESIAN_POINT('',(-2.210492420861,2.598617420861));
#2555 = ( GEOMETRIC_REPRESENTATION_CONTEXT(2) 
PARAMETRIC_REPRESENTATION_CONTEXT() REPRESENTATION_CONTEXT('2D SPACE',''
  ) );
#2556 = PCURVE('',#2557,#2562);
#2557 = CYLINDRICAL_SURFACE('',#2558,0.388125);
#2558 = AXIS2_PLACEMENT_3D('',#2559,#2560,#2561);
#2559 = CARTESIAN_POINT('',(-2.598617420861,2.598617420861,10.8));
#2560 = DIRECTION('',(-0.,-0.,-1.));
#2561 = DIRECTION('',(1.,0.,0.));
#2562 = DEFINITIONAL_REPRESENTATION('',(#2563),#2567);
#2563 = LINE('',#2564,#2565);
#2564 = CARTESIAN_POINT('',(-6.28318530718,-1.1));
#2565 = VECTOR('',#2566,1.);
#2566 = DIRECTION('',(1.,-0.));
#2567 = ( GEOMETRIC_REPRESENTATION_CONTEXT(2) 
PARAMETRIC_REPRESENTATION_CONTEXT() REPRESENTATION_CONTEXT('2D SPACE',''
  ) );
#2568 = FACE_BOUND('',#2569,.T.);
#2569 = EDGE_LOOP('',(#2570));
#2570 = ORIENTED_EDGE('',*,*,#2571,.T.);
#2571 = EDGE_CURVE('',#2572,#2572,#2574,.T.);
#2572 = VERTEX_POINT('',#2573);
#2573 = CARTESIAN_POINT('',(3.155,0.,11.9));
#2574 = SURFACE_CURVE('',#2575,(#2580,#2591),.PCURVE_S1.);
#2575 = CIRCLE('',#2576,3.155);
#2576 = AXIS2_PLACEMENT_3D('',#2577,#2578,#2579);
#2577 = CARTESIAN_POINT('',(0.,0.,11.9));
#2578 = DIRECTION('',(0.,0.,-1.));
#2579 = DIRECTION('',(1.,0.,0.));
#2580 = PCURVE('',#2321,#2581);
#2581 = DEFINITIONAL_REPRESENTATION('',(#2582),#2590);
#2582 = ( BOUNDED_CURVE() B_SPLINE_CURVE(2,(#2583,#2584,#2585,#2586,
#2587,#2588,#2589),.UNSPECIFIED.,.T.,.F.) B_SPLINE_CURVE_WITH_KNOTS((1,2
    ,2,2,2,1),(-2.094395102393,0.,2.094395102393,4.188790204786,
6.28318530718,8.377580409573),.UNSPECIFIED.) CURVE() 
GEOMETRIC_REPRESENTATION_ITEM() RATIONAL_B_SPLINE_CURVE((1.,0.5,1.,0.5,
1.,0.5,1.)) REPRESENTATION_ITEM('') );
#2583 = CARTESIAN_POINT('',(3.155,-2.829036251052E-16));
#2584 = CARTESIAN_POINT('',(3.155,-5.46462029788));
#2585 = CARTESIAN_POINT('',(-1.5775,-2.73231014894));
#2586 = CARTESIAN_POINT('',(-6.31,-1.055655755367E-15));
#2587 = CARTESIAN_POINT('',(-1.5775,2.73231014894));
#2588 = CARTESIAN_POINT('',(3.155,5.46462029788));
#2589 = CARTESIAN_POINT('',(3.155,-2.829036251052E-16));
#2590 = ( GEOMETRIC_REPRESENTATION_CONTEXT(2) 
PARAMETRIC_REPRESENTATION_CONTEXT() REPRESENTATION_CONTEXT('2D SPACE',''
  ) );
#2591 = PCURVE('',#2592,#2597);
#2592 = CYLINDRICAL_SURFACE('',#2593,3.155);
#2593 = AXIS2_PLACEMENT_3D('',#2594,#2595,#2596);
#2594 = CARTESIAN_POINT('',(0.,0.,10.7));
#2595 = DIRECTION('',(-0.,-0.,-1.));
#2596 = DIRECTION('',(1.,0.,0.));
#2597 = DEFINITIONAL_REPRESENTATION('',(#2598),#2602);
#2598 = LINE('',#2599,#2600);
#2599 = CARTESIAN_POINT('',(-6.28318530718,-1.2));
#2600 = VECTOR('',#2601,1.);
#2601 = DIRECTION('',(1.,-0.));
#2602 = ( GEOMETRIC_REPRESENTATION_CONTEXT(2) 
PARAMETRIC_REPRESENTATION_CONTEXT() REPRESENTATION_CONTEXT('2D SPACE',''
  ) );
#2603 = FACE_BOUND('',#2604,.T.);
#2604 = EDGE_LOOP('',(#2605));
#2605 = ORIENTED_EDGE('',*,*,#2606,.T.);
#2606 = EDGE_CURVE('',#2607,#2607,#2609,.T.);
#2607 = VERTEX_POINT('',#2608);
#2608 = CARTESIAN_POINT('',(2.986742420861,2.598617420861,11.9));
#2609 = SURFACE_CURVE('',#2610,(#2615,#2626),.PCURVE_S1.);
#2610 = CIRCLE('',#2611,0.388125);
#2611 = AXIS2_PLACEMENT_3D('',#2612,#2613,#2614);
#2612 = CARTESIAN_POINT('',(2.598617420861,2.598617420861,11.9));
#2613 = DIRECTION('',(0.,0.,-1.));
#2614 = DIRECTION('',(1.,0.,0.));
#2615 = PCURVE('',#2321,#2616);
#2616 = DEFINITIONAL_REPRESENTATION('',(#2617),#2625);
#2617 = ( BOUNDED_CURVE() B_SPLINE_CURVE(2,(#2618,#2619,#2620,#2621,
#2622,#2623,#2624),.UNSPECIFIED.,.T.,.F.) B_SPLINE_CURVE_WITH_KNOTS((1,2
    ,2,2,2,1),(-2.094395102393,0.,2.094395102393,4.188790204786,
6.28318530718,8.377580409573),.UNSPECIFIED.) CURVE() 
GEOMETRIC_REPRESENTATION_ITEM() RATIONAL_B_SPLINE_CURVE((1.,0.5,1.,0.5,
1.,0.5,1.)) REPRESENTATION_ITEM('') );
#2618 = CARTESIAN_POINT('',(2.986742420861,2.598617420861));
#2619 = CARTESIAN_POINT('',(2.986742420861,1.926365201173));
#2620 = CARTESIAN_POINT('',(2.404554920861,2.262491311017));
#2621 = CARTESIAN_POINT('',(1.822367420861,2.598617420861));
#2622 = CARTESIAN_POINT('',(2.404554920861,2.934743530704));
#2623 = CARTESIAN_POINT('',(2.986742420861,3.270869640548));
#2624 = CARTESIAN_POINT('',(2.986742420861,2.598617420861));
#2625 = ( GEOMETRIC_REPRESENTATION_CONTEXT(2) 
PARAMETRIC_REPRESENTATION_CONTEXT() REPRESENTATION_CONTEXT('2D SPACE',''
  ) );
#2626 = PCURVE('',#2627,#2632);
#2627 = CYLINDRICAL_SURFACE('',#2628,0.388125);
#2628 = AXIS2_PLACEMENT_3D('',#2629,#2630,#2631);
#2629 = CARTESIAN_POINT('',(2.598617420861,2.598617420861,10.8));
#2630 = DIRECTION('',(-0.,-0.,-1.));
#2631 = DIRECTION('',(1.,0.,0.));
#2632 = DEFINITIONAL_REPRESENTATION('',(#2633),#2637);
#2633 = LINE('',#2634,#2635);
#2634 = CARTESIAN_POINT('',(-6.28318530718,-1.1));
#2635 = VECTOR('',#2636,1.);
#2636 = DIRECTION('',(1.,-0.));
#2637 = ( GEOMETRIC_REPRESENTATION_CONTEXT(2) 
PARAMETRIC_REPRESENTATION_CONTEXT() REPRESENTATION_CONTEXT('2D SPACE',''
  ) );
#2638 = ADVANCED_FACE('',(#2639,#2665),#2444,.T.);
#2639 = FACE_BOUND('',#2640,.T.);
#2640 = EDGE_LOOP('',(#2641));
#2641 = ORIENTED_EDGE('',*,*,#2642,.T.);
#2642 = EDGE_CURVE('',#2643,#2643,#2645,.T.);
#2643 = VERTEX_POINT('',#2644);
#2644 = CARTESIAN_POINT('',(3.155,0.,10.7));
#2645 = SURFACE_CURVE('',#2646,(#2651,#2658),.PCURVE_S1.);
#2646 = CIRCLE('',#2647,3.155);
#2647 = AXIS2_PLACEMENT_3D('',#2648,#2649,#2650);
#2648 = CARTESIAN_POINT('',(0.,0.,10.7));
#2649 = DIRECTION('',(0.,0.,1.));
#2650 = DIRECTION('',(1.,0.,0.));
#2651 = PCURVE('',#2444,#2652);
#2652 = DEFINITIONAL_REPRESENTATION('',(#2653),#2657);
#2653 = CIRCLE('',#2654,3.155);
#2654 = AXIS2_PLACEMENT_2D('',#2655,#2656);
#2655 = CARTESIAN_POINT('',(2.167100051568E-16,-8.791798344647E-17));
#2656 = DIRECTION('',(1.,0.));
#2657 = ( GEOMETRIC_REPRESENTATION_CONTEXT(2) 
PARAMETRIC_REPRESENTATION_CONTEXT() REPRESENTATION_CONTEXT('2D SPACE',''
  ) );
#2658 = PCURVE('',#2592,#2659);
#2659 = DEFINITIONAL_REPRESENTATION('',(#2660),#2664);
#2660 = LINE('',#2661,#2662);
#2661 = CARTESIAN_POINT('',(-0.,0.));
#2662 = VECTOR('',#2663,1.);
#2663 = DIRECTION('',(-1.,0.));
#2664 = ( GEOMETRIC_REPRESENTATION_CONTEXT(2) 
PARAMETRIC_REPRESENTATION_CONTEXT() REPRESENTATION_CONTEXT('2D SPACE',''
  ) );
#2665 = FACE_BOUND('',#2666,.T.);
#2666 = EDGE_LOOP('',(#2667));
#2667 = ORIENTED_EDGE('',*,*,#2429,.T.);
#2668 = ADVANCED_FACE('',(#2669),#2487,.T.);
#2669 = FACE_BOUND('',#2670,.F.);
#2670 = EDGE_LOOP('',(#2671,#2672,#2695,#2722));
#2671 = ORIENTED_EDGE('',*,*,#2466,.T.);
#2672 = ORIENTED_EDGE('',*,*,#2673,.T.);
#2673 = EDGE_CURVE('',#2467,#2674,#2676,.T.);
#2674 = VERTEX_POINT('',#2675);
#2675 = CARTESIAN_POINT('',(-2.210492420861,-2.598617420861,15.2));
#2676 = SEAM_CURVE('',#2677,(#2681,#2688),.PCURVE_S1.);
#2677 = LINE('',#2678,#2679);
#2678 = CARTESIAN_POINT('',(-2.210492420861,-2.598617420861,10.8));
#2679 = VECTOR('',#2680,1.);
#2680 = DIRECTION('',(0.,0.,1.));
#2681 = PCURVE('',#2487,#2682);
#2682 = DEFINITIONAL_REPRESENTATION('',(#2683),#2687);
#2683 = LINE('',#2684,#2685);
#2684 = CARTESIAN_POINT('',(-6.28318530718,0.));
#2685 = VECTOR('',#2686,1.);
#2686 = DIRECTION('',(-0.,-1.));
#2687 = ( GEOMETRIC_REPRESENTATION_CONTEXT(2) 
PARAMETRIC_REPRESENTATION_CONTEXT() REPRESENTATION_CONTEXT('2D SPACE',''
  ) );
#2688 = PCURVE('',#2487,#2689);
#2689 = DEFINITIONAL_REPRESENTATION('',(#2690),#2694);
#2690 = LINE('',#2691,#2692);
#2691 = CARTESIAN_POINT('',(-0.,0.));
#2692 = VECTOR('',#2693,1.);
#2693 = DIRECTION('',(-0.,-1.));
#2694 = ( GEOMETRIC_REPRESENTATION_CONTEXT(2) 
PARAMETRIC_REPRESENTATION_CONTEXT() REPRESENTATION_CONTEXT('2D SPACE',''
  ) );
#2695 = ORIENTED_EDGE('',*,*,#2696,.T.);
#2696 = EDGE_CURVE('',#2674,#2674,#2697,.T.);
#2697 = SURFACE_CURVE('',#2698,(#2703,#2710),.PCURVE_S1.);
#2698 = CIRCLE('',#2699,0.388125);
#2699 = AXIS2_PLACEMENT_3D('',#2700,#2701,#2702);
#2700 = CARTESIAN_POINT('',(-2.598617420861,-2.598617420861,15.2));
#2701 = DIRECTION('',(0.,0.,1.));
#2702 = DIRECTION('',(1.,0.,0.));
#2703 = PCURVE('',#2487,#2704);
#2704 = DEFINITIONAL_REPRESENTATION('',(#2705),#2709);
#2705 = LINE('',#2706,#2707);
#2706 = CARTESIAN_POINT('',(-0.,-4.4));
#2707 = VECTOR('',#2708,1.);
#2708 = DIRECTION('',(-1.,0.));
#2709 = ( GEOMETRIC_REPRESENTATION_CONTEXT(2) 
PARAMETRIC_REPRESENTATION_CONTEXT() REPRESENTATION_CONTEXT('2D SPACE',''
  ) );
#2710 = PCURVE('',#2711,#2716);
#2711 = PLANE('',#2712);
#2712 = AXIS2_PLACEMENT_3D('',#2713,#2714,#2715);
#2713 = CARTESIAN_POINT('',(-2.598617420861,-2.598617420861,15.2));
#2714 = DIRECTION('',(0.,0.,1.));
#2715 = DIRECTION('',(1.,0.,-0.));
#2716 = DEFINITIONAL_REPRESENTATION('',(#2717),#2721);
#2717 = CIRCLE('',#2718,0.388125);
#2718 = AXIS2_PLACEMENT_2D('',#2719,#2720);
#2719 = CARTESIAN_POINT('',(0.,0.));
#2720 = DIRECTION('',(1.,0.));
#2721 = ( GEOMETRIC_REPRESENTATION_CONTEXT(2) 
PARAMETRIC_REPRESENTATION_CONTEXT() REPRESENTATION_CONTEXT('2D SPACE',''
  ) );
#2722 = ORIENTED_EDGE('',*,*,#2673,.F.);
#2723 = ADVANCED_FACE('',(#2724),#2522,.T.);
#2724 = FACE_BOUND('',#2725,.F.);
#2725 = EDGE_LOOP('',(#2726,#2727,#2750,#2777));
#2726 = ORIENTED_EDGE('',*,*,#2501,.T.);
#2727 = ORIENTED_EDGE('',*,*,#2728,.T.);
#2728 = EDGE_CURVE('',#2502,#2729,#2731,.T.);
#2729 = VERTEX_POINT('',#2730);
#2730 = CARTESIAN_POINT('',(2.986742420861,-2.598617420861,15.2));
#2731 = SEAM_CURVE('',#2732,(#2736,#2743),.PCURVE_S1.);
#2732 = LINE('',#2733,#2734);
#2733 = CARTESIAN_POINT('',(2.986742420861,-2.598617420861,10.8));
#2734 = VECTOR('',#2735,1.);
#2735 = DIRECTION('',(0.,0.,1.));
#2736 = PCURVE('',#2522,#2737);
#2737 = DEFINITIONAL_REPRESENTATION('',(#2738),#2742);
#2738 = LINE('',#2739,#2740);
#2739 = CARTESIAN_POINT('',(-6.28318530718,0.));
#2740 = VECTOR('',#2741,1.);
#2741 = DIRECTION('',(-0.,-1.));
#2742 = ( GEOMETRIC_REPRESENTATION_CONTEXT(2) 
PARAMETRIC_REPRESENTATION_CONTEXT() REPRESENTATION_CONTEXT('2D SPACE',''
  ) );
#2743 = PCURVE('',#2522,#2744);
#2744 = DEFINITIONAL_REPRESENTATION('',(#2745),#2749);
#2745 = LINE('',#2746,#2747);
#2746 = CARTESIAN_POINT('',(-0.,0.));
#2747 = VECTOR('',#2748,1.);
#2748 = DIRECTION('',(-0.,-1.));
#2749 = ( GEOMETRIC_REPRESENTATION_CONTEXT(2) 
PARAMETRIC_REPRESENTATION_CONTEXT() REPRESENTATION_CONTEXT('2D SPACE',''
  ) );
#2750 = ORIENTED_EDGE('',*,*,#2751,.T.);
#2751 = EDGE_CURVE('',#2729,#2729,#2752,.T.);
#2752 = SURFACE_CURVE('',#2753,(#2758,#2765),.PCURVE_S1.);
#2753 = CIRCLE('',#2754,0.388125);
#2754 = AXIS2_PLACEMENT_3D('',#2755,#2756,#2757);
#2755 = CARTESIAN_POINT('',(2.598617420861,-2.598617420861,15.2));
#2756 = DIRECTION('',(0.,0.,1.));
#2757 = DIRECTION('',(1.,0.,0.));
#2758 = PCURVE('',#2522,#2759);
#2759 = DEFINITIONAL_REPRESENTATION('',(#2760),#2764);
#2760 = LINE('',#2761,#2762);
#2761 = CARTESIAN_POINT('',(-0.,-4.4));
#2762 = VECTOR('',#2763,1.);
#2763 = DIRECTION('',(-1.,0.));
#2764 = ( GEOMETRIC_REPRESENTATION_CONTEXT(2) 
PARAMETRIC_REPRESENTATION_CONTEXT() REPRESENTATION_CONTEXT('2D SPACE',''
  ) );
#2765 = PCURVE('',#2766,#2771);
#2766 = PLANE('',#2767);
#2767 = AXIS2_PLACEMENT_3D('',#2768,#2769,#2770);
#2768 = CARTESIAN_POINT('',(2.598617420861,-2.598617420861,15.2));
#2769 = DIRECTION('',(0.,0.,1.));
#2770 = DIRECTION('',(1.,0.,-0.));
#2771 = DEFINITIONAL_REPRESENTATION('',(#2772),#2776);
#2772 = CIRCLE('',#2773,0.388125);
#2773 = AXIS2_PLACEMENT_2D('',#2774,#2775);
#2774 = CARTESIAN_POINT('',(0.,0.));
#2775 = DIRECTION('',(1.,0.));
#2776 = ( GEOMETRIC_REPRESENTATION_CONTEXT(2) 
PARAMETRIC_REPRESENTATION_CONTEXT() REPRESENTATION_CONTEXT('2D SPACE',''
  ) );
#2777 = ORIENTED_EDGE('',*,*,#2728,.F.);
#2778 = ADVANCED_FACE('',(#2779),#2557,.T.);
#2779 = FACE_BOUND('',#2780,.F.);
#2780 = EDGE_LOOP('',(#2781,#2782,#2805,#2832));
#2781 = ORIENTED_EDGE('',*,*,#2536,.T.);
#2782 = ORIENTED_EDGE('',*,*,#2783,.T.);
#2783 = EDGE_CURVE('',#2537,#2784,#2786,.T.);
#2784 = VERTEX_POINT('',#2785);
#2785 = CARTESIAN_POINT('',(-2.210492420861,2.598617420861,15.2));
#2786 = SEAM_CURVE('',#2787,(#2791,#2798),.PCURVE_S1.);
#2787 = LINE('',#2788,#2789);
#2788 = CARTESIAN_POINT('',(-2.210492420861,2.598617420861,10.8));
#2789 = VECTOR('',#2790,1.);
#2790 = DIRECTION('',(0.,0.,1.));
#2791 = PCURVE('',#2557,#2792);
#2792 = DEFINITIONAL_REPRESENTATION('',(#2793),#2797);
#2793 = LINE('',#2794,#2795);
#2794 = CARTESIAN_POINT('',(-6.28318530718,0.));
#2795 = VECTOR('',#2796,1.);
#2796 = DIRECTION('',(-0.,-1.));
#2797 = ( GEOMETRIC_REPRESENTATION_CONTEXT(2) 
PARAMETRIC_REPRESENTATION_CONTEXT() REPRESENTATION_CONTEXT('2D SPACE',''
  ) );
#2798 = PCURVE('',#2557,#2799);
#2799 = DEFINITIONAL_REPRESENTATION('',(#2800),#2804);
#2800 = LINE('',#2801,#2802);
#2801 = CARTESIAN_POINT('',(-0.,0.));
#2802 = VECTOR('',#2803,1.);
#2803 = DIRECTION('',(-0.,-1.));
#2804 = ( GEOMETRIC_REPRESENTATION_CONTEXT(2) 
PARAMETRIC_REPRESENTATION_CONTEXT() REPRESENTATION_CONTEXT('2D SPACE',''
  ) );
#2805 = ORIENTED_EDGE('',*,*,#2806,.T.);
#2806 = EDGE_CURVE('',#2784,#2784,#2807,.T.);
#2807 = SURFACE_CURVE('',#2808,(#2813,#2820),.PCURVE_S1.);
#2808 = CIRCLE('',#2809,0.388125);
#2809 = AXIS2_PLACEMENT_3D('',#2810,#2811,#2812);
#2810 = CARTESIAN_POINT('',(-2.598617420861,2.598617420861,15.2));
#2811 = DIRECTION('',(0.,0.,1.));
#2812 = DIRECTION('',(1.,0.,0.));
#2813 = PCURVE('',#2557,#2814);
#2814 = DEFINITIONAL_REPRESENTATION('',(#2815),#2819);
#2815 = LINE('',#2816,#2817);
#2816 = CARTESIAN_POINT('',(-0.,-4.4));
#2817 = VECTOR('',#2818,1.);
#2818 = DIRECTION('',(-1.,0.));
#2819 = ( GEOMETRIC_REPRESENTATION_CONTEXT(2) 
PARAMETRIC_REPRESENTATION_CONTEXT() REPRESENTATION_CONTEXT('2D SPACE',''
  ) );
#2820 = PCURVE('',#2821,#2826);
#2821 = PLANE('',#2822);
#2822 = AXIS2_PLACEMENT_3D('',#2823,#2824,#2825);
#2823 = CARTESIAN_POINT('',(-2.598617420861,2.598617420861,15.2));
#2824 = DIRECTION('',(0.,0.,1.));
#2825 = DIRECTION('',(1.,0.,-0.));
#2826 = DEFINITIONAL_REPRESENTATION('',(#2827),#2831);
#2827 = CIRCLE('',#2828,0.388125);
#2828 = AXIS2_PLACEMENT_2D('',#2829,#2830);
#2829 = CARTESIAN_POINT('',(0.,0.));
#2830 = DIRECTION('',(1.,0.));
#2831 = ( GEOMETRIC_REPRESENTATION_CONTEXT(2) 
PARAMETRIC_REPRESENTATION_CONTEXT() REPRESENTATION_CONTEXT('2D SPACE',''
  ) );
#2832 = ORIENTED_EDGE('',*,*,#2783,.F.);
#2833 = ADVANCED_FACE('',(#2834),#2592,.F.);
#2834 = FACE_BOUND('',#2835,.T.);
#2835 = EDGE_LOOP('',(#2836,#2837,#2858,#2859));
#2836 = ORIENTED_EDGE('',*,*,#2642,.F.);
#2837 = ORIENTED_EDGE('',*,*,#2838,.T.);
#2838 = EDGE_CURVE('',#2643,#2572,#2839,.T.);
#2839 = SEAM_CURVE('',#2840,(#2844,#2851),.PCURVE_S1.);
#2840 = LINE('',#2841,#2842);
#2841 = CARTESIAN_POINT('',(3.155,0.,10.7));
#2842 = VECTOR('',#2843,1.);
#2843 = DIRECTION('',(0.,0.,1.));
#2844 = PCURVE('',#2592,#2845);
#2845 = DEFINITIONAL_REPRESENTATION('',(#2846),#2850);
#2846 = LINE('',#2847,#2848);
#2847 = CARTESIAN_POINT('',(-6.28318530718,0.));
#2848 = VECTOR('',#2849,1.);
#2849 = DIRECTION('',(-0.,-1.));
#2850 = ( GEOMETRIC_REPRESENTATION_CONTEXT(2) 
PARAMETRIC_REPRESENTATION_CONTEXT() REPRESENTATION_CONTEXT('2D SPACE',''
  ) );
#2851 = PCURVE('',#2592,#2852);
#2852 = DEFINITIONAL_REPRESENTATION('',(#2853),#2857);
#2853 = LINE('',#2854,#2855);
#2854 = CARTESIAN_POINT('',(-0.,0.));
#2855 = VECTOR('',#2856,1.);
#2856 = DIRECTION('',(-0.,-1.));
#2857 = ( GEOMETRIC_REPRESENTATION_CONTEXT(2) 
PARAMETRIC_REPRESENTATION_CONTEXT() REPRESENTATION_CONTEXT('2D SPACE',''
  ) );
#2858 = ORIENTED_EDGE('',*,*,#2571,.F.);
#2859 = ORIENTED_EDGE('',*,*,#2838,.F.);
#2860 = ADVANCED_FACE('',(#2861),#2627,.T.);
#2861 = FACE_BOUND('',#2862,.F.);
#2862 = EDGE_LOOP('',(#2863,#2864,#2887,#2914));
#2863 = ORIENTED_EDGE('',*,*,#2606,.T.);
#2864 = ORIENTED_EDGE('',*,*,#2865,.T.);
#2865 = EDGE_CURVE('',#2607,#2866,#2868,.T.);
#2866 = VERTEX_POINT('',#2867);
#2867 = CARTESIAN_POINT('',(2.986742420861,2.598617420861,15.2));
#2868 = SEAM_CURVE('',#2869,(#2873,#2880),.PCURVE_S1.);
#2869 = LINE('',#2870,#2871);
#2870 = CARTESIAN_POINT('',(2.986742420861,2.598617420861,10.8));
#2871 = VECTOR('',#2872,1.);
#2872 = DIRECTION('',(0.,0.,1.));
#2873 = PCURVE('',#2627,#2874);
#2874 = DEFINITIONAL_REPRESENTATION('',(#2875),#2879);
#2875 = LINE('',#2876,#2877);
#2876 = CARTESIAN_POINT('',(-6.28318530718,0.));
#2877 = VECTOR('',#2878,1.);
#2878 = DIRECTION('',(-0.,-1.));
#2879 = ( GEOMETRIC_REPRESENTATION_CONTEXT(2) 
PARAMETRIC_REPRESENTATION_CONTEXT() REPRESENTATION_CONTEXT('2D SPACE',''
  ) );
#2880 = PCURVE('',#2627,#2881);
#2881 = DEFINITIONAL_REPRESENTATION('',(#2882),#2886);
#2882 = LINE('',#2883,#2884);
#2883 = CARTESIAN_POINT('',(-0.,0.));
#2884 = VECTOR('',#2885,1.);
#2885 = DIRECTION('',(-0.,-1.));
#2886 = ( GEOMETRIC_REPRESENTATION_CONTEXT(2) 
PARAMETRIC_REPRESENTATION_CONTEXT() REPRESENTATION_CONTEXT('2D SPACE',''
  ) );
#2887 = ORIENTED_EDGE('',*,*,#2888,.T.);
#2888 = EDGE_CURVE('',#2866,#2866,#2889,.T.);
#2889 = SURFACE_CURVE('',#2890,(#2895,#2902),.PCURVE_S1.);
#2890 = CIRCLE('',#2891,0.388125);
#2891 = AXIS2_PLACEMENT_3D('',#2892,#2893,#2894);
#2892 = CARTESIAN_POINT('',(2.598617420861,2.598617420861,15.2));
#2893 = DIRECTION('',(0.,0.,1.));
#2894 = DIRECTION('',(1.,0.,0.));
#2895 = PCURVE('',#2627,#2896);
#2896 = DEFINITIONAL_REPRESENTATION('',(#2897),#2901);
#2897 = LINE('',#2898,#2899);
#2898 = CARTESIAN_POINT('',(-0.,-4.4));
#2899 = VECTOR('',#2900,1.);
#2900 = DIRECTION('',(-1.,0.));
#2901 = ( GEOMETRIC_REPRESENTATION_CONTEXT(2) 
PARAMETRIC_REPRESENTATION_CONTEXT() REPRESENTATION_CONTEXT('2D SPACE',''
  ) );
#2902 = PCURVE('',#2903,#2908);
#2903 = PLANE('',#2904);
#2904 = AXIS2_PLACEMENT_3D('',#2905,#2906,#2907);
#2905 = CARTESIAN_POINT('',(2.598617420861,2.598617420861,15.2));
#2906 = DIRECTION('',(0.,0.,1.));
#2907 = DIRECTION('',(1.,0.,-0.));
#2908 = DEFINITIONAL_REPRESENTATION('',(#2909),#2913);
#2909 = CIRCLE('',#2910,0.388125);
#2910 = AXIS2_PLACEMENT_2D('',#2911,#2912);
#2911 = CARTESIAN_POINT('',(0.,0.));
#2912 = DIRECTION('',(1.,0.));
#2913 = ( GEOMETRIC_REPRESENTATION_CONTEXT(2) 
PARAMETRIC_REPRESENTATION_CONTEXT() REPRESENTATION_CONTEXT('2D SPACE',''
  ) );
#2914 = ORIENTED_EDGE('',*,*,#2865,.F.);
#2915 = ADVANCED_FACE('',(#2916),#2711,.T.);
#2916 = FACE_BOUND('',#2917,.T.);
#2917 = EDGE_LOOP('',(#2918));
#2918 = ORIENTED_EDGE('',*,*,#2696,.T.);
#2919 = ADVANCED_FACE('',(#2920),#2766,.T.);
#2920 = FACE_BOUND('',#2921,.T.);
#2921 = EDGE_LOOP('',(#2922));
#2922 = ORIENTED_EDGE('',*,*,#2751,.T.);
#2923 = ADVANCED_FACE('',(#2924),#2821,.T.);
#2924 = FACE_BOUND('',#2925,.T.);
#2925 = EDGE_LOOP('',(#2926));
#2926 = ORIENTED_EDGE('',*,*,#2806,.T.);
#2927 = ADVANCED_FACE('',(#2928),#2903,.T.);
#2928 = FACE_BOUND('',#2929,.T.);
#2929 = EDGE_LOOP('',(#2930));
#2930 = ORIENTED_EDGE('',*,*,#2888,.T.);
#2931 = ( GEOMETRIC_REPRESENTATION_CONTEXT(3) 
GLOBAL_UNCERTAINTY_ASSIGNED_CONTEXT((#2935)) 
GLOBAL_UNIT_ASSIGNED_CONTEXT((#2932,#2933,#2934)) REPRESENTATION_CONTEXT
('Context #1','3D Context with UNIT and UNCERTAINTY') );
#2932 = ( LENGTH_UNIT() NAMED_UNIT(*) SI_UNIT(.MILLI.,.METRE.) );
#2933 = ( NAMED_UNIT(*) PLANE_ANGLE_UNIT() SI_UNIT($,.RADIAN.) );
#2934 = ( NAMED_UNIT(*) SI_UNIT($,.STERADIAN.) SOLID_ANGLE_UNIT() );
#2935 = UNCERTAINTY_MEASURE_WITH_UNIT(LENGTH_MEASURE(2.E-07),#2932,
  'distance_accuracy_value','confusion accuracy');
#2936 = CONTEXT_DEPENDENT_SHAPE_REPRESENTATION(#2937,#2939);
#2937 = ( REPRESENTATION_RELATIONSHIP('','',#36,#10) 
REPRESENTATION_RELATIONSHIP_WITH_TRANSFORMATION(#2938) 
SHAPE_REPRESENTATION_RELATIONSHIP() );
#2938 = ITEM_DEFINED_TRANSFORMATION('','',#11,#15);
#2939 = PRODUCT_DEFINITION_SHAPE('Placement','Placement of an item',
  #2940);
#2940 = NEXT_ASSEMBLY_USAGE_OCCURRENCE('1','','',#5,#31,$);
#2941 = PRODUCT_RELATED_PRODUCT_CATEGORY('part',$,(#33));
#2942 = SHAPE_DEFINITION_REPRESENTATION(#2943,#2949);
#2943 = PRODUCT_DEFINITION_SHAPE('','',#2944);
#2944 = PRODUCT_DEFINITION('design','',#2945,#2948);
#2945 = PRODUCT_DEFINITION_FORMATION('','',#2946);
#2946 = PRODUCT('Open CASCADE STEP translator 7.7 3.2',
  'Open CASCADE STEP translator 7.7 3.2','',(#2947));
#2947 = PRODUCT_CONTEXT('',#2,'mechanical');
#2948 = PRODUCT_DEFINITION_CONTEXT('part definition',#2,'design');
#2949 = ADVANCED_BREP_SHAPE_REPRESENTATION('',(#11,#2950),#3096);
#2950 = MANIFOLD_SOLID_BREP('',#2951);
#2951 = CLOSED_SHELL('',(#2952,#3036,#3040,#3092));
#2952 = ADVANCED_FACE('',(#2953),#2966,.T.);
#2953 = FACE_BOUND('',#2954,.T.);
#2954 = EDGE_LOOP('',(#2955,#2989,#3009,#3035));
#2955 = ORIENTED_EDGE('',*,*,#2956,.T.);
#2956 = EDGE_CURVE('',#2957,#2957,#2959,.T.);
#2957 = VERTEX_POINT('',#2958);
#2958 = CARTESIAN_POINT('',(0.54,0.,11.15));
#2959 = SURFACE_CURVE('',#2960,(#2965,#2977),.PCURVE_S1.);
#2960 = CIRCLE('',#2961,0.54);
#2961 = AXIS2_PLACEMENT_3D('',#2962,#2963,#2964);
#2962 = CARTESIAN_POINT('',(0.,0.,11.15));
#2963 = DIRECTION('',(0.,0.,1.));
#2964 = DIRECTION('',(1.,0.,0.));
#2965 = PCURVE('',#2966,#2971);
#2966 = CONICAL_SURFACE('',#2967,0.54,0.944731986929);
#2967 = AXIS2_PLACEMENT_3D('',#2968,#2969,#2970);
#2968 = CARTESIAN_POINT('',(0.,0.,11.15));
#2969 = DIRECTION('',(0.,0.,1.));
#2970 = DIRECTION('',(1.,0.,0.));
#2971 = DEFINITIONAL_REPRESENTATION('',(#2972),#2976);
#2972 = LINE('',#2973,#2974);
#2973 = CARTESIAN_POINT('',(0.,0.));
#2974 = VECTOR('',#2975,1.);
#2975 = DIRECTION('',(1.,0.));
#2976 = ( GEOMETRIC_REPRESENTATION_CONTEXT(2) 
PARAMETRIC_REPRESENTATION_CONTEXT() REPRESENTATION_CONTEXT('2D SPACE',''
  ) );
#2977 = PCURVE('',#2978,#2983);
#2978 = PLANE('',#2979);
#2979 = AXIS2_PLACEMENT_3D('',#2980,#2981,#2982);
#2980 = CARTESIAN_POINT('',(0.,0.,11.15));
#2981 = DIRECTION('',(0.,0.,1.));
#2982 = DIRECTION('',(1.,0.,0.));
#2983 = DEFINITIONAL_REPRESENTATION('',(#2984),#2988);
#2984 = CIRCLE('',#2985,0.54);
#2985 = AXIS2_PLACEMENT_2D('',#2986,#2987);
#2986 = CARTESIAN_POINT('',(0.,0.));
#2987 = DIRECTION('',(1.,0.));
#2988 = ( GEOMETRIC_REPRESENTATION_CONTEXT(2) 
PARAMETRIC_REPRESENTATION_CONTEXT() REPRESENTATION_CONTEXT('2D SPACE',''
  ) );
#2989 = ORIENTED_EDGE('',*,*,#2990,.T.);
#2990 = EDGE_CURVE('',#2957,#2991,#2993,.T.);
#2991 = VERTEX_POINT('',#2992);
#2992 = CARTESIAN_POINT('',(3.375,0.,13.2));
#2993 = SEAM_CURVE('',#2994,(#2997,#3003),.PCURVE_S1.);
#2994 = B_SPLINE_CURVE_WITH_KNOTS('',1,(#2995,#2996),.UNSPECIFIED.,.F.,
  .F.,(2,2),(0.,1.),.PIECEWISE_BEZIER_KNOTS.);
#2995 = CARTESIAN_POINT('',(0.54,0.,11.15));
#2996 = CARTESIAN_POINT('',(3.375,0.,13.2));
#2997 = PCURVE('',#2966,#2998);
#2998 = DEFINITIONAL_REPRESENTATION('',(#2999),#3002);
#2999 = B_SPLINE_CURVE_WITH_KNOTS('',1,(#3000,#3001),.UNSPECIFIED.,.F.,
  .F.,(2,2),(0.,1.),.PIECEWISE_BEZIER_KNOTS.);
#3000 = CARTESIAN_POINT('',(6.28318530718,0.));
#3001 = CARTESIAN_POINT('',(6.28318530718,2.05));
#3002 = ( GEOMETRIC_REPRESENTATION_CONTEXT(2) 
PARAMETRIC_REPRESENTATION_CONTEXT() REPRESENTATION_CONTEXT('2D SPACE',''
  ) );
#3003 = PCURVE('',#2966,#3004);
#3004 = DEFINITIONAL_REPRESENTATION('',(#3005),#3008);
#3005 = B_SPLINE_CURVE_WITH_KNOTS('',1,(#3006,#3007),.UNSPECIFIED.,.F.,
  .F.,(2,2),(0.,1.),.PIECEWISE_BEZIER_KNOTS.);
#3006 = CARTESIAN_POINT('',(0.,0.));
#3007 = CARTESIAN_POINT('',(0.,2.05));
#3008 = ( GEOMETRIC_REPRESENTATION_CONTEXT(2) 
PARAMETRIC_REPRESENTATION_CONTEXT() REPRESENTATION_CONTEXT('2D SPACE',''
  ) );
#3009 = ORIENTED_EDGE('',*,*,#3010,.F.);
#3010 = EDGE_CURVE('',#2991,#2991,#3011,.T.);
#3011 = SURFACE_CURVE('',#3012,(#3017,#3024),.PCURVE_S1.);
#3012 = CIRCLE('',#3013,3.375);
#3013 = AXIS2_PLACEMENT_3D('',#3014,#3015,#3016);
#3014 = CARTESIAN_POINT('',(0.,0.,13.2));
#3015 = DIRECTION('',(0.,0.,1.));
#3016 = DIRECTION('',(1.,0.,0.));
#3017 = PCURVE('',#2966,#3018);
#3018 = DEFINITIONAL_REPRESENTATION('',(#3019),#3023);
#3019 = LINE('',#3020,#3021);
#3020 = CARTESIAN_POINT('',(0.,2.05));
#3021 = VECTOR('',#3022,1.);
#3022 = DIRECTION('',(1.,0.));
#3023 = ( GEOMETRIC_REPRESENTATION_CONTEXT(2) 
PARAMETRIC_REPRESENTATION_CONTEXT() REPRESENTATION_CONTEXT('2D SPACE',''
  ) );
#3024 = PCURVE('',#3025,#3030);
#3025 = CONICAL_SURFACE('',#3026,3.375,0.862848250562);
#3026 = AXIS2_PLACEMENT_3D('',#3027,#3028,#3029);
#3027 = CARTESIAN_POINT('',(0.,0.,13.2));
#3028 = DIRECTION('',(-0.,-0.,-1.));
#3029 = DIRECTION('',(1.,0.,0.));
#3030 = DEFINITIONAL_REPRESENTATION('',(#3031),#3034);
#3031 = B_SPLINE_CURVE_WITH_KNOTS('',1,(#3032,#3033),.UNSPECIFIED.,.F.,
  .F.,(2,2),(0.,6.28318530718),.PIECEWISE_BEZIER_KNOTS.);
#3032 = CARTESIAN_POINT('',(0.,0.));
#3033 = CARTESIAN_POINT('',(-6.28318530718,0.));
#3034 = ( GEOMETRIC_REPRESENTATION_CONTEXT(2) 
PARAMETRIC_REPRESENTATION_CONTEXT() REPRESENTATION_CONTEXT('2D SPACE',''
  ) );
#3035 = ORIENTED_EDGE('',*,*,#2990,.F.);
#3036 = ADVANCED_FACE('',(#3037),#2978,.F.);
#3037 = FACE_BOUND('',#3038,.F.);
#3038 = EDGE_LOOP('',(#3039));
#3039 = ORIENTED_EDGE('',*,*,#2956,.T.);
#3040 = ADVANCED_FACE('',(#3041),#3025,.T.);
#3041 = FACE_BOUND('',#3042,.T.);
#3042 = EDGE_LOOP('',(#3043,#3044,#3064,#3091));
#3043 = ORIENTED_EDGE('',*,*,#3010,.T.);
#3044 = ORIENTED_EDGE('',*,*,#3045,.T.);
#3045 = EDGE_CURVE('',#2991,#3046,#3048,.T.);
#3046 = VERTEX_POINT('',#3047);
#3047 = CARTESIAN_POINT('',(1.85625,0.,14.5));
#3048 = SEAM_CURVE('',#3049,(#3052,#3058),.PCURVE_S1.);
#3049 = B_SPLINE_CURVE_WITH_KNOTS('',1,(#3050,#3051),.UNSPECIFIED.,.F.,
  .F.,(2,2),(0.,1.),.PIECEWISE_BEZIER_KNOTS.);
#3050 = CARTESIAN_POINT('',(3.375,0.,13.2));
#3051 = CARTESIAN_POINT('',(1.85625,0.,14.5));
#3052 = PCURVE('',#3025,#3053);
#3053 = DEFINITIONAL_REPRESENTATION('',(#3054),#3057);
#3054 = B_SPLINE_CURVE_WITH_KNOTS('',1,(#3055,#3056),.UNSPECIFIED.,.F.,
  .F.,(2,2),(0.,1.),.PIECEWISE_BEZIER_KNOTS.);
#3055 = CARTESIAN_POINT('',(-6.28318530718,0.));
#3056 = CARTESIAN_POINT('',(-6.28318530718,-1.3));
#3057 = ( GEOMETRIC_REPRESENTATION_CONTEXT(2) 
PARAMETRIC_REPRESENTATION_CONTEXT() REPRESENTATION_CONTEXT('2D SPACE',''
  ) );
#3058 = PCURVE('',#3025,#3059);
#3059 = DEFINITIONAL_REPRESENTATION('',(#3060),#3063);
#3060 = B_SPLINE_CURVE_WITH_KNOTS('',1,(#3061,#3062),.UNSPECIFIED.,.F.,
  .F.,(2,2),(0.,1.),.PIECEWISE_BEZIER_KNOTS.);
#3061 = CARTESIAN_POINT('',(0.,0.));
#3062 = CARTESIAN_POINT('',(0.,-1.3));
#3063 = ( GEOMETRIC_REPRESENTATION_CONTEXT(2) 
PARAMETRIC_REPRESENTATION_CONTEXT() REPRESENTATION_CONTEXT('2D SPACE',''
  ) );
#3064 = ORIENTED_EDGE('',*,*,#3065,.F.);
#3065 = EDGE_CURVE('',#3046,#3046,#3066,.T.);
#3066 = SURFACE_CURVE('',#3067,(#3072,#3079),.PCURVE_S1.);
#3067 = CIRCLE('',#3068,1.85625);
#3068 = AXIS2_PLACEMENT_3D('',#3069,#3070,#3071);
#3069 = CARTESIAN_POINT('',(0.,0.,14.5));
#3070 = DIRECTION('',(0.,0.,1.));
#3071 = DIRECTION('',(1.,0.,0.));
#3072 = PCURVE('',#3025,#3073);
#3073 = DEFINITIONAL_REPRESENTATION('',(#3074),#3078);
#3074 = LINE('',#3075,#3076);
#3075 = CARTESIAN_POINT('',(-0.,-1.3));
#3076 = VECTOR('',#3077,1.);
#3077 = DIRECTION('',(-1.,-0.));
#3078 = ( GEOMETRIC_REPRESENTATION_CONTEXT(2) 
PARAMETRIC_REPRESENTATION_CONTEXT() REPRESENTATION_CONTEXT('2D SPACE',''
  ) );
#3079 = PCURVE('',#3080,#3085);
#3080 = PLANE('',#3081);
#3081 = AXIS2_PLACEMENT_3D('',#3082,#3083,#3084);
#3082 = CARTESIAN_POINT('',(0.,0.,14.5));
#3083 = DIRECTION('',(0.,0.,1.));
#3084 = DIRECTION('',(1.,0.,0.));
#3085 = DEFINITIONAL_REPRESENTATION('',(#3086),#3090);
#3086 = CIRCLE('',#3087,1.85625);
#3087 = AXIS2_PLACEMENT_2D('',#3088,#3089);
#3088 = CARTESIAN_POINT('',(0.,0.));
#3089 = DIRECTION('',(1.,0.));
#3090 = ( GEOMETRIC_REPRESENTATION_CONTEXT(2) 
PARAMETRIC_REPRESENTATION_CONTEXT() REPRESENTATION_CONTEXT('2D SPACE',''
  ) );
#3091 = ORIENTED_EDGE('',*,*,#3045,.F.);
#3092 = ADVANCED_FACE('',(#3093),#3080,.T.);
#3093 = FACE_BOUND('',#3094,.T.);
#3094 = EDGE_LOOP('',(#3095));
#3095 = ORIENTED_EDGE('',*,*,#3065,.T.);
#3096 = ( GEOMETRIC_REPRESENTATION_CONTEXT(3) 
GLOBAL_UNCERTAINTY_ASSIGNED_CONTEXT((#3100)) 
GLOBAL_UNIT_ASSIGNED_CONTEXT((#3097,#3098,#3099)) REPRESENTATION_CONTEXT
('Context #1','3D Context with UNIT and UNCERTAINTY') );
#3097 = ( LENGTH_UNIT() NAMED_UNIT(*) SI_UNIT(.MILLI.,.METRE.) );
#3098 = ( NAMED_UNIT(*) PLANE_ANGLE_UNIT() SI_UNIT($,.RADIAN.) );
#3099 = ( NAMED_UNIT(*) SI_UNIT($,.STERADIAN.) SOLID_ANGLE_UNIT() );
#3100 = UNCERTAINTY_MEASURE_WITH_UNIT(LENGTH_MEASURE(1.E-07),#3097,
  'distance_accuracy_value','confusion accuracy');
#3101 = CONTEXT_DEPENDENT_SHAPE_REPRESENTATION(#3102,#3104);
#3102 = ( REPRESENTATION_RELATIONSHIP('','',#2949,#10) 
REPRESENTATION_RELATIONSHIP_WITH_TRANSFORMATION(#3103) 
SHAPE_REPRESENTATION_RELATIONSHIP() );
#3103 = ITEM_DEFINED_TRANSFORMATION('','',#11,#19);
#3104 = PRODUCT_DEFINITION_SHAPE('Placement','Placement of an item',
  #3105);
#3105 = NEXT_ASSEMBLY_USAGE_OCCURRENCE('2','','',#5,#2944,$);
#3106 = PRODUCT_RELATED_PRODUCT_CATEGORY('part',$,(#2946));
ENDSEC;
END-ISO-10303-21;
