ISO-10303-21;
HEADER;
FILE_DESCRIPTION(('Open CASCADE Model'),'2;1');
FILE_NAME('Open CASCADE Shape Model','2026-08-26T17:23:57',('Author'),(
    'Open CASCADE'),'Open CASCADE STEP processor 7.7','Open CASCADE 7.7'
  ,'Unknown');
FILE_SCHEMA(('AUTOMOTIVE_DESIGN { 1 0 10303 214 1 1 1 1 }'));
ENDSEC;
DATA;
#1 = APPLICATION_PROTOCOL_DEFINITION('international standard',
  'automotive_design',2000,#2);
#2 = APPLICATION_CONTEXT(
  'core data for automotive mechanical design processes');
#3 = SHAPE_DEFINITION_REPRESENTATION(#4,#10);
#4 = PRODUCT_DEFINITION_SHAPE('','',#5);
#5 = PRODUCT_DEFINITION('design','',#6,#9);
#6 = PRODUCT_DEFINITION_FORMATION('','',#7);
#7 = PRODUCT('Open CASCADE STEP translator 7.7 1',
  'Open CASCADE STEP translator 7.7 1','',(#8));
#8 = PRODUCT_CONTEXT('',#2,'mechanical');
#9 = PRODUCT_DEFINITION_CONTEXT('part definition',#2,'design');
#10 = ADVANCED_BREP_SHAPE_REPRESENTATION('',(#11,#15),#4922);
#11 = AXIS2_PLACEMENT_3D('',#12,#13,#14);
#12 = CARTESIAN_POINT('',(0.,0.,0.));
#13 = DIRECTION('',(0.,0.,1.));
#14 = DIRECTION('',(1.,0.,-0.));
#15 = MANIFOLD_SOLID_BREP('',#16);
#16 = CLOSED_SHELL('',(#17,#387,#422,#759,#1549,#1584,#1641,#2613,#2756,
    #2872,#3952,#4050,#4381,#4461,#4466,#4546,#4551,#4631,#4636,#4739,
    #4766,#4772,#4777,#4785,#4844,#4849,#4899,#4903,#4907,#4911,#4915));
#17 = ADVANCED_FACE('',(#18),#124,.T.);
#18 = FACE_BOUND('',#19,.T.);
#19 = EDGE_LOOP('',(#20,#335,#359,#386));
#20 = ORIENTED_EDGE('',*,*,#21,.T.);
#21 = EDGE_CURVE('',#22,#22,#24,.T.);
#22 = VERTEX_POINT('',#23);
#23 = CARTESIAN_POINT('',(6.820888621391,1.211492264038E-15,
    8.657776660984));
#24 = SURFACE_CURVE('',#25,(#123,#229),.PCURVE_S1.);
#25 = B_SPLINE_CURVE_WITH_KNOTS('',6,(#26,#27,#28,#29,#30,#31,#32,#33,
    #34,#35,#36,#37,#38,#39,#40,#41,#42,#43,#44,#45,#46,#47,#48,#49,#50,
    #51,#52,#53,#54,#55,#56,#57,#58,#59,#60,#61,#62,#63,#64,#65,#66,#67,
    #68,#69,#70,#71,#72,#73,#74,#75,#76,#77,#78,#79,#80,#81,#82,#83,#84,
    #85,#86,#87,#88,#89,#90,#91,#92,#93,#94,#95,#96,#97,#98,#99,#100,
    #101,#102,#103,#104,#105,#106,#107,#108,#109,#110,#111,#112,#113,
    #114,#115,#116,#117,#118,#119,#120,#121,#122),.UNSPECIFIED.,.T.,.F.,
  (7,5,5,5,5,5,5,5,5,5,5,5,5,5,5,5,5,5,5,7),(0.,9.197978129539E-02,
    0.137883442476,0.182987391594,0.267580666843,0.327036686557,
    0.352164662745,0.39123662103,0.428145658856,0.451018562982,
    0.499636164372,0.571851042659,0.608760250238,0.647832395812,
    0.672960509715,0.732416931851,0.817010934022,0.862115299354,
    0.908019373946,1.),.UNSPECIFIED.);
#26 = CARTESIAN_POINT('',(6.820888621391,8.881784197001E-16,
    8.657776660984));
#27 = CARTESIAN_POINT('',(6.820888621391,-9.927031552452E-02,
    8.657776660984));
#28 = CARTESIAN_POINT('',(6.811617840143,-0.198559621144,8.650347999683)
  );
#29 = CARTESIAN_POINT('',(6.793070146108,-0.296090128845,8.63548576389)
  );
#30 = CARTESIAN_POINT('',(6.765551994223,-0.390159446991,8.613435515425)
  );
#31 = CARTESIAN_POINT('',(6.72960744337,-0.479180920676,8.584633207749)
  );
#32 = CARTESIAN_POINT('',(6.664299987715,-0.602954559411,8.532302454224)
  );
#33 = CARTESIAN_POINT('',(6.640657422996,-0.642558119452,8.513357707187)
  );
#34 = CARTESIAN_POINT('',(6.615211587014,-0.680387419387,8.492968001943)
  );
#35 = CARTESIAN_POINT('',(6.588071997826,-0.716286082642,8.471221095126)
  );
#36 = CARTESIAN_POINT('',(6.559358911266,-0.750113309231,8.448213347531)
  );
#37 = CARTESIAN_POINT('',(6.499570290241,-0.812824200145,8.400304826841)
  );
#38 = CARTESIAN_POINT('',(6.468544130881,-0.841784246081,8.375443617932)
  );
#39 = CARTESIAN_POINT('',(6.436246242409,-0.86850620311,8.349563374642)
  );
#40 = CARTESIAN_POINT('',(6.402806453491,-0.892888379222,8.322768128459)
  );
#41 = CARTESIAN_POINT('',(6.368360433031,-0.914845354572,8.295166590648)
  );
#42 = CARTESIAN_POINT('',(6.266820363331,-0.970809757641,8.213802704899)
  );
#43 = CARTESIAN_POINT('',(6.197542177123,-0.998539193035,8.158290211712)
  );
#44 = CARTESIAN_POINT('',(6.126144211352,-1.017034180139,8.101079142752)
  );
#45 = CARTESIAN_POINT('',(6.053591453133,-1.0260510494,8.042942740562));
#46 = CARTESIAN_POINT('',(5.980859393727,-1.025528870888,7.984662664635)
  );
#47 = CARTESIAN_POINT('',(5.858362234506,-1.008628833346,7.886505898574)
  );
#48 = CARTESIAN_POINT('',(5.808191875095,-0.997008187134,7.846304474612)
  );
#49 = CARTESIAN_POINT('',(5.758747748982,-0.980788966841,7.806684980161)
  );
#50 = CARTESIAN_POINT('',(5.710361181161,-0.960062817252,7.767912905378)
  );
#51 = CARTESIAN_POINT('',(5.66335578916,-0.934966618853,7.730247564437)
  );
#52 = CARTESIAN_POINT('',(5.598894698861,-0.893306396843,7.678595002037)
  );
#53 = CARTESIAN_POINT('',(5.580047300553,-0.880182064833,7.663492613718)
  );
#54 = CARTESIAN_POINT('',(5.561526030533,-0.866323445058,7.648651551442)
  );
#55 = CARTESIAN_POINT('',(5.543354018522,-0.85174572376,7.634090349018)
  );
#56 = CARTESIAN_POINT('',(5.525553917223,-0.836465531048,7.619827158017)
  );
#57 = CARTESIAN_POINT('',(5.481082965483,-0.795677302267,7.584192659762)
  );
#58 = CARTESIAN_POINT('',(5.454970529181,-0.769198851559,7.563268808811)
  );
#59 = CARTESIAN_POINT('',(5.429894431061,-0.741133668251,7.54317537389)
  );
#60 = CARTESIAN_POINT('',(5.405934228225,-0.711558171927,7.523976103968)
  );
#61 = CARTESIAN_POINT('',(5.383165197224,-0.680557122274,7.505731318019)
  );
#62 = CARTESIAN_POINT('',(5.341342034069,-0.617680013268,7.472218488269)
  );
#63 = CARTESIAN_POINT('',(5.322151610897,-0.585947173888,7.456841234708)
  );
#64 = CARTESIAN_POINT('',(5.304147011474,-0.553103858848,7.442414179706)
  );
#65 = CARTESIAN_POINT('',(5.287382988493,-0.519234819093,7.428981196505)
  );
#66 = CARTESIAN_POINT('',(5.271909100423,-0.484430798612,7.416581996221)
  );
#67 = CARTESIAN_POINT('',(5.249007389148,-0.426700662751,7.398230893793)
  );
#68 = CARTESIAN_POINT('',(5.240757478156,-0.404290795191,7.391620254098)
  );
#69 = CARTESIAN_POINT('',(5.233030460119,-0.381581931761,7.385428607642)
  );
#70 = CARTESIAN_POINT('',(5.225835833338,-0.358597770974,7.379663565397)
  );
#71 = CARTESIAN_POINT('',(5.219182112826,-0.335362709845,7.374331950428)
  );
#72 = CARTESIAN_POINT('',(5.200099720332,-0.262034497669,7.359041261666)
  );
#73 = CARTESIAN_POINT('',(5.189600119058,-0.211145772133,7.350627948961)
  );
#74 = CARTESIAN_POINT('',(5.181650559023,-0.159478307975,7.344257979978)
  );
#75 = CARTESIAN_POINT('',(5.176300816886,-0.107283796198,7.339971240671)
  );
#76 = CARTESIAN_POINT('',(5.17357666761,-5.482043408517E-02,
    7.337788384474));
#77 = CARTESIAN_POINT('',(5.173333029901,7.55867934021E-02,7.33759315799
    ));
#78 = CARTESIAN_POINT('',(5.178981720808,0.153548000715,7.34211944444));
#79 = CARTESIAN_POINT('',(5.190426747242,0.230665610183,7.351290324723)
  );
#80 = CARTESIAN_POINT('',(5.207545923401,0.306098983445,7.365007891563)
  );
#81 = CARTESIAN_POINT('',(5.23010490379,0.379051462696,7.383084364314));
#82 = CARTESIAN_POINT('',(5.271908560326,0.484429552621,7.416581563442)
  );
#83 = CARTESIAN_POINT('',(5.287382368542,0.51923350905,7.428980699739));
#84 = CARTESIAN_POINT('',(5.304146306073,0.553102491948,7.44241361447));
#85 = CARTESIAN_POINT('',(5.322150814948,0.585945757931,7.456840596914)
  );
#86 = CARTESIAN_POINT('',(5.341341143006,0.617678556586,7.472217774262)
  );
#87 = CARTESIAN_POINT('',(5.383164106338,0.68055560614,7.505730443893));
#88 = CARTESIAN_POINT('',(5.405933032631,0.711556637608,7.523975145941)
  );
#89 = CARTESIAN_POINT('',(5.429893127422,0.741132125575,7.543174329286)
  );
#90 = CARTESIAN_POINT('',(5.454969114825,0.76919731076,7.56326767549));
#91 = CARTESIAN_POINT('',(5.481081438427,0.795675773903,7.584191436134)
  );
#92 = CARTESIAN_POINT('',(5.525552214859,0.836464051823,7.619825793915)
  );
#93 = CARTESIAN_POINT('',(5.543352254835,0.851744273969,7.634088935779)
  );
#94 = CARTESIAN_POINT('',(5.561524205681,0.866322028251,7.648650089192)
  );
#95 = CARTESIAN_POINT('',(5.580045414838,0.880180684579,7.663491102697)
  );
#96 = CARTESIAN_POINT('',(5.598892752726,0.893305056716,7.678593442602)
  );
#97 = CARTESIAN_POINT('',(5.663353699984,0.934965463532,7.730245890384)
  );
#98 = CARTESIAN_POINT('',(5.710359016432,0.960061812244,7.767911170784)
  );
#99 = CARTESIAN_POINT('',(5.758745517063,0.980788120595,7.806683191728)
  );
#100 = CARTESIAN_POINT('',(5.808189584997,0.997007507278,7.84630263956)
  );
#101 = CARTESIAN_POINT('',(5.858359895834,1.008628326592,7.8865040246));
#102 = CARTESIAN_POINT('',(5.980857093223,1.025528815435,7.984660821245)
  );
#103 = CARTESIAN_POINT('',(6.053589252667,1.026051243685,8.042940977333)
  );
#104 = CARTESIAN_POINT('',(6.12614213061,1.017034597698,8.101077475457)
  );
#105 = CARTESIAN_POINT('',(6.197540231733,0.998539804749,8.158288652874)
  );
#106 = CARTESIAN_POINT('',(6.266818564645,0.970810532611,8.213801263615)
  );
#107 = CARTESIAN_POINT('',(6.368358892297,0.914846319127,8.29516535606)
  );
#108 = CARTESIAN_POINT('',(6.402805017956,0.892889389516,8.322766978168)
  );
#109 = CARTESIAN_POINT('',(6.436244912015,0.868507247042,8.349562308599)
  );
#110 = CARTESIAN_POINT('',(6.468542904641,0.841785311713,8.375442635349)
  );
#111 = CARTESIAN_POINT('',(6.499569166266,0.812825275837,8.400303926201)
  );
#112 = CARTESIAN_POINT('',(6.559357981363,0.750114389631,8.448212602402)
  );
#113 = CARTESIAN_POINT('',(6.588071160279,0.716287158261,8.471220424));
#114 = CARTESIAN_POINT('',(6.615210838766,0.680388479973,8.492967402373)
  );
#115 = CARTESIAN_POINT('',(6.640656760196,0.642559155258,8.513357176086)
  );
#116 = CARTESIAN_POINT('',(6.66429940577,0.602955561324,8.532301987912)
  );
#117 = CARTESIAN_POINT('',(6.72960709624,0.479181780979,8.584632929595)
  );
#118 = CARTESIAN_POINT('',(6.76555177985,0.390160177363,8.613435343649)
  );
#119 = CARTESIAN_POINT('',(6.793070037819,0.296090697852,8.635485677118)
  );
#120 = CARTESIAN_POINT('',(6.811617804739,0.198560007251,8.650347971314)
  );
#121 = CARTESIAN_POINT('',(6.820888621391,9.927050441077E-02,
    8.657776660984));
#122 = CARTESIAN_POINT('',(6.820888621391,8.881784197001E-16,
    8.657776660984));
#123 = PCURVE('',#124,#129);
#124 = TOROIDAL_SURFACE('',#125,10.,1.02187);
#125 = AXIS2_PLACEMENT_3D('',#126,#127,#128);
#126 = CARTESIAN_POINT('',(0.,0.,0.));
#127 = DIRECTION('',(0.,-1.,1.110223024625E-16));
#128 = DIRECTION('',(1.,0.,0.));
#129 = DEFINITIONAL_REPRESENTATION('',(#130),#228);
#130 = B_SPLINE_CURVE_WITH_KNOTS('',6,(#131,#132,#133,#134,#135,#136,
    #137,#138,#139,#140,#141,#142,#143,#144,#145,#146,#147,#148,#149,
    #150,#151,#152,#153,#154,#155,#156,#157,#158,#159,#160,#161,#162,
    #163,#164,#165,#166,#167,#168,#169,#170,#171,#172,#173,#174,#175,
    #176,#177,#178,#179,#180,#181,#182,#183,#184,#185,#186,#187,#188,
    #189,#190,#191,#192,#193,#194,#195,#196,#197,#198,#199,#200,#201,
    #202,#203,#204,#205,#206,#207,#208,#209,#210,#211,#212,#213,#214,
    #215,#216,#217,#218,#219,#220,#221,#222,#223,#224,#225,#226,#227),
  .UNSPECIFIED.,.F.,.F.,(7,5,5,5,5,5,5,5,5,5,5,5,5,5,5,5,5,5,5,7),(0.,
    9.197978129539E-02,0.137883442476,0.182987391594,0.267580666843,
    0.327036686557,0.352164662745,0.39123662103,0.428145658856,
    0.451018562982,0.499636164372,0.571851042659,0.608760250238,
    0.647832395812,0.672960509715,0.732416931851,0.817010934022,
    0.862115299354,0.908019373946,1.),.UNSPECIFIED.);
#131 = CARTESIAN_POINT('',(0.903517982956,0.));
#132 = CARTESIAN_POINT('',(0.903517982956,9.714573822945E-02));
#133 = CARTESIAN_POINT('',(0.903761594388,0.194309747993));
#134 = CARTESIAN_POINT('',(0.904248976188,0.291404687199));
#135 = CARTESIAN_POINT('',(0.904975923694,0.388410236553));
#136 = CARTESIAN_POINT('',(0.905935776805,0.485309137507));
#137 = CARTESIAN_POINT('',(0.907705500568,0.630308649105));
#138 = CARTESIAN_POINT('',(0.908349707945,0.678544008558));
#139 = CARTESIAN_POINT('',(0.909047509906,0.726738154399));
#140 = CARTESIAN_POINT('',(0.909797236442,0.77488966167));
#141 = CARTESIAN_POINT('',(0.910596951314,0.822998033826));
#142 = CARTESIAN_POINT('',(0.91227711085,0.918289015668));
#143 = CARTESIAN_POINT('',(0.913155920109,0.965473949648));
#144 = CARTESIAN_POINT('',(0.914078717227,1.012616317251));
#145 = CARTESIAN_POINT('',(0.915043138803,1.059717500306));
#146 = CARTESIAN_POINT('',(0.916046540257,1.106779795008));
#147 = CARTESIAN_POINT('',(0.919035394467,1.242002371266));
#148 = CARTESIAN_POINT('',(0.921111635613,1.330075437769));
#149 = CARTESIAN_POINT('',(0.923294973162,1.418032593548));
#150 = CARTESIAN_POINT('',(0.925562410577,1.505911597362));
#151 = CARTESIAN_POINT('',(0.927886670563,1.593754758184));
#152 = CARTESIAN_POINT('',(0.931886922551,1.743328824388));
#153 = CARTESIAN_POINT('',(0.933550404834,1.805065913657));
#154 = CARTESIAN_POINT('',(0.935215290563,1.866816671796));
#155 = CARTESIAN_POINT('',(0.936869571133,1.928596710333));
#156 = CARTESIAN_POINT('',(0.938500363994,1.990420987828));
#157 = CARTESIAN_POINT('',(0.940767610679,2.078452693695));
#158 = CARTESIAN_POINT('',(0.941434537335,2.104614861754));
#159 = CARTESIAN_POINT('',(0.942093816619,2.130787908336));
#160 = CARTESIAN_POINT('',(0.942744409247,2.156972669563));
#161 = CARTESIAN_POINT('',(0.943385263397,2.183169895021));
#162 = CARTESIAN_POINT('',(0.944994993219,2.250135213504));
#163 = CARTESIAN_POINT('',(0.945948577319,2.290921988118));
#164 = CARTESIAN_POINT('',(0.946872024972,2.331743004029));
#165 = CARTESIAN_POINT('',(0.9477613521,2.372599956526));
#166 = CARTESIAN_POINT('',(0.948612632582,2.413493803765));
#167 = CARTESIAN_POINT('',(0.950186559569,2.493089899716));
#168 = CARTESIAN_POINT('',(0.950913755257,2.531788223828));
#169 = CARTESIAN_POINT('',(0.951600318541,2.570519739868));
#170 = CARTESIAN_POINT('',(0.952243198294,2.609283747018));
#171 = CARTESIAN_POINT('',(0.952839559029,2.648078842874));
#172 = CARTESIAN_POINT('',(0.953725899843,2.71096259894));
#173 = CARTESIAN_POINT('',(0.954046156026,2.735033419617));
#174 = CARTESIAN_POINT('',(0.954346933844,2.759114866232));
#175 = CARTESIAN_POINT('',(0.954627670544,2.783206324367));
#176 = CARTESIAN_POINT('',(0.95488785623,2.80730708443));
#177 = CARTESIAN_POINT('',(0.955635418937,2.882661878788));
#178 = CARTESIAN_POINT('',(0.956048909361,2.933946955179));
#179 = CARTESIAN_POINT('',(0.956363121247,2.98526154283));
#180 = CARTESIAN_POINT('',(0.95657497793,3.036597397232));
#181 = CARTESIAN_POINT('',(0.956682857367,3.087945345272));
#182 = CARTESIAN_POINT('',(0.956692505959,3.215561942725));
#183 = CARTESIAN_POINT('',(0.956468831938,3.291838646303));
#184 = CARTESIAN_POINT('',(0.956015466285,3.368072954543));
#185 = CARTESIAN_POINT('',(0.955340208112,3.444239772902));
#186 = CARTESIAN_POINT('',(0.954457462963,3.520319869564));
#187 = CARTESIAN_POINT('',(0.952839579863,3.635105082784));
#188 = CARTESIAN_POINT('',(0.952243222116,3.673900077665));
#189 = CARTESIAN_POINT('',(0.951600345529,3.712663984043));
#190 = CARTESIAN_POINT('',(0.950913785559,3.751395399511));
#191 = CARTESIAN_POINT('',(0.950186593305,3.790093623242));
#192 = CARTESIAN_POINT('',(0.94861267342,3.869689520851));
#193 = CARTESIAN_POINT('',(0.947761396602,3.910583270135));
#194 = CARTESIAN_POINT('',(0.946872073191,3.951440124833));
#195 = CARTESIAN_POINT('',(0.945948629281,3.99226104307));
#196 = CARTESIAN_POINT('',(0.944995048918,4.033047720104));
#197 = CARTESIAN_POINT('',(0.943385324746,4.100012896353));
#198 = CARTESIAN_POINT('',(0.942744472516,4.126210077103));
#199 = CARTESIAN_POINT('',(0.942093881772,4.15239479362));
#200 = CARTESIAN_POINT('',(0.941434604334,4.17856779548));
#201 = CARTESIAN_POINT('',(0.94076767948,4.204729918796));
#202 = CARTESIAN_POINT('',(0.938500436645,4.292761553646));
#203 = CARTESIAN_POINT('',(0.936869645515,4.354585804589));
#204 = CARTESIAN_POINT('',(0.935215366304,4.416365816202));
#205 = CARTESIAN_POINT('',(0.933550481565,4.478116547003));
#206 = CARTESIAN_POINT('',(0.931886999907,4.539853608488));
#207 = CARTESIAN_POINT('',(0.927886744287,4.689427766575));
#208 = CARTESIAN_POINT('',(0.92556247977,4.777271046622));
#209 = CARTESIAN_POINT('',(0.923295037397,4.86515016894));
#210 = CARTESIAN_POINT('',(0.921111694638,4.953107442791));
#211 = CARTESIAN_POINT('',(0.919035448178,5.041180627217));
#212 = CARTESIAN_POINT('',(0.9160465852,5.176403414155));
#213 = CARTESIAN_POINT('',(0.915043180319,5.223465801653));
#214 = CARTESIAN_POINT('',(0.914078755394,5.270567077596));
#215 = CARTESIAN_POINT('',(0.913155955025,5.317709538215));
#216 = CARTESIAN_POINT('',(0.912277142636,5.364894565365));
#217 = CARTESIAN_POINT('',(0.910596977242,5.460185724878));
#218 = CARTESIAN_POINT('',(0.90979725963,5.508294181527));
#219 = CARTESIAN_POINT('',(0.909047530489,5.55644577346));
#220 = CARTESIAN_POINT('',(0.908349726074,5.604640004144));
#221 = CARTESIAN_POINT('',(0.907705516406,5.652875448629));
#222 = CARTESIAN_POINT('',(0.905935786074,5.797875233399));
#223 = CARTESIAN_POINT('',(0.904975929359,5.894774316985));
#224 = CARTESIAN_POINT('',(0.904248979032,5.991780053743));
#225 = CARTESIAN_POINT('',(0.903761595319,6.088875181333));
#226 = CARTESIAN_POINT('',(0.903517982956,6.186039384106));
#227 = CARTESIAN_POINT('',(0.903517982956,6.28318530718));
#228 = ( GEOMETRIC_REPRESENTATION_CONTEXT(2) 
PARAMETRIC_REPRESENTATION_CONTEXT() REPRESENTATION_CONTEXT('2D SPACE',''
  ) );
#229 = PCURVE('',#230,#235);
#230 = PLANE('',#231);
#231 = AXIS2_PLACEMENT_3D('',#232,#233,#234);
#232 = CARTESIAN_POINT('',(6.,0.,8.));
#233 = DIRECTION('',(-0.625312634961,0.,0.780374338736));
#234 = DIRECTION('',(0.780374338736,0.,0.625312634961));
#235 = DEFINITIONAL_REPRESENTATION('',(#236),#334);
#236 = B_SPLINE_CURVE_WITH_KNOTS('',6,(#237,#238,#239,#240,#241,#242,
    #243,#244,#245,#246,#247,#248,#249,#250,#251,#252,#253,#254,#255,
    #256,#257,#258,#259,#260,#261,#262,#263,#264,#265,#266,#267,#268,
    #269,#270,#271,#272,#273,#274,#275,#276,#277,#278,#279,#280,#281,
    #282,#283,#284,#285,#286,#287,#288,#289,#290,#291,#292,#293,#294,
    #295,#296,#297,#298,#299,#300,#301,#302,#303,#304,#305,#306,#307,
    #308,#309,#310,#311,#312,#313,#314,#315,#316,#317,#318,#319,#320,
    #321,#322,#323,#324,#325,#326,#327,#328,#329,#330,#331,#332,#333),
  .UNSPECIFIED.,.T.,.F.,(7,5,5,5,5,5,5,5,5,5,5,5,5,5,5,5,5,5,5,7),(0.,
    9.197978129539E-02,0.137883442476,0.182987391594,0.267580666843,
    0.327036686557,0.352164662745,0.39123662103,0.428145658856,
    0.451018562982,0.499636164372,0.571851042659,0.608760250238,
    0.647832395812,0.672960509715,0.732416931851,0.817010934022,
    0.862115299354,0.908019373946,1.),.UNSPECIFIED.);
#237 = CARTESIAN_POINT('',(1.05191647219,8.881784197001E-16));
#238 = CARTESIAN_POINT('',(1.05191647219,-9.927031552452E-02));
#239 = CARTESIAN_POINT('',(1.040036556632,-0.198559621144));
#240 = CARTESIAN_POINT('',(1.016268868339,-0.296090128845));
#241 = CARTESIAN_POINT('',(0.981006109789,-0.390159446991));
#242 = CARTESIAN_POINT('',(0.93494545778,-0.479180920676));
#243 = CARTESIAN_POINT('',(0.851258113882,-0.602954559411));
#244 = CARTESIAN_POINT('',(0.820961673386,-0.642558119452));
#245 = CARTESIAN_POINT('',(0.788354455645,-0.680387419387));
#246 = CARTESIAN_POINT('',(0.753576801075,-0.716286082642));
#247 = CARTESIAN_POINT('',(0.716782809865,-0.750113309231));
#248 = CARTESIAN_POINT('',(0.640167500959,-0.812824200145));
#249 = CARTESIAN_POINT('',(0.600409454313,-0.841784246081));
#250 = CARTESIAN_POINT('',(0.559021767829,-0.86850620311));
#251 = CARTESIAN_POINT('',(0.51617080867,-0.892888379222));
#252 = CARTESIAN_POINT('',(0.472030427894,-0.914845354572));
#253 = CARTESIAN_POINT('',(0.341913297358,-0.970809757641));
#254 = CARTESIAN_POINT('',(0.253137715219,-0.998539193035));
#255 = CARTESIAN_POINT('',(0.161645770613,-1.017034180139));
#256 = CARTESIAN_POINT('',(6.867403305398E-02,-1.0260510494));
#257 = CARTESIAN_POINT('',(-2.452746755419E-02,-1.025528870888));
#258 = CARTESIAN_POINT('',(-0.181499773202,-1.008628833346));
#259 = CARTESIAN_POINT('',(-0.245789892599,-0.997008187134));
#260 = CARTESIAN_POINT('',(-0.30914939029,-0.980788966841));
#261 = CARTESIAN_POINT('',(-0.371153694402,-0.960062817252));
#262 = CARTESIAN_POINT('',(-0.431388109692,-0.934966618853));
#263 = CARTESIAN_POINT('',(-0.513990890306,-0.893306396843));
#264 = CARTESIAN_POINT('',(-0.538142630531,-0.880182064833));
#265 = CARTESIAN_POINT('',(-0.561876458133,-0.866323445058));
#266 = CARTESIAN_POINT('',(-0.585162733846,-0.85174572376));
#267 = CARTESIAN_POINT('',(-0.607972429675,-0.836465531048));
#268 = CARTESIAN_POINT('',(-0.664959121231,-0.795677302267));
#269 = CARTESIAN_POINT('',(-0.698420544814,-0.769198851559));
#270 = CARTESIAN_POINT('',(-0.730553967039,-0.741133668251));
#271 = CARTESIAN_POINT('',(-0.761257440548,-0.711558171927));
#272 = CARTESIAN_POINT('',(-0.790434503234,-0.680557122274));
#273 = CARTESIAN_POINT('',(-0.844028222402,-0.617680013268));
#274 = CARTESIAN_POINT('',(-0.868619527137,-0.585947173888));
#275 = CARTESIAN_POINT('',(-0.891691274284,-0.553103858848));
#276 = CARTESIAN_POINT('',(-0.913173301753,-0.519234819093));
#277 = CARTESIAN_POINT('',(-0.933002103524,-0.484430798612));
#278 = CARTESIAN_POINT('',(-0.96234918753,-0.426700662751));
#279 = CARTESIAN_POINT('',(-0.972920922891,-0.404290795191));
#280 = CARTESIAN_POINT('',(-0.982822604243,-0.381581931761));
#281 = CARTESIAN_POINT('',(-0.992042060116,-0.358597770974));
#282 = CARTESIAN_POINT('',(-1.000568379066,-0.335362709845));
#283 = CARTESIAN_POINT('',(-1.02502124937,-0.262034497669));
#284 = CARTESIAN_POINT('',(-1.038475819507,-0.211145772133));
#285 = CARTESIAN_POINT('',(-1.048662674252,-0.159478307975));
#286 = CARTESIAN_POINT('',(-1.055518027987,-0.107283796198));
#287 = CARTESIAN_POINT('',(-1.059008851736,-5.482043408517E-02));
#288 = CARTESIAN_POINT('',(-1.059321057939,7.55867934021E-02));
#289 = CARTESIAN_POINT('',(-1.052082620402,0.153548000715));
#290 = CARTESIAN_POINT('',(-1.037416548151,0.230665610183));
#291 = CARTESIAN_POINT('',(-1.015479414511,0.306098983445));
#292 = CARTESIAN_POINT('',(-0.9865715183,0.379051462696));
#293 = CARTESIAN_POINT('',(-0.933002795624,0.484429552621));
#294 = CARTESIAN_POINT('',(-0.913174096181,0.51923350905));
#295 = CARTESIAN_POINT('',(-0.89169217821,0.553102491948));
#296 = CARTESIAN_POINT('',(-0.868620547095,0.585945757931));
#297 = CARTESIAN_POINT('',(-0.844029364241,0.617678556586));
#298 = CARTESIAN_POINT('',(-0.790435901135,0.68055560614));
#299 = CARTESIAN_POINT('',(-0.761258972624,0.711556637608));
#300 = CARTESIAN_POINT('',(-0.730555637569,0.741132125575));
#301 = CARTESIAN_POINT('',(-0.698422357221,0.76919731076));
#302 = CARTESIAN_POINT('',(-0.664961078056,0.795675773903));
#303 = CARTESIAN_POINT('',(-0.607974611145,0.836464051823));
#304 = CARTESIAN_POINT('',(-0.585164993898,0.851744273969));
#305 = CARTESIAN_POINT('',(-0.561878796564,0.866322028251));
#306 = CARTESIAN_POINT('',(-0.538145046956,0.880180684579));
#307 = CARTESIAN_POINT('',(-0.513993384154,0.893305056716));
#308 = CARTESIAN_POINT('',(-0.431390786839,0.934965463532));
#309 = CARTESIAN_POINT('',(-0.371156468365,0.960061812244));
#310 = CARTESIAN_POINT('',(-0.309152250352,0.980788120595));
#311 = CARTESIAN_POINT('',(-0.245792827214,0.997007507278));
#312 = CARTESIAN_POINT('',(-0.181502770062,1.008628326592));
#313 = CARTESIAN_POINT('',(-2.453041550297E-02,1.025528815435));
#314 = CARTESIAN_POINT('',(6.867121329749E-02,1.026051243685));
#315 = CARTESIAN_POINT('',(0.161643104275,1.017034597698));
#316 = CARTESIAN_POINT('',(0.253135222325,0.998539804749));
#317 = CARTESIAN_POINT('',(0.341910992457,0.970810532611));
#318 = CARTESIAN_POINT('',(0.472028453541,0.914846319127));
#319 = CARTESIAN_POINT('',(0.516168969124,0.892889389516));
#320 = CARTESIAN_POINT('',(0.559020063014,0.868507247042));
#321 = CARTESIAN_POINT('',(0.600407882966,0.841785311713));
#322 = CARTESIAN_POINT('',(0.640166060656,0.812825275837));
#323 = CARTESIAN_POINT('',(0.716781618253,0.750114389631));
#324 = CARTESIAN_POINT('',(0.753575727811,0.716287158261));
#325 = CARTESIAN_POINT('',(0.788353496813,0.680388479973));
#326 = CARTESIAN_POINT('',(0.820960824049,0.642559155258));
#327 = CARTESIAN_POINT('',(0.851257368157,0.602955561324));
#328 = CARTESIAN_POINT('',(0.934945012956,0.479181780979));
#329 = CARTESIAN_POINT('',(0.981005835084,0.390160177363));
#330 = CARTESIAN_POINT('',(1.016268729573,0.296090697852));
#331 = CARTESIAN_POINT('',(1.040036511264,0.198560007251));
#332 = CARTESIAN_POINT('',(1.05191647219,9.927050441077E-02));
#333 = CARTESIAN_POINT('',(1.05191647219,8.881784197001E-16));
#334 = ( GEOMETRIC_REPRESENTATION_CONTEXT(2) 
PARAMETRIC_REPRESENTATION_CONTEXT() REPRESENTATION_CONTEXT('2D SPACE',''
  ) );
#335 = ORIENTED_EDGE('',*,*,#336,.F.);
#336 = EDGE_CURVE('',#337,#22,#339,.T.);
#337 = VERTEX_POINT('',#338);
#338 = CARTESIAN_POINT('',(11.02187,2.502859649289E-16,
    -2.699579563224E-15));
#339 = SEAM_CURVE('',#340,(#345,#352),.PCURVE_S1.);
#340 = CIRCLE('',#341,11.02187);
#341 = AXIS2_PLACEMENT_3D('',#342,#343,#344);
#342 = CARTESIAN_POINT('',(0.,2.502859649289E-16,-2.778732410046E-32));
#343 = DIRECTION('',(0.,-1.,1.110223024625E-16));
#344 = DIRECTION('',(1.,0.,0.));
#345 = PCURVE('',#124,#346);
#346 = DEFINITIONAL_REPRESENTATION('',(#347),#351);
#347 = LINE('',#348,#349);
#348 = CARTESIAN_POINT('',(0.,6.28318530718));
#349 = VECTOR('',#350,1.);
#350 = DIRECTION('',(1.,0.));
#351 = ( GEOMETRIC_REPRESENTATION_CONTEXT(2) 
PARAMETRIC_REPRESENTATION_CONTEXT() REPRESENTATION_CONTEXT('2D SPACE',''
  ) );
#352 = PCURVE('',#124,#353);
#353 = DEFINITIONAL_REPRESENTATION('',(#354),#358);
#354 = LINE('',#355,#356);
#355 = CARTESIAN_POINT('',(0.,0.));
#356 = VECTOR('',#357,1.);
#357 = DIRECTION('',(1.,0.));
#358 = ( GEOMETRIC_REPRESENTATION_CONTEXT(2) 
PARAMETRIC_REPRESENTATION_CONTEXT() REPRESENTATION_CONTEXT('2D SPACE',''
  ) );
#359 = ORIENTED_EDGE('',*,*,#360,.F.);
#360 = EDGE_CURVE('',#337,#337,#361,.T.);
#361 = SURFACE_CURVE('',#362,(#367,#374),.PCURVE_S1.);
#362 = CIRCLE('',#363,1.02187);
#363 = AXIS2_PLACEMENT_3D('',#364,#365,#366);
#364 = CARTESIAN_POINT('',(10.,-2.719262146894E-31,-2.449293598295E-15)
  );
#365 = DIRECTION('',(-2.449293598295E-16,-1.110223024625E-16,-1.));
#366 = DIRECTION('',(1.,-2.719262146894E-32,-2.449293598295E-16));
#367 = PCURVE('',#124,#368);
#368 = DEFINITIONAL_REPRESENTATION('',(#369),#373);
#369 = LINE('',#370,#371);
#370 = CARTESIAN_POINT('',(0.,-0.));
#371 = VECTOR('',#372,1.);
#372 = DIRECTION('',(0.,1.));
#373 = ( GEOMETRIC_REPRESENTATION_CONTEXT(2) 
PARAMETRIC_REPRESENTATION_CONTEXT() REPRESENTATION_CONTEXT('2D SPACE',''
  ) );
#374 = PCURVE('',#375,#380);
#375 = TOROIDAL_SURFACE('',#376,10.,1.02187);
#376 = AXIS2_PLACEMENT_3D('',#377,#378,#379);
#377 = CARTESIAN_POINT('',(0.,0.,0.));
#378 = DIRECTION('',(0.,-1.,1.110223024625E-16));
#379 = DIRECTION('',(1.,0.,0.));
#380 = DEFINITIONAL_REPRESENTATION('',(#381),#385);
#381 = LINE('',#382,#383);
#382 = CARTESIAN_POINT('',(6.28318530718,-0.));
#383 = VECTOR('',#384,1.);
#384 = DIRECTION('',(0.,1.));
#385 = ( GEOMETRIC_REPRESENTATION_CONTEXT(2) 
PARAMETRIC_REPRESENTATION_CONTEXT() REPRESENTATION_CONTEXT('2D SPACE',''
  ) );
#386 = ORIENTED_EDGE('',*,*,#336,.T.);
#387 = ADVANCED_FACE('',(#388,#419),#230,.F.);
#388 = FACE_BOUND('',#389,.F.);
#389 = EDGE_LOOP('',(#390));
#390 = ORIENTED_EDGE('',*,*,#391,.T.);
#391 = EDGE_CURVE('',#392,#392,#394,.T.);
#392 = VERTEX_POINT('',#393);
#393 = CARTESIAN_POINT('',(6.87334033371,-2.74107794466E-16,
    8.699806129164));
#394 = SURFACE_CURVE('',#395,(#400,#407),.PCURVE_S1.);
#395 = CIRCLE('',#396,1.11913);
#396 = AXIS2_PLACEMENT_3D('',#397,#398,#399);
#397 = CARTESIAN_POINT('',(6.,0.,8.));
#398 = DIRECTION('',(-0.625312634961,0.,0.780374338736));
#399 = DIRECTION('',(0.780374338736,0.,0.625312634961));
#400 = PCURVE('',#230,#401);
#401 = DEFINITIONAL_REPRESENTATION('',(#402),#406);
#402 = CIRCLE('',#403,1.11913);
#403 = AXIS2_PLACEMENT_2D('',#404,#405);
#404 = CARTESIAN_POINT('',(0.,0.));
#405 = DIRECTION('',(1.,0.));
#406 = ( GEOMETRIC_REPRESENTATION_CONTEXT(2) 
PARAMETRIC_REPRESENTATION_CONTEXT() REPRESENTATION_CONTEXT('2D SPACE',''
  ) );
#407 = PCURVE('',#408,#413);
#408 = CYLINDRICAL_SURFACE('',#409,1.11913);
#409 = AXIS2_PLACEMENT_3D('',#410,#411,#412);
#410 = CARTESIAN_POINT('',(6.,0.,8.));
#411 = DIRECTION('',(-0.625312634961,0.,0.780374338736));
#412 = DIRECTION('',(0.780374338736,0.,0.625312634961));
#413 = DEFINITIONAL_REPRESENTATION('',(#414),#418);
#414 = LINE('',#415,#416);
#415 = CARTESIAN_POINT('',(0.,0.));
#416 = VECTOR('',#417,1.);
#417 = DIRECTION('',(1.,0.));
#418 = ( GEOMETRIC_REPRESENTATION_CONTEXT(2) 
PARAMETRIC_REPRESENTATION_CONTEXT() REPRESENTATION_CONTEXT('2D SPACE',''
  ) );
#419 = FACE_BOUND('',#420,.F.);
#420 = EDGE_LOOP('',(#421));
#421 = ORIENTED_EDGE('',*,*,#21,.T.);
#422 = ADVANCED_FACE('',(#423),#375,.T.);
#423 = FACE_BOUND('',#424,.T.);
#424 = EDGE_LOOP('',(#425,#735,#757,#758));
#425 = ORIENTED_EDGE('',*,*,#426,.F.);
#426 = EDGE_CURVE('',#427,#427,#429,.T.);
#427 = VERTEX_POINT('',#428);
#428 = CARTESIAN_POINT('',(-6.820888621391,1.211492264038E-15,
    8.657776660984));
#429 = SURFACE_CURVE('',#430,(#528,#629),.PCURVE_S1.);
#430 = B_SPLINE_CURVE_WITH_KNOTS('',6,(#431,#432,#433,#434,#435,#436,
    #437,#438,#439,#440,#441,#442,#443,#444,#445,#446,#447,#448,#449,
    #450,#451,#452,#453,#454,#455,#456,#457,#458,#459,#460,#461,#462,
    #463,#464,#465,#466,#467,#468,#469,#470,#471,#472,#473,#474,#475,
    #476,#477,#478,#479,#480,#481,#482,#483,#484,#485,#486,#487,#488,
    #489,#490,#491,#492,#493,#494,#495,#496,#497,#498,#499,#500,#501,
    #502,#503,#504,#505,#506,#507,#508,#509,#510,#511,#512,#513,#514,
    #515,#516,#517,#518,#519,#520,#521,#522,#523,#524,#525,#526,#527),
  .UNSPECIFIED.,.T.,.F.,(7,5,5,5,5,5,5,5,5,5,5,5,5,5,5,5,5,5,5,7),(0.,
    9.197978129601E-02,0.137883442476,0.182987391595,0.267580666843,
    0.327036686557,0.352164662746,0.39123662103,0.428145658856,
    0.451018562983,0.499636164372,0.571851042669,0.608760250249,
    0.647832395822,0.672960509725,0.732416931861,0.817010934032,
    0.862115299364,0.908019373956,1.),.UNSPECIFIED.);
#431 = CARTESIAN_POINT('',(-6.820888621391,8.881784197001E-16,
    8.657776660984));
#432 = CARTESIAN_POINT('',(-6.820888621391,-9.927031552535E-02,
    8.657776660984));
#433 = CARTESIAN_POINT('',(-6.811617840143,-0.198559621145,
    8.650347999683));
#434 = CARTESIAN_POINT('',(-6.793070146108,-0.296090128847,8.63548576389
    ));
#435 = CARTESIAN_POINT('',(-6.765551994222,-0.390159446994,
    8.613435515424));
#436 = CARTESIAN_POINT('',(-6.729607443368,-0.47918092068,8.584633207748
    ));
#437 = CARTESIAN_POINT('',(-6.664299987713,-0.602954559415,
    8.532302454222));
#438 = CARTESIAN_POINT('',(-6.640657422994,-0.642558119456,
    8.513357707185));
#439 = CARTESIAN_POINT('',(-6.615211587011,-0.680387419391,
    8.492968001941));
#440 = CARTESIAN_POINT('',(-6.588071997823,-0.716286082645,
    8.471221095123));
#441 = CARTESIAN_POINT('',(-6.559358911263,-0.750113309235,
    8.448213347529));
#442 = CARTESIAN_POINT('',(-6.499570290238,-0.812824200148,
    8.400304826839));
#443 = CARTESIAN_POINT('',(-6.468544130878,-0.841784246083,8.37544361793
    ));
#444 = CARTESIAN_POINT('',(-6.436246242406,-0.868506203113,
    8.349563374639));
#445 = CARTESIAN_POINT('',(-6.402806453487,-0.892888379224,
    8.322768128456));
#446 = CARTESIAN_POINT('',(-6.368360433028,-0.914845354574,
    8.295166590645));
#447 = CARTESIAN_POINT('',(-6.266820363327,-0.970809757642,
    8.213802704896));
#448 = CARTESIAN_POINT('',(-6.19754217712,-0.998539193037,8.158290211709
    ));
#449 = CARTESIAN_POINT('',(-6.126144211348,-1.01703418014,8.101079142749
    ));
#450 = CARTESIAN_POINT('',(-6.053591453129,-1.0260510494,8.042942740559)
  );
#451 = CARTESIAN_POINT('',(-5.980859393723,-1.025528870887,
    7.984662664632));
#452 = CARTESIAN_POINT('',(-5.858362234503,-1.008628833345,
    7.886505898571));
#453 = CARTESIAN_POINT('',(-5.808191875091,-0.997008187132,
    7.846304474609));
#454 = CARTESIAN_POINT('',(-5.758747748978,-0.980788966839,
    7.806684980158));
#455 = CARTESIAN_POINT('',(-5.710361181157,-0.960062817251,
    7.767912905375));
#456 = CARTESIAN_POINT('',(-5.663355789156,-0.934966618851,
    7.730247564434));
#457 = CARTESIAN_POINT('',(-5.598894698857,-0.893306396841,
    7.678595002034));
#458 = CARTESIAN_POINT('',(-5.58004730055,-0.88018206483,7.663492613715)
  );
#459 = CARTESIAN_POINT('',(-5.561526030529,-0.866323445055,
    7.648651551439));
#460 = CARTESIAN_POINT('',(-5.543354018519,-0.851745723757,
    7.634090349015));
#461 = CARTESIAN_POINT('',(-5.52555391722,-0.836465531045,7.619827158014
    ));
#462 = CARTESIAN_POINT('',(-5.48108296548,-0.795677302264,7.584192659759
    ));
#463 = CARTESIAN_POINT('',(-5.454970529178,-0.769198851556,
    7.563268808809));
#464 = CARTESIAN_POINT('',(-5.429894431058,-0.741133668248,
    7.543175373888));
#465 = CARTESIAN_POINT('',(-5.405934228222,-0.711558171923,
    7.523976103965));
#466 = CARTESIAN_POINT('',(-5.383165197222,-0.68055712227,7.505731318016
    ));
#467 = CARTESIAN_POINT('',(-5.341342034066,-0.617680013264,
    7.472218488267));
#468 = CARTESIAN_POINT('',(-5.322151610895,-0.585947173884,
    7.456841234706));
#469 = CARTESIAN_POINT('',(-5.304147011472,-0.553103858844,
    7.442414179704));
#470 = CARTESIAN_POINT('',(-5.287382988491,-0.519234819089,
    7.428981196503));
#471 = CARTESIAN_POINT('',(-5.271909100421,-0.484430798608,7.41658199622
    ));
#472 = CARTESIAN_POINT('',(-5.249007389147,-0.426700662747,
    7.398230893792));
#473 = CARTESIAN_POINT('',(-5.240757478155,-0.404290795186,
    7.391620254097));
#474 = CARTESIAN_POINT('',(-5.233030460117,-0.381581931756,7.38542860764
    ));
#475 = CARTESIAN_POINT('',(-5.225835833337,-0.358597770969,
    7.379663565396));
#476 = CARTESIAN_POINT('',(-5.219182112825,-0.33536270984,7.374331950426
    ));
#477 = CARTESIAN_POINT('',(-5.200099720331,-0.262034497664,
    7.359041261665));
#478 = CARTESIAN_POINT('',(-5.189600119058,-0.211145772129,7.35062794896
    ));
#479 = CARTESIAN_POINT('',(-5.181650559023,-0.15947830797,7.344257979978
    ));
#480 = CARTESIAN_POINT('',(-5.176300816885,-0.107283796193,7.33997124067
    ));
#481 = CARTESIAN_POINT('',(-5.17357666761,-5.482043408036E-02,
    7.337788384473));
#482 = CARTESIAN_POINT('',(-5.173333029902,7.558679341786E-02,
    7.337593157991));
#483 = CARTESIAN_POINT('',(-5.17898172081,0.153548000742,7.342119444441)
  );
#484 = CARTESIAN_POINT('',(-5.190426747248,0.230665610221,7.351290324728
    ));
#485 = CARTESIAN_POINT('',(-5.207545923411,0.306098983492,7.365007891572
    ));
#486 = CARTESIAN_POINT('',(-5.230104903808,0.379051462751,7.383084364328
    ));
#487 = CARTESIAN_POINT('',(-5.271908560353,0.484429552682,7.416581563464
    ));
#488 = CARTESIAN_POINT('',(-5.287382368571,0.51923350911,7.428980699762)
  );
#489 = CARTESIAN_POINT('',(-5.304146306104,0.553102492007,7.442413614494
    ));
#490 = CARTESIAN_POINT('',(-5.32215081498,0.585945757989,7.456840596941)
  );
#491 = CARTESIAN_POINT('',(-5.341341143041,0.617678556642,7.472217774289
    ));
#492 = CARTESIAN_POINT('',(-5.383164106376,0.680555606193,7.505730443924
    ));
#493 = CARTESIAN_POINT('',(-5.405933032671,0.711556637659,7.523975145972
    ));
#494 = CARTESIAN_POINT('',(-5.429893127463,0.741132125623,7.543174329319
    ));
#495 = CARTESIAN_POINT('',(-5.454969114868,0.769197310806,7.563267675525
    ));
#496 = CARTESIAN_POINT('',(-5.481081438471,0.795675773947,7.58419143617)
  );
#497 = CARTESIAN_POINT('',(-5.525552214905,0.836464051863,7.619825793953
    ));
#498 = CARTESIAN_POINT('',(-5.543352254883,0.851744274007,7.634088935817
    ));
#499 = CARTESIAN_POINT('',(-5.561524205729,0.866322028289,7.64865008923)
  );
#500 = CARTESIAN_POINT('',(-5.580045414887,0.880180684615,7.663491102736
    ));
#501 = CARTESIAN_POINT('',(-5.598892752775,0.893305056751,7.678593442642
    ));
#502 = CARTESIAN_POINT('',(-5.663353700036,0.934965463561,7.730245890425
    ));
#503 = CARTESIAN_POINT('',(-5.710359016485,0.960061812268,7.767911170827
    ));
#504 = CARTESIAN_POINT('',(-5.758745517117,0.980788120616,7.806683191772
    ));
#505 = CARTESIAN_POINT('',(-5.808189585052,0.997007507294,7.846302639605
    ));
#506 = CARTESIAN_POINT('',(-5.85835989589,1.008628326604,7.886504024644)
  );
#507 = CARTESIAN_POINT('',(-5.98085709328,1.025528815436,7.984660821291)
  );
#508 = CARTESIAN_POINT('',(-6.053589252723,1.02605124368,8.042940977378)
  );
#509 = CARTESIAN_POINT('',(-6.126142130666,1.017034597687,8.101077475503
    ));
#510 = CARTESIAN_POINT('',(-6.197540231787,0.998539804733,8.158288652917
    ));
#511 = CARTESIAN_POINT('',(-6.266818564699,0.970810532588,8.213801263658
    ));
#512 = CARTESIAN_POINT('',(-6.368358892347,0.914846319095,8.295165356101
    ));
#513 = CARTESIAN_POINT('',(-6.402805018005,0.892889389481,8.322766978207
    ));
#514 = CARTESIAN_POINT('',(-6.436244912063,0.868507247005,8.349562308638
    ));
#515 = CARTESIAN_POINT('',(-6.468542904688,0.841785311673,8.375442635386
    ));
#516 = CARTESIAN_POINT('',(-6.49956916631,0.812825275794,8.400303926237)
  );
#517 = CARTESIAN_POINT('',(-6.559357981404,0.750114389584,8.448212602435
    ));
#518 = CARTESIAN_POINT('',(-6.588071160318,0.71628715821,8.471220424032)
  );
#519 = CARTESIAN_POINT('',(-6.615210838803,0.68038847992,8.492967402403)
  );
#520 = CARTESIAN_POINT('',(-6.640656760231,0.642559155204,8.513357176114
    ));
#521 = CARTESIAN_POINT('',(-6.664299405803,0.602955561267,8.532301987939
    ));
#522 = CARTESIAN_POINT('',(-6.729607096262,0.479181780926,8.584632929612
    ));
#523 = CARTESIAN_POINT('',(-6.765551779863,0.390160177319,8.613435343659
    ));
#524 = CARTESIAN_POINT('',(-6.793070037826,0.296090697816,8.635485677123
    ));
#525 = CARTESIAN_POINT('',(-6.811617804741,0.198560007227,8.650347971316
    ));
#526 = CARTESIAN_POINT('',(-6.820888621391,9.927050439896E-02,
    8.657776660984));
#527 = CARTESIAN_POINT('',(-6.820888621391,8.881784197001E-16,
    8.657776660984));
#528 = PCURVE('',#375,#529);
#529 = DEFINITIONAL_REPRESENTATION('',(#530),#628);
#530 = B_SPLINE_CURVE_WITH_KNOTS('',6,(#531,#532,#533,#534,#535,#536,
    #537,#538,#539,#540,#541,#542,#543,#544,#545,#546,#547,#548,#549,
    #550,#551,#552,#553,#554,#555,#556,#557,#558,#559,#560,#561,#562,
    #563,#564,#565,#566,#567,#568,#569,#570,#571,#572,#573,#574,#575,
    #576,#577,#578,#579,#580,#581,#582,#583,#584,#585,#586,#587,#588,
    #589,#590,#591,#592,#593,#594,#595,#596,#597,#598,#599,#600,#601,
    #602,#603,#604,#605,#606,#607,#608,#609,#610,#611,#612,#613,#614,
    #615,#616,#617,#618,#619,#620,#621,#622,#623,#624,#625,#626,#627),
  .UNSPECIFIED.,.F.,.F.,(7,5,5,5,5,5,5,5,5,5,5,5,5,5,5,5,5,5,5,7),(0.,
    9.197978129601E-02,0.137883442476,0.182987391595,0.267580666843,
    0.327036686557,0.352164662746,0.39123662103,0.428145658856,
    0.451018562983,0.499636164372,0.571851042669,0.608760250249,
    0.647832395822,0.672960509725,0.732416931861,0.817010934032,
    0.862115299364,0.908019373956,1.),.UNSPECIFIED.);
#531 = CARTESIAN_POINT('',(2.238074670634,0.));
#532 = CARTESIAN_POINT('',(2.238074670634,9.714573823026E-02));
#533 = CARTESIAN_POINT('',(2.237831059201,0.194309747994));
#534 = CARTESIAN_POINT('',(2.237343677402,0.291404687201));
#535 = CARTESIAN_POINT('',(2.236616729895,0.388410236556));
#536 = CARTESIAN_POINT('',(2.235656876785,0.485309137511));
#537 = CARTESIAN_POINT('',(2.233887153022,0.63030864911));
#538 = CARTESIAN_POINT('',(2.233242945645,0.678544008563));
#539 = CARTESIAN_POINT('',(2.232545143684,0.726738154404));
#540 = CARTESIAN_POINT('',(2.231795417147,0.774889661675));
#541 = CARTESIAN_POINT('',(2.230995702276,0.822998033831));
#542 = CARTESIAN_POINT('',(2.229315542739,0.918289015673));
#543 = CARTESIAN_POINT('',(2.228436733481,0.965473949652));
#544 = CARTESIAN_POINT('',(2.227513936363,1.012616317256));
#545 = CARTESIAN_POINT('',(2.226549514787,1.05971750031));
#546 = CARTESIAN_POINT('',(2.225546113333,1.106779795013));
#547 = CARTESIAN_POINT('',(2.222557259122,1.24200237127));
#548 = CARTESIAN_POINT('',(2.220481017976,1.330075437774));
#549 = CARTESIAN_POINT('',(2.218297680427,1.418032593553));
#550 = CARTESIAN_POINT('',(2.216030243013,1.505911597367));
#551 = CARTESIAN_POINT('',(2.213705983027,1.593754758189));
#552 = CARTESIAN_POINT('',(2.209705731038,1.743328824393));
#553 = CARTESIAN_POINT('',(2.208042248755,1.805065913661));
#554 = CARTESIAN_POINT('',(2.206377363027,1.866816671801));
#555 = CARTESIAN_POINT('',(2.204723082457,1.928596710337));
#556 = CARTESIAN_POINT('',(2.203092289596,1.990420987833));
#557 = CARTESIAN_POINT('',(2.200825042911,2.0784526937));
#558 = CARTESIAN_POINT('',(2.200158116255,2.104614861759));
#559 = CARTESIAN_POINT('',(2.199498836971,2.130787908341));
#560 = CARTESIAN_POINT('',(2.198848244342,2.156972669568));
#561 = CARTESIAN_POINT('',(2.198207390193,2.183169895025));
#562 = CARTESIAN_POINT('',(2.19659766037,2.250135213509));
#563 = CARTESIAN_POINT('',(2.195644076271,2.290921988123));
#564 = CARTESIAN_POINT('',(2.194720628618,2.331743004033));
#565 = CARTESIAN_POINT('',(2.193831301489,2.37259995653));
#566 = CARTESIAN_POINT('',(2.192980021008,2.41349380377));
#567 = CARTESIAN_POINT('',(2.19140609402,2.49308989972));
#568 = CARTESIAN_POINT('',(2.190678898332,2.531788223833));
#569 = CARTESIAN_POINT('',(2.189992335048,2.570519739873));
#570 = CARTESIAN_POINT('',(2.189349455296,2.609283747022));
#571 = CARTESIAN_POINT('',(2.18875309456,2.648078842879));
#572 = CARTESIAN_POINT('',(2.187866753746,2.710962598945));
#573 = CARTESIAN_POINT('',(2.187546497564,2.735033419621));
#574 = CARTESIAN_POINT('',(2.187245719746,2.759114866236));
#575 = CARTESIAN_POINT('',(2.186964983046,2.783206324371));
#576 = CARTESIAN_POINT('',(2.18670479736,2.807307084435));
#577 = CARTESIAN_POINT('',(2.185957234652,2.882661878792));
#578 = CARTESIAN_POINT('',(2.185543744229,2.933946955184));
#579 = CARTESIAN_POINT('',(2.185229532343,2.985261542834));
#580 = CARTESIAN_POINT('',(2.185017675659,3.036597397237));
#581 = CARTESIAN_POINT('',(2.184909796223,3.087945345277));
#582 = CARTESIAN_POINT('',(2.184900147631,3.21556194274));
#583 = CARTESIAN_POINT('',(2.185123821652,3.291838646329));
#584 = CARTESIAN_POINT('',(2.185577187305,3.36807295458));
#585 = CARTESIAN_POINT('',(2.186252445478,3.44423977295));
#586 = CARTESIAN_POINT('',(2.187135190627,3.520319869622));
#587 = CARTESIAN_POINT('',(2.188753073728,3.635105082852));
#588 = CARTESIAN_POINT('',(2.189349431475,3.673900077733));
#589 = CARTESIAN_POINT('',(2.189992308062,3.712663984111));
#590 = CARTESIAN_POINT('',(2.190678868032,3.75139539958));
#591 = CARTESIAN_POINT('',(2.191406060286,3.79009362331));
#592 = CARTESIAN_POINT('',(2.192979980171,3.869689520919));
#593 = CARTESIAN_POINT('',(2.193831256989,3.910583270204));
#594 = CARTESIAN_POINT('',(2.1947205804,3.951440124901));
#595 = CARTESIAN_POINT('',(2.19564402431,3.992261043138));
#596 = CARTESIAN_POINT('',(2.196597604674,4.033047720173));
#597 = CARTESIAN_POINT('',(2.198207328846,4.100012896421));
#598 = CARTESIAN_POINT('',(2.198848181076,4.126210077172));
#599 = CARTESIAN_POINT('',(2.199498771819,4.152394793689));
#600 = CARTESIAN_POINT('',(2.200158049257,4.178567795549));
#601 = CARTESIAN_POINT('',(2.200824974112,4.204729918864));
#602 = CARTESIAN_POINT('',(2.203092216947,4.292761553715));
#603 = CARTESIAN_POINT('',(2.204723008077,4.354585804658));
#604 = CARTESIAN_POINT('',(2.206377287288,4.416365816271));
#605 = CARTESIAN_POINT('',(2.208042172027,4.478116547071));
#606 = CARTESIAN_POINT('',(2.209705653684,4.539853608557));
#607 = CARTESIAN_POINT('',(2.213705909305,4.689427766644));
#608 = CARTESIAN_POINT('',(2.216030173821,4.77727104669));
#609 = CARTESIAN_POINT('',(2.218297616195,4.865150169009));
#610 = CARTESIAN_POINT('',(2.220480958954,4.953107442859));
#611 = CARTESIAN_POINT('',(2.222557205413,5.041180627286));
#612 = CARTESIAN_POINT('',(2.225546068391,5.176403414224));
#613 = CARTESIAN_POINT('',(2.226549473272,5.223465801722));
#614 = CARTESIAN_POINT('',(2.227513898197,5.270567077664));
#615 = CARTESIAN_POINT('',(2.228436698566,5.317709538283));
#616 = CARTESIAN_POINT('',(2.229315510956,5.364894565434));
#617 = CARTESIAN_POINT('',(2.230995676349,5.460185724947));
#618 = CARTESIAN_POINT('',(2.231795393961,5.508294181596));
#619 = CARTESIAN_POINT('',(2.232545123102,5.556445773528));
#620 = CARTESIAN_POINT('',(2.233242927517,5.604640004213));
#621 = CARTESIAN_POINT('',(2.233887137185,5.652875448698));
#622 = CARTESIAN_POINT('',(2.235656867517,5.797875233457));
#623 = CARTESIAN_POINT('',(2.236616724231,5.89477431703));
#624 = CARTESIAN_POINT('',(2.237343674558,5.991780053778));
#625 = CARTESIAN_POINT('',(2.237831058271,6.088875181355));
#626 = CARTESIAN_POINT('',(2.238074670634,6.186039384118));
#627 = CARTESIAN_POINT('',(2.238074670634,6.28318530718));
#628 = ( GEOMETRIC_REPRESENTATION_CONTEXT(2) 
PARAMETRIC_REPRESENTATION_CONTEXT() REPRESENTATION_CONTEXT('2D SPACE',''
  ) );
#629 = PCURVE('',#630,#635);
#630 = PLANE('',#631);
#631 = AXIS2_PLACEMENT_3D('',#632,#633,#634);
#632 = CARTESIAN_POINT('',(-6.,0.,8.));
#633 = DIRECTION('',(0.625312634961,0.,0.780374338736));
#634 = DIRECTION('',(0.780374338736,0.,-0.625312634961));
#635 = DEFINITIONAL_REPRESENTATION('',(#636),#734);
#636 = B_SPLINE_CURVE_WITH_KNOTS('',6,(#637,#638,#639,#640,#641,#642,
    #643,#644,#645,#646,#647,#648,#649,#650,#651,#652,#653,#654,#655,
    #656,#657,#658,#659,#660,#661,#662,#663,#664,#665,#666,#667,#668,
    #669,#670,#671,#672,#673,#674,#675,#676,#677,#678,#679,#680,#681,
    #682,#683,#684,#685,#686,#687,#688,#689,#690,#691,#692,#693,#694,
    #695,#696,#697,#698,#699,#700,#701,#702,#703,#704,#705,#706,#707,
    #708,#709,#710,#711,#712,#713,#714,#715,#716,#717,#718,#719,#720,
    #721,#722,#723,#724,#725,#726,#727,#728,#729,#730,#731,#732,#733),
  .UNSPECIFIED.,.T.,.F.,(7,5,5,5,5,5,5,5,5,5,5,5,5,5,5,5,5,5,5,7),(0.,
    9.197978129601E-02,0.137883442476,0.182987391595,0.267580666843,
    0.327036686557,0.352164662746,0.39123662103,0.428145658856,
    0.451018562983,0.499636164372,0.571851042669,0.608760250249,
    0.647832395822,0.672960509725,0.732416931861,0.817010934032,
    0.862115299364,0.908019373956,1.),.UNSPECIFIED.);
#637 = CARTESIAN_POINT('',(-1.05191647219,8.881784197001E-16));
#638 = CARTESIAN_POINT('',(-1.05191647219,-9.927031552535E-02));
#639 = CARTESIAN_POINT('',(-1.040036556632,-0.198559621145));
#640 = CARTESIAN_POINT('',(-1.016268868339,-0.296090128847));
#641 = CARTESIAN_POINT('',(-0.981006109788,-0.390159446994));
#642 = CARTESIAN_POINT('',(-0.934945457778,-0.47918092068));
#643 = CARTESIAN_POINT('',(-0.851258113879,-0.602954559415));
#644 = CARTESIAN_POINT('',(-0.820961673383,-0.642558119456));
#645 = CARTESIAN_POINT('',(-0.788354455642,-0.680387419391));
#646 = CARTESIAN_POINT('',(-0.753576801071,-0.716286082645));
#647 = CARTESIAN_POINT('',(-0.716782809861,-0.750113309235));
#648 = CARTESIAN_POINT('',(-0.640167500955,-0.812824200148));
#649 = CARTESIAN_POINT('',(-0.600409454309,-0.841784246083));
#650 = CARTESIAN_POINT('',(-0.559021767825,-0.868506203113));
#651 = CARTESIAN_POINT('',(-0.516170808665,-0.892888379224));
#652 = CARTESIAN_POINT('',(-0.472030427889,-0.914845354574));
#653 = CARTESIAN_POINT('',(-0.341913297354,-0.970809757642));
#654 = CARTESIAN_POINT('',(-0.253137715214,-0.998539193037));
#655 = CARTESIAN_POINT('',(-0.161645770608,-1.01703418014));
#656 = CARTESIAN_POINT('',(-6.867403304901E-02,-1.0260510494));
#657 = CARTESIAN_POINT('',(2.452746755921E-02,-1.025528870887));
#658 = CARTESIAN_POINT('',(0.181499773207,-1.008628833345));
#659 = CARTESIAN_POINT('',(0.245789892604,-0.997008187132));
#660 = CARTESIAN_POINT('',(0.309149390294,-0.980788966839));
#661 = CARTESIAN_POINT('',(0.371153694407,-0.960062817251));
#662 = CARTESIAN_POINT('',(0.431388109697,-0.934966618851));
#663 = CARTESIAN_POINT('',(0.513990890311,-0.893306396841));
#664 = CARTESIAN_POINT('',(0.538142630536,-0.88018206483));
#665 = CARTESIAN_POINT('',(0.561876458138,-0.866323445055));
#666 = CARTESIAN_POINT('',(0.58516273385,-0.851745723757));
#667 = CARTESIAN_POINT('',(0.607972429679,-0.836465531045));
#668 = CARTESIAN_POINT('',(0.664959121235,-0.795677302264));
#669 = CARTESIAN_POINT('',(0.698420544818,-0.769198851556));
#670 = CARTESIAN_POINT('',(0.730553967042,-0.741133668248));
#671 = CARTESIAN_POINT('',(0.761257440551,-0.711558171923));
#672 = CARTESIAN_POINT('',(0.790434503237,-0.68055712227));
#673 = CARTESIAN_POINT('',(0.844028222405,-0.617680013264));
#674 = CARTESIAN_POINT('',(0.868619527139,-0.585947173884));
#675 = CARTESIAN_POINT('',(0.891691274287,-0.553103858844));
#676 = CARTESIAN_POINT('',(0.913173301755,-0.519234819089));
#677 = CARTESIAN_POINT('',(0.933002103527,-0.484430798608));
#678 = CARTESIAN_POINT('',(0.962349187532,-0.426700662747));
#679 = CARTESIAN_POINT('',(0.972920922893,-0.404290795186));
#680 = CARTESIAN_POINT('',(0.982822604245,-0.381581931756));
#681 = CARTESIAN_POINT('',(0.992042060118,-0.358597770969));
#682 = CARTESIAN_POINT('',(1.000568379068,-0.33536270984));
#683 = CARTESIAN_POINT('',(1.025021249371,-0.262034497664));
#684 = CARTESIAN_POINT('',(1.038475819508,-0.211145772129));
#685 = CARTESIAN_POINT('',(1.048662674253,-0.15947830797));
#686 = CARTESIAN_POINT('',(1.055518027987,-0.107283796193));
#687 = CARTESIAN_POINT('',(1.059008851737,-5.482043408036E-02));
#688 = CARTESIAN_POINT('',(1.059321057939,7.558679341786E-02));
#689 = CARTESIAN_POINT('',(1.052082620399,0.153548000742));
#690 = CARTESIAN_POINT('',(1.037416548144,0.230665610221));
#691 = CARTESIAN_POINT('',(1.015479414497,0.306098983492));
#692 = CARTESIAN_POINT('',(0.986571518278,0.379051462751));
#693 = CARTESIAN_POINT('',(0.93300279559,0.484429552682));
#694 = CARTESIAN_POINT('',(0.913174096144,0.51923350911));
#695 = CARTESIAN_POINT('',(0.89169217817,0.553102492007));
#696 = CARTESIAN_POINT('',(0.868620547054,0.585945757989));
#697 = CARTESIAN_POINT('',(0.844029364197,0.617678556642));
#698 = CARTESIAN_POINT('',(0.790435901087,0.680555606193));
#699 = CARTESIAN_POINT('',(0.761258972574,0.711556637659));
#700 = CARTESIAN_POINT('',(0.730555637516,0.741132125623));
#701 = CARTESIAN_POINT('',(0.698422357167,0.769197310806));
#702 = CARTESIAN_POINT('',(0.664961077999,0.795675773947));
#703 = CARTESIAN_POINT('',(0.607974611086,0.836464051863));
#704 = CARTESIAN_POINT('',(0.585164993837,0.851744274007));
#705 = CARTESIAN_POINT('',(0.561878796503,0.866322028289));
#706 = CARTESIAN_POINT('',(0.538145046893,0.880180684615));
#707 = CARTESIAN_POINT('',(0.513993384091,0.893305056751));
#708 = CARTESIAN_POINT('',(0.431390786772,0.934965463561));
#709 = CARTESIAN_POINT('',(0.371156468297,0.960061812268));
#710 = CARTESIAN_POINT('',(0.309152250282,0.980788120616));
#711 = CARTESIAN_POINT('',(0.245792827143,0.997007507294));
#712 = CARTESIAN_POINT('',(0.181502769991,1.008628326604));
#713 = CARTESIAN_POINT('',(2.453041543015E-02,1.025528815436));
#714 = CARTESIAN_POINT('',(-6.867121336931E-02,1.02605124368));
#715 = CARTESIAN_POINT('',(-0.161643104347,1.017034597687));
#716 = CARTESIAN_POINT('',(-0.253135222395,0.998539804733));
#717 = CARTESIAN_POINT('',(-0.341910992526,0.970810532588));
#718 = CARTESIAN_POINT('',(-0.472028453606,0.914846319095));
#719 = CARTESIAN_POINT('',(-0.516168969187,0.892889389481));
#720 = CARTESIAN_POINT('',(-0.559020063075,0.868507247005));
#721 = CARTESIAN_POINT('',(-0.600407883025,0.841785311673));
#722 = CARTESIAN_POINT('',(-0.640166060713,0.812825275794));
#723 = CARTESIAN_POINT('',(-0.716781618306,0.750114389584));
#724 = CARTESIAN_POINT('',(-0.753575727862,0.71628715821));
#725 = CARTESIAN_POINT('',(-0.788353496861,0.68038847992));
#726 = CARTESIAN_POINT('',(-0.820960824094,0.642559155204));
#727 = CARTESIAN_POINT('',(-0.851257368199,0.602955561267));
#728 = CARTESIAN_POINT('',(-0.934945012983,0.479181780926));
#729 = CARTESIAN_POINT('',(-0.981005835101,0.390160177319));
#730 = CARTESIAN_POINT('',(-1.016268729581,0.296090697816));
#731 = CARTESIAN_POINT('',(-1.040036511266,0.198560007227));
#732 = CARTESIAN_POINT('',(-1.05191647219,9.927050439896E-02));
#733 = CARTESIAN_POINT('',(-1.05191647219,8.881784197001E-16));
#734 = ( GEOMETRIC_REPRESENTATION_CONTEXT(2) 
PARAMETRIC_REPRESENTATION_CONTEXT() REPRESENTATION_CONTEXT('2D SPACE',''
  ) );
#735 = ORIENTED_EDGE('',*,*,#736,.T.);
#736 = EDGE_CURVE('',#427,#337,#737,.T.);
#737 = SEAM_CURVE('',#738,(#743,#750),.PCURVE_S1.);
#738 = CIRCLE('',#739,11.02187);
#739 = AXIS2_PLACEMENT_3D('',#740,#741,#742);
#740 = CARTESIAN_POINT('',(0.,2.502859649289E-16,-2.778732410046E-32));
#741 = DIRECTION('',(0.,-1.,1.110223024625E-16));
#742 = DIRECTION('',(1.,0.,0.));
#743 = PCURVE('',#375,#744);
#744 = DEFINITIONAL_REPRESENTATION('',(#745),#749);
#745 = LINE('',#746,#747);
#746 = CARTESIAN_POINT('',(0.,0.));
#747 = VECTOR('',#748,1.);
#748 = DIRECTION('',(1.,0.));
#749 = ( GEOMETRIC_REPRESENTATION_CONTEXT(2) 
PARAMETRIC_REPRESENTATION_CONTEXT() REPRESENTATION_CONTEXT('2D SPACE',''
  ) );
#750 = PCURVE('',#375,#751);
#751 = DEFINITIONAL_REPRESENTATION('',(#752),#756);
#752 = LINE('',#753,#754);
#753 = CARTESIAN_POINT('',(0.,6.28318530718));
#754 = VECTOR('',#755,1.);
#755 = DIRECTION('',(1.,0.));
#756 = ( GEOMETRIC_REPRESENTATION_CONTEXT(2) 
PARAMETRIC_REPRESENTATION_CONTEXT() REPRESENTATION_CONTEXT('2D SPACE',''
  ) );
#757 = ORIENTED_EDGE('',*,*,#360,.T.);
#758 = ORIENTED_EDGE('',*,*,#736,.F.);
#759 = ADVANCED_FACE('',(#760),#408,.T.);
#760 = FACE_BOUND('',#761,.T.);
#761 = EDGE_LOOP('',(#762,#793,#814,#815,#816,#840,#883,#917,#946,#1454,
    #1478,#1507));
#762 = ORIENTED_EDGE('',*,*,#763,.F.);
#763 = EDGE_CURVE('',#764,#766,#768,.T.);
#764 = VERTEX_POINT('',#765);
#765 = CARTESIAN_POINT('',(4.50951033371,-2.74107794466E-16,
    11.649806129164));
#766 = VERTEX_POINT('',#767);
#767 = CARTESIAN_POINT('',(3.81085391108,1.096514837704,11.089973921874)
  );
#768 = SURFACE_CURVE('',#769,(#774,#781),.PCURVE_S1.);
#769 = CIRCLE('',#770,1.11913);
#770 = AXIS2_PLACEMENT_3D('',#771,#772,#773);
#771 = CARTESIAN_POINT('',(3.63617,0.,10.95));
#772 = DIRECTION('',(-0.625312634961,0.,0.780374338736));
#773 = DIRECTION('',(0.780374338736,0.,0.625312634961));
#774 = PCURVE('',#408,#775);
#775 = DEFINITIONAL_REPRESENTATION('',(#776),#780);
#776 = LINE('',#777,#778);
#777 = CARTESIAN_POINT('',(0.,3.780237065172));
#778 = VECTOR('',#779,1.);
#779 = DIRECTION('',(1.,0.));
#780 = ( GEOMETRIC_REPRESENTATION_CONTEXT(2) 
PARAMETRIC_REPRESENTATION_CONTEXT() REPRESENTATION_CONTEXT('2D SPACE',''
  ) );
#781 = PCURVE('',#782,#787);
#782 = PLANE('',#783);
#783 = AXIS2_PLACEMENT_3D('',#784,#785,#786);
#784 = CARTESIAN_POINT('',(3.63617,0.,10.95));
#785 = DIRECTION('',(-0.625312634961,0.,0.780374338736));
#786 = DIRECTION('',(0.780374338736,0.,0.625312634961));
#787 = DEFINITIONAL_REPRESENTATION('',(#788),#792);
#788 = CIRCLE('',#789,1.11913);
#789 = AXIS2_PLACEMENT_2D('',#790,#791);
#790 = CARTESIAN_POINT('',(0.,0.));
#791 = DIRECTION('',(1.,0.));
#792 = ( GEOMETRIC_REPRESENTATION_CONTEXT(2) 
PARAMETRIC_REPRESENTATION_CONTEXT() REPRESENTATION_CONTEXT('2D SPACE',''
  ) );
#793 = ORIENTED_EDGE('',*,*,#794,.F.);
#794 = EDGE_CURVE('',#392,#764,#795,.T.);
#795 = SEAM_CURVE('',#796,(#800,#807),.PCURVE_S1.);
#796 = LINE('',#797,#798);
#797 = CARTESIAN_POINT('',(6.87334033371,-2.74107794466E-16,
    8.699806129164));
#798 = VECTOR('',#799,1.);
#799 = DIRECTION('',(-0.625312634961,0.,0.780374338736));
#800 = PCURVE('',#408,#801);
#801 = DEFINITIONAL_REPRESENTATION('',(#802),#806);
#802 = LINE('',#803,#804);
#803 = CARTESIAN_POINT('',(6.28318530718,-0.));
#804 = VECTOR('',#805,1.);
#805 = DIRECTION('',(0.,1.));
#806 = ( GEOMETRIC_REPRESENTATION_CONTEXT(2) 
PARAMETRIC_REPRESENTATION_CONTEXT() REPRESENTATION_CONTEXT('2D SPACE',''
  ) );
#807 = PCURVE('',#408,#808);
#808 = DEFINITIONAL_REPRESENTATION('',(#809),#813);
#809 = LINE('',#810,#811);
#810 = CARTESIAN_POINT('',(0.,-0.));
#811 = VECTOR('',#812,1.);
#812 = DIRECTION('',(0.,1.));
#813 = ( GEOMETRIC_REPRESENTATION_CONTEXT(2) 
PARAMETRIC_REPRESENTATION_CONTEXT() REPRESENTATION_CONTEXT('2D SPACE',''
  ) );
#814 = ORIENTED_EDGE('',*,*,#391,.T.);
#815 = ORIENTED_EDGE('',*,*,#794,.T.);
#816 = ORIENTED_EDGE('',*,*,#817,.F.);
#817 = EDGE_CURVE('',#818,#764,#820,.T.);
#818 = VERTEX_POINT('',#819);
#819 = CARTESIAN_POINT('',(3.81085391108,-1.096514837704,11.089973921874
    ));
#820 = SURFACE_CURVE('',#821,(#826,#833),.PCURVE_S1.);
#821 = CIRCLE('',#822,1.11913);
#822 = AXIS2_PLACEMENT_3D('',#823,#824,#825);
#823 = CARTESIAN_POINT('',(3.63617,0.,10.95));
#824 = DIRECTION('',(-0.625312634961,0.,0.780374338736));
#825 = DIRECTION('',(0.780374338736,0.,0.625312634961));
#826 = PCURVE('',#408,#827);
#827 = DEFINITIONAL_REPRESENTATION('',(#828),#832);
#828 = LINE('',#829,#830);
#829 = CARTESIAN_POINT('',(0.,3.780237065172));
#830 = VECTOR('',#831,1.);
#831 = DIRECTION('',(1.,0.));
#832 = ( GEOMETRIC_REPRESENTATION_CONTEXT(2) 
PARAMETRIC_REPRESENTATION_CONTEXT() REPRESENTATION_CONTEXT('2D SPACE',''
  ) );
#833 = PCURVE('',#782,#834);
#834 = DEFINITIONAL_REPRESENTATION('',(#835),#839);
#835 = CIRCLE('',#836,1.11913);
#836 = AXIS2_PLACEMENT_2D('',#837,#838);
#837 = CARTESIAN_POINT('',(0.,0.));
#838 = DIRECTION('',(1.,0.));
#839 = ( GEOMETRIC_REPRESENTATION_CONTEXT(2) 
PARAMETRIC_REPRESENTATION_CONTEXT() REPRESENTATION_CONTEXT('2D SPACE',''
  ) );
#840 = ORIENTED_EDGE('',*,*,#841,.F.);
#841 = EDGE_CURVE('',#842,#818,#844,.T.);
#842 = VERTEX_POINT('',#843);
#843 = CARTESIAN_POINT('',(3.804687389489,-1.117723664045,10.65));
#844 = SURFACE_CURVE('',#845,(#854,#866),.PCURVE_S1.);
#845 = B_SPLINE_CURVE_WITH_KNOTS('',4,(#846,#847,#848,#849,#850,#851,
    #852,#853),.UNSPECIFIED.,.F.,.F.,(5,3,5),(0.,0.344026482562,1.),
  .UNSPECIFIED.);
#846 = CARTESIAN_POINT('',(3.804687394957,-1.117723645432,10.6499994));
#847 = CARTESIAN_POINT('',(3.804342367825,-1.118898104237,
    10.687859036803));
#848 = CARTESIAN_POINT('',(3.80418689642,-1.119425511552,10.725738968207
    ));
#849 = CARTESIAN_POINT('',(3.804227066854,-1.119289720403,
    10.763628343958));
#850 = CARTESIAN_POINT('',(3.80492921977,-1.116901347553,10.873753137524
    ));
#851 = CARTESIAN_POINT('',(3.806121561242,-1.112841290286,
    10.945966811675));
#852 = CARTESIAN_POINT('',(3.808087010243,-1.106130992105,
    11.018096980247));
#853 = CARTESIAN_POINT('',(3.810853941619,-1.096514731567,
    11.089974715207));
#854 = PCURVE('',#408,#855);
#855 = DEFINITIONAL_REPRESENTATION('',(#856),#865);
#856 = B_SPLINE_CURVE_WITH_KNOTS('',4,(#857,#858,#859,#860,#861,#862,
    #863,#864),.UNSPECIFIED.,.F.,.F.,(5,3,5),(0.,0.344026482562,1.),
  .UNSPECIFIED.);
#857 = CARTESIAN_POINT('',(4.662250907989,3.440748239049));
#858 = CARTESIAN_POINT('',(4.683190662663,3.470508677909));
#859 = CARTESIAN_POINT('',(4.704244804446,3.500166422564));
#860 = CARTESIAN_POINT('',(4.725435121987,3.52970920003));
#861 = CARTESIAN_POINT('',(4.787493547822,3.615208697898));
#862 = CARTESIAN_POINT('',(4.828775541226,3.670816809924));
#863 = CARTESIAN_POINT('',(4.870806780675,3.725876322433));
#864 = CARTESIAN_POINT('',(4.913765891693,3.780237665172));
#865 = ( GEOMETRIC_REPRESENTATION_CONTEXT(2) 
PARAMETRIC_REPRESENTATION_CONTEXT() REPRESENTATION_CONTEXT('2D SPACE',''
  ) );
#866 = PCURVE('',#867,#872);
#867 = CYLINDRICAL_SURFACE('',#868,3.96547);
#868 = AXIS2_PLACEMENT_3D('',#869,#870,#871);
#869 = CARTESIAN_POINT('',(0.,0.,10.65));
#870 = DIRECTION('',(-0.,-0.,-1.));
#871 = DIRECTION('',(1.,0.,0.));
#872 = DEFINITIONAL_REPRESENTATION('',(#873),#882);
#873 = B_SPLINE_CURVE_WITH_KNOTS('',4,(#874,#875,#876,#877,#878,#879,
    #880,#881),.UNSPECIFIED.,.F.,.F.,(5,3,5),(0.,0.344026482562,1.),
  .UNSPECIFIED.);
#874 = CARTESIAN_POINT('',(-5.997448872378,6.000000000173E-07));
#875 = CARTESIAN_POINT('',(-5.997140185045,-3.785903680302E-02));
#876 = CARTESIAN_POINT('',(-5.9970015268,-7.573896820728E-02));
#877 = CARTESIAN_POINT('',(-5.997037237083,-0.113628343958));
#878 = CARTESIAN_POINT('',(-5.997665018012,-0.223753137524));
#879 = CARTESIAN_POINT('',(-5.998732113218,-0.295966811675));
#880 = CARTESIAN_POINT('',(-6.000495373809,-0.368096980247));
#881 = CARTESIAN_POINT('',(-6.003018761135,-0.439974715207));
#882 = ( GEOMETRIC_REPRESENTATION_CONTEXT(2) 
PARAMETRIC_REPRESENTATION_CONTEXT() REPRESENTATION_CONTEXT('2D SPACE',''
  ) );
#883 = ORIENTED_EDGE('',*,*,#884,.F.);
#884 = EDGE_CURVE('',#885,#842,#887,.T.);
#885 = VERTEX_POINT('',#886);
#886 = CARTESIAN_POINT('',(3.261777594455,-1.011079761231,10.65));
#887 = SURFACE_CURVE('',#888,(#893,#905),.PCURVE_S1.);
#888 = ELLIPSE('',#889,1.434093798897,1.11913);
#889 = AXIS2_PLACEMENT_3D('',#890,#891,#892);
#890 = CARTESIAN_POINT('',(3.876559491525,0.,10.65));
#891 = DIRECTION('',(0.,0.,1.));
#892 = DIRECTION('',(-1.,0.,0.));
#893 = PCURVE('',#408,#894);
#894 = DEFINITIONAL_REPRESENTATION('',(#895),#904);
#895 = B_SPLINE_CURVE_WITH_KNOTS('',7,(#896,#897,#898,#899,#900,#901,
    #902,#903),.UNSPECIFIED.,.F.,.F.,(8,8),(1.127753128776,
    2.233214856004),.PIECEWISE_BEZIER_KNOTS.);
#896 = CARTESIAN_POINT('',(4.269345782366,3.780237665172));
#897 = CARTESIAN_POINT('',(4.427268886256,3.652292122716));
#898 = CARTESIAN_POINT('',(4.585191990146,3.513161041986));
#899 = CARTESIAN_POINT('',(4.743115094034,3.368056233593));
#900 = CARTESIAN_POINT('',(4.901038197926,3.222873069815));
#901 = CARTESIAN_POINT('',(5.058961301814,3.083659687423));
#902 = CARTESIAN_POINT('',(5.216884405704,2.955944917989));
#903 = CARTESIAN_POINT('',(5.374807509594,2.844277613947));
#904 = ( GEOMETRIC_REPRESENTATION_CONTEXT(2) 
PARAMETRIC_REPRESENTATION_CONTEXT() REPRESENTATION_CONTEXT('2D SPACE',''
  ) );
#905 = PCURVE('',#906,#911);
#906 = PLANE('',#907);
#907 = AXIS2_PLACEMENT_3D('',#908,#909,#910);
#908 = CARTESIAN_POINT('',(-2.586276278485E-16,3.553785842766E-16,10.65)
  );
#909 = DIRECTION('',(0.,0.,1.));
#910 = DIRECTION('',(1.,0.,-0.));
#911 = DEFINITIONAL_REPRESENTATION('',(#912),#916);
#912 = ELLIPSE('',#913,1.434093798897,1.11913);
#913 = AXIS2_PLACEMENT_2D('',#914,#915);
#914 = CARTESIAN_POINT('',(3.876559491525,-3.553785842766E-16));
#915 = DIRECTION('',(-1.,0.));
#916 = ( GEOMETRIC_REPRESENTATION_CONTEXT(2) 
PARAMETRIC_REPRESENTATION_CONTEXT() REPRESENTATION_CONTEXT('2D SPACE',''
  ) );
#917 = ORIENTED_EDGE('',*,*,#918,.F.);
#918 = EDGE_CURVE('',#919,#885,#921,.T.);
#919 = VERTEX_POINT('',#920);
#920 = CARTESIAN_POINT('',(2.926765683323,-0.652739112843,
    10.381555523427));
#921 = SURFACE_CURVE('',#922,(#927,#934),.PCURVE_S1.);
#922 = CIRCLE('',#923,1.11913);
#923 = AXIS2_PLACEMENT_3D('',#924,#925,#926);
#924 = CARTESIAN_POINT('',(3.63617,0.,10.95));
#925 = DIRECTION('',(-0.625312634961,0.,0.780374338736));
#926 = DIRECTION('',(0.780374338736,0.,0.625312634961));
#927 = PCURVE('',#408,#928);
#928 = DEFINITIONAL_REPRESENTATION('',(#929),#933);
#929 = LINE('',#930,#931);
#930 = CARTESIAN_POINT('',(0.,3.780237065172));
#931 = VECTOR('',#932,1.);
#932 = DIRECTION('',(1.,0.));
#933 = ( GEOMETRIC_REPRESENTATION_CONTEXT(2) 
PARAMETRIC_REPRESENTATION_CONTEXT() REPRESENTATION_CONTEXT('2D SPACE',''
  ) );
#934 = PCURVE('',#935,#940);
#935 = PLANE('',#936);
#936 = AXIS2_PLACEMENT_3D('',#937,#938,#939);
#937 = CARTESIAN_POINT('',(3.63617,0.,10.95));
#938 = DIRECTION('',(-0.625312634961,0.,0.780374338736));
#939 = DIRECTION('',(0.780374338736,0.,0.625312634961));
#940 = DEFINITIONAL_REPRESENTATION('',(#941),#945);
#941 = CIRCLE('',#942,1.11913);
#942 = AXIS2_PLACEMENT_2D('',#943,#944);
#943 = CARTESIAN_POINT('',(0.,0.));
#944 = DIRECTION('',(1.,0.));
#945 = ( GEOMETRIC_REPRESENTATION_CONTEXT(2) 
PARAMETRIC_REPRESENTATION_CONTEXT() REPRESENTATION_CONTEXT('2D SPACE',''
  ) );
#946 = ORIENTED_EDGE('',*,*,#947,.T.);
#947 = EDGE_CURVE('',#919,#948,#950,.T.);
#948 = VERTEX_POINT('',#949);
#949 = CARTESIAN_POINT('',(2.926765683323,0.652739112843,10.381555523427
    ));
#950 = SURFACE_CURVE('',#951,(#1115,#1282),.PCURVE_S1.);
#951 = B_SPLINE_CURVE_WITH_KNOTS('',8,(#952,#953,#954,#955,#956,#957,
    #958,#959,#960,#961,#962,#963,#964,#965,#966,#967,#968,#969,#970,
    #971,#972,#973,#974,#975,#976,#977,#978,#979,#980,#981,#982,#983,
    #984,#985,#986,#987,#988,#989,#990,#991,#992,#993,#994,#995,#996,
    #997,#998,#999,#1000,#1001,#1002,#1003,#1004,#1005,#1006,#1007,#1008
    ,#1009,#1010,#1011,#1012,#1013,#1014,#1015,#1016,#1017,#1018,#1019,
    #1020,#1021,#1022,#1023,#1024,#1025,#1026,#1027,#1028,#1029,#1030,
    #1031,#1032,#1033,#1034,#1035,#1036,#1037,#1038,#1039,#1040,#1041,
    #1042,#1043,#1044,#1045,#1046,#1047,#1048,#1049,#1050,#1051,#1052,
    #1053,#1054,#1055,#1056,#1057,#1058,#1059,#1060,#1061,#1062,#1063,
    #1064,#1065,#1066,#1067,#1068,#1069,#1070,#1071,#1072,#1073,#1074,
    #1075,#1076,#1077,#1078,#1079,#1080,#1081,#1082,#1083,#1084,#1085,
    #1086,#1087,#1088,#1089,#1090,#1091,#1092,#1093,#1094,#1095,#1096,
    #1097,#1098,#1099,#1100,#1101,#1102,#1103,#1104,#1105,#1106,#1107,
    #1108,#1109,#1110,#1111,#1112,#1113,#1114),.UNSPECIFIED.,.F.,.F.,(9,
    7,7,7,7,7,7,7,7,7,7,7,7,7,7,7,7,7,7,7,7,7,7,9),(0.,
    6.601898228088E-02,0.149076231886,0.274550632772,0.312203096011,
    0.352786676868,0.377484376513,0.393105789255,0.413068225441,
    0.430377411916,0.446017120587,0.500522190995,0.554037160255,
    0.569676804587,0.586985845954,0.606947891547,0.622568620458,
    0.647263556873,0.67902026824,0.69876712462,0.770668534935,
    0.85080632144,0.932088243764,1.),.UNSPECIFIED.);
#952 = CARTESIAN_POINT('',(2.926765169933,-0.652738866201,10.38155588091
    ));
#953 = CARTESIAN_POINT('',(2.985205764401,-0.680814694075,
    10.340862672595));
#954 = CARTESIAN_POINT('',(3.04435431094,-0.70678864269,10.299273780125)
  );
#955 = CARTESIAN_POINT('',(3.104018710558,-0.730902942098,
    10.256893039914));
#956 = CARTESIAN_POINT('',(3.164050357501,-0.753342335261,
    10.213798271167));
#957 = CARTESIAN_POINT('',(3.224332808215,-0.774256010379,
    10.170047505182));
#958 = CARTESIAN_POINT('',(3.284774145706,-0.793771749351,
    10.125682627195));
#959 = CARTESIAN_POINT('',(3.345303039287,-0.812002292397,
    10.080730430796));
#960 = CARTESIAN_POINT('',(3.48206477528,-0.850483671006,9.977921464465)
  );
#961 = CARTESIAN_POINT('',(3.558296967096,-0.870036056675,9.919744761746
    ));
#962 = CARTESIAN_POINT('',(3.634445971789,-0.887891481695,9.860705415876
    ));
#963 = CARTESIAN_POINT('',(3.710406995872,-0.904200442715,9.800823634488
    ));
#964 = CARTESIAN_POINT('',(3.786084695038,-0.919086258128,9.740107214503
    ));
#965 = CARTESIAN_POINT('',(3.861388173166,-0.932652878147,9.678551114688
    ));
#966 = CARTESIAN_POINT('',(3.936225841086,-0.944987774,9.616134780005));
#967 = CARTESIAN_POINT('',(4.122706144589,-0.973037621359,9.457163518242
    ));
#968 = CARTESIAN_POINT('',(4.233398256598,-0.987226904293,9.359647080394
    ));
#969 = CARTESIAN_POINT('',(4.342457449802,-0.999022187156,9.259964224241
    ));
#970 = CARTESIAN_POINT('',(4.449543812607,-1.008544174242,9.157825426194
    ));
#971 = CARTESIAN_POINT('',(4.554073617,-1.015872167504,9.052947184572));
#972 = CARTESIAN_POINT('',(4.655066286924,-1.020811707783,8.944970537055
    ));
#973 = CARTESIAN_POINT('',(4.751090526341,-1.023147759327,8.833412765509
    ));
#974 = CARTESIAN_POINT('',(4.865903300507,-1.020926753702,8.68219566196)
  );
#975 = CARTESIAN_POINT('',(4.891690711899,-1.020050232958,8.646888865908
    ));
#976 = CARTESIAN_POINT('',(4.916688493347,-1.018771456125,8.611152528974
    ));
#977 = CARTESIAN_POINT('',(4.940800566108,-1.017042897837,8.574970088235
    ));
#978 = CARTESIAN_POINT('',(4.963909741231,-1.01480520502,8.538334652107)
  );
#979 = CARTESIAN_POINT('',(4.985879792297,-1.011984715064,8.501250462414
    ));
#980 = CARTESIAN_POINT('',(5.00656092669,-1.008491175843,8.463735816401)
  );
#981 = CARTESIAN_POINT('',(5.046533976558,-0.999607325377,8.384968042065
    ));
#982 = CARTESIAN_POINT('',(5.065602566938,-0.99408841971,8.343631570725)
  );
#983 = CARTESIAN_POINT('',(5.082787338472,-0.987525735743,8.301904628879
    ));
#984 = CARTESIAN_POINT('',(5.097871646449,-0.979768595572,8.259911558653
    ));
#985 = CARTESIAN_POINT('',(5.110660249503,-0.970649935536,8.217817958394
    ));
#986 = CARTESIAN_POINT('',(5.121023132698,-0.960000563234,8.175835697161
    ));
#987 = CARTESIAN_POINT('',(5.128934875212,-0.947678504946,8.134223280249
    ));
#988 = CARTESIAN_POINT('',(5.137858172277,-0.925057029097,8.068356017964
    ));
#989 = CARTESIAN_POINT('',(5.140359252761,-0.915852010029,8.043676952862
    ));
#990 = CARTESIAN_POINT('',(5.142004581916,-0.905982811035,8.019301751636
    ));
#991 = CARTESIAN_POINT('',(5.142829902534,-0.895438047711,7.995287488731
    ));
#992 = CARTESIAN_POINT('',(5.142884037493,-0.884212467493,7.971684991457
    ));
#993 = CARTESIAN_POINT('',(5.142225323352,-0.872306980026,7.948539054773
    ));
#994 = CARTESIAN_POINT('',(5.140918043964,-0.859728687537,7.925888656051
    ));
#995 = CARTESIAN_POINT('',(5.137833948778,-0.838117961103,7.889775224402
    ));
#996 = CARTESIAN_POINT('',(5.136406141611,-0.829480513772,7.875993858271
    ));
#997 = CARTESIAN_POINT('',(5.134762255556,-0.820581273578,7.862430736123
    ));
#998 = CARTESIAN_POINT('',(5.132919341736,-0.811423570443,7.849092417518
    ));
#999 = CARTESIAN_POINT('',(5.130894466627,-0.802011253218,7.835984459398
    ));
#1000 = CARTESIAN_POINT('',(5.128704489286,-0.792348579058,
    7.823111518575));
#1001 = CARTESIAN_POINT('',(5.126365838576,-0.782440102805,7.81047745422
    ));
#1002 = CARTESIAN_POINT('',(5.120735925415,-0.75932058234,7.782249795634
    ));
#1003 = CARTESIAN_POINT('',(5.117360586991,-0.745957167413,
    7.766809693412));
#1004 = CARTESIAN_POINT('',(5.113801360481,-0.732210018295,7.75177138835
    ));
#1005 = CARTESIAN_POINT('',(5.110089691056,-0.718089640286,
    7.737139811133));
#1006 = CARTESIAN_POINT('',(5.10625527132,-0.703607104259,7.722918739953
    ));
#1007 = CARTESIAN_POINT('',(5.102325928929,-0.68877380365,7.709110982023
    ));
#1008 = CARTESIAN_POINT('',(5.098327514211,-0.673601211449,
    7.695718555077));
#1009 = CARTESIAN_POINT('',(5.09077752161,-0.644660277113,7.671491808631
    ));
#1010 = CARTESIAN_POINT('',(5.087237306708,-0.630973480819,
    7.660554260009));
#1011 = CARTESIAN_POINT('',(5.083678627335,-0.61704782894,7.649931132706
    ));
#1012 = CARTESIAN_POINT('',(5.080116011872,-0.602890963953,
    7.639623216526));
#1013 = CARTESIAN_POINT('',(5.076563032831,-0.588510590183,
    7.629631181378));
#1014 = CARTESIAN_POINT('',(5.073032306851,-0.573914473799,
    7.619955577279));
#1015 = CARTESIAN_POINT('',(5.0695354947,-0.559110442817,7.610596834351)
  );
#1016 = CARTESIAN_POINT('',(5.062964073253,-0.530549478418,
    7.593385754401));
#1017 = CARTESIAN_POINT('',(5.059881357269,-0.516829285267,
    7.585475245118));
#1018 = CARTESIAN_POINT('',(5.056843069477,-0.502951619353,
    7.577824011092));
#1019 = CARTESIAN_POINT('',(5.053856634874,-0.488922323488,
    7.570432320314));
#1020 = CARTESIAN_POINT('',(5.050928987294,-0.474747271584,
    7.563300432646));
#1021 = CARTESIAN_POINT('',(5.048066569412,-0.460432368654,
    7.556428599824));
#1022 = CARTESIAN_POINT('',(5.045275332743,-0.445983550811,
    7.549817065459));
#1023 = CARTESIAN_POINT('',(5.033100254697,-0.380606118273,
    7.521332550092));
#1024 = CARTESIAN_POINT('',(5.02457171565,-0.328255037492,7.502364961606
    ));
#1025 = CARTESIAN_POINT('',(5.017207334203,-0.274600679824,
    7.486570481097));
#1026 = CARTESIAN_POINT('',(5.011178064561,-0.219900535817,
    7.473960988518));
#1027 = CARTESIAN_POINT('',(5.00660443285,-0.1644181698,7.464547564131)
  );
#1028 = CARTESIAN_POINT('',(5.003563782606,-0.108419555905,7.45833747516
    ));
#1029 = CARTESIAN_POINT('',(5.002093934346,-5.217002995535E-02,
    7.455333647233));
#1030 = CARTESIAN_POINT('',(5.002290779843,5.928473196553E-02,
    7.455735906877));
#1031 = CARTESIAN_POINT('',(5.003900974222,0.114484541797,7.459026525308
    ));
#1032 = CARTESIAN_POINT('',(5.007022002574,0.169419264724,7.465407687742
    ));
#1033 = CARTESIAN_POINT('',(5.01161535238,0.223837847385,7.474876338065)
  );
#1034 = CARTESIAN_POINT('',(5.017605605333,0.277488727077,7.487425438981
    ));
#1035 = CARTESIAN_POINT('',(5.024876977134,0.330122633685,7.503044498098
    ));
#1036 = CARTESIAN_POINT('',(5.033266630145,0.381495957029,7.521722333312
    ));
#1037 = CARTESIAN_POINT('',(5.045269196226,0.445951638018,7.549802552401
    ));
#1038 = CARTESIAN_POINT('',(5.048060283683,0.460400659529,7.55641355975)
  );
#1039 = CARTESIAN_POINT('',(5.05092256156,0.474715776954,7.563284864044)
  );
#1040 = CARTESIAN_POINT('',(5.053850079036,0.488891054204,7.570416221676
    ));
#1041 = CARTESIAN_POINT('',(5.056836394169,0.502920586289,7.577807380921
    ));
#1042 = CARTESIAN_POINT('',(5.059874573899,0.516798499316,7.585458081936
    ));
#1043 = CARTESIAN_POINT('',(5.062957194051,0.530518950495,7.593368056754
    ));
#1044 = CARTESIAN_POINT('',(5.069528426444,0.559080417461,7.610577969133
    ));
#1045 = CARTESIAN_POINT('',(5.073025147939,0.573884697149,7.619936075952
    ));
#1046 = CARTESIAN_POINT('',(5.076555800235,0.58848107747,7.629611039549)
  );
#1047 = CARTESIAN_POINT('',(5.080108723969,0.602861730533,7.639602429891
    ));
#1048 = CARTESIAN_POINT('',(5.083671303993,0.617018890278,7.649909697105
    ));
#1049 = CARTESIAN_POINT('',(5.087229969376,0.630944852482,7.660532171483
    ));
#1050 = CARTESIAN_POINT('',(5.090770193405,0.644631974754,7.67146906348)
  );
#1051 = CARTESIAN_POINT('',(5.098320214,0.673573471535,7.695694243642));
#1052 = CARTESIAN_POINT('',(5.102318656817,0.688746312736,7.709085750546
    ));
#1053 = CARTESIAN_POINT('',(5.106248064846,0.70357989107,7.722892575245)
  );
#1054 = CARTESIAN_POINT('',(5.110082591486,0.718062734,7.737112700822));
#1055 = CARTESIAN_POINT('',(5.113794412984,0.732183448476,7.751743321187
    ));
#1056 = CARTESIAN_POINT('',(5.117353840702,0.745930963874,7.766780659637
    ));
#1057 = CARTESIAN_POINT('',(5.120729433386,0.759294774944,7.782219787414
    ));
#1058 = CARTESIAN_POINT('',(5.126359841191,0.782414808673,7.810445399385
    ));
#1059 = CARTESIAN_POINT('',(5.128698716688,0.792323402213,7.823078381952
    ));
#1060 = CARTESIAN_POINT('',(5.130888962941,0.801986223761,7.835950227421
    ));
#1061 = CARTESIAN_POINT('',(5.132914153983,0.811398718621,7.849057078351
    ));
#1062 = CARTESIAN_POINT('',(5.134757433514,0.820556629601,7.862394279945
    ));
#1063 = CARTESIAN_POINT('',(5.136401737553,0.829456107612,7.875956277597
    ));
#1064 = CARTESIAN_POINT('',(5.137830017091,0.838093822264,7.889736514434
    ));
#1065 = CARTESIAN_POINT('',(5.14091534727,0.859704411285,7.925845520291)
  );
#1066 = CARTESIAN_POINT('',(5.142223552239,0.872282430782,7.948492545608
    ));
#1067 = CARTESIAN_POINT('',(5.142883431643,0.884187807387,7.971635051452
    ));
#1068 = CARTESIAN_POINT('',(5.142830717036,0.895413435184,7.995234083505
    ));
#1069 = CARTESIAN_POINT('',(5.142007080511,0.905958396385,8.019244871312
    ));
#1070 = CARTESIAN_POINT('',(5.140363699662,0.91582793182,8.04361661311)
  );
#1071 = CARTESIAN_POINT('',(5.137864822551,0.92503341142,8.068292260653)
  );
#1072 = CARTESIAN_POINT('',(5.13015315813,0.944598702895,8.125249350229)
  );
#1073 = CARTESIAN_POINT('',(5.124367408906,0.954539035728,8.157697789775
    ));
#1074 = CARTESIAN_POINT('',(5.117091538683,0.963446863851,8.190414664501
    ));
#1075 = CARTESIAN_POINT('',(5.108326270766,0.971382084752,8.223272937059
    ));
#1076 = CARTESIAN_POINT('',(5.098111085735,0.978418379129,8.256160045742
    ));
#1077 = CARTESIAN_POINT('',(5.086516887328,0.984633883939,8.288979203891
    ));
#1078 = CARTESIAN_POINT('',(5.073635846549,0.990105092132,8.321649443895
    ));
#1079 = CARTESIAN_POINT('',(5.05082106445,0.99788800753,8.374285446069)
  );
#1080 = CARTESIAN_POINT('',(5.041613311146,1.000612632846,8.394387150492
    ));
#1081 = CARTESIAN_POINT('',(5.031967875876,1.003095561642,8.414396831524
    ));
#1082 = CARTESIAN_POINT('',(5.021908143704,1.005353533985,8.434304419395
    ));
#1083 = CARTESIAN_POINT('',(5.011457571748,1.00740224043,8.454102260265)
  );
#1084 = CARTESIAN_POINT('',(5.000639087957,1.009256239073,8.473784914391
    ));
#1085 = CARTESIAN_POINT('',(4.989474489882,1.010928872615,8.493348954287
    ));
#1086 = CARTESIAN_POINT('',(4.936144592283,1.017905983791,8.5835907286)
  );
#1087 = CARTESIAN_POINT('',(4.89003741555,1.021128093209,8.652702197522)
  );
#1088 = CARTESIAN_POINT('',(4.840576261445,1.022704264272,8.720197965382
    ));
#1089 = CARTESIAN_POINT('',(4.788505343891,1.022979544061,8.786177711061
    ));
#1090 = CARTESIAN_POINT('',(4.734377567842,1.022167389091,8.850745841084
    ));
#1091 = CARTESIAN_POINT('',(4.678581393511,1.020406954107,8.914020452236
    ));
#1092 = CARTESIAN_POINT('',(4.621375262142,1.017781826214,8.976149661941
    ));
#1093 = CARTESIAN_POINT('',(4.497702458041,1.010490109333,9.105475375307
    ));
#1094 = CARTESIAN_POINT('',(4.431016391803,1.005629679787,9.172343180341
    ));
#1095 = CARTESIAN_POINT('',(4.363113201671,0.999818231853,9.238063110601
    ));
#1096 = CARTESIAN_POINT('',(4.294200521961,0.993073132913,9.30273675032)
  );
#1097 = CARTESIAN_POINT('',(4.224436670229,0.985382642133,9.366437060508
    ));
#1098 = CARTESIAN_POINT('',(4.153948075513,0.976717186797,9.429221625999
    ));
#1099 = CARTESIAN_POINT('',(4.082838391447,0.967032343903,9.491139217596
    ));
#1100 = CARTESIAN_POINT('',(3.938517255142,0.945340962607,9.614192315964
    ));
#1101 = CARTESIAN_POINT('',(3.865304714807,0.933305529128,9.675292195776
    ));
#1102 = CARTESIAN_POINT('',(3.791643521786,0.920092710524,9.735567476973
    ));
#1103 = CARTESIAN_POINT('',(3.71761980728,0.905621106379,9.795037735504)
  );
#1104 = CARTESIAN_POINT('',(3.643318796854,0.889794144465,9.853708363176
    ));
#1105 = CARTESIAN_POINT('',(3.568829437161,0.872497544683,9.911573004733
    ));
#1106 = CARTESIAN_POINT('',(3.494248837684,0.853592534415,9.968614023819
    ));
#1107 = CARTESIAN_POINT('',(3.357389065908,0.815620045225,
    10.071745705571));
#1108 = CARTESIAN_POINT('',(3.295119488033,0.797094590187,
    10.118082898655));
#1109 = CARTESIAN_POINT('',(3.232931331718,0.777226069114,
    10.163803162299));
#1110 = CARTESIAN_POINT('',(3.170900314468,0.755893948577,
    10.208878718814));
#1111 = CARTESIAN_POINT('',(3.109124478219,0.732961442814,
    10.253265279375));
#1112 = CARTESIAN_POINT('',(3.047728576545,0.708268449261,
    10.296900915907));
#1113 = CARTESIAN_POINT('',(2.986872704339,0.681615519584,
    10.339701953153));
#1114 = CARTESIAN_POINT('',(2.926765169933,0.652738866201,10.38155588091
    ));
#1115 = PCURVE('',#408,#1116);
#1116 = DEFINITIONAL_REPRESENTATION('',(#1117),#1281);
#1117 = B_SPLINE_CURVE_WITH_KNOTS('',8,(#1118,#1119,#1120,#1121,#1122,
    #1123,#1124,#1125,#1126,#1127,#1128,#1129,#1130,#1131,#1132,#1133,
    #1134,#1135,#1136,#1137,#1138,#1139,#1140,#1141,#1142,#1143,#1144,
    #1145,#1146,#1147,#1148,#1149,#1150,#1151,#1152,#1153,#1154,#1155,
    #1156,#1157,#1158,#1159,#1160,#1161,#1162,#1163,#1164,#1165,#1166,
    #1167,#1168,#1169,#1170,#1171,#1172,#1173,#1174,#1175,#1176,#1177,
    #1178,#1179,#1180,#1181,#1182,#1183,#1184,#1185,#1186,#1187,#1188,
    #1189,#1190,#1191,#1192,#1193,#1194,#1195,#1196,#1197,#1198,#1199,
    #1200,#1201,#1202,#1203,#1204,#1205,#1206,#1207,#1208,#1209,#1210,
    #1211,#1212,#1213,#1214,#1215,#1216,#1217,#1218,#1219,#1220,#1221,
    #1222,#1223,#1224,#1225,#1226,#1227,#1228,#1229,#1230,#1231,#1232,
    #1233,#1234,#1235,#1236,#1237,#1238,#1239,#1240,#1241,#1242,#1243,
    #1244,#1245,#1246,#1247,#1248,#1249,#1250,#1251,#1252,#1253,#1254,
    #1255,#1256,#1257,#1258,#1259,#1260,#1261,#1262,#1263,#1264,#1265,
    #1266,#1267,#1268,#1269,#1270,#1271,#1272,#1273,#1274,#1275,#1276,
    #1277,#1278,#1279,#1280),.UNSPECIFIED.,.F.,.F.,(9,7,7,7,7,7,7,7,7,7,
    7,7,7,7,7,7,7,7,7,7,7,7,7,9),(0.,6.601898228088E-02,0.149076231886,
    0.274550632772,0.312203096011,0.352786676868,0.377484376513,
    0.393105789255,0.413068225441,0.430377411916,0.446017120587,
    0.500522190995,0.554037160255,0.569676804587,0.586985845954,
    0.606947891547,0.622568620458,0.647263556873,0.67902026824,
    0.69876712462,0.770668534935,0.85080632144,0.932088243764,1.),
  .UNSPECIFIED.);
#1118 = CARTESIAN_POINT('',(3.764323568261,3.780237665172));
#1119 = CARTESIAN_POINT('',(3.795208143994,3.711938087527));
#1120 = CARTESIAN_POINT('',(3.824563244414,3.642496849576));
#1121 = CARTESIAN_POINT('',(3.852564879798,3.57211510452));
#1122 = CARTESIAN_POINT('',(3.879339087866,3.500946505526));
#1123 = CARTESIAN_POINT('',(3.904981742292,3.429109152353));
#1124 = CARTESIAN_POINT('',(3.929571234962,3.356693208024));
#1125 = CARTESIAN_POINT('',(3.953174031993,3.283764185547));
#1126 = CARTESIAN_POINT('',(4.004362639366,3.118015864935));
#1127 = CARTESIAN_POINT('',(4.031396607852,3.024947306287));
#1128 = CARTESIAN_POINT('',(4.057047140364,2.931257581021));
#1129 = CARTESIAN_POINT('',(4.081379137867,2.837027987344));
#1130 = CARTESIAN_POINT('',(4.104430679719,2.742324229774));
#1131 = CARTESIAN_POINT('',(4.126217914014,2.647199212756));
#1132 = CARTESIAN_POINT('',(4.146734429462,2.55169416753));
#1133 = CARTESIAN_POINT('',(4.194966639008,2.311028584303));
#1134 = CARTESIAN_POINT('',(4.220948691258,2.16571208237));
#1135 = CARTESIAN_POINT('',(4.243849196016,2.019726047949));
#1136 = CARTESIAN_POINT('',(4.263388587512,1.873057095268));
#1137 = CARTESIAN_POINT('',(4.279104218386,1.725848999399));
#1138 = CARTESIAN_POINT('',(4.290118214942,1.578434801951));
#1139 = CARTESIAN_POINT('',(4.295192653452,1.431332809581));
#1140 = CARTESIAN_POINT('',(4.290335759588,1.241532984051));
#1141 = CARTESIAN_POINT('',(4.288422167291,1.197855272263));
#1142 = CARTESIAN_POINT('',(4.285640142493,1.154336123374));
#1143 = CARTESIAN_POINT('',(4.281902636424,1.111022691356));
#1144 = CARTESIAN_POINT('',(4.277109839135,1.067982877925));
#1145 = CARTESIAN_POINT('',(4.271150133789,1.025305177394));
#1146 = CARTESIAN_POINT('',(4.263903611805,0.983097535677));
#1147 = CARTESIAN_POINT('',(4.245918887263,0.896633532726));
#1148 = CARTESIAN_POINT('',(4.234948408096,0.852451780742));
#1149 = CARTESIAN_POINT('',(4.222190657634,0.809143291323));
#1150 = CARTESIAN_POINT('',(4.207509559984,0.766940568546));
#1151 = CARTESIAN_POINT('',(4.190793914623,0.726094928005));
#1152 = CARTESIAN_POINT('',(4.171987845125,0.686853006861));
#1153 = CARTESIAN_POINT('',(4.151122322185,0.649432431971));
#1154 = CARTESIAN_POINT('',(4.1144646996,0.592451460321));
#1155 = CARTESIAN_POINT('',(4.099880540252,0.571628593984));
#1156 = CARTESIAN_POINT('',(4.084609012965,0.551577967337));
#1157 = CARTESIAN_POINT('',(4.068685951914,0.53232176939));
#1158 = CARTESIAN_POINT('',(4.052152969629,0.513869134915));
#1159 = CARTESIAN_POINT('',(4.035055608134,0.496218542155));
#1160 = CARTESIAN_POINT('',(4.017441490074,0.47936021055));
#1161 = CARTESIAN_POINT('',(3.987920873379,0.453106738894));
#1162 = CARTESIAN_POINT('',(3.976294843475,0.443244940274));
#1163 = CARTESIAN_POINT('',(3.96449178727,0.433688570518));
#1164 = CARTESIAN_POINT('',(3.952522818932,0.424432086253));
#1165 = CARTESIAN_POINT('',(3.94039865313,0.415469152093));
#1166 = CARTESIAN_POINT('',(3.928129498502,0.406792859912));
#1167 = CARTESIAN_POINT('',(3.915724951115,0.398395948133));
#1168 = CARTESIAN_POINT('',(3.887180576382,0.379888263564));
#1169 = CARTESIAN_POINT('',(3.870960943373,0.369949845765));
#1170 = CARTESIAN_POINT('',(3.854553327584,0.360439967705));
#1171 = CARTESIAN_POINT('',(3.837974627613,0.351342814098));
#1172 = CARTESIAN_POINT('',(3.821240262001,0.342642766188));
#1173 = CARTESIAN_POINT('',(3.804364129252,0.334324613668));
#1174 = CARTESIAN_POINT('',(3.787358567851,0.326373766589));
#1175 = CARTESIAN_POINT('',(3.755386085298,0.312188941119));
#1176 = CARTESIAN_POINT('',(3.740448876805,0.305867299954));
#1177 = CARTESIAN_POINT('',(3.725429749789,0.299802571186));
#1178 = CARTESIAN_POINT('',(3.710335208732,0.293986286375));
#1179 = CARTESIAN_POINT('',(3.695171203615,0.28841048124));
#1180 = CARTESIAN_POINT('',(3.679943129922,0.283067695655));
#1181 = CARTESIAN_POINT('',(3.664655828636,0.277950973652));
#1182 = CARTESIAN_POINT('',(3.635451109123,0.268629081377));
#1183 = CARTESIAN_POINT('',(3.621543888547,0.264383584182));
#1184 = CARTESIAN_POINT('',(3.607595126182,0.260312637233));
#1185 = CARTESIAN_POINT('',(3.593607806355,0.25641180672));
#1186 = CARTESIAN_POINT('',(3.579584696046,0.25267695962));
#1187 = CARTESIAN_POINT('',(3.565528344897,0.249104263694));
#1188 = CARTESIAN_POINT('',(3.551441085201,0.245690187491));
#1189 = CARTESIAN_POINT('',(3.488129967315,0.231074832782));
#1190 = CARTESIAN_POINT('',(3.438589039427,0.221606016684));
#1191 = CARTESIAN_POINT('',(3.388788411939,0.213885450169));
#1192 = CARTESIAN_POINT('',(3.338797001428,0.207815504222));
#1193 = CARTESIAN_POINT('',(3.288671649759,0.203329459087));
#1194 = CARTESIAN_POINT('',(3.238461213818,0.200384622029));
#1195 = CARTESIAN_POINT('',(3.188209572592,0.198959626485));
#1196 = CARTESIAN_POINT('',(3.088618373799,0.199150449612));
#1197 = CARTESIAN_POINT('',(3.039284105664,0.200711488905));
#1198 = CARTESIAN_POINT('',(2.989993469714,0.203739565857));
#1199 = CARTESIAN_POINT('',(2.940788247441,0.208256377921));
#1200 = CARTESIAN_POINT('',(2.891715056635,0.214303593392));
#1201 = CARTESIAN_POINT('',(2.842828116099,0.221945425662));
#1202 = CARTESIAN_POINT('',(2.794192997731,0.231274972934));
#1203 = CARTESIAN_POINT('',(2.731775309279,0.245682699115));
#1204 = CARTESIAN_POINT('',(2.717688042354,0.249096457352));
#1205 = CARTESIAN_POINT('',(2.703631679927,0.252668828375));
#1206 = CARTESIAN_POINT('',(2.689608554015,0.256403343204));
#1207 = CARTESIAN_POINT('',(2.675621213945,0.260303833629));
#1208 = CARTESIAN_POINT('',(2.661672426351,0.264374432201));
#1209 = CARTESIAN_POINT('',(2.647765175174,0.268619572239));
#1210 = CARTESIAN_POINT('',(2.618560444497,0.277940671589));
#1211 = CARTESIAN_POINT('',(2.603273160859,0.283056953878));
#1212 = CARTESIAN_POINT('',(2.588045096613,0.288399285707));
#1213 = CARTESIAN_POINT('',(2.57288109203,0.293974622237));
#1214 = CARTESIAN_POINT('',(2.55778654179,0.299790422771));
#1215 = CARTESIAN_POINT('',(2.542767394981,0.305854650761));
#1216 = CARTESIAN_POINT('',(2.527830155103,0.312175773806));
#1217 = CARTESIAN_POINT('',(2.495857769196,0.326359359484));
#1218 = CARTESIAN_POINT('',(2.478852328955,0.334309471015));
#1219 = CARTESIAN_POINT('',(2.461976295836,0.34262685422));
#1220 = CARTESIAN_POINT('',(2.445242006018,0.351326097357));
#1221 = CARTESIAN_POINT('',(2.428663355427,0.360422409169));
#1222 = CARTESIAN_POINT('',(2.412255759809,0.369931407092));
#1223 = CARTESIAN_POINT('',(2.396036114807,0.379868905466));
#1224 = CARTESIAN_POINT('',(2.367491959253,0.398374683603));
#1225 = CARTESIAN_POINT('',(2.355087650585,0.40677061062));
#1226 = CARTESIAN_POINT('',(2.342818704826,0.415445879861));
#1227 = CARTESIAN_POINT('',(2.330694715792,0.424407752441));
#1228 = CARTESIAN_POINT('',(2.318725889845,0.433663136335));
#1229 = CARTESIAN_POINT('',(2.306922939411,0.443218367194));
#1230 = CARTESIAN_POINT('',(2.295296976513,0.453078989161));
#1231 = CARTESIAN_POINT('',(2.265777659213,0.479328234786));
#1232 = CARTESIAN_POINT('',(2.248164650347,0.496183355096));
#1233 = CARTESIAN_POINT('',(2.231068214217,0.513830541862));
#1234 = CARTESIAN_POINT('',(2.214535957312,0.532279584005));
#1235 = CARTESIAN_POINT('',(2.198613409917,0.551532016988));
#1236 = CARTESIAN_POINT('',(2.183342177952,0.571578725686));
#1237 = CARTESIAN_POINT('',(2.168758094801,0.592397547252));
#1238 = CARTESIAN_POINT('',(2.137054745716,0.641667599564));
#1239 = CARTESIAN_POINT('',(2.120397605904,0.67060743121));
#1240 = CARTESIAN_POINT('',(2.104982148918,0.700688534271));
#1241 = CARTESIAN_POINT('',(2.090834073704,0.731811319768));
#1242 = CARTESIAN_POINT('',(2.077946584195,0.763863259728));
#1243 = CARTESIAN_POINT('',(2.066287203749,0.796724487322));
#1244 = CARTESIAN_POINT('',(2.055805402787,0.830274181812));
#1245 = CARTESIAN_POINT('',(2.040618121364,0.885616338713));
#1246 = CARTESIAN_POINT('',(2.035226145037,0.90706091749));
#1247 = CARTESIAN_POINT('',(2.030249803206,0.928707371637));
#1248 = CARTESIAN_POINT('',(2.025672625498,0.95053321999));
#1249 = CARTESIAN_POINT('',(2.021477442016,0.972517821654));
#1250 = CARTESIAN_POINT('',(2.017646846766,0.994642594458));
#1251 = CARTESIAN_POINT('',(2.014163661077,1.016891233395));
#1252 = CARTESIAN_POINT('',(1.999533507751,1.120661457141));
#1253 = CARTESIAN_POINT('',(1.992457717234,1.203425674174));
#1254 = CARTESIAN_POINT('',(1.988939255786,1.287026323987));
#1255 = CARTESIAN_POINT('',(1.988330397171,1.371075827051));
#1256 = CARTESIAN_POINT('',(1.990148165073,1.455309921087));
#1257 = CARTESIAN_POINT('',(1.994032820561,1.539577856715));
#1258 = CARTESIAN_POINT('',(1.999714778402,1.623833614397));
#1259 = CARTESIAN_POINT('',(2.015135821414,1.802090249452));
#1260 = CARTESIAN_POINT('',(2.02525328298,1.895971808383));
#1261 = CARTESIAN_POINT('',(2.037081087228,1.989718678245));
#1262 = CARTESIAN_POINT('',(2.050432644133,2.083280296406));
#1263 = CARTESIAN_POINT('',(2.065180698913,2.176614601798));
#1264 = CARTESIAN_POINT('',(2.081236255515,2.269687474472));
#1265 = CARTESIAN_POINT('',(2.098539395806,2.362472157985));
#1266 = CARTESIAN_POINT('',(2.135849042279,2.548745468278));
#1267 = CARTESIAN_POINT('',(2.155886690058,2.642206973091));
#1268 = CARTESIAN_POINT('',(2.177141834823,2.735305530501));
#1269 = CARTESIAN_POINT('',(2.199607669032,2.828002558143));
#1270 = CARTESIAN_POINT('',(2.223298239203,2.920248971026));
#1271 = CARTESIAN_POINT('',(2.248247802699,3.011984190203));
#1272 = CARTESIAN_POINT('',(2.274514982657,3.103133728929));
#1273 = CARTESIAN_POINT('',(2.325315877858,3.269195191388));
#1274 = CARTESIAN_POINT('',(2.349418769889,3.344293501619));
#1275 = CARTESIAN_POINT('',(2.374555950521,3.418859462016));
#1276 = CARTESIAN_POINT('',(2.400797930969,3.492824048471));
#1277 = CARTESIAN_POINT('',(2.428228114022,3.566091392259));
#1278 = CARTESIAN_POINT('',(2.456948936704,3.638535156314));
#1279 = CARTESIAN_POINT('',(2.487096221894,3.709989933254));
#1280 = CARTESIAN_POINT('',(2.518861738918,3.780237665172));
#1281 = ( GEOMETRIC_REPRESENTATION_CONTEXT(2) 
PARAMETRIC_REPRESENTATION_CONTEXT() REPRESENTATION_CONTEXT('2D SPACE',''
  ) );
#1282 = PCURVE('',#1283,#1288);
#1283 = TOROIDAL_SURFACE('',#1284,10.,1.02187);
#1284 = AXIS2_PLACEMENT_3D('',#1285,#1286,#1287);
#1285 = CARTESIAN_POINT('',(0.,0.,0.));
#1286 = DIRECTION('',(0.,-1.,1.110223024625E-16));
#1287 = DIRECTION('',(1.,0.,0.));
#1288 = DEFINITIONAL_REPRESENTATION('',(#1289),#1453);
#1289 = B_SPLINE_CURVE_WITH_KNOTS('',8,(#1290,#1291,#1292,#1293,#1294,
    #1295,#1296,#1297,#1298,#1299,#1300,#1301,#1302,#1303,#1304,#1305,
    #1306,#1307,#1308,#1309,#1310,#1311,#1312,#1313,#1314,#1315,#1316,
    #1317,#1318,#1319,#1320,#1321,#1322,#1323,#1324,#1325,#1326,#1327,
    #1328,#1329,#1330,#1331,#1332,#1333,#1334,#1335,#1336,#1337,#1338,
    #1339,#1340,#1341,#1342,#1343,#1344,#1345,#1346,#1347,#1348,#1349,
    #1350,#1351,#1352,#1353,#1354,#1355,#1356,#1357,#1358,#1359,#1360,
    #1361,#1362,#1363,#1364,#1365,#1366,#1367,#1368,#1369,#1370,#1371,
    #1372,#1373,#1374,#1375,#1376,#1377,#1378,#1379,#1380,#1381,#1382,
    #1383,#1384,#1385,#1386,#1387,#1388,#1389,#1390,#1391,#1392,#1393,
    #1394,#1395,#1396,#1397,#1398,#1399,#1400,#1401,#1402,#1403,#1404,
    #1405,#1406,#1407,#1408,#1409,#1410,#1411,#1412,#1413,#1414,#1415,
    #1416,#1417,#1418,#1419,#1420,#1421,#1422,#1423,#1424,#1425,#1426,
    #1427,#1428,#1429,#1430,#1431,#1432,#1433,#1434,#1435,#1436,#1437,
    #1438,#1439,#1440,#1441,#1442,#1443,#1444,#1445,#1446,#1447,#1448,
    #1449,#1450,#1451,#1452),.UNSPECIFIED.,.F.,.F.,(9,7,7,7,7,7,7,7,7,7,
    7,7,7,7,7,7,7,7,7,7,7,7,7,9),(0.,6.601898228088E-02,0.149076231886,
    0.274550632772,0.312203096011,0.352786676868,0.377484376513,
    0.393105789255,0.413068225441,0.430377411916,0.446017120587,
    0.500522190995,0.554037160255,0.569676804587,0.586985845954,
    0.606947891547,0.622568620458,0.647263556873,0.67902026824,
    0.69876712462,0.770668534935,0.85080632144,0.932088243764,1.),
  .UNSPECIFIED.);
#1290 = CARTESIAN_POINT('',(1.29600837069,0.69289723489));
#1291 = CARTESIAN_POINT('',(1.289769869856,0.728606880464));
#1292 = CARTESIAN_POINT('',(1.283414848794,0.762852967917));
#1293 = CARTESIAN_POINT('',(1.276961248229,0.79583984894));
#1294 = CARTESIAN_POINT('',(1.270422911726,0.827719201912));
#1295 = CARTESIAN_POINT('',(1.263810617583,0.858611985223));
#1296 = CARTESIAN_POINT('',(1.257132729264,0.88862299498));
#1297 = CARTESIAN_POINT('',(1.250395464372,0.917848027107));
#1298 = CARTESIAN_POINT('',(1.235057035473,0.982261189888));
#1299 = CARTESIAN_POINT('',(1.226426032528,1.017032080816));
#1300 = CARTESIAN_POINT('',(1.217719709867,1.050853120906));
#1301 = CARTESIAN_POINT('',(1.208946471949,1.083862874874));
#1302 = CARTESIAN_POINT('',(1.200113582846,1.116184281058));
#1303 = CARTESIAN_POINT('',(1.191227463108,1.147935445097));
#1304 = CARTESIAN_POINT('',(1.182293891826,1.179238614079));
#1305 = CARTESIAN_POINT('',(1.159758426271,1.257041916627));
#1306 = CARTESIAN_POINT('',(1.146129963672,1.303044697308));
#1307 = CARTESIAN_POINT('',(1.132426340156,1.348786811358));
#1308 = CARTESIAN_POINT('',(1.118658299325,1.394820479029));
#1309 = CARTESIAN_POINT('',(1.104855590071,1.441746327615));
#1310 = CARTESIAN_POINT('',(1.09107562483,1.490480520007));
#1311 = CARTESIAN_POINT('',(1.077405124135,1.542234123133));
#1312 = CARTESIAN_POINT('',(1.059975529525,1.617110603824));
#1313 = CARTESIAN_POINT('',(1.055979119707,1.634906918517));
#1314 = CARTESIAN_POINT('',(1.05201401678,1.653289850855));
#1315 = CARTESIAN_POINT('',(1.048087010418,1.672337025098));
#1316 = CARTESIAN_POINT('',(1.04420715026,1.692133042731));
#1317 = CARTESIAN_POINT('',(1.040385696581,1.712769535544));
#1318 = CARTESIAN_POINT('',(1.036635882388,1.734342846718));
#1319 = CARTESIAN_POINT('',(1.029023908547,1.781315672561));
#1320 = CARTESIAN_POINT('',(1.025173813346,1.806893941801));
#1321 = CARTESIAN_POINT('',(1.021444861069,1.833782030853));
#1322 = CARTESIAN_POINT('',(1.017862015712,1.8620639329));
#1323 = CARTESIAN_POINT('',(1.014451136964,1.89179951265));
#1324 = CARTESIAN_POINT('',(1.011235754889,1.923000701243));
#1325 = CARTESIAN_POINT('',(1.008233849416,1.955605000767));
#1326 = CARTESIAN_POINT('',(1.003766235081,2.010058383396));
#1327 = CARTESIAN_POINT('',(1.002158767203,2.031126480018));
#1328 = CARTESIAN_POINT('',(1.000636416154,2.052629617176));
#1329 = CARTESIAN_POINT('',(0.999199834743,2.07453286228));
#1330 = CARTESIAN_POINT('',(0.99784825402,2.096799142994));
#1331 = CARTESIAN_POINT('',(0.996579772341,2.119390192768));
#1332 = CARTESIAN_POINT('',(0.995391644423,2.142267496379));
#1333 = CARTESIAN_POINT('',(0.993577810789,2.180020375648));
#1334 = CARTESIAN_POINT('',(0.992905827527,2.19474799029));
#1335 = CARTESIAN_POINT('',(0.992263746776,2.209567419411));
#1336 = CARTESIAN_POINT('',(0.991650606452,2.224470491942));
#1337 = CARTESIAN_POINT('',(0.991065380248,2.239449573916));
#1338 = CARTESIAN_POINT('',(0.990507001657,2.254497616673));
#1339 = CARTESIAN_POINT('',(0.989974387992,2.269608205058));
#1340 = CARTESIAN_POINT('',(0.988817394305,2.304157864503));
#1341 = CARTESIAN_POINT('',(0.988208655288,2.323632559095));
#1342 = CARTESIAN_POINT('',(0.987637972158,2.343188027937));
#1343 = CARTESIAN_POINT('',(0.98710311266,2.362813851278));
#1344 = CARTESIAN_POINT('',(0.986601908571,2.382500861048));
#1345 = CARTESIAN_POINT('',(0.986132276785,2.402241150831));
#1346 = CARTESIAN_POINT('',(0.985692240393,2.422028085834));
#1347 = CARTESIAN_POINT('',(0.984922457564,2.459049128203));
#1348 = CARTESIAN_POINT('',(0.984585827595,2.476272712484));
#1349 = CARTESIAN_POINT('',(0.984268852655,2.493523493937));
#1350 = CARTESIAN_POINT('',(0.983970393341,2.510798278396));
#1351 = CARTESIAN_POINT('',(0.983689378051,2.528094249297));
#1352 = CARTESIAN_POINT('',(0.983424802982,2.545408967677));
#1353 = CARTESIAN_POINT('',(0.983175732131,2.562740372177));
#1354 = CARTESIAN_POINT('',(0.982729473797,2.595760118175));
#1355 = CARTESIAN_POINT('',(0.982529596444,2.611445605814));
#1356 = CARTESIAN_POINT('',(0.98234102626,2.627141958122));
#1357 = CARTESIAN_POINT('',(0.982163163072,2.642848018273));
#1358 = CARTESIAN_POINT('',(0.981995445517,2.658562756449));
#1359 = CARTESIAN_POINT('',(0.981837351041,2.674285269837));
#1360 = CARTESIAN_POINT('',(0.981688395899,2.690014782632));
#1361 = CARTESIAN_POINT('',(0.981059320306,2.760590819908));
#1362 = CARTESIAN_POINT('',(0.9806761093,2.815504000814));
#1363 = CARTESIAN_POINT('',(0.98037944291,2.87046728665));
#1364 = CARTESIAN_POINT('',(0.980155489254,2.925463341943));
#1365 = CARTESIAN_POINT('',(0.979994557201,2.98047938049));
#1366 = CARTESIAN_POINT('',(0.979890405709,3.035506409869));
#1367 = CARTESIAN_POINT('',(0.979839949072,3.090538737854));
#1368 = CARTESIAN_POINT('',(0.979846705209,3.199609016023));
#1369 = CARTESIAN_POINT('',(0.979901978195,3.253641151722));
#1370 = CARTESIAN_POINT('',(0.980009290515,3.307667583187));
#1371 = CARTESIAN_POINT('',(0.980171780044,3.36168280895));
#1372 = CARTESIAN_POINT('',(0.980395532664,3.415678173002));
#1373 = CARTESIAN_POINT('',(0.98068986238,3.469641409874));
#1374 = CARTESIAN_POINT('',(0.981067947982,3.523555952496));
#1375 = CARTESIAN_POINT('',(0.981688069724,3.593135820453));
#1376 = CARTESIAN_POINT('',(0.981837006793,3.608865288664));
#1377 = CARTESIAN_POINT('',(0.981995082338,3.624587758783));
#1378 = CARTESIAN_POINT('',(0.982162780047,3.640302455156));
#1379 = CARTESIAN_POINT('',(0.982340622417,3.656008475143));
#1380 = CARTESIAN_POINT('',(0.982529170749,3.671704789126));
#1381 = CARTESIAN_POINT('',(0.982729025152,3.687390240505));
#1382 = CARTESIAN_POINT('',(0.983175231686,3.720409840931));
#1383 = CARTESIAN_POINT('',(0.983424273299,3.737741136787));
#1384 = CARTESIAN_POINT('',(0.983688817478,3.755055749864));
#1385 = CARTESIAN_POINT('',(0.983969800118,3.772351619237));
#1386 = CARTESIAN_POINT('',(0.984268224913,3.789626306453));
#1387 = CARTESIAN_POINT('',(0.984585163352,3.806876995537));
#1388 = CARTESIAN_POINT('',(0.984921754723,3.82410049299));
#1389 = CARTESIAN_POINT('',(0.985691445053,3.86112114018));
#1390 = CARTESIAN_POINT('',(0.986131426196,3.880907769875));
#1391 = CARTESIAN_POINT('',(0.986600998929,3.900647764994));
#1392 = CARTESIAN_POINT('',(0.987102139915,3.920334492357));
#1393 = CARTESIAN_POINT('',(0.987636932022,3.939960047431));
#1394 = CARTESIAN_POINT('',(0.988207543248,3.959515264282));
#1395 = CARTESIAN_POINT('',(0.98881620566,3.978989725526));
#1396 = CARTESIAN_POINT('',(0.98997304186,4.013538639657));
#1397 = CARTESIAN_POINT('',(0.990505575327,4.028648710589));
#1398 = CARTESIAN_POINT('',(0.991063869417,4.043696253349));
#1399 = CARTESIAN_POINT('',(0.99164900669,4.058674854627));
#1400 = CARTESIAN_POINT('',(0.99226205356,4.073577467702));
#1401 = CARTESIAN_POINT('',(0.992904036281,4.088396460615));
#1402 = CARTESIAN_POINT('',(0.993575916933,4.10312366433));
#1403 = CARTESIAN_POINT('',(0.995389398406,4.140873978449));
#1404 = CARTESIAN_POINT('',(0.996577259395,4.163749200354));
#1405 = CARTESIAN_POINT('',(0.997845451884,4.186338286757));
#1406 = CARTESIAN_POINT('',(0.999196721346,4.208602738212));
#1407 = CARTESIAN_POINT('',(1.000632970247,4.230504300909));
#1408 = CARTESIAN_POINT('',(1.002154969075,4.252005911896));
#1409 = CARTESIAN_POINT('',(1.003762067361,4.273072644296));
#1410 = CARTESIAN_POINT('',(1.007624968689,4.320163448231));
#1411 = CARTESIAN_POINT('',(1.009935519899,4.34589052088));
#1412 = CARTESIAN_POINT('',(1.012378476345,4.370781156967));
#1413 = CARTESIAN_POINT('',(1.014945961469,4.394795957247));
#1414 = CARTESIAN_POINT('',(1.017627866211,4.417923059347));
#1415 = CARTESIAN_POINT('',(1.020412545249,4.440172192439));
#1416 = CARTESIAN_POINT('',(1.023287647394,4.46156856397));
#1417 = CARTESIAN_POINT('',(1.028077574246,4.494942333403));
#1418 = CARTESIAN_POINT('',(1.029944709003,4.507424130726));
#1419 = CARTESIAN_POINT('',(1.031839874928,4.519602269915));
#1420 = CARTESIAN_POINT('',(1.033760569819,4.531488408836));
#1421 = CARTESIAN_POINT('',(1.035704433701,4.543095207174));
#1422 = CARTESIAN_POINT('',(1.037669283749,4.554435969872));
#1423 = CARTESIAN_POINT('',(1.039653149215,4.565524290579));
#1424 = CARTESIAN_POINT('',(1.048940834282,4.615878083546));
#1425 = CARTESIAN_POINT('',(1.056447082688,4.652163579587));
#1426 = CARTESIAN_POINT('',(1.06410261892,4.685981010551));
#1427 = CARTESIAN_POINT('',(1.071853196982,4.717896968067));
#1428 = CARTESIAN_POINT('',(1.079660581251,4.748337352982));
#1429 = CARTESIAN_POINT('',(1.087500565698,4.777636623469));
#1430 = CARTESIAN_POINT('',(1.095360885344,4.806078667371));
#1431 = CARTESIAN_POINT('',(1.112023190363,4.864940476339));
#1432 = CARTESIAN_POINT('',(1.120817728613,4.895171253852));
#1433 = CARTESIAN_POINT('',(1.129610217637,4.924913405078));
#1434 = CARTESIAN_POINT('',(1.138389851263,4.954387150836));
#1435 = CARTESIAN_POINT('',(1.147148191002,4.983762177007));
#1436 = CARTESIAN_POINT('',(1.15587851142,5.013182004322));
#1437 = CARTESIAN_POINT('',(1.164575430839,5.042777630972));
#1438 = CARTESIAN_POINT('',(1.182017855018,5.102990048072));
#1439 = CARTESIAN_POINT('',(1.19076056166,5.133609988669));
#1440 = CARTESIAN_POINT('',(1.199457986283,5.16465536065));
#1441 = CARTESIAN_POINT('',(1.208104704493,5.196240789971));
#1442 = CARTESIAN_POINT('',(1.216694725977,5.228477026109));
#1443 = CARTESIAN_POINT('',(1.225221313181,5.261479009836));
#1444 = CARTESIAN_POINT('',(1.233676721202,5.295375420404));
#1445 = CARTESIAN_POINT('',(1.249049359605,5.359515954777));
#1446 = CARTESIAN_POINT('',(1.25598913202,5.389437101367));
#1447 = CARTESIAN_POINT('',(1.262867080578,5.420175832436));
#1448 = CARTESIAN_POINT('',(1.269676632243,5.451834862955));
#1449 = CARTESIAN_POINT('',(1.276408878402,5.484526411581));
#1450 = CARTESIAN_POINT('',(1.283052278434,5.518380183487));
#1451 = CARTESIAN_POINT('',(1.289591924948,5.553559856748));
#1452 = CARTESIAN_POINT('',(1.29600837069,5.590288072289));
#1453 = ( GEOMETRIC_REPRESENTATION_CONTEXT(2) 
PARAMETRIC_REPRESENTATION_CONTEXT() REPRESENTATION_CONTEXT('2D SPACE',''
  ) );
#1454 = ORIENTED_EDGE('',*,*,#1455,.F.);
#1455 = EDGE_CURVE('',#1456,#948,#1458,.T.);
#1456 = VERTEX_POINT('',#1457);
#1457 = CARTESIAN_POINT('',(3.261777594455,1.011079761231,10.65));
#1458 = SURFACE_CURVE('',#1459,(#1464,#1471),.PCURVE_S1.);
#1459 = CIRCLE('',#1460,1.11913);
#1460 = AXIS2_PLACEMENT_3D('',#1461,#1462,#1463);
#1461 = CARTESIAN_POINT('',(3.63617,0.,10.95));
#1462 = DIRECTION('',(-0.625312634961,0.,0.780374338736));
#1463 = DIRECTION('',(0.780374338736,0.,0.625312634961));
#1464 = PCURVE('',#408,#1465);
#1465 = DEFINITIONAL_REPRESENTATION('',(#1466),#1470);
#1466 = LINE('',#1467,#1468);
#1467 = CARTESIAN_POINT('',(0.,3.780237065172));
#1468 = VECTOR('',#1469,1.);
#1469 = DIRECTION('',(1.,0.));
#1470 = ( GEOMETRIC_REPRESENTATION_CONTEXT(2) 
PARAMETRIC_REPRESENTATION_CONTEXT() REPRESENTATION_CONTEXT('2D SPACE',''
  ) );
#1471 = PCURVE('',#935,#1472);
#1472 = DEFINITIONAL_REPRESENTATION('',(#1473),#1477);
#1473 = CIRCLE('',#1474,1.11913);
#1474 = AXIS2_PLACEMENT_2D('',#1475,#1476);
#1475 = CARTESIAN_POINT('',(0.,0.));
#1476 = DIRECTION('',(1.,0.));
#1477 = ( GEOMETRIC_REPRESENTATION_CONTEXT(2) 
PARAMETRIC_REPRESENTATION_CONTEXT() REPRESENTATION_CONTEXT('2D SPACE',''
  ) );
#1478 = ORIENTED_EDGE('',*,*,#1479,.F.);
#1479 = EDGE_CURVE('',#1480,#1456,#1482,.T.);
#1480 = VERTEX_POINT('',#1481);
#1481 = CARTESIAN_POINT('',(3.804687389489,1.117723664045,10.65));
#1482 = SURFACE_CURVE('',#1483,(#1488,#1500),.PCURVE_S1.);
#1483 = ELLIPSE('',#1484,1.434093798897,1.11913);
#1484 = AXIS2_PLACEMENT_3D('',#1485,#1486,#1487);
#1485 = CARTESIAN_POINT('',(3.876559491525,0.,10.65));
#1486 = DIRECTION('',(0.,0.,1.));
#1487 = DIRECTION('',(-1.,0.,0.));
#1488 = PCURVE('',#408,#1489);
#1489 = DEFINITIONAL_REPRESENTATION('',(#1490),#1499);
#1490 = B_SPLINE_CURVE_WITH_KNOTS('',7,(#1491,#1492,#1493,#1494,#1495,
    #1496,#1497,#1498),.UNSPECIFIED.,.F.,.F.,(8,8),(4.049970451175,
    5.155432178403),.PIECEWISE_BEZIER_KNOTS.);
#1491 = CARTESIAN_POINT('',(0.908377797586,2.844277613947));
#1492 = CARTESIAN_POINT('',(1.066300901475,2.955944917989));
#1493 = CARTESIAN_POINT('',(1.224224005365,3.083659687424));
#1494 = CARTESIAN_POINT('',(1.382147109255,3.222873069814));
#1495 = CARTESIAN_POINT('',(1.540070213145,3.368056233594));
#1496 = CARTESIAN_POINT('',(1.697993317034,3.513161041986));
#1497 = CARTESIAN_POINT('',(1.855916420924,3.652292122716));
#1498 = CARTESIAN_POINT('',(2.013839524814,3.780237665172));
#1499 = ( GEOMETRIC_REPRESENTATION_CONTEXT(2) 
PARAMETRIC_REPRESENTATION_CONTEXT() REPRESENTATION_CONTEXT('2D SPACE',''
  ) );
#1500 = PCURVE('',#906,#1501);
#1501 = DEFINITIONAL_REPRESENTATION('',(#1502),#1506);
#1502 = ELLIPSE('',#1503,1.434093798897,1.11913);
#1503 = AXIS2_PLACEMENT_2D('',#1504,#1505);
#1504 = CARTESIAN_POINT('',(3.876559491525,-3.553785842766E-16));
#1505 = DIRECTION('',(-1.,0.));
#1506 = ( GEOMETRIC_REPRESENTATION_CONTEXT(2) 
PARAMETRIC_REPRESENTATION_CONTEXT() REPRESENTATION_CONTEXT('2D SPACE',''
  ) );
#1507 = ORIENTED_EDGE('',*,*,#1508,.F.);
#1508 = EDGE_CURVE('',#766,#1480,#1509,.T.);
#1509 = SURFACE_CURVE('',#1510,(#1521,#1535),.PCURVE_S1.);
#1510 = B_SPLINE_CURVE_WITH_KNOTS('',5,(#1511,#1512,#1513,#1514,#1515,
    #1516,#1517,#1518,#1519,#1520),.UNSPECIFIED.,.F.,.F.,(6,4,6),(0.,
    0.800285309183,1.),.UNSPECIFIED.);
#1511 = CARTESIAN_POINT('',(3.810853941619,1.096514731567,
    11.089974715207));
#1512 = CARTESIAN_POINT('',(3.808153504865,1.105899895081,
    11.019824338884));
#1513 = CARTESIAN_POINT('',(3.806168319211,1.112690656553,
    10.949444571157));
#1514 = CARTESIAN_POINT('',(3.804879533672,1.117071576863,
    10.878961053474));
#1515 = CARTESIAN_POINT('',(3.80425783328,1.119184820394,10.808450798617
    ));
#1516 = CARTESIAN_POINT('',(3.804278313397,1.119115201992,10.72035342744
    ));
#1517 = CARTESIAN_POINT('',(3.804322140886,1.11896621914,10.702760501255
    ));
#1518 = CARTESIAN_POINT('',(3.804405243744,1.118683714776,10.68516992966
    ));
#1519 = CARTESIAN_POINT('',(3.804527153461,1.11826910119,10.667582610912
    ));
#1520 = CARTESIAN_POINT('',(3.804687394957,1.117723645432,10.6499994));
#1521 = PCURVE('',#408,#1522);
#1522 = DEFINITIONAL_REPRESENTATION('',(#1523),#1534);
#1523 = B_SPLINE_CURVE_WITH_KNOTS('',5,(#1524,#1525,#1526,#1527,#1528,
    #1529,#1530,#1531,#1532,#1533),.UNSPECIFIED.,.F.,.F.,(6,4,6),(0.,
    0.800285309183,1.),.UNSPECIFIED.);
#1524 = CARTESIAN_POINT('',(1.369419415487,3.780237665172));
#1525 = CARTESIAN_POINT('',(1.411346137386,3.727182728859));
#1526 = CARTESIAN_POINT('',(1.452446111917,3.673501525831));
#1527 = CARTESIAN_POINT('',(1.492849766979,3.619303891209));
#1528 = CARTESIAN_POINT('',(1.532678357935,3.564668254811));
#1529 = CARTESIAN_POINT('',(1.581888423923,3.495906520559));
#1530 = CARTESIAN_POINT('',(1.591688052092,3.482150046538));
#1531 = CARTESIAN_POINT('',(1.601461103221,3.468370850594));
#1532 = CARTESIAN_POINT('',(1.611209315857,3.454569926669));
#1533 = CARTESIAN_POINT('',(1.62093439919,3.440748239049));
#1534 = ( GEOMETRIC_REPRESENTATION_CONTEXT(2) 
PARAMETRIC_REPRESENTATION_CONTEXT() REPRESENTATION_CONTEXT('2D SPACE',''
  ) );
#1535 = PCURVE('',#867,#1536);
#1536 = DEFINITIONAL_REPRESENTATION('',(#1537),#1548);
#1537 = B_SPLINE_CURVE_WITH_KNOTS('',5,(#1538,#1539,#1540,#1541,#1542,
    #1543,#1544,#1545,#1546,#1547),.UNSPECIFIED.,.F.,.F.,(6,4,6),(0.,
    0.800285309183,1.),.UNSPECIFIED.);
#1538 = CARTESIAN_POINT('',(-0.280166546045,-0.439974715207));
#1539 = CARTESIAN_POINT('',(-0.282629291576,-0.369824338884));
#1540 = CARTESIAN_POINT('',(-0.284413424526,-0.299444571157));
#1541 = CARTESIAN_POINT('',(-0.285565009328,-0.228961053474));
#1542 = CARTESIAN_POINT('',(-0.286120502443,-0.158450798617));
#1543 = CARTESIAN_POINT('',(-0.286102202395,-7.035342744016E-02));
#1544 = CARTESIAN_POINT('',(-0.286063040415,-5.27605012553E-02));
#1545 = CARTESIAN_POINT('',(-0.28598878093,-3.516992965983E-02));
#1546 = CARTESIAN_POINT('',(-0.285879798947,-1.758261091193E-02));
#1547 = CARTESIAN_POINT('',(-0.285736434802,6.000000000173E-07));
#1548 = ( GEOMETRIC_REPRESENTATION_CONTEXT(2) 
PARAMETRIC_REPRESENTATION_CONTEXT() REPRESENTATION_CONTEXT('2D SPACE',''
  ) );
#1549 = ADVANCED_FACE('',(#1550,#1581),#630,.F.);
#1550 = FACE_BOUND('',#1551,.F.);
#1551 = EDGE_LOOP('',(#1552));
#1552 = ORIENTED_EDGE('',*,*,#1553,.T.);
#1553 = EDGE_CURVE('',#1554,#1554,#1556,.T.);
#1554 = VERTEX_POINT('',#1555);
#1555 = CARTESIAN_POINT('',(-5.12665966629,-2.74107794466E-16,
    7.300193870836));
#1556 = SURFACE_CURVE('',#1557,(#1562,#1569),.PCURVE_S1.);
#1557 = CIRCLE('',#1558,1.11913);
#1558 = AXIS2_PLACEMENT_3D('',#1559,#1560,#1561);
#1559 = CARTESIAN_POINT('',(-6.,0.,8.));
#1560 = DIRECTION('',(0.625312634961,0.,0.780374338736));
#1561 = DIRECTION('',(0.780374338736,0.,-0.625312634961));
#1562 = PCURVE('',#630,#1563);
#1563 = DEFINITIONAL_REPRESENTATION('',(#1564),#1568);
#1564 = CIRCLE('',#1565,1.11913);
#1565 = AXIS2_PLACEMENT_2D('',#1566,#1567);
#1566 = CARTESIAN_POINT('',(0.,0.));
#1567 = DIRECTION('',(1.,0.));
#1568 = ( GEOMETRIC_REPRESENTATION_CONTEXT(2) 
PARAMETRIC_REPRESENTATION_CONTEXT() REPRESENTATION_CONTEXT('2D SPACE',''
  ) );
#1569 = PCURVE('',#1570,#1575);
#1570 = CYLINDRICAL_SURFACE('',#1571,1.11913);
#1571 = AXIS2_PLACEMENT_3D('',#1572,#1573,#1574);
#1572 = CARTESIAN_POINT('',(-6.,0.,8.));
#1573 = DIRECTION('',(0.625312634961,0.,0.780374338736));
#1574 = DIRECTION('',(0.780374338736,0.,-0.625312634961));
#1575 = DEFINITIONAL_REPRESENTATION('',(#1576),#1580);
#1576 = LINE('',#1577,#1578);
#1577 = CARTESIAN_POINT('',(0.,0.));
#1578 = VECTOR('',#1579,1.);
#1579 = DIRECTION('',(1.,0.));
#1580 = ( GEOMETRIC_REPRESENTATION_CONTEXT(2) 
PARAMETRIC_REPRESENTATION_CONTEXT() REPRESENTATION_CONTEXT('2D SPACE',''
  ) );
#1581 = FACE_BOUND('',#1582,.F.);
#1582 = EDGE_LOOP('',(#1583));
#1583 = ORIENTED_EDGE('',*,*,#426,.F.);
#1584 = ADVANCED_FACE('',(#1585),#782,.T.);
#1585 = FACE_BOUND('',#1586,.T.);
#1586 = EDGE_LOOP('',(#1587,#1614,#1615,#1616));
#1587 = ORIENTED_EDGE('',*,*,#1588,.F.);
#1588 = EDGE_CURVE('',#818,#1589,#1591,.T.);
#1589 = VERTEX_POINT('',#1590);
#1590 = CARTESIAN_POINT('',(3.96547,0.,11.213867531864));
#1591 = SURFACE_CURVE('',#1592,(#1597,#1604),.PCURVE_S1.);
#1592 = ELLIPSE('',#1593,5.081497177908,3.96547);
#1593 = AXIS2_PLACEMENT_3D('',#1594,#1595,#1596);
#1594 = CARTESIAN_POINT('',(0.,0.,8.036343142));
#1595 = DIRECTION('',(-0.625312634961,0.,0.780374338736));
#1596 = DIRECTION('',(-0.780374338736,0.,-0.625312634961));
#1597 = PCURVE('',#782,#1598);
#1598 = DEFINITIONAL_REPRESENTATION('',(#1599),#1603);
#1599 = ELLIPSE('',#1600,5.081497177908,3.96547);
#1600 = AXIS2_PLACEMENT_2D('',#1601,#1602);
#1601 = CARTESIAN_POINT('',(-4.659520206531,0.));
#1602 = DIRECTION('',(-1.,0.));
#1603 = ( GEOMETRIC_REPRESENTATION_CONTEXT(2) 
PARAMETRIC_REPRESENTATION_CONTEXT() REPRESENTATION_CONTEXT('2D SPACE',''
  ) );
#1604 = PCURVE('',#867,#1605);
#1605 = DEFINITIONAL_REPRESENTATION('',(#1606),#1613);
#1606 = B_SPLINE_CURVE_WITH_KNOTS('',5,(#1607,#1608,#1609,#1610,#1611,
    #1612),.UNSPECIFIED.,.F.,.F.,(6,6),(2.796097615412,3.14159265359),
  .PIECEWISE_BEZIER_KNOTS.);
#1607 = CARTESIAN_POINT('',(-5.937690269002,-0.376100996996));
#1608 = CARTESIAN_POINT('',(-6.006789276637,-0.450459017236));
#1609 = CARTESIAN_POINT('',(-6.075888284273,-0.506973303934));
#1610 = CARTESIAN_POINT('',(-6.144987291908,-0.544903144695));
#1611 = CARTESIAN_POINT('',(-6.214086299544,-0.563867531864));
#1612 = CARTESIAN_POINT('',(-6.28318530718,-0.563867531864));
#1613 = ( GEOMETRIC_REPRESENTATION_CONTEXT(2) 
PARAMETRIC_REPRESENTATION_CONTEXT() REPRESENTATION_CONTEXT('2D SPACE',''
  ) );
#1614 = ORIENTED_EDGE('',*,*,#817,.T.);
#1615 = ORIENTED_EDGE('',*,*,#763,.T.);
#1616 = ORIENTED_EDGE('',*,*,#1617,.F.);
#1617 = EDGE_CURVE('',#1589,#766,#1618,.T.);
#1618 = SURFACE_CURVE('',#1619,(#1624,#1631),.PCURVE_S1.);
#1619 = ELLIPSE('',#1620,5.081497177908,3.96547);
#1620 = AXIS2_PLACEMENT_3D('',#1621,#1622,#1623);
#1621 = CARTESIAN_POINT('',(0.,0.,8.036343142));
#1622 = DIRECTION('',(-0.625312634961,0.,0.780374338736));
#1623 = DIRECTION('',(-0.780374338736,0.,-0.625312634961));
#1624 = PCURVE('',#782,#1625);
#1625 = DEFINITIONAL_REPRESENTATION('',(#1626),#1630);
#1626 = ELLIPSE('',#1627,5.081497177908,3.96547);
#1627 = AXIS2_PLACEMENT_2D('',#1628,#1629);
#1628 = CARTESIAN_POINT('',(-4.659520206531,0.));
#1629 = DIRECTION('',(-1.,0.));
#1630 = ( GEOMETRIC_REPRESENTATION_CONTEXT(2) 
PARAMETRIC_REPRESENTATION_CONTEXT() REPRESENTATION_CONTEXT('2D SPACE',''
  ) );
#1631 = PCURVE('',#867,#1632);
#1632 = DEFINITIONAL_REPRESENTATION('',(#1633),#1640);
#1633 = B_SPLINE_CURVE_WITH_KNOTS('',5,(#1634,#1635,#1636,#1637,#1638,
    #1639),.UNSPECIFIED.,.F.,.F.,(6,6),(3.14159265359,3.487087691768),
  .PIECEWISE_BEZIER_KNOTS.);
#1634 = CARTESIAN_POINT('',(8.881784197001E-16,-0.563867531864));
#1635 = CARTESIAN_POINT('',(-6.909900763557E-02,-0.563867531864));
#1636 = CARTESIAN_POINT('',(-0.138198015271,-0.544903144695));
#1637 = CARTESIAN_POINT('',(-0.207297022907,-0.506973303934));
#1638 = CARTESIAN_POINT('',(-0.276396030542,-0.450459017236));
#1639 = CARTESIAN_POINT('',(-0.345495038178,-0.376100996996));
#1640 = ( GEOMETRIC_REPRESENTATION_CONTEXT(2) 
PARAMETRIC_REPRESENTATION_CONTEXT() REPRESENTATION_CONTEXT('2D SPACE',''
  ) );
#1641 = ADVANCED_FACE('',(#1642),#867,.T.);
#1642 = FACE_BOUND('',#1643,.F.);
#1643 = EDGE_LOOP('',(#1644,#1667,#1668,#1669,#1693,#1737,#1770,#1808,
    #1830,#1831,#1832,#1833,#1862,#1902,#1942,#1974,#2036,#2060,#2127,
    #2159,#2221,#2245,#2312,#2344,#2406,#2430,#2497,#2529,#2591));
#1644 = ORIENTED_EDGE('',*,*,#1645,.F.);
#1645 = EDGE_CURVE('',#1589,#1646,#1648,.T.);
#1646 = VERTEX_POINT('',#1647);
#1647 = CARTESIAN_POINT('',(3.96547,0.,12.25883));
#1648 = SEAM_CURVE('',#1649,(#1653,#1660),.PCURVE_S1.);
#1649 = LINE('',#1650,#1651);
#1650 = CARTESIAN_POINT('',(3.96547,0.,10.65));
#1651 = VECTOR('',#1652,1.);
#1652 = DIRECTION('',(0.,0.,1.));
#1653 = PCURVE('',#867,#1654);
#1654 = DEFINITIONAL_REPRESENTATION('',(#1655),#1659);
#1655 = LINE('',#1656,#1657);
#1656 = CARTESIAN_POINT('',(-6.28318530718,0.));
#1657 = VECTOR('',#1658,1.);
#1658 = DIRECTION('',(-0.,-1.));
#1659 = ( GEOMETRIC_REPRESENTATION_CONTEXT(2) 
PARAMETRIC_REPRESENTATION_CONTEXT() REPRESENTATION_CONTEXT('2D SPACE',''
  ) );
#1660 = PCURVE('',#867,#1661);
#1661 = DEFINITIONAL_REPRESENTATION('',(#1662),#1666);
#1662 = LINE('',#1663,#1664);
#1663 = CARTESIAN_POINT('',(-0.,0.));
#1664 = VECTOR('',#1665,1.);
#1665 = DIRECTION('',(-0.,-1.));
#1666 = ( GEOMETRIC_REPRESENTATION_CONTEXT(2) 
PARAMETRIC_REPRESENTATION_CONTEXT() REPRESENTATION_CONTEXT('2D SPACE',''
  ) );
#1667 = ORIENTED_EDGE('',*,*,#1588,.F.);
#1668 = ORIENTED_EDGE('',*,*,#841,.F.);
#1669 = ORIENTED_EDGE('',*,*,#1670,.F.);
#1670 = EDGE_CURVE('',#1671,#842,#1673,.T.);
#1671 = VERTEX_POINT('',#1672);
#1672 = CARTESIAN_POINT('',(-3.804687389489,-1.117723664045,10.65));
#1673 = SURFACE_CURVE('',#1674,(#1679,#1686),.PCURVE_S1.);
#1674 = CIRCLE('',#1675,3.96547);
#1675 = AXIS2_PLACEMENT_3D('',#1676,#1677,#1678);
#1676 = CARTESIAN_POINT('',(0.,0.,10.65));
#1677 = DIRECTION('',(0.,0.,1.));
#1678 = DIRECTION('',(1.,0.,0.));
#1679 = PCURVE('',#867,#1680);
#1680 = DEFINITIONAL_REPRESENTATION('',(#1681),#1685);
#1681 = LINE('',#1682,#1683);
#1682 = CARTESIAN_POINT('',(-0.,0.));
#1683 = VECTOR('',#1684,1.);
#1684 = DIRECTION('',(-1.,0.));
#1685 = ( GEOMETRIC_REPRESENTATION_CONTEXT(2) 
PARAMETRIC_REPRESENTATION_CONTEXT() REPRESENTATION_CONTEXT('2D SPACE',''
  ) );
#1686 = PCURVE('',#906,#1687);
#1687 = DEFINITIONAL_REPRESENTATION('',(#1688),#1692);
#1688 = CIRCLE('',#1689,3.96547);
#1689 = AXIS2_PLACEMENT_2D('',#1690,#1691);
#1690 = CARTESIAN_POINT('',(2.586276278485E-16,-3.553785842766E-16));
#1691 = DIRECTION('',(1.,0.));
#1692 = ( GEOMETRIC_REPRESENTATION_CONTEXT(2) 
PARAMETRIC_REPRESENTATION_CONTEXT() REPRESENTATION_CONTEXT('2D SPACE',''
  ) );
#1693 = ORIENTED_EDGE('',*,*,#1694,.F.);
#1694 = EDGE_CURVE('',#1695,#1671,#1697,.T.);
#1695 = VERTEX_POINT('',#1696);
#1696 = CARTESIAN_POINT('',(-3.81085391108,-1.096514837704,
    11.089973921874));
#1697 = SURFACE_CURVE('',#1698,(#1709,#1723),.PCURVE_S1.);
#1698 = B_SPLINE_CURVE_WITH_KNOTS('',5,(#1699,#1700,#1701,#1702,#1703,
    #1704,#1705,#1706,#1707,#1708),.UNSPECIFIED.,.F.,.F.,(6,4,6),(0.,
    0.800285309183,1.),.UNSPECIFIED.);
#1699 = CARTESIAN_POINT('',(-3.810853941619,-1.096514731567,
    11.089974715207));
#1700 = CARTESIAN_POINT('',(-3.808153504865,-1.105899895081,
    11.019824338884));
#1701 = CARTESIAN_POINT('',(-3.806168319211,-1.112690656553,
    10.949444571157));
#1702 = CARTESIAN_POINT('',(-3.804879533672,-1.117071576863,
    10.878961053474));
#1703 = CARTESIAN_POINT('',(-3.80425783328,-1.119184820394,
    10.808450798617));
#1704 = CARTESIAN_POINT('',(-3.804278313397,-1.119115201992,
    10.72035342744));
#1705 = CARTESIAN_POINT('',(-3.804322140886,-1.11896621914,
    10.702760501255));
#1706 = CARTESIAN_POINT('',(-3.804405243744,-1.118683714776,
    10.68516992966));
#1707 = CARTESIAN_POINT('',(-3.804527153461,-1.11826910119,
    10.667582610912));
#1708 = CARTESIAN_POINT('',(-3.804687394957,-1.117723645432,10.6499994)
  );
#1709 = PCURVE('',#867,#1710);
#1710 = DEFINITIONAL_REPRESENTATION('',(#1711),#1722);
#1711 = B_SPLINE_CURVE_WITH_KNOTS('',5,(#1712,#1713,#1714,#1715,#1716,
    #1717,#1718,#1719,#1720,#1721),.UNSPECIFIED.,.F.,.F.,(6,4,6),(0.,
    0.800285309183,1.),.UNSPECIFIED.);
#1712 = CARTESIAN_POINT('',(-3.421759199635,-0.439974715207));
#1713 = CARTESIAN_POINT('',(-3.424221945165,-0.369824338884));
#1714 = CARTESIAN_POINT('',(-3.426006078116,-0.299444571157));
#1715 = CARTESIAN_POINT('',(-3.427157662918,-0.228961053474));
#1716 = CARTESIAN_POINT('',(-3.427713156033,-0.158450798617));
#1717 = CARTESIAN_POINT('',(-3.427694855985,-7.035342744016E-02));
#1718 = CARTESIAN_POINT('',(-3.427655694005,-5.276050125531E-02));
#1719 = CARTESIAN_POINT('',(-3.427581434519,-3.516992965984E-02));
#1720 = CARTESIAN_POINT('',(-3.427472452537,-1.758261091192E-02));
#1721 = CARTESIAN_POINT('',(-3.427329088391,6.000000000173E-07));
#1722 = ( GEOMETRIC_REPRESENTATION_CONTEXT(2) 
PARAMETRIC_REPRESENTATION_CONTEXT() REPRESENTATION_CONTEXT('2D SPACE',''
  ) );
#1723 = PCURVE('',#1570,#1724);
#1724 = DEFINITIONAL_REPRESENTATION('',(#1725),#1736);
#1725 = B_SPLINE_CURVE_WITH_KNOTS('',5,(#1726,#1727,#1728,#1729,#1730,
    #1731,#1732,#1733,#1734,#1735),.UNSPECIFIED.,.F.,.F.,(6,4,6),(0.,
    0.800285309183,1.),.UNSPECIFIED.);
#1726 = CARTESIAN_POINT('',(4.511012069076,3.780237665172));
#1727 = CARTESIAN_POINT('',(4.552938790976,3.727182728859));
#1728 = CARTESIAN_POINT('',(4.594038765507,3.673501525831));
#1729 = CARTESIAN_POINT('',(4.634442420568,3.619303891209));
#1730 = CARTESIAN_POINT('',(4.674271011525,3.564668254811));
#1731 = CARTESIAN_POINT('',(4.723481077513,3.495906520559));
#1732 = CARTESIAN_POINT('',(4.733280705682,3.482150046538));
#1733 = CARTESIAN_POINT('',(4.743053756811,3.468370850594));
#1734 = CARTESIAN_POINT('',(4.752801969447,3.454569926669));
#1735 = CARTESIAN_POINT('',(4.76252705278,3.440748239049));
#1736 = ( GEOMETRIC_REPRESENTATION_CONTEXT(2) 
PARAMETRIC_REPRESENTATION_CONTEXT() REPRESENTATION_CONTEXT('2D SPACE',''
  ) );
#1737 = ORIENTED_EDGE('',*,*,#1738,.F.);
#1738 = EDGE_CURVE('',#1739,#1695,#1741,.T.);
#1739 = VERTEX_POINT('',#1740);
#1740 = CARTESIAN_POINT('',(-3.81085391108,1.096514837704,
    11.089973921874));
#1741 = SURFACE_CURVE('',#1742,(#1747,#1758),.PCURVE_S1.);
#1742 = ELLIPSE('',#1743,5.081497177908,3.96547);
#1743 = AXIS2_PLACEMENT_3D('',#1744,#1745,#1746);
#1744 = CARTESIAN_POINT('',(0.,0.,8.036343142));
#1745 = DIRECTION('',(0.625312634961,0.,0.780374338736));
#1746 = DIRECTION('',(0.780374338736,0.,-0.625312634961));
#1747 = PCURVE('',#867,#1748);
#1748 = DEFINITIONAL_REPRESENTATION('',(#1749),#1757);
#1749 = B_SPLINE_CURVE_WITH_KNOTS('',6,(#1750,#1751,#1752,#1753,#1754,
    #1755,#1756),.UNSPECIFIED.,.F.,.F.,(7,7),(2.796097615412,
    3.487087691768),.PIECEWISE_BEZIER_KNOTS.);
#1750 = CARTESIAN_POINT('',(-2.796097615412,-0.376100996996));
#1751 = CARTESIAN_POINT('',(-2.911262628138,-0.50003103073));
#1752 = CARTESIAN_POINT('',(-3.026427640864,-0.576377336949));
#1753 = CARTESIAN_POINT('',(-3.14159265359,-0.602181377013));
#1754 = CARTESIAN_POINT('',(-3.256757666316,-0.576377336949));
#1755 = CARTESIAN_POINT('',(-3.371922679042,-0.50003103073));
#1756 = CARTESIAN_POINT('',(-3.487087691768,-0.376100996996));
#1757 = ( GEOMETRIC_REPRESENTATION_CONTEXT(2) 
PARAMETRIC_REPRESENTATION_CONTEXT() REPRESENTATION_CONTEXT('2D SPACE',''
  ) );
#1758 = PCURVE('',#1759,#1764);
#1759 = PLANE('',#1760);
#1760 = AXIS2_PLACEMENT_3D('',#1761,#1762,#1763);
#1761 = CARTESIAN_POINT('',(-3.63617,0.,10.95));
#1762 = DIRECTION('',(0.625312634961,0.,0.780374338736));
#1763 = DIRECTION('',(0.780374338736,0.,-0.625312634961));
#1764 = DEFINITIONAL_REPRESENTATION('',(#1765),#1769);
#1765 = ELLIPSE('',#1766,5.081497177908,3.96547);
#1766 = AXIS2_PLACEMENT_2D('',#1767,#1768);
#1767 = CARTESIAN_POINT('',(4.659520206531,0.));
#1768 = DIRECTION('',(1.,0.));
#1769 = ( GEOMETRIC_REPRESENTATION_CONTEXT(2) 
PARAMETRIC_REPRESENTATION_CONTEXT() REPRESENTATION_CONTEXT('2D SPACE',''
  ) );
#1770 = ORIENTED_EDGE('',*,*,#1771,.F.);
#1771 = EDGE_CURVE('',#1772,#1739,#1774,.T.);
#1772 = VERTEX_POINT('',#1773);
#1773 = CARTESIAN_POINT('',(-3.804687389489,1.117723664045,10.65));
#1774 = SURFACE_CURVE('',#1775,(#1784,#1796),.PCURVE_S1.);
#1775 = B_SPLINE_CURVE_WITH_KNOTS('',4,(#1776,#1777,#1778,#1779,#1780,
    #1781,#1782,#1783),.UNSPECIFIED.,.F.,.F.,(5,3,5),(0.,0.344026482562,
    1.),.UNSPECIFIED.);
#1776 = CARTESIAN_POINT('',(-3.804687394957,1.117723645432,10.6499994));
#1777 = CARTESIAN_POINT('',(-3.804342367825,1.118898104237,
    10.687859036803));
#1778 = CARTESIAN_POINT('',(-3.80418689642,1.119425511552,
    10.725738968207));
#1779 = CARTESIAN_POINT('',(-3.804227066854,1.119289720403,
    10.763628343958));
#1780 = CARTESIAN_POINT('',(-3.80492921977,1.116901347553,
    10.873753137524));
#1781 = CARTESIAN_POINT('',(-3.806121561242,1.112841290286,
    10.945966811675));
#1782 = CARTESIAN_POINT('',(-3.808087010243,1.106130992105,
    11.018096980247));
#1783 = CARTESIAN_POINT('',(-3.810853941619,1.096514731567,
    11.089974715207));
#1784 = PCURVE('',#867,#1785);
#1785 = DEFINITIONAL_REPRESENTATION('',(#1786),#1795);
#1786 = B_SPLINE_CURVE_WITH_KNOTS('',4,(#1787,#1788,#1789,#1790,#1791,
    #1792,#1793,#1794),.UNSPECIFIED.,.F.,.F.,(5,3,5),(0.,0.344026482562,
    1.),.UNSPECIFIED.);
#1787 = CARTESIAN_POINT('',(-2.855856218788,6.000000000173E-07));
#1788 = CARTESIAN_POINT('',(-2.855547531455,-3.785903680302E-02));
#1789 = CARTESIAN_POINT('',(-2.85540887321,-7.573896820728E-02));
#1790 = CARTESIAN_POINT('',(-2.855444583493,-0.113628343958));
#1791 = CARTESIAN_POINT('',(-2.856072364423,-0.223753137524));
#1792 = CARTESIAN_POINT('',(-2.857139459628,-0.295966811675));
#1793 = CARTESIAN_POINT('',(-2.858902720219,-0.368096980247));
#1794 = CARTESIAN_POINT('',(-2.861426107545,-0.439974715207));
#1795 = ( GEOMETRIC_REPRESENTATION_CONTEXT(2) 
PARAMETRIC_REPRESENTATION_CONTEXT() REPRESENTATION_CONTEXT('2D SPACE',''
  ) );
#1796 = PCURVE('',#1570,#1797);
#1797 = DEFINITIONAL_REPRESENTATION('',(#1798),#1807);
#1798 = B_SPLINE_CURVE_WITH_KNOTS('',4,(#1799,#1800,#1801,#1802,#1803,
    #1804,#1805,#1806),.UNSPECIFIED.,.F.,.F.,(5,3,5),(0.,0.344026482562,
    1.),.UNSPECIFIED.);
#1799 = CARTESIAN_POINT('',(1.5206582544,3.440748239049));
#1800 = CARTESIAN_POINT('',(1.541598009074,3.470508677909));
#1801 = CARTESIAN_POINT('',(1.562652150856,3.500166422564));
#1802 = CARTESIAN_POINT('',(1.583842468397,3.52970920003));
#1803 = CARTESIAN_POINT('',(1.645900894232,3.615208697898));
#1804 = CARTESIAN_POINT('',(1.687182887637,3.670816809924));
#1805 = CARTESIAN_POINT('',(1.729214127085,3.725876322433));
#1806 = CARTESIAN_POINT('',(1.772173238103,3.780237665172));
#1807 = ( GEOMETRIC_REPRESENTATION_CONTEXT(2) 
PARAMETRIC_REPRESENTATION_CONTEXT() REPRESENTATION_CONTEXT('2D SPACE',''
  ) );
#1808 = ORIENTED_EDGE('',*,*,#1809,.F.);
#1809 = EDGE_CURVE('',#1480,#1772,#1810,.T.);
#1810 = SURFACE_CURVE('',#1811,(#1816,#1823),.PCURVE_S1.);
#1811 = CIRCLE('',#1812,3.96547);
#1812 = AXIS2_PLACEMENT_3D('',#1813,#1814,#1815);
#1813 = CARTESIAN_POINT('',(0.,0.,10.65));
#1814 = DIRECTION('',(0.,0.,1.));
#1815 = DIRECTION('',(1.,0.,0.));
#1816 = PCURVE('',#867,#1817);
#1817 = DEFINITIONAL_REPRESENTATION('',(#1818),#1822);
#1818 = LINE('',#1819,#1820);
#1819 = CARTESIAN_POINT('',(-0.,0.));
#1820 = VECTOR('',#1821,1.);
#1821 = DIRECTION('',(-1.,0.));
#1822 = ( GEOMETRIC_REPRESENTATION_CONTEXT(2) 
PARAMETRIC_REPRESENTATION_CONTEXT() REPRESENTATION_CONTEXT('2D SPACE',''
  ) );
#1823 = PCURVE('',#906,#1824);
#1824 = DEFINITIONAL_REPRESENTATION('',(#1825),#1829);
#1825 = CIRCLE('',#1826,3.96547);
#1826 = AXIS2_PLACEMENT_2D('',#1827,#1828);
#1827 = CARTESIAN_POINT('',(2.586276278485E-16,-3.553785842766E-16));
#1828 = DIRECTION('',(1.,0.));
#1829 = ( GEOMETRIC_REPRESENTATION_CONTEXT(2) 
PARAMETRIC_REPRESENTATION_CONTEXT() REPRESENTATION_CONTEXT('2D SPACE',''
  ) );
#1830 = ORIENTED_EDGE('',*,*,#1508,.F.);
#1831 = ORIENTED_EDGE('',*,*,#1617,.F.);
#1832 = ORIENTED_EDGE('',*,*,#1645,.T.);
#1833 = ORIENTED_EDGE('',*,*,#1834,.T.);
#1834 = EDGE_CURVE('',#1646,#1835,#1837,.T.);
#1835 = VERTEX_POINT('',#1836);
#1836 = CARTESIAN_POINT('',(2.972778010682,2.624412928658,12.25883));
#1837 = SURFACE_CURVE('',#1838,(#1843,#1850),.PCURVE_S1.);
#1838 = CIRCLE('',#1839,3.96547);
#1839 = AXIS2_PLACEMENT_3D('',#1840,#1841,#1842);
#1840 = CARTESIAN_POINT('',(0.,0.,12.25883));
#1841 = DIRECTION('',(0.,0.,1.));
#1842 = DIRECTION('',(1.,0.,0.));
#1843 = PCURVE('',#867,#1844);
#1844 = DEFINITIONAL_REPRESENTATION('',(#1845),#1849);
#1845 = LINE('',#1846,#1847);
#1846 = CARTESIAN_POINT('',(-0.,-1.60883));
#1847 = VECTOR('',#1848,1.);
#1848 = DIRECTION('',(-1.,0.));
#1849 = ( GEOMETRIC_REPRESENTATION_CONTEXT(2) 
PARAMETRIC_REPRESENTATION_CONTEXT() REPRESENTATION_CONTEXT('2D SPACE',''
  ) );
#1850 = PCURVE('',#1851,#1856);
#1851 = PLANE('',#1852);
#1852 = AXIS2_PLACEMENT_3D('',#1853,#1854,#1855);
#1853 = CARTESIAN_POINT('',(-2.586276278485E-16,3.553785842766E-16,
    12.25883));
#1854 = DIRECTION('',(0.,0.,1.));
#1855 = DIRECTION('',(1.,0.,-0.));
#1856 = DEFINITIONAL_REPRESENTATION('',(#1857),#1861);
#1857 = CIRCLE('',#1858,3.96547);
#1858 = AXIS2_PLACEMENT_2D('',#1859,#1860);
#1859 = CARTESIAN_POINT('',(2.586276278485E-16,-3.553785842766E-16));
#1860 = DIRECTION('',(1.,0.));
#1861 = ( GEOMETRIC_REPRESENTATION_CONTEXT(2) 
PARAMETRIC_REPRESENTATION_CONTEXT() REPRESENTATION_CONTEXT('2D SPACE',''
  ) );
#1862 = ORIENTED_EDGE('',*,*,#1863,.F.);
#1863 = EDGE_CURVE('',#1864,#1835,#1866,.T.);
#1864 = VERTEX_POINT('',#1865);
#1865 = CARTESIAN_POINT('',(3.010283396686,2.581307070563,
    11.752543298286));
#1866 = SURFACE_CURVE('',#1867,(#1875,#1886),.PCURVE_S1.);
#1867 = B_SPLINE_CURVE_WITH_KNOTS('',6,(#1868,#1869,#1870,#1871,#1872,
    #1873,#1874),.UNSPECIFIED.,.F.,.F.,(7,7),(0.,1.),
  .PIECEWISE_BEZIER_KNOTS.);
#1868 = CARTESIAN_POINT('',(3.010283396686,2.581307070563,
    11.752543298286));
#1869 = CARTESIAN_POINT('',(3.004852613737,2.587640371985,
    11.837238200177));
#1870 = CARTESIAN_POINT('',(2.999150912895,2.594257246951,
    11.921836831126));
#1871 = CARTESIAN_POINT('',(2.993145090712,2.601190783886,
    12.006325745617));
#1872 = CARTESIAN_POINT('',(2.986791120973,2.608484766084,
    12.090681036085));
#1873 = CARTESIAN_POINT('',(2.980033739777,2.616194073,12.174868329395)
  );
#1874 = CARTESIAN_POINT('',(2.972777958831,2.624412987391,12.2588306));
#1875 = PCURVE('',#867,#1876);
#1876 = DEFINITIONAL_REPRESENTATION('',(#1877),#1885);
#1877 = B_SPLINE_CURVE_WITH_KNOTS('',6,(#1878,#1879,#1880,#1881,#1882,
    #1883,#1884),.UNSPECIFIED.,.F.,.F.,(7,7),(0.,1.),
  .PIECEWISE_BEZIER_KNOTS.);
#1878 = CARTESIAN_POINT('',(-0.708830023472,-1.102543298286));
#1879 = CARTESIAN_POINT('',(-0.710933912238,-1.187238200177));
#1880 = CARTESIAN_POINT('',(-0.71313655869,-1.271836831126));
#1881 = CARTESIAN_POINT('',(-0.715449763919,-1.356325745617));
#1882 = CARTESIAN_POINT('',(-0.717889162382,-1.440681036085));
#1883 = CARTESIAN_POINT('',(-0.720474366874,-1.524868329395));
#1884 = CARTESIAN_POINT('',(-0.723239092159,-1.6088306));
#1885 = ( GEOMETRIC_REPRESENTATION_CONTEXT(2) 
PARAMETRIC_REPRESENTATION_CONTEXT() REPRESENTATION_CONTEXT('2D SPACE',''
  ) );
#1886 = PCURVE('',#1887,#1892);
#1887 = CONICAL_SURFACE('',#1888,0.45,2.135507897703E-02);
#1888 = AXIS2_PLACEMENT_3D('',#1889,#1890,#1891);
#1889 = CARTESIAN_POINT('',(2.622567127539,2.622567127539,10.77));
#1890 = DIRECTION('',(4.27144723893E-02,4.27144723893E-02,
    -0.998173806357));
#1891 = DIRECTION('',(0.999085651417,-2.168404344971E-19,
    4.275349262848E-02));
#1892 = DEFINITIONAL_REPRESENTATION('',(#1893),#1901);
#1893 = B_SPLINE_CURVE_WITH_KNOTS('',6,(#1894,#1895,#1896,#1897,#1898,
    #1899,#1900),.UNSPECIFIED.,.F.,.F.,(7,7),(0.,1.),
  .PIECEWISE_BEZIER_KNOTS.);
#1894 = CARTESIAN_POINT('',(0.,-0.965950289652));
#1895 = CARTESIAN_POINT('',(-2.317780485763E-02,-1.05045197165));
#1896 = CARTESIAN_POINT('',(-4.724092273241E-02,-1.134857017938));
#1897 = CARTESIAN_POINT('',(-7.230336374571E-02,-1.219152012464));
#1898 = CARTESIAN_POINT('',(-9.851636755073E-02,-1.303313101701));
#1899 = CARTESIAN_POINT('',(-0.126069782764,-1.387305991706));
#1900 = CARTESIAN_POINT('',(-0.155291658473,-1.471073791209));
#1901 = ( GEOMETRIC_REPRESENTATION_CONTEXT(2) 
PARAMETRIC_REPRESENTATION_CONTEXT() REPRESENTATION_CONTEXT('2D SPACE',''
  ) );
#1902 = ORIENTED_EDGE('',*,*,#1903,.F.);
#1903 = EDGE_CURVE('',#1904,#1864,#1906,.T.);
#1904 = VERTEX_POINT('',#1905);
#1905 = CARTESIAN_POINT('',(3.06077246743,2.521234662526,10.784415672923
    ));
#1906 = SURFACE_CURVE('',#1907,(#1915,#1926),.PCURVE_S1.);
#1907 = B_SPLINE_CURVE_WITH_KNOTS('',6,(#1908,#1909,#1910,#1911,#1912,
    #1913,#1914),.UNSPECIFIED.,.F.,.F.,(7,7),(0.,1.),
  .PIECEWISE_BEZIER_KNOTS.);
#1908 = CARTESIAN_POINT('',(3.06077246743,2.521234662526,10.784415672923
    ));
#1909 = CARTESIAN_POINT('',(3.05385283842,2.529635074544,10.946188395656
    ));
#1910 = CARTESIAN_POINT('',(3.046452398946,2.538562763063,
    11.107837769525));
#1911 = CARTESIAN_POINT('',(3.038506697602,2.548082458105,
    11.269347301738));
#1912 = CARTESIAN_POINT('',(3.029923998097,2.55828594901,11.430679714264
    ));
#1913 = CARTESIAN_POINT('',(3.020591833533,2.569285518908,
    11.591779729651));
#1914 = CARTESIAN_POINT('',(3.010283396686,2.581307070563,
    11.752543298286));
#1915 = PCURVE('',#867,#1916);
#1916 = DEFINITIONAL_REPRESENTATION('',(#1917),#1925);
#1917 = B_SPLINE_CURVE_WITH_KNOTS('',6,(#1918,#1919,#1920,#1921,#1922,
    #1923,#1924),.UNSPECIFIED.,.F.,.F.,(7,7),(0.,1.),
  .PIECEWISE_BEZIER_KNOTS.);
#1918 = CARTESIAN_POINT('',(-0.68904089652,-0.134415672923));
#1919 = CARTESIAN_POINT('',(-0.691785436373,-0.296188395656));
#1920 = CARTESIAN_POINT('',(-0.694709697919,-0.457837769525));
#1921 = CARTESIAN_POINT('',(-0.69783664908,-0.619347301738));
#1922 = CARTESIAN_POINT('',(-0.701198933387,-0.780679714264));
#1923 = CARTESIAN_POINT('',(-0.704836528484,-0.941779729651));
#1924 = CARTESIAN_POINT('',(-0.708830023472,-1.102543298286));
#1925 = ( GEOMETRIC_REPRESENTATION_CONTEXT(2) 
PARAMETRIC_REPRESENTATION_CONTEXT() REPRESENTATION_CONTEXT('2D SPACE',''
  ) );
#1926 = PCURVE('',#1927,#1932);
#1927 = CONICAL_SURFACE('',#1928,0.45,2.135507897703E-02);
#1928 = AXIS2_PLACEMENT_3D('',#1929,#1930,#1931);
#1929 = CARTESIAN_POINT('',(2.622567127539,2.622567127539,10.77));
#1930 = DIRECTION('',(4.27144723893E-02,4.27144723893E-02,
    -0.998173806357));
#1931 = DIRECTION('',(0.999085651417,-2.168404344971E-19,
    4.275349262848E-02));
#1932 = DEFINITIONAL_REPRESENTATION('',(#1933),#1941);
#1933 = B_SPLINE_CURVE_WITH_KNOTS('',6,(#1934,#1935,#1936,#1937,#1938,
    #1939,#1940),.UNSPECIFIED.,.F.,.F.,(7,7),(0.,1.),
  .PIECEWISE_BEZIER_KNOTS.);
#1934 = CARTESIAN_POINT('',(-6.055843053135,-1.029153539422E-13));
#1935 = CARTESIAN_POINT('',(-6.088989422437,-0.16141404355));
#1936 = CARTESIAN_POINT('',(-6.1236334724,-0.322702978723));
#1937 = CARTESIAN_POINT('',(-6.159994843363,-0.483850330944));
#1938 = CARTESIAN_POINT('',(-6.198386271868,-0.644818887995));
#1939 = CARTESIAN_POINT('',(-6.239190373141,-0.805553481219));
#1940 = CARTESIAN_POINT('',(-6.28318530718,-0.965950289652));
#1941 = ( GEOMETRIC_REPRESENTATION_CONTEXT(2) 
PARAMETRIC_REPRESENTATION_CONTEXT() REPRESENTATION_CONTEXT('2D SPACE',''
  ) );
#1942 = ORIENTED_EDGE('',*,*,#1943,.T.);
#1943 = EDGE_CURVE('',#1904,#1944,#1946,.T.);
#1944 = VERTEX_POINT('',#1945);
#1945 = CARTESIAN_POINT('',(2.521234662526,3.06077246743,10.784415672923
    ));
#1946 = SURFACE_CURVE('',#1947,(#1952,#1962),.PCURVE_S1.);
#1947 = ELLIPSE('',#1948,3.972724965077,3.96547);
#1948 = AXIS2_PLACEMENT_3D('',#1949,#1950,#1951);
#1949 = CARTESIAN_POINT('',(0.,0.,10.545546962974));
#1950 = DIRECTION('',(-4.27144723893E-02,-4.27144723893E-02,
    0.998173806357));
#1951 = DIRECTION('',(-0.705815467278,-0.705815467278,
    -6.040738616257E-02));
#1952 = PCURVE('',#867,#1953);
#1953 = DEFINITIONAL_REPRESENTATION('',(#1954),#1961);
#1954 = B_SPLINE_CURVE_WITH_KNOTS('',5,(#1955,#1956,#1957,#1958,#1959,
    #1960),.UNSPECIFIED.,.F.,.F.,(6,6),(3.003837489721,3.279172361339),
  .PIECEWISE_BEZIER_KNOTS.);
#1955 = CARTESIAN_POINT('',(-0.647642999528,-0.1332554858));
#1956 = CARTESIAN_POINT('',(-0.702709973852,-0.135070179003));
#1957 = CARTESIAN_POINT('',(-0.757776948176,-0.135983849645));
#1958 = CARTESIAN_POINT('',(-0.812843922499,-0.135985012658));
#1959 = CARTESIAN_POINT('',(-0.867910896823,-0.135073660647));
#1960 = CARTESIAN_POINT('',(-0.922977871147,-0.133261264174));
#1961 = ( GEOMETRIC_REPRESENTATION_CONTEXT(2) 
PARAMETRIC_REPRESENTATION_CONTEXT() REPRESENTATION_CONTEXT('2D SPACE',''
  ) );
#1962 = PCURVE('',#1963,#1968);
#1963 = PLANE('',#1964);
#1964 = AXIS2_PLACEMENT_3D('',#1965,#1966,#1967);
#1965 = CARTESIAN_POINT('',(2.622567127539,2.622567127539,10.77));
#1966 = DIRECTION('',(-4.27144723893E-02,-4.27144723893E-02,
    0.998173806357));
#1967 = DIRECTION('',(0.999085651417,-2.168404344971E-19,
    4.275349262848E-02));
#1968 = DEFINITIONAL_REPRESENTATION('',(#1969),#1973);
#1969 = ELLIPSE('',#1970,3.972724965077,3.96547);
#1970 = AXIS2_PLACEMENT_2D('',#1971,#1972);
#1971 = CARTESIAN_POINT('',(-2.629765338267,-2.624962877524));
#1972 = DIRECTION('',(-0.707752732645,-0.706460239103));
#1973 = ( GEOMETRIC_REPRESENTATION_CONTEXT(2) 
PARAMETRIC_REPRESENTATION_CONTEXT() REPRESENTATION_CONTEXT('2D SPACE',''
  ) );
#1974 = ORIENTED_EDGE('',*,*,#1975,.F.);
#1975 = EDGE_CURVE('',#1976,#1944,#1978,.T.);
#1976 = VERTEX_POINT('',#1977);
#1977 = CARTESIAN_POINT('',(2.624412928658,2.972778010682,12.25883));
#1978 = SURFACE_CURVE('',#1979,(#1996,#2016),.PCURVE_S1.);
#1979 = B_SPLINE_CURVE_WITH_KNOTS('',8,(#1980,#1981,#1982,#1983,#1984,
    #1985,#1986,#1987,#1988,#1989,#1990,#1991,#1992,#1993,#1994,#1995),
  .UNSPECIFIED.,.F.,.F.,(9,7,9),(0.,0.719055922232,1.),.UNSPECIFIED.);
#1980 = CARTESIAN_POINT('',(2.624412987391,2.972777958831,12.2588306));
#1981 = CARTESIAN_POINT('',(2.611567292048,2.984118331425,
    12.127602350475));
#1982 = CARTESIAN_POINT('',(2.599908121699,2.994298358812,
    11.995859783068));
#1983 = CARTESIAN_POINT('',(2.589128202933,3.003627395001,
    11.863770432029));
#1984 = CARTESIAN_POINT('',(2.57908619719,3.012247730178,11.731423297802
    ));
#1985 = CARTESIAN_POINT('',(2.569664305288,3.020277792535,
    11.598885646367));
#1986 = CARTESIAN_POINT('',(2.560787742297,3.027792595699,
    11.466194514041));
#1987 = CARTESIAN_POINT('',(2.552391912654,3.034856779328,
    11.333370721045));
#1988 = CARTESIAN_POINT('',(2.541315608972,3.044122822225,11.14846921532
    ));
#1989 = CARTESIAN_POINT('',(2.538269744417,3.046664705734,11.09650495193
    ));
#1990 = CARTESIAN_POINT('',(2.535286983054,3.049148087854,
    11.044524597952));
#1991 = CARTESIAN_POINT('',(2.532364682627,3.051575610216,
    10.992529236911));
#1992 = CARTESIAN_POINT('',(2.529500412805,3.053949701099,
    10.940519846053));
#1993 = CARTESIAN_POINT('',(2.526691955182,3.056272575434,10.88849729635
    ));
#1994 = CARTESIAN_POINT('',(2.523937303276,3.0585462348,10.8364623525));
#1995 = CARTESIAN_POINT('',(2.521234662526,3.06077246743,10.784415672923
    ));
#1996 = PCURVE('',#867,#1997);
#1997 = DEFINITIONAL_REPRESENTATION('',(#1998),#2015);
#1998 = B_SPLINE_CURVE_WITH_KNOTS('',8,(#1999,#2000,#2001,#2002,#2003,
    #2004,#2005,#2006,#2007,#2008,#2009,#2010,#2011,#2012,#2013,#2014),
  .UNSPECIFIED.,.F.,.F.,(9,7,9),(0.,0.719055922232,1.),.UNSPECIFIED.);
#1999 = CARTESIAN_POINT('',(-0.847557234636,-1.6088306));
#2000 = CARTESIAN_POINT('',(-0.851878342879,-1.477602350475));
#2001 = CARTESIAN_POINT('',(-0.855781484888,-1.345859783068));
#2002 = CARTESIAN_POINT('',(-0.85937650204,-1.213770432029));
#2003 = CARTESIAN_POINT('',(-0.862713887972,-1.081423297803));
#2004 = CARTESIAN_POINT('',(-0.865835697354,-0.948885646367));
#2005 = CARTESIAN_POINT('',(-0.868768585815,-0.816194514041));
#2006 = CARTESIAN_POINT('',(-0.871535550311,-0.683370721045));
#2007 = CARTESIAN_POINT('',(-0.875177250909,-0.49846921532));
#2008 = CARTESIAN_POINT('',(-0.876177679729,-0.44650495193));
#2009 = CARTESIAN_POINT('',(-0.877156438709,-0.394524597952));
#2010 = CARTESIAN_POINT('',(-0.878114467686,-0.342529236911));
#2011 = CARTESIAN_POINT('',(-0.879052630783,-0.290519846053));
#2012 = CARTESIAN_POINT('',(-0.879971716407,-0.23849729635));
#2013 = CARTESIAN_POINT('',(-0.880872437247,-0.1864623525));
#2014 = CARTESIAN_POINT('',(-0.881755430275,-0.134415672923));
#2015 = ( GEOMETRIC_REPRESENTATION_CONTEXT(2) 
PARAMETRIC_REPRESENTATION_CONTEXT() REPRESENTATION_CONTEXT('2D SPACE',''
  ) );
#2016 = PCURVE('',#1887,#2017);
#2017 = DEFINITIONAL_REPRESENTATION('',(#2018),#2035);
#2018 = B_SPLINE_CURVE_WITH_KNOTS('',8,(#2019,#2020,#2021,#2022,#2023,
    #2024,#2025,#2026,#2027,#2028,#2029,#2030,#2031,#2032,#2033,#2034),
  .UNSPECIFIED.,.F.,.F.,(9,7,9),(0.,0.719055922232,1.),.UNSPECIFIED.);
#2019 = CARTESIAN_POINT('',(-1.413676806172,-1.471073791209));
#2020 = CARTESIAN_POINT('',(-1.459348934492,-1.340149488946));
#2021 = CARTESIAN_POINT('',(-1.50113610391,-1.20871068979));
#2022 = CARTESIAN_POINT('',(-1.540107538225,-1.076924533166));
#2023 = CARTESIAN_POINT('',(-1.576750547419,-0.944879816347));
#2024 = CARTESIAN_POINT('',(-1.61147128948,-0.812643655589));
#2025 = CARTESIAN_POINT('',(-1.644525756113,-0.680253009819));
#2026 = CARTESIAN_POINT('',(-1.676135307783,-0.547728659346));
#2027 = CARTESIAN_POINT('',(-1.718320639606,-0.36324214391));
#2028 = CARTESIAN_POINT('',(-1.729977146296,-0.311394304612));
#2029 = CARTESIAN_POINT('',(-1.741448175019,-0.259530207547));
#2030 = CARTESIAN_POINT('',(-1.752742729726,-0.207650934287));
#2031 = CARTESIAN_POINT('',(-1.763869083835,-0.155757460383));
#2032 = CARTESIAN_POINT('',(-1.774834780225,-0.103850655364));
#2033 = CARTESIAN_POINT('',(-1.78564663124,-5.193128274036E-02));
#2034 = CARTESIAN_POINT('',(-1.79631071869,0.));
#2035 = ( GEOMETRIC_REPRESENTATION_CONTEXT(2) 
PARAMETRIC_REPRESENTATION_CONTEXT() REPRESENTATION_CONTEXT('2D SPACE',''
  ) );
#2036 = ORIENTED_EDGE('',*,*,#2037,.T.);
#2037 = EDGE_CURVE('',#1976,#2038,#2040,.T.);
#2038 = VERTEX_POINT('',#2039);
#2039 = CARTESIAN_POINT('',(-2.624412928658,2.972778010682,12.25883));
#2040 = SURFACE_CURVE('',#2041,(#2046,#2053),.PCURVE_S1.);
#2041 = CIRCLE('',#2042,3.96547);
#2042 = AXIS2_PLACEMENT_3D('',#2043,#2044,#2045);
#2043 = CARTESIAN_POINT('',(0.,0.,12.25883));
#2044 = DIRECTION('',(0.,0.,1.));
#2045 = DIRECTION('',(1.,0.,0.));
#2046 = PCURVE('',#867,#2047);
#2047 = DEFINITIONAL_REPRESENTATION('',(#2048),#2052);
#2048 = LINE('',#2049,#2050);
#2049 = CARTESIAN_POINT('',(-0.,-1.60883));
#2050 = VECTOR('',#2051,1.);
#2051 = DIRECTION('',(-1.,0.));
#2052 = ( GEOMETRIC_REPRESENTATION_CONTEXT(2) 
PARAMETRIC_REPRESENTATION_CONTEXT() REPRESENTATION_CONTEXT('2D SPACE',''
  ) );
#2053 = PCURVE('',#1851,#2054);
#2054 = DEFINITIONAL_REPRESENTATION('',(#2055),#2059);
#2055 = CIRCLE('',#2056,3.96547);
#2056 = AXIS2_PLACEMENT_2D('',#2057,#2058);
#2057 = CARTESIAN_POINT('',(2.586276278485E-16,-3.553785842766E-16));
#2058 = DIRECTION('',(1.,0.));
#2059 = ( GEOMETRIC_REPRESENTATION_CONTEXT(2) 
PARAMETRIC_REPRESENTATION_CONTEXT() REPRESENTATION_CONTEXT('2D SPACE',''
  ) );
#2060 = ORIENTED_EDGE('',*,*,#2061,.F.);
#2061 = EDGE_CURVE('',#2062,#2038,#2064,.T.);
#2062 = VERTEX_POINT('',#2063);
#2063 = CARTESIAN_POINT('',(-2.521234662526,3.06077246743,
    10.784415672923));
#2064 = SURFACE_CURVE('',#2065,(#2082,#2102),.PCURVE_S1.);
#2065 = B_SPLINE_CURVE_WITH_KNOTS('',8,(#2066,#2067,#2068,#2069,#2070,
    #2071,#2072,#2073,#2074,#2075,#2076,#2077,#2078,#2079,#2080,#2081),
  .UNSPECIFIED.,.F.,.F.,(9,7,9),(0.,0.872669939438,1.),.UNSPECIFIED.);
#2066 = CARTESIAN_POINT('',(-2.521234662526,3.06077246743,
    10.784415672923));
#2067 = CARTESIAN_POINT('',(-2.529629690704,3.053857273223,
    10.946084715206));
#2068 = CARTESIAN_POINT('',(-2.538525397523,3.046485468247,
    11.107622343859));
#2069 = CARTESIAN_POINT('',(-2.547977461295,3.038601712359,
    11.26902743854));
#2070 = CARTESIAN_POINT('',(-2.558059177219,3.030132865067,
    11.430279183504));
#2071 = CARTESIAN_POINT('',(-2.5688550706,3.02099437628,11.59134010272)
  );
#2072 = CARTESIAN_POINT('',(-2.58049980132,3.011051145361,11.75214110251
    ));
#2073 = CARTESIAN_POINT('',(-2.593153867702,3.000141899922,
    11.912590987167));
#2074 = CARTESIAN_POINT('',(-2.609216304056,2.986126247727,12.0958509441
    ));
#2075 = CARTESIAN_POINT('',(-2.611290550021,2.984313495648,
    12.119173971339));
#2076 = CARTESIAN_POINT('',(-2.613394870674,2.982471538708,
    12.142484914866));
#2077 = CARTESIAN_POINT('',(-2.615530444344,2.980599190421,
    12.165783073102));
#2078 = CARTESIAN_POINT('',(-2.61769856798,2.978695144435,
    12.189067652423));
#2079 = CARTESIAN_POINT('',(-2.619900657144,2.976757974537,
    12.21233776716));
#2080 = CARTESIAN_POINT('',(-2.622138246016,2.974786134649,
    12.235592439604));
#2081 = CARTESIAN_POINT('',(-2.624412987391,2.972777958831,12.2588306));
#2082 = PCURVE('',#867,#2083);
#2083 = DEFINITIONAL_REPRESENTATION('',(#2084),#2101);
#2084 = B_SPLINE_CURVE_WITH_KNOTS('',8,(#2085,#2086,#2087,#2088,#2089,
    #2090,#2091,#2092,#2093,#2094,#2095,#2096,#2097,#2098,#2099,#2100),
  .UNSPECIFIED.,.F.,.F.,(9,7,9),(0.,0.872669939438,1.),.UNSPECIFIED.);
#2085 = CARTESIAN_POINT('',(-2.259837223315,-0.134415672923));
#2086 = CARTESIAN_POINT('',(-2.262580004187,-0.296084715206));
#2087 = CARTESIAN_POINT('',(-2.265493449423,-0.457622343859));
#2088 = CARTESIAN_POINT('',(-2.268597299523,-0.61902743854));
#2089 = CARTESIAN_POINT('',(-2.271917600303,-0.780279183504));
#2090 = CARTESIAN_POINT('',(-2.275484423258,-0.94134010272));
#2091 = CARTESIAN_POINT('',(-2.279345775706,-1.10214110251));
#2092 = CARTESIAN_POINT('',(-2.283558920013,-1.262590987167));
#2093 = CARTESIAN_POINT('',(-2.288934728428,-1.4458509441));
#2094 = CARTESIAN_POINT('',(-2.289629408884,-1.469173971339));
#2095 = CARTESIAN_POINT('',(-2.290334646449,-1.492484914866));
#2096 = CARTESIAN_POINT('',(-2.291050862284,-1.515783073102));
#2097 = CARTESIAN_POINT('',(-2.291778520047,-1.539067652423));
#2098 = CARTESIAN_POINT('',(-2.292518125895,-1.56233776716));
#2099 = CARTESIAN_POINT('',(-2.29327022848,-1.585592439604));
#2100 = CARTESIAN_POINT('',(-2.294035418954,-1.6088306));
#2101 = ( GEOMETRIC_REPRESENTATION_CONTEXT(2) 
PARAMETRIC_REPRESENTATION_CONTEXT() REPRESENTATION_CONTEXT('2D SPACE',''
  ) );
#2102 = PCURVE('',#2103,#2108);
#2103 = CONICAL_SURFACE('',#2104,0.45,2.135507897703E-02);
#2104 = AXIS2_PLACEMENT_3D('',#2105,#2106,#2107);
#2105 = CARTESIAN_POINT('',(-2.622567127539,2.622567127539,10.77));
#2106 = DIRECTION('',(-4.27144723893E-02,4.27144723893E-02,
    -0.998173806357));
#2107 = DIRECTION('',(0.999085651417,2.168404344971E-19,
    -4.275349262848E-02));
#2108 = DEFINITIONAL_REPRESENTATION('',(#2109),#2126);
#2109 = B_SPLINE_CURVE_WITH_KNOTS('',8,(#2110,#2111,#2112,#2113,#2114,
    #2115,#2116,#2117,#2118,#2119,#2120,#2121,#2122,#2123,#2124,#2125),
  .UNSPECIFIED.,.F.,.F.,(9,7,9),(0.,0.872669939438,1.),.UNSPECIFIED.);
#2110 = CARTESIAN_POINT('',(-1.3452819349,-1.579099036452E-13));
#2111 = CARTESIAN_POINT('',(-1.37840706063,-0.161310592979));
#2112 = CARTESIAN_POINT('',(-1.412953433976,-0.322488129978));
#2113 = CARTESIAN_POINT('',(-1.449110478526,-0.483531478257));
#2114 = CARTESIAN_POINT('',(-1.487127961852,-0.644419853478));
#2115 = CARTESIAN_POINT('',(-1.527293420851,-0.805115849103));
#2116 = CARTESIAN_POINT('',(-1.570068821832,-0.965550516464));
#2117 = CARTESIAN_POINT('',(-1.616004520047,-1.125632859455));
#2118 = CARTESIAN_POINT('',(-1.673669448071,-1.308470720914));
#2119 = CARTESIAN_POINT('',(-1.681105297228,-1.331739986215));
#2120 = CARTESIAN_POINT('',(-1.688638187967,-1.354997152719));
#2121 = CARTESIAN_POINT('',(-1.69627220706,-1.378241520473));
#2122 = CARTESIAN_POINT('',(-1.704011856852,-1.401472297705));
#2123 = CARTESIAN_POINT('',(-1.711862055257,-1.42468860082));
#2124 = CARTESIAN_POINT('',(-1.71982813576,-1.447889454402));
#2125 = CARTESIAN_POINT('',(-1.727915847418,-1.471073791209));
#2126 = ( GEOMETRIC_REPRESENTATION_CONTEXT(2) 
PARAMETRIC_REPRESENTATION_CONTEXT() REPRESENTATION_CONTEXT('2D SPACE',''
  ) );
#2127 = ORIENTED_EDGE('',*,*,#2128,.T.);
#2128 = EDGE_CURVE('',#2062,#2129,#2131,.T.);
#2129 = VERTEX_POINT('',#2130);
#2130 = CARTESIAN_POINT('',(-3.06077246743,2.521234662526,
    10.784415672923));
#2131 = SURFACE_CURVE('',#2132,(#2137,#2147),.PCURVE_S1.);
#2132 = ELLIPSE('',#2133,3.972724965077,3.96547);
#2133 = AXIS2_PLACEMENT_3D('',#2134,#2135,#2136);
#2134 = CARTESIAN_POINT('',(0.,0.,10.545546962974));
#2135 = DIRECTION('',(4.27144723893E-02,-4.27144723893E-02,
    0.998173806357));
#2136 = DIRECTION('',(0.705815467278,-0.705815467278,-6.040738616257E-02
    ));
#2137 = PCURVE('',#867,#2138);
#2138 = DEFINITIONAL_REPRESENTATION('',(#2139),#2146);
#2139 = B_SPLINE_CURVE_WITH_KNOTS('',5,(#2140,#2141,#2142,#2143,#2144,
    #2145),.UNSPECIFIED.,.F.,.F.,(6,6),(3.00401294584,3.279347817459),
  .PIECEWISE_BEZIER_KNOTS.);
#2140 = CARTESIAN_POINT('',(-2.218614782443,-0.133261264174));
#2141 = CARTESIAN_POINT('',(-2.273681756767,-0.135073660647));
#2142 = CARTESIAN_POINT('',(-2.32874873109,-0.135985012658));
#2143 = CARTESIAN_POINT('',(-2.383815705414,-0.135983849645));
#2144 = CARTESIAN_POINT('',(-2.438882679738,-0.135070179003));
#2145 = CARTESIAN_POINT('',(-2.493949654062,-0.1332554858));
#2146 = ( GEOMETRIC_REPRESENTATION_CONTEXT(2) 
PARAMETRIC_REPRESENTATION_CONTEXT() REPRESENTATION_CONTEXT('2D SPACE',''
  ) );
#2147 = PCURVE('',#2148,#2153);
#2148 = PLANE('',#2149);
#2149 = AXIS2_PLACEMENT_3D('',#2150,#2151,#2152);
#2150 = CARTESIAN_POINT('',(-2.622567127539,2.622567127539,10.77));
#2151 = DIRECTION('',(4.27144723893E-02,-4.27144723893E-02,
    0.998173806357));
#2152 = DIRECTION('',(0.999085651417,2.168404344971E-19,
    -4.275349262848E-02));
#2153 = DEFINITIONAL_REPRESENTATION('',(#2154),#2158);
#2154 = ELLIPSE('',#2155,3.972724965077,3.96547);
#2155 = AXIS2_PLACEMENT_2D('',#2156,#2157);
#2156 = CARTESIAN_POINT('',(2.629765338267,-2.624962877524));
#2157 = DIRECTION('',(0.707752732645,-0.706460239103));
#2158 = ( GEOMETRIC_REPRESENTATION_CONTEXT(2) 
PARAMETRIC_REPRESENTATION_CONTEXT() REPRESENTATION_CONTEXT('2D SPACE',''
  ) );
#2159 = ORIENTED_EDGE('',*,*,#2160,.F.);
#2160 = EDGE_CURVE('',#2161,#2129,#2163,.T.);
#2161 = VERTEX_POINT('',#2162);
#2162 = CARTESIAN_POINT('',(-2.972778010682,2.624412928658,12.25883));
#2163 = SURFACE_CURVE('',#2164,(#2181,#2201),.PCURVE_S1.);
#2164 = B_SPLINE_CURVE_WITH_KNOTS('',8,(#2165,#2166,#2167,#2168,#2169,
    #2170,#2171,#2172,#2173,#2174,#2175,#2176,#2177,#2178,#2179,#2180),
  .UNSPECIFIED.,.F.,.F.,(9,7,9),(0.,0.719055922231,1.),.UNSPECIFIED.);
#2165 = CARTESIAN_POINT('',(-2.972777958831,2.624412987391,12.2588306));
#2166 = CARTESIAN_POINT('',(-2.984118331425,2.611567292048,
    12.127602350474));
#2167 = CARTESIAN_POINT('',(-2.994298358812,2.599908121699,
    11.99585978307));
#2168 = CARTESIAN_POINT('',(-3.003627395001,2.589128202933,
    11.863770432025));
#2169 = CARTESIAN_POINT('',(-3.012247730177,2.57908619719,
    11.731423297808));
#2170 = CARTESIAN_POINT('',(-3.020277792535,2.569664305288,
    11.598885646364));
#2171 = CARTESIAN_POINT('',(-3.027792595699,2.560787742298,
    11.466194514042));
#2172 = CARTESIAN_POINT('',(-3.034856779327,2.552391912654,
    11.333370721045));
#2173 = CARTESIAN_POINT('',(-3.044122822225,2.541315608972,
    11.14846921532));
#2174 = CARTESIAN_POINT('',(-3.046664705734,2.538269744418,
    11.09650495193));
#2175 = CARTESIAN_POINT('',(-3.049148087854,2.535286983054,
    11.044524597953));
#2176 = CARTESIAN_POINT('',(-3.051575610216,2.532364682627,
    10.992529236911));
#2177 = CARTESIAN_POINT('',(-3.053949701099,2.529500412805,
    10.940519846053));
#2178 = CARTESIAN_POINT('',(-3.056272575434,2.526691955182,
    10.888497296351));
#2179 = CARTESIAN_POINT('',(-3.0585462348,2.523937303276,10.8364623525)
  );
#2180 = CARTESIAN_POINT('',(-3.06077246743,2.521234662526,
    10.784415672923));
#2181 = PCURVE('',#867,#2182);
#2182 = DEFINITIONAL_REPRESENTATION('',(#2183),#2200);
#2183 = B_SPLINE_CURVE_WITH_KNOTS('',8,(#2184,#2185,#2186,#2187,#2188,
    #2189,#2190,#2191,#2192,#2193,#2194,#2195,#2196,#2197,#2198,#2199),
  .UNSPECIFIED.,.F.,.F.,(9,7,9),(0.,0.719055922231,1.),.UNSPECIFIED.);
#2184 = CARTESIAN_POINT('',(-2.418353561431,-1.6088306));
#2185 = CARTESIAN_POINT('',(-2.422674669674,-1.477602350474));
#2186 = CARTESIAN_POINT('',(-2.426577811683,-1.34585978307));
#2187 = CARTESIAN_POINT('',(-2.430172828835,-1.213770432025));
#2188 = CARTESIAN_POINT('',(-2.433510214767,-1.081423297807));
#2189 = CARTESIAN_POINT('',(-2.436632024149,-0.948885646365));
#2190 = CARTESIAN_POINT('',(-2.43956491261,-0.816194514042));
#2191 = CARTESIAN_POINT('',(-2.442331877106,-0.683370721045));
#2192 = CARTESIAN_POINT('',(-2.445973577704,-0.49846921532));
#2193 = CARTESIAN_POINT('',(-2.446974006524,-0.44650495193));
#2194 = CARTESIAN_POINT('',(-2.447952765504,-0.394524597953));
#2195 = CARTESIAN_POINT('',(-2.448910794481,-0.342529236911));
#2196 = CARTESIAN_POINT('',(-2.449848957578,-0.290519846053));
#2197 = CARTESIAN_POINT('',(-2.450768043202,-0.238497296351));
#2198 = CARTESIAN_POINT('',(-2.451668764042,-0.1864623525));
#2199 = CARTESIAN_POINT('',(-2.45255175707,-0.134415672923));
#2200 = ( GEOMETRIC_REPRESENTATION_CONTEXT(2) 
PARAMETRIC_REPRESENTATION_CONTEXT() REPRESENTATION_CONTEXT('2D SPACE',''
  ) );
#2201 = PCURVE('',#2103,#2202);
#2202 = DEFINITIONAL_REPRESENTATION('',(#2203),#2220);
#2203 = B_SPLINE_CURVE_WITH_KNOTS('',8,(#2204,#2205,#2206,#2207,#2208,
    #2209,#2210,#2211,#2212,#2213,#2214,#2215,#2216,#2217,#2218,#2219),
  .UNSPECIFIED.,.F.,.F.,(9,7,9),(0.,0.719055922231,1.),.UNSPECIFIED.);
#2204 = CARTESIAN_POINT('',(-2.986300995117,-1.471073791209));
#2205 = CARTESIAN_POINT('',(-3.031973123436,-1.340149488946));
#2206 = CARTESIAN_POINT('',(-3.073760292854,-1.208710689792));
#2207 = CARTESIAN_POINT('',(-3.11273172717,-1.076924533164));
#2208 = CARTESIAN_POINT('',(-3.149374736363,-0.944879816349));
#2209 = CARTESIAN_POINT('',(-3.184095478425,-0.812643655588));
#2210 = CARTESIAN_POINT('',(-3.217149945058,-0.68025300982));
#2211 = CARTESIAN_POINT('',(-3.248759496728,-0.547728659347));
#2212 = CARTESIAN_POINT('',(-3.29094482855,-0.36324214391));
#2213 = CARTESIAN_POINT('',(-3.30260133524,-0.311394304612));
#2214 = CARTESIAN_POINT('',(-3.314072363963,-0.259530207548));
#2215 = CARTESIAN_POINT('',(-3.325366918671,-0.207650934288));
#2216 = CARTESIAN_POINT('',(-3.33649327278,-0.155757460384));
#2217 = CARTESIAN_POINT('',(-3.347458969169,-0.103850655365));
#2218 = CARTESIAN_POINT('',(-3.358270820185,-5.193128274048E-02));
#2219 = CARTESIAN_POINT('',(-3.368934907635,0.));
#2220 = ( GEOMETRIC_REPRESENTATION_CONTEXT(2) 
PARAMETRIC_REPRESENTATION_CONTEXT() REPRESENTATION_CONTEXT('2D SPACE',''
  ) );
#2221 = ORIENTED_EDGE('',*,*,#2222,.T.);
#2222 = EDGE_CURVE('',#2161,#2223,#2225,.T.);
#2223 = VERTEX_POINT('',#2224);
#2224 = CARTESIAN_POINT('',(-2.972778010682,-2.624412928658,12.25883));
#2225 = SURFACE_CURVE('',#2226,(#2231,#2238),.PCURVE_S1.);
#2226 = CIRCLE('',#2227,3.96547);
#2227 = AXIS2_PLACEMENT_3D('',#2228,#2229,#2230);
#2228 = CARTESIAN_POINT('',(0.,0.,12.25883));
#2229 = DIRECTION('',(0.,0.,1.));
#2230 = DIRECTION('',(1.,0.,0.));
#2231 = PCURVE('',#867,#2232);
#2232 = DEFINITIONAL_REPRESENTATION('',(#2233),#2237);
#2233 = LINE('',#2234,#2235);
#2234 = CARTESIAN_POINT('',(-0.,-1.60883));
#2235 = VECTOR('',#2236,1.);
#2236 = DIRECTION('',(-1.,0.));
#2237 = ( GEOMETRIC_REPRESENTATION_CONTEXT(2) 
PARAMETRIC_REPRESENTATION_CONTEXT() REPRESENTATION_CONTEXT('2D SPACE',''
  ) );
#2238 = PCURVE('',#1851,#2239);
#2239 = DEFINITIONAL_REPRESENTATION('',(#2240),#2244);
#2240 = CIRCLE('',#2241,3.96547);
#2241 = AXIS2_PLACEMENT_2D('',#2242,#2243);
#2242 = CARTESIAN_POINT('',(2.586276278485E-16,-3.553785842766E-16));
#2243 = DIRECTION('',(1.,0.));
#2244 = ( GEOMETRIC_REPRESENTATION_CONTEXT(2) 
PARAMETRIC_REPRESENTATION_CONTEXT() REPRESENTATION_CONTEXT('2D SPACE',''
  ) );
#2245 = ORIENTED_EDGE('',*,*,#2246,.F.);
#2246 = EDGE_CURVE('',#2247,#2223,#2249,.T.);
#2247 = VERTEX_POINT('',#2248);
#2248 = CARTESIAN_POINT('',(-3.06077246743,-2.521234662526,
    10.784415672923));
#2249 = SURFACE_CURVE('',#2250,(#2267,#2287),.PCURVE_S1.);
#2250 = B_SPLINE_CURVE_WITH_KNOTS('',8,(#2251,#2252,#2253,#2254,#2255,
    #2256,#2257,#2258,#2259,#2260,#2261,#2262,#2263,#2264,#2265,#2266),
  .UNSPECIFIED.,.F.,.F.,(9,7,9),(0.,0.872669939438,1.),.UNSPECIFIED.);
#2251 = CARTESIAN_POINT('',(-3.06077246743,-2.521234662526,
    10.784415672923));
#2252 = CARTESIAN_POINT('',(-3.053857273223,-2.529629690704,
    10.946084715207));
#2253 = CARTESIAN_POINT('',(-3.046485468247,-2.538525397523,
    11.107622343858));
#2254 = CARTESIAN_POINT('',(-3.038601712359,-2.547977461295,
    11.269027438542));
#2255 = CARTESIAN_POINT('',(-3.030132865067,-2.558059177219,
    11.430279183502));
#2256 = CARTESIAN_POINT('',(-3.02099437628,-2.5688550706,11.591340102722
    ));
#2257 = CARTESIAN_POINT('',(-3.011051145361,-2.58049980132,
    11.75214110251));
#2258 = CARTESIAN_POINT('',(-3.000141899922,-2.593153867702,
    11.912590987167));
#2259 = CARTESIAN_POINT('',(-2.986126247727,-2.609216304056,
    12.095850944099));
#2260 = CARTESIAN_POINT('',(-2.984313495648,-2.611290550021,
    12.119173971339));
#2261 = CARTESIAN_POINT('',(-2.982471538708,-2.613394870674,
    12.142484914866));
#2262 = CARTESIAN_POINT('',(-2.980599190421,-2.615530444344,
    12.165783073102));
#2263 = CARTESIAN_POINT('',(-2.978695144435,-2.61769856798,
    12.189067652423));
#2264 = CARTESIAN_POINT('',(-2.976757974537,-2.619900657144,
    12.21233776716));
#2265 = CARTESIAN_POINT('',(-2.974786134649,-2.622138246016,
    12.235592439604));
#2266 = CARTESIAN_POINT('',(-2.972777958831,-2.624412987391,12.2588306)
  );
#2267 = PCURVE('',#867,#2268);
#2268 = DEFINITIONAL_REPRESENTATION('',(#2269),#2286);
#2269 = B_SPLINE_CURVE_WITH_KNOTS('',8,(#2270,#2271,#2272,#2273,#2274,
    #2275,#2276,#2277,#2278,#2279,#2280,#2281,#2282,#2283,#2284,#2285),
  .UNSPECIFIED.,.F.,.F.,(9,7,9),(0.,0.872669939438,1.),.UNSPECIFIED.);
#2270 = CARTESIAN_POINT('',(-3.83063355011,-0.134415672923));
#2271 = CARTESIAN_POINT('',(-3.833376330982,-0.296084715207));
#2272 = CARTESIAN_POINT('',(-3.836289776218,-0.457622343859));
#2273 = CARTESIAN_POINT('',(-3.839393626318,-0.619027438542));
#2274 = CARTESIAN_POINT('',(-3.842713927098,-0.780279183502));
#2275 = CARTESIAN_POINT('',(-3.846280750053,-0.941340102721));
#2276 = CARTESIAN_POINT('',(-3.850142102501,-1.10214110251));
#2277 = CARTESIAN_POINT('',(-3.854355246807,-1.262590987167));
#2278 = CARTESIAN_POINT('',(-3.859731055223,-1.445850944099));
#2279 = CARTESIAN_POINT('',(-3.860425735679,-1.469173971339));
#2280 = CARTESIAN_POINT('',(-3.861130973244,-1.492484914866));
#2281 = CARTESIAN_POINT('',(-3.861847189079,-1.515783073102));
#2282 = CARTESIAN_POINT('',(-3.862574846842,-1.539067652423));
#2283 = CARTESIAN_POINT('',(-3.86331445269,-1.56233776716));
#2284 = CARTESIAN_POINT('',(-3.864066555275,-1.585592439604));
#2285 = CARTESIAN_POINT('',(-3.864831745749,-1.6088306));
#2286 = ( GEOMETRIC_REPRESENTATION_CONTEXT(2) 
PARAMETRIC_REPRESENTATION_CONTEXT() REPRESENTATION_CONTEXT('2D SPACE',''
  ) );
#2287 = PCURVE('',#2288,#2293);
#2288 = CONICAL_SURFACE('',#2289,0.45,2.135507897703E-02);
#2289 = AXIS2_PLACEMENT_3D('',#2290,#2291,#2292);
#2290 = CARTESIAN_POINT('',(-2.622567127539,-2.622567127539,10.77));
#2291 = DIRECTION('',(-4.271447238931E-02,-4.27144723893E-02,
    -0.998173806357));
#2292 = DIRECTION('',(0.999085651417,0.,-4.275349262848E-02));
#2293 = DEFINITIONAL_REPRESENTATION('',(#2294),#2311);
#2294 = B_SPLINE_CURVE_WITH_KNOTS('',8,(#2295,#2296,#2297,#2298,#2299,
    #2300,#2301,#2302,#2303,#2304,#2305,#2306,#2307,#2308,#2309,#2310),
  .UNSPECIFIED.,.F.,.F.,(9,7,9),(0.,0.872669939438,1.),.UNSPECIFIED.);
#2295 = CARTESIAN_POINT('',(-2.914250399545,-4.612037058779E-14));
#2296 = CARTESIAN_POINT('',(-2.947375525275,-0.161310592979));
#2297 = CARTESIAN_POINT('',(-2.981921898621,-0.322488129977));
#2298 = CARTESIAN_POINT('',(-3.018078943172,-0.48353147826));
#2299 = CARTESIAN_POINT('',(-3.056096426497,-0.644419853474));
#2300 = CARTESIAN_POINT('',(-3.096261885497,-0.805115849106));
#2301 = CARTESIAN_POINT('',(-3.139037286477,-0.965550516463));
#2302 = CARTESIAN_POINT('',(-3.184972984692,-1.125632859455));
#2303 = CARTESIAN_POINT('',(-3.242637912716,-1.308470720914));
#2304 = CARTESIAN_POINT('',(-3.250073761873,-1.331739986215));
#2305 = CARTESIAN_POINT('',(-3.257606652612,-1.354997152719));
#2306 = CARTESIAN_POINT('',(-3.265240671706,-1.378241520473));
#2307 = CARTESIAN_POINT('',(-3.272980321497,-1.401472297705));
#2308 = CARTESIAN_POINT('',(-3.280830519902,-1.42468860082));
#2309 = CARTESIAN_POINT('',(-3.288796600405,-1.447889454402));
#2310 = CARTESIAN_POINT('',(-3.296884312063,-1.471073791209));
#2311 = ( GEOMETRIC_REPRESENTATION_CONTEXT(2) 
PARAMETRIC_REPRESENTATION_CONTEXT() REPRESENTATION_CONTEXT('2D SPACE',''
  ) );
#2312 = ORIENTED_EDGE('',*,*,#2313,.T.);
#2313 = EDGE_CURVE('',#2247,#2314,#2316,.T.);
#2314 = VERTEX_POINT('',#2315);
#2315 = CARTESIAN_POINT('',(-2.521234662526,-3.06077246743,
    10.784415672923));
#2316 = SURFACE_CURVE('',#2317,(#2322,#2332),.PCURVE_S1.);
#2317 = ELLIPSE('',#2318,3.972724965077,3.96547);
#2318 = AXIS2_PLACEMENT_3D('',#2319,#2320,#2321);
#2319 = CARTESIAN_POINT('',(0.,0.,10.545546962974));
#2320 = DIRECTION('',(4.271447238931E-02,4.27144723893E-02,
    0.998173806357));
#2321 = DIRECTION('',(0.705815467278,0.705815467278,-6.040738616257E-02)
  );
#2322 = PCURVE('',#867,#2323);
#2323 = DEFINITIONAL_REPRESENTATION('',(#2324),#2331);
#2324 = B_SPLINE_CURVE_WITH_KNOTS('',5,(#2325,#2326,#2327,#2328,#2329,
    #2330),.UNSPECIFIED.,.F.,.F.,(6,6),(3.003837489721,3.279172361339),
  .PIECEWISE_BEZIER_KNOTS.);
#2325 = CARTESIAN_POINT('',(-3.789235653118,-0.1332554858));
#2326 = CARTESIAN_POINT('',(-3.844302627442,-0.135070179003));
#2327 = CARTESIAN_POINT('',(-3.899369601766,-0.135983849645));
#2328 = CARTESIAN_POINT('',(-3.954436576089,-0.135985012658));
#2329 = CARTESIAN_POINT('',(-4.009503550413,-0.135073660647));
#2330 = CARTESIAN_POINT('',(-4.064570524737,-0.133261264174));
#2331 = ( GEOMETRIC_REPRESENTATION_CONTEXT(2) 
PARAMETRIC_REPRESENTATION_CONTEXT() REPRESENTATION_CONTEXT('2D SPACE',''
  ) );
#2332 = PCURVE('',#2333,#2338);
#2333 = PLANE('',#2334);
#2334 = AXIS2_PLACEMENT_3D('',#2335,#2336,#2337);
#2335 = CARTESIAN_POINT('',(-2.622567127539,-2.622567127539,10.77));
#2336 = DIRECTION('',(4.271447238931E-02,4.27144723893E-02,
    0.998173806357));
#2337 = DIRECTION('',(0.999085651417,0.,-4.275349262848E-02));
#2338 = DEFINITIONAL_REPRESENTATION('',(#2339),#2343);
#2339 = ELLIPSE('',#2340,3.972724965077,3.96547);
#2340 = AXIS2_PLACEMENT_2D('',#2341,#2342);
#2341 = CARTESIAN_POINT('',(2.629765338267,2.624962877524));
#2342 = DIRECTION('',(0.707752732645,0.706460239103));
#2343 = ( GEOMETRIC_REPRESENTATION_CONTEXT(2) 
PARAMETRIC_REPRESENTATION_CONTEXT() REPRESENTATION_CONTEXT('2D SPACE',''
  ) );
#2344 = ORIENTED_EDGE('',*,*,#2345,.F.);
#2345 = EDGE_CURVE('',#2346,#2314,#2348,.T.);
#2346 = VERTEX_POINT('',#2347);
#2347 = CARTESIAN_POINT('',(-2.624412928658,-2.972778010682,12.25883));
#2348 = SURFACE_CURVE('',#2349,(#2366,#2386),.PCURVE_S1.);
#2349 = B_SPLINE_CURVE_WITH_KNOTS('',8,(#2350,#2351,#2352,#2353,#2354,
    #2355,#2356,#2357,#2358,#2359,#2360,#2361,#2362,#2363,#2364,#2365),
  .UNSPECIFIED.,.F.,.F.,(9,7,9),(0.,0.719055922232,1.),.UNSPECIFIED.);
#2350 = CARTESIAN_POINT('',(-2.624412987391,-2.972777958831,12.2588306)
  );
#2351 = CARTESIAN_POINT('',(-2.611567292047,-2.984118331425,
    12.127602350474));
#2352 = CARTESIAN_POINT('',(-2.599908121699,-2.994298358812,
    11.995859783069));
#2353 = CARTESIAN_POINT('',(-2.589128202933,-3.003627395001,
    11.863770432024));
#2354 = CARTESIAN_POINT('',(-2.57908619719,-3.012247730177,
    11.731423297807));
#2355 = CARTESIAN_POINT('',(-2.569664305288,-3.020277792535,
    11.598885646363));
#2356 = CARTESIAN_POINT('',(-2.560787742297,-3.027792595699,
    11.466194514041));
#2357 = CARTESIAN_POINT('',(-2.552391912654,-3.034856779328,
    11.333370721043));
#2358 = CARTESIAN_POINT('',(-2.541315608972,-3.044122822225,
    11.148469215319));
#2359 = CARTESIAN_POINT('',(-2.538269744417,-3.046664705734,
    11.096504951929));
#2360 = CARTESIAN_POINT('',(-2.535286983054,-3.049148087854,
    11.044524597951));
#2361 = CARTESIAN_POINT('',(-2.532364682627,-3.051575610216,
    10.99252923691));
#2362 = CARTESIAN_POINT('',(-2.529500412805,-3.053949701099,
    10.940519846052));
#2363 = CARTESIAN_POINT('',(-2.526691955182,-3.056272575434,
    10.88849729635));
#2364 = CARTESIAN_POINT('',(-2.523937303276,-3.0585462348,10.8364623525)
  );
#2365 = CARTESIAN_POINT('',(-2.521234662526,-3.06077246743,
    10.784415672923));
#2366 = PCURVE('',#867,#2367);
#2367 = DEFINITIONAL_REPRESENTATION('',(#2368),#2385);
#2368 = B_SPLINE_CURVE_WITH_KNOTS('',8,(#2369,#2370,#2371,#2372,#2373,
    #2374,#2375,#2376,#2377,#2378,#2379,#2380,#2381,#2382,#2383,#2384),
  .UNSPECIFIED.,.F.,.F.,(9,7,9),(0.,0.719055922232,1.),.UNSPECIFIED.);
#2369 = CARTESIAN_POINT('',(-3.989149888226,-1.6088306));
#2370 = CARTESIAN_POINT('',(-3.993470996469,-1.477602350474));
#2371 = CARTESIAN_POINT('',(-3.997374138478,-1.345859783069));
#2372 = CARTESIAN_POINT('',(-4.00096915563,-1.213770432026));
#2373 = CARTESIAN_POINT('',(-4.004306541562,-1.081423297805));
#2374 = CARTESIAN_POINT('',(-4.007428350944,-0.948885646364));
#2375 = CARTESIAN_POINT('',(-4.010361239405,-0.81619451404));
#2376 = CARTESIAN_POINT('',(-4.013128203901,-0.683370721043));
#2377 = CARTESIAN_POINT('',(-4.016769904499,-0.498469215319));
#2378 = CARTESIAN_POINT('',(-4.017770333319,-0.446504951929));
#2379 = CARTESIAN_POINT('',(-4.018749092298,-0.394524597951));
#2380 = CARTESIAN_POINT('',(-4.019707121276,-0.34252923691));
#2381 = CARTESIAN_POINT('',(-4.020645284373,-0.290519846052));
#2382 = CARTESIAN_POINT('',(-4.021564369997,-0.23849729635));
#2383 = CARTESIAN_POINT('',(-4.022465090837,-0.1864623525));
#2384 = CARTESIAN_POINT('',(-4.023348083865,-0.134415672923));
#2385 = ( GEOMETRIC_REPRESENTATION_CONTEXT(2) 
PARAMETRIC_REPRESENTATION_CONTEXT() REPRESENTATION_CONTEXT('2D SPACE',''
  ) );
#2386 = PCURVE('',#2288,#2387);
#2387 = DEFINITIONAL_REPRESENTATION('',(#2388),#2405);
#2388 = B_SPLINE_CURVE_WITH_KNOTS('',8,(#2389,#2390,#2391,#2392,#2393,
    #2394,#2395,#2396,#2397,#2398,#2399,#2400,#2401,#2402,#2403,#2404),
  .UNSPECIFIED.,.F.,.F.,(9,7,9),(0.,0.719055922232,1.),.UNSPECIFIED.);
#2389 = CARTESIAN_POINT('',(-4.555269459762,-1.471073791209));
#2390 = CARTESIAN_POINT('',(-4.600941588082,-1.340149488946));
#2391 = CARTESIAN_POINT('',(-4.642728757499,-1.208710689791));
#2392 = CARTESIAN_POINT('',(-4.681700191816,-1.076924533163));
#2393 = CARTESIAN_POINT('',(-4.718343201008,-0.944879816348));
#2394 = CARTESIAN_POINT('',(-4.75306394307,-0.812643655587));
#2395 = CARTESIAN_POINT('',(-4.786118409703,-0.680253009819));
#2396 = CARTESIAN_POINT('',(-4.817727961374,-0.547728659345));
#2397 = CARTESIAN_POINT('',(-4.859913293196,-0.363242143909));
#2398 = CARTESIAN_POINT('',(-4.871569799886,-0.311394304611));
#2399 = CARTESIAN_POINT('',(-4.883040828609,-0.259530207546));
#2400 = CARTESIAN_POINT('',(-4.894335383316,-0.207650934287));
#2401 = CARTESIAN_POINT('',(-4.905461737425,-0.155757460383));
#2402 = CARTESIAN_POINT('',(-4.916427433815,-0.103850655364));
#2403 = CARTESIAN_POINT('',(-4.92723928483,-5.193128274022E-02));
#2404 = CARTESIAN_POINT('',(-4.93790337228,0.));
#2405 = ( GEOMETRIC_REPRESENTATION_CONTEXT(2) 
PARAMETRIC_REPRESENTATION_CONTEXT() REPRESENTATION_CONTEXT('2D SPACE',''
  ) );
#2406 = ORIENTED_EDGE('',*,*,#2407,.T.);
#2407 = EDGE_CURVE('',#2346,#2408,#2410,.T.);
#2408 = VERTEX_POINT('',#2409);
#2409 = CARTESIAN_POINT('',(2.624412928658,-2.972778010682,12.25883));
#2410 = SURFACE_CURVE('',#2411,(#2416,#2423),.PCURVE_S1.);
#2411 = CIRCLE('',#2412,3.96547);
#2412 = AXIS2_PLACEMENT_3D('',#2413,#2414,#2415);
#2413 = CARTESIAN_POINT('',(0.,0.,12.25883));
#2414 = DIRECTION('',(0.,0.,1.));
#2415 = DIRECTION('',(1.,0.,0.));
#2416 = PCURVE('',#867,#2417);
#2417 = DEFINITIONAL_REPRESENTATION('',(#2418),#2422);
#2418 = LINE('',#2419,#2420);
#2419 = CARTESIAN_POINT('',(-0.,-1.60883));
#2420 = VECTOR('',#2421,1.);
#2421 = DIRECTION('',(-1.,0.));
#2422 = ( GEOMETRIC_REPRESENTATION_CONTEXT(2) 
PARAMETRIC_REPRESENTATION_CONTEXT() REPRESENTATION_CONTEXT('2D SPACE',''
  ) );
#2423 = PCURVE('',#1851,#2424);
#2424 = DEFINITIONAL_REPRESENTATION('',(#2425),#2429);
#2425 = CIRCLE('',#2426,3.96547);
#2426 = AXIS2_PLACEMENT_2D('',#2427,#2428);
#2427 = CARTESIAN_POINT('',(2.586276278485E-16,-3.553785842766E-16));
#2428 = DIRECTION('',(1.,0.));
#2429 = ( GEOMETRIC_REPRESENTATION_CONTEXT(2) 
PARAMETRIC_REPRESENTATION_CONTEXT() REPRESENTATION_CONTEXT('2D SPACE',''
  ) );
#2430 = ORIENTED_EDGE('',*,*,#2431,.F.);
#2431 = EDGE_CURVE('',#2432,#2408,#2434,.T.);
#2432 = VERTEX_POINT('',#2433);
#2433 = CARTESIAN_POINT('',(2.521234662526,-3.06077246743,
    10.784415672923));
#2434 = SURFACE_CURVE('',#2435,(#2452,#2472),.PCURVE_S1.);
#2435 = B_SPLINE_CURVE_WITH_KNOTS('',8,(#2436,#2437,#2438,#2439,#2440,
    #2441,#2442,#2443,#2444,#2445,#2446,#2447,#2448,#2449,#2450,#2451),
  .UNSPECIFIED.,.F.,.F.,(9,7,9),(0.,0.872669939438,1.),.UNSPECIFIED.);
#2436 = CARTESIAN_POINT('',(2.521234662526,-3.06077246743,
    10.784415672923));
#2437 = CARTESIAN_POINT('',(2.529629690704,-3.053857273223,
    10.946084715207));
#2438 = CARTESIAN_POINT('',(2.538525397523,-3.046485468247,
    11.107622343858));
#2439 = CARTESIAN_POINT('',(2.547977461295,-3.038601712359,
    11.269027438543));
#2440 = CARTESIAN_POINT('',(2.558059177218,-3.030132865067,
    11.430279183501));
#2441 = CARTESIAN_POINT('',(2.5688550706,-3.02099437628,11.591340102723)
  );
#2442 = CARTESIAN_POINT('',(2.58049980132,-3.011051145361,
    11.752141102509));
#2443 = CARTESIAN_POINT('',(2.593153867702,-3.000141899922,
    11.912590987167));
#2444 = CARTESIAN_POINT('',(2.609216304056,-2.986126247727,
    12.095850944099));
#2445 = CARTESIAN_POINT('',(2.611290550021,-2.984313495648,
    12.119173971339));
#2446 = CARTESIAN_POINT('',(2.613394870674,-2.982471538708,
    12.142484914866));
#2447 = CARTESIAN_POINT('',(2.615530444344,-2.980599190421,
    12.165783073102));
#2448 = CARTESIAN_POINT('',(2.61769856798,-2.978695144435,
    12.189067652423));
#2449 = CARTESIAN_POINT('',(2.619900657144,-2.976757974537,
    12.21233776716));
#2450 = CARTESIAN_POINT('',(2.622138246016,-2.974786134649,
    12.235592439604));
#2451 = CARTESIAN_POINT('',(2.624412987391,-2.972777958831,12.2588306));
#2452 = PCURVE('',#867,#2453);
#2453 = DEFINITIONAL_REPRESENTATION('',(#2454),#2471);
#2454 = B_SPLINE_CURVE_WITH_KNOTS('',8,(#2455,#2456,#2457,#2458,#2459,
    #2460,#2461,#2462,#2463,#2464,#2465,#2466,#2467,#2468,#2469,#2470),
  .UNSPECIFIED.,.F.,.F.,(9,7,9),(0.,0.872669939438,1.),.UNSPECIFIED.);
#2455 = CARTESIAN_POINT('',(-5.401429876905,-0.134415672923));
#2456 = CARTESIAN_POINT('',(-5.404172657777,-0.296084715207));
#2457 = CARTESIAN_POINT('',(-5.407086103012,-0.457622343858));
#2458 = CARTESIAN_POINT('',(-5.410189953112,-0.619027438543));
#2459 = CARTESIAN_POINT('',(-5.413510253893,-0.780279183501));
#2460 = CARTESIAN_POINT('',(-5.417077076848,-0.941340102722));
#2461 = CARTESIAN_POINT('',(-5.420938429296,-1.102141102509));
#2462 = CARTESIAN_POINT('',(-5.425151573602,-1.262590987167));
#2463 = CARTESIAN_POINT('',(-5.430527382018,-1.445850944099));
#2464 = CARTESIAN_POINT('',(-5.431222062474,-1.469173971339));
#2465 = CARTESIAN_POINT('',(-5.431927300039,-1.492484914866));
#2466 = CARTESIAN_POINT('',(-5.432643515874,-1.515783073102));
#2467 = CARTESIAN_POINT('',(-5.433371173637,-1.539067652423));
#2468 = CARTESIAN_POINT('',(-5.434110779485,-1.56233776716));
#2469 = CARTESIAN_POINT('',(-5.43486288207,-1.585592439604));
#2470 = CARTESIAN_POINT('',(-5.435628072544,-1.6088306));
#2471 = ( GEOMETRIC_REPRESENTATION_CONTEXT(2) 
PARAMETRIC_REPRESENTATION_CONTEXT() REPRESENTATION_CONTEXT('2D SPACE',''
  ) );
#2472 = PCURVE('',#2473,#2478);
#2473 = CONICAL_SURFACE('',#2474,0.45,2.135507897703E-02);
#2474 = AXIS2_PLACEMENT_3D('',#2475,#2476,#2477);
#2475 = CARTESIAN_POINT('',(2.622567127539,-2.622567127539,10.77));
#2476 = DIRECTION('',(4.27144723893E-02,-4.271447238931E-02,
    -0.998173806357));
#2477 = DIRECTION('',(0.,0.999085651417,-4.275349262848E-02));
#2478 = DEFINITIONAL_REPRESENTATION('',(#2479),#2496);
#2479 = B_SPLINE_CURVE_WITH_KNOTS('',8,(#2480,#2481,#2482,#2483,#2484,
    #2485,#2486,#2487,#2488,#2489,#2490,#2491,#2492,#2493,#2494,#2495),
  .UNSPECIFIED.,.F.,.F.,(9,7,9),(0.,0.872669939438,1.),.UNSPECIFIED.);
#2480 = CARTESIAN_POINT('',(-2.914250399545,-2.834831066443E-14));
#2481 = CARTESIAN_POINT('',(-2.947375525275,-0.161310592979));
#2482 = CARTESIAN_POINT('',(-2.981921898621,-0.322488129977));
#2483 = CARTESIAN_POINT('',(-3.018078943172,-0.48353147826));
#2484 = CARTESIAN_POINT('',(-3.056096426496,-0.644419853474));
#2485 = CARTESIAN_POINT('',(-3.096261885497,-0.805115849106));
#2486 = CARTESIAN_POINT('',(-3.139037286477,-0.965550516463));
#2487 = CARTESIAN_POINT('',(-3.184972984692,-1.125632859455));
#2488 = CARTESIAN_POINT('',(-3.242637912716,-1.308470720914));
#2489 = CARTESIAN_POINT('',(-3.250073761873,-1.331739986215));
#2490 = CARTESIAN_POINT('',(-3.257606652612,-1.354997152719));
#2491 = CARTESIAN_POINT('',(-3.265240671706,-1.378241520473));
#2492 = CARTESIAN_POINT('',(-3.272980321497,-1.401472297705));
#2493 = CARTESIAN_POINT('',(-3.280830519902,-1.42468860082));
#2494 = CARTESIAN_POINT('',(-3.288796600405,-1.447889454402));
#2495 = CARTESIAN_POINT('',(-3.296884312063,-1.471073791209));
#2496 = ( GEOMETRIC_REPRESENTATION_CONTEXT(2) 
PARAMETRIC_REPRESENTATION_CONTEXT() REPRESENTATION_CONTEXT('2D SPACE',''
  ) );
#2497 = ORIENTED_EDGE('',*,*,#2498,.T.);
#2498 = EDGE_CURVE('',#2432,#2499,#2501,.T.);
#2499 = VERTEX_POINT('',#2500);
#2500 = CARTESIAN_POINT('',(3.06077246743,-2.521234662526,
    10.784415672923));
#2501 = SURFACE_CURVE('',#2502,(#2507,#2517),.PCURVE_S1.);
#2502 = ELLIPSE('',#2503,3.972724965077,3.96547);
#2503 = AXIS2_PLACEMENT_3D('',#2504,#2505,#2506);
#2504 = CARTESIAN_POINT('',(0.,0.,10.545546962974));
#2505 = DIRECTION('',(-4.27144723893E-02,4.271447238931E-02,
    0.998173806357));
#2506 = DIRECTION('',(-0.705815467278,0.705815467278,-6.040738616257E-02
    ));
#2507 = PCURVE('',#867,#2508);
#2508 = DEFINITIONAL_REPRESENTATION('',(#2509),#2516);
#2509 = B_SPLINE_CURVE_WITH_KNOTS('',5,(#2510,#2511,#2512,#2513,#2514,
    #2515),.UNSPECIFIED.,.F.,.F.,(6,6),(3.003837489721,3.279172361339),
  .PIECEWISE_BEZIER_KNOTS.);
#2510 = CARTESIAN_POINT('',(-5.360031979913,-0.1332554858));
#2511 = CARTESIAN_POINT('',(-5.415098954237,-0.135070179003));
#2512 = CARTESIAN_POINT('',(-5.47016592856,-0.135983849645));
#2513 = CARTESIAN_POINT('',(-5.525232902884,-0.135985012658));
#2514 = CARTESIAN_POINT('',(-5.580299877208,-0.135073660647));
#2515 = CARTESIAN_POINT('',(-5.635366851532,-0.133261264174));
#2516 = ( GEOMETRIC_REPRESENTATION_CONTEXT(2) 
PARAMETRIC_REPRESENTATION_CONTEXT() REPRESENTATION_CONTEXT('2D SPACE',''
  ) );
#2517 = PCURVE('',#2518,#2523);
#2518 = PLANE('',#2519);
#2519 = AXIS2_PLACEMENT_3D('',#2520,#2521,#2522);
#2520 = CARTESIAN_POINT('',(2.622567127539,-2.622567127539,10.77));
#2521 = DIRECTION('',(-4.27144723893E-02,4.271447238931E-02,
    0.998173806357));
#2522 = DIRECTION('',(0.,0.999085651417,-4.275349262848E-02));
#2523 = DEFINITIONAL_REPRESENTATION('',(#2524),#2528);
#2524 = ELLIPSE('',#2525,3.972724965077,3.96547);
#2525 = AXIS2_PLACEMENT_2D('',#2526,#2527);
#2526 = CARTESIAN_POINT('',(2.629765338267,2.624962877524));
#2527 = DIRECTION('',(0.707752732645,0.706460239103));
#2528 = ( GEOMETRIC_REPRESENTATION_CONTEXT(2) 
PARAMETRIC_REPRESENTATION_CONTEXT() REPRESENTATION_CONTEXT('2D SPACE',''
  ) );
#2529 = ORIENTED_EDGE('',*,*,#2530,.F.);
#2530 = EDGE_CURVE('',#2531,#2499,#2533,.T.);
#2531 = VERTEX_POINT('',#2532);
#2532 = CARTESIAN_POINT('',(2.972778010682,-2.624412928658,12.25883));
#2533 = SURFACE_CURVE('',#2534,(#2551,#2571),.PCURVE_S1.);
#2534 = B_SPLINE_CURVE_WITH_KNOTS('',8,(#2535,#2536,#2537,#2538,#2539,
    #2540,#2541,#2542,#2543,#2544,#2545,#2546,#2547,#2548,#2549,#2550),
  .UNSPECIFIED.,.F.,.F.,(9,7,9),(0.,0.719055922233,1.),.UNSPECIFIED.);
#2535 = CARTESIAN_POINT('',(2.972777958831,-2.624412987391,12.2588306));
#2536 = CARTESIAN_POINT('',(2.984118331425,-2.611567292047,
    12.127602350474));
#2537 = CARTESIAN_POINT('',(2.994298358812,-2.599908121699,
    11.995859783068));
#2538 = CARTESIAN_POINT('',(3.003627395001,-2.589128202933,
    11.863770432025));
#2539 = CARTESIAN_POINT('',(3.012247730178,-2.57908619719,
    11.731423297804));
#2540 = CARTESIAN_POINT('',(3.020277792535,-2.569664305288,
    11.598885646364));
#2541 = CARTESIAN_POINT('',(3.027792595699,-2.560787742297,
    11.466194514039));
#2542 = CARTESIAN_POINT('',(3.034856779328,-2.552391912654,
    11.333370721042));
#2543 = CARTESIAN_POINT('',(3.044122822225,-2.541315608971,
    11.148469215317));
#2544 = CARTESIAN_POINT('',(3.046664705734,-2.538269744417,
    11.096504951928));
#2545 = CARTESIAN_POINT('',(3.049148087854,-2.535286983054,
    11.044524597951));
#2546 = CARTESIAN_POINT('',(3.051575610216,-2.532364682627,
    10.992529236909));
#2547 = CARTESIAN_POINT('',(3.053949701099,-2.529500412805,
    10.940519846052));
#2548 = CARTESIAN_POINT('',(3.056272575434,-2.526691955182,
    10.88849729635));
#2549 = CARTESIAN_POINT('',(3.058546234801,-2.523937303276,10.8364623525
    ));
#2550 = CARTESIAN_POINT('',(3.06077246743,-2.521234662526,
    10.784415672923));
#2551 = PCURVE('',#867,#2552);
#2552 = DEFINITIONAL_REPRESENTATION('',(#2553),#2570);
#2553 = B_SPLINE_CURVE_WITH_KNOTS('',8,(#2554,#2555,#2556,#2557,#2558,
    #2559,#2560,#2561,#2562,#2563,#2564,#2565,#2566,#2567,#2568,#2569),
  .UNSPECIFIED.,.F.,.F.,(9,7,9),(0.,0.719055922233,1.),.UNSPECIFIED.);
#2554 = CARTESIAN_POINT('',(-5.55994621502,-1.6088306));
#2555 = CARTESIAN_POINT('',(-5.564267323264,-1.477602350474));
#2556 = CARTESIAN_POINT('',(-5.568170465273,-1.345859783068));
#2557 = CARTESIAN_POINT('',(-5.571765482424,-1.213770432026));
#2558 = CARTESIAN_POINT('',(-5.575102868357,-1.081423297803));
#2559 = CARTESIAN_POINT('',(-5.578224677738,-0.948885646364));
#2560 = CARTESIAN_POINT('',(-5.5811575662,-0.816194514039));
#2561 = CARTESIAN_POINT('',(-5.583924530696,-0.683370721042));
#2562 = CARTESIAN_POINT('',(-5.587566231294,-0.498469215317));
#2563 = CARTESIAN_POINT('',(-5.588566660114,-0.446504951928));
#2564 = CARTESIAN_POINT('',(-5.589545419093,-0.394524597951));
#2565 = CARTESIAN_POINT('',(-5.590503448071,-0.342529236909));
#2566 = CARTESIAN_POINT('',(-5.591441611168,-0.290519846052));
#2567 = CARTESIAN_POINT('',(-5.592360696792,-0.23849729635));
#2568 = CARTESIAN_POINT('',(-5.593261417632,-0.1864623525));
#2569 = CARTESIAN_POINT('',(-5.59414441066,-0.134415672923));
#2570 = ( GEOMETRIC_REPRESENTATION_CONTEXT(2) 
PARAMETRIC_REPRESENTATION_CONTEXT() REPRESENTATION_CONTEXT('2D SPACE',''
  ) );
#2571 = PCURVE('',#2473,#2572);
#2572 = DEFINITIONAL_REPRESENTATION('',(#2573),#2590);
#2573 = B_SPLINE_CURVE_WITH_KNOTS('',8,(#2574,#2575,#2576,#2577,#2578,
    #2579,#2580,#2581,#2582,#2583,#2584,#2585,#2586,#2587,#2588,#2589),
  .UNSPECIFIED.,.F.,.F.,(9,7,9),(0.,0.719055922233,1.),.UNSPECIFIED.);
#2574 = CARTESIAN_POINT('',(-4.555269459762,-1.471073791209));
#2575 = CARTESIAN_POINT('',(-4.600941588082,-1.340149488946));
#2576 = CARTESIAN_POINT('',(-4.642728757499,-1.20871068979));
#2577 = CARTESIAN_POINT('',(-4.681700191816,-1.076924533165));
#2578 = CARTESIAN_POINT('',(-4.718343201009,-0.944879816345));
#2579 = CARTESIAN_POINT('',(-4.753063943071,-0.812643655588));
#2580 = CARTESIAN_POINT('',(-4.786118409704,-0.680253009817));
#2581 = CARTESIAN_POINT('',(-4.817727961374,-0.547728659344));
#2582 = CARTESIAN_POINT('',(-4.859913293196,-0.363242143907));
#2583 = CARTESIAN_POINT('',(-4.871569799886,-0.31139430461));
#2584 = CARTESIAN_POINT('',(-4.883040828609,-0.259530207546));
#2585 = CARTESIAN_POINT('',(-4.894335383317,-0.207650934286));
#2586 = CARTESIAN_POINT('',(-4.905461737425,-0.155757460382));
#2587 = CARTESIAN_POINT('',(-4.916427433815,-0.103850655364));
#2588 = CARTESIAN_POINT('',(-4.92723928483,-5.193128274005E-02));
#2589 = CARTESIAN_POINT('',(-4.93790337228,0.));
#2590 = ( GEOMETRIC_REPRESENTATION_CONTEXT(2) 
PARAMETRIC_REPRESENTATION_CONTEXT() REPRESENTATION_CONTEXT('2D SPACE',''
  ) );
#2591 = ORIENTED_EDGE('',*,*,#2592,.T.);
#2592 = EDGE_CURVE('',#2531,#1646,#2593,.T.);
#2593 = SURFACE_CURVE('',#2594,(#2599,#2606),.PCURVE_S1.);
#2594 = CIRCLE('',#2595,3.96547);
#2595 = AXIS2_PLACEMENT_3D('',#2596,#2597,#2598);
#2596 = CARTESIAN_POINT('',(0.,0.,12.25883));
#2597 = DIRECTION('',(0.,0.,1.));
#2598 = DIRECTION('',(1.,0.,0.));
#2599 = PCURVE('',#867,#2600);
#2600 = DEFINITIONAL_REPRESENTATION('',(#2601),#2605);
#2601 = LINE('',#2602,#2603);
#2602 = CARTESIAN_POINT('',(-0.,-1.60883));
#2603 = VECTOR('',#2604,1.);
#2604 = DIRECTION('',(-1.,0.));
#2605 = ( GEOMETRIC_REPRESENTATION_CONTEXT(2) 
PARAMETRIC_REPRESENTATION_CONTEXT() REPRESENTATION_CONTEXT('2D SPACE',''
  ) );
#2606 = PCURVE('',#1851,#2607);
#2607 = DEFINITIONAL_REPRESENTATION('',(#2608),#2612);
#2608 = CIRCLE('',#2609,3.96547);
#2609 = AXIS2_PLACEMENT_2D('',#2610,#2611);
#2610 = CARTESIAN_POINT('',(2.586276278485E-16,-3.553785842766E-16));
#2611 = DIRECTION('',(1.,0.));
#2612 = ( GEOMETRIC_REPRESENTATION_CONTEXT(2) 
PARAMETRIC_REPRESENTATION_CONTEXT() REPRESENTATION_CONTEXT('2D SPACE',''
  ) );
#2613 = ADVANCED_FACE('',(#2614,#2721),#906,.F.);
#2614 = FACE_BOUND('',#2615,.F.);
#2615 = EDGE_LOOP('',(#2616,#2617,#2618,#2647,#2673,#2700,#2701,#2702));
#2616 = ORIENTED_EDGE('',*,*,#1479,.F.);
#2617 = ORIENTED_EDGE('',*,*,#1809,.T.);
#2618 = ORIENTED_EDGE('',*,*,#2619,.F.);
#2619 = EDGE_CURVE('',#2620,#1772,#2622,.T.);
#2620 = VERTEX_POINT('',#2621);
#2621 = CARTESIAN_POINT('',(-3.261777594455,1.011079761231,10.65));
#2622 = SURFACE_CURVE('',#2623,(#2628,#2635),.PCURVE_S1.);
#2623 = ELLIPSE('',#2624,1.434093798897,1.11913);
#2624 = AXIS2_PLACEMENT_3D('',#2625,#2626,#2627);
#2625 = CARTESIAN_POINT('',(-3.876559491525,0.,10.65));
#2626 = DIRECTION('',(0.,0.,1.));
#2627 = DIRECTION('',(1.,0.,-0.));
#2628 = PCURVE('',#906,#2629);
#2629 = DEFINITIONAL_REPRESENTATION('',(#2630),#2634);
#2630 = ELLIPSE('',#2631,1.434093798897,1.11913);
#2631 = AXIS2_PLACEMENT_2D('',#2632,#2633);
#2632 = CARTESIAN_POINT('',(-3.876559491525,-3.553785842766E-16));
#2633 = DIRECTION('',(1.,0.));
#2634 = ( GEOMETRIC_REPRESENTATION_CONTEXT(2) 
PARAMETRIC_REPRESENTATION_CONTEXT() REPRESENTATION_CONTEXT('2D SPACE',''
  ) );
#2635 = PCURVE('',#1570,#2636);
#2636 = DEFINITIONAL_REPRESENTATION('',(#2637),#2646);
#2637 = B_SPLINE_CURVE_WITH_KNOTS('',7,(#2638,#2639,#2640,#2641,#2642,
    #2643,#2644,#2645),.UNSPECIFIED.,.F.,.F.,(8,8),(1.127753128776,
    2.233214856004),.PIECEWISE_BEZIER_KNOTS.);
#2638 = CARTESIAN_POINT('',(1.127753128776,3.780237665172));
#2639 = CARTESIAN_POINT('',(1.285676232666,3.652292122716));
#2640 = CARTESIAN_POINT('',(1.443599336556,3.513161041985));
#2641 = CARTESIAN_POINT('',(1.601522440446,3.368056233594));
#2642 = CARTESIAN_POINT('',(1.759445544335,3.222873069813));
#2643 = CARTESIAN_POINT('',(1.917368648225,3.083659687423));
#2644 = CARTESIAN_POINT('',(2.075291752114,2.955944917989));
#2645 = CARTESIAN_POINT('',(2.233214856004,2.844277613947));
#2646 = ( GEOMETRIC_REPRESENTATION_CONTEXT(2) 
PARAMETRIC_REPRESENTATION_CONTEXT() REPRESENTATION_CONTEXT('2D SPACE',''
  ) );
#2647 = ORIENTED_EDGE('',*,*,#2648,.T.);
#2648 = EDGE_CURVE('',#2620,#2649,#2651,.T.);
#2649 = VERTEX_POINT('',#2650);
#2650 = CARTESIAN_POINT('',(-3.261777594455,-1.011079761231,10.65));
#2651 = SURFACE_CURVE('',#2652,(#2656,#2662),.PCURVE_S1.);
#2652 = LINE('',#2653,#2654);
#2653 = CARTESIAN_POINT('',(-3.261777594455,1.776892921383E-16,10.65));
#2654 = VECTOR('',#2655,1.);
#2655 = DIRECTION('',(0.,-1.,0.));
#2656 = PCURVE('',#906,#2657);
#2657 = DEFINITIONAL_REPRESENTATION('',(#2658),#2661);
#2658 = B_SPLINE_CURVE_WITH_KNOTS('',1,(#2659,#2660),.UNSPECIFIED.,.F.,
  .F.,(2,2),(-1.11913,1.11913),.PIECEWISE_BEZIER_KNOTS.);
#2659 = CARTESIAN_POINT('',(-3.261777594455,1.11913));
#2660 = CARTESIAN_POINT('',(-3.261777594455,-1.11913));
#2661 = ( GEOMETRIC_REPRESENTATION_CONTEXT(2) 
PARAMETRIC_REPRESENTATION_CONTEXT() REPRESENTATION_CONTEXT('2D SPACE',''
  ) );
#2662 = PCURVE('',#2663,#2668);
#2663 = PLANE('',#2664);
#2664 = AXIS2_PLACEMENT_3D('',#2665,#2666,#2667);
#2665 = CARTESIAN_POINT('',(-3.63617,0.,10.95));
#2666 = DIRECTION('',(0.625312634961,0.,0.780374338736));
#2667 = DIRECTION('',(0.780374338736,0.,-0.625312634961));
#2668 = DEFINITIONAL_REPRESENTATION('',(#2669),#2672);
#2669 = B_SPLINE_CURVE_WITH_KNOTS('',1,(#2670,#2671),.UNSPECIFIED.,.F.,
  .F.,(2,2),(-1.11913,1.11913),.PIECEWISE_BEZIER_KNOTS.);
#2670 = CARTESIAN_POINT('',(0.479760016394,1.11913));
#2671 = CARTESIAN_POINT('',(0.479760016394,-1.11913));
#2672 = ( GEOMETRIC_REPRESENTATION_CONTEXT(2) 
PARAMETRIC_REPRESENTATION_CONTEXT() REPRESENTATION_CONTEXT('2D SPACE',''
  ) );
#2673 = ORIENTED_EDGE('',*,*,#2674,.F.);
#2674 = EDGE_CURVE('',#1671,#2649,#2675,.T.);
#2675 = SURFACE_CURVE('',#2676,(#2681,#2688),.PCURVE_S1.);
#2676 = ELLIPSE('',#2677,1.434093798897,1.11913);
#2677 = AXIS2_PLACEMENT_3D('',#2678,#2679,#2680);
#2678 = CARTESIAN_POINT('',(-3.876559491525,0.,10.65));
#2679 = DIRECTION('',(0.,0.,1.));
#2680 = DIRECTION('',(1.,0.,-0.));
#2681 = PCURVE('',#906,#2682);
#2682 = DEFINITIONAL_REPRESENTATION('',(#2683),#2687);
#2683 = ELLIPSE('',#2684,1.434093798897,1.11913);
#2684 = AXIS2_PLACEMENT_2D('',#2685,#2686);
#2685 = CARTESIAN_POINT('',(-3.876559491525,-3.553785842766E-16));
#2686 = DIRECTION('',(1.,0.));
#2687 = ( GEOMETRIC_REPRESENTATION_CONTEXT(2) 
PARAMETRIC_REPRESENTATION_CONTEXT() REPRESENTATION_CONTEXT('2D SPACE',''
  ) );
#2688 = PCURVE('',#1570,#2689);
#2689 = DEFINITIONAL_REPRESENTATION('',(#2690),#2699);
#2690 = B_SPLINE_CURVE_WITH_KNOTS('',7,(#2691,#2692,#2693,#2694,#2695,
    #2696,#2697,#2698),.UNSPECIFIED.,.F.,.F.,(8,8),(4.049970451175,
    5.155432178403),.PIECEWISE_BEZIER_KNOTS.);
#2691 = CARTESIAN_POINT('',(4.049970451175,2.844277613947));
#2692 = CARTESIAN_POINT('',(4.207893555065,2.955944917989));
#2693 = CARTESIAN_POINT('',(4.365816658955,3.083659687423));
#2694 = CARTESIAN_POINT('',(4.523739762846,3.222873069814));
#2695 = CARTESIAN_POINT('',(4.681662866732,3.368056233594));
#2696 = CARTESIAN_POINT('',(4.839585970624,3.513161041986));
#2697 = CARTESIAN_POINT('',(4.997509074514,3.652292122716));
#2698 = CARTESIAN_POINT('',(5.155432178403,3.780237665172));
#2699 = ( GEOMETRIC_REPRESENTATION_CONTEXT(2) 
PARAMETRIC_REPRESENTATION_CONTEXT() REPRESENTATION_CONTEXT('2D SPACE',''
  ) );
#2700 = ORIENTED_EDGE('',*,*,#1670,.T.);
#2701 = ORIENTED_EDGE('',*,*,#884,.F.);
#2702 = ORIENTED_EDGE('',*,*,#2703,.T.);
#2703 = EDGE_CURVE('',#885,#1456,#2704,.T.);
#2704 = SURFACE_CURVE('',#2705,(#2709,#2715),.PCURVE_S1.);
#2705 = LINE('',#2706,#2707);
#2706 = CARTESIAN_POINT('',(3.261777594455,1.776892921383E-16,10.65));
#2707 = VECTOR('',#2708,1.);
#2708 = DIRECTION('',(0.,1.,-0.));
#2709 = PCURVE('',#906,#2710);
#2710 = DEFINITIONAL_REPRESENTATION('',(#2711),#2714);
#2711 = B_SPLINE_CURVE_WITH_KNOTS('',1,(#2712,#2713),.UNSPECIFIED.,.F.,
  .F.,(2,2),(-1.11913,1.11913),.PIECEWISE_BEZIER_KNOTS.);
#2712 = CARTESIAN_POINT('',(3.261777594455,-1.11913));
#2713 = CARTESIAN_POINT('',(3.261777594455,1.11913));
#2714 = ( GEOMETRIC_REPRESENTATION_CONTEXT(2) 
PARAMETRIC_REPRESENTATION_CONTEXT() REPRESENTATION_CONTEXT('2D SPACE',''
  ) );
#2715 = PCURVE('',#935,#2716);
#2716 = DEFINITIONAL_REPRESENTATION('',(#2717),#2720);
#2717 = B_SPLINE_CURVE_WITH_KNOTS('',1,(#2718,#2719),.UNSPECIFIED.,.F.,
  .F.,(2,2),(-1.11913,1.11913),.PIECEWISE_BEZIER_KNOTS.);
#2718 = CARTESIAN_POINT('',(-0.479760016394,-1.11913));
#2719 = CARTESIAN_POINT('',(-0.479760016394,1.11913));
#2720 = ( GEOMETRIC_REPRESENTATION_CONTEXT(2) 
PARAMETRIC_REPRESENTATION_CONTEXT() REPRESENTATION_CONTEXT('2D SPACE',''
  ) );
#2721 = FACE_BOUND('',#2722,.F.);
#2722 = EDGE_LOOP('',(#2723));
#2723 = ORIENTED_EDGE('',*,*,#2724,.T.);
#2724 = EDGE_CURVE('',#2725,#2725,#2727,.T.);
#2725 = VERTEX_POINT('',#2726);
#2726 = CARTESIAN_POINT('',(2.87188,0.,10.65));
#2727 = SURFACE_CURVE('',#2728,(#2733,#2744),.PCURVE_S1.);
#2728 = CIRCLE('',#2729,2.87188);
#2729 = AXIS2_PLACEMENT_3D('',#2730,#2731,#2732);
#2730 = CARTESIAN_POINT('',(0.,0.,10.65));
#2731 = DIRECTION('',(0.,0.,-1.));
#2732 = DIRECTION('',(1.,0.,0.));
#2733 = PCURVE('',#906,#2734);
#2734 = DEFINITIONAL_REPRESENTATION('',(#2735),#2743);
#2735 = ( BOUNDED_CURVE() B_SPLINE_CURVE(2,(#2736,#2737,#2738,#2739,
#2740,#2741,#2742),.UNSPECIFIED.,.T.,.F.) B_SPLINE_CURVE_WITH_KNOTS((1,2
    ,2,2,2,1),(-2.094395102393,0.,2.094395102393,4.188790204786,
6.28318530718,8.377580409573),.UNSPECIFIED.) CURVE() 
GEOMETRIC_REPRESENTATION_ITEM() RATIONAL_B_SPLINE_CURVE((1.,0.5,1.,0.5,
1.,0.5,1.)) REPRESENTATION_ITEM('') );
#2736 = CARTESIAN_POINT('',(2.87188,-3.553785842766E-16));
#2737 = CARTESIAN_POINT('',(2.87188,-4.974242073241));
#2738 = CARTESIAN_POINT('',(-1.43594,-2.48712103662));
#2739 = CARTESIAN_POINT('',(-5.74376,-1.058786314184E-15));
#2740 = CARTESIAN_POINT('',(-1.43594,2.48712103662));
#2741 = CARTESIAN_POINT('',(2.87188,4.974242073241));
#2742 = CARTESIAN_POINT('',(2.87188,-3.553785842766E-16));
#2743 = ( GEOMETRIC_REPRESENTATION_CONTEXT(2) 
PARAMETRIC_REPRESENTATION_CONTEXT() REPRESENTATION_CONTEXT('2D SPACE',''
  ) );
#2744 = PCURVE('',#2745,#2750);
#2745 = CYLINDRICAL_SURFACE('',#2746,2.87188);
#2746 = AXIS2_PLACEMENT_3D('',#2747,#2748,#2749);
#2747 = CARTESIAN_POINT('',(0.,0.,10.4));
#2748 = DIRECTION('',(-0.,-0.,-1.));
#2749 = DIRECTION('',(1.,0.,0.));
#2750 = DEFINITIONAL_REPRESENTATION('',(#2751),#2755);
#2751 = LINE('',#2752,#2753);
#2752 = CARTESIAN_POINT('',(-6.28318530718,-0.25));
#2753 = VECTOR('',#2754,1.);
#2754 = DIRECTION('',(1.,-0.));
#2755 = ( GEOMETRIC_REPRESENTATION_CONTEXT(2) 
PARAMETRIC_REPRESENTATION_CONTEXT() REPRESENTATION_CONTEXT('2D SPACE',''
  ) );
#2756 = ADVANCED_FACE('',(#2757),#935,.T.);
#2757 = FACE_BOUND('',#2758,.T.);
#2758 = EDGE_LOOP('',(#2759,#2815,#2816,#2817,#2818));
#2759 = ORIENTED_EDGE('',*,*,#2760,.T.);
#2760 = EDGE_CURVE('',#2761,#919,#2763,.T.);
#2761 = VERTEX_POINT('',#2762);
#2762 = CARTESIAN_POINT('',(3.151566186001,1.422868860733E-15,
    10.561687785205));
#2763 = SURFACE_CURVE('',#2764,(#2779,#2797),.PCURVE_S1.);
#2764 = B_SPLINE_CURVE_WITH_KNOTS('',7,(#2765,#2766,#2767,#2768,#2769,
    #2770,#2771,#2772,#2773,#2774,#2775,#2776,#2777,#2778),
  .UNSPECIFIED.,.F.,.F.,(8,6,8),(0.,0.594977532553,1.),.UNSPECIFIED.);
#2765 = CARTESIAN_POINT('',(3.151566186001,1.221245327088E-15,
    10.561687785205));
#2766 = CARTESIAN_POINT('',(3.151566186001,-0.102371543709,
    10.561687785205));
#2767 = CARTESIAN_POINT('',(3.14021181406,-0.204812522872,
    10.552589546213));
#2768 = CARTESIAN_POINT('',(3.117476066984,-0.305051433482,
    10.534371430616));
#2769 = CARTESIAN_POINT('',(3.083965150824,-0.40110026617,
    10.507519190296));
#2770 = CARTESIAN_POINT('',(3.040613195048,-0.491324981833,
    10.472781341611));
#2771 = CARTESIAN_POINT('',(2.988604299731,-0.574443466708,
    10.431106701943));
#2772 = CARTESIAN_POINT('',(2.888921155804,-0.70067673167,
    10.351230767669));
#2773 = CARTESIAN_POINT('',(2.845131202081,-0.748132833262,
    10.316141951971));
#2774 = CARTESIAN_POINT('',(2.798308012471,-0.791665979346,
    10.278622609498));
#2775 = CARTESIAN_POINT('',(2.748837219332,-0.831106836465,
    10.238981746804));
#2776 = CARTESIAN_POINT('',(2.697092363334,-0.866351290389,
    10.197518681397));
#2777 = CARTESIAN_POINT('',(2.643425252522,-0.897344727402,
    10.154515316464));
#2778 = CARTESIAN_POINT('',(2.588161599548,-0.924067792838,
    10.110232645003));
#2779 = PCURVE('',#935,#2780);
#2780 = DEFINITIONAL_REPRESENTATION('',(#2781),#2796);
#2781 = B_SPLINE_CURVE_WITH_KNOTS('',7,(#2782,#2783,#2784,#2785,#2786,
    #2787,#2788,#2789,#2790,#2791,#2792,#2793,#2794,#2795),
  .UNSPECIFIED.,.F.,.F.,(8,6,8),(0.,0.594977532553,1.),.UNSPECIFIED.);
#2782 = CARTESIAN_POINT('',(-0.620988915119,1.221245327088E-15));
#2783 = CARTESIAN_POINT('',(-0.620988915119,-0.102371543709));
#2784 = CARTESIAN_POINT('',(-0.635538819413,-0.204812522872));
#2785 = CARTESIAN_POINT('',(-0.66467323087,-0.305051433482));
#2786 = CARTESIAN_POINT('',(-0.707615335058,-0.40110026617));
#2787 = CARTESIAN_POINT('',(-0.763168104574,-0.491324981833));
#2788 = CARTESIAN_POINT('',(-0.829814190607,-0.574443466708));
#2789 = CARTESIAN_POINT('',(-0.957551789063,-0.70067673167));
#2790 = CARTESIAN_POINT('',(-1.013665825045,-0.748132833262));
#2791 = CARTESIAN_POINT('',(-1.073666759578,-0.791665979346));
#2792 = CARTESIAN_POINT('',(-1.137060429364,-0.831106836465));
#2793 = CARTESIAN_POINT('',(-1.20336816583,-0.866351290389));
#2794 = CARTESIAN_POINT('',(-1.27213914938,-0.897344727402));
#2795 = CARTESIAN_POINT('',(-1.342956,-0.924067792838));
#2796 = ( GEOMETRIC_REPRESENTATION_CONTEXT(2) 
PARAMETRIC_REPRESENTATION_CONTEXT() REPRESENTATION_CONTEXT('2D SPACE',''
  ) );
#2797 = PCURVE('',#1283,#2798);
#2798 = DEFINITIONAL_REPRESENTATION('',(#2799),#2814);
#2799 = B_SPLINE_CURVE_WITH_KNOTS('',7,(#2800,#2801,#2802,#2803,#2804,
    #2805,#2806,#2807,#2808,#2809,#2810,#2811,#2812,#2813),
  .UNSPECIFIED.,.F.,.F.,(8,6,8),(0.,0.594977532553,1.),.UNSPECIFIED.);
#2800 = CARTESIAN_POINT('',(1.280811671472,0.));
#2801 = CARTESIAN_POINT('',(1.280811671472,0.100180594116));
#2802 = CARTESIAN_POINT('',(1.281562798143,0.200428972912));
#2803 = CARTESIAN_POINT('',(1.283066808958,0.300165703931));
#2804 = CARTESIAN_POINT('',(1.285293988973,0.399092671742));
#2805 = CARTESIAN_POINT('',(1.288202894759,0.496982001162));
#2806 = CARTESIAN_POINT('',(1.291738872358,0.593639445921));
#2807 = CARTESIAN_POINT('',(1.298621097771,0.753658822261));
#2808 = CARTESIAN_POINT('',(1.301669779457,0.817851631793));
#2809 = CARTESIAN_POINT('',(1.304961333413,0.881412682677));
#2810 = CARTESIAN_POINT('',(1.308477016618,0.94435060838));
#2811 = CARTESIAN_POINT('',(1.312198133123,1.006688190157));
#2812 = CARTESIAN_POINT('',(1.316106366148,1.068460089694));
#2813 = CARTESIAN_POINT('',(1.320184005686,1.129715925617));
#2814 = ( GEOMETRIC_REPRESENTATION_CONTEXT(2) 
PARAMETRIC_REPRESENTATION_CONTEXT() REPRESENTATION_CONTEXT('2D SPACE',''
  ) );
#2815 = ORIENTED_EDGE('',*,*,#918,.T.);
#2816 = ORIENTED_EDGE('',*,*,#2703,.T.);
#2817 = ORIENTED_EDGE('',*,*,#1455,.T.);
#2818 = ORIENTED_EDGE('',*,*,#2819,.T.);
#2819 = EDGE_CURVE('',#948,#2761,#2820,.T.);
#2820 = SURFACE_CURVE('',#2821,(#2836,#2854),.PCURVE_S1.);
#2821 = B_SPLINE_CURVE_WITH_KNOTS('',7,(#2822,#2823,#2824,#2825,#2826,
    #2827,#2828,#2829,#2830,#2831,#2832,#2833,#2834,#2835),
  .UNSPECIFIED.,.F.,.F.,(8,6,8),(0.,0.405014648752,1.),.UNSPECIFIED.);
#2822 = CARTESIAN_POINT('',(2.588161599548,0.924067792838,
    10.110232645003));
#2823 = CARTESIAN_POINT('',(2.64342418421,0.897345243991,10.154514460427
    ));
#2824 = CARTESIAN_POINT('',(2.697090288258,0.866352488749,
    10.197517018641));
#2825 = CARTESIAN_POINT('',(2.748834218055,0.83110888067,10.238979341886
    ));
#2826 = CARTESIAN_POINT('',(2.798304186549,0.791669029566,
    10.278619543793));
#2827 = CARTESIAN_POINT('',(2.845126675649,0.748137041631,
    10.316138324949));
#2828 = CARTESIAN_POINT('',(2.888916076097,0.700682236651,
    10.351226697309));
#2829 = CARTESIAN_POINT('',(2.98860019587,0.574450026264,10.431103413527
    ));
#2830 = CARTESIAN_POINT('',(3.040610346711,0.491330911456,
    10.472779059243));
#2831 = CARTESIAN_POINT('',(3.083963387894,0.401105317114,
    10.507517777663));
#2832 = CARTESIAN_POINT('',(3.117475165412,0.305055393598,
    10.534370708189));
#2833 = CARTESIAN_POINT('',(3.140211517372,0.204815227433,
    10.552589308478));
#2834 = CARTESIAN_POINT('',(3.151566186001,0.102372880417,
    10.561687785205));
#2835 = CARTESIAN_POINT('',(3.151566186001,1.172582895804E-15,
    10.561687785205));
#2836 = PCURVE('',#935,#2837);
#2837 = DEFINITIONAL_REPRESENTATION('',(#2838),#2853);
#2838 = B_SPLINE_CURVE_WITH_KNOTS('',7,(#2839,#2840,#2841,#2842,#2843,
    #2844,#2845,#2846,#2847,#2848,#2849,#2850,#2851,#2852),
  .UNSPECIFIED.,.F.,.F.,(8,6,8),(0.,0.405014648752,1.),.UNSPECIFIED.);
#2839 = CARTESIAN_POINT('',(-1.342956,0.924067792838));
#2840 = CARTESIAN_POINT('',(-1.272140518354,0.897345243991));
#2841 = CARTESIAN_POINT('',(-1.203370824908,0.866352488749));
#2842 = CARTESIAN_POINT('',(-1.137064275309,0.83110888067));
#2843 = CARTESIAN_POINT('',(-1.073671662253,0.791669029566));
#2844 = CARTESIAN_POINT('',(-1.013671625379,0.748137041631));
#2845 = CARTESIAN_POINT('',(-0.957558298384,0.700682236651));
#2846 = CARTESIAN_POINT('',(-0.829819449443,0.574450026264));
#2847 = CARTESIAN_POINT('',(-0.763171754537,0.491330911456));
#2848 = CARTESIAN_POINT('',(-0.707617594141,0.401105317114));
#2849 = CARTESIAN_POINT('',(-0.664674386177,0.305055393598));
#2850 = CARTESIAN_POINT('',(-0.635539199599,0.204815227433));
#2851 = CARTESIAN_POINT('',(-0.620988915119,0.102372880417));
#2852 = CARTESIAN_POINT('',(-0.620988915119,1.172582895804E-15));
#2853 = ( GEOMETRIC_REPRESENTATION_CONTEXT(2) 
PARAMETRIC_REPRESENTATION_CONTEXT() REPRESENTATION_CONTEXT('2D SPACE',''
  ) );
#2854 = PCURVE('',#1283,#2855);
#2855 = DEFINITIONAL_REPRESENTATION('',(#2856),#2871);
#2856 = B_SPLINE_CURVE_WITH_KNOTS('',7,(#2857,#2858,#2859,#2860,#2861,
    #2862,#2863,#2864,#2865,#2866,#2867,#2868,#2869,#2870),
  .UNSPECIFIED.,.F.,.F.,(8,6,8),(0.,0.405014648752,1.),.UNSPECIFIED.);
#2857 = CARTESIAN_POINT('',(1.320184005686,5.153469381562));
#2858 = CARTESIAN_POINT('',(1.316106444974,5.214724033336));
#2859 = CARTESIAN_POINT('',(1.312198284237,5.276494728583));
#2860 = CARTESIAN_POINT('',(1.308477232448,5.338831083137));
#2861 = CARTESIAN_POINT('',(1.304961605305,5.401767757083));
#2862 = CARTESIAN_POINT('',(1.301670097654,5.46532753091));
#2863 = CARTESIAN_POINT('',(1.298621451423,5.529519038444));
#2864 = CARTESIAN_POINT('',(1.291739151368,5.689538233625));
#2865 = CARTESIAN_POINT('',(1.288203085878,5.78619687316));
#2866 = CARTESIAN_POINT('',(1.285294106149,5.884087432147));
#2867 = CARTESIAN_POINT('',(1.283066868594,5.983015663006));
#2868 = CARTESIAN_POINT('',(1.28156281777,6.082753687704));
#2869 = CARTESIAN_POINT('',(1.280811671472,6.183003404964));
#2870 = CARTESIAN_POINT('',(1.280811671472,6.28318530718));
#2871 = ( GEOMETRIC_REPRESENTATION_CONTEXT(2) 
PARAMETRIC_REPRESENTATION_CONTEXT() REPRESENTATION_CONTEXT('2D SPACE',''
  ) );
#2872 = ADVANCED_FACE('',(#2873),#1283,.T.);
#2873 = FACE_BOUND('',#2874,.T.);
#2874 = EDGE_LOOP('',(#2875,#2899,#2900,#2901,#2902,#2903,#3159,#3183,
    #3239,#3448,#3648,#3702,#3703));
#2875 = ORIENTED_EDGE('',*,*,#2876,.F.);
#2876 = EDGE_CURVE('',#2761,#2877,#2879,.T.);
#2877 = VERTEX_POINT('',#2878);
#2878 = CARTESIAN_POINT('',(2.64416684362,1.438224601278E-15,10.7));
#2879 = SEAM_CURVE('',#2880,(#2885,#2892),.PCURVE_S1.);
#2880 = CIRCLE('',#2881,11.02187);
#2881 = AXIS2_PLACEMENT_3D('',#2882,#2883,#2884);
#2882 = CARTESIAN_POINT('',(0.,2.502859649289E-16,-2.778732410046E-32));
#2883 = DIRECTION('',(0.,-1.,1.110223024625E-16));
#2884 = DIRECTION('',(1.,0.,0.));
#2885 = PCURVE('',#1283,#2886);
#2886 = DEFINITIONAL_REPRESENTATION('',(#2887),#2891);
#2887 = LINE('',#2888,#2889);
#2888 = CARTESIAN_POINT('',(0.,6.28318530718));
#2889 = VECTOR('',#2890,1.);
#2890 = DIRECTION('',(1.,0.));
#2891 = ( GEOMETRIC_REPRESENTATION_CONTEXT(2) 
PARAMETRIC_REPRESENTATION_CONTEXT() REPRESENTATION_CONTEXT('2D SPACE',''
  ) );
#2892 = PCURVE('',#1283,#2893);
#2893 = DEFINITIONAL_REPRESENTATION('',(#2894),#2898);
#2894 = LINE('',#2895,#2896);
#2895 = CARTESIAN_POINT('',(0.,0.));
#2896 = VECTOR('',#2897,1.);
#2897 = DIRECTION('',(1.,0.));
#2898 = ( GEOMETRIC_REPRESENTATION_CONTEXT(2) 
PARAMETRIC_REPRESENTATION_CONTEXT() REPRESENTATION_CONTEXT('2D SPACE',''
  ) );
#2899 = ORIENTED_EDGE('',*,*,#2819,.F.);
#2900 = ORIENTED_EDGE('',*,*,#947,.F.);
#2901 = ORIENTED_EDGE('',*,*,#2760,.F.);
#2902 = ORIENTED_EDGE('',*,*,#2876,.T.);
#2903 = ORIENTED_EDGE('',*,*,#2904,.T.);
#2904 = EDGE_CURVE('',#2877,#2905,#2907,.T.);
#2905 = VERTEX_POINT('',#2906);
#2906 = CARTESIAN_POINT('',(-2.64416684362,1.438224601278E-15,10.7));
#2907 = SURFACE_CURVE('',#2908,(#2988,#3071),.PCURVE_S1.);
#2908 = B_SPLINE_CURVE_WITH_KNOTS('',8,(#2909,#2910,#2911,#2912,#2913,
    #2914,#2915,#2916,#2917,#2918,#2919,#2920,#2921,#2922,#2923,#2924,
    #2925,#2926,#2927,#2928,#2929,#2930,#2931,#2932,#2933,#2934,#2935,
    #2936,#2937,#2938,#2939,#2940,#2941,#2942,#2943,#2944,#2945,#2946,
    #2947,#2948,#2949,#2950,#2951,#2952,#2953,#2954,#2955,#2956,#2957,
    #2958,#2959,#2960,#2961,#2962,#2963,#2964,#2965,#2966,#2967,#2968,
    #2969,#2970,#2971,#2972,#2973,#2974,#2975,#2976,#2977,#2978,#2979,
    #2980,#2981,#2982,#2983,#2984,#2985,#2986,#2987),.UNSPECIFIED.,.F.,
  .F.,(9,7,7,7,7,7,7,7,7,7,7,9),(0.,3.864202645234E-02,
    6.813934163387E-02,0.117495253161,0.174024221682,0.235480415801,
    0.501277873814,0.636670010878,0.786235523266,0.845961040983,
    0.941440117433,1.),.UNSPECIFIED.);
#2909 = CARTESIAN_POINT('',(2.64416684362,1.215432881106E-15,10.7));
#2910 = CARTESIAN_POINT('',(2.64416684362,-2.131297056633E-02,10.7));
#2911 = CARTESIAN_POINT('',(2.642049171394,-4.263383283163E-02,10.7));
#2912 = CARTESIAN_POINT('',(2.637811256945,-6.381022005125E-02,10.7));
#2913 = CARTESIAN_POINT('',(2.631520022647,-8.471566094403E-02,10.7));
#2914 = CARTESIAN_POINT('',(2.62329013828,-0.105247021199,10.7));
#2915 = CARTESIAN_POINT('',(2.6132663441,-0.125322172185,10.7));
#2916 = CARTESIAN_POINT('',(2.601609841913,-0.144877886874,10.7));
#2917 = CARTESIAN_POINT('',(2.578472797572,-0.178364000332,10.7));
#2918 = CARTESIAN_POINT('',(2.567598379677,-0.192537501608,10.7));
#2919 = CARTESIAN_POINT('',(2.55593319207,-0.206376037133,10.7));
#2920 = CARTESIAN_POINT('',(2.543543056022,-0.219872692605,10.7));
#2921 = CARTESIAN_POINT('',(2.530490512657,-0.233025355863,10.7));
#2922 = CARTESIAN_POINT('',(2.516833413102,-0.24583600368,10.7));
#2923 = CARTESIAN_POINT('',(2.50262350864,-0.258309988556,10.7));
#2924 = CARTESIAN_POINT('',(2.463277599714,-0.290777316592,10.7));
#2925 = CARTESIAN_POINT('',(2.437237683595,-0.310170537919,10.7));
#2926 = CARTESIAN_POINT('',(2.409988898655,-0.328679144859,10.7));
#2927 = CARTESIAN_POINT('',(2.381705675469,-0.346347458974,10.7));
#2928 = CARTESIAN_POINT('',(2.352534108854,-0.363220133973,10.7));
#2929 = CARTESIAN_POINT('',(2.322592797694,-0.379342321669,10.7));
#2930 = CARTESIAN_POINT('',(2.291973684764,-0.394759837934,10.7));
#2931 = CARTESIAN_POINT('',(2.224973235133,-0.426423864722,10.7));
#2932 = CARTESIAN_POINT('',(2.188417762692,-0.4424571403,10.7));
#2933 = CARTESIAN_POINT('',(2.15118727976,-0.457684610422,10.7));
#2934 = CARTESIAN_POINT('',(2.113373787448,-0.472161737972,10.7));
#2935 = CARTESIAN_POINT('',(2.075053354296,-0.485937344028,10.7));
#2936 = CARTESIAN_POINT('',(2.036288005895,-0.499055825782,10.7));
#2937 = CARTESIAN_POINT('',(1.997126637242,-0.511558242036,10.7));
#2938 = CARTESIAN_POINT('',(1.914638435692,-0.53644562237,10.7));
#2939 = CARTESIAN_POINT('',(1.871253628553,-0.548723279103,10.7));
#2940 = CARTESIAN_POINT('',(1.827501746835,-0.560362213164,10.7));
#2941 = CARTESIAN_POINT('',(1.783426664975,-0.571403407775,10.7));
#2942 = CARTESIAN_POINT('',(1.73906547016,-0.58188283098,10.7));
#2943 = CARTESIAN_POINT('',(1.694449021029,-0.591832413948,10.7));
#2944 = CARTESIAN_POINT('',(1.649602506382,-0.601281029263,10.7));
#2945 = CARTESIAN_POINT('',(1.409677056899,-0.649069837121,10.7));
#2946 = CARTESIAN_POINT('',(1.211131631387,-0.678963589011,10.7));
#2947 = CARTESIAN_POINT('',(1.010233837387,-0.702166297938,10.7));
#2948 = CARTESIAN_POINT('',(0.807828567064,-0.71966654822,10.7));
#2949 = CARTESIAN_POINT('',(0.604574229246,-0.732311950573,10.7));
#2950 = CARTESIAN_POINT('',(0.400859695411,-0.740529375233,10.7));
#2951 = CARTESIAN_POINT('',(0.196894503759,-0.744587675499,10.7));
#2952 = CARTESIAN_POINT('',(-0.111366070275,-0.744388968471,10.7));
#2953 = CARTESIAN_POINT('',(-0.215390414272,-0.743234964951,10.7));
#2954 = CARTESIAN_POINT('',(-0.319374446153,-0.740993589066,10.7));
#2955 = CARTESIAN_POINT('',(-0.423279284735,-0.737647822722,10.7));
#2956 = CARTESIAN_POINT('',(-0.527061152511,-0.733164976866,10.7));
#2957 = CARTESIAN_POINT('',(-0.63067125557,-0.727495760164,10.7));
#2958 = CARTESIAN_POINT('',(-0.73405545615,-0.720571497058,10.7));
#2959 = CARTESIAN_POINT('',(-0.951044748489,-0.703161548033,10.7));
#2960 = CARTESIAN_POINT('',(-1.064542678001,-0.6923825817,10.7));
#2961 = CARTESIAN_POINT('',(-1.177604250912,-0.679835639884,10.7));
#2962 = CARTESIAN_POINT('',(-1.29013548722,-0.66536136183,10.7));
#2963 = CARTESIAN_POINT('',(-1.401985899557,-0.648754135026,10.7));
#2964 = CARTESIAN_POINT('',(-1.512948709904,-0.629761789784,10.7));
#2965 = CARTESIAN_POINT('',(-1.622752886033,-0.608062257083,10.7));
#2966 = CARTESIAN_POINT('',(-1.774271868764,-0.573244702877,10.7));
#2967 = CARTESIAN_POINT('',(-1.817260063434,-0.562803283515,10.7));
#2968 = CARTESIAN_POINT('',(-1.859973004203,-0.551826123759,10.7));
#2969 = CARTESIAN_POINT('',(-1.902379617739,-0.540280843765,10.7));
#2970 = CARTESIAN_POINT('',(-1.944441342859,-0.528131715509,10.7));
#2971 = CARTESIAN_POINT('',(-1.986111338333,-0.515338465286,10.7));
#2972 = CARTESIAN_POINT('',(-2.027333690684,-0.5018550762,10.7));
#2973 = CARTESIAN_POINT('',(-2.13312118996,-0.464885686907,10.7));
#2974 = CARTESIAN_POINT('',(-2.196688365991,-0.440313495258,10.7));
#2975 = CARTESIAN_POINT('',(-2.258705424239,-0.413633488947,10.7));
#2976 = CARTESIAN_POINT('',(-2.318863202025,-0.384561569428,10.7));
#2977 = CARTESIAN_POINT('',(-2.376546190869,-0.352791702846,10.7));
#2978 = CARTESIAN_POINT('',(-2.430866660028,-0.318026070071,10.7));
#2979 = CARTESIAN_POINT('',(-2.480649781641,-0.279969549721,10.7));
#2980 = CARTESIAN_POINT('',(-2.550992357421,-0.212591863474,10.7));
#2981 = CARTESIAN_POINT('',(-2.575413372809,-0.185577589489,10.7));
#2982 = CARTESIAN_POINT('',(-2.597022999107,-0.157169800947,10.7));
#2983 = CARTESIAN_POINT('',(-2.615253544034,-0.127440083636,10.7));
#2984 = CARTESIAN_POINT('',(-2.629520236954,-9.654101497942E-02,10.7));
#2985 = CARTESIAN_POINT('',(-2.639284097732,-6.472353299614E-02,10.7));
#2986 = CARTESIAN_POINT('',(-2.64416684362,-3.236287975318E-02,10.7));
#2987 = CARTESIAN_POINT('',(-2.64416684362,1.215432881106E-15,10.7));
#2988 = PCURVE('',#1283,#2989);
#2989 = DEFINITIONAL_REPRESENTATION('',(#2990),#3070);
#2990 = B_SPLINE_CURVE_WITH_KNOTS('',8,(#2991,#2992,#2993,#2994,#2995,
    #2996,#2997,#2998,#2999,#3000,#3001,#3002,#3003,#3004,#3005,#3006,
    #3007,#3008,#3009,#3010,#3011,#3012,#3013,#3014,#3015,#3016,#3017,
    #3018,#3019,#3020,#3021,#3022,#3023,#3024,#3025,#3026,#3027,#3028,
    #3029,#3030,#3031,#3032,#3033,#3034,#3035,#3036,#3037,#3038,#3039,
    #3040,#3041,#3042,#3043,#3044,#3045,#3046,#3047,#3048,#3049,#3050,
    #3051,#3052,#3053,#3054,#3055,#3056,#3057,#3058,#3059,#3060,#3061,
    #3062,#3063,#3064,#3065,#3066,#3067,#3068,#3069),.UNSPECIFIED.,.F.,
  .F.,(9,7,7,7,7,7,7,7,7,7,7,9),(0.,3.864202645234E-02,
    6.813934163387E-02,0.117495253161,0.174024221682,0.235480415801,
    0.501277873814,0.636670010878,0.786235523266,0.845961040983,
    0.941440117433,1.),.UNSPECIFIED.);
#2991 = CARTESIAN_POINT('',(1.328531594438,0.));
#2992 = CARTESIAN_POINT('',(1.328531594438,2.085683165797E-02));
#2993 = CARTESIAN_POINT('',(1.328718118054,4.172137920695E-02));
#2994 = CARTESIAN_POINT('',(1.329091387864,6.245839280973E-02));
#2995 = CARTESIAN_POINT('',(1.329645612381,8.295792989318E-02));
#2996 = CARTESIAN_POINT('',(1.330370880575,0.103131078838));
#2997 = CARTESIAN_POINT('',(1.331254690558,0.122906664876));
#2998 = CARTESIAN_POINT('',(1.332283112422,0.142228938201));
#2999 = CARTESIAN_POINT('',(1.334325903203,0.175428031482));
#3000 = CARTESIAN_POINT('',(1.335286447299,0.189518394689));
#3001 = CARTESIAN_POINT('',(1.336317370916,0.20331691648));
#3002 = CARTESIAN_POINT('',(1.337412987047,0.216817778284));
#3003 = CARTESIAN_POINT('',(1.338567891069,0.230019214613));
#3004 = CARTESIAN_POINT('',(1.339777083503,0.242922967299));
#3005 = CARTESIAN_POINT('',(1.341036092787,0.255533739731));
#3006 = CARTESIAN_POINT('',(1.344524677238,0.288481112172));
#3007 = CARTESIAN_POINT('',(1.346836024719,0.308294507591));
#3008 = CARTESIAN_POINT('',(1.349257577047,0.327338558518));
#3009 = CARTESIAN_POINT('',(1.351774254184,0.345651329721));
#3010 = CARTESIAN_POINT('',(1.354373402132,0.363270080149));
#3011 = CARTESIAN_POINT('',(1.357044735576,0.380232113511));
#3012 = CARTESIAN_POINT('',(1.359780280522,0.396575628856));
#3013 = CARTESIAN_POINT('',(1.36577441987,0.430396684392));
#3014 = CARTESIAN_POINT('',(1.369049770315,0.447685162331));
#3015 = CARTESIAN_POINT('',(1.372390749329,0.464260651509));
#3016 = CARTESIAN_POINT('',(1.375789328613,0.480167980764));
#3017 = CARTESIAN_POINT('',(1.379238832189,0.495445746074));
#3018 = CARTESIAN_POINT('',(1.382733784656,0.510128703247));
#3019 = CARTESIAN_POINT('',(1.386269846023,0.524248968433));
#3020 = CARTESIAN_POINT('',(1.393729339075,0.552607371152));
#3021 = CARTESIAN_POINT('',(1.397658985529,0.566746109149));
#3022 = CARTESIAN_POINT('',(1.401628193859,0.580288436023));
#3023 = CARTESIAN_POINT('',(1.405632996739,0.593265173611));
#3024 = CARTESIAN_POINT('',(1.409669996577,0.605702745678));
#3025 = CARTESIAN_POINT('',(1.413736323962,0.617624153543));
#3026 = CARTESIAN_POINT('',(1.417829596115,0.629049951711));
#3027 = CARTESIAN_POINT('',(1.439759393969,0.687354720415));
#3028 = CARTESIAN_POINT('',(1.458015694556,0.72573445096));
#3029 = CARTESIAN_POINT('',(1.476586856884,0.75675745863));
#3030 = CARTESIAN_POINT('',(1.495379478884,0.780948604868));
#3031 = CARTESIAN_POINT('',(1.514313576835,0.79880870629));
#3032 = CARTESIAN_POINT('',(1.533332249494,0.810554586585));
#3033 = CARTESIAN_POINT('',(1.552394980166,0.816351729723));
#3034 = CARTESIAN_POINT('',(1.581204366069,0.816067863559));
#3035 = CARTESIAN_POINT('',(1.590926114655,0.814419317301));
#3036 = CARTESIAN_POINT('',(1.600641146919,0.811217988142));
#3037 = CARTESIAN_POINT('',(1.610343030066,0.806454636116));
#3038 = CARTESIAN_POINT('',(1.620024905635,0.80011191314));
#3039 = CARTESIAN_POINT('',(1.629679514105,0.792163544836));
#3040 = CARTESIAN_POINT('',(1.639299205669,0.782571597178));
#3041 = CARTESIAN_POINT('',(1.659455198129,0.758810201812));
#3042 = CARTESIAN_POINT('',(1.669977930823,0.744271630163));
#3043 = CARTESIAN_POINT('',(1.68043681677,0.727590532955));
#3044 = CARTESIAN_POINT('',(1.690820022142,0.708670575364));
#3045 = CARTESIAN_POINT('',(1.701110791818,0.687383115157));
#3046 = CARTESIAN_POINT('',(1.711287652649,0.663567741619));
#3047 = CARTESIAN_POINT('',(1.721323953847,0.637009493614));
#3048 = CARTESIAN_POINT('',(1.735123441162,0.595516446434));
#3049 = CARTESIAN_POINT('',(1.739032826665,0.583184458023));
#3050 = CARTESIAN_POINT('',(1.742911355079,0.570339060275));
#3051 = CARTESIAN_POINT('',(1.74675616801,0.556956442749));
#3052 = CARTESIAN_POINT('',(1.750563762368,0.543010084613));
#3053 = CARTESIAN_POINT('',(1.754329930164,0.528469535853));
#3054 = CARTESIAN_POINT('',(1.758049698306,0.513299198473));
#3055 = CARTESIAN_POINT('',(1.767580360406,0.472131447028));
#3056 = CARTESIAN_POINT('',(1.77329210077,0.445166733116));
#3057 = CARTESIAN_POINT('',(1.778849691402,0.416318578193));
#3058 = CARTESIAN_POINT('',(1.784226091659,0.385350660547));
#3059 = CARTESIAN_POINT('',(1.789367349902,0.352016426737));
#3060 = CARTESIAN_POINT('',(1.794196299452,0.316080969589));
#3061 = CARTESIAN_POINT('',(1.798611674655,0.277299995771));
#3062 = CARTESIAN_POINT('',(1.80483916176,0.209496386578));
#3063 = CARTESIAN_POINT('',(1.806998151031,0.182493361439));
#3064 = CARTESIAN_POINT('',(1.808906114535,0.154274286155));
#3065 = CARTESIAN_POINT('',(1.810513880813,0.124906223792));
#3066 = CARTESIAN_POINT('',(1.811771003065,9.45232580454E-02));
#3067 = CARTESIAN_POINT('',(1.812630989471,6.333832129389E-02));
#3068 = CARTESIAN_POINT('',(1.813061059152,3.167025135602E-02));
#3069 = CARTESIAN_POINT('',(1.813061059152,0.));
#3070 = ( GEOMETRIC_REPRESENTATION_CONTEXT(2) 
PARAMETRIC_REPRESENTATION_CONTEXT() REPRESENTATION_CONTEXT('2D SPACE',''
  ) );
#3071 = PCURVE('',#3072,#3077);
#3072 = PLANE('',#3073);
#3073 = AXIS2_PLACEMENT_3D('',#3074,#3075,#3076);
#3074 = CARTESIAN_POINT('',(0.,3.272544614062E-16,10.7));
#3075 = DIRECTION('',(0.,0.,1.));
#3076 = DIRECTION('',(1.,0.,-0.));
#3077 = DEFINITIONAL_REPRESENTATION('',(#3078),#3158);
#3078 = B_SPLINE_CURVE_WITH_KNOTS('',8,(#3079,#3080,#3081,#3082,#3083,
    #3084,#3085,#3086,#3087,#3088,#3089,#3090,#3091,#3092,#3093,#3094,
    #3095,#3096,#3097,#3098,#3099,#3100,#3101,#3102,#3103,#3104,#3105,
    #3106,#3107,#3108,#3109,#3110,#3111,#3112,#3113,#3114,#3115,#3116,
    #3117,#3118,#3119,#3120,#3121,#3122,#3123,#3124,#3125,#3126,#3127,
    #3128,#3129,#3130,#3131,#3132,#3133,#3134,#3135,#3136,#3137,#3138,
    #3139,#3140,#3141,#3142,#3143,#3144,#3145,#3146,#3147,#3148,#3149,
    #3150,#3151,#3152,#3153,#3154,#3155,#3156,#3157),.UNSPECIFIED.,.F.,
  .F.,(9,7,7,7,7,7,7,7,7,7,7,9),(0.,3.864202645234E-02,
    6.813934163387E-02,0.117495253161,0.174024221682,0.235480415801,
    0.501277873814,0.636670010878,0.786235523266,0.845961040983,
    0.941440117433,1.),.UNSPECIFIED.);
#3079 = CARTESIAN_POINT('',(2.64416684362,8.881784197001E-16));
#3080 = CARTESIAN_POINT('',(2.64416684362,-2.131297056633E-02));
#3081 = CARTESIAN_POINT('',(2.642049171394,-4.263383283163E-02));
#3082 = CARTESIAN_POINT('',(2.637811256945,-6.381022005125E-02));
#3083 = CARTESIAN_POINT('',(2.631520022647,-8.471566094403E-02));
#3084 = CARTESIAN_POINT('',(2.62329013828,-0.105247021199));
#3085 = CARTESIAN_POINT('',(2.6132663441,-0.125322172185));
#3086 = CARTESIAN_POINT('',(2.601609841913,-0.144877886874));
#3087 = CARTESIAN_POINT('',(2.578472797572,-0.178364000332));
#3088 = CARTESIAN_POINT('',(2.567598379677,-0.192537501608));
#3089 = CARTESIAN_POINT('',(2.55593319207,-0.206376037133));
#3090 = CARTESIAN_POINT('',(2.543543056022,-0.219872692605));
#3091 = CARTESIAN_POINT('',(2.530490512657,-0.233025355863));
#3092 = CARTESIAN_POINT('',(2.516833413102,-0.24583600368));
#3093 = CARTESIAN_POINT('',(2.50262350864,-0.258309988556));
#3094 = CARTESIAN_POINT('',(2.463277599714,-0.290777316592));
#3095 = CARTESIAN_POINT('',(2.437237683595,-0.310170537919));
#3096 = CARTESIAN_POINT('',(2.409988898655,-0.328679144859));
#3097 = CARTESIAN_POINT('',(2.381705675469,-0.346347458974));
#3098 = CARTESIAN_POINT('',(2.352534108854,-0.363220133973));
#3099 = CARTESIAN_POINT('',(2.322592797694,-0.379342321669));
#3100 = CARTESIAN_POINT('',(2.291973684764,-0.394759837934));
#3101 = CARTESIAN_POINT('',(2.224973235133,-0.426423864722));
#3102 = CARTESIAN_POINT('',(2.188417762692,-0.4424571403));
#3103 = CARTESIAN_POINT('',(2.15118727976,-0.457684610422));
#3104 = CARTESIAN_POINT('',(2.113373787448,-0.472161737972));
#3105 = CARTESIAN_POINT('',(2.075053354296,-0.485937344028));
#3106 = CARTESIAN_POINT('',(2.036288005895,-0.499055825782));
#3107 = CARTESIAN_POINT('',(1.997126637242,-0.511558242036));
#3108 = CARTESIAN_POINT('',(1.914638435692,-0.53644562237));
#3109 = CARTESIAN_POINT('',(1.871253628553,-0.548723279103));
#3110 = CARTESIAN_POINT('',(1.827501746835,-0.560362213164));
#3111 = CARTESIAN_POINT('',(1.783426664975,-0.571403407775));
#3112 = CARTESIAN_POINT('',(1.73906547016,-0.58188283098));
#3113 = CARTESIAN_POINT('',(1.694449021029,-0.591832413948));
#3114 = CARTESIAN_POINT('',(1.649602506382,-0.601281029263));
#3115 = CARTESIAN_POINT('',(1.409677056899,-0.649069837121));
#3116 = CARTESIAN_POINT('',(1.211131631387,-0.678963589011));
#3117 = CARTESIAN_POINT('',(1.010233837387,-0.702166297938));
#3118 = CARTESIAN_POINT('',(0.807828567064,-0.71966654822));
#3119 = CARTESIAN_POINT('',(0.604574229246,-0.732311950573));
#3120 = CARTESIAN_POINT('',(0.400859695411,-0.740529375233));
#3121 = CARTESIAN_POINT('',(0.196894503759,-0.744587675499));
#3122 = CARTESIAN_POINT('',(-0.111366070275,-0.744388968471));
#3123 = CARTESIAN_POINT('',(-0.215390414272,-0.743234964951));
#3124 = CARTESIAN_POINT('',(-0.319374446153,-0.740993589066));
#3125 = CARTESIAN_POINT('',(-0.423279284735,-0.737647822722));
#3126 = CARTESIAN_POINT('',(-0.527061152511,-0.733164976866));
#3127 = CARTESIAN_POINT('',(-0.63067125557,-0.727495760164));
#3128 = CARTESIAN_POINT('',(-0.73405545615,-0.720571497058));
#3129 = CARTESIAN_POINT('',(-0.951044748489,-0.703161548033));
#3130 = CARTESIAN_POINT('',(-1.064542678001,-0.6923825817));
#3131 = CARTESIAN_POINT('',(-1.177604250912,-0.679835639884));
#3132 = CARTESIAN_POINT('',(-1.29013548722,-0.66536136183));
#3133 = CARTESIAN_POINT('',(-1.401985899557,-0.648754135026));
#3134 = CARTESIAN_POINT('',(-1.512948709904,-0.629761789784));
#3135 = CARTESIAN_POINT('',(-1.622752886033,-0.608062257083));
#3136 = CARTESIAN_POINT('',(-1.774271868764,-0.573244702877));
#3137 = CARTESIAN_POINT('',(-1.817260063434,-0.562803283515));
#3138 = CARTESIAN_POINT('',(-1.859973004203,-0.551826123759));
#3139 = CARTESIAN_POINT('',(-1.902379617739,-0.540280843765));
#3140 = CARTESIAN_POINT('',(-1.944441342859,-0.528131715509));
#3141 = CARTESIAN_POINT('',(-1.986111338333,-0.515338465286));
#3142 = CARTESIAN_POINT('',(-2.027333690684,-0.5018550762));
#3143 = CARTESIAN_POINT('',(-2.13312118996,-0.464885686907));
#3144 = CARTESIAN_POINT('',(-2.196688365991,-0.440313495258));
#3145 = CARTESIAN_POINT('',(-2.258705424239,-0.413633488947));
#3146 = CARTESIAN_POINT('',(-2.318863202025,-0.384561569428));
#3147 = CARTESIAN_POINT('',(-2.376546190869,-0.352791702846));
#3148 = CARTESIAN_POINT('',(-2.430866660028,-0.318026070071));
#3149 = CARTESIAN_POINT('',(-2.480649781641,-0.279969549721));
#3150 = CARTESIAN_POINT('',(-2.550992357421,-0.212591863474));
#3151 = CARTESIAN_POINT('',(-2.575413372809,-0.185577589489));
#3152 = CARTESIAN_POINT('',(-2.597022999107,-0.157169800947));
#3153 = CARTESIAN_POINT('',(-2.615253544034,-0.127440083636));
#3154 = CARTESIAN_POINT('',(-2.629520236954,-9.654101497942E-02));
#3155 = CARTESIAN_POINT('',(-2.639284097732,-6.472353299614E-02));
#3156 = CARTESIAN_POINT('',(-2.64416684362,-3.236287975318E-02));
#3157 = CARTESIAN_POINT('',(-2.64416684362,8.881784197001E-16));
#3158 = ( GEOMETRIC_REPRESENTATION_CONTEXT(2) 
PARAMETRIC_REPRESENTATION_CONTEXT() REPRESENTATION_CONTEXT('2D SPACE',''
  ) );
#3159 = ORIENTED_EDGE('',*,*,#3160,.T.);
#3160 = EDGE_CURVE('',#2905,#3161,#3163,.T.);
#3161 = VERTEX_POINT('',#3162);
#3162 = CARTESIAN_POINT('',(-3.151566186001,1.422868860733E-15,
    10.561687785205));
#3163 = SEAM_CURVE('',#3164,(#3169,#3176),.PCURVE_S1.);
#3164 = CIRCLE('',#3165,11.02187);
#3165 = AXIS2_PLACEMENT_3D('',#3166,#3167,#3168);
#3166 = CARTESIAN_POINT('',(0.,2.502859649289E-16,-2.778732410046E-32));
#3167 = DIRECTION('',(0.,-1.,1.110223024625E-16));
#3168 = DIRECTION('',(1.,0.,0.));
#3169 = PCURVE('',#1283,#3170);
#3170 = DEFINITIONAL_REPRESENTATION('',(#3171),#3175);
#3171 = LINE('',#3172,#3173);
#3172 = CARTESIAN_POINT('',(0.,6.28318530718));
#3173 = VECTOR('',#3174,1.);
#3174 = DIRECTION('',(1.,0.));
#3175 = ( GEOMETRIC_REPRESENTATION_CONTEXT(2) 
PARAMETRIC_REPRESENTATION_CONTEXT() REPRESENTATION_CONTEXT('2D SPACE',''
  ) );
#3176 = PCURVE('',#1283,#3177);
#3177 = DEFINITIONAL_REPRESENTATION('',(#3178),#3182);
#3178 = LINE('',#3179,#3180);
#3179 = CARTESIAN_POINT('',(0.,0.));
#3180 = VECTOR('',#3181,1.);
#3181 = DIRECTION('',(1.,0.));
#3182 = ( GEOMETRIC_REPRESENTATION_CONTEXT(2) 
PARAMETRIC_REPRESENTATION_CONTEXT() REPRESENTATION_CONTEXT('2D SPACE',''
  ) );
#3183 = ORIENTED_EDGE('',*,*,#3184,.T.);
#3184 = EDGE_CURVE('',#3161,#3185,#3187,.T.);
#3185 = VERTEX_POINT('',#3186);
#3186 = CARTESIAN_POINT('',(-2.926765683323,-0.652739112843,
    10.381555523427));
#3187 = SURFACE_CURVE('',#3188,(#3203,#3221),.PCURVE_S1.);
#3188 = B_SPLINE_CURVE_WITH_KNOTS('',7,(#3189,#3190,#3191,#3192,#3193,
    #3194,#3195,#3196,#3197,#3198,#3199,#3200,#3201,#3202),
  .UNSPECIFIED.,.F.,.F.,(8,6,8),(0.,0.594977532553,1.),.UNSPECIFIED.);
#3189 = CARTESIAN_POINT('',(-3.151566186001,1.221245327088E-15,
    10.561687785205));
#3190 = CARTESIAN_POINT('',(-3.151566186001,-0.102371543709,
    10.561687785205));
#3191 = CARTESIAN_POINT('',(-3.14021181406,-0.204812522872,
    10.552589546213));
#3192 = CARTESIAN_POINT('',(-3.117476066984,-0.305051433482,
    10.534371430617));
#3193 = CARTESIAN_POINT('',(-3.083965150824,-0.40110026617,
    10.507519190296));
#3194 = CARTESIAN_POINT('',(-3.040613195049,-0.491324981833,
    10.472781341611));
#3195 = CARTESIAN_POINT('',(-2.988604299731,-0.574443466708,
    10.431106701943));
#3196 = CARTESIAN_POINT('',(-2.888921155804,-0.70067673167,
    10.351230767669));
#3197 = CARTESIAN_POINT('',(-2.845131202081,-0.748132833262,
    10.316141951971));
#3198 = CARTESIAN_POINT('',(-2.798308012471,-0.791665979346,
    10.278622609498));
#3199 = CARTESIAN_POINT('',(-2.748837219332,-0.831106836465,
    10.238981746804));
#3200 = CARTESIAN_POINT('',(-2.697092363334,-0.866351290389,
    10.197518681397));
#3201 = CARTESIAN_POINT('',(-2.643425252522,-0.897344727402,
    10.154515316464));
#3202 = CARTESIAN_POINT('',(-2.588161599548,-0.924067792838,
    10.110232645003));
#3203 = PCURVE('',#1283,#3204);
#3204 = DEFINITIONAL_REPRESENTATION('',(#3205),#3220);
#3205 = B_SPLINE_CURVE_WITH_KNOTS('',7,(#3206,#3207,#3208,#3209,#3210,
    #3211,#3212,#3213,#3214,#3215,#3216,#3217,#3218,#3219),
  .UNSPECIFIED.,.F.,.F.,(8,6,8),(0.,0.594977532553,1.),.UNSPECIFIED.);
#3206 = CARTESIAN_POINT('',(1.860780982118,0.));
#3207 = CARTESIAN_POINT('',(1.860780982118,0.100180594116));
#3208 = CARTESIAN_POINT('',(1.860029855447,0.200428972912));
#3209 = CARTESIAN_POINT('',(1.858525844632,0.300165703931));
#3210 = CARTESIAN_POINT('',(1.856298664617,0.399092671742));
#3211 = CARTESIAN_POINT('',(1.853389758831,0.496982001162));
#3212 = CARTESIAN_POINT('',(1.849853781232,0.593639445921));
#3213 = CARTESIAN_POINT('',(1.842971555819,0.753658822261));
#3214 = CARTESIAN_POINT('',(1.839922874133,0.817851631793));
#3215 = CARTESIAN_POINT('',(1.836631320177,0.881412682677));
#3216 = CARTESIAN_POINT('',(1.833115636972,0.94435060838));
#3217 = CARTESIAN_POINT('',(1.829394520467,1.006688190157));
#3218 = CARTESIAN_POINT('',(1.825486287442,1.068460089694));
#3219 = CARTESIAN_POINT('',(1.821408647903,1.129715925617));
#3220 = ( GEOMETRIC_REPRESENTATION_CONTEXT(2) 
PARAMETRIC_REPRESENTATION_CONTEXT() REPRESENTATION_CONTEXT('2D SPACE',''
  ) );
#3221 = PCURVE('',#2663,#3222);
#3222 = DEFINITIONAL_REPRESENTATION('',(#3223),#3238);
#3223 = B_SPLINE_CURVE_WITH_KNOTS('',7,(#3224,#3225,#3226,#3227,#3228,
    #3229,#3230,#3231,#3232,#3233,#3234,#3235,#3236,#3237),
  .UNSPECIFIED.,.F.,.F.,(8,6,8),(0.,0.594977532553,1.),.UNSPECIFIED.);
#3224 = CARTESIAN_POINT('',(0.620988915119,1.221245327088E-15));
#3225 = CARTESIAN_POINT('',(0.620988915119,-0.102371543709));
#3226 = CARTESIAN_POINT('',(0.635538819413,-0.204812522872));
#3227 = CARTESIAN_POINT('',(0.66467323087,-0.305051433482));
#3228 = CARTESIAN_POINT('',(0.707615335059,-0.40110026617));
#3229 = CARTESIAN_POINT('',(0.763168104574,-0.491324981833));
#3230 = CARTESIAN_POINT('',(0.829814190607,-0.574443466708));
#3231 = CARTESIAN_POINT('',(0.957551789063,-0.70067673167));
#3232 = CARTESIAN_POINT('',(1.013665825045,-0.748132833262));
#3233 = CARTESIAN_POINT('',(1.073666759578,-0.791665979346));
#3234 = CARTESIAN_POINT('',(1.137060429364,-0.831106836465));
#3235 = CARTESIAN_POINT('',(1.20336816583,-0.866351290389));
#3236 = CARTESIAN_POINT('',(1.27213914938,-0.897344727402));
#3237 = CARTESIAN_POINT('',(1.342956,-0.924067792838));
#3238 = ( GEOMETRIC_REPRESENTATION_CONTEXT(2) 
PARAMETRIC_REPRESENTATION_CONTEXT() REPRESENTATION_CONTEXT('2D SPACE',''
  ) );
#3239 = ORIENTED_EDGE('',*,*,#3240,.T.);
#3240 = EDGE_CURVE('',#3185,#3241,#3243,.T.);
#3241 = VERTEX_POINT('',#3242);
#3242 = CARTESIAN_POINT('',(-5.002189666759,-2.74107794466E-16,
    7.455529279311));
#3243 = SURFACE_CURVE('',#3244,(#3310,#3379),.PCURVE_S1.);
#3244 = B_SPLINE_CURVE_WITH_KNOTS('',8,(#3245,#3246,#3247,#3248,#3249,
    #3250,#3251,#3252,#3253,#3254,#3255,#3256,#3257,#3258,#3259,#3260,
    #3261,#3262,#3263,#3264,#3265,#3266,#3267,#3268,#3269,#3270,#3271,
    #3272,#3273,#3274,#3275,#3276,#3277,#3278,#3279,#3280,#3281,#3282,
    #3283,#3284,#3285,#3286,#3287,#3288,#3289,#3290,#3291,#3292,#3293,
    #3294,#3295,#3296,#3297,#3298,#3299,#3300,#3301,#3302,#3303,#3304,
    #3305,#3306,#3307,#3308,#3309),.UNSPECIFIED.,.F.,.F.,(9,7,7,7,7,7,7,
    7,7,9),(0.,0.13202214131,0.298116733582,0.549035461989,
    0.624331364026,0.705488798776,0.754878278588,0.786117359975,
    0.826037447803,1.),.UNSPECIFIED.);
#3245 = CARTESIAN_POINT('',(-2.926765169933,-0.652738866201,
    10.38155588091));
#3246 = CARTESIAN_POINT('',(-2.985205764401,-0.680814694075,
    10.340862672595));
#3247 = CARTESIAN_POINT('',(-3.044354310941,-0.70678864269,
    10.299273780125));
#3248 = CARTESIAN_POINT('',(-3.104018710559,-0.730902942098,
    10.256893039913));
#3249 = CARTESIAN_POINT('',(-3.164050357501,-0.753342335261,
    10.213798271167));
#3250 = CARTESIAN_POINT('',(-3.224332808215,-0.774256010379,
    10.170047505182));
#3251 = CARTESIAN_POINT('',(-3.284774145706,-0.793771749351,
    10.125682627195));
#3252 = CARTESIAN_POINT('',(-3.345303039288,-0.812002292397,
    10.080730430795));
#3253 = CARTESIAN_POINT('',(-3.482064775281,-0.850483671007,
    9.977921464464));
#3254 = CARTESIAN_POINT('',(-3.558296967097,-0.870036056675,
    9.919744761745));
#3255 = CARTESIAN_POINT('',(-3.634445971789,-0.887891481695,
    9.860705415876));
#3256 = CARTESIAN_POINT('',(-3.710406995873,-0.904200442715,
    9.800823634488));
#3257 = CARTESIAN_POINT('',(-3.786084695038,-0.919086258128,
    9.740107214502));
#3258 = CARTESIAN_POINT('',(-3.861388173167,-0.932652878147,
    9.678551114687));
#3259 = CARTESIAN_POINT('',(-3.936225841087,-0.944987774,9.616134780004)
  );
#3260 = CARTESIAN_POINT('',(-4.12270614459,-0.973037621359,
    9.457163518241));
#3261 = CARTESIAN_POINT('',(-4.233398256597,-0.987226904292,
    9.359647080395));
#3262 = CARTESIAN_POINT('',(-4.342457449806,-0.999022187157,
    9.259964224237));
#3263 = CARTESIAN_POINT('',(-4.449543812605,-1.008544174242,
    9.157825426198));
#3264 = CARTESIAN_POINT('',(-4.554073617003,-1.015872167504,
    9.052947184568));
#3265 = CARTESIAN_POINT('',(-4.655066286924,-1.020811707783,
    8.944970537056));
#3266 = CARTESIAN_POINT('',(-4.751090526341,-1.023147759327,
    8.833412765508));
#3267 = CARTESIAN_POINT('',(-4.865903300508,-1.020926753702,
    8.682195661959));
#3268 = CARTESIAN_POINT('',(-4.8916907119,-1.020050232958,8.646888865907
    ));
#3269 = CARTESIAN_POINT('',(-4.916688493347,-1.018771456125,
    8.611152528973));
#3270 = CARTESIAN_POINT('',(-4.940800566109,-1.017042897837,
    8.574970088234));
#3271 = CARTESIAN_POINT('',(-4.963909741232,-1.01480520502,
    8.538334652107));
#3272 = CARTESIAN_POINT('',(-4.985879792298,-1.011984715064,
    8.501250462414));
#3273 = CARTESIAN_POINT('',(-5.00656092669,-1.008491175843,8.4637358164)
  );
#3274 = CARTESIAN_POINT('',(-5.046533976558,-0.999607325377,
    8.384968042065));
#3275 = CARTESIAN_POINT('',(-5.065602566938,-0.99408841971,
    8.343631570724));
#3276 = CARTESIAN_POINT('',(-5.082787338472,-0.987525735743,
    8.301904628879));
#3277 = CARTESIAN_POINT('',(-5.097871646449,-0.979768595572,
    8.259911558652));
#3278 = CARTESIAN_POINT('',(-5.110660249503,-0.970649935536,
    8.217817958393));
#3279 = CARTESIAN_POINT('',(-5.121023132698,-0.960000563233,
    8.175835697161));
#3280 = CARTESIAN_POINT('',(-5.128934875212,-0.947678504946,
    8.134223280249));
#3281 = CARTESIAN_POINT('',(-5.137858172277,-0.925057029097,
    8.068356017964));
#3282 = CARTESIAN_POINT('',(-5.140359252761,-0.915852010029,
    8.043676952861));
#3283 = CARTESIAN_POINT('',(-5.142004581916,-0.905982811035,
    8.019301751636));
#3284 = CARTESIAN_POINT('',(-5.142829902534,-0.895438047711,
    7.99528748873));
#3285 = CARTESIAN_POINT('',(-5.142884037493,-0.884212467493,
    7.971684991457));
#3286 = CARTESIAN_POINT('',(-5.142225323352,-0.872306980026,
    7.948539054773));
#3287 = CARTESIAN_POINT('',(-5.140918043964,-0.859728687537,
    7.925888656051));
#3288 = CARTESIAN_POINT('',(-5.137833948778,-0.838117961103,
    7.889775224401));
#3289 = CARTESIAN_POINT('',(-5.136406141611,-0.829480513772,
    7.87599385827));
#3290 = CARTESIAN_POINT('',(-5.134762255556,-0.820581273578,
    7.862430736123));
#3291 = CARTESIAN_POINT('',(-5.132919341736,-0.811423570443,
    7.849092417518));
#3292 = CARTESIAN_POINT('',(-5.130894466627,-0.802011253217,
    7.835984459397));
#3293 = CARTESIAN_POINT('',(-5.128704489286,-0.792348579058,
    7.823111518575));
#3294 = CARTESIAN_POINT('',(-5.126365838576,-0.782440102805,
    7.810477454219));
#3295 = CARTESIAN_POINT('',(-5.120735925415,-0.75932058234,
    7.782249795634));
#3296 = CARTESIAN_POINT('',(-5.117360586991,-0.745957167413,
    7.766809693411));
#3297 = CARTESIAN_POINT('',(-5.113801360481,-0.732210018295,
    7.75177138835));
#3298 = CARTESIAN_POINT('',(-5.110089691056,-0.718089640286,
    7.737139811133));
#3299 = CARTESIAN_POINT('',(-5.10625527132,-0.703607104259,
    7.722918739953));
#3300 = CARTESIAN_POINT('',(-5.102325928929,-0.68877380365,
    7.709110982023));
#3301 = CARTESIAN_POINT('',(-5.098327514211,-0.673601211449,
    7.695718555077));
#3302 = CARTESIAN_POINT('',(-5.07666215898,-0.590552703169,
    7.626197815718));
#3303 = CARTESIAN_POINT('',(-5.058201289977,-0.516856439869,
    7.577633671208));
#3304 = CARTESIAN_POINT('',(-5.040848982217,-0.437857326936,
    7.537033919196));
#3305 = CARTESIAN_POINT('',(-5.025893877134,-0.354567339597,
    7.504469631354));
#3306 = CARTESIAN_POINT('',(-5.014170432896,-0.268066673879,
    7.48001220306));
#3307 = CARTESIAN_POINT('',(-5.006186459964,-0.179442519616,
    7.463696802493));
#3308 = CARTESIAN_POINT('',(-5.002189666759,-8.975245044833E-02,
    7.455529279311));
#3309 = CARTESIAN_POINT('',(-5.002189666759,2.22044604925E-16,
    7.455529279311));
#3310 = PCURVE('',#1283,#3311);
#3311 = DEFINITIONAL_REPRESENTATION('',(#3312),#3378);
#3312 = B_SPLINE_CURVE_WITH_KNOTS('',8,(#3313,#3314,#3315,#3316,#3317,
    #3318,#3319,#3320,#3321,#3322,#3323,#3324,#3325,#3326,#3327,#3328,
    #3329,#3330,#3331,#3332,#3333,#3334,#3335,#3336,#3337,#3338,#3339,
    #3340,#3341,#3342,#3343,#3344,#3345,#3346,#3347,#3348,#3349,#3350,
    #3351,#3352,#3353,#3354,#3355,#3356,#3357,#3358,#3359,#3360,#3361,
    #3362,#3363,#3364,#3365,#3366,#3367,#3368,#3369,#3370,#3371,#3372,
    #3373,#3374,#3375,#3376,#3377),.UNSPECIFIED.,.F.,.F.,(9,7,7,7,7,7,7,
    7,7,9),(0.,0.13202214131,0.298116733582,0.549035461989,
    0.624331364026,0.705488798776,0.754878278588,0.786117359975,
    0.826037447803,1.),.UNSPECIFIED.);
#3313 = CARTESIAN_POINT('',(1.8455842829,0.69289723489));
#3314 = CARTESIAN_POINT('',(1.851822783734,0.728606880465));
#3315 = CARTESIAN_POINT('',(1.858177804795,0.762852967917));
#3316 = CARTESIAN_POINT('',(1.864631405361,0.79583984894));
#3317 = CARTESIAN_POINT('',(1.871169741864,0.827719201912));
#3318 = CARTESIAN_POINT('',(1.877782036006,0.858611985223));
#3319 = CARTESIAN_POINT('',(1.884459924326,0.88862299498));
#3320 = CARTESIAN_POINT('',(1.891197189218,0.917848027107));
#3321 = CARTESIAN_POINT('',(1.906535618117,0.982261189888));
#3322 = CARTESIAN_POINT('',(1.915166621062,1.017032080816));
#3323 = CARTESIAN_POINT('',(1.923872943723,1.050853120906));
#3324 = CARTESIAN_POINT('',(1.932646181641,1.083862874874));
#3325 = CARTESIAN_POINT('',(1.941479070743,1.116184281058));
#3326 = CARTESIAN_POINT('',(1.950365190482,1.147935445097));
#3327 = CARTESIAN_POINT('',(1.959298761764,1.17923861408));
#3328 = CARTESIAN_POINT('',(1.981834227319,1.257041916627));
#3329 = CARTESIAN_POINT('',(1.995462689917,1.303044697308));
#3330 = CARTESIAN_POINT('',(2.009166313434,1.34878681136));
#3331 = CARTESIAN_POINT('',(2.022934354264,1.394820479027));
#3332 = CARTESIAN_POINT('',(2.036737063519,1.441746327617));
#3333 = CARTESIAN_POINT('',(2.050517028759,1.490480520007));
#3334 = CARTESIAN_POINT('',(2.064187529455,1.542234123133));
#3335 = CARTESIAN_POINT('',(2.081617124064,1.617110603824));
#3336 = CARTESIAN_POINT('',(2.085613533883,1.634906918517));
#3337 = CARTESIAN_POINT('',(2.08957863681,1.653289850855));
#3338 = CARTESIAN_POINT('',(2.093505643172,1.672337025099));
#3339 = CARTESIAN_POINT('',(2.09738550333,1.692133042731));
#3340 = CARTESIAN_POINT('',(2.101206957009,1.712769535544));
#3341 = CARTESIAN_POINT('',(2.104956771202,1.734342846718));
#3342 = CARTESIAN_POINT('',(2.112568745043,1.781315672561));
#3343 = CARTESIAN_POINT('',(2.116418840244,1.806893941802));
#3344 = CARTESIAN_POINT('',(2.120147792521,1.833782030853));
#3345 = CARTESIAN_POINT('',(2.123730637878,1.862063932901));
#3346 = CARTESIAN_POINT('',(2.127141516626,1.891799512651));
#3347 = CARTESIAN_POINT('',(2.130356898701,1.923000701243));
#3348 = CARTESIAN_POINT('',(2.133358804174,1.955605000767));
#3349 = CARTESIAN_POINT('',(2.137826418509,2.010058383396));
#3350 = CARTESIAN_POINT('',(2.139433886387,2.031126480018));
#3351 = CARTESIAN_POINT('',(2.140956237435,2.052629617177));
#3352 = CARTESIAN_POINT('',(2.142392818847,2.074532862281));
#3353 = CARTESIAN_POINT('',(2.14374439957,2.096799142994));
#3354 = CARTESIAN_POINT('',(2.145012881249,2.119390192769));
#3355 = CARTESIAN_POINT('',(2.146201009167,2.142267496379));
#3356 = CARTESIAN_POINT('',(2.148014842801,2.180020375648));
#3357 = CARTESIAN_POINT('',(2.148686826063,2.194747990291));
#3358 = CARTESIAN_POINT('',(2.149328906813,2.209567419412));
#3359 = CARTESIAN_POINT('',(2.149942047137,2.224470491942));
#3360 = CARTESIAN_POINT('',(2.150527273342,2.239449573917));
#3361 = CARTESIAN_POINT('',(2.151085651933,2.254497616674));
#3362 = CARTESIAN_POINT('',(2.151618265598,2.269608205058));
#3363 = CARTESIAN_POINT('',(2.152775259285,2.304157864503));
#3364 = CARTESIAN_POINT('',(2.153383998302,2.323632559096));
#3365 = CARTESIAN_POINT('',(2.153954681432,2.343188027938));
#3366 = CARTESIAN_POINT('',(2.15448954093,2.362813851279));
#3367 = CARTESIAN_POINT('',(2.154990745019,2.382500861048));
#3368 = CARTESIAN_POINT('',(2.155460376805,2.402241150831));
#3369 = CARTESIAN_POINT('',(2.155900413197,2.422028085834));
#3370 = CARTESIAN_POINT('',(2.158109371444,2.528263161318));
#3371 = CARTESIAN_POINT('',(2.159377045227,2.615351766859));
#3372 = CARTESIAN_POINT('',(2.160274914963,2.702825021102));
#3373 = CARTESIAN_POINT('',(2.160906341765,2.790489702609));
#3374 = CARTESIAN_POINT('',(2.161338224118,2.878230676903));
#3375 = CARTESIAN_POINT('',(2.161612242781,2.96599054982));
#3376 = CARTESIAN_POINT('',(2.161749418785,3.053761079663));
#3377 = CARTESIAN_POINT('',(2.161749418785,3.14159265359));
#3378 = ( GEOMETRIC_REPRESENTATION_CONTEXT(2) 
PARAMETRIC_REPRESENTATION_CONTEXT() REPRESENTATION_CONTEXT('2D SPACE',''
  ) );
#3379 = PCURVE('',#1570,#3380);
#3380 = DEFINITIONAL_REPRESENTATION('',(#3381),#3447);
#3381 = B_SPLINE_CURVE_WITH_KNOTS('',8,(#3382,#3383,#3384,#3385,#3386,
    #3387,#3388,#3389,#3390,#3391,#3392,#3393,#3394,#3395,#3396,#3397,
    #3398,#3399,#3400,#3401,#3402,#3403,#3404,#3405,#3406,#3407,#3408,
    #3409,#3410,#3411,#3412,#3413,#3414,#3415,#3416,#3417,#3418,#3419,
    #3420,#3421,#3422,#3423,#3424,#3425,#3426,#3427,#3428,#3429,#3430,
    #3431,#3432,#3433,#3434,#3435,#3436,#3437,#3438,#3439,#3440,#3441,
    #3442,#3443,#3444,#3445,#3446),.UNSPECIFIED.,.F.,.F.,(9,7,7,7,7,7,7,
    7,7,9),(0.,0.13202214131,0.298116733582,0.549035461989,
    0.624331364026,0.705488798776,0.754878278588,0.786117359975,
    0.826037447803,1.),.UNSPECIFIED.);
#3382 = CARTESIAN_POINT('',(5.660454392508,3.780237665172));
#3383 = CARTESIAN_POINT('',(5.629569816776,3.711938087526));
#3384 = CARTESIAN_POINT('',(5.600214716355,3.642496849576));
#3385 = CARTESIAN_POINT('',(5.572213080972,3.572115104519));
#3386 = CARTESIAN_POINT('',(5.545438872903,3.500946505525));
#3387 = CARTESIAN_POINT('',(5.519796218477,3.429109152353));
#3388 = CARTESIAN_POINT('',(5.495206725808,3.356693208023));
#3389 = CARTESIAN_POINT('',(5.471603928776,3.283764185546));
#3390 = CARTESIAN_POINT('',(5.420415321403,3.118015864934));
#3391 = CARTESIAN_POINT('',(5.393381352917,3.024947306286));
#3392 = CARTESIAN_POINT('',(5.367730820405,2.93125758102));
#3393 = CARTESIAN_POINT('',(5.343398822902,2.837027987343));
#3394 = CARTESIAN_POINT('',(5.32034728105,2.742324229773));
#3395 = CARTESIAN_POINT('',(5.298560046755,2.647199212755));
#3396 = CARTESIAN_POINT('',(5.278043531307,2.551694167529));
#3397 = CARTESIAN_POINT('',(5.229811321761,2.311028584301));
#3398 = CARTESIAN_POINT('',(5.203829269512,2.165712082372));
#3399 = CARTESIAN_POINT('',(5.180928764752,2.019726047942));
#3400 = CARTESIAN_POINT('',(5.161389373258,1.873057095273));
#3401 = CARTESIAN_POINT('',(5.145673742383,1.725848999393));
#3402 = CARTESIAN_POINT('',(5.134659745828,1.578434801952));
#3403 = CARTESIAN_POINT('',(5.129585307318,1.431332809579));
#3404 = CARTESIAN_POINT('',(5.134442201182,1.24153298405));
#3405 = CARTESIAN_POINT('',(5.136355793478,1.197855272262));
#3406 = CARTESIAN_POINT('',(5.139137818276,1.154336123373));
#3407 = CARTESIAN_POINT('',(5.142875324346,1.111022691355));
#3408 = CARTESIAN_POINT('',(5.147668121634,1.067982877924));
#3409 = CARTESIAN_POINT('',(5.15362782698,1.025305177393));
#3410 = CARTESIAN_POINT('',(5.160874348965,0.983097535676));
#3411 = CARTESIAN_POINT('',(5.178859073506,0.896633532725));
#3412 = CARTESIAN_POINT('',(5.189829552673,0.852451780742));
#3413 = CARTESIAN_POINT('',(5.202587303136,0.809143291322));
#3414 = CARTESIAN_POINT('',(5.217268400786,0.766940568545));
#3415 = CARTESIAN_POINT('',(5.233984046146,0.726094928005));
#3416 = CARTESIAN_POINT('',(5.252790115645,0.68685300686));
#3417 = CARTESIAN_POINT('',(5.273655638585,0.649432431971));
#3418 = CARTESIAN_POINT('',(5.31031326117,0.592451460321));
#3419 = CARTESIAN_POINT('',(5.324897420518,0.571628593983));
#3420 = CARTESIAN_POINT('',(5.340168947805,0.551577967336));
#3421 = CARTESIAN_POINT('',(5.356092008856,0.53232176939));
#3422 = CARTESIAN_POINT('',(5.372624991141,0.513869134915));
#3423 = CARTESIAN_POINT('',(5.389722352636,0.496218542155));
#3424 = CARTESIAN_POINT('',(5.407336470695,0.47936021055));
#3425 = CARTESIAN_POINT('',(5.436857087391,0.453106738893));
#3426 = CARTESIAN_POINT('',(5.448483117295,0.443244940274));
#3427 = CARTESIAN_POINT('',(5.4602861735,0.433688570517));
#3428 = CARTESIAN_POINT('',(5.472255141838,0.424432086253));
#3429 = CARTESIAN_POINT('',(5.48437930764,0.415469152093));
#3430 = CARTESIAN_POINT('',(5.496648462268,0.406792859912));
#3431 = CARTESIAN_POINT('',(5.509053009654,0.398395948133));
#3432 = CARTESIAN_POINT('',(5.537597384387,0.379888263564));
#3433 = CARTESIAN_POINT('',(5.553817017396,0.369949845765));
#3434 = CARTESIAN_POINT('',(5.570224633186,0.360439967705));
#3435 = CARTESIAN_POINT('',(5.586803333156,0.351342814097));
#3436 = CARTESIAN_POINT('',(5.603537698768,0.342642766188));
#3437 = CARTESIAN_POINT('',(5.620413831518,0.334324613668));
#3438 = CARTESIAN_POINT('',(5.637419392919,0.326373766588));
#3439 = CARTESIAN_POINT('',(5.729167190388,0.28566918595));
#3440 = CARTESIAN_POINT('',(5.805956136223,0.259314788431));
#3441 = CARTESIAN_POINT('',(5.884139419045,0.238482401091));
#3442 = CARTESIAN_POINT('',(5.963221605921,0.222421682665));
#3443 = CARTESIAN_POINT('',(6.04286805174,0.21066655104));
#3444 = CARTESIAN_POINT('',(6.122844209161,0.202926910263));
#3445 = CARTESIAN_POINT('',(6.202986893726,0.199052430051));
#3446 = CARTESIAN_POINT('',(6.28318530718,0.199052430051));
#3447 = ( GEOMETRIC_REPRESENTATION_CONTEXT(2) 
PARAMETRIC_REPRESENTATION_CONTEXT() REPRESENTATION_CONTEXT('2D SPACE',''
  ) );
#3448 = ORIENTED_EDGE('',*,*,#3449,.T.);
#3449 = EDGE_CURVE('',#3241,#3450,#3452,.T.);
#3450 = VERTEX_POINT('',#3451);
#3451 = CARTESIAN_POINT('',(-2.926765683323,0.652739112843,
    10.381555523427));
#3452 = SURFACE_CURVE('',#3453,(#3516,#3582),.PCURVE_S1.);
#3453 = B_SPLINE_CURVE_WITH_KNOTS('',7,(#3454,#3455,#3456,#3457,#3458,
    #3459,#3460,#3461,#3462,#3463,#3464,#3465,#3466,#3467,#3468,#3469,
    #3470,#3471,#3472,#3473,#3474,#3475,#3476,#3477,#3478,#3479,#3480,
    #3481,#3482,#3483,#3484,#3485,#3486,#3487,#3488,#3489,#3490,#3491,
    #3492,#3493,#3494,#3495,#3496,#3497,#3498,#3499,#3500,#3501,#3502,
    #3503,#3504,#3505,#3506,#3507,#3508,#3509,#3510,#3511,#3512,#3513,
    #3514,#3515),.UNSPECIFIED.,.F.,.F.,(8,6,6,6,6,6,6,6,6,6,8),(0.,
    0.173973934124,0.21389791694,0.245139289958,0.294529028726,
    0.358042279065,0.397535884627,0.541338314927,0.701613452883,
    0.864176856255,1.),.UNSPECIFIED.);
#3454 = CARTESIAN_POINT('',(-5.002189666759,2.768111160999E-16,
    7.455529279311));
#3455 = CARTESIAN_POINT('',(-5.002189666759,0.102568813791,
    7.455529279311));
#3456 = CARTESIAN_POINT('',(-5.007518162382,0.205054642746,7.46641816022
    ));
#3457 = CARTESIAN_POINT('',(-5.018159803657,0.305851887035,
    7.488164564039));
#3458 = CARTESIAN_POINT('',(-5.033623109369,0.403247059839,
    7.520764589342));
#3459 = CARTESIAN_POINT('',(-5.05288181091,0.495483719811,7.56412705247)
  );
#3460 = CARTESIAN_POINT('',(-5.074138166421,0.580876419476,
    7.618103136174));
#3461 = CARTESIAN_POINT('',(-5.098897888361,0.675787870878,
    7.697547783683));
#3462 = CARTESIAN_POINT('',(-5.103458912989,0.693065793432,7.71293173957
    ));
#3463 = CARTESIAN_POINT('',(-5.107921555985,0.709888349742,
    7.728869076736));
#3464 = CARTESIAN_POINT('',(-5.112243627017,0.726237118368,
    7.745356325019));
#3465 = CARTESIAN_POINT('',(-5.1163790563,0.7420939988,7.762388314953));
#3466 = CARTESIAN_POINT('',(-5.120278193965,0.757441859309,
    7.779957693923));
#3467 = CARTESIAN_POINT('',(-5.12671294574,0.783864754997,7.812215536179
    ));
#3468 = CARTESIAN_POINT('',(-5.129360640353,0.795142951349,
    7.826699330629));
#3469 = CARTESIAN_POINT('',(-5.131805956511,0.806092187285,
    7.841500765602));
#3470 = CARTESIAN_POINT('',(-5.134022351475,0.816705250052,
    7.856613391233));
#3471 = CARTESIAN_POINT('',(-5.13598257027,0.82697559564,7.872029094646)
  );
#3472 = CARTESIAN_POINT('',(-5.137659239434,0.836897643709,7.88773782673
    ));
#3473 = CARTESIAN_POINT('',(-5.141185331063,0.86159545973,7.929005262));
#3474 = CARTESIAN_POINT('',(-5.142569625969,0.87584475452,7.954988306914
    ));
#3475 = CARTESIAN_POINT('',(-5.143071715048,0.889193639171,
    7.981623098303));
#3476 = CARTESIAN_POINT('',(-5.14258971902,0.901633231272,8.008845068872
    ));
#3477 = CARTESIAN_POINT('',(-5.141036016319,0.913167005001,
    8.036577875606));
#3478 = CARTESIAN_POINT('',(-5.138346749668,0.923810712413,
    8.064732825973));
#3479 = CARTESIAN_POINT('',(-5.129533418893,0.946171045523,
    8.129826642638));
#3480 = CARTESIAN_POINT('',(-5.12264540555,0.957328365834,8.166988172286
    ));
#3481 = CARTESIAN_POINT('',(-5.113759218522,0.967117962703,
    8.204470559995));
#3482 = CARTESIAN_POINT('',(-5.102893322948,0.975646206849,
    8.242075314337));
#3483 = CARTESIAN_POINT('',(-5.090140690285,0.983038666322,
    8.279634598378));
#3484 = CARTESIAN_POINT('',(-5.075645478296,0.989419536876,
    8.317013020884));
#3485 = CARTESIAN_POINT('',(-5.0495714416,0.998314297328,8.377168451945)
  );
#3486 = CARTESIAN_POINT('',(-5.038960600917,1.001378744706,
    8.400126716839));
#3487 = CARTESIAN_POINT('',(-5.027772240753,1.004125651827,
    8.422958900535));
#3488 = CARTESIAN_POINT('',(-5.016044046523,1.006581416171,
    8.445649938509));
#3489 = CARTESIAN_POINT('',(-5.003813446937,1.008770280895,
    8.468189463538));
#3490 = CARTESIAN_POINT('',(-4.991116010725,1.010714113655,
    8.490571267476));
#3491 = CARTESIAN_POINT('',(-4.930167556309,1.018687954994,
    8.593704723841));
#3492 = CARTESIAN_POINT('',(-4.876660701828,1.02194147262,8.672368022275
    ));
#3493 = CARTESIAN_POINT('',(-4.818925597035,1.023161939266,
    8.748895931482));
#3494 = CARTESIAN_POINT('',(-4.758085090502,1.022797148855,
    8.823459490942));
#3495 = CARTESIAN_POINT('',(-4.694865029723,1.021117789477,
    8.896223091735));
#3496 = CARTESIAN_POINT('',(-4.629730484311,1.018274447977,8.96741253437
    ));
#3497 = CARTESIAN_POINT('',(-4.488390136752,1.00994105725,9.115213349647
    ));
#3498 = CARTESIAN_POINT('',(-4.411891809932,1.004192553947,
    9.191386457456));
#3499 = CARTESIAN_POINT('',(-4.333846036443,0.997193638571,
    9.266069102745));
#3500 = CARTESIAN_POINT('',(-4.254555007135,0.988952627219,
    9.339404398214));
#3501 = CARTESIAN_POINT('',(-4.174239441587,0.979432666937,
    9.411491498085));
#3502 = CARTESIAN_POINT('',(-4.093073976584,0.968570746289,
    9.482412010365));
#3503 = CARTESIAN_POINT('',(-3.928135535093,0.943780596231,9.62304412278
    ));
#3504 = CARTESIAN_POINT('',(-3.844361107809,0.929813840053,
    9.692708220302));
#3505 = CARTESIAN_POINT('',(-3.760012969892,0.914260032754,
    9.761283031203));
#3506 = CARTESIAN_POINT('',(-3.675226644324,0.896982179934,
    9.828792440079));
#3507 = CARTESIAN_POINT('',(-3.590139050619,0.877814085251,
    9.895234902027));
#3508 = CARTESIAN_POINT('',(-3.504900596117,0.856547922819,
    9.960587313367));
#3509 = CARTESIAN_POINT('',(-3.348489428401,0.813150792317,
    10.078452092488));
#3510 = CARTESIAN_POINT('',(-3.27732950775,0.791742522759,
    10.131293167496));
#3511 = CARTESIAN_POINT('',(-3.206292425938,0.768516196872,
    10.183309159297));
#3512 = CARTESIAN_POINT('',(-3.135508202839,0.743271700223,
    10.234448278447));
#3513 = CARTESIAN_POINT('',(-3.065151603692,0.715777680401,
    10.284626947702));
#3514 = CARTESIAN_POINT('',(-2.995459494947,0.685740755771,
    10.333722820632));
#3515 = CARTESIAN_POINT('',(-2.926765169933,0.652738866201,
    10.38155588091));
#3516 = PCURVE('',#1283,#3517);
#3517 = DEFINITIONAL_REPRESENTATION('',(#3518),#3581);
#3518 = B_SPLINE_CURVE_WITH_KNOTS('',7,(#3519,#3520,#3521,#3522,#3523,
    #3524,#3525,#3526,#3527,#3528,#3529,#3530,#3531,#3532,#3533,#3534,
    #3535,#3536,#3537,#3538,#3539,#3540,#3541,#3542,#3543,#3544,#3545,
    #3546,#3547,#3548,#3549,#3550,#3551,#3552,#3553,#3554,#3555,#3556,
    #3557,#3558,#3559,#3560,#3561,#3562,#3563,#3564,#3565,#3566,#3567,
    #3568,#3569,#3570,#3571,#3572,#3573,#3574,#3575,#3576,#3577,#3578,
    #3579,#3580),.UNSPECIFIED.,.F.,.F.,(8,6,6,6,6,6,6,6,6,6,8),(0.,
    0.173973934124,0.21389791694,0.245139289958,0.294529028726,
    0.358042279065,0.397535884627,0.541338314927,0.701613452883,
    0.864176856255,1.),.UNSPECIFIED.);
#3519 = CARTESIAN_POINT('',(2.161749418785,3.14159265359));
#3520 = CARTESIAN_POINT('',(2.161749418785,3.241966295826));
#3521 = CARTESIAN_POINT('',(2.161566536824,3.342258731547));
#3522 = CARTESIAN_POINT('',(2.16120130456,3.442550375442));
#3523 = CARTESIAN_POINT('',(2.160611557868,3.542804582773));
#3524 = CARTESIAN_POINT('',(2.159714278276,3.642892733316));
#3525 = CARTESIAN_POINT('',(2.158366458525,3.742547284582));
#3526 = CARTESIAN_POINT('',(2.155842317257,3.863953699169));
#3527 = CARTESIAN_POINT('',(2.155334197437,3.886559126878));
#3528 = CARTESIAN_POINT('',(2.154786128992,3.909100947985));
#3529 = CARTESIAN_POINT('',(2.154194898353,3.93156803688));
#3530 = CARTESIAN_POINT('',(2.153557093588,3.953946731884));
#3531 = CARTESIAN_POINT('',(2.152869160593,3.97622086178));
#3532 = CARTESIAN_POINT('',(2.151547062077,4.015705335072));
#3533 = CARTESIAN_POINT('',(2.15093375032,4.032963169196));
#3534 = CARTESIAN_POINT('',(2.15028580448,4.050136103962));
#3535 = CARTESIAN_POINT('',(2.149601489313,4.067213605443));
#3536 = CARTESIAN_POINT('',(2.148879117881,4.084183905003));
#3537 = CARTESIAN_POINT('',(2.14811711558,4.101034127751));
#3538 = CARTESIAN_POINT('',(2.146044565324,4.144177343888));
#3539 = CARTESIAN_POINT('',(2.144672337146,4.170273152611));
#3540 = CARTESIAN_POINT('',(2.143192120434,4.195977367367));
#3541 = CARTESIAN_POINT('',(2.141599744044,4.22122810921));
#3542 = CARTESIAN_POINT('',(2.139892915493,4.245964620612));
#3543 = CARTESIAN_POINT('',(2.138071991558,4.270129786053));
#3544 = CARTESIAN_POINT('',(2.133657247182,4.323947847693));
#3545 = CARTESIAN_POINT('',(2.130990429183,4.353204745378));
#3546 = CARTESIAN_POINT('',(2.128148426068,4.381327004044));
#3547 = CARTESIAN_POINT('',(2.125144958157,4.408264910604));
#3548 = CARTESIAN_POINT('',(2.121997836057,4.434019974124));
#3549 = CARTESIAN_POINT('',(2.118726925153,4.458628847691));
#3550 = CARTESIAN_POINT('',(2.113252723034,4.496770298471));
#3551 = CARTESIAN_POINT('',(2.111113018422,4.510975408245));
#3552 = CARTESIAN_POINT('',(2.108936634787,4.524778387037));
#3553 = CARTESIAN_POINT('',(2.10672753273,4.538198430786));
#3554 = CARTESIAN_POINT('',(2.104489365119,4.551256501356));
#3555 = CARTESIAN_POINT('',(2.102225383952,4.563974375725));
#3556 = CARTESIAN_POINT('',(2.091610886732,4.621521567685));
#3557 = CARTESIAN_POINT('',(2.082990465604,4.662377583652));
#3558 = CARTESIAN_POINT('',(2.074189776082,4.700143066806));
#3559 = CARTESIAN_POINT('',(2.065289137098,4.735650869473));
#3560 = CARTESIAN_POINT('',(2.056336964357,4.769481492359));
#3561 = CARTESIAN_POINT('',(2.047357458419,4.802102017094));
#3562 = CARTESIAN_POINT('',(2.028314824111,4.869372655914));
#3563 = CARTESIAN_POINT('',(2.018261625237,4.903770786595));
#3564 = CARTESIAN_POINT('',(2.008214922348,4.937598976285));
#3565 = CARTESIAN_POINT('',(1.998190682263,4.971175325533));
#3566 = CARTESIAN_POINT('',(1.988200763072,5.004740262992));
#3567 = CARTESIAN_POINT('',(1.978254279375,5.038507228608));
#3568 = CARTESIAN_POINT('',(1.958320080314,5.107321419581));
#3569 = CARTESIAN_POINT('',(1.948336095774,5.142372845131));
#3570 = CARTESIAN_POINT('',(1.938413810194,5.17802487008));
#3571 = CARTESIAN_POINT('',(1.92856208796,5.214456710011));
#3572 = CARTESIAN_POINT('',(1.91879099365,5.251844219802));
#3573 = CARTESIAN_POINT('',(1.90911238061,5.290383380235));
#3574 = CARTESIAN_POINT('',(1.891543651011,5.363686848082));
#3575 = CARTESIAN_POINT('',(1.883623478405,5.398020519208));
#3576 = CARTESIAN_POINT('',(1.875786829758,5.433469020455));
#3577 = CARTESIAN_POINT('',(1.868045212918,5.470200705541));
#3578 = CARTESIAN_POINT('',(1.860414712286,5.508402588403));
#3579 = CARTESIAN_POINT('',(1.852917363745,5.548312968827));
#3580 = CARTESIAN_POINT('',(1.8455842829,5.590288072289));
#3581 = ( GEOMETRIC_REPRESENTATION_CONTEXT(2) 
PARAMETRIC_REPRESENTATION_CONTEXT() REPRESENTATION_CONTEXT('2D SPACE',''
  ) );
#3582 = PCURVE('',#1570,#3583);
#3583 = DEFINITIONAL_REPRESENTATION('',(#3584),#3647);
#3584 = B_SPLINE_CURVE_WITH_KNOTS('',7,(#3585,#3586,#3587,#3588,#3589,
    #3590,#3591,#3592,#3593,#3594,#3595,#3596,#3597,#3598,#3599,#3600,
    #3601,#3602,#3603,#3604,#3605,#3606,#3607,#3608,#3609,#3610,#3611,
    #3612,#3613,#3614,#3615,#3616,#3617,#3618,#3619,#3620,#3621,#3622,
    #3623,#3624,#3625,#3626,#3627,#3628,#3629,#3630,#3631,#3632,#3633,
    #3634,#3635,#3636,#3637,#3638,#3639,#3640,#3641,#3642,#3643,#3644,
    #3645,#3646),.UNSPECIFIED.,.F.,.F.,(8,6,6,6,6,6,6,6,6,6,8),(0.,
    0.173973934124,0.21389791694,0.245139289958,0.294529028726,
    0.358042279065,0.397535884627,0.541338314927,0.701613452883,
    0.864176856255,1.),.UNSPECIFIED.);
#3585 = CARTESIAN_POINT('',(0.,0.199052430051));
#3586 = CARTESIAN_POINT('',(9.165049082009E-02,0.199052430051));
#3587 = CARTESIAN_POINT('',(0.18322684616,0.204217857651));
#3588 = CARTESIAN_POINT('',(0.274551639861,0.214533840407));
#3589 = CARTESIAN_POINT('',(0.365342857627,0.230304663155));
#3590 = CARTESIAN_POINT('',(0.455163125859,0.252100907238));
#3591 = CARTESIAN_POINT('',(0.543330162778,0.280930590192));
#3592 = CARTESIAN_POINT('',(0.648181186011,0.32744458749));
#3593 = CARTESIAN_POINT('',(0.667593370929,0.336597765565));
#3594 = CARTESIAN_POINT('',(0.686830149951,0.346244307466));
#3595 = CARTESIAN_POINT('',(0.705871145321,0.356407887317));
#3596 = CARTESIAN_POINT('',(0.724692886404,0.367113279017));
#3597 = CARTESIAN_POINT('',(0.743268916163,0.378385791465));
#3598 = CARTESIAN_POINT('',(0.775890808224,0.399535252197));
#3599 = CARTESIAN_POINT('',(0.790043068014,0.409182396819));
#3600 = CARTESIAN_POINT('',(0.804012477313,0.419203969758));
#3601 = CARTESIAN_POINT('',(0.817783398405,0.429611535217));
#3602 = CARTESIAN_POINT('',(0.831339039474,0.440415804993));
#3603 = CARTESIAN_POINT('',(0.844661738533,0.451626053994));
#3604 = CARTESIAN_POINT('',(0.87839810116,0.481625191856));
#3605 = CARTESIAN_POINT('',(0.898437970681,0.501036076254));
#3606 = CARTESIAN_POINT('',(0.917776320679,0.521507221326));
#3607 = CARTESIAN_POINT('',(0.936337071989,0.543051946814));
#3608 = CARTESIAN_POINT('',(0.954049529958,0.565665467461));
#3609 = CARTESIAN_POINT('',(0.970853312891,0.589318500651));
#3610 = CARTESIAN_POINT('',(1.007085711843,0.645627131876));
#3611 = CARTESIAN_POINT('',(1.025898159698,0.678934197776));
#3612 = CARTESIAN_POINT('',(1.04303791173,0.713741136323));
#3613 = CARTESIAN_POINT('',(1.05847924813,0.749881503419));
#3614 = CARTESIAN_POINT('',(1.072257438283,0.787166187199));
#3615 = CARTESIAN_POINT('',(1.084449484674,0.825399388148));
#3616 = CARTESIAN_POINT('',(1.101806377724,0.888647567474));
#3617 = CARTESIAN_POINT('',(1.107886552205,0.913198701006));
#3618 = CARTESIAN_POINT('',(1.113416629338,0.938012574235));
#3619 = CARTESIAN_POINT('',(1.118423426902,0.963053866026));
#3620 = CARTESIAN_POINT('',(1.122934852765,0.98829108142));
#3621 = CARTESIAN_POINT('',(1.1269786691,1.013697134163));
#3622 = CARTESIAN_POINT('',(1.143698844321,1.132291675603));
#3623 = CARTESIAN_POINT('',(1.150946967047,1.227137007266));
#3624 = CARTESIAN_POINT('',(1.153677256265,1.322959914315));
#3625 = CARTESIAN_POINT('',(1.15284725657,1.419191740176));
#3626 = CARTESIAN_POINT('',(1.149106541747,1.515506889816));
#3627 = CARTESIAN_POINT('',(1.142919706832,1.611790758256));
#3628 = CARTESIAN_POINT('',(1.125295657666,1.815512626901));
#3629 = CARTESIAN_POINT('',(1.113353941554,1.922791535851));
#3630 = CARTESIAN_POINT('',(1.099206141196,2.029874964051));
#3631 = CARTESIAN_POINT('',(1.083113877647,2.136685629224));
#3632 = CARTESIAN_POINT('',(1.065242082957,2.243162890039));
#3633 = CARTESIAN_POINT('',(1.045699343264,2.349261228702));
#3634 = CARTESIAN_POINT('',(1.00305974729,2.562145011888));
#3635 = CARTESIAN_POINT('',(0.979921368879,2.668894293792));
#3636 = CARTESIAN_POINT('',(0.955168488616,2.775152272878));
#3637 = CARTESIAN_POINT('',(0.928801480393,2.880852843838));
#3638 = CARTESIAN_POINT('',(0.900782637562,2.985909183566));
#3639 = CARTESIAN_POINT('',(0.871031490652,3.090209210935));
#3640 = CARTESIAN_POINT('',(0.812973324711,3.279993739424));
#3641 = CARTESIAN_POINT('',(0.785240736632,3.365726755877));
#3642 = CARTESIAN_POINT('',(0.756114282863,3.450739085891));
#3643 = CARTESIAN_POINT('',(0.725475162308,3.53490901124));
#3644 = CARTESIAN_POINT('',(0.693180168259,3.618062027478));
#3645 = CARTESIAN_POINT('',(0.659034362687,3.699954543007));
#3646 = CARTESIAN_POINT('',(0.622730914672,3.780237665172));
#3647 = ( GEOMETRIC_REPRESENTATION_CONTEXT(2) 
PARAMETRIC_REPRESENTATION_CONTEXT() REPRESENTATION_CONTEXT('2D SPACE',''
  ) );
#3648 = ORIENTED_EDGE('',*,*,#3649,.T.);
#3649 = EDGE_CURVE('',#3450,#3161,#3650,.T.);
#3650 = SURFACE_CURVE('',#3651,(#3666,#3684),.PCURVE_S1.);
#3651 = B_SPLINE_CURVE_WITH_KNOTS('',7,(#3652,#3653,#3654,#3655,#3656,
    #3657,#3658,#3659,#3660,#3661,#3662,#3663,#3664,#3665),
  .UNSPECIFIED.,.F.,.F.,(8,6,8),(0.,0.405014648751,1.),.UNSPECIFIED.);
#3652 = CARTESIAN_POINT('',(-2.588161599548,0.924067792838,
    10.110232645003));
#3653 = CARTESIAN_POINT('',(-2.643424184209,0.897345243991,
    10.154514460427));
#3654 = CARTESIAN_POINT('',(-2.697090288257,0.866352488749,
    10.197517018641));
#3655 = CARTESIAN_POINT('',(-2.748834218054,0.83110888067,
    10.238979341886));
#3656 = CARTESIAN_POINT('',(-2.798304186549,0.791669029566,
    10.278619543793));
#3657 = CARTESIAN_POINT('',(-2.845126675648,0.748137041631,
    10.316138324948));
#3658 = CARTESIAN_POINT('',(-2.888916076096,0.700682236652,
    10.351226697308));
#3659 = CARTESIAN_POINT('',(-2.988600195869,0.574450026265,
    10.431103413526));
#3660 = CARTESIAN_POINT('',(-3.040610346711,0.491330911457,
    10.472779059243));
#3661 = CARTESIAN_POINT('',(-3.083963387894,0.401105317116,
    10.507517777663));
#3662 = CARTESIAN_POINT('',(-3.117475165412,0.305055393598,
    10.534370708189));
#3663 = CARTESIAN_POINT('',(-3.140211517372,0.204815227434,
    10.552589308478));
#3664 = CARTESIAN_POINT('',(-3.151566186001,0.102372880417,
    10.561687785205));
#3665 = CARTESIAN_POINT('',(-3.151566186001,1.172582895804E-15,
    10.561687785205));
#3666 = PCURVE('',#1283,#3667);
#3667 = DEFINITIONAL_REPRESENTATION('',(#3668),#3683);
#3668 = B_SPLINE_CURVE_WITH_KNOTS('',7,(#3669,#3670,#3671,#3672,#3673,
    #3674,#3675,#3676,#3677,#3678,#3679,#3680,#3681,#3682),
  .UNSPECIFIED.,.F.,.F.,(8,6,8),(0.,0.405014648751,1.),.UNSPECIFIED.);
#3669 = CARTESIAN_POINT('',(1.821408647903,5.153469381562));
#3670 = CARTESIAN_POINT('',(1.825486208616,5.214724033336));
#3671 = CARTESIAN_POINT('',(1.829394369352,5.276494728583));
#3672 = CARTESIAN_POINT('',(1.833115421142,5.338831083136));
#3673 = CARTESIAN_POINT('',(1.836631048284,5.401767757082));
#3674 = CARTESIAN_POINT('',(1.839922555936,5.465327530909));
#3675 = CARTESIAN_POINT('',(1.842971202166,5.529519038442));
#3676 = CARTESIAN_POINT('',(1.849853502221,5.689538233624));
#3677 = CARTESIAN_POINT('',(1.853389567712,5.786196873159));
#3678 = CARTESIAN_POINT('',(1.856298547441,5.884087432146));
#3679 = CARTESIAN_POINT('',(1.858525784996,5.983015663006));
#3680 = CARTESIAN_POINT('',(1.860029835819,6.082753687703));
#3681 = CARTESIAN_POINT('',(1.860780982118,6.183003404964));
#3682 = CARTESIAN_POINT('',(1.860780982118,6.28318530718));
#3683 = ( GEOMETRIC_REPRESENTATION_CONTEXT(2) 
PARAMETRIC_REPRESENTATION_CONTEXT() REPRESENTATION_CONTEXT('2D SPACE',''
  ) );
#3684 = PCURVE('',#2663,#3685);
#3685 = DEFINITIONAL_REPRESENTATION('',(#3686),#3701);
#3686 = B_SPLINE_CURVE_WITH_KNOTS('',7,(#3687,#3688,#3689,#3690,#3691,
    #3692,#3693,#3694,#3695,#3696,#3697,#3698,#3699,#3700),
  .UNSPECIFIED.,.F.,.F.,(8,6,8),(0.,0.405014648751,1.),.UNSPECIFIED.);
#3687 = CARTESIAN_POINT('',(1.342956,0.924067792838));
#3688 = CARTESIAN_POINT('',(1.272140518355,0.897345243991));
#3689 = CARTESIAN_POINT('',(1.203370824909,0.866352488749));
#3690 = CARTESIAN_POINT('',(1.13706427531,0.83110888067));
#3691 = CARTESIAN_POINT('',(1.073671662254,0.791669029566));
#3692 = CARTESIAN_POINT('',(1.01367162538,0.748137041631));
#3693 = CARTESIAN_POINT('',(0.957558298385,0.700682236652));
#3694 = CARTESIAN_POINT('',(0.829819449444,0.574450026265));
#3695 = CARTESIAN_POINT('',(0.763171754537,0.491330911457));
#3696 = CARTESIAN_POINT('',(0.707617594141,0.401105317116));
#3697 = CARTESIAN_POINT('',(0.664674386177,0.305055393598));
#3698 = CARTESIAN_POINT('',(0.635539199599,0.204815227434));
#3699 = CARTESIAN_POINT('',(0.620988915119,0.102372880417));
#3700 = CARTESIAN_POINT('',(0.620988915119,1.172582895804E-15));
#3701 = ( GEOMETRIC_REPRESENTATION_CONTEXT(2) 
PARAMETRIC_REPRESENTATION_CONTEXT() REPRESENTATION_CONTEXT('2D SPACE',''
  ) );
#3702 = ORIENTED_EDGE('',*,*,#3160,.F.);
#3703 = ORIENTED_EDGE('',*,*,#3704,.T.);
#3704 = EDGE_CURVE('',#2905,#2877,#3705,.T.);
#3705 = SURFACE_CURVE('',#3706,(#3786,#3869),.PCURVE_S1.);
#3706 = B_SPLINE_CURVE_WITH_KNOTS('',8,(#3707,#3708,#3709,#3710,#3711,
    #3712,#3713,#3714,#3715,#3716,#3717,#3718,#3719,#3720,#3721,#3722,
    #3723,#3724,#3725,#3726,#3727,#3728,#3729,#3730,#3731,#3732,#3733,
    #3734,#3735,#3736,#3737,#3738,#3739,#3740,#3741,#3742,#3743,#3744,
    #3745,#3746,#3747,#3748,#3749,#3750,#3751,#3752,#3753,#3754,#3755,
    #3756,#3757,#3758,#3759,#3760,#3761,#3762,#3763,#3764,#3765,#3766,
    #3767,#3768,#3769,#3770,#3771,#3772,#3773,#3774,#3775,#3776,#3777,
    #3778,#3779,#3780,#3781,#3782,#3783,#3784,#3785),.UNSPECIFIED.,.F.,
  .F.,(9,7,7,7,7,7,7,7,7,7,7,9),(0.,3.864202645232E-02,
    6.813934163383E-02,0.117495253161,0.174024221682,0.2354804158,
    0.501277873812,0.636670010877,0.786235523266,0.845961040983,
    0.941440117433,1.),.UNSPECIFIED.);
#3707 = CARTESIAN_POINT('',(-2.64416684362,1.187938636349E-15,10.7));
#3708 = CARTESIAN_POINT('',(-2.64416684362,2.131297056633E-02,10.7));
#3709 = CARTESIAN_POINT('',(-2.642049171394,4.263383283163E-02,10.7));
#3710 = CARTESIAN_POINT('',(-2.637811256945,6.381022005125E-02,10.7));
#3711 = CARTESIAN_POINT('',(-2.631520022647,8.471566094402E-02,10.7));
#3712 = CARTESIAN_POINT('',(-2.62329013828,0.105247021199,10.7));
#3713 = CARTESIAN_POINT('',(-2.6132663441,0.125322172185,10.7));
#3714 = CARTESIAN_POINT('',(-2.601609841913,0.144877886874,10.7));
#3715 = CARTESIAN_POINT('',(-2.578472797572,0.178364000332,10.7));
#3716 = CARTESIAN_POINT('',(-2.567598379677,0.192537501608,10.7));
#3717 = CARTESIAN_POINT('',(-2.55593319207,0.206376037133,10.7));
#3718 = CARTESIAN_POINT('',(-2.543543056022,0.219872692605,10.7));
#3719 = CARTESIAN_POINT('',(-2.530490512657,0.233025355863,10.7));
#3720 = CARTESIAN_POINT('',(-2.516833413102,0.24583600368,10.7));
#3721 = CARTESIAN_POINT('',(-2.50262350864,0.258309988556,10.7));
#3722 = CARTESIAN_POINT('',(-2.463277599714,0.290777316592,10.7));
#3723 = CARTESIAN_POINT('',(-2.437237683595,0.310170537919,10.7));
#3724 = CARTESIAN_POINT('',(-2.409988898655,0.328679144859,10.7));
#3725 = CARTESIAN_POINT('',(-2.381705675469,0.346347458974,10.7));
#3726 = CARTESIAN_POINT('',(-2.352534108854,0.363220133973,10.7));
#3727 = CARTESIAN_POINT('',(-2.322592797695,0.379342321669,10.7));
#3728 = CARTESIAN_POINT('',(-2.291973684764,0.394759837934,10.7));
#3729 = CARTESIAN_POINT('',(-2.224973235133,0.426423864722,10.7));
#3730 = CARTESIAN_POINT('',(-2.188417762692,0.4424571403,10.7));
#3731 = CARTESIAN_POINT('',(-2.15118727976,0.457684610422,10.7));
#3732 = CARTESIAN_POINT('',(-2.113373787448,0.472161737972,10.7));
#3733 = CARTESIAN_POINT('',(-2.075053354296,0.485937344028,10.7));
#3734 = CARTESIAN_POINT('',(-2.036288005895,0.499055825782,10.7));
#3735 = CARTESIAN_POINT('',(-1.997126637242,0.511558242036,10.7));
#3736 = CARTESIAN_POINT('',(-1.914638435693,0.53644562237,10.7));
#3737 = CARTESIAN_POINT('',(-1.871253628553,0.548723279103,10.7));
#3738 = CARTESIAN_POINT('',(-1.827501746835,0.560362213164,10.7));
#3739 = CARTESIAN_POINT('',(-1.783426664975,0.571403407775,10.7));
#3740 = CARTESIAN_POINT('',(-1.73906547016,0.58188283098,10.7));
#3741 = CARTESIAN_POINT('',(-1.694449021029,0.591832413948,10.7));
#3742 = CARTESIAN_POINT('',(-1.649602506382,0.601281029263,10.7));
#3743 = CARTESIAN_POINT('',(-1.409677056899,0.64906983712,10.7));
#3744 = CARTESIAN_POINT('',(-1.211131631387,0.678963589011,10.7));
#3745 = CARTESIAN_POINT('',(-1.010233837385,0.702166297938,10.7));
#3746 = CARTESIAN_POINT('',(-0.807828567069,0.71966654822,10.7));
#3747 = CARTESIAN_POINT('',(-0.60457422924,0.732311950573,10.7));
#3748 = CARTESIAN_POINT('',(-0.400859695414,0.740529375233,10.7));
#3749 = CARTESIAN_POINT('',(-0.196894503758,0.744587675499,10.7));
#3750 = CARTESIAN_POINT('',(0.111366070276,0.744388968471,10.7));
#3751 = CARTESIAN_POINT('',(0.215390414272,0.743234964951,10.7));
#3752 = CARTESIAN_POINT('',(0.319374446153,0.740993589066,10.7));
#3753 = CARTESIAN_POINT('',(0.423279284736,0.737647822722,10.7));
#3754 = CARTESIAN_POINT('',(0.527061152512,0.733164976866,10.7));
#3755 = CARTESIAN_POINT('',(0.630671255571,0.727495760164,10.7));
#3756 = CARTESIAN_POINT('',(0.734055456151,0.720571497058,10.7));
#3757 = CARTESIAN_POINT('',(0.95104474849,0.703161548032,10.7));
#3758 = CARTESIAN_POINT('',(1.064542678002,0.6923825817,10.7));
#3759 = CARTESIAN_POINT('',(1.177604250914,0.679835639884,10.7));
#3760 = CARTESIAN_POINT('',(1.290135487222,0.66536136183,10.7));
#3761 = CARTESIAN_POINT('',(1.401985899558,0.648754135026,10.7));
#3762 = CARTESIAN_POINT('',(1.512948709906,0.629761789783,10.7));
#3763 = CARTESIAN_POINT('',(1.622752886034,0.608062257083,10.7));
#3764 = CARTESIAN_POINT('',(1.774271868766,0.573244702877,10.7));
#3765 = CARTESIAN_POINT('',(1.817260063436,0.562803283515,10.7));
#3766 = CARTESIAN_POINT('',(1.859973004205,0.551826123759,10.7));
#3767 = CARTESIAN_POINT('',(1.90237961774,0.540280843764,10.7));
#3768 = CARTESIAN_POINT('',(1.944441342861,0.528131715509,10.7));
#3769 = CARTESIAN_POINT('',(1.986111338335,0.515338465286,10.7));
#3770 = CARTESIAN_POINT('',(2.027333690686,0.5018550762,10.7));
#3771 = CARTESIAN_POINT('',(2.133121189961,0.464885686906,10.7));
#3772 = CARTESIAN_POINT('',(2.196688365992,0.440313495258,10.7));
#3773 = CARTESIAN_POINT('',(2.25870542424,0.413633488946,10.7));
#3774 = CARTESIAN_POINT('',(2.318863202026,0.384561569427,10.7));
#3775 = CARTESIAN_POINT('',(2.376546190871,0.352791702845,10.7));
#3776 = CARTESIAN_POINT('',(2.430866660028,0.318026070071,10.7));
#3777 = CARTESIAN_POINT('',(2.480649781642,0.27996954972,10.7));
#3778 = CARTESIAN_POINT('',(2.550992357422,0.212591863473,10.7));
#3779 = CARTESIAN_POINT('',(2.575413372809,0.185577589489,10.7));
#3780 = CARTESIAN_POINT('',(2.597022999108,0.157169800946,10.7));
#3781 = CARTESIAN_POINT('',(2.615253544034,0.127440083635,10.7));
#3782 = CARTESIAN_POINT('',(2.629520236953,9.654101497932E-02,10.7));
#3783 = CARTESIAN_POINT('',(2.639284097732,6.472353299576E-02,10.7));
#3784 = CARTESIAN_POINT('',(2.64416684362,3.23628797531E-02,10.7));
#3785 = CARTESIAN_POINT('',(2.64416684362,1.187938636349E-15,10.7));
#3786 = PCURVE('',#1283,#3787);
#3787 = DEFINITIONAL_REPRESENTATION('',(#3788),#3868);
#3788 = B_SPLINE_CURVE_WITH_KNOTS('',8,(#3789,#3790,#3791,#3792,#3793,
    #3794,#3795,#3796,#3797,#3798,#3799,#3800,#3801,#3802,#3803,#3804,
    #3805,#3806,#3807,#3808,#3809,#3810,#3811,#3812,#3813,#3814,#3815,
    #3816,#3817,#3818,#3819,#3820,#3821,#3822,#3823,#3824,#3825,#3826,
    #3827,#3828,#3829,#3830,#3831,#3832,#3833,#3834,#3835,#3836,#3837,
    #3838,#3839,#3840,#3841,#3842,#3843,#3844,#3845,#3846,#3847,#3848,
    #3849,#3850,#3851,#3852,#3853,#3854,#3855,#3856,#3857,#3858,#3859,
    #3860,#3861,#3862,#3863,#3864,#3865,#3866,#3867),.UNSPECIFIED.,.F.,
  .F.,(9,7,7,7,7,7,7,7,7,7,7,9),(0.,3.864202645232E-02,
    6.813934163383E-02,0.117495253161,0.174024221682,0.2354804158,
    0.501277873812,0.636670010877,0.786235523266,0.845961040983,
    0.941440117433,1.),.UNSPECIFIED.);
#3789 = CARTESIAN_POINT('',(1.813061059152,6.28318530718));
#3790 = CARTESIAN_POINT('',(1.813061059152,6.262328475522));
#3791 = CARTESIAN_POINT('',(1.812874535536,6.241463927973));
#3792 = CARTESIAN_POINT('',(1.812501265726,6.22072691437));
#3793 = CARTESIAN_POINT('',(1.811947041209,6.200227377286));
#3794 = CARTESIAN_POINT('',(1.811221773015,6.180054228342));
#3795 = CARTESIAN_POINT('',(1.810337963032,6.160278642303));
#3796 = CARTESIAN_POINT('',(1.809309541167,6.140956368979));
#3797 = CARTESIAN_POINT('',(1.807266750387,6.107757275698));
#3798 = CARTESIAN_POINT('',(1.80630620629,6.09366691249));
#3799 = CARTESIAN_POINT('',(1.805275282674,6.079868390699));
#3800 = CARTESIAN_POINT('',(1.804179666542,6.066367528896));
#3801 = CARTESIAN_POINT('',(1.803024762521,6.053166092567));
#3802 = CARTESIAN_POINT('',(1.801815570087,6.04026233988));
#3803 = CARTESIAN_POINT('',(1.800556560803,6.027651567449));
#3804 = CARTESIAN_POINT('',(1.797067976352,5.994704195008));
#3805 = CARTESIAN_POINT('',(1.794756628871,5.974890799589));
#3806 = CARTESIAN_POINT('',(1.792335076543,5.955846748662));
#3807 = CARTESIAN_POINT('',(1.789818399406,5.937533977459));
#3808 = CARTESIAN_POINT('',(1.787219251458,5.91991522703));
#3809 = CARTESIAN_POINT('',(1.784547918014,5.902953193669));
#3810 = CARTESIAN_POINT('',(1.781812373068,5.886609678323));
#3811 = CARTESIAN_POINT('',(1.77581823372,5.852788622787));
#3812 = CARTESIAN_POINT('',(1.772542883275,5.835500144849));
#3813 = CARTESIAN_POINT('',(1.76920190426,5.81892465567));
#3814 = CARTESIAN_POINT('',(1.765803324976,5.803017326416));
#3815 = CARTESIAN_POINT('',(1.762353821401,5.787739561105));
#3816 = CARTESIAN_POINT('',(1.758858868934,5.773056603933));
#3817 = CARTESIAN_POINT('',(1.755322807567,5.758936338747));
#3818 = CARTESIAN_POINT('',(1.747863314515,5.730577936027));
#3819 = CARTESIAN_POINT('',(1.743933668061,5.716439198031));
#3820 = CARTESIAN_POINT('',(1.739964459731,5.702896871157));
#3821 = CARTESIAN_POINT('',(1.73595965685,5.689920133568));
#3822 = CARTESIAN_POINT('',(1.731922657013,5.677482561501));
#3823 = CARTESIAN_POINT('',(1.727856329627,5.665561153637));
#3824 = CARTESIAN_POINT('',(1.723763057475,5.654135355469));
#3825 = CARTESIAN_POINT('',(1.701833259621,5.595830586765));
#3826 = CARTESIAN_POINT('',(1.683576959034,5.557450856219));
#3827 = CARTESIAN_POINT('',(1.665005796705,5.52642784855));
#3828 = CARTESIAN_POINT('',(1.646213174706,5.502236702311));
#3829 = CARTESIAN_POINT('',(1.627279076754,5.48437660089));
#3830 = CARTESIAN_POINT('',(1.608260404096,5.472630720595));
#3831 = CARTESIAN_POINT('',(1.589197673423,5.466833577457));
#3832 = CARTESIAN_POINT('',(1.560388287521,5.46711744362));
#3833 = CARTESIAN_POINT('',(1.550666538935,5.468765989879));
#3834 = CARTESIAN_POINT('',(1.540951506671,5.471967319038));
#3835 = CARTESIAN_POINT('',(1.531249623523,5.476730671064));
#3836 = CARTESIAN_POINT('',(1.521567747955,5.48307339404));
#3837 = CARTESIAN_POINT('',(1.511913139484,5.491021762344));
#3838 = CARTESIAN_POINT('',(1.502293447921,5.500613710001));
#3839 = CARTESIAN_POINT('',(1.48213745546,5.524375105368));
#3840 = CARTESIAN_POINT('',(1.471614722767,5.538913677016));
#3841 = CARTESIAN_POINT('',(1.46115583682,5.555594774225));
#3842 = CARTESIAN_POINT('',(1.450772631448,5.574514731816));
#3843 = CARTESIAN_POINT('',(1.440481861771,5.595802192023));
#3844 = CARTESIAN_POINT('',(1.43030500094,5.619617565561));
#3845 = CARTESIAN_POINT('',(1.420268699743,5.646175813566));
#3846 = CARTESIAN_POINT('',(1.406469212427,5.687668860746));
#3847 = CARTESIAN_POINT('',(1.402559826925,5.700000849157));
#3848 = CARTESIAN_POINT('',(1.398681298511,5.712846246905));
#3849 = CARTESIAN_POINT('',(1.39483648558,5.726228864431));
#3850 = CARTESIAN_POINT('',(1.391028891221,5.740175222567));
#3851 = CARTESIAN_POINT('',(1.387262723426,5.754715771328));
#3852 = CARTESIAN_POINT('',(1.383542955283,5.769886108707));
#3853 = CARTESIAN_POINT('',(1.374012293183,5.811053860152));
#3854 = CARTESIAN_POINT('',(1.368300552819,5.838018574065));
#3855 = CARTESIAN_POINT('',(1.362742962187,5.866866728987));
#3856 = CARTESIAN_POINT('',(1.357366561931,5.897834646633));
#3857 = CARTESIAN_POINT('',(1.352225303687,5.931168880443));
#3858 = CARTESIAN_POINT('',(1.347396354138,5.967104337591));
#3859 = CARTESIAN_POINT('',(1.342980978935,6.005885311409));
#3860 = CARTESIAN_POINT('',(1.33675349183,6.073688920603));
#3861 = CARTESIAN_POINT('',(1.334594502559,6.100691945741));
#3862 = CARTESIAN_POINT('',(1.332686539055,6.128911021025));
#3863 = CARTESIAN_POINT('',(1.331078772777,6.158279083388));
#3864 = CARTESIAN_POINT('',(1.329821650524,6.188662049134));
#3865 = CARTESIAN_POINT('',(1.328961664119,6.219846985886));
#3866 = CARTESIAN_POINT('',(1.328531594438,6.251515055824));
#3867 = CARTESIAN_POINT('',(1.328531594438,6.28318530718));
#3868 = ( GEOMETRIC_REPRESENTATION_CONTEXT(2) 
PARAMETRIC_REPRESENTATION_CONTEXT() REPRESENTATION_CONTEXT('2D SPACE',''
  ) );
#3869 = PCURVE('',#3072,#3870);
#3870 = DEFINITIONAL_REPRESENTATION('',(#3871),#3951);
#3871 = B_SPLINE_CURVE_WITH_KNOTS('',8,(#3872,#3873,#3874,#3875,#3876,
    #3877,#3878,#3879,#3880,#3881,#3882,#3883,#3884,#3885,#3886,#3887,
    #3888,#3889,#3890,#3891,#3892,#3893,#3894,#3895,#3896,#3897,#3898,
    #3899,#3900,#3901,#3902,#3903,#3904,#3905,#3906,#3907,#3908,#3909,
    #3910,#3911,#3912,#3913,#3914,#3915,#3916,#3917,#3918,#3919,#3920,
    #3921,#3922,#3923,#3924,#3925,#3926,#3927,#3928,#3929,#3930,#3931,
    #3932,#3933,#3934,#3935,#3936,#3937,#3938,#3939,#3940,#3941,#3942,
    #3943,#3944,#3945,#3946,#3947,#3948,#3949,#3950),.UNSPECIFIED.,.F.,
  .F.,(9,7,7,7,7,7,7,7,7,7,7,9),(0.,3.864202645232E-02,
    6.813934163383E-02,0.117495253161,0.174024221682,0.2354804158,
    0.501277873812,0.636670010877,0.786235523266,0.845961040983,
    0.941440117433,1.),.UNSPECIFIED.);
#3872 = CARTESIAN_POINT('',(-2.64416684362,8.606841749427E-16));
#3873 = CARTESIAN_POINT('',(-2.64416684362,2.131297056633E-02));
#3874 = CARTESIAN_POINT('',(-2.642049171394,4.263383283163E-02));
#3875 = CARTESIAN_POINT('',(-2.637811256945,6.381022005125E-02));
#3876 = CARTESIAN_POINT('',(-2.631520022647,8.471566094402E-02));
#3877 = CARTESIAN_POINT('',(-2.62329013828,0.105247021199));
#3878 = CARTESIAN_POINT('',(-2.6132663441,0.125322172185));
#3879 = CARTESIAN_POINT('',(-2.601609841913,0.144877886874));
#3880 = CARTESIAN_POINT('',(-2.578472797572,0.178364000332));
#3881 = CARTESIAN_POINT('',(-2.567598379677,0.192537501608));
#3882 = CARTESIAN_POINT('',(-2.55593319207,0.206376037133));
#3883 = CARTESIAN_POINT('',(-2.543543056022,0.219872692605));
#3884 = CARTESIAN_POINT('',(-2.530490512657,0.233025355863));
#3885 = CARTESIAN_POINT('',(-2.516833413102,0.24583600368));
#3886 = CARTESIAN_POINT('',(-2.50262350864,0.258309988556));
#3887 = CARTESIAN_POINT('',(-2.463277599714,0.290777316592));
#3888 = CARTESIAN_POINT('',(-2.437237683595,0.310170537919));
#3889 = CARTESIAN_POINT('',(-2.409988898655,0.328679144859));
#3890 = CARTESIAN_POINT('',(-2.381705675469,0.346347458974));
#3891 = CARTESIAN_POINT('',(-2.352534108854,0.363220133973));
#3892 = CARTESIAN_POINT('',(-2.322592797695,0.379342321669));
#3893 = CARTESIAN_POINT('',(-2.291973684764,0.394759837934));
#3894 = CARTESIAN_POINT('',(-2.224973235133,0.426423864722));
#3895 = CARTESIAN_POINT('',(-2.188417762692,0.4424571403));
#3896 = CARTESIAN_POINT('',(-2.15118727976,0.457684610422));
#3897 = CARTESIAN_POINT('',(-2.113373787448,0.472161737972));
#3898 = CARTESIAN_POINT('',(-2.075053354296,0.485937344028));
#3899 = CARTESIAN_POINT('',(-2.036288005895,0.499055825782));
#3900 = CARTESIAN_POINT('',(-1.997126637242,0.511558242036));
#3901 = CARTESIAN_POINT('',(-1.914638435693,0.53644562237));
#3902 = CARTESIAN_POINT('',(-1.871253628553,0.548723279103));
#3903 = CARTESIAN_POINT('',(-1.827501746835,0.560362213164));
#3904 = CARTESIAN_POINT('',(-1.783426664975,0.571403407775));
#3905 = CARTESIAN_POINT('',(-1.73906547016,0.58188283098));
#3906 = CARTESIAN_POINT('',(-1.694449021029,0.591832413948));
#3907 = CARTESIAN_POINT('',(-1.649602506382,0.601281029263));
#3908 = CARTESIAN_POINT('',(-1.409677056899,0.64906983712));
#3909 = CARTESIAN_POINT('',(-1.211131631387,0.678963589011));
#3910 = CARTESIAN_POINT('',(-1.010233837385,0.702166297938));
#3911 = CARTESIAN_POINT('',(-0.807828567069,0.71966654822));
#3912 = CARTESIAN_POINT('',(-0.60457422924,0.732311950573));
#3913 = CARTESIAN_POINT('',(-0.400859695414,0.740529375233));
#3914 = CARTESIAN_POINT('',(-0.196894503758,0.744587675499));
#3915 = CARTESIAN_POINT('',(0.111366070276,0.744388968471));
#3916 = CARTESIAN_POINT('',(0.215390414272,0.743234964951));
#3917 = CARTESIAN_POINT('',(0.319374446153,0.740993589066));
#3918 = CARTESIAN_POINT('',(0.423279284736,0.737647822722));
#3919 = CARTESIAN_POINT('',(0.527061152512,0.733164976866));
#3920 = CARTESIAN_POINT('',(0.630671255571,0.727495760164));
#3921 = CARTESIAN_POINT('',(0.734055456151,0.720571497058));
#3922 = CARTESIAN_POINT('',(0.95104474849,0.703161548032));
#3923 = CARTESIAN_POINT('',(1.064542678002,0.6923825817));
#3924 = CARTESIAN_POINT('',(1.177604250914,0.679835639884));
#3925 = CARTESIAN_POINT('',(1.290135487222,0.66536136183));
#3926 = CARTESIAN_POINT('',(1.401985899558,0.648754135026));
#3927 = CARTESIAN_POINT('',(1.512948709906,0.629761789783));
#3928 = CARTESIAN_POINT('',(1.622752886034,0.608062257083));
#3929 = CARTESIAN_POINT('',(1.774271868766,0.573244702877));
#3930 = CARTESIAN_POINT('',(1.817260063436,0.562803283515));
#3931 = CARTESIAN_POINT('',(1.859973004205,0.551826123759));
#3932 = CARTESIAN_POINT('',(1.90237961774,0.540280843764));
#3933 = CARTESIAN_POINT('',(1.944441342861,0.528131715509));
#3934 = CARTESIAN_POINT('',(1.986111338335,0.515338465286));
#3935 = CARTESIAN_POINT('',(2.027333690686,0.5018550762));
#3936 = CARTESIAN_POINT('',(2.133121189961,0.464885686906));
#3937 = CARTESIAN_POINT('',(2.196688365992,0.440313495258));
#3938 = CARTESIAN_POINT('',(2.25870542424,0.413633488946));
#3939 = CARTESIAN_POINT('',(2.318863202026,0.384561569427));
#3940 = CARTESIAN_POINT('',(2.376546190871,0.352791702845));
#3941 = CARTESIAN_POINT('',(2.430866660028,0.318026070071));
#3942 = CARTESIAN_POINT('',(2.480649781642,0.27996954972));
#3943 = CARTESIAN_POINT('',(2.550992357422,0.212591863473));
#3944 = CARTESIAN_POINT('',(2.575413372809,0.185577589489));
#3945 = CARTESIAN_POINT('',(2.597022999108,0.157169800946));
#3946 = CARTESIAN_POINT('',(2.615253544034,0.127440083635));
#3947 = CARTESIAN_POINT('',(2.629520236953,9.654101497932E-02));
#3948 = CARTESIAN_POINT('',(2.639284097732,6.472353299576E-02));
#3949 = CARTESIAN_POINT('',(2.64416684362,3.23628797531E-02));
#3950 = CARTESIAN_POINT('',(2.64416684362,8.606841749427E-16));
#3951 = ( GEOMETRIC_REPRESENTATION_CONTEXT(2) 
PARAMETRIC_REPRESENTATION_CONTEXT() REPRESENTATION_CONTEXT('2D SPACE',''
  ) );
#3952 = ADVANCED_FACE('',(#3953),#1570,.T.);
#3953 = FACE_BOUND('',#3954,.T.);
#3954 = EDGE_LOOP('',(#3955,#3977,#3978,#3999,#4000,#4001,#4002,#4024,
    #4025,#4026,#4048,#4049));
#3955 = ORIENTED_EDGE('',*,*,#3956,.F.);
#3956 = EDGE_CURVE('',#3450,#2620,#3957,.T.);
#3957 = SURFACE_CURVE('',#3958,(#3963,#3970),.PCURVE_S1.);
#3958 = CIRCLE('',#3959,1.11913);
#3959 = AXIS2_PLACEMENT_3D('',#3960,#3961,#3962);
#3960 = CARTESIAN_POINT('',(-3.63617,0.,10.95));
#3961 = DIRECTION('',(0.625312634961,0.,0.780374338736));
#3962 = DIRECTION('',(0.780374338736,0.,-0.625312634961));
#3963 = PCURVE('',#1570,#3964);
#3964 = DEFINITIONAL_REPRESENTATION('',(#3965),#3969);
#3965 = LINE('',#3966,#3967);
#3966 = CARTESIAN_POINT('',(0.,3.780237065172));
#3967 = VECTOR('',#3968,1.);
#3968 = DIRECTION('',(1.,0.));
#3969 = ( GEOMETRIC_REPRESENTATION_CONTEXT(2) 
PARAMETRIC_REPRESENTATION_CONTEXT() REPRESENTATION_CONTEXT('2D SPACE',''
  ) );
#3970 = PCURVE('',#2663,#3971);
#3971 = DEFINITIONAL_REPRESENTATION('',(#3972),#3976);
#3972 = CIRCLE('',#3973,1.11913);
#3973 = AXIS2_PLACEMENT_2D('',#3974,#3975);
#3974 = CARTESIAN_POINT('',(0.,0.));
#3975 = DIRECTION('',(1.,0.));
#3976 = ( GEOMETRIC_REPRESENTATION_CONTEXT(2) 
PARAMETRIC_REPRESENTATION_CONTEXT() REPRESENTATION_CONTEXT('2D SPACE',''
  ) );
#3977 = ORIENTED_EDGE('',*,*,#3449,.F.);
#3978 = ORIENTED_EDGE('',*,*,#3979,.F.);
#3979 = EDGE_CURVE('',#1554,#3241,#3980,.T.);
#3980 = SEAM_CURVE('',#3981,(#3985,#3992),.PCURVE_S1.);
#3981 = LINE('',#3982,#3983);
#3982 = CARTESIAN_POINT('',(-5.12665966629,-2.74107794466E-16,
    7.300193870836));
#3983 = VECTOR('',#3984,1.);
#3984 = DIRECTION('',(0.625312634961,0.,0.780374338736));
#3985 = PCURVE('',#1570,#3986);
#3986 = DEFINITIONAL_REPRESENTATION('',(#3987),#3991);
#3987 = LINE('',#3988,#3989);
#3988 = CARTESIAN_POINT('',(6.28318530718,-0.));
#3989 = VECTOR('',#3990,1.);
#3990 = DIRECTION('',(0.,1.));
#3991 = ( GEOMETRIC_REPRESENTATION_CONTEXT(2) 
PARAMETRIC_REPRESENTATION_CONTEXT() REPRESENTATION_CONTEXT('2D SPACE',''
  ) );
#3992 = PCURVE('',#1570,#3993);
#3993 = DEFINITIONAL_REPRESENTATION('',(#3994),#3998);
#3994 = LINE('',#3995,#3996);
#3995 = CARTESIAN_POINT('',(0.,-0.));
#3996 = VECTOR('',#3997,1.);
#3997 = DIRECTION('',(0.,1.));
#3998 = ( GEOMETRIC_REPRESENTATION_CONTEXT(2) 
PARAMETRIC_REPRESENTATION_CONTEXT() REPRESENTATION_CONTEXT('2D SPACE',''
  ) );
#3999 = ORIENTED_EDGE('',*,*,#1553,.T.);
#4000 = ORIENTED_EDGE('',*,*,#3979,.T.);
#4001 = ORIENTED_EDGE('',*,*,#3240,.F.);
#4002 = ORIENTED_EDGE('',*,*,#4003,.F.);
#4003 = EDGE_CURVE('',#2649,#3185,#4004,.T.);
#4004 = SURFACE_CURVE('',#4005,(#4010,#4017),.PCURVE_S1.);
#4005 = CIRCLE('',#4006,1.11913);
#4006 = AXIS2_PLACEMENT_3D('',#4007,#4008,#4009);
#4007 = CARTESIAN_POINT('',(-3.63617,0.,10.95));
#4008 = DIRECTION('',(0.625312634961,0.,0.780374338736));
#4009 = DIRECTION('',(0.780374338736,0.,-0.625312634961));
#4010 = PCURVE('',#1570,#4011);
#4011 = DEFINITIONAL_REPRESENTATION('',(#4012),#4016);
#4012 = LINE('',#4013,#4014);
#4013 = CARTESIAN_POINT('',(0.,3.780237065172));
#4014 = VECTOR('',#4015,1.);
#4015 = DIRECTION('',(1.,0.));
#4016 = ( GEOMETRIC_REPRESENTATION_CONTEXT(2) 
PARAMETRIC_REPRESENTATION_CONTEXT() REPRESENTATION_CONTEXT('2D SPACE',''
  ) );
#4017 = PCURVE('',#2663,#4018);
#4018 = DEFINITIONAL_REPRESENTATION('',(#4019),#4023);
#4019 = CIRCLE('',#4020,1.11913);
#4020 = AXIS2_PLACEMENT_2D('',#4021,#4022);
#4021 = CARTESIAN_POINT('',(0.,0.));
#4022 = DIRECTION('',(1.,0.));
#4023 = ( GEOMETRIC_REPRESENTATION_CONTEXT(2) 
PARAMETRIC_REPRESENTATION_CONTEXT() REPRESENTATION_CONTEXT('2D SPACE',''
  ) );
#4024 = ORIENTED_EDGE('',*,*,#2674,.F.);
#4025 = ORIENTED_EDGE('',*,*,#1694,.F.);
#4026 = ORIENTED_EDGE('',*,*,#4027,.F.);
#4027 = EDGE_CURVE('',#1739,#1695,#4028,.T.);
#4028 = SURFACE_CURVE('',#4029,(#4034,#4041),.PCURVE_S1.);
#4029 = CIRCLE('',#4030,1.11913);
#4030 = AXIS2_PLACEMENT_3D('',#4031,#4032,#4033);
#4031 = CARTESIAN_POINT('',(-3.63617,0.,10.95));
#4032 = DIRECTION('',(0.625312634961,0.,0.780374338736));
#4033 = DIRECTION('',(0.780374338736,0.,-0.625312634961));
#4034 = PCURVE('',#1570,#4035);
#4035 = DEFINITIONAL_REPRESENTATION('',(#4036),#4040);
#4036 = LINE('',#4037,#4038);
#4037 = CARTESIAN_POINT('',(0.,3.780237065172));
#4038 = VECTOR('',#4039,1.);
#4039 = DIRECTION('',(1.,0.));
#4040 = ( GEOMETRIC_REPRESENTATION_CONTEXT(2) 
PARAMETRIC_REPRESENTATION_CONTEXT() REPRESENTATION_CONTEXT('2D SPACE',''
  ) );
#4041 = PCURVE('',#1759,#4042);
#4042 = DEFINITIONAL_REPRESENTATION('',(#4043),#4047);
#4043 = CIRCLE('',#4044,1.11913);
#4044 = AXIS2_PLACEMENT_2D('',#4045,#4046);
#4045 = CARTESIAN_POINT('',(0.,0.));
#4046 = DIRECTION('',(1.,0.));
#4047 = ( GEOMETRIC_REPRESENTATION_CONTEXT(2) 
PARAMETRIC_REPRESENTATION_CONTEXT() REPRESENTATION_CONTEXT('2D SPACE',''
  ) );
#4048 = ORIENTED_EDGE('',*,*,#1771,.F.);
#4049 = ORIENTED_EDGE('',*,*,#2619,.F.);
#4050 = ADVANCED_FACE('',(#4051,#4346),#1851,.T.);
#4051 = FACE_BOUND('',#4052,.T.);
#4052 = EDGE_LOOP('',(#4053,#4054,#4055,#4092,#4127,#4128,#4165,#4200,
    #4201,#4238,#4273,#4274,#4311));
#4053 = ORIENTED_EDGE('',*,*,#2592,.T.);
#4054 = ORIENTED_EDGE('',*,*,#1834,.T.);
#4055 = ORIENTED_EDGE('',*,*,#4056,.F.);
#4056 = EDGE_CURVE('',#4057,#1835,#4059,.T.);
#4057 = VERTEX_POINT('',#4058);
#4058 = CARTESIAN_POINT('',(2.977764999422,2.559621898233,12.25883));
#4059 = SURFACE_CURVE('',#4060,(#4065,#4072),.PCURVE_S1.);
#4060 = ELLIPSE('',#4061,0.418908613391,0.418143255844);
#4061 = AXIS2_PLACEMENT_3D('',#4062,#4063,#4064);
#4062 = CARTESIAN_POINT('',(2.559239064663,2.559239064663,12.25883));
#4063 = DIRECTION('',(0.,0.,1.));
#4064 = DIRECTION('',(0.707106781187,0.707106781187,-0.));
#4065 = PCURVE('',#1851,#4066);
#4066 = DEFINITIONAL_REPRESENTATION('',(#4067),#4071);
#4067 = ELLIPSE('',#4068,0.418908613391,0.418143255844);
#4068 = AXIS2_PLACEMENT_2D('',#4069,#4070);
#4069 = CARTESIAN_POINT('',(2.559239064663,2.559239064663));
#4070 = DIRECTION('',(0.707106781187,0.707106781187));
#4071 = ( GEOMETRIC_REPRESENTATION_CONTEXT(2) 
PARAMETRIC_REPRESENTATION_CONTEXT() REPRESENTATION_CONTEXT('2D SPACE',''
  ) );
#4072 = PCURVE('',#1887,#4073);
#4073 = DEFINITIONAL_REPRESENTATION('',(#4074),#4091);
#4074 = B_SPLINE_CURVE_WITH_KNOTS('',8,(#4075,#4076,#4077,#4078,#4079,
    #4080,#4081,#4082,#4083,#4084,#4085,#4086,#4087,#4088,#4089,#4090),
  .UNSPECIFIED.,.F.,.F.,(9,7,9),(5.497787513644,8.639380167234,
    11.780972820824),.UNSPECIFIED.);
#4075 = CARTESIAN_POINT('',(0.,-1.473627690686));
#4076 = CARTESIAN_POINT('',(-0.392340162962,-1.466600947818));
#4077 = CARTESIAN_POINT('',(-0.784519508523,-1.462728286186));
#4078 = CARTESIAN_POINT('',(-1.176622648364,-1.463656716473));
#4079 = CARTESIAN_POINT('',(-1.56878534741,-1.470016830959));
#4080 = CARTESIAN_POINT('',(-1.961159017951,-1.480528556662));
#4081 = CARTESIAN_POINT('',(-2.35381009764,-1.492206945691));
#4082 = CARTESIAN_POINT('',(-2.746706695371,-1.502387881854));
#4083 = CARTESIAN_POINT('',(-3.532822696242,-1.516441367592));
#4084 = CARTESIAN_POINT('',(-3.926042105122,-1.520314029221));
#4085 = CARTESIAN_POINT('',(-4.319338285946,-1.519385598931));
#4086 = CARTESIAN_POINT('',(-4.712574841502,-1.513025484448));
#4087 = CARTESIAN_POINT('',(-5.105598243143,-1.502513758746));
#4088 = CARTESIAN_POINT('',(-5.498344169597,-1.490835369716));
#4089 = CARTESIAN_POINT('',(-5.890845144218,-1.480654433555));
#4090 = CARTESIAN_POINT('',(-6.28318530718,-1.473627690686));
#4091 = ( GEOMETRIC_REPRESENTATION_CONTEXT(2) 
PARAMETRIC_REPRESENTATION_CONTEXT() REPRESENTATION_CONTEXT('2D SPACE',''
  ) );
#4092 = ORIENTED_EDGE('',*,*,#4093,.F.);
#4093 = EDGE_CURVE('',#1976,#4057,#4094,.T.);
#4094 = SURFACE_CURVE('',#4095,(#4100,#4107),.PCURVE_S1.);
#4095 = ELLIPSE('',#4096,0.418908613391,0.418143255844);
#4096 = AXIS2_PLACEMENT_3D('',#4097,#4098,#4099);
#4097 = CARTESIAN_POINT('',(2.559239064663,2.559239064663,12.25883));
#4098 = DIRECTION('',(0.,0.,1.));
#4099 = DIRECTION('',(0.707106781187,0.707106781187,-0.));
#4100 = PCURVE('',#1851,#4101);
#4101 = DEFINITIONAL_REPRESENTATION('',(#4102),#4106);
#4102 = ELLIPSE('',#4103,0.418908613391,0.418143255844);
#4103 = AXIS2_PLACEMENT_2D('',#4104,#4105);
#4104 = CARTESIAN_POINT('',(2.559239064663,2.559239064663));
#4105 = DIRECTION('',(0.707106781187,0.707106781187));
#4106 = ( GEOMETRIC_REPRESENTATION_CONTEXT(2) 
PARAMETRIC_REPRESENTATION_CONTEXT() REPRESENTATION_CONTEXT('2D SPACE',''
  ) );
#4107 = PCURVE('',#1887,#4108);
#4108 = DEFINITIONAL_REPRESENTATION('',(#4109),#4126);
#4109 = B_SPLINE_CURVE_WITH_KNOTS('',8,(#4110,#4111,#4112,#4113,#4114,
    #4115,#4116,#4117,#4118,#4119,#4120,#4121,#4122,#4123,#4124,#4125),
  .UNSPECIFIED.,.F.,.F.,(9,7,9),(5.497787513644,8.639380167234,
    11.780972820824),.UNSPECIFIED.);
#4110 = CARTESIAN_POINT('',(0.,-1.473627690686));
#4111 = CARTESIAN_POINT('',(-0.392340162962,-1.466600947818));
#4112 = CARTESIAN_POINT('',(-0.784519508523,-1.462728286186));
#4113 = CARTESIAN_POINT('',(-1.176622648364,-1.463656716473));
#4114 = CARTESIAN_POINT('',(-1.56878534741,-1.470016830959));
#4115 = CARTESIAN_POINT('',(-1.961159017951,-1.480528556662));
#4116 = CARTESIAN_POINT('',(-2.35381009764,-1.492206945691));
#4117 = CARTESIAN_POINT('',(-2.746706695371,-1.502387881854));
#4118 = CARTESIAN_POINT('',(-3.532822696242,-1.516441367592));
#4119 = CARTESIAN_POINT('',(-3.926042105122,-1.520314029221));
#4120 = CARTESIAN_POINT('',(-4.319338285946,-1.519385598931));
#4121 = CARTESIAN_POINT('',(-4.712574841502,-1.513025484448));
#4122 = CARTESIAN_POINT('',(-5.105598243143,-1.502513758746));
#4123 = CARTESIAN_POINT('',(-5.498344169597,-1.490835369716));
#4124 = CARTESIAN_POINT('',(-5.890845144218,-1.480654433555));
#4125 = CARTESIAN_POINT('',(-6.28318530718,-1.473627690686));
#4126 = ( GEOMETRIC_REPRESENTATION_CONTEXT(2) 
PARAMETRIC_REPRESENTATION_CONTEXT() REPRESENTATION_CONTEXT('2D SPACE',''
  ) );
#4127 = ORIENTED_EDGE('',*,*,#2037,.T.);
#4128 = ORIENTED_EDGE('',*,*,#4129,.F.);
#4129 = EDGE_CURVE('',#4130,#2038,#4132,.T.);
#4130 = VERTEX_POINT('',#4131);
#4131 = CARTESIAN_POINT('',(-2.140713129266,2.558091883655,12.25883));
#4132 = SURFACE_CURVE('',#4133,(#4138,#4145),.PCURVE_S1.);
#4133 = ELLIPSE('',#4134,0.418908613391,0.418143255844);
#4134 = AXIS2_PLACEMENT_3D('',#4135,#4136,#4137);
#4135 = CARTESIAN_POINT('',(-2.559239064663,2.559239064663,12.25883));
#4136 = DIRECTION('',(0.,0.,1.));
#4137 = DIRECTION('',(-0.707106781187,0.707106781187,0.));
#4138 = PCURVE('',#1851,#4139);
#4139 = DEFINITIONAL_REPRESENTATION('',(#4140),#4144);
#4140 = ELLIPSE('',#4141,0.418908613391,0.418143255844);
#4141 = AXIS2_PLACEMENT_2D('',#4142,#4143);
#4142 = CARTESIAN_POINT('',(-2.559239064663,2.559239064663));
#4143 = DIRECTION('',(-0.707106781187,0.707106781187));
#4144 = ( GEOMETRIC_REPRESENTATION_CONTEXT(2) 
PARAMETRIC_REPRESENTATION_CONTEXT() REPRESENTATION_CONTEXT('2D SPACE',''
  ) );
#4145 = PCURVE('',#2103,#4146);
#4146 = DEFINITIONAL_REPRESENTATION('',(#4147),#4164);
#4147 = B_SPLINE_CURVE_WITH_KNOTS('',8,(#4148,#4149,#4150,#4151,#4152,
    #4153,#4154,#4155,#4156,#4157,#4158,#4159,#4160,#4161,#4162,#4163),
  .UNSPECIFIED.,.F.,.F.,(9,7,9),(3.925164160056,7.066756813646,
    10.208349467236),.UNSPECIFIED.);
#4148 = CARTESIAN_POINT('',(8.881784197001E-16,-1.509447273448));
#4149 = CARTESIAN_POINT('',(-0.393058656524,-1.50243337515));
#4150 = CARTESIAN_POINT('',(-0.785956204828,-1.492259528567));
#4151 = CARTESIAN_POINT('',(-1.178608374198,-1.480579463444));
#4152 = CARTESIAN_POINT('',(-1.570983023285,-1.470056139907));
#4153 = CARTESIAN_POINT('',(-1.963146313971,-1.463676838606));
#4154 = CARTESIAN_POINT('',(-2.355249541612,-1.462727081799));
#4155 = CARTESIAN_POINT('',(-2.74742852796,-1.466581143663));
#4156 = CARTESIAN_POINT('',(-3.532107546499,-1.48060894026));
#4157 = CARTESIAN_POINT('',(-3.924607572894,-1.490782786841));
#4158 = CARTESIAN_POINT('',(-4.317352410054,-1.502462851964));
#4159 = CARTESIAN_POINT('',(-4.710374828018,-1.512986175494));
#4160 = CARTESIAN_POINT('',(-5.103610786774,-1.519365476797));
#4161 = CARTESIAN_POINT('',(-5.496906880186,-1.52031523361));
#4162 = CARTESIAN_POINT('',(-5.890126650655,-1.516461171746));
#4163 = CARTESIAN_POINT('',(-6.28318530718,-1.509447273448));
#4164 = ( GEOMETRIC_REPRESENTATION_CONTEXT(2) 
PARAMETRIC_REPRESENTATION_CONTEXT() REPRESENTATION_CONTEXT('2D SPACE',''
  ) );
#4165 = ORIENTED_EDGE('',*,*,#4166,.F.);
#4166 = EDGE_CURVE('',#2161,#4130,#4167,.T.);
#4167 = SURFACE_CURVE('',#4168,(#4173,#4180),.PCURVE_S1.);
#4168 = ELLIPSE('',#4169,0.418908613391,0.418143255844);
#4169 = AXIS2_PLACEMENT_3D('',#4170,#4171,#4172);
#4170 = CARTESIAN_POINT('',(-2.559239064663,2.559239064663,12.25883));
#4171 = DIRECTION('',(0.,0.,1.));
#4172 = DIRECTION('',(-0.707106781187,0.707106781187,0.));
#4173 = PCURVE('',#1851,#4174);
#4174 = DEFINITIONAL_REPRESENTATION('',(#4175),#4179);
#4175 = ELLIPSE('',#4176,0.418908613391,0.418143255844);
#4176 = AXIS2_PLACEMENT_2D('',#4177,#4178);
#4177 = CARTESIAN_POINT('',(-2.559239064663,2.559239064663));
#4178 = DIRECTION('',(-0.707106781187,0.707106781187));
#4179 = ( GEOMETRIC_REPRESENTATION_CONTEXT(2) 
PARAMETRIC_REPRESENTATION_CONTEXT() REPRESENTATION_CONTEXT('2D SPACE',''
  ) );
#4180 = PCURVE('',#2103,#4181);
#4181 = DEFINITIONAL_REPRESENTATION('',(#4182),#4199);
#4182 = B_SPLINE_CURVE_WITH_KNOTS('',8,(#4183,#4184,#4185,#4186,#4187,
    #4188,#4189,#4190,#4191,#4192,#4193,#4194,#4195,#4196,#4197,#4198),
  .UNSPECIFIED.,.F.,.F.,(9,7,9),(3.925164160056,7.066756813646,
    10.208349467236),.UNSPECIFIED.);
#4183 = CARTESIAN_POINT('',(8.881784197001E-16,-1.509447273448));
#4184 = CARTESIAN_POINT('',(-0.393058656524,-1.50243337515));
#4185 = CARTESIAN_POINT('',(-0.785956204828,-1.492259528567));
#4186 = CARTESIAN_POINT('',(-1.178608374198,-1.480579463444));
#4187 = CARTESIAN_POINT('',(-1.570983023285,-1.470056139907));
#4188 = CARTESIAN_POINT('',(-1.963146313971,-1.463676838606));
#4189 = CARTESIAN_POINT('',(-2.355249541612,-1.462727081799));
#4190 = CARTESIAN_POINT('',(-2.74742852796,-1.466581143663));
#4191 = CARTESIAN_POINT('',(-3.532107546499,-1.48060894026));
#4192 = CARTESIAN_POINT('',(-3.924607572894,-1.490782786841));
#4193 = CARTESIAN_POINT('',(-4.317352410054,-1.502462851964));
#4194 = CARTESIAN_POINT('',(-4.710374828018,-1.512986175494));
#4195 = CARTESIAN_POINT('',(-5.103610786774,-1.519365476797));
#4196 = CARTESIAN_POINT('',(-5.496906880186,-1.52031523361));
#4197 = CARTESIAN_POINT('',(-5.890126650655,-1.516461171746));
#4198 = CARTESIAN_POINT('',(-6.28318530718,-1.509447273448));
#4199 = ( GEOMETRIC_REPRESENTATION_CONTEXT(2) 
PARAMETRIC_REPRESENTATION_CONTEXT() REPRESENTATION_CONTEXT('2D SPACE',''
  ) );
#4200 = ORIENTED_EDGE('',*,*,#2222,.T.);
#4201 = ORIENTED_EDGE('',*,*,#4202,.F.);
#4202 = EDGE_CURVE('',#4203,#2223,#4205,.T.);
#4203 = VERTEX_POINT('',#4204);
#4204 = CARTESIAN_POINT('',(-2.140713129266,-2.558091883655,12.25883));
#4205 = SURFACE_CURVE('',#4206,(#4211,#4218),.PCURVE_S1.);
#4206 = ELLIPSE('',#4207,0.418908613391,0.418143255844);
#4207 = AXIS2_PLACEMENT_3D('',#4208,#4209,#4210);
#4208 = CARTESIAN_POINT('',(-2.559239064663,-2.559239064663,12.25883));
#4209 = DIRECTION('',(0.,0.,1.));
#4210 = DIRECTION('',(-0.707106781187,-0.707106781187,0.));
#4211 = PCURVE('',#1851,#4212);
#4212 = DEFINITIONAL_REPRESENTATION('',(#4213),#4217);
#4213 = ELLIPSE('',#4214,0.418908613391,0.418143255844);
#4214 = AXIS2_PLACEMENT_2D('',#4215,#4216);
#4215 = CARTESIAN_POINT('',(-2.559239064663,-2.559239064663));
#4216 = DIRECTION('',(-0.707106781187,-0.707106781187));
#4217 = ( GEOMETRIC_REPRESENTATION_CONTEXT(2) 
PARAMETRIC_REPRESENTATION_CONTEXT() REPRESENTATION_CONTEXT('2D SPACE',''
  ) );
#4218 = PCURVE('',#2288,#4219);
#4219 = DEFINITIONAL_REPRESENTATION('',(#4220),#4237);
#4220 = B_SPLINE_CURVE_WITH_KNOTS('',8,(#4221,#4222,#4223,#4224,#4225,
    #4226,#4227,#4228,#4229,#4230,#4231,#4232,#4233,#4234,#4235,#4236),
  .UNSPECIFIED.,.F.,.F.,(9,7,9),(2.358021147124,5.499613800713,
    8.641206454303),.UNSPECIFIED.);
#4221 = CARTESIAN_POINT('',(8.881784197001E-16,-1.509447273448));
#4222 = CARTESIAN_POINT('',(-0.393058656524,-1.516461171746));
#4223 = CARTESIAN_POINT('',(-0.786278426969,-1.520315233611));
#4224 = CARTESIAN_POINT('',(-1.179574520393,-1.519365476796));
#4225 = CARTESIAN_POINT('',(-1.57281047916,-1.512986175505));
#4226 = CARTESIAN_POINT('',(-1.965832897117,-1.502462851959));
#4227 = CARTESIAN_POINT('',(-2.358577734267,-1.49078278684));
#4228 = CARTESIAN_POINT('',(-2.751077760681,-1.48060894026));
#4229 = CARTESIAN_POINT('',(-3.53575677922,-1.466581143663));
#4230 = CARTESIAN_POINT('',(-3.927935765568,-1.462727081798));
#4231 = CARTESIAN_POINT('',(-4.320038993178,-1.463676838611));
#4232 = CARTESIAN_POINT('',(-4.712202283929,-1.470056139909));
#4233 = CARTESIAN_POINT('',(-5.104576932955,-1.480579463444));
#4234 = CARTESIAN_POINT('',(-5.497229102343,-1.492259528566));
#4235 = CARTESIAN_POINT('',(-5.890126650655,-1.50243337515));
#4236 = CARTESIAN_POINT('',(-6.28318530718,-1.509447273448));
#4237 = ( GEOMETRIC_REPRESENTATION_CONTEXT(2) 
PARAMETRIC_REPRESENTATION_CONTEXT() REPRESENTATION_CONTEXT('2D SPACE',''
  ) );
#4238 = ORIENTED_EDGE('',*,*,#4239,.F.);
#4239 = EDGE_CURVE('',#2346,#4203,#4240,.T.);
#4240 = SURFACE_CURVE('',#4241,(#4246,#4253),.PCURVE_S1.);
#4241 = ELLIPSE('',#4242,0.418908613391,0.418143255844);
#4242 = AXIS2_PLACEMENT_3D('',#4243,#4244,#4245);
#4243 = CARTESIAN_POINT('',(-2.559239064663,-2.559239064663,12.25883));
#4244 = DIRECTION('',(0.,0.,1.));
#4245 = DIRECTION('',(-0.707106781187,-0.707106781187,0.));
#4246 = PCURVE('',#1851,#4247);
#4247 = DEFINITIONAL_REPRESENTATION('',(#4248),#4252);
#4248 = ELLIPSE('',#4249,0.418908613391,0.418143255844);
#4249 = AXIS2_PLACEMENT_2D('',#4250,#4251);
#4250 = CARTESIAN_POINT('',(-2.559239064663,-2.559239064663));
#4251 = DIRECTION('',(-0.707106781187,-0.707106781187));
#4252 = ( GEOMETRIC_REPRESENTATION_CONTEXT(2) 
PARAMETRIC_REPRESENTATION_CONTEXT() REPRESENTATION_CONTEXT('2D SPACE',''
  ) );
#4253 = PCURVE('',#2288,#4254);
#4254 = DEFINITIONAL_REPRESENTATION('',(#4255),#4272);
#4255 = B_SPLINE_CURVE_WITH_KNOTS('',8,(#4256,#4257,#4258,#4259,#4260,
    #4261,#4262,#4263,#4264,#4265,#4266,#4267,#4268,#4269,#4270,#4271),
  .UNSPECIFIED.,.F.,.F.,(9,7,9),(2.358021147124,5.499613800713,
    8.641206454303),.UNSPECIFIED.);
#4256 = CARTESIAN_POINT('',(8.881784197001E-16,-1.509447273448));
#4257 = CARTESIAN_POINT('',(-0.393058656524,-1.516461171746));
#4258 = CARTESIAN_POINT('',(-0.786278426969,-1.520315233611));
#4259 = CARTESIAN_POINT('',(-1.179574520393,-1.519365476796));
#4260 = CARTESIAN_POINT('',(-1.57281047916,-1.512986175505));
#4261 = CARTESIAN_POINT('',(-1.965832897117,-1.502462851959));
#4262 = CARTESIAN_POINT('',(-2.358577734267,-1.49078278684));
#4263 = CARTESIAN_POINT('',(-2.751077760681,-1.48060894026));
#4264 = CARTESIAN_POINT('',(-3.53575677922,-1.466581143663));
#4265 = CARTESIAN_POINT('',(-3.927935765568,-1.462727081798));
#4266 = CARTESIAN_POINT('',(-4.320038993178,-1.463676838611));
#4267 = CARTESIAN_POINT('',(-4.712202283929,-1.470056139909));
#4268 = CARTESIAN_POINT('',(-5.104576932955,-1.480579463444));
#4269 = CARTESIAN_POINT('',(-5.497229102343,-1.492259528566));
#4270 = CARTESIAN_POINT('',(-5.890126650655,-1.50243337515));
#4271 = CARTESIAN_POINT('',(-6.28318530718,-1.509447273448));
#4272 = ( GEOMETRIC_REPRESENTATION_CONTEXT(2) 
PARAMETRIC_REPRESENTATION_CONTEXT() REPRESENTATION_CONTEXT('2D SPACE',''
  ) );
#4273 = ORIENTED_EDGE('',*,*,#2407,.T.);
#4274 = ORIENTED_EDGE('',*,*,#4275,.F.);
#4275 = EDGE_CURVE('',#4276,#2408,#4278,.T.);
#4276 = VERTEX_POINT('',#4277);
#4277 = CARTESIAN_POINT('',(2.558091883655,-2.140713129266,12.25883));
#4278 = SURFACE_CURVE('',#4279,(#4284,#4291),.PCURVE_S1.);
#4279 = ELLIPSE('',#4280,0.418908613391,0.418143255844);
#4280 = AXIS2_PLACEMENT_3D('',#4281,#4282,#4283);
#4281 = CARTESIAN_POINT('',(2.559239064663,-2.559239064663,12.25883));
#4282 = DIRECTION('',(0.,0.,1.));
#4283 = DIRECTION('',(0.707106781187,-0.707106781187,0.));
#4284 = PCURVE('',#1851,#4285);
#4285 = DEFINITIONAL_REPRESENTATION('',(#4286),#4290);
#4286 = ELLIPSE('',#4287,0.418908613391,0.418143255844);
#4287 = AXIS2_PLACEMENT_2D('',#4288,#4289);
#4288 = CARTESIAN_POINT('',(2.559239064663,-2.559239064663));
#4289 = DIRECTION('',(0.707106781187,-0.707106781187));
#4290 = ( GEOMETRIC_REPRESENTATION_CONTEXT(2) 
PARAMETRIC_REPRESENTATION_CONTEXT() REPRESENTATION_CONTEXT('2D SPACE',''
  ) );
#4291 = PCURVE('',#2473,#4292);
#4292 = DEFINITIONAL_REPRESENTATION('',(#4293),#4310);
#4293 = B_SPLINE_CURVE_WITH_KNOTS('',8,(#4294,#4295,#4296,#4297,#4298,
    #4299,#4300,#4301,#4302,#4303,#4304,#4305,#4306,#4307,#4308,#4309),
  .UNSPECIFIED.,.F.,.F.,(9,7,9),(2.358021147124,5.499613800713,
    8.641206454303),.UNSPECIFIED.);
#4294 = CARTESIAN_POINT('',(0.,-1.509447273448));
#4295 = CARTESIAN_POINT('',(-0.393058656524,-1.516461171746));
#4296 = CARTESIAN_POINT('',(-0.786278426986,-1.520315233611));
#4297 = CARTESIAN_POINT('',(-1.179574520366,-1.519365476796));
#4298 = CARTESIAN_POINT('',(-1.572810479196,-1.512986175505));
#4299 = CARTESIAN_POINT('',(-1.965832897085,-1.502462851959));
#4300 = CARTESIAN_POINT('',(-2.358577734281,-1.49078278684));
#4301 = CARTESIAN_POINT('',(-2.751077760681,-1.48060894026));
#4302 = CARTESIAN_POINT('',(-3.53575677922,-1.466581143663));
#4303 = CARTESIAN_POINT('',(-3.927935765553,-1.462727081798));
#4304 = CARTESIAN_POINT('',(-4.320038993228,-1.463676838611));
#4305 = CARTESIAN_POINT('',(-4.712202283816,-1.470056139909));
#4306 = CARTESIAN_POINT('',(-5.104576933005,-1.480579463444));
#4307 = CARTESIAN_POINT('',(-5.497229102332,-1.492259528566));
#4308 = CARTESIAN_POINT('',(-5.890126650655,-1.50243337515));
#4309 = CARTESIAN_POINT('',(-6.28318530718,-1.509447273448));
#4310 = ( GEOMETRIC_REPRESENTATION_CONTEXT(2) 
PARAMETRIC_REPRESENTATION_CONTEXT() REPRESENTATION_CONTEXT('2D SPACE',''
  ) );
#4311 = ORIENTED_EDGE('',*,*,#4312,.F.);
#4312 = EDGE_CURVE('',#2531,#4276,#4313,.T.);
#4313 = SURFACE_CURVE('',#4314,(#4319,#4326),.PCURVE_S1.);
#4314 = ELLIPSE('',#4315,0.418908613391,0.418143255844);
#4315 = AXIS2_PLACEMENT_3D('',#4316,#4317,#4318);
#4316 = CARTESIAN_POINT('',(2.559239064663,-2.559239064663,12.25883));
#4317 = DIRECTION('',(0.,0.,1.));
#4318 = DIRECTION('',(0.707106781187,-0.707106781187,0.));
#4319 = PCURVE('',#1851,#4320);
#4320 = DEFINITIONAL_REPRESENTATION('',(#4321),#4325);
#4321 = ELLIPSE('',#4322,0.418908613391,0.418143255844);
#4322 = AXIS2_PLACEMENT_2D('',#4323,#4324);
#4323 = CARTESIAN_POINT('',(2.559239064663,-2.559239064663));
#4324 = DIRECTION('',(0.707106781187,-0.707106781187));
#4325 = ( GEOMETRIC_REPRESENTATION_CONTEXT(2) 
PARAMETRIC_REPRESENTATION_CONTEXT() REPRESENTATION_CONTEXT('2D SPACE',''
  ) );
#4326 = PCURVE('',#2473,#4327);
#4327 = DEFINITIONAL_REPRESENTATION('',(#4328),#4345);
#4328 = B_SPLINE_CURVE_WITH_KNOTS('',8,(#4329,#4330,#4331,#4332,#4333,
    #4334,#4335,#4336,#4337,#4338,#4339,#4340,#4341,#4342,#4343,#4344),
  .UNSPECIFIED.,.F.,.F.,(9,7,9),(2.358021147124,5.499613800713,
    8.641206454303),.UNSPECIFIED.);
#4329 = CARTESIAN_POINT('',(0.,-1.509447273448));
#4330 = CARTESIAN_POINT('',(-0.393058656524,-1.516461171746));
#4331 = CARTESIAN_POINT('',(-0.786278426986,-1.520315233611));
#4332 = CARTESIAN_POINT('',(-1.179574520366,-1.519365476796));
#4333 = CARTESIAN_POINT('',(-1.572810479196,-1.512986175505));
#4334 = CARTESIAN_POINT('',(-1.965832897085,-1.502462851959));
#4335 = CARTESIAN_POINT('',(-2.358577734281,-1.49078278684));
#4336 = CARTESIAN_POINT('',(-2.751077760681,-1.48060894026));
#4337 = CARTESIAN_POINT('',(-3.53575677922,-1.466581143663));
#4338 = CARTESIAN_POINT('',(-3.927935765553,-1.462727081798));
#4339 = CARTESIAN_POINT('',(-4.320038993228,-1.463676838611));
#4340 = CARTESIAN_POINT('',(-4.712202283816,-1.470056139909));
#4341 = CARTESIAN_POINT('',(-5.104576933005,-1.480579463444));
#4342 = CARTESIAN_POINT('',(-5.497229102332,-1.492259528566));
#4343 = CARTESIAN_POINT('',(-5.890126650655,-1.50243337515));
#4344 = CARTESIAN_POINT('',(-6.28318530718,-1.509447273448));
#4345 = ( GEOMETRIC_REPRESENTATION_CONTEXT(2) 
PARAMETRIC_REPRESENTATION_CONTEXT() REPRESENTATION_CONTEXT('2D SPACE',''
  ) );
#4346 = FACE_BOUND('',#4347,.T.);
#4347 = EDGE_LOOP('',(#4348));
#4348 = ORIENTED_EDGE('',*,*,#4349,.T.);
#4349 = EDGE_CURVE('',#4350,#4350,#4352,.T.);
#4350 = VERTEX_POINT('',#4351);
#4351 = CARTESIAN_POINT('',(3.03188,0.,12.25883));
#4352 = SURFACE_CURVE('',#4353,(#4358,#4369),.PCURVE_S1.);
#4353 = CIRCLE('',#4354,3.03188);
#4354 = AXIS2_PLACEMENT_3D('',#4355,#4356,#4357);
#4355 = CARTESIAN_POINT('',(0.,0.,12.25883));
#4356 = DIRECTION('',(0.,0.,-1.));
#4357 = DIRECTION('',(1.,0.,0.));
#4358 = PCURVE('',#1851,#4359);
#4359 = DEFINITIONAL_REPRESENTATION('',(#4360),#4368);
#4360 = ( BOUNDED_CURVE() B_SPLINE_CURVE(2,(#4361,#4362,#4363,#4364,
#4365,#4366,#4367),.UNSPECIFIED.,.T.,.F.) B_SPLINE_CURVE_WITH_KNOTS((1,2
    ,2,2,2,1),(-2.094395102393,0.,2.094395102393,4.188790204786,
6.28318530718,8.377580409573),.UNSPECIFIED.) CURVE() 
GEOMETRIC_REPRESENTATION_ITEM() RATIONAL_B_SPLINE_CURVE((1.,0.5,1.,0.5,
1.,0.5,1.)) REPRESENTATION_ITEM('') );
#4361 = CARTESIAN_POINT('',(3.03188,-3.553785842766E-16));
#4362 = CARTESIAN_POINT('',(3.03188,-5.251370202452));
#4363 = CARTESIAN_POINT('',(-1.51594,-2.625685101226));
#4364 = CARTESIAN_POINT('',(-6.06376,-1.097975011756E-15));
#4365 = CARTESIAN_POINT('',(-1.51594,2.625685101226));
#4366 = CARTESIAN_POINT('',(3.03188,5.251370202452));
#4367 = CARTESIAN_POINT('',(3.03188,-3.553785842766E-16));
#4368 = ( GEOMETRIC_REPRESENTATION_CONTEXT(2) 
PARAMETRIC_REPRESENTATION_CONTEXT() REPRESENTATION_CONTEXT('2D SPACE',''
  ) );
#4369 = PCURVE('',#4370,#4375);
#4370 = CYLINDRICAL_SURFACE('',#4371,3.03188);
#4371 = AXIS2_PLACEMENT_3D('',#4372,#4373,#4374);
#4372 = CARTESIAN_POINT('',(0.,0.,10.7));
#4373 = DIRECTION('',(-0.,-0.,-1.));
#4374 = DIRECTION('',(1.,0.,0.));
#4375 = DEFINITIONAL_REPRESENTATION('',(#4376),#4380);
#4376 = LINE('',#4377,#4378);
#4377 = CARTESIAN_POINT('',(-6.28318530718,-1.55883));
#4378 = VECTOR('',#4379,1.);
#4379 = DIRECTION('',(1.,-0.));
#4380 = ( GEOMETRIC_REPRESENTATION_CONTEXT(2) 
PARAMETRIC_REPRESENTATION_CONTEXT() REPRESENTATION_CONTEXT('2D SPACE',''
  ) );
#4381 = ADVANCED_FACE('',(#4382),#2473,.T.);
#4382 = FACE_BOUND('',#4383,.T.);
#4383 = EDGE_LOOP('',(#4384,#4407,#4434,#4435,#4436,#4437,#4459,#4460));
#4384 = ORIENTED_EDGE('',*,*,#4385,.T.);
#4385 = EDGE_CURVE('',#4276,#4386,#4388,.T.);
#4386 = VERTEX_POINT('',#4387);
#4387 = CARTESIAN_POINT('',(2.424577228807,-2.07389816516,
    15.381723524087));
#4388 = SEAM_CURVE('',#4389,(#4393,#4400),.PCURVE_S1.);
#4389 = LINE('',#4390,#4391);
#4390 = CARTESIAN_POINT('',(2.622567127539,-2.172978584402,
    10.750760928317));
#4391 = VECTOR('',#4392,1.);
#4392 = DIRECTION('',(-4.27047330183E-02,2.137080163261E-02,
    0.998859146534));
#4393 = PCURVE('',#2473,#4394);
#4394 = DEFINITIONAL_REPRESENTATION('',(#4395),#4399);
#4395 = LINE('',#4396,#4397);
#4396 = CARTESIAN_POINT('',(-6.28318530718,0.));
#4397 = VECTOR('',#4398,1.);
#4398 = DIRECTION('',(-0.,-1.));
#4399 = ( GEOMETRIC_REPRESENTATION_CONTEXT(2) 
PARAMETRIC_REPRESENTATION_CONTEXT() REPRESENTATION_CONTEXT('2D SPACE',''
  ) );
#4400 = PCURVE('',#2473,#4401);
#4401 = DEFINITIONAL_REPRESENTATION('',(#4402),#4406);
#4402 = LINE('',#4403,#4404);
#4403 = CARTESIAN_POINT('',(0.,-0.));
#4404 = VECTOR('',#4405,1.);
#4405 = DIRECTION('',(-0.,-1.));
#4406 = ( GEOMETRIC_REPRESENTATION_CONTEXT(2) 
PARAMETRIC_REPRESENTATION_CONTEXT() REPRESENTATION_CONTEXT('2D SPACE',''
  ) );
#4407 = ORIENTED_EDGE('',*,*,#4408,.F.);
#4408 = EDGE_CURVE('',#4386,#4386,#4409,.T.);
#4409 = SURFACE_CURVE('',#4410,(#4415,#4422),.PCURVE_S1.);
#4410 = CIRCLE('',#4411,0.351);
#4411 = AXIS2_PLACEMENT_3D('',#4412,#4413,#4414);
#4412 = CARTESIAN_POINT('',(2.424577228807,-2.424577228807,15.39673));
#4413 = DIRECTION('',(-4.27144723893E-02,4.271447238931E-02,
    0.998173806357));
#4414 = DIRECTION('',(0.,0.999085651417,-4.275349262848E-02));
#4415 = PCURVE('',#2473,#4416);
#4416 = DEFINITIONAL_REPRESENTATION('',(#4417),#4421);
#4417 = LINE('',#4418,#4419);
#4418 = CARTESIAN_POINT('',(-0.,-4.635194763211));
#4419 = VECTOR('',#4420,1.);
#4420 = DIRECTION('',(-1.,-0.));
#4421 = ( GEOMETRIC_REPRESENTATION_CONTEXT(2) 
PARAMETRIC_REPRESENTATION_CONTEXT() REPRESENTATION_CONTEXT('2D SPACE',''
  ) );
#4422 = PCURVE('',#4423,#4428);
#4423 = PLANE('',#4424);
#4424 = AXIS2_PLACEMENT_3D('',#4425,#4426,#4427);
#4425 = CARTESIAN_POINT('',(2.424577228807,-2.424577228807,15.39673));
#4426 = DIRECTION('',(-4.27144723893E-02,4.271447238931E-02,
    0.998173806357));
#4427 = DIRECTION('',(0.,0.999085651417,-4.275349262848E-02));
#4428 = DEFINITIONAL_REPRESENTATION('',(#4429),#4433);
#4429 = CIRCLE('',#4430,0.351);
#4430 = AXIS2_PLACEMENT_2D('',#4431,#4432);
#4431 = CARTESIAN_POINT('',(0.,0.));
#4432 = DIRECTION('',(1.,0.));
#4433 = ( GEOMETRIC_REPRESENTATION_CONTEXT(2) 
PARAMETRIC_REPRESENTATION_CONTEXT() REPRESENTATION_CONTEXT('2D SPACE',''
  ) );
#4434 = ORIENTED_EDGE('',*,*,#4385,.F.);
#4435 = ORIENTED_EDGE('',*,*,#4275,.T.);
#4436 = ORIENTED_EDGE('',*,*,#2431,.F.);
#4437 = ORIENTED_EDGE('',*,*,#4438,.T.);
#4438 = EDGE_CURVE('',#2432,#2499,#4439,.T.);
#4439 = SURFACE_CURVE('',#4440,(#4445,#4452),.PCURVE_S1.);
#4440 = CIRCLE('',#4441,0.45);
#4441 = AXIS2_PLACEMENT_3D('',#4442,#4443,#4444);
#4442 = CARTESIAN_POINT('',(2.622567127539,-2.622567127539,10.77));
#4443 = DIRECTION('',(-4.27144723893E-02,4.271447238931E-02,
    0.998173806357));
#4444 = DIRECTION('',(0.,0.999085651417,-4.275349262848E-02));
#4445 = PCURVE('',#2473,#4446);
#4446 = DEFINITIONAL_REPRESENTATION('',(#4447),#4451);
#4447 = LINE('',#4448,#4449);
#4448 = CARTESIAN_POINT('',(-0.,-0.));
#4449 = VECTOR('',#4450,1.);
#4450 = DIRECTION('',(-1.,-0.));
#4451 = ( GEOMETRIC_REPRESENTATION_CONTEXT(2) 
PARAMETRIC_REPRESENTATION_CONTEXT() REPRESENTATION_CONTEXT('2D SPACE',''
  ) );
#4452 = PCURVE('',#2518,#4453);
#4453 = DEFINITIONAL_REPRESENTATION('',(#4454),#4458);
#4454 = CIRCLE('',#4455,0.45);
#4455 = AXIS2_PLACEMENT_2D('',#4456,#4457);
#4456 = CARTESIAN_POINT('',(0.,0.));
#4457 = DIRECTION('',(1.,0.));
#4458 = ( GEOMETRIC_REPRESENTATION_CONTEXT(2) 
PARAMETRIC_REPRESENTATION_CONTEXT() REPRESENTATION_CONTEXT('2D SPACE',''
  ) );
#4459 = ORIENTED_EDGE('',*,*,#2530,.F.);
#4460 = ORIENTED_EDGE('',*,*,#4312,.T.);
#4461 = ADVANCED_FACE('',(#4462),#2518,.F.);
#4462 = FACE_BOUND('',#4463,.F.);
#4463 = EDGE_LOOP('',(#4464,#4465));
#4464 = ORIENTED_EDGE('',*,*,#2498,.F.);
#4465 = ORIENTED_EDGE('',*,*,#4438,.T.);
#4466 = ADVANCED_FACE('',(#4467),#2288,.T.);
#4467 = FACE_BOUND('',#4468,.T.);
#4468 = EDGE_LOOP('',(#4469,#4492,#4519,#4520,#4521,#4522,#4544,#4545));
#4469 = ORIENTED_EDGE('',*,*,#4470,.T.);
#4470 = EDGE_CURVE('',#4203,#4471,#4473,.T.);
#4471 = VERTEX_POINT('',#4472);
#4472 = CARTESIAN_POINT('',(-2.07389816516,-2.424577228807,
    15.381723524087));
#4473 = SEAM_CURVE('',#4474,(#4478,#4485),.PCURVE_S1.);
#4474 = LINE('',#4475,#4476);
#4475 = CARTESIAN_POINT('',(-2.172978584402,-2.622567127539,
    10.750760928317));
#4476 = VECTOR('',#4477,1.);
#4477 = DIRECTION('',(2.137080163261E-02,4.27047330183E-02,
    0.998859146534));
#4478 = PCURVE('',#2288,#4479);
#4479 = DEFINITIONAL_REPRESENTATION('',(#4480),#4484);
#4480 = LINE('',#4481,#4482);
#4481 = CARTESIAN_POINT('',(-6.28318530718,0.));
#4482 = VECTOR('',#4483,1.);
#4483 = DIRECTION('',(-0.,-1.));
#4484 = ( GEOMETRIC_REPRESENTATION_CONTEXT(2) 
PARAMETRIC_REPRESENTATION_CONTEXT() REPRESENTATION_CONTEXT('2D SPACE',''
  ) );
#4485 = PCURVE('',#2288,#4486);
#4486 = DEFINITIONAL_REPRESENTATION('',(#4487),#4491);
#4487 = LINE('',#4488,#4489);
#4488 = CARTESIAN_POINT('',(0.,-0.));
#4489 = VECTOR('',#4490,1.);
#4490 = DIRECTION('',(-0.,-1.));
#4491 = ( GEOMETRIC_REPRESENTATION_CONTEXT(2) 
PARAMETRIC_REPRESENTATION_CONTEXT() REPRESENTATION_CONTEXT('2D SPACE',''
  ) );
#4492 = ORIENTED_EDGE('',*,*,#4493,.F.);
#4493 = EDGE_CURVE('',#4471,#4471,#4494,.T.);
#4494 = SURFACE_CURVE('',#4495,(#4500,#4507),.PCURVE_S1.);
#4495 = CIRCLE('',#4496,0.351);
#4496 = AXIS2_PLACEMENT_3D('',#4497,#4498,#4499);
#4497 = CARTESIAN_POINT('',(-2.424577228807,-2.424577228807,15.39673));
#4498 = DIRECTION('',(4.271447238931E-02,4.27144723893E-02,
    0.998173806357));
#4499 = DIRECTION('',(0.999085651417,0.,-4.275349262848E-02));
#4500 = PCURVE('',#2288,#4501);
#4501 = DEFINITIONAL_REPRESENTATION('',(#4502),#4506);
#4502 = LINE('',#4503,#4504);
#4503 = CARTESIAN_POINT('',(-0.,-4.635194763211));
#4504 = VECTOR('',#4505,1.);
#4505 = DIRECTION('',(-1.,-0.));
#4506 = ( GEOMETRIC_REPRESENTATION_CONTEXT(2) 
PARAMETRIC_REPRESENTATION_CONTEXT() REPRESENTATION_CONTEXT('2D SPACE',''
  ) );
#4507 = PCURVE('',#4508,#4513);
#4508 = PLANE('',#4509);
#4509 = AXIS2_PLACEMENT_3D('',#4510,#4511,#4512);
#4510 = CARTESIAN_POINT('',(-2.424577228807,-2.424577228807,15.39673));
#4511 = DIRECTION('',(4.271447238931E-02,4.27144723893E-02,
    0.998173806357));
#4512 = DIRECTION('',(0.999085651417,0.,-4.275349262848E-02));
#4513 = DEFINITIONAL_REPRESENTATION('',(#4514),#4518);
#4514 = CIRCLE('',#4515,0.351);
#4515 = AXIS2_PLACEMENT_2D('',#4516,#4517);
#4516 = CARTESIAN_POINT('',(0.,0.));
#4517 = DIRECTION('',(1.,0.));
#4518 = ( GEOMETRIC_REPRESENTATION_CONTEXT(2) 
PARAMETRIC_REPRESENTATION_CONTEXT() REPRESENTATION_CONTEXT('2D SPACE',''
  ) );
#4519 = ORIENTED_EDGE('',*,*,#4470,.F.);
#4520 = ORIENTED_EDGE('',*,*,#4202,.T.);
#4521 = ORIENTED_EDGE('',*,*,#2246,.F.);
#4522 = ORIENTED_EDGE('',*,*,#4523,.T.);
#4523 = EDGE_CURVE('',#2247,#2314,#4524,.T.);
#4524 = SURFACE_CURVE('',#4525,(#4530,#4537),.PCURVE_S1.);
#4525 = CIRCLE('',#4526,0.45);
#4526 = AXIS2_PLACEMENT_3D('',#4527,#4528,#4529);
#4527 = CARTESIAN_POINT('',(-2.622567127539,-2.622567127539,10.77));
#4528 = DIRECTION('',(4.271447238931E-02,4.27144723893E-02,
    0.998173806357));
#4529 = DIRECTION('',(0.999085651417,0.,-4.275349262848E-02));
#4530 = PCURVE('',#2288,#4531);
#4531 = DEFINITIONAL_REPRESENTATION('',(#4532),#4536);
#4532 = LINE('',#4533,#4534);
#4533 = CARTESIAN_POINT('',(-0.,-0.));
#4534 = VECTOR('',#4535,1.);
#4535 = DIRECTION('',(-1.,-0.));
#4536 = ( GEOMETRIC_REPRESENTATION_CONTEXT(2) 
PARAMETRIC_REPRESENTATION_CONTEXT() REPRESENTATION_CONTEXT('2D SPACE',''
  ) );
#4537 = PCURVE('',#2333,#4538);
#4538 = DEFINITIONAL_REPRESENTATION('',(#4539),#4543);
#4539 = CIRCLE('',#4540,0.45);
#4540 = AXIS2_PLACEMENT_2D('',#4541,#4542);
#4541 = CARTESIAN_POINT('',(0.,0.));
#4542 = DIRECTION('',(1.,0.));
#4543 = ( GEOMETRIC_REPRESENTATION_CONTEXT(2) 
PARAMETRIC_REPRESENTATION_CONTEXT() REPRESENTATION_CONTEXT('2D SPACE',''
  ) );
#4544 = ORIENTED_EDGE('',*,*,#2345,.F.);
#4545 = ORIENTED_EDGE('',*,*,#4239,.T.);
#4546 = ADVANCED_FACE('',(#4547),#2333,.F.);
#4547 = FACE_BOUND('',#4548,.F.);
#4548 = EDGE_LOOP('',(#4549,#4550));
#4549 = ORIENTED_EDGE('',*,*,#2313,.F.);
#4550 = ORIENTED_EDGE('',*,*,#4523,.T.);
#4551 = ADVANCED_FACE('',(#4552),#2103,.T.);
#4552 = FACE_BOUND('',#4553,.T.);
#4553 = EDGE_LOOP('',(#4554,#4577,#4604,#4605,#4606,#4607,#4629,#4630));
#4554 = ORIENTED_EDGE('',*,*,#4555,.T.);
#4555 = EDGE_CURVE('',#4130,#4556,#4558,.T.);
#4556 = VERTEX_POINT('',#4557);
#4557 = CARTESIAN_POINT('',(-2.07389816516,2.424577228807,
    15.381723524087));
#4558 = SEAM_CURVE('',#4559,(#4563,#4570),.PCURVE_S1.);
#4559 = LINE('',#4560,#4561);
#4560 = CARTESIAN_POINT('',(-2.172978584402,2.622567127539,
    10.750760928317));
#4561 = VECTOR('',#4562,1.);
#4562 = DIRECTION('',(2.137080163261E-02,-4.27047330183E-02,
    0.998859146534));
#4563 = PCURVE('',#2103,#4564);
#4564 = DEFINITIONAL_REPRESENTATION('',(#4565),#4569);
#4565 = LINE('',#4566,#4567);
#4566 = CARTESIAN_POINT('',(-6.28318530718,0.));
#4567 = VECTOR('',#4568,1.);
#4568 = DIRECTION('',(-0.,-1.));
#4569 = ( GEOMETRIC_REPRESENTATION_CONTEXT(2) 
PARAMETRIC_REPRESENTATION_CONTEXT() REPRESENTATION_CONTEXT('2D SPACE',''
  ) );
#4570 = PCURVE('',#2103,#4571);
#4571 = DEFINITIONAL_REPRESENTATION('',(#4572),#4576);
#4572 = LINE('',#4573,#4574);
#4573 = CARTESIAN_POINT('',(0.,-0.));
#4574 = VECTOR('',#4575,1.);
#4575 = DIRECTION('',(-0.,-1.));
#4576 = ( GEOMETRIC_REPRESENTATION_CONTEXT(2) 
PARAMETRIC_REPRESENTATION_CONTEXT() REPRESENTATION_CONTEXT('2D SPACE',''
  ) );
#4577 = ORIENTED_EDGE('',*,*,#4578,.F.);
#4578 = EDGE_CURVE('',#4556,#4556,#4579,.T.);
#4579 = SURFACE_CURVE('',#4580,(#4585,#4592),.PCURVE_S1.);
#4580 = CIRCLE('',#4581,0.351);
#4581 = AXIS2_PLACEMENT_3D('',#4582,#4583,#4584);
#4582 = CARTESIAN_POINT('',(-2.424577228807,2.424577228807,15.39673));
#4583 = DIRECTION('',(4.27144723893E-02,-4.27144723893E-02,
    0.998173806357));
#4584 = DIRECTION('',(0.999085651417,2.168404344971E-19,
    -4.275349262848E-02));
#4585 = PCURVE('',#2103,#4586);
#4586 = DEFINITIONAL_REPRESENTATION('',(#4587),#4591);
#4587 = LINE('',#4588,#4589);
#4588 = CARTESIAN_POINT('',(-0.,-4.635194763211));
#4589 = VECTOR('',#4590,1.);
#4590 = DIRECTION('',(-1.,-0.));
#4591 = ( GEOMETRIC_REPRESENTATION_CONTEXT(2) 
PARAMETRIC_REPRESENTATION_CONTEXT() REPRESENTATION_CONTEXT('2D SPACE',''
  ) );
#4592 = PCURVE('',#4593,#4598);
#4593 = PLANE('',#4594);
#4594 = AXIS2_PLACEMENT_3D('',#4595,#4596,#4597);
#4595 = CARTESIAN_POINT('',(-2.424577228807,2.424577228807,15.39673));
#4596 = DIRECTION('',(4.27144723893E-02,-4.27144723893E-02,
    0.998173806357));
#4597 = DIRECTION('',(0.999085651417,2.168404344971E-19,
    -4.275349262848E-02));
#4598 = DEFINITIONAL_REPRESENTATION('',(#4599),#4603);
#4599 = CIRCLE('',#4600,0.351);
#4600 = AXIS2_PLACEMENT_2D('',#4601,#4602);
#4601 = CARTESIAN_POINT('',(0.,0.));
#4602 = DIRECTION('',(1.,0.));
#4603 = ( GEOMETRIC_REPRESENTATION_CONTEXT(2) 
PARAMETRIC_REPRESENTATION_CONTEXT() REPRESENTATION_CONTEXT('2D SPACE',''
  ) );
#4604 = ORIENTED_EDGE('',*,*,#4555,.F.);
#4605 = ORIENTED_EDGE('',*,*,#4129,.T.);
#4606 = ORIENTED_EDGE('',*,*,#2061,.F.);
#4607 = ORIENTED_EDGE('',*,*,#4608,.T.);
#4608 = EDGE_CURVE('',#2062,#2129,#4609,.T.);
#4609 = SURFACE_CURVE('',#4610,(#4615,#4622),.PCURVE_S1.);
#4610 = CIRCLE('',#4611,0.45);
#4611 = AXIS2_PLACEMENT_3D('',#4612,#4613,#4614);
#4612 = CARTESIAN_POINT('',(-2.622567127539,2.622567127539,10.77));
#4613 = DIRECTION('',(4.27144723893E-02,-4.27144723893E-02,
    0.998173806357));
#4614 = DIRECTION('',(0.999085651417,2.168404344971E-19,
    -4.275349262848E-02));
#4615 = PCURVE('',#2103,#4616);
#4616 = DEFINITIONAL_REPRESENTATION('',(#4617),#4621);
#4617 = LINE('',#4618,#4619);
#4618 = CARTESIAN_POINT('',(-0.,-0.));
#4619 = VECTOR('',#4620,1.);
#4620 = DIRECTION('',(-1.,-0.));
#4621 = ( GEOMETRIC_REPRESENTATION_CONTEXT(2) 
PARAMETRIC_REPRESENTATION_CONTEXT() REPRESENTATION_CONTEXT('2D SPACE',''
  ) );
#4622 = PCURVE('',#2148,#4623);
#4623 = DEFINITIONAL_REPRESENTATION('',(#4624),#4628);
#4624 = CIRCLE('',#4625,0.45);
#4625 = AXIS2_PLACEMENT_2D('',#4626,#4627);
#4626 = CARTESIAN_POINT('',(0.,0.));
#4627 = DIRECTION('',(1.,0.));
#4628 = ( GEOMETRIC_REPRESENTATION_CONTEXT(2) 
PARAMETRIC_REPRESENTATION_CONTEXT() REPRESENTATION_CONTEXT('2D SPACE',''
  ) );
#4629 = ORIENTED_EDGE('',*,*,#2160,.F.);
#4630 = ORIENTED_EDGE('',*,*,#4166,.T.);
#4631 = ADVANCED_FACE('',(#4632),#2148,.F.);
#4632 = FACE_BOUND('',#4633,.F.);
#4633 = EDGE_LOOP('',(#4634,#4635));
#4634 = ORIENTED_EDGE('',*,*,#2128,.F.);
#4635 = ORIENTED_EDGE('',*,*,#4608,.T.);
#4636 = ADVANCED_FACE('',(#4637),#1887,.T.);
#4637 = FACE_BOUND('',#4638,.T.);
#4638 = EDGE_LOOP('',(#4639,#4640,#4641,#4664,#4686,#4687,#4688,#4711,
    #4738));
#4639 = ORIENTED_EDGE('',*,*,#4056,.T.);
#4640 = ORIENTED_EDGE('',*,*,#1863,.F.);
#4641 = ORIENTED_EDGE('',*,*,#4642,.F.);
#4642 = EDGE_CURVE('',#4643,#1864,#4645,.T.);
#4643 = VERTEX_POINT('',#4644);
#4644 = CARTESIAN_POINT('',(3.072155670677,2.622567127539,
    10.789239071683));
#4645 = SURFACE_CURVE('',#4646,(#4650,#4657),.PCURVE_S1.);
#4646 = LINE('',#4647,#4648);
#4647 = CARTESIAN_POINT('',(3.072155670677,2.622567127539,
    10.789239071683));
#4648 = VECTOR('',#4649,1.);
#4649 = DIRECTION('',(-6.403866440399E-02,-4.27047330183E-02,
    0.997033276897));
#4650 = PCURVE('',#1887,#4651);
#4651 = DEFINITIONAL_REPRESENTATION('',(#4652),#4656);
#4652 = LINE('',#4653,#4654);
#4653 = CARTESIAN_POINT('',(0.,-0.));
#4654 = VECTOR('',#4655,1.);
#4655 = DIRECTION('',(-0.,-1.));
#4656 = ( GEOMETRIC_REPRESENTATION_CONTEXT(2) 
PARAMETRIC_REPRESENTATION_CONTEXT() REPRESENTATION_CONTEXT('2D SPACE',''
  ) );
#4657 = PCURVE('',#1927,#4658);
#4658 = DEFINITIONAL_REPRESENTATION('',(#4659),#4663);
#4659 = LINE('',#4660,#4661);
#4660 = CARTESIAN_POINT('',(-6.28318530718,0.));
#4661 = VECTOR('',#4662,1.);
#4662 = DIRECTION('',(-0.,-1.));
#4663 = ( GEOMETRIC_REPRESENTATION_CONTEXT(2) 
PARAMETRIC_REPRESENTATION_CONTEXT() REPRESENTATION_CONTEXT('2D SPACE',''
  ) );
#4664 = ORIENTED_EDGE('',*,*,#4665,.T.);
#4665 = EDGE_CURVE('',#4643,#1944,#4666,.T.);
#4666 = SURFACE_CURVE('',#4667,(#4672,#4679),.PCURVE_S1.);
#4667 = CIRCLE('',#4668,0.45);
#4668 = AXIS2_PLACEMENT_3D('',#4669,#4670,#4671);
#4669 = CARTESIAN_POINT('',(2.622567127539,2.622567127539,10.77));
#4670 = DIRECTION('',(-4.27144723893E-02,-4.27144723893E-02,
    0.998173806357));
#4671 = DIRECTION('',(0.999085651417,-2.168404344971E-19,
    4.275349262848E-02));
#4672 = PCURVE('',#1887,#4673);
#4673 = DEFINITIONAL_REPRESENTATION('',(#4674),#4678);
#4674 = LINE('',#4675,#4676);
#4675 = CARTESIAN_POINT('',(-0.,-0.));
#4676 = VECTOR('',#4677,1.);
#4677 = DIRECTION('',(-1.,-0.));
#4678 = ( GEOMETRIC_REPRESENTATION_CONTEXT(2) 
PARAMETRIC_REPRESENTATION_CONTEXT() REPRESENTATION_CONTEXT('2D SPACE',''
  ) );
#4679 = PCURVE('',#1963,#4680);
#4680 = DEFINITIONAL_REPRESENTATION('',(#4681),#4685);
#4681 = CIRCLE('',#4682,0.45);
#4682 = AXIS2_PLACEMENT_2D('',#4683,#4684);
#4683 = CARTESIAN_POINT('',(0.,0.));
#4684 = DIRECTION('',(1.,0.));
#4685 = ( GEOMETRIC_REPRESENTATION_CONTEXT(2) 
PARAMETRIC_REPRESENTATION_CONTEXT() REPRESENTATION_CONTEXT('2D SPACE',''
  ) );
#4686 = ORIENTED_EDGE('',*,*,#1975,.F.);
#4687 = ORIENTED_EDGE('',*,*,#4093,.T.);
#4688 = ORIENTED_EDGE('',*,*,#4689,.T.);
#4689 = EDGE_CURVE('',#4057,#4690,#4692,.T.);
#4690 = VERTEX_POINT('',#4691);
#4691 = CARTESIAN_POINT('',(2.775256292455,2.424577228807,
    15.411736475913));
#4692 = SEAM_CURVE('',#4693,(#4697,#4704),.PCURVE_S1.);
#4693 = LINE('',#4694,#4695);
#4694 = CARTESIAN_POINT('',(3.072155670677,2.622567127539,
    10.789239071683));
#4695 = VECTOR('',#4696,1.);
#4696 = DIRECTION('',(-6.403866440399E-02,-4.27047330183E-02,
    0.997033276897));
#4697 = PCURVE('',#1887,#4698);
#4698 = DEFINITIONAL_REPRESENTATION('',(#4699),#4703);
#4699 = LINE('',#4700,#4701);
#4700 = CARTESIAN_POINT('',(-6.28318530718,0.));
#4701 = VECTOR('',#4702,1.);
#4702 = DIRECTION('',(-0.,-1.));
#4703 = ( GEOMETRIC_REPRESENTATION_CONTEXT(2) 
PARAMETRIC_REPRESENTATION_CONTEXT() REPRESENTATION_CONTEXT('2D SPACE',''
  ) );
#4704 = PCURVE('',#1887,#4705);
#4705 = DEFINITIONAL_REPRESENTATION('',(#4706),#4710);
#4706 = LINE('',#4707,#4708);
#4707 = CARTESIAN_POINT('',(0.,-0.));
#4708 = VECTOR('',#4709,1.);
#4709 = DIRECTION('',(-0.,-1.));
#4710 = ( GEOMETRIC_REPRESENTATION_CONTEXT(2) 
PARAMETRIC_REPRESENTATION_CONTEXT() REPRESENTATION_CONTEXT('2D SPACE',''
  ) );
#4711 = ORIENTED_EDGE('',*,*,#4712,.F.);
#4712 = EDGE_CURVE('',#4690,#4690,#4713,.T.);
#4713 = SURFACE_CURVE('',#4714,(#4719,#4726),.PCURVE_S1.);
#4714 = CIRCLE('',#4715,0.351);
#4715 = AXIS2_PLACEMENT_3D('',#4716,#4717,#4718);
#4716 = CARTESIAN_POINT('',(2.424577228807,2.424577228807,15.39673));
#4717 = DIRECTION('',(-4.27144723893E-02,-4.27144723893E-02,
    0.998173806357));
#4718 = DIRECTION('',(0.999085651417,-2.168404344971E-19,
    4.275349262848E-02));
#4719 = PCURVE('',#1887,#4720);
#4720 = DEFINITIONAL_REPRESENTATION('',(#4721),#4725);
#4721 = LINE('',#4722,#4723);
#4722 = CARTESIAN_POINT('',(-0.,-4.635194763211));
#4723 = VECTOR('',#4724,1.);
#4724 = DIRECTION('',(-1.,-0.));
#4725 = ( GEOMETRIC_REPRESENTATION_CONTEXT(2) 
PARAMETRIC_REPRESENTATION_CONTEXT() REPRESENTATION_CONTEXT('2D SPACE',''
  ) );
#4726 = PCURVE('',#4727,#4732);
#4727 = PLANE('',#4728);
#4728 = AXIS2_PLACEMENT_3D('',#4729,#4730,#4731);
#4729 = CARTESIAN_POINT('',(2.424577228807,2.424577228807,15.39673));
#4730 = DIRECTION('',(-4.27144723893E-02,-4.27144723893E-02,
    0.998173806357));
#4731 = DIRECTION('',(0.999085651417,-2.168404344971E-19,
    4.275349262848E-02));
#4732 = DEFINITIONAL_REPRESENTATION('',(#4733),#4737);
#4733 = CIRCLE('',#4734,0.351);
#4734 = AXIS2_PLACEMENT_2D('',#4735,#4736);
#4735 = CARTESIAN_POINT('',(0.,0.));
#4736 = DIRECTION('',(1.,0.));
#4737 = ( GEOMETRIC_REPRESENTATION_CONTEXT(2) 
PARAMETRIC_REPRESENTATION_CONTEXT() REPRESENTATION_CONTEXT('2D SPACE',''
  ) );
#4738 = ORIENTED_EDGE('',*,*,#4689,.F.);
#4739 = ADVANCED_FACE('',(#4740),#1963,.F.);
#4740 = FACE_BOUND('',#4741,.F.);
#4741 = EDGE_LOOP('',(#4742,#4764,#4765));
#4742 = ORIENTED_EDGE('',*,*,#4743,.T.);
#4743 = EDGE_CURVE('',#1904,#4643,#4744,.T.);
#4744 = SURFACE_CURVE('',#4745,(#4750,#4757),.PCURVE_S1.);
#4745 = CIRCLE('',#4746,0.45);
#4746 = AXIS2_PLACEMENT_3D('',#4747,#4748,#4749);
#4747 = CARTESIAN_POINT('',(2.622567127539,2.622567127539,10.77));
#4748 = DIRECTION('',(-4.27144723893E-02,-4.27144723893E-02,
    0.998173806357));
#4749 = DIRECTION('',(0.999085651417,-2.168404344971E-19,
    4.275349262848E-02));
#4750 = PCURVE('',#1963,#4751);
#4751 = DEFINITIONAL_REPRESENTATION('',(#4752),#4756);
#4752 = CIRCLE('',#4753,0.45);
#4753 = AXIS2_PLACEMENT_2D('',#4754,#4755);
#4754 = CARTESIAN_POINT('',(0.,0.));
#4755 = DIRECTION('',(1.,0.));
#4756 = ( GEOMETRIC_REPRESENTATION_CONTEXT(2) 
PARAMETRIC_REPRESENTATION_CONTEXT() REPRESENTATION_CONTEXT('2D SPACE',''
  ) );
#4757 = PCURVE('',#1927,#4758);
#4758 = DEFINITIONAL_REPRESENTATION('',(#4759),#4763);
#4759 = LINE('',#4760,#4761);
#4760 = CARTESIAN_POINT('',(-0.,-0.));
#4761 = VECTOR('',#4762,1.);
#4762 = DIRECTION('',(-1.,-0.));
#4763 = ( GEOMETRIC_REPRESENTATION_CONTEXT(2) 
PARAMETRIC_REPRESENTATION_CONTEXT() REPRESENTATION_CONTEXT('2D SPACE',''
  ) );
#4764 = ORIENTED_EDGE('',*,*,#4665,.T.);
#4765 = ORIENTED_EDGE('',*,*,#1943,.F.);
#4766 = ADVANCED_FACE('',(#4767),#1927,.T.);
#4767 = FACE_BOUND('',#4768,.T.);
#4768 = EDGE_LOOP('',(#4769,#4770,#4771));
#4769 = ORIENTED_EDGE('',*,*,#1903,.F.);
#4770 = ORIENTED_EDGE('',*,*,#4743,.T.);
#4771 = ORIENTED_EDGE('',*,*,#4642,.T.);
#4772 = ADVANCED_FACE('',(#4773),#1759,.T.);
#4773 = FACE_BOUND('',#4774,.T.);
#4774 = EDGE_LOOP('',(#4775,#4776));
#4775 = ORIENTED_EDGE('',*,*,#1738,.F.);
#4776 = ORIENTED_EDGE('',*,*,#4027,.T.);
#4777 = ADVANCED_FACE('',(#4778),#2663,.T.);
#4778 = FACE_BOUND('',#4779,.T.);
#4779 = EDGE_LOOP('',(#4780,#4781,#4782,#4783,#4784));
#4780 = ORIENTED_EDGE('',*,*,#3649,.F.);
#4781 = ORIENTED_EDGE('',*,*,#3956,.T.);
#4782 = ORIENTED_EDGE('',*,*,#2648,.T.);
#4783 = ORIENTED_EDGE('',*,*,#4003,.T.);
#4784 = ORIENTED_EDGE('',*,*,#3184,.F.);
#4785 = ADVANCED_FACE('',(#4786),#2745,.F.);
#4786 = FACE_BOUND('',#4787,.T.);
#4787 = EDGE_LOOP('',(#4788,#4811,#4812,#4813));
#4788 = ORIENTED_EDGE('',*,*,#4789,.F.);
#4789 = EDGE_CURVE('',#2725,#4790,#4792,.T.);
#4790 = VERTEX_POINT('',#4791);
#4791 = CARTESIAN_POINT('',(2.87188,0.,10.7));
#4792 = SEAM_CURVE('',#4793,(#4797,#4804),.PCURVE_S1.);
#4793 = LINE('',#4794,#4795);
#4794 = CARTESIAN_POINT('',(2.87188,0.,10.4));
#4795 = VECTOR('',#4796,1.);
#4796 = DIRECTION('',(0.,0.,1.));
#4797 = PCURVE('',#2745,#4798);
#4798 = DEFINITIONAL_REPRESENTATION('',(#4799),#4803);
#4799 = LINE('',#4800,#4801);
#4800 = CARTESIAN_POINT('',(-6.28318530718,0.));
#4801 = VECTOR('',#4802,1.);
#4802 = DIRECTION('',(-0.,-1.));
#4803 = ( GEOMETRIC_REPRESENTATION_CONTEXT(2) 
PARAMETRIC_REPRESENTATION_CONTEXT() REPRESENTATION_CONTEXT('2D SPACE',''
  ) );
#4804 = PCURVE('',#2745,#4805);
#4805 = DEFINITIONAL_REPRESENTATION('',(#4806),#4810);
#4806 = LINE('',#4807,#4808);
#4807 = CARTESIAN_POINT('',(-0.,0.));
#4808 = VECTOR('',#4809,1.);
#4809 = DIRECTION('',(-0.,-1.));
#4810 = ( GEOMETRIC_REPRESENTATION_CONTEXT(2) 
PARAMETRIC_REPRESENTATION_CONTEXT() REPRESENTATION_CONTEXT('2D SPACE',''
  ) );
#4811 = ORIENTED_EDGE('',*,*,#2724,.T.);
#4812 = ORIENTED_EDGE('',*,*,#4789,.T.);
#4813 = ORIENTED_EDGE('',*,*,#4814,.F.);
#4814 = EDGE_CURVE('',#4790,#4790,#4815,.T.);
#4815 = SURFACE_CURVE('',#4816,(#4821,#4828),.PCURVE_S1.);
#4816 = CIRCLE('',#4817,2.87188);
#4817 = AXIS2_PLACEMENT_3D('',#4818,#4819,#4820);
#4818 = CARTESIAN_POINT('',(0.,0.,10.7));
#4819 = DIRECTION('',(0.,0.,-1.));
#4820 = DIRECTION('',(1.,0.,0.));
#4821 = PCURVE('',#2745,#4822);
#4822 = DEFINITIONAL_REPRESENTATION('',(#4823),#4827);
#4823 = LINE('',#4824,#4825);
#4824 = CARTESIAN_POINT('',(-6.28318530718,-0.3));
#4825 = VECTOR('',#4826,1.);
#4826 = DIRECTION('',(1.,-0.));
#4827 = ( GEOMETRIC_REPRESENTATION_CONTEXT(2) 
PARAMETRIC_REPRESENTATION_CONTEXT() REPRESENTATION_CONTEXT('2D SPACE',''
  ) );
#4828 = PCURVE('',#4829,#4834);
#4829 = PLANE('',#4830);
#4830 = AXIS2_PLACEMENT_3D('',#4831,#4832,#4833);
#4831 = CARTESIAN_POINT('',(0.,3.272544614062E-16,10.7));
#4832 = DIRECTION('',(0.,0.,1.));
#4833 = DIRECTION('',(1.,0.,-0.));
#4834 = DEFINITIONAL_REPRESENTATION('',(#4835),#4843);
#4835 = ( BOUNDED_CURVE() B_SPLINE_CURVE(2,(#4836,#4837,#4838,#4839,
#4840,#4841,#4842),.UNSPECIFIED.,.T.,.F.) B_SPLINE_CURVE_WITH_KNOTS((1,2
    ,2,2,2,1),(-2.094395102393,0.,2.094395102393,4.188790204786,
6.28318530718,8.377580409573),.UNSPECIFIED.) CURVE() 
GEOMETRIC_REPRESENTATION_ITEM() RATIONAL_B_SPLINE_CURVE((1.,0.5,1.,0.5,
1.,0.5,1.)) REPRESENTATION_ITEM('') );
#4836 = CARTESIAN_POINT('',(2.87188,-3.272544614062E-16));
#4837 = CARTESIAN_POINT('',(2.87188,-4.974242073241));
#4838 = CARTESIAN_POINT('',(-1.43594,-2.48712103662));
#4839 = CARTESIAN_POINT('',(-5.74376,-1.030662191313E-15));
#4840 = CARTESIAN_POINT('',(-1.43594,2.48712103662));
#4841 = CARTESIAN_POINT('',(2.87188,4.974242073241));
#4842 = CARTESIAN_POINT('',(2.87188,-3.272544614062E-16));
#4843 = ( GEOMETRIC_REPRESENTATION_CONTEXT(2) 
PARAMETRIC_REPRESENTATION_CONTEXT() REPRESENTATION_CONTEXT('2D SPACE',''
  ) );
#4844 = ADVANCED_FACE('',(#4845),#3072,.T.);
#4845 = FACE_BOUND('',#4846,.T.);
#4846 = EDGE_LOOP('',(#4847,#4848));
#4847 = ORIENTED_EDGE('',*,*,#2904,.F.);
#4848 = ORIENTED_EDGE('',*,*,#3704,.F.);
#4849 = ADVANCED_FACE('',(#4850),#4370,.F.);
#4850 = FACE_BOUND('',#4851,.T.);
#4851 = EDGE_LOOP('',(#4852,#4876,#4897,#4898));
#4852 = ORIENTED_EDGE('',*,*,#4853,.F.);
#4853 = EDGE_CURVE('',#4854,#4854,#4856,.T.);
#4854 = VERTEX_POINT('',#4855);
#4855 = CARTESIAN_POINT('',(3.03188,0.,10.7));
#4856 = SURFACE_CURVE('',#4857,(#4862,#4869),.PCURVE_S1.);
#4857 = CIRCLE('',#4858,3.03188);
#4858 = AXIS2_PLACEMENT_3D('',#4859,#4860,#4861);
#4859 = CARTESIAN_POINT('',(0.,0.,10.7));
#4860 = DIRECTION('',(0.,0.,1.));
#4861 = DIRECTION('',(1.,0.,0.));
#4862 = PCURVE('',#4370,#4863);
#4863 = DEFINITIONAL_REPRESENTATION('',(#4864),#4868);
#4864 = LINE('',#4865,#4866);
#4865 = CARTESIAN_POINT('',(-0.,0.));
#4866 = VECTOR('',#4867,1.);
#4867 = DIRECTION('',(-1.,0.));
#4868 = ( GEOMETRIC_REPRESENTATION_CONTEXT(2) 
PARAMETRIC_REPRESENTATION_CONTEXT() REPRESENTATION_CONTEXT('2D SPACE',''
  ) );
#4869 = PCURVE('',#4829,#4870);
#4870 = DEFINITIONAL_REPRESENTATION('',(#4871),#4875);
#4871 = CIRCLE('',#4872,3.03188);
#4872 = AXIS2_PLACEMENT_2D('',#4873,#4874);
#4873 = CARTESIAN_POINT('',(0.,-3.272544614062E-16));
#4874 = DIRECTION('',(1.,0.));
#4875 = ( GEOMETRIC_REPRESENTATION_CONTEXT(2) 
PARAMETRIC_REPRESENTATION_CONTEXT() REPRESENTATION_CONTEXT('2D SPACE',''
  ) );
#4876 = ORIENTED_EDGE('',*,*,#4877,.T.);
#4877 = EDGE_CURVE('',#4854,#4350,#4878,.T.);
#4878 = SEAM_CURVE('',#4879,(#4883,#4890),.PCURVE_S1.);
#4879 = LINE('',#4880,#4881);
#4880 = CARTESIAN_POINT('',(3.03188,0.,10.7));
#4881 = VECTOR('',#4882,1.);
#4882 = DIRECTION('',(0.,0.,1.));
#4883 = PCURVE('',#4370,#4884);
#4884 = DEFINITIONAL_REPRESENTATION('',(#4885),#4889);
#4885 = LINE('',#4886,#4887);
#4886 = CARTESIAN_POINT('',(-6.28318530718,0.));
#4887 = VECTOR('',#4888,1.);
#4888 = DIRECTION('',(-0.,-1.));
#4889 = ( GEOMETRIC_REPRESENTATION_CONTEXT(2) 
PARAMETRIC_REPRESENTATION_CONTEXT() REPRESENTATION_CONTEXT('2D SPACE',''
  ) );
#4890 = PCURVE('',#4370,#4891);
#4891 = DEFINITIONAL_REPRESENTATION('',(#4892),#4896);
#4892 = LINE('',#4893,#4894);
#4893 = CARTESIAN_POINT('',(-0.,0.));
#4894 = VECTOR('',#4895,1.);
#4895 = DIRECTION('',(-0.,-1.));
#4896 = ( GEOMETRIC_REPRESENTATION_CONTEXT(2) 
PARAMETRIC_REPRESENTATION_CONTEXT() REPRESENTATION_CONTEXT('2D SPACE',''
  ) );
#4897 = ORIENTED_EDGE('',*,*,#4349,.F.);
#4898 = ORIENTED_EDGE('',*,*,#4877,.F.);
#4899 = ADVANCED_FACE('',(#4900),#4423,.T.);
#4900 = FACE_BOUND('',#4901,.T.);
#4901 = EDGE_LOOP('',(#4902));
#4902 = ORIENTED_EDGE('',*,*,#4408,.T.);
#4903 = ADVANCED_FACE('',(#4904),#4508,.T.);
#4904 = FACE_BOUND('',#4905,.T.);
#4905 = EDGE_LOOP('',(#4906));
#4906 = ORIENTED_EDGE('',*,*,#4493,.T.);
#4907 = ADVANCED_FACE('',(#4908),#4593,.T.);
#4908 = FACE_BOUND('',#4909,.T.);
#4909 = EDGE_LOOP('',(#4910));
#4910 = ORIENTED_EDGE('',*,*,#4578,.T.);
#4911 = ADVANCED_FACE('',(#4912),#4727,.T.);
#4912 = FACE_BOUND('',#4913,.T.);
#4913 = EDGE_LOOP('',(#4914));
#4914 = ORIENTED_EDGE('',*,*,#4712,.T.);
#4915 = ADVANCED_FACE('',(#4916,#4919),#4829,.T.);
#4916 = FACE_BOUND('',#4917,.T.);
#4917 = EDGE_LOOP('',(#4918));
#4918 = ORIENTED_EDGE('',*,*,#4853,.T.);
#4919 = FACE_BOUND('',#4920,.T.);
#4920 = EDGE_LOOP('',(#4921));
#4921 = ORIENTED_EDGE('',*,*,#4814,.T.);
#4922 = ( GEOMETRIC_REPRESENTATION_CONTEXT(3) 
GLOBAL_UNCERTAINTY_ASSIGNED_CONTEXT((#4926)) 
GLOBAL_UNIT_ASSIGNED_CONTEXT((#4923,#4924,#4925)) REPRESENTATION_CONTEXT
('Context #1','3D Context with UNIT and UNCERTAINTY') );
#4923 = ( LENGTH_UNIT() NAMED_UNIT(*) SI_UNIT(.MILLI.,.METRE.) );
#4924 = ( NAMED_UNIT(*) PLANE_ANGLE_UNIT() SI_UNIT($,.RADIAN.) );
#4925 = ( NAMED_UNIT(*) SI_UNIT($,.STERADIAN.) SOLID_ANGLE_UNIT() );
#4926 = UNCERTAINTY_MEASURE_WITH_UNIT(LENGTH_MEASURE(2.E-07),#4923,
  'distance_accuracy_value','confusion accuracy');
#4927 = PRODUCT_RELATED_PRODUCT_CATEGORY('part',$,(#7));
ENDSEC;
END-ISO-10303-21;
