ISO-10303-21;
HEADER;
FILE_DESCRIPTION(('Open CASCADE Model'),'2;1');
FILE_NAME('Open CASCADE Shape Model','2026-08-26T17:23:57',('Author'),(
    'Open CASCADE'),'Open CASCADE STEP processor 7.7','Open CASCADE 7.7'
  ,'Unknown');
FILE_SCHEMA(('AUTOMOTIVE_DESIGN { 1 0 10303 214 1 1 1 1 }'));
ENDSEC;
DATA;
#1 = APPLICATION_PROTOCOL_DEFINITION('international standard',
  'automotive_design',2000,#2);
#2 = APPLICATION_CONTEXT(
  'core data for automotive mechanical design processes');
#3 = SHAPE_DEFINITION_REPRESENTATION(#4,#10);
#4 = PRODUCT_DEFINITION_SHAPE('','',#5);
#5 = PRODUCT_DEFINITION('design','',#6,#9);
#6 = PRODUCT_DEFINITION_FORMATION('','',#7);
#7 = PRODUCT('Open CASCADE STEP translator 7.7 3',
  'Open CASCADE STEP translator 7.7 3','',(#8));
#8 = PRODUCT_CONTEXT('',#2,'mechanical');
#9 = PRODUCT_DEFINITION_CONTEXT('part definition',#2,'design');
#10 = SHAPE_REPRESENTATION('',(#11,#15,#19),#23);
#11 = AXIS2_PLACEMENT_3D('',#12,#13,#14);
#12 = CARTESIAN_POINT('',(0.,0.,0.));
#13 = DIRECTION('',(0.,0.,1.));
#14 = DIRECTION('',(1.,0.,-0.));
#15 = AXIS2_PLACEMENT_3D('',#16,#17,#18);
#16 = CARTESIAN_POINT('',(0.,0.,0.));
#17 = DIRECTION('',(0.,0.,1.));
#18 = DIRECTION('',(1.,0.,-0.));
#19 = AXIS2_PLACEMENT_3D('',#20,#21,#22);
#20 = CARTESIAN_POINT('',(0.,0.,0.));
#21 = DIRECTION('',(0.,0.,1.));
#22 = DIRECTION('',(1.,0.,-0.));
#23 = ( GEOMETRIC_REPRESENTATION_CONTEXT(3) 
GLOBAL_UNCERTAINTY_ASSIGNED_CONTEXT((#27)) GLOBAL_UNIT_ASSIGNED_CONTEXT(
(#24,#25,#26)) REPRESENTATION_CONTEXT('Context #1',
  '3D Context with UNIT and UNCERTAINTY') );
#24 = ( LENGTH_UNIT() NAMED_UNIT(*) SI_UNIT(.MILLI.,.METRE.) );
#25 = ( NAMED_UNIT(*) PLANE_ANGLE_UNIT() SI_UNIT($,.RADIAN.) );
#26 = ( NAMED_UNIT(*) SI_UNIT($,.STERADIAN.) SOLID_ANGLE_UNIT() );
#27 = UNCERTAINTY_MEASURE_WITH_UNIT(LENGTH_MEASURE(2.E-07),#24,
  'distance_accuracy_value','confusion accuracy');
#28 = PRODUCT_RELATED_PRODUCT_CATEGORY('part',$,(#7));
#29 = SHAPE_DEFINITION_REPRESENTATION(#30,#36);
#30 = PRODUCT_DEFINITION_SHAPE('','',#31);
#31 = PRODUCT_DEFINITION('design','',#32,#35);
#32 = PRODUCT_DEFINITION_FORMATION('','',#33);
#33 = PRODUCT('Open CASCADE STEP translator 7.7 3.1',
  'Open CASCADE STEP translator 7.7 3.1','',(#34));
#34 = PRODUCT_CONTEXT('',#2,'mechanical');
#35 = PRODUCT_DEFINITION_CONTEXT('part definition',#2,'design');
#36 = ADVANCED_BREP_SHAPE_REPRESENTATION('',(#11,#37),#4944);
#37 = MANIFOLD_SOLID_BREP('',#38);
#38 = CLOSED_SHELL('',(#39,#409,#444,#781,#1571,#1606,#1663,#2635,#2778,
    #2894,#3974,#4072,#4403,#4483,#4488,#4568,#4573,#4653,#4658,#4761,
    #4788,#4794,#4799,#4807,#4866,#4871,#4921,#4925,#4929,#4933,#4937));
#39 = ADVANCED_FACE('',(#40),#146,.T.);
#40 = FACE_BOUND('',#41,.T.);
#41 = EDGE_LOOP('',(#42,#357,#381,#408));
#42 = ORIENTED_EDGE('',*,*,#43,.T.);
#43 = EDGE_CURVE('',#44,#44,#46,.T.);
#44 = VERTEX_POINT('',#45);
#45 = CARTESIAN_POINT('',(6.820888621391,1.211492264038E-15,
    8.657776660984));
#46 = SURFACE_CURVE('',#47,(#145,#251),.PCURVE_S1.);
#47 = B_SPLINE_CURVE_WITH_KNOTS('',6,(#48,#49,#50,#51,#52,#53,#54,#55,
    #56,#57,#58,#59,#60,#61,#62,#63,#64,#65,#66,#67,#68,#69,#70,#71,#72,
    #73,#74,#75,#76,#77,#78,#79,#80,#81,#82,#83,#84,#85,#86,#87,#88,#89,
    #90,#91,#92,#93,#94,#95,#96,#97,#98,#99,#100,#101,#102,#103,#104,
    #105,#106,#107,#108,#109,#110,#111,#112,#113,#114,#115,#116,#117,
    #118,#119,#120,#121,#122,#123,#124,#125,#126,#127,#128,#129,#130,
    #131,#132,#133,#134,#135,#136,#137,#138,#139,#140,#141,#142,#143,
    #144),.UNSPECIFIED.,.T.,.F.,(7,5,5,5,5,5,5,5,5,5,5,5,5,5,5,5,5,5,5,7
    ),(0.,9.197978129539E-02,0.137883442476,0.182987391594,
    0.267580666843,0.327036686557,0.352164662745,0.39123662103,
    0.428145658856,0.451018562982,0.499636164372,0.571851042659,
    0.608760250238,0.647832395812,0.672960509715,0.732416931851,
    0.817010934022,0.862115299354,0.908019373946,1.),.UNSPECIFIED.);
#48 = CARTESIAN_POINT('',(6.820888621391,8.881784197001E-16,
    8.657776660984));
#49 = CARTESIAN_POINT('',(6.820888621391,-9.927031552452E-02,
    8.657776660984));
#50 = CARTESIAN_POINT('',(6.811617840143,-0.198559621144,8.650347999683)
  );
#51 = CARTESIAN_POINT('',(6.793070146108,-0.296090128845,8.63548576389)
  );
#52 = CARTESIAN_POINT('',(6.765551994223,-0.390159446991,8.613435515425)
  );
#53 = CARTESIAN_POINT('',(6.72960744337,-0.479180920676,8.584633207749)
  );
#54 = CARTESIAN_POINT('',(6.664299987715,-0.602954559411,8.532302454224)
  );
#55 = CARTESIAN_POINT('',(6.640657422996,-0.642558119452,8.513357707187)
  );
#56 = CARTESIAN_POINT('',(6.615211587014,-0.680387419387,8.492968001943)
  );
#57 = CARTESIAN_POINT('',(6.588071997826,-0.716286082642,8.471221095126)
  );
#58 = CARTESIAN_POINT('',(6.559358911266,-0.750113309231,8.448213347531)
  );
#59 = CARTESIAN_POINT('',(6.499570290241,-0.812824200145,8.400304826841)
  );
#60 = CARTESIAN_POINT('',(6.468544130881,-0.841784246081,8.375443617932)
  );
#61 = CARTESIAN_POINT('',(6.436246242409,-0.86850620311,8.349563374642)
  );
#62 = CARTESIAN_POINT('',(6.402806453491,-0.892888379222,8.322768128459)
  );
#63 = CARTESIAN_POINT('',(6.368360433031,-0.914845354572,8.295166590648)
  );
#64 = CARTESIAN_POINT('',(6.266820363331,-0.970809757641,8.213802704899)
  );
#65 = CARTESIAN_POINT('',(6.197542177123,-0.998539193035,8.158290211712)
  );
#66 = CARTESIAN_POINT('',(6.126144211352,-1.017034180139,8.101079142752)
  );
#67 = CARTESIAN_POINT('',(6.053591453133,-1.0260510494,8.042942740562));
#68 = CARTESIAN_POINT('',(5.980859393727,-1.025528870888,7.984662664635)
  );
#69 = CARTESIAN_POINT('',(5.858362234506,-1.008628833346,7.886505898574)
  );
#70 = CARTESIAN_POINT('',(5.808191875095,-0.997008187134,7.846304474612)
  );
#71 = CARTESIAN_POINT('',(5.758747748982,-0.980788966841,7.806684980161)
  );
#72 = CARTESIAN_POINT('',(5.710361181161,-0.960062817252,7.767912905378)
  );
#73 = CARTESIAN_POINT('',(5.66335578916,-0.934966618853,7.730247564437)
  );
#74 = CARTESIAN_POINT('',(5.598894698861,-0.893306396843,7.678595002037)
  );
#75 = CARTESIAN_POINT('',(5.580047300553,-0.880182064833,7.663492613718)
  );
#76 = CARTESIAN_POINT('',(5.561526030533,-0.866323445058,7.648651551442)
  );
#77 = CARTESIAN_POINT('',(5.543354018522,-0.85174572376,7.634090349018)
  );
#78 = CARTESIAN_POINT('',(5.525553917223,-0.836465531048,7.619827158017)
  );
#79 = CARTESIAN_POINT('',(5.481082965483,-0.795677302267,7.584192659762)
  );
#80 = CARTESIAN_POINT('',(5.454970529181,-0.769198851559,7.563268808811)
  );
#81 = CARTESIAN_POINT('',(5.429894431061,-0.741133668251,7.54317537389)
  );
#82 = CARTESIAN_POINT('',(5.405934228225,-0.711558171927,7.523976103968)
  );
#83 = CARTESIAN_POINT('',(5.383165197224,-0.680557122274,7.505731318019)
  );
#84 = CARTESIAN_POINT('',(5.341342034069,-0.617680013268,7.472218488269)
  );
#85 = CARTESIAN_POINT('',(5.322151610897,-0.585947173888,7.456841234708)
  );
#86 = CARTESIAN_POINT('',(5.304147011474,-0.553103858848,7.442414179706)
  );
#87 = CARTESIAN_POINT('',(5.287382988493,-0.519234819093,7.428981196505)
  );
#88 = CARTESIAN_POINT('',(5.271909100423,-0.484430798612,7.416581996221)
  );
#89 = CARTESIAN_POINT('',(5.249007389148,-0.426700662751,7.398230893793)
  );
#90 = CARTESIAN_POINT('',(5.240757478156,-0.404290795191,7.391620254098)
  );
#91 = CARTESIAN_POINT('',(5.233030460119,-0.381581931761,7.385428607642)
  );
#92 = CARTESIAN_POINT('',(5.225835833338,-0.358597770974,7.379663565397)
  );
#93 = CARTESIAN_POINT('',(5.219182112826,-0.335362709845,7.374331950428)
  );
#94 = CARTESIAN_POINT('',(5.200099720332,-0.262034497669,7.359041261666)
  );
#95 = CARTESIAN_POINT('',(5.189600119058,-0.211145772133,7.350627948961)
  );
#96 = CARTESIAN_POINT('',(5.181650559023,-0.159478307975,7.344257979978)
  );
#97 = CARTESIAN_POINT('',(5.176300816886,-0.107283796198,7.339971240671)
  );
#98 = CARTESIAN_POINT('',(5.17357666761,-5.482043408517E-02,
    7.337788384474));
#99 = CARTESIAN_POINT('',(5.173333029901,7.55867934021E-02,7.33759315799
    ));
#100 = CARTESIAN_POINT('',(5.178981720808,0.153548000715,7.34211944444)
  );
#101 = CARTESIAN_POINT('',(5.190426747242,0.230665610183,7.351290324723)
  );
#102 = CARTESIAN_POINT('',(5.207545923401,0.306098983445,7.365007891563)
  );
#103 = CARTESIAN_POINT('',(5.23010490379,0.379051462696,7.383084364314)
  );
#104 = CARTESIAN_POINT('',(5.271908560326,0.484429552621,7.416581563442)
  );
#105 = CARTESIAN_POINT('',(5.287382368542,0.51923350905,7.428980699739)
  );
#106 = CARTESIAN_POINT('',(5.304146306073,0.553102491948,7.44241361447)
  );
#107 = CARTESIAN_POINT('',(5.322150814948,0.585945757931,7.456840596914)
  );
#108 = CARTESIAN_POINT('',(5.341341143006,0.617678556586,7.472217774262)
  );
#109 = CARTESIAN_POINT('',(5.383164106338,0.68055560614,7.505730443893)
  );
#110 = CARTESIAN_POINT('',(5.405933032631,0.711556637608,7.523975145941)
  );
#111 = CARTESIAN_POINT('',(5.429893127422,0.741132125575,7.543174329286)
  );
#112 = CARTESIAN_POINT('',(5.454969114825,0.76919731076,7.56326767549));
#113 = CARTESIAN_POINT('',(5.481081438427,0.795675773903,7.584191436134)
  );
#114 = CARTESIAN_POINT('',(5.525552214859,0.836464051823,7.619825793915)
  );
#115 = CARTESIAN_POINT('',(5.543352254835,0.851744273969,7.634088935779)
  );
#116 = CARTESIAN_POINT('',(5.561524205681,0.866322028251,7.648650089192)
  );
#117 = CARTESIAN_POINT('',(5.580045414838,0.880180684579,7.663491102697)
  );
#118 = CARTESIAN_POINT('',(5.598892752726,0.893305056716,7.678593442602)
  );
#119 = CARTESIAN_POINT('',(5.663353699984,0.934965463532,7.730245890384)
  );
#120 = CARTESIAN_POINT('',(5.710359016432,0.960061812244,7.767911170784)
  );
#121 = CARTESIAN_POINT('',(5.758745517063,0.980788120595,7.806683191728)
  );
#122 = CARTESIAN_POINT('',(5.808189584997,0.997007507278,7.84630263956)
  );
#123 = CARTESIAN_POINT('',(5.858359895834,1.008628326592,7.8865040246));
#124 = CARTESIAN_POINT('',(5.980857093223,1.025528815435,7.984660821245)
  );
#125 = CARTESIAN_POINT('',(6.053589252667,1.026051243685,8.042940977333)
  );
#126 = CARTESIAN_POINT('',(6.12614213061,1.017034597698,8.101077475457)
  );
#127 = CARTESIAN_POINT('',(6.197540231733,0.998539804749,8.158288652874)
  );
#128 = CARTESIAN_POINT('',(6.266818564645,0.970810532611,8.213801263615)
  );
#129 = CARTESIAN_POINT('',(6.368358892297,0.914846319127,8.29516535606)
  );
#130 = CARTESIAN_POINT('',(6.402805017956,0.892889389516,8.322766978168)
  );
#131 = CARTESIAN_POINT('',(6.436244912015,0.868507247042,8.349562308599)
  );
#132 = CARTESIAN_POINT('',(6.468542904641,0.841785311713,8.375442635349)
  );
#133 = CARTESIAN_POINT('',(6.499569166266,0.812825275837,8.400303926201)
  );
#134 = CARTESIAN_POINT('',(6.559357981363,0.750114389631,8.448212602402)
  );
#135 = CARTESIAN_POINT('',(6.588071160279,0.716287158261,8.471220424));
#136 = CARTESIAN_POINT('',(6.615210838766,0.680388479973,8.492967402373)
  );
#137 = CARTESIAN_POINT('',(6.640656760196,0.642559155258,8.513357176086)
  );
#138 = CARTESIAN_POINT('',(6.66429940577,0.602955561324,8.532301987912)
  );
#139 = CARTESIAN_POINT('',(6.72960709624,0.479181780979,8.584632929595)
  );
#140 = CARTESIAN_POINT('',(6.76555177985,0.390160177363,8.613435343649)
  );
#141 = CARTESIAN_POINT('',(6.793070037819,0.296090697852,8.635485677118)
  );
#142 = CARTESIAN_POINT('',(6.811617804739,0.198560007251,8.650347971314)
  );
#143 = CARTESIAN_POINT('',(6.820888621391,9.927050441077E-02,
    8.657776660984));
#144 = CARTESIAN_POINT('',(6.820888621391,8.881784197001E-16,
    8.657776660984));
#145 = PCURVE('',#146,#151);
#146 = TOROIDAL_SURFACE('',#147,10.,1.02187);
#147 = AXIS2_PLACEMENT_3D('',#148,#149,#150);
#148 = CARTESIAN_POINT('',(0.,0.,0.));
#149 = DIRECTION('',(0.,-1.,1.110223024625E-16));
#150 = DIRECTION('',(1.,0.,0.));
#151 = DEFINITIONAL_REPRESENTATION('',(#152),#250);
#152 = B_SPLINE_CURVE_WITH_KNOTS('',6,(#153,#154,#155,#156,#157,#158,
    #159,#160,#161,#162,#163,#164,#165,#166,#167,#168,#169,#170,#171,
    #172,#173,#174,#175,#176,#177,#178,#179,#180,#181,#182,#183,#184,
    #185,#186,#187,#188,#189,#190,#191,#192,#193,#194,#195,#196,#197,
    #198,#199,#200,#201,#202,#203,#204,#205,#206,#207,#208,#209,#210,
    #211,#212,#213,#214,#215,#216,#217,#218,#219,#220,#221,#222,#223,
    #224,#225,#226,#227,#228,#229,#230,#231,#232,#233,#234,#235,#236,
    #237,#238,#239,#240,#241,#242,#243,#244,#245,#246,#247,#248,#249),
  .UNSPECIFIED.,.F.,.F.,(7,5,5,5,5,5,5,5,5,5,5,5,5,5,5,5,5,5,5,7),(0.,
    9.197978129539E-02,0.137883442476,0.182987391594,0.267580666843,
    0.327036686557,0.352164662745,0.39123662103,0.428145658856,
    0.451018562982,0.499636164372,0.571851042659,0.608760250238,
    0.647832395812,0.672960509715,0.732416931851,0.817010934022,
    0.862115299354,0.908019373946,1.),.UNSPECIFIED.);
#153 = CARTESIAN_POINT('',(0.903517982956,0.));
#154 = CARTESIAN_POINT('',(0.903517982956,9.714573822945E-02));
#155 = CARTESIAN_POINT('',(0.903761594388,0.194309747993));
#156 = CARTESIAN_POINT('',(0.904248976188,0.291404687199));
#157 = CARTESIAN_POINT('',(0.904975923694,0.388410236553));
#158 = CARTESIAN_POINT('',(0.905935776805,0.485309137507));
#159 = CARTESIAN_POINT('',(0.907705500568,0.630308649105));
#160 = CARTESIAN_POINT('',(0.908349707945,0.678544008558));
#161 = CARTESIAN_POINT('',(0.909047509906,0.726738154399));
#162 = CARTESIAN_POINT('',(0.909797236442,0.77488966167));
#163 = CARTESIAN_POINT('',(0.910596951314,0.822998033826));
#164 = CARTESIAN_POINT('',(0.91227711085,0.918289015668));
#165 = CARTESIAN_POINT('',(0.913155920109,0.965473949648));
#166 = CARTESIAN_POINT('',(0.914078717227,1.012616317251));
#167 = CARTESIAN_POINT('',(0.915043138803,1.059717500306));
#168 = CARTESIAN_POINT('',(0.916046540257,1.106779795008));
#169 = CARTESIAN_POINT('',(0.919035394467,1.242002371266));
#170 = CARTESIAN_POINT('',(0.921111635613,1.330075437769));
#171 = CARTESIAN_POINT('',(0.923294973162,1.418032593548));
#172 = CARTESIAN_POINT('',(0.925562410577,1.505911597362));
#173 = CARTESIAN_POINT('',(0.927886670563,1.593754758184));
#174 = CARTESIAN_POINT('',(0.931886922551,1.743328824388));
#175 = CARTESIAN_POINT('',(0.933550404834,1.805065913657));
#176 = CARTESIAN_POINT('',(0.935215290563,1.866816671796));
#177 = CARTESIAN_POINT('',(0.936869571133,1.928596710333));
#178 = CARTESIAN_POINT('',(0.938500363994,1.990420987828));
#179 = CARTESIAN_POINT('',(0.940767610679,2.078452693695));
#180 = CARTESIAN_POINT('',(0.941434537335,2.104614861754));
#181 = CARTESIAN_POINT('',(0.942093816619,2.130787908336));
#182 = CARTESIAN_POINT('',(0.942744409247,2.156972669563));
#183 = CARTESIAN_POINT('',(0.943385263397,2.183169895021));
#184 = CARTESIAN_POINT('',(0.944994993219,2.250135213504));
#185 = CARTESIAN_POINT('',(0.945948577319,2.290921988118));
#186 = CARTESIAN_POINT('',(0.946872024972,2.331743004029));
#187 = CARTESIAN_POINT('',(0.9477613521,2.372599956526));
#188 = CARTESIAN_POINT('',(0.948612632582,2.413493803765));
#189 = CARTESIAN_POINT('',(0.950186559569,2.493089899716));
#190 = CARTESIAN_POINT('',(0.950913755257,2.531788223828));
#191 = CARTESIAN_POINT('',(0.951600318541,2.570519739868));
#192 = CARTESIAN_POINT('',(0.952243198294,2.609283747018));
#193 = CARTESIAN_POINT('',(0.952839559029,2.648078842874));
#194 = CARTESIAN_POINT('',(0.953725899843,2.71096259894));
#195 = CARTESIAN_POINT('',(0.954046156026,2.735033419617));
#196 = CARTESIAN_POINT('',(0.954346933844,2.759114866232));
#197 = CARTESIAN_POINT('',(0.954627670544,2.783206324367));
#198 = CARTESIAN_POINT('',(0.95488785623,2.80730708443));
#199 = CARTESIAN_POINT('',(0.955635418937,2.882661878788));
#200 = CARTESIAN_POINT('',(0.956048909361,2.933946955179));
#201 = CARTESIAN_POINT('',(0.956363121247,2.98526154283));
#202 = CARTESIAN_POINT('',(0.95657497793,3.036597397232));
#203 = CARTESIAN_POINT('',(0.956682857367,3.087945345272));
#204 = CARTESIAN_POINT('',(0.956692505959,3.215561942725));
#205 = CARTESIAN_POINT('',(0.956468831938,3.291838646303));
#206 = CARTESIAN_POINT('',(0.956015466285,3.368072954543));
#207 = CARTESIAN_POINT('',(0.955340208112,3.444239772902));
#208 = CARTESIAN_POINT('',(0.954457462963,3.520319869564));
#209 = CARTESIAN_POINT('',(0.952839579863,3.635105082784));
#210 = CARTESIAN_POINT('',(0.952243222116,3.673900077665));
#211 = CARTESIAN_POINT('',(0.951600345529,3.712663984043));
#212 = CARTESIAN_POINT('',(0.950913785559,3.751395399511));
#213 = CARTESIAN_POINT('',(0.950186593305,3.790093623242));
#214 = CARTESIAN_POINT('',(0.94861267342,3.869689520851));
#215 = CARTESIAN_POINT('',(0.947761396602,3.910583270135));
#216 = CARTESIAN_POINT('',(0.946872073191,3.951440124833));
#217 = CARTESIAN_POINT('',(0.945948629281,3.99226104307));
#218 = CARTESIAN_POINT('',(0.944995048918,4.033047720104));
#219 = CARTESIAN_POINT('',(0.943385324746,4.100012896353));
#220 = CARTESIAN_POINT('',(0.942744472516,4.126210077103));
#221 = CARTESIAN_POINT('',(0.942093881772,4.15239479362));
#222 = CARTESIAN_POINT('',(0.941434604334,4.17856779548));
#223 = CARTESIAN_POINT('',(0.94076767948,4.204729918796));
#224 = CARTESIAN_POINT('',(0.938500436645,4.292761553646));
#225 = CARTESIAN_POINT('',(0.936869645515,4.354585804589));
#226 = CARTESIAN_POINT('',(0.935215366304,4.416365816202));
#227 = CARTESIAN_POINT('',(0.933550481565,4.478116547003));
#228 = CARTESIAN_POINT('',(0.931886999907,4.539853608488));
#229 = CARTESIAN_POINT('',(0.927886744287,4.689427766575));
#230 = CARTESIAN_POINT('',(0.92556247977,4.777271046622));
#231 = CARTESIAN_POINT('',(0.923295037397,4.86515016894));
#232 = CARTESIAN_POINT('',(0.921111694638,4.953107442791));
#233 = CARTESIAN_POINT('',(0.919035448178,5.041180627217));
#234 = CARTESIAN_POINT('',(0.9160465852,5.176403414155));
#235 = CARTESIAN_POINT('',(0.915043180319,5.223465801653));
#236 = CARTESIAN_POINT('',(0.914078755394,5.270567077596));
#237 = CARTESIAN_POINT('',(0.913155955025,5.317709538215));
#238 = CARTESIAN_POINT('',(0.912277142636,5.364894565365));
#239 = CARTESIAN_POINT('',(0.910596977242,5.460185724878));
#240 = CARTESIAN_POINT('',(0.90979725963,5.508294181527));
#241 = CARTESIAN_POINT('',(0.909047530489,5.55644577346));
#242 = CARTESIAN_POINT('',(0.908349726074,5.604640004144));
#243 = CARTESIAN_POINT('',(0.907705516406,5.652875448629));
#244 = CARTESIAN_POINT('',(0.905935786074,5.797875233399));
#245 = CARTESIAN_POINT('',(0.904975929359,5.894774316985));
#246 = CARTESIAN_POINT('',(0.904248979032,5.991780053743));
#247 = CARTESIAN_POINT('',(0.903761595319,6.088875181333));
#248 = CARTESIAN_POINT('',(0.903517982956,6.186039384106));
#249 = CARTESIAN_POINT('',(0.903517982956,6.28318530718));
#250 = ( GEOMETRIC_REPRESENTATION_CONTEXT(2) 
PARAMETRIC_REPRESENTATION_CONTEXT() REPRESENTATION_CONTEXT('2D SPACE',''
  ) );
#251 = PCURVE('',#252,#257);
#252 = PLANE('',#253);
#253 = AXIS2_PLACEMENT_3D('',#254,#255,#256);
#254 = CARTESIAN_POINT('',(6.,0.,8.));
#255 = DIRECTION('',(-0.625312634961,0.,0.780374338736));
#256 = DIRECTION('',(0.780374338736,0.,0.625312634961));
#257 = DEFINITIONAL_REPRESENTATION('',(#258),#356);
#258 = B_SPLINE_CURVE_WITH_KNOTS('',6,(#259,#260,#261,#262,#263,#264,
    #265,#266,#267,#268,#269,#270,#271,#272,#273,#274,#275,#276,#277,
    #278,#279,#280,#281,#282,#283,#284,#285,#286,#287,#288,#289,#290,
    #291,#292,#293,#294,#295,#296,#297,#298,#299,#300,#301,#302,#303,
    #304,#305,#306,#307,#308,#309,#310,#311,#312,#313,#314,#315,#316,
    #317,#318,#319,#320,#321,#322,#323,#324,#325,#326,#327,#328,#329,
    #330,#331,#332,#333,#334,#335,#336,#337,#338,#339,#340,#341,#342,
    #343,#344,#345,#346,#347,#348,#349,#350,#351,#352,#353,#354,#355),
  .UNSPECIFIED.,.T.,.F.,(7,5,5,5,5,5,5,5,5,5,5,5,5,5,5,5,5,5,5,7),(0.,
    9.197978129539E-02,0.137883442476,0.182987391594,0.267580666843,
    0.327036686557,0.352164662745,0.39123662103,0.428145658856,
    0.451018562982,0.499636164372,0.571851042659,0.608760250238,
    0.647832395812,0.672960509715,0.732416931851,0.817010934022,
    0.862115299354,0.908019373946,1.),.UNSPECIFIED.);
#259 = CARTESIAN_POINT('',(1.05191647219,8.881784197001E-16));
#260 = CARTESIAN_POINT('',(1.05191647219,-9.927031552452E-02));
#261 = CARTESIAN_POINT('',(1.040036556632,-0.198559621144));
#262 = CARTESIAN_POINT('',(1.016268868339,-0.296090128845));
#263 = CARTESIAN_POINT('',(0.981006109789,-0.390159446991));
#264 = CARTESIAN_POINT('',(0.93494545778,-0.479180920676));
#265 = CARTESIAN_POINT('',(0.851258113882,-0.602954559411));
#266 = CARTESIAN_POINT('',(0.820961673386,-0.642558119452));
#267 = CARTESIAN_POINT('',(0.788354455645,-0.680387419387));
#268 = CARTESIAN_POINT('',(0.753576801075,-0.716286082642));
#269 = CARTESIAN_POINT('',(0.716782809865,-0.750113309231));
#270 = CARTESIAN_POINT('',(0.640167500959,-0.812824200145));
#271 = CARTESIAN_POINT('',(0.600409454313,-0.841784246081));
#272 = CARTESIAN_POINT('',(0.559021767829,-0.86850620311));
#273 = CARTESIAN_POINT('',(0.51617080867,-0.892888379222));
#274 = CARTESIAN_POINT('',(0.472030427894,-0.914845354572));
#275 = CARTESIAN_POINT('',(0.341913297358,-0.970809757641));
#276 = CARTESIAN_POINT('',(0.253137715219,-0.998539193035));
#277 = CARTESIAN_POINT('',(0.161645770613,-1.017034180139));
#278 = CARTESIAN_POINT('',(6.867403305398E-02,-1.0260510494));
#279 = CARTESIAN_POINT('',(-2.452746755419E-02,-1.025528870888));
#280 = CARTESIAN_POINT('',(-0.181499773202,-1.008628833346));
#281 = CARTESIAN_POINT('',(-0.245789892599,-0.997008187134));
#282 = CARTESIAN_POINT('',(-0.30914939029,-0.980788966841));
#283 = CARTESIAN_POINT('',(-0.371153694402,-0.960062817252));
#284 = CARTESIAN_POINT('',(-0.431388109692,-0.934966618853));
#285 = CARTESIAN_POINT('',(-0.513990890306,-0.893306396843));
#286 = CARTESIAN_POINT('',(-0.538142630531,-0.880182064833));
#287 = CARTESIAN_POINT('',(-0.561876458133,-0.866323445058));
#288 = CARTESIAN_POINT('',(-0.585162733846,-0.85174572376));
#289 = CARTESIAN_POINT('',(-0.607972429675,-0.836465531048));
#290 = CARTESIAN_POINT('',(-0.664959121231,-0.795677302267));
#291 = CARTESIAN_POINT('',(-0.698420544814,-0.769198851559));
#292 = CARTESIAN_POINT('',(-0.730553967039,-0.741133668251));
#293 = CARTESIAN_POINT('',(-0.761257440548,-0.711558171927));
#294 = CARTESIAN_POINT('',(-0.790434503234,-0.680557122274));
#295 = CARTESIAN_POINT('',(-0.844028222402,-0.617680013268));
#296 = CARTESIAN_POINT('',(-0.868619527137,-0.585947173888));
#297 = CARTESIAN_POINT('',(-0.891691274284,-0.553103858848));
#298 = CARTESIAN_POINT('',(-0.913173301753,-0.519234819093));
#299 = CARTESIAN_POINT('',(-0.933002103524,-0.484430798612));
#300 = CARTESIAN_POINT('',(-0.96234918753,-0.426700662751));
#301 = CARTESIAN_POINT('',(-0.972920922891,-0.404290795191));
#302 = CARTESIAN_POINT('',(-0.982822604243,-0.381581931761));
#303 = CARTESIAN_POINT('',(-0.992042060116,-0.358597770974));
#304 = CARTESIAN_POINT('',(-1.000568379066,-0.335362709845));
#305 = CARTESIAN_POINT('',(-1.02502124937,-0.262034497669));
#306 = CARTESIAN_POINT('',(-1.038475819507,-0.211145772133));
#307 = CARTESIAN_POINT('',(-1.048662674252,-0.159478307975));
#308 = CARTESIAN_POINT('',(-1.055518027987,-0.107283796198));
#309 = CARTESIAN_POINT('',(-1.059008851736,-5.482043408517E-02));
#310 = CARTESIAN_POINT('',(-1.059321057939,7.55867934021E-02));
#311 = CARTESIAN_POINT('',(-1.052082620402,0.153548000715));
#312 = CARTESIAN_POINT('',(-1.037416548151,0.230665610183));
#313 = CARTESIAN_POINT('',(-1.015479414511,0.306098983445));
#314 = CARTESIAN_POINT('',(-0.9865715183,0.379051462696));
#315 = CARTESIAN_POINT('',(-0.933002795624,0.484429552621));
#316 = CARTESIAN_POINT('',(-0.913174096181,0.51923350905));
#317 = CARTESIAN_POINT('',(-0.89169217821,0.553102491948));
#318 = CARTESIAN_POINT('',(-0.868620547095,0.585945757931));
#319 = CARTESIAN_POINT('',(-0.844029364241,0.617678556586));
#320 = CARTESIAN_POINT('',(-0.790435901135,0.68055560614));
#321 = CARTESIAN_POINT('',(-0.761258972624,0.711556637608));
#322 = CARTESIAN_POINT('',(-0.730555637569,0.741132125575));
#323 = CARTESIAN_POINT('',(-0.698422357221,0.76919731076));
#324 = CARTESIAN_POINT('',(-0.664961078056,0.795675773903));
#325 = CARTESIAN_POINT('',(-0.607974611145,0.836464051823));
#326 = CARTESIAN_POINT('',(-0.585164993898,0.851744273969));
#327 = CARTESIAN_POINT('',(-0.561878796564,0.866322028251));
#328 = CARTESIAN_POINT('',(-0.538145046956,0.880180684579));
#329 = CARTESIAN_POINT('',(-0.513993384154,0.893305056716));
#330 = CARTESIAN_POINT('',(-0.431390786839,0.934965463532));
#331 = CARTESIAN_POINT('',(-0.371156468365,0.960061812244));
#332 = CARTESIAN_POINT('',(-0.309152250352,0.980788120595));
#333 = CARTESIAN_POINT('',(-0.245792827214,0.997007507278));
#334 = CARTESIAN_POINT('',(-0.181502770062,1.008628326592));
#335 = CARTESIAN_POINT('',(-2.453041550297E-02,1.025528815435));
#336 = CARTESIAN_POINT('',(6.867121329749E-02,1.026051243685));
#337 = CARTESIAN_POINT('',(0.161643104275,1.017034597698));
#338 = CARTESIAN_POINT('',(0.253135222325,0.998539804749));
#339 = CARTESIAN_POINT('',(0.341910992457,0.970810532611));
#340 = CARTESIAN_POINT('',(0.472028453541,0.914846319127));
#341 = CARTESIAN_POINT('',(0.516168969124,0.892889389516));
#342 = CARTESIAN_POINT('',(0.559020063014,0.868507247042));
#343 = CARTESIAN_POINT('',(0.600407882966,0.841785311713));
#344 = CARTESIAN_POINT('',(0.640166060656,0.812825275837));
#345 = CARTESIAN_POINT('',(0.716781618253,0.750114389631));
#346 = CARTESIAN_POINT('',(0.753575727811,0.716287158261));
#347 = CARTESIAN_POINT('',(0.788353496813,0.680388479973));
#348 = CARTESIAN_POINT('',(0.820960824049,0.642559155258));
#349 = CARTESIAN_POINT('',(0.851257368157,0.602955561324));
#350 = CARTESIAN_POINT('',(0.934945012956,0.479181780979));
#351 = CARTESIAN_POINT('',(0.981005835084,0.390160177363));
#352 = CARTESIAN_POINT('',(1.016268729573,0.296090697852));
#353 = CARTESIAN_POINT('',(1.040036511264,0.198560007251));
#354 = CARTESIAN_POINT('',(1.05191647219,9.927050441077E-02));
#355 = CARTESIAN_POINT('',(1.05191647219,8.881784197001E-16));
#356 = ( GEOMETRIC_REPRESENTATION_CONTEXT(2) 
PARAMETRIC_REPRESENTATION_CONTEXT() REPRESENTATION_CONTEXT('2D SPACE',''
  ) );
#357 = ORIENTED_EDGE('',*,*,#358,.F.);
#358 = EDGE_CURVE('',#359,#44,#361,.T.);
#359 = VERTEX_POINT('',#360);
#360 = CARTESIAN_POINT('',(11.02187,2.502859649289E-16,
    -2.699579563224E-15));
#361 = SEAM_CURVE('',#362,(#367,#374),.PCURVE_S1.);
#362 = CIRCLE('',#363,11.02187);
#363 = AXIS2_PLACEMENT_3D('',#364,#365,#366);
#364 = CARTESIAN_POINT('',(0.,2.502859649289E-16,-2.778732410046E-32));
#365 = DIRECTION('',(0.,-1.,1.110223024625E-16));
#366 = DIRECTION('',(1.,0.,0.));
#367 = PCURVE('',#146,#368);
#368 = DEFINITIONAL_REPRESENTATION('',(#369),#373);
#369 = LINE('',#370,#371);
#370 = CARTESIAN_POINT('',(0.,6.28318530718));
#371 = VECTOR('',#372,1.);
#372 = DIRECTION('',(1.,0.));
#373 = ( GEOMETRIC_REPRESENTATION_CONTEXT(2) 
PARAMETRIC_REPRESENTATION_CONTEXT() REPRESENTATION_CONTEXT('2D SPACE',''
  ) );
#374 = PCURVE('',#146,#375);
#375 = DEFINITIONAL_REPRESENTATION('',(#376),#380);
#376 = LINE('',#377,#378);
#377 = CARTESIAN_POINT('',(0.,0.));
#378 = VECTOR('',#379,1.);
#379 = DIRECTION('',(1.,0.));
#380 = ( GEOMETRIC_REPRESENTATION_CONTEXT(2) 
PARAMETRIC_REPRESENTATION_CONTEXT() REPRESENTATION_CONTEXT('2D SPACE',''
  ) );
#381 = ORIENTED_EDGE('',*,*,#382,.F.);
#382 = EDGE_CURVE('',#359,#359,#383,.T.);
#383 = SURFACE_CURVE('',#384,(#389,#396),.PCURVE_S1.);
#384 = CIRCLE('',#385,1.02187);
#385 = AXIS2_PLACEMENT_3D('',#386,#387,#388);
#386 = CARTESIAN_POINT('',(10.,-2.719262146894E-31,-2.449293598295E-15)
  );
#387 = DIRECTION('',(-2.449293598295E-16,-1.110223024625E-16,-1.));
#388 = DIRECTION('',(1.,-2.719262146894E-32,-2.449293598295E-16));
#389 = PCURVE('',#146,#390);
#390 = DEFINITIONAL_REPRESENTATION('',(#391),#395);
#391 = LINE('',#392,#393);
#392 = CARTESIAN_POINT('',(0.,-0.));
#393 = VECTOR('',#394,1.);
#394 = DIRECTION('',(0.,1.));
#395 = ( GEOMETRIC_REPRESENTATION_CONTEXT(2) 
PARAMETRIC_REPRESENTATION_CONTEXT() REPRESENTATION_CONTEXT('2D SPACE',''
  ) );
#396 = PCURVE('',#397,#402);
#397 = TOROIDAL_SURFACE('',#398,10.,1.02187);
#398 = AXIS2_PLACEMENT_3D('',#399,#400,#401);
#399 = CARTESIAN_POINT('',(0.,0.,0.));
#400 = DIRECTION('',(0.,-1.,1.110223024625E-16));
#401 = DIRECTION('',(1.,0.,0.));
#402 = DEFINITIONAL_REPRESENTATION('',(#403),#407);
#403 = LINE('',#404,#405);
#404 = CARTESIAN_POINT('',(6.28318530718,-0.));
#405 = VECTOR('',#406,1.);
#406 = DIRECTION('',(0.,1.));
#407 = ( GEOMETRIC_REPRESENTATION_CONTEXT(2) 
PARAMETRIC_REPRESENTATION_CONTEXT() REPRESENTATION_CONTEXT('2D SPACE',''
  ) );
#408 = ORIENTED_EDGE('',*,*,#358,.T.);
#409 = ADVANCED_FACE('',(#410,#441),#252,.F.);
#410 = FACE_BOUND('',#411,.F.);
#411 = EDGE_LOOP('',(#412));
#412 = ORIENTED_EDGE('',*,*,#413,.T.);
#413 = EDGE_CURVE('',#414,#414,#416,.T.);
#414 = VERTEX_POINT('',#415);
#415 = CARTESIAN_POINT('',(6.87334033371,-2.74107794466E-16,
    8.699806129164));
#416 = SURFACE_CURVE('',#417,(#422,#429),.PCURVE_S1.);
#417 = CIRCLE('',#418,1.11913);
#418 = AXIS2_PLACEMENT_3D('',#419,#420,#421);
#419 = CARTESIAN_POINT('',(6.,0.,8.));
#420 = DIRECTION('',(-0.625312634961,0.,0.780374338736));
#421 = DIRECTION('',(0.780374338736,0.,0.625312634961));
#422 = PCURVE('',#252,#423);
#423 = DEFINITIONAL_REPRESENTATION('',(#424),#428);
#424 = CIRCLE('',#425,1.11913);
#425 = AXIS2_PLACEMENT_2D('',#426,#427);
#426 = CARTESIAN_POINT('',(0.,0.));
#427 = DIRECTION('',(1.,0.));
#428 = ( GEOMETRIC_REPRESENTATION_CONTEXT(2) 
PARAMETRIC_REPRESENTATION_CONTEXT() REPRESENTATION_CONTEXT('2D SPACE',''
  ) );
#429 = PCURVE('',#430,#435);
#430 = CYLINDRICAL_SURFACE('',#431,1.11913);
#431 = AXIS2_PLACEMENT_3D('',#432,#433,#434);
#432 = CARTESIAN_POINT('',(6.,0.,8.));
#433 = DIRECTION('',(-0.625312634961,0.,0.780374338736));
#434 = DIRECTION('',(0.780374338736,0.,0.625312634961));
#435 = DEFINITIONAL_REPRESENTATION('',(#436),#440);
#436 = LINE('',#437,#438);
#437 = CARTESIAN_POINT('',(0.,0.));
#438 = VECTOR('',#439,1.);
#439 = DIRECTION('',(1.,0.));
#440 = ( GEOMETRIC_REPRESENTATION_CONTEXT(2) 
PARAMETRIC_REPRESENTATION_CONTEXT() REPRESENTATION_CONTEXT('2D SPACE',''
  ) );
#441 = FACE_BOUND('',#442,.F.);
#442 = EDGE_LOOP('',(#443));
#443 = ORIENTED_EDGE('',*,*,#43,.T.);
#444 = ADVANCED_FACE('',(#445),#397,.T.);
#445 = FACE_BOUND('',#446,.T.);
#446 = EDGE_LOOP('',(#447,#757,#779,#780));
#447 = ORIENTED_EDGE('',*,*,#448,.F.);
#448 = EDGE_CURVE('',#449,#449,#451,.T.);
#449 = VERTEX_POINT('',#450);
#450 = CARTESIAN_POINT('',(-6.820888621391,1.211492264038E-15,
    8.657776660984));
#451 = SURFACE_CURVE('',#452,(#550,#651),.PCURVE_S1.);
#452 = B_SPLINE_CURVE_WITH_KNOTS('',6,(#453,#454,#455,#456,#457,#458,
    #459,#460,#461,#462,#463,#464,#465,#466,#467,#468,#469,#470,#471,
    #472,#473,#474,#475,#476,#477,#478,#479,#480,#481,#482,#483,#484,
    #485,#486,#487,#488,#489,#490,#491,#492,#493,#494,#495,#496,#497,
    #498,#499,#500,#501,#502,#503,#504,#505,#506,#507,#508,#509,#510,
    #511,#512,#513,#514,#515,#516,#517,#518,#519,#520,#521,#522,#523,
    #524,#525,#526,#527,#528,#529,#530,#531,#532,#533,#534,#535,#536,
    #537,#538,#539,#540,#541,#542,#543,#544,#545,#546,#547,#548,#549),
  .UNSPECIFIED.,.T.,.F.,(7,5,5,5,5,5,5,5,5,5,5,5,5,5,5,5,5,5,5,7),(0.,
    9.197978129601E-02,0.137883442476,0.182987391595,0.267580666843,
    0.327036686557,0.352164662746,0.39123662103,0.428145658856,
    0.451018562983,0.499636164372,0.571851042669,0.608760250249,
    0.647832395822,0.672960509725,0.732416931861,0.817010934032,
    0.862115299364,0.908019373956,1.),.UNSPECIFIED.);
#453 = CARTESIAN_POINT('',(-6.820888621391,8.881784197001E-16,
    8.657776660984));
#454 = CARTESIAN_POINT('',(-6.820888621391,-9.927031552535E-02,
    8.657776660984));
#455 = CARTESIAN_POINT('',(-6.811617840143,-0.198559621145,
    8.650347999683));
#456 = CARTESIAN_POINT('',(-6.793070146108,-0.296090128847,8.63548576389
    ));
#457 = CARTESIAN_POINT('',(-6.765551994222,-0.390159446994,
    8.613435515424));
#458 = CARTESIAN_POINT('',(-6.729607443368,-0.47918092068,8.584633207748
    ));
#459 = CARTESIAN_POINT('',(-6.664299987713,-0.602954559415,
    8.532302454222));
#460 = CARTESIAN_POINT('',(-6.640657422994,-0.642558119456,
    8.513357707185));
#461 = CARTESIAN_POINT('',(-6.615211587011,-0.680387419391,
    8.492968001941));
#462 = CARTESIAN_POINT('',(-6.588071997823,-0.716286082645,
    8.471221095123));
#463 = CARTESIAN_POINT('',(-6.559358911263,-0.750113309235,
    8.448213347529));
#464 = CARTESIAN_POINT('',(-6.499570290238,-0.812824200148,
    8.400304826839));
#465 = CARTESIAN_POINT('',(-6.468544130878,-0.841784246083,8.37544361793
    ));
#466 = CARTESIAN_POINT('',(-6.436246242406,-0.868506203113,
    8.349563374639));
#467 = CARTESIAN_POINT('',(-6.402806453487,-0.892888379224,
    8.322768128456));
#468 = CARTESIAN_POINT('',(-6.368360433028,-0.914845354574,
    8.295166590645));
#469 = CARTESIAN_POINT('',(-6.266820363327,-0.970809757642,
    8.213802704896));
#470 = CARTESIAN_POINT('',(-6.19754217712,-0.998539193037,8.158290211709
    ));
#471 = CARTESIAN_POINT('',(-6.126144211348,-1.01703418014,8.101079142749
    ));
#472 = CARTESIAN_POINT('',(-6.053591453129,-1.0260510494,8.042942740559)
  );
#473 = CARTESIAN_POINT('',(-5.980859393723,-1.025528870887,
    7.984662664632));
#474 = CARTESIAN_POINT('',(-5.858362234503,-1.008628833345,
    7.886505898571));
#475 = CARTESIAN_POINT('',(-5.808191875091,-0.997008187132,
    7.846304474609));
#476 = CARTESIAN_POINT('',(-5.758747748978,-0.980788966839,
    7.806684980158));
#477 = CARTESIAN_POINT('',(-5.710361181157,-0.960062817251,
    7.767912905375));
#478 = CARTESIAN_POINT('',(-5.663355789156,-0.934966618851,
    7.730247564434));
#479 = CARTESIAN_POINT('',(-5.598894698857,-0.893306396841,
    7.678595002034));
#480 = CARTESIAN_POINT('',(-5.58004730055,-0.88018206483,7.663492613715)
  );
#481 = CARTESIAN_POINT('',(-5.561526030529,-0.866323445055,
    7.648651551439));
#482 = CARTESIAN_POINT('',(-5.543354018519,-0.851745723757,
    7.634090349015));
#483 = CARTESIAN_POINT('',(-5.52555391722,-0.836465531045,7.619827158014
    ));
#484 = CARTESIAN_POINT('',(-5.48108296548,-0.795677302264,7.584192659759
    ));
#485 = CARTESIAN_POINT('',(-5.454970529178,-0.769198851556,
    7.563268808809));
#486 = CARTESIAN_POINT('',(-5.429894431058,-0.741133668248,
    7.543175373888));
#487 = CARTESIAN_POINT('',(-5.405934228222,-0.711558171923,
    7.523976103965));
#488 = CARTESIAN_POINT('',(-5.383165197222,-0.68055712227,7.505731318016
    ));
#489 = CARTESIAN_POINT('',(-5.341342034066,-0.617680013264,
    7.472218488267));
#490 = CARTESIAN_POINT('',(-5.322151610895,-0.585947173884,
    7.456841234706));
#491 = CARTESIAN_POINT('',(-5.304147011472,-0.553103858844,
    7.442414179704));
#492 = CARTESIAN_POINT('',(-5.287382988491,-0.519234819089,
    7.428981196503));
#493 = CARTESIAN_POINT('',(-5.271909100421,-0.484430798608,7.41658199622
    ));
#494 = CARTESIAN_POINT('',(-5.249007389147,-0.426700662747,
    7.398230893792));
#495 = CARTESIAN_POINT('',(-5.240757478155,-0.404290795186,
    7.391620254097));
#496 = CARTESIAN_POINT('',(-5.233030460117,-0.381581931756,7.38542860764
    ));
#497 = CARTESIAN_POINT('',(-5.225835833337,-0.358597770969,
    7.379663565396));
#498 = CARTESIAN_POINT('',(-5.219182112825,-0.33536270984,7.374331950426
    ));
#499 = CARTESIAN_POINT('',(-5.200099720331,-0.262034497664,
    7.359041261665));
#500 = CARTESIAN_POINT('',(-5.189600119058,-0.211145772129,7.35062794896
    ));
#501 = CARTESIAN_POINT('',(-5.181650559023,-0.15947830797,7.344257979978
    ));
#502 = CARTESIAN_POINT('',(-5.176300816885,-0.107283796193,7.33997124067
    ));
#503 = CARTESIAN_POINT('',(-5.17357666761,-5.482043408036E-02,
    7.337788384473));
#504 = CARTESIAN_POINT('',(-5.173333029902,7.558679341786E-02,
    7.337593157991));
#505 = CARTESIAN_POINT('',(-5.17898172081,0.153548000742,7.342119444441)
  );
#506 = CARTESIAN_POINT('',(-5.190426747248,0.230665610221,7.351290324728
    ));
#507 = CARTESIAN_POINT('',(-5.207545923411,0.306098983492,7.365007891572
    ));
#508 = CARTESIAN_POINT('',(-5.230104903808,0.379051462751,7.383084364328
    ));
#509 = CARTESIAN_POINT('',(-5.271908560353,0.484429552682,7.416581563464
    ));
#510 = CARTESIAN_POINT('',(-5.287382368571,0.51923350911,7.428980699762)
  );
#511 = CARTESIAN_POINT('',(-5.304146306104,0.553102492007,7.442413614494
    ));
#512 = CARTESIAN_POINT('',(-5.32215081498,0.585945757989,7.456840596941)
  );
#513 = CARTESIAN_POINT('',(-5.341341143041,0.617678556642,7.472217774289
    ));
#514 = CARTESIAN_POINT('',(-5.383164106376,0.680555606193,7.505730443924
    ));
#515 = CARTESIAN_POINT('',(-5.405933032671,0.711556637659,7.523975145972
    ));
#516 = CARTESIAN_POINT('',(-5.429893127463,0.741132125623,7.543174329319
    ));
#517 = CARTESIAN_POINT('',(-5.454969114868,0.769197310806,7.563267675525
    ));
#518 = CARTESIAN_POINT('',(-5.481081438471,0.795675773947,7.58419143617)
  );
#519 = CARTESIAN_POINT('',(-5.525552214905,0.836464051863,7.619825793953
    ));
#520 = CARTESIAN_POINT('',(-5.543352254883,0.851744274007,7.634088935817
    ));
#521 = CARTESIAN_POINT('',(-5.561524205729,0.866322028289,7.64865008923)
  );
#522 = CARTESIAN_POINT('',(-5.580045414887,0.880180684615,7.663491102736
    ));
#523 = CARTESIAN_POINT('',(-5.598892752775,0.893305056751,7.678593442642
    ));
#524 = CARTESIAN_POINT('',(-5.663353700036,0.934965463561,7.730245890425
    ));
#525 = CARTESIAN_POINT('',(-5.710359016485,0.960061812268,7.767911170827
    ));
#526 = CARTESIAN_POINT('',(-5.758745517117,0.980788120616,7.806683191772
    ));
#527 = CARTESIAN_POINT('',(-5.808189585052,0.997007507294,7.846302639605
    ));
#528 = CARTESIAN_POINT('',(-5.85835989589,1.008628326604,7.886504024644)
  );
#529 = CARTESIAN_POINT('',(-5.98085709328,1.025528815436,7.984660821291)
  );
#530 = CARTESIAN_POINT('',(-6.053589252723,1.02605124368,8.042940977378)
  );
#531 = CARTESIAN_POINT('',(-6.126142130666,1.017034597687,8.101077475503
    ));
#532 = CARTESIAN_POINT('',(-6.197540231787,0.998539804733,8.158288652917
    ));
#533 = CARTESIAN_POINT('',(-6.266818564699,0.970810532588,8.213801263658
    ));
#534 = CARTESIAN_POINT('',(-6.368358892347,0.914846319095,8.295165356101
    ));
#535 = CARTESIAN_POINT('',(-6.402805018005,0.892889389481,8.322766978207
    ));
#536 = CARTESIAN_POINT('',(-6.436244912063,0.868507247005,8.349562308638
    ));
#537 = CARTESIAN_POINT('',(-6.468542904688,0.841785311673,8.375442635386
    ));
#538 = CARTESIAN_POINT('',(-6.49956916631,0.812825275794,8.400303926237)
  );
#539 = CARTESIAN_POINT('',(-6.559357981404,0.750114389584,8.448212602435
    ));
#540 = CARTESIAN_POINT('',(-6.588071160318,0.71628715821,8.471220424032)
  );
#541 = CARTESIAN_POINT('',(-6.615210838803,0.68038847992,8.492967402403)
  );
#542 = CARTESIAN_POINT('',(-6.640656760231,0.642559155204,8.513357176114
    ));
#543 = CARTESIAN_POINT('',(-6.664299405803,0.602955561267,8.532301987939
    ));
#544 = CARTESIAN_POINT('',(-6.729607096262,0.479181780926,8.584632929612
    ));
#545 = CARTESIAN_POINT('',(-6.765551779863,0.390160177319,8.613435343659
    ));
#546 = CARTESIAN_POINT('',(-6.793070037826,0.296090697816,8.635485677123
    ));
#547 = CARTESIAN_POINT('',(-6.811617804741,0.198560007227,8.650347971316
    ));
#548 = CARTESIAN_POINT('',(-6.820888621391,9.927050439896E-02,
    8.657776660984));
#549 = CARTESIAN_POINT('',(-6.820888621391,8.881784197001E-16,
    8.657776660984));
#550 = PCURVE('',#397,#551);
#551 = DEFINITIONAL_REPRESENTATION('',(#552),#650);
#552 = B_SPLINE_CURVE_WITH_KNOTS('',6,(#553,#554,#555,#556,#557,#558,
    #559,#560,#561,#562,#563,#564,#565,#566,#567,#568,#569,#570,#571,
    #572,#573,#574,#575,#576,#577,#578,#579,#580,#581,#582,#583,#584,
    #585,#586,#587,#588,#589,#590,#591,#592,#593,#594,#595,#596,#597,
    #598,#599,#600,#601,#602,#603,#604,#605,#606,#607,#608,#609,#610,
    #611,#612,#613,#614,#615,#616,#617,#618,#619,#620,#621,#622,#623,
    #624,#625,#626,#627,#628,#629,#630,#631,#632,#633,#634,#635,#636,
    #637,#638,#639,#640,#641,#642,#643,#644,#645,#646,#647,#648,#649),
  .UNSPECIFIED.,.F.,.F.,(7,5,5,5,5,5,5,5,5,5,5,5,5,5,5,5,5,5,5,7),(0.,
    9.197978129601E-02,0.137883442476,0.182987391595,0.267580666843,
    0.327036686557,0.352164662746,0.39123662103,0.428145658856,
    0.451018562983,0.499636164372,0.571851042669,0.608760250249,
    0.647832395822,0.672960509725,0.732416931861,0.817010934032,
    0.862115299364,0.908019373956,1.),.UNSPECIFIED.);
#553 = CARTESIAN_POINT('',(2.238074670634,0.));
#554 = CARTESIAN_POINT('',(2.238074670634,9.714573823026E-02));
#555 = CARTESIAN_POINT('',(2.237831059201,0.194309747994));
#556 = CARTESIAN_POINT('',(2.237343677402,0.291404687201));
#557 = CARTESIAN_POINT('',(2.236616729895,0.388410236556));
#558 = CARTESIAN_POINT('',(2.235656876785,0.485309137511));
#559 = CARTESIAN_POINT('',(2.233887153022,0.63030864911));
#560 = CARTESIAN_POINT('',(2.233242945645,0.678544008563));
#561 = CARTESIAN_POINT('',(2.232545143684,0.726738154404));
#562 = CARTESIAN_POINT('',(2.231795417147,0.774889661675));
#563 = CARTESIAN_POINT('',(2.230995702276,0.822998033831));
#564 = CARTESIAN_POINT('',(2.229315542739,0.918289015673));
#565 = CARTESIAN_POINT('',(2.228436733481,0.965473949652));
#566 = CARTESIAN_POINT('',(2.227513936363,1.012616317256));
#567 = CARTESIAN_POINT('',(2.226549514787,1.05971750031));
#568 = CARTESIAN_POINT('',(2.225546113333,1.106779795013));
#569 = CARTESIAN_POINT('',(2.222557259122,1.24200237127));
#570 = CARTESIAN_POINT('',(2.220481017976,1.330075437774));
#571 = CARTESIAN_POINT('',(2.218297680427,1.418032593553));
#572 = CARTESIAN_POINT('',(2.216030243013,1.505911597367));
#573 = CARTESIAN_POINT('',(2.213705983027,1.593754758189));
#574 = CARTESIAN_POINT('',(2.209705731038,1.743328824393));
#575 = CARTESIAN_POINT('',(2.208042248755,1.805065913661));
#576 = CARTESIAN_POINT('',(2.206377363027,1.866816671801));
#577 = CARTESIAN_POINT('',(2.204723082457,1.928596710337));
#578 = CARTESIAN_POINT('',(2.203092289596,1.990420987833));
#579 = CARTESIAN_POINT('',(2.200825042911,2.0784526937));
#580 = CARTESIAN_POINT('',(2.200158116255,2.104614861759));
#581 = CARTESIAN_POINT('',(2.199498836971,2.130787908341));
#582 = CARTESIAN_POINT('',(2.198848244342,2.156972669568));
#583 = CARTESIAN_POINT('',(2.198207390193,2.183169895025));
#584 = CARTESIAN_POINT('',(2.19659766037,2.250135213509));
#585 = CARTESIAN_POINT('',(2.195644076271,2.290921988123));
#586 = CARTESIAN_POINT('',(2.194720628618,2.331743004033));
#587 = CARTESIAN_POINT('',(2.193831301489,2.37259995653));
#588 = CARTESIAN_POINT('',(2.192980021008,2.41349380377));
#589 = CARTESIAN_POINT('',(2.19140609402,2.49308989972));
#590 = CARTESIAN_POINT('',(2.190678898332,2.531788223833));
#591 = CARTESIAN_POINT('',(2.189992335048,2.570519739873));
#592 = CARTESIAN_POINT('',(2.189349455296,2.609283747022));
#593 = CARTESIAN_POINT('',(2.18875309456,2.648078842879));
#594 = CARTESIAN_POINT('',(2.187866753746,2.710962598945));
#595 = CARTESIAN_POINT('',(2.187546497564,2.735033419621));
#596 = CARTESIAN_POINT('',(2.187245719746,2.759114866236));
#597 = CARTESIAN_POINT('',(2.186964983046,2.783206324371));
#598 = CARTESIAN_POINT('',(2.18670479736,2.807307084435));
#599 = CARTESIAN_POINT('',(2.185957234652,2.882661878792));
#600 = CARTESIAN_POINT('',(2.185543744229,2.933946955184));
#601 = CARTESIAN_POINT('',(2.185229532343,2.985261542834));
#602 = CARTESIAN_POINT('',(2.185017675659,3.036597397237));
#603 = CARTESIAN_POINT('',(2.184909796223,3.087945345277));
#604 = CARTESIAN_POINT('',(2.184900147631,3.21556194274));
#605 = CARTESIAN_POINT('',(2.185123821652,3.291838646329));
#606 = CARTESIAN_POINT('',(2.185577187305,3.36807295458));
#607 = CARTESIAN_POINT('',(2.186252445478,3.44423977295));
#608 = CARTESIAN_POINT('',(2.187135190627,3.520319869622));
#609 = CARTESIAN_POINT('',(2.188753073728,3.635105082852));
#610 = CARTESIAN_POINT('',(2.189349431475,3.673900077733));
#611 = CARTESIAN_POINT('',(2.189992308062,3.712663984111));
#612 = CARTESIAN_POINT('',(2.190678868032,3.75139539958));
#613 = CARTESIAN_POINT('',(2.191406060286,3.79009362331));
#614 = CARTESIAN_POINT('',(2.192979980171,3.869689520919));
#615 = CARTESIAN_POINT('',(2.193831256989,3.910583270204));
#616 = CARTESIAN_POINT('',(2.1947205804,3.951440124901));
#617 = CARTESIAN_POINT('',(2.19564402431,3.992261043138));
#618 = CARTESIAN_POINT('',(2.196597604674,4.033047720173));
#619 = CARTESIAN_POINT('',(2.198207328846,4.100012896421));
#620 = CARTESIAN_POINT('',(2.198848181076,4.126210077172));
#621 = CARTESIAN_POINT('',(2.199498771819,4.152394793689));
#622 = CARTESIAN_POINT('',(2.200158049257,4.178567795549));
#623 = CARTESIAN_POINT('',(2.200824974112,4.204729918864));
#624 = CARTESIAN_POINT('',(2.203092216947,4.292761553715));
#625 = CARTESIAN_POINT('',(2.204723008077,4.354585804658));
#626 = CARTESIAN_POINT('',(2.206377287288,4.416365816271));
#627 = CARTESIAN_POINT('',(2.208042172027,4.478116547071));
#628 = CARTESIAN_POINT('',(2.209705653684,4.539853608557));
#629 = CARTESIAN_POINT('',(2.213705909305,4.689427766644));
#630 = CARTESIAN_POINT('',(2.216030173821,4.77727104669));
#631 = CARTESIAN_POINT('',(2.218297616195,4.865150169009));
#632 = CARTESIAN_POINT('',(2.220480958954,4.953107442859));
#633 = CARTESIAN_POINT('',(2.222557205413,5.041180627286));
#634 = CARTESIAN_POINT('',(2.225546068391,5.176403414224));
#635 = CARTESIAN_POINT('',(2.226549473272,5.223465801722));
#636 = CARTESIAN_POINT('',(2.227513898197,5.270567077664));
#637 = CARTESIAN_POINT('',(2.228436698566,5.317709538283));
#638 = CARTESIAN_POINT('',(2.229315510956,5.364894565434));
#639 = CARTESIAN_POINT('',(2.230995676349,5.460185724947));
#640 = CARTESIAN_POINT('',(2.231795393961,5.508294181596));
#641 = CARTESIAN_POINT('',(2.232545123102,5.556445773528));
#642 = CARTESIAN_POINT('',(2.233242927517,5.604640004213));
#643 = CARTESIAN_POINT('',(2.233887137185,5.652875448698));
#644 = CARTESIAN_POINT('',(2.235656867517,5.797875233457));
#645 = CARTESIAN_POINT('',(2.236616724231,5.89477431703));
#646 = CARTESIAN_POINT('',(2.237343674558,5.991780053778));
#647 = CARTESIAN_POINT('',(2.237831058271,6.088875181355));
#648 = CARTESIAN_POINT('',(2.238074670634,6.186039384118));
#649 = CARTESIAN_POINT('',(2.238074670634,6.28318530718));
#650 = ( GEOMETRIC_REPRESENTATION_CONTEXT(2) 
PARAMETRIC_REPRESENTATION_CONTEXT() REPRESENTATION_CONTEXT('2D SPACE',''
  ) );
#651 = PCURVE('',#652,#657);
#652 = PLANE('',#653);
#653 = AXIS2_PLACEMENT_3D('',#654,#655,#656);
#654 = CARTESIAN_POINT('',(-6.,0.,8.));
#655 = DIRECTION('',(0.625312634961,0.,0.780374338736));
#656 = DIRECTION('',(0.780374338736,0.,-0.625312634961));
#657 = DEFINITIONAL_REPRESENTATION('',(#658),#756);
#658 = B_SPLINE_CURVE_WITH_KNOTS('',6,(#659,#660,#661,#662,#663,#664,
    #665,#666,#667,#668,#669,#670,#671,#672,#673,#674,#675,#676,#677,
    #678,#679,#680,#681,#682,#683,#684,#685,#686,#687,#688,#689,#690,
    #691,#692,#693,#694,#695,#696,#697,#698,#699,#700,#701,#702,#703,
    #704,#705,#706,#707,#708,#709,#710,#711,#712,#713,#714,#715,#716,
    #717,#718,#719,#720,#721,#722,#723,#724,#725,#726,#727,#728,#729,
    #730,#731,#732,#733,#734,#735,#736,#737,#738,#739,#740,#741,#742,
    #743,#744,#745,#746,#747,#748,#749,#750,#751,#752,#753,#754,#755),
  .UNSPECIFIED.,.T.,.F.,(7,5,5,5,5,5,5,5,5,5,5,5,5,5,5,5,5,5,5,7),(0.,
    9.197978129601E-02,0.137883442476,0.182987391595,0.267580666843,
    0.327036686557,0.352164662746,0.39123662103,0.428145658856,
    0.451018562983,0.499636164372,0.571851042669,0.608760250249,
    0.647832395822,0.672960509725,0.732416931861,0.817010934032,
    0.862115299364,0.908019373956,1.),.UNSPECIFIED.);
#659 = CARTESIAN_POINT('',(-1.05191647219,8.881784197001E-16));
#660 = CARTESIAN_POINT('',(-1.05191647219,-9.927031552535E-02));
#661 = CARTESIAN_POINT('',(-1.040036556632,-0.198559621145));
#662 = CARTESIAN_POINT('',(-1.016268868339,-0.296090128847));
#663 = CARTESIAN_POINT('',(-0.981006109788,-0.390159446994));
#664 = CARTESIAN_POINT('',(-0.934945457778,-0.47918092068));
#665 = CARTESIAN_POINT('',(-0.851258113879,-0.602954559415));
#666 = CARTESIAN_POINT('',(-0.820961673383,-0.642558119456));
#667 = CARTESIAN_POINT('',(-0.788354455642,-0.680387419391));
#668 = CARTESIAN_POINT('',(-0.753576801071,-0.716286082645));
#669 = CARTESIAN_POINT('',(-0.716782809861,-0.750113309235));
#670 = CARTESIAN_POINT('',(-0.640167500955,-0.812824200148));
#671 = CARTESIAN_POINT('',(-0.600409454309,-0.841784246083));
#672 = CARTESIAN_POINT('',(-0.559021767825,-0.868506203113));
#673 = CARTESIAN_POINT('',(-0.516170808665,-0.892888379224));
#674 = CARTESIAN_POINT('',(-0.472030427889,-0.914845354574));
#675 = CARTESIAN_POINT('',(-0.341913297354,-0.970809757642));
#676 = CARTESIAN_POINT('',(-0.253137715214,-0.998539193037));
#677 = CARTESIAN_POINT('',(-0.161645770608,-1.01703418014));
#678 = CARTESIAN_POINT('',(-6.867403304901E-02,-1.0260510494));
#679 = CARTESIAN_POINT('',(2.452746755921E-02,-1.025528870887));
#680 = CARTESIAN_POINT('',(0.181499773207,-1.008628833345));
#681 = CARTESIAN_POINT('',(0.245789892604,-0.997008187132));
#682 = CARTESIAN_POINT('',(0.309149390294,-0.980788966839));
#683 = CARTESIAN_POINT('',(0.371153694407,-0.960062817251));
#684 = CARTESIAN_POINT('',(0.431388109697,-0.934966618851));
#685 = CARTESIAN_POINT('',(0.513990890311,-0.893306396841));
#686 = CARTESIAN_POINT('',(0.538142630536,-0.88018206483));
#687 = CARTESIAN_POINT('',(0.561876458138,-0.866323445055));
#688 = CARTESIAN_POINT('',(0.58516273385,-0.851745723757));
#689 = CARTESIAN_POINT('',(0.607972429679,-0.836465531045));
#690 = CARTESIAN_POINT('',(0.664959121235,-0.795677302264));
#691 = CARTESIAN_POINT('',(0.698420544818,-0.769198851556));
#692 = CARTESIAN_POINT('',(0.730553967042,-0.741133668248));
#693 = CARTESIAN_POINT('',(0.761257440551,-0.711558171923));
#694 = CARTESIAN_POINT('',(0.790434503237,-0.68055712227));
#695 = CARTESIAN_POINT('',(0.844028222405,-0.617680013264));
#696 = CARTESIAN_POINT('',(0.868619527139,-0.585947173884));
#697 = CARTESIAN_POINT('',(0.891691274287,-0.553103858844));
#698 = CARTESIAN_POINT('',(0.913173301755,-0.519234819089));
#699 = CARTESIAN_POINT('',(0.933002103527,-0.484430798608));
#700 = CARTESIAN_POINT('',(0.962349187532,-0.426700662747));
#701 = CARTESIAN_POINT('',(0.972920922893,-0.404290795186));
#702 = CARTESIAN_POINT('',(0.982822604245,-0.381581931756));
#703 = CARTESIAN_POINT('',(0.992042060118,-0.358597770969));
#704 = CARTESIAN_POINT('',(1.000568379068,-0.33536270984));
#705 = CARTESIAN_POINT('',(1.025021249371,-0.262034497664));
#706 = CARTESIAN_POINT('',(1.038475819508,-0.211145772129));
#707 = CARTESIAN_POINT('',(1.048662674253,-0.15947830797));
#708 = CARTESIAN_POINT('',(1.055518027987,-0.107283796193));
#709 = CARTESIAN_POINT('',(1.059008851737,-5.482043408036E-02));
#710 = CARTESIAN_POINT('',(1.059321057939,7.558679341786E-02));
#711 = CARTESIAN_POINT('',(1.052082620399,0.153548000742));
#712 = CARTESIAN_POINT('',(1.037416548144,0.230665610221));
#713 = CARTESIAN_POINT('',(1.015479414497,0.306098983492));
#714 = CARTESIAN_POINT('',(0.986571518278,0.379051462751));
#715 = CARTESIAN_POINT('',(0.93300279559,0.484429552682));
#716 = CARTESIAN_POINT('',(0.913174096144,0.51923350911));
#717 = CARTESIAN_POINT('',(0.89169217817,0.553102492007));
#718 = CARTESIAN_POINT('',(0.868620547054,0.585945757989));
#719 = CARTESIAN_POINT('',(0.844029364197,0.617678556642));
#720 = CARTESIAN_POINT('',(0.790435901087,0.680555606193));
#721 = CARTESIAN_POINT('',(0.761258972574,0.711556637659));
#722 = CARTESIAN_POINT('',(0.730555637516,0.741132125623));
#723 = CARTESIAN_POINT('',(0.698422357167,0.769197310806));
#724 = CARTESIAN_POINT('',(0.664961077999,0.795675773947));
#725 = CARTESIAN_POINT('',(0.607974611086,0.836464051863));
#726 = CARTESIAN_POINT('',(0.585164993837,0.851744274007));
#727 = CARTESIAN_POINT('',(0.561878796503,0.866322028289));
#728 = CARTESIAN_POINT('',(0.538145046893,0.880180684615));
#729 = CARTESIAN_POINT('',(0.513993384091,0.893305056751));
#730 = CARTESIAN_POINT('',(0.431390786772,0.934965463561));
#731 = CARTESIAN_POINT('',(0.371156468297,0.960061812268));
#732 = CARTESIAN_POINT('',(0.309152250282,0.980788120616));
#733 = CARTESIAN_POINT('',(0.245792827143,0.997007507294));
#734 = CARTESIAN_POINT('',(0.181502769991,1.008628326604));
#735 = CARTESIAN_POINT('',(2.453041543015E-02,1.025528815436));
#736 = CARTESIAN_POINT('',(-6.867121336931E-02,1.02605124368));
#737 = CARTESIAN_POINT('',(-0.161643104347,1.017034597687));
#738 = CARTESIAN_POINT('',(-0.253135222395,0.998539804733));
#739 = CARTESIAN_POINT('',(-0.341910992526,0.970810532588));
#740 = CARTESIAN_POINT('',(-0.472028453606,0.914846319095));
#741 = CARTESIAN_POINT('',(-0.516168969187,0.892889389481));
#742 = CARTESIAN_POINT('',(-0.559020063075,0.868507247005));
#743 = CARTESIAN_POINT('',(-0.600407883025,0.841785311673));
#744 = CARTESIAN_POINT('',(-0.640166060713,0.812825275794));
#745 = CARTESIAN_POINT('',(-0.716781618306,0.750114389584));
#746 = CARTESIAN_POINT('',(-0.753575727862,0.71628715821));
#747 = CARTESIAN_POINT('',(-0.788353496861,0.68038847992));
#748 = CARTESIAN_POINT('',(-0.820960824094,0.642559155204));
#749 = CARTESIAN_POINT('',(-0.851257368199,0.602955561267));
#750 = CARTESIAN_POINT('',(-0.934945012983,0.479181780926));
#751 = CARTESIAN_POINT('',(-0.981005835101,0.390160177319));
#752 = CARTESIAN_POINT('',(-1.016268729581,0.296090697816));
#753 = CARTESIAN_POINT('',(-1.040036511266,0.198560007227));
#754 = CARTESIAN_POINT('',(-1.05191647219,9.927050439896E-02));
#755 = CARTESIAN_POINT('',(-1.05191647219,8.881784197001E-16));
#756 = ( GEOMETRIC_REPRESENTATION_CONTEXT(2) 
PARAMETRIC_REPRESENTATION_CONTEXT() REPRESENTATION_CONTEXT('2D SPACE',''
  ) );
#757 = ORIENTED_EDGE('',*,*,#758,.T.);
#758 = EDGE_CURVE('',#449,#359,#759,.T.);
#759 = SEAM_CURVE('',#760,(#765,#772),.PCURVE_S1.);
#760 = CIRCLE('',#761,11.02187);
#761 = AXIS2_PLACEMENT_3D('',#762,#763,#764);
#762 = CARTESIAN_POINT('',(0.,2.502859649289E-16,-2.778732410046E-32));
#763 = DIRECTION('',(0.,-1.,1.110223024625E-16));
#764 = DIRECTION('',(1.,0.,0.));
#765 = PCURVE('',#397,#766);
#766 = DEFINITIONAL_REPRESENTATION('',(#767),#771);
#767 = LINE('',#768,#769);
#768 = CARTESIAN_POINT('',(0.,0.));
#769 = VECTOR('',#770,1.);
#770 = DIRECTION('',(1.,0.));
#771 = ( GEOMETRIC_REPRESENTATION_CONTEXT(2) 
PARAMETRIC_REPRESENTATION_CONTEXT() REPRESENTATION_CONTEXT('2D SPACE',''
  ) );
#772 = PCURVE('',#397,#773);
#773 = DEFINITIONAL_REPRESENTATION('',(#774),#778);
#774 = LINE('',#775,#776);
#775 = CARTESIAN_POINT('',(0.,6.28318530718));
#776 = VECTOR('',#777,1.);
#777 = DIRECTION('',(1.,0.));
#778 = ( GEOMETRIC_REPRESENTATION_CONTEXT(2) 
PARAMETRIC_REPRESENTATION_CONTEXT() REPRESENTATION_CONTEXT('2D SPACE',''
  ) );
#779 = ORIENTED_EDGE('',*,*,#382,.T.);
#780 = ORIENTED_EDGE('',*,*,#758,.F.);
#781 = ADVANCED_FACE('',(#782),#430,.T.);
#782 = FACE_BOUND('',#783,.T.);
#783 = EDGE_LOOP('',(#784,#815,#836,#837,#838,#862,#905,#939,#968,#1476,
    #1500,#1529));
#784 = ORIENTED_EDGE('',*,*,#785,.F.);
#785 = EDGE_CURVE('',#786,#788,#790,.T.);
#786 = VERTEX_POINT('',#787);
#787 = CARTESIAN_POINT('',(4.50951033371,-2.74107794466E-16,
    11.649806129164));
#788 = VERTEX_POINT('',#789);
#789 = CARTESIAN_POINT('',(3.81085391108,1.096514837704,11.089973921874)
  );
#790 = SURFACE_CURVE('',#791,(#796,#803),.PCURVE_S1.);
#791 = CIRCLE('',#792,1.11913);
#792 = AXIS2_PLACEMENT_3D('',#793,#794,#795);
#793 = CARTESIAN_POINT('',(3.63617,0.,10.95));
#794 = DIRECTION('',(-0.625312634961,0.,0.780374338736));
#795 = DIRECTION('',(0.780374338736,0.,0.625312634961));
#796 = PCURVE('',#430,#797);
#797 = DEFINITIONAL_REPRESENTATION('',(#798),#802);
#798 = LINE('',#799,#800);
#799 = CARTESIAN_POINT('',(0.,3.780237065172));
#800 = VECTOR('',#801,1.);
#801 = DIRECTION('',(1.,0.));
#802 = ( GEOMETRIC_REPRESENTATION_CONTEXT(2) 
PARAMETRIC_REPRESENTATION_CONTEXT() REPRESENTATION_CONTEXT('2D SPACE',''
  ) );
#803 = PCURVE('',#804,#809);
#804 = PLANE('',#805);
#805 = AXIS2_PLACEMENT_3D('',#806,#807,#808);
#806 = CARTESIAN_POINT('',(3.63617,0.,10.95));
#807 = DIRECTION('',(-0.625312634961,0.,0.780374338736));
#808 = DIRECTION('',(0.780374338736,0.,0.625312634961));
#809 = DEFINITIONAL_REPRESENTATION('',(#810),#814);
#810 = CIRCLE('',#811,1.11913);
#811 = AXIS2_PLACEMENT_2D('',#812,#813);
#812 = CARTESIAN_POINT('',(0.,0.));
#813 = DIRECTION('',(1.,0.));
#814 = ( GEOMETRIC_REPRESENTATION_CONTEXT(2) 
PARAMETRIC_REPRESENTATION_CONTEXT() REPRESENTATION_CONTEXT('2D SPACE',''
  ) );
#815 = ORIENTED_EDGE('',*,*,#816,.F.);
#816 = EDGE_CURVE('',#414,#786,#817,.T.);
#817 = SEAM_CURVE('',#818,(#822,#829),.PCURVE_S1.);
#818 = LINE('',#819,#820);
#819 = CARTESIAN_POINT('',(6.87334033371,-2.74107794466E-16,
    8.699806129164));
#820 = VECTOR('',#821,1.);
#821 = DIRECTION('',(-0.625312634961,0.,0.780374338736));
#822 = PCURVE('',#430,#823);
#823 = DEFINITIONAL_REPRESENTATION('',(#824),#828);
#824 = LINE('',#825,#826);
#825 = CARTESIAN_POINT('',(6.28318530718,-0.));
#826 = VECTOR('',#827,1.);
#827 = DIRECTION('',(0.,1.));
#828 = ( GEOMETRIC_REPRESENTATION_CONTEXT(2) 
PARAMETRIC_REPRESENTATION_CONTEXT() REPRESENTATION_CONTEXT('2D SPACE',''
  ) );
#829 = PCURVE('',#430,#830);
#830 = DEFINITIONAL_REPRESENTATION('',(#831),#835);
#831 = LINE('',#832,#833);
#832 = CARTESIAN_POINT('',(0.,-0.));
#833 = VECTOR('',#834,1.);
#834 = DIRECTION('',(0.,1.));
#835 = ( GEOMETRIC_REPRESENTATION_CONTEXT(2) 
PARAMETRIC_REPRESENTATION_CONTEXT() REPRESENTATION_CONTEXT('2D SPACE',''
  ) );
#836 = ORIENTED_EDGE('',*,*,#413,.T.);
#837 = ORIENTED_EDGE('',*,*,#816,.T.);
#838 = ORIENTED_EDGE('',*,*,#839,.F.);
#839 = EDGE_CURVE('',#840,#786,#842,.T.);
#840 = VERTEX_POINT('',#841);
#841 = CARTESIAN_POINT('',(3.81085391108,-1.096514837704,11.089973921874
    ));
#842 = SURFACE_CURVE('',#843,(#848,#855),.PCURVE_S1.);
#843 = CIRCLE('',#844,1.11913);
#844 = AXIS2_PLACEMENT_3D('',#845,#846,#847);
#845 = CARTESIAN_POINT('',(3.63617,0.,10.95));
#846 = DIRECTION('',(-0.625312634961,0.,0.780374338736));
#847 = DIRECTION('',(0.780374338736,0.,0.625312634961));
#848 = PCURVE('',#430,#849);
#849 = DEFINITIONAL_REPRESENTATION('',(#850),#854);
#850 = LINE('',#851,#852);
#851 = CARTESIAN_POINT('',(0.,3.780237065172));
#852 = VECTOR('',#853,1.);
#853 = DIRECTION('',(1.,0.));
#854 = ( GEOMETRIC_REPRESENTATION_CONTEXT(2) 
PARAMETRIC_REPRESENTATION_CONTEXT() REPRESENTATION_CONTEXT('2D SPACE',''
  ) );
#855 = PCURVE('',#804,#856);
#856 = DEFINITIONAL_REPRESENTATION('',(#857),#861);
#857 = CIRCLE('',#858,1.11913);
#858 = AXIS2_PLACEMENT_2D('',#859,#860);
#859 = CARTESIAN_POINT('',(0.,0.));
#860 = DIRECTION('',(1.,0.));
#861 = ( GEOMETRIC_REPRESENTATION_CONTEXT(2) 
PARAMETRIC_REPRESENTATION_CONTEXT() REPRESENTATION_CONTEXT('2D SPACE',''
  ) );
#862 = ORIENTED_EDGE('',*,*,#863,.F.);
#863 = EDGE_CURVE('',#864,#840,#866,.T.);
#864 = VERTEX_POINT('',#865);
#865 = CARTESIAN_POINT('',(3.804687389489,-1.117723664045,10.65));
#866 = SURFACE_CURVE('',#867,(#876,#888),.PCURVE_S1.);
#867 = B_SPLINE_CURVE_WITH_KNOTS('',4,(#868,#869,#870,#871,#872,#873,
    #874,#875),.UNSPECIFIED.,.F.,.F.,(5,3,5),(0.,0.344026482562,1.),
  .UNSPECIFIED.);
#868 = CARTESIAN_POINT('',(3.804687394957,-1.117723645432,10.6499994));
#869 = CARTESIAN_POINT('',(3.804342367825,-1.118898104237,
    10.687859036803));
#870 = CARTESIAN_POINT('',(3.80418689642,-1.119425511552,10.725738968207
    ));
#871 = CARTESIAN_POINT('',(3.804227066854,-1.119289720403,
    10.763628343958));
#872 = CARTESIAN_POINT('',(3.80492921977,-1.116901347553,10.873753137524
    ));
#873 = CARTESIAN_POINT('',(3.806121561242,-1.112841290286,
    10.945966811675));
#874 = CARTESIAN_POINT('',(3.808087010243,-1.106130992105,
    11.018096980247));
#875 = CARTESIAN_POINT('',(3.810853941619,-1.096514731567,
    11.089974715207));
#876 = PCURVE('',#430,#877);
#877 = DEFINITIONAL_REPRESENTATION('',(#878),#887);
#878 = B_SPLINE_CURVE_WITH_KNOTS('',4,(#879,#880,#881,#882,#883,#884,
    #885,#886),.UNSPECIFIED.,.F.,.F.,(5,3,5),(0.,0.344026482562,1.),
  .UNSPECIFIED.);
#879 = CARTESIAN_POINT('',(4.662250907989,3.440748239049));
#880 = CARTESIAN_POINT('',(4.683190662663,3.470508677909));
#881 = CARTESIAN_POINT('',(4.704244804446,3.500166422564));
#882 = CARTESIAN_POINT('',(4.725435121987,3.52970920003));
#883 = CARTESIAN_POINT('',(4.787493547822,3.615208697898));
#884 = CARTESIAN_POINT('',(4.828775541226,3.670816809924));
#885 = CARTESIAN_POINT('',(4.870806780675,3.725876322433));
#886 = CARTESIAN_POINT('',(4.913765891693,3.780237665172));
#887 = ( GEOMETRIC_REPRESENTATION_CONTEXT(2) 
PARAMETRIC_REPRESENTATION_CONTEXT() REPRESENTATION_CONTEXT('2D SPACE',''
  ) );
#888 = PCURVE('',#889,#894);
#889 = CYLINDRICAL_SURFACE('',#890,3.96547);
#890 = AXIS2_PLACEMENT_3D('',#891,#892,#893);
#891 = CARTESIAN_POINT('',(0.,0.,10.65));
#892 = DIRECTION('',(-0.,-0.,-1.));
#893 = DIRECTION('',(1.,0.,0.));
#894 = DEFINITIONAL_REPRESENTATION('',(#895),#904);
#895 = B_SPLINE_CURVE_WITH_KNOTS('',4,(#896,#897,#898,#899,#900,#901,
    #902,#903),.UNSPECIFIED.,.F.,.F.,(5,3,5),(0.,0.344026482562,1.),
  .UNSPECIFIED.);
#896 = CARTESIAN_POINT('',(-5.997448872378,6.000000000173E-07));
#897 = CARTESIAN_POINT('',(-5.997140185045,-3.785903680302E-02));
#898 = CARTESIAN_POINT('',(-5.9970015268,-7.573896820728E-02));
#899 = CARTESIAN_POINT('',(-5.997037237083,-0.113628343958));
#900 = CARTESIAN_POINT('',(-5.997665018012,-0.223753137524));
#901 = CARTESIAN_POINT('',(-5.998732113218,-0.295966811675));
#902 = CARTESIAN_POINT('',(-6.000495373809,-0.368096980247));
#903 = CARTESIAN_POINT('',(-6.003018761135,-0.439974715207));
#904 = ( GEOMETRIC_REPRESENTATION_CONTEXT(2) 
PARAMETRIC_REPRESENTATION_CONTEXT() REPRESENTATION_CONTEXT('2D SPACE',''
  ) );
#905 = ORIENTED_EDGE('',*,*,#906,.F.);
#906 = EDGE_CURVE('',#907,#864,#909,.T.);
#907 = VERTEX_POINT('',#908);
#908 = CARTESIAN_POINT('',(3.261777594455,-1.011079761231,10.65));
#909 = SURFACE_CURVE('',#910,(#915,#927),.PCURVE_S1.);
#910 = ELLIPSE('',#911,1.434093798897,1.11913);
#911 = AXIS2_PLACEMENT_3D('',#912,#913,#914);
#912 = CARTESIAN_POINT('',(3.876559491525,0.,10.65));
#913 = DIRECTION('',(0.,0.,1.));
#914 = DIRECTION('',(-1.,0.,0.));
#915 = PCURVE('',#430,#916);
#916 = DEFINITIONAL_REPRESENTATION('',(#917),#926);
#917 = B_SPLINE_CURVE_WITH_KNOTS('',7,(#918,#919,#920,#921,#922,#923,
    #924,#925),.UNSPECIFIED.,.F.,.F.,(8,8),(1.127753128776,
    2.233214856004),.PIECEWISE_BEZIER_KNOTS.);
#918 = CARTESIAN_POINT('',(4.269345782366,3.780237665172));
#919 = CARTESIAN_POINT('',(4.427268886256,3.652292122716));
#920 = CARTESIAN_POINT('',(4.585191990146,3.513161041986));
#921 = CARTESIAN_POINT('',(4.743115094034,3.368056233593));
#922 = CARTESIAN_POINT('',(4.901038197926,3.222873069815));
#923 = CARTESIAN_POINT('',(5.058961301814,3.083659687423));
#924 = CARTESIAN_POINT('',(5.216884405704,2.955944917989));
#925 = CARTESIAN_POINT('',(5.374807509594,2.844277613947));
#926 = ( GEOMETRIC_REPRESENTATION_CONTEXT(2) 
PARAMETRIC_REPRESENTATION_CONTEXT() REPRESENTATION_CONTEXT('2D SPACE',''
  ) );
#927 = PCURVE('',#928,#933);
#928 = PLANE('',#929);
#929 = AXIS2_PLACEMENT_3D('',#930,#931,#932);
#930 = CARTESIAN_POINT('',(-2.586276278485E-16,3.553785842766E-16,10.65)
  );
#931 = DIRECTION('',(0.,0.,1.));
#932 = DIRECTION('',(1.,0.,-0.));
#933 = DEFINITIONAL_REPRESENTATION('',(#934),#938);
#934 = ELLIPSE('',#935,1.434093798897,1.11913);
#935 = AXIS2_PLACEMENT_2D('',#936,#937);
#936 = CARTESIAN_POINT('',(3.876559491525,-3.553785842766E-16));
#937 = DIRECTION('',(-1.,0.));
#938 = ( GEOMETRIC_REPRESENTATION_CONTEXT(2) 
PARAMETRIC_REPRESENTATION_CONTEXT() REPRESENTATION_CONTEXT('2D SPACE',''
  ) );
#939 = ORIENTED_EDGE('',*,*,#940,.F.);
#940 = EDGE_CURVE('',#941,#907,#943,.T.);
#941 = VERTEX_POINT('',#942);
#942 = CARTESIAN_POINT('',(2.926765683323,-0.652739112843,
    10.381555523427));
#943 = SURFACE_CURVE('',#944,(#949,#956),.PCURVE_S1.);
#944 = CIRCLE('',#945,1.11913);
#945 = AXIS2_PLACEMENT_3D('',#946,#947,#948);
#946 = CARTESIAN_POINT('',(3.63617,0.,10.95));
#947 = DIRECTION('',(-0.625312634961,0.,0.780374338736));
#948 = DIRECTION('',(0.780374338736,0.,0.625312634961));
#949 = PCURVE('',#430,#950);
#950 = DEFINITIONAL_REPRESENTATION('',(#951),#955);
#951 = LINE('',#952,#953);
#952 = CARTESIAN_POINT('',(0.,3.780237065172));
#953 = VECTOR('',#954,1.);
#954 = DIRECTION('',(1.,0.));
#955 = ( GEOMETRIC_REPRESENTATION_CONTEXT(2) 
PARAMETRIC_REPRESENTATION_CONTEXT() REPRESENTATION_CONTEXT('2D SPACE',''
  ) );
#956 = PCURVE('',#957,#962);
#957 = PLANE('',#958);
#958 = AXIS2_PLACEMENT_3D('',#959,#960,#961);
#959 = CARTESIAN_POINT('',(3.63617,0.,10.95));
#960 = DIRECTION('',(-0.625312634961,0.,0.780374338736));
#961 = DIRECTION('',(0.780374338736,0.,0.625312634961));
#962 = DEFINITIONAL_REPRESENTATION('',(#963),#967);
#963 = CIRCLE('',#964,1.11913);
#964 = AXIS2_PLACEMENT_2D('',#965,#966);
#965 = CARTESIAN_POINT('',(0.,0.));
#966 = DIRECTION('',(1.,0.));
#967 = ( GEOMETRIC_REPRESENTATION_CONTEXT(2) 
PARAMETRIC_REPRESENTATION_CONTEXT() REPRESENTATION_CONTEXT('2D SPACE',''
  ) );
#968 = ORIENTED_EDGE('',*,*,#969,.T.);
#969 = EDGE_CURVE('',#941,#970,#972,.T.);
#970 = VERTEX_POINT('',#971);
#971 = CARTESIAN_POINT('',(2.926765683323,0.652739112843,10.381555523427
    ));
#972 = SURFACE_CURVE('',#973,(#1137,#1304),.PCURVE_S1.);
#973 = B_SPLINE_CURVE_WITH_KNOTS('',8,(#974,#975,#976,#977,#978,#979,
    #980,#981,#982,#983,#984,#985,#986,#987,#988,#989,#990,#991,#992,
    #993,#994,#995,#996,#997,#998,#999,#1000,#1001,#1002,#1003,#1004,
    #1005,#1006,#1007,#1008,#1009,#1010,#1011,#1012,#1013,#1014,#1015,
    #1016,#1017,#1018,#1019,#1020,#1021,#1022,#1023,#1024,#1025,#1026,
    #1027,#1028,#1029,#1030,#1031,#1032,#1033,#1034,#1035,#1036,#1037,
    #1038,#1039,#1040,#1041,#1042,#1043,#1044,#1045,#1046,#1047,#1048,
    #1049,#1050,#1051,#1052,#1053,#1054,#1055,#1056,#1057,#1058,#1059,
    #1060,#1061,#1062,#1063,#1064,#1065,#1066,#1067,#1068,#1069,#1070,
    #1071,#1072,#1073,#1074,#1075,#1076,#1077,#1078,#1079,#1080,#1081,
    #1082,#1083,#1084,#1085,#1086,#1087,#1088,#1089,#1090,#1091,#1092,
    #1093,#1094,#1095,#1096,#1097,#1098,#1099,#1100,#1101,#1102,#1103,
    #1104,#1105,#1106,#1107,#1108,#1109,#1110,#1111,#1112,#1113,#1114,
    #1115,#1116,#1117,#1118,#1119,#1120,#1121,#1122,#1123,#1124,#1125,
    #1126,#1127,#1128,#1129,#1130,#1131,#1132,#1133,#1134,#1135,#1136),
  .UNSPECIFIED.,.F.,.F.,(9,7,7,7,7,7,7,7,7,7,7,7,7,7,7,7,7,7,7,7,7,7,7,9
    ),(0.,6.601898228088E-02,0.149076231886,0.274550632772,
    0.312203096011,0.352786676868,0.377484376513,0.393105789255,
    0.413068225441,0.430377411916,0.446017120587,0.500522190995,
    0.554037160255,0.569676804587,0.586985845954,0.606947891547,
    0.622568620458,0.647263556873,0.67902026824,0.69876712462,
    0.770668534935,0.85080632144,0.932088243764,1.),.UNSPECIFIED.);
#974 = CARTESIAN_POINT('',(2.926765169933,-0.652738866201,10.38155588091
    ));
#975 = CARTESIAN_POINT('',(2.985205764401,-0.680814694075,
    10.340862672595));
#976 = CARTESIAN_POINT('',(3.04435431094,-0.70678864269,10.299273780125)
  );
#977 = CARTESIAN_POINT('',(3.104018710558,-0.730902942098,
    10.256893039914));
#978 = CARTESIAN_POINT('',(3.164050357501,-0.753342335261,
    10.213798271167));
#979 = CARTESIAN_POINT('',(3.224332808215,-0.774256010379,
    10.170047505182));
#980 = CARTESIAN_POINT('',(3.284774145706,-0.793771749351,
    10.125682627195));
#981 = CARTESIAN_POINT('',(3.345303039287,-0.812002292397,
    10.080730430796));
#982 = CARTESIAN_POINT('',(3.48206477528,-0.850483671006,9.977921464465)
  );
#983 = CARTESIAN_POINT('',(3.558296967096,-0.870036056675,9.919744761746
    ));
#984 = CARTESIAN_POINT('',(3.634445971789,-0.887891481695,9.860705415876
    ));
#985 = CARTESIAN_POINT('',(3.710406995872,-0.904200442715,9.800823634488
    ));
#986 = CARTESIAN_POINT('',(3.786084695038,-0.919086258128,9.740107214503
    ));
#987 = CARTESIAN_POINT('',(3.861388173166,-0.932652878147,9.678551114688
    ));
#988 = CARTESIAN_POINT('',(3.936225841086,-0.944987774,9.616134780005));
#989 = CARTESIAN_POINT('',(4.122706144589,-0.973037621359,9.457163518242
    ));
#990 = CARTESIAN_POINT('',(4.233398256598,-0.987226904293,9.359647080394
    ));
#991 = CARTESIAN_POINT('',(4.342457449802,-0.999022187156,9.259964224241
    ));
#992 = CARTESIAN_POINT('',(4.449543812607,-1.008544174242,9.157825426194
    ));
#993 = CARTESIAN_POINT('',(4.554073617,-1.015872167504,9.052947184572));
#994 = CARTESIAN_POINT('',(4.655066286924,-1.020811707783,8.944970537055
    ));
#995 = CARTESIAN_POINT('',(4.751090526341,-1.023147759327,8.833412765509
    ));
#996 = CARTESIAN_POINT('',(4.865903300507,-1.020926753702,8.68219566196)
  );
#997 = CARTESIAN_POINT('',(4.891690711899,-1.020050232958,8.646888865908
    ));
#998 = CARTESIAN_POINT('',(4.916688493347,-1.018771456125,8.611152528974
    ));
#999 = CARTESIAN_POINT('',(4.940800566108,-1.017042897837,8.574970088235
    ));
#1000 = CARTESIAN_POINT('',(4.963909741231,-1.01480520502,8.538334652107
    ));
#1001 = CARTESIAN_POINT('',(4.985879792297,-1.011984715064,
    8.501250462414));
#1002 = CARTESIAN_POINT('',(5.00656092669,-1.008491175843,8.463735816401
    ));
#1003 = CARTESIAN_POINT('',(5.046533976558,-0.999607325377,
    8.384968042065));
#1004 = CARTESIAN_POINT('',(5.065602566938,-0.99408841971,8.343631570725
    ));
#1005 = CARTESIAN_POINT('',(5.082787338472,-0.987525735743,
    8.301904628879));
#1006 = CARTESIAN_POINT('',(5.097871646449,-0.979768595572,
    8.259911558653));
#1007 = CARTESIAN_POINT('',(5.110660249503,-0.970649935536,
    8.217817958394));
#1008 = CARTESIAN_POINT('',(5.121023132698,-0.960000563234,
    8.175835697161));
#1009 = CARTESIAN_POINT('',(5.128934875212,-0.947678504946,
    8.134223280249));
#1010 = CARTESIAN_POINT('',(5.137858172277,-0.925057029097,
    8.068356017964));
#1011 = CARTESIAN_POINT('',(5.140359252761,-0.915852010029,
    8.043676952862));
#1012 = CARTESIAN_POINT('',(5.142004581916,-0.905982811035,
    8.019301751636));
#1013 = CARTESIAN_POINT('',(5.142829902534,-0.895438047711,
    7.995287488731));
#1014 = CARTESIAN_POINT('',(5.142884037493,-0.884212467493,
    7.971684991457));
#1015 = CARTESIAN_POINT('',(5.142225323352,-0.872306980026,
    7.948539054773));
#1016 = CARTESIAN_POINT('',(5.140918043964,-0.859728687537,
    7.925888656051));
#1017 = CARTESIAN_POINT('',(5.137833948778,-0.838117961103,
    7.889775224402));
#1018 = CARTESIAN_POINT('',(5.136406141611,-0.829480513772,
    7.875993858271));
#1019 = CARTESIAN_POINT('',(5.134762255556,-0.820581273578,
    7.862430736123));
#1020 = CARTESIAN_POINT('',(5.132919341736,-0.811423570443,
    7.849092417518));
#1021 = CARTESIAN_POINT('',(5.130894466627,-0.802011253218,
    7.835984459398));
#1022 = CARTESIAN_POINT('',(5.128704489286,-0.792348579058,
    7.823111518575));
#1023 = CARTESIAN_POINT('',(5.126365838576,-0.782440102805,7.81047745422
    ));
#1024 = CARTESIAN_POINT('',(5.120735925415,-0.75932058234,7.782249795634
    ));
#1025 = CARTESIAN_POINT('',(5.117360586991,-0.745957167413,
    7.766809693412));
#1026 = CARTESIAN_POINT('',(5.113801360481,-0.732210018295,7.75177138835
    ));
#1027 = CARTESIAN_POINT('',(5.110089691056,-0.718089640286,
    7.737139811133));
#1028 = CARTESIAN_POINT('',(5.10625527132,-0.703607104259,7.722918739953
    ));
#1029 = CARTESIAN_POINT('',(5.102325928929,-0.68877380365,7.709110982023
    ));
#1030 = CARTESIAN_POINT('',(5.098327514211,-0.673601211449,
    7.695718555077));
#1031 = CARTESIAN_POINT('',(5.09077752161,-0.644660277113,7.671491808631
    ));
#1032 = CARTESIAN_POINT('',(5.087237306708,-0.630973480819,
    7.660554260009));
#1033 = CARTESIAN_POINT('',(5.083678627335,-0.61704782894,7.649931132706
    ));
#1034 = CARTESIAN_POINT('',(5.080116011872,-0.602890963953,
    7.639623216526));
#1035 = CARTESIAN_POINT('',(5.076563032831,-0.588510590183,
    7.629631181378));
#1036 = CARTESIAN_POINT('',(5.073032306851,-0.573914473799,
    7.619955577279));
#1037 = CARTESIAN_POINT('',(5.0695354947,-0.559110442817,7.610596834351)
  );
#1038 = CARTESIAN_POINT('',(5.062964073253,-0.530549478418,
    7.593385754401));
#1039 = CARTESIAN_POINT('',(5.059881357269,-0.516829285267,
    7.585475245118));
#1040 = CARTESIAN_POINT('',(5.056843069477,-0.502951619353,
    7.577824011092));
#1041 = CARTESIAN_POINT('',(5.053856634874,-0.488922323488,
    7.570432320314));
#1042 = CARTESIAN_POINT('',(5.050928987294,-0.474747271584,
    7.563300432646));
#1043 = CARTESIAN_POINT('',(5.048066569412,-0.460432368654,
    7.556428599824));
#1044 = CARTESIAN_POINT('',(5.045275332743,-0.445983550811,
    7.549817065459));
#1045 = CARTESIAN_POINT('',(5.033100254697,-0.380606118273,
    7.521332550092));
#1046 = CARTESIAN_POINT('',(5.02457171565,-0.328255037492,7.502364961606
    ));
#1047 = CARTESIAN_POINT('',(5.017207334203,-0.274600679824,
    7.486570481097));
#1048 = CARTESIAN_POINT('',(5.011178064561,-0.219900535817,
    7.473960988518));
#1049 = CARTESIAN_POINT('',(5.00660443285,-0.1644181698,7.464547564131)
  );
#1050 = CARTESIAN_POINT('',(5.003563782606,-0.108419555905,7.45833747516
    ));
#1051 = CARTESIAN_POINT('',(5.002093934346,-5.217002995535E-02,
    7.455333647233));
#1052 = CARTESIAN_POINT('',(5.002290779843,5.928473196553E-02,
    7.455735906877));
#1053 = CARTESIAN_POINT('',(5.003900974222,0.114484541797,7.459026525308
    ));
#1054 = CARTESIAN_POINT('',(5.007022002574,0.169419264724,7.465407687742
    ));
#1055 = CARTESIAN_POINT('',(5.01161535238,0.223837847385,7.474876338065)
  );
#1056 = CARTESIAN_POINT('',(5.017605605333,0.277488727077,7.487425438981
    ));
#1057 = CARTESIAN_POINT('',(5.024876977134,0.330122633685,7.503044498098
    ));
#1058 = CARTESIAN_POINT('',(5.033266630145,0.381495957029,7.521722333312
    ));
#1059 = CARTESIAN_POINT('',(5.045269196226,0.445951638018,7.549802552401
    ));
#1060 = CARTESIAN_POINT('',(5.048060283683,0.460400659529,7.55641355975)
  );
#1061 = CARTESIAN_POINT('',(5.05092256156,0.474715776954,7.563284864044)
  );
#1062 = CARTESIAN_POINT('',(5.053850079036,0.488891054204,7.570416221676
    ));
#1063 = CARTESIAN_POINT('',(5.056836394169,0.502920586289,7.577807380921
    ));
#1064 = CARTESIAN_POINT('',(5.059874573899,0.516798499316,7.585458081936
    ));
#1065 = CARTESIAN_POINT('',(5.062957194051,0.530518950495,7.593368056754
    ));
#1066 = CARTESIAN_POINT('',(5.069528426444,0.559080417461,7.610577969133
    ));
#1067 = CARTESIAN_POINT('',(5.073025147939,0.573884697149,7.619936075952
    ));
#1068 = CARTESIAN_POINT('',(5.076555800235,0.58848107747,7.629611039549)
  );
#1069 = CARTESIAN_POINT('',(5.080108723969,0.602861730533,7.639602429891
    ));
#1070 = CARTESIAN_POINT('',(5.083671303993,0.617018890278,7.649909697105
    ));
#1071 = CARTESIAN_POINT('',(5.087229969376,0.630944852482,7.660532171483
    ));
#1072 = CARTESIAN_POINT('',(5.090770193405,0.644631974754,7.67146906348)
  );
#1073 = CARTESIAN_POINT('',(5.098320214,0.673573471535,7.695694243642));
#1074 = CARTESIAN_POINT('',(5.102318656817,0.688746312736,7.709085750546
    ));
#1075 = CARTESIAN_POINT('',(5.106248064846,0.70357989107,7.722892575245)
  );
#1076 = CARTESIAN_POINT('',(5.110082591486,0.718062734,7.737112700822));
#1077 = CARTESIAN_POINT('',(5.113794412984,0.732183448476,7.751743321187
    ));
#1078 = CARTESIAN_POINT('',(5.117353840702,0.745930963874,7.766780659637
    ));
#1079 = CARTESIAN_POINT('',(5.120729433386,0.759294774944,7.782219787414
    ));
#1080 = CARTESIAN_POINT('',(5.126359841191,0.782414808673,7.810445399385
    ));
#1081 = CARTESIAN_POINT('',(5.128698716688,0.792323402213,7.823078381952
    ));
#1082 = CARTESIAN_POINT('',(5.130888962941,0.801986223761,7.835950227421
    ));
#1083 = CARTESIAN_POINT('',(5.132914153983,0.811398718621,7.849057078351
    ));
#1084 = CARTESIAN_POINT('',(5.134757433514,0.820556629601,7.862394279945
    ));
#1085 = CARTESIAN_POINT('',(5.136401737553,0.829456107612,7.875956277597
    ));
#1086 = CARTESIAN_POINT('',(5.137830017091,0.838093822264,7.889736514434
    ));
#1087 = CARTESIAN_POINT('',(5.14091534727,0.859704411285,7.925845520291)
  );
#1088 = CARTESIAN_POINT('',(5.142223552239,0.872282430782,7.948492545608
    ));
#1089 = CARTESIAN_POINT('',(5.142883431643,0.884187807387,7.971635051452
    ));
#1090 = CARTESIAN_POINT('',(5.142830717036,0.895413435184,7.995234083505
    ));
#1091 = CARTESIAN_POINT('',(5.142007080511,0.905958396385,8.019244871312
    ));
#1092 = CARTESIAN_POINT('',(5.140363699662,0.91582793182,8.04361661311)
  );
#1093 = CARTESIAN_POINT('',(5.137864822551,0.92503341142,8.068292260653)
  );
#1094 = CARTESIAN_POINT('',(5.13015315813,0.944598702895,8.125249350229)
  );
#1095 = CARTESIAN_POINT('',(5.124367408906,0.954539035728,8.157697789775
    ));
#1096 = CARTESIAN_POINT('',(5.117091538683,0.963446863851,8.190414664501
    ));
#1097 = CARTESIAN_POINT('',(5.108326270766,0.971382084752,8.223272937059
    ));
#1098 = CARTESIAN_POINT('',(5.098111085735,0.978418379129,8.256160045742
    ));
#1099 = CARTESIAN_POINT('',(5.086516887328,0.984633883939,8.288979203891
    ));
#1100 = CARTESIAN_POINT('',(5.073635846549,0.990105092132,8.321649443895
    ));
#1101 = CARTESIAN_POINT('',(5.05082106445,0.99788800753,8.374285446069)
  );
#1102 = CARTESIAN_POINT('',(5.041613311146,1.000612632846,8.394387150492
    ));
#1103 = CARTESIAN_POINT('',(5.031967875876,1.003095561642,8.414396831524
    ));
#1104 = CARTESIAN_POINT('',(5.021908143704,1.005353533985,8.434304419395
    ));
#1105 = CARTESIAN_POINT('',(5.011457571748,1.00740224043,8.454102260265)
  );
#1106 = CARTESIAN_POINT('',(5.000639087957,1.009256239073,8.473784914391
    ));
#1107 = CARTESIAN_POINT('',(4.989474489882,1.010928872615,8.493348954287
    ));
#1108 = CARTESIAN_POINT('',(4.936144592283,1.017905983791,8.5835907286)
  );
#1109 = CARTESIAN_POINT('',(4.89003741555,1.021128093209,8.652702197522)
  );
#1110 = CARTESIAN_POINT('',(4.840576261445,1.022704264272,8.720197965382
    ));
#1111 = CARTESIAN_POINT('',(4.788505343891,1.022979544061,8.786177711061
    ));
#1112 = CARTESIAN_POINT('',(4.734377567842,1.022167389091,8.850745841084
    ));
#1113 = CARTESIAN_POINT('',(4.678581393511,1.020406954107,8.914020452236
    ));
#1114 = CARTESIAN_POINT('',(4.621375262142,1.017781826214,8.976149661941
    ));
#1115 = CARTESIAN_POINT('',(4.497702458041,1.010490109333,9.105475375307
    ));
#1116 = CARTESIAN_POINT('',(4.431016391803,1.005629679787,9.172343180341
    ));
#1117 = CARTESIAN_POINT('',(4.363113201671,0.999818231853,9.238063110601
    ));
#1118 = CARTESIAN_POINT('',(4.294200521961,0.993073132913,9.30273675032)
  );
#1119 = CARTESIAN_POINT('',(4.224436670229,0.985382642133,9.366437060508
    ));
#1120 = CARTESIAN_POINT('',(4.153948075513,0.976717186797,9.429221625999
    ));
#1121 = CARTESIAN_POINT('',(4.082838391447,0.967032343903,9.491139217596
    ));
#1122 = CARTESIAN_POINT('',(3.938517255142,0.945340962607,9.614192315964
    ));
#1123 = CARTESIAN_POINT('',(3.865304714807,0.933305529128,9.675292195776
    ));
#1124 = CARTESIAN_POINT('',(3.791643521786,0.920092710524,9.735567476973
    ));
#1125 = CARTESIAN_POINT('',(3.71761980728,0.905621106379,9.795037735504)
  );
#1126 = CARTESIAN_POINT('',(3.643318796854,0.889794144465,9.853708363176
    ));
#1127 = CARTESIAN_POINT('',(3.568829437161,0.872497544683,9.911573004733
    ));
#1128 = CARTESIAN_POINT('',(3.494248837684,0.853592534415,9.968614023819
    ));
#1129 = CARTESIAN_POINT('',(3.357389065908,0.815620045225,
    10.071745705571));
#1130 = CARTESIAN_POINT('',(3.295119488033,0.797094590187,
    10.118082898655));
#1131 = CARTESIAN_POINT('',(3.232931331718,0.777226069114,
    10.163803162299));
#1132 = CARTESIAN_POINT('',(3.170900314468,0.755893948577,
    10.208878718814));
#1133 = CARTESIAN_POINT('',(3.109124478219,0.732961442814,
    10.253265279375));
#1134 = CARTESIAN_POINT('',(3.047728576545,0.708268449261,
    10.296900915907));
#1135 = CARTESIAN_POINT('',(2.986872704339,0.681615519584,
    10.339701953153));
#1136 = CARTESIAN_POINT('',(2.926765169933,0.652738866201,10.38155588091
    ));
#1137 = PCURVE('',#430,#1138);
#1138 = DEFINITIONAL_REPRESENTATION('',(#1139),#1303);
#1139 = B_SPLINE_CURVE_WITH_KNOTS('',8,(#1140,#1141,#1142,#1143,#1144,
    #1145,#1146,#1147,#1148,#1149,#1150,#1151,#1152,#1153,#1154,#1155,
    #1156,#1157,#1158,#1159,#1160,#1161,#1162,#1163,#1164,#1165,#1166,
    #1167,#1168,#1169,#1170,#1171,#1172,#1173,#1174,#1175,#1176,#1177,
    #1178,#1179,#1180,#1181,#1182,#1183,#1184,#1185,#1186,#1187,#1188,
    #1189,#1190,#1191,#1192,#1193,#1194,#1195,#1196,#1197,#1198,#1199,
    #1200,#1201,#1202,#1203,#1204,#1205,#1206,#1207,#1208,#1209,#1210,
    #1211,#1212,#1213,#1214,#1215,#1216,#1217,#1218,#1219,#1220,#1221,
    #1222,#1223,#1224,#1225,#1226,#1227,#1228,#1229,#1230,#1231,#1232,
    #1233,#1234,#1235,#1236,#1237,#1238,#1239,#1240,#1241,#1242,#1243,
    #1244,#1245,#1246,#1247,#1248,#1249,#1250,#1251,#1252,#1253,#1254,
    #1255,#1256,#1257,#1258,#1259,#1260,#1261,#1262,#1263,#1264,#1265,
    #1266,#1267,#1268,#1269,#1270,#1271,#1272,#1273,#1274,#1275,#1276,
    #1277,#1278,#1279,#1280,#1281,#1282,#1283,#1284,#1285,#1286,#1287,
    #1288,#1289,#1290,#1291,#1292,#1293,#1294,#1295,#1296,#1297,#1298,
    #1299,#1300,#1301,#1302),.UNSPECIFIED.,.F.,.F.,(9,7,7,7,7,7,7,7,7,7,
    7,7,7,7,7,7,7,7,7,7,7,7,7,9),(0.,6.601898228088E-02,0.149076231886,
    0.274550632772,0.312203096011,0.352786676868,0.377484376513,
    0.393105789255,0.413068225441,0.430377411916,0.446017120587,
    0.500522190995,0.554037160255,0.569676804587,0.586985845954,
    0.606947891547,0.622568620458,0.647263556873,0.67902026824,
    0.69876712462,0.770668534935,0.85080632144,0.932088243764,1.),
  .UNSPECIFIED.);
#1140 = CARTESIAN_POINT('',(3.764323568261,3.780237665172));
#1141 = CARTESIAN_POINT('',(3.795208143994,3.711938087527));
#1142 = CARTESIAN_POINT('',(3.824563244414,3.642496849576));
#1143 = CARTESIAN_POINT('',(3.852564879798,3.57211510452));
#1144 = CARTESIAN_POINT('',(3.879339087866,3.500946505526));
#1145 = CARTESIAN_POINT('',(3.904981742292,3.429109152353));
#1146 = CARTESIAN_POINT('',(3.929571234962,3.356693208024));
#1147 = CARTESIAN_POINT('',(3.953174031993,3.283764185547));
#1148 = CARTESIAN_POINT('',(4.004362639366,3.118015864935));
#1149 = CARTESIAN_POINT('',(4.031396607852,3.024947306287));
#1150 = CARTESIAN_POINT('',(4.057047140364,2.931257581021));
#1151 = CARTESIAN_POINT('',(4.081379137867,2.837027987344));
#1152 = CARTESIAN_POINT('',(4.104430679719,2.742324229774));
#1153 = CARTESIAN_POINT('',(4.126217914014,2.647199212756));
#1154 = CARTESIAN_POINT('',(4.146734429462,2.55169416753));
#1155 = CARTESIAN_POINT('',(4.194966639008,2.311028584303));
#1156 = CARTESIAN_POINT('',(4.220948691258,2.16571208237));
#1157 = CARTESIAN_POINT('',(4.243849196016,2.019726047949));
#1158 = CARTESIAN_POINT('',(4.263388587512,1.873057095268));
#1159 = CARTESIAN_POINT('',(4.279104218386,1.725848999399));
#1160 = CARTESIAN_POINT('',(4.290118214942,1.578434801951));
#1161 = CARTESIAN_POINT('',(4.295192653452,1.431332809581));
#1162 = CARTESIAN_POINT('',(4.290335759588,1.241532984051));
#1163 = CARTESIAN_POINT('',(4.288422167291,1.197855272263));
#1164 = CARTESIAN_POINT('',(4.285640142493,1.154336123374));
#1165 = CARTESIAN_POINT('',(4.281902636424,1.111022691356));
#1166 = CARTESIAN_POINT('',(4.277109839135,1.067982877925));
#1167 = CARTESIAN_POINT('',(4.271150133789,1.025305177394));
#1168 = CARTESIAN_POINT('',(4.263903611805,0.983097535677));
#1169 = CARTESIAN_POINT('',(4.245918887263,0.896633532726));
#1170 = CARTESIAN_POINT('',(4.234948408096,0.852451780742));
#1171 = CARTESIAN_POINT('',(4.222190657634,0.809143291323));
#1172 = CARTESIAN_POINT('',(4.207509559984,0.766940568546));
#1173 = CARTESIAN_POINT('',(4.190793914623,0.726094928005));
#1174 = CARTESIAN_POINT('',(4.171987845125,0.686853006861));
#1175 = CARTESIAN_POINT('',(4.151122322185,0.649432431971));
#1176 = CARTESIAN_POINT('',(4.1144646996,0.592451460321));
#1177 = CARTESIAN_POINT('',(4.099880540252,0.571628593984));
#1178 = CARTESIAN_POINT('',(4.084609012965,0.551577967337));
#1179 = CARTESIAN_POINT('',(4.068685951914,0.53232176939));
#1180 = CARTESIAN_POINT('',(4.052152969629,0.513869134915));
#1181 = CARTESIAN_POINT('',(4.035055608134,0.496218542155));
#1182 = CARTESIAN_POINT('',(4.017441490074,0.47936021055));
#1183 = CARTESIAN_POINT('',(3.987920873379,0.453106738894));
#1184 = CARTESIAN_POINT('',(3.976294843475,0.443244940274));
#1185 = CARTESIAN_POINT('',(3.96449178727,0.433688570518));
#1186 = CARTESIAN_POINT('',(3.952522818932,0.424432086253));
#1187 = CARTESIAN_POINT('',(3.94039865313,0.415469152093));
#1188 = CARTESIAN_POINT('',(3.928129498502,0.406792859912));
#1189 = CARTESIAN_POINT('',(3.915724951115,0.398395948133));
#1190 = CARTESIAN_POINT('',(3.887180576382,0.379888263564));
#1191 = CARTESIAN_POINT('',(3.870960943373,0.369949845765));
#1192 = CARTESIAN_POINT('',(3.854553327584,0.360439967705));
#1193 = CARTESIAN_POINT('',(3.837974627613,0.351342814098));
#1194 = CARTESIAN_POINT('',(3.821240262001,0.342642766188));
#1195 = CARTESIAN_POINT('',(3.804364129252,0.334324613668));
#1196 = CARTESIAN_POINT('',(3.787358567851,0.326373766589));
#1197 = CARTESIAN_POINT('',(3.755386085298,0.312188941119));
#1198 = CARTESIAN_POINT('',(3.740448876805,0.305867299954));
#1199 = CARTESIAN_POINT('',(3.725429749789,0.299802571186));
#1200 = CARTESIAN_POINT('',(3.710335208732,0.293986286375));
#1201 = CARTESIAN_POINT('',(3.695171203615,0.28841048124));
#1202 = CARTESIAN_POINT('',(3.679943129922,0.283067695655));
#1203 = CARTESIAN_POINT('',(3.664655828636,0.277950973652));
#1204 = CARTESIAN_POINT('',(3.635451109123,0.268629081377));
#1205 = CARTESIAN_POINT('',(3.621543888547,0.264383584182));
#1206 = CARTESIAN_POINT('',(3.607595126182,0.260312637233));
#1207 = CARTESIAN_POINT('',(3.593607806355,0.25641180672));
#1208 = CARTESIAN_POINT('',(3.579584696046,0.25267695962));
#1209 = CARTESIAN_POINT('',(3.565528344897,0.249104263694));
#1210 = CARTESIAN_POINT('',(3.551441085201,0.245690187491));
#1211 = CARTESIAN_POINT('',(3.488129967315,0.231074832782));
#1212 = CARTESIAN_POINT('',(3.438589039427,0.221606016684));
#1213 = CARTESIAN_POINT('',(3.388788411939,0.213885450169));
#1214 = CARTESIAN_POINT('',(3.338797001428,0.207815504222));
#1215 = CARTESIAN_POINT('',(3.288671649759,0.203329459087));
#1216 = CARTESIAN_POINT('',(3.238461213818,0.200384622029));
#1217 = CARTESIAN_POINT('',(3.188209572592,0.198959626485));
#1218 = CARTESIAN_POINT('',(3.088618373799,0.199150449612));
#1219 = CARTESIAN_POINT('',(3.039284105664,0.200711488905));
#1220 = CARTESIAN_POINT('',(2.989993469714,0.203739565857));
#1221 = CARTESIAN_POINT('',(2.940788247441,0.208256377921));
#1222 = CARTESIAN_POINT('',(2.891715056635,0.214303593392));
#1223 = CARTESIAN_POINT('',(2.842828116099,0.221945425662));
#1224 = CARTESIAN_POINT('',(2.794192997731,0.231274972934));
#1225 = CARTESIAN_POINT('',(2.731775309279,0.245682699115));
#1226 = CARTESIAN_POINT('',(2.717688042354,0.249096457352));
#1227 = CARTESIAN_POINT('',(2.703631679927,0.252668828375));
#1228 = CARTESIAN_POINT('',(2.689608554015,0.256403343204));
#1229 = CARTESIAN_POINT('',(2.675621213945,0.260303833629));
#1230 = CARTESIAN_POINT('',(2.661672426351,0.264374432201));
#1231 = CARTESIAN_POINT('',(2.647765175174,0.268619572239));
#1232 = CARTESIAN_POINT('',(2.618560444497,0.277940671589));
#1233 = CARTESIAN_POINT('',(2.603273160859,0.283056953878));
#1234 = CARTESIAN_POINT('',(2.588045096613,0.288399285707));
#1235 = CARTESIAN_POINT('',(2.57288109203,0.293974622237));
#1236 = CARTESIAN_POINT('',(2.55778654179,0.299790422771));
#1237 = CARTESIAN_POINT('',(2.542767394981,0.305854650761));
#1238 = CARTESIAN_POINT('',(2.527830155103,0.312175773806));
#1239 = CARTESIAN_POINT('',(2.495857769196,0.326359359484));
#1240 = CARTESIAN_POINT('',(2.478852328955,0.334309471015));
#1241 = CARTESIAN_POINT('',(2.461976295836,0.34262685422));
#1242 = CARTESIAN_POINT('',(2.445242006018,0.351326097357));
#1243 = CARTESIAN_POINT('',(2.428663355427,0.360422409169));
#1244 = CARTESIAN_POINT('',(2.412255759809,0.369931407092));
#1245 = CARTESIAN_POINT('',(2.396036114807,0.379868905466));
#1246 = CARTESIAN_POINT('',(2.367491959253,0.398374683603));
#1247 = CARTESIAN_POINT('',(2.355087650585,0.40677061062));
#1248 = CARTESIAN_POINT('',(2.342818704826,0.415445879861));
#1249 = CARTESIAN_POINT('',(2.330694715792,0.424407752441));
#1250 = CARTESIAN_POINT('',(2.318725889845,0.433663136335));
#1251 = CARTESIAN_POINT('',(2.306922939411,0.443218367194));
#1252 = CARTESIAN_POINT('',(2.295296976513,0.453078989161));
#1253 = CARTESIAN_POINT('',(2.265777659213,0.479328234786));
#1254 = CARTESIAN_POINT('',(2.248164650347,0.496183355096));
#1255 = CARTESIAN_POINT('',(2.231068214217,0.513830541862));
#1256 = CARTESIAN_POINT('',(2.214535957312,0.532279584005));
#1257 = CARTESIAN_POINT('',(2.198613409917,0.551532016988));
#1258 = CARTESIAN_POINT('',(2.183342177952,0.571578725686));
#1259 = CARTESIAN_POINT('',(2.168758094801,0.592397547252));
#1260 = CARTESIAN_POINT('',(2.137054745716,0.641667599564));
#1261 = CARTESIAN_POINT('',(2.120397605904,0.67060743121));
#1262 = CARTESIAN_POINT('',(2.104982148918,0.700688534271));
#1263 = CARTESIAN_POINT('',(2.090834073704,0.731811319768));
#1264 = CARTESIAN_POINT('',(2.077946584195,0.763863259728));
#1265 = CARTESIAN_POINT('',(2.066287203749,0.796724487322));
#1266 = CARTESIAN_POINT('',(2.055805402787,0.830274181812));
#1267 = CARTESIAN_POINT('',(2.040618121364,0.885616338713));
#1268 = CARTESIAN_POINT('',(2.035226145037,0.90706091749));
#1269 = CARTESIAN_POINT('',(2.030249803206,0.928707371637));
#1270 = CARTESIAN_POINT('',(2.025672625498,0.95053321999));
#1271 = CARTESIAN_POINT('',(2.021477442016,0.972517821654));
#1272 = CARTESIAN_POINT('',(2.017646846766,0.994642594458));
#1273 = CARTESIAN_POINT('',(2.014163661077,1.016891233395));
#1274 = CARTESIAN_POINT('',(1.999533507751,1.120661457141));
#1275 = CARTESIAN_POINT('',(1.992457717234,1.203425674174));
#1276 = CARTESIAN_POINT('',(1.988939255786,1.287026323987));
#1277 = CARTESIAN_POINT('',(1.988330397171,1.371075827051));
#1278 = CARTESIAN_POINT('',(1.990148165073,1.455309921087));
#1279 = CARTESIAN_POINT('',(1.994032820561,1.539577856715));
#1280 = CARTESIAN_POINT('',(1.999714778402,1.623833614397));
#1281 = CARTESIAN_POINT('',(2.015135821414,1.802090249452));
#1282 = CARTESIAN_POINT('',(2.02525328298,1.895971808383));
#1283 = CARTESIAN_POINT('',(2.037081087228,1.989718678245));
#1284 = CARTESIAN_POINT('',(2.050432644133,2.083280296406));
#1285 = CARTESIAN_POINT('',(2.065180698913,2.176614601798));
#1286 = CARTESIAN_POINT('',(2.081236255515,2.269687474472));
#1287 = CARTESIAN_POINT('',(2.098539395806,2.362472157985));
#1288 = CARTESIAN_POINT('',(2.135849042279,2.548745468278));
#1289 = CARTESIAN_POINT('',(2.155886690058,2.642206973091));
#1290 = CARTESIAN_POINT('',(2.177141834823,2.735305530501));
#1291 = CARTESIAN_POINT('',(2.199607669032,2.828002558143));
#1292 = CARTESIAN_POINT('',(2.223298239203,2.920248971026));
#1293 = CARTESIAN_POINT('',(2.248247802699,3.011984190203));
#1294 = CARTESIAN_POINT('',(2.274514982657,3.103133728929));
#1295 = CARTESIAN_POINT('',(2.325315877858,3.269195191388));
#1296 = CARTESIAN_POINT('',(2.349418769889,3.344293501619));
#1297 = CARTESIAN_POINT('',(2.374555950521,3.418859462016));
#1298 = CARTESIAN_POINT('',(2.400797930969,3.492824048471));
#1299 = CARTESIAN_POINT('',(2.428228114022,3.566091392259));
#1300 = CARTESIAN_POINT('',(2.456948936704,3.638535156314));
#1301 = CARTESIAN_POINT('',(2.487096221894,3.709989933254));
#1302 = CARTESIAN_POINT('',(2.518861738918,3.780237665172));
#1303 = ( GEOMETRIC_REPRESENTATION_CONTEXT(2) 
PARAMETRIC_REPRESENTATION_CONTEXT() REPRESENTATION_CONTEXT('2D SPACE',''
  ) );
#1304 = PCURVE('',#1305,#1310);
#1305 = TOROIDAL_SURFACE('',#1306,10.,1.02187);
#1306 = AXIS2_PLACEMENT_3D('',#1307,#1308,#1309);
#1307 = CARTESIAN_POINT('',(0.,0.,0.));
#1308 = DIRECTION('',(0.,-1.,1.110223024625E-16));
#1309 = DIRECTION('',(1.,0.,0.));
#1310 = DEFINITIONAL_REPRESENTATION('',(#1311),#1475);
#1311 = B_SPLINE_CURVE_WITH_KNOTS('',8,(#1312,#1313,#1314,#1315,#1316,
    #1317,#1318,#1319,#1320,#1321,#1322,#1323,#1324,#1325,#1326,#1327,
    #1328,#1329,#1330,#1331,#1332,#1333,#1334,#1335,#1336,#1337,#1338,
    #1339,#1340,#1341,#1342,#1343,#1344,#1345,#1346,#1347,#1348,#1349,
    #1350,#1351,#1352,#1353,#1354,#1355,#1356,#1357,#1358,#1359,#1360,
    #1361,#1362,#1363,#1364,#1365,#1366,#1367,#1368,#1369,#1370,#1371,
    #1372,#1373,#1374,#1375,#1376,#1377,#1378,#1379,#1380,#1381,#1382,
    #1383,#1384,#1385,#1386,#1387,#1388,#1389,#1390,#1391,#1392,#1393,
    #1394,#1395,#1396,#1397,#1398,#1399,#1400,#1401,#1402,#1403,#1404,
    #1405,#1406,#1407,#1408,#1409,#1410,#1411,#1412,#1413,#1414,#1415,
    #1416,#1417,#1418,#1419,#1420,#1421,#1422,#1423,#1424,#1425,#1426,
    #1427,#1428,#1429,#1430,#1431,#1432,#1433,#1434,#1435,#1436,#1437,
    #1438,#1439,#1440,#1441,#1442,#1443,#1444,#1445,#1446,#1447,#1448,
    #1449,#1450,#1451,#1452,#1453,#1454,#1455,#1456,#1457,#1458,#1459,
    #1460,#1461,#1462,#1463,#1464,#1465,#1466,#1467,#1468,#1469,#1470,
    #1471,#1472,#1473,#1474),.UNSPECIFIED.,.F.,.F.,(9,7,7,7,7,7,7,7,7,7,
    7,7,7,7,7,7,7,7,7,7,7,7,7,9),(0.,6.601898228088E-02,0.149076231886,
    0.274550632772,0.312203096011,0.352786676868,0.377484376513,
    0.393105789255,0.413068225441,0.430377411916,0.446017120587,
    0.500522190995,0.554037160255,0.569676804587,0.586985845954,
    0.606947891547,0.622568620458,0.647263556873,0.67902026824,
    0.69876712462,0.770668534935,0.85080632144,0.932088243764,1.),
  .UNSPECIFIED.);
#1312 = CARTESIAN_POINT('',(1.29600837069,0.69289723489));
#1313 = CARTESIAN_POINT('',(1.289769869856,0.728606880464));
#1314 = CARTESIAN_POINT('',(1.283414848794,0.762852967917));
#1315 = CARTESIAN_POINT('',(1.276961248229,0.79583984894));
#1316 = CARTESIAN_POINT('',(1.270422911726,0.827719201912));
#1317 = CARTESIAN_POINT('',(1.263810617583,0.858611985223));
#1318 = CARTESIAN_POINT('',(1.257132729264,0.88862299498));
#1319 = CARTESIAN_POINT('',(1.250395464372,0.917848027107));
#1320 = CARTESIAN_POINT('',(1.235057035473,0.982261189888));
#1321 = CARTESIAN_POINT('',(1.226426032528,1.017032080816));
#1322 = CARTESIAN_POINT('',(1.217719709867,1.050853120906));
#1323 = CARTESIAN_POINT('',(1.208946471949,1.083862874874));
#1324 = CARTESIAN_POINT('',(1.200113582846,1.116184281058));
#1325 = CARTESIAN_POINT('',(1.191227463108,1.147935445097));
#1326 = CARTESIAN_POINT('',(1.182293891826,1.179238614079));
#1327 = CARTESIAN_POINT('',(1.159758426271,1.257041916627));
#1328 = CARTESIAN_POINT('',(1.146129963672,1.303044697308));
#1329 = CARTESIAN_POINT('',(1.132426340156,1.348786811358));
#1330 = CARTESIAN_POINT('',(1.118658299325,1.394820479029));
#1331 = CARTESIAN_POINT('',(1.104855590071,1.441746327615));
#1332 = CARTESIAN_POINT('',(1.09107562483,1.490480520007));
#1333 = CARTESIAN_POINT('',(1.077405124135,1.542234123133));
#1334 = CARTESIAN_POINT('',(1.059975529525,1.617110603824));
#1335 = CARTESIAN_POINT('',(1.055979119707,1.634906918517));
#1336 = CARTESIAN_POINT('',(1.05201401678,1.653289850855));
#1337 = CARTESIAN_POINT('',(1.048087010418,1.672337025098));
#1338 = CARTESIAN_POINT('',(1.04420715026,1.692133042731));
#1339 = CARTESIAN_POINT('',(1.040385696581,1.712769535544));
#1340 = CARTESIAN_POINT('',(1.036635882388,1.734342846718));
#1341 = CARTESIAN_POINT('',(1.029023908547,1.781315672561));
#1342 = CARTESIAN_POINT('',(1.025173813346,1.806893941801));
#1343 = CARTESIAN_POINT('',(1.021444861069,1.833782030853));
#1344 = CARTESIAN_POINT('',(1.017862015712,1.8620639329));
#1345 = CARTESIAN_POINT('',(1.014451136964,1.89179951265));
#1346 = CARTESIAN_POINT('',(1.011235754889,1.923000701243));
#1347 = CARTESIAN_POINT('',(1.008233849416,1.955605000767));
#1348 = CARTESIAN_POINT('',(1.003766235081,2.010058383396));
#1349 = CARTESIAN_POINT('',(1.002158767203,2.031126480018));
#1350 = CARTESIAN_POINT('',(1.000636416154,2.052629617176));
#1351 = CARTESIAN_POINT('',(0.999199834743,2.07453286228));
#1352 = CARTESIAN_POINT('',(0.99784825402,2.096799142994));
#1353 = CARTESIAN_POINT('',(0.996579772341,2.119390192768));
#1354 = CARTESIAN_POINT('',(0.995391644423,2.142267496379));
#1355 = CARTESIAN_POINT('',(0.993577810789,2.180020375648));
#1356 = CARTESIAN_POINT('',(0.992905827527,2.19474799029));
#1357 = CARTESIAN_POINT('',(0.992263746776,2.209567419411));
#1358 = CARTESIAN_POINT('',(0.991650606452,2.224470491942));
#1359 = CARTESIAN_POINT('',(0.991065380248,2.239449573916));
#1360 = CARTESIAN_POINT('',(0.990507001657,2.254497616673));
#1361 = CARTESIAN_POINT('',(0.989974387992,2.269608205058));
#1362 = CARTESIAN_POINT('',(0.988817394305,2.304157864503));
#1363 = CARTESIAN_POINT('',(0.988208655288,2.323632559095));
#1364 = CARTESIAN_POINT('',(0.987637972158,2.343188027937));
#1365 = CARTESIAN_POINT('',(0.98710311266,2.362813851278));
#1366 = CARTESIAN_POINT('',(0.986601908571,2.382500861048));
#1367 = CARTESIAN_POINT('',(0.986132276785,2.402241150831));
#1368 = CARTESIAN_POINT('',(0.985692240393,2.422028085834));
#1369 = CARTESIAN_POINT('',(0.984922457564,2.459049128203));
#1370 = CARTESIAN_POINT('',(0.984585827595,2.476272712484));
#1371 = CARTESIAN_POINT('',(0.984268852655,2.493523493937));
#1372 = CARTESIAN_POINT('',(0.983970393341,2.510798278396));
#1373 = CARTESIAN_POINT('',(0.983689378051,2.528094249297));
#1374 = CARTESIAN_POINT('',(0.983424802982,2.545408967677));
#1375 = CARTESIAN_POINT('',(0.983175732131,2.562740372177));
#1376 = CARTESIAN_POINT('',(0.982729473797,2.595760118175));
#1377 = CARTESIAN_POINT('',(0.982529596444,2.611445605814));
#1378 = CARTESIAN_POINT('',(0.98234102626,2.627141958122));
#1379 = CARTESIAN_POINT('',(0.982163163072,2.642848018273));
#1380 = CARTESIAN_POINT('',(0.981995445517,2.658562756449));
#1381 = CARTESIAN_POINT('',(0.981837351041,2.674285269837));
#1382 = CARTESIAN_POINT('',(0.981688395899,2.690014782632));
#1383 = CARTESIAN_POINT('',(0.981059320306,2.760590819908));
#1384 = CARTESIAN_POINT('',(0.9806761093,2.815504000814));
#1385 = CARTESIAN_POINT('',(0.98037944291,2.87046728665));
#1386 = CARTESIAN_POINT('',(0.980155489254,2.925463341943));
#1387 = CARTESIAN_POINT('',(0.979994557201,2.98047938049));
#1388 = CARTESIAN_POINT('',(0.979890405709,3.035506409869));
#1389 = CARTESIAN_POINT('',(0.979839949072,3.090538737854));
#1390 = CARTESIAN_POINT('',(0.979846705209,3.199609016023));
#1391 = CARTESIAN_POINT('',(0.979901978195,3.253641151722));
#1392 = CARTESIAN_POINT('',(0.980009290515,3.307667583187));
#1393 = CARTESIAN_POINT('',(0.980171780044,3.36168280895));
#1394 = CARTESIAN_POINT('',(0.980395532664,3.415678173002));
#1395 = CARTESIAN_POINT('',(0.98068986238,3.469641409874));
#1396 = CARTESIAN_POINT('',(0.981067947982,3.523555952496));
#1397 = CARTESIAN_POINT('',(0.981688069724,3.593135820453));
#1398 = CARTESIAN_POINT('',(0.981837006793,3.608865288664));
#1399 = CARTESIAN_POINT('',(0.981995082338,3.624587758783));
#1400 = CARTESIAN_POINT('',(0.982162780047,3.640302455156));
#1401 = CARTESIAN_POINT('',(0.982340622417,3.656008475143));
#1402 = CARTESIAN_POINT('',(0.982529170749,3.671704789126));
#1403 = CARTESIAN_POINT('',(0.982729025152,3.687390240505));
#1404 = CARTESIAN_POINT('',(0.983175231686,3.720409840931));
#1405 = CARTESIAN_POINT('',(0.983424273299,3.737741136787));
#1406 = CARTESIAN_POINT('',(0.983688817478,3.755055749864));
#1407 = CARTESIAN_POINT('',(0.983969800118,3.772351619237));
#1408 = CARTESIAN_POINT('',(0.984268224913,3.789626306453));
#1409 = CARTESIAN_POINT('',(0.984585163352,3.806876995537));
#1410 = CARTESIAN_POINT('',(0.984921754723,3.82410049299));
#1411 = CARTESIAN_POINT('',(0.985691445053,3.86112114018));
#1412 = CARTESIAN_POINT('',(0.986131426196,3.880907769875));
#1413 = CARTESIAN_POINT('',(0.986600998929,3.900647764994));
#1414 = CARTESIAN_POINT('',(0.987102139915,3.920334492357));
#1415 = CARTESIAN_POINT('',(0.987636932022,3.939960047431));
#1416 = CARTESIAN_POINT('',(0.988207543248,3.959515264282));
#1417 = CARTESIAN_POINT('',(0.98881620566,3.978989725526));
#1418 = CARTESIAN_POINT('',(0.98997304186,4.013538639657));
#1419 = CARTESIAN_POINT('',(0.990505575327,4.028648710589));
#1420 = CARTESIAN_POINT('',(0.991063869417,4.043696253349));
#1421 = CARTESIAN_POINT('',(0.99164900669,4.058674854627));
#1422 = CARTESIAN_POINT('',(0.99226205356,4.073577467702));
#1423 = CARTESIAN_POINT('',(0.992904036281,4.088396460615));
#1424 = CARTESIAN_POINT('',(0.993575916933,4.10312366433));
#1425 = CARTESIAN_POINT('',(0.995389398406,4.140873978449));
#1426 = CARTESIAN_POINT('',(0.996577259395,4.163749200354));
#1427 = CARTESIAN_POINT('',(0.997845451884,4.186338286757));
#1428 = CARTESIAN_POINT('',(0.999196721346,4.208602738212));
#1429 = CARTESIAN_POINT('',(1.000632970247,4.230504300909));
#1430 = CARTESIAN_POINT('',(1.002154969075,4.252005911896));
#1431 = CARTESIAN_POINT('',(1.003762067361,4.273072644296));
#1432 = CARTESIAN_POINT('',(1.007624968689,4.320163448231));
#1433 = CARTESIAN_POINT('',(1.009935519899,4.34589052088));
#1434 = CARTESIAN_POINT('',(1.012378476345,4.370781156967));
#1435 = CARTESIAN_POINT('',(1.014945961469,4.394795957247));
#1436 = CARTESIAN_POINT('',(1.017627866211,4.417923059347));
#1437 = CARTESIAN_POINT('',(1.020412545249,4.440172192439));
#1438 = CARTESIAN_POINT('',(1.023287647394,4.46156856397));
#1439 = CARTESIAN_POINT('',(1.028077574246,4.494942333403));
#1440 = CARTESIAN_POINT('',(1.029944709003,4.507424130726));
#1441 = CARTESIAN_POINT('',(1.031839874928,4.519602269915));
#1442 = CARTESIAN_POINT('',(1.033760569819,4.531488408836));
#1443 = CARTESIAN_POINT('',(1.035704433701,4.543095207174));
#1444 = CARTESIAN_POINT('',(1.037669283749,4.554435969872));
#1445 = CARTESIAN_POINT('',(1.039653149215,4.565524290579));
#1446 = CARTESIAN_POINT('',(1.048940834282,4.615878083546));
#1447 = CARTESIAN_POINT('',(1.056447082688,4.652163579587));
#1448 = CARTESIAN_POINT('',(1.06410261892,4.685981010551));
#1449 = CARTESIAN_POINT('',(1.071853196982,4.717896968067));
#1450 = CARTESIAN_POINT('',(1.079660581251,4.748337352982));
#1451 = CARTESIAN_POINT('',(1.087500565698,4.777636623469));
#1452 = CARTESIAN_POINT('',(1.095360885344,4.806078667371));
#1453 = CARTESIAN_POINT('',(1.112023190363,4.864940476339));
#1454 = CARTESIAN_POINT('',(1.120817728613,4.895171253852));
#1455 = CARTESIAN_POINT('',(1.129610217637,4.924913405078));
#1456 = CARTESIAN_POINT('',(1.138389851263,4.954387150836));
#1457 = CARTESIAN_POINT('',(1.147148191002,4.983762177007));
#1458 = CARTESIAN_POINT('',(1.15587851142,5.013182004322));
#1459 = CARTESIAN_POINT('',(1.164575430839,5.042777630972));
#1460 = CARTESIAN_POINT('',(1.182017855018,5.102990048072));
#1461 = CARTESIAN_POINT('',(1.19076056166,5.133609988669));
#1462 = CARTESIAN_POINT('',(1.199457986283,5.16465536065));
#1463 = CARTESIAN_POINT('',(1.208104704493,5.196240789971));
#1464 = CARTESIAN_POINT('',(1.216694725977,5.228477026109));
#1465 = CARTESIAN_POINT('',(1.225221313181,5.261479009836));
#1466 = CARTESIAN_POINT('',(1.233676721202,5.295375420404));
#1467 = CARTESIAN_POINT('',(1.249049359605,5.359515954777));
#1468 = CARTESIAN_POINT('',(1.25598913202,5.389437101367));
#1469 = CARTESIAN_POINT('',(1.262867080578,5.420175832436));
#1470 = CARTESIAN_POINT('',(1.269676632243,5.451834862955));
#1471 = CARTESIAN_POINT('',(1.276408878402,5.484526411581));
#1472 = CARTESIAN_POINT('',(1.283052278434,5.518380183487));
#1473 = CARTESIAN_POINT('',(1.289591924948,5.553559856748));
#1474 = CARTESIAN_POINT('',(1.29600837069,5.590288072289));
#1475 = ( GEOMETRIC_REPRESENTATION_CONTEXT(2) 
PARAMETRIC_REPRESENTATION_CONTEXT() REPRESENTATION_CONTEXT('2D SPACE',''
  ) );
#1476 = ORIENTED_EDGE('',*,*,#1477,.F.);
#1477 = EDGE_CURVE('',#1478,#970,#1480,.T.);
#1478 = VERTEX_POINT('',#1479);
#1479 = CARTESIAN_POINT('',(3.261777594455,1.011079761231,10.65));
#1480 = SURFACE_CURVE('',#1481,(#1486,#1493),.PCURVE_S1.);
#1481 = CIRCLE('',#1482,1.11913);
#1482 = AXIS2_PLACEMENT_3D('',#1483,#1484,#1485);
#1483 = CARTESIAN_POINT('',(3.63617,0.,10.95));
#1484 = DIRECTION('',(-0.625312634961,0.,0.780374338736));
#1485 = DIRECTION('',(0.780374338736,0.,0.625312634961));
#1486 = PCURVE('',#430,#1487);
#1487 = DEFINITIONAL_REPRESENTATION('',(#1488),#1492);
#1488 = LINE('',#1489,#1490);
#1489 = CARTESIAN_POINT('',(0.,3.780237065172));
#1490 = VECTOR('',#1491,1.);
#1491 = DIRECTION('',(1.,0.));
#1492 = ( GEOMETRIC_REPRESENTATION_CONTEXT(2) 
PARAMETRIC_REPRESENTATION_CONTEXT() REPRESENTATION_CONTEXT('2D SPACE',''
  ) );
#1493 = PCURVE('',#957,#1494);
#1494 = DEFINITIONAL_REPRESENTATION('',(#1495),#1499);
#1495 = CIRCLE('',#1496,1.11913);
#1496 = AXIS2_PLACEMENT_2D('',#1497,#1498);
#1497 = CARTESIAN_POINT('',(0.,0.));
#1498 = DIRECTION('',(1.,0.));
#1499 = ( GEOMETRIC_REPRESENTATION_CONTEXT(2) 
PARAMETRIC_REPRESENTATION_CONTEXT() REPRESENTATION_CONTEXT('2D SPACE',''
  ) );
#1500 = ORIENTED_EDGE('',*,*,#1501,.F.);
#1501 = EDGE_CURVE('',#1502,#1478,#1504,.T.);
#1502 = VERTEX_POINT('',#1503);
#1503 = CARTESIAN_POINT('',(3.804687389489,1.117723664045,10.65));
#1504 = SURFACE_CURVE('',#1505,(#1510,#1522),.PCURVE_S1.);
#1505 = ELLIPSE('',#1506,1.434093798897,1.11913);
#1506 = AXIS2_PLACEMENT_3D('',#1507,#1508,#1509);
#1507 = CARTESIAN_POINT('',(3.876559491525,0.,10.65));
#1508 = DIRECTION('',(0.,0.,1.));
#1509 = DIRECTION('',(-1.,0.,0.));
#1510 = PCURVE('',#430,#1511);
#1511 = DEFINITIONAL_REPRESENTATION('',(#1512),#1521);
#1512 = B_SPLINE_CURVE_WITH_KNOTS('',7,(#1513,#1514,#1515,#1516,#1517,
    #1518,#1519,#1520),.UNSPECIFIED.,.F.,.F.,(8,8),(4.049970451175,
    5.155432178403),.PIECEWISE_BEZIER_KNOTS.);
#1513 = CARTESIAN_POINT('',(0.908377797586,2.844277613947));
#1514 = CARTESIAN_POINT('',(1.066300901475,2.955944917989));
#1515 = CARTESIAN_POINT('',(1.224224005365,3.083659687424));
#1516 = CARTESIAN_POINT('',(1.382147109255,3.222873069814));
#1517 = CARTESIAN_POINT('',(1.540070213145,3.368056233594));
#1518 = CARTESIAN_POINT('',(1.697993317034,3.513161041986));
#1519 = CARTESIAN_POINT('',(1.855916420924,3.652292122716));
#1520 = CARTESIAN_POINT('',(2.013839524814,3.780237665172));
#1521 = ( GEOMETRIC_REPRESENTATION_CONTEXT(2) 
PARAMETRIC_REPRESENTATION_CONTEXT() REPRESENTATION_CONTEXT('2D SPACE',''
  ) );
#1522 = PCURVE('',#928,#1523);
#1523 = DEFINITIONAL_REPRESENTATION('',(#1524),#1528);
#1524 = ELLIPSE('',#1525,1.434093798897,1.11913);
#1525 = AXIS2_PLACEMENT_2D('',#1526,#1527);
#1526 = CARTESIAN_POINT('',(3.876559491525,-3.553785842766E-16));
#1527 = DIRECTION('',(-1.,0.));
#1528 = ( GEOMETRIC_REPRESENTATION_CONTEXT(2) 
PARAMETRIC_REPRESENTATION_CONTEXT() REPRESENTATION_CONTEXT('2D SPACE',''
  ) );
#1529 = ORIENTED_EDGE('',*,*,#1530,.F.);
#1530 = EDGE_CURVE('',#788,#1502,#1531,.T.);
#1531 = SURFACE_CURVE('',#1532,(#1543,#1557),.PCURVE_S1.);
#1532 = B_SPLINE_CURVE_WITH_KNOTS('',5,(#1533,#1534,#1535,#1536,#1537,
    #1538,#1539,#1540,#1541,#1542),.UNSPECIFIED.,.F.,.F.,(6,4,6),(0.,
    0.800285309183,1.),.UNSPECIFIED.);
#1533 = CARTESIAN_POINT('',(3.810853941619,1.096514731567,
    11.089974715207));
#1534 = CARTESIAN_POINT('',(3.808153504865,1.105899895081,
    11.019824338884));
#1535 = CARTESIAN_POINT('',(3.806168319211,1.112690656553,
    10.949444571157));
#1536 = CARTESIAN_POINT('',(3.804879533672,1.117071576863,
    10.878961053474));
#1537 = CARTESIAN_POINT('',(3.80425783328,1.119184820394,10.808450798617
    ));
#1538 = CARTESIAN_POINT('',(3.804278313397,1.119115201992,10.72035342744
    ));
#1539 = CARTESIAN_POINT('',(3.804322140886,1.11896621914,10.702760501255
    ));
#1540 = CARTESIAN_POINT('',(3.804405243744,1.118683714776,10.68516992966
    ));
#1541 = CARTESIAN_POINT('',(3.804527153461,1.11826910119,10.667582610912
    ));
#1542 = CARTESIAN_POINT('',(3.804687394957,1.117723645432,10.6499994));
#1543 = PCURVE('',#430,#1544);
#1544 = DEFINITIONAL_REPRESENTATION('',(#1545),#1556);
#1545 = B_SPLINE_CURVE_WITH_KNOTS('',5,(#1546,#1547,#1548,#1549,#1550,
    #1551,#1552,#1553,#1554,#1555),.UNSPECIFIED.,.F.,.F.,(6,4,6),(0.,
    0.800285309183,1.),.UNSPECIFIED.);
#1546 = CARTESIAN_POINT('',(1.369419415487,3.780237665172));
#1547 = CARTESIAN_POINT('',(1.411346137386,3.727182728859));
#1548 = CARTESIAN_POINT('',(1.452446111917,3.673501525831));
#1549 = CARTESIAN_POINT('',(1.492849766979,3.619303891209));
#1550 = CARTESIAN_POINT('',(1.532678357935,3.564668254811));
#1551 = CARTESIAN_POINT('',(1.581888423923,3.495906520559));
#1552 = CARTESIAN_POINT('',(1.591688052092,3.482150046538));
#1553 = CARTESIAN_POINT('',(1.601461103221,3.468370850594));
#1554 = CARTESIAN_POINT('',(1.611209315857,3.454569926669));
#1555 = CARTESIAN_POINT('',(1.62093439919,3.440748239049));
#1556 = ( GEOMETRIC_REPRESENTATION_CONTEXT(2) 
PARAMETRIC_REPRESENTATION_CONTEXT() REPRESENTATION_CONTEXT('2D SPACE',''
  ) );
#1557 = PCURVE('',#889,#1558);
#1558 = DEFINITIONAL_REPRESENTATION('',(#1559),#1570);
#1559 = B_SPLINE_CURVE_WITH_KNOTS('',5,(#1560,#1561,#1562,#1563,#1564,
    #1565,#1566,#1567,#1568,#1569),.UNSPECIFIED.,.F.,.F.,(6,4,6),(0.,
    0.800285309183,1.),.UNSPECIFIED.);
#1560 = CARTESIAN_POINT('',(-0.280166546045,-0.439974715207));
#1561 = CARTESIAN_POINT('',(-0.282629291576,-0.369824338884));
#1562 = CARTESIAN_POINT('',(-0.284413424526,-0.299444571157));
#1563 = CARTESIAN_POINT('',(-0.285565009328,-0.228961053474));
#1564 = CARTESIAN_POINT('',(-0.286120502443,-0.158450798617));
#1565 = CARTESIAN_POINT('',(-0.286102202395,-7.035342744016E-02));
#1566 = CARTESIAN_POINT('',(-0.286063040415,-5.27605012553E-02));
#1567 = CARTESIAN_POINT('',(-0.28598878093,-3.516992965983E-02));
#1568 = CARTESIAN_POINT('',(-0.285879798947,-1.758261091193E-02));
#1569 = CARTESIAN_POINT('',(-0.285736434802,6.000000000173E-07));
#1570 = ( GEOMETRIC_REPRESENTATION_CONTEXT(2) 
PARAMETRIC_REPRESENTATION_CONTEXT() REPRESENTATION_CONTEXT('2D SPACE',''
  ) );
#1571 = ADVANCED_FACE('',(#1572,#1603),#652,.F.);
#1572 = FACE_BOUND('',#1573,.F.);
#1573 = EDGE_LOOP('',(#1574));
#1574 = ORIENTED_EDGE('',*,*,#1575,.T.);
#1575 = EDGE_CURVE('',#1576,#1576,#1578,.T.);
#1576 = VERTEX_POINT('',#1577);
#1577 = CARTESIAN_POINT('',(-5.12665966629,-2.74107794466E-16,
    7.300193870836));
#1578 = SURFACE_CURVE('',#1579,(#1584,#1591),.PCURVE_S1.);
#1579 = CIRCLE('',#1580,1.11913);
#1580 = AXIS2_PLACEMENT_3D('',#1581,#1582,#1583);
#1581 = CARTESIAN_POINT('',(-6.,0.,8.));
#1582 = DIRECTION('',(0.625312634961,0.,0.780374338736));
#1583 = DIRECTION('',(0.780374338736,0.,-0.625312634961));
#1584 = PCURVE('',#652,#1585);
#1585 = DEFINITIONAL_REPRESENTATION('',(#1586),#1590);
#1586 = CIRCLE('',#1587,1.11913);
#1587 = AXIS2_PLACEMENT_2D('',#1588,#1589);
#1588 = CARTESIAN_POINT('',(0.,0.));
#1589 = DIRECTION('',(1.,0.));
#1590 = ( GEOMETRIC_REPRESENTATION_CONTEXT(2) 
PARAMETRIC_REPRESENTATION_CONTEXT() REPRESENTATION_CONTEXT('2D SPACE',''
  ) );
#1591 = PCURVE('',#1592,#1597);
#1592 = CYLINDRICAL_SURFACE('',#1593,1.11913);
#1593 = AXIS2_PLACEMENT_3D('',#1594,#1595,#1596);
#1594 = CARTESIAN_POINT('',(-6.,0.,8.));
#1595 = DIRECTION('',(0.625312634961,0.,0.780374338736));
#1596 = DIRECTION('',(0.780374338736,0.,-0.625312634961));
#1597 = DEFINITIONAL_REPRESENTATION('',(#1598),#1602);
#1598 = LINE('',#1599,#1600);
#1599 = CARTESIAN_POINT('',(0.,0.));
#1600 = VECTOR('',#1601,1.);
#1601 = DIRECTION('',(1.,0.));
#1602 = ( GEOMETRIC_REPRESENTATION_CONTEXT(2) 
PARAMETRIC_REPRESENTATION_CONTEXT() REPRESENTATION_CONTEXT('2D SPACE',''
  ) );
#1603 = FACE_BOUND('',#1604,.F.);
#1604 = EDGE_LOOP('',(#1605));
#1605 = ORIENTED_EDGE('',*,*,#448,.F.);
#1606 = ADVANCED_FACE('',(#1607),#804,.T.);
#1607 = FACE_BOUND('',#1608,.T.);
#1608 = EDGE_LOOP('',(#1609,#1636,#1637,#1638));
#1609 = ORIENTED_EDGE('',*,*,#1610,.F.);
#1610 = EDGE_CURVE('',#840,#1611,#1613,.T.);
#1611 = VERTEX_POINT('',#1612);
#1612 = CARTESIAN_POINT('',(3.96547,0.,11.213867531864));
#1613 = SURFACE_CURVE('',#1614,(#1619,#1626),.PCURVE_S1.);
#1614 = ELLIPSE('',#1615,5.081497177908,3.96547);
#1615 = AXIS2_PLACEMENT_3D('',#1616,#1617,#1618);
#1616 = CARTESIAN_POINT('',(0.,0.,8.036343142));
#1617 = DIRECTION('',(-0.625312634961,0.,0.780374338736));
#1618 = DIRECTION('',(-0.780374338736,0.,-0.625312634961));
#1619 = PCURVE('',#804,#1620);
#1620 = DEFINITIONAL_REPRESENTATION('',(#1621),#1625);
#1621 = ELLIPSE('',#1622,5.081497177908,3.96547);
#1622 = AXIS2_PLACEMENT_2D('',#1623,#1624);
#1623 = CARTESIAN_POINT('',(-4.659520206531,0.));
#1624 = DIRECTION('',(-1.,0.));
#1625 = ( GEOMETRIC_REPRESENTATION_CONTEXT(2) 
PARAMETRIC_REPRESENTATION_CONTEXT() REPRESENTATION_CONTEXT('2D SPACE',''
  ) );
#1626 = PCURVE('',#889,#1627);
#1627 = DEFINITIONAL_REPRESENTATION('',(#1628),#1635);
#1628 = B_SPLINE_CURVE_WITH_KNOTS('',5,(#1629,#1630,#1631,#1632,#1633,
    #1634),.UNSPECIFIED.,.F.,.F.,(6,6),(2.796097615412,3.14159265359),
  .PIECEWISE_BEZIER_KNOTS.);
#1629 = CARTESIAN_POINT('',(-5.937690269002,-0.376100996996));
#1630 = CARTESIAN_POINT('',(-6.006789276637,-0.450459017236));
#1631 = CARTESIAN_POINT('',(-6.075888284273,-0.506973303934));
#1632 = CARTESIAN_POINT('',(-6.144987291908,-0.544903144695));
#1633 = CARTESIAN_POINT('',(-6.214086299544,-0.563867531864));
#1634 = CARTESIAN_POINT('',(-6.28318530718,-0.563867531864));
#1635 = ( GEOMETRIC_REPRESENTATION_CONTEXT(2) 
PARAMETRIC_REPRESENTATION_CONTEXT() REPRESENTATION_CONTEXT('2D SPACE',''
  ) );
#1636 = ORIENTED_EDGE('',*,*,#839,.T.);
#1637 = ORIENTED_EDGE('',*,*,#785,.T.);
#1638 = ORIENTED_EDGE('',*,*,#1639,.F.);
#1639 = EDGE_CURVE('',#1611,#788,#1640,.T.);
#1640 = SURFACE_CURVE('',#1641,(#1646,#1653),.PCURVE_S1.);
#1641 = ELLIPSE('',#1642,5.081497177908,3.96547);
#1642 = AXIS2_PLACEMENT_3D('',#1643,#1644,#1645);
#1643 = CARTESIAN_POINT('',(0.,0.,8.036343142));
#1644 = DIRECTION('',(-0.625312634961,0.,0.780374338736));
#1645 = DIRECTION('',(-0.780374338736,0.,-0.625312634961));
#1646 = PCURVE('',#804,#1647);
#1647 = DEFINITIONAL_REPRESENTATION('',(#1648),#1652);
#1648 = ELLIPSE('',#1649,5.081497177908,3.96547);
#1649 = AXIS2_PLACEMENT_2D('',#1650,#1651);
#1650 = CARTESIAN_POINT('',(-4.659520206531,0.));
#1651 = DIRECTION('',(-1.,0.));
#1652 = ( GEOMETRIC_REPRESENTATION_CONTEXT(2) 
PARAMETRIC_REPRESENTATION_CONTEXT() REPRESENTATION_CONTEXT('2D SPACE',''
  ) );
#1653 = PCURVE('',#889,#1654);
#1654 = DEFINITIONAL_REPRESENTATION('',(#1655),#1662);
#1655 = B_SPLINE_CURVE_WITH_KNOTS('',5,(#1656,#1657,#1658,#1659,#1660,
    #1661),.UNSPECIFIED.,.F.,.F.,(6,6),(3.14159265359,3.487087691768),
  .PIECEWISE_BEZIER_KNOTS.);
#1656 = CARTESIAN_POINT('',(8.881784197001E-16,-0.563867531864));
#1657 = CARTESIAN_POINT('',(-6.909900763557E-02,-0.563867531864));
#1658 = CARTESIAN_POINT('',(-0.138198015271,-0.544903144695));
#1659 = CARTESIAN_POINT('',(-0.207297022907,-0.506973303934));
#1660 = CARTESIAN_POINT('',(-0.276396030542,-0.450459017236));
#1661 = CARTESIAN_POINT('',(-0.345495038178,-0.376100996996));
#1662 = ( GEOMETRIC_REPRESENTATION_CONTEXT(2) 
PARAMETRIC_REPRESENTATION_CONTEXT() REPRESENTATION_CONTEXT('2D SPACE',''
  ) );
#1663 = ADVANCED_FACE('',(#1664),#889,.T.);
#1664 = FACE_BOUND('',#1665,.F.);
#1665 = EDGE_LOOP('',(#1666,#1689,#1690,#1691,#1715,#1759,#1792,#1830,
    #1852,#1853,#1854,#1855,#1884,#1924,#1964,#1996,#2058,#2082,#2149,
    #2181,#2243,#2267,#2334,#2366,#2428,#2452,#2519,#2551,#2613));
#1666 = ORIENTED_EDGE('',*,*,#1667,.F.);
#1667 = EDGE_CURVE('',#1611,#1668,#1670,.T.);
#1668 = VERTEX_POINT('',#1669);
#1669 = CARTESIAN_POINT('',(3.96547,0.,12.25883));
#1670 = SEAM_CURVE('',#1671,(#1675,#1682),.PCURVE_S1.);
#1671 = LINE('',#1672,#1673);
#1672 = CARTESIAN_POINT('',(3.96547,0.,10.65));
#1673 = VECTOR('',#1674,1.);
#1674 = DIRECTION('',(0.,0.,1.));
#1675 = PCURVE('',#889,#1676);
#1676 = DEFINITIONAL_REPRESENTATION('',(#1677),#1681);
#1677 = LINE('',#1678,#1679);
#1678 = CARTESIAN_POINT('',(-6.28318530718,0.));
#1679 = VECTOR('',#1680,1.);
#1680 = DIRECTION('',(-0.,-1.));
#1681 = ( GEOMETRIC_REPRESENTATION_CONTEXT(2) 
PARAMETRIC_REPRESENTATION_CONTEXT() REPRESENTATION_CONTEXT('2D SPACE',''
  ) );
#1682 = PCURVE('',#889,#1683);
#1683 = DEFINITIONAL_REPRESENTATION('',(#1684),#1688);
#1684 = LINE('',#1685,#1686);
#1685 = CARTESIAN_POINT('',(-0.,0.));
#1686 = VECTOR('',#1687,1.);
#1687 = DIRECTION('',(-0.,-1.));
#1688 = ( GEOMETRIC_REPRESENTATION_CONTEXT(2) 
PARAMETRIC_REPRESENTATION_CONTEXT() REPRESENTATION_CONTEXT('2D SPACE',''
  ) );
#1689 = ORIENTED_EDGE('',*,*,#1610,.F.);
#1690 = ORIENTED_EDGE('',*,*,#863,.F.);
#1691 = ORIENTED_EDGE('',*,*,#1692,.F.);
#1692 = EDGE_CURVE('',#1693,#864,#1695,.T.);
#1693 = VERTEX_POINT('',#1694);
#1694 = CARTESIAN_POINT('',(-3.804687389489,-1.117723664045,10.65));
#1695 = SURFACE_CURVE('',#1696,(#1701,#1708),.PCURVE_S1.);
#1696 = CIRCLE('',#1697,3.96547);
#1697 = AXIS2_PLACEMENT_3D('',#1698,#1699,#1700);
#1698 = CARTESIAN_POINT('',(0.,0.,10.65));
#1699 = DIRECTION('',(0.,0.,1.));
#1700 = DIRECTION('',(1.,0.,0.));
#1701 = PCURVE('',#889,#1702);
#1702 = DEFINITIONAL_REPRESENTATION('',(#1703),#1707);
#1703 = LINE('',#1704,#1705);
#1704 = CARTESIAN_POINT('',(-0.,0.));
#1705 = VECTOR('',#1706,1.);
#1706 = DIRECTION('',(-1.,0.));
#1707 = ( GEOMETRIC_REPRESENTATION_CONTEXT(2) 
PARAMETRIC_REPRESENTATION_CONTEXT() REPRESENTATION_CONTEXT('2D SPACE',''
  ) );
#1708 = PCURVE('',#928,#1709);
#1709 = DEFINITIONAL_REPRESENTATION('',(#1710),#1714);
#1710 = CIRCLE('',#1711,3.96547);
#1711 = AXIS2_PLACEMENT_2D('',#1712,#1713);
#1712 = CARTESIAN_POINT('',(2.586276278485E-16,-3.553785842766E-16));
#1713 = DIRECTION('',(1.,0.));
#1714 = ( GEOMETRIC_REPRESENTATION_CONTEXT(2) 
PARAMETRIC_REPRESENTATION_CONTEXT() REPRESENTATION_CONTEXT('2D SPACE',''
  ) );
#1715 = ORIENTED_EDGE('',*,*,#1716,.F.);
#1716 = EDGE_CURVE('',#1717,#1693,#1719,.T.);
#1717 = VERTEX_POINT('',#1718);
#1718 = CARTESIAN_POINT('',(-3.81085391108,-1.096514837704,
    11.089973921874));
#1719 = SURFACE_CURVE('',#1720,(#1731,#1745),.PCURVE_S1.);
#1720 = B_SPLINE_CURVE_WITH_KNOTS('',5,(#1721,#1722,#1723,#1724,#1725,
    #1726,#1727,#1728,#1729,#1730),.UNSPECIFIED.,.F.,.F.,(6,4,6),(0.,
    0.800285309183,1.),.UNSPECIFIED.);
#1721 = CARTESIAN_POINT('',(-3.810853941619,-1.096514731567,
    11.089974715207));
#1722 = CARTESIAN_POINT('',(-3.808153504865,-1.105899895081,
    11.019824338884));
#1723 = CARTESIAN_POINT('',(-3.806168319211,-1.112690656553,
    10.949444571157));
#1724 = CARTESIAN_POINT('',(-3.804879533672,-1.117071576863,
    10.878961053474));
#1725 = CARTESIAN_POINT('',(-3.80425783328,-1.119184820394,
    10.808450798617));
#1726 = CARTESIAN_POINT('',(-3.804278313397,-1.119115201992,
    10.72035342744));
#1727 = CARTESIAN_POINT('',(-3.804322140886,-1.11896621914,
    10.702760501255));
#1728 = CARTESIAN_POINT('',(-3.804405243744,-1.118683714776,
    10.68516992966));
#1729 = CARTESIAN_POINT('',(-3.804527153461,-1.11826910119,
    10.667582610912));
#1730 = CARTESIAN_POINT('',(-3.804687394957,-1.117723645432,10.6499994)
  );
#1731 = PCURVE('',#889,#1732);
#1732 = DEFINITIONAL_REPRESENTATION('',(#1733),#1744);
#1733 = B_SPLINE_CURVE_WITH_KNOTS('',5,(#1734,#1735,#1736,#1737,#1738,
    #1739,#1740,#1741,#1742,#1743),.UNSPECIFIED.,.F.,.F.,(6,4,6),(0.,
    0.800285309183,1.),.UNSPECIFIED.);
#1734 = CARTESIAN_POINT('',(-3.421759199635,-0.439974715207));
#1735 = CARTESIAN_POINT('',(-3.424221945165,-0.369824338884));
#1736 = CARTESIAN_POINT('',(-3.426006078116,-0.299444571157));
#1737 = CARTESIAN_POINT('',(-3.427157662918,-0.228961053474));
#1738 = CARTESIAN_POINT('',(-3.427713156033,-0.158450798617));
#1739 = CARTESIAN_POINT('',(-3.427694855985,-7.035342744016E-02));
#1740 = CARTESIAN_POINT('',(-3.427655694005,-5.276050125531E-02));
#1741 = CARTESIAN_POINT('',(-3.427581434519,-3.516992965984E-02));
#1742 = CARTESIAN_POINT('',(-3.427472452537,-1.758261091192E-02));
#1743 = CARTESIAN_POINT('',(-3.427329088391,6.000000000173E-07));
#1744 = ( GEOMETRIC_REPRESENTATION_CONTEXT(2) 
PARAMETRIC_REPRESENTATION_CONTEXT() REPRESENTATION_CONTEXT('2D SPACE',''
  ) );
#1745 = PCURVE('',#1592,#1746);
#1746 = DEFINITIONAL_REPRESENTATION('',(#1747),#1758);
#1747 = B_SPLINE_CURVE_WITH_KNOTS('',5,(#1748,#1749,#1750,#1751,#1752,
    #1753,#1754,#1755,#1756,#1757),.UNSPECIFIED.,.F.,.F.,(6,4,6),(0.,
    0.800285309183,1.),.UNSPECIFIED.);
#1748 = CARTESIAN_POINT('',(4.511012069076,3.780237665172));
#1749 = CARTESIAN_POINT('',(4.552938790976,3.727182728859));
#1750 = CARTESIAN_POINT('',(4.594038765507,3.673501525831));
#1751 = CARTESIAN_POINT('',(4.634442420568,3.619303891209));
#1752 = CARTESIAN_POINT('',(4.674271011525,3.564668254811));
#1753 = CARTESIAN_POINT('',(4.723481077513,3.495906520559));
#1754 = CARTESIAN_POINT('',(4.733280705682,3.482150046538));
#1755 = CARTESIAN_POINT('',(4.743053756811,3.468370850594));
#1756 = CARTESIAN_POINT('',(4.752801969447,3.454569926669));
#1757 = CARTESIAN_POINT('',(4.76252705278,3.440748239049));
#1758 = ( GEOMETRIC_REPRESENTATION_CONTEXT(2) 
PARAMETRIC_REPRESENTATION_CONTEXT() REPRESENTATION_CONTEXT('2D SPACE',''
  ) );
#1759 = ORIENTED_EDGE('',*,*,#1760,.F.);
#1760 = EDGE_CURVE('',#1761,#1717,#1763,.T.);
#1761 = VERTEX_POINT('',#1762);
#1762 = CARTESIAN_POINT('',(-3.81085391108,1.096514837704,
    11.089973921874));
#1763 = SURFACE_CURVE('',#1764,(#1769,#1780),.PCURVE_S1.);
#1764 = ELLIPSE('',#1765,5.081497177908,3.96547);
#1765 = AXIS2_PLACEMENT_3D('',#1766,#1767,#1768);
#1766 = CARTESIAN_POINT('',(0.,0.,8.036343142));
#1767 = DIRECTION('',(0.625312634961,0.,0.780374338736));
#1768 = DIRECTION('',(0.780374338736,0.,-0.625312634961));
#1769 = PCURVE('',#889,#1770);
#1770 = DEFINITIONAL_REPRESENTATION('',(#1771),#1779);
#1771 = B_SPLINE_CURVE_WITH_KNOTS('',6,(#1772,#1773,#1774,#1775,#1776,
    #1777,#1778),.UNSPECIFIED.,.F.,.F.,(7,7),(2.796097615412,
    3.487087691768),.PIECEWISE_BEZIER_KNOTS.);
#1772 = CARTESIAN_POINT('',(-2.796097615412,-0.376100996996));
#1773 = CARTESIAN_POINT('',(-2.911262628138,-0.50003103073));
#1774 = CARTESIAN_POINT('',(-3.026427640864,-0.576377336949));
#1775 = CARTESIAN_POINT('',(-3.14159265359,-0.602181377013));
#1776 = CARTESIAN_POINT('',(-3.256757666316,-0.576377336949));
#1777 = CARTESIAN_POINT('',(-3.371922679042,-0.50003103073));
#1778 = CARTESIAN_POINT('',(-3.487087691768,-0.376100996996));
#1779 = ( GEOMETRIC_REPRESENTATION_CONTEXT(2) 
PARAMETRIC_REPRESENTATION_CONTEXT() REPRESENTATION_CONTEXT('2D SPACE',''
  ) );
#1780 = PCURVE('',#1781,#1786);
#1781 = PLANE('',#1782);
#1782 = AXIS2_PLACEMENT_3D('',#1783,#1784,#1785);
#1783 = CARTESIAN_POINT('',(-3.63617,0.,10.95));
#1784 = DIRECTION('',(0.625312634961,0.,0.780374338736));
#1785 = DIRECTION('',(0.780374338736,0.,-0.625312634961));
#1786 = DEFINITIONAL_REPRESENTATION('',(#1787),#1791);
#1787 = ELLIPSE('',#1788,5.081497177908,3.96547);
#1788 = AXIS2_PLACEMENT_2D('',#1789,#1790);
#1789 = CARTESIAN_POINT('',(4.659520206531,0.));
#1790 = DIRECTION('',(1.,0.));
#1791 = ( GEOMETRIC_REPRESENTATION_CONTEXT(2) 
PARAMETRIC_REPRESENTATION_CONTEXT() REPRESENTATION_CONTEXT('2D SPACE',''
  ) );
#1792 = ORIENTED_EDGE('',*,*,#1793,.F.);
#1793 = EDGE_CURVE('',#1794,#1761,#1796,.T.);
#1794 = VERTEX_POINT('',#1795);
#1795 = CARTESIAN_POINT('',(-3.804687389489,1.117723664045,10.65));
#1796 = SURFACE_CURVE('',#1797,(#1806,#1818),.PCURVE_S1.);
#1797 = B_SPLINE_CURVE_WITH_KNOTS('',4,(#1798,#1799,#1800,#1801,#1802,
    #1803,#1804,#1805),.UNSPECIFIED.,.F.,.F.,(5,3,5),(0.,0.344026482562,
    1.),.UNSPECIFIED.);
#1798 = CARTESIAN_POINT('',(-3.804687394957,1.117723645432,10.6499994));
#1799 = CARTESIAN_POINT('',(-3.804342367825,1.118898104237,
    10.687859036803));
#1800 = CARTESIAN_POINT('',(-3.80418689642,1.119425511552,
    10.725738968207));
#1801 = CARTESIAN_POINT('',(-3.804227066854,1.119289720403,
    10.763628343958));
#1802 = CARTESIAN_POINT('',(-3.80492921977,1.116901347553,
    10.873753137524));
#1803 = CARTESIAN_POINT('',(-3.806121561242,1.112841290286,
    10.945966811675));
#1804 = CARTESIAN_POINT('',(-3.808087010243,1.106130992105,
    11.018096980247));
#1805 = CARTESIAN_POINT('',(-3.810853941619,1.096514731567,
    11.089974715207));
#1806 = PCURVE('',#889,#1807);
#1807 = DEFINITIONAL_REPRESENTATION('',(#1808),#1817);
#1808 = B_SPLINE_CURVE_WITH_KNOTS('',4,(#1809,#1810,#1811,#1812,#1813,
    #1814,#1815,#1816),.UNSPECIFIED.,.F.,.F.,(5,3,5),(0.,0.344026482562,
    1.),.UNSPECIFIED.);
#1809 = CARTESIAN_POINT('',(-2.855856218788,6.000000000173E-07));
#1810 = CARTESIAN_POINT('',(-2.855547531455,-3.785903680302E-02));
#1811 = CARTESIAN_POINT('',(-2.85540887321,-7.573896820728E-02));
#1812 = CARTESIAN_POINT('',(-2.855444583493,-0.113628343958));
#1813 = CARTESIAN_POINT('',(-2.856072364423,-0.223753137524));
#1814 = CARTESIAN_POINT('',(-2.857139459628,-0.295966811675));
#1815 = CARTESIAN_POINT('',(-2.858902720219,-0.368096980247));
#1816 = CARTESIAN_POINT('',(-2.861426107545,-0.439974715207));
#1817 = ( GEOMETRIC_REPRESENTATION_CONTEXT(2) 
PARAMETRIC_REPRESENTATION_CONTEXT() REPRESENTATION_CONTEXT('2D SPACE',''
  ) );
#1818 = PCURVE('',#1592,#1819);
#1819 = DEFINITIONAL_REPRESENTATION('',(#1820),#1829);
#1820 = B_SPLINE_CURVE_WITH_KNOTS('',4,(#1821,#1822,#1823,#1824,#1825,
    #1826,#1827,#1828),.UNSPECIFIED.,.F.,.F.,(5,3,5),(0.,0.344026482562,
    1.),.UNSPECIFIED.);
#1821 = CARTESIAN_POINT('',(1.5206582544,3.440748239049));
#1822 = CARTESIAN_POINT('',(1.541598009074,3.470508677909));
#1823 = CARTESIAN_POINT('',(1.562652150856,3.500166422564));
#1824 = CARTESIAN_POINT('',(1.583842468397,3.52970920003));
#1825 = CARTESIAN_POINT('',(1.645900894232,3.615208697898));
#1826 = CARTESIAN_POINT('',(1.687182887637,3.670816809924));
#1827 = CARTESIAN_POINT('',(1.729214127085,3.725876322433));
#1828 = CARTESIAN_POINT('',(1.772173238103,3.780237665172));
#1829 = ( GEOMETRIC_REPRESENTATION_CONTEXT(2) 
PARAMETRIC_REPRESENTATION_CONTEXT() REPRESENTATION_CONTEXT('2D SPACE',''
  ) );
#1830 = ORIENTED_EDGE('',*,*,#1831,.F.);
#1831 = EDGE_CURVE('',#1502,#1794,#1832,.T.);
#1832 = SURFACE_CURVE('',#1833,(#1838,#1845),.PCURVE_S1.);
#1833 = CIRCLE('',#1834,3.96547);
#1834 = AXIS2_PLACEMENT_3D('',#1835,#1836,#1837);
#1835 = CARTESIAN_POINT('',(0.,0.,10.65));
#1836 = DIRECTION('',(0.,0.,1.));
#1837 = DIRECTION('',(1.,0.,0.));
#1838 = PCURVE('',#889,#1839);
#1839 = DEFINITIONAL_REPRESENTATION('',(#1840),#1844);
#1840 = LINE('',#1841,#1842);
#1841 = CARTESIAN_POINT('',(-0.,0.));
#1842 = VECTOR('',#1843,1.);
#1843 = DIRECTION('',(-1.,0.));
#1844 = ( GEOMETRIC_REPRESENTATION_CONTEXT(2) 
PARAMETRIC_REPRESENTATION_CONTEXT() REPRESENTATION_CONTEXT('2D SPACE',''
  ) );
#1845 = PCURVE('',#928,#1846);
#1846 = DEFINITIONAL_REPRESENTATION('',(#1847),#1851);
#1847 = CIRCLE('',#1848,3.96547);
#1848 = AXIS2_PLACEMENT_2D('',#1849,#1850);
#1849 = CARTESIAN_POINT('',(2.586276278485E-16,-3.553785842766E-16));
#1850 = DIRECTION('',(1.,0.));
#1851 = ( GEOMETRIC_REPRESENTATION_CONTEXT(2) 
PARAMETRIC_REPRESENTATION_CONTEXT() REPRESENTATION_CONTEXT('2D SPACE',''
  ) );
#1852 = ORIENTED_EDGE('',*,*,#1530,.F.);
#1853 = ORIENTED_EDGE('',*,*,#1639,.F.);
#1854 = ORIENTED_EDGE('',*,*,#1667,.T.);
#1855 = ORIENTED_EDGE('',*,*,#1856,.T.);
#1856 = EDGE_CURVE('',#1668,#1857,#1859,.T.);
#1857 = VERTEX_POINT('',#1858);
#1858 = CARTESIAN_POINT('',(2.972778010682,2.624412928658,12.25883));
#1859 = SURFACE_CURVE('',#1860,(#1865,#1872),.PCURVE_S1.);
#1860 = CIRCLE('',#1861,3.96547);
#1861 = AXIS2_PLACEMENT_3D('',#1862,#1863,#1864);
#1862 = CARTESIAN_POINT('',(0.,0.,12.25883));
#1863 = DIRECTION('',(0.,0.,1.));
#1864 = DIRECTION('',(1.,0.,0.));
#1865 = PCURVE('',#889,#1866);
#1866 = DEFINITIONAL_REPRESENTATION('',(#1867),#1871);
#1867 = LINE('',#1868,#1869);
#1868 = CARTESIAN_POINT('',(-0.,-1.60883));
#1869 = VECTOR('',#1870,1.);
#1870 = DIRECTION('',(-1.,0.));
#1871 = ( GEOMETRIC_REPRESENTATION_CONTEXT(2) 
PARAMETRIC_REPRESENTATION_CONTEXT() REPRESENTATION_CONTEXT('2D SPACE',''
  ) );
#1872 = PCURVE('',#1873,#1878);
#1873 = PLANE('',#1874);
#1874 = AXIS2_PLACEMENT_3D('',#1875,#1876,#1877);
#1875 = CARTESIAN_POINT('',(-2.586276278485E-16,3.553785842766E-16,
    12.25883));
#1876 = DIRECTION('',(0.,0.,1.));
#1877 = DIRECTION('',(1.,0.,-0.));
#1878 = DEFINITIONAL_REPRESENTATION('',(#1879),#1883);
#1879 = CIRCLE('',#1880,3.96547);
#1880 = AXIS2_PLACEMENT_2D('',#1881,#1882);
#1881 = CARTESIAN_POINT('',(2.586276278485E-16,-3.553785842766E-16));
#1882 = DIRECTION('',(1.,0.));
#1883 = ( GEOMETRIC_REPRESENTATION_CONTEXT(2) 
PARAMETRIC_REPRESENTATION_CONTEXT() REPRESENTATION_CONTEXT('2D SPACE',''
  ) );
#1884 = ORIENTED_EDGE('',*,*,#1885,.F.);
#1885 = EDGE_CURVE('',#1886,#1857,#1888,.T.);
#1886 = VERTEX_POINT('',#1887);
#1887 = CARTESIAN_POINT('',(3.010283396686,2.581307070563,
    11.752543298286));
#1888 = SURFACE_CURVE('',#1889,(#1897,#1908),.PCURVE_S1.);
#1889 = B_SPLINE_CURVE_WITH_KNOTS('',6,(#1890,#1891,#1892,#1893,#1894,
    #1895,#1896),.UNSPECIFIED.,.F.,.F.,(7,7),(0.,1.),
  .PIECEWISE_BEZIER_KNOTS.);
#1890 = CARTESIAN_POINT('',(3.010283396686,2.581307070563,
    11.752543298286));
#1891 = CARTESIAN_POINT('',(3.004852613737,2.587640371985,
    11.837238200177));
#1892 = CARTESIAN_POINT('',(2.999150912895,2.594257246951,
    11.921836831126));
#1893 = CARTESIAN_POINT('',(2.993145090712,2.601190783886,
    12.006325745617));
#1894 = CARTESIAN_POINT('',(2.986791120973,2.608484766084,
    12.090681036085));
#1895 = CARTESIAN_POINT('',(2.980033739777,2.616194073,12.174868329395)
  );
#1896 = CARTESIAN_POINT('',(2.972777958831,2.624412987391,12.2588306));
#1897 = PCURVE('',#889,#1898);
#1898 = DEFINITIONAL_REPRESENTATION('',(#1899),#1907);
#1899 = B_SPLINE_CURVE_WITH_KNOTS('',6,(#1900,#1901,#1902,#1903,#1904,
    #1905,#1906),.UNSPECIFIED.,.F.,.F.,(7,7),(0.,1.),
  .PIECEWISE_BEZIER_KNOTS.);
#1900 = CARTESIAN_POINT('',(-0.708830023472,-1.102543298286));
#1901 = CARTESIAN_POINT('',(-0.710933912238,-1.187238200177));
#1902 = CARTESIAN_POINT('',(-0.71313655869,-1.271836831126));
#1903 = CARTESIAN_POINT('',(-0.715449763919,-1.356325745617));
#1904 = CARTESIAN_POINT('',(-0.717889162382,-1.440681036085));
#1905 = CARTESIAN_POINT('',(-0.720474366874,-1.524868329395));
#1906 = CARTESIAN_POINT('',(-0.723239092159,-1.6088306));
#1907 = ( GEOMETRIC_REPRESENTATION_CONTEXT(2) 
PARAMETRIC_REPRESENTATION_CONTEXT() REPRESENTATION_CONTEXT('2D SPACE',''
  ) );
#1908 = PCURVE('',#1909,#1914);
#1909 = CONICAL_SURFACE('',#1910,0.45,2.135507897703E-02);
#1910 = AXIS2_PLACEMENT_3D('',#1911,#1912,#1913);
#1911 = CARTESIAN_POINT('',(2.622567127539,2.622567127539,10.77));
#1912 = DIRECTION('',(4.27144723893E-02,4.27144723893E-02,
    -0.998173806357));
#1913 = DIRECTION('',(0.999085651417,-2.168404344971E-19,
    4.275349262848E-02));
#1914 = DEFINITIONAL_REPRESENTATION('',(#1915),#1923);
#1915 = B_SPLINE_CURVE_WITH_KNOTS('',6,(#1916,#1917,#1918,#1919,#1920,
    #1921,#1922),.UNSPECIFIED.,.F.,.F.,(7,7),(0.,1.),
  .PIECEWISE_BEZIER_KNOTS.);
#1916 = CARTESIAN_POINT('',(0.,-0.965950289652));
#1917 = CARTESIAN_POINT('',(-2.317780485763E-02,-1.05045197165));
#1918 = CARTESIAN_POINT('',(-4.724092273241E-02,-1.134857017938));
#1919 = CARTESIAN_POINT('',(-7.230336374571E-02,-1.219152012464));
#1920 = CARTESIAN_POINT('',(-9.851636755073E-02,-1.303313101701));
#1921 = CARTESIAN_POINT('',(-0.126069782764,-1.387305991706));
#1922 = CARTESIAN_POINT('',(-0.155291658473,-1.471073791209));
#1923 = ( GEOMETRIC_REPRESENTATION_CONTEXT(2) 
PARAMETRIC_REPRESENTATION_CONTEXT() REPRESENTATION_CONTEXT('2D SPACE',''
  ) );
#1924 = ORIENTED_EDGE('',*,*,#1925,.F.);
#1925 = EDGE_CURVE('',#1926,#1886,#1928,.T.);
#1926 = VERTEX_POINT('',#1927);
#1927 = CARTESIAN_POINT('',(3.06077246743,2.521234662526,10.784415672923
    ));
#1928 = SURFACE_CURVE('',#1929,(#1937,#1948),.PCURVE_S1.);
#1929 = B_SPLINE_CURVE_WITH_KNOTS('',6,(#1930,#1931,#1932,#1933,#1934,
    #1935,#1936),.UNSPECIFIED.,.F.,.F.,(7,7),(0.,1.),
  .PIECEWISE_BEZIER_KNOTS.);
#1930 = CARTESIAN_POINT('',(3.06077246743,2.521234662526,10.784415672923
    ));
#1931 = CARTESIAN_POINT('',(3.05385283842,2.529635074544,10.946188395656
    ));
#1932 = CARTESIAN_POINT('',(3.046452398946,2.538562763063,
    11.107837769525));
#1933 = CARTESIAN_POINT('',(3.038506697602,2.548082458105,
    11.269347301738));
#1934 = CARTESIAN_POINT('',(3.029923998097,2.55828594901,11.430679714264
    ));
#1935 = CARTESIAN_POINT('',(3.020591833533,2.569285518908,
    11.591779729651));
#1936 = CARTESIAN_POINT('',(3.010283396686,2.581307070563,
    11.752543298286));
#1937 = PCURVE('',#889,#1938);
#1938 = DEFINITIONAL_REPRESENTATION('',(#1939),#1947);
#1939 = B_SPLINE_CURVE_WITH_KNOTS('',6,(#1940,#1941,#1942,#1943,#1944,
    #1945,#1946),.UNSPECIFIED.,.F.,.F.,(7,7),(0.,1.),
  .PIECEWISE_BEZIER_KNOTS.);
#1940 = CARTESIAN_POINT('',(-0.68904089652,-0.134415672923));
#1941 = CARTESIAN_POINT('',(-0.691785436373,-0.296188395656));
#1942 = CARTESIAN_POINT('',(-0.694709697919,-0.457837769525));
#1943 = CARTESIAN_POINT('',(-0.69783664908,-0.619347301738));
#1944 = CARTESIAN_POINT('',(-0.701198933387,-0.780679714264));
#1945 = CARTESIAN_POINT('',(-0.704836528484,-0.941779729651));
#1946 = CARTESIAN_POINT('',(-0.708830023472,-1.102543298286));
#1947 = ( GEOMETRIC_REPRESENTATION_CONTEXT(2) 
PARAMETRIC_REPRESENTATION_CONTEXT() REPRESENTATION_CONTEXT('2D SPACE',''
  ) );
#1948 = PCURVE('',#1949,#1954);
#1949 = CONICAL_SURFACE('',#1950,0.45,2.135507897703E-02);
#1950 = AXIS2_PLACEMENT_3D('',#1951,#1952,#1953);
#1951 = CARTESIAN_POINT('',(2.622567127539,2.622567127539,10.77));
#1952 = DIRECTION('',(4.27144723893E-02,4.27144723893E-02,
    -0.998173806357));
#1953 = DIRECTION('',(0.999085651417,-2.168404344971E-19,
    4.275349262848E-02));
#1954 = DEFINITIONAL_REPRESENTATION('',(#1955),#1963);
#1955 = B_SPLINE_CURVE_WITH_KNOTS('',6,(#1956,#1957,#1958,#1959,#1960,
    #1961,#1962),.UNSPECIFIED.,.F.,.F.,(7,7),(0.,1.),
  .PIECEWISE_BEZIER_KNOTS.);
#1956 = CARTESIAN_POINT('',(-6.055843053135,-1.029153539422E-13));
#1957 = CARTESIAN_POINT('',(-6.088989422437,-0.16141404355));
#1958 = CARTESIAN_POINT('',(-6.1236334724,-0.322702978723));
#1959 = CARTESIAN_POINT('',(-6.159994843363,-0.483850330944));
#1960 = CARTESIAN_POINT('',(-6.198386271868,-0.644818887995));
#1961 = CARTESIAN_POINT('',(-6.239190373141,-0.805553481219));
#1962 = CARTESIAN_POINT('',(-6.28318530718,-0.965950289652));
#1963 = ( GEOMETRIC_REPRESENTATION_CONTEXT(2) 
PARAMETRIC_REPRESENTATION_CONTEXT() REPRESENTATION_CONTEXT('2D SPACE',''
  ) );
#1964 = ORIENTED_EDGE('',*,*,#1965,.T.);
#1965 = EDGE_CURVE('',#1926,#1966,#1968,.T.);
#1966 = VERTEX_POINT('',#1967);
#1967 = CARTESIAN_POINT('',(2.521234662526,3.06077246743,10.784415672923
    ));
#1968 = SURFACE_CURVE('',#1969,(#1974,#1984),.PCURVE_S1.);
#1969 = ELLIPSE('',#1970,3.972724965077,3.96547);
#1970 = AXIS2_PLACEMENT_3D('',#1971,#1972,#1973);
#1971 = CARTESIAN_POINT('',(0.,0.,10.545546962974));
#1972 = DIRECTION('',(-4.27144723893E-02,-4.27144723893E-02,
    0.998173806357));
#1973 = DIRECTION('',(-0.705815467278,-0.705815467278,
    -6.040738616257E-02));
#1974 = PCURVE('',#889,#1975);
#1975 = DEFINITIONAL_REPRESENTATION('',(#1976),#1983);
#1976 = B_SPLINE_CURVE_WITH_KNOTS('',5,(#1977,#1978,#1979,#1980,#1981,
    #1982),.UNSPECIFIED.,.F.,.F.,(6,6),(3.003837489721,3.279172361339),
  .PIECEWISE_BEZIER_KNOTS.);
#1977 = CARTESIAN_POINT('',(-0.647642999528,-0.1332554858));
#1978 = CARTESIAN_POINT('',(-0.702709973852,-0.135070179003));
#1979 = CARTESIAN_POINT('',(-0.757776948176,-0.135983849645));
#1980 = CARTESIAN_POINT('',(-0.812843922499,-0.135985012658));
#1981 = CARTESIAN_POINT('',(-0.867910896823,-0.135073660647));
#1982 = CARTESIAN_POINT('',(-0.922977871147,-0.133261264174));
#1983 = ( GEOMETRIC_REPRESENTATION_CONTEXT(2) 
PARAMETRIC_REPRESENTATION_CONTEXT() REPRESENTATION_CONTEXT('2D SPACE',''
  ) );
#1984 = PCURVE('',#1985,#1990);
#1985 = PLANE('',#1986);
#1986 = AXIS2_PLACEMENT_3D('',#1987,#1988,#1989);
#1987 = CARTESIAN_POINT('',(2.622567127539,2.622567127539,10.77));
#1988 = DIRECTION('',(-4.27144723893E-02,-4.27144723893E-02,
    0.998173806357));
#1989 = DIRECTION('',(0.999085651417,-2.168404344971E-19,
    4.275349262848E-02));
#1990 = DEFINITIONAL_REPRESENTATION('',(#1991),#1995);
#1991 = ELLIPSE('',#1992,3.972724965077,3.96547);
#1992 = AXIS2_PLACEMENT_2D('',#1993,#1994);
#1993 = CARTESIAN_POINT('',(-2.629765338267,-2.624962877524));
#1994 = DIRECTION('',(-0.707752732645,-0.706460239103));
#1995 = ( GEOMETRIC_REPRESENTATION_CONTEXT(2) 
PARAMETRIC_REPRESENTATION_CONTEXT() REPRESENTATION_CONTEXT('2D SPACE',''
  ) );
#1996 = ORIENTED_EDGE('',*,*,#1997,.F.);
#1997 = EDGE_CURVE('',#1998,#1966,#2000,.T.);
#1998 = VERTEX_POINT('',#1999);
#1999 = CARTESIAN_POINT('',(2.624412928658,2.972778010682,12.25883));
#2000 = SURFACE_CURVE('',#2001,(#2018,#2038),.PCURVE_S1.);
#2001 = B_SPLINE_CURVE_WITH_KNOTS('',8,(#2002,#2003,#2004,#2005,#2006,
    #2007,#2008,#2009,#2010,#2011,#2012,#2013,#2014,#2015,#2016,#2017),
  .UNSPECIFIED.,.F.,.F.,(9,7,9),(0.,0.719055922232,1.),.UNSPECIFIED.);
#2002 = CARTESIAN_POINT('',(2.624412987391,2.972777958831,12.2588306));
#2003 = CARTESIAN_POINT('',(2.611567292048,2.984118331425,
    12.127602350475));
#2004 = CARTESIAN_POINT('',(2.599908121699,2.994298358812,
    11.995859783068));
#2005 = CARTESIAN_POINT('',(2.589128202933,3.003627395001,
    11.863770432029));
#2006 = CARTESIAN_POINT('',(2.57908619719,3.012247730178,11.731423297802
    ));
#2007 = CARTESIAN_POINT('',(2.569664305288,3.020277792535,
    11.598885646367));
#2008 = CARTESIAN_POINT('',(2.560787742297,3.027792595699,
    11.466194514041));
#2009 = CARTESIAN_POINT('',(2.552391912654,3.034856779328,
    11.333370721045));
#2010 = CARTESIAN_POINT('',(2.541315608972,3.044122822225,11.14846921532
    ));
#2011 = CARTESIAN_POINT('',(2.538269744417,3.046664705734,11.09650495193
    ));
#2012 = CARTESIAN_POINT('',(2.535286983054,3.049148087854,
    11.044524597952));
#2013 = CARTESIAN_POINT('',(2.532364682627,3.051575610216,
    10.992529236911));
#2014 = CARTESIAN_POINT('',(2.529500412805,3.053949701099,
    10.940519846053));
#2015 = CARTESIAN_POINT('',(2.526691955182,3.056272575434,10.88849729635
    ));
#2016 = CARTESIAN_POINT('',(2.523937303276,3.0585462348,10.8364623525));
#2017 = CARTESIAN_POINT('',(2.521234662526,3.06077246743,10.784415672923
    ));
#2018 = PCURVE('',#889,#2019);
#2019 = DEFINITIONAL_REPRESENTATION('',(#2020),#2037);
#2020 = B_SPLINE_CURVE_WITH_KNOTS('',8,(#2021,#2022,#2023,#2024,#2025,
    #2026,#2027,#2028,#2029,#2030,#2031,#2032,#2033,#2034,#2035,#2036),
  .UNSPECIFIED.,.F.,.F.,(9,7,9),(0.,0.719055922232,1.),.UNSPECIFIED.);
#2021 = CARTESIAN_POINT('',(-0.847557234636,-1.6088306));
#2022 = CARTESIAN_POINT('',(-0.851878342879,-1.477602350475));
#2023 = CARTESIAN_POINT('',(-0.855781484888,-1.345859783068));
#2024 = CARTESIAN_POINT('',(-0.85937650204,-1.213770432029));
#2025 = CARTESIAN_POINT('',(-0.862713887972,-1.081423297803));
#2026 = CARTESIAN_POINT('',(-0.865835697354,-0.948885646367));
#2027 = CARTESIAN_POINT('',(-0.868768585815,-0.816194514041));
#2028 = CARTESIAN_POINT('',(-0.871535550311,-0.683370721045));
#2029 = CARTESIAN_POINT('',(-0.875177250909,-0.49846921532));
#2030 = CARTESIAN_POINT('',(-0.876177679729,-0.44650495193));
#2031 = CARTESIAN_POINT('',(-0.877156438709,-0.394524597952));
#2032 = CARTESIAN_POINT('',(-0.878114467686,-0.342529236911));
#2033 = CARTESIAN_POINT('',(-0.879052630783,-0.290519846053));
#2034 = CARTESIAN_POINT('',(-0.879971716407,-0.23849729635));
#2035 = CARTESIAN_POINT('',(-0.880872437247,-0.1864623525));
#2036 = CARTESIAN_POINT('',(-0.881755430275,-0.134415672923));
#2037 = ( GEOMETRIC_REPRESENTATION_CONTEXT(2) 
PARAMETRIC_REPRESENTATION_CONTEXT() REPRESENTATION_CONTEXT('2D SPACE',''
  ) );
#2038 = PCURVE('',#1909,#2039);
#2039 = DEFINITIONAL_REPRESENTATION('',(#2040),#2057);
#2040 = B_SPLINE_CURVE_WITH_KNOTS('',8,(#2041,#2042,#2043,#2044,#2045,
    #2046,#2047,#2048,#2049,#2050,#2051,#2052,#2053,#2054,#2055,#2056),
  .UNSPECIFIED.,.F.,.F.,(9,7,9),(0.,0.719055922232,1.),.UNSPECIFIED.);
#2041 = CARTESIAN_POINT('',(-1.413676806172,-1.471073791209));
#2042 = CARTESIAN_POINT('',(-1.459348934492,-1.340149488946));
#2043 = CARTESIAN_POINT('',(-1.50113610391,-1.20871068979));
#2044 = CARTESIAN_POINT('',(-1.540107538225,-1.076924533166));
#2045 = CARTESIAN_POINT('',(-1.576750547419,-0.944879816347));
#2046 = CARTESIAN_POINT('',(-1.61147128948,-0.812643655589));
#2047 = CARTESIAN_POINT('',(-1.644525756113,-0.680253009819));
#2048 = CARTESIAN_POINT('',(-1.676135307783,-0.547728659346));
#2049 = CARTESIAN_POINT('',(-1.718320639606,-0.36324214391));
#2050 = CARTESIAN_POINT('',(-1.729977146296,-0.311394304612));
#2051 = CARTESIAN_POINT('',(-1.741448175019,-0.259530207547));
#2052 = CARTESIAN_POINT('',(-1.752742729726,-0.207650934287));
#2053 = CARTESIAN_POINT('',(-1.763869083835,-0.155757460383));
#2054 = CARTESIAN_POINT('',(-1.774834780225,-0.103850655364));
#2055 = CARTESIAN_POINT('',(-1.78564663124,-5.193128274036E-02));
#2056 = CARTESIAN_POINT('',(-1.79631071869,0.));
#2057 = ( GEOMETRIC_REPRESENTATION_CONTEXT(2) 
PARAMETRIC_REPRESENTATION_CONTEXT() REPRESENTATION_CONTEXT('2D SPACE',''
  ) );
#2058 = ORIENTED_EDGE('',*,*,#2059,.T.);
#2059 = EDGE_CURVE('',#1998,#2060,#2062,.T.);
#2060 = VERTEX_POINT('',#2061);
#2061 = CARTESIAN_POINT('',(-2.624412928658,2.972778010682,12.25883));
#2062 = SURFACE_CURVE('',#2063,(#2068,#2075),.PCURVE_S1.);
#2063 = CIRCLE('',#2064,3.96547);
#2064 = AXIS2_PLACEMENT_3D('',#2065,#2066,#2067);
#2065 = CARTESIAN_POINT('',(0.,0.,12.25883));
#2066 = DIRECTION('',(0.,0.,1.));
#2067 = DIRECTION('',(1.,0.,0.));
#2068 = PCURVE('',#889,#2069);
#2069 = DEFINITIONAL_REPRESENTATION('',(#2070),#2074);
#2070 = LINE('',#2071,#2072);
#2071 = CARTESIAN_POINT('',(-0.,-1.60883));
#2072 = VECTOR('',#2073,1.);
#2073 = DIRECTION('',(-1.,0.));
#2074 = ( GEOMETRIC_REPRESENTATION_CONTEXT(2) 
PARAMETRIC_REPRESENTATION_CONTEXT() REPRESENTATION_CONTEXT('2D SPACE',''
  ) );
#2075 = PCURVE('',#1873,#2076);
#2076 = DEFINITIONAL_REPRESENTATION('',(#2077),#2081);
#2077 = CIRCLE('',#2078,3.96547);
#2078 = AXIS2_PLACEMENT_2D('',#2079,#2080);
#2079 = CARTESIAN_POINT('',(2.586276278485E-16,-3.553785842766E-16));
#2080 = DIRECTION('',(1.,0.));
#2081 = ( GEOMETRIC_REPRESENTATION_CONTEXT(2) 
PARAMETRIC_REPRESENTATION_CONTEXT() REPRESENTATION_CONTEXT('2D SPACE',''
  ) );
#2082 = ORIENTED_EDGE('',*,*,#2083,.F.);
#2083 = EDGE_CURVE('',#2084,#2060,#2086,.T.);
#2084 = VERTEX_POINT('',#2085);
#2085 = CARTESIAN_POINT('',(-2.521234662526,3.06077246743,
    10.784415672923));
#2086 = SURFACE_CURVE('',#2087,(#2104,#2124),.PCURVE_S1.);
#2087 = B_SPLINE_CURVE_WITH_KNOTS('',8,(#2088,#2089,#2090,#2091,#2092,
    #2093,#2094,#2095,#2096,#2097,#2098,#2099,#2100,#2101,#2102,#2103),
  .UNSPECIFIED.,.F.,.F.,(9,7,9),(0.,0.872669939438,1.),.UNSPECIFIED.);
#2088 = CARTESIAN_POINT('',(-2.521234662526,3.06077246743,
    10.784415672923));
#2089 = CARTESIAN_POINT('',(-2.529629690704,3.053857273223,
    10.946084715206));
#2090 = CARTESIAN_POINT('',(-2.538525397523,3.046485468247,
    11.107622343859));
#2091 = CARTESIAN_POINT('',(-2.547977461295,3.038601712359,
    11.26902743854));
#2092 = CARTESIAN_POINT('',(-2.558059177219,3.030132865067,
    11.430279183504));
#2093 = CARTESIAN_POINT('',(-2.5688550706,3.02099437628,11.59134010272)
  );
#2094 = CARTESIAN_POINT('',(-2.58049980132,3.011051145361,11.75214110251
    ));
#2095 = CARTESIAN_POINT('',(-2.593153867702,3.000141899922,
    11.912590987167));
#2096 = CARTESIAN_POINT('',(-2.609216304056,2.986126247727,12.0958509441
    ));
#2097 = CARTESIAN_POINT('',(-2.611290550021,2.984313495648,
    12.119173971339));
#2098 = CARTESIAN_POINT('',(-2.613394870674,2.982471538708,
    12.142484914866));
#2099 = CARTESIAN_POINT('',(-2.615530444344,2.980599190421,
    12.165783073102));
#2100 = CARTESIAN_POINT('',(-2.61769856798,2.978695144435,
    12.189067652423));
#2101 = CARTESIAN_POINT('',(-2.619900657144,2.976757974537,
    12.21233776716));
#2102 = CARTESIAN_POINT('',(-2.622138246016,2.974786134649,
    12.235592439604));
#2103 = CARTESIAN_POINT('',(-2.624412987391,2.972777958831,12.2588306));
#2104 = PCURVE('',#889,#2105);
#2105 = DEFINITIONAL_REPRESENTATION('',(#2106),#2123);
#2106 = B_SPLINE_CURVE_WITH_KNOTS('',8,(#2107,#2108,#2109,#2110,#2111,
    #2112,#2113,#2114,#2115,#2116,#2117,#2118,#2119,#2120,#2121,#2122),
  .UNSPECIFIED.,.F.,.F.,(9,7,9),(0.,0.872669939438,1.),.UNSPECIFIED.);
#2107 = CARTESIAN_POINT('',(-2.259837223315,-0.134415672923));
#2108 = CARTESIAN_POINT('',(-2.262580004187,-0.296084715206));
#2109 = CARTESIAN_POINT('',(-2.265493449423,-0.457622343859));
#2110 = CARTESIAN_POINT('',(-2.268597299523,-0.61902743854));
#2111 = CARTESIAN_POINT('',(-2.271917600303,-0.780279183504));
#2112 = CARTESIAN_POINT('',(-2.275484423258,-0.94134010272));
#2113 = CARTESIAN_POINT('',(-2.279345775706,-1.10214110251));
#2114 = CARTESIAN_POINT('',(-2.283558920013,-1.262590987167));
#2115 = CARTESIAN_POINT('',(-2.288934728428,-1.4458509441));
#2116 = CARTESIAN_POINT('',(-2.289629408884,-1.469173971339));
#2117 = CARTESIAN_POINT('',(-2.290334646449,-1.492484914866));
#2118 = CARTESIAN_POINT('',(-2.291050862284,-1.515783073102));
#2119 = CARTESIAN_POINT('',(-2.291778520047,-1.539067652423));
#2120 = CARTESIAN_POINT('',(-2.292518125895,-1.56233776716));
#2121 = CARTESIAN_POINT('',(-2.29327022848,-1.585592439604));
#2122 = CARTESIAN_POINT('',(-2.294035418954,-1.6088306));
#2123 = ( GEOMETRIC_REPRESENTATION_CONTEXT(2) 
PARAMETRIC_REPRESENTATION_CONTEXT() REPRESENTATION_CONTEXT('2D SPACE',''
  ) );
#2124 = PCURVE('',#2125,#2130);
#2125 = CONICAL_SURFACE('',#2126,0.45,2.135507897703E-02);
#2126 = AXIS2_PLACEMENT_3D('',#2127,#2128,#2129);
#2127 = CARTESIAN_POINT('',(-2.622567127539,2.622567127539,10.77));
#2128 = DIRECTION('',(-4.27144723893E-02,4.27144723893E-02,
    -0.998173806357));
#2129 = DIRECTION('',(0.999085651417,2.168404344971E-19,
    -4.275349262848E-02));
#2130 = DEFINITIONAL_REPRESENTATION('',(#2131),#2148);
#2131 = B_SPLINE_CURVE_WITH_KNOTS('',8,(#2132,#2133,#2134,#2135,#2136,
    #2137,#2138,#2139,#2140,#2141,#2142,#2143,#2144,#2145,#2146,#2147),
  .UNSPECIFIED.,.F.,.F.,(9,7,9),(0.,0.872669939438,1.),.UNSPECIFIED.);
#2132 = CARTESIAN_POINT('',(-1.3452819349,-1.579099036452E-13));
#2133 = CARTESIAN_POINT('',(-1.37840706063,-0.161310592979));
#2134 = CARTESIAN_POINT('',(-1.412953433976,-0.322488129978));
#2135 = CARTESIAN_POINT('',(-1.449110478526,-0.483531478257));
#2136 = CARTESIAN_POINT('',(-1.487127961852,-0.644419853478));
#2137 = CARTESIAN_POINT('',(-1.527293420851,-0.805115849103));
#2138 = CARTESIAN_POINT('',(-1.570068821832,-0.965550516464));
#2139 = CARTESIAN_POINT('',(-1.616004520047,-1.125632859455));
#2140 = CARTESIAN_POINT('',(-1.673669448071,-1.308470720914));
#2141 = CARTESIAN_POINT('',(-1.681105297228,-1.331739986215));
#2142 = CARTESIAN_POINT('',(-1.688638187967,-1.354997152719));
#2143 = CARTESIAN_POINT('',(-1.69627220706,-1.378241520473));
#2144 = CARTESIAN_POINT('',(-1.704011856852,-1.401472297705));
#2145 = CARTESIAN_POINT('',(-1.711862055257,-1.42468860082));
#2146 = CARTESIAN_POINT('',(-1.71982813576,-1.447889454402));
#2147 = CARTESIAN_POINT('',(-1.727915847418,-1.471073791209));
#2148 = ( GEOMETRIC_REPRESENTATION_CONTEXT(2) 
PARAMETRIC_REPRESENTATION_CONTEXT() REPRESENTATION_CONTEXT('2D SPACE',''
  ) );
#2149 = ORIENTED_EDGE('',*,*,#2150,.T.);
#2150 = EDGE_CURVE('',#2084,#2151,#2153,.T.);
#2151 = VERTEX_POINT('',#2152);
#2152 = CARTESIAN_POINT('',(-3.06077246743,2.521234662526,
    10.784415672923));
#2153 = SURFACE_CURVE('',#2154,(#2159,#2169),.PCURVE_S1.);
#2154 = ELLIPSE('',#2155,3.972724965077,3.96547);
#2155 = AXIS2_PLACEMENT_3D('',#2156,#2157,#2158);
#2156 = CARTESIAN_POINT('',(0.,0.,10.545546962974));
#2157 = DIRECTION('',(4.27144723893E-02,-4.27144723893E-02,
    0.998173806357));
#2158 = DIRECTION('',(0.705815467278,-0.705815467278,-6.040738616257E-02
    ));
#2159 = PCURVE('',#889,#2160);
#2160 = DEFINITIONAL_REPRESENTATION('',(#2161),#2168);
#2161 = B_SPLINE_CURVE_WITH_KNOTS('',5,(#2162,#2163,#2164,#2165,#2166,
    #2167),.UNSPECIFIED.,.F.,.F.,(6,6),(3.00401294584,3.279347817459),
  .PIECEWISE_BEZIER_KNOTS.);
#2162 = CARTESIAN_POINT('',(-2.218614782443,-0.133261264174));
#2163 = CARTESIAN_POINT('',(-2.273681756767,-0.135073660647));
#2164 = CARTESIAN_POINT('',(-2.32874873109,-0.135985012658));
#2165 = CARTESIAN_POINT('',(-2.383815705414,-0.135983849645));
#2166 = CARTESIAN_POINT('',(-2.438882679738,-0.135070179003));
#2167 = CARTESIAN_POINT('',(-2.493949654062,-0.1332554858));
#2168 = ( GEOMETRIC_REPRESENTATION_CONTEXT(2) 
PARAMETRIC_REPRESENTATION_CONTEXT() REPRESENTATION_CONTEXT('2D SPACE',''
  ) );
#2169 = PCURVE('',#2170,#2175);
#2170 = PLANE('',#2171);
#2171 = AXIS2_PLACEMENT_3D('',#2172,#2173,#2174);
#2172 = CARTESIAN_POINT('',(-2.622567127539,2.622567127539,10.77));
#2173 = DIRECTION('',(4.27144723893E-02,-4.27144723893E-02,
    0.998173806357));
#2174 = DIRECTION('',(0.999085651417,2.168404344971E-19,
    -4.275349262848E-02));
#2175 = DEFINITIONAL_REPRESENTATION('',(#2176),#2180);
#2176 = ELLIPSE('',#2177,3.972724965077,3.96547);
#2177 = AXIS2_PLACEMENT_2D('',#2178,#2179);
#2178 = CARTESIAN_POINT('',(2.629765338267,-2.624962877524));
#2179 = DIRECTION('',(0.707752732645,-0.706460239103));
#2180 = ( GEOMETRIC_REPRESENTATION_CONTEXT(2) 
PARAMETRIC_REPRESENTATION_CONTEXT() REPRESENTATION_CONTEXT('2D SPACE',''
  ) );
#2181 = ORIENTED_EDGE('',*,*,#2182,.F.);
#2182 = EDGE_CURVE('',#2183,#2151,#2185,.T.);
#2183 = VERTEX_POINT('',#2184);
#2184 = CARTESIAN_POINT('',(-2.972778010682,2.624412928658,12.25883));
#2185 = SURFACE_CURVE('',#2186,(#2203,#2223),.PCURVE_S1.);
#2186 = B_SPLINE_CURVE_WITH_KNOTS('',8,(#2187,#2188,#2189,#2190,#2191,
    #2192,#2193,#2194,#2195,#2196,#2197,#2198,#2199,#2200,#2201,#2202),
  .UNSPECIFIED.,.F.,.F.,(9,7,9),(0.,0.719055922231,1.),.UNSPECIFIED.);
#2187 = CARTESIAN_POINT('',(-2.972777958831,2.624412987391,12.2588306));
#2188 = CARTESIAN_POINT('',(-2.984118331425,2.611567292048,
    12.127602350474));
#2189 = CARTESIAN_POINT('',(-2.994298358812,2.599908121699,
    11.99585978307));
#2190 = CARTESIAN_POINT('',(-3.003627395001,2.589128202933,
    11.863770432025));
#2191 = CARTESIAN_POINT('',(-3.012247730177,2.57908619719,
    11.731423297808));
#2192 = CARTESIAN_POINT('',(-3.020277792535,2.569664305288,
    11.598885646364));
#2193 = CARTESIAN_POINT('',(-3.027792595699,2.560787742298,
    11.466194514042));
#2194 = CARTESIAN_POINT('',(-3.034856779327,2.552391912654,
    11.333370721045));
#2195 = CARTESIAN_POINT('',(-3.044122822225,2.541315608972,
    11.14846921532));
#2196 = CARTESIAN_POINT('',(-3.046664705734,2.538269744418,
    11.09650495193));
#2197 = CARTESIAN_POINT('',(-3.049148087854,2.535286983054,
    11.044524597953));
#2198 = CARTESIAN_POINT('',(-3.051575610216,2.532364682627,
    10.992529236911));
#2199 = CARTESIAN_POINT('',(-3.053949701099,2.529500412805,
    10.940519846053));
#2200 = CARTESIAN_POINT('',(-3.056272575434,2.526691955182,
    10.888497296351));
#2201 = CARTESIAN_POINT('',(-3.0585462348,2.523937303276,10.8364623525)
  );
#2202 = CARTESIAN_POINT('',(-3.06077246743,2.521234662526,
    10.784415672923));
#2203 = PCURVE('',#889,#2204);
#2204 = DEFINITIONAL_REPRESENTATION('',(#2205),#2222);
#2205 = B_SPLINE_CURVE_WITH_KNOTS('',8,(#2206,#2207,#2208,#2209,#2210,
    #2211,#2212,#2213,#2214,#2215,#2216,#2217,#2218,#2219,#2220,#2221),
  .UNSPECIFIED.,.F.,.F.,(9,7,9),(0.,0.719055922231,1.),.UNSPECIFIED.);
#2206 = CARTESIAN_POINT('',(-2.418353561431,-1.6088306));
#2207 = CARTESIAN_POINT('',(-2.422674669674,-1.477602350474));
#2208 = CARTESIAN_POINT('',(-2.426577811683,-1.34585978307));
#2209 = CARTESIAN_POINT('',(-2.430172828835,-1.213770432025));
#2210 = CARTESIAN_POINT('',(-2.433510214767,-1.081423297807));
#2211 = CARTESIAN_POINT('',(-2.436632024149,-0.948885646365));
#2212 = CARTESIAN_POINT('',(-2.43956491261,-0.816194514042));
#2213 = CARTESIAN_POINT('',(-2.442331877106,-0.683370721045));
#2214 = CARTESIAN_POINT('',(-2.445973577704,-0.49846921532));
#2215 = CARTESIAN_POINT('',(-2.446974006524,-0.44650495193));
#2216 = CARTESIAN_POINT('',(-2.447952765504,-0.394524597953));
#2217 = CARTESIAN_POINT('',(-2.448910794481,-0.342529236911));
#2218 = CARTESIAN_POINT('',(-2.449848957578,-0.290519846053));
#2219 = CARTESIAN_POINT('',(-2.450768043202,-0.238497296351));
#2220 = CARTESIAN_POINT('',(-2.451668764042,-0.1864623525));
#2221 = CARTESIAN_POINT('',(-2.45255175707,-0.134415672923));
#2222 = ( GEOMETRIC_REPRESENTATION_CONTEXT(2) 
PARAMETRIC_REPRESENTATION_CONTEXT() REPRESENTATION_CONTEXT('2D SPACE',''
  ) );
#2223 = PCURVE('',#2125,#2224);
#2224 = DEFINITIONAL_REPRESENTATION('',(#2225),#2242);
#2225 = B_SPLINE_CURVE_WITH_KNOTS('',8,(#2226,#2227,#2228,#2229,#2230,
    #2231,#2232,#2233,#2234,#2235,#2236,#2237,#2238,#2239,#2240,#2241),
  .UNSPECIFIED.,.F.,.F.,(9,7,9),(0.,0.719055922231,1.),.UNSPECIFIED.);
#2226 = CARTESIAN_POINT('',(-2.986300995117,-1.471073791209));
#2227 = CARTESIAN_POINT('',(-3.031973123436,-1.340149488946));
#2228 = CARTESIAN_POINT('',(-3.073760292854,-1.208710689792));
#2229 = CARTESIAN_POINT('',(-3.11273172717,-1.076924533164));
#2230 = CARTESIAN_POINT('',(-3.149374736363,-0.944879816349));
#2231 = CARTESIAN_POINT('',(-3.184095478425,-0.812643655588));
#2232 = CARTESIAN_POINT('',(-3.217149945058,-0.68025300982));
#2233 = CARTESIAN_POINT('',(-3.248759496728,-0.547728659347));
#2234 = CARTESIAN_POINT('',(-3.29094482855,-0.36324214391));
#2235 = CARTESIAN_POINT('',(-3.30260133524,-0.311394304612));
#2236 = CARTESIAN_POINT('',(-3.314072363963,-0.259530207548));
#2237 = CARTESIAN_POINT('',(-3.325366918671,-0.207650934288));
#2238 = CARTESIAN_POINT('',(-3.33649327278,-0.155757460384));
#2239 = CARTESIAN_POINT('',(-3.347458969169,-0.103850655365));
#2240 = CARTESIAN_POINT('',(-3.358270820185,-5.193128274048E-02));
#2241 = CARTESIAN_POINT('',(-3.368934907635,0.));
#2242 = ( GEOMETRIC_REPRESENTATION_CONTEXT(2) 
PARAMETRIC_REPRESENTATION_CONTEXT() REPRESENTATION_CONTEXT('2D SPACE',''
  ) );
#2243 = ORIENTED_EDGE('',*,*,#2244,.T.);
#2244 = EDGE_CURVE('',#2183,#2245,#2247,.T.);
#2245 = VERTEX_POINT('',#2246);
#2246 = CARTESIAN_POINT('',(-2.972778010682,-2.624412928658,12.25883));
#2247 = SURFACE_CURVE('',#2248,(#2253,#2260),.PCURVE_S1.);
#2248 = CIRCLE('',#2249,3.96547);
#2249 = AXIS2_PLACEMENT_3D('',#2250,#2251,#2252);
#2250 = CARTESIAN_POINT('',(0.,0.,12.25883));
#2251 = DIRECTION('',(0.,0.,1.));
#2252 = DIRECTION('',(1.,0.,0.));
#2253 = PCURVE('',#889,#2254);
#2254 = DEFINITIONAL_REPRESENTATION('',(#2255),#2259);
#2255 = LINE('',#2256,#2257);
#2256 = CARTESIAN_POINT('',(-0.,-1.60883));
#2257 = VECTOR('',#2258,1.);
#2258 = DIRECTION('',(-1.,0.));
#2259 = ( GEOMETRIC_REPRESENTATION_CONTEXT(2) 
PARAMETRIC_REPRESENTATION_CONTEXT() REPRESENTATION_CONTEXT('2D SPACE',''
  ) );
#2260 = PCURVE('',#1873,#2261);
#2261 = DEFINITIONAL_REPRESENTATION('',(#2262),#2266);
#2262 = CIRCLE('',#2263,3.96547);
#2263 = AXIS2_PLACEMENT_2D('',#2264,#2265);
#2264 = CARTESIAN_POINT('',(2.586276278485E-16,-3.553785842766E-16));
#2265 = DIRECTION('',(1.,0.));
#2266 = ( GEOMETRIC_REPRESENTATION_CONTEXT(2) 
PARAMETRIC_REPRESENTATION_CONTEXT() REPRESENTATION_CONTEXT('2D SPACE',''
  ) );
#2267 = ORIENTED_EDGE('',*,*,#2268,.F.);
#2268 = EDGE_CURVE('',#2269,#2245,#2271,.T.);
#2269 = VERTEX_POINT('',#2270);
#2270 = CARTESIAN_POINT('',(-3.06077246743,-2.521234662526,
    10.784415672923));
#2271 = SURFACE_CURVE('',#2272,(#2289,#2309),.PCURVE_S1.);
#2272 = B_SPLINE_CURVE_WITH_KNOTS('',8,(#2273,#2274,#2275,#2276,#2277,
    #2278,#2279,#2280,#2281,#2282,#2283,#2284,#2285,#2286,#2287,#2288),
  .UNSPECIFIED.,.F.,.F.,(9,7,9),(0.,0.872669939438,1.),.UNSPECIFIED.);
#2273 = CARTESIAN_POINT('',(-3.06077246743,-2.521234662526,
    10.784415672923));
#2274 = CARTESIAN_POINT('',(-3.053857273223,-2.529629690704,
    10.946084715207));
#2275 = CARTESIAN_POINT('',(-3.046485468247,-2.538525397523,
    11.107622343858));
#2276 = CARTESIAN_POINT('',(-3.038601712359,-2.547977461295,
    11.269027438542));
#2277 = CARTESIAN_POINT('',(-3.030132865067,-2.558059177219,
    11.430279183502));
#2278 = CARTESIAN_POINT('',(-3.02099437628,-2.5688550706,11.591340102722
    ));
#2279 = CARTESIAN_POINT('',(-3.011051145361,-2.58049980132,
    11.75214110251));
#2280 = CARTESIAN_POINT('',(-3.000141899922,-2.593153867702,
    11.912590987167));
#2281 = CARTESIAN_POINT('',(-2.986126247727,-2.609216304056,
    12.095850944099));
#2282 = CARTESIAN_POINT('',(-2.984313495648,-2.611290550021,
    12.119173971339));
#2283 = CARTESIAN_POINT('',(-2.982471538708,-2.613394870674,
    12.142484914866));
#2284 = CARTESIAN_POINT('',(-2.980599190421,-2.615530444344,
    12.165783073102));
#2285 = CARTESIAN_POINT('',(-2.978695144435,-2.61769856798,
    12.189067652423));
#2286 = CARTESIAN_POINT('',(-2.976757974537,-2.619900657144,
    12.21233776716));
#2287 = CARTESIAN_POINT('',(-2.974786134649,-2.622138246016,
    12.235592439604));
#2288 = CARTESIAN_POINT('',(-2.972777958831,-2.624412987391,12.2588306)
  );
#2289 = PCURVE('',#889,#2290);
#2290 = DEFINITIONAL_REPRESENTATION('',(#2291),#2308);
#2291 = B_SPLINE_CURVE_WITH_KNOTS('',8,(#2292,#2293,#2294,#2295,#2296,
    #2297,#2298,#2299,#2300,#2301,#2302,#2303,#2304,#2305,#2306,#2307),
  .UNSPECIFIED.,.F.,.F.,(9,7,9),(0.,0.872669939438,1.),.UNSPECIFIED.);
#2292 = CARTESIAN_POINT('',(-3.83063355011,-0.134415672923));
#2293 = CARTESIAN_POINT('',(-3.833376330982,-0.296084715207));
#2294 = CARTESIAN_POINT('',(-3.836289776218,-0.457622343859));
#2295 = CARTESIAN_POINT('',(-3.839393626318,-0.619027438542));
#2296 = CARTESIAN_POINT('',(-3.842713927098,-0.780279183502));
#2297 = CARTESIAN_POINT('',(-3.846280750053,-0.941340102721));
#2298 = CARTESIAN_POINT('',(-3.850142102501,-1.10214110251));
#2299 = CARTESIAN_POINT('',(-3.854355246807,-1.262590987167));
#2300 = CARTESIAN_POINT('',(-3.859731055223,-1.445850944099));
#2301 = CARTESIAN_POINT('',(-3.860425735679,-1.469173971339));
#2302 = CARTESIAN_POINT('',(-3.861130973244,-1.492484914866));
#2303 = CARTESIAN_POINT('',(-3.861847189079,-1.515783073102));
#2304 = CARTESIAN_POINT('',(-3.862574846842,-1.539067652423));
#2305 = CARTESIAN_POINT('',(-3.86331445269,-1.56233776716));
#2306 = CARTESIAN_POINT('',(-3.864066555275,-1.585592439604));
#2307 = CARTESIAN_POINT('',(-3.864831745749,-1.6088306));
#2308 = ( GEOMETRIC_REPRESENTATION_CONTEXT(2) 
PARAMETRIC_REPRESENTATION_CONTEXT() REPRESENTATION_CONTEXT('2D SPACE',''
  ) );
#2309 = PCURVE('',#2310,#2315);
#2310 = CONICAL_SURFACE('',#2311,0.45,2.135507897703E-02);
#2311 = AXIS2_PLACEMENT_3D('',#2312,#2313,#2314);
#2312 = CARTESIAN_POINT('',(-2.622567127539,-2.622567127539,10.77));
#2313 = DIRECTION('',(-4.271447238931E-02,-4.27144723893E-02,
    -0.998173806357));
#2314 = DIRECTION('',(0.999085651417,0.,-4.275349262848E-02));
#2315 = DEFINITIONAL_REPRESENTATION('',(#2316),#2333);
#2316 = B_SPLINE_CURVE_WITH_KNOTS('',8,(#2317,#2318,#2319,#2320,#2321,
    #2322,#2323,#2324,#2325,#2326,#2327,#2328,#2329,#2330,#2331,#2332),
  .UNSPECIFIED.,.F.,.F.,(9,7,9),(0.,0.872669939438,1.),.UNSPECIFIED.);
#2317 = CARTESIAN_POINT('',(-2.914250399545,-4.612037058779E-14));
#2318 = CARTESIAN_POINT('',(-2.947375525275,-0.161310592979));
#2319 = CARTESIAN_POINT('',(-2.981921898621,-0.322488129977));
#2320 = CARTESIAN_POINT('',(-3.018078943172,-0.48353147826));
#2321 = CARTESIAN_POINT('',(-3.056096426497,-0.644419853474));
#2322 = CARTESIAN_POINT('',(-3.096261885497,-0.805115849106));
#2323 = CARTESIAN_POINT('',(-3.139037286477,-0.965550516463));
#2324 = CARTESIAN_POINT('',(-3.184972984692,-1.125632859455));
#2325 = CARTESIAN_POINT('',(-3.242637912716,-1.308470720914));
#2326 = CARTESIAN_POINT('',(-3.250073761873,-1.331739986215));
#2327 = CARTESIAN_POINT('',(-3.257606652612,-1.354997152719));
#2328 = CARTESIAN_POINT('',(-3.265240671706,-1.378241520473));
#2329 = CARTESIAN_POINT('',(-3.272980321497,-1.401472297705));
#2330 = CARTESIAN_POINT('',(-3.280830519902,-1.42468860082));
#2331 = CARTESIAN_POINT('',(-3.288796600405,-1.447889454402));
#2332 = CARTESIAN_POINT('',(-3.296884312063,-1.471073791209));
#2333 = ( GEOMETRIC_REPRESENTATION_CONTEXT(2) 
PARAMETRIC_REPRESENTATION_CONTEXT() REPRESENTATION_CONTEXT('2D SPACE',''
  ) );
#2334 = ORIENTED_EDGE('',*,*,#2335,.T.);
#2335 = EDGE_CURVE('',#2269,#2336,#2338,.T.);
#2336 = VERTEX_POINT('',#2337);
#2337 = CARTESIAN_POINT('',(-2.521234662526,-3.06077246743,
    10.784415672923));
#2338 = SURFACE_CURVE('',#2339,(#2344,#2354),.PCURVE_S1.);
#2339 = ELLIPSE('',#2340,3.972724965077,3.96547);
#2340 = AXIS2_PLACEMENT_3D('',#2341,#2342,#2343);
#2341 = CARTESIAN_POINT('',(0.,0.,10.545546962974));
#2342 = DIRECTION('',(4.271447238931E-02,4.27144723893E-02,
    0.998173806357));
#2343 = DIRECTION('',(0.705815467278,0.705815467278,-6.040738616257E-02)
  );
#2344 = PCURVE('',#889,#2345);
#2345 = DEFINITIONAL_REPRESENTATION('',(#2346),#2353);
#2346 = B_SPLINE_CURVE_WITH_KNOTS('',5,(#2347,#2348,#2349,#2350,#2351,
    #2352),.UNSPECIFIED.,.F.,.F.,(6,6),(3.003837489721,3.279172361339),
  .PIECEWISE_BEZIER_KNOTS.);
#2347 = CARTESIAN_POINT('',(-3.789235653118,-0.1332554858));
#2348 = CARTESIAN_POINT('',(-3.844302627442,-0.135070179003));
#2349 = CARTESIAN_POINT('',(-3.899369601766,-0.135983849645));
#2350 = CARTESIAN_POINT('',(-3.954436576089,-0.135985012658));
#2351 = CARTESIAN_POINT('',(-4.009503550413,-0.135073660647));
#2352 = CARTESIAN_POINT('',(-4.064570524737,-0.133261264174));
#2353 = ( GEOMETRIC_REPRESENTATION_CONTEXT(2) 
PARAMETRIC_REPRESENTATION_CONTEXT() REPRESENTATION_CONTEXT('2D SPACE',''
  ) );
#2354 = PCURVE('',#2355,#2360);
#2355 = PLANE('',#2356);
#2356 = AXIS2_PLACEMENT_3D('',#2357,#2358,#2359);
#2357 = CARTESIAN_POINT('',(-2.622567127539,-2.622567127539,10.77));
#2358 = DIRECTION('',(4.271447238931E-02,4.27144723893E-02,
    0.998173806357));
#2359 = DIRECTION('',(0.999085651417,0.,-4.275349262848E-02));
#2360 = DEFINITIONAL_REPRESENTATION('',(#2361),#2365);
#2361 = ELLIPSE('',#2362,3.972724965077,3.96547);
#2362 = AXIS2_PLACEMENT_2D('',#2363,#2364);
#2363 = CARTESIAN_POINT('',(2.629765338267,2.624962877524));
#2364 = DIRECTION('',(0.707752732645,0.706460239103));
#2365 = ( GEOMETRIC_REPRESENTATION_CONTEXT(2) 
PARAMETRIC_REPRESENTATION_CONTEXT() REPRESENTATION_CONTEXT('2D SPACE',''
  ) );
#2366 = ORIENTED_EDGE('',*,*,#2367,.F.);
#2367 = EDGE_CURVE('',#2368,#2336,#2370,.T.);
#2368 = VERTEX_POINT('',#2369);
#2369 = CARTESIAN_POINT('',(-2.624412928658,-2.972778010682,12.25883));
#2370 = SURFACE_CURVE('',#2371,(#2388,#2408),.PCURVE_S1.);
#2371 = B_SPLINE_CURVE_WITH_KNOTS('',8,(#2372,#2373,#2374,#2375,#2376,
    #2377,#2378,#2379,#2380,#2381,#2382,#2383,#2384,#2385,#2386,#2387),
  .UNSPECIFIED.,.F.,.F.,(9,7,9),(0.,0.719055922232,1.),.UNSPECIFIED.);
#2372 = CARTESIAN_POINT('',(-2.624412987391,-2.972777958831,12.2588306)
  );
#2373 = CARTESIAN_POINT('',(-2.611567292047,-2.984118331425,
    12.127602350474));
#2374 = CARTESIAN_POINT('',(-2.599908121699,-2.994298358812,
    11.995859783069));
#2375 = CARTESIAN_POINT('',(-2.589128202933,-3.003627395001,
    11.863770432024));
#2376 = CARTESIAN_POINT('',(-2.57908619719,-3.012247730177,
    11.731423297807));
#2377 = CARTESIAN_POINT('',(-2.569664305288,-3.020277792535,
    11.598885646363));
#2378 = CARTESIAN_POINT('',(-2.560787742297,-3.027792595699,
    11.466194514041));
#2379 = CARTESIAN_POINT('',(-2.552391912654,-3.034856779328,
    11.333370721043));
#2380 = CARTESIAN_POINT('',(-2.541315608972,-3.044122822225,
    11.148469215319));
#2381 = CARTESIAN_POINT('',(-2.538269744417,-3.046664705734,
    11.096504951929));
#2382 = CARTESIAN_POINT('',(-2.535286983054,-3.049148087854,
    11.044524597951));
#2383 = CARTESIAN_POINT('',(-2.532364682627,-3.051575610216,
    10.99252923691));
#2384 = CARTESIAN_POINT('',(-2.529500412805,-3.053949701099,
    10.940519846052));
#2385 = CARTESIAN_POINT('',(-2.526691955182,-3.056272575434,
    10.88849729635));
#2386 = CARTESIAN_POINT('',(-2.523937303276,-3.0585462348,10.8364623525)
  );
#2387 = CARTESIAN_POINT('',(-2.521234662526,-3.06077246743,
    10.784415672923));
#2388 = PCURVE('',#889,#2389);
#2389 = DEFINITIONAL_REPRESENTATION('',(#2390),#2407);
#2390 = B_SPLINE_CURVE_WITH_KNOTS('',8,(#2391,#2392,#2393,#2394,#2395,
    #2396,#2397,#2398,#2399,#2400,#2401,#2402,#2403,#2404,#2405,#2406),
  .UNSPECIFIED.,.F.,.F.,(9,7,9),(0.,0.719055922232,1.),.UNSPECIFIED.);
#2391 = CARTESIAN_POINT('',(-3.989149888226,-1.6088306));
#2392 = CARTESIAN_POINT('',(-3.993470996469,-1.477602350474));
#2393 = CARTESIAN_POINT('',(-3.997374138478,-1.345859783069));
#2394 = CARTESIAN_POINT('',(-4.00096915563,-1.213770432026));
#2395 = CARTESIAN_POINT('',(-4.004306541562,-1.081423297805));
#2396 = CARTESIAN_POINT('',(-4.007428350944,-0.948885646364));
#2397 = CARTESIAN_POINT('',(-4.010361239405,-0.81619451404));
#2398 = CARTESIAN_POINT('',(-4.013128203901,-0.683370721043));
#2399 = CARTESIAN_POINT('',(-4.016769904499,-0.498469215319));
#2400 = CARTESIAN_POINT('',(-4.017770333319,-0.446504951929));
#2401 = CARTESIAN_POINT('',(-4.018749092298,-0.394524597951));
#2402 = CARTESIAN_POINT('',(-4.019707121276,-0.34252923691));
#2403 = CARTESIAN_POINT('',(-4.020645284373,-0.290519846052));
#2404 = CARTESIAN_POINT('',(-4.021564369997,-0.23849729635));
#2405 = CARTESIAN_POINT('',(-4.022465090837,-0.1864623525));
#2406 = CARTESIAN_POINT('',(-4.023348083865,-0.134415672923));
#2407 = ( GEOMETRIC_REPRESENTATION_CONTEXT(2) 
PARAMETRIC_REPRESENTATION_CONTEXT() REPRESENTATION_CONTEXT('2D SPACE',''
  ) );
#2408 = PCURVE('',#2310,#2409);
#2409 = DEFINITIONAL_REPRESENTATION('',(#2410),#2427);
#2410 = B_SPLINE_CURVE_WITH_KNOTS('',8,(#2411,#2412,#2413,#2414,#2415,
    #2416,#2417,#2418,#2419,#2420,#2421,#2422,#2423,#2424,#2425,#2426),
  .UNSPECIFIED.,.F.,.F.,(9,7,9),(0.,0.719055922232,1.),.UNSPECIFIED.);
#2411 = CARTESIAN_POINT('',(-4.555269459762,-1.471073791209));
#2412 = CARTESIAN_POINT('',(-4.600941588082,-1.340149488946));
#2413 = CARTESIAN_POINT('',(-4.642728757499,-1.208710689791));
#2414 = CARTESIAN_POINT('',(-4.681700191816,-1.076924533163));
#2415 = CARTESIAN_POINT('',(-4.718343201008,-0.944879816348));
#2416 = CARTESIAN_POINT('',(-4.75306394307,-0.812643655587));
#2417 = CARTESIAN_POINT('',(-4.786118409703,-0.680253009819));
#2418 = CARTESIAN_POINT('',(-4.817727961374,-0.547728659345));
#2419 = CARTESIAN_POINT('',(-4.859913293196,-0.363242143909));
#2420 = CARTESIAN_POINT('',(-4.871569799886,-0.311394304611));
#2421 = CARTESIAN_POINT('',(-4.883040828609,-0.259530207546));
#2422 = CARTESIAN_POINT('',(-4.894335383316,-0.207650934287));
#2423 = CARTESIAN_POINT('',(-4.905461737425,-0.155757460383));
#2424 = CARTESIAN_POINT('',(-4.916427433815,-0.103850655364));
#2425 = CARTESIAN_POINT('',(-4.92723928483,-5.193128274022E-02));
#2426 = CARTESIAN_POINT('',(-4.93790337228,0.));
#2427 = ( GEOMETRIC_REPRESENTATION_CONTEXT(2) 
PARAMETRIC_REPRESENTATION_CONTEXT() REPRESENTATION_CONTEXT('2D SPACE',''
  ) );
#2428 = ORIENTED_EDGE('',*,*,#2429,.T.);
#2429 = EDGE_CURVE('',#2368,#2430,#2432,.T.);
#2430 = VERTEX_POINT('',#2431);
#2431 = CARTESIAN_POINT('',(2.624412928658,-2.972778010682,12.25883));
#2432 = SURFACE_CURVE('',#2433,(#2438,#2445),.PCURVE_S1.);
#2433 = CIRCLE('',#2434,3.96547);
#2434 = AXIS2_PLACEMENT_3D('',#2435,#2436,#2437);
#2435 = CARTESIAN_POINT('',(0.,0.,12.25883));
#2436 = DIRECTION('',(0.,0.,1.));
#2437 = DIRECTION('',(1.,0.,0.));
#2438 = PCURVE('',#889,#2439);
#2439 = DEFINITIONAL_REPRESENTATION('',(#2440),#2444);
#2440 = LINE('',#2441,#2442);
#2441 = CARTESIAN_POINT('',(-0.,-1.60883));
#2442 = VECTOR('',#2443,1.);
#2443 = DIRECTION('',(-1.,0.));
#2444 = ( GEOMETRIC_REPRESENTATION_CONTEXT(2) 
PARAMETRIC_REPRESENTATION_CONTEXT() REPRESENTATION_CONTEXT('2D SPACE',''
  ) );
#2445 = PCURVE('',#1873,#2446);
#2446 = DEFINITIONAL_REPRESENTATION('',(#2447),#2451);
#2447 = CIRCLE('',#2448,3.96547);
#2448 = AXIS2_PLACEMENT_2D('',#2449,#2450);
#2449 = CARTESIAN_POINT('',(2.586276278485E-16,-3.553785842766E-16));
#2450 = DIRECTION('',(1.,0.));
#2451 = ( GEOMETRIC_REPRESENTATION_CONTEXT(2) 
PARAMETRIC_REPRESENTATION_CONTEXT() REPRESENTATION_CONTEXT('2D SPACE',''
  ) );
#2452 = ORIENTED_EDGE('',*,*,#2453,.F.);
#2453 = EDGE_CURVE('',#2454,#2430,#2456,.T.);
#2454 = VERTEX_POINT('',#2455);
#2455 = CARTESIAN_POINT('',(2.521234662526,-3.06077246743,
    10.784415672923));
#2456 = SURFACE_CURVE('',#2457,(#2474,#2494),.PCURVE_S1.);
#2457 = B_SPLINE_CURVE_WITH_KNOTS('',8,(#2458,#2459,#2460,#2461,#2462,
    #2463,#2464,#2465,#2466,#2467,#2468,#2469,#2470,#2471,#2472,#2473),
  .UNSPECIFIED.,.F.,.F.,(9,7,9),(0.,0.872669939438,1.),.UNSPECIFIED.);
#2458 = CARTESIAN_POINT('',(2.521234662526,-3.06077246743,
    10.784415672923));
#2459 = CARTESIAN_POINT('',(2.529629690704,-3.053857273223,
    10.946084715207));
#2460 = CARTESIAN_POINT('',(2.538525397523,-3.046485468247,
    11.107622343858));
#2461 = CARTESIAN_POINT('',(2.547977461295,-3.038601712359,
    11.269027438543));
#2462 = CARTESIAN_POINT('',(2.558059177218,-3.030132865067,
    11.430279183501));
#2463 = CARTESIAN_POINT('',(2.5688550706,-3.02099437628,11.591340102723)
  );
#2464 = CARTESIAN_POINT('',(2.58049980132,-3.011051145361,
    11.752141102509));
#2465 = CARTESIAN_POINT('',(2.593153867702,-3.000141899922,
    11.912590987167));
#2466 = CARTESIAN_POINT('',(2.609216304056,-2.986126247727,
    12.095850944099));
#2467 = CARTESIAN_POINT('',(2.611290550021,-2.984313495648,
    12.119173971339));
#2468 = CARTESIAN_POINT('',(2.613394870674,-2.982471538708,
    12.142484914866));
#2469 = CARTESIAN_POINT('',(2.615530444344,-2.980599190421,
    12.165783073102));
#2470 = CARTESIAN_POINT('',(2.61769856798,-2.978695144435,
    12.189067652423));
#2471 = CARTESIAN_POINT('',(2.619900657144,-2.976757974537,
    12.21233776716));
#2472 = CARTESIAN_POINT('',(2.622138246016,-2.974786134649,
    12.235592439604));
#2473 = CARTESIAN_POINT('',(2.624412987391,-2.972777958831,12.2588306));
#2474 = PCURVE('',#889,#2475);
#2475 = DEFINITIONAL_REPRESENTATION('',(#2476),#2493);
#2476 = B_SPLINE_CURVE_WITH_KNOTS('',8,(#2477,#2478,#2479,#2480,#2481,
    #2482,#2483,#2484,#2485,#2486,#2487,#2488,#2489,#2490,#2491,#2492),
  .UNSPECIFIED.,.F.,.F.,(9,7,9),(0.,0.872669939438,1.),.UNSPECIFIED.);
#2477 = CARTESIAN_POINT('',(-5.401429876905,-0.134415672923));
#2478 = CARTESIAN_POINT('',(-5.404172657777,-0.296084715207));
#2479 = CARTESIAN_POINT('',(-5.407086103012,-0.457622343858));
#2480 = CARTESIAN_POINT('',(-5.410189953112,-0.619027438543));
#2481 = CARTESIAN_POINT('',(-5.413510253893,-0.780279183501));
#2482 = CARTESIAN_POINT('',(-5.417077076848,-0.941340102722));
#2483 = CARTESIAN_POINT('',(-5.420938429296,-1.102141102509));
#2484 = CARTESIAN_POINT('',(-5.425151573602,-1.262590987167));
#2485 = CARTESIAN_POINT('',(-5.430527382018,-1.445850944099));
#2486 = CARTESIAN_POINT('',(-5.431222062474,-1.469173971339));
#2487 = CARTESIAN_POINT('',(-5.431927300039,-1.492484914866));
#2488 = CARTESIAN_POINT('',(-5.432643515874,-1.515783073102));
#2489 = CARTESIAN_POINT('',(-5.433371173637,-1.539067652423));
#2490 = CARTESIAN_POINT('',(-5.434110779485,-1.56233776716));
#2491 = CARTESIAN_POINT('',(-5.43486288207,-1.585592439604));
#2492 = CARTESIAN_POINT('',(-5.435628072544,-1.6088306));
#2493 = ( GEOMETRIC_REPRESENTATION_CONTEXT(2) 
PARAMETRIC_REPRESENTATION_CONTEXT() REPRESENTATION_CONTEXT('2D SPACE',''
  ) );
#2494 = PCURVE('',#2495,#2500);
#2495 = CONICAL_SURFACE('',#2496,0.45,2.135507897703E-02);
#2496 = AXIS2_PLACEMENT_3D('',#2497,#2498,#2499);
#2497 = CARTESIAN_POINT('',(2.622567127539,-2.622567127539,10.77));
#2498 = DIRECTION('',(4.27144723893E-02,-4.271447238931E-02,
    -0.998173806357));
#2499 = DIRECTION('',(0.,0.999085651417,-4.275349262848E-02));
#2500 = DEFINITIONAL_REPRESENTATION('',(#2501),#2518);
#2501 = B_SPLINE_CURVE_WITH_KNOTS('',8,(#2502,#2503,#2504,#2505,#2506,
    #2507,#2508,#2509,#2510,#2511,#2512,#2513,#2514,#2515,#2516,#2517),
  .UNSPECIFIED.,.F.,.F.,(9,7,9),(0.,0.872669939438,1.),.UNSPECIFIED.);
#2502 = CARTESIAN_POINT('',(-2.914250399545,-2.834831066443E-14));
#2503 = CARTESIAN_POINT('',(-2.947375525275,-0.161310592979));
#2504 = CARTESIAN_POINT('',(-2.981921898621,-0.322488129977));
#2505 = CARTESIAN_POINT('',(-3.018078943172,-0.48353147826));
#2506 = CARTESIAN_POINT('',(-3.056096426496,-0.644419853474));
#2507 = CARTESIAN_POINT('',(-3.096261885497,-0.805115849106));
#2508 = CARTESIAN_POINT('',(-3.139037286477,-0.965550516463));
#2509 = CARTESIAN_POINT('',(-3.184972984692,-1.125632859455));
#2510 = CARTESIAN_POINT('',(-3.242637912716,-1.308470720914));
#2511 = CARTESIAN_POINT('',(-3.250073761873,-1.331739986215));
#2512 = CARTESIAN_POINT('',(-3.257606652612,-1.354997152719));
#2513 = CARTESIAN_POINT('',(-3.265240671706,-1.378241520473));
#2514 = CARTESIAN_POINT('',(-3.272980321497,-1.401472297705));
#2515 = CARTESIAN_POINT('',(-3.280830519902,-1.42468860082));
#2516 = CARTESIAN_POINT('',(-3.288796600405,-1.447889454402));
#2517 = CARTESIAN_POINT('',(-3.296884312063,-1.471073791209));
#2518 = ( GEOMETRIC_REPRESENTATION_CONTEXT(2) 
PARAMETRIC_REPRESENTATION_CONTEXT() REPRESENTATION_CONTEXT('2D SPACE',''
  ) );
#2519 = ORIENTED_EDGE('',*,*,#2520,.T.);
#2520 = EDGE_CURVE('',#2454,#2521,#2523,.T.);
#2521 = VERTEX_POINT('',#2522);
#2522 = CARTESIAN_POINT('',(3.06077246743,-2.521234662526,
    10.784415672923));
#2523 = SURFACE_CURVE('',#2524,(#2529,#2539),.PCURVE_S1.);
#2524 = ELLIPSE('',#2525,3.972724965077,3.96547);
#2525 = AXIS2_PLACEMENT_3D('',#2526,#2527,#2528);
#2526 = CARTESIAN_POINT('',(0.,0.,10.545546962974));
#2527 = DIRECTION('',(-4.27144723893E-02,4.271447238931E-02,
    0.998173806357));
#2528 = DIRECTION('',(-0.705815467278,0.705815467278,-6.040738616257E-02
    ));
#2529 = PCURVE('',#889,#2530);
#2530 = DEFINITIONAL_REPRESENTATION('',(#2531),#2538);
#2531 = B_SPLINE_CURVE_WITH_KNOTS('',5,(#2532,#2533,#2534,#2535,#2536,
    #2537),.UNSPECIFIED.,.F.,.F.,(6,6),(3.003837489721,3.279172361339),
  .PIECEWISE_BEZIER_KNOTS.);
#2532 = CARTESIAN_POINT('',(-5.360031979913,-0.1332554858));
#2533 = CARTESIAN_POINT('',(-5.415098954237,-0.135070179003));
#2534 = CARTESIAN_POINT('',(-5.47016592856,-0.135983849645));
#2535 = CARTESIAN_POINT('',(-5.525232902884,-0.135985012658));
#2536 = CARTESIAN_POINT('',(-5.580299877208,-0.135073660647));
#2537 = CARTESIAN_POINT('',(-5.635366851532,-0.133261264174));
#2538 = ( GEOMETRIC_REPRESENTATION_CONTEXT(2) 
PARAMETRIC_REPRESENTATION_CONTEXT() REPRESENTATION_CONTEXT('2D SPACE',''
  ) );
#2539 = PCURVE('',#2540,#2545);
#2540 = PLANE('',#2541);
#2541 = AXIS2_PLACEMENT_3D('',#2542,#2543,#2544);
#2542 = CARTESIAN_POINT('',(2.622567127539,-2.622567127539,10.77));
#2543 = DIRECTION('',(-4.27144723893E-02,4.271447238931E-02,
    0.998173806357));
#2544 = DIRECTION('',(0.,0.999085651417,-4.275349262848E-02));
#2545 = DEFINITIONAL_REPRESENTATION('',(#2546),#2550);
#2546 = ELLIPSE('',#2547,3.972724965077,3.96547);
#2547 = AXIS2_PLACEMENT_2D('',#2548,#2549);
#2548 = CARTESIAN_POINT('',(2.629765338267,2.624962877524));
#2549 = DIRECTION('',(0.707752732645,0.706460239103));
#2550 = ( GEOMETRIC_REPRESENTATION_CONTEXT(2) 
PARAMETRIC_REPRESENTATION_CONTEXT() REPRESENTATION_CONTEXT('2D SPACE',''
  ) );
#2551 = ORIENTED_EDGE('',*,*,#2552,.F.);
#2552 = EDGE_CURVE('',#2553,#2521,#2555,.T.);
#2553 = VERTEX_POINT('',#2554);
#2554 = CARTESIAN_POINT('',(2.972778010682,-2.624412928658,12.25883));
#2555 = SURFACE_CURVE('',#2556,(#2573,#2593),.PCURVE_S1.);
#2556 = B_SPLINE_CURVE_WITH_KNOTS('',8,(#2557,#2558,#2559,#2560,#2561,
    #2562,#2563,#2564,#2565,#2566,#2567,#2568,#2569,#2570,#2571,#2572),
  .UNSPECIFIED.,.F.,.F.,(9,7,9),(0.,0.719055922233,1.),.UNSPECIFIED.);
#2557 = CARTESIAN_POINT('',(2.972777958831,-2.624412987391,12.2588306));
#2558 = CARTESIAN_POINT('',(2.984118331425,-2.611567292047,
    12.127602350474));
#2559 = CARTESIAN_POINT('',(2.994298358812,-2.599908121699,
    11.995859783068));
#2560 = CARTESIAN_POINT('',(3.003627395001,-2.589128202933,
    11.863770432025));
#2561 = CARTESIAN_POINT('',(3.012247730178,-2.57908619719,
    11.731423297804));
#2562 = CARTESIAN_POINT('',(3.020277792535,-2.569664305288,
    11.598885646364));
#2563 = CARTESIAN_POINT('',(3.027792595699,-2.560787742297,
    11.466194514039));
#2564 = CARTESIAN_POINT('',(3.034856779328,-2.552391912654,
    11.333370721042));
#2565 = CARTESIAN_POINT('',(3.044122822225,-2.541315608971,
    11.148469215317));
#2566 = CARTESIAN_POINT('',(3.046664705734,-2.538269744417,
    11.096504951928));
#2567 = CARTESIAN_POINT('',(3.049148087854,-2.535286983054,
    11.044524597951));
#2568 = CARTESIAN_POINT('',(3.051575610216,-2.532364682627,
    10.992529236909));
#2569 = CARTESIAN_POINT('',(3.053949701099,-2.529500412805,
    10.940519846052));
#2570 = CARTESIAN_POINT('',(3.056272575434,-2.526691955182,
    10.88849729635));
#2571 = CARTESIAN_POINT('',(3.058546234801,-2.523937303276,10.8364623525
    ));
#2572 = CARTESIAN_POINT('',(3.06077246743,-2.521234662526,
    10.784415672923));
#2573 = PCURVE('',#889,#2574);
#2574 = DEFINITIONAL_REPRESENTATION('',(#2575),#2592);
#2575 = B_SPLINE_CURVE_WITH_KNOTS('',8,(#2576,#2577,#2578,#2579,#2580,
    #2581,#2582,#2583,#2584,#2585,#2586,#2587,#2588,#2589,#2590,#2591),
  .UNSPECIFIED.,.F.,.F.,(9,7,9),(0.,0.719055922233,1.),.UNSPECIFIED.);
#2576 = CARTESIAN_POINT('',(-5.55994621502,-1.6088306));
#2577 = CARTESIAN_POINT('',(-5.564267323264,-1.477602350474));
#2578 = CARTESIAN_POINT('',(-5.568170465273,-1.345859783068));
#2579 = CARTESIAN_POINT('',(-5.571765482424,-1.213770432026));
#2580 = CARTESIAN_POINT('',(-5.575102868357,-1.081423297803));
#2581 = CARTESIAN_POINT('',(-5.578224677738,-0.948885646364));
#2582 = CARTESIAN_POINT('',(-5.5811575662,-0.816194514039));
#2583 = CARTESIAN_POINT('',(-5.583924530696,-0.683370721042));
#2584 = CARTESIAN_POINT('',(-5.587566231294,-0.498469215317));
#2585 = CARTESIAN_POINT('',(-5.588566660114,-0.446504951928));
#2586 = CARTESIAN_POINT('',(-5.589545419093,-0.394524597951));
#2587 = CARTESIAN_POINT('',(-5.590503448071,-0.342529236909));
#2588 = CARTESIAN_POINT('',(-5.591441611168,-0.290519846052));
#2589 = CARTESIAN_POINT('',(-5.592360696792,-0.23849729635));
#2590 = CARTESIAN_POINT('',(-5.593261417632,-0.1864623525));
#2591 = CARTESIAN_POINT('',(-5.59414441066,-0.134415672923));
#2592 = ( GEOMETRIC_REPRESENTATION_CONTEXT(2) 
PARAMETRIC_REPRESENTATION_CONTEXT() REPRESENTATION_CONTEXT('2D SPACE',''
  ) );
#2593 = PCURVE('',#2495,#2594);
#2594 = DEFINITIONAL_REPRESENTATION('',(#2595),#2612);
#2595 = B_SPLINE_CURVE_WITH_KNOTS('',8,(#2596,#2597,#2598,#2599,#2600,
    #2601,#2602,#2603,#2604,#2605,#2606,#2607,#2608,#2609,#2610,#2611),
  .UNSPECIFIED.,.F.,.F.,(9,7,9),(0.,0.719055922233,1.),.UNSPECIFIED.);
#2596 = CARTESIAN_POINT('',(-4.555269459762,-1.471073791209));
#2597 = CARTESIAN_POINT('',(-4.600941588082,-1.340149488946));
#2598 = CARTESIAN_POINT('',(-4.642728757499,-1.20871068979));
#2599 = CARTESIAN_POINT('',(-4.681700191816,-1.076924533165));
#2600 = CARTESIAN_POINT('',(-4.718343201009,-0.944879816345));
#2601 = CARTESIAN_POINT('',(-4.753063943071,-0.812643655588));
#2602 = CARTESIAN_POINT('',(-4.786118409704,-0.680253009817));
#2603 = CARTESIAN_POINT('',(-4.817727961374,-0.547728659344));
#2604 = CARTESIAN_POINT('',(-4.859913293196,-0.363242143907));
#2605 = CARTESIAN_POINT('',(-4.871569799886,-0.31139430461));
#2606 = CARTESIAN_POINT('',(-4.883040828609,-0.259530207546));
#2607 = CARTESIAN_POINT('',(-4.894335383317,-0.207650934286));
#2608 = CARTESIAN_POINT('',(-4.905461737425,-0.155757460382));
#2609 = CARTESIAN_POINT('',(-4.916427433815,-0.103850655364));
#2610 = CARTESIAN_POINT('',(-4.92723928483,-5.193128274005E-02));
#2611 = CARTESIAN_POINT('',(-4.93790337228,0.));
#2612 = ( GEOMETRIC_REPRESENTATION_CONTEXT(2) 
PARAMETRIC_REPRESENTATION_CONTEXT() REPRESENTATION_CONTEXT('2D SPACE',''
  ) );
#2613 = ORIENTED_EDGE('',*,*,#2614,.T.);
#2614 = EDGE_CURVE('',#2553,#1668,#2615,.T.);
#2615 = SURFACE_CURVE('',#2616,(#2621,#2628),.PCURVE_S1.);
#2616 = CIRCLE('',#2617,3.96547);
#2617 = AXIS2_PLACEMENT_3D('',#2618,#2619,#2620);
#2618 = CARTESIAN_POINT('',(0.,0.,12.25883));
#2619 = DIRECTION('',(0.,0.,1.));
#2620 = DIRECTION('',(1.,0.,0.));
#2621 = PCURVE('',#889,#2622);
#2622 = DEFINITIONAL_REPRESENTATION('',(#2623),#2627);
#2623 = LINE('',#2624,#2625);
#2624 = CARTESIAN_POINT('',(-0.,-1.60883));
#2625 = VECTOR('',#2626,1.);
#2626 = DIRECTION('',(-1.,0.));
#2627 = ( GEOMETRIC_REPRESENTATION_CONTEXT(2) 
PARAMETRIC_REPRESENTATION_CONTEXT() REPRESENTATION_CONTEXT('2D SPACE',''
  ) );
#2628 = PCURVE('',#1873,#2629);
#2629 = DEFINITIONAL_REPRESENTATION('',(#2630),#2634);
#2630 = CIRCLE('',#2631,3.96547);
#2631 = AXIS2_PLACEMENT_2D('',#2632,#2633);
#2632 = CARTESIAN_POINT('',(2.586276278485E-16,-3.553785842766E-16));
#2633 = DIRECTION('',(1.,0.));
#2634 = ( GEOMETRIC_REPRESENTATION_CONTEXT(2) 
PARAMETRIC_REPRESENTATION_CONTEXT() REPRESENTATION_CONTEXT('2D SPACE',''
  ) );
#2635 = ADVANCED_FACE('',(#2636,#2743),#928,.F.);
#2636 = FACE_BOUND('',#2637,.F.);
#2637 = EDGE_LOOP('',(#2638,#2639,#2640,#2669,#2695,#2722,#2723,#2724));
#2638 = ORIENTED_EDGE('',*,*,#1501,.F.);
#2639 = ORIENTED_EDGE('',*,*,#1831,.T.);
#2640 = ORIENTED_EDGE('',*,*,#2641,.F.);
#2641 = EDGE_CURVE('',#2642,#1794,#2644,.T.);
#2642 = VERTEX_POINT('',#2643);
#2643 = CARTESIAN_POINT('',(-3.261777594455,1.011079761231,10.65));
#2644 = SURFACE_CURVE('',#2645,(#2650,#2657),.PCURVE_S1.);
#2645 = ELLIPSE('',#2646,1.434093798897,1.11913);
#2646 = AXIS2_PLACEMENT_3D('',#2647,#2648,#2649);
#2647 = CARTESIAN_POINT('',(-3.876559491525,0.,10.65));
#2648 = DIRECTION('',(0.,0.,1.));
#2649 = DIRECTION('',(1.,0.,-0.));
#2650 = PCURVE('',#928,#2651);
#2651 = DEFINITIONAL_REPRESENTATION('',(#2652),#2656);
#2652 = ELLIPSE('',#2653,1.434093798897,1.11913);
#2653 = AXIS2_PLACEMENT_2D('',#2654,#2655);
#2654 = CARTESIAN_POINT('',(-3.876559491525,-3.553785842766E-16));
#2655 = DIRECTION('',(1.,0.));
#2656 = ( GEOMETRIC_REPRESENTATION_CONTEXT(2) 
PARAMETRIC_REPRESENTATION_CONTEXT() REPRESENTATION_CONTEXT('2D SPACE',''
  ) );
#2657 = PCURVE('',#1592,#2658);
#2658 = DEFINITIONAL_REPRESENTATION('',(#2659),#2668);
#2659 = B_SPLINE_CURVE_WITH_KNOTS('',7,(#2660,#2661,#2662,#2663,#2664,
    #2665,#2666,#2667),.UNSPECIFIED.,.F.,.F.,(8,8),(1.127753128776,
    2.233214856004),.PIECEWISE_BEZIER_KNOTS.);
#2660 = CARTESIAN_POINT('',(1.127753128776,3.780237665172));
#2661 = CARTESIAN_POINT('',(1.285676232666,3.652292122716));
#2662 = CARTESIAN_POINT('',(1.443599336556,3.513161041985));
#2663 = CARTESIAN_POINT('',(1.601522440446,3.368056233594));
#2664 = CARTESIAN_POINT('',(1.759445544335,3.222873069813));
#2665 = CARTESIAN_POINT('',(1.917368648225,3.083659687423));
#2666 = CARTESIAN_POINT('',(2.075291752114,2.955944917989));
#2667 = CARTESIAN_POINT('',(2.233214856004,2.844277613947));
#2668 = ( GEOMETRIC_REPRESENTATION_CONTEXT(2) 
PARAMETRIC_REPRESENTATION_CONTEXT() REPRESENTATION_CONTEXT('2D SPACE',''
  ) );
#2669 = ORIENTED_EDGE('',*,*,#2670,.T.);
#2670 = EDGE_CURVE('',#2642,#2671,#2673,.T.);
#2671 = VERTEX_POINT('',#2672);
#2672 = CARTESIAN_POINT('',(-3.261777594455,-1.011079761231,10.65));
#2673 = SURFACE_CURVE('',#2674,(#2678,#2684),.PCURVE_S1.);
#2674 = LINE('',#2675,#2676);
#2675 = CARTESIAN_POINT('',(-3.261777594455,1.776892921383E-16,10.65));
#2676 = VECTOR('',#2677,1.);
#2677 = DIRECTION('',(0.,-1.,0.));
#2678 = PCURVE('',#928,#2679);
#2679 = DEFINITIONAL_REPRESENTATION('',(#2680),#2683);
#2680 = B_SPLINE_CURVE_WITH_KNOTS('',1,(#2681,#2682),.UNSPECIFIED.,.F.,
  .F.,(2,2),(-1.11913,1.11913),.PIECEWISE_BEZIER_KNOTS.);
#2681 = CARTESIAN_POINT('',(-3.261777594455,1.11913));
#2682 = CARTESIAN_POINT('',(-3.261777594455,-1.11913));
#2683 = ( GEOMETRIC_REPRESENTATION_CONTEXT(2) 
PARAMETRIC_REPRESENTATION_CONTEXT() REPRESENTATION_CONTEXT('2D SPACE',''
  ) );
#2684 = PCURVE('',#2685,#2690);
#2685 = PLANE('',#2686);
#2686 = AXIS2_PLACEMENT_3D('',#2687,#2688,#2689);
#2687 = CARTESIAN_POINT('',(-3.63617,0.,10.95));
#2688 = DIRECTION('',(0.625312634961,0.,0.780374338736));
#2689 = DIRECTION('',(0.780374338736,0.,-0.625312634961));
#2690 = DEFINITIONAL_REPRESENTATION('',(#2691),#2694);
#2691 = B_SPLINE_CURVE_WITH_KNOTS('',1,(#2692,#2693),.UNSPECIFIED.,.F.,
  .F.,(2,2),(-1.11913,1.11913),.PIECEWISE_BEZIER_KNOTS.);
#2692 = CARTESIAN_POINT('',(0.479760016394,1.11913));
#2693 = CARTESIAN_POINT('',(0.479760016394,-1.11913));
#2694 = ( GEOMETRIC_REPRESENTATION_CONTEXT(2) 
PARAMETRIC_REPRESENTATION_CONTEXT() REPRESENTATION_CONTEXT('2D SPACE',''
  ) );
#2695 = ORIENTED_EDGE('',*,*,#2696,.F.);
#2696 = EDGE_CURVE('',#1693,#2671,#2697,.T.);
#2697 = SURFACE_CURVE('',#2698,(#2703,#2710),.PCURVE_S1.);
#2698 = ELLIPSE('',#2699,1.434093798897,1.11913);
#2699 = AXIS2_PLACEMENT_3D('',#2700,#2701,#2702);
#2700 = CARTESIAN_POINT('',(-3.876559491525,0.,10.65));
#2701 = DIRECTION('',(0.,0.,1.));
#2702 = DIRECTION('',(1.,0.,-0.));
#2703 = PCURVE('',#928,#2704);
#2704 = DEFINITIONAL_REPRESENTATION('',(#2705),#2709);
#2705 = ELLIPSE('',#2706,1.434093798897,1.11913);
#2706 = AXIS2_PLACEMENT_2D('',#2707,#2708);
#2707 = CARTESIAN_POINT('',(-3.876559491525,-3.553785842766E-16));
#2708 = DIRECTION('',(1.,0.));
#2709 = ( GEOMETRIC_REPRESENTATION_CONTEXT(2) 
PARAMETRIC_REPRESENTATION_CONTEXT() REPRESENTATION_CONTEXT('2D SPACE',''
  ) );
#2710 = PCURVE('',#1592,#2711);
#2711 = DEFINITIONAL_REPRESENTATION('',(#2712),#2721);
#2712 = B_SPLINE_CURVE_WITH_KNOTS('',7,(#2713,#2714,#2715,#2716,#2717,
    #2718,#2719,#2720),.UNSPECIFIED.,.F.,.F.,(8,8),(4.049970451175,
    5.155432178403),.PIECEWISE_BEZIER_KNOTS.);
#2713 = CARTESIAN_POINT('',(4.049970451175,2.844277613947));
#2714 = CARTESIAN_POINT('',(4.207893555065,2.955944917989));
#2715 = CARTESIAN_POINT('',(4.365816658955,3.083659687423));
#2716 = CARTESIAN_POINT('',(4.523739762846,3.222873069814));
#2717 = CARTESIAN_POINT('',(4.681662866732,3.368056233594));
#2718 = CARTESIAN_POINT('',(4.839585970624,3.513161041986));
#2719 = CARTESIAN_POINT('',(4.997509074514,3.652292122716));
#2720 = CARTESIAN_POINT('',(5.155432178403,3.780237665172));
#2721 = ( GEOMETRIC_REPRESENTATION_CONTEXT(2) 
PARAMETRIC_REPRESENTATION_CONTEXT() REPRESENTATION_CONTEXT('2D SPACE',''
  ) );
#2722 = ORIENTED_EDGE('',*,*,#1692,.T.);
#2723 = ORIENTED_EDGE('',*,*,#906,.F.);
#2724 = ORIENTED_EDGE('',*,*,#2725,.T.);
#2725 = EDGE_CURVE('',#907,#1478,#2726,.T.);
#2726 = SURFACE_CURVE('',#2727,(#2731,#2737),.PCURVE_S1.);
#2727 = LINE('',#2728,#2729);
#2728 = CARTESIAN_POINT('',(3.261777594455,1.776892921383E-16,10.65));
#2729 = VECTOR('',#2730,1.);
#2730 = DIRECTION('',(0.,1.,-0.));
#2731 = PCURVE('',#928,#2732);
#2732 = DEFINITIONAL_REPRESENTATION('',(#2733),#2736);
#2733 = B_SPLINE_CURVE_WITH_KNOTS('',1,(#2734,#2735),.UNSPECIFIED.,.F.,
  .F.,(2,2),(-1.11913,1.11913),.PIECEWISE_BEZIER_KNOTS.);
#2734 = CARTESIAN_POINT('',(3.261777594455,-1.11913));
#2735 = CARTESIAN_POINT('',(3.261777594455,1.11913));
#2736 = ( GEOMETRIC_REPRESENTATION_CONTEXT(2) 
PARAMETRIC_REPRESENTATION_CONTEXT() REPRESENTATION_CONTEXT('2D SPACE',''
  ) );
#2737 = PCURVE('',#957,#2738);
#2738 = DEFINITIONAL_REPRESENTATION('',(#2739),#2742);
#2739 = B_SPLINE_CURVE_WITH_KNOTS('',1,(#2740,#2741),.UNSPECIFIED.,.F.,
  .F.,(2,2),(-1.11913,1.11913),.PIECEWISE_BEZIER_KNOTS.);
#2740 = CARTESIAN_POINT('',(-0.479760016394,-1.11913));
#2741 = CARTESIAN_POINT('',(-0.479760016394,1.11913));
#2742 = ( GEOMETRIC_REPRESENTATION_CONTEXT(2) 
PARAMETRIC_REPRESENTATION_CONTEXT() REPRESENTATION_CONTEXT('2D SPACE',''
  ) );
#2743 = FACE_BOUND('',#2744,.F.);
#2744 = EDGE_LOOP('',(#2745));
#2745 = ORIENTED_EDGE('',*,*,#2746,.T.);
#2746 = EDGE_CURVE('',#2747,#2747,#2749,.T.);
#2747 = VERTEX_POINT('',#2748);
#2748 = CARTESIAN_POINT('',(2.87188,0.,10.65));
#2749 = SURFACE_CURVE('',#2750,(#2755,#2766),.PCURVE_S1.);
#2750 = CIRCLE('',#2751,2.87188);
#2751 = AXIS2_PLACEMENT_3D('',#2752,#2753,#2754);
#2752 = CARTESIAN_POINT('',(0.,0.,10.65));
#2753 = DIRECTION('',(0.,0.,-1.));
#2754 = DIRECTION('',(1.,0.,0.));
#2755 = PCURVE('',#928,#2756);
#2756 = DEFINITIONAL_REPRESENTATION('',(#2757),#2765);
#2757 = ( BOUNDED_CURVE() B_SPLINE_CURVE(2,(#2758,#2759,#2760,#2761,
#2762,#2763,#2764),.UNSPECIFIED.,.T.,.F.) B_SPLINE_CURVE_WITH_KNOTS((1,2
    ,2,2,2,1),(-2.094395102393,0.,2.094395102393,4.188790204786,
6.28318530718,8.377580409573),.UNSPECIFIED.) CURVE() 
GEOMETRIC_REPRESENTATION_ITEM() RATIONAL_B_SPLINE_CURVE((1.,0.5,1.,0.5,
1.,0.5,1.)) REPRESENTATION_ITEM('') );
#2758 = CARTESIAN_POINT('',(2.87188,-3.553785842766E-16));
#2759 = CARTESIAN_POINT('',(2.87188,-4.974242073241));
#2760 = CARTESIAN_POINT('',(-1.43594,-2.48712103662));
#2761 = CARTESIAN_POINT('',(-5.74376,-1.058786314184E-15));
#2762 = CARTESIAN_POINT('',(-1.43594,2.48712103662));
#2763 = CARTESIAN_POINT('',(2.87188,4.974242073241));
#2764 = CARTESIAN_POINT('',(2.87188,-3.553785842766E-16));
#2765 = ( GEOMETRIC_REPRESENTATION_CONTEXT(2) 
PARAMETRIC_REPRESENTATION_CONTEXT() REPRESENTATION_CONTEXT('2D SPACE',''
  ) );
#2766 = PCURVE('',#2767,#2772);
#2767 = CYLINDRICAL_SURFACE('',#2768,2.87188);
#2768 = AXIS2_PLACEMENT_3D('',#2769,#2770,#2771);
#2769 = CARTESIAN_POINT('',(0.,0.,10.4));
#2770 = DIRECTION('',(-0.,-0.,-1.));
#2771 = DIRECTION('',(1.,0.,0.));
#2772 = DEFINITIONAL_REPRESENTATION('',(#2773),#2777);
#2773 = LINE('',#2774,#2775);
#2774 = CARTESIAN_POINT('',(-6.28318530718,-0.25));
#2775 = VECTOR('',#2776,1.);
#2776 = DIRECTION('',(1.,-0.));
#2777 = ( GEOMETRIC_REPRESENTATION_CONTEXT(2) 
PARAMETRIC_REPRESENTATION_CONTEXT() REPRESENTATION_CONTEXT('2D SPACE',''
  ) );
#2778 = ADVANCED_FACE('',(#2779),#957,.T.);
#2779 = FACE_BOUND('',#2780,.T.);
#2780 = EDGE_LOOP('',(#2781,#2837,#2838,#2839,#2840));
#2781 = ORIENTED_EDGE('',*,*,#2782,.T.);
#2782 = EDGE_CURVE('',#2783,#941,#2785,.T.);
#2783 = VERTEX_POINT('',#2784);
#2784 = CARTESIAN_POINT('',(3.151566186001,1.422868860733E-15,
    10.561687785205));
#2785 = SURFACE_CURVE('',#2786,(#2801,#2819),.PCURVE_S1.);
#2786 = B_SPLINE_CURVE_WITH_KNOTS('',7,(#2787,#2788,#2789,#2790,#2791,
    #2792,#2793,#2794,#2795,#2796,#2797,#2798,#2799,#2800),
  .UNSPECIFIED.,.F.,.F.,(8,6,8),(0.,0.594977532553,1.),.UNSPECIFIED.);
#2787 = CARTESIAN_POINT('',(3.151566186001,1.221245327088E-15,
    10.561687785205));
#2788 = CARTESIAN_POINT('',(3.151566186001,-0.102371543709,
    10.561687785205));
#2789 = CARTESIAN_POINT('',(3.14021181406,-0.204812522872,
    10.552589546213));
#2790 = CARTESIAN_POINT('',(3.117476066984,-0.305051433482,
    10.534371430616));
#2791 = CARTESIAN_POINT('',(3.083965150824,-0.40110026617,
    10.507519190296));
#2792 = CARTESIAN_POINT('',(3.040613195048,-0.491324981833,
    10.472781341611));
#2793 = CARTESIAN_POINT('',(2.988604299731,-0.574443466708,
    10.431106701943));
#2794 = CARTESIAN_POINT('',(2.888921155804,-0.70067673167,
    10.351230767669));
#2795 = CARTESIAN_POINT('',(2.845131202081,-0.748132833262,
    10.316141951971));
#2796 = CARTESIAN_POINT('',(2.798308012471,-0.791665979346,
    10.278622609498));
#2797 = CARTESIAN_POINT('',(2.748837219332,-0.831106836465,
    10.238981746804));
#2798 = CARTESIAN_POINT('',(2.697092363334,-0.866351290389,
    10.197518681397));
#2799 = CARTESIAN_POINT('',(2.643425252522,-0.897344727402,
    10.154515316464));
#2800 = CARTESIAN_POINT('',(2.588161599548,-0.924067792838,
    10.110232645003));
#2801 = PCURVE('',#957,#2802);
#2802 = DEFINITIONAL_REPRESENTATION('',(#2803),#2818);
#2803 = B_SPLINE_CURVE_WITH_KNOTS('',7,(#2804,#2805,#2806,#2807,#2808,
    #2809,#2810,#2811,#2812,#2813,#2814,#2815,#2816,#2817),
  .UNSPECIFIED.,.F.,.F.,(8,6,8),(0.,0.594977532553,1.),.UNSPECIFIED.);
#2804 = CARTESIAN_POINT('',(-0.620988915119,1.221245327088E-15));
#2805 = CARTESIAN_POINT('',(-0.620988915119,-0.102371543709));
#2806 = CARTESIAN_POINT('',(-0.635538819413,-0.204812522872));
#2807 = CARTESIAN_POINT('',(-0.66467323087,-0.305051433482));
#2808 = CARTESIAN_POINT('',(-0.707615335058,-0.40110026617));
#2809 = CARTESIAN_POINT('',(-0.763168104574,-0.491324981833));
#2810 = CARTESIAN_POINT('',(-0.829814190607,-0.574443466708));
#2811 = CARTESIAN_POINT('',(-0.957551789063,-0.70067673167));
#2812 = CARTESIAN_POINT('',(-1.013665825045,-0.748132833262));
#2813 = CARTESIAN_POINT('',(-1.073666759578,-0.791665979346));
#2814 = CARTESIAN_POINT('',(-1.137060429364,-0.831106836465));
#2815 = CARTESIAN_POINT('',(-1.20336816583,-0.866351290389));
#2816 = CARTESIAN_POINT('',(-1.27213914938,-0.897344727402));
#2817 = CARTESIAN_POINT('',(-1.342956,-0.924067792838));
#2818 = ( GEOMETRIC_REPRESENTATION_CONTEXT(2) 
PARAMETRIC_REPRESENTATION_CONTEXT() REPRESENTATION_CONTEXT('2D SPACE',''
  ) );
#2819 = PCURVE('',#1305,#2820);
#2820 = DEFINITIONAL_REPRESENTATION('',(#2821),#2836);
#2821 = B_SPLINE_CURVE_WITH_KNOTS('',7,(#2822,#2823,#2824,#2825,#2826,
    #2827,#2828,#2829,#2830,#2831,#2832,#2833,#2834,#2835),
  .UNSPECIFIED.,.F.,.F.,(8,6,8),(0.,0.594977532553,1.),.UNSPECIFIED.);
#2822 = CARTESIAN_POINT('',(1.280811671472,0.));
#2823 = CARTESIAN_POINT('',(1.280811671472,0.100180594116));
#2824 = CARTESIAN_POINT('',(1.281562798143,0.200428972912));
#2825 = CARTESIAN_POINT('',(1.283066808958,0.300165703931));
#2826 = CARTESIAN_POINT('',(1.285293988973,0.399092671742));
#2827 = CARTESIAN_POINT('',(1.288202894759,0.496982001162));
#2828 = CARTESIAN_POINT('',(1.291738872358,0.593639445921));
#2829 = CARTESIAN_POINT('',(1.298621097771,0.753658822261));
#2830 = CARTESIAN_POINT('',(1.301669779457,0.817851631793));
#2831 = CARTESIAN_POINT('',(1.304961333413,0.881412682677));
#2832 = CARTESIAN_POINT('',(1.308477016618,0.94435060838));
#2833 = CARTESIAN_POINT('',(1.312198133123,1.006688190157));
#2834 = CARTESIAN_POINT('',(1.316106366148,1.068460089694));
#2835 = CARTESIAN_POINT('',(1.320184005686,1.129715925617));
#2836 = ( GEOMETRIC_REPRESENTATION_CONTEXT(2) 
PARAMETRIC_REPRESENTATION_CONTEXT() REPRESENTATION_CONTEXT('2D SPACE',''
  ) );
#2837 = ORIENTED_EDGE('',*,*,#940,.T.);
#2838 = ORIENTED_EDGE('',*,*,#2725,.T.);
#2839 = ORIENTED_EDGE('',*,*,#1477,.T.);
#2840 = ORIENTED_EDGE('',*,*,#2841,.T.);
#2841 = EDGE_CURVE('',#970,#2783,#2842,.T.);
#2842 = SURFACE_CURVE('',#2843,(#2858,#2876),.PCURVE_S1.);
#2843 = B_SPLINE_CURVE_WITH_KNOTS('',7,(#2844,#2845,#2846,#2847,#2848,
    #2849,#2850,#2851,#2852,#2853,#2854,#2855,#2856,#2857),
  .UNSPECIFIED.,.F.,.F.,(8,6,8),(0.,0.405014648752,1.),.UNSPECIFIED.);
#2844 = CARTESIAN_POINT('',(2.588161599548,0.924067792838,
    10.110232645003));
#2845 = CARTESIAN_POINT('',(2.64342418421,0.897345243991,10.154514460427
    ));
#2846 = CARTESIAN_POINT('',(2.697090288258,0.866352488749,
    10.197517018641));
#2847 = CARTESIAN_POINT('',(2.748834218055,0.83110888067,10.238979341886
    ));
#2848 = CARTESIAN_POINT('',(2.798304186549,0.791669029566,
    10.278619543793));
#2849 = CARTESIAN_POINT('',(2.845126675649,0.748137041631,
    10.316138324949));
#2850 = CARTESIAN_POINT('',(2.888916076097,0.700682236651,
    10.351226697309));
#2851 = CARTESIAN_POINT('',(2.98860019587,0.574450026264,10.431103413527
    ));
#2852 = CARTESIAN_POINT('',(3.040610346711,0.491330911456,
    10.472779059243));
#2853 = CARTESIAN_POINT('',(3.083963387894,0.401105317114,
    10.507517777663));
#2854 = CARTESIAN_POINT('',(3.117475165412,0.305055393598,
    10.534370708189));
#2855 = CARTESIAN_POINT('',(3.140211517372,0.204815227433,
    10.552589308478));
#2856 = CARTESIAN_POINT('',(3.151566186001,0.102372880417,
    10.561687785205));
#2857 = CARTESIAN_POINT('',(3.151566186001,1.172582895804E-15,
    10.561687785205));
#2858 = PCURVE('',#957,#2859);
#2859 = DEFINITIONAL_REPRESENTATION('',(#2860),#2875);
#2860 = B_SPLINE_CURVE_WITH_KNOTS('',7,(#2861,#2862,#2863,#2864,#2865,
    #2866,#2867,#2868,#2869,#2870,#2871,#2872,#2873,#2874),
  .UNSPECIFIED.,.F.,.F.,(8,6,8),(0.,0.405014648752,1.),.UNSPECIFIED.);
#2861 = CARTESIAN_POINT('',(-1.342956,0.924067792838));
#2862 = CARTESIAN_POINT('',(-1.272140518354,0.897345243991));
#2863 = CARTESIAN_POINT('',(-1.203370824908,0.866352488749));
#2864 = CARTESIAN_POINT('',(-1.137064275309,0.83110888067));
#2865 = CARTESIAN_POINT('',(-1.073671662253,0.791669029566));
#2866 = CARTESIAN_POINT('',(-1.013671625379,0.748137041631));
#2867 = CARTESIAN_POINT('',(-0.957558298384,0.700682236651));
#2868 = CARTESIAN_POINT('',(-0.829819449443,0.574450026264));
#2869 = CARTESIAN_POINT('',(-0.763171754537,0.491330911456));
#2870 = CARTESIAN_POINT('',(-0.707617594141,0.401105317114));
#2871 = CARTESIAN_POINT('',(-0.664674386177,0.305055393598));
#2872 = CARTESIAN_POINT('',(-0.635539199599,0.204815227433));
#2873 = CARTESIAN_POINT('',(-0.620988915119,0.102372880417));
#2874 = CARTESIAN_POINT('',(-0.620988915119,1.172582895804E-15));
#2875 = ( GEOMETRIC_REPRESENTATION_CONTEXT(2) 
PARAMETRIC_REPRESENTATION_CONTEXT() REPRESENTATION_CONTEXT('2D SPACE',''
  ) );
#2876 = PCURVE('',#1305,#2877);
#2877 = DEFINITIONAL_REPRESENTATION('',(#2878),#2893);
#2878 = B_SPLINE_CURVE_WITH_KNOTS('',7,(#2879,#2880,#2881,#2882,#2883,
    #2884,#2885,#2886,#2887,#2888,#2889,#2890,#2891,#2892),
  .UNSPECIFIED.,.F.,.F.,(8,6,8),(0.,0.405014648752,1.),.UNSPECIFIED.);
#2879 = CARTESIAN_POINT('',(1.320184005686,5.153469381562));
#2880 = CARTESIAN_POINT('',(1.316106444974,5.214724033336));
#2881 = CARTESIAN_POINT('',(1.312198284237,5.276494728583));
#2882 = CARTESIAN_POINT('',(1.308477232448,5.338831083137));
#2883 = CARTESIAN_POINT('',(1.304961605305,5.401767757083));
#2884 = CARTESIAN_POINT('',(1.301670097654,5.46532753091));
#2885 = CARTESIAN_POINT('',(1.298621451423,5.529519038444));
#2886 = CARTESIAN_POINT('',(1.291739151368,5.689538233625));
#2887 = CARTESIAN_POINT('',(1.288203085878,5.78619687316));
#2888 = CARTESIAN_POINT('',(1.285294106149,5.884087432147));
#2889 = CARTESIAN_POINT('',(1.283066868594,5.983015663006));
#2890 = CARTESIAN_POINT('',(1.28156281777,6.082753687704));
#2891 = CARTESIAN_POINT('',(1.280811671472,6.183003404964));
#2892 = CARTESIAN_POINT('',(1.280811671472,6.28318530718));
#2893 = ( GEOMETRIC_REPRESENTATION_CONTEXT(2) 
PARAMETRIC_REPRESENTATION_CONTEXT() REPRESENTATION_CONTEXT('2D SPACE',''
  ) );
#2894 = ADVANCED_FACE('',(#2895),#1305,.T.);
#2895 = FACE_BOUND('',#2896,.T.);
#2896 = EDGE_LOOP('',(#2897,#2921,#2922,#2923,#2924,#2925,#3181,#3205,
    #3261,#3470,#3670,#3724,#3725));
#2897 = ORIENTED_EDGE('',*,*,#2898,.F.);
#2898 = EDGE_CURVE('',#2783,#2899,#2901,.T.);
#2899 = VERTEX_POINT('',#2900);
#2900 = CARTESIAN_POINT('',(2.64416684362,1.438224601278E-15,10.7));
#2901 = SEAM_CURVE('',#2902,(#2907,#2914),.PCURVE_S1.);
#2902 = CIRCLE('',#2903,11.02187);
#2903 = AXIS2_PLACEMENT_3D('',#2904,#2905,#2906);
#2904 = CARTESIAN_POINT('',(0.,2.502859649289E-16,-2.778732410046E-32));
#2905 = DIRECTION('',(0.,-1.,1.110223024625E-16));
#2906 = DIRECTION('',(1.,0.,0.));
#2907 = PCURVE('',#1305,#2908);
#2908 = DEFINITIONAL_REPRESENTATION('',(#2909),#2913);
#2909 = LINE('',#2910,#2911);
#2910 = CARTESIAN_POINT('',(0.,6.28318530718));
#2911 = VECTOR('',#2912,1.);
#2912 = DIRECTION('',(1.,0.));
#2913 = ( GEOMETRIC_REPRESENTATION_CONTEXT(2) 
PARAMETRIC_REPRESENTATION_CONTEXT() REPRESENTATION_CONTEXT('2D SPACE',''
  ) );
#2914 = PCURVE('',#1305,#2915);
#2915 = DEFINITIONAL_REPRESENTATION('',(#2916),#2920);
#2916 = LINE('',#2917,#2918);
#2917 = CARTESIAN_POINT('',(0.,0.));
#2918 = VECTOR('',#2919,1.);
#2919 = DIRECTION('',(1.,0.));
#2920 = ( GEOMETRIC_REPRESENTATION_CONTEXT(2) 
PARAMETRIC_REPRESENTATION_CONTEXT() REPRESENTATION_CONTEXT('2D SPACE',''
  ) );
#2921 = ORIENTED_EDGE('',*,*,#2841,.F.);
#2922 = ORIENTED_EDGE('',*,*,#969,.F.);
#2923 = ORIENTED_EDGE('',*,*,#2782,.F.);
#2924 = ORIENTED_EDGE('',*,*,#2898,.T.);
#2925 = ORIENTED_EDGE('',*,*,#2926,.T.);
#2926 = EDGE_CURVE('',#2899,#2927,#2929,.T.);
#2927 = VERTEX_POINT('',#2928);
#2928 = CARTESIAN_POINT('',(-2.64416684362,1.438224601278E-15,10.7));
#2929 = SURFACE_CURVE('',#2930,(#3010,#3093),.PCURVE_S1.);
#2930 = B_SPLINE_CURVE_WITH_KNOTS('',8,(#2931,#2932,#2933,#2934,#2935,
    #2936,#2937,#2938,#2939,#2940,#2941,#2942,#2943,#2944,#2945,#2946,
    #2947,#2948,#2949,#2950,#2951,#2952,#2953,#2954,#2955,#2956,#2957,
    #2958,#2959,#2960,#2961,#2962,#2963,#2964,#2965,#2966,#2967,#2968,
    #2969,#2970,#2971,#2972,#2973,#2974,#2975,#2976,#2977,#2978,#2979,
    #2980,#2981,#2982,#2983,#2984,#2985,#2986,#2987,#2988,#2989,#2990,
    #2991,#2992,#2993,#2994,#2995,#2996,#2997,#2998,#2999,#3000,#3001,
    #3002,#3003,#3004,#3005,#3006,#3007,#3008,#3009),.UNSPECIFIED.,.F.,
  .F.,(9,7,7,7,7,7,7,7,7,7,7,9),(0.,3.864202645234E-02,
    6.813934163387E-02,0.117495253161,0.174024221682,0.235480415801,
    0.501277873814,0.636670010878,0.786235523266,0.845961040983,
    0.941440117433,1.),.UNSPECIFIED.);
#2931 = CARTESIAN_POINT('',(2.64416684362,1.215432881106E-15,10.7));
#2932 = CARTESIAN_POINT('',(2.64416684362,-2.131297056633E-02,10.7));
#2933 = CARTESIAN_POINT('',(2.642049171394,-4.263383283163E-02,10.7));
#2934 = CARTESIAN_POINT('',(2.637811256945,-6.381022005125E-02,10.7));
#2935 = CARTESIAN_POINT('',(2.631520022647,-8.471566094403E-02,10.7));
#2936 = CARTESIAN_POINT('',(2.62329013828,-0.105247021199,10.7));
#2937 = CARTESIAN_POINT('',(2.6132663441,-0.125322172185,10.7));
#2938 = CARTESIAN_POINT('',(2.601609841913,-0.144877886874,10.7));
#2939 = CARTESIAN_POINT('',(2.578472797572,-0.178364000332,10.7));
#2940 = CARTESIAN_POINT('',(2.567598379677,-0.192537501608,10.7));
#2941 = CARTESIAN_POINT('',(2.55593319207,-0.206376037133,10.7));
#2942 = CARTESIAN_POINT('',(2.543543056022,-0.219872692605,10.7));
#2943 = CARTESIAN_POINT('',(2.530490512657,-0.233025355863,10.7));
#2944 = CARTESIAN_POINT('',(2.516833413102,-0.24583600368,10.7));
#2945 = CARTESIAN_POINT('',(2.50262350864,-0.258309988556,10.7));
#2946 = CARTESIAN_POINT('',(2.463277599714,-0.290777316592,10.7));
#2947 = CARTESIAN_POINT('',(2.437237683595,-0.310170537919,10.7));
#2948 = CARTESIAN_POINT('',(2.409988898655,-0.328679144859,10.7));
#2949 = CARTESIAN_POINT('',(2.381705675469,-0.346347458974,10.7));
#2950 = CARTESIAN_POINT('',(2.352534108854,-0.363220133973,10.7));
#2951 = CARTESIAN_POINT('',(2.322592797694,-0.379342321669,10.7));
#2952 = CARTESIAN_POINT('',(2.291973684764,-0.394759837934,10.7));
#2953 = CARTESIAN_POINT('',(2.224973235133,-0.426423864722,10.7));
#2954 = CARTESIAN_POINT('',(2.188417762692,-0.4424571403,10.7));
#2955 = CARTESIAN_POINT('',(2.15118727976,-0.457684610422,10.7));
#2956 = CARTESIAN_POINT('',(2.113373787448,-0.472161737972,10.7));
#2957 = CARTESIAN_POINT('',(2.075053354296,-0.485937344028,10.7));
#2958 = CARTESIAN_POINT('',(2.036288005895,-0.499055825782,10.7));
#2959 = CARTESIAN_POINT('',(1.997126637242,-0.511558242036,10.7));
#2960 = CARTESIAN_POINT('',(1.914638435692,-0.53644562237,10.7));
#2961 = CARTESIAN_POINT('',(1.871253628553,-0.548723279103,10.7));
#2962 = CARTESIAN_POINT('',(1.827501746835,-0.560362213164,10.7));
#2963 = CARTESIAN_POINT('',(1.783426664975,-0.571403407775,10.7));
#2964 = CARTESIAN_POINT('',(1.73906547016,-0.58188283098,10.7));
#2965 = CARTESIAN_POINT('',(1.694449021029,-0.591832413948,10.7));
#2966 = CARTESIAN_POINT('',(1.649602506382,-0.601281029263,10.7));
#2967 = CARTESIAN_POINT('',(1.409677056899,-0.649069837121,10.7));
#2968 = CARTESIAN_POINT('',(1.211131631387,-0.678963589011,10.7));
#2969 = CARTESIAN_POINT('',(1.010233837387,-0.702166297938,10.7));
#2970 = CARTESIAN_POINT('',(0.807828567064,-0.71966654822,10.7));
#2971 = CARTESIAN_POINT('',(0.604574229246,-0.732311950573,10.7));
#2972 = CARTESIAN_POINT('',(0.400859695411,-0.740529375233,10.7));
#2973 = CARTESIAN_POINT('',(0.196894503759,-0.744587675499,10.7));
#2974 = CARTESIAN_POINT('',(-0.111366070275,-0.744388968471,10.7));
#2975 = CARTESIAN_POINT('',(-0.215390414272,-0.743234964951,10.7));
#2976 = CARTESIAN_POINT('',(-0.319374446153,-0.740993589066,10.7));
#2977 = CARTESIAN_POINT('',(-0.423279284735,-0.737647822722,10.7));
#2978 = CARTESIAN_POINT('',(-0.527061152511,-0.733164976866,10.7));
#2979 = CARTESIAN_POINT('',(-0.63067125557,-0.727495760164,10.7));
#2980 = CARTESIAN_POINT('',(-0.73405545615,-0.720571497058,10.7));
#2981 = CARTESIAN_POINT('',(-0.951044748489,-0.703161548033,10.7));
#2982 = CARTESIAN_POINT('',(-1.064542678001,-0.6923825817,10.7));
#2983 = CARTESIAN_POINT('',(-1.177604250912,-0.679835639884,10.7));
#2984 = CARTESIAN_POINT('',(-1.29013548722,-0.66536136183,10.7));
#2985 = CARTESIAN_POINT('',(-1.401985899557,-0.648754135026,10.7));
#2986 = CARTESIAN_POINT('',(-1.512948709904,-0.629761789784,10.7));
#2987 = CARTESIAN_POINT('',(-1.622752886033,-0.608062257083,10.7));
#2988 = CARTESIAN_POINT('',(-1.774271868764,-0.573244702877,10.7));
#2989 = CARTESIAN_POINT('',(-1.817260063434,-0.562803283515,10.7));
#2990 = CARTESIAN_POINT('',(-1.859973004203,-0.551826123759,10.7));
#2991 = CARTESIAN_POINT('',(-1.902379617739,-0.540280843765,10.7));
#2992 = CARTESIAN_POINT('',(-1.944441342859,-0.528131715509,10.7));
#2993 = CARTESIAN_POINT('',(-1.986111338333,-0.515338465286,10.7));
#2994 = CARTESIAN_POINT('',(-2.027333690684,-0.5018550762,10.7));
#2995 = CARTESIAN_POINT('',(-2.13312118996,-0.464885686907,10.7));
#2996 = CARTESIAN_POINT('',(-2.196688365991,-0.440313495258,10.7));
#2997 = CARTESIAN_POINT('',(-2.258705424239,-0.413633488947,10.7));
#2998 = CARTESIAN_POINT('',(-2.318863202025,-0.384561569428,10.7));
#2999 = CARTESIAN_POINT('',(-2.376546190869,-0.352791702846,10.7));
#3000 = CARTESIAN_POINT('',(-2.430866660028,-0.318026070071,10.7));
#3001 = CARTESIAN_POINT('',(-2.480649781641,-0.279969549721,10.7));
#3002 = CARTESIAN_POINT('',(-2.550992357421,-0.212591863474,10.7));
#3003 = CARTESIAN_POINT('',(-2.575413372809,-0.185577589489,10.7));
#3004 = CARTESIAN_POINT('',(-2.597022999107,-0.157169800947,10.7));
#3005 = CARTESIAN_POINT('',(-2.615253544034,-0.127440083636,10.7));
#3006 = CARTESIAN_POINT('',(-2.629520236954,-9.654101497942E-02,10.7));
#3007 = CARTESIAN_POINT('',(-2.639284097732,-6.472353299614E-02,10.7));
#3008 = CARTESIAN_POINT('',(-2.64416684362,-3.236287975318E-02,10.7));
#3009 = CARTESIAN_POINT('',(-2.64416684362,1.215432881106E-15,10.7));
#3010 = PCURVE('',#1305,#3011);
#3011 = DEFINITIONAL_REPRESENTATION('',(#3012),#3092);
#3012 = B_SPLINE_CURVE_WITH_KNOTS('',8,(#3013,#3014,#3015,#3016,#3017,
    #3018,#3019,#3020,#3021,#3022,#3023,#3024,#3025,#3026,#3027,#3028,
    #3029,#3030,#3031,#3032,#3033,#3034,#3035,#3036,#3037,#3038,#3039,
    #3040,#3041,#3042,#3043,#3044,#3045,#3046,#3047,#3048,#3049,#3050,
    #3051,#3052,#3053,#3054,#3055,#3056,#3057,#3058,#3059,#3060,#3061,
    #3062,#3063,#3064,#3065,#3066,#3067,#3068,#3069,#3070,#3071,#3072,
    #3073,#3074,#3075,#3076,#3077,#3078,#3079,#3080,#3081,#3082,#3083,
    #3084,#3085,#3086,#3087,#3088,#3089,#3090,#3091),.UNSPECIFIED.,.F.,
  .F.,(9,7,7,7,7,7,7,7,7,7,7,9),(0.,3.864202645234E-02,
    6.813934163387E-02,0.117495253161,0.174024221682,0.235480415801,
    0.501277873814,0.636670010878,0.786235523266,0.845961040983,
    0.941440117433,1.),.UNSPECIFIED.);
#3013 = CARTESIAN_POINT('',(1.328531594438,0.));
#3014 = CARTESIAN_POINT('',(1.328531594438,2.085683165797E-02));
#3015 = CARTESIAN_POINT('',(1.328718118054,4.172137920695E-02));
#3016 = CARTESIAN_POINT('',(1.329091387864,6.245839280973E-02));
#3017 = CARTESIAN_POINT('',(1.329645612381,8.295792989318E-02));
#3018 = CARTESIAN_POINT('',(1.330370880575,0.103131078838));
#3019 = CARTESIAN_POINT('',(1.331254690558,0.122906664876));
#3020 = CARTESIAN_POINT('',(1.332283112422,0.142228938201));
#3021 = CARTESIAN_POINT('',(1.334325903203,0.175428031482));
#3022 = CARTESIAN_POINT('',(1.335286447299,0.189518394689));
#3023 = CARTESIAN_POINT('',(1.336317370916,0.20331691648));
#3024 = CARTESIAN_POINT('',(1.337412987047,0.216817778284));
#3025 = CARTESIAN_POINT('',(1.338567891069,0.230019214613));
#3026 = CARTESIAN_POINT('',(1.339777083503,0.242922967299));
#3027 = CARTESIAN_POINT('',(1.341036092787,0.255533739731));
#3028 = CARTESIAN_POINT('',(1.344524677238,0.288481112172));
#3029 = CARTESIAN_POINT('',(1.346836024719,0.308294507591));
#3030 = CARTESIAN_POINT('',(1.349257577047,0.327338558518));
#3031 = CARTESIAN_POINT('',(1.351774254184,0.345651329721));
#3032 = CARTESIAN_POINT('',(1.354373402132,0.363270080149));
#3033 = CARTESIAN_POINT('',(1.357044735576,0.380232113511));
#3034 = CARTESIAN_POINT('',(1.359780280522,0.396575628856));
#3035 = CARTESIAN_POINT('',(1.36577441987,0.430396684392));
#3036 = CARTESIAN_POINT('',(1.369049770315,0.447685162331));
#3037 = CARTESIAN_POINT('',(1.372390749329,0.464260651509));
#3038 = CARTESIAN_POINT('',(1.375789328613,0.480167980764));
#3039 = CARTESIAN_POINT('',(1.379238832189,0.495445746074));
#3040 = CARTESIAN_POINT('',(1.382733784656,0.510128703247));
#3041 = CARTESIAN_POINT('',(1.386269846023,0.524248968433));
#3042 = CARTESIAN_POINT('',(1.393729339075,0.552607371152));
#3043 = CARTESIAN_POINT('',(1.397658985529,0.566746109149));
#3044 = CARTESIAN_POINT('',(1.401628193859,0.580288436023));
#3045 = CARTESIAN_POINT('',(1.405632996739,0.593265173611));
#3046 = CARTESIAN_POINT('',(1.409669996577,0.605702745678));
#3047 = CARTESIAN_POINT('',(1.413736323962,0.617624153543));
#3048 = CARTESIAN_POINT('',(1.417829596115,0.629049951711));
#3049 = CARTESIAN_POINT('',(1.439759393969,0.687354720415));
#3050 = CARTESIAN_POINT('',(1.458015694556,0.72573445096));
#3051 = CARTESIAN_POINT('',(1.476586856884,0.75675745863));
#3052 = CARTESIAN_POINT('',(1.495379478884,0.780948604868));
#3053 = CARTESIAN_POINT('',(1.514313576835,0.79880870629));
#3054 = CARTESIAN_POINT('',(1.533332249494,0.810554586585));
#3055 = CARTESIAN_POINT('',(1.552394980166,0.816351729723));
#3056 = CARTESIAN_POINT('',(1.581204366069,0.816067863559));
#3057 = CARTESIAN_POINT('',(1.590926114655,0.814419317301));
#3058 = CARTESIAN_POINT('',(1.600641146919,0.811217988142));
#3059 = CARTESIAN_POINT('',(1.610343030066,0.806454636116));
#3060 = CARTESIAN_POINT('',(1.620024905635,0.80011191314));
#3061 = CARTESIAN_POINT('',(1.629679514105,0.792163544836));
#3062 = CARTESIAN_POINT('',(1.639299205669,0.782571597178));
#3063 = CARTESIAN_POINT('',(1.659455198129,0.758810201812));
#3064 = CARTESIAN_POINT('',(1.669977930823,0.744271630163));
#3065 = CARTESIAN_POINT('',(1.68043681677,0.727590532955));
#3066 = CARTESIAN_POINT('',(1.690820022142,0.708670575364));
#3067 = CARTESIAN_POINT('',(1.701110791818,0.687383115157));
#3068 = CARTESIAN_POINT('',(1.711287652649,0.663567741619));
#3069 = CARTESIAN_POINT('',(1.721323953847,0.637009493614));
#3070 = CARTESIAN_POINT('',(1.735123441162,0.595516446434));
#3071 = CARTESIAN_POINT('',(1.739032826665,0.583184458023));
#3072 = CARTESIAN_POINT('',(1.742911355079,0.570339060275));
#3073 = CARTESIAN_POINT('',(1.74675616801,0.556956442749));
#3074 = CARTESIAN_POINT('',(1.750563762368,0.543010084613));
#3075 = CARTESIAN_POINT('',(1.754329930164,0.528469535853));
#3076 = CARTESIAN_POINT('',(1.758049698306,0.513299198473));
#3077 = CARTESIAN_POINT('',(1.767580360406,0.472131447028));
#3078 = CARTESIAN_POINT('',(1.77329210077,0.445166733116));
#3079 = CARTESIAN_POINT('',(1.778849691402,0.416318578193));
#3080 = CARTESIAN_POINT('',(1.784226091659,0.385350660547));
#3081 = CARTESIAN_POINT('',(1.789367349902,0.352016426737));
#3082 = CARTESIAN_POINT('',(1.794196299452,0.316080969589));
#3083 = CARTESIAN_POINT('',(1.798611674655,0.277299995771));
#3084 = CARTESIAN_POINT('',(1.80483916176,0.209496386578));
#3085 = CARTESIAN_POINT('',(1.806998151031,0.182493361439));
#3086 = CARTESIAN_POINT('',(1.808906114535,0.154274286155));
#3087 = CARTESIAN_POINT('',(1.810513880813,0.124906223792));
#3088 = CARTESIAN_POINT('',(1.811771003065,9.45232580454E-02));
#3089 = CARTESIAN_POINT('',(1.812630989471,6.333832129389E-02));
#3090 = CARTESIAN_POINT('',(1.813061059152,3.167025135602E-02));
#3091 = CARTESIAN_POINT('',(1.813061059152,0.));
#3092 = ( GEOMETRIC_REPRESENTATION_CONTEXT(2) 
PARAMETRIC_REPRESENTATION_CONTEXT() REPRESENTATION_CONTEXT('2D SPACE',''
  ) );
#3093 = PCURVE('',#3094,#3099);
#3094 = PLANE('',#3095);
#3095 = AXIS2_PLACEMENT_3D('',#3096,#3097,#3098);
#3096 = CARTESIAN_POINT('',(0.,3.272544614062E-16,10.7));
#3097 = DIRECTION('',(0.,0.,1.));
#3098 = DIRECTION('',(1.,0.,-0.));
#3099 = DEFINITIONAL_REPRESENTATION('',(#3100),#3180);
#3100 = B_SPLINE_CURVE_WITH_KNOTS('',8,(#3101,#3102,#3103,#3104,#3105,
    #3106,#3107,#3108,#3109,#3110,#3111,#3112,#3113,#3114,#3115,#3116,
    #3117,#3118,#3119,#3120,#3121,#3122,#3123,#3124,#3125,#3126,#3127,
    #3128,#3129,#3130,#3131,#3132,#3133,#3134,#3135,#3136,#3137,#3138,
    #3139,#3140,#3141,#3142,#3143,#3144,#3145,#3146,#3147,#3148,#3149,
    #3150,#3151,#3152,#3153,#3154,#3155,#3156,#3157,#3158,#3159,#3160,
    #3161,#3162,#3163,#3164,#3165,#3166,#3167,#3168,#3169,#3170,#3171,
    #3172,#3173,#3174,#3175,#3176,#3177,#3178,#3179),.UNSPECIFIED.,.F.,
  .F.,(9,7,7,7,7,7,7,7,7,7,7,9),(0.,3.864202645234E-02,
    6.813934163387E-02,0.117495253161,0.174024221682,0.235480415801,
    0.501277873814,0.636670010878,0.786235523266,0.845961040983,
    0.941440117433,1.),.UNSPECIFIED.);
#3101 = CARTESIAN_POINT('',(2.64416684362,8.881784197001E-16));
#3102 = CARTESIAN_POINT('',(2.64416684362,-2.131297056633E-02));
#3103 = CARTESIAN_POINT('',(2.642049171394,-4.263383283163E-02));
#3104 = CARTESIAN_POINT('',(2.637811256945,-6.381022005125E-02));
#3105 = CARTESIAN_POINT('',(2.631520022647,-8.471566094403E-02));
#3106 = CARTESIAN_POINT('',(2.62329013828,-0.105247021199));
#3107 = CARTESIAN_POINT('',(2.6132663441,-0.125322172185));
#3108 = CARTESIAN_POINT('',(2.601609841913,-0.144877886874));
#3109 = CARTESIAN_POINT('',(2.578472797572,-0.178364000332));
#3110 = CARTESIAN_POINT('',(2.567598379677,-0.192537501608));
#3111 = CARTESIAN_POINT('',(2.55593319207,-0.206376037133));
#3112 = CARTESIAN_POINT('',(2.543543056022,-0.219872692605));
#3113 = CARTESIAN_POINT('',(2.530490512657,-0.233025355863));
#3114 = CARTESIAN_POINT('',(2.516833413102,-0.24583600368));
#3115 = CARTESIAN_POINT('',(2.50262350864,-0.258309988556));
#3116 = CARTESIAN_POINT('',(2.463277599714,-0.290777316592));
#3117 = CARTESIAN_POINT('',(2.437237683595,-0.310170537919));
#3118 = CARTESIAN_POINT('',(2.409988898655,-0.328679144859));
#3119 = CARTESIAN_POINT('',(2.381705675469,-0.346347458974));
#3120 = CARTESIAN_POINT('',(2.352534108854,-0.363220133973));
#3121 = CARTESIAN_POINT('',(2.322592797694,-0.379342321669));
#3122 = CARTESIAN_POINT('',(2.291973684764,-0.394759837934));
#3123 = CARTESIAN_POINT('',(2.224973235133,-0.426423864722));
#3124 = CARTESIAN_POINT('',(2.188417762692,-0.4424571403));
#3125 = CARTESIAN_POINT('',(2.15118727976,-0.457684610422));
#3126 = CARTESIAN_POINT('',(2.113373787448,-0.472161737972));
#3127 = CARTESIAN_POINT('',(2.075053354296,-0.485937344028));
#3128 = CARTESIAN_POINT('',(2.036288005895,-0.499055825782));
#3129 = CARTESIAN_POINT('',(1.997126637242,-0.511558242036));
#3130 = CARTESIAN_POINT('',(1.914638435692,-0.53644562237));
#3131 = CARTESIAN_POINT('',(1.871253628553,-0.548723279103));
#3132 = CARTESIAN_POINT('',(1.827501746835,-0.560362213164));
#3133 = CARTESIAN_POINT('',(1.783426664975,-0.571403407775));
#3134 = CARTESIAN_POINT('',(1.73906547016,-0.58188283098));
#3135 = CARTESIAN_POINT('',(1.694449021029,-0.591832413948));
#3136 = CARTESIAN_POINT('',(1.649602506382,-0.601281029263));
#3137 = CARTESIAN_POINT('',(1.409677056899,-0.649069837121));
#3138 = CARTESIAN_POINT('',(1.211131631387,-0.678963589011));
#3139 = CARTESIAN_POINT('',(1.010233837387,-0.702166297938));
#3140 = CARTESIAN_POINT('',(0.807828567064,-0.71966654822));
#3141 = CARTESIAN_POINT('',(0.604574229246,-0.732311950573));
#3142 = CARTESIAN_POINT('',(0.400859695411,-0.740529375233));
#3143 = CARTESIAN_POINT('',(0.196894503759,-0.744587675499));
#3144 = CARTESIAN_POINT('',(-0.111366070275,-0.744388968471));
#3145 = CARTESIAN_POINT('',(-0.215390414272,-0.743234964951));
#3146 = CARTESIAN_POINT('',(-0.319374446153,-0.740993589066));
#3147 = CARTESIAN_POINT('',(-0.423279284735,-0.737647822722));
#3148 = CARTESIAN_POINT('',(-0.527061152511,-0.733164976866));
#3149 = CARTESIAN_POINT('',(-0.63067125557,-0.727495760164));
#3150 = CARTESIAN_POINT('',(-0.73405545615,-0.720571497058));
#3151 = CARTESIAN_POINT('',(-0.951044748489,-0.703161548033));
#3152 = CARTESIAN_POINT('',(-1.064542678001,-0.6923825817));
#3153 = CARTESIAN_POINT('',(-1.177604250912,-0.679835639884));
#3154 = CARTESIAN_POINT('',(-1.29013548722,-0.66536136183));
#3155 = CARTESIAN_POINT('',(-1.401985899557,-0.648754135026));
#3156 = CARTESIAN_POINT('',(-1.512948709904,-0.629761789784));
#3157 = CARTESIAN_POINT('',(-1.622752886033,-0.608062257083));
#3158 = CARTESIAN_POINT('',(-1.774271868764,-0.573244702877));
#3159 = CARTESIAN_POINT('',(-1.817260063434,-0.562803283515));
#3160 = CARTESIAN_POINT('',(-1.859973004203,-0.551826123759));
#3161 = CARTESIAN_POINT('',(-1.902379617739,-0.540280843765));
#3162 = CARTESIAN_POINT('',(-1.944441342859,-0.528131715509));
#3163 = CARTESIAN_POINT('',(-1.986111338333,-0.515338465286));
#3164 = CARTESIAN_POINT('',(-2.027333690684,-0.5018550762));
#3165 = CARTESIAN_POINT('',(-2.13312118996,-0.464885686907));
#3166 = CARTESIAN_POINT('',(-2.196688365991,-0.440313495258));
#3167 = CARTESIAN_POINT('',(-2.258705424239,-0.413633488947));
#3168 = CARTESIAN_POINT('',(-2.318863202025,-0.384561569428));
#3169 = CARTESIAN_POINT('',(-2.376546190869,-0.352791702846));
#3170 = CARTESIAN_POINT('',(-2.430866660028,-0.318026070071));
#3171 = CARTESIAN_POINT('',(-2.480649781641,-0.279969549721));
#3172 = CARTESIAN_POINT('',(-2.550992357421,-0.212591863474));
#3173 = CARTESIAN_POINT('',(-2.575413372809,-0.185577589489));
#3174 = CARTESIAN_POINT('',(-2.597022999107,-0.157169800947));
#3175 = CARTESIAN_POINT('',(-2.615253544034,-0.127440083636));
#3176 = CARTESIAN_POINT('',(-2.629520236954,-9.654101497942E-02));
#3177 = CARTESIAN_POINT('',(-2.639284097732,-6.472353299614E-02));
#3178 = CARTESIAN_POINT('',(-2.64416684362,-3.236287975318E-02));
#3179 = CARTESIAN_POINT('',(-2.64416684362,8.881784197001E-16));
#3180 = ( GEOMETRIC_REPRESENTATION_CONTEXT(2) 
PARAMETRIC_REPRESENTATION_CONTEXT() REPRESENTATION_CONTEXT('2D SPACE',''
  ) );
#3181 = ORIENTED_EDGE('',*,*,#3182,.T.);
#3182 = EDGE_CURVE('',#2927,#3183,#3185,.T.);
#3183 = VERTEX_POINT('',#3184);
#3184 = CARTESIAN_POINT('',(-3.151566186001,1.422868860733E-15,
    10.561687785205));
#3185 = SEAM_CURVE('',#3186,(#3191,#3198),.PCURVE_S1.);
#3186 = CIRCLE('',#3187,11.02187);
#3187 = AXIS2_PLACEMENT_3D('',#3188,#3189,#3190);
#3188 = CARTESIAN_POINT('',(0.,2.502859649289E-16,-2.778732410046E-32));
#3189 = DIRECTION('',(0.,-1.,1.110223024625E-16));
#3190 = DIRECTION('',(1.,0.,0.));
#3191 = PCURVE('',#1305,#3192);
#3192 = DEFINITIONAL_REPRESENTATION('',(#3193),#3197);
#3193 = LINE('',#3194,#3195);
#3194 = CARTESIAN_POINT('',(0.,6.28318530718));
#3195 = VECTOR('',#3196,1.);
#3196 = DIRECTION('',(1.,0.));
#3197 = ( GEOMETRIC_REPRESENTATION_CONTEXT(2) 
PARAMETRIC_REPRESENTATION_CONTEXT() REPRESENTATION_CONTEXT('2D SPACE',''
  ) );
#3198 = PCURVE('',#1305,#3199);
#3199 = DEFINITIONAL_REPRESENTATION('',(#3200),#3204);
#3200 = LINE('',#3201,#3202);
#3201 = CARTESIAN_POINT('',(0.,0.));
#3202 = VECTOR('',#3203,1.);
#3203 = DIRECTION('',(1.,0.));
#3204 = ( GEOMETRIC_REPRESENTATION_CONTEXT(2) 
PARAMETRIC_REPRESENTATION_CONTEXT() REPRESENTATION_CONTEXT('2D SPACE',''
  ) );
#3205 = ORIENTED_EDGE('',*,*,#3206,.T.);
#3206 = EDGE_CURVE('',#3183,#3207,#3209,.T.);
#3207 = VERTEX_POINT('',#3208);
#3208 = CARTESIAN_POINT('',(-2.926765683323,-0.652739112843,
    10.381555523427));
#3209 = SURFACE_CURVE('',#3210,(#3225,#3243),.PCURVE_S1.);
#3210 = B_SPLINE_CURVE_WITH_KNOTS('',7,(#3211,#3212,#3213,#3214,#3215,
    #3216,#3217,#3218,#3219,#3220,#3221,#3222,#3223,#3224),
  .UNSPECIFIED.,.F.,.F.,(8,6,8),(0.,0.594977532553,1.),.UNSPECIFIED.);
#3211 = CARTESIAN_POINT('',(-3.151566186001,1.221245327088E-15,
    10.561687785205));
#3212 = CARTESIAN_POINT('',(-3.151566186001,-0.102371543709,
    10.561687785205));
#3213 = CARTESIAN_POINT('',(-3.14021181406,-0.204812522872,
    10.552589546213));
#3214 = CARTESIAN_POINT('',(-3.117476066984,-0.305051433482,
    10.534371430617));
#3215 = CARTESIAN_POINT('',(-3.083965150824,-0.40110026617,
    10.507519190296));
#3216 = CARTESIAN_POINT('',(-3.040613195049,-0.491324981833,
    10.472781341611));
#3217 = CARTESIAN_POINT('',(-2.988604299731,-0.574443466708,
    10.431106701943));
#3218 = CARTESIAN_POINT('',(-2.888921155804,-0.70067673167,
    10.351230767669));
#3219 = CARTESIAN_POINT('',(-2.845131202081,-0.748132833262,
    10.316141951971));
#3220 = CARTESIAN_POINT('',(-2.798308012471,-0.791665979346,
    10.278622609498));
#3221 = CARTESIAN_POINT('',(-2.748837219332,-0.831106836465,
    10.238981746804));
#3222 = CARTESIAN_POINT('',(-2.697092363334,-0.866351290389,
    10.197518681397));
#3223 = CARTESIAN_POINT('',(-2.643425252522,-0.897344727402,
    10.154515316464));
#3224 = CARTESIAN_POINT('',(-2.588161599548,-0.924067792838,
    10.110232645003));
#3225 = PCURVE('',#1305,#3226);
#3226 = DEFINITIONAL_REPRESENTATION('',(#3227),#3242);
#3227 = B_SPLINE_CURVE_WITH_KNOTS('',7,(#3228,#3229,#3230,#3231,#3232,
    #3233,#3234,#3235,#3236,#3237,#3238,#3239,#3240,#3241),
  .UNSPECIFIED.,.F.,.F.,(8,6,8),(0.,0.594977532553,1.),.UNSPECIFIED.);
#3228 = CARTESIAN_POINT('',(1.860780982118,0.));
#3229 = CARTESIAN_POINT('',(1.860780982118,0.100180594116));
#3230 = CARTESIAN_POINT('',(1.860029855447,0.200428972912));
#3231 = CARTESIAN_POINT('',(1.858525844632,0.300165703931));
#3232 = CARTESIAN_POINT('',(1.856298664617,0.399092671742));
#3233 = CARTESIAN_POINT('',(1.853389758831,0.496982001162));
#3234 = CARTESIAN_POINT('',(1.849853781232,0.593639445921));
#3235 = CARTESIAN_POINT('',(1.842971555819,0.753658822261));
#3236 = CARTESIAN_POINT('',(1.839922874133,0.817851631793));
#3237 = CARTESIAN_POINT('',(1.836631320177,0.881412682677));
#3238 = CARTESIAN_POINT('',(1.833115636972,0.94435060838));
#3239 = CARTESIAN_POINT('',(1.829394520467,1.006688190157));
#3240 = CARTESIAN_POINT('',(1.825486287442,1.068460089694));
#3241 = CARTESIAN_POINT('',(1.821408647903,1.129715925617));
#3242 = ( GEOMETRIC_REPRESENTATION_CONTEXT(2) 
PARAMETRIC_REPRESENTATION_CONTEXT() REPRESENTATION_CONTEXT('2D SPACE',''
  ) );
#3243 = PCURVE('',#2685,#3244);
#3244 = DEFINITIONAL_REPRESENTATION('',(#3245),#3260);
#3245 = B_SPLINE_CURVE_WITH_KNOTS('',7,(#3246,#3247,#3248,#3249,#3250,
    #3251,#3252,#3253,#3254,#3255,#3256,#3257,#3258,#3259),
  .UNSPECIFIED.,.F.,.F.,(8,6,8),(0.,0.594977532553,1.),.UNSPECIFIED.);
#3246 = CARTESIAN_POINT('',(0.620988915119,1.221245327088E-15));
#3247 = CARTESIAN_POINT('',(0.620988915119,-0.102371543709));
#3248 = CARTESIAN_POINT('',(0.635538819413,-0.204812522872));
#3249 = CARTESIAN_POINT('',(0.66467323087,-0.305051433482));
#3250 = CARTESIAN_POINT('',(0.707615335059,-0.40110026617));
#3251 = CARTESIAN_POINT('',(0.763168104574,-0.491324981833));
#3252 = CARTESIAN_POINT('',(0.829814190607,-0.574443466708));
#3253 = CARTESIAN_POINT('',(0.957551789063,-0.70067673167));
#3254 = CARTESIAN_POINT('',(1.013665825045,-0.748132833262));
#3255 = CARTESIAN_POINT('',(1.073666759578,-0.791665979346));
#3256 = CARTESIAN_POINT('',(1.137060429364,-0.831106836465));
#3257 = CARTESIAN_POINT('',(1.20336816583,-0.866351290389));
#3258 = CARTESIAN_POINT('',(1.27213914938,-0.897344727402));
#3259 = CARTESIAN_POINT('',(1.342956,-0.924067792838));
#3260 = ( GEOMETRIC_REPRESENTATION_CONTEXT(2) 
PARAMETRIC_REPRESENTATION_CONTEXT() REPRESENTATION_CONTEXT('2D SPACE',''
  ) );
#3261 = ORIENTED_EDGE('',*,*,#3262,.T.);
#3262 = EDGE_CURVE('',#3207,#3263,#3265,.T.);
#3263 = VERTEX_POINT('',#3264);
#3264 = CARTESIAN_POINT('',(-5.002189666759,-2.74107794466E-16,
    7.455529279311));
#3265 = SURFACE_CURVE('',#3266,(#3332,#3401),.PCURVE_S1.);
#3266 = B_SPLINE_CURVE_WITH_KNOTS('',8,(#3267,#3268,#3269,#3270,#3271,
    #3272,#3273,#3274,#3275,#3276,#3277,#3278,#3279,#3280,#3281,#3282,
    #3283,#3284,#3285,#3286,#3287,#3288,#3289,#3290,#3291,#3292,#3293,
    #3294,#3295,#3296,#3297,#3298,#3299,#3300,#3301,#3302,#3303,#3304,
    #3305,#3306,#3307,#3308,#3309,#3310,#3311,#3312,#3313,#3314,#3315,
    #3316,#3317,#3318,#3319,#3320,#3321,#3322,#3323,#3324,#3325,#3326,
    #3327,#3328,#3329,#3330,#3331),.UNSPECIFIED.,.F.,.F.,(9,7,7,7,7,7,7,
    7,7,9),(0.,0.13202214131,0.298116733582,0.549035461989,
    0.624331364026,0.705488798776,0.754878278588,0.786117359975,
    0.826037447803,1.),.UNSPECIFIED.);
#3267 = CARTESIAN_POINT('',(-2.926765169933,-0.652738866201,
    10.38155588091));
#3268 = CARTESIAN_POINT('',(-2.985205764401,-0.680814694075,
    10.340862672595));
#3269 = CARTESIAN_POINT('',(-3.044354310941,-0.70678864269,
    10.299273780125));
#3270 = CARTESIAN_POINT('',(-3.104018710559,-0.730902942098,
    10.256893039913));
#3271 = CARTESIAN_POINT('',(-3.164050357501,-0.753342335261,
    10.213798271167));
#3272 = CARTESIAN_POINT('',(-3.224332808215,-0.774256010379,
    10.170047505182));
#3273 = CARTESIAN_POINT('',(-3.284774145706,-0.793771749351,
    10.125682627195));
#3274 = CARTESIAN_POINT('',(-3.345303039288,-0.812002292397,
    10.080730430795));
#3275 = CARTESIAN_POINT('',(-3.482064775281,-0.850483671007,
    9.977921464464));
#3276 = CARTESIAN_POINT('',(-3.558296967097,-0.870036056675,
    9.919744761745));
#3277 = CARTESIAN_POINT('',(-3.634445971789,-0.887891481695,
    9.860705415876));
#3278 = CARTESIAN_POINT('',(-3.710406995873,-0.904200442715,
    9.800823634488));
#3279 = CARTESIAN_POINT('',(-3.786084695038,-0.919086258128,
    9.740107214502));
#3280 = CARTESIAN_POINT('',(-3.861388173167,-0.932652878147,
    9.678551114687));
#3281 = CARTESIAN_POINT('',(-3.936225841087,-0.944987774,9.616134780004)
  );
#3282 = CARTESIAN_POINT('',(-4.12270614459,-0.973037621359,
    9.457163518241));
#3283 = CARTESIAN_POINT('',(-4.233398256597,-0.987226904292,
    9.359647080395));
#3284 = CARTESIAN_POINT('',(-4.342457449806,-0.999022187157,
    9.259964224237));
#3285 = CARTESIAN_POINT('',(-4.449543812605,-1.008544174242,
    9.157825426198));
#3286 = CARTESIAN_POINT('',(-4.554073617003,-1.015872167504,
    9.052947184568));
#3287 = CARTESIAN_POINT('',(-4.655066286924,-1.020811707783,
    8.944970537056));
#3288 = CARTESIAN_POINT('',(-4.751090526341,-1.023147759327,
    8.833412765508));
#3289 = CARTESIAN_POINT('',(-4.865903300508,-1.020926753702,
    8.682195661959));
#3290 = CARTESIAN_POINT('',(-4.8916907119,-1.020050232958,8.646888865907
    ));
#3291 = CARTESIAN_POINT('',(-4.916688493347,-1.018771456125,
    8.611152528973));
#3292 = CARTESIAN_POINT('',(-4.940800566109,-1.017042897837,
    8.574970088234));
#3293 = CARTESIAN_POINT('',(-4.963909741232,-1.01480520502,
    8.538334652107));
#3294 = CARTESIAN_POINT('',(-4.985879792298,-1.011984715064,
    8.501250462414));
#3295 = CARTESIAN_POINT('',(-5.00656092669,-1.008491175843,8.4637358164)
  );
#3296 = CARTESIAN_POINT('',(-5.046533976558,-0.999607325377,
    8.384968042065));
#3297 = CARTESIAN_POINT('',(-5.065602566938,-0.99408841971,
    8.343631570724));
#3298 = CARTESIAN_POINT('',(-5.082787338472,-0.987525735743,
    8.301904628879));
#3299 = CARTESIAN_POINT('',(-5.097871646449,-0.979768595572,
    8.259911558652));
#3300 = CARTESIAN_POINT('',(-5.110660249503,-0.970649935536,
    8.217817958393));
#3301 = CARTESIAN_POINT('',(-5.121023132698,-0.960000563233,
    8.175835697161));
#3302 = CARTESIAN_POINT('',(-5.128934875212,-0.947678504946,
    8.134223280249));
#3303 = CARTESIAN_POINT('',(-5.137858172277,-0.925057029097,
    8.068356017964));
#3304 = CARTESIAN_POINT('',(-5.140359252761,-0.915852010029,
    8.043676952861));
#3305 = CARTESIAN_POINT('',(-5.142004581916,-0.905982811035,
    8.019301751636));
#3306 = CARTESIAN_POINT('',(-5.142829902534,-0.895438047711,
    7.99528748873));
#3307 = CARTESIAN_POINT('',(-5.142884037493,-0.884212467493,
    7.971684991457));
#3308 = CARTESIAN_POINT('',(-5.142225323352,-0.872306980026,
    7.948539054773));
#3309 = CARTESIAN_POINT('',(-5.140918043964,-0.859728687537,
    7.925888656051));
#3310 = CARTESIAN_POINT('',(-5.137833948778,-0.838117961103,
    7.889775224401));
#3311 = CARTESIAN_POINT('',(-5.136406141611,-0.829480513772,
    7.87599385827));
#3312 = CARTESIAN_POINT('',(-5.134762255556,-0.820581273578,
    7.862430736123));
#3313 = CARTESIAN_POINT('',(-5.132919341736,-0.811423570443,
    7.849092417518));
#3314 = CARTESIAN_POINT('',(-5.130894466627,-0.802011253217,
    7.835984459397));
#3315 = CARTESIAN_POINT('',(-5.128704489286,-0.792348579058,
    7.823111518575));
#3316 = CARTESIAN_POINT('',(-5.126365838576,-0.782440102805,
    7.810477454219));
#3317 = CARTESIAN_POINT('',(-5.120735925415,-0.75932058234,
    7.782249795634));
#3318 = CARTESIAN_POINT('',(-5.117360586991,-0.745957167413,
    7.766809693411));
#3319 = CARTESIAN_POINT('',(-5.113801360481,-0.732210018295,
    7.75177138835));
#3320 = CARTESIAN_POINT('',(-5.110089691056,-0.718089640286,
    7.737139811133));
#3321 = CARTESIAN_POINT('',(-5.10625527132,-0.703607104259,
    7.722918739953));
#3322 = CARTESIAN_POINT('',(-5.102325928929,-0.68877380365,
    7.709110982023));
#3323 = CARTESIAN_POINT('',(-5.098327514211,-0.673601211449,
    7.695718555077));
#3324 = CARTESIAN_POINT('',(-5.07666215898,-0.590552703169,
    7.626197815718));
#3325 = CARTESIAN_POINT('',(-5.058201289977,-0.516856439869,
    7.577633671208));
#3326 = CARTESIAN_POINT('',(-5.040848982217,-0.437857326936,
    7.537033919196));
#3327 = CARTESIAN_POINT('',(-5.025893877134,-0.354567339597,
    7.504469631354));
#3328 = CARTESIAN_POINT('',(-5.014170432896,-0.268066673879,
    7.48001220306));
#3329 = CARTESIAN_POINT('',(-5.006186459964,-0.179442519616,
    7.463696802493));
#3330 = CARTESIAN_POINT('',(-5.002189666759,-8.975245044833E-02,
    7.455529279311));
#3331 = CARTESIAN_POINT('',(-5.002189666759,2.22044604925E-16,
    7.455529279311));
#3332 = PCURVE('',#1305,#3333);
#3333 = DEFINITIONAL_REPRESENTATION('',(#3334),#3400);
#3334 = B_SPLINE_CURVE_WITH_KNOTS('',8,(#3335,#3336,#3337,#3338,#3339,
    #3340,#3341,#3342,#3343,#3344,#3345,#3346,#3347,#3348,#3349,#3350,
    #3351,#3352,#3353,#3354,#3355,#3356,#3357,#3358,#3359,#3360,#3361,
    #3362,#3363,#3364,#3365,#3366,#3367,#3368,#3369,#3370,#3371,#3372,
    #3373,#3374,#3375,#3376,#3377,#3378,#3379,#3380,#3381,#3382,#3383,
    #3384,#3385,#3386,#3387,#3388,#3389,#3390,#3391,#3392,#3393,#3394,
    #3395,#3396,#3397,#3398,#3399),.UNSPECIFIED.,.F.,.F.,(9,7,7,7,7,7,7,
    7,7,9),(0.,0.13202214131,0.298116733582,0.549035461989,
    0.624331364026,0.705488798776,0.754878278588,0.786117359975,
    0.826037447803,1.),.UNSPECIFIED.);
#3335 = CARTESIAN_POINT('',(1.8455842829,0.69289723489));
#3336 = CARTESIAN_POINT('',(1.851822783734,0.728606880465));
#3337 = CARTESIAN_POINT('',(1.858177804795,0.762852967917));
#3338 = CARTESIAN_POINT('',(1.864631405361,0.79583984894));
#3339 = CARTESIAN_POINT('',(1.871169741864,0.827719201912));
#3340 = CARTESIAN_POINT('',(1.877782036006,0.858611985223));
#3341 = CARTESIAN_POINT('',(1.884459924326,0.88862299498));
#3342 = CARTESIAN_POINT('',(1.891197189218,0.917848027107));
#3343 = CARTESIAN_POINT('',(1.906535618117,0.982261189888));
#3344 = CARTESIAN_POINT('',(1.915166621062,1.017032080816));
#3345 = CARTESIAN_POINT('',(1.923872943723,1.050853120906));
#3346 = CARTESIAN_POINT('',(1.932646181641,1.083862874874));
#3347 = CARTESIAN_POINT('',(1.941479070743,1.116184281058));
#3348 = CARTESIAN_POINT('',(1.950365190482,1.147935445097));
#3349 = CARTESIAN_POINT('',(1.959298761764,1.17923861408));
#3350 = CARTESIAN_POINT('',(1.981834227319,1.257041916627));
#3351 = CARTESIAN_POINT('',(1.995462689917,1.303044697308));
#3352 = CARTESIAN_POINT('',(2.009166313434,1.34878681136));
#3353 = CARTESIAN_POINT('',(2.022934354264,1.394820479027));
#3354 = CARTESIAN_POINT('',(2.036737063519,1.441746327617));
#3355 = CARTESIAN_POINT('',(2.050517028759,1.490480520007));
#3356 = CARTESIAN_POINT('',(2.064187529455,1.542234123133));
#3357 = CARTESIAN_POINT('',(2.081617124064,1.617110603824));
#3358 = CARTESIAN_POINT('',(2.085613533883,1.634906918517));
#3359 = CARTESIAN_POINT('',(2.08957863681,1.653289850855));
#3360 = CARTESIAN_POINT('',(2.093505643172,1.672337025099));
#3361 = CARTESIAN_POINT('',(2.09738550333,1.692133042731));
#3362 = CARTESIAN_POINT('',(2.101206957009,1.712769535544));
#3363 = CARTESIAN_POINT('',(2.104956771202,1.734342846718));
#3364 = CARTESIAN_POINT('',(2.112568745043,1.781315672561));
#3365 = CARTESIAN_POINT('',(2.116418840244,1.806893941802));
#3366 = CARTESIAN_POINT('',(2.120147792521,1.833782030853));
#3367 = CARTESIAN_POINT('',(2.123730637878,1.862063932901));
#3368 = CARTESIAN_POINT('',(2.127141516626,1.891799512651));
#3369 = CARTESIAN_POINT('',(2.130356898701,1.923000701243));
#3370 = CARTESIAN_POINT('',(2.133358804174,1.955605000767));
#3371 = CARTESIAN_POINT('',(2.137826418509,2.010058383396));
#3372 = CARTESIAN_POINT('',(2.139433886387,2.031126480018));
#3373 = CARTESIAN_POINT('',(2.140956237435,2.052629617177));
#3374 = CARTESIAN_POINT('',(2.142392818847,2.074532862281));
#3375 = CARTESIAN_POINT('',(2.14374439957,2.096799142994));
#3376 = CARTESIAN_POINT('',(2.145012881249,2.119390192769));
#3377 = CARTESIAN_POINT('',(2.146201009167,2.142267496379));
#3378 = CARTESIAN_POINT('',(2.148014842801,2.180020375648));
#3379 = CARTESIAN_POINT('',(2.148686826063,2.194747990291));
#3380 = CARTESIAN_POINT('',(2.149328906813,2.209567419412));
#3381 = CARTESIAN_POINT('',(2.149942047137,2.224470491942));
#3382 = CARTESIAN_POINT('',(2.150527273342,2.239449573917));
#3383 = CARTESIAN_POINT('',(2.151085651933,2.254497616674));
#3384 = CARTESIAN_POINT('',(2.151618265598,2.269608205058));
#3385 = CARTESIAN_POINT('',(2.152775259285,2.304157864503));
#3386 = CARTESIAN_POINT('',(2.153383998302,2.323632559096));
#3387 = CARTESIAN_POINT('',(2.153954681432,2.343188027938));
#3388 = CARTESIAN_POINT('',(2.15448954093,2.362813851279));
#3389 = CARTESIAN_POINT('',(2.154990745019,2.382500861048));
#3390 = CARTESIAN_POINT('',(2.155460376805,2.402241150831));
#3391 = CARTESIAN_POINT('',(2.155900413197,2.422028085834));
#3392 = CARTESIAN_POINT('',(2.158109371444,2.528263161318));
#3393 = CARTESIAN_POINT('',(2.159377045227,2.615351766859));
#3394 = CARTESIAN_POINT('',(2.160274914963,2.702825021102));
#3395 = CARTESIAN_POINT('',(2.160906341765,2.790489702609));
#3396 = CARTESIAN_POINT('',(2.161338224118,2.878230676903));
#3397 = CARTESIAN_POINT('',(2.161612242781,2.96599054982));
#3398 = CARTESIAN_POINT('',(2.161749418785,3.053761079663));
#3399 = CARTESIAN_POINT('',(2.161749418785,3.14159265359));
#3400 = ( GEOMETRIC_REPRESENTATION_CONTEXT(2) 
PARAMETRIC_REPRESENTATION_CONTEXT() REPRESENTATION_CONTEXT('2D SPACE',''
  ) );
#3401 = PCURVE('',#1592,#3402);
#3402 = DEFINITIONAL_REPRESENTATION('',(#3403),#3469);
#3403 = B_SPLINE_CURVE_WITH_KNOTS('',8,(#3404,#3405,#3406,#3407,#3408,
    #3409,#3410,#3411,#3412,#3413,#3414,#3415,#3416,#3417,#3418,#3419,
    #3420,#3421,#3422,#3423,#3424,#3425,#3426,#3427,#3428,#3429,#3430,
    #3431,#3432,#3433,#3434,#3435,#3436,#3437,#3438,#3439,#3440,#3441,
    #3442,#3443,#3444,#3445,#3446,#3447,#3448,#3449,#3450,#3451,#3452,
    #3453,#3454,#3455,#3456,#3457,#3458,#3459,#3460,#3461,#3462,#3463,
    #3464,#3465,#3466,#3467,#3468),.UNSPECIFIED.,.F.,.F.,(9,7,7,7,7,7,7,
    7,7,9),(0.,0.13202214131,0.298116733582,0.549035461989,
    0.624331364026,0.705488798776,0.754878278588,0.786117359975,
    0.826037447803,1.),.UNSPECIFIED.);
#3404 = CARTESIAN_POINT('',(5.660454392508,3.780237665172));
#3405 = CARTESIAN_POINT('',(5.629569816776,3.711938087526));
#3406 = CARTESIAN_POINT('',(5.600214716355,3.642496849576));
#3407 = CARTESIAN_POINT('',(5.572213080972,3.572115104519));
#3408 = CARTESIAN_POINT('',(5.545438872903,3.500946505525));
#3409 = CARTESIAN_POINT('',(5.519796218477,3.429109152353));
#3410 = CARTESIAN_POINT('',(5.495206725808,3.356693208023));
#3411 = CARTESIAN_POINT('',(5.471603928776,3.283764185546));
#3412 = CARTESIAN_POINT('',(5.420415321403,3.118015864934));
#3413 = CARTESIAN_POINT('',(5.393381352917,3.024947306286));
#3414 = CARTESIAN_POINT('',(5.367730820405,2.93125758102));
#3415 = CARTESIAN_POINT('',(5.343398822902,2.837027987343));
#3416 = CARTESIAN_POINT('',(5.32034728105,2.742324229773));
#3417 = CARTESIAN_POINT('',(5.298560046755,2.647199212755));
#3418 = CARTESIAN_POINT('',(5.278043531307,2.551694167529));
#3419 = CARTESIAN_POINT('',(5.229811321761,2.311028584301));
#3420 = CARTESIAN_POINT('',(5.203829269512,2.165712082372));
#3421 = CARTESIAN_POINT('',(5.180928764752,2.019726047942));
#3422 = CARTESIAN_POINT('',(5.161389373258,1.873057095273));
#3423 = CARTESIAN_POINT('',(5.145673742383,1.725848999393));
#3424 = CARTESIAN_POINT('',(5.134659745828,1.578434801952));
#3425 = CARTESIAN_POINT('',(5.129585307318,1.431332809579));
#3426 = CARTESIAN_POINT('',(5.134442201182,1.24153298405));
#3427 = CARTESIAN_POINT('',(5.136355793478,1.197855272262));
#3428 = CARTESIAN_POINT('',(5.139137818276,1.154336123373));
#3429 = CARTESIAN_POINT('',(5.142875324346,1.111022691355));
#3430 = CARTESIAN_POINT('',(5.147668121634,1.067982877924));
#3431 = CARTESIAN_POINT('',(5.15362782698,1.025305177393));
#3432 = CARTESIAN_POINT('',(5.160874348965,0.983097535676));
#3433 = CARTESIAN_POINT('',(5.178859073506,0.896633532725));
#3434 = CARTESIAN_POINT('',(5.189829552673,0.852451780742));
#3435 = CARTESIAN_POINT('',(5.202587303136,0.809143291322));
#3436 = CARTESIAN_POINT('',(5.217268400786,0.766940568545));
#3437 = CARTESIAN_POINT('',(5.233984046146,0.726094928005));
#3438 = CARTESIAN_POINT('',(5.252790115645,0.68685300686));
#3439 = CARTESIAN_POINT('',(5.273655638585,0.649432431971));
#3440 = CARTESIAN_POINT('',(5.31031326117,0.592451460321));
#3441 = CARTESIAN_POINT('',(5.324897420518,0.571628593983));
#3442 = CARTESIAN_POINT('',(5.340168947805,0.551577967336));
#3443 = CARTESIAN_POINT('',(5.356092008856,0.53232176939));
#3444 = CARTESIAN_POINT('',(5.372624991141,0.513869134915));
#3445 = CARTESIAN_POINT('',(5.389722352636,0.496218542155));
#3446 = CARTESIAN_POINT('',(5.407336470695,0.47936021055));
#3447 = CARTESIAN_POINT('',(5.436857087391,0.453106738893));
#3448 = CARTESIAN_POINT('',(5.448483117295,0.443244940274));
#3449 = CARTESIAN_POINT('',(5.4602861735,0.433688570517));
#3450 = CARTESIAN_POINT('',(5.472255141838,0.424432086253));
#3451 = CARTESIAN_POINT('',(5.48437930764,0.415469152093));
#3452 = CARTESIAN_POINT('',(5.496648462268,0.406792859912));
#3453 = CARTESIAN_POINT('',(5.509053009654,0.398395948133));
#3454 = CARTESIAN_POINT('',(5.537597384387,0.379888263564));
#3455 = CARTESIAN_POINT('',(5.553817017396,0.369949845765));
#3456 = CARTESIAN_POINT('',(5.570224633186,0.360439967705));
#3457 = CARTESIAN_POINT('',(5.586803333156,0.351342814097));
#3458 = CARTESIAN_POINT('',(5.603537698768,0.342642766188));
#3459 = CARTESIAN_POINT('',(5.620413831518,0.334324613668));
#3460 = CARTESIAN_POINT('',(5.637419392919,0.326373766588));
#3461 = CARTESIAN_POINT('',(5.729167190388,0.28566918595));
#3462 = CARTESIAN_POINT('',(5.805956136223,0.259314788431));
#3463 = CARTESIAN_POINT('',(5.884139419045,0.238482401091));
#3464 = CARTESIAN_POINT('',(5.963221605921,0.222421682665));
#3465 = CARTESIAN_POINT('',(6.04286805174,0.21066655104));
#3466 = CARTESIAN_POINT('',(6.122844209161,0.202926910263));
#3467 = CARTESIAN_POINT('',(6.202986893726,0.199052430051));
#3468 = CARTESIAN_POINT('',(6.28318530718,0.199052430051));
#3469 = ( GEOMETRIC_REPRESENTATION_CONTEXT(2) 
PARAMETRIC_REPRESENTATION_CONTEXT() REPRESENTATION_CONTEXT('2D SPACE',''
  ) );
#3470 = ORIENTED_EDGE('',*,*,#3471,.T.);
#3471 = EDGE_CURVE('',#3263,#3472,#3474,.T.);
#3472 = VERTEX_POINT('',#3473);
#3473 = CARTESIAN_POINT('',(-2.926765683323,0.652739112843,
    10.381555523427));
#3474 = SURFACE_CURVE('',#3475,(#3538,#3604),.PCURVE_S1.);
#3475 = B_SPLINE_CURVE_WITH_KNOTS('',7,(#3476,#3477,#3478,#3479,#3480,
    #3481,#3482,#3483,#3484,#3485,#3486,#3487,#3488,#3489,#3490,#3491,
    #3492,#3493,#3494,#3495,#3496,#3497,#3498,#3499,#3500,#3501,#3502,
    #3503,#3504,#3505,#3506,#3507,#3508,#3509,#3510,#3511,#3512,#3513,
    #3514,#3515,#3516,#3517,#3518,#3519,#3520,#3521,#3522,#3523,#3524,
    #3525,#3526,#3527,#3528,#3529,#3530,#3531,#3532,#3533,#3534,#3535,
    #3536,#3537),.UNSPECIFIED.,.F.,.F.,(8,6,6,6,6,6,6,6,6,6,8),(0.,
    0.173973934124,0.21389791694,0.245139289958,0.294529028726,
    0.358042279065,0.397535884627,0.541338314927,0.701613452883,
    0.864176856255,1.),.UNSPECIFIED.);
#3476 = CARTESIAN_POINT('',(-5.002189666759,2.768111160999E-16,
    7.455529279311));
#3477 = CARTESIAN_POINT('',(-5.002189666759,0.102568813791,
    7.455529279311));
#3478 = CARTESIAN_POINT('',(-5.007518162382,0.205054642746,7.46641816022
    ));
#3479 = CARTESIAN_POINT('',(-5.018159803657,0.305851887035,
    7.488164564039));
#3480 = CARTESIAN_POINT('',(-5.033623109369,0.403247059839,
    7.520764589342));
#3481 = CARTESIAN_POINT('',(-5.05288181091,0.495483719811,7.56412705247)
  );
#3482 = CARTESIAN_POINT('',(-5.074138166421,0.580876419476,
    7.618103136174));
#3483 = CARTESIAN_POINT('',(-5.098897888361,0.675787870878,
    7.697547783683));
#3484 = CARTESIAN_POINT('',(-5.103458912989,0.693065793432,7.71293173957
    ));
#3485 = CARTESIAN_POINT('',(-5.107921555985,0.709888349742,
    7.728869076736));
#3486 = CARTESIAN_POINT('',(-5.112243627017,0.726237118368,
    7.745356325019));
#3487 = CARTESIAN_POINT('',(-5.1163790563,0.7420939988,7.762388314953));
#3488 = CARTESIAN_POINT('',(-5.120278193965,0.757441859309,
    7.779957693923));
#3489 = CARTESIAN_POINT('',(-5.12671294574,0.783864754997,7.812215536179
    ));
#3490 = CARTESIAN_POINT('',(-5.129360640353,0.795142951349,
    7.826699330629));
#3491 = CARTESIAN_POINT('',(-5.131805956511,0.806092187285,
    7.841500765602));
#3492 = CARTESIAN_POINT('',(-5.134022351475,0.816705250052,
    7.856613391233));
#3493 = CARTESIAN_POINT('',(-5.13598257027,0.82697559564,7.872029094646)
  );
#3494 = CARTESIAN_POINT('',(-5.137659239434,0.836897643709,7.88773782673
    ));
#3495 = CARTESIAN_POINT('',(-5.141185331063,0.86159545973,7.929005262));
#3496 = CARTESIAN_POINT('',(-5.142569625969,0.87584475452,7.954988306914
    ));
#3497 = CARTESIAN_POINT('',(-5.143071715048,0.889193639171,
    7.981623098303));
#3498 = CARTESIAN_POINT('',(-5.14258971902,0.901633231272,8.008845068872
    ));
#3499 = CARTESIAN_POINT('',(-5.141036016319,0.913167005001,
    8.036577875606));
#3500 = CARTESIAN_POINT('',(-5.138346749668,0.923810712413,
    8.064732825973));
#3501 = CARTESIAN_POINT('',(-5.129533418893,0.946171045523,
    8.129826642638));
#3502 = CARTESIAN_POINT('',(-5.12264540555,0.957328365834,8.166988172286
    ));
#3503 = CARTESIAN_POINT('',(-5.113759218522,0.967117962703,
    8.204470559995));
#3504 = CARTESIAN_POINT('',(-5.102893322948,0.975646206849,
    8.242075314337));
#3505 = CARTESIAN_POINT('',(-5.090140690285,0.983038666322,
    8.279634598378));
#3506 = CARTESIAN_POINT('',(-5.075645478296,0.989419536876,
    8.317013020884));
#3507 = CARTESIAN_POINT('',(-5.0495714416,0.998314297328,8.377168451945)
  );
#3508 = CARTESIAN_POINT('',(-5.038960600917,1.001378744706,
    8.400126716839));
#3509 = CARTESIAN_POINT('',(-5.027772240753,1.004125651827,
    8.422958900535));
#3510 = CARTESIAN_POINT('',(-5.016044046523,1.006581416171,
    8.445649938509));
#3511 = CARTESIAN_POINT('',(-5.003813446937,1.008770280895,
    8.468189463538));
#3512 = CARTESIAN_POINT('',(-4.991116010725,1.010714113655,
    8.490571267476));
#3513 = CARTESIAN_POINT('',(-4.930167556309,1.018687954994,
    8.593704723841));
#3514 = CARTESIAN_POINT('',(-4.876660701828,1.02194147262,8.672368022275
    ));
#3515 = CARTESIAN_POINT('',(-4.818925597035,1.023161939266,
    8.748895931482));
#3516 = CARTESIAN_POINT('',(-4.758085090502,1.022797148855,
    8.823459490942));
#3517 = CARTESIAN_POINT('',(-4.694865029723,1.021117789477,
    8.896223091735));
#3518 = CARTESIAN_POINT('',(-4.629730484311,1.018274447977,8.96741253437
    ));
#3519 = CARTESIAN_POINT('',(-4.488390136752,1.00994105725,9.115213349647
    ));
#3520 = CARTESIAN_POINT('',(-4.411891809932,1.004192553947,
    9.191386457456));
#3521 = CARTESIAN_POINT('',(-4.333846036443,0.997193638571,
    9.266069102745));
#3522 = CARTESIAN_POINT('',(-4.254555007135,0.988952627219,
    9.339404398214));
#3523 = CARTESIAN_POINT('',(-4.174239441587,0.979432666937,
    9.411491498085));
#3524 = CARTESIAN_POINT('',(-4.093073976584,0.968570746289,
    9.482412010365));
#3525 = CARTESIAN_POINT('',(-3.928135535093,0.943780596231,9.62304412278
    ));
#3526 = CARTESIAN_POINT('',(-3.844361107809,0.929813840053,
    9.692708220302));
#3527 = CARTESIAN_POINT('',(-3.760012969892,0.914260032754,
    9.761283031203));
#3528 = CARTESIAN_POINT('',(-3.675226644324,0.896982179934,
    9.828792440079));
#3529 = CARTESIAN_POINT('',(-3.590139050619,0.877814085251,
    9.895234902027));
#3530 = CARTESIAN_POINT('',(-3.504900596117,0.856547922819,
    9.960587313367));
#3531 = CARTESIAN_POINT('',(-3.348489428401,0.813150792317,
    10.078452092488));
#3532 = CARTESIAN_POINT('',(-3.27732950775,0.791742522759,
    10.131293167496));
#3533 = CARTESIAN_POINT('',(-3.206292425938,0.768516196872,
    10.183309159297));
#3534 = CARTESIAN_POINT('',(-3.135508202839,0.743271700223,
    10.234448278447));
#3535 = CARTESIAN_POINT('',(-3.065151603692,0.715777680401,
    10.284626947702));
#3536 = CARTESIAN_POINT('',(-2.995459494947,0.685740755771,
    10.333722820632));
#3537 = CARTESIAN_POINT('',(-2.926765169933,0.652738866201,
    10.38155588091));
#3538 = PCURVE('',#1305,#3539);
#3539 = DEFINITIONAL_REPRESENTATION('',(#3540),#3603);
#3540 = B_SPLINE_CURVE_WITH_KNOTS('',7,(#3541,#3542,#3543,#3544,#3545,
    #3546,#3547,#3548,#3549,#3550,#3551,#3552,#3553,#3554,#3555,#3556,
    #3557,#3558,#3559,#3560,#3561,#3562,#3563,#3564,#3565,#3566,#3567,
    #3568,#3569,#3570,#3571,#3572,#3573,#3574,#3575,#3576,#3577,#3578,
    #3579,#3580,#3581,#3582,#3583,#3584,#3585,#3586,#3587,#3588,#3589,
    #3590,#3591,#3592,#3593,#3594,#3595,#3596,#3597,#3598,#3599,#3600,
    #3601,#3602),.UNSPECIFIED.,.F.,.F.,(8,6,6,6,6,6,6,6,6,6,8),(0.,
    0.173973934124,0.21389791694,0.245139289958,0.294529028726,
    0.358042279065,0.397535884627,0.541338314927,0.701613452883,
    0.864176856255,1.),.UNSPECIFIED.);
#3541 = CARTESIAN_POINT('',(2.161749418785,3.14159265359));
#3542 = CARTESIAN_POINT('',(2.161749418785,3.241966295826));
#3543 = CARTESIAN_POINT('',(2.161566536824,3.342258731547));
#3544 = CARTESIAN_POINT('',(2.16120130456,3.442550375442));
#3545 = CARTESIAN_POINT('',(2.160611557868,3.542804582773));
#3546 = CARTESIAN_POINT('',(2.159714278276,3.642892733316));
#3547 = CARTESIAN_POINT('',(2.158366458525,3.742547284582));
#3548 = CARTESIAN_POINT('',(2.155842317257,3.863953699169));
#3549 = CARTESIAN_POINT('',(2.155334197437,3.886559126878));
#3550 = CARTESIAN_POINT('',(2.154786128992,3.909100947985));
#3551 = CARTESIAN_POINT('',(2.154194898353,3.93156803688));
#3552 = CARTESIAN_POINT('',(2.153557093588,3.953946731884));
#3553 = CARTESIAN_POINT('',(2.152869160593,3.97622086178));
#3554 = CARTESIAN_POINT('',(2.151547062077,4.015705335072));
#3555 = CARTESIAN_POINT('',(2.15093375032,4.032963169196));
#3556 = CARTESIAN_POINT('',(2.15028580448,4.050136103962));
#3557 = CARTESIAN_POINT('',(2.149601489313,4.067213605443));
#3558 = CARTESIAN_POINT('',(2.148879117881,4.084183905003));
#3559 = CARTESIAN_POINT('',(2.14811711558,4.101034127751));
#3560 = CARTESIAN_POINT('',(2.146044565324,4.144177343888));
#3561 = CARTESIAN_POINT('',(2.144672337146,4.170273152611));
#3562 = CARTESIAN_POINT('',(2.143192120434,4.195977367367));
#3563 = CARTESIAN_POINT('',(2.141599744044,4.22122810921));
#3564 = CARTESIAN_POINT('',(2.139892915493,4.245964620612));
#3565 = CARTESIAN_POINT('',(2.138071991558,4.270129786053));
#3566 = CARTESIAN_POINT('',(2.133657247182,4.323947847693));
#3567 = CARTESIAN_POINT('',(2.130990429183,4.353204745378));
#3568 = CARTESIAN_POINT('',(2.128148426068,4.381327004044));
#3569 = CARTESIAN_POINT('',(2.125144958157,4.408264910604));
#3570 = CARTESIAN_POINT('',(2.121997836057,4.434019974124));
#3571 = CARTESIAN_POINT('',(2.118726925153,4.458628847691));
#3572 = CARTESIAN_POINT('',(2.113252723034,4.496770298471));
#3573 = CARTESIAN_POINT('',(2.111113018422,4.510975408245));
#3574 = CARTESIAN_POINT('',(2.108936634787,4.524778387037));
#3575 = CARTESIAN_POINT('',(2.10672753273,4.538198430786));
#3576 = CARTESIAN_POINT('',(2.104489365119,4.551256501356));
#3577 = CARTESIAN_POINT('',(2.102225383952,4.563974375725));
#3578 = CARTESIAN_POINT('',(2.091610886732,4.621521567685));
#3579 = CARTESIAN_POINT('',(2.082990465604,4.662377583652));
#3580 = CARTESIAN_POINT('',(2.074189776082,4.700143066806));
#3581 = CARTESIAN_POINT('',(2.065289137098,4.735650869473));
#3582 = CARTESIAN_POINT('',(2.056336964357,4.769481492359));
#3583 = CARTESIAN_POINT('',(2.047357458419,4.802102017094));
#3584 = CARTESIAN_POINT('',(2.028314824111,4.869372655914));
#3585 = CARTESIAN_POINT('',(2.018261625237,4.903770786595));
#3586 = CARTESIAN_POINT('',(2.008214922348,4.937598976285));
#3587 = CARTESIAN_POINT('',(1.998190682263,4.971175325533));
#3588 = CARTESIAN_POINT('',(1.988200763072,5.004740262992));
#3589 = CARTESIAN_POINT('',(1.978254279375,5.038507228608));
#3590 = CARTESIAN_POINT('',(1.958320080314,5.107321419581));
#3591 = CARTESIAN_POINT('',(1.948336095774,5.142372845131));
#3592 = CARTESIAN_POINT('',(1.938413810194,5.17802487008));
#3593 = CARTESIAN_POINT('',(1.92856208796,5.214456710011));
#3594 = CARTESIAN_POINT('',(1.91879099365,5.251844219802));
#3595 = CARTESIAN_POINT('',(1.90911238061,5.290383380235));
#3596 = CARTESIAN_POINT('',(1.891543651011,5.363686848082));
#3597 = CARTESIAN_POINT('',(1.883623478405,5.398020519208));
#3598 = CARTESIAN_POINT('',(1.875786829758,5.433469020455));
#3599 = CARTESIAN_POINT('',(1.868045212918,5.470200705541));
#3600 = CARTESIAN_POINT('',(1.860414712286,5.508402588403));
#3601 = CARTESIAN_POINT('',(1.852917363745,5.548312968827));
#3602 = CARTESIAN_POINT('',(1.8455842829,5.590288072289));
#3603 = ( GEOMETRIC_REPRESENTATION_CONTEXT(2) 
PARAMETRIC_REPRESENTATION_CONTEXT() REPRESENTATION_CONTEXT('2D SPACE',''
  ) );
#3604 = PCURVE('',#1592,#3605);
#3605 = DEFINITIONAL_REPRESENTATION('',(#3606),#3669);
#3606 = B_SPLINE_CURVE_WITH_KNOTS('',7,(#3607,#3608,#3609,#3610,#3611,
    #3612,#3613,#3614,#3615,#3616,#3617,#3618,#3619,#3620,#3621,#3622,
    #3623,#3624,#3625,#3626,#3627,#3628,#3629,#3630,#3631,#3632,#3633,
    #3634,#3635,#3636,#3637,#3638,#3639,#3640,#3641,#3642,#3643,#3644,
    #3645,#3646,#3647,#3648,#3649,#3650,#3651,#3652,#3653,#3654,#3655,
    #3656,#3657,#3658,#3659,#3660,#3661,#3662,#3663,#3664,#3665,#3666,
    #3667,#3668),.UNSPECIFIED.,.F.,.F.,(8,6,6,6,6,6,6,6,6,6,8),(0.,
    0.173973934124,0.21389791694,0.245139289958,0.294529028726,
    0.358042279065,0.397535884627,0.541338314927,0.701613452883,
    0.864176856255,1.),.UNSPECIFIED.);
#3607 = CARTESIAN_POINT('',(0.,0.199052430051));
#3608 = CARTESIAN_POINT('',(9.165049082009E-02,0.199052430051));
#3609 = CARTESIAN_POINT('',(0.18322684616,0.204217857651));
#3610 = CARTESIAN_POINT('',(0.274551639861,0.214533840407));
#3611 = CARTESIAN_POINT('',(0.365342857627,0.230304663155));
#3612 = CARTESIAN_POINT('',(0.455163125859,0.252100907238));
#3613 = CARTESIAN_POINT('',(0.543330162778,0.280930590192));
#3614 = CARTESIAN_POINT('',(0.648181186011,0.32744458749));
#3615 = CARTESIAN_POINT('',(0.667593370929,0.336597765565));
#3616 = CARTESIAN_POINT('',(0.686830149951,0.346244307466));
#3617 = CARTESIAN_POINT('',(0.705871145321,0.356407887317));
#3618 = CARTESIAN_POINT('',(0.724692886404,0.367113279017));
#3619 = CARTESIAN_POINT('',(0.743268916163,0.378385791465));
#3620 = CARTESIAN_POINT('',(0.775890808224,0.399535252197));
#3621 = CARTESIAN_POINT('',(0.790043068014,0.409182396819));
#3622 = CARTESIAN_POINT('',(0.804012477313,0.419203969758));
#3623 = CARTESIAN_POINT('',(0.817783398405,0.429611535217));
#3624 = CARTESIAN_POINT('',(0.831339039474,0.440415804993));
#3625 = CARTESIAN_POINT('',(0.844661738533,0.451626053994));
#3626 = CARTESIAN_POINT('',(0.87839810116,0.481625191856));
#3627 = CARTESIAN_POINT('',(0.898437970681,0.501036076254));
#3628 = CARTESIAN_POINT('',(0.917776320679,0.521507221326));
#3629 = CARTESIAN_POINT('',(0.936337071989,0.543051946814));
#3630 = CARTESIAN_POINT('',(0.954049529958,0.565665467461));
#3631 = CARTESIAN_POINT('',(0.970853312891,0.589318500651));
#3632 = CARTESIAN_POINT('',(1.007085711843,0.645627131876));
#3633 = CARTESIAN_POINT('',(1.025898159698,0.678934197776));
#3634 = CARTESIAN_POINT('',(1.04303791173,0.713741136323));
#3635 = CARTESIAN_POINT('',(1.05847924813,0.749881503419));
#3636 = CARTESIAN_POINT('',(1.072257438283,0.787166187199));
#3637 = CARTESIAN_POINT('',(1.084449484674,0.825399388148));
#3638 = CARTESIAN_POINT('',(1.101806377724,0.888647567474));
#3639 = CARTESIAN_POINT('',(1.107886552205,0.913198701006));
#3640 = CARTESIAN_POINT('',(1.113416629338,0.938012574235));
#3641 = CARTESIAN_POINT('',(1.118423426902,0.963053866026));
#3642 = CARTESIAN_POINT('',(1.122934852765,0.98829108142));
#3643 = CARTESIAN_POINT('',(1.1269786691,1.013697134163));
#3644 = CARTESIAN_POINT('',(1.143698844321,1.132291675603));
#3645 = CARTESIAN_POINT('',(1.150946967047,1.227137007266));
#3646 = CARTESIAN_POINT('',(1.153677256265,1.322959914315));
#3647 = CARTESIAN_POINT('',(1.15284725657,1.419191740176));
#3648 = CARTESIAN_POINT('',(1.149106541747,1.515506889816));
#3649 = CARTESIAN_POINT('',(1.142919706832,1.611790758256));
#3650 = CARTESIAN_POINT('',(1.125295657666,1.815512626901));
#3651 = CARTESIAN_POINT('',(1.113353941554,1.922791535851));
#3652 = CARTESIAN_POINT('',(1.099206141196,2.029874964051));
#3653 = CARTESIAN_POINT('',(1.083113877647,2.136685629224));
#3654 = CARTESIAN_POINT('',(1.065242082957,2.243162890039));
#3655 = CARTESIAN_POINT('',(1.045699343264,2.349261228702));
#3656 = CARTESIAN_POINT('',(1.00305974729,2.562145011888));
#3657 = CARTESIAN_POINT('',(0.979921368879,2.668894293792));
#3658 = CARTESIAN_POINT('',(0.955168488616,2.775152272878));
#3659 = CARTESIAN_POINT('',(0.928801480393,2.880852843838));
#3660 = CARTESIAN_POINT('',(0.900782637562,2.985909183566));
#3661 = CARTESIAN_POINT('',(0.871031490652,3.090209210935));
#3662 = CARTESIAN_POINT('',(0.812973324711,3.279993739424));
#3663 = CARTESIAN_POINT('',(0.785240736632,3.365726755877));
#3664 = CARTESIAN_POINT('',(0.756114282863,3.450739085891));
#3665 = CARTESIAN_POINT('',(0.725475162308,3.53490901124));
#3666 = CARTESIAN_POINT('',(0.693180168259,3.618062027478));
#3667 = CARTESIAN_POINT('',(0.659034362687,3.699954543007));
#3668 = CARTESIAN_POINT('',(0.622730914672,3.780237665172));
#3669 = ( GEOMETRIC_REPRESENTATION_CONTEXT(2) 
PARAMETRIC_REPRESENTATION_CONTEXT() REPRESENTATION_CONTEXT('2D SPACE',''
  ) );
#3670 = ORIENTED_EDGE('',*,*,#3671,.T.);
#3671 = EDGE_CURVE('',#3472,#3183,#3672,.T.);
#3672 = SURFACE_CURVE('',#3673,(#3688,#3706),.PCURVE_S1.);
#3673 = B_SPLINE_CURVE_WITH_KNOTS('',7,(#3674,#3675,#3676,#3677,#3678,
    #3679,#3680,#3681,#3682,#3683,#3684,#3685,#3686,#3687),
  .UNSPECIFIED.,.F.,.F.,(8,6,8),(0.,0.405014648751,1.),.UNSPECIFIED.);
#3674 = CARTESIAN_POINT('',(-2.588161599548,0.924067792838,
    10.110232645003));
#3675 = CARTESIAN_POINT('',(-2.643424184209,0.897345243991,
    10.154514460427));
#3676 = CARTESIAN_POINT('',(-2.697090288257,0.866352488749,
    10.197517018641));
#3677 = CARTESIAN_POINT('',(-2.748834218054,0.83110888067,
    10.238979341886));
#3678 = CARTESIAN_POINT('',(-2.798304186549,0.791669029566,
    10.278619543793));
#3679 = CARTESIAN_POINT('',(-2.845126675648,0.748137041631,
    10.316138324948));
#3680 = CARTESIAN_POINT('',(-2.888916076096,0.700682236652,
    10.351226697308));
#3681 = CARTESIAN_POINT('',(-2.988600195869,0.574450026265,
    10.431103413526));
#3682 = CARTESIAN_POINT('',(-3.040610346711,0.491330911457,
    10.472779059243));
#3683 = CARTESIAN_POINT('',(-3.083963387894,0.401105317116,
    10.507517777663));
#3684 = CARTESIAN_POINT('',(-3.117475165412,0.305055393598,
    10.534370708189));
#3685 = CARTESIAN_POINT('',(-3.140211517372,0.204815227434,
    10.552589308478));
#3686 = CARTESIAN_POINT('',(-3.151566186001,0.102372880417,
    10.561687785205));
#3687 = CARTESIAN_POINT('',(-3.151566186001,1.172582895804E-15,
    10.561687785205));
#3688 = PCURVE('',#1305,#3689);
#3689 = DEFINITIONAL_REPRESENTATION('',(#3690),#3705);
#3690 = B_SPLINE_CURVE_WITH_KNOTS('',7,(#3691,#3692,#3693,#3694,#3695,
    #3696,#3697,#3698,#3699,#3700,#3701,#3702,#3703,#3704),
  .UNSPECIFIED.,.F.,.F.,(8,6,8),(0.,0.405014648751,1.),.UNSPECIFIED.);
#3691 = CARTESIAN_POINT('',(1.821408647903,5.153469381562));
#3692 = CARTESIAN_POINT('',(1.825486208616,5.214724033336));
#3693 = CARTESIAN_POINT('',(1.829394369352,5.276494728583));
#3694 = CARTESIAN_POINT('',(1.833115421142,5.338831083136));
#3695 = CARTESIAN_POINT('',(1.836631048284,5.401767757082));
#3696 = CARTESIAN_POINT('',(1.839922555936,5.465327530909));
#3697 = CARTESIAN_POINT('',(1.842971202166,5.529519038442));
#3698 = CARTESIAN_POINT('',(1.849853502221,5.689538233624));
#3699 = CARTESIAN_POINT('',(1.853389567712,5.786196873159));
#3700 = CARTESIAN_POINT('',(1.856298547441,5.884087432146));
#3701 = CARTESIAN_POINT('',(1.858525784996,5.983015663006));
#3702 = CARTESIAN_POINT('',(1.860029835819,6.082753687703));
#3703 = CARTESIAN_POINT('',(1.860780982118,6.183003404964));
#3704 = CARTESIAN_POINT('',(1.860780982118,6.28318530718));
#3705 = ( GEOMETRIC_REPRESENTATION_CONTEXT(2) 
PARAMETRIC_REPRESENTATION_CONTEXT() REPRESENTATION_CONTEXT('2D SPACE',''
  ) );
#3706 = PCURVE('',#2685,#3707);
#3707 = DEFINITIONAL_REPRESENTATION('',(#3708),#3723);
#3708 = B_SPLINE_CURVE_WITH_KNOTS('',7,(#3709,#3710,#3711,#3712,#3713,
    #3714,#3715,#3716,#3717,#3718,#3719,#3720,#3721,#3722),
  .UNSPECIFIED.,.F.,.F.,(8,6,8),(0.,0.405014648751,1.),.UNSPECIFIED.);
#3709 = CARTESIAN_POINT('',(1.342956,0.924067792838));
#3710 = CARTESIAN_POINT('',(1.272140518355,0.897345243991));
#3711 = CARTESIAN_POINT('',(1.203370824909,0.866352488749));
#3712 = CARTESIAN_POINT('',(1.13706427531,0.83110888067));
#3713 = CARTESIAN_POINT('',(1.073671662254,0.791669029566));
#3714 = CARTESIAN_POINT('',(1.01367162538,0.748137041631));
#3715 = CARTESIAN_POINT('',(0.957558298385,0.700682236652));
#3716 = CARTESIAN_POINT('',(0.829819449444,0.574450026265));
#3717 = CARTESIAN_POINT('',(0.763171754537,0.491330911457));
#3718 = CARTESIAN_POINT('',(0.707617594141,0.401105317116));
#3719 = CARTESIAN_POINT('',(0.664674386177,0.305055393598));
#3720 = CARTESIAN_POINT('',(0.635539199599,0.204815227434));
#3721 = CARTESIAN_POINT('',(0.620988915119,0.102372880417));
#3722 = CARTESIAN_POINT('',(0.620988915119,1.172582895804E-15));
#3723 = ( GEOMETRIC_REPRESENTATION_CONTEXT(2) 
PARAMETRIC_REPRESENTATION_CONTEXT() REPRESENTATION_CONTEXT('2D SPACE',''
  ) );
#3724 = ORIENTED_EDGE('',*,*,#3182,.F.);
#3725 = ORIENTED_EDGE('',*,*,#3726,.T.);
#3726 = EDGE_CURVE('',#2927,#2899,#3727,.T.);
#3727 = SURFACE_CURVE('',#3728,(#3808,#3891),.PCURVE_S1.);
#3728 = B_SPLINE_CURVE_WITH_KNOTS('',8,(#3729,#3730,#3731,#3732,#3733,
    #3734,#3735,#3736,#3737,#3738,#3739,#3740,#3741,#3742,#3743,#3744,
    #3745,#3746,#3747,#3748,#3749,#3750,#3751,#3752,#3753,#3754,#3755,
    #3756,#3757,#3758,#3759,#3760,#3761,#3762,#3763,#3764,#3765,#3766,
    #3767,#3768,#3769,#3770,#3771,#3772,#3773,#3774,#3775,#3776,#3777,
    #3778,#3779,#3780,#3781,#3782,#3783,#3784,#3785,#3786,#3787,#3788,
    #3789,#3790,#3791,#3792,#3793,#3794,#3795,#3796,#3797,#3798,#3799,
    #3800,#3801,#3802,#3803,#3804,#3805,#3806,#3807),.UNSPECIFIED.,.F.,
  .F.,(9,7,7,7,7,7,7,7,7,7,7,9),(0.,3.864202645232E-02,
    6.813934163383E-02,0.117495253161,0.174024221682,0.2354804158,
    0.501277873812,0.636670010877,0.786235523266,0.845961040983,
    0.941440117433,1.),.UNSPECIFIED.);
#3729 = CARTESIAN_POINT('',(-2.64416684362,1.187938636349E-15,10.7));
#3730 = CARTESIAN_POINT('',(-2.64416684362,2.131297056633E-02,10.7));
#3731 = CARTESIAN_POINT('',(-2.642049171394,4.263383283163E-02,10.7));
#3732 = CARTESIAN_POINT('',(-2.637811256945,6.381022005125E-02,10.7));
#3733 = CARTESIAN_POINT('',(-2.631520022647,8.471566094402E-02,10.7));
#3734 = CARTESIAN_POINT('',(-2.62329013828,0.105247021199,10.7));
#3735 = CARTESIAN_POINT('',(-2.6132663441,0.125322172185,10.7));
#3736 = CARTESIAN_POINT('',(-2.601609841913,0.144877886874,10.7));
#3737 = CARTESIAN_POINT('',(-2.578472797572,0.178364000332,10.7));
#3738 = CARTESIAN_POINT('',(-2.567598379677,0.192537501608,10.7));
#3739 = CARTESIAN_POINT('',(-2.55593319207,0.206376037133,10.7));
#3740 = CARTESIAN_POINT('',(-2.543543056022,0.219872692605,10.7));
#3741 = CARTESIAN_POINT('',(-2.530490512657,0.233025355863,10.7));
#3742 = CARTESIAN_POINT('',(-2.516833413102,0.24583600368,10.7));
#3743 = CARTESIAN_POINT('',(-2.50262350864,0.258309988556,10.7));
#3744 = CARTESIAN_POINT('',(-2.463277599714,0.290777316592,10.7));
#3745 = CARTESIAN_POINT('',(-2.437237683595,0.310170537919,10.7));
#3746 = CARTESIAN_POINT('',(-2.409988898655,0.328679144859,10.7));
#3747 = CARTESIAN_POINT('',(-2.381705675469,0.346347458974,10.7));
#3748 = CARTESIAN_POINT('',(-2.352534108854,0.363220133973,10.7));
#3749 = CARTESIAN_POINT('',(-2.322592797695,0.379342321669,10.7));
#3750 = CARTESIAN_POINT('',(-2.291973684764,0.394759837934,10.7));
#3751 = CARTESIAN_POINT('',(-2.224973235133,0.426423864722,10.7));
#3752 = CARTESIAN_POINT('',(-2.188417762692,0.4424571403,10.7));
#3753 = CARTESIAN_POINT('',(-2.15118727976,0.457684610422,10.7));
#3754 = CARTESIAN_POINT('',(-2.113373787448,0.472161737972,10.7));
#3755 = CARTESIAN_POINT('',(-2.075053354296,0.485937344028,10.7));
#3756 = CARTESIAN_POINT('',(-2.036288005895,0.499055825782,10.7));
#3757 = CARTESIAN_POINT('',(-1.997126637242,0.511558242036,10.7));
#3758 = CARTESIAN_POINT('',(-1.914638435693,0.53644562237,10.7));
#3759 = CARTESIAN_POINT('',(-1.871253628553,0.548723279103,10.7));
#3760 = CARTESIAN_POINT('',(-1.827501746835,0.560362213164,10.7));
#3761 = CARTESIAN_POINT('',(-1.783426664975,0.571403407775,10.7));
#3762 = CARTESIAN_POINT('',(-1.73906547016,0.58188283098,10.7));
#3763 = CARTESIAN_POINT('',(-1.694449021029,0.591832413948,10.7));
#3764 = CARTESIAN_POINT('',(-1.649602506382,0.601281029263,10.7));
#3765 = CARTESIAN_POINT('',(-1.409677056899,0.64906983712,10.7));
#3766 = CARTESIAN_POINT('',(-1.211131631387,0.678963589011,10.7));
#3767 = CARTESIAN_POINT('',(-1.010233837385,0.702166297938,10.7));
#3768 = CARTESIAN_POINT('',(-0.807828567069,0.71966654822,10.7));
#3769 = CARTESIAN_POINT('',(-0.60457422924,0.732311950573,10.7));
#3770 = CARTESIAN_POINT('',(-0.400859695414,0.740529375233,10.7));
#3771 = CARTESIAN_POINT('',(-0.196894503758,0.744587675499,10.7));
#3772 = CARTESIAN_POINT('',(0.111366070276,0.744388968471,10.7));
#3773 = CARTESIAN_POINT('',(0.215390414272,0.743234964951,10.7));
#3774 = CARTESIAN_POINT('',(0.319374446153,0.740993589066,10.7));
#3775 = CARTESIAN_POINT('',(0.423279284736,0.737647822722,10.7));
#3776 = CARTESIAN_POINT('',(0.527061152512,0.733164976866,10.7));
#3777 = CARTESIAN_POINT('',(0.630671255571,0.727495760164,10.7));
#3778 = CARTESIAN_POINT('',(0.734055456151,0.720571497058,10.7));
#3779 = CARTESIAN_POINT('',(0.95104474849,0.703161548032,10.7));
#3780 = CARTESIAN_POINT('',(1.064542678002,0.6923825817,10.7));
#3781 = CARTESIAN_POINT('',(1.177604250914,0.679835639884,10.7));
#3782 = CARTESIAN_POINT('',(1.290135487222,0.66536136183,10.7));
#3783 = CARTESIAN_POINT('',(1.401985899558,0.648754135026,10.7));
#3784 = CARTESIAN_POINT('',(1.512948709906,0.629761789783,10.7));
#3785 = CARTESIAN_POINT('',(1.622752886034,0.608062257083,10.7));
#3786 = CARTESIAN_POINT('',(1.774271868766,0.573244702877,10.7));
#3787 = CARTESIAN_POINT('',(1.817260063436,0.562803283515,10.7));
#3788 = CARTESIAN_POINT('',(1.859973004205,0.551826123759,10.7));
#3789 = CARTESIAN_POINT('',(1.90237961774,0.540280843764,10.7));
#3790 = CARTESIAN_POINT('',(1.944441342861,0.528131715509,10.7));
#3791 = CARTESIAN_POINT('',(1.986111338335,0.515338465286,10.7));
#3792 = CARTESIAN_POINT('',(2.027333690686,0.5018550762,10.7));
#3793 = CARTESIAN_POINT('',(2.133121189961,0.464885686906,10.7));
#3794 = CARTESIAN_POINT('',(2.196688365992,0.440313495258,10.7));
#3795 = CARTESIAN_POINT('',(2.25870542424,0.413633488946,10.7));
#3796 = CARTESIAN_POINT('',(2.318863202026,0.384561569427,10.7));
#3797 = CARTESIAN_POINT('',(2.376546190871,0.352791702845,10.7));
#3798 = CARTESIAN_POINT('',(2.430866660028,0.318026070071,10.7));
#3799 = CARTESIAN_POINT('',(2.480649781642,0.27996954972,10.7));
#3800 = CARTESIAN_POINT('',(2.550992357422,0.212591863473,10.7));
#3801 = CARTESIAN_POINT('',(2.575413372809,0.185577589489,10.7));
#3802 = CARTESIAN_POINT('',(2.597022999108,0.157169800946,10.7));
#3803 = CARTESIAN_POINT('',(2.615253544034,0.127440083635,10.7));
#3804 = CARTESIAN_POINT('',(2.629520236953,9.654101497932E-02,10.7));
#3805 = CARTESIAN_POINT('',(2.639284097732,6.472353299576E-02,10.7));
#3806 = CARTESIAN_POINT('',(2.64416684362,3.23628797531E-02,10.7));
#3807 = CARTESIAN_POINT('',(2.64416684362,1.187938636349E-15,10.7));
#3808 = PCURVE('',#1305,#3809);
#3809 = DEFINITIONAL_REPRESENTATION('',(#3810),#3890);
#3810 = B_SPLINE_CURVE_WITH_KNOTS('',8,(#3811,#3812,#3813,#3814,#3815,
    #3816,#3817,#3818,#3819,#3820,#3821,#3822,#3823,#3824,#3825,#3826,
    #3827,#3828,#3829,#3830,#3831,#3832,#3833,#3834,#3835,#3836,#3837,
    #3838,#3839,#3840,#3841,#3842,#3843,#3844,#3845,#3846,#3847,#3848,
    #3849,#3850,#3851,#3852,#3853,#3854,#3855,#3856,#3857,#3858,#3859,
    #3860,#3861,#3862,#3863,#3864,#3865,#3866,#3867,#3868,#3869,#3870,
    #3871,#3872,#3873,#3874,#3875,#3876,#3877,#3878,#3879,#3880,#3881,
    #3882,#3883,#3884,#3885,#3886,#3887,#3888,#3889),.UNSPECIFIED.,.F.,
  .F.,(9,7,7,7,7,7,7,7,7,7,7,9),(0.,3.864202645232E-02,
    6.813934163383E-02,0.117495253161,0.174024221682,0.2354804158,
    0.501277873812,0.636670010877,0.786235523266,0.845961040983,
    0.941440117433,1.),.UNSPECIFIED.);
#3811 = CARTESIAN_POINT('',(1.813061059152,6.28318530718));
#3812 = CARTESIAN_POINT('',(1.813061059152,6.262328475522));
#3813 = CARTESIAN_POINT('',(1.812874535536,6.241463927973));
#3814 = CARTESIAN_POINT('',(1.812501265726,6.22072691437));
#3815 = CARTESIAN_POINT('',(1.811947041209,6.200227377286));
#3816 = CARTESIAN_POINT('',(1.811221773015,6.180054228342));
#3817 = CARTESIAN_POINT('',(1.810337963032,6.160278642303));
#3818 = CARTESIAN_POINT('',(1.809309541167,6.140956368979));
#3819 = CARTESIAN_POINT('',(1.807266750387,6.107757275698));
#3820 = CARTESIAN_POINT('',(1.80630620629,6.09366691249));
#3821 = CARTESIAN_POINT('',(1.805275282674,6.079868390699));
#3822 = CARTESIAN_POINT('',(1.804179666542,6.066367528896));
#3823 = CARTESIAN_POINT('',(1.803024762521,6.053166092567));
#3824 = CARTESIAN_POINT('',(1.801815570087,6.04026233988));
#3825 = CARTESIAN_POINT('',(1.800556560803,6.027651567449));
#3826 = CARTESIAN_POINT('',(1.797067976352,5.994704195008));
#3827 = CARTESIAN_POINT('',(1.794756628871,5.974890799589));
#3828 = CARTESIAN_POINT('',(1.792335076543,5.955846748662));
#3829 = CARTESIAN_POINT('',(1.789818399406,5.937533977459));
#3830 = CARTESIAN_POINT('',(1.787219251458,5.91991522703));
#3831 = CARTESIAN_POINT('',(1.784547918014,5.902953193669));
#3832 = CARTESIAN_POINT('',(1.781812373068,5.886609678323));
#3833 = CARTESIAN_POINT('',(1.77581823372,5.852788622787));
#3834 = CARTESIAN_POINT('',(1.772542883275,5.835500144849));
#3835 = CARTESIAN_POINT('',(1.76920190426,5.81892465567));
#3836 = CARTESIAN_POINT('',(1.765803324976,5.803017326416));
#3837 = CARTESIAN_POINT('',(1.762353821401,5.787739561105));
#3838 = CARTESIAN_POINT('',(1.758858868934,5.773056603933));
#3839 = CARTESIAN_POINT('',(1.755322807567,5.758936338747));
#3840 = CARTESIAN_POINT('',(1.747863314515,5.730577936027));
#3841 = CARTESIAN_POINT('',(1.743933668061,5.716439198031));
#3842 = CARTESIAN_POINT('',(1.739964459731,5.702896871157));
#3843 = CARTESIAN_POINT('',(1.73595965685,5.689920133568));
#3844 = CARTESIAN_POINT('',(1.731922657013,5.677482561501));
#3845 = CARTESIAN_POINT('',(1.727856329627,5.665561153637));
#3846 = CARTESIAN_POINT('',(1.723763057475,5.654135355469));
#3847 = CARTESIAN_POINT('',(1.701833259621,5.595830586765));
#3848 = CARTESIAN_POINT('',(1.683576959034,5.557450856219));
#3849 = CARTESIAN_POINT('',(1.665005796705,5.52642784855));
#3850 = CARTESIAN_POINT('',(1.646213174706,5.502236702311));
#3851 = CARTESIAN_POINT('',(1.627279076754,5.48437660089));
#3852 = CARTESIAN_POINT('',(1.608260404096,5.472630720595));
#3853 = CARTESIAN_POINT('',(1.589197673423,5.466833577457));
#3854 = CARTESIAN_POINT('',(1.560388287521,5.46711744362));
#3855 = CARTESIAN_POINT('',(1.550666538935,5.468765989879));
#3856 = CARTESIAN_POINT('',(1.540951506671,5.471967319038));
#3857 = CARTESIAN_POINT('',(1.531249623523,5.476730671064));
#3858 = CARTESIAN_POINT('',(1.521567747955,5.48307339404));
#3859 = CARTESIAN_POINT('',(1.511913139484,5.491021762344));
#3860 = CARTESIAN_POINT('',(1.502293447921,5.500613710001));
#3861 = CARTESIAN_POINT('',(1.48213745546,5.524375105368));
#3862 = CARTESIAN_POINT('',(1.471614722767,5.538913677016));
#3863 = CARTESIAN_POINT('',(1.46115583682,5.555594774225));
#3864 = CARTESIAN_POINT('',(1.450772631448,5.574514731816));
#3865 = CARTESIAN_POINT('',(1.440481861771,5.595802192023));
#3866 = CARTESIAN_POINT('',(1.43030500094,5.619617565561));
#3867 = CARTESIAN_POINT('',(1.420268699743,5.646175813566));
#3868 = CARTESIAN_POINT('',(1.406469212427,5.687668860746));
#3869 = CARTESIAN_POINT('',(1.402559826925,5.700000849157));
#3870 = CARTESIAN_POINT('',(1.398681298511,5.712846246905));
#3871 = CARTESIAN_POINT('',(1.39483648558,5.726228864431));
#3872 = CARTESIAN_POINT('',(1.391028891221,5.740175222567));
#3873 = CARTESIAN_POINT('',(1.387262723426,5.754715771328));
#3874 = CARTESIAN_POINT('',(1.383542955283,5.769886108707));
#3875 = CARTESIAN_POINT('',(1.374012293183,5.811053860152));
#3876 = CARTESIAN_POINT('',(1.368300552819,5.838018574065));
#3877 = CARTESIAN_POINT('',(1.362742962187,5.866866728987));
#3878 = CARTESIAN_POINT('',(1.357366561931,5.897834646633));
#3879 = CARTESIAN_POINT('',(1.352225303687,5.931168880443));
#3880 = CARTESIAN_POINT('',(1.347396354138,5.967104337591));
#3881 = CARTESIAN_POINT('',(1.342980978935,6.005885311409));
#3882 = CARTESIAN_POINT('',(1.33675349183,6.073688920603));
#3883 = CARTESIAN_POINT('',(1.334594502559,6.100691945741));
#3884 = CARTESIAN_POINT('',(1.332686539055,6.128911021025));
#3885 = CARTESIAN_POINT('',(1.331078772777,6.158279083388));
#3886 = CARTESIAN_POINT('',(1.329821650524,6.188662049134));
#3887 = CARTESIAN_POINT('',(1.328961664119,6.219846985886));
#3888 = CARTESIAN_POINT('',(1.328531594438,6.251515055824));
#3889 = CARTESIAN_POINT('',(1.328531594438,6.28318530718));
#3890 = ( GEOMETRIC_REPRESENTATION_CONTEXT(2) 
PARAMETRIC_REPRESENTATION_CONTEXT() REPRESENTATION_CONTEXT('2D SPACE',''
  ) );
#3891 = PCURVE('',#3094,#3892);
#3892 = DEFINITIONAL_REPRESENTATION('',(#3893),#3973);
#3893 = B_SPLINE_CURVE_WITH_KNOTS('',8,(#3894,#3895,#3896,#3897,#3898,
    #3899,#3900,#3901,#3902,#3903,#3904,#3905,#3906,#3907,#3908,#3909,
    #3910,#3911,#3912,#3913,#3914,#3915,#3916,#3917,#3918,#3919,#3920,
    #3921,#3922,#3923,#3924,#3925,#3926,#3927,#3928,#3929,#3930,#3931,
    #3932,#3933,#3934,#3935,#3936,#3937,#3938,#3939,#3940,#3941,#3942,
    #3943,#3944,#3945,#3946,#3947,#3948,#3949,#3950,#3951,#3952,#3953,
    #3954,#3955,#3956,#3957,#3958,#3959,#3960,#3961,#3962,#3963,#3964,
    #3965,#3966,#3967,#3968,#3969,#3970,#3971,#3972),.UNSPECIFIED.,.F.,
  .F.,(9,7,7,7,7,7,7,7,7,7,7,9),(0.,3.864202645232E-02,
    6.813934163383E-02,0.117495253161,0.174024221682,0.2354804158,
    0.501277873812,0.636670010877,0.786235523266,0.845961040983,
    0.941440117433,1.),.UNSPECIFIED.);
#3894 = CARTESIAN_POINT('',(-2.64416684362,8.606841749427E-16));
#3895 = CARTESIAN_POINT('',(-2.64416684362,2.131297056633E-02));
#3896 = CARTESIAN_POINT('',(-2.642049171394,4.263383283163E-02));
#3897 = CARTESIAN_POINT('',(-2.637811256945,6.381022005125E-02));
#3898 = CARTESIAN_POINT('',(-2.631520022647,8.471566094402E-02));
#3899 = CARTESIAN_POINT('',(-2.62329013828,0.105247021199));
#3900 = CARTESIAN_POINT('',(-2.6132663441,0.125322172185));
#3901 = CARTESIAN_POINT('',(-2.601609841913,0.144877886874));
#3902 = CARTESIAN_POINT('',(-2.578472797572,0.178364000332));
#3903 = CARTESIAN_POINT('',(-2.567598379677,0.192537501608));
#3904 = CARTESIAN_POINT('',(-2.55593319207,0.206376037133));
#3905 = CARTESIAN_POINT('',(-2.543543056022,0.219872692605));
#3906 = CARTESIAN_POINT('',(-2.530490512657,0.233025355863));
#3907 = CARTESIAN_POINT('',(-2.516833413102,0.24583600368));
#3908 = CARTESIAN_POINT('',(-2.50262350864,0.258309988556));
#3909 = CARTESIAN_POINT('',(-2.463277599714,0.290777316592));
#3910 = CARTESIAN_POINT('',(-2.437237683595,0.310170537919));
#3911 = CARTESIAN_POINT('',(-2.409988898655,0.328679144859));
#3912 = CARTESIAN_POINT('',(-2.381705675469,0.346347458974));
#3913 = CARTESIAN_POINT('',(-2.352534108854,0.363220133973));
#3914 = CARTESIAN_POINT('',(-2.322592797695,0.379342321669));
#3915 = CARTESIAN_POINT('',(-2.291973684764,0.394759837934));
#3916 = CARTESIAN_POINT('',(-2.224973235133,0.426423864722));
#3917 = CARTESIAN_POINT('',(-2.188417762692,0.4424571403));
#3918 = CARTESIAN_POINT('',(-2.15118727976,0.457684610422));
#3919 = CARTESIAN_POINT('',(-2.113373787448,0.472161737972));
#3920 = CARTESIAN_POINT('',(-2.075053354296,0.485937344028));
#3921 = CARTESIAN_POINT('',(-2.036288005895,0.499055825782));
#3922 = CARTESIAN_POINT('',(-1.997126637242,0.511558242036));
#3923 = CARTESIAN_POINT('',(-1.914638435693,0.53644562237));
#3924 = CARTESIAN_POINT('',(-1.871253628553,0.548723279103));
#3925 = CARTESIAN_POINT('',(-1.827501746835,0.560362213164));
#3926 = CARTESIAN_POINT('',(-1.783426664975,0.571403407775));
#3927 = CARTESIAN_POINT('',(-1.73906547016,0.58188283098));
#3928 = CARTESIAN_POINT('',(-1.694449021029,0.591832413948));
#3929 = CARTESIAN_POINT('',(-1.649602506382,0.601281029263));
#3930 = CARTESIAN_POINT('',(-1.409677056899,0.64906983712));
#3931 = CARTESIAN_POINT('',(-1.211131631387,0.678963589011));
#3932 = CARTESIAN_POINT('',(-1.010233837385,0.702166297938));
#3933 = CARTESIAN_POINT('',(-0.807828567069,0.71966654822));
#3934 = CARTESIAN_POINT('',(-0.60457422924,0.732311950573));
#3935 = CARTESIAN_POINT('',(-0.400859695414,0.740529375233));
#3936 = CARTESIAN_POINT('',(-0.196894503758,0.744587675499));
#3937 = CARTESIAN_POINT('',(0.111366070276,0.744388968471));
#3938 = CARTESIAN_POINT('',(0.215390414272,0.743234964951));
#3939 = CARTESIAN_POINT('',(0.319374446153,0.740993589066));
#3940 = CARTESIAN_POINT('',(0.423279284736,0.737647822722));
#3941 = CARTESIAN_POINT('',(0.527061152512,0.733164976866));
#3942 = CARTESIAN_POINT('',(0.630671255571,0.727495760164));
#3943 = CARTESIAN_POINT('',(0.734055456151,0.720571497058));
#3944 = CARTESIAN_POINT('',(0.95104474849,0.703161548032));
#3945 = CARTESIAN_POINT('',(1.064542678002,0.6923825817));
#3946 = CARTESIAN_POINT('',(1.177604250914,0.679835639884));
#3947 = CARTESIAN_POINT('',(1.290135487222,0.66536136183));
#3948 = CARTESIAN_POINT('',(1.401985899558,0.648754135026));
#3949 = CARTESIAN_POINT('',(1.512948709906,0.629761789783));
#3950 = CARTESIAN_POINT('',(1.622752886034,0.608062257083));
#3951 = CARTESIAN_POINT('',(1.774271868766,0.573244702877));
#3952 = CARTESIAN_POINT('',(1.817260063436,0.562803283515));
#3953 = CARTESIAN_POINT('',(1.859973004205,0.551826123759));
#3954 = CARTESIAN_POINT('',(1.90237961774,0.540280843764));
#3955 = CARTESIAN_POINT('',(1.944441342861,0.528131715509));
#3956 = CARTESIAN_POINT('',(1.986111338335,0.515338465286));
#3957 = CARTESIAN_POINT('',(2.027333690686,0.5018550762));
#3958 = CARTESIAN_POINT('',(2.133121189961,0.464885686906));
#3959 = CARTESIAN_POINT('',(2.196688365992,0.440313495258));
#3960 = CARTESIAN_POINT('',(2.25870542424,0.413633488946));
#3961 = CARTESIAN_POINT('',(2.318863202026,0.384561569427));
#3962 = CARTESIAN_POINT('',(2.376546190871,0.352791702845));
#3963 = CARTESIAN_POINT('',(2.430866660028,0.318026070071));
#3964 = CARTESIAN_POINT('',(2.480649781642,0.27996954972));
#3965 = CARTESIAN_POINT('',(2.550992357422,0.212591863473));
#3966 = CARTESIAN_POINT('',(2.575413372809,0.185577589489));
#3967 = CARTESIAN_POINT('',(2.597022999108,0.157169800946));
#3968 = CARTESIAN_POINT('',(2.615253544034,0.127440083635));
#3969 = CARTESIAN_POINT('',(2.629520236953,9.654101497932E-02));
#3970 = CARTESIAN_POINT('',(2.639284097732,6.472353299576E-02));
#3971 = CARTESIAN_POINT('',(2.64416684362,3.23628797531E-02));
#3972 = CARTESIAN_POINT('',(2.64416684362,8.606841749427E-16));
#3973 = ( GEOMETRIC_REPRESENTATION_CONTEXT(2) 
PARAMETRIC_REPRESENTATION_CONTEXT() REPRESENTATION_CONTEXT('2D SPACE',''
  ) );
#3974 = ADVANCED_FACE('',(#3975),#1592,.T.);
#3975 = FACE_BOUND('',#3976,.T.);
#3976 = EDGE_LOOP('',(#3977,#3999,#4000,#4021,#4022,#4023,#4024,#4046,
    #4047,#4048,#4070,#4071));
#3977 = ORIENTED_EDGE('',*,*,#3978,.F.);
#3978 = EDGE_CURVE('',#3472,#2642,#3979,.T.);
#3979 = SURFACE_CURVE('',#3980,(#3985,#3992),.PCURVE_S1.);
#3980 = CIRCLE('',#3981,1.11913);
#3981 = AXIS2_PLACEMENT_3D('',#3982,#3983,#3984);
#3982 = CARTESIAN_POINT('',(-3.63617,0.,10.95));
#3983 = DIRECTION('',(0.625312634961,0.,0.780374338736));
#3984 = DIRECTION('',(0.780374338736,0.,-0.625312634961));
#3985 = PCURVE('',#1592,#3986);
#3986 = DEFINITIONAL_REPRESENTATION('',(#3987),#3991);
#3987 = LINE('',#3988,#3989);
#3988 = CARTESIAN_POINT('',(0.,3.780237065172));
#3989 = VECTOR('',#3990,1.);
#3990 = DIRECTION('',(1.,0.));
#3991 = ( GEOMETRIC_REPRESENTATION_CONTEXT(2) 
PARAMETRIC_REPRESENTATION_CONTEXT() REPRESENTATION_CONTEXT('2D SPACE',''
  ) );
#3992 = PCURVE('',#2685,#3993);
#3993 = DEFINITIONAL_REPRESENTATION('',(#3994),#3998);
#3994 = CIRCLE('',#3995,1.11913);
#3995 = AXIS2_PLACEMENT_2D('',#3996,#3997);
#3996 = CARTESIAN_POINT('',(0.,0.));
#3997 = DIRECTION('',(1.,0.));
#3998 = ( GEOMETRIC_REPRESENTATION_CONTEXT(2) 
PARAMETRIC_REPRESENTATION_CONTEXT() REPRESENTATION_CONTEXT('2D SPACE',''
  ) );
#3999 = ORIENTED_EDGE('',*,*,#3471,.F.);
#4000 = ORIENTED_EDGE('',*,*,#4001,.F.);
#4001 = EDGE_CURVE('',#1576,#3263,#4002,.T.);
#4002 = SEAM_CURVE('',#4003,(#4007,#4014),.PCURVE_S1.);
#4003 = LINE('',#4004,#4005);
#4004 = CARTESIAN_POINT('',(-5.12665966629,-2.74107794466E-16,
    7.300193870836));
#4005 = VECTOR('',#4006,1.);
#4006 = DIRECTION('',(0.625312634961,0.,0.780374338736));
#4007 = PCURVE('',#1592,#4008);
#4008 = DEFINITIONAL_REPRESENTATION('',(#4009),#4013);
#4009 = LINE('',#4010,#4011);
#4010 = CARTESIAN_POINT('',(6.28318530718,-0.));
#4011 = VECTOR('',#4012,1.);
#4012 = DIRECTION('',(0.,1.));
#4013 = ( GEOMETRIC_REPRESENTATION_CONTEXT(2) 
PARAMETRIC_REPRESENTATION_CONTEXT() REPRESENTATION_CONTEXT('2D SPACE',''
  ) );
#4014 = PCURVE('',#1592,#4015);
#4015 = DEFINITIONAL_REPRESENTATION('',(#4016),#4020);
#4016 = LINE('',#4017,#4018);
#4017 = CARTESIAN_POINT('',(0.,-0.));
#4018 = VECTOR('',#4019,1.);
#4019 = DIRECTION('',(0.,1.));
#4020 = ( GEOMETRIC_REPRESENTATION_CONTEXT(2) 
PARAMETRIC_REPRESENTATION_CONTEXT() REPRESENTATION_CONTEXT('2D SPACE',''
  ) );
#4021 = ORIENTED_EDGE('',*,*,#1575,.T.);
#4022 = ORIENTED_EDGE('',*,*,#4001,.T.);
#4023 = ORIENTED_EDGE('',*,*,#3262,.F.);
#4024 = ORIENTED_EDGE('',*,*,#4025,.F.);
#4025 = EDGE_CURVE('',#2671,#3207,#4026,.T.);
#4026 = SURFACE_CURVE('',#4027,(#4032,#4039),.PCURVE_S1.);
#4027 = CIRCLE('',#4028,1.11913);
#4028 = AXIS2_PLACEMENT_3D('',#4029,#4030,#4031);
#4029 = CARTESIAN_POINT('',(-3.63617,0.,10.95));
#4030 = DIRECTION('',(0.625312634961,0.,0.780374338736));
#4031 = DIRECTION('',(0.780374338736,0.,-0.625312634961));
#4032 = PCURVE('',#1592,#4033);
#4033 = DEFINITIONAL_REPRESENTATION('',(#4034),#4038);
#4034 = LINE('',#4035,#4036);
#4035 = CARTESIAN_POINT('',(0.,3.780237065172));
#4036 = VECTOR('',#4037,1.);
#4037 = DIRECTION('',(1.,0.));
#4038 = ( GEOMETRIC_REPRESENTATION_CONTEXT(2) 
PARAMETRIC_REPRESENTATION_CONTEXT() REPRESENTATION_CONTEXT('2D SPACE',''
  ) );
#4039 = PCURVE('',#2685,#4040);
#4040 = DEFINITIONAL_REPRESENTATION('',(#4041),#4045);
#4041 = CIRCLE('',#4042,1.11913);
#4042 = AXIS2_PLACEMENT_2D('',#4043,#4044);
#4043 = CARTESIAN_POINT('',(0.,0.));
#4044 = DIRECTION('',(1.,0.));
#4045 = ( GEOMETRIC_REPRESENTATION_CONTEXT(2) 
PARAMETRIC_REPRESENTATION_CONTEXT() REPRESENTATION_CONTEXT('2D SPACE',''
  ) );
#4046 = ORIENTED_EDGE('',*,*,#2696,.F.);
#4047 = ORIENTED_EDGE('',*,*,#1716,.F.);
#4048 = ORIENTED_EDGE('',*,*,#4049,.F.);
#4049 = EDGE_CURVE('',#1761,#1717,#4050,.T.);
#4050 = SURFACE_CURVE('',#4051,(#4056,#4063),.PCURVE_S1.);
#4051 = CIRCLE('',#4052,1.11913);
#4052 = AXIS2_PLACEMENT_3D('',#4053,#4054,#4055);
#4053 = CARTESIAN_POINT('',(-3.63617,0.,10.95));
#4054 = DIRECTION('',(0.625312634961,0.,0.780374338736));
#4055 = DIRECTION('',(0.780374338736,0.,-0.625312634961));
#4056 = PCURVE('',#1592,#4057);
#4057 = DEFINITIONAL_REPRESENTATION('',(#4058),#4062);
#4058 = LINE('',#4059,#4060);
#4059 = CARTESIAN_POINT('',(0.,3.780237065172));
#4060 = VECTOR('',#4061,1.);
#4061 = DIRECTION('',(1.,0.));
#4062 = ( GEOMETRIC_REPRESENTATION_CONTEXT(2) 
PARAMETRIC_REPRESENTATION_CONTEXT() REPRESENTATION_CONTEXT('2D SPACE',''
  ) );
#4063 = PCURVE('',#1781,#4064);
#4064 = DEFINITIONAL_REPRESENTATION('',(#4065),#4069);
#4065 = CIRCLE('',#4066,1.11913);
#4066 = AXIS2_PLACEMENT_2D('',#4067,#4068);
#4067 = CARTESIAN_POINT('',(0.,0.));
#4068 = DIRECTION('',(1.,0.));
#4069 = ( GEOMETRIC_REPRESENTATION_CONTEXT(2) 
PARAMETRIC_REPRESENTATION_CONTEXT() REPRESENTATION_CONTEXT('2D SPACE',''
  ) );
#4070 = ORIENTED_EDGE('',*,*,#1793,.F.);
#4071 = ORIENTED_EDGE('',*,*,#2641,.F.);
#4072 = ADVANCED_FACE('',(#4073,#4368),#1873,.T.);
#4073 = FACE_BOUND('',#4074,.T.);
#4074 = EDGE_LOOP('',(#4075,#4076,#4077,#4114,#4149,#4150,#4187,#4222,
    #4223,#4260,#4295,#4296,#4333));
#4075 = ORIENTED_EDGE('',*,*,#2614,.T.);
#4076 = ORIENTED_EDGE('',*,*,#1856,.T.);
#4077 = ORIENTED_EDGE('',*,*,#4078,.F.);
#4078 = EDGE_CURVE('',#4079,#1857,#4081,.T.);
#4079 = VERTEX_POINT('',#4080);
#4080 = CARTESIAN_POINT('',(2.977764999422,2.559621898233,12.25883));
#4081 = SURFACE_CURVE('',#4082,(#4087,#4094),.PCURVE_S1.);
#4082 = ELLIPSE('',#4083,0.418908613391,0.418143255844);
#4083 = AXIS2_PLACEMENT_3D('',#4084,#4085,#4086);
#4084 = CARTESIAN_POINT('',(2.559239064663,2.559239064663,12.25883));
#4085 = DIRECTION('',(0.,0.,1.));
#4086 = DIRECTION('',(0.707106781187,0.707106781187,-0.));
#4087 = PCURVE('',#1873,#4088);
#4088 = DEFINITIONAL_REPRESENTATION('',(#4089),#4093);
#4089 = ELLIPSE('',#4090,0.418908613391,0.418143255844);
#4090 = AXIS2_PLACEMENT_2D('',#4091,#4092);
#4091 = CARTESIAN_POINT('',(2.559239064663,2.559239064663));
#4092 = DIRECTION('',(0.707106781187,0.707106781187));
#4093 = ( GEOMETRIC_REPRESENTATION_CONTEXT(2) 
PARAMETRIC_REPRESENTATION_CONTEXT() REPRESENTATION_CONTEXT('2D SPACE',''
  ) );
#4094 = PCURVE('',#1909,#4095);
#4095 = DEFINITIONAL_REPRESENTATION('',(#4096),#4113);
#4096 = B_SPLINE_CURVE_WITH_KNOTS('',8,(#4097,#4098,#4099,#4100,#4101,
    #4102,#4103,#4104,#4105,#4106,#4107,#4108,#4109,#4110,#4111,#4112),
  .UNSPECIFIED.,.F.,.F.,(9,7,9),(5.497787513644,8.639380167234,
    11.780972820824),.UNSPECIFIED.);
#4097 = CARTESIAN_POINT('',(0.,-1.473627690686));
#4098 = CARTESIAN_POINT('',(-0.392340162962,-1.466600947818));
#4099 = CARTESIAN_POINT('',(-0.784519508523,-1.462728286186));
#4100 = CARTESIAN_POINT('',(-1.176622648364,-1.463656716473));
#4101 = CARTESIAN_POINT('',(-1.56878534741,-1.470016830959));
#4102 = CARTESIAN_POINT('',(-1.961159017951,-1.480528556662));
#4103 = CARTESIAN_POINT('',(-2.35381009764,-1.492206945691));
#4104 = CARTESIAN_POINT('',(-2.746706695371,-1.502387881854));
#4105 = CARTESIAN_POINT('',(-3.532822696242,-1.516441367592));
#4106 = CARTESIAN_POINT('',(-3.926042105122,-1.520314029221));
#4107 = CARTESIAN_POINT('',(-4.319338285946,-1.519385598931));
#4108 = CARTESIAN_POINT('',(-4.712574841502,-1.513025484448));
#4109 = CARTESIAN_POINT('',(-5.105598243143,-1.502513758746));
#4110 = CARTESIAN_POINT('',(-5.498344169597,-1.490835369716));
#4111 = CARTESIAN_POINT('',(-5.890845144218,-1.480654433555));
#4112 = CARTESIAN_POINT('',(-6.28318530718,-1.473627690686));
#4113 = ( GEOMETRIC_REPRESENTATION_CONTEXT(2) 
PARAMETRIC_REPRESENTATION_CONTEXT() REPRESENTATION_CONTEXT('2D SPACE',''
  ) );
#4114 = ORIENTED_EDGE('',*,*,#4115,.F.);
#4115 = EDGE_CURVE('',#1998,#4079,#4116,.T.);
#4116 = SURFACE_CURVE('',#4117,(#4122,#4129),.PCURVE_S1.);
#4117 = ELLIPSE('',#4118,0.418908613391,0.418143255844);
#4118 = AXIS2_PLACEMENT_3D('',#4119,#4120,#4121);
#4119 = CARTESIAN_POINT('',(2.559239064663,2.559239064663,12.25883));
#4120 = DIRECTION('',(0.,0.,1.));
#4121 = DIRECTION('',(0.707106781187,0.707106781187,-0.));
#4122 = PCURVE('',#1873,#4123);
#4123 = DEFINITIONAL_REPRESENTATION('',(#4124),#4128);
#4124 = ELLIPSE('',#4125,0.418908613391,0.418143255844);
#4125 = AXIS2_PLACEMENT_2D('',#4126,#4127);
#4126 = CARTESIAN_POINT('',(2.559239064663,2.559239064663));
#4127 = DIRECTION('',(0.707106781187,0.707106781187));
#4128 = ( GEOMETRIC_REPRESENTATION_CONTEXT(2) 
PARAMETRIC_REPRESENTATION_CONTEXT() REPRESENTATION_CONTEXT('2D SPACE',''
  ) );
#4129 = PCURVE('',#1909,#4130);
#4130 = DEFINITIONAL_REPRESENTATION('',(#4131),#4148);
#4131 = B_SPLINE_CURVE_WITH_KNOTS('',8,(#4132,#4133,#4134,#4135,#4136,
    #4137,#4138,#4139,#4140,#4141,#4142,#4143,#4144,#4145,#4146,#4147),
  .UNSPECIFIED.,.F.,.F.,(9,7,9),(5.497787513644,8.639380167234,
    11.780972820824),.UNSPECIFIED.);
#4132 = CARTESIAN_POINT('',(0.,-1.473627690686));
#4133 = CARTESIAN_POINT('',(-0.392340162962,-1.466600947818));
#4134 = CARTESIAN_POINT('',(-0.784519508523,-1.462728286186));
#4135 = CARTESIAN_POINT('',(-1.176622648364,-1.463656716473));
#4136 = CARTESIAN_POINT('',(-1.56878534741,-1.470016830959));
#4137 = CARTESIAN_POINT('',(-1.961159017951,-1.480528556662));
#4138 = CARTESIAN_POINT('',(-2.35381009764,-1.492206945691));
#4139 = CARTESIAN_POINT('',(-2.746706695371,-1.502387881854));
#4140 = CARTESIAN_POINT('',(-3.532822696242,-1.516441367592));
#4141 = CARTESIAN_POINT('',(-3.926042105122,-1.520314029221));
#4142 = CARTESIAN_POINT('',(-4.319338285946,-1.519385598931));
#4143 = CARTESIAN_POINT('',(-4.712574841502,-1.513025484448));
#4144 = CARTESIAN_POINT('',(-5.105598243143,-1.502513758746));
#4145 = CARTESIAN_POINT('',(-5.498344169597,-1.490835369716));
#4146 = CARTESIAN_POINT('',(-5.890845144218,-1.480654433555));
#4147 = CARTESIAN_POINT('',(-6.28318530718,-1.473627690686));
#4148 = ( GEOMETRIC_REPRESENTATION_CONTEXT(2) 
PARAMETRIC_REPRESENTATION_CONTEXT() REPRESENTATION_CONTEXT('2D SPACE',''
  ) );
#4149 = ORIENTED_EDGE('',*,*,#2059,.T.);
#4150 = ORIENTED_EDGE('',*,*,#4151,.F.);
#4151 = EDGE_CURVE('',#4152,#2060,#4154,.T.);
#4152 = VERTEX_POINT('',#4153);
#4153 = CARTESIAN_POINT('',(-2.140713129266,2.558091883655,12.25883));
#4154 = SURFACE_CURVE('',#4155,(#4160,#4167),.PCURVE_S1.);
#4155 = ELLIPSE('',#4156,0.418908613391,0.418143255844);
#4156 = AXIS2_PLACEMENT_3D('',#4157,#4158,#4159);
#4157 = CARTESIAN_POINT('',(-2.559239064663,2.559239064663,12.25883));
#4158 = DIRECTION('',(0.,0.,1.));
#4159 = DIRECTION('',(-0.707106781187,0.707106781187,0.));
#4160 = PCURVE('',#1873,#4161);
#4161 = DEFINITIONAL_REPRESENTATION('',(#4162),#4166);
#4162 = ELLIPSE('',#4163,0.418908613391,0.418143255844);
#4163 = AXIS2_PLACEMENT_2D('',#4164,#4165);
#4164 = CARTESIAN_POINT('',(-2.559239064663,2.559239064663));
#4165 = DIRECTION('',(-0.707106781187,0.707106781187));
#4166 = ( GEOMETRIC_REPRESENTATION_CONTEXT(2) 
PARAMETRIC_REPRESENTATION_CONTEXT() REPRESENTATION_CONTEXT('2D SPACE',''
  ) );
#4167 = PCURVE('',#2125,#4168);
#4168 = DEFINITIONAL_REPRESENTATION('',(#4169),#4186);
#4169 = B_SPLINE_CURVE_WITH_KNOTS('',8,(#4170,#4171,#4172,#4173,#4174,
    #4175,#4176,#4177,#4178,#4179,#4180,#4181,#4182,#4183,#4184,#4185),
  .UNSPECIFIED.,.F.,.F.,(9,7,9),(3.925164160056,7.066756813646,
    10.208349467236),.UNSPECIFIED.);
#4170 = CARTESIAN_POINT('',(8.881784197001E-16,-1.509447273448));
#4171 = CARTESIAN_POINT('',(-0.393058656524,-1.50243337515));
#4172 = CARTESIAN_POINT('',(-0.785956204828,-1.492259528567));
#4173 = CARTESIAN_POINT('',(-1.178608374198,-1.480579463444));
#4174 = CARTESIAN_POINT('',(-1.570983023285,-1.470056139907));
#4175 = CARTESIAN_POINT('',(-1.963146313971,-1.463676838606));
#4176 = CARTESIAN_POINT('',(-2.355249541612,-1.462727081799));
#4177 = CARTESIAN_POINT('',(-2.74742852796,-1.466581143663));
#4178 = CARTESIAN_POINT('',(-3.532107546499,-1.48060894026));
#4179 = CARTESIAN_POINT('',(-3.924607572894,-1.490782786841));
#4180 = CARTESIAN_POINT('',(-4.317352410054,-1.502462851964));
#4181 = CARTESIAN_POINT('',(-4.710374828018,-1.512986175494));
#4182 = CARTESIAN_POINT('',(-5.103610786774,-1.519365476797));
#4183 = CARTESIAN_POINT('',(-5.496906880186,-1.52031523361));
#4184 = CARTESIAN_POINT('',(-5.890126650655,-1.516461171746));
#4185 = CARTESIAN_POINT('',(-6.28318530718,-1.509447273448));
#4186 = ( GEOMETRIC_REPRESENTATION_CONTEXT(2) 
PARAMETRIC_REPRESENTATION_CONTEXT() REPRESENTATION_CONTEXT('2D SPACE',''
  ) );
#4187 = ORIENTED_EDGE('',*,*,#4188,.F.);
#4188 = EDGE_CURVE('',#2183,#4152,#4189,.T.);
#4189 = SURFACE_CURVE('',#4190,(#4195,#4202),.PCURVE_S1.);
#4190 = ELLIPSE('',#4191,0.418908613391,0.418143255844);
#4191 = AXIS2_PLACEMENT_3D('',#4192,#4193,#4194);
#4192 = CARTESIAN_POINT('',(-2.559239064663,2.559239064663,12.25883));
#4193 = DIRECTION('',(0.,0.,1.));
#4194 = DIRECTION('',(-0.707106781187,0.707106781187,0.));
#4195 = PCURVE('',#1873,#4196);
#4196 = DEFINITIONAL_REPRESENTATION('',(#4197),#4201);
#4197 = ELLIPSE('',#4198,0.418908613391,0.418143255844);
#4198 = AXIS2_PLACEMENT_2D('',#4199,#4200);
#4199 = CARTESIAN_POINT('',(-2.559239064663,2.559239064663));
#4200 = DIRECTION('',(-0.707106781187,0.707106781187));
#4201 = ( GEOMETRIC_REPRESENTATION_CONTEXT(2) 
PARAMETRIC_REPRESENTATION_CONTEXT() REPRESENTATION_CONTEXT('2D SPACE',''
  ) );
#4202 = PCURVE('',#2125,#4203);
#4203 = DEFINITIONAL_REPRESENTATION('',(#4204),#4221);
#4204 = B_SPLINE_CURVE_WITH_KNOTS('',8,(#4205,#4206,#4207,#4208,#4209,
    #4210,#4211,#4212,#4213,#4214,#4215,#4216,#4217,#4218,#4219,#4220),
  .UNSPECIFIED.,.F.,.F.,(9,7,9),(3.925164160056,7.066756813646,
    10.208349467236),.UNSPECIFIED.);
#4205 = CARTESIAN_POINT('',(8.881784197001E-16,-1.509447273448));
#4206 = CARTESIAN_POINT('',(-0.393058656524,-1.50243337515));
#4207 = CARTESIAN_POINT('',(-0.785956204828,-1.492259528567));
#4208 = CARTESIAN_POINT('',(-1.178608374198,-1.480579463444));
#4209 = CARTESIAN_POINT('',(-1.570983023285,-1.470056139907));
#4210 = CARTESIAN_POINT('',(-1.963146313971,-1.463676838606));
#4211 = CARTESIAN_POINT('',(-2.355249541612,-1.462727081799));
#4212 = CARTESIAN_POINT('',(-2.74742852796,-1.466581143663));
#4213 = CARTESIAN_POINT('',(-3.532107546499,-1.48060894026));
#4214 = CARTESIAN_POINT('',(-3.924607572894,-1.490782786841));
#4215 = CARTESIAN_POINT('',(-4.317352410054,-1.502462851964));
#4216 = CARTESIAN_POINT('',(-4.710374828018,-1.512986175494));
#4217 = CARTESIAN_POINT('',(-5.103610786774,-1.519365476797));
#4218 = CARTESIAN_POINT('',(-5.496906880186,-1.52031523361));
#4219 = CARTESIAN_POINT('',(-5.890126650655,-1.516461171746));
#4220 = CARTESIAN_POINT('',(-6.28318530718,-1.509447273448));
#4221 = ( GEOMETRIC_REPRESENTATION_CONTEXT(2) 
PARAMETRIC_REPRESENTATION_CONTEXT() REPRESENTATION_CONTEXT('2D SPACE',''
  ) );
#4222 = ORIENTED_EDGE('',*,*,#2244,.T.);
#4223 = ORIENTED_EDGE('',*,*,#4224,.F.);
#4224 = EDGE_CURVE('',#4225,#2245,#4227,.T.);
#4225 = VERTEX_POINT('',#4226);
#4226 = CARTESIAN_POINT('',(-2.140713129266,-2.558091883655,12.25883));
#4227 = SURFACE_CURVE('',#4228,(#4233,#4240),.PCURVE_S1.);
#4228 = ELLIPSE('',#4229,0.418908613391,0.418143255844);
#4229 = AXIS2_PLACEMENT_3D('',#4230,#4231,#4232);
#4230 = CARTESIAN_POINT('',(-2.559239064663,-2.559239064663,12.25883));
#4231 = DIRECTION('',(0.,0.,1.));
#4232 = DIRECTION('',(-0.707106781187,-0.707106781187,0.));
#4233 = PCURVE('',#1873,#4234);
#4234 = DEFINITIONAL_REPRESENTATION('',(#4235),#4239);
#4235 = ELLIPSE('',#4236,0.418908613391,0.418143255844);
#4236 = AXIS2_PLACEMENT_2D('',#4237,#4238);
#4237 = CARTESIAN_POINT('',(-2.559239064663,-2.559239064663));
#4238 = DIRECTION('',(-0.707106781187,-0.707106781187));
#4239 = ( GEOMETRIC_REPRESENTATION_CONTEXT(2) 
PARAMETRIC_REPRESENTATION_CONTEXT() REPRESENTATION_CONTEXT('2D SPACE',''
  ) );
#4240 = PCURVE('',#2310,#4241);
#4241 = DEFINITIONAL_REPRESENTATION('',(#4242),#4259);
#4242 = B_SPLINE_CURVE_WITH_KNOTS('',8,(#4243,#4244,#4245,#4246,#4247,
    #4248,#4249,#4250,#4251,#4252,#4253,#4254,#4255,#4256,#4257,#4258),
  .UNSPECIFIED.,.F.,.F.,(9,7,9),(2.358021147124,5.499613800713,
    8.641206454303),.UNSPECIFIED.);
#4243 = CARTESIAN_POINT('',(8.881784197001E-16,-1.509447273448));
#4244 = CARTESIAN_POINT('',(-0.393058656524,-1.516461171746));
#4245 = CARTESIAN_POINT('',(-0.786278426969,-1.520315233611));
#4246 = CARTESIAN_POINT('',(-1.179574520393,-1.519365476796));
#4247 = CARTESIAN_POINT('',(-1.57281047916,-1.512986175505));
#4248 = CARTESIAN_POINT('',(-1.965832897117,-1.502462851959));
#4249 = CARTESIAN_POINT('',(-2.358577734267,-1.49078278684));
#4250 = CARTESIAN_POINT('',(-2.751077760681,-1.48060894026));
#4251 = CARTESIAN_POINT('',(-3.53575677922,-1.466581143663));
#4252 = CARTESIAN_POINT('',(-3.927935765568,-1.462727081798));
#4253 = CARTESIAN_POINT('',(-4.320038993178,-1.463676838611));
#4254 = CARTESIAN_POINT('',(-4.712202283929,-1.470056139909));
#4255 = CARTESIAN_POINT('',(-5.104576932955,-1.480579463444));
#4256 = CARTESIAN_POINT('',(-5.497229102343,-1.492259528566));
#4257 = CARTESIAN_POINT('',(-5.890126650655,-1.50243337515));
#4258 = CARTESIAN_POINT('',(-6.28318530718,-1.509447273448));
#4259 = ( GEOMETRIC_REPRESENTATION_CONTEXT(2) 
PARAMETRIC_REPRESENTATION_CONTEXT() REPRESENTATION_CONTEXT('2D SPACE',''
  ) );
#4260 = ORIENTED_EDGE('',*,*,#4261,.F.);
#4261 = EDGE_CURVE('',#2368,#4225,#4262,.T.);
#4262 = SURFACE_CURVE('',#4263,(#4268,#4275),.PCURVE_S1.);
#4263 = ELLIPSE('',#4264,0.418908613391,0.418143255844);
#4264 = AXIS2_PLACEMENT_3D('',#4265,#4266,#4267);
#4265 = CARTESIAN_POINT('',(-2.559239064663,-2.559239064663,12.25883));
#4266 = DIRECTION('',(0.,0.,1.));
#4267 = DIRECTION('',(-0.707106781187,-0.707106781187,0.));
#4268 = PCURVE('',#1873,#4269);
#4269 = DEFINITIONAL_REPRESENTATION('',(#4270),#4274);
#4270 = ELLIPSE('',#4271,0.418908613391,0.418143255844);
#4271 = AXIS2_PLACEMENT_2D('',#4272,#4273);
#4272 = CARTESIAN_POINT('',(-2.559239064663,-2.559239064663));
#4273 = DIRECTION('',(-0.707106781187,-0.707106781187));
#4274 = ( GEOMETRIC_REPRESENTATION_CONTEXT(2) 
PARAMETRIC_REPRESENTATION_CONTEXT() REPRESENTATION_CONTEXT('2D SPACE',''
  ) );
#4275 = PCURVE('',#2310,#4276);
#4276 = DEFINITIONAL_REPRESENTATION('',(#4277),#4294);
#4277 = B_SPLINE_CURVE_WITH_KNOTS('',8,(#4278,#4279,#4280,#4281,#4282,
    #4283,#4284,#4285,#4286,#4287,#4288,#4289,#4290,#4291,#4292,#4293),
  .UNSPECIFIED.,.F.,.F.,(9,7,9),(2.358021147124,5.499613800713,
    8.641206454303),.UNSPECIFIED.);
#4278 = CARTESIAN_POINT('',(8.881784197001E-16,-1.509447273448));
#4279 = CARTESIAN_POINT('',(-0.393058656524,-1.516461171746));
#4280 = CARTESIAN_POINT('',(-0.786278426969,-1.520315233611));
#4281 = CARTESIAN_POINT('',(-1.179574520393,-1.519365476796));
#4282 = CARTESIAN_POINT('',(-1.57281047916,-1.512986175505));
#4283 = CARTESIAN_POINT('',(-1.965832897117,-1.502462851959));
#4284 = CARTESIAN_POINT('',(-2.358577734267,-1.49078278684));
#4285 = CARTESIAN_POINT('',(-2.751077760681,-1.48060894026));
#4286 = CARTESIAN_POINT('',(-3.53575677922,-1.466581143663));
#4287 = CARTESIAN_POINT('',(-3.927935765568,-1.462727081798));
#4288 = CARTESIAN_POINT('',(-4.320038993178,-1.463676838611));
#4289 = CARTESIAN_POINT('',(-4.712202283929,-1.470056139909));
#4290 = CARTESIAN_POINT('',(-5.104576932955,-1.480579463444));
#4291 = CARTESIAN_POINT('',(-5.497229102343,-1.492259528566));
#4292 = CARTESIAN_POINT('',(-5.890126650655,-1.50243337515));
#4293 = CARTESIAN_POINT('',(-6.28318530718,-1.509447273448));
#4294 = ( GEOMETRIC_REPRESENTATION_CONTEXT(2) 
PARAMETRIC_REPRESENTATION_CONTEXT() REPRESENTATION_CONTEXT('2D SPACE',''
  ) );
#4295 = ORIENTED_EDGE('',*,*,#2429,.T.);
#4296 = ORIENTED_EDGE('',*,*,#4297,.F.);
#4297 = EDGE_CURVE('',#4298,#2430,#4300,.T.);
#4298 = VERTEX_POINT('',#4299);
#4299 = CARTESIAN_POINT('',(2.558091883655,-2.140713129266,12.25883));
#4300 = SURFACE_CURVE('',#4301,(#4306,#4313),.PCURVE_S1.);
#4301 = ELLIPSE('',#4302,0.418908613391,0.418143255844);
#4302 = AXIS2_PLACEMENT_3D('',#4303,#4304,#4305);
#4303 = CARTESIAN_POINT('',(2.559239064663,-2.559239064663,12.25883));
#4304 = DIRECTION('',(0.,0.,1.));
#4305 = DIRECTION('',(0.707106781187,-0.707106781187,0.));
#4306 = PCURVE('',#1873,#4307);
#4307 = DEFINITIONAL_REPRESENTATION('',(#4308),#4312);
#4308 = ELLIPSE('',#4309,0.418908613391,0.418143255844);
#4309 = AXIS2_PLACEMENT_2D('',#4310,#4311);
#4310 = CARTESIAN_POINT('',(2.559239064663,-2.559239064663));
#4311 = DIRECTION('',(0.707106781187,-0.707106781187));
#4312 = ( GEOMETRIC_REPRESENTATION_CONTEXT(2) 
PARAMETRIC_REPRESENTATION_CONTEXT() REPRESENTATION_CONTEXT('2D SPACE',''
  ) );
#4313 = PCURVE('',#2495,#4314);
#4314 = DEFINITIONAL_REPRESENTATION('',(#4315),#4332);
#4315 = B_SPLINE_CURVE_WITH_KNOTS('',8,(#4316,#4317,#4318,#4319,#4320,
    #4321,#4322,#4323,#4324,#4325,#4326,#4327,#4328,#4329,#4330,#4331),
  .UNSPECIFIED.,.F.,.F.,(9,7,9),(2.358021147124,5.499613800713,
    8.641206454303),.UNSPECIFIED.);
#4316 = CARTESIAN_POINT('',(0.,-1.509447273448));
#4317 = CARTESIAN_POINT('',(-0.393058656524,-1.516461171746));
#4318 = CARTESIAN_POINT('',(-0.786278426986,-1.520315233611));
#4319 = CARTESIAN_POINT('',(-1.179574520366,-1.519365476796));
#4320 = CARTESIAN_POINT('',(-1.572810479196,-1.512986175505));
#4321 = CARTESIAN_POINT('',(-1.965832897085,-1.502462851959));
#4322 = CARTESIAN_POINT('',(-2.358577734281,-1.49078278684));
#4323 = CARTESIAN_POINT('',(-2.751077760681,-1.48060894026));
#4324 = CARTESIAN_POINT('',(-3.53575677922,-1.466581143663));
#4325 = CARTESIAN_POINT('',(-3.927935765553,-1.462727081798));
#4326 = CARTESIAN_POINT('',(-4.320038993228,-1.463676838611));
#4327 = CARTESIAN_POINT('',(-4.712202283816,-1.470056139909));
#4328 = CARTESIAN_POINT('',(-5.104576933005,-1.480579463444));
#4329 = CARTESIAN_POINT('',(-5.497229102332,-1.492259528566));
#4330 = CARTESIAN_POINT('',(-5.890126650655,-1.50243337515));
#4331 = CARTESIAN_POINT('',(-6.28318530718,-1.509447273448));
#4332 = ( GEOMETRIC_REPRESENTATION_CONTEXT(2) 
PARAMETRIC_REPRESENTATION_CONTEXT() REPRESENTATION_CONTEXT('2D SPACE',''
  ) );
#4333 = ORIENTED_EDGE('',*,*,#4334,.F.);
#4334 = EDGE_CURVE('',#2553,#4298,#4335,.T.);
#4335 = SURFACE_CURVE('',#4336,(#4341,#4348),.PCURVE_S1.);
#4336 = ELLIPSE('',#4337,0.418908613391,0.418143255844);
#4337 = AXIS2_PLACEMENT_3D('',#4338,#4339,#4340);
#4338 = CARTESIAN_POINT('',(2.559239064663,-2.559239064663,12.25883));
#4339 = DIRECTION('',(0.,0.,1.));
#4340 = DIRECTION('',(0.707106781187,-0.707106781187,0.));
#4341 = PCURVE('',#1873,#4342);
#4342 = DEFINITIONAL_REPRESENTATION('',(#4343),#4347);
#4343 = ELLIPSE('',#4344,0.418908613391,0.418143255844);
#4344 = AXIS2_PLACEMENT_2D('',#4345,#4346);
#4345 = CARTESIAN_POINT('',(2.559239064663,-2.559239064663));
#4346 = DIRECTION('',(0.707106781187,-0.707106781187));
#4347 = ( GEOMETRIC_REPRESENTATION_CONTEXT(2) 
PARAMETRIC_REPRESENTATION_CONTEXT() REPRESENTATION_CONTEXT('2D SPACE',''
  ) );
#4348 = PCURVE('',#2495,#4349);
#4349 = DEFINITIONAL_REPRESENTATION('',(#4350),#4367);
#4350 = B_SPLINE_CURVE_WITH_KNOTS('',8,(#4351,#4352,#4353,#4354,#4355,
    #4356,#4357,#4358,#4359,#4360,#4361,#4362,#4363,#4364,#4365,#4366),
  .UNSPECIFIED.,.F.,.F.,(9,7,9),(2.358021147124,5.499613800713,
    8.641206454303),.UNSPECIFIED.);
#4351 = CARTESIAN_POINT('',(0.,-1.509447273448));
#4352 = CARTESIAN_POINT('',(-0.393058656524,-1.516461171746));
#4353 = CARTESIAN_POINT('',(-0.786278426986,-1.520315233611));
#4354 = CARTESIAN_POINT('',(-1.179574520366,-1.519365476796));
#4355 = CARTESIAN_POINT('',(-1.572810479196,-1.512986175505));
#4356 = CARTESIAN_POINT('',(-1.965832897085,-1.502462851959));
#4357 = CARTESIAN_POINT('',(-2.358577734281,-1.49078278684));
#4358 = CARTESIAN_POINT('',(-2.751077760681,-1.48060894026));
#4359 = CARTESIAN_POINT('',(-3.53575677922,-1.466581143663));
#4360 = CARTESIAN_POINT('',(-3.927935765553,-1.462727081798));
#4361 = CARTESIAN_POINT('',(-4.320038993228,-1.463676838611));
#4362 = CARTESIAN_POINT('',(-4.712202283816,-1.470056139909));
#4363 = CARTESIAN_POINT('',(-5.104576933005,-1.480579463444));
#4364 = CARTESIAN_POINT('',(-5.497229102332,-1.492259528566));
#4365 = CARTESIAN_POINT('',(-5.890126650655,-1.50243337515));
#4366 = CARTESIAN_POINT('',(-6.28318530718,-1.509447273448));
#4367 = ( GEOMETRIC_REPRESENTATION_CONTEXT(2) 
PARAMETRIC_REPRESENTATION_CONTEXT() REPRESENTATION_CONTEXT('2D SPACE',''
  ) );
#4368 = FACE_BOUND('',#4369,.T.);
#4369 = EDGE_LOOP('',(#4370));
#4370 = ORIENTED_EDGE('',*,*,#4371,.T.);
#4371 = EDGE_CURVE('',#4372,#4372,#4374,.T.);
#4372 = VERTEX_POINT('',#4373);
#4373 = CARTESIAN_POINT('',(3.03188,0.,12.25883));
#4374 = SURFACE_CURVE('',#4375,(#4380,#4391),.PCURVE_S1.);
#4375 = CIRCLE('',#4376,3.03188);
#4376 = AXIS2_PLACEMENT_3D('',#4377,#4378,#4379);
#4377 = CARTESIAN_POINT('',(0.,0.,12.25883));
#4378 = DIRECTION('',(0.,0.,-1.));
#4379 = DIRECTION('',(1.,0.,0.));
#4380 = PCURVE('',#1873,#4381);
#4381 = DEFINITIONAL_REPRESENTATION('',(#4382),#4390);
#4382 = ( BOUNDED_CURVE() B_SPLINE_CURVE(2,(#4383,#4384,#4385,#4386,
#4387,#4388,#4389),.UNSPECIFIED.,.T.,.F.) B_SPLINE_CURVE_WITH_KNOTS((1,2
    ,2,2,2,1),(-2.094395102393,0.,2.094395102393,4.188790204786,
6.28318530718,8.377580409573),.UNSPECIFIED.) CURVE() 
GEOMETRIC_REPRESENTATION_ITEM() RATIONAL_B_SPLINE_CURVE((1.,0.5,1.,0.5,
1.,0.5,1.)) REPRESENTATION_ITEM('') );
#4383 = CARTESIAN_POINT('',(3.03188,-3.553785842766E-16));
#4384 = CARTESIAN_POINT('',(3.03188,-5.251370202452));
#4385 = CARTESIAN_POINT('',(-1.51594,-2.625685101226));
#4386 = CARTESIAN_POINT('',(-6.06376,-1.097975011756E-15));
#4387 = CARTESIAN_POINT('',(-1.51594,2.625685101226));
#4388 = CARTESIAN_POINT('',(3.03188,5.251370202452));
#4389 = CARTESIAN_POINT('',(3.03188,-3.553785842766E-16));
#4390 = ( GEOMETRIC_REPRESENTATION_CONTEXT(2) 
PARAMETRIC_REPRESENTATION_CONTEXT() REPRESENTATION_CONTEXT('2D SPACE',''
  ) );
#4391 = PCURVE('',#4392,#4397);
#4392 = CYLINDRICAL_SURFACE('',#4393,3.03188);
#4393 = AXIS2_PLACEMENT_3D('',#4394,#4395,#4396);
#4394 = CARTESIAN_POINT('',(0.,0.,10.7));
#4395 = DIRECTION('',(-0.,-0.,-1.));
#4396 = DIRECTION('',(1.,0.,0.));
#4397 = DEFINITIONAL_REPRESENTATION('',(#4398),#4402);
#4398 = LINE('',#4399,#4400);
#4399 = CARTESIAN_POINT('',(-6.28318530718,-1.55883));
#4400 = VECTOR('',#4401,1.);
#4401 = DIRECTION('',(1.,-0.));
#4402 = ( GEOMETRIC_REPRESENTATION_CONTEXT(2) 
PARAMETRIC_REPRESENTATION_CONTEXT() REPRESENTATION_CONTEXT('2D SPACE',''
  ) );
#4403 = ADVANCED_FACE('',(#4404),#2495,.T.);
#4404 = FACE_BOUND('',#4405,.T.);
#4405 = EDGE_LOOP('',(#4406,#4429,#4456,#4457,#4458,#4459,#4481,#4482));
#4406 = ORIENTED_EDGE('',*,*,#4407,.T.);
#4407 = EDGE_CURVE('',#4298,#4408,#4410,.T.);
#4408 = VERTEX_POINT('',#4409);
#4409 = CARTESIAN_POINT('',(2.424577228807,-2.07389816516,
    15.381723524087));
#4410 = SEAM_CURVE('',#4411,(#4415,#4422),.PCURVE_S1.);
#4411 = LINE('',#4412,#4413);
#4412 = CARTESIAN_POINT('',(2.622567127539,-2.172978584402,
    10.750760928317));
#4413 = VECTOR('',#4414,1.);
#4414 = DIRECTION('',(-4.27047330183E-02,2.137080163261E-02,
    0.998859146534));
#4415 = PCURVE('',#2495,#4416);
#4416 = DEFINITIONAL_REPRESENTATION('',(#4417),#4421);
#4417 = LINE('',#4418,#4419);
#4418 = CARTESIAN_POINT('',(-6.28318530718,0.));
#4419 = VECTOR('',#4420,1.);
#4420 = DIRECTION('',(-0.,-1.));
#4421 = ( GEOMETRIC_REPRESENTATION_CONTEXT(2) 
PARAMETRIC_REPRESENTATION_CONTEXT() REPRESENTATION_CONTEXT('2D SPACE',''
  ) );
#4422 = PCURVE('',#2495,#4423);
#4423 = DEFINITIONAL_REPRESENTATION('',(#4424),#4428);
#4424 = LINE('',#4425,#4426);
#4425 = CARTESIAN_POINT('',(0.,-0.));
#4426 = VECTOR('',#4427,1.);
#4427 = DIRECTION('',(-0.,-1.));
#4428 = ( GEOMETRIC_REPRESENTATION_CONTEXT(2) 
PARAMETRIC_REPRESENTATION_CONTEXT() REPRESENTATION_CONTEXT('2D SPACE',''
  ) );
#4429 = ORIENTED_EDGE('',*,*,#4430,.F.);
#4430 = EDGE_CURVE('',#4408,#4408,#4431,.T.);
#4431 = SURFACE_CURVE('',#4432,(#4437,#4444),.PCURVE_S1.);
#4432 = CIRCLE('',#4433,0.351);
#4433 = AXIS2_PLACEMENT_3D('',#4434,#4435,#4436);
#4434 = CARTESIAN_POINT('',(2.424577228807,-2.424577228807,15.39673));
#4435 = DIRECTION('',(-4.27144723893E-02,4.271447238931E-02,
    0.998173806357));
#4436 = DIRECTION('',(0.,0.999085651417,-4.275349262848E-02));
#4437 = PCURVE('',#2495,#4438);
#4438 = DEFINITIONAL_REPRESENTATION('',(#4439),#4443);
#4439 = LINE('',#4440,#4441);
#4440 = CARTESIAN_POINT('',(-0.,-4.635194763211));
#4441 = VECTOR('',#4442,1.);
#4442 = DIRECTION('',(-1.,-0.));
#4443 = ( GEOMETRIC_REPRESENTATION_CONTEXT(2) 
PARAMETRIC_REPRESENTATION_CONTEXT() REPRESENTATION_CONTEXT('2D SPACE',''
  ) );
#4444 = PCURVE('',#4445,#4450);
#4445 = PLANE('',#4446);
#4446 = AXIS2_PLACEMENT_3D('',#4447,#4448,#4449);
#4447 = CARTESIAN_POINT('',(2.424577228807,-2.424577228807,15.39673));
#4448 = DIRECTION('',(-4.27144723893E-02,4.271447238931E-02,
    0.998173806357));
#4449 = DIRECTION('',(0.,0.999085651417,-4.275349262848E-02));
#4450 = DEFINITIONAL_REPRESENTATION('',(#4451),#4455);
#4451 = CIRCLE('',#4452,0.351);
#4452 = AXIS2_PLACEMENT_2D('',#4453,#4454);
#4453 = CARTESIAN_POINT('',(0.,0.));
#4454 = DIRECTION('',(1.,0.));
#4455 = ( GEOMETRIC_REPRESENTATION_CONTEXT(2) 
PARAMETRIC_REPRESENTATION_CONTEXT() REPRESENTATION_CONTEXT('2D SPACE',''
  ) );
#4456 = ORIENTED_EDGE('',*,*,#4407,.F.);
#4457 = ORIENTED_EDGE('',*,*,#4297,.T.);
#4458 = ORIENTED_EDGE('',*,*,#2453,.F.);
#4459 = ORIENTED_EDGE('',*,*,#4460,.T.);
#4460 = EDGE_CURVE('',#2454,#2521,#4461,.T.);
#4461 = SURFACE_CURVE('',#4462,(#4467,#4474),.PCURVE_S1.);
#4462 = CIRCLE('',#4463,0.45);
#4463 = AXIS2_PLACEMENT_3D('',#4464,#4465,#4466);
#4464 = CARTESIAN_POINT('',(2.622567127539,-2.622567127539,10.77));
#4465 = DIRECTION('',(-4.27144723893E-02,4.271447238931E-02,
    0.998173806357));
#4466 = DIRECTION('',(0.,0.999085651417,-4.275349262848E-02));
#4467 = PCURVE('',#2495,#4468);
#4468 = DEFINITIONAL_REPRESENTATION('',(#4469),#4473);
#4469 = LINE('',#4470,#4471);
#4470 = CARTESIAN_POINT('',(-0.,-0.));
#4471 = VECTOR('',#4472,1.);
#4472 = DIRECTION('',(-1.,-0.));
#4473 = ( GEOMETRIC_REPRESENTATION_CONTEXT(2) 
PARAMETRIC_REPRESENTATION_CONTEXT() REPRESENTATION_CONTEXT('2D SPACE',''
  ) );
#4474 = PCURVE('',#2540,#4475);
#4475 = DEFINITIONAL_REPRESENTATION('',(#4476),#4480);
#4476 = CIRCLE('',#4477,0.45);
#4477 = AXIS2_PLACEMENT_2D('',#4478,#4479);
#4478 = CARTESIAN_POINT('',(0.,0.));
#4479 = DIRECTION('',(1.,0.));
#4480 = ( GEOMETRIC_REPRESENTATION_CONTEXT(2) 
PARAMETRIC_REPRESENTATION_CONTEXT() REPRESENTATION_CONTEXT('2D SPACE',''
  ) );
#4481 = ORIENTED_EDGE('',*,*,#2552,.F.);
#4482 = ORIENTED_EDGE('',*,*,#4334,.T.);
#4483 = ADVANCED_FACE('',(#4484),#2540,.F.);
#4484 = FACE_BOUND('',#4485,.F.);
#4485 = EDGE_LOOP('',(#4486,#4487));
#4486 = ORIENTED_EDGE('',*,*,#2520,.F.);
#4487 = ORIENTED_EDGE('',*,*,#4460,.T.);
#4488 = ADVANCED_FACE('',(#4489),#2310,.T.);
#4489 = FACE_BOUND('',#4490,.T.);
#4490 = EDGE_LOOP('',(#4491,#4514,#4541,#4542,#4543,#4544,#4566,#4567));
#4491 = ORIENTED_EDGE('',*,*,#4492,.T.);
#4492 = EDGE_CURVE('',#4225,#4493,#4495,.T.);
#4493 = VERTEX_POINT('',#4494);
#4494 = CARTESIAN_POINT('',(-2.07389816516,-2.424577228807,
    15.381723524087));
#4495 = SEAM_CURVE('',#4496,(#4500,#4507),.PCURVE_S1.);
#4496 = LINE('',#4497,#4498);
#4497 = CARTESIAN_POINT('',(-2.172978584402,-2.622567127539,
    10.750760928317));
#4498 = VECTOR('',#4499,1.);
#4499 = DIRECTION('',(2.137080163261E-02,4.27047330183E-02,
    0.998859146534));
#4500 = PCURVE('',#2310,#4501);
#4501 = DEFINITIONAL_REPRESENTATION('',(#4502),#4506);
#4502 = LINE('',#4503,#4504);
#4503 = CARTESIAN_POINT('',(-6.28318530718,0.));
#4504 = VECTOR('',#4505,1.);
#4505 = DIRECTION('',(-0.,-1.));
#4506 = ( GEOMETRIC_REPRESENTATION_CONTEXT(2) 
PARAMETRIC_REPRESENTATION_CONTEXT() REPRESENTATION_CONTEXT('2D SPACE',''
  ) );
#4507 = PCURVE('',#2310,#4508);
#4508 = DEFINITIONAL_REPRESENTATION('',(#4509),#4513);
#4509 = LINE('',#4510,#4511);
#4510 = CARTESIAN_POINT('',(0.,-0.));
#4511 = VECTOR('',#4512,1.);
#4512 = DIRECTION('',(-0.,-1.));
#4513 = ( GEOMETRIC_REPRESENTATION_CONTEXT(2) 
PARAMETRIC_REPRESENTATION_CONTEXT() REPRESENTATION_CONTEXT('2D SPACE',''
  ) );
#4514 = ORIENTED_EDGE('',*,*,#4515,.F.);
#4515 = EDGE_CURVE('',#4493,#4493,#4516,.T.);
#4516 = SURFACE_CURVE('',#4517,(#4522,#4529),.PCURVE_S1.);
#4517 = CIRCLE('',#4518,0.351);
#4518 = AXIS2_PLACEMENT_3D('',#4519,#4520,#4521);
#4519 = CARTESIAN_POINT('',(-2.424577228807,-2.424577228807,15.39673));
#4520 = DIRECTION('',(4.271447238931E-02,4.27144723893E-02,
    0.998173806357));
#4521 = DIRECTION('',(0.999085651417,0.,-4.275349262848E-02));
#4522 = PCURVE('',#2310,#4523);
#4523 = DEFINITIONAL_REPRESENTATION('',(#4524),#4528);
#4524 = LINE('',#4525,#4526);
#4525 = CARTESIAN_POINT('',(-0.,-4.635194763211));
#4526 = VECTOR('',#4527,1.);
#4527 = DIRECTION('',(-1.,-0.));
#4528 = ( GEOMETRIC_REPRESENTATION_CONTEXT(2) 
PARAMETRIC_REPRESENTATION_CONTEXT() REPRESENTATION_CONTEXT('2D SPACE',''
  ) );
#4529 = PCURVE('',#4530,#4535);
#4530 = PLANE('',#4531);
#4531 = AXIS2_PLACEMENT_3D('',#4532,#4533,#4534);
#4532 = CARTESIAN_POINT('',(-2.424577228807,-2.424577228807,15.39673));
#4533 = DIRECTION('',(4.271447238931E-02,4.27144723893E-02,
    0.998173806357));
#4534 = DIRECTION('',(0.999085651417,0.,-4.275349262848E-02));
#4535 = DEFINITIONAL_REPRESENTATION('',(#4536),#4540);
#4536 = CIRCLE('',#4537,0.351);
#4537 = AXIS2_PLACEMENT_2D('',#4538,#4539);
#4538 = CARTESIAN_POINT('',(0.,0.));
#4539 = DIRECTION('',(1.,0.));
#4540 = ( GEOMETRIC_REPRESENTATION_CONTEXT(2) 
PARAMETRIC_REPRESENTATION_CONTEXT() REPRESENTATION_CONTEXT('2D SPACE',''
  ) );
#4541 = ORIENTED_EDGE('',*,*,#4492,.F.);
#4542 = ORIENTED_EDGE('',*,*,#4224,.T.);
#4543 = ORIENTED_EDGE('',*,*,#2268,.F.);
#4544 = ORIENTED_EDGE('',*,*,#4545,.T.);
#4545 = EDGE_CURVE('',#2269,#2336,#4546,.T.);
#4546 = SURFACE_CURVE('',#4547,(#4552,#4559),.PCURVE_S1.);
#4547 = CIRCLE('',#4548,0.45);
#4548 = AXIS2_PLACEMENT_3D('',#4549,#4550,#4551);
#4549 = CARTESIAN_POINT('',(-2.622567127539,-2.622567127539,10.77));
#4550 = DIRECTION('',(4.271447238931E-02,4.27144723893E-02,
    0.998173806357));
#4551 = DIRECTION('',(0.999085651417,0.,-4.275349262848E-02));
#4552 = PCURVE('',#2310,#4553);
#4553 = DEFINITIONAL_REPRESENTATION('',(#4554),#4558);
#4554 = LINE('',#4555,#4556);
#4555 = CARTESIAN_POINT('',(-0.,-0.));
#4556 = VECTOR('',#4557,1.);
#4557 = DIRECTION('',(-1.,-0.));
#4558 = ( GEOMETRIC_REPRESENTATION_CONTEXT(2) 
PARAMETRIC_REPRESENTATION_CONTEXT() REPRESENTATION_CONTEXT('2D SPACE',''
  ) );
#4559 = PCURVE('',#2355,#4560);
#4560 = DEFINITIONAL_REPRESENTATION('',(#4561),#4565);
#4561 = CIRCLE('',#4562,0.45);
#4562 = AXIS2_PLACEMENT_2D('',#4563,#4564);
#4563 = CARTESIAN_POINT('',(0.,0.));
#4564 = DIRECTION('',(1.,0.));
#4565 = ( GEOMETRIC_REPRESENTATION_CONTEXT(2) 
PARAMETRIC_REPRESENTATION_CONTEXT() REPRESENTATION_CONTEXT('2D SPACE',''
  ) );
#4566 = ORIENTED_EDGE('',*,*,#2367,.F.);
#4567 = ORIENTED_EDGE('',*,*,#4261,.T.);
#4568 = ADVANCED_FACE('',(#4569),#2355,.F.);
#4569 = FACE_BOUND('',#4570,.F.);
#4570 = EDGE_LOOP('',(#4571,#4572));
#4571 = ORIENTED_EDGE('',*,*,#2335,.F.);
#4572 = ORIENTED_EDGE('',*,*,#4545,.T.);
#4573 = ADVANCED_FACE('',(#4574),#2125,.T.);
#4574 = FACE_BOUND('',#4575,.T.);
#4575 = EDGE_LOOP('',(#4576,#4599,#4626,#4627,#4628,#4629,#4651,#4652));
#4576 = ORIENTED_EDGE('',*,*,#4577,.T.);
#4577 = EDGE_CURVE('',#4152,#4578,#4580,.T.);
#4578 = VERTEX_POINT('',#4579);
#4579 = CARTESIAN_POINT('',(-2.07389816516,2.424577228807,
    15.381723524087));
#4580 = SEAM_CURVE('',#4581,(#4585,#4592),.PCURVE_S1.);
#4581 = LINE('',#4582,#4583);
#4582 = CARTESIAN_POINT('',(-2.172978584402,2.622567127539,
    10.750760928317));
#4583 = VECTOR('',#4584,1.);
#4584 = DIRECTION('',(2.137080163261E-02,-4.27047330183E-02,
    0.998859146534));
#4585 = PCURVE('',#2125,#4586);
#4586 = DEFINITIONAL_REPRESENTATION('',(#4587),#4591);
#4587 = LINE('',#4588,#4589);
#4588 = CARTESIAN_POINT('',(-6.28318530718,0.));
#4589 = VECTOR('',#4590,1.);
#4590 = DIRECTION('',(-0.,-1.));
#4591 = ( GEOMETRIC_REPRESENTATION_CONTEXT(2) 
PARAMETRIC_REPRESENTATION_CONTEXT() REPRESENTATION_CONTEXT('2D SPACE',''
  ) );
#4592 = PCURVE('',#2125,#4593);
#4593 = DEFINITIONAL_REPRESENTATION('',(#4594),#4598);
#4594 = LINE('',#4595,#4596);
#4595 = CARTESIAN_POINT('',(0.,-0.));
#4596 = VECTOR('',#4597,1.);
#4597 = DIRECTION('',(-0.,-1.));
#4598 = ( GEOMETRIC_REPRESENTATION_CONTEXT(2) 
PARAMETRIC_REPRESENTATION_CONTEXT() REPRESENTATION_CONTEXT('2D SPACE',''
  ) );
#4599 = ORIENTED_EDGE('',*,*,#4600,.F.);
#4600 = EDGE_CURVE('',#4578,#4578,#4601,.T.);
#4601 = SURFACE_CURVE('',#4602,(#4607,#4614),.PCURVE_S1.);
#4602 = CIRCLE('',#4603,0.351);
#4603 = AXIS2_PLACEMENT_3D('',#4604,#4605,#4606);
#4604 = CARTESIAN_POINT('',(-2.424577228807,2.424577228807,15.39673));
#4605 = DIRECTION('',(4.27144723893E-02,-4.27144723893E-02,
    0.998173806357));
#4606 = DIRECTION('',(0.999085651417,2.168404344971E-19,
    -4.275349262848E-02));
#4607 = PCURVE('',#2125,#4608);
#4608 = DEFINITIONAL_REPRESENTATION('',(#4609),#4613);
#4609 = LINE('',#4610,#4611);
#4610 = CARTESIAN_POINT('',(-0.,-4.635194763211));
#4611 = VECTOR('',#4612,1.);
#4612 = DIRECTION('',(-1.,-0.));
#4613 = ( GEOMETRIC_REPRESENTATION_CONTEXT(2) 
PARAMETRIC_REPRESENTATION_CONTEXT() REPRESENTATION_CONTEXT('2D SPACE',''
  ) );
#4614 = PCURVE('',#4615,#4620);
#4615 = PLANE('',#4616);
#4616 = AXIS2_PLACEMENT_3D('',#4617,#4618,#4619);
#4617 = CARTESIAN_POINT('',(-2.424577228807,2.424577228807,15.39673));
#4618 = DIRECTION('',(4.27144723893E-02,-4.27144723893E-02,
    0.998173806357));
#4619 = DIRECTION('',(0.999085651417,2.168404344971E-19,
    -4.275349262848E-02));
#4620 = DEFINITIONAL_REPRESENTATION('',(#4621),#4625);
#4621 = CIRCLE('',#4622,0.351);
#4622 = AXIS2_PLACEMENT_2D('',#4623,#4624);
#4623 = CARTESIAN_POINT('',(0.,0.));
#4624 = DIRECTION('',(1.,0.));
#4625 = ( GEOMETRIC_REPRESENTATION_CONTEXT(2) 
PARAMETRIC_REPRESENTATION_CONTEXT() REPRESENTATION_CONTEXT('2D SPACE',''
  ) );
#4626 = ORIENTED_EDGE('',*,*,#4577,.F.);
#4627 = ORIENTED_EDGE('',*,*,#4151,.T.);
#4628 = ORIENTED_EDGE('',*,*,#2083,.F.);
#4629 = ORIENTED_EDGE('',*,*,#4630,.T.);
#4630 = EDGE_CURVE('',#2084,#2151,#4631,.T.);
#4631 = SURFACE_CURVE('',#4632,(#4637,#4644),.PCURVE_S1.);
#4632 = CIRCLE('',#4633,0.45);
#4633 = AXIS2_PLACEMENT_3D('',#4634,#4635,#4636);
#4634 = CARTESIAN_POINT('',(-2.622567127539,2.622567127539,10.77));
#4635 = DIRECTION('',(4.27144723893E-02,-4.27144723893E-02,
    0.998173806357));
#4636 = DIRECTION('',(0.999085651417,2.168404344971E-19,
    -4.275349262848E-02));
#4637 = PCURVE('',#2125,#4638);
#4638 = DEFINITIONAL_REPRESENTATION('',(#4639),#4643);
#4639 = LINE('',#4640,#4641);
#4640 = CARTESIAN_POINT('',(-0.,-0.));
#4641 = VECTOR('',#4642,1.);
#4642 = DIRECTION('',(-1.,-0.));
#4643 = ( GEOMETRIC_REPRESENTATION_CONTEXT(2) 
PARAMETRIC_REPRESENTATION_CONTEXT() REPRESENTATION_CONTEXT('2D SPACE',''
  ) );
#4644 = PCURVE('',#2170,#4645);
#4645 = DEFINITIONAL_REPRESENTATION('',(#4646),#4650);
#4646 = CIRCLE('',#4647,0.45);
#4647 = AXIS2_PLACEMENT_2D('',#4648,#4649);
#4648 = CARTESIAN_POINT('',(0.,0.));
#4649 = DIRECTION('',(1.,0.));
#4650 = ( GEOMETRIC_REPRESENTATION_CONTEXT(2) 
PARAMETRIC_REPRESENTATION_CONTEXT() REPRESENTATION_CONTEXT('2D SPACE',''
  ) );
#4651 = ORIENTED_EDGE('',*,*,#2182,.F.);
#4652 = ORIENTED_EDGE('',*,*,#4188,.T.);
#4653 = ADVANCED_FACE('',(#4654),#2170,.F.);
#4654 = FACE_BOUND('',#4655,.F.);
#4655 = EDGE_LOOP('',(#4656,#4657));
#4656 = ORIENTED_EDGE('',*,*,#2150,.F.);
#4657 = ORIENTED_EDGE('',*,*,#4630,.T.);
#4658 = ADVANCED_FACE('',(#4659),#1909,.T.);
#4659 = FACE_BOUND('',#4660,.T.);
#4660 = EDGE_LOOP('',(#4661,#4662,#4663,#4686,#4708,#4709,#4710,#4733,
    #4760));
#4661 = ORIENTED_EDGE('',*,*,#4078,.T.);
#4662 = ORIENTED_EDGE('',*,*,#1885,.F.);
#4663 = ORIENTED_EDGE('',*,*,#4664,.F.);
#4664 = EDGE_CURVE('',#4665,#1886,#4667,.T.);
#4665 = VERTEX_POINT('',#4666);
#4666 = CARTESIAN_POINT('',(3.072155670677,2.622567127539,
    10.789239071683));
#4667 = SURFACE_CURVE('',#4668,(#4672,#4679),.PCURVE_S1.);
#4668 = LINE('',#4669,#4670);
#4669 = CARTESIAN_POINT('',(3.072155670677,2.622567127539,
    10.789239071683));
#4670 = VECTOR('',#4671,1.);
#4671 = DIRECTION('',(-6.403866440399E-02,-4.27047330183E-02,
    0.997033276897));
#4672 = PCURVE('',#1909,#4673);
#4673 = DEFINITIONAL_REPRESENTATION('',(#4674),#4678);
#4674 = LINE('',#4675,#4676);
#4675 = CARTESIAN_POINT('',(0.,-0.));
#4676 = VECTOR('',#4677,1.);
#4677 = DIRECTION('',(-0.,-1.));
#4678 = ( GEOMETRIC_REPRESENTATION_CONTEXT(2) 
PARAMETRIC_REPRESENTATION_CONTEXT() REPRESENTATION_CONTEXT('2D SPACE',''
  ) );
#4679 = PCURVE('',#1949,#4680);
#4680 = DEFINITIONAL_REPRESENTATION('',(#4681),#4685);
#4681 = LINE('',#4682,#4683);
#4682 = CARTESIAN_POINT('',(-6.28318530718,0.));
#4683 = VECTOR('',#4684,1.);
#4684 = DIRECTION('',(-0.,-1.));
#4685 = ( GEOMETRIC_REPRESENTATION_CONTEXT(2) 
PARAMETRIC_REPRESENTATION_CONTEXT() REPRESENTATION_CONTEXT('2D SPACE',''
  ) );
#4686 = ORIENTED_EDGE('',*,*,#4687,.T.);
#4687 = EDGE_CURVE('',#4665,#1966,#4688,.T.);
#4688 = SURFACE_CURVE('',#4689,(#4694,#4701),.PCURVE_S1.);
#4689 = CIRCLE('',#4690,0.45);
#4690 = AXIS2_PLACEMENT_3D('',#4691,#4692,#4693);
#4691 = CARTESIAN_POINT('',(2.622567127539,2.622567127539,10.77));
#4692 = DIRECTION('',(-4.27144723893E-02,-4.27144723893E-02,
    0.998173806357));
#4693 = DIRECTION('',(0.999085651417,-2.168404344971E-19,
    4.275349262848E-02));
#4694 = PCURVE('',#1909,#4695);
#4695 = DEFINITIONAL_REPRESENTATION('',(#4696),#4700);
#4696 = LINE('',#4697,#4698);
#4697 = CARTESIAN_POINT('',(-0.,-0.));
#4698 = VECTOR('',#4699,1.);
#4699 = DIRECTION('',(-1.,-0.));
#4700 = ( GEOMETRIC_REPRESENTATION_CONTEXT(2) 
PARAMETRIC_REPRESENTATION_CONTEXT() REPRESENTATION_CONTEXT('2D SPACE',''
  ) );
#4701 = PCURVE('',#1985,#4702);
#4702 = DEFINITIONAL_REPRESENTATION('',(#4703),#4707);
#4703 = CIRCLE('',#4704,0.45);
#4704 = AXIS2_PLACEMENT_2D('',#4705,#4706);
#4705 = CARTESIAN_POINT('',(0.,0.));
#4706 = DIRECTION('',(1.,0.));
#4707 = ( GEOMETRIC_REPRESENTATION_CONTEXT(2) 
PARAMETRIC_REPRESENTATION_CONTEXT() REPRESENTATION_CONTEXT('2D SPACE',''
  ) );
#4708 = ORIENTED_EDGE('',*,*,#1997,.F.);
#4709 = ORIENTED_EDGE('',*,*,#4115,.T.);
#4710 = ORIENTED_EDGE('',*,*,#4711,.T.);
#4711 = EDGE_CURVE('',#4079,#4712,#4714,.T.);
#4712 = VERTEX_POINT('',#4713);
#4713 = CARTESIAN_POINT('',(2.775256292455,2.424577228807,
    15.411736475913));
#4714 = SEAM_CURVE('',#4715,(#4719,#4726),.PCURVE_S1.);
#4715 = LINE('',#4716,#4717);
#4716 = CARTESIAN_POINT('',(3.072155670677,2.622567127539,
    10.789239071683));
#4717 = VECTOR('',#4718,1.);
#4718 = DIRECTION('',(-6.403866440399E-02,-4.27047330183E-02,
    0.997033276897));
#4719 = PCURVE('',#1909,#4720);
#4720 = DEFINITIONAL_REPRESENTATION('',(#4721),#4725);
#4721 = LINE('',#4722,#4723);
#4722 = CARTESIAN_POINT('',(-6.28318530718,0.));
#4723 = VECTOR('',#4724,1.);
#4724 = DIRECTION('',(-0.,-1.));
#4725 = ( GEOMETRIC_REPRESENTATION_CONTEXT(2) 
PARAMETRIC_REPRESENTATION_CONTEXT() REPRESENTATION_CONTEXT('2D SPACE',''
  ) );
#4726 = PCURVE('',#1909,#4727);
#4727 = DEFINITIONAL_REPRESENTATION('',(#4728),#4732);
#4728 = LINE('',#4729,#4730);
#4729 = CARTESIAN_POINT('',(0.,-0.));
#4730 = VECTOR('',#4731,1.);
#4731 = DIRECTION('',(-0.,-1.));
#4732 = ( GEOMETRIC_REPRESENTATION_CONTEXT(2) 
PARAMETRIC_REPRESENTATION_CONTEXT() REPRESENTATION_CONTEXT('2D SPACE',''
  ) );
#4733 = ORIENTED_EDGE('',*,*,#4734,.F.);
#4734 = EDGE_CURVE('',#4712,#4712,#4735,.T.);
#4735 = SURFACE_CURVE('',#4736,(#4741,#4748),.PCURVE_S1.);
#4736 = CIRCLE('',#4737,0.351);
#4737 = AXIS2_PLACEMENT_3D('',#4738,#4739,#4740);
#4738 = CARTESIAN_POINT('',(2.424577228807,2.424577228807,15.39673));
#4739 = DIRECTION('',(-4.27144723893E-02,-4.27144723893E-02,
    0.998173806357));
#4740 = DIRECTION('',(0.999085651417,-2.168404344971E-19,
    4.275349262848E-02));
#4741 = PCURVE('',#1909,#4742);
#4742 = DEFINITIONAL_REPRESENTATION('',(#4743),#4747);
#4743 = LINE('',#4744,#4745);
#4744 = CARTESIAN_POINT('',(-0.,-4.635194763211));
#4745 = VECTOR('',#4746,1.);
#4746 = DIRECTION('',(-1.,-0.));
#4747 = ( GEOMETRIC_REPRESENTATION_CONTEXT(2) 
PARAMETRIC_REPRESENTATION_CONTEXT() REPRESENTATION_CONTEXT('2D SPACE',''
  ) );
#4748 = PCURVE('',#4749,#4754);
#4749 = PLANE('',#4750);
#4750 = AXIS2_PLACEMENT_3D('',#4751,#4752,#4753);
#4751 = CARTESIAN_POINT('',(2.424577228807,2.424577228807,15.39673));
#4752 = DIRECTION('',(-4.27144723893E-02,-4.27144723893E-02,
    0.998173806357));
#4753 = DIRECTION('',(0.999085651417,-2.168404344971E-19,
    4.275349262848E-02));
#4754 = DEFINITIONAL_REPRESENTATION('',(#4755),#4759);
#4755 = CIRCLE('',#4756,0.351);
#4756 = AXIS2_PLACEMENT_2D('',#4757,#4758);
#4757 = CARTESIAN_POINT('',(0.,0.));
#4758 = DIRECTION('',(1.,0.));
#4759 = ( GEOMETRIC_REPRESENTATION_CONTEXT(2) 
PARAMETRIC_REPRESENTATION_CONTEXT() REPRESENTATION_CONTEXT('2D SPACE',''
  ) );
#4760 = ORIENTED_EDGE('',*,*,#4711,.F.);
#4761 = ADVANCED_FACE('',(#4762),#1985,.F.);
#4762 = FACE_BOUND('',#4763,.F.);
#4763 = EDGE_LOOP('',(#4764,#4786,#4787));
#4764 = ORIENTED_EDGE('',*,*,#4765,.T.);
#4765 = EDGE_CURVE('',#1926,#4665,#4766,.T.);
#4766 = SURFACE_CURVE('',#4767,(#4772,#4779),.PCURVE_S1.);
#4767 = CIRCLE('',#4768,0.45);
#4768 = AXIS2_PLACEMENT_3D('',#4769,#4770,#4771);
#4769 = CARTESIAN_POINT('',(2.622567127539,2.622567127539,10.77));
#4770 = DIRECTION('',(-4.27144723893E-02,-4.27144723893E-02,
    0.998173806357));
#4771 = DIRECTION('',(0.999085651417,-2.168404344971E-19,
    4.275349262848E-02));
#4772 = PCURVE('',#1985,#4773);
#4773 = DEFINITIONAL_REPRESENTATION('',(#4774),#4778);
#4774 = CIRCLE('',#4775,0.45);
#4775 = AXIS2_PLACEMENT_2D('',#4776,#4777);
#4776 = CARTESIAN_POINT('',(0.,0.));
#4777 = DIRECTION('',(1.,0.));
#4778 = ( GEOMETRIC_REPRESENTATION_CONTEXT(2) 
PARAMETRIC_REPRESENTATION_CONTEXT() REPRESENTATION_CONTEXT('2D SPACE',''
  ) );
#4779 = PCURVE('',#1949,#4780);
#4780 = DEFINITIONAL_REPRESENTATION('',(#4781),#4785);
#4781 = LINE('',#4782,#4783);
#4782 = CARTESIAN_POINT('',(-0.,-0.));
#4783 = VECTOR('',#4784,1.);
#4784 = DIRECTION('',(-1.,-0.));
#4785 = ( GEOMETRIC_REPRESENTATION_CONTEXT(2) 
PARAMETRIC_REPRESENTATION_CONTEXT() REPRESENTATION_CONTEXT('2D SPACE',''
  ) );
#4786 = ORIENTED_EDGE('',*,*,#4687,.T.);
#4787 = ORIENTED_EDGE('',*,*,#1965,.F.);
#4788 = ADVANCED_FACE('',(#4789),#1949,.T.);
#4789 = FACE_BOUND('',#4790,.T.);
#4790 = EDGE_LOOP('',(#4791,#4792,#4793));
#4791 = ORIENTED_EDGE('',*,*,#1925,.F.);
#4792 = ORIENTED_EDGE('',*,*,#4765,.T.);
#4793 = ORIENTED_EDGE('',*,*,#4664,.T.);
#4794 = ADVANCED_FACE('',(#4795),#1781,.T.);
#4795 = FACE_BOUND('',#4796,.T.);
#4796 = EDGE_LOOP('',(#4797,#4798));
#4797 = ORIENTED_EDGE('',*,*,#1760,.F.);
#4798 = ORIENTED_EDGE('',*,*,#4049,.T.);
#4799 = ADVANCED_FACE('',(#4800),#2685,.T.);
#4800 = FACE_BOUND('',#4801,.T.);
#4801 = EDGE_LOOP('',(#4802,#4803,#4804,#4805,#4806));
#4802 = ORIENTED_EDGE('',*,*,#3671,.F.);
#4803 = ORIENTED_EDGE('',*,*,#3978,.T.);
#4804 = ORIENTED_EDGE('',*,*,#2670,.T.);
#4805 = ORIENTED_EDGE('',*,*,#4025,.T.);
#4806 = ORIENTED_EDGE('',*,*,#3206,.F.);
#4807 = ADVANCED_FACE('',(#4808),#2767,.F.);
#4808 = FACE_BOUND('',#4809,.T.);
#4809 = EDGE_LOOP('',(#4810,#4833,#4834,#4835));
#4810 = ORIENTED_EDGE('',*,*,#4811,.F.);
#4811 = EDGE_CURVE('',#2747,#4812,#4814,.T.);
#4812 = VERTEX_POINT('',#4813);
#4813 = CARTESIAN_POINT('',(2.87188,0.,10.7));
#4814 = SEAM_CURVE('',#4815,(#4819,#4826),.PCURVE_S1.);
#4815 = LINE('',#4816,#4817);
#4816 = CARTESIAN_POINT('',(2.87188,0.,10.4));
#4817 = VECTOR('',#4818,1.);
#4818 = DIRECTION('',(0.,0.,1.));
#4819 = PCURVE('',#2767,#4820);
#4820 = DEFINITIONAL_REPRESENTATION('',(#4821),#4825);
#4821 = LINE('',#4822,#4823);
#4822 = CARTESIAN_POINT('',(-6.28318530718,0.));
#4823 = VECTOR('',#4824,1.);
#4824 = DIRECTION('',(-0.,-1.));
#4825 = ( GEOMETRIC_REPRESENTATION_CONTEXT(2) 
PARAMETRIC_REPRESENTATION_CONTEXT() REPRESENTATION_CONTEXT('2D SPACE',''
  ) );
#4826 = PCURVE('',#2767,#4827);
#4827 = DEFINITIONAL_REPRESENTATION('',(#4828),#4832);
#4828 = LINE('',#4829,#4830);
#4829 = CARTESIAN_POINT('',(-0.,0.));
#4830 = VECTOR('',#4831,1.);
#4831 = DIRECTION('',(-0.,-1.));
#4832 = ( GEOMETRIC_REPRESENTATION_CONTEXT(2) 
PARAMETRIC_REPRESENTATION_CONTEXT() REPRESENTATION_CONTEXT('2D SPACE',''
  ) );
#4833 = ORIENTED_EDGE('',*,*,#2746,.T.);
#4834 = ORIENTED_EDGE('',*,*,#4811,.T.);
#4835 = ORIENTED_EDGE('',*,*,#4836,.F.);
#4836 = EDGE_CURVE('',#4812,#4812,#4837,.T.);
#4837 = SURFACE_CURVE('',#4838,(#4843,#4850),.PCURVE_S1.);
#4838 = CIRCLE('',#4839,2.87188);
#4839 = AXIS2_PLACEMENT_3D('',#4840,#4841,#4842);
#4840 = CARTESIAN_POINT('',(0.,0.,10.7));
#4841 = DIRECTION('',(0.,0.,-1.));
#4842 = DIRECTION('',(1.,0.,0.));
#4843 = PCURVE('',#2767,#4844);
#4844 = DEFINITIONAL_REPRESENTATION('',(#4845),#4849);
#4845 = LINE('',#4846,#4847);
#4846 = CARTESIAN_POINT('',(-6.28318530718,-0.3));
#4847 = VECTOR('',#4848,1.);
#4848 = DIRECTION('',(1.,-0.));
#4849 = ( GEOMETRIC_REPRESENTATION_CONTEXT(2) 
PARAMETRIC_REPRESENTATION_CONTEXT() REPRESENTATION_CONTEXT('2D SPACE',''
  ) );
#4850 = PCURVE('',#4851,#4856);
#4851 = PLANE('',#4852);
#4852 = AXIS2_PLACEMENT_3D('',#4853,#4854,#4855);
#4853 = CARTESIAN_POINT('',(0.,3.272544614062E-16,10.7));
#4854 = DIRECTION('',(0.,0.,1.));
#4855 = DIRECTION('',(1.,0.,-0.));
#4856 = DEFINITIONAL_REPRESENTATION('',(#4857),#4865);
#4857 = ( BOUNDED_CURVE() B_SPLINE_CURVE(2,(#4858,#4859,#4860,#4861,
#4862,#4863,#4864),.UNSPECIFIED.,.T.,.F.) B_SPLINE_CURVE_WITH_KNOTS((1,2
    ,2,2,2,1),(-2.094395102393,0.,2.094395102393,4.188790204786,
6.28318530718,8.377580409573),.UNSPECIFIED.) CURVE() 
GEOMETRIC_REPRESENTATION_ITEM() RATIONAL_B_SPLINE_CURVE((1.,0.5,1.,0.5,
1.,0.5,1.)) REPRESENTATION_ITEM('') );
#4858 = CARTESIAN_POINT('',(2.87188,-3.272544614062E-16));
#4859 = CARTESIAN_POINT('',(2.87188,-4.974242073241));
#4860 = CARTESIAN_POINT('',(-1.43594,-2.48712103662));
#4861 = CARTESIAN_POINT('',(-5.74376,-1.030662191313E-15));
#4862 = CARTESIAN_POINT('',(-1.43594,2.48712103662));
#4863 = CARTESIAN_POINT('',(2.87188,4.974242073241));
#4864 = CARTESIAN_POINT('',(2.87188,-3.272544614062E-16));
#4865 = ( GEOMETRIC_REPRESENTATION_CONTEXT(2) 
PARAMETRIC_REPRESENTATION_CONTEXT() REPRESENTATION_CONTEXT('2D SPACE',''
  ) );
#4866 = ADVANCED_FACE('',(#4867),#3094,.T.);
#4867 = FACE_BOUND('',#4868,.T.);
#4868 = EDGE_LOOP('',(#4869,#4870));
#4869 = ORIENTED_EDGE('',*,*,#2926,.F.);
#4870 = ORIENTED_EDGE('',*,*,#3726,.F.);
#4871 = ADVANCED_FACE('',(#4872),#4392,.F.);
#4872 = FACE_BOUND('',#4873,.T.);
#4873 = EDGE_LOOP('',(#4874,#4898,#4919,#4920));
#4874 = ORIENTED_EDGE('',*,*,#4875,.F.);
#4875 = EDGE_CURVE('',#4876,#4876,#4878,.T.);
#4876 = VERTEX_POINT('',#4877);
#4877 = CARTESIAN_POINT('',(3.03188,0.,10.7));
#4878 = SURFACE_CURVE('',#4879,(#4884,#4891),.PCURVE_S1.);
#4879 = CIRCLE('',#4880,3.03188);
#4880 = AXIS2_PLACEMENT_3D('',#4881,#4882,#4883);
#4881 = CARTESIAN_POINT('',(0.,0.,10.7));
#4882 = DIRECTION('',(0.,0.,1.));
#4883 = DIRECTION('',(1.,0.,0.));
#4884 = PCURVE('',#4392,#4885);
#4885 = DEFINITIONAL_REPRESENTATION('',(#4886),#4890);
#4886 = LINE('',#4887,#4888);
#4887 = CARTESIAN_POINT('',(-0.,0.));
#4888 = VECTOR('',#4889,1.);
#4889 = DIRECTION('',(-1.,0.));
#4890 = ( GEOMETRIC_REPRESENTATION_CONTEXT(2) 
PARAMETRIC_REPRESENTATION_CONTEXT() REPRESENTATION_CONTEXT('2D SPACE',''
  ) );
#4891 = PCURVE('',#4851,#4892);
#4892 = DEFINITIONAL_REPRESENTATION('',(#4893),#4897);
#4893 = CIRCLE('',#4894,3.03188);
#4894 = AXIS2_PLACEMENT_2D('',#4895,#4896);
#4895 = CARTESIAN_POINT('',(0.,-3.272544614062E-16));
#4896 = DIRECTION('',(1.,0.));
#4897 = ( GEOMETRIC_REPRESENTATION_CONTEXT(2) 
PARAMETRIC_REPRESENTATION_CONTEXT() REPRESENTATION_CONTEXT('2D SPACE',''
  ) );
#4898 = ORIENTED_EDGE('',*,*,#4899,.T.);
#4899 = EDGE_CURVE('',#4876,#4372,#4900,.T.);
#4900 = SEAM_CURVE('',#4901,(#4905,#4912),.PCURVE_S1.);
#4901 = LINE('',#4902,#4903);
#4902 = CARTESIAN_POINT('',(3.03188,0.,10.7));
#4903 = VECTOR('',#4904,1.);
#4904 = DIRECTION('',(0.,0.,1.));
#4905 = PCURVE('',#4392,#4906);
#4906 = DEFINITIONAL_REPRESENTATION('',(#4907),#4911);
#4907 = LINE('',#4908,#4909);
#4908 = CARTESIAN_POINT('',(-6.28318530718,0.));
#4909 = VECTOR('',#4910,1.);
#4910 = DIRECTION('',(-0.,-1.));
#4911 = ( GEOMETRIC_REPRESENTATION_CONTEXT(2) 
PARAMETRIC_REPRESENTATION_CONTEXT() REPRESENTATION_CONTEXT('2D SPACE',''
  ) );
#4912 = PCURVE('',#4392,#4913);
#4913 = DEFINITIONAL_REPRESENTATION('',(#4914),#4918);
#4914 = LINE('',#4915,#4916);
#4915 = CARTESIAN_POINT('',(-0.,0.));
#4916 = VECTOR('',#4917,1.);
#4917 = DIRECTION('',(-0.,-1.));
#4918 = ( GEOMETRIC_REPRESENTATION_CONTEXT(2) 
PARAMETRIC_REPRESENTATION_CONTEXT() REPRESENTATION_CONTEXT('2D SPACE',''
  ) );
#4919 = ORIENTED_EDGE('',*,*,#4371,.F.);
#4920 = ORIENTED_EDGE('',*,*,#4899,.F.);
#4921 = ADVANCED_FACE('',(#4922),#4445,.T.);
#4922 = FACE_BOUND('',#4923,.T.);
#4923 = EDGE_LOOP('',(#4924));
#4924 = ORIENTED_EDGE('',*,*,#4430,.T.);
#4925 = ADVANCED_FACE('',(#4926),#4530,.T.);
#4926 = FACE_BOUND('',#4927,.T.);
#4927 = EDGE_LOOP('',(#4928));
#4928 = ORIENTED_EDGE('',*,*,#4515,.T.);
#4929 = ADVANCED_FACE('',(#4930),#4615,.T.);
#4930 = FACE_BOUND('',#4931,.T.);
#4931 = EDGE_LOOP('',(#4932));
#4932 = ORIENTED_EDGE('',*,*,#4600,.T.);
#4933 = ADVANCED_FACE('',(#4934),#4749,.T.);
#4934 = FACE_BOUND('',#4935,.T.);
#4935 = EDGE_LOOP('',(#4936));
#4936 = ORIENTED_EDGE('',*,*,#4734,.T.);
#4937 = ADVANCED_FACE('',(#4938,#4941),#4851,.T.);
#4938 = FACE_BOUND('',#4939,.T.);
#4939 = EDGE_LOOP('',(#4940));
#4940 = ORIENTED_EDGE('',*,*,#4875,.T.);
#4941 = FACE_BOUND('',#4942,.T.);
#4942 = EDGE_LOOP('',(#4943));
#4943 = ORIENTED_EDGE('',*,*,#4836,.T.);
#4944 = ( GEOMETRIC_REPRESENTATION_CONTEXT(3) 
GLOBAL_UNCERTAINTY_ASSIGNED_CONTEXT((#4948)) 
GLOBAL_UNIT_ASSIGNED_CONTEXT((#4945,#4946,#4947)) REPRESENTATION_CONTEXT
('Context #1','3D Context with UNIT and UNCERTAINTY') );
#4945 = ( LENGTH_UNIT() NAMED_UNIT(*) SI_UNIT(.MILLI.,.METRE.) );
#4946 = ( NAMED_UNIT(*) PLANE_ANGLE_UNIT() SI_UNIT($,.RADIAN.) );
#4947 = ( NAMED_UNIT(*) SI_UNIT($,.STERADIAN.) SOLID_ANGLE_UNIT() );
#4948 = UNCERTAINTY_MEASURE_WITH_UNIT(LENGTH_MEASURE(2.E-07),#4945,
  'distance_accuracy_value','confusion accuracy');
#4949 = CONTEXT_DEPENDENT_SHAPE_REPRESENTATION(#4950,#4952);
#4950 = ( REPRESENTATION_RELATIONSHIP('','',#36,#10) 
REPRESENTATION_RELATIONSHIP_WITH_TRANSFORMATION(#4951) 
SHAPE_REPRESENTATION_RELATIONSHIP() );
#4951 = ITEM_DEFINED_TRANSFORMATION('','',#11,#15);
#4952 = PRODUCT_DEFINITION_SHAPE('Placement','Placement of an item',
  #4953);
#4953 = NEXT_ASSEMBLY_USAGE_OCCURRENCE('1','','',#5,#31,$);
#4954 = PRODUCT_RELATED_PRODUCT_CATEGORY('part',$,(#33));
#4955 = SHAPE_DEFINITION_REPRESENTATION(#4956,#4962);
#4956 = PRODUCT_DEFINITION_SHAPE('','',#4957);
#4957 = PRODUCT_DEFINITION('design','',#4958,#4961);
#4958 = PRODUCT_DEFINITION_FORMATION('','',#4959);
#4959 = PRODUCT('Open CASCADE STEP translator 7.7 3.2',
  'Open CASCADE STEP translator 7.7 3.2','',(#4960));
#4960 = PRODUCT_CONTEXT('',#2,'mechanical');
#4961 = PRODUCT_DEFINITION_CONTEXT('part definition',#2,'design');
#4962 = ADVANCED_BREP_SHAPE_REPRESENTATION('',(#11,#4963),#5109);
#4963 = MANIFOLD_SOLID_BREP('',#4964);
#4964 = CLOSED_SHELL('',(#4965,#5049,#5053,#5105));
#4965 = ADVANCED_FACE('',(#4966),#4979,.T.);
#4966 = FACE_BOUND('',#4967,.T.);
#4967 = EDGE_LOOP('',(#4968,#5002,#5022,#5048));
#4968 = ORIENTED_EDGE('',*,*,#4969,.T.);
#4969 = EDGE_CURVE('',#4970,#4970,#4972,.T.);
#4970 = VERTEX_POINT('',#4971);
#4971 = CARTESIAN_POINT('',(0.4552632,0.,11.33));
#4972 = SURFACE_CURVE('',#4973,(#4978,#4990),.PCURVE_S1.);
#4973 = CIRCLE('',#4974,0.4552632);
#4974 = AXIS2_PLACEMENT_3D('',#4975,#4976,#4977);
#4975 = CARTESIAN_POINT('',(0.,0.,11.33));
#4976 = DIRECTION('',(0.,0.,1.));
#4977 = DIRECTION('',(1.,0.,0.));
#4978 = PCURVE('',#4979,#4984);
#4979 = CONICAL_SURFACE('',#4980,0.4552632,0.890928650575);
#4980 = AXIS2_PLACEMENT_3D('',#4981,#4982,#4983);
#4981 = CARTESIAN_POINT('',(0.,0.,11.33));
#4982 = DIRECTION('',(0.,0.,1.));
#4983 = DIRECTION('',(1.,0.,0.));
#4984 = DEFINITIONAL_REPRESENTATION('',(#4985),#4989);
#4985 = LINE('',#4986,#4987);
#4986 = CARTESIAN_POINT('',(0.,0.));
#4987 = VECTOR('',#4988,1.);
#4988 = DIRECTION('',(1.,0.));
#4989 = ( GEOMETRIC_REPRESENTATION_CONTEXT(2) 
PARAMETRIC_REPRESENTATION_CONTEXT() REPRESENTATION_CONTEXT('2D SPACE',''
  ) );
#4990 = PCURVE('',#4991,#4996);
#4991 = PLANE('',#4992);
#4992 = AXIS2_PLACEMENT_3D('',#4993,#4994,#4995);
#4993 = CARTESIAN_POINT('',(0.,0.,11.33));
#4994 = DIRECTION('',(0.,0.,1.));
#4995 = DIRECTION('',(1.,0.,0.));
#4996 = DEFINITIONAL_REPRESENTATION('',(#4997),#5001);
#4997 = CIRCLE('',#4998,0.4552632);
#4998 = AXIS2_PLACEMENT_2D('',#4999,#5000);
#4999 = CARTESIAN_POINT('',(0.,0.));
#5000 = DIRECTION('',(1.,0.));
#5001 = ( GEOMETRIC_REPRESENTATION_CONTEXT(2) 
PARAMETRIC_REPRESENTATION_CONTEXT() REPRESENTATION_CONTEXT('2D SPACE',''
  ) );
#5002 = ORIENTED_EDGE('',*,*,#5003,.T.);
#5003 = EDGE_CURVE('',#4970,#5004,#5006,.T.);
#5004 = VERTEX_POINT('',#5005);
#5005 = CARTESIAN_POINT('',(3.25188,0.,13.590904));
#5006 = SEAM_CURVE('',#5007,(#5010,#5016),.PCURVE_S1.);
#5007 = B_SPLINE_CURVE_WITH_KNOTS('',1,(#5008,#5009),.UNSPECIFIED.,.F.,
  .F.,(2,2),(0.,1.),.PIECEWISE_BEZIER_KNOTS.);
#5008 = CARTESIAN_POINT('',(0.4552632,0.,11.33));
#5009 = CARTESIAN_POINT('',(3.25188,0.,13.590904));
#5010 = PCURVE('',#4979,#5011);
#5011 = DEFINITIONAL_REPRESENTATION('',(#5012),#5015);
#5012 = B_SPLINE_CURVE_WITH_KNOTS('',1,(#5013,#5014),.UNSPECIFIED.,.F.,
  .F.,(2,2),(0.,1.),.PIECEWISE_BEZIER_KNOTS.);
#5013 = CARTESIAN_POINT('',(6.28318530718,0.));
#5014 = CARTESIAN_POINT('',(6.28318530718,2.260904));
#5015 = ( GEOMETRIC_REPRESENTATION_CONTEXT(2) 
PARAMETRIC_REPRESENTATION_CONTEXT() REPRESENTATION_CONTEXT('2D SPACE',''
  ) );
#5016 = PCURVE('',#4979,#5017);
#5017 = DEFINITIONAL_REPRESENTATION('',(#5018),#5021);
#5018 = B_SPLINE_CURVE_WITH_KNOTS('',1,(#5019,#5020),.UNSPECIFIED.,.F.,
  .F.,(2,2),(0.,1.),.PIECEWISE_BEZIER_KNOTS.);
#5019 = CARTESIAN_POINT('',(0.,0.));
#5020 = CARTESIAN_POINT('',(0.,2.260904));
#5021 = ( GEOMETRIC_REPRESENTATION_CONTEXT(2) 
PARAMETRIC_REPRESENTATION_CONTEXT() REPRESENTATION_CONTEXT('2D SPACE',''
  ) );
#5022 = ORIENTED_EDGE('',*,*,#5023,.F.);
#5023 = EDGE_CURVE('',#5004,#5004,#5024,.T.);
#5024 = SURFACE_CURVE('',#5025,(#5030,#5037),.PCURVE_S1.);
#5025 = CIRCLE('',#5026,3.25188);
#5026 = AXIS2_PLACEMENT_3D('',#5027,#5028,#5029);
#5027 = CARTESIAN_POINT('',(0.,0.,13.590904));
#5028 = DIRECTION('',(0.,0.,1.));
#5029 = DIRECTION('',(1.,0.,0.));
#5030 = PCURVE('',#4979,#5031);
#5031 = DEFINITIONAL_REPRESENTATION('',(#5032),#5036);
#5032 = LINE('',#5033,#5034);
#5033 = CARTESIAN_POINT('',(0.,2.260904));
#5034 = VECTOR('',#5035,1.);
#5035 = DIRECTION('',(1.,0.));
#5036 = ( GEOMETRIC_REPRESENTATION_CONTEXT(2) 
PARAMETRIC_REPRESENTATION_CONTEXT() REPRESENTATION_CONTEXT('2D SPACE',''
  ) );
#5037 = PCURVE('',#5038,#5043);
#5038 = CONICAL_SURFACE('',#5039,3.25188,0.791534548925);
#5039 = AXIS2_PLACEMENT_3D('',#5040,#5041,#5042);
#5040 = CARTESIAN_POINT('',(0.,0.,13.590904));
#5041 = DIRECTION('',(-0.,-0.,-1.));
#5042 = DIRECTION('',(1.,0.,0.));
#5043 = DEFINITIONAL_REPRESENTATION('',(#5044),#5047);
#5044 = B_SPLINE_CURVE_WITH_KNOTS('',1,(#5045,#5046),.UNSPECIFIED.,.F.,
  .F.,(2,2),(0.,6.28318530718),.PIECEWISE_BEZIER_KNOTS.);
#5045 = CARTESIAN_POINT('',(0.,0.));
#5046 = CARTESIAN_POINT('',(-6.28318530718,0.));
#5047 = ( GEOMETRIC_REPRESENTATION_CONTEXT(2) 
PARAMETRIC_REPRESENTATION_CONTEXT() REPRESENTATION_CONTEXT('2D SPACE',''
  ) );
#5048 = ORIENTED_EDGE('',*,*,#5003,.F.);
#5049 = ADVANCED_FACE('',(#5050),#4991,.F.);
#5050 = FACE_BOUND('',#5051,.F.);
#5051 = EDGE_LOOP('',(#5052));
#5052 = ORIENTED_EDGE('',*,*,#4969,.T.);
#5053 = ADVANCED_FACE('',(#5054),#5038,.T.);
#5054 = FACE_BOUND('',#5055,.T.);
#5055 = EDGE_LOOP('',(#5056,#5057,#5077,#5104));
#5056 = ORIENTED_EDGE('',*,*,#5023,.T.);
#5057 = ORIENTED_EDGE('',*,*,#5058,.T.);
#5058 = EDGE_CURVE('',#5004,#5059,#5061,.T.);
#5059 = VERTEX_POINT('',#5060);
#5060 = CARTESIAN_POINT('',(1.788534,0.,15.0364));
#5061 = SEAM_CURVE('',#5062,(#5065,#5071),.PCURVE_S1.);
#5062 = B_SPLINE_CURVE_WITH_KNOTS('',1,(#5063,#5064),.UNSPECIFIED.,.F.,
  .F.,(2,2),(0.,1.),.PIECEWISE_BEZIER_KNOTS.);
#5063 = CARTESIAN_POINT('',(3.25188,0.,13.590904));
#5064 = CARTESIAN_POINT('',(1.788534,0.,15.0364));
#5065 = PCURVE('',#5038,#5066);
#5066 = DEFINITIONAL_REPRESENTATION('',(#5067),#5070);
#5067 = B_SPLINE_CURVE_WITH_KNOTS('',1,(#5068,#5069),.UNSPECIFIED.,.F.,
  .F.,(2,2),(0.,1.),.PIECEWISE_BEZIER_KNOTS.);
#5068 = CARTESIAN_POINT('',(-6.28318530718,0.));
#5069 = CARTESIAN_POINT('',(-6.28318530718,-1.445496));
#5070 = ( GEOMETRIC_REPRESENTATION_CONTEXT(2) 
PARAMETRIC_REPRESENTATION_CONTEXT() REPRESENTATION_CONTEXT('2D SPACE',''
  ) );
#5071 = PCURVE('',#5038,#5072);
#5072 = DEFINITIONAL_REPRESENTATION('',(#5073),#5076);
#5073 = B_SPLINE_CURVE_WITH_KNOTS('',1,(#5074,#5075),.UNSPECIFIED.,.F.,
  .F.,(2,2),(0.,1.),.PIECEWISE_BEZIER_KNOTS.);
#5074 = CARTESIAN_POINT('',(0.,0.));
#5075 = CARTESIAN_POINT('',(0.,-1.445496));
#5076 = ( GEOMETRIC_REPRESENTATION_CONTEXT(2) 
PARAMETRIC_REPRESENTATION_CONTEXT() REPRESENTATION_CONTEXT('2D SPACE',''
  ) );
#5077 = ORIENTED_EDGE('',*,*,#5078,.F.);
#5078 = EDGE_CURVE('',#5059,#5059,#5079,.T.);
#5079 = SURFACE_CURVE('',#5080,(#5085,#5092),.PCURVE_S1.);
#5080 = CIRCLE('',#5081,1.788534);
#5081 = AXIS2_PLACEMENT_3D('',#5082,#5083,#5084);
#5082 = CARTESIAN_POINT('',(0.,0.,15.0364));
#5083 = DIRECTION('',(0.,0.,1.));
#5084 = DIRECTION('',(1.,0.,0.));
#5085 = PCURVE('',#5038,#5086);
#5086 = DEFINITIONAL_REPRESENTATION('',(#5087),#5091);
#5087 = LINE('',#5088,#5089);
#5088 = CARTESIAN_POINT('',(-0.,-1.445496));
#5089 = VECTOR('',#5090,1.);
#5090 = DIRECTION('',(-1.,-0.));
#5091 = ( GEOMETRIC_REPRESENTATION_CONTEXT(2) 
PARAMETRIC_REPRESENTATION_CONTEXT() REPRESENTATION_CONTEXT('2D SPACE',''
  ) );
#5092 = PCURVE('',#5093,#5098);
#5093 = PLANE('',#5094);
#5094 = AXIS2_PLACEMENT_3D('',#5095,#5096,#5097);
#5095 = CARTESIAN_POINT('',(0.,0.,15.0364));
#5096 = DIRECTION('',(0.,0.,1.));
#5097 = DIRECTION('',(1.,0.,0.));
#5098 = DEFINITIONAL_REPRESENTATION('',(#5099),#5103);
#5099 = CIRCLE('',#5100,1.788534);
#5100 = AXIS2_PLACEMENT_2D('',#5101,#5102);
#5101 = CARTESIAN_POINT('',(0.,0.));
#5102 = DIRECTION('',(1.,0.));
#5103 = ( GEOMETRIC_REPRESENTATION_CONTEXT(2) 
PARAMETRIC_REPRESENTATION_CONTEXT() REPRESENTATION_CONTEXT('2D SPACE',''
  ) );
#5104 = ORIENTED_EDGE('',*,*,#5058,.F.);
#5105 = ADVANCED_FACE('',(#5106),#5093,.T.);
#5106 = FACE_BOUND('',#5107,.T.);
#5107 = EDGE_LOOP('',(#5108));
#5108 = ORIENTED_EDGE('',*,*,#5078,.T.);
#5109 = ( GEOMETRIC_REPRESENTATION_CONTEXT(3) 
GLOBAL_UNCERTAINTY_ASSIGNED_CONTEXT((#5113)) 
GLOBAL_UNIT_ASSIGNED_CONTEXT((#5110,#5111,#5112)) REPRESENTATION_CONTEXT
('Context #1','3D Context with UNIT and UNCERTAINTY') );
#5110 = ( LENGTH_UNIT() NAMED_UNIT(*) SI_UNIT(.MILLI.,.METRE.) );
#5111 = ( NAMED_UNIT(*) PLANE_ANGLE_UNIT() SI_UNIT($,.RADIAN.) );
#5112 = ( NAMED_UNIT(*) SI_UNIT($,.STERADIAN.) SOLID_ANGLE_UNIT() );
#5113 = UNCERTAINTY_MEASURE_WITH_UNIT(LENGTH_MEASURE(1.E-07),#5110,
  'distance_accuracy_value','confusion accuracy');
#5114 = CONTEXT_DEPENDENT_SHAPE_REPRESENTATION(#5115,#5117);
#5115 = ( REPRESENTATION_RELATIONSHIP('','',#4962,#10) 
REPRESENTATION_RELATIONSHIP_WITH_TRANSFORMATION(#5116) 
SHAPE_REPRESENTATION_RELATIONSHIP() );
#5116 = ITEM_DEFINED_TRANSFORMATION('','',#11,#19);
#5117 = PRODUCT_DEFINITION_SHAPE('Placement','Placement of an item',
  #5118);
#5118 = NEXT_ASSEMBLY_USAGE_OCCURRENCE('2','','',#5,#4957,$);
#5119 = PRODUCT_RELATED_PRODUCT_CATEGORY('part',$,(#4959));
ENDSEC;
END-ISO-10303-21;
